WARNING: Logging before InitGoogleLogging() is written to STDERR
I0919 12:27:37.081099 2043707 ManagedContainerBase.cpp:19] ManagedContainerBase::convertFilenameToJSON : Filename : default changed to proposed JSON configuration filename : default.scene_dataset_config.json
I0919 12:27:37.081136 2043707 AttributesManagerBase.h:283] AttributesManager<T>::createFromJsonOrDefaultInternal  (Dataset) : Proposing JSON name : default.scene_dataset_config.json from original name : default | This file  does not exist.
I0919 12:27:37.081220 2043707 AssetAttributesManager.cpp:117] Asset attributes (capsule3DSolid : capsule3DSolid_hemiRings_4_cylRings_1_segments_12_halfLen_0.75_useTexCoords_false_useTangents_false) created and registered.
I0919 12:27:37.081249 2043707 AssetAttributesManager.cpp:117] Asset attributes (capsule3DWireframe : capsule3DWireframe_hemiRings_8_cylRings_1_segments_16_halfLen_1) created and registered.
I0919 12:27:37.081276 2043707 AssetAttributesManager.cpp:117] Asset attributes (coneSolid : coneSolid_segments_12_halfLen_1.25_rings_1_useTexCoords_false_useTangents_false_capEnd_true) created and registered.
I0919 12:27:37.081291 2043707 AssetAttributesManager.cpp:117] Asset attributes (coneWireframe : coneWireframe_segments_32_halfLen_1.25) created and registered.
I0919 12:27:37.081300 2043707 AssetAttributesManager.cpp:117] Asset attributes (cubeSolid : cubeSolid) created and registered.
I0919 12:27:37.081306 2043707 AssetAttributesManager.cpp:117] Asset attributes (cubeWireframe : cubeWireframe) created and registered.
I0919 12:27:37.081326 2043707 AssetAttributesManager.cpp:117] Asset attributes (cylinderSolid : cylinderSolid_rings_1_segments_12_halfLen_1_useTexCoords_false_useTangents_false_capEnds_true) created and registered.
I0919 12:27:37.081342 2043707 AssetAttributesManager.cpp:117] Asset attributes (cylinderWireframe : cylinderWireframe_rings_1_segments_32_halfLen_1) created and registered.
I0919 12:27:37.081352 2043707 AssetAttributesManager.cpp:117] Asset attributes (icosphereSolid : icosphereSolid_subdivs_1) created and registered.
I0919 12:27:37.081364 2043707 AssetAttributesManager.cpp:117] Asset attributes (icosphereWireframe : icosphereWireframe_subdivs_1) created and registered.
I0919 12:27:37.081379 2043707 AssetAttributesManager.cpp:117] Asset attributes (uvSphereSolid : uvSphereSolid_rings_8_segments_16_useTexCoords_false_useTangents_false) created and registered.
I0919 12:27:37.081394 2043707 AssetAttributesManager.cpp:117] Asset attributes (uvSphereWireframe : uvSphereWireframe_rings_16_segments_32) created and registered.
I0919 12:27:37.081399 2043707 AssetAttributesManager.cpp:105] AssetAttributesManager::buildCtorFuncPtrMaps : Built default primitive asset templates : 12
I0919 12:27:37.081817 2043707 SceneDatasetAttributesManager.cpp:23] File (default) not found, so new default dataset attributes created and registered.
I0919 12:27:37.081820 2043707 MetadataMediator.cpp:47] MetadataMediator::createDataset : Dataset default successfully created.
I0919 12:27:37.084484 2043707 AttributesManagerBase.h:283] AttributesManager<T>::createFromJsonOrDefaultInternal  (Physics Manager) : Proposing JSON name : ./data/default.physics_config.json from original name : ./data/default.physics_config.json | This file  does not exist.
I0919 12:27:37.084498 2043707 PhysicsAttributesManager.cpp:27] File (./data/default.physics_config.json) not found, so new default physics manager attributes created and registered.
I0919 12:27:37.084501 2043707 AbstractObjectAttributesManagerBase.h:175] AbstractObjectAttributesManager<T>::createObject  (Stage) : Making attributes with handle : /mnt/data_nas/deeprobotics/daiyang/vla/third_party/ETP-R1/data/scene_datasets/mp3d/82sE5b5pLXE/82sE5b5pLXE.glb
I0919 12:27:37.084506 2043707 ManagedContainerBase.cpp:19] ManagedContainerBase::convertFilenameToJSON : Filename : /mnt/data_nas/deeprobotics/daiyang/vla/third_party/ETP-R1/data/scene_datasets/mp3d/82sE5b5pLXE/82sE5b5pLXE.glb changed to proposed JSON configuration filename : /mnt/data_nas/deeprobotics/daiyang/vla/third_party/ETP-R1/data/scene_datasets/mp3d/82sE5b5pLXE/82sE5b5pLXE.stage_config.json
I0919 12:27:37.084520 2043707 AttributesManagerBase.h:283] AttributesManager<T>::createFromJsonOrDefaultInternal  (Stage) : Proposing JSON name : /mnt/data_nas/deeprobotics/daiyang/vla/third_party/ETP-R1/data/scene_datasets/mp3d/82sE5b5pLXE/82sE5b5pLXE.stage_config.json from original name : /mnt/data_nas/deeprobotics/daiyang/vla/third_party/ETP-R1/data/scene_datasets/mp3d/82sE5b5pLXE/82sE5b5pLXE.glb | This file  does not exist.
I0919 12:27:37.084573 2043707 AbstractObjectAttributesManagerBase.h:181] AbstractObjectAttributesManager<T>::createObject  (Stage) : Done making attributes with handle : /mnt/data_nas/deeprobotics/daiyang/vla/third_party/ETP-R1/data/scene_datasets/mp3d/82sE5b5pLXE/82sE5b5pLXE.glb
I0919 12:27:37.084574 2043707 AbstractObjectAttributesManagerBase.h:188] File (/mnt/data_nas/deeprobotics/daiyang/vla/third_party/ETP-R1/data/scene_datasets/mp3d/82sE5b5pLXE/82sE5b5pLXE.glb) exists but is not a recognized config filename extension, so new default Stage attributes created and registered.
I0919 12:27:37.084583 2043707 Simulator.cpp:156] Loading navmesh from /mnt/data_nas/deeprobotics/daiyang/vla/third_party/ETP-R1/data/scene_datasets/mp3d/82sE5b5pLXE/82sE5b5pLXE.navmesh
I0919 12:27:37.085595 2043707 Simulator.cpp:158] Loaded.
I0919 12:27:37.085608 2043707 SceneGraph.h:93] Created DrawableGroup: 
Renderer: NVIDIA GeForce RTX 5090/PCIe/SSE2 by NVIDIA Corporation
OpenGL version: 4.6.0 NVIDIA 580.126.09
Using optional features:
    GL_ARB_ES2_compatibility
    GL_ARB_direct_state_access
    GL_ARB_get_texture_sub_image
    GL_ARB_invalidate_subdata
    GL_ARB_multi_bind
    GL_ARB_robustness
    GL_ARB_separate_shader_objects
    GL_ARB_texture_filter_anisotropic
    GL_ARB_texture_storage
    GL_ARB_texture_storage_multisample
    GL_ARB_vertex_array_object
    GL_KHR_debug
Using driver workarounds:
    no-forward-compatible-core-context
    nv-egl-incorrect-gl11-function-pointers
    no-layout-qualifiers-on-old-glsl
    nv-zero-context-profile-mask
    nv-implementation-color-read-format-dsa-broken
    nv-cubemap-inconsistent-compressed-image-size
    nv-cubemap-broken-full-compressed-image-query
    nv-compressed-block-size-in-bits
I0919 12:27:37.375046 2043707 ResourceManager.cpp:234] ResourceManager::loadStage : Not loading semantic mesh
I0919 12:27:37.375067 2043707 ResourceManager.cpp:262] ResourceManager::loadStage : start load render asset /mnt/data_nas/deeprobotics/daiyang/vla/third_party/ETP-R1/data/scene_datasets/mp3d/82sE5b5pLXE/82sE5b5pLXE.glb.
I0919 12:27:37.375072 2043707 ResourceManager.cpp:569] ResourceManager::loadStageInternal : Attempting to load stage /mnt/data_nas/deeprobotics/daiyang/vla/third_party/ETP-R1/data/scene_datasets/mp3d/82sE5b5pLXE/82sE5b5pLXE.glb 
I0919 12:27:37.375103 2043707 ResourceManager.cpp:1119] Importing Basis files as BC7 for 82sE5b5pLXE.glb
W0919 12:27:39.667603 2043707 Simulator.cpp:248] :
---
 The active scene does not contain semantic annotations. 
---
I0919 12:27:39.704062 2043707 simulator.py:213] Loaded navmesh /mnt/data_nas/deeprobotics/daiyang/vla/third_party/ETP-R1/data/scene_datasets/mp3d/82sE5b5pLXE/82sE5b5pLXE.navmesh
I0919 12:28:50.116657 2043707 PhysicsManager.cpp:33] Deconstructing PhysicsManager
I0919 12:28:50.116704 2043707 SemanticScene.h:41] Deconstructing SemanticScene
I0919 12:28:50.117841 2043707 SceneManager.h:25] Deconstructing SceneManager
I0919 12:28:50.117848 2043707 SceneGraph.h:26] Deconstructing SceneGraph
I0919 12:28:50.118026 2043707 Sensor.h:87] Deconstructing Sensor
I0919 12:28:50.125695 2043707 Renderer.cpp:34] Deconstructing Renderer
I0919 12:28:50.125722 2043707 WindowlessContext.h:17] Deconstructing WindowlessContext
I0919 12:28:50.150770 2043707 ManagedContainerBase.cpp:19] ManagedContainerBase::convertFilenameToJSON : Filename : default changed to proposed JSON configuration filename : default.scene_dataset_config.json
I0919 12:28:50.150796 2043707 AttributesManagerBase.h:283] AttributesManager<T>::createFromJsonOrDefaultInternal  (Dataset) : Proposing JSON name : default.scene_dataset_config.json from original name : default | This file  does not exist.
I0919 12:28:50.150890 2043707 AssetAttributesManager.cpp:117] Asset attributes (capsule3DSolid : capsule3DSolid_hemiRings_4_cylRings_1_segments_12_halfLen_0.75_useTexCoords_false_useTangents_false) created and registered.
I0919 12:28:50.150916 2043707 AssetAttributesManager.cpp:117] Asset attributes (capsule3DWireframe : capsule3DWireframe_hemiRings_8_cylRings_1_segments_16_halfLen_1) created and registered.
I0919 12:28:50.150941 2043707 AssetAttributesManager.cpp:117] Asset attributes (coneSolid : coneSolid_segments_12_halfLen_1.25_rings_1_useTexCoords_false_useTangents_false_capEnd_true) created and registered.
I0919 12:28:50.150954 2043707 AssetAttributesManager.cpp:117] Asset attributes (coneWireframe : coneWireframe_segments_32_halfLen_1.25) created and registered.
I0919 12:28:50.150964 2043707 AssetAttributesManager.cpp:117] Asset attributes (cubeSolid : cubeSolid) created and registered.
I0919 12:28:50.150969 2043707 AssetAttributesManager.cpp:117] Asset attributes (cubeWireframe : cubeWireframe) created and registered.
I0919 12:28:50.150990 2043707 AssetAttributesManager.cpp:117] Asset attributes (cylinderSolid : cylinderSolid_rings_1_segments_12_halfLen_1_useTexCoords_false_useTangents_false_capEnds_true) created and registered.
I0919 12:28:50.151006 2043707 AssetAttributesManager.cpp:117] Asset attributes (cylinderWireframe : cylinderWireframe_rings_1_segments_32_halfLen_1) created and registered.
I0919 12:28:50.151017 2043707 AssetAttributesManager.cpp:117] Asset attributes (icosphereSolid : icosphereSolid_subdivs_1) created and registered.
I0919 12:28:50.151026 2043707 AssetAttributesManager.cpp:117] Asset attributes (icosphereWireframe : icosphereWireframe_subdivs_1) created and registered.
I0919 12:28:50.151039 2043707 AssetAttributesManager.cpp:117] Asset attributes (uvSphereSolid : uvSphereSolid_rings_8_segments_16_useTexCoords_false_useTangents_false) created and registered.
I0919 12:28:50.151051 2043707 AssetAttributesManager.cpp:117] Asset attributes (uvSphereWireframe : uvSphereWireframe_rings_16_segments_32) created and registered.
I0919 12:28:50.151058 2043707 AssetAttributesManager.cpp:105] AssetAttributesManager::buildCtorFuncPtrMaps : Built default primitive asset templates : 12
I0919 12:28:50.151485 2043707 SceneDatasetAttributesManager.cpp:23] File (default) not found, so new default dataset attributes created and registered.
I0919 12:28:50.151487 2043707 MetadataMediator.cpp:47] MetadataMediator::createDataset : Dataset default successfully created.
I0919 12:28:50.151686 2043707 AttributesManagerBase.h:283] AttributesManager<T>::createFromJsonOrDefaultInternal  (Physics Manager) : Proposing JSON name : ./data/default.physics_config.json from original name : ./data/default.physics_config.json | This file  does not exist.
I0919 12:28:50.151698 2043707 PhysicsAttributesManager.cpp:27] File (./data/default.physics_config.json) not found, so new default physics manager attributes created and registered.
I0919 12:28:50.151702 2043707 AbstractObjectAttributesManagerBase.h:175] AbstractObjectAttributesManager<T>::createObject  (Stage) : Making attributes with handle : /mnt/data_nas/deeprobotics/daiyang/vla/third_party/ETP-R1/data/scene_datasets/mp3d/B6ByNegPMKs/B6ByNegPMKs.glb
I0919 12:28:50.151706 2043707 ManagedContainerBase.cpp:19] ManagedContainerBase::convertFilenameToJSON : Filename : /mnt/data_nas/deeprobotics/daiyang/vla/third_party/ETP-R1/data/scene_datasets/mp3d/B6ByNegPMKs/B6ByNegPMKs.glb changed to proposed JSON configuration filename : /mnt/data_nas/deeprobotics/daiyang/vla/third_party/ETP-R1/data/scene_datasets/mp3d/B6ByNegPMKs/B6ByNegPMKs.stage_config.json
I0919 12:28:50.151716 2043707 AttributesManagerBase.h:283] AttributesManager<T>::createFromJsonOrDefaultInternal  (Stage) : Proposing JSON name : /mnt/data_nas/deeprobotics/daiyang/vla/third_party/ETP-R1/data/scene_datasets/mp3d/B6ByNegPMKs/B6ByNegPMKs.stage_config.json from original name : /mnt/data_nas/deeprobotics/daiyang/vla/third_party/ETP-R1/data/scene_datasets/mp3d/B6ByNegPMKs/B6ByNegPMKs.glb | This file  does not exist.
I0919 12:28:50.151770 2043707 AbstractObjectAttributesManagerBase.h:181] AbstractObjectAttributesManager<T>::createObject  (Stage) : Done making attributes with handle : /mnt/data_nas/deeprobotics/daiyang/vla/third_party/ETP-R1/data/scene_datasets/mp3d/B6ByNegPMKs/B6ByNegPMKs.glb
I0919 12:28:50.151772 2043707 AbstractObjectAttributesManagerBase.h:188] File (/mnt/data_nas/deeprobotics/daiyang/vla/third_party/ETP-R1/data/scene_datasets/mp3d/B6ByNegPMKs/B6ByNegPMKs.glb) exists but is not a recognized config filename extension, so new default Stage attributes created and registered.
I0919 12:28:50.151777 2043707 Simulator.cpp:156] Loading navmesh from /mnt/data_nas/deeprobotics/daiyang/vla/third_party/ETP-R1/data/scene_datasets/mp3d/B6ByNegPMKs/B6ByNegPMKs.navmesh
I0919 12:28:50.152845 2043707 Simulator.cpp:158] Loaded.
I0919 12:28:50.152854 2043707 SceneGraph.h:93] Created DrawableGroup: 
Renderer: NVIDIA GeForce RTX 5090/PCIe/SSE2 by NVIDIA Corporation
OpenGL version: 4.6.0 NVIDIA 580.126.09
Using optional features:
    GL_ARB_ES2_compatibility
    GL_ARB_direct_state_access
    GL_ARB_get_texture_sub_image
    GL_ARB_invalidate_subdata
    GL_ARB_multi_bind
    GL_ARB_robustness
    GL_ARB_separate_shader_objects
    GL_ARB_texture_filter_anisotropic
    GL_ARB_texture_storage
    GL_ARB_texture_storage_multisample
    GL_ARB_vertex_array_object
    GL_KHR_debug
Using driver workarounds:
    no-forward-compatible-core-context
    nv-egl-incorrect-gl11-function-pointers
    no-layout-qualifiers-on-old-glsl
    nv-zero-context-profile-mask
    nv-implementation-color-read-format-dsa-broken
    nv-cubemap-inconsistent-compressed-image-size
    nv-cubemap-broken-full-compressed-image-query
    nv-compressed-block-size-in-bits
I0919 12:28:50.157734 2043707 ResourceManager.cpp:234] ResourceManager::loadStage : Not loading semantic mesh
I0919 12:28:50.157743 2043707 ResourceManager.cpp:262] ResourceManager::loadStage : start load render asset /mnt/data_nas/deeprobotics/daiyang/vla/third_party/ETP-R1/data/scene_datasets/mp3d/B6ByNegPMKs/B6ByNegPMKs.glb.
I0919 12:28:50.157745 2043707 ResourceManager.cpp:569] ResourceManager::loadStageInternal : Attempting to load stage /mnt/data_nas/deeprobotics/daiyang/vla/third_party/ETP-R1/data/scene_datasets/mp3d/B6ByNegPMKs/B6ByNegPMKs.glb 
I0919 12:28:50.157763 2043707 ResourceManager.cpp:1119] Importing Basis files as BC7 for B6ByNegPMKs.glb
W0919 12:28:59.979669 2043707 Simulator.cpp:248] :
---
 The active scene does not contain semantic annotations. 
---
I0919 12:29:00.181086 2043707 simulator.py:213] Loaded navmesh /mnt/data_nas/deeprobotics/daiyang/vla/third_party/ETP-R1/data/scene_datasets/mp3d/B6ByNegPMKs/B6ByNegPMKs.navmesh
I0919 12:31:34.753886 2043707 PhysicsManager.cpp:33] Deconstructing PhysicsManager
I0919 12:31:34.753928 2043707 SemanticScene.h:41] Deconstructing SemanticScene
I0919 12:31:34.770087 2043707 SceneManager.h:25] Deconstructing SceneManager
I0919 12:31:34.770103 2043707 SceneGraph.h:26] Deconstructing SceneGraph
I0919 12:31:34.770582 2043707 Sensor.h:87] Deconstructing Sensor
I0919 12:31:34.788252 2043707 Renderer.cpp:34] Deconstructing Renderer
I0919 12:31:34.788287 2043707 WindowlessContext.h:17] Deconstructing WindowlessContext
I0919 12:31:34.817246 2043707 ManagedContainerBase.cpp:19] ManagedContainerBase::convertFilenameToJSON : Filename : default changed to proposed JSON configuration filename : default.scene_dataset_config.json
I0919 12:31:34.817276 2043707 AttributesManagerBase.h:283] AttributesManager<T>::createFromJsonOrDefaultInternal  (Dataset) : Proposing JSON name : default.scene_dataset_config.json from original name : default | This file  does not exist.
I0919 12:31:34.817376 2043707 AssetAttributesManager.cpp:117] Asset attributes (capsule3DSolid : capsule3DSolid_hemiRings_4_cylRings_1_segments_12_halfLen_0.75_useTexCoords_false_useTangents_false) created and registered.
I0919 12:31:34.817404 2043707 AssetAttributesManager.cpp:117] Asset attributes (capsule3DWireframe : capsule3DWireframe_hemiRings_8_cylRings_1_segments_16_halfLen_1) created and registered.
I0919 12:31:34.817437 2043707 AssetAttributesManager.cpp:117] Asset attributes (coneSolid : coneSolid_segments_12_halfLen_1.25_rings_1_useTexCoords_false_useTangents_false_capEnd_true) created and registered.
I0919 12:31:34.817451 2043707 AssetAttributesManager.cpp:117] Asset attributes (coneWireframe : coneWireframe_segments_32_halfLen_1.25) created and registered.
I0919 12:31:34.817461 2043707 AssetAttributesManager.cpp:117] Asset attributes (cubeSolid : cubeSolid) created and registered.
I0919 12:31:34.817467 2043707 AssetAttributesManager.cpp:117] Asset attributes (cubeWireframe : cubeWireframe) created and registered.
I0919 12:31:34.817487 2043707 AssetAttributesManager.cpp:117] Asset attributes (cylinderSolid : cylinderSolid_rings_1_segments_12_halfLen_1_useTexCoords_false_useTangents_false_capEnds_true) created and registered.
I0919 12:31:34.817503 2043707 AssetAttributesManager.cpp:117] Asset attributes (cylinderWireframe : cylinderWireframe_rings_1_segments_32_halfLen_1) created and registered.
I0919 12:31:34.817514 2043707 AssetAttributesManager.cpp:117] Asset attributes (icosphereSolid : icosphereSolid_subdivs_1) created and registered.
I0919 12:31:34.817523 2043707 AssetAttributesManager.cpp:117] Asset attributes (icosphereWireframe : icosphereWireframe_subdivs_1) created and registered.
I0919 12:31:34.817536 2043707 AssetAttributesManager.cpp:117] Asset attributes (uvSphereSolid : uvSphereSolid_rings_8_segments_16_useTexCoords_false_useTangents_false) created and registered.
I0919 12:31:34.817549 2043707 AssetAttributesManager.cpp:117] Asset attributes (uvSphereWireframe : uvSphereWireframe_rings_16_segments_32) created and registered.
I0919 12:31:34.817555 2043707 AssetAttributesManager.cpp:105] AssetAttributesManager::buildCtorFuncPtrMaps : Built default primitive asset templates : 12
I0919 12:31:34.817952 2043707 SceneDatasetAttributesManager.cpp:23] File (default) not found, so new default dataset attributes created and registered.
I0919 12:31:34.817955 2043707 MetadataMediator.cpp:47] MetadataMediator::createDataset : Dataset default successfully created.
I0919 12:31:34.819131 2043707 AttributesManagerBase.h:283] AttributesManager<T>::createFromJsonOrDefaultInternal  (Physics Manager) : Proposing JSON name : ./data/default.physics_config.json from original name : ./data/default.physics_config.json | This file  does not exist.
I0919 12:31:34.819145 2043707 PhysicsAttributesManager.cpp:27] File (./data/default.physics_config.json) not found, so new default physics manager attributes created and registered.
I0919 12:31:34.819149 2043707 AbstractObjectAttributesManagerBase.h:175] AbstractObjectAttributesManager<T>::createObject  (Stage) : Making attributes with handle : /mnt/data_nas/deeprobotics/daiyang/vla/third_party/ETP-R1/data/scene_datasets/mp3d/PuKPg4mmafe/PuKPg4mmafe.glb
I0919 12:31:34.819152 2043707 ManagedContainerBase.cpp:19] ManagedContainerBase::convertFilenameToJSON : Filename : /mnt/data_nas/deeprobotics/daiyang/vla/third_party/ETP-R1/data/scene_datasets/mp3d/PuKPg4mmafe/PuKPg4mmafe.glb changed to proposed JSON configuration filename : /mnt/data_nas/deeprobotics/daiyang/vla/third_party/ETP-R1/data/scene_datasets/mp3d/PuKPg4mmafe/PuKPg4mmafe.stage_config.json
I0919 12:31:34.822490 2043707 AttributesManagerBase.h:283] AttributesManager<T>::createFromJsonOrDefaultInternal  (Stage) : Proposing JSON name : /mnt/data_nas/deeprobotics/daiyang/vla/third_party/ETP-R1/data/scene_datasets/mp3d/PuKPg4mmafe/PuKPg4mmafe.stage_config.json from original name : /mnt/data_nas/deeprobotics/daiyang/vla/third_party/ETP-R1/data/scene_datasets/mp3d/PuKPg4mmafe/PuKPg4mmafe.glb | This file  does not exist.
I0919 12:31:34.822542 2043707 AbstractObjectAttributesManagerBase.h:181] AbstractObjectAttributesManager<T>::createObject  (Stage) : Done making attributes with handle : /mnt/data_nas/deeprobotics/daiyang/vla/third_party/ETP-R1/data/scene_datasets/mp3d/PuKPg4mmafe/PuKPg4mmafe.glb
I0919 12:31:34.822544 2043707 AbstractObjectAttributesManagerBase.h:188] File (/mnt/data_nas/deeprobotics/daiyang/vla/third_party/ETP-R1/data/scene_datasets/mp3d/PuKPg4mmafe/PuKPg4mmafe.glb) exists but is not a recognized config filename extension, so new default Stage attributes created and registered.
I0919 12:31:34.822552 2043707 Simulator.cpp:156] Loading navmesh from /mnt/data_nas/deeprobotics/daiyang/vla/third_party/ETP-R1/data/scene_datasets/mp3d/PuKPg4mmafe/PuKPg4mmafe.navmesh
I0919 12:31:34.825973 2043707 Simulator.cpp:158] Loaded.
I0919 12:31:34.825982 2043707 SceneGraph.h:93] Created DrawableGroup: 
Renderer: NVIDIA GeForce RTX 5090/PCIe/SSE2 by NVIDIA Corporation
OpenGL version: 4.6.0 NVIDIA 580.126.09
Using optional features:
    GL_ARB_ES2_compatibility
    GL_ARB_direct_state_access
    GL_ARB_get_texture_sub_image
    GL_ARB_invalidate_subdata
    GL_ARB_multi_bind
    GL_ARB_robustness
    GL_ARB_separate_shader_objects
    GL_ARB_texture_filter_anisotropic
    GL_ARB_texture_storage
    GL_ARB_texture_storage_multisample
    GL_ARB_vertex_array_object
    GL_KHR_debug
Using driver workarounds:
    no-forward-compatible-core-context
    nv-egl-incorrect-gl11-function-pointers
    no-layout-qualifiers-on-old-glsl
    nv-zero-context-profile-mask
    nv-implementation-color-read-format-dsa-broken
    nv-cubemap-inconsistent-compressed-image-size
    nv-cubemap-broken-full-compressed-image-query
    nv-compressed-block-size-in-bits
I0919 12:31:34.829835 2043707 ResourceManager.cpp:234] ResourceManager::loadStage : Not loading semantic mesh
I0919 12:31:34.829844 2043707 ResourceManager.cpp:262] ResourceManager::loadStage : start load render asset /mnt/data_nas/deeprobotics/daiyang/vla/third_party/ETP-R1/data/scene_datasets/mp3d/PuKPg4mmafe/PuKPg4mmafe.glb.
I0919 12:31:34.829846 2043707 ResourceManager.cpp:569] ResourceManager::loadStageInternal : Attempting to load stage /mnt/data_nas/deeprobotics/daiyang/vla/third_party/ETP-R1/data/scene_datasets/mp3d/PuKPg4mmafe/PuKPg4mmafe.glb 
I0919 12:31:34.829864 2043707 ResourceManager.cpp:1119] Importing Basis files as BC7 for PuKPg4mmafe.glb
W0919 12:31:39.518507 2043707 Simulator.cpp:248] :
---
 The active scene does not contain semantic annotations. 
---
I0919 12:31:39.542801 2043707 simulator.py:213] Loaded navmesh /mnt/data_nas/deeprobotics/daiyang/vla/third_party/ETP-R1/data/scene_datasets/mp3d/PuKPg4mmafe/PuKPg4mmafe.navmesh
I0919 12:33:00.141945 2043707 PhysicsManager.cpp:33] Deconstructing PhysicsManager
I0919 12:33:00.141999 2043707 SemanticScene.h:41] Deconstructing SemanticScene
I0919 12:33:00.142704 2043707 SceneManager.h:25] Deconstructing SceneManager
I0919 12:33:00.142707 2043707 SceneGraph.h:26] Deconstructing SceneGraph
I0919 12:33:00.142947 2043707 Sensor.h:87] Deconstructing Sensor
I0919 12:33:00.147643 2043707 Renderer.cpp:34] Deconstructing Renderer
I0919 12:33:00.147672 2043707 WindowlessContext.h:17] Deconstructing WindowlessContext
I0919 12:33:00.159305 2043707 ManagedContainerBase.cpp:19] ManagedContainerBase::convertFilenameToJSON : Filename : default changed to proposed JSON configuration filename : default.scene_dataset_config.json
I0919 12:33:00.159324 2043707 AttributesManagerBase.h:283] AttributesManager<T>::createFromJsonOrDefaultInternal  (Dataset) : Proposing JSON name : default.scene_dataset_config.json from original name : default | This file  does not exist.
I0919 12:33:00.159428 2043707 AssetAttributesManager.cpp:117] Asset attributes (capsule3DSolid : capsule3DSolid_hemiRings_4_cylRings_1_segments_12_halfLen_0.75_useTexCoords_false_useTangents_false) created and registered.
I0919 12:33:00.159454 2043707 AssetAttributesManager.cpp:117] Asset attributes (capsule3DWireframe : capsule3DWireframe_hemiRings_8_cylRings_1_segments_16_halfLen_1) created and registered.
I0919 12:33:00.159479 2043707 AssetAttributesManager.cpp:117] Asset attributes (coneSolid : coneSolid_segments_12_halfLen_1.25_rings_1_useTexCoords_false_useTangents_false_capEnd_true) created and registered.
I0919 12:33:00.159493 2043707 AssetAttributesManager.cpp:117] Asset attributes (coneWireframe : coneWireframe_segments_32_halfLen_1.25) created and registered.
I0919 12:33:00.159509 2043707 AssetAttributesManager.cpp:117] Asset attributes (cubeSolid : cubeSolid) created and registered.
I0919 12:33:00.159515 2043707 AssetAttributesManager.cpp:117] Asset attributes (cubeWireframe : cubeWireframe) created and registered.
I0919 12:33:00.159535 2043707 AssetAttributesManager.cpp:117] Asset attributes (cylinderSolid : cylinderSolid_rings_1_segments_12_halfLen_1_useTexCoords_false_useTangents_false_capEnds_true) created and registered.
I0919 12:33:00.159552 2043707 AssetAttributesManager.cpp:117] Asset attributes (cylinderWireframe : cylinderWireframe_rings_1_segments_32_halfLen_1) created and registered.
I0919 12:33:00.159562 2043707 AssetAttributesManager.cpp:117] Asset attributes (icosphereSolid : icosphereSolid_subdivs_1) created and registered.
I0919 12:33:00.159570 2043707 AssetAttributesManager.cpp:117] Asset attributes (icosphereWireframe : icosphereWireframe_subdivs_1) created and registered.
I0919 12:33:00.159584 2043707 AssetAttributesManager.cpp:117] Asset attributes (uvSphereSolid : uvSphereSolid_rings_8_segments_16_useTexCoords_false_useTangents_false) created and registered.
I0919 12:33:00.159597 2043707 AssetAttributesManager.cpp:117] Asset attributes (uvSphereWireframe : uvSphereWireframe_rings_16_segments_32) created and registered.
I0919 12:33:00.159603 2043707 AssetAttributesManager.cpp:105] AssetAttributesManager::buildCtorFuncPtrMaps : Built default primitive asset templates : 12
I0919 12:33:00.160003 2043707 SceneDatasetAttributesManager.cpp:23] File (default) not found, so new default dataset attributes created and registered.
I0919 12:33:00.160005 2043707 MetadataMediator.cpp:47] MetadataMediator::createDataset : Dataset default successfully created.
I0919 12:33:00.160198 2043707 AttributesManagerBase.h:283] AttributesManager<T>::createFromJsonOrDefaultInternal  (Physics Manager) : Proposing JSON name : ./data/default.physics_config.json from original name : ./data/default.physics_config.json | This file  does not exist.
I0919 12:33:00.160209 2043707 PhysicsAttributesManager.cpp:27] File (./data/default.physics_config.json) not found, so new default physics manager attributes created and registered.
I0919 12:33:00.160212 2043707 AbstractObjectAttributesManagerBase.h:175] AbstractObjectAttributesManager<T>::createObject  (Stage) : Making attributes with handle : /mnt/data_nas/deeprobotics/daiyang/vla/third_party/ETP-R1/data/scene_datasets/mp3d/XcA2TqTSSAj/XcA2TqTSSAj.glb
I0919 12:33:00.160216 2043707 ManagedContainerBase.cpp:19] ManagedContainerBase::convertFilenameToJSON : Filename : /mnt/data_nas/deeprobotics/daiyang/vla/third_party/ETP-R1/data/scene_datasets/mp3d/XcA2TqTSSAj/XcA2TqTSSAj.glb changed to proposed JSON configuration filename : /mnt/data_nas/deeprobotics/daiyang/vla/third_party/ETP-R1/data/scene_datasets/mp3d/XcA2TqTSSAj/XcA2TqTSSAj.stage_config.json
I0919 12:33:00.160226 2043707 AttributesManagerBase.h:283] AttributesManager<T>::createFromJsonOrDefaultInternal  (Stage) : Proposing JSON name : /mnt/data_nas/deeprobotics/daiyang/vla/third_party/ETP-R1/data/scene_datasets/mp3d/XcA2TqTSSAj/XcA2TqTSSAj.stage_config.json from original name : /mnt/data_nas/deeprobotics/daiyang/vla/third_party/ETP-R1/data/scene_datasets/mp3d/XcA2TqTSSAj/XcA2TqTSSAj.glb | This file  does not exist.
I0919 12:33:00.160277 2043707 AbstractObjectAttributesManagerBase.h:181] AbstractObjectAttributesManager<T>::createObject  (Stage) : Done making attributes with handle : /mnt/data_nas/deeprobotics/daiyang/vla/third_party/ETP-R1/data/scene_datasets/mp3d/XcA2TqTSSAj/XcA2TqTSSAj.glb
I0919 12:33:00.160279 2043707 AbstractObjectAttributesManagerBase.h:188] File (/mnt/data_nas/deeprobotics/daiyang/vla/third_party/ETP-R1/data/scene_datasets/mp3d/XcA2TqTSSAj/XcA2TqTSSAj.glb) exists but is not a recognized config filename extension, so new default Stage attributes created and registered.
I0919 12:33:00.160284 2043707 Simulator.cpp:156] Loading navmesh from /mnt/data_nas/deeprobotics/daiyang/vla/third_party/ETP-R1/data/scene_datasets/mp3d/XcA2TqTSSAj/XcA2TqTSSAj.navmesh
I0919 12:33:00.161492 2043707 Simulator.cpp:158] Loaded.
I0919 12:33:00.161500 2043707 SceneGraph.h:93] Created DrawableGroup: 
Renderer: NVIDIA GeForce RTX 5090/PCIe/SSE2 by NVIDIA Corporation
OpenGL version: 4.6.0 NVIDIA 580.126.09
Using optional features:
    GL_ARB_ES2_compatibility
    GL_ARB_direct_state_access
    GL_ARB_get_texture_sub_image
    GL_ARB_invalidate_subdata
    GL_ARB_multi_bind
    GL_ARB_robustness
    GL_ARB_separate_shader_objects
    GL_ARB_texture_filter_anisotropic
    GL_ARB_texture_storage
    GL_ARB_texture_storage_multisample
    GL_ARB_vertex_array_object
    GL_KHR_debug
Using driver workarounds:
    no-forward-compatible-core-context
    nv-egl-incorrect-gl11-function-pointers
    no-layout-qualifiers-on-old-glsl
    nv-zero-context-profile-mask
    nv-implementation-color-read-format-dsa-broken
    nv-cubemap-inconsistent-compressed-image-size
    nv-cubemap-broken-full-compressed-image-query
    nv-compressed-block-size-in-bits
I0919 12:33:00.165100 2043707 ResourceManager.cpp:234] ResourceManager::loadStage : Not loading semantic mesh
I0919 12:33:00.165108 2043707 ResourceManager.cpp:262] ResourceManager::loadStage : start load render asset /mnt/data_nas/deeprobotics/daiyang/vla/third_party/ETP-R1/data/scene_datasets/mp3d/XcA2TqTSSAj/XcA2TqTSSAj.glb.
I0919 12:33:00.165112 2043707 ResourceManager.cpp:569] ResourceManager::loadStageInternal : Attempting to load stage /mnt/data_nas/deeprobotics/daiyang/vla/third_party/ETP-R1/data/scene_datasets/mp3d/XcA2TqTSSAj/XcA2TqTSSAj.glb 
I0919 12:33:00.165127 2043707 ResourceManager.cpp:1119] Importing Basis files as BC7 for XcA2TqTSSAj.glb
W0919 12:33:02.096520 2043707 Simulator.cpp:248] :
---
 The active scene does not contain semantic annotations. 
---
I0919 12:33:02.143738 2043707 simulator.py:213] Loaded navmesh /mnt/data_nas/deeprobotics/daiyang/vla/third_party/ETP-R1/data/scene_datasets/mp3d/XcA2TqTSSAj/XcA2TqTSSAj.navmesh
I0919 12:35:53.132038 2043707 PhysicsManager.cpp:33] Deconstructing PhysicsManager
I0919 12:35:53.132081 2043707 SemanticScene.h:41] Deconstructing SemanticScene
I0919 12:35:53.134519 2043707 SceneManager.h:25] Deconstructing SceneManager
I0919 12:35:53.134527 2043707 SceneGraph.h:26] Deconstructing SceneGraph
I0919 12:35:53.135011 2043707 Sensor.h:87] Deconstructing Sensor
I0919 12:35:53.138129 2043707 Renderer.cpp:34] Deconstructing Renderer
I0919 12:35:53.138152 2043707 WindowlessContext.h:17] Deconstructing WindowlessContext
I0919 12:35:53.144742 2043707 ManagedContainerBase.cpp:19] ManagedContainerBase::convertFilenameToJSON : Filename : default changed to proposed JSON configuration filename : default.scene_dataset_config.json
I0919 12:35:53.144757 2043707 AttributesManagerBase.h:283] AttributesManager<T>::createFromJsonOrDefaultInternal  (Dataset) : Proposing JSON name : default.scene_dataset_config.json from original name : default | This file  does not exist.
I0919 12:35:53.144867 2043707 AssetAttributesManager.cpp:117] Asset attributes (capsule3DSolid : capsule3DSolid_hemiRings_4_cylRings_1_segments_12_halfLen_0.75_useTexCoords_false_useTangents_false) created and registered.
I0919 12:35:53.144893 2043707 AssetAttributesManager.cpp:117] Asset attributes (capsule3DWireframe : capsule3DWireframe_hemiRings_8_cylRings_1_segments_16_halfLen_1) created and registered.
I0919 12:35:53.144917 2043707 AssetAttributesManager.cpp:117] Asset attributes (coneSolid : coneSolid_segments_12_halfLen_1.25_rings_1_useTexCoords_false_useTangents_false_capEnd_true) created and registered.
I0919 12:35:53.144930 2043707 AssetAttributesManager.cpp:117] Asset attributes (coneWireframe : coneWireframe_segments_32_halfLen_1.25) created and registered.
I0919 12:35:53.144938 2043707 AssetAttributesManager.cpp:117] Asset attributes (cubeSolid : cubeSolid) created and registered.
I0919 12:35:53.144945 2043707 AssetAttributesManager.cpp:117] Asset attributes (cubeWireframe : cubeWireframe) created and registered.
I0919 12:35:53.144964 2043707 AssetAttributesManager.cpp:117] Asset attributes (cylinderSolid : cylinderSolid_rings_1_segments_12_halfLen_1_useTexCoords_false_useTangents_false_capEnds_true) created and registered.
I0919 12:35:53.144986 2043707 AssetAttributesManager.cpp:117] Asset attributes (cylinderWireframe : cylinderWireframe_rings_1_segments_32_halfLen_1) created and registered.
I0919 12:35:53.144996 2043707 AssetAttributesManager.cpp:117] Asset attributes (icosphereSolid : icosphereSolid_subdivs_1) created and registered.
I0919 12:35:53.145005 2043707 AssetAttributesManager.cpp:117] Asset attributes (icosphereWireframe : icosphereWireframe_subdivs_1) created and registered.
I0919 12:35:53.145020 2043707 AssetAttributesManager.cpp:117] Asset attributes (uvSphereSolid : uvSphereSolid_rings_8_segments_16_useTexCoords_false_useTangents_false) created and registered.
I0919 12:35:53.145031 2043707 AssetAttributesManager.cpp:117] Asset attributes (uvSphereWireframe : uvSphereWireframe_rings_16_segments_32) created and registered.
I0919 12:35:53.145038 2043707 AssetAttributesManager.cpp:105] AssetAttributesManager::buildCtorFuncPtrMaps : Built default primitive asset templates : 12
I0919 12:35:53.145429 2043707 SceneDatasetAttributesManager.cpp:23] File (default) not found, so new default dataset attributes created and registered.
I0919 12:35:53.145431 2043707 MetadataMediator.cpp:47] MetadataMediator::createDataset : Dataset default successfully created.
I0919 12:35:53.145623 2043707 AttributesManagerBase.h:283] AttributesManager<T>::createFromJsonOrDefaultInternal  (Physics Manager) : Proposing JSON name : ./data/default.physics_config.json from original name : ./data/default.physics_config.json | This file  does not exist.
I0919 12:35:53.145635 2043707 PhysicsAttributesManager.cpp:27] File (./data/default.physics_config.json) not found, so new default physics manager attributes created and registered.
I0919 12:35:53.145638 2043707 AbstractObjectAttributesManagerBase.h:175] AbstractObjectAttributesManager<T>::createObject  (Stage) : Making attributes with handle : /mnt/data_nas/deeprobotics/daiyang/vla/third_party/ETP-R1/data/scene_datasets/mp3d/aayBHfsNo7d/aayBHfsNo7d.glb
I0919 12:35:53.145642 2043707 ManagedContainerBase.cpp:19] ManagedContainerBase::convertFilenameToJSON : Filename : /mnt/data_nas/deeprobotics/daiyang/vla/third_party/ETP-R1/data/scene_datasets/mp3d/aayBHfsNo7d/aayBHfsNo7d.glb changed to proposed JSON configuration filename : /mnt/data_nas/deeprobotics/daiyang/vla/third_party/ETP-R1/data/scene_datasets/mp3d/aayBHfsNo7d/aayBHfsNo7d.stage_config.json
I0919 12:35:53.145653 2043707 AttributesManagerBase.h:283] AttributesManager<T>::createFromJsonOrDefaultInternal  (Stage) : Proposing JSON name : /mnt/data_nas/deeprobotics/daiyang/vla/third_party/ETP-R1/data/scene_datasets/mp3d/aayBHfsNo7d/aayBHfsNo7d.stage_config.json from original name : /mnt/data_nas/deeprobotics/daiyang/vla/third_party/ETP-R1/data/scene_datasets/mp3d/aayBHfsNo7d/aayBHfsNo7d.glb | This file  does not exist.
I0919 12:35:53.145699 2043707 AbstractObjectAttributesManagerBase.h:181] AbstractObjectAttributesManager<T>::createObject  (Stage) : Done making attributes with handle : /mnt/data_nas/deeprobotics/daiyang/vla/third_party/ETP-R1/data/scene_datasets/mp3d/aayBHfsNo7d/aayBHfsNo7d.glb
I0919 12:35:53.145700 2043707 AbstractObjectAttributesManagerBase.h:188] File (/mnt/data_nas/deeprobotics/daiyang/vla/third_party/ETP-R1/data/scene_datasets/mp3d/aayBHfsNo7d/aayBHfsNo7d.glb) exists but is not a recognized config filename extension, so new default Stage attributes created and registered.
I0919 12:35:53.145705 2043707 Simulator.cpp:156] Loading navmesh from /mnt/data_nas/deeprobotics/daiyang/vla/third_party/ETP-R1/data/scene_datasets/mp3d/aayBHfsNo7d/aayBHfsNo7d.navmesh
I0919 12:35:53.146404 2043707 Simulator.cpp:158] Loaded.
I0919 12:35:53.146410 2043707 SceneGraph.h:93] Created DrawableGroup: 
Renderer: NVIDIA GeForce RTX 5090/PCIe/SSE2 by NVIDIA Corporation
OpenGL version: 4.6.0 NVIDIA 580.126.09
Using optional features:
    GL_ARB_ES2_compatibility
    GL_ARB_direct_state_access
    GL_ARB_get_texture_sub_image
    GL_ARB_invalidate_subdata
    GL_ARB_multi_bind
    GL_ARB_robustness
    GL_ARB_separate_shader_objects
    GL_ARB_texture_filter_anisotropic
    GL_ARB_texture_storage
    GL_ARB_texture_storage_multisample
    GL_ARB_vertex_array_object
    GL_KHR_debug
Using driver workarounds:
    no-forward-compatible-core-context
    nv-egl-incorrect-gl11-function-pointers
    no-layout-qualifiers-on-old-glsl
    nv-zero-context-profile-mask
    nv-implementation-color-read-format-dsa-broken
    nv-cubemap-inconsistent-compressed-image-size
    nv-cubemap-broken-full-compressed-image-query
    nv-compressed-block-size-in-bits
I0919 12:35:53.149937 2043707 ResourceManager.cpp:234] ResourceManager::loadStage : Not loading semantic mesh
I0919 12:35:53.149946 2043707 ResourceManager.cpp:262] ResourceManager::loadStage : start load render asset /mnt/data_nas/deeprobotics/daiyang/vla/third_party/ETP-R1/data/scene_datasets/mp3d/aayBHfsNo7d/aayBHfsNo7d.glb.
I0919 12:35:53.149948 2043707 ResourceManager.cpp:569] ResourceManager::loadStageInternal : Attempting to load stage /mnt/data_nas/deeprobotics/daiyang/vla/third_party/ETP-R1/data/scene_datasets/mp3d/aayBHfsNo7d/aayBHfsNo7d.glb 
I0919 12:35:53.149962 2043707 ResourceManager.cpp:1119] Importing Basis files as BC7 for aayBHfsNo7d.glb
W0919 12:35:54.691013 2043707 Simulator.cpp:248] :
---
 The active scene does not contain semantic annotations. 
---
I0919 12:35:54.730787 2043707 simulator.py:213] Loaded navmesh /mnt/data_nas/deeprobotics/daiyang/vla/third_party/ETP-R1/data/scene_datasets/mp3d/aayBHfsNo7d/aayBHfsNo7d.navmesh
I0919 12:36:39.485903 2043707 PhysicsManager.cpp:33] Deconstructing PhysicsManager
I0919 12:36:39.485948 2043707 SemanticScene.h:41] Deconstructing SemanticScene
I0919 12:36:39.488490 2043707 SceneManager.h:25] Deconstructing SceneManager
I0919 12:36:39.488500 2043707 SceneGraph.h:26] Deconstructing SceneGraph
I0919 12:36:39.488739 2043707 Sensor.h:87] Deconstructing Sensor
I0919 12:36:39.491161 2043707 Renderer.cpp:34] Deconstructing Renderer
I0919 12:36:39.491191 2043707 WindowlessContext.h:17] Deconstructing WindowlessContext
I0919 12:36:39.498234 2043707 ManagedContainerBase.cpp:19] ManagedContainerBase::convertFilenameToJSON : Filename : default changed to proposed JSON configuration filename : default.scene_dataset_config.json
I0919 12:36:39.498256 2043707 AttributesManagerBase.h:283] AttributesManager<T>::createFromJsonOrDefaultInternal  (Dataset) : Proposing JSON name : default.scene_dataset_config.json from original name : default | This file  does not exist.
I0919 12:36:39.498351 2043707 AssetAttributesManager.cpp:117] Asset attributes (capsule3DSolid : capsule3DSolid_hemiRings_4_cylRings_1_segments_12_halfLen_0.75_useTexCoords_false_useTangents_false) created and registered.
I0919 12:36:39.498390 2043707 AssetAttributesManager.cpp:117] Asset attributes (capsule3DWireframe : capsule3DWireframe_hemiRings_8_cylRings_1_segments_16_halfLen_1) created and registered.
I0919 12:36:39.498427 2043707 AssetAttributesManager.cpp:117] Asset attributes (coneSolid : coneSolid_segments_12_halfLen_1.25_rings_1_useTexCoords_false_useTangents_false_capEnd_true) created and registered.
I0919 12:36:39.498450 2043707 AssetAttributesManager.cpp:117] Asset attributes (coneWireframe : coneWireframe_segments_32_halfLen_1.25) created and registered.
I0919 12:36:39.498463 2043707 AssetAttributesManager.cpp:117] Asset attributes (cubeSolid : cubeSolid) created and registered.
I0919 12:36:39.498472 2043707 AssetAttributesManager.cpp:117] Asset attributes (cubeWireframe : cubeWireframe) created and registered.
I0919 12:36:39.498502 2043707 AssetAttributesManager.cpp:117] Asset attributes (cylinderSolid : cylinderSolid_rings_1_segments_12_halfLen_1_useTexCoords_false_useTangents_false_capEnds_true) created and registered.
I0919 12:36:39.498529 2043707 AssetAttributesManager.cpp:117] Asset attributes (cylinderWireframe : cylinderWireframe_rings_1_segments_32_halfLen_1) created and registered.
I0919 12:36:39.498543 2043707 AssetAttributesManager.cpp:117] Asset attributes (icosphereSolid : icosphereSolid_subdivs_1) created and registered.
I0919 12:36:39.498564 2043707 AssetAttributesManager.cpp:117] Asset attributes (icosphereWireframe : icosphereWireframe_subdivs_1) created and registered.
I0919 12:36:39.498584 2043707 AssetAttributesManager.cpp:117] Asset attributes (uvSphereSolid : uvSphereSolid_rings_8_segments_16_useTexCoords_false_useTangents_false) created and registered.
I0919 12:36:39.498602 2043707 AssetAttributesManager.cpp:117] Asset attributes (uvSphereWireframe : uvSphereWireframe_rings_16_segments_32) created and registered.
I0919 12:36:39.498611 2043707 AssetAttributesManager.cpp:105] AssetAttributesManager::buildCtorFuncPtrMaps : Built default primitive asset templates : 12
I0919 12:36:39.499244 2043707 SceneDatasetAttributesManager.cpp:23] File (default) not found, so new default dataset attributes created and registered.
I0919 12:36:39.499248 2043707 MetadataMediator.cpp:47] MetadataMediator::createDataset : Dataset default successfully created.
I0919 12:36:39.499497 2043707 AttributesManagerBase.h:283] AttributesManager<T>::createFromJsonOrDefaultInternal  (Physics Manager) : Proposing JSON name : ./data/default.physics_config.json from original name : ./data/default.physics_config.json | This file  does not exist.
I0919 12:36:39.499512 2043707 PhysicsAttributesManager.cpp:27] File (./data/default.physics_config.json) not found, so new default physics manager attributes created and registered.
I0919 12:36:39.499517 2043707 AbstractObjectAttributesManagerBase.h:175] AbstractObjectAttributesManager<T>::createObject  (Stage) : Making attributes with handle : /mnt/data_nas/deeprobotics/daiyang/vla/third_party/ETP-R1/data/scene_datasets/mp3d/82sE5b5pLXE/82sE5b5pLXE.glb
I0919 12:36:39.499522 2043707 ManagedContainerBase.cpp:19] ManagedContainerBase::convertFilenameToJSON : Filename : /mnt/data_nas/deeprobotics/daiyang/vla/third_party/ETP-R1/data/scene_datasets/mp3d/82sE5b5pLXE/82sE5b5pLXE.glb changed to proposed JSON configuration filename : /mnt/data_nas/deeprobotics/daiyang/vla/third_party/ETP-R1/data/scene_datasets/mp3d/82sE5b5pLXE/82sE5b5pLXE.stage_config.json
I0919 12:36:39.499537 2043707 AttributesManagerBase.h:283] AttributesManager<T>::createFromJsonOrDefaultInternal  (Stage) : Proposing JSON name : /mnt/data_nas/deeprobotics/daiyang/vla/third_party/ETP-R1/data/scene_datasets/mp3d/82sE5b5pLXE/82sE5b5pLXE.stage_config.json from original name : /mnt/data_nas/deeprobotics/daiyang/vla/third_party/ETP-R1/data/scene_datasets/mp3d/82sE5b5pLXE/82sE5b5pLXE.glb | This file  does not exist.
I0919 12:36:39.499607 2043707 AbstractObjectAttributesManagerBase.h:181] AbstractObjectAttributesManager<T>::createObject  (Stage) : Done making attributes with handle : /mnt/data_nas/deeprobotics/daiyang/vla/third_party/ETP-R1/data/scene_datasets/mp3d/82sE5b5pLXE/82sE5b5pLXE.glb
I0919 12:36:39.499610 2043707 AbstractObjectAttributesManagerBase.h:188] File (/mnt/data_nas/deeprobotics/daiyang/vla/third_party/ETP-R1/data/scene_datasets/mp3d/82sE5b5pLXE/82sE5b5pLXE.glb) exists but is not a recognized config filename extension, so new default Stage attributes created and registered.
I0919 12:36:39.499617 2043707 Simulator.cpp:156] Loading navmesh from /mnt/data_nas/deeprobotics/daiyang/vla/third_party/ETP-R1/data/scene_datasets/mp3d/82sE5b5pLXE/82sE5b5pLXE.navmesh
I0919 12:36:39.500384 2043707 Simulator.cpp:158] Loaded.
I0919 12:36:39.500393 2043707 SceneGraph.h:93] Created DrawableGroup: 
Renderer: NVIDIA GeForce RTX 5090/PCIe/SSE2 by NVIDIA Corporation
OpenGL version: 4.6.0 NVIDIA 580.126.09
Using optional features:
    GL_ARB_ES2_compatibility
    GL_ARB_direct_state_access
    GL_ARB_get_texture_sub_image
    GL_ARB_invalidate_subdata
    GL_ARB_multi_bind
    GL_ARB_robustness
    GL_ARB_separate_shader_objects
    GL_ARB_texture_filter_anisotropic
    GL_ARB_texture_storage
    GL_ARB_texture_storage_multisample
    GL_ARB_vertex_array_object
    GL_KHR_debug
Using driver workarounds:
    no-forward-compatible-core-context
    nv-egl-incorrect-gl11-function-pointers
    no-layout-qualifiers-on-old-glsl
    nv-zero-context-profile-mask
    nv-implementation-color-read-format-dsa-broken
    nv-cubemap-inconsistent-compressed-image-size
    nv-cubemap-broken-full-compressed-image-query
    nv-compressed-block-size-in-bits
I0919 12:36:39.504652 2043707 ResourceManager.cpp:234] ResourceManager::loadStage : Not loading semantic mesh
I0919 12:36:39.504663 2043707 ResourceManager.cpp:262] ResourceManager::loadStage : start load render asset /mnt/data_nas/deeprobotics/daiyang/vla/third_party/ETP-R1/data/scene_datasets/mp3d/82sE5b5pLXE/82sE5b5pLXE.glb.
I0919 12:36:39.504666 2043707 ResourceManager.cpp:569] ResourceManager::loadStageInternal : Attempting to load stage /mnt/data_nas/deeprobotics/daiyang/vla/third_party/ETP-R1/data/scene_datasets/mp3d/82sE5b5pLXE/82sE5b5pLXE.glb 
I0919 12:36:39.504688 2043707 ResourceManager.cpp:1119] Importing Basis files as BC7 for 82sE5b5pLXE.glb
W0919 12:36:41.601562 2043707 Simulator.cpp:248] :
---
 The active scene does not contain semantic annotations. 
---
I0919 12:36:41.637936 2043707 simulator.py:213] Loaded navmesh /mnt/data_nas/deeprobotics/daiyang/vla/third_party/ETP-R1/data/scene_datasets/mp3d/82sE5b5pLXE/82sE5b5pLXE.navmesh
I0919 12:37:07.154791 2043707 PhysicsManager.cpp:33] Deconstructing PhysicsManager
I0919 12:37:07.154825 2043707 SemanticScene.h:41] Deconstructing SemanticScene
I0919 12:37:07.155943 2043707 SceneManager.h:25] Deconstructing SceneManager
I0919 12:37:07.155951 2043707 SceneGraph.h:26] Deconstructing SceneGraph
I0919 12:37:07.156153 2043707 Sensor.h:87] Deconstructing Sensor
I0919 12:37:07.158245 2043707 Renderer.cpp:34] Deconstructing Renderer
I0919 12:37:07.158267 2043707 WindowlessContext.h:17] Deconstructing WindowlessContext
I0919 12:37:07.163334 2043707 ManagedContainerBase.cpp:19] ManagedContainerBase::convertFilenameToJSON : Filename : default changed to proposed JSON configuration filename : default.scene_dataset_config.json
I0919 12:37:07.163349 2043707 AttributesManagerBase.h:283] AttributesManager<T>::createFromJsonOrDefaultInternal  (Dataset) : Proposing JSON name : default.scene_dataset_config.json from original name : default | This file  does not exist.
I0919 12:37:07.163455 2043707 AssetAttributesManager.cpp:117] Asset attributes (capsule3DSolid : capsule3DSolid_hemiRings_4_cylRings_1_segments_12_halfLen_0.75_useTexCoords_false_useTangents_false) created and registered.
I0919 12:37:07.163480 2043707 AssetAttributesManager.cpp:117] Asset attributes (capsule3DWireframe : capsule3DWireframe_hemiRings_8_cylRings_1_segments_16_halfLen_1) created and registered.
I0919 12:37:07.163503 2043707 AssetAttributesManager.cpp:117] Asset attributes (coneSolid : coneSolid_segments_12_halfLen_1.25_rings_1_useTexCoords_false_useTangents_false_capEnd_true) created and registered.
I0919 12:37:07.163517 2043707 AssetAttributesManager.cpp:117] Asset attributes (coneWireframe : coneWireframe_segments_32_halfLen_1.25) created and registered.
I0919 12:37:07.163525 2043707 AssetAttributesManager.cpp:117] Asset attributes (cubeSolid : cubeSolid) created and registered.
I0919 12:37:07.163532 2043707 AssetAttributesManager.cpp:117] Asset attributes (cubeWireframe : cubeWireframe) created and registered.
I0919 12:37:07.163551 2043707 AssetAttributesManager.cpp:117] Asset attributes (cylinderSolid : cylinderSolid_rings_1_segments_12_halfLen_1_useTexCoords_false_useTangents_false_capEnds_true) created and registered.
I0919 12:37:07.163568 2043707 AssetAttributesManager.cpp:117] Asset attributes (cylinderWireframe : cylinderWireframe_rings_1_segments_32_halfLen_1) created and registered.
I0919 12:37:07.163578 2043707 AssetAttributesManager.cpp:117] Asset attributes (icosphereSolid : icosphereSolid_subdivs_1) created and registered.
I0919 12:37:07.163586 2043707 AssetAttributesManager.cpp:117] Asset attributes (icosphereWireframe : icosphereWireframe_subdivs_1) created and registered.
I0919 12:37:07.163601 2043707 AssetAttributesManager.cpp:117] Asset attributes (uvSphereSolid : uvSphereSolid_rings_8_segments_16_useTexCoords_false_useTangents_false) created and registered.
I0919 12:37:07.163614 2043707 AssetAttributesManager.cpp:117] Asset attributes (uvSphereWireframe : uvSphereWireframe_rings_16_segments_32) created and registered.
I0919 12:37:07.163625 2043707 AssetAttributesManager.cpp:105] AssetAttributesManager::buildCtorFuncPtrMaps : Built default primitive asset templates : 12
I0919 12:37:07.164011 2043707 SceneDatasetAttributesManager.cpp:23] File (default) not found, so new default dataset attributes created and registered.
I0919 12:37:07.164012 2043707 MetadataMediator.cpp:47] MetadataMediator::createDataset : Dataset default successfully created.
I0919 12:37:07.164191 2043707 AttributesManagerBase.h:283] AttributesManager<T>::createFromJsonOrDefaultInternal  (Physics Manager) : Proposing JSON name : ./data/default.physics_config.json from original name : ./data/default.physics_config.json | This file  does not exist.
I0919 12:37:07.164201 2043707 PhysicsAttributesManager.cpp:27] File (./data/default.physics_config.json) not found, so new default physics manager attributes created and registered.
I0919 12:37:07.164206 2043707 AbstractObjectAttributesManagerBase.h:175] AbstractObjectAttributesManager<T>::createObject  (Stage) : Making attributes with handle : /mnt/data_nas/deeprobotics/daiyang/vla/third_party/ETP-R1/data/scene_datasets/mp3d/B6ByNegPMKs/B6ByNegPMKs.glb
I0919 12:37:07.164209 2043707 ManagedContainerBase.cpp:19] ManagedContainerBase::convertFilenameToJSON : Filename : /mnt/data_nas/deeprobotics/daiyang/vla/third_party/ETP-R1/data/scene_datasets/mp3d/B6ByNegPMKs/B6ByNegPMKs.glb changed to proposed JSON configuration filename : /mnt/data_nas/deeprobotics/daiyang/vla/third_party/ETP-R1/data/scene_datasets/mp3d/B6ByNegPMKs/B6ByNegPMKs.stage_config.json
I0919 12:37:07.164219 2043707 AttributesManagerBase.h:283] AttributesManager<T>::createFromJsonOrDefaultInternal  (Stage) : Proposing JSON name : /mnt/data_nas/deeprobotics/daiyang/vla/third_party/ETP-R1/data/scene_datasets/mp3d/B6ByNegPMKs/B6ByNegPMKs.stage_config.json from original name : /mnt/data_nas/deeprobotics/daiyang/vla/third_party/ETP-R1/data/scene_datasets/mp3d/B6ByNegPMKs/B6ByNegPMKs.glb | This file  does not exist.
I0919 12:37:07.164266 2043707 AbstractObjectAttributesManagerBase.h:181] AbstractObjectAttributesManager<T>::createObject  (Stage) : Done making attributes with handle : /mnt/data_nas/deeprobotics/daiyang/vla/third_party/ETP-R1/data/scene_datasets/mp3d/B6ByNegPMKs/B6ByNegPMKs.glb
I0919 12:37:07.164273 2043707 AbstractObjectAttributesManagerBase.h:188] File (/mnt/data_nas/deeprobotics/daiyang/vla/third_party/ETP-R1/data/scene_datasets/mp3d/B6ByNegPMKs/B6ByNegPMKs.glb) exists but is not a recognized config filename extension, so new default Stage attributes created and registered.
I0919 12:37:07.164278 2043707 Simulator.cpp:156] Loading navmesh from /mnt/data_nas/deeprobotics/daiyang/vla/third_party/ETP-R1/data/scene_datasets/mp3d/B6ByNegPMKs/B6ByNegPMKs.navmesh
I0919 12:37:07.165550 2043707 Simulator.cpp:158] Loaded.
I0919 12:37:07.165560 2043707 SceneGraph.h:93] Created DrawableGroup: 
Renderer: NVIDIA GeForce RTX 5090/PCIe/SSE2 by NVIDIA Corporation
OpenGL version: 4.6.0 NVIDIA 580.126.09
Using optional features:
    GL_ARB_ES2_compatibility
    GL_ARB_direct_state_access
    GL_ARB_get_texture_sub_image
    GL_ARB_invalidate_subdata
    GL_ARB_multi_bind
    GL_ARB_robustness
    GL_ARB_separate_shader_objects
    GL_ARB_texture_filter_anisotropic
    GL_ARB_texture_storage
    GL_ARB_texture_storage_multisample
    GL_ARB_vertex_array_object
    GL_KHR_debug
Using driver workarounds:
    no-forward-compatible-core-context
    nv-egl-incorrect-gl11-function-pointers
    no-layout-qualifiers-on-old-glsl
    nv-zero-context-profile-mask
    nv-implementation-color-read-format-dsa-broken
    nv-cubemap-inconsistent-compressed-image-size
    nv-cubemap-broken-full-compressed-image-query
    nv-compressed-block-size-in-bits
I0919 12:37:07.169060 2043707 ResourceManager.cpp:234] ResourceManager::loadStage : Not loading semantic mesh
I0919 12:37:07.169068 2043707 ResourceManager.cpp:262] ResourceManager::loadStage : start load render asset /mnt/data_nas/deeprobotics/daiyang/vla/third_party/ETP-R1/data/scene_datasets/mp3d/B6ByNegPMKs/B6ByNegPMKs.glb.
I0919 12:37:07.169075 2043707 ResourceManager.cpp:569] ResourceManager::loadStageInternal : Attempting to load stage /mnt/data_nas/deeprobotics/daiyang/vla/third_party/ETP-R1/data/scene_datasets/mp3d/B6ByNegPMKs/B6ByNegPMKs.glb 
I0919 12:37:07.169090 2043707 ResourceManager.cpp:1119] Importing Basis files as BC7 for B6ByNegPMKs.glb
W0919 12:37:16.731453 2043707 Simulator.cpp:248] :
---
 The active scene does not contain semantic annotations. 
---
I0919 12:37:16.931953 2043707 simulator.py:213] Loaded navmesh /mnt/data_nas/deeprobotics/daiyang/vla/third_party/ETP-R1/data/scene_datasets/mp3d/B6ByNegPMKs/B6ByNegPMKs.navmesh
I0919 12:39:10.521464 2043707 PhysicsManager.cpp:33] Deconstructing PhysicsManager
I0919 12:39:10.521512 2043707 SemanticScene.h:41] Deconstructing SemanticScene
I0919 12:39:10.537259 2043707 SceneManager.h:25] Deconstructing SceneManager
I0919 12:39:10.537281 2043707 SceneGraph.h:26] Deconstructing SceneGraph
I0919 12:39:10.537719 2043707 Sensor.h:87] Deconstructing Sensor
I0919 12:39:10.549539 2043707 Renderer.cpp:34] Deconstructing Renderer
I0919 12:39:10.549572 2043707 WindowlessContext.h:17] Deconstructing WindowlessContext
I0919 12:39:10.560971 2043707 ManagedContainerBase.cpp:19] ManagedContainerBase::convertFilenameToJSON : Filename : default changed to proposed JSON configuration filename : default.scene_dataset_config.json
I0919 12:39:10.560989 2043707 AttributesManagerBase.h:283] AttributesManager<T>::createFromJsonOrDefaultInternal  (Dataset) : Proposing JSON name : default.scene_dataset_config.json from original name : default | This file  does not exist.
I0919 12:39:10.561086 2043707 AssetAttributesManager.cpp:117] Asset attributes (capsule3DSolid : capsule3DSolid_hemiRings_4_cylRings_1_segments_12_halfLen_0.75_useTexCoords_false_useTangents_false) created and registered.
I0919 12:39:10.561112 2043707 AssetAttributesManager.cpp:117] Asset attributes (capsule3DWireframe : capsule3DWireframe_hemiRings_8_cylRings_1_segments_16_halfLen_1) created and registered.
I0919 12:39:10.561137 2043707 AssetAttributesManager.cpp:117] Asset attributes (coneSolid : coneSolid_segments_12_halfLen_1.25_rings_1_useTexCoords_false_useTangents_false_capEnd_true) created and registered.
I0919 12:39:10.561151 2043707 AssetAttributesManager.cpp:117] Asset attributes (coneWireframe : coneWireframe_segments_32_halfLen_1.25) created and registered.
I0919 12:39:10.561159 2043707 AssetAttributesManager.cpp:117] Asset attributes (cubeSolid : cubeSolid) created and registered.
I0919 12:39:10.561167 2043707 AssetAttributesManager.cpp:117] Asset attributes (cubeWireframe : cubeWireframe) created and registered.
I0919 12:39:10.561185 2043707 AssetAttributesManager.cpp:117] Asset attributes (cylinderSolid : cylinderSolid_rings_1_segments_12_halfLen_1_useTexCoords_false_useTangents_false_capEnds_true) created and registered.
I0919 12:39:10.561203 2043707 AssetAttributesManager.cpp:117] Asset attributes (cylinderWireframe : cylinderWireframe_rings_1_segments_32_halfLen_1) created and registered.
I0919 12:39:10.561213 2043707 AssetAttributesManager.cpp:117] Asset attributes (icosphereSolid : icosphereSolid_subdivs_1) created and registered.
I0919 12:39:10.561221 2043707 AssetAttributesManager.cpp:117] Asset attributes (icosphereWireframe : icosphereWireframe_subdivs_1) created and registered.
I0919 12:39:10.561235 2043707 AssetAttributesManager.cpp:117] Asset attributes (uvSphereSolid : uvSphereSolid_rings_8_segments_16_useTexCoords_false_useTangents_false) created and registered.
I0919 12:39:10.561249 2043707 AssetAttributesManager.cpp:117] Asset attributes (uvSphereWireframe : uvSphereWireframe_rings_16_segments_32) created and registered.
I0919 12:39:10.561255 2043707 AssetAttributesManager.cpp:105] AssetAttributesManager::buildCtorFuncPtrMaps : Built default primitive asset templates : 12
I0919 12:39:10.561655 2043707 SceneDatasetAttributesManager.cpp:23] File (default) not found, so new default dataset attributes created and registered.
I0919 12:39:10.561666 2043707 MetadataMediator.cpp:47] MetadataMediator::createDataset : Dataset default successfully created.
I0919 12:39:10.562688 2043707 AttributesManagerBase.h:283] AttributesManager<T>::createFromJsonOrDefaultInternal  (Physics Manager) : Proposing JSON name : ./data/default.physics_config.json from original name : ./data/default.physics_config.json | This file  does not exist.
I0919 12:39:10.562702 2043707 PhysicsAttributesManager.cpp:27] File (./data/default.physics_config.json) not found, so new default physics manager attributes created and registered.
I0919 12:39:10.562705 2043707 AbstractObjectAttributesManagerBase.h:175] AbstractObjectAttributesManager<T>::createObject  (Stage) : Making attributes with handle : /mnt/data_nas/deeprobotics/daiyang/vla/third_party/ETP-R1/data/scene_datasets/mp3d/PuKPg4mmafe/PuKPg4mmafe.glb
I0919 12:39:10.562709 2043707 ManagedContainerBase.cpp:19] ManagedContainerBase::convertFilenameToJSON : Filename : /mnt/data_nas/deeprobotics/daiyang/vla/third_party/ETP-R1/data/scene_datasets/mp3d/PuKPg4mmafe/PuKPg4mmafe.glb changed to proposed JSON configuration filename : /mnt/data_nas/deeprobotics/daiyang/vla/third_party/ETP-R1/data/scene_datasets/mp3d/PuKPg4mmafe/PuKPg4mmafe.stage_config.json
I0919 12:39:10.565022 2043707 AttributesManagerBase.h:283] AttributesManager<T>::createFromJsonOrDefaultInternal  (Stage) : Proposing JSON name : /mnt/data_nas/deeprobotics/daiyang/vla/third_party/ETP-R1/data/scene_datasets/mp3d/PuKPg4mmafe/PuKPg4mmafe.stage_config.json from original name : /mnt/data_nas/deeprobotics/daiyang/vla/third_party/ETP-R1/data/scene_datasets/mp3d/PuKPg4mmafe/PuKPg4mmafe.glb | This file  does not exist.
I0919 12:39:10.565069 2043707 AbstractObjectAttributesManagerBase.h:181] AbstractObjectAttributesManager<T>::createObject  (Stage) : Done making attributes with handle : /mnt/data_nas/deeprobotics/daiyang/vla/third_party/ETP-R1/data/scene_datasets/mp3d/PuKPg4mmafe/PuKPg4mmafe.glb
I0919 12:39:10.565071 2043707 AbstractObjectAttributesManagerBase.h:188] File (/mnt/data_nas/deeprobotics/daiyang/vla/third_party/ETP-R1/data/scene_datasets/mp3d/PuKPg4mmafe/PuKPg4mmafe.glb) exists but is not a recognized config filename extension, so new default Stage attributes created and registered.
I0919 12:39:10.565076 2043707 Simulator.cpp:156] Loading navmesh from /mnt/data_nas/deeprobotics/daiyang/vla/third_party/ETP-R1/data/scene_datasets/mp3d/PuKPg4mmafe/PuKPg4mmafe.navmesh
I0919 12:39:10.566272 2043707 Simulator.cpp:158] Loaded.
I0919 12:39:10.566280 2043707 SceneGraph.h:93] Created DrawableGroup: 
Renderer: NVIDIA GeForce RTX 5090/PCIe/SSE2 by NVIDIA Corporation
OpenGL version: 4.6.0 NVIDIA 580.126.09
Using optional features:
    GL_ARB_ES2_compatibility
    GL_ARB_direct_state_access
    GL_ARB_get_texture_sub_image
    GL_ARB_invalidate_subdata
    GL_ARB_multi_bind
    GL_ARB_robustness
    GL_ARB_separate_shader_objects
    GL_ARB_texture_filter_anisotropic
    GL_ARB_texture_storage
    GL_ARB_texture_storage_multisample
    GL_ARB_vertex_array_object
    GL_KHR_debug
Using driver workarounds:
    no-forward-compatible-core-context
    nv-egl-incorrect-gl11-function-pointers
    no-layout-qualifiers-on-old-glsl
    nv-zero-context-profile-mask
    nv-implementation-color-read-format-dsa-broken
    nv-cubemap-inconsistent-compressed-image-size
    nv-cubemap-broken-full-compressed-image-query
    nv-compressed-block-size-in-bits
I0919 12:39:10.569924 2043707 ResourceManager.cpp:234] ResourceManager::loadStage : Not loading semantic mesh
I0919 12:39:10.569932 2043707 ResourceManager.cpp:262] ResourceManager::loadStage : start load render asset /mnt/data_nas/deeprobotics/daiyang/vla/third_party/ETP-R1/data/scene_datasets/mp3d/PuKPg4mmafe/PuKPg4mmafe.glb.
I0919 12:39:10.569936 2043707 ResourceManager.cpp:569] ResourceManager::loadStageInternal : Attempting to load stage /mnt/data_nas/deeprobotics/daiyang/vla/third_party/ETP-R1/data/scene_datasets/mp3d/PuKPg4mmafe/PuKPg4mmafe.glb 
I0919 12:39:10.569950 2043707 ResourceManager.cpp:1119] Importing Basis files as BC7 for PuKPg4mmafe.glb
W0919 12:39:15.174104 2043707 Simulator.cpp:248] :
---
 The active scene does not contain semantic annotations. 
---
I0919 12:39:15.195007 2043707 simulator.py:213] Loaded navmesh /mnt/data_nas/deeprobotics/daiyang/vla/third_party/ETP-R1/data/scene_datasets/mp3d/PuKPg4mmafe/PuKPg4mmafe.navmesh
I0919 12:40:12.774052 2043707 PhysicsManager.cpp:33] Deconstructing PhysicsManager
I0919 12:40:12.774094 2043707 SemanticScene.h:41] Deconstructing SemanticScene
I0919 12:40:12.774752 2043707 SceneManager.h:25] Deconstructing SceneManager
I0919 12:40:12.774757 2043707 SceneGraph.h:26] Deconstructing SceneGraph
I0919 12:40:12.774938 2043707 Sensor.h:87] Deconstructing Sensor
I0919 12:40:12.778394 2043707 Renderer.cpp:34] Deconstructing Renderer
I0919 12:40:12.778414 2043707 WindowlessContext.h:17] Deconstructing WindowlessContext
I0919 12:40:12.792025 2043707 ManagedContainerBase.cpp:19] ManagedContainerBase::convertFilenameToJSON : Filename : default changed to proposed JSON configuration filename : default.scene_dataset_config.json
I0919 12:40:12.792043 2043707 AttributesManagerBase.h:283] AttributesManager<T>::createFromJsonOrDefaultInternal  (Dataset) : Proposing JSON name : default.scene_dataset_config.json from original name : default | This file  does not exist.
I0919 12:40:12.792160 2043707 AssetAttributesManager.cpp:117] Asset attributes (capsule3DSolid : capsule3DSolid_hemiRings_4_cylRings_1_segments_12_halfLen_0.75_useTexCoords_false_useTangents_false) created and registered.
I0919 12:40:12.792186 2043707 AssetAttributesManager.cpp:117] Asset attributes (capsule3DWireframe : capsule3DWireframe_hemiRings_8_cylRings_1_segments_16_halfLen_1) created and registered.
I0919 12:40:12.792210 2043707 AssetAttributesManager.cpp:117] Asset attributes (coneSolid : coneSolid_segments_12_halfLen_1.25_rings_1_useTexCoords_false_useTangents_false_capEnd_true) created and registered.
I0919 12:40:12.792224 2043707 AssetAttributesManager.cpp:117] Asset attributes (coneWireframe : coneWireframe_segments_32_halfLen_1.25) created and registered.
I0919 12:40:12.792233 2043707 AssetAttributesManager.cpp:117] Asset attributes (cubeSolid : cubeSolid) created and registered.
I0919 12:40:12.792240 2043707 AssetAttributesManager.cpp:117] Asset attributes (cubeWireframe : cubeWireframe) created and registered.
I0919 12:40:12.792260 2043707 AssetAttributesManager.cpp:117] Asset attributes (cylinderSolid : cylinderSolid_rings_1_segments_12_halfLen_1_useTexCoords_false_useTangents_false_capEnds_true) created and registered.
I0919 12:40:12.792281 2043707 AssetAttributesManager.cpp:117] Asset attributes (cylinderWireframe : cylinderWireframe_rings_1_segments_32_halfLen_1) created and registered.
I0919 12:40:12.792291 2043707 AssetAttributesManager.cpp:117] Asset attributes (icosphereSolid : icosphereSolid_subdivs_1) created and registered.
I0919 12:40:12.792300 2043707 AssetAttributesManager.cpp:117] Asset attributes (icosphereWireframe : icosphereWireframe_subdivs_1) created and registered.
I0919 12:40:12.792315 2043707 AssetAttributesManager.cpp:117] Asset attributes (uvSphereSolid : uvSphereSolid_rings_8_segments_16_useTexCoords_false_useTangents_false) created and registered.
I0919 12:40:12.792327 2043707 AssetAttributesManager.cpp:117] Asset attributes (uvSphereWireframe : uvSphereWireframe_rings_16_segments_32) created and registered.
I0919 12:40:12.792333 2043707 AssetAttributesManager.cpp:105] AssetAttributesManager::buildCtorFuncPtrMaps : Built default primitive asset templates : 12
I0919 12:40:12.792723 2043707 SceneDatasetAttributesManager.cpp:23] File (default) not found, so new default dataset attributes created and registered.
I0919 12:40:12.792725 2043707 MetadataMediator.cpp:47] MetadataMediator::createDataset : Dataset default successfully created.
I0919 12:40:12.793747 2043707 AttributesManagerBase.h:283] AttributesManager<T>::createFromJsonOrDefaultInternal  (Physics Manager) : Proposing JSON name : ./data/default.physics_config.json from original name : ./data/default.physics_config.json | This file  does not exist.
I0919 12:40:12.793766 2043707 PhysicsAttributesManager.cpp:27] File (./data/default.physics_config.json) not found, so new default physics manager attributes created and registered.
I0919 12:40:12.793769 2043707 AbstractObjectAttributesManagerBase.h:175] AbstractObjectAttributesManager<T>::createObject  (Stage) : Making attributes with handle : /mnt/data_nas/deeprobotics/daiyang/vla/third_party/ETP-R1/data/scene_datasets/mp3d/XcA2TqTSSAj/XcA2TqTSSAj.glb
I0919 12:40:12.793773 2043707 ManagedContainerBase.cpp:19] ManagedContainerBase::convertFilenameToJSON : Filename : /mnt/data_nas/deeprobotics/daiyang/vla/third_party/ETP-R1/data/scene_datasets/mp3d/XcA2TqTSSAj/XcA2TqTSSAj.glb changed to proposed JSON configuration filename : /mnt/data_nas/deeprobotics/daiyang/vla/third_party/ETP-R1/data/scene_datasets/mp3d/XcA2TqTSSAj/XcA2TqTSSAj.stage_config.json
I0919 12:40:12.793783 2043707 AttributesManagerBase.h:283] AttributesManager<T>::createFromJsonOrDefaultInternal  (Stage) : Proposing JSON name : /mnt/data_nas/deeprobotics/daiyang/vla/third_party/ETP-R1/data/scene_datasets/mp3d/XcA2TqTSSAj/XcA2TqTSSAj.stage_config.json from original name : /mnt/data_nas/deeprobotics/daiyang/vla/third_party/ETP-R1/data/scene_datasets/mp3d/XcA2TqTSSAj/XcA2TqTSSAj.glb | This file  does not exist.
I0919 12:40:12.793829 2043707 AbstractObjectAttributesManagerBase.h:181] AbstractObjectAttributesManager<T>::createObject  (Stage) : Done making attributes with handle : /mnt/data_nas/deeprobotics/daiyang/vla/third_party/ETP-R1/data/scene_datasets/mp3d/XcA2TqTSSAj/XcA2TqTSSAj.glb
I0919 12:40:12.793830 2043707 AbstractObjectAttributesManagerBase.h:188] File (/mnt/data_nas/deeprobotics/daiyang/vla/third_party/ETP-R1/data/scene_datasets/mp3d/XcA2TqTSSAj/XcA2TqTSSAj.glb) exists but is not a recognized config filename extension, so new default Stage attributes created and registered.
I0919 12:40:12.793836 2043707 Simulator.cpp:156] Loading navmesh from /mnt/data_nas/deeprobotics/daiyang/vla/third_party/ETP-R1/data/scene_datasets/mp3d/XcA2TqTSSAj/XcA2TqTSSAj.navmesh
I0919 12:40:12.794806 2043707 Simulator.cpp:158] Loaded.
I0919 12:40:12.794813 2043707 SceneGraph.h:93] Created DrawableGroup: 
Renderer: NVIDIA GeForce RTX 5090/PCIe/SSE2 by NVIDIA Corporation
OpenGL version: 4.6.0 NVIDIA 580.126.09
Using optional features:
    GL_ARB_ES2_compatibility
    GL_ARB_direct_state_access
    GL_ARB_get_texture_sub_image
    GL_ARB_invalidate_subdata
    GL_ARB_multi_bind
    GL_ARB_robustness
    GL_ARB_separate_shader_objects
    GL_ARB_texture_filter_anisotropic
    GL_ARB_texture_storage
    GL_ARB_texture_storage_multisample
    GL_ARB_vertex_array_object
    GL_KHR_debug
Using driver workarounds:
    no-forward-compatible-core-context
    nv-egl-incorrect-gl11-function-pointers
    no-layout-qualifiers-on-old-glsl
    nv-zero-context-profile-mask
    nv-implementation-color-read-format-dsa-broken
    nv-cubemap-inconsistent-compressed-image-size
    nv-cubemap-broken-full-compressed-image-query
    nv-compressed-block-size-in-bits
I0919 12:40:12.798365 2043707 ResourceManager.cpp:234] ResourceManager::loadStage : Not loading semantic mesh
I0919 12:40:12.798373 2043707 ResourceManager.cpp:262] ResourceManager::loadStage : start load render asset /mnt/data_nas/deeprobotics/daiyang/vla/third_party/ETP-R1/data/scene_datasets/mp3d/XcA2TqTSSAj/XcA2TqTSSAj.glb.
I0919 12:40:12.798375 2043707 ResourceManager.cpp:569] ResourceManager::loadStageInternal : Attempting to load stage /mnt/data_nas/deeprobotics/daiyang/vla/third_party/ETP-R1/data/scene_datasets/mp3d/XcA2TqTSSAj/XcA2TqTSSAj.glb 
I0919 12:40:12.798391 2043707 ResourceManager.cpp:1119] Importing Basis files as BC7 for XcA2TqTSSAj.glb
W0919 12:40:14.713033 2043707 Simulator.cpp:248] :
---
 The active scene does not contain semantic annotations. 
---
I0919 12:40:14.762163 2043707 simulator.py:213] Loaded navmesh /mnt/data_nas/deeprobotics/daiyang/vla/third_party/ETP-R1/data/scene_datasets/mp3d/XcA2TqTSSAj/XcA2TqTSSAj.navmesh
I0919 12:41:31.414305 2043707 PhysicsManager.cpp:33] Deconstructing PhysicsManager
I0919 12:41:31.414345 2043707 SemanticScene.h:41] Deconstructing SemanticScene
I0919 12:41:31.416460 2043707 SceneManager.h:25] Deconstructing SceneManager
I0919 12:41:31.416469 2043707 SceneGraph.h:26] Deconstructing SceneGraph
I0919 12:41:31.416996 2043707 Sensor.h:87] Deconstructing Sensor
I0919 12:41:31.419548 2043707 Renderer.cpp:34] Deconstructing Renderer
I0919 12:41:31.419571 2043707 WindowlessContext.h:17] Deconstructing WindowlessContext
I0919 12:41:31.426028 2043707 ManagedContainerBase.cpp:19] ManagedContainerBase::convertFilenameToJSON : Filename : default changed to proposed JSON configuration filename : default.scene_dataset_config.json
I0919 12:41:31.426043 2043707 AttributesManagerBase.h:283] AttributesManager<T>::createFromJsonOrDefaultInternal  (Dataset) : Proposing JSON name : default.scene_dataset_config.json from original name : default | This file  does not exist.
I0919 12:41:31.426146 2043707 AssetAttributesManager.cpp:117] Asset attributes (capsule3DSolid : capsule3DSolid_hemiRings_4_cylRings_1_segments_12_halfLen_0.75_useTexCoords_false_useTangents_false) created and registered.
I0919 12:41:31.426172 2043707 AssetAttributesManager.cpp:117] Asset attributes (capsule3DWireframe : capsule3DWireframe_hemiRings_8_cylRings_1_segments_16_halfLen_1) created and registered.
I0919 12:41:31.426195 2043707 AssetAttributesManager.cpp:117] Asset attributes (coneSolid : coneSolid_segments_12_halfLen_1.25_rings_1_useTexCoords_false_useTangents_false_capEnd_true) created and registered.
I0919 12:41:31.426209 2043707 AssetAttributesManager.cpp:117] Asset attributes (coneWireframe : coneWireframe_segments_32_halfLen_1.25) created and registered.
I0919 12:41:31.426218 2043707 AssetAttributesManager.cpp:117] Asset attributes (cubeSolid : cubeSolid) created and registered.
I0919 12:41:31.426224 2043707 AssetAttributesManager.cpp:117] Asset attributes (cubeWireframe : cubeWireframe) created and registered.
I0919 12:41:31.426242 2043707 AssetAttributesManager.cpp:117] Asset attributes (cylinderSolid : cylinderSolid_rings_1_segments_12_halfLen_1_useTexCoords_false_useTangents_false_capEnds_true) created and registered.
I0919 12:41:31.426259 2043707 AssetAttributesManager.cpp:117] Asset attributes (cylinderWireframe : cylinderWireframe_rings_1_segments_32_halfLen_1) created and registered.
I0919 12:41:31.426275 2043707 AssetAttributesManager.cpp:117] Asset attributes (icosphereSolid : icosphereSolid_subdivs_1) created and registered.
I0919 12:41:31.426282 2043707 AssetAttributesManager.cpp:117] Asset attributes (icosphereWireframe : icosphereWireframe_subdivs_1) created and registered.
I0919 12:41:31.426296 2043707 AssetAttributesManager.cpp:117] Asset attributes (uvSphereSolid : uvSphereSolid_rings_8_segments_16_useTexCoords_false_useTangents_false) created and registered.
I0919 12:41:31.426308 2043707 AssetAttributesManager.cpp:117] Asset attributes (uvSphereWireframe : uvSphereWireframe_rings_16_segments_32) created and registered.
I0919 12:41:31.426314 2043707 AssetAttributesManager.cpp:105] AssetAttributesManager::buildCtorFuncPtrMaps : Built default primitive asset templates : 12
I0919 12:41:31.426698 2043707 SceneDatasetAttributesManager.cpp:23] File (default) not found, so new default dataset attributes created and registered.
I0919 12:41:31.426702 2043707 MetadataMediator.cpp:47] MetadataMediator::createDataset : Dataset default successfully created.
I0919 12:41:31.426882 2043707 AttributesManagerBase.h:283] AttributesManager<T>::createFromJsonOrDefaultInternal  (Physics Manager) : Proposing JSON name : ./data/default.physics_config.json from original name : ./data/default.physics_config.json | This file  does not exist.
I0919 12:41:31.426892 2043707 PhysicsAttributesManager.cpp:27] File (./data/default.physics_config.json) not found, so new default physics manager attributes created and registered.
I0919 12:41:31.426896 2043707 AbstractObjectAttributesManagerBase.h:175] AbstractObjectAttributesManager<T>::createObject  (Stage) : Making attributes with handle : /mnt/data_nas/deeprobotics/daiyang/vla/third_party/ETP-R1/data/scene_datasets/mp3d/aayBHfsNo7d/aayBHfsNo7d.glb
I0919 12:41:31.426905 2043707 ManagedContainerBase.cpp:19] ManagedContainerBase::convertFilenameToJSON : Filename : /mnt/data_nas/deeprobotics/daiyang/vla/third_party/ETP-R1/data/scene_datasets/mp3d/aayBHfsNo7d/aayBHfsNo7d.glb changed to proposed JSON configuration filename : /mnt/data_nas/deeprobotics/daiyang/vla/third_party/ETP-R1/data/scene_datasets/mp3d/aayBHfsNo7d/aayBHfsNo7d.stage_config.json
I0919 12:41:31.426915 2043707 AttributesManagerBase.h:283] AttributesManager<T>::createFromJsonOrDefaultInternal  (Stage) : Proposing JSON name : /mnt/data_nas/deeprobotics/daiyang/vla/third_party/ETP-R1/data/scene_datasets/mp3d/aayBHfsNo7d/aayBHfsNo7d.stage_config.json from original name : /mnt/data_nas/deeprobotics/daiyang/vla/third_party/ETP-R1/data/scene_datasets/mp3d/aayBHfsNo7d/aayBHfsNo7d.glb | This file  does not exist.
I0919 12:41:31.426960 2043707 AbstractObjectAttributesManagerBase.h:181] AbstractObjectAttributesManager<T>::createObject  (Stage) : Done making attributes with handle : /mnt/data_nas/deeprobotics/daiyang/vla/third_party/ETP-R1/data/scene_datasets/mp3d/aayBHfsNo7d/aayBHfsNo7d.glb
I0919 12:41:31.426962 2043707 AbstractObjectAttributesManagerBase.h:188] File (/mnt/data_nas/deeprobotics/daiyang/vla/third_party/ETP-R1/data/scene_datasets/mp3d/aayBHfsNo7d/aayBHfsNo7d.glb) exists but is not a recognized config filename extension, so new default Stage attributes created and registered.
I0919 12:41:31.426967 2043707 Simulator.cpp:156] Loading navmesh from /mnt/data_nas/deeprobotics/daiyang/vla/third_party/ETP-R1/data/scene_datasets/mp3d/aayBHfsNo7d/aayBHfsNo7d.navmesh
I0919 12:41:31.428073 2043707 Simulator.cpp:158] Loaded.
I0919 12:41:31.428081 2043707 SceneGraph.h:93] Created DrawableGroup: 
Renderer: NVIDIA GeForce RTX 5090/PCIe/SSE2 by NVIDIA Corporation
OpenGL version: 4.6.0 NVIDIA 580.126.09
Using optional features:
    GL_ARB_ES2_compatibility
    GL_ARB_direct_state_access
    GL_ARB_get_texture_sub_image
    GL_ARB_invalidate_subdata
    GL_ARB_multi_bind
    GL_ARB_robustness
    GL_ARB_separate_shader_objects
    GL_ARB_texture_filter_anisotropic
    GL_ARB_texture_storage
    GL_ARB_texture_storage_multisample
    GL_ARB_vertex_array_object
    GL_KHR_debug
Using driver workarounds:
    no-forward-compatible-core-context
    nv-egl-incorrect-gl11-function-pointers
    no-layout-qualifiers-on-old-glsl
    nv-zero-context-profile-mask
    nv-implementation-color-read-format-dsa-broken
    nv-cubemap-inconsistent-compressed-image-size
    nv-cubemap-broken-full-compressed-image-query
    nv-compressed-block-size-in-bits
I0919 12:41:31.431514 2043707 ResourceManager.cpp:234] ResourceManager::loadStage : Not loading semantic mesh
I0919 12:41:31.431522 2043707 ResourceManager.cpp:262] ResourceManager::loadStage : start load render asset /mnt/data_nas/deeprobotics/daiyang/vla/third_party/ETP-R1/data/scene_datasets/mp3d/aayBHfsNo7d/aayBHfsNo7d.glb.
I0919 12:41:31.431525 2043707 ResourceManager.cpp:569] ResourceManager::loadStageInternal : Attempting to load stage /mnt/data_nas/deeprobotics/daiyang/vla/third_party/ETP-R1/data/scene_datasets/mp3d/aayBHfsNo7d/aayBHfsNo7d.glb 
I0919 12:41:31.431540 2043707 ResourceManager.cpp:1119] Importing Basis files as BC7 for aayBHfsNo7d.glb
W0919 12:41:33.024159 2043707 Simulator.cpp:248] :
---
 The active scene does not contain semantic annotations. 
---
I0919 12:41:33.064385 2043707 simulator.py:213] Loaded navmesh /mnt/data_nas/deeprobotics/daiyang/vla/third_party/ETP-R1/data/scene_datasets/mp3d/aayBHfsNo7d/aayBHfsNo7d.navmesh
I0919 12:41:33.377743 2043707 Simulator.cpp:49] Deconstructing Simulator
I0919 12:41:33.377918 2043707 Simulator.cpp:49] Deconstructing Simulator
I0919 12:41:33.378088 2043707 Simulator.cpp:49] Deconstructing Simulator
I0919 12:41:33.378188 2043707 Simulator.cpp:49] Deconstructing Simulator
I0919 12:41:33.378293 2043707 Simulator.cpp:49] Deconstructing Simulator
I0919 12:41:33.378383 2043707 Simulator.cpp:49] Deconstructing Simulator
I0919 12:41:33.378469 2043707 Simulator.cpp:49] Deconstructing Simulator
I0919 12:41:33.378568 2043707 Simulator.cpp:49] Deconstructing Simulator
I0919 12:42:07.127838 2043707 PhysicsManager.cpp:33] Deconstructing PhysicsManager
I0919 12:42:07.127872 2043707 SemanticScene.h:41] Deconstructing SemanticScene
I0919 12:42:07.129774 2043707 SceneManager.h:25] Deconstructing SceneManager
I0919 12:42:07.129782 2043707 SceneGraph.h:26] Deconstructing SceneGraph
I0919 12:42:07.129973 2043707 Sensor.h:87] Deconstructing Sensor
I0919 12:42:07.131865 2043707 Renderer.cpp:34] Deconstructing Renderer
I0919 12:42:07.131886 2043707 WindowlessContext.h:17] Deconstructing WindowlessContext
I0919 12:42:07.137283 2043707 ManagedContainerBase.cpp:19] ManagedContainerBase::convertFilenameToJSON : Filename : default changed to proposed JSON configuration filename : default.scene_dataset_config.json
I0919 12:42:07.137297 2043707 AttributesManagerBase.h:283] AttributesManager<T>::createFromJsonOrDefaultInternal  (Dataset) : Proposing JSON name : default.scene_dataset_config.json from original name : default | This file  does not exist.
I0919 12:42:07.137439 2043707 AssetAttributesManager.cpp:117] Asset attributes (capsule3DSolid : capsule3DSolid_hemiRings_4_cylRings_1_segments_12_halfLen_0.75_useTexCoords_false_useTangents_false) created and registered.
I0919 12:42:07.137467 2043707 AssetAttributesManager.cpp:117] Asset attributes (capsule3DWireframe : capsule3DWireframe_hemiRings_8_cylRings_1_segments_16_halfLen_1) created and registered.
I0919 12:42:07.137493 2043707 AssetAttributesManager.cpp:117] Asset attributes (coneSolid : coneSolid_segments_12_halfLen_1.25_rings_1_useTexCoords_false_useTangents_false_capEnd_true) created and registered.
I0919 12:42:07.137509 2043707 AssetAttributesManager.cpp:117] Asset attributes (coneWireframe : coneWireframe_segments_32_halfLen_1.25) created and registered.
I0919 12:42:07.137517 2043707 AssetAttributesManager.cpp:117] Asset attributes (cubeSolid : cubeSolid) created and registered.
I0919 12:42:07.137523 2043707 AssetAttributesManager.cpp:117] Asset attributes (cubeWireframe : cubeWireframe) created and registered.
I0919 12:42:07.137543 2043707 AssetAttributesManager.cpp:117] Asset attributes (cylinderSolid : cylinderSolid_rings_1_segments_12_halfLen_1_useTexCoords_false_useTangents_false_capEnds_true) created and registered.
I0919 12:42:07.137560 2043707 AssetAttributesManager.cpp:117] Asset attributes (cylinderWireframe : cylinderWireframe_rings_1_segments_32_halfLen_1) created and registered.
I0919 12:42:07.137569 2043707 AssetAttributesManager.cpp:117] Asset attributes (icosphereSolid : icosphereSolid_subdivs_1) created and registered.
I0919 12:42:07.137578 2043707 AssetAttributesManager.cpp:117] Asset attributes (icosphereWireframe : icosphereWireframe_subdivs_1) created and registered.
I0919 12:42:07.137590 2043707 AssetAttributesManager.cpp:117] Asset attributes (uvSphereSolid : uvSphereSolid_rings_8_segments_16_useTexCoords_false_useTangents_false) created and registered.
I0919 12:42:07.137603 2043707 AssetAttributesManager.cpp:117] Asset attributes (uvSphereWireframe : uvSphereWireframe_rings_16_segments_32) created and registered.
I0919 12:42:07.137609 2043707 AssetAttributesManager.cpp:105] AssetAttributesManager::buildCtorFuncPtrMaps : Built default primitive asset templates : 12
I0919 12:42:07.138011 2043707 SceneDatasetAttributesManager.cpp:23] File (default) not found, so new default dataset attributes created and registered.
I0919 12:42:07.138013 2043707 MetadataMediator.cpp:47] MetadataMediator::createDataset : Dataset default successfully created.
I0919 12:42:07.138218 2043707 AttributesManagerBase.h:283] AttributesManager<T>::createFromJsonOrDefaultInternal  (Physics Manager) : Proposing JSON name : ./data/default.physics_config.json from original name : ./data/default.physics_config.json | This file  does not exist.
I0919 12:42:07.138230 2043707 PhysicsAttributesManager.cpp:27] File (./data/default.physics_config.json) not found, so new default physics manager attributes created and registered.
I0919 12:42:07.138234 2043707 AbstractObjectAttributesManagerBase.h:175] AbstractObjectAttributesManager<T>::createObject  (Stage) : Making attributes with handle : /mnt/data_nas/deeprobotics/daiyang/vla/third_party/ETP-R1/data/scene_datasets/mp3d/82sE5b5pLXE/82sE5b5pLXE.glb
I0919 12:42:07.138243 2043707 ManagedContainerBase.cpp:19] ManagedContainerBase::convertFilenameToJSON : Filename : /mnt/data_nas/deeprobotics/daiyang/vla/third_party/ETP-R1/data/scene_datasets/mp3d/82sE5b5pLXE/82sE5b5pLXE.glb changed to proposed JSON configuration filename : /mnt/data_nas/deeprobotics/daiyang/vla/third_party/ETP-R1/data/scene_datasets/mp3d/82sE5b5pLXE/82sE5b5pLXE.stage_config.json
I0919 12:42:07.138254 2043707 AttributesManagerBase.h:283] AttributesManager<T>::createFromJsonOrDefaultInternal  (Stage) : Proposing JSON name : /mnt/data_nas/deeprobotics/daiyang/vla/third_party/ETP-R1/data/scene_datasets/mp3d/82sE5b5pLXE/82sE5b5pLXE.stage_config.json from original name : /mnt/data_nas/deeprobotics/daiyang/vla/third_party/ETP-R1/data/scene_datasets/mp3d/82sE5b5pLXE/82sE5b5pLXE.glb | This file  does not exist.
I0919 12:42:07.138307 2043707 AbstractObjectAttributesManagerBase.h:181] AbstractObjectAttributesManager<T>::createObject  (Stage) : Done making attributes with handle : /mnt/data_nas/deeprobotics/daiyang/vla/third_party/ETP-R1/data/scene_datasets/mp3d/82sE5b5pLXE/82sE5b5pLXE.glb
I0919 12:42:07.138309 2043707 AbstractObjectAttributesManagerBase.h:188] File (/mnt/data_nas/deeprobotics/daiyang/vla/third_party/ETP-R1/data/scene_datasets/mp3d/82sE5b5pLXE/82sE5b5pLXE.glb) exists but is not a recognized config filename extension, so new default Stage attributes created and registered.
I0919 12:42:07.138314 2043707 Simulator.cpp:156] Loading navmesh from /mnt/data_nas/deeprobotics/daiyang/vla/third_party/ETP-R1/data/scene_datasets/mp3d/82sE5b5pLXE/82sE5b5pLXE.navmesh
I0919 12:42:07.139190 2043707 Simulator.cpp:158] Loaded.
I0919 12:42:07.139199 2043707 SceneGraph.h:93] Created DrawableGroup: 
Renderer: NVIDIA GeForce RTX 5090/PCIe/SSE2 by NVIDIA Corporation
OpenGL version: 4.6.0 NVIDIA 580.126.09
Using optional features:
    GL_ARB_ES2_compatibility
    GL_ARB_direct_state_access
    GL_ARB_get_texture_sub_image
    GL_ARB_invalidate_subdata
    GL_ARB_multi_bind
    GL_ARB_robustness
    GL_ARB_separate_shader_objects
    GL_ARB_texture_filter_anisotropic
    GL_ARB_texture_storage
    GL_ARB_texture_storage_multisample
    GL_ARB_vertex_array_object
    GL_KHR_debug
Using driver workarounds:
    no-forward-compatible-core-context
    nv-egl-incorrect-gl11-function-pointers
    no-layout-qualifiers-on-old-glsl
    nv-zero-context-profile-mask
    nv-implementation-color-read-format-dsa-broken
    nv-cubemap-inconsistent-compressed-image-size
    nv-cubemap-broken-full-compressed-image-query
    nv-compressed-block-size-in-bits
I0919 12:42:07.142709 2043707 ResourceManager.cpp:234] ResourceManager::loadStage : Not loading semantic mesh
I0919 12:42:07.142719 2043707 ResourceManager.cpp:262] ResourceManager::loadStage : start load render asset /mnt/data_nas/deeprobotics/daiyang/vla/third_party/ETP-R1/data/scene_datasets/mp3d/82sE5b5pLXE/82sE5b5pLXE.glb.
I0919 12:42:07.142720 2043707 ResourceManager.cpp:569] ResourceManager::loadStageInternal : Attempting to load stage /mnt/data_nas/deeprobotics/daiyang/vla/third_party/ETP-R1/data/scene_datasets/mp3d/82sE5b5pLXE/82sE5b5pLXE.glb 
I0919 12:42:07.142736 2043707 ResourceManager.cpp:1119] Importing Basis files as BC7 for 82sE5b5pLXE.glb
W0919 12:42:09.139418 2043707 Simulator.cpp:248] :
---
 The active scene does not contain semantic annotations. 
---
I0919 12:42:09.175092 2043707 simulator.py:213] Loaded navmesh /mnt/data_nas/deeprobotics/daiyang/vla/third_party/ETP-R1/data/scene_datasets/mp3d/82sE5b5pLXE/82sE5b5pLXE.navmesh
I0919 12:44:11.808871 2043707 PhysicsManager.cpp:33] Deconstructing PhysicsManager
I0919 12:44:11.808908 2043707 SemanticScene.h:41] Deconstructing SemanticScene
I0919 12:44:11.810107 2043707 SceneManager.h:25] Deconstructing SceneManager
I0919 12:44:11.810114 2043707 SceneGraph.h:26] Deconstructing SceneGraph
I0919 12:44:11.810351 2043707 Sensor.h:87] Deconstructing Sensor
I0919 12:44:11.812975 2043707 Renderer.cpp:34] Deconstructing Renderer
I0919 12:44:11.812995 2043707 WindowlessContext.h:17] Deconstructing WindowlessContext
I0919 12:44:11.818703 2043707 ManagedContainerBase.cpp:19] ManagedContainerBase::convertFilenameToJSON : Filename : default changed to proposed JSON configuration filename : default.scene_dataset_config.json
I0919 12:44:11.818720 2043707 AttributesManagerBase.h:283] AttributesManager<T>::createFromJsonOrDefaultInternal  (Dataset) : Proposing JSON name : default.scene_dataset_config.json from original name : default | This file  does not exist.
I0919 12:44:11.818851 2043707 AssetAttributesManager.cpp:117] Asset attributes (capsule3DSolid : capsule3DSolid_hemiRings_4_cylRings_1_segments_12_halfLen_0.75_useTexCoords_false_useTangents_false) created and registered.
I0919 12:44:11.818878 2043707 AssetAttributesManager.cpp:117] Asset attributes (capsule3DWireframe : capsule3DWireframe_hemiRings_8_cylRings_1_segments_16_halfLen_1) created and registered.
I0919 12:44:11.818902 2043707 AssetAttributesManager.cpp:117] Asset attributes (coneSolid : coneSolid_segments_12_halfLen_1.25_rings_1_useTexCoords_false_useTangents_false_capEnd_true) created and registered.
I0919 12:44:11.818915 2043707 AssetAttributesManager.cpp:117] Asset attributes (coneWireframe : coneWireframe_segments_32_halfLen_1.25) created and registered.
I0919 12:44:11.818924 2043707 AssetAttributesManager.cpp:117] Asset attributes (cubeSolid : cubeSolid) created and registered.
I0919 12:44:11.818930 2043707 AssetAttributesManager.cpp:117] Asset attributes (cubeWireframe : cubeWireframe) created and registered.
I0919 12:44:11.818949 2043707 AssetAttributesManager.cpp:117] Asset attributes (cylinderSolid : cylinderSolid_rings_1_segments_12_halfLen_1_useTexCoords_false_useTangents_false_capEnds_true) created and registered.
I0919 12:44:11.818967 2043707 AssetAttributesManager.cpp:117] Asset attributes (cylinderWireframe : cylinderWireframe_rings_1_segments_32_halfLen_1) created and registered.
I0919 12:44:11.818977 2043707 AssetAttributesManager.cpp:117] Asset attributes (icosphereSolid : icosphereSolid_subdivs_1) created and registered.
I0919 12:44:11.818986 2043707 AssetAttributesManager.cpp:117] Asset attributes (icosphereWireframe : icosphereWireframe_subdivs_1) created and registered.
I0919 12:44:11.819000 2043707 AssetAttributesManager.cpp:117] Asset attributes (uvSphereSolid : uvSphereSolid_rings_8_segments_16_useTexCoords_false_useTangents_false) created and registered.
I0919 12:44:11.819012 2043707 AssetAttributesManager.cpp:117] Asset attributes (uvSphereWireframe : uvSphereWireframe_rings_16_segments_32) created and registered.
I0919 12:44:11.819018 2043707 AssetAttributesManager.cpp:105] AssetAttributesManager::buildCtorFuncPtrMaps : Built default primitive asset templates : 12
I0919 12:44:11.819411 2043707 SceneDatasetAttributesManager.cpp:23] File (default) not found, so new default dataset attributes created and registered.
I0919 12:44:11.819413 2043707 MetadataMediator.cpp:47] MetadataMediator::createDataset : Dataset default successfully created.
I0919 12:44:11.819603 2043707 AttributesManagerBase.h:283] AttributesManager<T>::createFromJsonOrDefaultInternal  (Physics Manager) : Proposing JSON name : ./data/default.physics_config.json from original name : ./data/default.physics_config.json | This file  does not exist.
I0919 12:44:11.819614 2043707 PhysicsAttributesManager.cpp:27] File (./data/default.physics_config.json) not found, so new default physics manager attributes created and registered.
I0919 12:44:11.819618 2043707 AbstractObjectAttributesManagerBase.h:175] AbstractObjectAttributesManager<T>::createObject  (Stage) : Making attributes with handle : /mnt/data_nas/deeprobotics/daiyang/vla/third_party/ETP-R1/data/scene_datasets/mp3d/B6ByNegPMKs/B6ByNegPMKs.glb
I0919 12:44:11.819622 2043707 ManagedContainerBase.cpp:19] ManagedContainerBase::convertFilenameToJSON : Filename : /mnt/data_nas/deeprobotics/daiyang/vla/third_party/ETP-R1/data/scene_datasets/mp3d/B6ByNegPMKs/B6ByNegPMKs.glb changed to proposed JSON configuration filename : /mnt/data_nas/deeprobotics/daiyang/vla/third_party/ETP-R1/data/scene_datasets/mp3d/B6ByNegPMKs/B6ByNegPMKs.stage_config.json
I0919 12:44:11.819638 2043707 AttributesManagerBase.h:283] AttributesManager<T>::createFromJsonOrDefaultInternal  (Stage) : Proposing JSON name : /mnt/data_nas/deeprobotics/daiyang/vla/third_party/ETP-R1/data/scene_datasets/mp3d/B6ByNegPMKs/B6ByNegPMKs.stage_config.json from original name : /mnt/data_nas/deeprobotics/daiyang/vla/third_party/ETP-R1/data/scene_datasets/mp3d/B6ByNegPMKs/B6ByNegPMKs.glb | This file  does not exist.
I0919 12:44:11.819684 2043707 AbstractObjectAttributesManagerBase.h:181] AbstractObjectAttributesManager<T>::createObject  (Stage) : Done making attributes with handle : /mnt/data_nas/deeprobotics/daiyang/vla/third_party/ETP-R1/data/scene_datasets/mp3d/B6ByNegPMKs/B6ByNegPMKs.glb
I0919 12:44:11.819686 2043707 AbstractObjectAttributesManagerBase.h:188] File (/mnt/data_nas/deeprobotics/daiyang/vla/third_party/ETP-R1/data/scene_datasets/mp3d/B6ByNegPMKs/B6ByNegPMKs.glb) exists but is not a recognized config filename extension, so new default Stage attributes created and registered.
I0919 12:44:11.819690 2043707 Simulator.cpp:156] Loading navmesh from /mnt/data_nas/deeprobotics/daiyang/vla/third_party/ETP-R1/data/scene_datasets/mp3d/B6ByNegPMKs/B6ByNegPMKs.navmesh
I0919 12:44:11.821444 2043707 Simulator.cpp:158] Loaded.
I0919 12:44:11.821452 2043707 SceneGraph.h:93] Created DrawableGroup: 
Renderer: NVIDIA GeForce RTX 5090/PCIe/SSE2 by NVIDIA Corporation
OpenGL version: 4.6.0 NVIDIA 580.126.09
Using optional features:
    GL_ARB_ES2_compatibility
    GL_ARB_direct_state_access
    GL_ARB_get_texture_sub_image
    GL_ARB_invalidate_subdata
    GL_ARB_multi_bind
    GL_ARB_robustness
    GL_ARB_separate_shader_objects
    GL_ARB_texture_filter_anisotropic
    GL_ARB_texture_storage
    GL_ARB_texture_storage_multisample
    GL_ARB_vertex_array_object
    GL_KHR_debug
Using driver workarounds:
    no-forward-compatible-core-context
    nv-egl-incorrect-gl11-function-pointers
    no-layout-qualifiers-on-old-glsl
    nv-zero-context-profile-mask
    nv-implementation-color-read-format-dsa-broken
    nv-cubemap-inconsistent-compressed-image-size
    nv-cubemap-broken-full-compressed-image-query
    nv-compressed-block-size-in-bits
I0919 12:44:11.824880 2043707 ResourceManager.cpp:234] ResourceManager::loadStage : Not loading semantic mesh
I0919 12:44:11.824888 2043707 ResourceManager.cpp:262] ResourceManager::loadStage : start load render asset /mnt/data_nas/deeprobotics/daiyang/vla/third_party/ETP-R1/data/scene_datasets/mp3d/B6ByNegPMKs/B6ByNegPMKs.glb.
I0919 12:44:11.824890 2043707 ResourceManager.cpp:569] ResourceManager::loadStageInternal : Attempting to load stage /mnt/data_nas/deeprobotics/daiyang/vla/third_party/ETP-R1/data/scene_datasets/mp3d/B6ByNegPMKs/B6ByNegPMKs.glb 
I0919 12:44:11.824904 2043707 ResourceManager.cpp:1119] Importing Basis files as BC7 for B6ByNegPMKs.glb
W0919 12:44:21.358774 2043707 Simulator.cpp:248] :
---
 The active scene does not contain semantic annotations. 
---
I0919 12:44:21.553634 2043707 simulator.py:213] Loaded navmesh /mnt/data_nas/deeprobotics/daiyang/vla/third_party/ETP-R1/data/scene_datasets/mp3d/B6ByNegPMKs/B6ByNegPMKs.navmesh
I0919 12:45:10.766947 2043707 PhysicsManager.cpp:33] Deconstructing PhysicsManager
I0919 12:45:10.766985 2043707 SemanticScene.h:41] Deconstructing SemanticScene
I0919 12:45:10.782416 2043707 SceneManager.h:25] Deconstructing SceneManager
I0919 12:45:10.782434 2043707 SceneGraph.h:26] Deconstructing SceneGraph
I0919 12:45:10.782861 2043707 Sensor.h:87] Deconstructing Sensor
I0919 12:45:10.793574 2043707 Renderer.cpp:34] Deconstructing Renderer
I0919 12:45:10.793603 2043707 WindowlessContext.h:17] Deconstructing WindowlessContext
I0919 12:45:10.801769 2043707 ManagedContainerBase.cpp:19] ManagedContainerBase::convertFilenameToJSON : Filename : default changed to proposed JSON configuration filename : default.scene_dataset_config.json
I0919 12:45:10.801793 2043707 AttributesManagerBase.h:283] AttributesManager<T>::createFromJsonOrDefaultInternal  (Dataset) : Proposing JSON name : default.scene_dataset_config.json from original name : default | This file  does not exist.
I0919 12:45:10.801870 2043707 AssetAttributesManager.cpp:117] Asset attributes (capsule3DSolid : capsule3DSolid_hemiRings_4_cylRings_1_segments_12_halfLen_0.75_useTexCoords_false_useTangents_false) created and registered.
I0919 12:45:10.801898 2043707 AssetAttributesManager.cpp:117] Asset attributes (capsule3DWireframe : capsule3DWireframe_hemiRings_8_cylRings_1_segments_16_halfLen_1) created and registered.
I0919 12:45:10.801921 2043707 AssetAttributesManager.cpp:117] Asset attributes (coneSolid : coneSolid_segments_12_halfLen_1.25_rings_1_useTexCoords_false_useTangents_false_capEnd_true) created and registered.
I0919 12:45:10.801936 2043707 AssetAttributesManager.cpp:117] Asset attributes (coneWireframe : coneWireframe_segments_32_halfLen_1.25) created and registered.
I0919 12:45:10.801945 2043707 AssetAttributesManager.cpp:117] Asset attributes (cubeSolid : cubeSolid) created and registered.
I0919 12:45:10.801951 2043707 AssetAttributesManager.cpp:117] Asset attributes (cubeWireframe : cubeWireframe) created and registered.
I0919 12:45:10.801970 2043707 AssetAttributesManager.cpp:117] Asset attributes (cylinderSolid : cylinderSolid_rings_1_segments_12_halfLen_1_useTexCoords_false_useTangents_false_capEnds_true) created and registered.
I0919 12:45:10.801987 2043707 AssetAttributesManager.cpp:117] Asset attributes (cylinderWireframe : cylinderWireframe_rings_1_segments_32_halfLen_1) created and registered.
I0919 12:45:10.801997 2043707 AssetAttributesManager.cpp:117] Asset attributes (icosphereSolid : icosphereSolid_subdivs_1) created and registered.
I0919 12:45:10.802006 2043707 AssetAttributesManager.cpp:117] Asset attributes (icosphereWireframe : icosphereWireframe_subdivs_1) created and registered.
I0919 12:45:10.802019 2043707 AssetAttributesManager.cpp:117] Asset attributes (uvSphereSolid : uvSphereSolid_rings_8_segments_16_useTexCoords_false_useTangents_false) created and registered.
I0919 12:45:10.802032 2043707 AssetAttributesManager.cpp:117] Asset attributes (uvSphereWireframe : uvSphereWireframe_rings_16_segments_32) created and registered.
I0919 12:45:10.802038 2043707 AssetAttributesManager.cpp:105] AssetAttributesManager::buildCtorFuncPtrMaps : Built default primitive asset templates : 12
I0919 12:45:10.802440 2043707 SceneDatasetAttributesManager.cpp:23] File (default) not found, so new default dataset attributes created and registered.
I0919 12:45:10.802443 2043707 MetadataMediator.cpp:47] MetadataMediator::createDataset : Dataset default successfully created.
I0919 12:45:10.803691 2043707 AttributesManagerBase.h:283] AttributesManager<T>::createFromJsonOrDefaultInternal  (Physics Manager) : Proposing JSON name : ./data/default.physics_config.json from original name : ./data/default.physics_config.json | This file  does not exist.
I0919 12:45:10.803704 2043707 PhysicsAttributesManager.cpp:27] File (./data/default.physics_config.json) not found, so new default physics manager attributes created and registered.
I0919 12:45:10.803707 2043707 AbstractObjectAttributesManagerBase.h:175] AbstractObjectAttributesManager<T>::createObject  (Stage) : Making attributes with handle : /mnt/data_nas/deeprobotics/daiyang/vla/third_party/ETP-R1/data/scene_datasets/mp3d/PuKPg4mmafe/PuKPg4mmafe.glb
I0919 12:45:10.803711 2043707 ManagedContainerBase.cpp:19] ManagedContainerBase::convertFilenameToJSON : Filename : /mnt/data_nas/deeprobotics/daiyang/vla/third_party/ETP-R1/data/scene_datasets/mp3d/PuKPg4mmafe/PuKPg4mmafe.glb changed to proposed JSON configuration filename : /mnt/data_nas/deeprobotics/daiyang/vla/third_party/ETP-R1/data/scene_datasets/mp3d/PuKPg4mmafe/PuKPg4mmafe.stage_config.json
I0919 12:45:10.806984 2043707 AttributesManagerBase.h:283] AttributesManager<T>::createFromJsonOrDefaultInternal  (Stage) : Proposing JSON name : /mnt/data_nas/deeprobotics/daiyang/vla/third_party/ETP-R1/data/scene_datasets/mp3d/PuKPg4mmafe/PuKPg4mmafe.stage_config.json from original name : /mnt/data_nas/deeprobotics/daiyang/vla/third_party/ETP-R1/data/scene_datasets/mp3d/PuKPg4mmafe/PuKPg4mmafe.glb | This file  does not exist.
I0919 12:45:10.807039 2043707 AbstractObjectAttributesManagerBase.h:181] AbstractObjectAttributesManager<T>::createObject  (Stage) : Done making attributes with handle : /mnt/data_nas/deeprobotics/daiyang/vla/third_party/ETP-R1/data/scene_datasets/mp3d/PuKPg4mmafe/PuKPg4mmafe.glb
I0919 12:45:10.807041 2043707 AbstractObjectAttributesManagerBase.h:188] File (/mnt/data_nas/deeprobotics/daiyang/vla/third_party/ETP-R1/data/scene_datasets/mp3d/PuKPg4mmafe/PuKPg4mmafe.glb) exists but is not a recognized config filename extension, so new default Stage attributes created and registered.
I0919 12:45:10.807046 2043707 Simulator.cpp:156] Loading navmesh from /mnt/data_nas/deeprobotics/daiyang/vla/third_party/ETP-R1/data/scene_datasets/mp3d/PuKPg4mmafe/PuKPg4mmafe.navmesh
I0919 12:45:10.808444 2043707 Simulator.cpp:158] Loaded.
I0919 12:45:10.808452 2043707 SceneGraph.h:93] Created DrawableGroup: 
Renderer: NVIDIA GeForce RTX 5090/PCIe/SSE2 by NVIDIA Corporation
OpenGL version: 4.6.0 NVIDIA 580.126.09
Using optional features:
    GL_ARB_ES2_compatibility
    GL_ARB_direct_state_access
    GL_ARB_get_texture_sub_image
    GL_ARB_invalidate_subdata
    GL_ARB_multi_bind
    GL_ARB_robustness
    GL_ARB_separate_shader_objects
    GL_ARB_texture_filter_anisotropic
    GL_ARB_texture_storage
    GL_ARB_texture_storage_multisample
    GL_ARB_vertex_array_object
    GL_KHR_debug
Using driver workarounds:
    no-forward-compatible-core-context
    nv-egl-incorrect-gl11-function-pointers
    no-layout-qualifiers-on-old-glsl
    nv-zero-context-profile-mask
    nv-implementation-color-read-format-dsa-broken
    nv-cubemap-inconsistent-compressed-image-size
    nv-cubemap-broken-full-compressed-image-query
    nv-compressed-block-size-in-bits
I0919 12:45:10.812069 2043707 ResourceManager.cpp:234] ResourceManager::loadStage : Not loading semantic mesh
I0919 12:45:10.812076 2043707 ResourceManager.cpp:262] ResourceManager::loadStage : start load render asset /mnt/data_nas/deeprobotics/daiyang/vla/third_party/ETP-R1/data/scene_datasets/mp3d/PuKPg4mmafe/PuKPg4mmafe.glb.
I0919 12:45:10.812079 2043707 ResourceManager.cpp:569] ResourceManager::loadStageInternal : Attempting to load stage /mnt/data_nas/deeprobotics/daiyang/vla/third_party/ETP-R1/data/scene_datasets/mp3d/PuKPg4mmafe/PuKPg4mmafe.glb 
I0919 12:45:10.812093 2043707 ResourceManager.cpp:1119] Importing Basis files as BC7 for PuKPg4mmafe.glb
W0919 12:45:15.489773 2043707 Simulator.cpp:248] :
---
 The active scene does not contain semantic annotations. 
---
I0919 12:45:15.510176 2043707 simulator.py:213] Loaded navmesh /mnt/data_nas/deeprobotics/daiyang/vla/third_party/ETP-R1/data/scene_datasets/mp3d/PuKPg4mmafe/PuKPg4mmafe.navmesh
I0919 12:47:12.400347 2043707 PhysicsManager.cpp:33] Deconstructing PhysicsManager
I0919 12:47:12.400396 2043707 SemanticScene.h:41] Deconstructing SemanticScene
I0919 12:47:12.401346 2043707 SceneManager.h:25] Deconstructing SceneManager
I0919 12:47:12.401351 2043707 SceneGraph.h:26] Deconstructing SceneGraph
I0919 12:47:12.401572 2043707 Sensor.h:87] Deconstructing Sensor
I0919 12:47:12.406240 2043707 Renderer.cpp:34] Deconstructing Renderer
I0919 12:47:12.406263 2043707 WindowlessContext.h:17] Deconstructing WindowlessContext
I0919 12:47:12.420444 2043707 ManagedContainerBase.cpp:19] ManagedContainerBase::convertFilenameToJSON : Filename : default changed to proposed JSON configuration filename : default.scene_dataset_config.json
I0919 12:47:12.420461 2043707 AttributesManagerBase.h:283] AttributesManager<T>::createFromJsonOrDefaultInternal  (Dataset) : Proposing JSON name : default.scene_dataset_config.json from original name : default | This file  does not exist.
I0919 12:47:12.420539 2043707 AssetAttributesManager.cpp:117] Asset attributes (capsule3DSolid : capsule3DSolid_hemiRings_4_cylRings_1_segments_12_halfLen_0.75_useTexCoords_false_useTangents_false) created and registered.
I0919 12:47:12.420571 2043707 AssetAttributesManager.cpp:117] Asset attributes (capsule3DWireframe : capsule3DWireframe_hemiRings_8_cylRings_1_segments_16_halfLen_1) created and registered.
I0919 12:47:12.420596 2043707 AssetAttributesManager.cpp:117] Asset attributes (coneSolid : coneSolid_segments_12_halfLen_1.25_rings_1_useTexCoords_false_useTangents_false_capEnd_true) created and registered.
I0919 12:47:12.420610 2043707 AssetAttributesManager.cpp:117] Asset attributes (coneWireframe : coneWireframe_segments_32_halfLen_1.25) created and registered.
I0919 12:47:12.420619 2043707 AssetAttributesManager.cpp:117] Asset attributes (cubeSolid : cubeSolid) created and registered.
I0919 12:47:12.420625 2043707 AssetAttributesManager.cpp:117] Asset attributes (cubeWireframe : cubeWireframe) created and registered.
I0919 12:47:12.420644 2043707 AssetAttributesManager.cpp:117] Asset attributes (cylinderSolid : cylinderSolid_rings_1_segments_12_halfLen_1_useTexCoords_false_useTangents_false_capEnds_true) created and registered.
I0919 12:47:12.420662 2043707 AssetAttributesManager.cpp:117] Asset attributes (cylinderWireframe : cylinderWireframe_rings_1_segments_32_halfLen_1) created and registered.
I0919 12:47:12.420672 2043707 AssetAttributesManager.cpp:117] Asset attributes (icosphereSolid : icosphereSolid_subdivs_1) created and registered.
I0919 12:47:12.420681 2043707 AssetAttributesManager.cpp:117] Asset attributes (icosphereWireframe : icosphereWireframe_subdivs_1) created and registered.
I0919 12:47:12.420696 2043707 AssetAttributesManager.cpp:117] Asset attributes (uvSphereSolid : uvSphereSolid_rings_8_segments_16_useTexCoords_false_useTangents_false) created and registered.
I0919 12:47:12.420707 2043707 AssetAttributesManager.cpp:117] Asset attributes (uvSphereWireframe : uvSphereWireframe_rings_16_segments_32) created and registered.
I0919 12:47:12.420714 2043707 AssetAttributesManager.cpp:105] AssetAttributesManager::buildCtorFuncPtrMaps : Built default primitive asset templates : 12
I0919 12:47:12.421109 2043707 SceneDatasetAttributesManager.cpp:23] File (default) not found, so new default dataset attributes created and registered.
I0919 12:47:12.421113 2043707 MetadataMediator.cpp:47] MetadataMediator::createDataset : Dataset default successfully created.
I0919 12:47:12.421315 2043707 AttributesManagerBase.h:283] AttributesManager<T>::createFromJsonOrDefaultInternal  (Physics Manager) : Proposing JSON name : ./data/default.physics_config.json from original name : ./data/default.physics_config.json | This file  does not exist.
I0919 12:47:12.421327 2043707 PhysicsAttributesManager.cpp:27] File (./data/default.physics_config.json) not found, so new default physics manager attributes created and registered.
I0919 12:47:12.421330 2043707 AbstractObjectAttributesManagerBase.h:175] AbstractObjectAttributesManager<T>::createObject  (Stage) : Making attributes with handle : /mnt/data_nas/deeprobotics/daiyang/vla/third_party/ETP-R1/data/scene_datasets/mp3d/XcA2TqTSSAj/XcA2TqTSSAj.glb
I0919 12:47:12.421334 2043707 ManagedContainerBase.cpp:19] ManagedContainerBase::convertFilenameToJSON : Filename : /mnt/data_nas/deeprobotics/daiyang/vla/third_party/ETP-R1/data/scene_datasets/mp3d/XcA2TqTSSAj/XcA2TqTSSAj.glb changed to proposed JSON configuration filename : /mnt/data_nas/deeprobotics/daiyang/vla/third_party/ETP-R1/data/scene_datasets/mp3d/XcA2TqTSSAj/XcA2TqTSSAj.stage_config.json
I0919 12:47:12.421345 2043707 AttributesManagerBase.h:283] AttributesManager<T>::createFromJsonOrDefaultInternal  (Stage) : Proposing JSON name : /mnt/data_nas/deeprobotics/daiyang/vla/third_party/ETP-R1/data/scene_datasets/mp3d/XcA2TqTSSAj/XcA2TqTSSAj.stage_config.json from original name : /mnt/data_nas/deeprobotics/daiyang/vla/third_party/ETP-R1/data/scene_datasets/mp3d/XcA2TqTSSAj/XcA2TqTSSAj.glb | This file  does not exist.
I0919 12:47:12.421392 2043707 AbstractObjectAttributesManagerBase.h:181] AbstractObjectAttributesManager<T>::createObject  (Stage) : Done making attributes with handle : /mnt/data_nas/deeprobotics/daiyang/vla/third_party/ETP-R1/data/scene_datasets/mp3d/XcA2TqTSSAj/XcA2TqTSSAj.glb
I0919 12:47:12.421396 2043707 AbstractObjectAttributesManagerBase.h:188] File (/mnt/data_nas/deeprobotics/daiyang/vla/third_party/ETP-R1/data/scene_datasets/mp3d/XcA2TqTSSAj/XcA2TqTSSAj.glb) exists but is not a recognized config filename extension, so new default Stage attributes created and registered.
I0919 12:47:12.421401 2043707 Simulator.cpp:156] Loading navmesh from /mnt/data_nas/deeprobotics/daiyang/vla/third_party/ETP-R1/data/scene_datasets/mp3d/XcA2TqTSSAj/XcA2TqTSSAj.navmesh
I0919 12:47:12.422712 2043707 Simulator.cpp:158] Loaded.
I0919 12:47:12.422719 2043707 SceneGraph.h:93] Created DrawableGroup: 
Renderer: NVIDIA GeForce RTX 5090/PCIe/SSE2 by NVIDIA Corporation
OpenGL version: 4.6.0 NVIDIA 580.126.09
Using optional features:
    GL_ARB_ES2_compatibility
    GL_ARB_direct_state_access
    GL_ARB_get_texture_sub_image
    GL_ARB_invalidate_subdata
    GL_ARB_multi_bind
    GL_ARB_robustness
    GL_ARB_separate_shader_objects
    GL_ARB_texture_filter_anisotropic
    GL_ARB_texture_storage
    GL_ARB_texture_storage_multisample
    GL_ARB_vertex_array_object
    GL_KHR_debug
Using driver workarounds:
    no-forward-compatible-core-context
    nv-egl-incorrect-gl11-function-pointers
    no-layout-qualifiers-on-old-glsl
    nv-zero-context-profile-mask
    nv-implementation-color-read-format-dsa-broken
    nv-cubemap-inconsistent-compressed-image-size
    nv-cubemap-broken-full-compressed-image-query
    nv-compressed-block-size-in-bits
I0919 12:47:12.426278 2043707 ResourceManager.cpp:234] ResourceManager::loadStage : Not loading semantic mesh
I0919 12:47:12.426286 2043707 ResourceManager.cpp:262] ResourceManager::loadStage : start load render asset /mnt/data_nas/deeprobotics/daiyang/vla/third_party/ETP-R1/data/scene_datasets/mp3d/XcA2TqTSSAj/XcA2TqTSSAj.glb.
I0919 12:47:12.426288 2043707 ResourceManager.cpp:569] ResourceManager::loadStageInternal : Attempting to load stage /mnt/data_nas/deeprobotics/daiyang/vla/third_party/ETP-R1/data/scene_datasets/mp3d/XcA2TqTSSAj/XcA2TqTSSAj.glb 
I0919 12:47:12.426303 2043707 ResourceManager.cpp:1119] Importing Basis files as BC7 for XcA2TqTSSAj.glb
W0919 12:47:14.360033 2043707 Simulator.cpp:248] :
---
 The active scene does not contain semantic annotations. 
---
I0919 12:47:14.408638 2043707 simulator.py:213] Loaded navmesh /mnt/data_nas/deeprobotics/daiyang/vla/third_party/ETP-R1/data/scene_datasets/mp3d/XcA2TqTSSAj/XcA2TqTSSAj.navmesh
I0919 12:48:34.810155 2043707 PhysicsManager.cpp:33] Deconstructing PhysicsManager
I0919 12:48:34.810212 2043707 SemanticScene.h:41] Deconstructing SemanticScene
I0919 12:48:34.813503 2043707 SceneManager.h:25] Deconstructing SceneManager
I0919 12:48:34.813512 2043707 SceneGraph.h:26] Deconstructing SceneGraph
I0919 12:48:34.814482 2043707 Sensor.h:87] Deconstructing Sensor
I0919 12:48:34.818786 2043707 Renderer.cpp:34] Deconstructing Renderer
I0919 12:48:34.818812 2043707 WindowlessContext.h:17] Deconstructing WindowlessContext
I0919 12:48:34.826674 2043707 ManagedContainerBase.cpp:19] ManagedContainerBase::convertFilenameToJSON : Filename : default changed to proposed JSON configuration filename : default.scene_dataset_config.json
I0919 12:48:34.826695 2043707 AttributesManagerBase.h:283] AttributesManager<T>::createFromJsonOrDefaultInternal  (Dataset) : Proposing JSON name : default.scene_dataset_config.json from original name : default | This file  does not exist.
I0919 12:48:34.826874 2043707 AssetAttributesManager.cpp:117] Asset attributes (capsule3DSolid : capsule3DSolid_hemiRings_4_cylRings_1_segments_12_halfLen_0.75_useTexCoords_false_useTangents_false) created and registered.
I0919 12:48:34.826913 2043707 AssetAttributesManager.cpp:117] Asset attributes (capsule3DWireframe : capsule3DWireframe_hemiRings_8_cylRings_1_segments_16_halfLen_1) created and registered.
I0919 12:48:34.826948 2043707 AssetAttributesManager.cpp:117] Asset attributes (coneSolid : coneSolid_segments_12_halfLen_1.25_rings_1_useTexCoords_false_useTangents_false_capEnd_true) created and registered.
I0919 12:48:34.826975 2043707 AssetAttributesManager.cpp:117] Asset attributes (coneWireframe : coneWireframe_segments_32_halfLen_1.25) created and registered.
I0919 12:48:34.826987 2043707 AssetAttributesManager.cpp:117] Asset attributes (cubeSolid : cubeSolid) created and registered.
I0919 12:48:34.826997 2043707 AssetAttributesManager.cpp:117] Asset attributes (cubeWireframe : cubeWireframe) created and registered.
I0919 12:48:34.827028 2043707 AssetAttributesManager.cpp:117] Asset attributes (cylinderSolid : cylinderSolid_rings_1_segments_12_halfLen_1_useTexCoords_false_useTangents_false_capEnds_true) created and registered.
I0919 12:48:34.827056 2043707 AssetAttributesManager.cpp:117] Asset attributes (cylinderWireframe : cylinderWireframe_rings_1_segments_32_halfLen_1) created and registered.
I0919 12:48:34.827070 2043707 AssetAttributesManager.cpp:117] Asset attributes (icosphereSolid : icosphereSolid_subdivs_1) created and registered.
I0919 12:48:34.827082 2043707 AssetAttributesManager.cpp:117] Asset attributes (icosphereWireframe : icosphereWireframe_subdivs_1) created and registered.
I0919 12:48:34.827102 2043707 AssetAttributesManager.cpp:117] Asset attributes (uvSphereSolid : uvSphereSolid_rings_8_segments_16_useTexCoords_false_useTangents_false) created and registered.
I0919 12:48:34.827121 2043707 AssetAttributesManager.cpp:117] Asset attributes (uvSphereWireframe : uvSphereWireframe_rings_16_segments_32) created and registered.
I0919 12:48:34.827131 2043707 AssetAttributesManager.cpp:105] AssetAttributesManager::buildCtorFuncPtrMaps : Built default primitive asset templates : 12
I0919 12:48:34.827776 2043707 SceneDatasetAttributesManager.cpp:23] File (default) not found, so new default dataset attributes created and registered.
I0919 12:48:34.827780 2043707 MetadataMediator.cpp:47] MetadataMediator::createDataset : Dataset default successfully created.
I0919 12:48:34.828028 2043707 AttributesManagerBase.h:283] AttributesManager<T>::createFromJsonOrDefaultInternal  (Physics Manager) : Proposing JSON name : ./data/default.physics_config.json from original name : ./data/default.physics_config.json | This file  does not exist.
I0919 12:48:34.828047 2043707 PhysicsAttributesManager.cpp:27] File (./data/default.physics_config.json) not found, so new default physics manager attributes created and registered.
I0919 12:48:34.828051 2043707 AbstractObjectAttributesManagerBase.h:175] AbstractObjectAttributesManager<T>::createObject  (Stage) : Making attributes with handle : /mnt/data_nas/deeprobotics/daiyang/vla/third_party/ETP-R1/data/scene_datasets/mp3d/aayBHfsNo7d/aayBHfsNo7d.glb
I0919 12:48:34.828058 2043707 ManagedContainerBase.cpp:19] ManagedContainerBase::convertFilenameToJSON : Filename : /mnt/data_nas/deeprobotics/daiyang/vla/third_party/ETP-R1/data/scene_datasets/mp3d/aayBHfsNo7d/aayBHfsNo7d.glb changed to proposed JSON configuration filename : /mnt/data_nas/deeprobotics/daiyang/vla/third_party/ETP-R1/data/scene_datasets/mp3d/aayBHfsNo7d/aayBHfsNo7d.stage_config.json
I0919 12:48:34.828073 2043707 AttributesManagerBase.h:283] AttributesManager<T>::createFromJsonOrDefaultInternal  (Stage) : Proposing JSON name : /mnt/data_nas/deeprobotics/daiyang/vla/third_party/ETP-R1/data/scene_datasets/mp3d/aayBHfsNo7d/aayBHfsNo7d.stage_config.json from original name : /mnt/data_nas/deeprobotics/daiyang/vla/third_party/ETP-R1/data/scene_datasets/mp3d/aayBHfsNo7d/aayBHfsNo7d.glb | This file  does not exist.
I0919 12:48:34.828143 2043707 AbstractObjectAttributesManagerBase.h:181] AbstractObjectAttributesManager<T>::createObject  (Stage) : Done making attributes with handle : /mnt/data_nas/deeprobotics/daiyang/vla/third_party/ETP-R1/data/scene_datasets/mp3d/aayBHfsNo7d/aayBHfsNo7d.glb
I0919 12:48:34.828145 2043707 AbstractObjectAttributesManagerBase.h:188] File (/mnt/data_nas/deeprobotics/daiyang/vla/third_party/ETP-R1/data/scene_datasets/mp3d/aayBHfsNo7d/aayBHfsNo7d.glb) exists but is not a recognized config filename extension, so new default Stage attributes created and registered.
I0919 12:48:34.828156 2043707 Simulator.cpp:156] Loading navmesh from /mnt/data_nas/deeprobotics/daiyang/vla/third_party/ETP-R1/data/scene_datasets/mp3d/aayBHfsNo7d/aayBHfsNo7d.navmesh
I0919 12:48:34.829339 2043707 Simulator.cpp:158] Loaded.
I0919 12:48:34.829348 2043707 SceneGraph.h:93] Created DrawableGroup: 
Renderer: NVIDIA GeForce RTX 5090/PCIe/SSE2 by NVIDIA Corporation
OpenGL version: 4.6.0 NVIDIA 580.126.09
Using optional features:
    GL_ARB_ES2_compatibility
    GL_ARB_direct_state_access
    GL_ARB_get_texture_sub_image
    GL_ARB_invalidate_subdata
    GL_ARB_multi_bind
    GL_ARB_robustness
    GL_ARB_separate_shader_objects
    GL_ARB_texture_filter_anisotropic
    GL_ARB_texture_storage
    GL_ARB_texture_storage_multisample
    GL_ARB_vertex_array_object
    GL_KHR_debug
Using driver workarounds:
    no-forward-compatible-core-context
    nv-egl-incorrect-gl11-function-pointers
    no-layout-qualifiers-on-old-glsl
    nv-zero-context-profile-mask
    nv-implementation-color-read-format-dsa-broken
    nv-cubemap-inconsistent-compressed-image-size
    nv-cubemap-broken-full-compressed-image-query
    nv-compressed-block-size-in-bits
I0919 12:48:34.833703 2043707 ResourceManager.cpp:234] ResourceManager::loadStage : Not loading semantic mesh
I0919 12:48:34.833714 2043707 ResourceManager.cpp:262] ResourceManager::loadStage : start load render asset /mnt/data_nas/deeprobotics/daiyang/vla/third_party/ETP-R1/data/scene_datasets/mp3d/aayBHfsNo7d/aayBHfsNo7d.glb.
I0919 12:48:34.833717 2043707 ResourceManager.cpp:569] ResourceManager::loadStageInternal : Attempting to load stage /mnt/data_nas/deeprobotics/daiyang/vla/third_party/ETP-R1/data/scene_datasets/mp3d/aayBHfsNo7d/aayBHfsNo7d.glb 
I0919 12:48:34.833738 2043707 ResourceManager.cpp:1119] Importing Basis files as BC7 for aayBHfsNo7d.glb
W0919 12:48:36.409776 2043707 Simulator.cpp:248] :
---
 The active scene does not contain semantic annotations. 
---
I0919 12:48:36.450355 2043707 simulator.py:213] Loaded navmesh /mnt/data_nas/deeprobotics/daiyang/vla/third_party/ETP-R1/data/scene_datasets/mp3d/aayBHfsNo7d/aayBHfsNo7d.navmesh
I0919 12:50:36.703035 2043707 PhysicsManager.cpp:33] Deconstructing PhysicsManager
I0919 12:50:36.703083 2043707 SemanticScene.h:41] Deconstructing SemanticScene
I0919 12:50:36.705490 2043707 SceneManager.h:25] Deconstructing SceneManager
I0919 12:50:36.705500 2043707 SceneGraph.h:26] Deconstructing SceneGraph
I0919 12:50:36.705747 2043707 Sensor.h:87] Deconstructing Sensor
I0919 12:50:36.708287 2043707 Renderer.cpp:34] Deconstructing Renderer
I0919 12:50:36.708310 2043707 WindowlessContext.h:17] Deconstructing WindowlessContext
I0919 12:50:36.714133 2043707 ManagedContainerBase.cpp:19] ManagedContainerBase::convertFilenameToJSON : Filename : default changed to proposed JSON configuration filename : default.scene_dataset_config.json
I0919 12:50:36.714149 2043707 AttributesManagerBase.h:283] AttributesManager<T>::createFromJsonOrDefaultInternal  (Dataset) : Proposing JSON name : default.scene_dataset_config.json from original name : default | This file  does not exist.
I0919 12:50:36.714326 2043707 AssetAttributesManager.cpp:117] Asset attributes (capsule3DSolid : capsule3DSolid_hemiRings_4_cylRings_1_segments_12_halfLen_0.75_useTexCoords_false_useTangents_false) created and registered.
I0919 12:50:36.714352 2043707 AssetAttributesManager.cpp:117] Asset attributes (capsule3DWireframe : capsule3DWireframe_hemiRings_8_cylRings_1_segments_16_halfLen_1) created and registered.
I0919 12:50:36.714376 2043707 AssetAttributesManager.cpp:117] Asset attributes (coneSolid : coneSolid_segments_12_halfLen_1.25_rings_1_useTexCoords_false_useTangents_false_capEnd_true) created and registered.
I0919 12:50:36.714390 2043707 AssetAttributesManager.cpp:117] Asset attributes (coneWireframe : coneWireframe_segments_32_halfLen_1.25) created and registered.
I0919 12:50:36.714398 2043707 AssetAttributesManager.cpp:117] Asset attributes (cubeSolid : cubeSolid) created and registered.
I0919 12:50:36.714404 2043707 AssetAttributesManager.cpp:117] Asset attributes (cubeWireframe : cubeWireframe) created and registered.
I0919 12:50:36.714429 2043707 AssetAttributesManager.cpp:117] Asset attributes (cylinderSolid : cylinderSolid_rings_1_segments_12_halfLen_1_useTexCoords_false_useTangents_false_capEnds_true) created and registered.
I0919 12:50:36.714445 2043707 AssetAttributesManager.cpp:117] Asset attributes (cylinderWireframe : cylinderWireframe_rings_1_segments_32_halfLen_1) created and registered.
I0919 12:50:36.714455 2043707 AssetAttributesManager.cpp:117] Asset attributes (icosphereSolid : icosphereSolid_subdivs_1) created and registered.
I0919 12:50:36.714463 2043707 AssetAttributesManager.cpp:117] Asset attributes (icosphereWireframe : icosphereWireframe_subdivs_1) created and registered.
I0919 12:50:36.714476 2043707 AssetAttributesManager.cpp:117] Asset attributes (uvSphereSolid : uvSphereSolid_rings_8_segments_16_useTexCoords_false_useTangents_false) created and registered.
I0919 12:50:36.714488 2043707 AssetAttributesManager.cpp:117] Asset attributes (uvSphereWireframe : uvSphereWireframe_rings_16_segments_32) created and registered.
I0919 12:50:36.714494 2043707 AssetAttributesManager.cpp:105] AssetAttributesManager::buildCtorFuncPtrMaps : Built default primitive asset templates : 12
I0919 12:50:36.714881 2043707 SceneDatasetAttributesManager.cpp:23] File (default) not found, so new default dataset attributes created and registered.
I0919 12:50:36.714883 2043707 MetadataMediator.cpp:47] MetadataMediator::createDataset : Dataset default successfully created.
I0919 12:50:36.715077 2043707 AttributesManagerBase.h:283] AttributesManager<T>::createFromJsonOrDefaultInternal  (Physics Manager) : Proposing JSON name : ./data/default.physics_config.json from original name : ./data/default.physics_config.json | This file  does not exist.
I0919 12:50:36.715088 2043707 PhysicsAttributesManager.cpp:27] File (./data/default.physics_config.json) not found, so new default physics manager attributes created and registered.
I0919 12:50:36.715091 2043707 AbstractObjectAttributesManagerBase.h:175] AbstractObjectAttributesManager<T>::createObject  (Stage) : Making attributes with handle : /mnt/data_nas/deeprobotics/daiyang/vla/third_party/ETP-R1/data/scene_datasets/mp3d/82sE5b5pLXE/82sE5b5pLXE.glb
I0919 12:50:36.715095 2043707 ManagedContainerBase.cpp:19] ManagedContainerBase::convertFilenameToJSON : Filename : /mnt/data_nas/deeprobotics/daiyang/vla/third_party/ETP-R1/data/scene_datasets/mp3d/82sE5b5pLXE/82sE5b5pLXE.glb changed to proposed JSON configuration filename : /mnt/data_nas/deeprobotics/daiyang/vla/third_party/ETP-R1/data/scene_datasets/mp3d/82sE5b5pLXE/82sE5b5pLXE.stage_config.json
I0919 12:50:36.715106 2043707 AttributesManagerBase.h:283] AttributesManager<T>::createFromJsonOrDefaultInternal  (Stage) : Proposing JSON name : /mnt/data_nas/deeprobotics/daiyang/vla/third_party/ETP-R1/data/scene_datasets/mp3d/82sE5b5pLXE/82sE5b5pLXE.stage_config.json from original name : /mnt/data_nas/deeprobotics/daiyang/vla/third_party/ETP-R1/data/scene_datasets/mp3d/82sE5b5pLXE/82sE5b5pLXE.glb | This file  does not exist.
I0919 12:50:36.715153 2043707 AbstractObjectAttributesManagerBase.h:181] AbstractObjectAttributesManager<T>::createObject  (Stage) : Done making attributes with handle : /mnt/data_nas/deeprobotics/daiyang/vla/third_party/ETP-R1/data/scene_datasets/mp3d/82sE5b5pLXE/82sE5b5pLXE.glb
I0919 12:50:36.715155 2043707 AbstractObjectAttributesManagerBase.h:188] File (/mnt/data_nas/deeprobotics/daiyang/vla/third_party/ETP-R1/data/scene_datasets/mp3d/82sE5b5pLXE/82sE5b5pLXE.glb) exists but is not a recognized config filename extension, so new default Stage attributes created and registered.
I0919 12:50:36.715160 2043707 Simulator.cpp:156] Loading navmesh from /mnt/data_nas/deeprobotics/daiyang/vla/third_party/ETP-R1/data/scene_datasets/mp3d/82sE5b5pLXE/82sE5b5pLXE.navmesh
I0919 12:50:36.716374 2043707 Simulator.cpp:158] Loaded.
I0919 12:50:36.716382 2043707 SceneGraph.h:93] Created DrawableGroup: 
Renderer: NVIDIA GeForce RTX 5090/PCIe/SSE2 by NVIDIA Corporation
OpenGL version: 4.6.0 NVIDIA 580.126.09
Using optional features:
    GL_ARB_ES2_compatibility
    GL_ARB_direct_state_access
    GL_ARB_get_texture_sub_image
    GL_ARB_invalidate_subdata
    GL_ARB_multi_bind
    GL_ARB_robustness
    GL_ARB_separate_shader_objects
    GL_ARB_texture_filter_anisotropic
    GL_ARB_texture_storage
    GL_ARB_texture_storage_multisample
    GL_ARB_vertex_array_object
    GL_KHR_debug
Using driver workarounds:
    no-forward-compatible-core-context
    nv-egl-incorrect-gl11-function-pointers
    no-layout-qualifiers-on-old-glsl
    nv-zero-context-profile-mask
    nv-implementation-color-read-format-dsa-broken
    nv-cubemap-inconsistent-compressed-image-size
    nv-cubemap-broken-full-compressed-image-query
    nv-compressed-block-size-in-bits
I0919 12:50:36.720099 2043707 ResourceManager.cpp:234] ResourceManager::loadStage : Not loading semantic mesh
I0919 12:50:36.720108 2043707 ResourceManager.cpp:262] ResourceManager::loadStage : start load render asset /mnt/data_nas/deeprobotics/daiyang/vla/third_party/ETP-R1/data/scene_datasets/mp3d/82sE5b5pLXE/82sE5b5pLXE.glb.
I0919 12:50:36.720109 2043707 ResourceManager.cpp:569] ResourceManager::loadStageInternal : Attempting to load stage /mnt/data_nas/deeprobotics/daiyang/vla/third_party/ETP-R1/data/scene_datasets/mp3d/82sE5b5pLXE/82sE5b5pLXE.glb 
I0919 12:50:36.720124 2043707 ResourceManager.cpp:1119] Importing Basis files as BC7 for 82sE5b5pLXE.glb
W0919 12:50:38.772552 2043707 Simulator.cpp:248] :
---
 The active scene does not contain semantic annotations. 
---
I0919 12:50:38.808333 2043707 simulator.py:213] Loaded navmesh /mnt/data_nas/deeprobotics/daiyang/vla/third_party/ETP-R1/data/scene_datasets/mp3d/82sE5b5pLXE/82sE5b5pLXE.navmesh
I0919 12:52:30.130074 2043707 PhysicsManager.cpp:33] Deconstructing PhysicsManager
I0919 12:52:30.130117 2043707 SemanticScene.h:41] Deconstructing SemanticScene
I0919 12:52:30.131541 2043707 SceneManager.h:25] Deconstructing SceneManager
I0919 12:52:30.131548 2043707 SceneGraph.h:26] Deconstructing SceneGraph
I0919 12:52:30.131804 2043707 Sensor.h:87] Deconstructing Sensor
I0919 12:52:30.136329 2043707 Renderer.cpp:34] Deconstructing Renderer
I0919 12:52:30.136353 2043707 WindowlessContext.h:17] Deconstructing WindowlessContext
I0919 12:52:30.159261 2043707 ManagedContainerBase.cpp:19] ManagedContainerBase::convertFilenameToJSON : Filename : default changed to proposed JSON configuration filename : default.scene_dataset_config.json
I0919 12:52:30.159287 2043707 AttributesManagerBase.h:283] AttributesManager<T>::createFromJsonOrDefaultInternal  (Dataset) : Proposing JSON name : default.scene_dataset_config.json from original name : default | This file  does not exist.
I0919 12:52:30.159607 2043707 AssetAttributesManager.cpp:117] Asset attributes (capsule3DSolid : capsule3DSolid_hemiRings_4_cylRings_1_segments_12_halfLen_0.75_useTexCoords_false_useTangents_false) created and registered.
I0919 12:52:30.159633 2043707 AssetAttributesManager.cpp:117] Asset attributes (capsule3DWireframe : capsule3DWireframe_hemiRings_8_cylRings_1_segments_16_halfLen_1) created and registered.
I0919 12:52:30.159657 2043707 AssetAttributesManager.cpp:117] Asset attributes (coneSolid : coneSolid_segments_12_halfLen_1.25_rings_1_useTexCoords_false_useTangents_false_capEnd_true) created and registered.
I0919 12:52:30.159672 2043707 AssetAttributesManager.cpp:117] Asset attributes (coneWireframe : coneWireframe_segments_32_halfLen_1.25) created and registered.
I0919 12:52:30.159680 2043707 AssetAttributesManager.cpp:117] Asset attributes (cubeSolid : cubeSolid) created and registered.
I0919 12:52:30.159687 2043707 AssetAttributesManager.cpp:117] Asset attributes (cubeWireframe : cubeWireframe) created and registered.
I0919 12:52:30.159708 2043707 AssetAttributesManager.cpp:117] Asset attributes (cylinderSolid : cylinderSolid_rings_1_segments_12_halfLen_1_useTexCoords_false_useTangents_false_capEnds_true) created and registered.
I0919 12:52:30.159723 2043707 AssetAttributesManager.cpp:117] Asset attributes (cylinderWireframe : cylinderWireframe_rings_1_segments_32_halfLen_1) created and registered.
I0919 12:52:30.159741 2043707 AssetAttributesManager.cpp:117] Asset attributes (icosphereSolid : icosphereSolid_subdivs_1) created and registered.
I0919 12:52:30.159750 2043707 AssetAttributesManager.cpp:117] Asset attributes (icosphereWireframe : icosphereWireframe_subdivs_1) created and registered.
I0919 12:52:30.159765 2043707 AssetAttributesManager.cpp:117] Asset attributes (uvSphereSolid : uvSphereSolid_rings_8_segments_16_useTexCoords_false_useTangents_false) created and registered.
I0919 12:52:30.159776 2043707 AssetAttributesManager.cpp:117] Asset attributes (uvSphereWireframe : uvSphereWireframe_rings_16_segments_32) created and registered.
I0919 12:52:30.159782 2043707 AssetAttributesManager.cpp:105] AssetAttributesManager::buildCtorFuncPtrMaps : Built default primitive asset templates : 12
I0919 12:52:30.160177 2043707 SceneDatasetAttributesManager.cpp:23] File (default) not found, so new default dataset attributes created and registered.
I0919 12:52:30.160179 2043707 MetadataMediator.cpp:47] MetadataMediator::createDataset : Dataset default successfully created.
I0919 12:52:30.160385 2043707 AttributesManagerBase.h:283] AttributesManager<T>::createFromJsonOrDefaultInternal  (Physics Manager) : Proposing JSON name : ./data/default.physics_config.json from original name : ./data/default.physics_config.json | This file  does not exist.
I0919 12:52:30.160398 2043707 PhysicsAttributesManager.cpp:27] File (./data/default.physics_config.json) not found, so new default physics manager attributes created and registered.
I0919 12:52:30.160403 2043707 AbstractObjectAttributesManagerBase.h:175] AbstractObjectAttributesManager<T>::createObject  (Stage) : Making attributes with handle : /mnt/data_nas/deeprobotics/daiyang/vla/third_party/ETP-R1/data/scene_datasets/mp3d/B6ByNegPMKs/B6ByNegPMKs.glb
I0919 12:52:30.160406 2043707 ManagedContainerBase.cpp:19] ManagedContainerBase::convertFilenameToJSON : Filename : /mnt/data_nas/deeprobotics/daiyang/vla/third_party/ETP-R1/data/scene_datasets/mp3d/B6ByNegPMKs/B6ByNegPMKs.glb changed to proposed JSON configuration filename : /mnt/data_nas/deeprobotics/daiyang/vla/third_party/ETP-R1/data/scene_datasets/mp3d/B6ByNegPMKs/B6ByNegPMKs.stage_config.json
I0919 12:52:30.160418 2043707 AttributesManagerBase.h:283] AttributesManager<T>::createFromJsonOrDefaultInternal  (Stage) : Proposing JSON name : /mnt/data_nas/deeprobotics/daiyang/vla/third_party/ETP-R1/data/scene_datasets/mp3d/B6ByNegPMKs/B6ByNegPMKs.stage_config.json from original name : /mnt/data_nas/deeprobotics/daiyang/vla/third_party/ETP-R1/data/scene_datasets/mp3d/B6ByNegPMKs/B6ByNegPMKs.glb | This file  does not exist.
I0919 12:52:30.160467 2043707 AbstractObjectAttributesManagerBase.h:181] AbstractObjectAttributesManager<T>::createObject  (Stage) : Done making attributes with handle : /mnt/data_nas/deeprobotics/daiyang/vla/third_party/ETP-R1/data/scene_datasets/mp3d/B6ByNegPMKs/B6ByNegPMKs.glb
I0919 12:52:30.160470 2043707 AbstractObjectAttributesManagerBase.h:188] File (/mnt/data_nas/deeprobotics/daiyang/vla/third_party/ETP-R1/data/scene_datasets/mp3d/B6ByNegPMKs/B6ByNegPMKs.glb) exists but is not a recognized config filename extension, so new default Stage attributes created and registered.
I0919 12:52:30.160475 2043707 Simulator.cpp:156] Loading navmesh from /mnt/data_nas/deeprobotics/daiyang/vla/third_party/ETP-R1/data/scene_datasets/mp3d/B6ByNegPMKs/B6ByNegPMKs.navmesh
I0919 12:52:30.161990 2043707 Simulator.cpp:158] Loaded.
I0919 12:52:30.161999 2043707 SceneGraph.h:93] Created DrawableGroup: 
Renderer: NVIDIA GeForce RTX 5090/PCIe/SSE2 by NVIDIA Corporation
OpenGL version: 4.6.0 NVIDIA 580.126.09
Using optional features:
    GL_ARB_ES2_compatibility
    GL_ARB_direct_state_access
    GL_ARB_get_texture_sub_image
    GL_ARB_invalidate_subdata
    GL_ARB_multi_bind
    GL_ARB_robustness
    GL_ARB_separate_shader_objects
    GL_ARB_texture_filter_anisotropic
    GL_ARB_texture_storage
    GL_ARB_texture_storage_multisample
    GL_ARB_vertex_array_object
    GL_KHR_debug
Using driver workarounds:
    no-forward-compatible-core-context
    nv-egl-incorrect-gl11-function-pointers
    no-layout-qualifiers-on-old-glsl
    nv-zero-context-profile-mask
    nv-implementation-color-read-format-dsa-broken
    nv-cubemap-inconsistent-compressed-image-size
    nv-cubemap-broken-full-compressed-image-query
    nv-compressed-block-size-in-bits
I0919 12:52:30.171129 2043707 ResourceManager.cpp:234] ResourceManager::loadStage : Not loading semantic mesh
I0919 12:52:30.171137 2043707 ResourceManager.cpp:262] ResourceManager::loadStage : start load render asset /mnt/data_nas/deeprobotics/daiyang/vla/third_party/ETP-R1/data/scene_datasets/mp3d/B6ByNegPMKs/B6ByNegPMKs.glb.
I0919 12:52:30.171140 2043707 ResourceManager.cpp:569] ResourceManager::loadStageInternal : Attempting to load stage /mnt/data_nas/deeprobotics/daiyang/vla/third_party/ETP-R1/data/scene_datasets/mp3d/B6ByNegPMKs/B6ByNegPMKs.glb 
I0919 12:52:30.171159 2043707 ResourceManager.cpp:1119] Importing Basis files as BC7 for B6ByNegPMKs.glb
W0919 12:52:40.034296 2043707 Simulator.cpp:248] :
---
 The active scene does not contain semantic annotations. 
---
I0919 12:52:40.233977 2043707 simulator.py:213] Loaded navmesh /mnt/data_nas/deeprobotics/daiyang/vla/third_party/ETP-R1/data/scene_datasets/mp3d/B6ByNegPMKs/B6ByNegPMKs.navmesh
I0919 12:57:01.839102 2043707 PhysicsManager.cpp:33] Deconstructing PhysicsManager
I0919 12:57:01.839146 2043707 SemanticScene.h:41] Deconstructing SemanticScene
I0919 12:57:01.855579 2043707 SceneManager.h:25] Deconstructing SceneManager
I0919 12:57:01.855595 2043707 SceneGraph.h:26] Deconstructing SceneGraph
I0919 12:57:01.856045 2043707 Sensor.h:87] Deconstructing Sensor
I0919 12:57:01.869688 2043707 Renderer.cpp:34] Deconstructing Renderer
I0919 12:57:01.869717 2043707 WindowlessContext.h:17] Deconstructing WindowlessContext
I0919 12:57:01.900241 2043707 ManagedContainerBase.cpp:19] ManagedContainerBase::convertFilenameToJSON : Filename : default changed to proposed JSON configuration filename : default.scene_dataset_config.json
I0919 12:57:01.900265 2043707 AttributesManagerBase.h:283] AttributesManager<T>::createFromJsonOrDefaultInternal  (Dataset) : Proposing JSON name : default.scene_dataset_config.json from original name : default | This file  does not exist.
I0919 12:57:01.900378 2043707 AssetAttributesManager.cpp:117] Asset attributes (capsule3DSolid : capsule3DSolid_hemiRings_4_cylRings_1_segments_12_halfLen_0.75_useTexCoords_false_useTangents_false) created and registered.
I0919 12:57:01.900406 2043707 AssetAttributesManager.cpp:117] Asset attributes (capsule3DWireframe : capsule3DWireframe_hemiRings_8_cylRings_1_segments_16_halfLen_1) created and registered.
I0919 12:57:01.900430 2043707 AssetAttributesManager.cpp:117] Asset attributes (coneSolid : coneSolid_segments_12_halfLen_1.25_rings_1_useTexCoords_false_useTangents_false_capEnd_true) created and registered.
I0919 12:57:01.900444 2043707 AssetAttributesManager.cpp:117] Asset attributes (coneWireframe : coneWireframe_segments_32_halfLen_1.25) created and registered.
I0919 12:57:01.900453 2043707 AssetAttributesManager.cpp:117] Asset attributes (cubeSolid : cubeSolid) created and registered.
I0919 12:57:01.900460 2043707 AssetAttributesManager.cpp:117] Asset attributes (cubeWireframe : cubeWireframe) created and registered.
I0919 12:57:01.900480 2043707 AssetAttributesManager.cpp:117] Asset attributes (cylinderSolid : cylinderSolid_rings_1_segments_12_halfLen_1_useTexCoords_false_useTangents_false_capEnds_true) created and registered.
I0919 12:57:01.900498 2043707 AssetAttributesManager.cpp:117] Asset attributes (cylinderWireframe : cylinderWireframe_rings_1_segments_32_halfLen_1) created and registered.
I0919 12:57:01.900508 2043707 AssetAttributesManager.cpp:117] Asset attributes (icosphereSolid : icosphereSolid_subdivs_1) created and registered.
I0919 12:57:01.900517 2043707 AssetAttributesManager.cpp:117] Asset attributes (icosphereWireframe : icosphereWireframe_subdivs_1) created and registered.
I0919 12:57:01.900532 2043707 AssetAttributesManager.cpp:117] Asset attributes (uvSphereSolid : uvSphereSolid_rings_8_segments_16_useTexCoords_false_useTangents_false) created and registered.
I0919 12:57:01.900553 2043707 AssetAttributesManager.cpp:117] Asset attributes (uvSphereWireframe : uvSphereWireframe_rings_16_segments_32) created and registered.
I0919 12:57:01.900559 2043707 AssetAttributesManager.cpp:105] AssetAttributesManager::buildCtorFuncPtrMaps : Built default primitive asset templates : 12
I0919 12:57:01.900964 2043707 SceneDatasetAttributesManager.cpp:23] File (default) not found, so new default dataset attributes created and registered.
I0919 12:57:01.900965 2043707 MetadataMediator.cpp:47] MetadataMediator::createDataset : Dataset default successfully created.
I0919 12:57:01.902287 2043707 AttributesManagerBase.h:283] AttributesManager<T>::createFromJsonOrDefaultInternal  (Physics Manager) : Proposing JSON name : ./data/default.physics_config.json from original name : ./data/default.physics_config.json | This file  does not exist.
I0919 12:57:01.902300 2043707 PhysicsAttributesManager.cpp:27] File (./data/default.physics_config.json) not found, so new default physics manager attributes created and registered.
I0919 12:57:01.902303 2043707 AbstractObjectAttributesManagerBase.h:175] AbstractObjectAttributesManager<T>::createObject  (Stage) : Making attributes with handle : /mnt/data_nas/deeprobotics/daiyang/vla/third_party/ETP-R1/data/scene_datasets/mp3d/PuKPg4mmafe/PuKPg4mmafe.glb
I0919 12:57:01.902308 2043707 ManagedContainerBase.cpp:19] ManagedContainerBase::convertFilenameToJSON : Filename : /mnt/data_nas/deeprobotics/daiyang/vla/third_party/ETP-R1/data/scene_datasets/mp3d/PuKPg4mmafe/PuKPg4mmafe.glb changed to proposed JSON configuration filename : /mnt/data_nas/deeprobotics/daiyang/vla/third_party/ETP-R1/data/scene_datasets/mp3d/PuKPg4mmafe/PuKPg4mmafe.stage_config.json
I0919 12:57:01.905742 2043707 AttributesManagerBase.h:283] AttributesManager<T>::createFromJsonOrDefaultInternal  (Stage) : Proposing JSON name : /mnt/data_nas/deeprobotics/daiyang/vla/third_party/ETP-R1/data/scene_datasets/mp3d/PuKPg4mmafe/PuKPg4mmafe.stage_config.json from original name : /mnt/data_nas/deeprobotics/daiyang/vla/third_party/ETP-R1/data/scene_datasets/mp3d/PuKPg4mmafe/PuKPg4mmafe.glb | This file  does not exist.
I0919 12:57:01.905793 2043707 AbstractObjectAttributesManagerBase.h:181] AbstractObjectAttributesManager<T>::createObject  (Stage) : Done making attributes with handle : /mnt/data_nas/deeprobotics/daiyang/vla/third_party/ETP-R1/data/scene_datasets/mp3d/PuKPg4mmafe/PuKPg4mmafe.glb
I0919 12:57:01.905794 2043707 AbstractObjectAttributesManagerBase.h:188] File (/mnt/data_nas/deeprobotics/daiyang/vla/third_party/ETP-R1/data/scene_datasets/mp3d/PuKPg4mmafe/PuKPg4mmafe.glb) exists but is not a recognized config filename extension, so new default Stage attributes created and registered.
I0919 12:57:01.905799 2043707 Simulator.cpp:156] Loading navmesh from /mnt/data_nas/deeprobotics/daiyang/vla/third_party/ETP-R1/data/scene_datasets/mp3d/PuKPg4mmafe/PuKPg4mmafe.navmesh
I0919 12:57:01.907481 2043707 Simulator.cpp:158] Loaded.
I0919 12:57:01.907491 2043707 SceneGraph.h:93] Created DrawableGroup: 
Renderer: NVIDIA GeForce RTX 5090/PCIe/SSE2 by NVIDIA Corporation
OpenGL version: 4.6.0 NVIDIA 580.126.09
Using optional features:
    GL_ARB_ES2_compatibility
    GL_ARB_direct_state_access
    GL_ARB_get_texture_sub_image
    GL_ARB_invalidate_subdata
    GL_ARB_multi_bind
    GL_ARB_robustness
    GL_ARB_separate_shader_objects
    GL_ARB_texture_filter_anisotropic
    GL_ARB_texture_storage
    GL_ARB_texture_storage_multisample
    GL_ARB_vertex_array_object
    GL_KHR_debug
Using driver workarounds:
    no-forward-compatible-core-context
    nv-egl-incorrect-gl11-function-pointers
    no-layout-qualifiers-on-old-glsl
    nv-zero-context-profile-mask
    nv-implementation-color-read-format-dsa-broken
    nv-cubemap-inconsistent-compressed-image-size
    nv-cubemap-broken-full-compressed-image-query
    nv-compressed-block-size-in-bits
I0919 12:57:01.911191 2043707 ResourceManager.cpp:234] ResourceManager::loadStage : Not loading semantic mesh
I0919 12:57:01.911204 2043707 ResourceManager.cpp:262] ResourceManager::loadStage : start load render asset /mnt/data_nas/deeprobotics/daiyang/vla/third_party/ETP-R1/data/scene_datasets/mp3d/PuKPg4mmafe/PuKPg4mmafe.glb.
I0919 12:57:01.911206 2043707 ResourceManager.cpp:569] ResourceManager::loadStageInternal : Attempting to load stage /mnt/data_nas/deeprobotics/daiyang/vla/third_party/ETP-R1/data/scene_datasets/mp3d/PuKPg4mmafe/PuKPg4mmafe.glb 
I0919 12:57:01.911223 2043707 ResourceManager.cpp:1119] Importing Basis files as BC7 for PuKPg4mmafe.glb
W0919 12:57:06.517781 2043707 Simulator.cpp:248] :
---
 The active scene does not contain semantic annotations. 
---
I0919 12:57:06.537847 2043707 simulator.py:213] Loaded navmesh /mnt/data_nas/deeprobotics/daiyang/vla/third_party/ETP-R1/data/scene_datasets/mp3d/PuKPg4mmafe/PuKPg4mmafe.navmesh
I0919 13:01:39.835845 2043707 PhysicsManager.cpp:33] Deconstructing PhysicsManager
I0919 13:01:39.835888 2043707 SemanticScene.h:41] Deconstructing SemanticScene
I0919 13:01:39.836865 2043707 SceneManager.h:25] Deconstructing SceneManager
I0919 13:01:39.836870 2043707 SceneGraph.h:26] Deconstructing SceneGraph
I0919 13:01:39.837083 2043707 Sensor.h:87] Deconstructing Sensor
I0919 13:01:39.842015 2043707 Renderer.cpp:34] Deconstructing Renderer
I0919 13:01:39.842041 2043707 WindowlessContext.h:17] Deconstructing WindowlessContext
I0919 13:01:39.856283 2043707 ManagedContainerBase.cpp:19] ManagedContainerBase::convertFilenameToJSON : Filename : default changed to proposed JSON configuration filename : default.scene_dataset_config.json
I0919 13:01:39.856300 2043707 AttributesManagerBase.h:283] AttributesManager<T>::createFromJsonOrDefaultInternal  (Dataset) : Proposing JSON name : default.scene_dataset_config.json from original name : default | This file  does not exist.
I0919 13:01:39.856420 2043707 AssetAttributesManager.cpp:117] Asset attributes (capsule3DSolid : capsule3DSolid_hemiRings_4_cylRings_1_segments_12_halfLen_0.75_useTexCoords_false_useTangents_false) created and registered.
I0919 13:01:39.856446 2043707 AssetAttributesManager.cpp:117] Asset attributes (capsule3DWireframe : capsule3DWireframe_hemiRings_8_cylRings_1_segments_16_halfLen_1) created and registered.
I0919 13:01:39.856469 2043707 AssetAttributesManager.cpp:117] Asset attributes (coneSolid : coneSolid_segments_12_halfLen_1.25_rings_1_useTexCoords_false_useTangents_false_capEnd_true) created and registered.
I0919 13:01:39.856484 2043707 AssetAttributesManager.cpp:117] Asset attributes (coneWireframe : coneWireframe_segments_32_halfLen_1.25) created and registered.
I0919 13:01:39.856492 2043707 AssetAttributesManager.cpp:117] Asset attributes (cubeSolid : cubeSolid) created and registered.
I0919 13:01:39.856498 2043707 AssetAttributesManager.cpp:117] Asset attributes (cubeWireframe : cubeWireframe) created and registered.
I0919 13:01:39.856518 2043707 AssetAttributesManager.cpp:117] Asset attributes (cylinderSolid : cylinderSolid_rings_1_segments_12_halfLen_1_useTexCoords_false_useTangents_false_capEnds_true) created and registered.
I0919 13:01:39.856534 2043707 AssetAttributesManager.cpp:117] Asset attributes (cylinderWireframe : cylinderWireframe_rings_1_segments_32_halfLen_1) created and registered.
I0919 13:01:39.856544 2043707 AssetAttributesManager.cpp:117] Asset attributes (icosphereSolid : icosphereSolid_subdivs_1) created and registered.
I0919 13:01:39.856554 2043707 AssetAttributesManager.cpp:117] Asset attributes (icosphereWireframe : icosphereWireframe_subdivs_1) created and registered.
I0919 13:01:39.856565 2043707 AssetAttributesManager.cpp:117] Asset attributes (uvSphereSolid : uvSphereSolid_rings_8_segments_16_useTexCoords_false_useTangents_false) created and registered.
I0919 13:01:39.856577 2043707 AssetAttributesManager.cpp:117] Asset attributes (uvSphereWireframe : uvSphereWireframe_rings_16_segments_32) created and registered.
I0919 13:01:39.856585 2043707 AssetAttributesManager.cpp:105] AssetAttributesManager::buildCtorFuncPtrMaps : Built default primitive asset templates : 12
I0919 13:01:39.856980 2043707 SceneDatasetAttributesManager.cpp:23] File (default) not found, so new default dataset attributes created and registered.
I0919 13:01:39.856983 2043707 MetadataMediator.cpp:47] MetadataMediator::createDataset : Dataset default successfully created.
I0919 13:01:39.857182 2043707 AttributesManagerBase.h:283] AttributesManager<T>::createFromJsonOrDefaultInternal  (Physics Manager) : Proposing JSON name : ./data/default.physics_config.json from original name : ./data/default.physics_config.json | This file  does not exist.
I0919 13:01:39.857192 2043707 PhysicsAttributesManager.cpp:27] File (./data/default.physics_config.json) not found, so new default physics manager attributes created and registered.
I0919 13:01:39.857196 2043707 AbstractObjectAttributesManagerBase.h:175] AbstractObjectAttributesManager<T>::createObject  (Stage) : Making attributes with handle : /mnt/data_nas/deeprobotics/daiyang/vla/third_party/ETP-R1/data/scene_datasets/mp3d/XcA2TqTSSAj/XcA2TqTSSAj.glb
I0919 13:01:39.857200 2043707 ManagedContainerBase.cpp:19] ManagedContainerBase::convertFilenameToJSON : Filename : /mnt/data_nas/deeprobotics/daiyang/vla/third_party/ETP-R1/data/scene_datasets/mp3d/XcA2TqTSSAj/XcA2TqTSSAj.glb changed to proposed JSON configuration filename : /mnt/data_nas/deeprobotics/daiyang/vla/third_party/ETP-R1/data/scene_datasets/mp3d/XcA2TqTSSAj/XcA2TqTSSAj.stage_config.json
I0919 13:01:39.857210 2043707 AttributesManagerBase.h:283] AttributesManager<T>::createFromJsonOrDefaultInternal  (Stage) : Proposing JSON name : /mnt/data_nas/deeprobotics/daiyang/vla/third_party/ETP-R1/data/scene_datasets/mp3d/XcA2TqTSSAj/XcA2TqTSSAj.stage_config.json from original name : /mnt/data_nas/deeprobotics/daiyang/vla/third_party/ETP-R1/data/scene_datasets/mp3d/XcA2TqTSSAj/XcA2TqTSSAj.glb | This file  does not exist.
I0919 13:01:39.857256 2043707 AbstractObjectAttributesManagerBase.h:181] AbstractObjectAttributesManager<T>::createObject  (Stage) : Done making attributes with handle : /mnt/data_nas/deeprobotics/daiyang/vla/third_party/ETP-R1/data/scene_datasets/mp3d/XcA2TqTSSAj/XcA2TqTSSAj.glb
I0919 13:01:39.857259 2043707 AbstractObjectAttributesManagerBase.h:188] File (/mnt/data_nas/deeprobotics/daiyang/vla/third_party/ETP-R1/data/scene_datasets/mp3d/XcA2TqTSSAj/XcA2TqTSSAj.glb) exists but is not a recognized config filename extension, so new default Stage attributes created and registered.
I0919 13:01:39.857263 2043707 Simulator.cpp:156] Loading navmesh from /mnt/data_nas/deeprobotics/daiyang/vla/third_party/ETP-R1/data/scene_datasets/mp3d/XcA2TqTSSAj/XcA2TqTSSAj.navmesh
I0919 13:01:39.858522 2043707 Simulator.cpp:158] Loaded.
I0919 13:01:39.858530 2043707 SceneGraph.h:93] Created DrawableGroup: 
Renderer: NVIDIA GeForce RTX 5090/PCIe/SSE2 by NVIDIA Corporation
OpenGL version: 4.6.0 NVIDIA 580.126.09
Using optional features:
    GL_ARB_ES2_compatibility
    GL_ARB_direct_state_access
    GL_ARB_get_texture_sub_image
    GL_ARB_invalidate_subdata
    GL_ARB_multi_bind
    GL_ARB_robustness
    GL_ARB_separate_shader_objects
    GL_ARB_texture_filter_anisotropic
    GL_ARB_texture_storage
    GL_ARB_texture_storage_multisample
    GL_ARB_vertex_array_object
    GL_KHR_debug
Using driver workarounds:
    no-forward-compatible-core-context
    nv-egl-incorrect-gl11-function-pointers
    no-layout-qualifiers-on-old-glsl
    nv-zero-context-profile-mask
    nv-implementation-color-read-format-dsa-broken
    nv-cubemap-inconsistent-compressed-image-size
    nv-cubemap-broken-full-compressed-image-query
    nv-compressed-block-size-in-bits
I0919 13:01:39.862072 2043707 ResourceManager.cpp:234] ResourceManager::loadStage : Not loading semantic mesh
I0919 13:01:39.862080 2043707 ResourceManager.cpp:262] ResourceManager::loadStage : start load render asset /mnt/data_nas/deeprobotics/daiyang/vla/third_party/ETP-R1/data/scene_datasets/mp3d/XcA2TqTSSAj/XcA2TqTSSAj.glb.
I0919 13:01:39.862082 2043707 ResourceManager.cpp:569] ResourceManager::loadStageInternal : Attempting to load stage /mnt/data_nas/deeprobotics/daiyang/vla/third_party/ETP-R1/data/scene_datasets/mp3d/XcA2TqTSSAj/XcA2TqTSSAj.glb 
I0919 13:01:39.862102 2043707 ResourceManager.cpp:1119] Importing Basis files as BC7 for XcA2TqTSSAj.glb
W0919 13:01:41.805672 2043707 Simulator.cpp:248] :
---
 The active scene does not contain semantic annotations. 
---
I0919 13:01:41.855372 2043707 simulator.py:213] Loaded navmesh /mnt/data_nas/deeprobotics/daiyang/vla/third_party/ETP-R1/data/scene_datasets/mp3d/XcA2TqTSSAj/XcA2TqTSSAj.navmesh
I0919 13:05:07.082300 2043707 PhysicsManager.cpp:33] Deconstructing PhysicsManager
I0919 13:05:07.082347 2043707 SemanticScene.h:41] Deconstructing SemanticScene
I0919 13:05:07.085145 2043707 SceneManager.h:25] Deconstructing SceneManager
I0919 13:05:07.085153 2043707 SceneGraph.h:26] Deconstructing SceneGraph
I0919 13:05:07.085736 2043707 Sensor.h:87] Deconstructing Sensor
I0919 13:05:07.089051 2043707 Renderer.cpp:34] Deconstructing Renderer
I0919 13:05:07.089071 2043707 WindowlessContext.h:17] Deconstructing WindowlessContext
I0919 13:05:07.095705 2043707 ManagedContainerBase.cpp:19] ManagedContainerBase::convertFilenameToJSON : Filename : default changed to proposed JSON configuration filename : default.scene_dataset_config.json
I0919 13:05:07.095721 2043707 AttributesManagerBase.h:283] AttributesManager<T>::createFromJsonOrDefaultInternal  (Dataset) : Proposing JSON name : default.scene_dataset_config.json from original name : default | This file  does not exist.
I0919 13:05:07.095875 2043707 AssetAttributesManager.cpp:117] Asset attributes (capsule3DSolid : capsule3DSolid_hemiRings_4_cylRings_1_segments_12_halfLen_0.75_useTexCoords_false_useTangents_false) created and registered.
I0919 13:05:07.095901 2043707 AssetAttributesManager.cpp:117] Asset attributes (capsule3DWireframe : capsule3DWireframe_hemiRings_8_cylRings_1_segments_16_halfLen_1) created and registered.
I0919 13:05:07.095924 2043707 AssetAttributesManager.cpp:117] Asset attributes (coneSolid : coneSolid_segments_12_halfLen_1.25_rings_1_useTexCoords_false_useTangents_false_capEnd_true) created and registered.
I0919 13:05:07.095938 2043707 AssetAttributesManager.cpp:117] Asset attributes (coneWireframe : coneWireframe_segments_32_halfLen_1.25) created and registered.
I0919 13:05:07.095947 2043707 AssetAttributesManager.cpp:117] Asset attributes (cubeSolid : cubeSolid) created and registered.
I0919 13:05:07.095953 2043707 AssetAttributesManager.cpp:117] Asset attributes (cubeWireframe : cubeWireframe) created and registered.
I0919 13:05:07.095973 2043707 AssetAttributesManager.cpp:117] Asset attributes (cylinderSolid : cylinderSolid_rings_1_segments_12_halfLen_1_useTexCoords_false_useTangents_false_capEnds_true) created and registered.
I0919 13:05:07.095990 2043707 AssetAttributesManager.cpp:117] Asset attributes (cylinderWireframe : cylinderWireframe_rings_1_segments_32_halfLen_1) created and registered.
I0919 13:05:07.096000 2043707 AssetAttributesManager.cpp:117] Asset attributes (icosphereSolid : icosphereSolid_subdivs_1) created and registered.
I0919 13:05:07.096009 2043707 AssetAttributesManager.cpp:117] Asset attributes (icosphereWireframe : icosphereWireframe_subdivs_1) created and registered.
I0919 13:05:07.096024 2043707 AssetAttributesManager.cpp:117] Asset attributes (uvSphereSolid : uvSphereSolid_rings_8_segments_16_useTexCoords_false_useTangents_false) created and registered.
I0919 13:05:07.096036 2043707 AssetAttributesManager.cpp:117] Asset attributes (uvSphereWireframe : uvSphereWireframe_rings_16_segments_32) created and registered.
I0919 13:05:07.096043 2043707 AssetAttributesManager.cpp:105] AssetAttributesManager::buildCtorFuncPtrMaps : Built default primitive asset templates : 12
I0919 13:05:07.096441 2043707 SceneDatasetAttributesManager.cpp:23] File (default) not found, so new default dataset attributes created and registered.
I0919 13:05:07.096444 2043707 MetadataMediator.cpp:47] MetadataMediator::createDataset : Dataset default successfully created.
I0919 13:05:07.096635 2043707 AttributesManagerBase.h:283] AttributesManager<T>::createFromJsonOrDefaultInternal  (Physics Manager) : Proposing JSON name : ./data/default.physics_config.json from original name : ./data/default.physics_config.json | This file  does not exist.
I0919 13:05:07.096652 2043707 PhysicsAttributesManager.cpp:27] File (./data/default.physics_config.json) not found, so new default physics manager attributes created and registered.
I0919 13:05:07.096657 2043707 AbstractObjectAttributesManagerBase.h:175] AbstractObjectAttributesManager<T>::createObject  (Stage) : Making attributes with handle : /mnt/data_nas/deeprobotics/daiyang/vla/third_party/ETP-R1/data/scene_datasets/mp3d/aayBHfsNo7d/aayBHfsNo7d.glb
I0919 13:05:07.096660 2043707 ManagedContainerBase.cpp:19] ManagedContainerBase::convertFilenameToJSON : Filename : /mnt/data_nas/deeprobotics/daiyang/vla/third_party/ETP-R1/data/scene_datasets/mp3d/aayBHfsNo7d/aayBHfsNo7d.glb changed to proposed JSON configuration filename : /mnt/data_nas/deeprobotics/daiyang/vla/third_party/ETP-R1/data/scene_datasets/mp3d/aayBHfsNo7d/aayBHfsNo7d.stage_config.json
I0919 13:05:07.096669 2043707 AttributesManagerBase.h:283] AttributesManager<T>::createFromJsonOrDefaultInternal  (Stage) : Proposing JSON name : /mnt/data_nas/deeprobotics/daiyang/vla/third_party/ETP-R1/data/scene_datasets/mp3d/aayBHfsNo7d/aayBHfsNo7d.stage_config.json from original name : /mnt/data_nas/deeprobotics/daiyang/vla/third_party/ETP-R1/data/scene_datasets/mp3d/aayBHfsNo7d/aayBHfsNo7d.glb | This file  does not exist.
I0919 13:05:07.096719 2043707 AbstractObjectAttributesManagerBase.h:181] AbstractObjectAttributesManager<T>::createObject  (Stage) : Done making attributes with handle : /mnt/data_nas/deeprobotics/daiyang/vla/third_party/ETP-R1/data/scene_datasets/mp3d/aayBHfsNo7d/aayBHfsNo7d.glb
I0919 13:05:07.096720 2043707 AbstractObjectAttributesManagerBase.h:188] File (/mnt/data_nas/deeprobotics/daiyang/vla/third_party/ETP-R1/data/scene_datasets/mp3d/aayBHfsNo7d/aayBHfsNo7d.glb) exists but is not a recognized config filename extension, so new default Stage attributes created and registered.
I0919 13:05:07.096724 2043707 Simulator.cpp:156] Loading navmesh from /mnt/data_nas/deeprobotics/daiyang/vla/third_party/ETP-R1/data/scene_datasets/mp3d/aayBHfsNo7d/aayBHfsNo7d.navmesh
I0919 13:05:07.097728 2043707 Simulator.cpp:158] Loaded.
I0919 13:05:07.097735 2043707 SceneGraph.h:93] Created DrawableGroup: 
Renderer: NVIDIA GeForce RTX 5090/PCIe/SSE2 by NVIDIA Corporation
OpenGL version: 4.6.0 NVIDIA 580.126.09
Using optional features:
    GL_ARB_ES2_compatibility
    GL_ARB_direct_state_access
    GL_ARB_get_texture_sub_image
    GL_ARB_invalidate_subdata
    GL_ARB_multi_bind
    GL_ARB_robustness
    GL_ARB_separate_shader_objects
    GL_ARB_texture_filter_anisotropic
    GL_ARB_texture_storage
    GL_ARB_texture_storage_multisample
    GL_ARB_vertex_array_object
    GL_KHR_debug
Using driver workarounds:
    no-forward-compatible-core-context
    nv-egl-incorrect-gl11-function-pointers
    no-layout-qualifiers-on-old-glsl
    nv-zero-context-profile-mask
    nv-implementation-color-read-format-dsa-broken
    nv-cubemap-inconsistent-compressed-image-size
    nv-cubemap-broken-full-compressed-image-query
    nv-compressed-block-size-in-bits
I0919 13:05:07.101221 2043707 ResourceManager.cpp:234] ResourceManager::loadStage : Not loading semantic mesh
I0919 13:05:07.101230 2043707 ResourceManager.cpp:262] ResourceManager::loadStage : start load render asset /mnt/data_nas/deeprobotics/daiyang/vla/third_party/ETP-R1/data/scene_datasets/mp3d/aayBHfsNo7d/aayBHfsNo7d.glb.
I0919 13:05:07.101233 2043707 ResourceManager.cpp:569] ResourceManager::loadStageInternal : Attempting to load stage /mnt/data_nas/deeprobotics/daiyang/vla/third_party/ETP-R1/data/scene_datasets/mp3d/aayBHfsNo7d/aayBHfsNo7d.glb 
I0919 13:05:07.101248 2043707 ResourceManager.cpp:1119] Importing Basis files as BC7 for aayBHfsNo7d.glb
W0919 13:05:08.654255 2043707 Simulator.cpp:248] :
---
 The active scene does not contain semantic annotations. 
---
I0919 13:05:08.694443 2043707 simulator.py:213] Loaded navmesh /mnt/data_nas/deeprobotics/daiyang/vla/third_party/ETP-R1/data/scene_datasets/mp3d/aayBHfsNo7d/aayBHfsNo7d.navmesh
I0919 13:05:46.083123 2043707 PhysicsManager.cpp:33] Deconstructing PhysicsManager
I0919 13:05:46.083156 2043707 SemanticScene.h:41] Deconstructing SemanticScene
I0919 13:05:46.085052 2043707 SceneManager.h:25] Deconstructing SceneManager
I0919 13:05:46.085062 2043707 SceneGraph.h:26] Deconstructing SceneGraph
I0919 13:05:46.085232 2043707 Sensor.h:87] Deconstructing Sensor
I0919 13:05:46.087013 2043707 Renderer.cpp:34] Deconstructing Renderer
I0919 13:05:46.087035 2043707 WindowlessContext.h:17] Deconstructing WindowlessContext
I0919 13:05:46.092658 2043707 ManagedContainerBase.cpp:19] ManagedContainerBase::convertFilenameToJSON : Filename : default changed to proposed JSON configuration filename : default.scene_dataset_config.json
I0919 13:05:46.092674 2043707 AttributesManagerBase.h:283] AttributesManager<T>::createFromJsonOrDefaultInternal  (Dataset) : Proposing JSON name : default.scene_dataset_config.json from original name : default | This file  does not exist.
I0919 13:05:46.092770 2043707 AssetAttributesManager.cpp:117] Asset attributes (capsule3DSolid : capsule3DSolid_hemiRings_4_cylRings_1_segments_12_halfLen_0.75_useTexCoords_false_useTangents_false) created and registered.
I0919 13:05:46.092796 2043707 AssetAttributesManager.cpp:117] Asset attributes (capsule3DWireframe : capsule3DWireframe_hemiRings_8_cylRings_1_segments_16_halfLen_1) created and registered.
I0919 13:05:46.092819 2043707 AssetAttributesManager.cpp:117] Asset attributes (coneSolid : coneSolid_segments_12_halfLen_1.25_rings_1_useTexCoords_false_useTangents_false_capEnd_true) created and registered.
I0919 13:05:46.092834 2043707 AssetAttributesManager.cpp:117] Asset attributes (coneWireframe : coneWireframe_segments_32_halfLen_1.25) created and registered.
I0919 13:05:46.092842 2043707 AssetAttributesManager.cpp:117] Asset attributes (cubeSolid : cubeSolid) created and registered.
I0919 13:05:46.092849 2043707 AssetAttributesManager.cpp:117] Asset attributes (cubeWireframe : cubeWireframe) created and registered.
I0919 13:05:46.092866 2043707 AssetAttributesManager.cpp:117] Asset attributes (cylinderSolid : cylinderSolid_rings_1_segments_12_halfLen_1_useTexCoords_false_useTangents_false_capEnds_true) created and registered.
I0919 13:05:46.092882 2043707 AssetAttributesManager.cpp:117] Asset attributes (cylinderWireframe : cylinderWireframe_rings_1_segments_32_halfLen_1) created and registered.
I0919 13:05:46.092893 2043707 AssetAttributesManager.cpp:117] Asset attributes (icosphereSolid : icosphereSolid_subdivs_1) created and registered.
I0919 13:05:46.092901 2043707 AssetAttributesManager.cpp:117] Asset attributes (icosphereWireframe : icosphereWireframe_subdivs_1) created and registered.
I0919 13:05:46.092916 2043707 AssetAttributesManager.cpp:117] Asset attributes (uvSphereSolid : uvSphereSolid_rings_8_segments_16_useTexCoords_false_useTangents_false) created and registered.
I0919 13:05:46.092927 2043707 AssetAttributesManager.cpp:117] Asset attributes (uvSphereWireframe : uvSphereWireframe_rings_16_segments_32) created and registered.
I0919 13:05:46.092934 2043707 AssetAttributesManager.cpp:105] AssetAttributesManager::buildCtorFuncPtrMaps : Built default primitive asset templates : 12
I0919 13:05:46.093323 2043707 SceneDatasetAttributesManager.cpp:23] File (default) not found, so new default dataset attributes created and registered.
I0919 13:05:46.093325 2043707 MetadataMediator.cpp:47] MetadataMediator::createDataset : Dataset default successfully created.
I0919 13:05:46.093510 2043707 AttributesManagerBase.h:283] AttributesManager<T>::createFromJsonOrDefaultInternal  (Physics Manager) : Proposing JSON name : ./data/default.physics_config.json from original name : ./data/default.physics_config.json | This file  does not exist.
I0919 13:05:46.093520 2043707 PhysicsAttributesManager.cpp:27] File (./data/default.physics_config.json) not found, so new default physics manager attributes created and registered.
I0919 13:05:46.093524 2043707 AbstractObjectAttributesManagerBase.h:175] AbstractObjectAttributesManager<T>::createObject  (Stage) : Making attributes with handle : /mnt/data_nas/deeprobotics/daiyang/vla/third_party/ETP-R1/data/scene_datasets/mp3d/82sE5b5pLXE/82sE5b5pLXE.glb
I0919 13:05:46.093533 2043707 ManagedContainerBase.cpp:19] ManagedContainerBase::convertFilenameToJSON : Filename : /mnt/data_nas/deeprobotics/daiyang/vla/third_party/ETP-R1/data/scene_datasets/mp3d/82sE5b5pLXE/82sE5b5pLXE.glb changed to proposed JSON configuration filename : /mnt/data_nas/deeprobotics/daiyang/vla/third_party/ETP-R1/data/scene_datasets/mp3d/82sE5b5pLXE/82sE5b5pLXE.stage_config.json
I0919 13:05:46.093544 2043707 AttributesManagerBase.h:283] AttributesManager<T>::createFromJsonOrDefaultInternal  (Stage) : Proposing JSON name : /mnt/data_nas/deeprobotics/daiyang/vla/third_party/ETP-R1/data/scene_datasets/mp3d/82sE5b5pLXE/82sE5b5pLXE.stage_config.json from original name : /mnt/data_nas/deeprobotics/daiyang/vla/third_party/ETP-R1/data/scene_datasets/mp3d/82sE5b5pLXE/82sE5b5pLXE.glb | This file  does not exist.
I0919 13:05:46.093590 2043707 AbstractObjectAttributesManagerBase.h:181] AbstractObjectAttributesManager<T>::createObject  (Stage) : Done making attributes with handle : /mnt/data_nas/deeprobotics/daiyang/vla/third_party/ETP-R1/data/scene_datasets/mp3d/82sE5b5pLXE/82sE5b5pLXE.glb
I0919 13:05:46.093592 2043707 AbstractObjectAttributesManagerBase.h:188] File (/mnt/data_nas/deeprobotics/daiyang/vla/third_party/ETP-R1/data/scene_datasets/mp3d/82sE5b5pLXE/82sE5b5pLXE.glb) exists but is not a recognized config filename extension, so new default Stage attributes created and registered.
I0919 13:05:46.093596 2043707 Simulator.cpp:156] Loading navmesh from /mnt/data_nas/deeprobotics/daiyang/vla/third_party/ETP-R1/data/scene_datasets/mp3d/82sE5b5pLXE/82sE5b5pLXE.navmesh
I0919 13:05:46.094350 2043707 Simulator.cpp:158] Loaded.
I0919 13:05:46.094357 2043707 SceneGraph.h:93] Created DrawableGroup: 
Renderer: NVIDIA GeForce RTX 5090/PCIe/SSE2 by NVIDIA Corporation
OpenGL version: 4.6.0 NVIDIA 580.126.09
Using optional features:
    GL_ARB_ES2_compatibility
    GL_ARB_direct_state_access
    GL_ARB_get_texture_sub_image
    GL_ARB_invalidate_subdata
    GL_ARB_multi_bind
    GL_ARB_robustness
    GL_ARB_separate_shader_objects
    GL_ARB_texture_filter_anisotropic
    GL_ARB_texture_storage
    GL_ARB_texture_storage_multisample
    GL_ARB_vertex_array_object
    GL_KHR_debug
Using driver workarounds:
    no-forward-compatible-core-context
    nv-egl-incorrect-gl11-function-pointers
    no-layout-qualifiers-on-old-glsl
    nv-zero-context-profile-mask
    nv-implementation-color-read-format-dsa-broken
    nv-cubemap-inconsistent-compressed-image-size
    nv-cubemap-broken-full-compressed-image-query
    nv-compressed-block-size-in-bits
I0919 13:05:46.097745 2043707 ResourceManager.cpp:234] ResourceManager::loadStage : Not loading semantic mesh
I0919 13:05:46.097754 2043707 ResourceManager.cpp:262] ResourceManager::loadStage : start load render asset /mnt/data_nas/deeprobotics/daiyang/vla/third_party/ETP-R1/data/scene_datasets/mp3d/82sE5b5pLXE/82sE5b5pLXE.glb.
I0919 13:05:46.097755 2043707 ResourceManager.cpp:569] ResourceManager::loadStageInternal : Attempting to load stage /mnt/data_nas/deeprobotics/daiyang/vla/third_party/ETP-R1/data/scene_datasets/mp3d/82sE5b5pLXE/82sE5b5pLXE.glb 
I0919 13:05:46.097770 2043707 ResourceManager.cpp:1119] Importing Basis files as BC7 for 82sE5b5pLXE.glb
W0919 13:05:48.172556 2043707 Simulator.cpp:248] :
---
 The active scene does not contain semantic annotations. 
---
I0919 13:05:48.207985 2043707 simulator.py:213] Loaded navmesh /mnt/data_nas/deeprobotics/daiyang/vla/third_party/ETP-R1/data/scene_datasets/mp3d/82sE5b5pLXE/82sE5b5pLXE.navmesh
I0919 13:06:39.048223 2043707 PhysicsManager.cpp:33] Deconstructing PhysicsManager
I0919 13:06:39.048277 2043707 SemanticScene.h:41] Deconstructing SemanticScene
I0919 13:06:39.049516 2043707 SceneManager.h:25] Deconstructing SceneManager
I0919 13:06:39.049522 2043707 SceneGraph.h:26] Deconstructing SceneGraph
I0919 13:06:39.049820 2043707 Sensor.h:87] Deconstructing Sensor
I0919 13:06:39.059477 2043707 Renderer.cpp:34] Deconstructing Renderer
I0919 13:06:39.059504 2043707 WindowlessContext.h:17] Deconstructing WindowlessContext
I0919 13:06:39.064208 2043707 ManagedContainerBase.cpp:19] ManagedContainerBase::convertFilenameToJSON : Filename : default changed to proposed JSON configuration filename : default.scene_dataset_config.json
I0919 13:06:39.064224 2043707 AttributesManagerBase.h:283] AttributesManager<T>::createFromJsonOrDefaultInternal  (Dataset) : Proposing JSON name : default.scene_dataset_config.json from original name : default | This file  does not exist.
I0919 13:06:39.064376 2043707 AssetAttributesManager.cpp:117] Asset attributes (capsule3DSolid : capsule3DSolid_hemiRings_4_cylRings_1_segments_12_halfLen_0.75_useTexCoords_false_useTangents_false) created and registered.
I0919 13:06:39.064401 2043707 AssetAttributesManager.cpp:117] Asset attributes (capsule3DWireframe : capsule3DWireframe_hemiRings_8_cylRings_1_segments_16_halfLen_1) created and registered.
I0919 13:06:39.064424 2043707 AssetAttributesManager.cpp:117] Asset attributes (coneSolid : coneSolid_segments_12_halfLen_1.25_rings_1_useTexCoords_false_useTangents_false_capEnd_true) created and registered.
I0919 13:06:39.064440 2043707 AssetAttributesManager.cpp:117] Asset attributes (coneWireframe : coneWireframe_segments_32_halfLen_1.25) created and registered.
I0919 13:06:39.064447 2043707 AssetAttributesManager.cpp:117] Asset attributes (cubeSolid : cubeSolid) created and registered.
I0919 13:06:39.064455 2043707 AssetAttributesManager.cpp:117] Asset attributes (cubeWireframe : cubeWireframe) created and registered.
I0919 13:06:39.064472 2043707 AssetAttributesManager.cpp:117] Asset attributes (cylinderSolid : cylinderSolid_rings_1_segments_12_halfLen_1_useTexCoords_false_useTangents_false_capEnds_true) created and registered.
I0919 13:06:39.064488 2043707 AssetAttributesManager.cpp:117] Asset attributes (cylinderWireframe : cylinderWireframe_rings_1_segments_32_halfLen_1) created and registered.
I0919 13:06:39.064498 2043707 AssetAttributesManager.cpp:117] Asset attributes (icosphereSolid : icosphereSolid_subdivs_1) created and registered.
I0919 13:06:39.064507 2043707 AssetAttributesManager.cpp:117] Asset attributes (icosphereWireframe : icosphereWireframe_subdivs_1) created and registered.
I0919 13:06:39.064522 2043707 AssetAttributesManager.cpp:117] Asset attributes (uvSphereSolid : uvSphereSolid_rings_8_segments_16_useTexCoords_false_useTangents_false) created and registered.
I0919 13:06:39.064533 2043707 AssetAttributesManager.cpp:117] Asset attributes (uvSphereWireframe : uvSphereWireframe_rings_16_segments_32) created and registered.
I0919 13:06:39.064538 2043707 AssetAttributesManager.cpp:105] AssetAttributesManager::buildCtorFuncPtrMaps : Built default primitive asset templates : 12
I0919 13:06:39.064921 2043707 SceneDatasetAttributesManager.cpp:23] File (default) not found, so new default dataset attributes created and registered.
I0919 13:06:39.064924 2043707 MetadataMediator.cpp:47] MetadataMediator::createDataset : Dataset default successfully created.
I0919 13:06:39.065109 2043707 AttributesManagerBase.h:283] AttributesManager<T>::createFromJsonOrDefaultInternal  (Physics Manager) : Proposing JSON name : ./data/default.physics_config.json from original name : ./data/default.physics_config.json | This file  does not exist.
I0919 13:06:39.065120 2043707 PhysicsAttributesManager.cpp:27] File (./data/default.physics_config.json) not found, so new default physics manager attributes created and registered.
I0919 13:06:39.065124 2043707 AbstractObjectAttributesManagerBase.h:175] AbstractObjectAttributesManager<T>::createObject  (Stage) : Making attributes with handle : /mnt/data_nas/deeprobotics/daiyang/vla/third_party/ETP-R1/data/scene_datasets/mp3d/B6ByNegPMKs/B6ByNegPMKs.glb
I0919 13:06:39.065127 2043707 ManagedContainerBase.cpp:19] ManagedContainerBase::convertFilenameToJSON : Filename : /mnt/data_nas/deeprobotics/daiyang/vla/third_party/ETP-R1/data/scene_datasets/mp3d/B6ByNegPMKs/B6ByNegPMKs.glb changed to proposed JSON configuration filename : /mnt/data_nas/deeprobotics/daiyang/vla/third_party/ETP-R1/data/scene_datasets/mp3d/B6ByNegPMKs/B6ByNegPMKs.stage_config.json
I0919 13:06:39.065145 2043707 AttributesManagerBase.h:283] AttributesManager<T>::createFromJsonOrDefaultInternal  (Stage) : Proposing JSON name : /mnt/data_nas/deeprobotics/daiyang/vla/third_party/ETP-R1/data/scene_datasets/mp3d/B6ByNegPMKs/B6ByNegPMKs.stage_config.json from original name : /mnt/data_nas/deeprobotics/daiyang/vla/third_party/ETP-R1/data/scene_datasets/mp3d/B6ByNegPMKs/B6ByNegPMKs.glb | This file  does not exist.
I0919 13:06:39.065189 2043707 AbstractObjectAttributesManagerBase.h:181] AbstractObjectAttributesManager<T>::createObject  (Stage) : Done making attributes with handle : /mnt/data_nas/deeprobotics/daiyang/vla/third_party/ETP-R1/data/scene_datasets/mp3d/B6ByNegPMKs/B6ByNegPMKs.glb
I0919 13:06:39.065191 2043707 AbstractObjectAttributesManagerBase.h:188] File (/mnt/data_nas/deeprobotics/daiyang/vla/third_party/ETP-R1/data/scene_datasets/mp3d/B6ByNegPMKs/B6ByNegPMKs.glb) exists but is not a recognized config filename extension, so new default Stage attributes created and registered.
I0919 13:06:39.065196 2043707 Simulator.cpp:156] Loading navmesh from /mnt/data_nas/deeprobotics/daiyang/vla/third_party/ETP-R1/data/scene_datasets/mp3d/B6ByNegPMKs/B6ByNegPMKs.navmesh
I0919 13:06:39.066363 2043707 Simulator.cpp:158] Loaded.
I0919 13:06:39.066372 2043707 SceneGraph.h:93] Created DrawableGroup: 
Renderer: NVIDIA GeForce RTX 5090/PCIe/SSE2 by NVIDIA Corporation
OpenGL version: 4.6.0 NVIDIA 580.126.09
Using optional features:
    GL_ARB_ES2_compatibility
    GL_ARB_direct_state_access
    GL_ARB_get_texture_sub_image
    GL_ARB_invalidate_subdata
    GL_ARB_multi_bind
    GL_ARB_robustness
    GL_ARB_separate_shader_objects
    GL_ARB_texture_filter_anisotropic
    GL_ARB_texture_storage
    GL_ARB_texture_storage_multisample
    GL_ARB_vertex_array_object
    GL_KHR_debug
Using driver workarounds:
    no-forward-compatible-core-context
    nv-egl-incorrect-gl11-function-pointers
    no-layout-qualifiers-on-old-glsl
    nv-zero-context-profile-mask
    nv-implementation-color-read-format-dsa-broken
    nv-cubemap-inconsistent-compressed-image-size
    nv-cubemap-broken-full-compressed-image-query
    nv-compressed-block-size-in-bits
I0919 13:06:39.094936 2043707 ResourceManager.cpp:234] ResourceManager::loadStage : Not loading semantic mesh
I0919 13:06:39.094946 2043707 ResourceManager.cpp:262] ResourceManager::loadStage : start load render asset /mnt/data_nas/deeprobotics/daiyang/vla/third_party/ETP-R1/data/scene_datasets/mp3d/B6ByNegPMKs/B6ByNegPMKs.glb.
I0919 13:06:39.094949 2043707 ResourceManager.cpp:569] ResourceManager::loadStageInternal : Attempting to load stage /mnt/data_nas/deeprobotics/daiyang/vla/third_party/ETP-R1/data/scene_datasets/mp3d/B6ByNegPMKs/B6ByNegPMKs.glb 
I0919 13:06:39.094973 2043707 ResourceManager.cpp:1119] Importing Basis files as BC7 for B6ByNegPMKs.glb
W0919 13:06:48.682482 2043707 Simulator.cpp:248] :
---
 The active scene does not contain semantic annotations. 
---
I0919 13:06:48.875205 2043707 simulator.py:213] Loaded navmesh /mnt/data_nas/deeprobotics/daiyang/vla/third_party/ETP-R1/data/scene_datasets/mp3d/B6ByNegPMKs/B6ByNegPMKs.navmesh
I0919 13:08:29.642619 2043707 PhysicsManager.cpp:33] Deconstructing PhysicsManager
I0919 13:08:29.642652 2043707 SemanticScene.h:41] Deconstructing SemanticScene
I0919 13:08:29.659144 2043707 SceneManager.h:25] Deconstructing SceneManager
I0919 13:08:29.659159 2043707 SceneGraph.h:26] Deconstructing SceneGraph
I0919 13:08:29.659588 2043707 Sensor.h:87] Deconstructing Sensor
I0919 13:08:29.671337 2043707 Renderer.cpp:34] Deconstructing Renderer
I0919 13:08:29.671365 2043707 WindowlessContext.h:17] Deconstructing WindowlessContext
I0919 13:08:29.689244 2043707 ManagedContainerBase.cpp:19] ManagedContainerBase::convertFilenameToJSON : Filename : default changed to proposed JSON configuration filename : default.scene_dataset_config.json
I0919 13:08:29.689275 2043707 AttributesManagerBase.h:283] AttributesManager<T>::createFromJsonOrDefaultInternal  (Dataset) : Proposing JSON name : default.scene_dataset_config.json from original name : default | This file  does not exist.
I0919 13:08:29.689428 2043707 AssetAttributesManager.cpp:117] Asset attributes (capsule3DSolid : capsule3DSolid_hemiRings_4_cylRings_1_segments_12_halfLen_0.75_useTexCoords_false_useTangents_false) created and registered.
I0919 13:08:29.689453 2043707 AssetAttributesManager.cpp:117] Asset attributes (capsule3DWireframe : capsule3DWireframe_hemiRings_8_cylRings_1_segments_16_halfLen_1) created and registered.
I0919 13:08:29.689479 2043707 AssetAttributesManager.cpp:117] Asset attributes (coneSolid : coneSolid_segments_12_halfLen_1.25_rings_1_useTexCoords_false_useTangents_false_capEnd_true) created and registered.
I0919 13:08:29.689494 2043707 AssetAttributesManager.cpp:117] Asset attributes (coneWireframe : coneWireframe_segments_32_halfLen_1.25) created and registered.
I0919 13:08:29.689502 2043707 AssetAttributesManager.cpp:117] Asset attributes (cubeSolid : cubeSolid) created and registered.
I0919 13:08:29.689509 2043707 AssetAttributesManager.cpp:117] Asset attributes (cubeWireframe : cubeWireframe) created and registered.
I0919 13:08:29.689527 2043707 AssetAttributesManager.cpp:117] Asset attributes (cylinderSolid : cylinderSolid_rings_1_segments_12_halfLen_1_useTexCoords_false_useTangents_false_capEnds_true) created and registered.
I0919 13:08:29.689543 2043707 AssetAttributesManager.cpp:117] Asset attributes (cylinderWireframe : cylinderWireframe_rings_1_segments_32_halfLen_1) created and registered.
I0919 13:08:29.689553 2043707 AssetAttributesManager.cpp:117] Asset attributes (icosphereSolid : icosphereSolid_subdivs_1) created and registered.
I0919 13:08:29.689563 2043707 AssetAttributesManager.cpp:117] Asset attributes (icosphereWireframe : icosphereWireframe_subdivs_1) created and registered.
I0919 13:08:29.689576 2043707 AssetAttributesManager.cpp:117] Asset attributes (uvSphereSolid : uvSphereSolid_rings_8_segments_16_useTexCoords_false_useTangents_false) created and registered.
I0919 13:08:29.689589 2043707 AssetAttributesManager.cpp:117] Asset attributes (uvSphereWireframe : uvSphereWireframe_rings_16_segments_32) created and registered.
I0919 13:08:29.689595 2043707 AssetAttributesManager.cpp:105] AssetAttributesManager::buildCtorFuncPtrMaps : Built default primitive asset templates : 12
I0919 13:08:29.689986 2043707 SceneDatasetAttributesManager.cpp:23] File (default) not found, so new default dataset attributes created and registered.
I0919 13:08:29.689989 2043707 MetadataMediator.cpp:47] MetadataMediator::createDataset : Dataset default successfully created.
I0919 13:08:29.691239 2043707 AttributesManagerBase.h:283] AttributesManager<T>::createFromJsonOrDefaultInternal  (Physics Manager) : Proposing JSON name : ./data/default.physics_config.json from original name : ./data/default.physics_config.json | This file  does not exist.
I0919 13:08:29.691255 2043707 PhysicsAttributesManager.cpp:27] File (./data/default.physics_config.json) not found, so new default physics manager attributes created and registered.
I0919 13:08:29.691259 2043707 AbstractObjectAttributesManagerBase.h:175] AbstractObjectAttributesManager<T>::createObject  (Stage) : Making attributes with handle : /mnt/data_nas/deeprobotics/daiyang/vla/third_party/ETP-R1/data/scene_datasets/mp3d/PuKPg4mmafe/PuKPg4mmafe.glb
I0919 13:08:29.691264 2043707 ManagedContainerBase.cpp:19] ManagedContainerBase::convertFilenameToJSON : Filename : /mnt/data_nas/deeprobotics/daiyang/vla/third_party/ETP-R1/data/scene_datasets/mp3d/PuKPg4mmafe/PuKPg4mmafe.glb changed to proposed JSON configuration filename : /mnt/data_nas/deeprobotics/daiyang/vla/third_party/ETP-R1/data/scene_datasets/mp3d/PuKPg4mmafe/PuKPg4mmafe.stage_config.json
I0919 13:08:29.695392 2043707 AttributesManagerBase.h:283] AttributesManager<T>::createFromJsonOrDefaultInternal  (Stage) : Proposing JSON name : /mnt/data_nas/deeprobotics/daiyang/vla/third_party/ETP-R1/data/scene_datasets/mp3d/PuKPg4mmafe/PuKPg4mmafe.stage_config.json from original name : /mnt/data_nas/deeprobotics/daiyang/vla/third_party/ETP-R1/data/scene_datasets/mp3d/PuKPg4mmafe/PuKPg4mmafe.glb | This file  does not exist.
I0919 13:08:29.695444 2043707 AbstractObjectAttributesManagerBase.h:181] AbstractObjectAttributesManager<T>::createObject  (Stage) : Done making attributes with handle : /mnt/data_nas/deeprobotics/daiyang/vla/third_party/ETP-R1/data/scene_datasets/mp3d/PuKPg4mmafe/PuKPg4mmafe.glb
I0919 13:08:29.695446 2043707 AbstractObjectAttributesManagerBase.h:188] File (/mnt/data_nas/deeprobotics/daiyang/vla/third_party/ETP-R1/data/scene_datasets/mp3d/PuKPg4mmafe/PuKPg4mmafe.glb) exists but is not a recognized config filename extension, so new default Stage attributes created and registered.
I0919 13:08:29.695451 2043707 Simulator.cpp:156] Loading navmesh from /mnt/data_nas/deeprobotics/daiyang/vla/third_party/ETP-R1/data/scene_datasets/mp3d/PuKPg4mmafe/PuKPg4mmafe.navmesh
I0919 13:08:29.696587 2043707 Simulator.cpp:158] Loaded.
I0919 13:08:29.696597 2043707 SceneGraph.h:93] Created DrawableGroup: 
Renderer: NVIDIA GeForce RTX 5090/PCIe/SSE2 by NVIDIA Corporation
OpenGL version: 4.6.0 NVIDIA 580.126.09
Using optional features:
    GL_ARB_ES2_compatibility
    GL_ARB_direct_state_access
    GL_ARB_get_texture_sub_image
    GL_ARB_invalidate_subdata
    GL_ARB_multi_bind
    GL_ARB_robustness
    GL_ARB_separate_shader_objects
    GL_ARB_texture_filter_anisotropic
    GL_ARB_texture_storage
    GL_ARB_texture_storage_multisample
    GL_ARB_vertex_array_object
    GL_KHR_debug
Using driver workarounds:
    no-forward-compatible-core-context
    nv-egl-incorrect-gl11-function-pointers
    no-layout-qualifiers-on-old-glsl
    nv-zero-context-profile-mask
    nv-implementation-color-read-format-dsa-broken
    nv-cubemap-inconsistent-compressed-image-size
    nv-cubemap-broken-full-compressed-image-query
    nv-compressed-block-size-in-bits
I0919 13:08:29.700266 2043707 ResourceManager.cpp:234] ResourceManager::loadStage : Not loading semantic mesh
I0919 13:08:29.700280 2043707 ResourceManager.cpp:262] ResourceManager::loadStage : start load render asset /mnt/data_nas/deeprobotics/daiyang/vla/third_party/ETP-R1/data/scene_datasets/mp3d/PuKPg4mmafe/PuKPg4mmafe.glb.
I0919 13:08:29.700282 2043707 ResourceManager.cpp:569] ResourceManager::loadStageInternal : Attempting to load stage /mnt/data_nas/deeprobotics/daiyang/vla/third_party/ETP-R1/data/scene_datasets/mp3d/PuKPg4mmafe/PuKPg4mmafe.glb 
I0919 13:08:29.700299 2043707 ResourceManager.cpp:1119] Importing Basis files as BC7 for PuKPg4mmafe.glb
W0919 13:08:34.337160 2043707 Simulator.cpp:248] :
---
 The active scene does not contain semantic annotations. 
---
I0919 13:08:34.357753 2043707 simulator.py:213] Loaded navmesh /mnt/data_nas/deeprobotics/daiyang/vla/third_party/ETP-R1/data/scene_datasets/mp3d/PuKPg4mmafe/PuKPg4mmafe.navmesh
I0919 13:10:19.412712 2043707 PhysicsManager.cpp:33] Deconstructing PhysicsManager
I0919 13:10:19.412762 2043707 SemanticScene.h:41] Deconstructing SemanticScene
I0919 13:10:19.413617 2043707 SceneManager.h:25] Deconstructing SceneManager
I0919 13:10:19.413621 2043707 SceneGraph.h:26] Deconstructing SceneGraph
I0919 13:10:19.413856 2043707 Sensor.h:87] Deconstructing Sensor
I0919 13:10:19.418644 2043707 Renderer.cpp:34] Deconstructing Renderer
I0919 13:10:19.418666 2043707 WindowlessContext.h:17] Deconstructing WindowlessContext
I0919 13:10:19.431559 2043707 ManagedContainerBase.cpp:19] ManagedContainerBase::convertFilenameToJSON : Filename : default changed to proposed JSON configuration filename : default.scene_dataset_config.json
I0919 13:10:19.431576 2043707 AttributesManagerBase.h:283] AttributesManager<T>::createFromJsonOrDefaultInternal  (Dataset) : Proposing JSON name : default.scene_dataset_config.json from original name : default | This file  does not exist.
I0919 13:10:19.431700 2043707 AssetAttributesManager.cpp:117] Asset attributes (capsule3DSolid : capsule3DSolid_hemiRings_4_cylRings_1_segments_12_halfLen_0.75_useTexCoords_false_useTangents_false) created and registered.
I0919 13:10:19.431731 2043707 AssetAttributesManager.cpp:117] Asset attributes (capsule3DWireframe : capsule3DWireframe_hemiRings_8_cylRings_1_segments_16_halfLen_1) created and registered.
I0919 13:10:19.431756 2043707 AssetAttributesManager.cpp:117] Asset attributes (coneSolid : coneSolid_segments_12_halfLen_1.25_rings_1_useTexCoords_false_useTangents_false_capEnd_true) created and registered.
I0919 13:10:19.431769 2043707 AssetAttributesManager.cpp:117] Asset attributes (coneWireframe : coneWireframe_segments_32_halfLen_1.25) created and registered.
I0919 13:10:19.431777 2043707 AssetAttributesManager.cpp:117] Asset attributes (cubeSolid : cubeSolid) created and registered.
I0919 13:10:19.431784 2043707 AssetAttributesManager.cpp:117] Asset attributes (cubeWireframe : cubeWireframe) created and registered.
I0919 13:10:19.431803 2043707 AssetAttributesManager.cpp:117] Asset attributes (cylinderSolid : cylinderSolid_rings_1_segments_12_halfLen_1_useTexCoords_false_useTangents_false_capEnds_true) created and registered.
I0919 13:10:19.431820 2043707 AssetAttributesManager.cpp:117] Asset attributes (cylinderWireframe : cylinderWireframe_rings_1_segments_32_halfLen_1) created and registered.
I0919 13:10:19.431830 2043707 AssetAttributesManager.cpp:117] Asset attributes (icosphereSolid : icosphereSolid_subdivs_1) created and registered.
I0919 13:10:19.431838 2043707 AssetAttributesManager.cpp:117] Asset attributes (icosphereWireframe : icosphereWireframe_subdivs_1) created and registered.
I0919 13:10:19.431854 2043707 AssetAttributesManager.cpp:117] Asset attributes (uvSphereSolid : uvSphereSolid_rings_8_segments_16_useTexCoords_false_useTangents_false) created and registered.
I0919 13:10:19.431865 2043707 AssetAttributesManager.cpp:117] Asset attributes (uvSphereWireframe : uvSphereWireframe_rings_16_segments_32) created and registered.
I0919 13:10:19.431871 2043707 AssetAttributesManager.cpp:105] AssetAttributesManager::buildCtorFuncPtrMaps : Built default primitive asset templates : 12
I0919 13:10:19.432265 2043707 SceneDatasetAttributesManager.cpp:23] File (default) not found, so new default dataset attributes created and registered.
I0919 13:10:19.432267 2043707 MetadataMediator.cpp:47] MetadataMediator::createDataset : Dataset default successfully created.
I0919 13:10:19.432464 2043707 AttributesManagerBase.h:283] AttributesManager<T>::createFromJsonOrDefaultInternal  (Physics Manager) : Proposing JSON name : ./data/default.physics_config.json from original name : ./data/default.physics_config.json | This file  does not exist.
I0919 13:10:19.432476 2043707 PhysicsAttributesManager.cpp:27] File (./data/default.physics_config.json) not found, so new default physics manager attributes created and registered.
I0919 13:10:19.432479 2043707 AbstractObjectAttributesManagerBase.h:175] AbstractObjectAttributesManager<T>::createObject  (Stage) : Making attributes with handle : /mnt/data_nas/deeprobotics/daiyang/vla/third_party/ETP-R1/data/scene_datasets/mp3d/XcA2TqTSSAj/XcA2TqTSSAj.glb
I0919 13:10:19.432483 2043707 ManagedContainerBase.cpp:19] ManagedContainerBase::convertFilenameToJSON : Filename : /mnt/data_nas/deeprobotics/daiyang/vla/third_party/ETP-R1/data/scene_datasets/mp3d/XcA2TqTSSAj/XcA2TqTSSAj.glb changed to proposed JSON configuration filename : /mnt/data_nas/deeprobotics/daiyang/vla/third_party/ETP-R1/data/scene_datasets/mp3d/XcA2TqTSSAj/XcA2TqTSSAj.stage_config.json
I0919 13:10:19.432494 2043707 AttributesManagerBase.h:283] AttributesManager<T>::createFromJsonOrDefaultInternal  (Stage) : Proposing JSON name : /mnt/data_nas/deeprobotics/daiyang/vla/third_party/ETP-R1/data/scene_datasets/mp3d/XcA2TqTSSAj/XcA2TqTSSAj.stage_config.json from original name : /mnt/data_nas/deeprobotics/daiyang/vla/third_party/ETP-R1/data/scene_datasets/mp3d/XcA2TqTSSAj/XcA2TqTSSAj.glb | This file  does not exist.
I0919 13:10:19.432541 2043707 AbstractObjectAttributesManagerBase.h:181] AbstractObjectAttributesManager<T>::createObject  (Stage) : Done making attributes with handle : /mnt/data_nas/deeprobotics/daiyang/vla/third_party/ETP-R1/data/scene_datasets/mp3d/XcA2TqTSSAj/XcA2TqTSSAj.glb
I0919 13:10:19.432545 2043707 AbstractObjectAttributesManagerBase.h:188] File (/mnt/data_nas/deeprobotics/daiyang/vla/third_party/ETP-R1/data/scene_datasets/mp3d/XcA2TqTSSAj/XcA2TqTSSAj.glb) exists but is not a recognized config filename extension, so new default Stage attributes created and registered.
I0919 13:10:19.432550 2043707 Simulator.cpp:156] Loading navmesh from /mnt/data_nas/deeprobotics/daiyang/vla/third_party/ETP-R1/data/scene_datasets/mp3d/XcA2TqTSSAj/XcA2TqTSSAj.navmesh
I0919 13:10:19.433341 2043707 Simulator.cpp:158] Loaded.
I0919 13:10:19.433348 2043707 SceneGraph.h:93] Created DrawableGroup: 
Renderer: NVIDIA GeForce RTX 5090/PCIe/SSE2 by NVIDIA Corporation
OpenGL version: 4.6.0 NVIDIA 580.126.09
Using optional features:
    GL_ARB_ES2_compatibility
    GL_ARB_direct_state_access
    GL_ARB_get_texture_sub_image
    GL_ARB_invalidate_subdata
    GL_ARB_multi_bind
    GL_ARB_robustness
    GL_ARB_separate_shader_objects
    GL_ARB_texture_filter_anisotropic
    GL_ARB_texture_storage
    GL_ARB_texture_storage_multisample
    GL_ARB_vertex_array_object
    GL_KHR_debug
Using driver workarounds:
    no-forward-compatible-core-context
    nv-egl-incorrect-gl11-function-pointers
    no-layout-qualifiers-on-old-glsl
    nv-zero-context-profile-mask
    nv-implementation-color-read-format-dsa-broken
    nv-cubemap-inconsistent-compressed-image-size
    nv-cubemap-broken-full-compressed-image-query
    nv-compressed-block-size-in-bits
I0919 13:10:19.437013 2043707 ResourceManager.cpp:234] ResourceManager::loadStage : Not loading semantic mesh
I0919 13:10:19.437022 2043707 ResourceManager.cpp:262] ResourceManager::loadStage : start load render asset /mnt/data_nas/deeprobotics/daiyang/vla/third_party/ETP-R1/data/scene_datasets/mp3d/XcA2TqTSSAj/XcA2TqTSSAj.glb.
I0919 13:10:19.437024 2043707 ResourceManager.cpp:569] ResourceManager::loadStageInternal : Attempting to load stage /mnt/data_nas/deeprobotics/daiyang/vla/third_party/ETP-R1/data/scene_datasets/mp3d/XcA2TqTSSAj/XcA2TqTSSAj.glb 
I0919 13:10:19.437041 2043707 ResourceManager.cpp:1119] Importing Basis files as BC7 for XcA2TqTSSAj.glb
W0919 13:10:21.376035 2043707 Simulator.cpp:248] :
---
 The active scene does not contain semantic annotations. 
---
I0919 13:10:21.425134 2043707 simulator.py:213] Loaded navmesh /mnt/data_nas/deeprobotics/daiyang/vla/third_party/ETP-R1/data/scene_datasets/mp3d/XcA2TqTSSAj/XcA2TqTSSAj.navmesh
I0919 13:13:41.498590 2043707 PhysicsManager.cpp:33] Deconstructing PhysicsManager
I0919 13:13:41.498641 2043707 SemanticScene.h:41] Deconstructing SemanticScene
I0919 13:13:41.501629 2043707 SceneManager.h:25] Deconstructing SceneManager
I0919 13:13:41.501639 2043707 SceneGraph.h:26] Deconstructing SceneGraph
I0919 13:13:41.502173 2043707 Sensor.h:87] Deconstructing Sensor
I0919 13:13:41.505553 2043707 Renderer.cpp:34] Deconstructing Renderer
I0919 13:13:41.505575 2043707 WindowlessContext.h:17] Deconstructing WindowlessContext
I0919 13:13:41.512259 2043707 ManagedContainerBase.cpp:19] ManagedContainerBase::convertFilenameToJSON : Filename : default changed to proposed JSON configuration filename : default.scene_dataset_config.json
I0919 13:13:41.512279 2043707 AttributesManagerBase.h:283] AttributesManager<T>::createFromJsonOrDefaultInternal  (Dataset) : Proposing JSON name : default.scene_dataset_config.json from original name : default | This file  does not exist.
I0919 13:13:41.512502 2043707 AssetAttributesManager.cpp:117] Asset attributes (capsule3DSolid : capsule3DSolid_hemiRings_4_cylRings_1_segments_12_halfLen_0.75_useTexCoords_false_useTangents_false) created and registered.
I0919 13:13:41.512528 2043707 AssetAttributesManager.cpp:117] Asset attributes (capsule3DWireframe : capsule3DWireframe_hemiRings_8_cylRings_1_segments_16_halfLen_1) created and registered.
I0919 13:13:41.512552 2043707 AssetAttributesManager.cpp:117] Asset attributes (coneSolid : coneSolid_segments_12_halfLen_1.25_rings_1_useTexCoords_false_useTangents_false_capEnd_true) created and registered.
I0919 13:13:41.512571 2043707 AssetAttributesManager.cpp:117] Asset attributes (coneWireframe : coneWireframe_segments_32_halfLen_1.25) created and registered.
I0919 13:13:41.512579 2043707 AssetAttributesManager.cpp:117] Asset attributes (cubeSolid : cubeSolid) created and registered.
I0919 13:13:41.512586 2043707 AssetAttributesManager.cpp:117] Asset attributes (cubeWireframe : cubeWireframe) created and registered.
I0919 13:13:41.512606 2043707 AssetAttributesManager.cpp:117] Asset attributes (cylinderSolid : cylinderSolid_rings_1_segments_12_halfLen_1_useTexCoords_false_useTangents_false_capEnds_true) created and registered.
I0919 13:13:41.512624 2043707 AssetAttributesManager.cpp:117] Asset attributes (cylinderWireframe : cylinderWireframe_rings_1_segments_32_halfLen_1) created and registered.
I0919 13:13:41.512633 2043707 AssetAttributesManager.cpp:117] Asset attributes (icosphereSolid : icosphereSolid_subdivs_1) created and registered.
I0919 13:13:41.512642 2043707 AssetAttributesManager.cpp:117] Asset attributes (icosphereWireframe : icosphereWireframe_subdivs_1) created and registered.
I0919 13:13:41.512656 2043707 AssetAttributesManager.cpp:117] Asset attributes (uvSphereSolid : uvSphereSolid_rings_8_segments_16_useTexCoords_false_useTangents_false) created and registered.
I0919 13:13:41.512670 2043707 AssetAttributesManager.cpp:117] Asset attributes (uvSphereWireframe : uvSphereWireframe_rings_16_segments_32) created and registered.
I0919 13:13:41.512677 2043707 AssetAttributesManager.cpp:105] AssetAttributesManager::buildCtorFuncPtrMaps : Built default primitive asset templates : 12
I0919 13:13:41.513067 2043707 SceneDatasetAttributesManager.cpp:23] File (default) not found, so new default dataset attributes created and registered.
I0919 13:13:41.513070 2043707 MetadataMediator.cpp:47] MetadataMediator::createDataset : Dataset default successfully created.
I0919 13:13:41.513254 2043707 AttributesManagerBase.h:283] AttributesManager<T>::createFromJsonOrDefaultInternal  (Physics Manager) : Proposing JSON name : ./data/default.physics_config.json from original name : ./data/default.physics_config.json | This file  does not exist.
I0919 13:13:41.513265 2043707 PhysicsAttributesManager.cpp:27] File (./data/default.physics_config.json) not found, so new default physics manager attributes created and registered.
I0919 13:13:41.513271 2043707 AbstractObjectAttributesManagerBase.h:175] AbstractObjectAttributesManager<T>::createObject  (Stage) : Making attributes with handle : /mnt/data_nas/deeprobotics/daiyang/vla/third_party/ETP-R1/data/scene_datasets/mp3d/aayBHfsNo7d/aayBHfsNo7d.glb
I0919 13:13:41.513275 2043707 ManagedContainerBase.cpp:19] ManagedContainerBase::convertFilenameToJSON : Filename : /mnt/data_nas/deeprobotics/daiyang/vla/third_party/ETP-R1/data/scene_datasets/mp3d/aayBHfsNo7d/aayBHfsNo7d.glb changed to proposed JSON configuration filename : /mnt/data_nas/deeprobotics/daiyang/vla/third_party/ETP-R1/data/scene_datasets/mp3d/aayBHfsNo7d/aayBHfsNo7d.stage_config.json
I0919 13:13:41.513286 2043707 AttributesManagerBase.h:283] AttributesManager<T>::createFromJsonOrDefaultInternal  (Stage) : Proposing JSON name : /mnt/data_nas/deeprobotics/daiyang/vla/third_party/ETP-R1/data/scene_datasets/mp3d/aayBHfsNo7d/aayBHfsNo7d.stage_config.json from original name : /mnt/data_nas/deeprobotics/daiyang/vla/third_party/ETP-R1/data/scene_datasets/mp3d/aayBHfsNo7d/aayBHfsNo7d.glb | This file  does not exist.
I0919 13:13:41.513334 2043707 AbstractObjectAttributesManagerBase.h:181] AbstractObjectAttributesManager<T>::createObject  (Stage) : Done making attributes with handle : /mnt/data_nas/deeprobotics/daiyang/vla/third_party/ETP-R1/data/scene_datasets/mp3d/aayBHfsNo7d/aayBHfsNo7d.glb
I0919 13:13:41.513335 2043707 AbstractObjectAttributesManagerBase.h:188] File (/mnt/data_nas/deeprobotics/daiyang/vla/third_party/ETP-R1/data/scene_datasets/mp3d/aayBHfsNo7d/aayBHfsNo7d.glb) exists but is not a recognized config filename extension, so new default Stage attributes created and registered.
I0919 13:13:41.513342 2043707 Simulator.cpp:156] Loading navmesh from /mnt/data_nas/deeprobotics/daiyang/vla/third_party/ETP-R1/data/scene_datasets/mp3d/aayBHfsNo7d/aayBHfsNo7d.navmesh
I0919 13:13:41.514341 2043707 Simulator.cpp:158] Loaded.
I0919 13:13:41.514348 2043707 SceneGraph.h:93] Created DrawableGroup: 
Renderer: NVIDIA GeForce RTX 5090/PCIe/SSE2 by NVIDIA Corporation
OpenGL version: 4.6.0 NVIDIA 580.126.09
Using optional features:
    GL_ARB_ES2_compatibility
    GL_ARB_direct_state_access
    GL_ARB_get_texture_sub_image
    GL_ARB_invalidate_subdata
    GL_ARB_multi_bind
    GL_ARB_robustness
    GL_ARB_separate_shader_objects
    GL_ARB_texture_filter_anisotropic
    GL_ARB_texture_storage
    GL_ARB_texture_storage_multisample
    GL_ARB_vertex_array_object
    GL_KHR_debug
Using driver workarounds:
    no-forward-compatible-core-context
    nv-egl-incorrect-gl11-function-pointers
    no-layout-qualifiers-on-old-glsl
    nv-zero-context-profile-mask
    nv-implementation-color-read-format-dsa-broken
    nv-cubemap-inconsistent-compressed-image-size
    nv-cubemap-broken-full-compressed-image-query
    nv-compressed-block-size-in-bits
I0919 13:13:41.517946 2043707 ResourceManager.cpp:234] ResourceManager::loadStage : Not loading semantic mesh
I0919 13:13:41.517953 2043707 ResourceManager.cpp:262] ResourceManager::loadStage : start load render asset /mnt/data_nas/deeprobotics/daiyang/vla/third_party/ETP-R1/data/scene_datasets/mp3d/aayBHfsNo7d/aayBHfsNo7d.glb.
I0919 13:13:41.517956 2043707 ResourceManager.cpp:569] ResourceManager::loadStageInternal : Attempting to load stage /mnt/data_nas/deeprobotics/daiyang/vla/third_party/ETP-R1/data/scene_datasets/mp3d/aayBHfsNo7d/aayBHfsNo7d.glb 
I0919 13:13:41.517971 2043707 ResourceManager.cpp:1119] Importing Basis files as BC7 for aayBHfsNo7d.glb
W0919 13:13:43.091243 2043707 Simulator.cpp:248] :
---
 The active scene does not contain semantic annotations. 
---
I0919 13:13:43.131399 2043707 simulator.py:213] Loaded navmesh /mnt/data_nas/deeprobotics/daiyang/vla/third_party/ETP-R1/data/scene_datasets/mp3d/aayBHfsNo7d/aayBHfsNo7d.navmesh
I0919 13:15:02.183355 2043707 PhysicsManager.cpp:33] Deconstructing PhysicsManager
I0919 13:15:02.183391 2043707 SemanticScene.h:41] Deconstructing SemanticScene
I0919 13:15:02.185498 2043707 SceneManager.h:25] Deconstructing SceneManager
I0919 13:15:02.185506 2043707 SceneGraph.h:26] Deconstructing SceneGraph
I0919 13:15:02.185673 2043707 Sensor.h:87] Deconstructing Sensor
I0919 13:15:02.187611 2043707 Renderer.cpp:34] Deconstructing Renderer
I0919 13:15:02.187637 2043707 WindowlessContext.h:17] Deconstructing WindowlessContext
I0919 13:15:02.193308 2043707 ManagedContainerBase.cpp:19] ManagedContainerBase::convertFilenameToJSON : Filename : default changed to proposed JSON configuration filename : default.scene_dataset_config.json
I0919 13:15:02.193324 2043707 AttributesManagerBase.h:283] AttributesManager<T>::createFromJsonOrDefaultInternal  (Dataset) : Proposing JSON name : default.scene_dataset_config.json from original name : default | This file  does not exist.
I0919 13:15:02.193506 2043707 AssetAttributesManager.cpp:117] Asset attributes (capsule3DSolid : capsule3DSolid_hemiRings_4_cylRings_1_segments_12_halfLen_0.75_useTexCoords_false_useTangents_false) created and registered.
I0919 13:15:02.193532 2043707 AssetAttributesManager.cpp:117] Asset attributes (capsule3DWireframe : capsule3DWireframe_hemiRings_8_cylRings_1_segments_16_halfLen_1) created and registered.
I0919 13:15:02.193557 2043707 AssetAttributesManager.cpp:117] Asset attributes (coneSolid : coneSolid_segments_12_halfLen_1.25_rings_1_useTexCoords_false_useTangents_false_capEnd_true) created and registered.
I0919 13:15:02.193570 2043707 AssetAttributesManager.cpp:117] Asset attributes (coneWireframe : coneWireframe_segments_32_halfLen_1.25) created and registered.
I0919 13:15:02.193579 2043707 AssetAttributesManager.cpp:117] Asset attributes (cubeSolid : cubeSolid) created and registered.
I0919 13:15:02.193585 2043707 AssetAttributesManager.cpp:117] Asset attributes (cubeWireframe : cubeWireframe) created and registered.
I0919 13:15:02.193609 2043707 AssetAttributesManager.cpp:117] Asset attributes (cylinderSolid : cylinderSolid_rings_1_segments_12_halfLen_1_useTexCoords_false_useTangents_false_capEnds_true) created and registered.
I0919 13:15:02.193626 2043707 AssetAttributesManager.cpp:117] Asset attributes (cylinderWireframe : cylinderWireframe_rings_1_segments_32_halfLen_1) created and registered.
I0919 13:15:02.193636 2043707 AssetAttributesManager.cpp:117] Asset attributes (icosphereSolid : icosphereSolid_subdivs_1) created and registered.
I0919 13:15:02.193645 2043707 AssetAttributesManager.cpp:117] Asset attributes (icosphereWireframe : icosphereWireframe_subdivs_1) created and registered.
I0919 13:15:02.193658 2043707 AssetAttributesManager.cpp:117] Asset attributes (uvSphereSolid : uvSphereSolid_rings_8_segments_16_useTexCoords_false_useTangents_false) created and registered.
I0919 13:15:02.193670 2043707 AssetAttributesManager.cpp:117] Asset attributes (uvSphereWireframe : uvSphereWireframe_rings_16_segments_32) created and registered.
I0919 13:15:02.193676 2043707 AssetAttributesManager.cpp:105] AssetAttributesManager::buildCtorFuncPtrMaps : Built default primitive asset templates : 12
I0919 13:15:02.194067 2043707 SceneDatasetAttributesManager.cpp:23] File (default) not found, so new default dataset attributes created and registered.
I0919 13:15:02.194069 2043707 MetadataMediator.cpp:47] MetadataMediator::createDataset : Dataset default successfully created.
I0919 13:15:02.194249 2043707 AttributesManagerBase.h:283] AttributesManager<T>::createFromJsonOrDefaultInternal  (Physics Manager) : Proposing JSON name : ./data/default.physics_config.json from original name : ./data/default.physics_config.json | This file  does not exist.
I0919 13:15:02.194260 2043707 PhysicsAttributesManager.cpp:27] File (./data/default.physics_config.json) not found, so new default physics manager attributes created and registered.
I0919 13:15:02.194263 2043707 AbstractObjectAttributesManagerBase.h:175] AbstractObjectAttributesManager<T>::createObject  (Stage) : Making attributes with handle : /mnt/data_nas/deeprobotics/daiyang/vla/third_party/ETP-R1/data/scene_datasets/mp3d/82sE5b5pLXE/82sE5b5pLXE.glb
I0919 13:15:02.194267 2043707 ManagedContainerBase.cpp:19] ManagedContainerBase::convertFilenameToJSON : Filename : /mnt/data_nas/deeprobotics/daiyang/vla/third_party/ETP-R1/data/scene_datasets/mp3d/82sE5b5pLXE/82sE5b5pLXE.glb changed to proposed JSON configuration filename : /mnt/data_nas/deeprobotics/daiyang/vla/third_party/ETP-R1/data/scene_datasets/mp3d/82sE5b5pLXE/82sE5b5pLXE.stage_config.json
I0919 13:15:02.194283 2043707 AttributesManagerBase.h:283] AttributesManager<T>::createFromJsonOrDefaultInternal  (Stage) : Proposing JSON name : /mnt/data_nas/deeprobotics/daiyang/vla/third_party/ETP-R1/data/scene_datasets/mp3d/82sE5b5pLXE/82sE5b5pLXE.stage_config.json from original name : /mnt/data_nas/deeprobotics/daiyang/vla/third_party/ETP-R1/data/scene_datasets/mp3d/82sE5b5pLXE/82sE5b5pLXE.glb | This file  does not exist.
I0919 13:15:02.194329 2043707 AbstractObjectAttributesManagerBase.h:181] AbstractObjectAttributesManager<T>::createObject  (Stage) : Done making attributes with handle : /mnt/data_nas/deeprobotics/daiyang/vla/third_party/ETP-R1/data/scene_datasets/mp3d/82sE5b5pLXE/82sE5b5pLXE.glb
I0919 13:15:02.194329 2043707 AbstractObjectAttributesManagerBase.h:188] File (/mnt/data_nas/deeprobotics/daiyang/vla/third_party/ETP-R1/data/scene_datasets/mp3d/82sE5b5pLXE/82sE5b5pLXE.glb) exists but is not a recognized config filename extension, so new default Stage attributes created and registered.
I0919 13:15:02.194334 2043707 Simulator.cpp:156] Loading navmesh from /mnt/data_nas/deeprobotics/daiyang/vla/third_party/ETP-R1/data/scene_datasets/mp3d/82sE5b5pLXE/82sE5b5pLXE.navmesh
I0919 13:15:02.195178 2043707 Simulator.cpp:158] Loaded.
I0919 13:15:02.195185 2043707 SceneGraph.h:93] Created DrawableGroup: 
Renderer: NVIDIA GeForce RTX 5090/PCIe/SSE2 by NVIDIA Corporation
OpenGL version: 4.6.0 NVIDIA 580.126.09
Using optional features:
    GL_ARB_ES2_compatibility
    GL_ARB_direct_state_access
    GL_ARB_get_texture_sub_image
    GL_ARB_invalidate_subdata
    GL_ARB_multi_bind
    GL_ARB_robustness
    GL_ARB_separate_shader_objects
    GL_ARB_texture_filter_anisotropic
    GL_ARB_texture_storage
    GL_ARB_texture_storage_multisample
    GL_ARB_vertex_array_object
    GL_KHR_debug
Using driver workarounds:
    no-forward-compatible-core-context
    nv-egl-incorrect-gl11-function-pointers
    no-layout-qualifiers-on-old-glsl
    nv-zero-context-profile-mask
    nv-implementation-color-read-format-dsa-broken
    nv-cubemap-inconsistent-compressed-image-size
    nv-cubemap-broken-full-compressed-image-query
    nv-compressed-block-size-in-bits
I0919 13:15:02.198675 2043707 ResourceManager.cpp:234] ResourceManager::loadStage : Not loading semantic mesh
I0919 13:15:02.198683 2043707 ResourceManager.cpp:262] ResourceManager::loadStage : start load render asset /mnt/data_nas/deeprobotics/daiyang/vla/third_party/ETP-R1/data/scene_datasets/mp3d/82sE5b5pLXE/82sE5b5pLXE.glb.
I0919 13:15:02.198685 2043707 ResourceManager.cpp:569] ResourceManager::loadStageInternal : Attempting to load stage /mnt/data_nas/deeprobotics/daiyang/vla/third_party/ETP-R1/data/scene_datasets/mp3d/82sE5b5pLXE/82sE5b5pLXE.glb 
I0919 13:15:02.198699 2043707 ResourceManager.cpp:1119] Importing Basis files as BC7 for 82sE5b5pLXE.glb
W0919 13:15:04.203188 2043707 Simulator.cpp:248] :
---
 The active scene does not contain semantic annotations. 
---
I0919 13:15:04.239864 2043707 simulator.py:213] Loaded navmesh /mnt/data_nas/deeprobotics/daiyang/vla/third_party/ETP-R1/data/scene_datasets/mp3d/82sE5b5pLXE/82sE5b5pLXE.navmesh
I0919 13:16:19.711880 2043707 PhysicsManager.cpp:33] Deconstructing PhysicsManager
I0919 13:16:19.711925 2043707 SemanticScene.h:41] Deconstructing SemanticScene
I0919 13:16:19.713198 2043707 SceneManager.h:25] Deconstructing SceneManager
I0919 13:16:19.713205 2043707 SceneGraph.h:26] Deconstructing SceneGraph
I0919 13:16:19.713442 2043707 Sensor.h:87] Deconstructing Sensor
I0919 13:16:19.723347 2043707 Renderer.cpp:34] Deconstructing Renderer
I0919 13:16:19.723381 2043707 WindowlessContext.h:17] Deconstructing WindowlessContext
I0919 13:16:19.773566 2043707 ManagedContainerBase.cpp:19] ManagedContainerBase::convertFilenameToJSON : Filename : default changed to proposed JSON configuration filename : default.scene_dataset_config.json
I0919 13:16:19.773591 2043707 AttributesManagerBase.h:283] AttributesManager<T>::createFromJsonOrDefaultInternal  (Dataset) : Proposing JSON name : default.scene_dataset_config.json from original name : default | This file  does not exist.
I0919 13:16:19.773792 2043707 AssetAttributesManager.cpp:117] Asset attributes (capsule3DSolid : capsule3DSolid_hemiRings_4_cylRings_1_segments_12_halfLen_0.75_useTexCoords_false_useTangents_false) created and registered.
I0919 13:16:19.773818 2043707 AssetAttributesManager.cpp:117] Asset attributes (capsule3DWireframe : capsule3DWireframe_hemiRings_8_cylRings_1_segments_16_halfLen_1) created and registered.
I0919 13:16:19.773842 2043707 AssetAttributesManager.cpp:117] Asset attributes (coneSolid : coneSolid_segments_12_halfLen_1.25_rings_1_useTexCoords_false_useTangents_false_capEnd_true) created and registered.
I0919 13:16:19.773856 2043707 AssetAttributesManager.cpp:117] Asset attributes (coneWireframe : coneWireframe_segments_32_halfLen_1.25) created and registered.
I0919 13:16:19.773864 2043707 AssetAttributesManager.cpp:117] Asset attributes (cubeSolid : cubeSolid) created and registered.
I0919 13:16:19.773870 2043707 AssetAttributesManager.cpp:117] Asset attributes (cubeWireframe : cubeWireframe) created and registered.
I0919 13:16:19.773890 2043707 AssetAttributesManager.cpp:117] Asset attributes (cylinderSolid : cylinderSolid_rings_1_segments_12_halfLen_1_useTexCoords_false_useTangents_false_capEnds_true) created and registered.
I0919 13:16:19.773906 2043707 AssetAttributesManager.cpp:117] Asset attributes (cylinderWireframe : cylinderWireframe_rings_1_segments_32_halfLen_1) created and registered.
I0919 13:16:19.773926 2043707 AssetAttributesManager.cpp:117] Asset attributes (icosphereSolid : icosphereSolid_subdivs_1) created and registered.
I0919 13:16:19.773934 2043707 AssetAttributesManager.cpp:117] Asset attributes (icosphereWireframe : icosphereWireframe_subdivs_1) created and registered.
I0919 13:16:19.773950 2043707 AssetAttributesManager.cpp:117] Asset attributes (uvSphereSolid : uvSphereSolid_rings_8_segments_16_useTexCoords_false_useTangents_false) created and registered.
I0919 13:16:19.773962 2043707 AssetAttributesManager.cpp:117] Asset attributes (uvSphereWireframe : uvSphereWireframe_rings_16_segments_32) created and registered.
I0919 13:16:19.773968 2043707 AssetAttributesManager.cpp:105] AssetAttributesManager::buildCtorFuncPtrMaps : Built default primitive asset templates : 12
I0919 13:16:19.774364 2043707 SceneDatasetAttributesManager.cpp:23] File (default) not found, so new default dataset attributes created and registered.
I0919 13:16:19.774366 2043707 MetadataMediator.cpp:47] MetadataMediator::createDataset : Dataset default successfully created.
I0919 13:16:19.774564 2043707 AttributesManagerBase.h:283] AttributesManager<T>::createFromJsonOrDefaultInternal  (Physics Manager) : Proposing JSON name : ./data/default.physics_config.json from original name : ./data/default.physics_config.json | This file  does not exist.
I0919 13:16:19.774576 2043707 PhysicsAttributesManager.cpp:27] File (./data/default.physics_config.json) not found, so new default physics manager attributes created and registered.
I0919 13:16:19.774580 2043707 AbstractObjectAttributesManagerBase.h:175] AbstractObjectAttributesManager<T>::createObject  (Stage) : Making attributes with handle : /mnt/data_nas/deeprobotics/daiyang/vla/third_party/ETP-R1/data/scene_datasets/mp3d/B6ByNegPMKs/B6ByNegPMKs.glb
I0919 13:16:19.774583 2043707 ManagedContainerBase.cpp:19] ManagedContainerBase::convertFilenameToJSON : Filename : /mnt/data_nas/deeprobotics/daiyang/vla/third_party/ETP-R1/data/scene_datasets/mp3d/B6ByNegPMKs/B6ByNegPMKs.glb changed to proposed JSON configuration filename : /mnt/data_nas/deeprobotics/daiyang/vla/third_party/ETP-R1/data/scene_datasets/mp3d/B6ByNegPMKs/B6ByNegPMKs.stage_config.json
I0919 13:16:19.774595 2043707 AttributesManagerBase.h:283] AttributesManager<T>::createFromJsonOrDefaultInternal  (Stage) : Proposing JSON name : /mnt/data_nas/deeprobotics/daiyang/vla/third_party/ETP-R1/data/scene_datasets/mp3d/B6ByNegPMKs/B6ByNegPMKs.stage_config.json from original name : /mnt/data_nas/deeprobotics/daiyang/vla/third_party/ETP-R1/data/scene_datasets/mp3d/B6ByNegPMKs/B6ByNegPMKs.glb | This file  does not exist.
I0919 13:16:19.774641 2043707 AbstractObjectAttributesManagerBase.h:181] AbstractObjectAttributesManager<T>::createObject  (Stage) : Done making attributes with handle : /mnt/data_nas/deeprobotics/daiyang/vla/third_party/ETP-R1/data/scene_datasets/mp3d/B6ByNegPMKs/B6ByNegPMKs.glb
I0919 13:16:19.774643 2043707 AbstractObjectAttributesManagerBase.h:188] File (/mnt/data_nas/deeprobotics/daiyang/vla/third_party/ETP-R1/data/scene_datasets/mp3d/B6ByNegPMKs/B6ByNegPMKs.glb) exists but is not a recognized config filename extension, so new default Stage attributes created and registered.
I0919 13:16:19.774648 2043707 Simulator.cpp:156] Loading navmesh from /mnt/data_nas/deeprobotics/daiyang/vla/third_party/ETP-R1/data/scene_datasets/mp3d/B6ByNegPMKs/B6ByNegPMKs.navmesh
I0919 13:16:19.776342 2043707 Simulator.cpp:158] Loaded.
I0919 13:16:19.776351 2043707 SceneGraph.h:93] Created DrawableGroup: 
Renderer: NVIDIA GeForce RTX 5090/PCIe/SSE2 by NVIDIA Corporation
OpenGL version: 4.6.0 NVIDIA 580.126.09
Using optional features:
    GL_ARB_ES2_compatibility
    GL_ARB_direct_state_access
    GL_ARB_get_texture_sub_image
    GL_ARB_invalidate_subdata
    GL_ARB_multi_bind
    GL_ARB_robustness
    GL_ARB_separate_shader_objects
    GL_ARB_texture_filter_anisotropic
    GL_ARB_texture_storage
    GL_ARB_texture_storage_multisample
    GL_ARB_vertex_array_object
    GL_KHR_debug
Using driver workarounds:
    no-forward-compatible-core-context
    nv-egl-incorrect-gl11-function-pointers
    no-layout-qualifiers-on-old-glsl
    nv-zero-context-profile-mask
    nv-implementation-color-read-format-dsa-broken
    nv-cubemap-inconsistent-compressed-image-size
    nv-cubemap-broken-full-compressed-image-query
    nv-compressed-block-size-in-bits
I0919 13:16:19.790133 2043707 ResourceManager.cpp:234] ResourceManager::loadStage : Not loading semantic mesh
I0919 13:16:19.790143 2043707 ResourceManager.cpp:262] ResourceManager::loadStage : start load render asset /mnt/data_nas/deeprobotics/daiyang/vla/third_party/ETP-R1/data/scene_datasets/mp3d/B6ByNegPMKs/B6ByNegPMKs.glb.
I0919 13:16:19.790145 2043707 ResourceManager.cpp:569] ResourceManager::loadStageInternal : Attempting to load stage /mnt/data_nas/deeprobotics/daiyang/vla/third_party/ETP-R1/data/scene_datasets/mp3d/B6ByNegPMKs/B6ByNegPMKs.glb 
I0919 13:16:19.790164 2043707 ResourceManager.cpp:1119] Importing Basis files as BC7 for B6ByNegPMKs.glb
W0919 13:16:29.324959 2043707 Simulator.cpp:248] :
---
 The active scene does not contain semantic annotations. 
---
I0919 13:16:29.516650 2043707 simulator.py:213] Loaded navmesh /mnt/data_nas/deeprobotics/daiyang/vla/third_party/ETP-R1/data/scene_datasets/mp3d/B6ByNegPMKs/B6ByNegPMKs.navmesh
I0919 13:20:46.805156 2043707 PhysicsManager.cpp:33] Deconstructing PhysicsManager
I0919 13:20:46.805208 2043707 SemanticScene.h:41] Deconstructing SemanticScene
I0919 13:20:46.821156 2043707 SceneManager.h:25] Deconstructing SceneManager
I0919 13:20:46.821172 2043707 SceneGraph.h:26] Deconstructing SceneGraph
I0919 13:20:46.821642 2043707 Sensor.h:87] Deconstructing Sensor
I0919 13:20:46.835206 2043707 Renderer.cpp:34] Deconstructing Renderer
I0919 13:20:46.835237 2043707 WindowlessContext.h:17] Deconstructing WindowlessContext
I0919 13:20:46.852559 2043707 ManagedContainerBase.cpp:19] ManagedContainerBase::convertFilenameToJSON : Filename : default changed to proposed JSON configuration filename : default.scene_dataset_config.json
I0919 13:20:46.852579 2043707 AttributesManagerBase.h:283] AttributesManager<T>::createFromJsonOrDefaultInternal  (Dataset) : Proposing JSON name : default.scene_dataset_config.json from original name : default | This file  does not exist.
I0919 13:20:46.852681 2043707 AssetAttributesManager.cpp:117] Asset attributes (capsule3DSolid : capsule3DSolid_hemiRings_4_cylRings_1_segments_12_halfLen_0.75_useTexCoords_false_useTangents_false) created and registered.
I0919 13:20:46.852710 2043707 AssetAttributesManager.cpp:117] Asset attributes (capsule3DWireframe : capsule3DWireframe_hemiRings_8_cylRings_1_segments_16_halfLen_1) created and registered.
I0919 13:20:46.852732 2043707 AssetAttributesManager.cpp:117] Asset attributes (coneSolid : coneSolid_segments_12_halfLen_1.25_rings_1_useTexCoords_false_useTangents_false_capEnd_true) created and registered.
I0919 13:20:46.852747 2043707 AssetAttributesManager.cpp:117] Asset attributes (coneWireframe : coneWireframe_segments_32_halfLen_1.25) created and registered.
I0919 13:20:46.852756 2043707 AssetAttributesManager.cpp:117] Asset attributes (cubeSolid : cubeSolid) created and registered.
I0919 13:20:46.852762 2043707 AssetAttributesManager.cpp:117] Asset attributes (cubeWireframe : cubeWireframe) created and registered.
I0919 13:20:46.852782 2043707 AssetAttributesManager.cpp:117] Asset attributes (cylinderSolid : cylinderSolid_rings_1_segments_12_halfLen_1_useTexCoords_false_useTangents_false_capEnds_true) created and registered.
I0919 13:20:46.852797 2043707 AssetAttributesManager.cpp:117] Asset attributes (cylinderWireframe : cylinderWireframe_rings_1_segments_32_halfLen_1) created and registered.
I0919 13:20:46.852808 2043707 AssetAttributesManager.cpp:117] Asset attributes (icosphereSolid : icosphereSolid_subdivs_1) created and registered.
I0919 13:20:46.852816 2043707 AssetAttributesManager.cpp:117] Asset attributes (icosphereWireframe : icosphereWireframe_subdivs_1) created and registered.
I0919 13:20:46.852833 2043707 AssetAttributesManager.cpp:117] Asset attributes (uvSphereSolid : uvSphereSolid_rings_8_segments_16_useTexCoords_false_useTangents_false) created and registered.
I0919 13:20:46.852854 2043707 AssetAttributesManager.cpp:117] Asset attributes (uvSphereWireframe : uvSphereWireframe_rings_16_segments_32) created and registered.
I0919 13:20:46.852860 2043707 AssetAttributesManager.cpp:105] AssetAttributesManager::buildCtorFuncPtrMaps : Built default primitive asset templates : 12
I0919 13:20:46.853256 2043707 SceneDatasetAttributesManager.cpp:23] File (default) not found, so new default dataset attributes created and registered.
I0919 13:20:46.853258 2043707 MetadataMediator.cpp:47] MetadataMediator::createDataset : Dataset default successfully created.
I0919 13:20:46.854728 2043707 AttributesManagerBase.h:283] AttributesManager<T>::createFromJsonOrDefaultInternal  (Physics Manager) : Proposing JSON name : ./data/default.physics_config.json from original name : ./data/default.physics_config.json | This file  does not exist.
I0919 13:20:46.854743 2043707 PhysicsAttributesManager.cpp:27] File (./data/default.physics_config.json) not found, so new default physics manager attributes created and registered.
I0919 13:20:46.854745 2043707 AbstractObjectAttributesManagerBase.h:175] AbstractObjectAttributesManager<T>::createObject  (Stage) : Making attributes with handle : /mnt/data_nas/deeprobotics/daiyang/vla/third_party/ETP-R1/data/scene_datasets/mp3d/PuKPg4mmafe/PuKPg4mmafe.glb
I0919 13:20:46.854749 2043707 ManagedContainerBase.cpp:19] ManagedContainerBase::convertFilenameToJSON : Filename : /mnt/data_nas/deeprobotics/daiyang/vla/third_party/ETP-R1/data/scene_datasets/mp3d/PuKPg4mmafe/PuKPg4mmafe.glb changed to proposed JSON configuration filename : /mnt/data_nas/deeprobotics/daiyang/vla/third_party/ETP-R1/data/scene_datasets/mp3d/PuKPg4mmafe/PuKPg4mmafe.stage_config.json
I0919 13:20:46.857815 2043707 AttributesManagerBase.h:283] AttributesManager<T>::createFromJsonOrDefaultInternal  (Stage) : Proposing JSON name : /mnt/data_nas/deeprobotics/daiyang/vla/third_party/ETP-R1/data/scene_datasets/mp3d/PuKPg4mmafe/PuKPg4mmafe.stage_config.json from original name : /mnt/data_nas/deeprobotics/daiyang/vla/third_party/ETP-R1/data/scene_datasets/mp3d/PuKPg4mmafe/PuKPg4mmafe.glb | This file  does not exist.
I0919 13:20:46.857865 2043707 AbstractObjectAttributesManagerBase.h:181] AbstractObjectAttributesManager<T>::createObject  (Stage) : Done making attributes with handle : /mnt/data_nas/deeprobotics/daiyang/vla/third_party/ETP-R1/data/scene_datasets/mp3d/PuKPg4mmafe/PuKPg4mmafe.glb
I0919 13:20:46.857867 2043707 AbstractObjectAttributesManagerBase.h:188] File (/mnt/data_nas/deeprobotics/daiyang/vla/third_party/ETP-R1/data/scene_datasets/mp3d/PuKPg4mmafe/PuKPg4mmafe.glb) exists but is not a recognized config filename extension, so new default Stage attributes created and registered.
I0919 13:20:46.857872 2043707 Simulator.cpp:156] Loading navmesh from /mnt/data_nas/deeprobotics/daiyang/vla/third_party/ETP-R1/data/scene_datasets/mp3d/PuKPg4mmafe/PuKPg4mmafe.navmesh
I0919 13:20:46.859570 2043707 Simulator.cpp:158] Loaded.
I0919 13:20:46.859580 2043707 SceneGraph.h:93] Created DrawableGroup: 
Renderer: NVIDIA GeForce RTX 5090/PCIe/SSE2 by NVIDIA Corporation
OpenGL version: 4.6.0 NVIDIA 580.126.09
Using optional features:
    GL_ARB_ES2_compatibility
    GL_ARB_direct_state_access
    GL_ARB_get_texture_sub_image
    GL_ARB_invalidate_subdata
    GL_ARB_multi_bind
    GL_ARB_robustness
    GL_ARB_separate_shader_objects
    GL_ARB_texture_filter_anisotropic
    GL_ARB_texture_storage
    GL_ARB_texture_storage_multisample
    GL_ARB_vertex_array_object
    GL_KHR_debug
Using driver workarounds:
    no-forward-compatible-core-context
    nv-egl-incorrect-gl11-function-pointers
    no-layout-qualifiers-on-old-glsl
    nv-zero-context-profile-mask
    nv-implementation-color-read-format-dsa-broken
    nv-cubemap-inconsistent-compressed-image-size
    nv-cubemap-broken-full-compressed-image-query
    nv-compressed-block-size-in-bits
I0919 13:20:46.863284 2043707 ResourceManager.cpp:234] ResourceManager::loadStage : Not loading semantic mesh
I0919 13:20:46.863298 2043707 ResourceManager.cpp:262] ResourceManager::loadStage : start load render asset /mnt/data_nas/deeprobotics/daiyang/vla/third_party/ETP-R1/data/scene_datasets/mp3d/PuKPg4mmafe/PuKPg4mmafe.glb.
I0919 13:20:46.863300 2043707 ResourceManager.cpp:569] ResourceManager::loadStageInternal : Attempting to load stage /mnt/data_nas/deeprobotics/daiyang/vla/third_party/ETP-R1/data/scene_datasets/mp3d/PuKPg4mmafe/PuKPg4mmafe.glb 
I0919 13:20:46.863318 2043707 ResourceManager.cpp:1119] Importing Basis files as BC7 for PuKPg4mmafe.glb
W0919 13:20:51.450733 2043707 Simulator.cpp:248] :
---
 The active scene does not contain semantic annotations. 
---
I0919 13:20:51.470944 2043707 simulator.py:213] Loaded navmesh /mnt/data_nas/deeprobotics/daiyang/vla/third_party/ETP-R1/data/scene_datasets/mp3d/PuKPg4mmafe/PuKPg4mmafe.navmesh
I0919 13:22:08.601894 2043707 PhysicsManager.cpp:33] Deconstructing PhysicsManager
I0919 13:22:08.601943 2043707 SemanticScene.h:41] Deconstructing SemanticScene
I0919 13:22:08.602813 2043707 SceneManager.h:25] Deconstructing SceneManager
I0919 13:22:08.602818 2043707 SceneGraph.h:26] Deconstructing SceneGraph
I0919 13:22:08.603037 2043707 Sensor.h:87] Deconstructing Sensor
I0919 13:22:08.607846 2043707 Renderer.cpp:34] Deconstructing Renderer
I0919 13:22:08.607872 2043707 WindowlessContext.h:17] Deconstructing WindowlessContext
I0919 13:22:08.622118 2043707 ManagedContainerBase.cpp:19] ManagedContainerBase::convertFilenameToJSON : Filename : default changed to proposed JSON configuration filename : default.scene_dataset_config.json
I0919 13:22:08.622138 2043707 AttributesManagerBase.h:283] AttributesManager<T>::createFromJsonOrDefaultInternal  (Dataset) : Proposing JSON name : default.scene_dataset_config.json from original name : default | This file  does not exist.
I0919 13:22:08.622264 2043707 AssetAttributesManager.cpp:117] Asset attributes (capsule3DSolid : capsule3DSolid_hemiRings_4_cylRings_1_segments_12_halfLen_0.75_useTexCoords_false_useTangents_false) created and registered.
I0919 13:22:08.622300 2043707 AssetAttributesManager.cpp:117] Asset attributes (capsule3DWireframe : capsule3DWireframe_hemiRings_8_cylRings_1_segments_16_halfLen_1) created and registered.
I0919 13:22:08.622324 2043707 AssetAttributesManager.cpp:117] Asset attributes (coneSolid : coneSolid_segments_12_halfLen_1.25_rings_1_useTexCoords_false_useTangents_false_capEnd_true) created and registered.
I0919 13:22:08.622339 2043707 AssetAttributesManager.cpp:117] Asset attributes (coneWireframe : coneWireframe_segments_32_halfLen_1.25) created and registered.
I0919 13:22:08.622347 2043707 AssetAttributesManager.cpp:117] Asset attributes (cubeSolid : cubeSolid) created and registered.
I0919 13:22:08.622354 2043707 AssetAttributesManager.cpp:117] Asset attributes (cubeWireframe : cubeWireframe) created and registered.
I0919 13:22:08.622373 2043707 AssetAttributesManager.cpp:117] Asset attributes (cylinderSolid : cylinderSolid_rings_1_segments_12_halfLen_1_useTexCoords_false_useTangents_false_capEnds_true) created and registered.
I0919 13:22:08.622390 2043707 AssetAttributesManager.cpp:117] Asset attributes (cylinderWireframe : cylinderWireframe_rings_1_segments_32_halfLen_1) created and registered.
I0919 13:22:08.622400 2043707 AssetAttributesManager.cpp:117] Asset attributes (icosphereSolid : icosphereSolid_subdivs_1) created and registered.
I0919 13:22:08.622409 2043707 AssetAttributesManager.cpp:117] Asset attributes (icosphereWireframe : icosphereWireframe_subdivs_1) created and registered.
I0919 13:22:08.622423 2043707 AssetAttributesManager.cpp:117] Asset attributes (uvSphereSolid : uvSphereSolid_rings_8_segments_16_useTexCoords_false_useTangents_false) created and registered.
I0919 13:22:08.622435 2043707 AssetAttributesManager.cpp:117] Asset attributes (uvSphereWireframe : uvSphereWireframe_rings_16_segments_32) created and registered.
I0919 13:22:08.622442 2043707 AssetAttributesManager.cpp:105] AssetAttributesManager::buildCtorFuncPtrMaps : Built default primitive asset templates : 12
I0919 13:22:08.622833 2043707 SceneDatasetAttributesManager.cpp:23] File (default) not found, so new default dataset attributes created and registered.
I0919 13:22:08.622836 2043707 MetadataMediator.cpp:47] MetadataMediator::createDataset : Dataset default successfully created.
I0919 13:22:08.623031 2043707 AttributesManagerBase.h:283] AttributesManager<T>::createFromJsonOrDefaultInternal  (Physics Manager) : Proposing JSON name : ./data/default.physics_config.json from original name : ./data/default.physics_config.json | This file  does not exist.
I0919 13:22:08.623044 2043707 PhysicsAttributesManager.cpp:27] File (./data/default.physics_config.json) not found, so new default physics manager attributes created and registered.
I0919 13:22:08.623046 2043707 AbstractObjectAttributesManagerBase.h:175] AbstractObjectAttributesManager<T>::createObject  (Stage) : Making attributes with handle : /mnt/data_nas/deeprobotics/daiyang/vla/third_party/ETP-R1/data/scene_datasets/mp3d/XcA2TqTSSAj/XcA2TqTSSAj.glb
I0919 13:22:08.623049 2043707 ManagedContainerBase.cpp:19] ManagedContainerBase::convertFilenameToJSON : Filename : /mnt/data_nas/deeprobotics/daiyang/vla/third_party/ETP-R1/data/scene_datasets/mp3d/XcA2TqTSSAj/XcA2TqTSSAj.glb changed to proposed JSON configuration filename : /mnt/data_nas/deeprobotics/daiyang/vla/third_party/ETP-R1/data/scene_datasets/mp3d/XcA2TqTSSAj/XcA2TqTSSAj.stage_config.json
I0919 13:22:08.623062 2043707 AttributesManagerBase.h:283] AttributesManager<T>::createFromJsonOrDefaultInternal  (Stage) : Proposing JSON name : /mnt/data_nas/deeprobotics/daiyang/vla/third_party/ETP-R1/data/scene_datasets/mp3d/XcA2TqTSSAj/XcA2TqTSSAj.stage_config.json from original name : /mnt/data_nas/deeprobotics/daiyang/vla/third_party/ETP-R1/data/scene_datasets/mp3d/XcA2TqTSSAj/XcA2TqTSSAj.glb | This file  does not exist.
I0919 13:22:08.623107 2043707 AbstractObjectAttributesManagerBase.h:181] AbstractObjectAttributesManager<T>::createObject  (Stage) : Done making attributes with handle : /mnt/data_nas/deeprobotics/daiyang/vla/third_party/ETP-R1/data/scene_datasets/mp3d/XcA2TqTSSAj/XcA2TqTSSAj.glb
I0919 13:22:08.623109 2043707 AbstractObjectAttributesManagerBase.h:188] File (/mnt/data_nas/deeprobotics/daiyang/vla/third_party/ETP-R1/data/scene_datasets/mp3d/XcA2TqTSSAj/XcA2TqTSSAj.glb) exists but is not a recognized config filename extension, so new default Stage attributes created and registered.
I0919 13:22:08.623114 2043707 Simulator.cpp:156] Loading navmesh from /mnt/data_nas/deeprobotics/daiyang/vla/third_party/ETP-R1/data/scene_datasets/mp3d/XcA2TqTSSAj/XcA2TqTSSAj.navmesh
I0919 13:22:08.624192 2043707 Simulator.cpp:158] Loaded.
I0919 13:22:08.624202 2043707 SceneGraph.h:93] Created DrawableGroup: 
Renderer: NVIDIA GeForce RTX 5090/PCIe/SSE2 by NVIDIA Corporation
OpenGL version: 4.6.0 NVIDIA 580.126.09
Using optional features:
    GL_ARB_ES2_compatibility
    GL_ARB_direct_state_access
    GL_ARB_get_texture_sub_image
    GL_ARB_invalidate_subdata
    GL_ARB_multi_bind
    GL_ARB_robustness
    GL_ARB_separate_shader_objects
    GL_ARB_texture_filter_anisotropic
    GL_ARB_texture_storage
    GL_ARB_texture_storage_multisample
    GL_ARB_vertex_array_object
    GL_KHR_debug
Using driver workarounds:
    no-forward-compatible-core-context
    nv-egl-incorrect-gl11-function-pointers
    no-layout-qualifiers-on-old-glsl
    nv-zero-context-profile-mask
    nv-implementation-color-read-format-dsa-broken
    nv-cubemap-inconsistent-compressed-image-size
    nv-cubemap-broken-full-compressed-image-query
    nv-compressed-block-size-in-bits
I0919 13:22:08.627882 2043707 ResourceManager.cpp:234] ResourceManager::loadStage : Not loading semantic mesh
I0919 13:22:08.627890 2043707 ResourceManager.cpp:262] ResourceManager::loadStage : start load render asset /mnt/data_nas/deeprobotics/daiyang/vla/third_party/ETP-R1/data/scene_datasets/mp3d/XcA2TqTSSAj/XcA2TqTSSAj.glb.
I0919 13:22:08.627892 2043707 ResourceManager.cpp:569] ResourceManager::loadStageInternal : Attempting to load stage /mnt/data_nas/deeprobotics/daiyang/vla/third_party/ETP-R1/data/scene_datasets/mp3d/XcA2TqTSSAj/XcA2TqTSSAj.glb 
I0919 13:22:08.627912 2043707 ResourceManager.cpp:1119] Importing Basis files as BC7 for XcA2TqTSSAj.glb
W0919 13:22:10.565016 2043707 Simulator.cpp:248] :
---
 The active scene does not contain semantic annotations. 
---
I0919 13:22:10.614028 2043707 simulator.py:213] Loaded navmesh /mnt/data_nas/deeprobotics/daiyang/vla/third_party/ETP-R1/data/scene_datasets/mp3d/XcA2TqTSSAj/XcA2TqTSSAj.navmesh
I0919 13:25:58.486840 2043707 PhysicsManager.cpp:33] Deconstructing PhysicsManager
I0919 13:25:58.486889 2043707 SemanticScene.h:41] Deconstructing SemanticScene
I0919 13:25:58.489657 2043707 SceneManager.h:25] Deconstructing SceneManager
I0919 13:25:58.489666 2043707 SceneGraph.h:26] Deconstructing SceneGraph
I0919 13:25:58.490283 2043707 Sensor.h:87] Deconstructing Sensor
I0919 13:25:58.493731 2043707 Renderer.cpp:34] Deconstructing Renderer
I0919 13:25:58.493752 2043707 WindowlessContext.h:17] Deconstructing WindowlessContext
I0919 13:25:58.501034 2043707 ManagedContainerBase.cpp:19] ManagedContainerBase::convertFilenameToJSON : Filename : default changed to proposed JSON configuration filename : default.scene_dataset_config.json
I0919 13:25:58.501053 2043707 AttributesManagerBase.h:283] AttributesManager<T>::createFromJsonOrDefaultInternal  (Dataset) : Proposing JSON name : default.scene_dataset_config.json from original name : default | This file  does not exist.
I0919 13:25:58.501297 2043707 AssetAttributesManager.cpp:117] Asset attributes (capsule3DSolid : capsule3DSolid_hemiRings_4_cylRings_1_segments_12_halfLen_0.75_useTexCoords_false_useTangents_false) created and registered.
I0919 13:25:58.501330 2043707 AssetAttributesManager.cpp:117] Asset attributes (capsule3DWireframe : capsule3DWireframe_hemiRings_8_cylRings_1_segments_16_halfLen_1) created and registered.
I0919 13:25:58.501359 2043707 AssetAttributesManager.cpp:117] Asset attributes (coneSolid : coneSolid_segments_12_halfLen_1.25_rings_1_useTexCoords_false_useTangents_false_capEnd_true) created and registered.
I0919 13:25:58.501377 2043707 AssetAttributesManager.cpp:117] Asset attributes (coneWireframe : coneWireframe_segments_32_halfLen_1.25) created and registered.
I0919 13:25:58.501387 2043707 AssetAttributesManager.cpp:117] Asset attributes (cubeSolid : cubeSolid) created and registered.
I0919 13:25:58.501395 2043707 AssetAttributesManager.cpp:117] Asset attributes (cubeWireframe : cubeWireframe) created and registered.
I0919 13:25:58.501420 2043707 AssetAttributesManager.cpp:117] Asset attributes (cylinderSolid : cylinderSolid_rings_1_segments_12_halfLen_1_useTexCoords_false_useTangents_false_capEnds_true) created and registered.
I0919 13:25:58.501441 2043707 AssetAttributesManager.cpp:117] Asset attributes (cylinderWireframe : cylinderWireframe_rings_1_segments_32_halfLen_1) created and registered.
I0919 13:25:58.501452 2043707 AssetAttributesManager.cpp:117] Asset attributes (icosphereSolid : icosphereSolid_subdivs_1) created and registered.
I0919 13:25:58.501463 2043707 AssetAttributesManager.cpp:117] Asset attributes (icosphereWireframe : icosphereWireframe_subdivs_1) created and registered.
I0919 13:25:58.501479 2043707 AssetAttributesManager.cpp:117] Asset attributes (uvSphereSolid : uvSphereSolid_rings_8_segments_16_useTexCoords_false_useTangents_false) created and registered.
I0919 13:25:58.501495 2043707 AssetAttributesManager.cpp:117] Asset attributes (uvSphereWireframe : uvSphereWireframe_rings_16_segments_32) created and registered.
I0919 13:25:58.501502 2043707 AssetAttributesManager.cpp:105] AssetAttributesManager::buildCtorFuncPtrMaps : Built default primitive asset templates : 12
I0919 13:25:58.502003 2043707 SceneDatasetAttributesManager.cpp:23] File (default) not found, so new default dataset attributes created and registered.
I0919 13:25:58.502005 2043707 MetadataMediator.cpp:47] MetadataMediator::createDataset : Dataset default successfully created.
I0919 13:25:58.502224 2043707 AttributesManagerBase.h:283] AttributesManager<T>::createFromJsonOrDefaultInternal  (Physics Manager) : Proposing JSON name : ./data/default.physics_config.json from original name : ./data/default.physics_config.json | This file  does not exist.
I0919 13:25:58.502247 2043707 PhysicsAttributesManager.cpp:27] File (./data/default.physics_config.json) not found, so new default physics manager attributes created and registered.
I0919 13:25:58.502251 2043707 AbstractObjectAttributesManagerBase.h:175] AbstractObjectAttributesManager<T>::createObject  (Stage) : Making attributes with handle : /mnt/data_nas/deeprobotics/daiyang/vla/third_party/ETP-R1/data/scene_datasets/mp3d/aayBHfsNo7d/aayBHfsNo7d.glb
I0919 13:25:58.502256 2043707 ManagedContainerBase.cpp:19] ManagedContainerBase::convertFilenameToJSON : Filename : /mnt/data_nas/deeprobotics/daiyang/vla/third_party/ETP-R1/data/scene_datasets/mp3d/aayBHfsNo7d/aayBHfsNo7d.glb changed to proposed JSON configuration filename : /mnt/data_nas/deeprobotics/daiyang/vla/third_party/ETP-R1/data/scene_datasets/mp3d/aayBHfsNo7d/aayBHfsNo7d.stage_config.json
I0919 13:25:58.502280 2043707 AttributesManagerBase.h:283] AttributesManager<T>::createFromJsonOrDefaultInternal  (Stage) : Proposing JSON name : /mnt/data_nas/deeprobotics/daiyang/vla/third_party/ETP-R1/data/scene_datasets/mp3d/aayBHfsNo7d/aayBHfsNo7d.stage_config.json from original name : /mnt/data_nas/deeprobotics/daiyang/vla/third_party/ETP-R1/data/scene_datasets/mp3d/aayBHfsNo7d/aayBHfsNo7d.glb | This file  does not exist.
I0919 13:25:58.502337 2043707 AbstractObjectAttributesManagerBase.h:181] AbstractObjectAttributesManager<T>::createObject  (Stage) : Done making attributes with handle : /mnt/data_nas/deeprobotics/daiyang/vla/third_party/ETP-R1/data/scene_datasets/mp3d/aayBHfsNo7d/aayBHfsNo7d.glb
I0919 13:25:58.502339 2043707 AbstractObjectAttributesManagerBase.h:188] File (/mnt/data_nas/deeprobotics/daiyang/vla/third_party/ETP-R1/data/scene_datasets/mp3d/aayBHfsNo7d/aayBHfsNo7d.glb) exists but is not a recognized config filename extension, so new default Stage attributes created and registered.
I0919 13:25:58.502345 2043707 Simulator.cpp:156] Loading navmesh from /mnt/data_nas/deeprobotics/daiyang/vla/third_party/ETP-R1/data/scene_datasets/mp3d/aayBHfsNo7d/aayBHfsNo7d.navmesh
I0919 13:25:58.503111 2043707 Simulator.cpp:158] Loaded.
I0919 13:25:58.503120 2043707 SceneGraph.h:93] Created DrawableGroup: 
Renderer: NVIDIA GeForce RTX 5090/PCIe/SSE2 by NVIDIA Corporation
OpenGL version: 4.6.0 NVIDIA 580.126.09
Using optional features:
    GL_ARB_ES2_compatibility
    GL_ARB_direct_state_access
    GL_ARB_get_texture_sub_image
    GL_ARB_invalidate_subdata
    GL_ARB_multi_bind
    GL_ARB_robustness
    GL_ARB_separate_shader_objects
    GL_ARB_texture_filter_anisotropic
    GL_ARB_texture_storage
    GL_ARB_texture_storage_multisample
    GL_ARB_vertex_array_object
    GL_KHR_debug
Using driver workarounds:
    no-forward-compatible-core-context
    nv-egl-incorrect-gl11-function-pointers
    no-layout-qualifiers-on-old-glsl
    nv-zero-context-profile-mask
    nv-implementation-color-read-format-dsa-broken
    nv-cubemap-inconsistent-compressed-image-size
    nv-cubemap-broken-full-compressed-image-query
    nv-compressed-block-size-in-bits
I0919 13:25:58.506866 2043707 ResourceManager.cpp:234] ResourceManager::loadStage : Not loading semantic mesh
I0919 13:25:58.506875 2043707 ResourceManager.cpp:262] ResourceManager::loadStage : start load render asset /mnt/data_nas/deeprobotics/daiyang/vla/third_party/ETP-R1/data/scene_datasets/mp3d/aayBHfsNo7d/aayBHfsNo7d.glb.
I0919 13:25:58.506877 2043707 ResourceManager.cpp:569] ResourceManager::loadStageInternal : Attempting to load stage /mnt/data_nas/deeprobotics/daiyang/vla/third_party/ETP-R1/data/scene_datasets/mp3d/aayBHfsNo7d/aayBHfsNo7d.glb 
I0919 13:25:58.506896 2043707 ResourceManager.cpp:1119] Importing Basis files as BC7 for aayBHfsNo7d.glb
W0919 13:26:00.061074 2043707 Simulator.cpp:248] :
---
 The active scene does not contain semantic annotations. 
---
I0919 13:26:00.101476 2043707 simulator.py:213] Loaded navmesh /mnt/data_nas/deeprobotics/daiyang/vla/third_party/ETP-R1/data/scene_datasets/mp3d/aayBHfsNo7d/aayBHfsNo7d.navmesh
I0919 13:27:13.429246 2043707 PhysicsManager.cpp:33] Deconstructing PhysicsManager
I0919 13:27:13.429286 2043707 SemanticScene.h:41] Deconstructing SemanticScene
I0919 13:27:13.431356 2043707 SceneManager.h:25] Deconstructing SceneManager
I0919 13:27:13.431365 2043707 SceneGraph.h:26] Deconstructing SceneGraph
I0919 13:27:13.431557 2043707 Sensor.h:87] Deconstructing Sensor
I0919 13:27:13.433410 2043707 Renderer.cpp:34] Deconstructing Renderer
I0919 13:27:13.433431 2043707 WindowlessContext.h:17] Deconstructing WindowlessContext
I0919 13:27:13.439148 2043707 ManagedContainerBase.cpp:19] ManagedContainerBase::convertFilenameToJSON : Filename : default changed to proposed JSON configuration filename : default.scene_dataset_config.json
I0919 13:27:13.439164 2043707 AttributesManagerBase.h:283] AttributesManager<T>::createFromJsonOrDefaultInternal  (Dataset) : Proposing JSON name : default.scene_dataset_config.json from original name : default | This file  does not exist.
I0919 13:27:13.439368 2043707 AssetAttributesManager.cpp:117] Asset attributes (capsule3DSolid : capsule3DSolid_hemiRings_4_cylRings_1_segments_12_halfLen_0.75_useTexCoords_false_useTangents_false) created and registered.
I0919 13:27:13.439393 2043707 AssetAttributesManager.cpp:117] Asset attributes (capsule3DWireframe : capsule3DWireframe_hemiRings_8_cylRings_1_segments_16_halfLen_1) created and registered.
I0919 13:27:13.439416 2043707 AssetAttributesManager.cpp:117] Asset attributes (coneSolid : coneSolid_segments_12_halfLen_1.25_rings_1_useTexCoords_false_useTangents_false_capEnd_true) created and registered.
I0919 13:27:13.439430 2043707 AssetAttributesManager.cpp:117] Asset attributes (coneWireframe : coneWireframe_segments_32_halfLen_1.25) created and registered.
I0919 13:27:13.439438 2043707 AssetAttributesManager.cpp:117] Asset attributes (cubeSolid : cubeSolid) created and registered.
I0919 13:27:13.439445 2043707 AssetAttributesManager.cpp:117] Asset attributes (cubeWireframe : cubeWireframe) created and registered.
I0919 13:27:13.439462 2043707 AssetAttributesManager.cpp:117] Asset attributes (cylinderSolid : cylinderSolid_rings_1_segments_12_halfLen_1_useTexCoords_false_useTangents_false_capEnds_true) created and registered.
I0919 13:27:13.439478 2043707 AssetAttributesManager.cpp:117] Asset attributes (cylinderWireframe : cylinderWireframe_rings_1_segments_32_halfLen_1) created and registered.
I0919 13:27:13.439488 2043707 AssetAttributesManager.cpp:117] Asset attributes (icosphereSolid : icosphereSolid_subdivs_1) created and registered.
I0919 13:27:13.439496 2043707 AssetAttributesManager.cpp:117] Asset attributes (icosphereWireframe : icosphereWireframe_subdivs_1) created and registered.
I0919 13:27:13.439510 2043707 AssetAttributesManager.cpp:117] Asset attributes (uvSphereSolid : uvSphereSolid_rings_8_segments_16_useTexCoords_false_useTangents_false) created and registered.
I0919 13:27:13.439523 2043707 AssetAttributesManager.cpp:117] Asset attributes (uvSphereWireframe : uvSphereWireframe_rings_16_segments_32) created and registered.
I0919 13:27:13.439528 2043707 AssetAttributesManager.cpp:105] AssetAttributesManager::buildCtorFuncPtrMaps : Built default primitive asset templates : 12
I0919 13:27:13.439919 2043707 SceneDatasetAttributesManager.cpp:23] File (default) not found, so new default dataset attributes created and registered.
I0919 13:27:13.439921 2043707 MetadataMediator.cpp:47] MetadataMediator::createDataset : Dataset default successfully created.
I0919 13:27:13.440100 2043707 AttributesManagerBase.h:283] AttributesManager<T>::createFromJsonOrDefaultInternal  (Physics Manager) : Proposing JSON name : ./data/default.physics_config.json from original name : ./data/default.physics_config.json | This file  does not exist.
I0919 13:27:13.440111 2043707 PhysicsAttributesManager.cpp:27] File (./data/default.physics_config.json) not found, so new default physics manager attributes created and registered.
I0919 13:27:13.440114 2043707 AbstractObjectAttributesManagerBase.h:175] AbstractObjectAttributesManager<T>::createObject  (Stage) : Making attributes with handle : /mnt/data_nas/deeprobotics/daiyang/vla/third_party/ETP-R1/data/scene_datasets/mp3d/82sE5b5pLXE/82sE5b5pLXE.glb
I0919 13:27:13.440124 2043707 ManagedContainerBase.cpp:19] ManagedContainerBase::convertFilenameToJSON : Filename : /mnt/data_nas/deeprobotics/daiyang/vla/third_party/ETP-R1/data/scene_datasets/mp3d/82sE5b5pLXE/82sE5b5pLXE.glb changed to proposed JSON configuration filename : /mnt/data_nas/deeprobotics/daiyang/vla/third_party/ETP-R1/data/scene_datasets/mp3d/82sE5b5pLXE/82sE5b5pLXE.stage_config.json
I0919 13:27:13.440135 2043707 AttributesManagerBase.h:283] AttributesManager<T>::createFromJsonOrDefaultInternal  (Stage) : Proposing JSON name : /mnt/data_nas/deeprobotics/daiyang/vla/third_party/ETP-R1/data/scene_datasets/mp3d/82sE5b5pLXE/82sE5b5pLXE.stage_config.json from original name : /mnt/data_nas/deeprobotics/daiyang/vla/third_party/ETP-R1/data/scene_datasets/mp3d/82sE5b5pLXE/82sE5b5pLXE.glb | This file  does not exist.
I0919 13:27:13.440181 2043707 AbstractObjectAttributesManagerBase.h:181] AbstractObjectAttributesManager<T>::createObject  (Stage) : Done making attributes with handle : /mnt/data_nas/deeprobotics/daiyang/vla/third_party/ETP-R1/data/scene_datasets/mp3d/82sE5b5pLXE/82sE5b5pLXE.glb
I0919 13:27:13.440182 2043707 AbstractObjectAttributesManagerBase.h:188] File (/mnt/data_nas/deeprobotics/daiyang/vla/third_party/ETP-R1/data/scene_datasets/mp3d/82sE5b5pLXE/82sE5b5pLXE.glb) exists but is not a recognized config filename extension, so new default Stage attributes created and registered.
I0919 13:27:13.440187 2043707 Simulator.cpp:156] Loading navmesh from /mnt/data_nas/deeprobotics/daiyang/vla/third_party/ETP-R1/data/scene_datasets/mp3d/82sE5b5pLXE/82sE5b5pLXE.navmesh
I0919 13:27:13.441179 2043707 Simulator.cpp:158] Loaded.
I0919 13:27:13.441186 2043707 SceneGraph.h:93] Created DrawableGroup: 
Renderer: NVIDIA GeForce RTX 5090/PCIe/SSE2 by NVIDIA Corporation
OpenGL version: 4.6.0 NVIDIA 580.126.09
Using optional features:
    GL_ARB_ES2_compatibility
    GL_ARB_direct_state_access
    GL_ARB_get_texture_sub_image
    GL_ARB_invalidate_subdata
    GL_ARB_multi_bind
    GL_ARB_robustness
    GL_ARB_separate_shader_objects
    GL_ARB_texture_filter_anisotropic
    GL_ARB_texture_storage
    GL_ARB_texture_storage_multisample
    GL_ARB_vertex_array_object
    GL_KHR_debug
Using driver workarounds:
    no-forward-compatible-core-context
    nv-egl-incorrect-gl11-function-pointers
    no-layout-qualifiers-on-old-glsl
    nv-zero-context-profile-mask
    nv-implementation-color-read-format-dsa-broken
    nv-cubemap-inconsistent-compressed-image-size
    nv-cubemap-broken-full-compressed-image-query
    nv-compressed-block-size-in-bits
I0919 13:27:13.444715 2043707 ResourceManager.cpp:234] ResourceManager::loadStage : Not loading semantic mesh
I0919 13:27:13.444722 2043707 ResourceManager.cpp:262] ResourceManager::loadStage : start load render asset /mnt/data_nas/deeprobotics/daiyang/vla/third_party/ETP-R1/data/scene_datasets/mp3d/82sE5b5pLXE/82sE5b5pLXE.glb.
I0919 13:27:13.444725 2043707 ResourceManager.cpp:569] ResourceManager::loadStageInternal : Attempting to load stage /mnt/data_nas/deeprobotics/daiyang/vla/third_party/ETP-R1/data/scene_datasets/mp3d/82sE5b5pLXE/82sE5b5pLXE.glb 
I0919 13:27:13.444741 2043707 ResourceManager.cpp:1119] Importing Basis files as BC7 for 82sE5b5pLXE.glb
W0919 13:27:15.441414 2043707 Simulator.cpp:248] :
---
 The active scene does not contain semantic annotations. 
---
I0919 13:27:15.477767 2043707 simulator.py:213] Loaded navmesh /mnt/data_nas/deeprobotics/daiyang/vla/third_party/ETP-R1/data/scene_datasets/mp3d/82sE5b5pLXE/82sE5b5pLXE.navmesh
I0919 13:30:33.532603 2043707 PhysicsManager.cpp:33] Deconstructing PhysicsManager
I0919 13:30:33.532657 2043707 SemanticScene.h:41] Deconstructing SemanticScene
I0919 13:30:33.534250 2043707 SceneManager.h:25] Deconstructing SceneManager
I0919 13:30:33.534258 2043707 SceneGraph.h:26] Deconstructing SceneGraph
I0919 13:30:33.534533 2043707 Sensor.h:87] Deconstructing Sensor
I0919 13:30:33.537683 2043707 Renderer.cpp:34] Deconstructing Renderer
I0919 13:30:33.537701 2043707 WindowlessContext.h:17] Deconstructing WindowlessContext
I0919 13:30:33.543675 2043707 ManagedContainerBase.cpp:19] ManagedContainerBase::convertFilenameToJSON : Filename : default changed to proposed JSON configuration filename : default.scene_dataset_config.json
I0919 13:30:33.543691 2043707 AttributesManagerBase.h:283] AttributesManager<T>::createFromJsonOrDefaultInternal  (Dataset) : Proposing JSON name : default.scene_dataset_config.json from original name : default | This file  does not exist.
I0919 13:30:33.543879 2043707 AssetAttributesManager.cpp:117] Asset attributes (capsule3DSolid : capsule3DSolid_hemiRings_4_cylRings_1_segments_12_halfLen_0.75_useTexCoords_false_useTangents_false) created and registered.
I0919 13:30:33.543905 2043707 AssetAttributesManager.cpp:117] Asset attributes (capsule3DWireframe : capsule3DWireframe_hemiRings_8_cylRings_1_segments_16_halfLen_1) created and registered.
I0919 13:30:33.543929 2043707 AssetAttributesManager.cpp:117] Asset attributes (coneSolid : coneSolid_segments_12_halfLen_1.25_rings_1_useTexCoords_false_useTangents_false_capEnd_true) created and registered.
I0919 13:30:33.543943 2043707 AssetAttributesManager.cpp:117] Asset attributes (coneWireframe : coneWireframe_segments_32_halfLen_1.25) created and registered.
I0919 13:30:33.543952 2043707 AssetAttributesManager.cpp:117] Asset attributes (cubeSolid : cubeSolid) created and registered.
I0919 13:30:33.543958 2043707 AssetAttributesManager.cpp:117] Asset attributes (cubeWireframe : cubeWireframe) created and registered.
I0919 13:30:33.543977 2043707 AssetAttributesManager.cpp:117] Asset attributes (cylinderSolid : cylinderSolid_rings_1_segments_12_halfLen_1_useTexCoords_false_useTangents_false_capEnds_true) created and registered.
I0919 13:30:33.543994 2043707 AssetAttributesManager.cpp:117] Asset attributes (cylinderWireframe : cylinderWireframe_rings_1_segments_32_halfLen_1) created and registered.
I0919 13:30:33.544005 2043707 AssetAttributesManager.cpp:117] Asset attributes (icosphereSolid : icosphereSolid_subdivs_1) created and registered.
I0919 13:30:33.544013 2043707 AssetAttributesManager.cpp:117] Asset attributes (icosphereWireframe : icosphereWireframe_subdivs_1) created and registered.
I0919 13:30:33.544027 2043707 AssetAttributesManager.cpp:117] Asset attributes (uvSphereSolid : uvSphereSolid_rings_8_segments_16_useTexCoords_false_useTangents_false) created and registered.
I0919 13:30:33.544040 2043707 AssetAttributesManager.cpp:117] Asset attributes (uvSphereWireframe : uvSphereWireframe_rings_16_segments_32) created and registered.
I0919 13:30:33.544046 2043707 AssetAttributesManager.cpp:105] AssetAttributesManager::buildCtorFuncPtrMaps : Built default primitive asset templates : 12
I0919 13:30:33.544443 2043707 SceneDatasetAttributesManager.cpp:23] File (default) not found, so new default dataset attributes created and registered.
I0919 13:30:33.544446 2043707 MetadataMediator.cpp:47] MetadataMediator::createDataset : Dataset default successfully created.
I0919 13:30:33.544632 2043707 AttributesManagerBase.h:283] AttributesManager<T>::createFromJsonOrDefaultInternal  (Physics Manager) : Proposing JSON name : ./data/default.physics_config.json from original name : ./data/default.physics_config.json | This file  does not exist.
I0919 13:30:33.544644 2043707 PhysicsAttributesManager.cpp:27] File (./data/default.physics_config.json) not found, so new default physics manager attributes created and registered.
I0919 13:30:33.544647 2043707 AbstractObjectAttributesManagerBase.h:175] AbstractObjectAttributesManager<T>::createObject  (Stage) : Making attributes with handle : /mnt/data_nas/deeprobotics/daiyang/vla/third_party/ETP-R1/data/scene_datasets/mp3d/B6ByNegPMKs/B6ByNegPMKs.glb
I0919 13:30:33.544651 2043707 ManagedContainerBase.cpp:19] ManagedContainerBase::convertFilenameToJSON : Filename : /mnt/data_nas/deeprobotics/daiyang/vla/third_party/ETP-R1/data/scene_datasets/mp3d/B6ByNegPMKs/B6ByNegPMKs.glb changed to proposed JSON configuration filename : /mnt/data_nas/deeprobotics/daiyang/vla/third_party/ETP-R1/data/scene_datasets/mp3d/B6ByNegPMKs/B6ByNegPMKs.stage_config.json
I0919 13:30:33.544667 2043707 AttributesManagerBase.h:283] AttributesManager<T>::createFromJsonOrDefaultInternal  (Stage) : Proposing JSON name : /mnt/data_nas/deeprobotics/daiyang/vla/third_party/ETP-R1/data/scene_datasets/mp3d/B6ByNegPMKs/B6ByNegPMKs.stage_config.json from original name : /mnt/data_nas/deeprobotics/daiyang/vla/third_party/ETP-R1/data/scene_datasets/mp3d/B6ByNegPMKs/B6ByNegPMKs.glb | This file  does not exist.
I0919 13:30:33.544713 2043707 AbstractObjectAttributesManagerBase.h:181] AbstractObjectAttributesManager<T>::createObject  (Stage) : Done making attributes with handle : /mnt/data_nas/deeprobotics/daiyang/vla/third_party/ETP-R1/data/scene_datasets/mp3d/B6ByNegPMKs/B6ByNegPMKs.glb
I0919 13:30:33.544715 2043707 AbstractObjectAttributesManagerBase.h:188] File (/mnt/data_nas/deeprobotics/daiyang/vla/third_party/ETP-R1/data/scene_datasets/mp3d/B6ByNegPMKs/B6ByNegPMKs.glb) exists but is not a recognized config filename extension, so new default Stage attributes created and registered.
I0919 13:30:33.544719 2043707 Simulator.cpp:156] Loading navmesh from /mnt/data_nas/deeprobotics/daiyang/vla/third_party/ETP-R1/data/scene_datasets/mp3d/B6ByNegPMKs/B6ByNegPMKs.navmesh
I0919 13:30:33.546327 2043707 Simulator.cpp:158] Loaded.
I0919 13:30:33.546334 2043707 SceneGraph.h:93] Created DrawableGroup: 
Renderer: NVIDIA GeForce RTX 5090/PCIe/SSE2 by NVIDIA Corporation
OpenGL version: 4.6.0 NVIDIA 580.126.09
Using optional features:
    GL_ARB_ES2_compatibility
    GL_ARB_direct_state_access
    GL_ARB_get_texture_sub_image
    GL_ARB_invalidate_subdata
    GL_ARB_multi_bind
    GL_ARB_robustness
    GL_ARB_separate_shader_objects
    GL_ARB_texture_filter_anisotropic
    GL_ARB_texture_storage
    GL_ARB_texture_storage_multisample
    GL_ARB_vertex_array_object
    GL_KHR_debug
Using driver workarounds:
    no-forward-compatible-core-context
    nv-egl-incorrect-gl11-function-pointers
    no-layout-qualifiers-on-old-glsl
    nv-zero-context-profile-mask
    nv-implementation-color-read-format-dsa-broken
    nv-cubemap-inconsistent-compressed-image-size
    nv-cubemap-broken-full-compressed-image-query
    nv-compressed-block-size-in-bits
I0919 13:30:33.549872 2043707 ResourceManager.cpp:234] ResourceManager::loadStage : Not loading semantic mesh
I0919 13:30:33.549880 2043707 ResourceManager.cpp:262] ResourceManager::loadStage : start load render asset /mnt/data_nas/deeprobotics/daiyang/vla/third_party/ETP-R1/data/scene_datasets/mp3d/B6ByNegPMKs/B6ByNegPMKs.glb.
I0919 13:30:33.549883 2043707 ResourceManager.cpp:569] ResourceManager::loadStageInternal : Attempting to load stage /mnt/data_nas/deeprobotics/daiyang/vla/third_party/ETP-R1/data/scene_datasets/mp3d/B6ByNegPMKs/B6ByNegPMKs.glb 
I0919 13:30:33.549899 2043707 ResourceManager.cpp:1119] Importing Basis files as BC7 for B6ByNegPMKs.glb
W0919 13:30:43.096443 2043707 Simulator.cpp:248] :
---
 The active scene does not contain semantic annotations. 
---
I0919 13:30:43.295594 2043707 simulator.py:213] Loaded navmesh /mnt/data_nas/deeprobotics/daiyang/vla/third_party/ETP-R1/data/scene_datasets/mp3d/B6ByNegPMKs/B6ByNegPMKs.navmesh
I0919 13:33:07.579365 2043707 PhysicsManager.cpp:33] Deconstructing PhysicsManager
I0919 13:33:07.579416 2043707 SemanticScene.h:41] Deconstructing SemanticScene
I0919 13:33:07.595417 2043707 SceneManager.h:25] Deconstructing SceneManager
I0919 13:33:07.595432 2043707 SceneGraph.h:26] Deconstructing SceneGraph
I0919 13:33:07.595886 2043707 Sensor.h:87] Deconstructing Sensor
I0919 13:33:07.609534 2043707 Renderer.cpp:34] Deconstructing Renderer
I0919 13:33:07.609558 2043707 WindowlessContext.h:17] Deconstructing WindowlessContext
I0919 13:33:07.640815 2043707 ManagedContainerBase.cpp:19] ManagedContainerBase::convertFilenameToJSON : Filename : default changed to proposed JSON configuration filename : default.scene_dataset_config.json
I0919 13:33:07.640847 2043707 AttributesManagerBase.h:283] AttributesManager<T>::createFromJsonOrDefaultInternal  (Dataset) : Proposing JSON name : default.scene_dataset_config.json from original name : default | This file  does not exist.
I0919 13:33:07.641021 2043707 AssetAttributesManager.cpp:117] Asset attributes (capsule3DSolid : capsule3DSolid_hemiRings_4_cylRings_1_segments_12_halfLen_0.75_useTexCoords_false_useTangents_false) created and registered.
I0919 13:33:07.641048 2043707 AssetAttributesManager.cpp:117] Asset attributes (capsule3DWireframe : capsule3DWireframe_hemiRings_8_cylRings_1_segments_16_halfLen_1) created and registered.
I0919 13:33:07.641072 2043707 AssetAttributesManager.cpp:117] Asset attributes (coneSolid : coneSolid_segments_12_halfLen_1.25_rings_1_useTexCoords_false_useTangents_false_capEnd_true) created and registered.
I0919 13:33:07.641088 2043707 AssetAttributesManager.cpp:117] Asset attributes (coneWireframe : coneWireframe_segments_32_halfLen_1.25) created and registered.
I0919 13:33:07.641098 2043707 AssetAttributesManager.cpp:117] Asset attributes (cubeSolid : cubeSolid) created and registered.
I0919 13:33:07.641103 2043707 AssetAttributesManager.cpp:117] Asset attributes (cubeWireframe : cubeWireframe) created and registered.
I0919 13:33:07.641122 2043707 AssetAttributesManager.cpp:117] Asset attributes (cylinderSolid : cylinderSolid_rings_1_segments_12_halfLen_1_useTexCoords_false_useTangents_false_capEnds_true) created and registered.
I0919 13:33:07.641139 2043707 AssetAttributesManager.cpp:117] Asset attributes (cylinderWireframe : cylinderWireframe_rings_1_segments_32_halfLen_1) created and registered.
I0919 13:33:07.641151 2043707 AssetAttributesManager.cpp:117] Asset attributes (icosphereSolid : icosphereSolid_subdivs_1) created and registered.
I0919 13:33:07.641165 2043707 AssetAttributesManager.cpp:117] Asset attributes (icosphereWireframe : icosphereWireframe_subdivs_1) created and registered.
I0919 13:33:07.641187 2043707 AssetAttributesManager.cpp:117] Asset attributes (uvSphereSolid : uvSphereSolid_rings_8_segments_16_useTexCoords_false_useTangents_false) created and registered.
I0919 13:33:07.641207 2043707 AssetAttributesManager.cpp:117] Asset attributes (uvSphereWireframe : uvSphereWireframe_rings_16_segments_32) created and registered.
I0919 13:33:07.641217 2043707 AssetAttributesManager.cpp:105] AssetAttributesManager::buildCtorFuncPtrMaps : Built default primitive asset templates : 12
I0919 13:33:07.641690 2043707 SceneDatasetAttributesManager.cpp:23] File (default) not found, so new default dataset attributes created and registered.
I0919 13:33:07.641691 2043707 MetadataMediator.cpp:47] MetadataMediator::createDataset : Dataset default successfully created.
I0919 13:33:07.643131 2043707 AttributesManagerBase.h:283] AttributesManager<T>::createFromJsonOrDefaultInternal  (Physics Manager) : Proposing JSON name : ./data/default.physics_config.json from original name : ./data/default.physics_config.json | This file  does not exist.
I0919 13:33:07.643143 2043707 PhysicsAttributesManager.cpp:27] File (./data/default.physics_config.json) not found, so new default physics manager attributes created and registered.
I0919 13:33:07.643147 2043707 AbstractObjectAttributesManagerBase.h:175] AbstractObjectAttributesManager<T>::createObject  (Stage) : Making attributes with handle : /mnt/data_nas/deeprobotics/daiyang/vla/third_party/ETP-R1/data/scene_datasets/mp3d/PuKPg4mmafe/PuKPg4mmafe.glb
I0919 13:33:07.643150 2043707 ManagedContainerBase.cpp:19] ManagedContainerBase::convertFilenameToJSON : Filename : /mnt/data_nas/deeprobotics/daiyang/vla/third_party/ETP-R1/data/scene_datasets/mp3d/PuKPg4mmafe/PuKPg4mmafe.glb changed to proposed JSON configuration filename : /mnt/data_nas/deeprobotics/daiyang/vla/third_party/ETP-R1/data/scene_datasets/mp3d/PuKPg4mmafe/PuKPg4mmafe.stage_config.json
I0919 13:33:07.647118 2043707 AttributesManagerBase.h:283] AttributesManager<T>::createFromJsonOrDefaultInternal  (Stage) : Proposing JSON name : /mnt/data_nas/deeprobotics/daiyang/vla/third_party/ETP-R1/data/scene_datasets/mp3d/PuKPg4mmafe/PuKPg4mmafe.stage_config.json from original name : /mnt/data_nas/deeprobotics/daiyang/vla/third_party/ETP-R1/data/scene_datasets/mp3d/PuKPg4mmafe/PuKPg4mmafe.glb | This file  does not exist.
I0919 13:33:07.647172 2043707 AbstractObjectAttributesManagerBase.h:181] AbstractObjectAttributesManager<T>::createObject  (Stage) : Done making attributes with handle : /mnt/data_nas/deeprobotics/daiyang/vla/third_party/ETP-R1/data/scene_datasets/mp3d/PuKPg4mmafe/PuKPg4mmafe.glb
I0919 13:33:07.647174 2043707 AbstractObjectAttributesManagerBase.h:188] File (/mnt/data_nas/deeprobotics/daiyang/vla/third_party/ETP-R1/data/scene_datasets/mp3d/PuKPg4mmafe/PuKPg4mmafe.glb) exists but is not a recognized config filename extension, so new default Stage attributes created and registered.
I0919 13:33:07.647179 2043707 Simulator.cpp:156] Loading navmesh from /mnt/data_nas/deeprobotics/daiyang/vla/third_party/ETP-R1/data/scene_datasets/mp3d/PuKPg4mmafe/PuKPg4mmafe.navmesh
I0919 13:33:07.648336 2043707 Simulator.cpp:158] Loaded.
I0919 13:33:07.648348 2043707 SceneGraph.h:93] Created DrawableGroup: 
Renderer: NVIDIA GeForce RTX 5090/PCIe/SSE2 by NVIDIA Corporation
OpenGL version: 4.6.0 NVIDIA 580.126.09
Using optional features:
    GL_ARB_ES2_compatibility
    GL_ARB_direct_state_access
    GL_ARB_get_texture_sub_image
    GL_ARB_invalidate_subdata
    GL_ARB_multi_bind
    GL_ARB_robustness
    GL_ARB_separate_shader_objects
    GL_ARB_texture_filter_anisotropic
    GL_ARB_texture_storage
    GL_ARB_texture_storage_multisample
    GL_ARB_vertex_array_object
    GL_KHR_debug
Using driver workarounds:
    no-forward-compatible-core-context
    nv-egl-incorrect-gl11-function-pointers
    no-layout-qualifiers-on-old-glsl
    nv-zero-context-profile-mask
    nv-implementation-color-read-format-dsa-broken
    nv-cubemap-inconsistent-compressed-image-size
    nv-cubemap-broken-full-compressed-image-query
    nv-compressed-block-size-in-bits
I0919 13:33:07.652123 2043707 ResourceManager.cpp:234] ResourceManager::loadStage : Not loading semantic mesh
I0919 13:33:07.652132 2043707 ResourceManager.cpp:262] ResourceManager::loadStage : start load render asset /mnt/data_nas/deeprobotics/daiyang/vla/third_party/ETP-R1/data/scene_datasets/mp3d/PuKPg4mmafe/PuKPg4mmafe.glb.
I0919 13:33:07.652135 2043707 ResourceManager.cpp:569] ResourceManager::loadStageInternal : Attempting to load stage /mnt/data_nas/deeprobotics/daiyang/vla/third_party/ETP-R1/data/scene_datasets/mp3d/PuKPg4mmafe/PuKPg4mmafe.glb 
I0919 13:33:07.652153 2043707 ResourceManager.cpp:1119] Importing Basis files as BC7 for PuKPg4mmafe.glb
W0919 13:33:12.452842 2043707 Simulator.cpp:248] :
---
 The active scene does not contain semantic annotations. 
---
I0919 13:33:12.474632 2043707 simulator.py:213] Loaded navmesh /mnt/data_nas/deeprobotics/daiyang/vla/third_party/ETP-R1/data/scene_datasets/mp3d/PuKPg4mmafe/PuKPg4mmafe.navmesh
I0919 13:36:50.886482 2043707 PhysicsManager.cpp:33] Deconstructing PhysicsManager
I0919 13:36:50.886538 2043707 SemanticScene.h:41] Deconstructing SemanticScene
I0919 13:36:50.887957 2043707 SceneManager.h:25] Deconstructing SceneManager
I0919 13:36:50.887970 2043707 SceneGraph.h:26] Deconstructing SceneGraph
I0919 13:36:50.888428 2043707 Sensor.h:87] Deconstructing Sensor
I0919 13:36:50.895638 2043707 Renderer.cpp:34] Deconstructing Renderer
I0919 13:36:50.895663 2043707 WindowlessContext.h:17] Deconstructing WindowlessContext
I0919 13:36:50.914546 2043707 ManagedContainerBase.cpp:19] ManagedContainerBase::convertFilenameToJSON : Filename : default changed to proposed JSON configuration filename : default.scene_dataset_config.json
I0919 13:36:50.914568 2043707 AttributesManagerBase.h:283] AttributesManager<T>::createFromJsonOrDefaultInternal  (Dataset) : Proposing JSON name : default.scene_dataset_config.json from original name : default | This file  does not exist.
I0919 13:36:50.914790 2043707 AssetAttributesManager.cpp:117] Asset attributes (capsule3DSolid : capsule3DSolid_hemiRings_4_cylRings_1_segments_12_halfLen_0.75_useTexCoords_false_useTangents_false) created and registered.
I0919 13:36:50.914841 2043707 AssetAttributesManager.cpp:117] Asset attributes (capsule3DWireframe : capsule3DWireframe_hemiRings_8_cylRings_1_segments_16_halfLen_1) created and registered.
I0919 13:36:50.914889 2043707 AssetAttributesManager.cpp:117] Asset attributes (coneSolid : coneSolid_segments_12_halfLen_1.25_rings_1_useTexCoords_false_useTangents_false_capEnd_true) created and registered.
I0919 13:36:50.914920 2043707 AssetAttributesManager.cpp:117] Asset attributes (coneWireframe : coneWireframe_segments_32_halfLen_1.25) created and registered.
I0919 13:36:50.914938 2043707 AssetAttributesManager.cpp:117] Asset attributes (cubeSolid : cubeSolid) created and registered.
I0919 13:36:50.914951 2043707 AssetAttributesManager.cpp:117] Asset attributes (cubeWireframe : cubeWireframe) created and registered.
I0919 13:36:50.914992 2043707 AssetAttributesManager.cpp:117] Asset attributes (cylinderSolid : cylinderSolid_rings_1_segments_12_halfLen_1_useTexCoords_false_useTangents_false_capEnds_true) created and registered.
I0919 13:36:50.915026 2043707 AssetAttributesManager.cpp:117] Asset attributes (cylinderWireframe : cylinderWireframe_rings_1_segments_32_halfLen_1) created and registered.
I0919 13:36:50.915040 2043707 AssetAttributesManager.cpp:117] Asset attributes (icosphereSolid : icosphereSolid_subdivs_1) created and registered.
I0919 13:36:50.915052 2043707 AssetAttributesManager.cpp:117] Asset attributes (icosphereWireframe : icosphereWireframe_subdivs_1) created and registered.
I0919 13:36:50.915074 2043707 AssetAttributesManager.cpp:117] Asset attributes (uvSphereSolid : uvSphereSolid_rings_8_segments_16_useTexCoords_false_useTangents_false) created and registered.
I0919 13:36:50.915094 2043707 AssetAttributesManager.cpp:117] Asset attributes (uvSphereWireframe : uvSphereWireframe_rings_16_segments_32) created and registered.
I0919 13:36:50.915103 2043707 AssetAttributesManager.cpp:105] AssetAttributesManager::buildCtorFuncPtrMaps : Built default primitive asset templates : 12
I0919 13:36:50.915757 2043707 SceneDatasetAttributesManager.cpp:23] File (default) not found, so new default dataset attributes created and registered.
I0919 13:36:50.915761 2043707 MetadataMediator.cpp:47] MetadataMediator::createDataset : Dataset default successfully created.
I0919 13:36:50.916026 2043707 AttributesManagerBase.h:283] AttributesManager<T>::createFromJsonOrDefaultInternal  (Physics Manager) : Proposing JSON name : ./data/default.physics_config.json from original name : ./data/default.physics_config.json | This file  does not exist.
I0919 13:36:50.916049 2043707 PhysicsAttributesManager.cpp:27] File (./data/default.physics_config.json) not found, so new default physics manager attributes created and registered.
I0919 13:36:50.916055 2043707 AbstractObjectAttributesManagerBase.h:175] AbstractObjectAttributesManager<T>::createObject  (Stage) : Making attributes with handle : /mnt/data_nas/deeprobotics/daiyang/vla/third_party/ETP-R1/data/scene_datasets/mp3d/aayBHfsNo7d/aayBHfsNo7d.glb
I0919 13:36:50.916064 2043707 ManagedContainerBase.cpp:19] ManagedContainerBase::convertFilenameToJSON : Filename : /mnt/data_nas/deeprobotics/daiyang/vla/third_party/ETP-R1/data/scene_datasets/mp3d/aayBHfsNo7d/aayBHfsNo7d.glb changed to proposed JSON configuration filename : /mnt/data_nas/deeprobotics/daiyang/vla/third_party/ETP-R1/data/scene_datasets/mp3d/aayBHfsNo7d/aayBHfsNo7d.stage_config.json
I0919 13:36:50.916081 2043707 AttributesManagerBase.h:283] AttributesManager<T>::createFromJsonOrDefaultInternal  (Stage) : Proposing JSON name : /mnt/data_nas/deeprobotics/daiyang/vla/third_party/ETP-R1/data/scene_datasets/mp3d/aayBHfsNo7d/aayBHfsNo7d.stage_config.json from original name : /mnt/data_nas/deeprobotics/daiyang/vla/third_party/ETP-R1/data/scene_datasets/mp3d/aayBHfsNo7d/aayBHfsNo7d.glb | This file  does not exist.
I0919 13:36:50.916173 2043707 AbstractObjectAttributesManagerBase.h:181] AbstractObjectAttributesManager<T>::createObject  (Stage) : Done making attributes with handle : /mnt/data_nas/deeprobotics/daiyang/vla/third_party/ETP-R1/data/scene_datasets/mp3d/aayBHfsNo7d/aayBHfsNo7d.glb
I0919 13:36:50.916190 2043707 AbstractObjectAttributesManagerBase.h:188] File (/mnt/data_nas/deeprobotics/daiyang/vla/third_party/ETP-R1/data/scene_datasets/mp3d/aayBHfsNo7d/aayBHfsNo7d.glb) exists but is not a recognized config filename extension, so new default Stage attributes created and registered.
I0919 13:36:50.916203 2043707 Simulator.cpp:156] Loading navmesh from /mnt/data_nas/deeprobotics/daiyang/vla/third_party/ETP-R1/data/scene_datasets/mp3d/aayBHfsNo7d/aayBHfsNo7d.navmesh
I0919 13:36:50.917026 2043707 Simulator.cpp:158] Loaded.
I0919 13:36:50.917039 2043707 SceneGraph.h:93] Created DrawableGroup: 
Renderer: NVIDIA GeForce RTX 5090/PCIe/SSE2 by NVIDIA Corporation
OpenGL version: 4.6.0 NVIDIA 580.126.09
Using optional features:
    GL_ARB_ES2_compatibility
    GL_ARB_direct_state_access
    GL_ARB_get_texture_sub_image
    GL_ARB_invalidate_subdata
    GL_ARB_multi_bind
    GL_ARB_robustness
    GL_ARB_separate_shader_objects
    GL_ARB_texture_filter_anisotropic
    GL_ARB_texture_storage
    GL_ARB_texture_storage_multisample
    GL_ARB_vertex_array_object
    GL_KHR_debug
Using driver workarounds:
    no-forward-compatible-core-context
    nv-egl-incorrect-gl11-function-pointers
    no-layout-qualifiers-on-old-glsl
    nv-zero-context-profile-mask
    nv-implementation-color-read-format-dsa-broken
    nv-cubemap-inconsistent-compressed-image-size
    nv-cubemap-broken-full-compressed-image-query
    nv-compressed-block-size-in-bits
I0919 13:36:50.921977 2043707 ResourceManager.cpp:234] ResourceManager::loadStage : Not loading semantic mesh
I0919 13:36:50.921989 2043707 ResourceManager.cpp:262] ResourceManager::loadStage : start load render asset /mnt/data_nas/deeprobotics/daiyang/vla/third_party/ETP-R1/data/scene_datasets/mp3d/aayBHfsNo7d/aayBHfsNo7d.glb.
I0919 13:36:50.921993 2043707 ResourceManager.cpp:569] ResourceManager::loadStageInternal : Attempting to load stage /mnt/data_nas/deeprobotics/daiyang/vla/third_party/ETP-R1/data/scene_datasets/mp3d/aayBHfsNo7d/aayBHfsNo7d.glb 
I0919 13:36:50.922015 2043707 ResourceManager.cpp:1119] Importing Basis files as BC7 for aayBHfsNo7d.glb
W0919 13:36:52.512276 2043707 Simulator.cpp:248] :
---
 The active scene does not contain semantic annotations. 
---
I0919 13:36:52.552728 2043707 simulator.py:213] Loaded navmesh /mnt/data_nas/deeprobotics/daiyang/vla/third_party/ETP-R1/data/scene_datasets/mp3d/aayBHfsNo7d/aayBHfsNo7d.navmesh
I0919 13:37:33.337987 2043707 PhysicsManager.cpp:33] Deconstructing PhysicsManager
I0919 13:37:33.338025 2043707 SemanticScene.h:41] Deconstructing SemanticScene
I0919 13:37:33.340060 2043707 SceneManager.h:25] Deconstructing SceneManager
I0919 13:37:33.340068 2043707 SceneGraph.h:26] Deconstructing SceneGraph
I0919 13:37:33.340569 2043707 Sensor.h:87] Deconstructing Sensor
I0919 13:37:33.342165 2043707 Renderer.cpp:34] Deconstructing Renderer
I0919 13:37:33.342185 2043707 WindowlessContext.h:17] Deconstructing WindowlessContext
I0919 13:37:33.347832 2043707 ManagedContainerBase.cpp:19] ManagedContainerBase::convertFilenameToJSON : Filename : default changed to proposed JSON configuration filename : default.scene_dataset_config.json
I0919 13:37:33.347847 2043707 AttributesManagerBase.h:283] AttributesManager<T>::createFromJsonOrDefaultInternal  (Dataset) : Proposing JSON name : default.scene_dataset_config.json from original name : default | This file  does not exist.
I0919 13:37:33.348068 2043707 AssetAttributesManager.cpp:117] Asset attributes (capsule3DSolid : capsule3DSolid_hemiRings_4_cylRings_1_segments_12_halfLen_0.75_useTexCoords_false_useTangents_false) created and registered.
I0919 13:37:33.348095 2043707 AssetAttributesManager.cpp:117] Asset attributes (capsule3DWireframe : capsule3DWireframe_hemiRings_8_cylRings_1_segments_16_halfLen_1) created and registered.
I0919 13:37:33.348119 2043707 AssetAttributesManager.cpp:117] Asset attributes (coneSolid : coneSolid_segments_12_halfLen_1.25_rings_1_useTexCoords_false_useTangents_false_capEnd_true) created and registered.
I0919 13:37:33.348137 2043707 AssetAttributesManager.cpp:117] Asset attributes (coneWireframe : coneWireframe_segments_32_halfLen_1.25) created and registered.
I0919 13:37:33.348146 2043707 AssetAttributesManager.cpp:117] Asset attributes (cubeSolid : cubeSolid) created and registered.
I0919 13:37:33.348153 2043707 AssetAttributesManager.cpp:117] Asset attributes (cubeWireframe : cubeWireframe) created and registered.
I0919 13:37:33.348172 2043707 AssetAttributesManager.cpp:117] Asset attributes (cylinderSolid : cylinderSolid_rings_1_segments_12_halfLen_1_useTexCoords_false_useTangents_false_capEnds_true) created and registered.
I0919 13:37:33.348188 2043707 AssetAttributesManager.cpp:117] Asset attributes (cylinderWireframe : cylinderWireframe_rings_1_segments_32_halfLen_1) created and registered.
I0919 13:37:33.348198 2043707 AssetAttributesManager.cpp:117] Asset attributes (icosphereSolid : icosphereSolid_subdivs_1) created and registered.
I0919 13:37:33.348206 2043707 AssetAttributesManager.cpp:117] Asset attributes (icosphereWireframe : icosphereWireframe_subdivs_1) created and registered.
I0919 13:37:33.348222 2043707 AssetAttributesManager.cpp:117] Asset attributes (uvSphereSolid : uvSphereSolid_rings_8_segments_16_useTexCoords_false_useTangents_false) created and registered.
I0919 13:37:33.348233 2043707 AssetAttributesManager.cpp:117] Asset attributes (uvSphereWireframe : uvSphereWireframe_rings_16_segments_32) created and registered.
I0919 13:37:33.348240 2043707 AssetAttributesManager.cpp:105] AssetAttributesManager::buildCtorFuncPtrMaps : Built default primitive asset templates : 12
I0919 13:37:33.348637 2043707 SceneDatasetAttributesManager.cpp:23] File (default) not found, so new default dataset attributes created and registered.
I0919 13:37:33.348640 2043707 MetadataMediator.cpp:47] MetadataMediator::createDataset : Dataset default successfully created.
I0919 13:37:33.348821 2043707 AttributesManagerBase.h:283] AttributesManager<T>::createFromJsonOrDefaultInternal  (Physics Manager) : Proposing JSON name : ./data/default.physics_config.json from original name : ./data/default.physics_config.json | This file  does not exist.
I0919 13:37:33.348832 2043707 PhysicsAttributesManager.cpp:27] File (./data/default.physics_config.json) not found, so new default physics manager attributes created and registered.
I0919 13:37:33.348835 2043707 AbstractObjectAttributesManagerBase.h:175] AbstractObjectAttributesManager<T>::createObject  (Stage) : Making attributes with handle : /mnt/data_nas/deeprobotics/daiyang/vla/third_party/ETP-R1/data/scene_datasets/mp3d/82sE5b5pLXE/82sE5b5pLXE.glb
I0919 13:37:33.348840 2043707 ManagedContainerBase.cpp:19] ManagedContainerBase::convertFilenameToJSON : Filename : /mnt/data_nas/deeprobotics/daiyang/vla/third_party/ETP-R1/data/scene_datasets/mp3d/82sE5b5pLXE/82sE5b5pLXE.glb changed to proposed JSON configuration filename : /mnt/data_nas/deeprobotics/daiyang/vla/third_party/ETP-R1/data/scene_datasets/mp3d/82sE5b5pLXE/82sE5b5pLXE.stage_config.json
I0919 13:37:33.348850 2043707 AttributesManagerBase.h:283] AttributesManager<T>::createFromJsonOrDefaultInternal  (Stage) : Proposing JSON name : /mnt/data_nas/deeprobotics/daiyang/vla/third_party/ETP-R1/data/scene_datasets/mp3d/82sE5b5pLXE/82sE5b5pLXE.stage_config.json from original name : /mnt/data_nas/deeprobotics/daiyang/vla/third_party/ETP-R1/data/scene_datasets/mp3d/82sE5b5pLXE/82sE5b5pLXE.glb | This file  does not exist.
I0919 13:37:33.348898 2043707 AbstractObjectAttributesManagerBase.h:181] AbstractObjectAttributesManager<T>::createObject  (Stage) : Done making attributes with handle : /mnt/data_nas/deeprobotics/daiyang/vla/third_party/ETP-R1/data/scene_datasets/mp3d/82sE5b5pLXE/82sE5b5pLXE.glb
I0919 13:37:33.348899 2043707 AbstractObjectAttributesManagerBase.h:188] File (/mnt/data_nas/deeprobotics/daiyang/vla/third_party/ETP-R1/data/scene_datasets/mp3d/82sE5b5pLXE/82sE5b5pLXE.glb) exists but is not a recognized config filename extension, so new default Stage attributes created and registered.
I0919 13:37:33.348907 2043707 Simulator.cpp:156] Loading navmesh from /mnt/data_nas/deeprobotics/daiyang/vla/third_party/ETP-R1/data/scene_datasets/mp3d/82sE5b5pLXE/82sE5b5pLXE.navmesh
I0919 13:37:33.349677 2043707 Simulator.cpp:158] Loaded.
I0919 13:37:33.349684 2043707 SceneGraph.h:93] Created DrawableGroup: 
Renderer: NVIDIA GeForce RTX 5090/PCIe/SSE2 by NVIDIA Corporation
OpenGL version: 4.6.0 NVIDIA 580.126.09
Using optional features:
    GL_ARB_ES2_compatibility
    GL_ARB_direct_state_access
    GL_ARB_get_texture_sub_image
    GL_ARB_invalidate_subdata
    GL_ARB_multi_bind
    GL_ARB_robustness
    GL_ARB_separate_shader_objects
    GL_ARB_texture_filter_anisotropic
    GL_ARB_texture_storage
    GL_ARB_texture_storage_multisample
    GL_ARB_vertex_array_object
    GL_KHR_debug
Using driver workarounds:
    no-forward-compatible-core-context
    nv-egl-incorrect-gl11-function-pointers
    no-layout-qualifiers-on-old-glsl
    nv-zero-context-profile-mask
    nv-implementation-color-read-format-dsa-broken
    nv-cubemap-inconsistent-compressed-image-size
    nv-cubemap-broken-full-compressed-image-query
    nv-compressed-block-size-in-bits
I0919 13:37:33.353497 2043707 ResourceManager.cpp:234] ResourceManager::loadStage : Not loading semantic mesh
I0919 13:37:33.353503 2043707 ResourceManager.cpp:262] ResourceManager::loadStage : start load render asset /mnt/data_nas/deeprobotics/daiyang/vla/third_party/ETP-R1/data/scene_datasets/mp3d/82sE5b5pLXE/82sE5b5pLXE.glb.
I0919 13:37:33.353506 2043707 ResourceManager.cpp:569] ResourceManager::loadStageInternal : Attempting to load stage /mnt/data_nas/deeprobotics/daiyang/vla/third_party/ETP-R1/data/scene_datasets/mp3d/82sE5b5pLXE/82sE5b5pLXE.glb 
I0919 13:37:33.353519 2043707 ResourceManager.cpp:1119] Importing Basis files as BC7 for 82sE5b5pLXE.glb
W0919 13:37:35.384908 2043707 Simulator.cpp:248] :
---
 The active scene does not contain semantic annotations. 
---
I0919 13:37:35.422374 2043707 simulator.py:213] Loaded navmesh /mnt/data_nas/deeprobotics/daiyang/vla/third_party/ETP-R1/data/scene_datasets/mp3d/82sE5b5pLXE/82sE5b5pLXE.navmesh
I0919 13:38:37.817600 2043707 PhysicsManager.cpp:33] Deconstructing PhysicsManager
I0919 13:38:37.817636 2043707 SemanticScene.h:41] Deconstructing SemanticScene
I0919 13:38:37.818954 2043707 SceneManager.h:25] Deconstructing SceneManager
I0919 13:38:37.818964 2043707 SceneGraph.h:26] Deconstructing SceneGraph
I0919 13:38:37.819172 2043707 Sensor.h:87] Deconstructing Sensor
I0919 13:38:37.821848 2043707 Renderer.cpp:34] Deconstructing Renderer
I0919 13:38:37.821869 2043707 WindowlessContext.h:17] Deconstructing WindowlessContext
I0919 13:38:37.827092 2043707 ManagedContainerBase.cpp:19] ManagedContainerBase::convertFilenameToJSON : Filename : default changed to proposed JSON configuration filename : default.scene_dataset_config.json
I0919 13:38:37.827109 2043707 AttributesManagerBase.h:283] AttributesManager<T>::createFromJsonOrDefaultInternal  (Dataset) : Proposing JSON name : default.scene_dataset_config.json from original name : default | This file  does not exist.
I0919 13:38:37.827244 2043707 AssetAttributesManager.cpp:117] Asset attributes (capsule3DSolid : capsule3DSolid_hemiRings_4_cylRings_1_segments_12_halfLen_0.75_useTexCoords_false_useTangents_false) created and registered.
I0919 13:38:37.827277 2043707 AssetAttributesManager.cpp:117] Asset attributes (capsule3DWireframe : capsule3DWireframe_hemiRings_8_cylRings_1_segments_16_halfLen_1) created and registered.
I0919 13:38:37.827301 2043707 AssetAttributesManager.cpp:117] Asset attributes (coneSolid : coneSolid_segments_12_halfLen_1.25_rings_1_useTexCoords_false_useTangents_false_capEnd_true) created and registered.
I0919 13:38:37.827315 2043707 AssetAttributesManager.cpp:117] Asset attributes (coneWireframe : coneWireframe_segments_32_halfLen_1.25) created and registered.
I0919 13:38:37.827324 2043707 AssetAttributesManager.cpp:117] Asset attributes (cubeSolid : cubeSolid) created and registered.
I0919 13:38:37.827330 2043707 AssetAttributesManager.cpp:117] Asset attributes (cubeWireframe : cubeWireframe) created and registered.
I0919 13:38:37.827356 2043707 AssetAttributesManager.cpp:117] Asset attributes (cylinderSolid : cylinderSolid_rings_1_segments_12_halfLen_1_useTexCoords_false_useTangents_false_capEnds_true) created and registered.
I0919 13:38:37.827373 2043707 AssetAttributesManager.cpp:117] Asset attributes (cylinderWireframe : cylinderWireframe_rings_1_segments_32_halfLen_1) created and registered.
I0919 13:38:37.827384 2043707 AssetAttributesManager.cpp:117] Asset attributes (icosphereSolid : icosphereSolid_subdivs_1) created and registered.
I0919 13:38:37.827394 2043707 AssetAttributesManager.cpp:117] Asset attributes (icosphereWireframe : icosphereWireframe_subdivs_1) created and registered.
I0919 13:38:37.827409 2043707 AssetAttributesManager.cpp:117] Asset attributes (uvSphereSolid : uvSphereSolid_rings_8_segments_16_useTexCoords_false_useTangents_false) created and registered.
I0919 13:38:37.827420 2043707 AssetAttributesManager.cpp:117] Asset attributes (uvSphereWireframe : uvSphereWireframe_rings_16_segments_32) created and registered.
I0919 13:38:37.827427 2043707 AssetAttributesManager.cpp:105] AssetAttributesManager::buildCtorFuncPtrMaps : Built default primitive asset templates : 12
I0919 13:38:37.827816 2043707 SceneDatasetAttributesManager.cpp:23] File (default) not found, so new default dataset attributes created and registered.
I0919 13:38:37.827818 2043707 MetadataMediator.cpp:47] MetadataMediator::createDataset : Dataset default successfully created.
I0919 13:38:37.828001 2043707 AttributesManagerBase.h:283] AttributesManager<T>::createFromJsonOrDefaultInternal  (Physics Manager) : Proposing JSON name : ./data/default.physics_config.json from original name : ./data/default.physics_config.json | This file  does not exist.
I0919 13:38:37.828014 2043707 PhysicsAttributesManager.cpp:27] File (./data/default.physics_config.json) not found, so new default physics manager attributes created and registered.
I0919 13:38:37.828017 2043707 AbstractObjectAttributesManagerBase.h:175] AbstractObjectAttributesManager<T>::createObject  (Stage) : Making attributes with handle : /mnt/data_nas/deeprobotics/daiyang/vla/third_party/ETP-R1/data/scene_datasets/mp3d/B6ByNegPMKs/B6ByNegPMKs.glb
I0919 13:38:37.828022 2043707 ManagedContainerBase.cpp:19] ManagedContainerBase::convertFilenameToJSON : Filename : /mnt/data_nas/deeprobotics/daiyang/vla/third_party/ETP-R1/data/scene_datasets/mp3d/B6ByNegPMKs/B6ByNegPMKs.glb changed to proposed JSON configuration filename : /mnt/data_nas/deeprobotics/daiyang/vla/third_party/ETP-R1/data/scene_datasets/mp3d/B6ByNegPMKs/B6ByNegPMKs.stage_config.json
I0919 13:38:37.828032 2043707 AttributesManagerBase.h:283] AttributesManager<T>::createFromJsonOrDefaultInternal  (Stage) : Proposing JSON name : /mnt/data_nas/deeprobotics/daiyang/vla/third_party/ETP-R1/data/scene_datasets/mp3d/B6ByNegPMKs/B6ByNegPMKs.stage_config.json from original name : /mnt/data_nas/deeprobotics/daiyang/vla/third_party/ETP-R1/data/scene_datasets/mp3d/B6ByNegPMKs/B6ByNegPMKs.glb | This file  does not exist.
I0919 13:38:37.828080 2043707 AbstractObjectAttributesManagerBase.h:181] AbstractObjectAttributesManager<T>::createObject  (Stage) : Done making attributes with handle : /mnt/data_nas/deeprobotics/daiyang/vla/third_party/ETP-R1/data/scene_datasets/mp3d/B6ByNegPMKs/B6ByNegPMKs.glb
I0919 13:38:37.828082 2043707 AbstractObjectAttributesManagerBase.h:188] File (/mnt/data_nas/deeprobotics/daiyang/vla/third_party/ETP-R1/data/scene_datasets/mp3d/B6ByNegPMKs/B6ByNegPMKs.glb) exists but is not a recognized config filename extension, so new default Stage attributes created and registered.
I0919 13:38:37.828086 2043707 Simulator.cpp:156] Loading navmesh from /mnt/data_nas/deeprobotics/daiyang/vla/third_party/ETP-R1/data/scene_datasets/mp3d/B6ByNegPMKs/B6ByNegPMKs.navmesh
I0919 13:38:37.829160 2043707 Simulator.cpp:158] Loaded.
I0919 13:38:37.829169 2043707 SceneGraph.h:93] Created DrawableGroup: 
Renderer: NVIDIA GeForce RTX 5090/PCIe/SSE2 by NVIDIA Corporation
OpenGL version: 4.6.0 NVIDIA 580.126.09
Using optional features:
    GL_ARB_ES2_compatibility
    GL_ARB_direct_state_access
    GL_ARB_get_texture_sub_image
    GL_ARB_invalidate_subdata
    GL_ARB_multi_bind
    GL_ARB_robustness
    GL_ARB_separate_shader_objects
    GL_ARB_texture_filter_anisotropic
    GL_ARB_texture_storage
    GL_ARB_texture_storage_multisample
    GL_ARB_vertex_array_object
    GL_KHR_debug
Using driver workarounds:
    no-forward-compatible-core-context
    nv-egl-incorrect-gl11-function-pointers
    no-layout-qualifiers-on-old-glsl
    nv-zero-context-profile-mask
    nv-implementation-color-read-format-dsa-broken
    nv-cubemap-inconsistent-compressed-image-size
    nv-cubemap-broken-full-compressed-image-query
    nv-compressed-block-size-in-bits
I0919 13:38:37.832772 2043707 ResourceManager.cpp:234] ResourceManager::loadStage : Not loading semantic mesh
I0919 13:38:37.832779 2043707 ResourceManager.cpp:262] ResourceManager::loadStage : start load render asset /mnt/data_nas/deeprobotics/daiyang/vla/third_party/ETP-R1/data/scene_datasets/mp3d/B6ByNegPMKs/B6ByNegPMKs.glb.
I0919 13:38:37.832782 2043707 ResourceManager.cpp:569] ResourceManager::loadStageInternal : Attempting to load stage /mnt/data_nas/deeprobotics/daiyang/vla/third_party/ETP-R1/data/scene_datasets/mp3d/B6ByNegPMKs/B6ByNegPMKs.glb 
I0919 13:38:37.832798 2043707 ResourceManager.cpp:1119] Importing Basis files as BC7 for B6ByNegPMKs.glb
W0919 13:38:47.319118 2043707 Simulator.cpp:248] :
---
 The active scene does not contain semantic annotations. 
---
I0919 13:38:47.513391 2043707 simulator.py:213] Loaded navmesh /mnt/data_nas/deeprobotics/daiyang/vla/third_party/ETP-R1/data/scene_datasets/mp3d/B6ByNegPMKs/B6ByNegPMKs.navmesh
I0919 13:39:39.312837 2043707 PhysicsManager.cpp:33] Deconstructing PhysicsManager
I0919 13:39:39.312873 2043707 SemanticScene.h:41] Deconstructing SemanticScene
I0919 13:39:39.327935 2043707 SceneManager.h:25] Deconstructing SceneManager
I0919 13:39:39.327950 2043707 SceneGraph.h:26] Deconstructing SceneGraph
I0919 13:39:39.328358 2043707 Sensor.h:87] Deconstructing Sensor
I0919 13:39:39.339766 2043707 Renderer.cpp:34] Deconstructing Renderer
I0919 13:39:39.339793 2043707 WindowlessContext.h:17] Deconstructing WindowlessContext
I0919 13:39:39.352144 2043707 ManagedContainerBase.cpp:19] ManagedContainerBase::convertFilenameToJSON : Filename : default changed to proposed JSON configuration filename : default.scene_dataset_config.json
I0919 13:39:39.352161 2043707 AttributesManagerBase.h:283] AttributesManager<T>::createFromJsonOrDefaultInternal  (Dataset) : Proposing JSON name : default.scene_dataset_config.json from original name : default | This file  does not exist.
I0919 13:39:39.352250 2043707 AssetAttributesManager.cpp:117] Asset attributes (capsule3DSolid : capsule3DSolid_hemiRings_4_cylRings_1_segments_12_halfLen_0.75_useTexCoords_false_useTangents_false) created and registered.
I0919 13:39:39.352281 2043707 AssetAttributesManager.cpp:117] Asset attributes (capsule3DWireframe : capsule3DWireframe_hemiRings_8_cylRings_1_segments_16_halfLen_1) created and registered.
I0919 13:39:39.352306 2043707 AssetAttributesManager.cpp:117] Asset attributes (coneSolid : coneSolid_segments_12_halfLen_1.25_rings_1_useTexCoords_false_useTangents_false_capEnd_true) created and registered.
I0919 13:39:39.352321 2043707 AssetAttributesManager.cpp:117] Asset attributes (coneWireframe : coneWireframe_segments_32_halfLen_1.25) created and registered.
I0919 13:39:39.352329 2043707 AssetAttributesManager.cpp:117] Asset attributes (cubeSolid : cubeSolid) created and registered.
I0919 13:39:39.352336 2043707 AssetAttributesManager.cpp:117] Asset attributes (cubeWireframe : cubeWireframe) created and registered.
I0919 13:39:39.352355 2043707 AssetAttributesManager.cpp:117] Asset attributes (cylinderSolid : cylinderSolid_rings_1_segments_12_halfLen_1_useTexCoords_false_useTangents_false_capEnds_true) created and registered.
I0919 13:39:39.352371 2043707 AssetAttributesManager.cpp:117] Asset attributes (cylinderWireframe : cylinderWireframe_rings_1_segments_32_halfLen_1) created and registered.
I0919 13:39:39.352388 2043707 AssetAttributesManager.cpp:117] Asset attributes (icosphereSolid : icosphereSolid_subdivs_1) created and registered.
I0919 13:39:39.352397 2043707 AssetAttributesManager.cpp:117] Asset attributes (icosphereWireframe : icosphereWireframe_subdivs_1) created and registered.
I0919 13:39:39.352412 2043707 AssetAttributesManager.cpp:117] Asset attributes (uvSphereSolid : uvSphereSolid_rings_8_segments_16_useTexCoords_false_useTangents_false) created and registered.
I0919 13:39:39.352424 2043707 AssetAttributesManager.cpp:117] Asset attributes (uvSphereWireframe : uvSphereWireframe_rings_16_segments_32) created and registered.
I0919 13:39:39.352430 2043707 AssetAttributesManager.cpp:105] AssetAttributesManager::buildCtorFuncPtrMaps : Built default primitive asset templates : 12
I0919 13:39:39.352821 2043707 SceneDatasetAttributesManager.cpp:23] File (default) not found, so new default dataset attributes created and registered.
I0919 13:39:39.352824 2043707 MetadataMediator.cpp:47] MetadataMediator::createDataset : Dataset default successfully created.
I0919 13:39:39.353018 2043707 AttributesManagerBase.h:283] AttributesManager<T>::createFromJsonOrDefaultInternal  (Physics Manager) : Proposing JSON name : ./data/default.physics_config.json from original name : ./data/default.physics_config.json | This file  does not exist.
I0919 13:39:39.353029 2043707 PhysicsAttributesManager.cpp:27] File (./data/default.physics_config.json) not found, so new default physics manager attributes created and registered.
I0919 13:39:39.353034 2043707 AbstractObjectAttributesManagerBase.h:175] AbstractObjectAttributesManager<T>::createObject  (Stage) : Making attributes with handle : /mnt/data_nas/deeprobotics/daiyang/vla/third_party/ETP-R1/data/scene_datasets/mp3d/PuKPg4mmafe/PuKPg4mmafe.glb
I0919 13:39:39.353037 2043707 ManagedContainerBase.cpp:19] ManagedContainerBase::convertFilenameToJSON : Filename : /mnt/data_nas/deeprobotics/daiyang/vla/third_party/ETP-R1/data/scene_datasets/mp3d/PuKPg4mmafe/PuKPg4mmafe.glb changed to proposed JSON configuration filename : /mnt/data_nas/deeprobotics/daiyang/vla/third_party/ETP-R1/data/scene_datasets/mp3d/PuKPg4mmafe/PuKPg4mmafe.stage_config.json
I0919 13:39:39.353047 2043707 AttributesManagerBase.h:283] AttributesManager<T>::createFromJsonOrDefaultInternal  (Stage) : Proposing JSON name : /mnt/data_nas/deeprobotics/daiyang/vla/third_party/ETP-R1/data/scene_datasets/mp3d/PuKPg4mmafe/PuKPg4mmafe.stage_config.json from original name : /mnt/data_nas/deeprobotics/daiyang/vla/third_party/ETP-R1/data/scene_datasets/mp3d/PuKPg4mmafe/PuKPg4mmafe.glb | This file  does not exist.
I0919 13:39:39.353094 2043707 AbstractObjectAttributesManagerBase.h:181] AbstractObjectAttributesManager<T>::createObject  (Stage) : Done making attributes with handle : /mnt/data_nas/deeprobotics/daiyang/vla/third_party/ETP-R1/data/scene_datasets/mp3d/PuKPg4mmafe/PuKPg4mmafe.glb
I0919 13:39:39.353096 2043707 AbstractObjectAttributesManagerBase.h:188] File (/mnt/data_nas/deeprobotics/daiyang/vla/third_party/ETP-R1/data/scene_datasets/mp3d/PuKPg4mmafe/PuKPg4mmafe.glb) exists but is not a recognized config filename extension, so new default Stage attributes created and registered.
I0919 13:39:39.353101 2043707 Simulator.cpp:156] Loading navmesh from /mnt/data_nas/deeprobotics/daiyang/vla/third_party/ETP-R1/data/scene_datasets/mp3d/PuKPg4mmafe/PuKPg4mmafe.navmesh
I0919 13:39:39.354030 2043707 Simulator.cpp:158] Loaded.
I0919 13:39:39.354043 2043707 SceneGraph.h:93] Created DrawableGroup: 
Renderer: NVIDIA GeForce RTX 5090/PCIe/SSE2 by NVIDIA Corporation
OpenGL version: 4.6.0 NVIDIA 580.126.09
Using optional features:
    GL_ARB_ES2_compatibility
    GL_ARB_direct_state_access
    GL_ARB_get_texture_sub_image
    GL_ARB_invalidate_subdata
    GL_ARB_multi_bind
    GL_ARB_robustness
    GL_ARB_separate_shader_objects
    GL_ARB_texture_filter_anisotropic
    GL_ARB_texture_storage
    GL_ARB_texture_storage_multisample
    GL_ARB_vertex_array_object
    GL_KHR_debug
Using driver workarounds:
    no-forward-compatible-core-context
    nv-egl-incorrect-gl11-function-pointers
    no-layout-qualifiers-on-old-glsl
    nv-zero-context-profile-mask
    nv-implementation-color-read-format-dsa-broken
    nv-cubemap-inconsistent-compressed-image-size
    nv-cubemap-broken-full-compressed-image-query
    nv-compressed-block-size-in-bits
I0919 13:39:39.357636 2043707 ResourceManager.cpp:234] ResourceManager::loadStage : Not loading semantic mesh
I0919 13:39:39.357645 2043707 ResourceManager.cpp:262] ResourceManager::loadStage : start load render asset /mnt/data_nas/deeprobotics/daiyang/vla/third_party/ETP-R1/data/scene_datasets/mp3d/PuKPg4mmafe/PuKPg4mmafe.glb.
I0919 13:39:39.357646 2043707 ResourceManager.cpp:569] ResourceManager::loadStageInternal : Attempting to load stage /mnt/data_nas/deeprobotics/daiyang/vla/third_party/ETP-R1/data/scene_datasets/mp3d/PuKPg4mmafe/PuKPg4mmafe.glb 
I0919 13:39:39.357662 2043707 ResourceManager.cpp:1119] Importing Basis files as BC7 for PuKPg4mmafe.glb
W0919 13:39:44.010247 2043707 Simulator.cpp:248] :
---
 The active scene does not contain semantic annotations. 
---
I0919 13:39:44.030170 2043707 simulator.py:213] Loaded navmesh /mnt/data_nas/deeprobotics/daiyang/vla/third_party/ETP-R1/data/scene_datasets/mp3d/PuKPg4mmafe/PuKPg4mmafe.navmesh
I0919 13:40:43.412810 2043707 PhysicsManager.cpp:33] Deconstructing PhysicsManager
I0919 13:40:43.412861 2043707 SemanticScene.h:41] Deconstructing SemanticScene
I0919 13:40:43.413754 2043707 SceneManager.h:25] Deconstructing SceneManager
I0919 13:40:43.413758 2043707 SceneGraph.h:26] Deconstructing SceneGraph
I0919 13:40:43.413993 2043707 Sensor.h:87] Deconstructing Sensor
I0919 13:40:43.418908 2043707 Renderer.cpp:34] Deconstructing Renderer
I0919 13:40:43.418932 2043707 WindowlessContext.h:17] Deconstructing WindowlessContext
I0919 13:40:43.430311 2043707 ManagedContainerBase.cpp:19] ManagedContainerBase::convertFilenameToJSON : Filename : default changed to proposed JSON configuration filename : default.scene_dataset_config.json
I0919 13:40:43.430331 2043707 AttributesManagerBase.h:283] AttributesManager<T>::createFromJsonOrDefaultInternal  (Dataset) : Proposing JSON name : default.scene_dataset_config.json from original name : default | This file  does not exist.
I0919 13:40:43.430541 2043707 AssetAttributesManager.cpp:117] Asset attributes (capsule3DSolid : capsule3DSolid_hemiRings_4_cylRings_1_segments_12_halfLen_0.75_useTexCoords_false_useTangents_false) created and registered.
I0919 13:40:43.430568 2043707 AssetAttributesManager.cpp:117] Asset attributes (capsule3DWireframe : capsule3DWireframe_hemiRings_8_cylRings_1_segments_16_halfLen_1) created and registered.
I0919 13:40:43.430593 2043707 AssetAttributesManager.cpp:117] Asset attributes (coneSolid : coneSolid_segments_12_halfLen_1.25_rings_1_useTexCoords_false_useTangents_false_capEnd_true) created and registered.
I0919 13:40:43.430608 2043707 AssetAttributesManager.cpp:117] Asset attributes (coneWireframe : coneWireframe_segments_32_halfLen_1.25) created and registered.
I0919 13:40:43.430616 2043707 AssetAttributesManager.cpp:117] Asset attributes (cubeSolid : cubeSolid) created and registered.
I0919 13:40:43.430622 2043707 AssetAttributesManager.cpp:117] Asset attributes (cubeWireframe : cubeWireframe) created and registered.
I0919 13:40:43.430641 2043707 AssetAttributesManager.cpp:117] Asset attributes (cylinderSolid : cylinderSolid_rings_1_segments_12_halfLen_1_useTexCoords_false_useTangents_false_capEnds_true) created and registered.
I0919 13:40:43.430658 2043707 AssetAttributesManager.cpp:117] Asset attributes (cylinderWireframe : cylinderWireframe_rings_1_segments_32_halfLen_1) created and registered.
I0919 13:40:43.430670 2043707 AssetAttributesManager.cpp:117] Asset attributes (icosphereSolid : icosphereSolid_subdivs_1) created and registered.
I0919 13:40:43.430678 2043707 AssetAttributesManager.cpp:117] Asset attributes (icosphereWireframe : icosphereWireframe_subdivs_1) created and registered.
I0919 13:40:43.430693 2043707 AssetAttributesManager.cpp:117] Asset attributes (uvSphereSolid : uvSphereSolid_rings_8_segments_16_useTexCoords_false_useTangents_false) created and registered.
I0919 13:40:43.430714 2043707 AssetAttributesManager.cpp:117] Asset attributes (uvSphereWireframe : uvSphereWireframe_rings_16_segments_32) created and registered.
I0919 13:40:43.430720 2043707 AssetAttributesManager.cpp:105] AssetAttributesManager::buildCtorFuncPtrMaps : Built default primitive asset templates : 12
I0919 13:40:43.431107 2043707 SceneDatasetAttributesManager.cpp:23] File (default) not found, so new default dataset attributes created and registered.
I0919 13:40:43.431109 2043707 MetadataMediator.cpp:47] MetadataMediator::createDataset : Dataset default successfully created.
I0919 13:40:43.432174 2043707 AttributesManagerBase.h:283] AttributesManager<T>::createFromJsonOrDefaultInternal  (Physics Manager) : Proposing JSON name : ./data/default.physics_config.json from original name : ./data/default.physics_config.json | This file  does not exist.
I0919 13:40:43.432188 2043707 PhysicsAttributesManager.cpp:27] File (./data/default.physics_config.json) not found, so new default physics manager attributes created and registered.
I0919 13:40:43.432190 2043707 AbstractObjectAttributesManagerBase.h:175] AbstractObjectAttributesManager<T>::createObject  (Stage) : Making attributes with handle : /mnt/data_nas/deeprobotics/daiyang/vla/third_party/ETP-R1/data/scene_datasets/mp3d/aayBHfsNo7d/aayBHfsNo7d.glb
I0919 13:40:43.432194 2043707 ManagedContainerBase.cpp:19] ManagedContainerBase::convertFilenameToJSON : Filename : /mnt/data_nas/deeprobotics/daiyang/vla/third_party/ETP-R1/data/scene_datasets/mp3d/aayBHfsNo7d/aayBHfsNo7d.glb changed to proposed JSON configuration filename : /mnt/data_nas/deeprobotics/daiyang/vla/third_party/ETP-R1/data/scene_datasets/mp3d/aayBHfsNo7d/aayBHfsNo7d.stage_config.json
I0919 13:40:43.435256 2043707 AttributesManagerBase.h:283] AttributesManager<T>::createFromJsonOrDefaultInternal  (Stage) : Proposing JSON name : /mnt/data_nas/deeprobotics/daiyang/vla/third_party/ETP-R1/data/scene_datasets/mp3d/aayBHfsNo7d/aayBHfsNo7d.stage_config.json from original name : /mnt/data_nas/deeprobotics/daiyang/vla/third_party/ETP-R1/data/scene_datasets/mp3d/aayBHfsNo7d/aayBHfsNo7d.glb | This file  does not exist.
I0919 13:40:43.435310 2043707 AbstractObjectAttributesManagerBase.h:181] AbstractObjectAttributesManager<T>::createObject  (Stage) : Done making attributes with handle : /mnt/data_nas/deeprobotics/daiyang/vla/third_party/ETP-R1/data/scene_datasets/mp3d/aayBHfsNo7d/aayBHfsNo7d.glb
I0919 13:40:43.435312 2043707 AbstractObjectAttributesManagerBase.h:188] File (/mnt/data_nas/deeprobotics/daiyang/vla/third_party/ETP-R1/data/scene_datasets/mp3d/aayBHfsNo7d/aayBHfsNo7d.glb) exists but is not a recognized config filename extension, so new default Stage attributes created and registered.
I0919 13:40:43.435317 2043707 Simulator.cpp:156] Loading navmesh from /mnt/data_nas/deeprobotics/daiyang/vla/third_party/ETP-R1/data/scene_datasets/mp3d/aayBHfsNo7d/aayBHfsNo7d.navmesh
I0919 13:40:43.436491 2043707 Simulator.cpp:158] Loaded.
I0919 13:40:43.436499 2043707 SceneGraph.h:93] Created DrawableGroup: 
Renderer: NVIDIA GeForce RTX 5090/PCIe/SSE2 by NVIDIA Corporation
OpenGL version: 4.6.0 NVIDIA 580.126.09
Using optional features:
    GL_ARB_ES2_compatibility
    GL_ARB_direct_state_access
    GL_ARB_get_texture_sub_image
    GL_ARB_invalidate_subdata
    GL_ARB_multi_bind
    GL_ARB_robustness
    GL_ARB_separate_shader_objects
    GL_ARB_texture_filter_anisotropic
    GL_ARB_texture_storage
    GL_ARB_texture_storage_multisample
    GL_ARB_vertex_array_object
    GL_KHR_debug
Using driver workarounds:
    no-forward-compatible-core-context
    nv-egl-incorrect-gl11-function-pointers
    no-layout-qualifiers-on-old-glsl
    nv-zero-context-profile-mask
    nv-implementation-color-read-format-dsa-broken
    nv-cubemap-inconsistent-compressed-image-size
    nv-cubemap-broken-full-compressed-image-query
    nv-compressed-block-size-in-bits
I0919 13:40:43.440176 2043707 ResourceManager.cpp:234] ResourceManager::loadStage : Not loading semantic mesh
I0919 13:40:43.440191 2043707 ResourceManager.cpp:262] ResourceManager::loadStage : start load render asset /mnt/data_nas/deeprobotics/daiyang/vla/third_party/ETP-R1/data/scene_datasets/mp3d/aayBHfsNo7d/aayBHfsNo7d.glb.
I0919 13:40:43.440192 2043707 ResourceManager.cpp:569] ResourceManager::loadStageInternal : Attempting to load stage /mnt/data_nas/deeprobotics/daiyang/vla/third_party/ETP-R1/data/scene_datasets/mp3d/aayBHfsNo7d/aayBHfsNo7d.glb 
I0919 13:40:43.440209 2043707 ResourceManager.cpp:1119] Importing Basis files as BC7 for aayBHfsNo7d.glb
W0919 13:40:44.991888 2043707 Simulator.cpp:248] :
---
 The active scene does not contain semantic annotations. 
---
I0919 13:40:45.032182 2043707 simulator.py:213] Loaded navmesh /mnt/data_nas/deeprobotics/daiyang/vla/third_party/ETP-R1/data/scene_datasets/mp3d/aayBHfsNo7d/aayBHfsNo7d.navmesh
I0919 13:41:23.343096 2043707 PhysicsManager.cpp:33] Deconstructing PhysicsManager
I0919 13:41:23.343132 2043707 SemanticScene.h:41] Deconstructing SemanticScene
I0919 13:41:23.345384 2043707 SceneManager.h:25] Deconstructing SceneManager
I0919 13:41:23.345393 2043707 SceneGraph.h:26] Deconstructing SceneGraph
I0919 13:41:23.345896 2043707 Sensor.h:87] Deconstructing Sensor
I0919 13:41:23.347962 2043707 Renderer.cpp:34] Deconstructing Renderer
I0919 13:41:23.347985 2043707 WindowlessContext.h:17] Deconstructing WindowlessContext
I0919 13:41:23.353672 2043707 ManagedContainerBase.cpp:19] ManagedContainerBase::convertFilenameToJSON : Filename : default changed to proposed JSON configuration filename : default.scene_dataset_config.json
I0919 13:41:23.353688 2043707 AttributesManagerBase.h:283] AttributesManager<T>::createFromJsonOrDefaultInternal  (Dataset) : Proposing JSON name : default.scene_dataset_config.json from original name : default | This file  does not exist.
I0919 13:41:23.353911 2043707 AssetAttributesManager.cpp:117] Asset attributes (capsule3DSolid : capsule3DSolid_hemiRings_4_cylRings_1_segments_12_halfLen_0.75_useTexCoords_false_useTangents_false) created and registered.
I0919 13:41:23.353937 2043707 AssetAttributesManager.cpp:117] Asset attributes (capsule3DWireframe : capsule3DWireframe_hemiRings_8_cylRings_1_segments_16_halfLen_1) created and registered.
I0919 13:41:23.353961 2043707 AssetAttributesManager.cpp:117] Asset attributes (coneSolid : coneSolid_segments_12_halfLen_1.25_rings_1_useTexCoords_false_useTangents_false_capEnd_true) created and registered.
I0919 13:41:23.353976 2043707 AssetAttributesManager.cpp:117] Asset attributes (coneWireframe : coneWireframe_segments_32_halfLen_1.25) created and registered.
I0919 13:41:23.353983 2043707 AssetAttributesManager.cpp:117] Asset attributes (cubeSolid : cubeSolid) created and registered.
I0919 13:41:23.353989 2043707 AssetAttributesManager.cpp:117] Asset attributes (cubeWireframe : cubeWireframe) created and registered.
I0919 13:41:23.354008 2043707 AssetAttributesManager.cpp:117] Asset attributes (cylinderSolid : cylinderSolid_rings_1_segments_12_halfLen_1_useTexCoords_false_useTangents_false_capEnds_true) created and registered.
I0919 13:41:23.354025 2043707 AssetAttributesManager.cpp:117] Asset attributes (cylinderWireframe : cylinderWireframe_rings_1_segments_32_halfLen_1) created and registered.
I0919 13:41:23.354035 2043707 AssetAttributesManager.cpp:117] Asset attributes (icosphereSolid : icosphereSolid_subdivs_1) created and registered.
I0919 13:41:23.354043 2043707 AssetAttributesManager.cpp:117] Asset attributes (icosphereWireframe : icosphereWireframe_subdivs_1) created and registered.
I0919 13:41:23.354058 2043707 AssetAttributesManager.cpp:117] Asset attributes (uvSphereSolid : uvSphereSolid_rings_8_segments_16_useTexCoords_false_useTangents_false) created and registered.
I0919 13:41:23.354070 2043707 AssetAttributesManager.cpp:117] Asset attributes (uvSphereWireframe : uvSphereWireframe_rings_16_segments_32) created and registered.
I0919 13:41:23.354076 2043707 AssetAttributesManager.cpp:105] AssetAttributesManager::buildCtorFuncPtrMaps : Built default primitive asset templates : 12
I0919 13:41:23.354475 2043707 SceneDatasetAttributesManager.cpp:23] File (default) not found, so new default dataset attributes created and registered.
I0919 13:41:23.354477 2043707 MetadataMediator.cpp:47] MetadataMediator::createDataset : Dataset default successfully created.
I0919 13:41:23.354660 2043707 AttributesManagerBase.h:283] AttributesManager<T>::createFromJsonOrDefaultInternal  (Physics Manager) : Proposing JSON name : ./data/default.physics_config.json from original name : ./data/default.physics_config.json | This file  does not exist.
I0919 13:41:23.354671 2043707 PhysicsAttributesManager.cpp:27] File (./data/default.physics_config.json) not found, so new default physics manager attributes created and registered.
I0919 13:41:23.354676 2043707 AbstractObjectAttributesManagerBase.h:175] AbstractObjectAttributesManager<T>::createObject  (Stage) : Making attributes with handle : /mnt/data_nas/deeprobotics/daiyang/vla/third_party/ETP-R1/data/scene_datasets/mp3d/82sE5b5pLXE/82sE5b5pLXE.glb
I0919 13:41:23.354678 2043707 ManagedContainerBase.cpp:19] ManagedContainerBase::convertFilenameToJSON : Filename : /mnt/data_nas/deeprobotics/daiyang/vla/third_party/ETP-R1/data/scene_datasets/mp3d/82sE5b5pLXE/82sE5b5pLXE.glb changed to proposed JSON configuration filename : /mnt/data_nas/deeprobotics/daiyang/vla/third_party/ETP-R1/data/scene_datasets/mp3d/82sE5b5pLXE/82sE5b5pLXE.stage_config.json
I0919 13:41:23.354689 2043707 AttributesManagerBase.h:283] AttributesManager<T>::createFromJsonOrDefaultInternal  (Stage) : Proposing JSON name : /mnt/data_nas/deeprobotics/daiyang/vla/third_party/ETP-R1/data/scene_datasets/mp3d/82sE5b5pLXE/82sE5b5pLXE.stage_config.json from original name : /mnt/data_nas/deeprobotics/daiyang/vla/third_party/ETP-R1/data/scene_datasets/mp3d/82sE5b5pLXE/82sE5b5pLXE.glb | This file  does not exist.
I0919 13:41:23.354737 2043707 AbstractObjectAttributesManagerBase.h:181] AbstractObjectAttributesManager<T>::createObject  (Stage) : Done making attributes with handle : /mnt/data_nas/deeprobotics/daiyang/vla/third_party/ETP-R1/data/scene_datasets/mp3d/82sE5b5pLXE/82sE5b5pLXE.glb
I0919 13:41:23.354739 2043707 AbstractObjectAttributesManagerBase.h:188] File (/mnt/data_nas/deeprobotics/daiyang/vla/third_party/ETP-R1/data/scene_datasets/mp3d/82sE5b5pLXE/82sE5b5pLXE.glb) exists but is not a recognized config filename extension, so new default Stage attributes created and registered.
I0919 13:41:23.354744 2043707 Simulator.cpp:156] Loading navmesh from /mnt/data_nas/deeprobotics/daiyang/vla/third_party/ETP-R1/data/scene_datasets/mp3d/82sE5b5pLXE/82sE5b5pLXE.navmesh
I0919 13:41:23.355477 2043707 Simulator.cpp:158] Loaded.
I0919 13:41:23.355484 2043707 SceneGraph.h:93] Created DrawableGroup: 
Renderer: NVIDIA GeForce RTX 5090/PCIe/SSE2 by NVIDIA Corporation
OpenGL version: 4.6.0 NVIDIA 580.126.09
Using optional features:
    GL_ARB_ES2_compatibility
    GL_ARB_direct_state_access
    GL_ARB_get_texture_sub_image
    GL_ARB_invalidate_subdata
    GL_ARB_multi_bind
    GL_ARB_robustness
    GL_ARB_separate_shader_objects
    GL_ARB_texture_filter_anisotropic
    GL_ARB_texture_storage
    GL_ARB_texture_storage_multisample
    GL_ARB_vertex_array_object
    GL_KHR_debug
Using driver workarounds:
    no-forward-compatible-core-context
    nv-egl-incorrect-gl11-function-pointers
    no-layout-qualifiers-on-old-glsl
    nv-zero-context-profile-mask
    nv-implementation-color-read-format-dsa-broken
    nv-cubemap-inconsistent-compressed-image-size
    nv-cubemap-broken-full-compressed-image-query
    nv-compressed-block-size-in-bits
I0919 13:41:23.359018 2043707 ResourceManager.cpp:234] ResourceManager::loadStage : Not loading semantic mesh
I0919 13:41:23.359026 2043707 ResourceManager.cpp:262] ResourceManager::loadStage : start load render asset /mnt/data_nas/deeprobotics/daiyang/vla/third_party/ETP-R1/data/scene_datasets/mp3d/82sE5b5pLXE/82sE5b5pLXE.glb.
I0919 13:41:23.359028 2043707 ResourceManager.cpp:569] ResourceManager::loadStageInternal : Attempting to load stage /mnt/data_nas/deeprobotics/daiyang/vla/third_party/ETP-R1/data/scene_datasets/mp3d/82sE5b5pLXE/82sE5b5pLXE.glb 
I0919 13:41:23.359047 2043707 ResourceManager.cpp:1119] Importing Basis files as BC7 for 82sE5b5pLXE.glb
W0919 13:41:25.407150 2043707 Simulator.cpp:248] :
---
 The active scene does not contain semantic annotations. 
---
I0919 13:41:25.443660 2043707 simulator.py:213] Loaded navmesh /mnt/data_nas/deeprobotics/daiyang/vla/third_party/ETP-R1/data/scene_datasets/mp3d/82sE5b5pLXE/82sE5b5pLXE.navmesh
I0919 13:42:45.418776 2043707 PhysicsManager.cpp:33] Deconstructing PhysicsManager
I0919 13:42:45.418825 2043707 SemanticScene.h:41] Deconstructing SemanticScene
I0919 13:42:45.420459 2043707 SceneManager.h:25] Deconstructing SceneManager
I0919 13:42:45.420467 2043707 SceneGraph.h:26] Deconstructing SceneGraph
I0919 13:42:45.420701 2043707 Sensor.h:87] Deconstructing Sensor
I0919 13:42:45.424015 2043707 Renderer.cpp:34] Deconstructing Renderer
I0919 13:42:45.424037 2043707 WindowlessContext.h:17] Deconstructing WindowlessContext
I0919 13:42:45.430123 2043707 ManagedContainerBase.cpp:19] ManagedContainerBase::convertFilenameToJSON : Filename : default changed to proposed JSON configuration filename : default.scene_dataset_config.json
I0919 13:42:45.430140 2043707 AttributesManagerBase.h:283] AttributesManager<T>::createFromJsonOrDefaultInternal  (Dataset) : Proposing JSON name : default.scene_dataset_config.json from original name : default | This file  does not exist.
I0919 13:42:45.430296 2043707 AssetAttributesManager.cpp:117] Asset attributes (capsule3DSolid : capsule3DSolid_hemiRings_4_cylRings_1_segments_12_halfLen_0.75_useTexCoords_false_useTangents_false) created and registered.
I0919 13:42:45.430323 2043707 AssetAttributesManager.cpp:117] Asset attributes (capsule3DWireframe : capsule3DWireframe_hemiRings_8_cylRings_1_segments_16_halfLen_1) created and registered.
I0919 13:42:45.430348 2043707 AssetAttributesManager.cpp:117] Asset attributes (coneSolid : coneSolid_segments_12_halfLen_1.25_rings_1_useTexCoords_false_useTangents_false_capEnd_true) created and registered.
I0919 13:42:45.430362 2043707 AssetAttributesManager.cpp:117] Asset attributes (coneWireframe : coneWireframe_segments_32_halfLen_1.25) created and registered.
I0919 13:42:45.430370 2043707 AssetAttributesManager.cpp:117] Asset attributes (cubeSolid : cubeSolid) created and registered.
I0919 13:42:45.430377 2043707 AssetAttributesManager.cpp:117] Asset attributes (cubeWireframe : cubeWireframe) created and registered.
I0919 13:42:45.430395 2043707 AssetAttributesManager.cpp:117] Asset attributes (cylinderSolid : cylinderSolid_rings_1_segments_12_halfLen_1_useTexCoords_false_useTangents_false_capEnds_true) created and registered.
I0919 13:42:45.430413 2043707 AssetAttributesManager.cpp:117] Asset attributes (cylinderWireframe : cylinderWireframe_rings_1_segments_32_halfLen_1) created and registered.
I0919 13:42:45.430423 2043707 AssetAttributesManager.cpp:117] Asset attributes (icosphereSolid : icosphereSolid_subdivs_1) created and registered.
I0919 13:42:45.430431 2043707 AssetAttributesManager.cpp:117] Asset attributes (icosphereWireframe : icosphereWireframe_subdivs_1) created and registered.
I0919 13:42:45.430446 2043707 AssetAttributesManager.cpp:117] Asset attributes (uvSphereSolid : uvSphereSolid_rings_8_segments_16_useTexCoords_false_useTangents_false) created and registered.
I0919 13:42:45.430459 2043707 AssetAttributesManager.cpp:117] Asset attributes (uvSphereWireframe : uvSphereWireframe_rings_16_segments_32) created and registered.
I0919 13:42:45.430464 2043707 AssetAttributesManager.cpp:105] AssetAttributesManager::buildCtorFuncPtrMaps : Built default primitive asset templates : 12
I0919 13:42:45.430850 2043707 SceneDatasetAttributesManager.cpp:23] File (default) not found, so new default dataset attributes created and registered.
I0919 13:42:45.430851 2043707 MetadataMediator.cpp:47] MetadataMediator::createDataset : Dataset default successfully created.
I0919 13:42:45.431041 2043707 AttributesManagerBase.h:283] AttributesManager<T>::createFromJsonOrDefaultInternal  (Physics Manager) : Proposing JSON name : ./data/default.physics_config.json from original name : ./data/default.physics_config.json | This file  does not exist.
I0919 13:42:45.431058 2043707 PhysicsAttributesManager.cpp:27] File (./data/default.physics_config.json) not found, so new default physics manager attributes created and registered.
I0919 13:42:45.431061 2043707 AbstractObjectAttributesManagerBase.h:175] AbstractObjectAttributesManager<T>::createObject  (Stage) : Making attributes with handle : /mnt/data_nas/deeprobotics/daiyang/vla/third_party/ETP-R1/data/scene_datasets/mp3d/B6ByNegPMKs/B6ByNegPMKs.glb
I0919 13:42:45.431066 2043707 ManagedContainerBase.cpp:19] ManagedContainerBase::convertFilenameToJSON : Filename : /mnt/data_nas/deeprobotics/daiyang/vla/third_party/ETP-R1/data/scene_datasets/mp3d/B6ByNegPMKs/B6ByNegPMKs.glb changed to proposed JSON configuration filename : /mnt/data_nas/deeprobotics/daiyang/vla/third_party/ETP-R1/data/scene_datasets/mp3d/B6ByNegPMKs/B6ByNegPMKs.stage_config.json
I0919 13:42:45.431075 2043707 AttributesManagerBase.h:283] AttributesManager<T>::createFromJsonOrDefaultInternal  (Stage) : Proposing JSON name : /mnt/data_nas/deeprobotics/daiyang/vla/third_party/ETP-R1/data/scene_datasets/mp3d/B6ByNegPMKs/B6ByNegPMKs.stage_config.json from original name : /mnt/data_nas/deeprobotics/daiyang/vla/third_party/ETP-R1/data/scene_datasets/mp3d/B6ByNegPMKs/B6ByNegPMKs.glb | This file  does not exist.
I0919 13:42:45.431121 2043707 AbstractObjectAttributesManagerBase.h:181] AbstractObjectAttributesManager<T>::createObject  (Stage) : Done making attributes with handle : /mnt/data_nas/deeprobotics/daiyang/vla/third_party/ETP-R1/data/scene_datasets/mp3d/B6ByNegPMKs/B6ByNegPMKs.glb
I0919 13:42:45.431123 2043707 AbstractObjectAttributesManagerBase.h:188] File (/mnt/data_nas/deeprobotics/daiyang/vla/third_party/ETP-R1/data/scene_datasets/mp3d/B6ByNegPMKs/B6ByNegPMKs.glb) exists but is not a recognized config filename extension, so new default Stage attributes created and registered.
I0919 13:42:45.431128 2043707 Simulator.cpp:156] Loading navmesh from /mnt/data_nas/deeprobotics/daiyang/vla/third_party/ETP-R1/data/scene_datasets/mp3d/B6ByNegPMKs/B6ByNegPMKs.navmesh
I0919 13:42:45.432304 2043707 Simulator.cpp:158] Loaded.
I0919 13:42:45.432312 2043707 SceneGraph.h:93] Created DrawableGroup: 
Renderer: NVIDIA GeForce RTX 5090/PCIe/SSE2 by NVIDIA Corporation
OpenGL version: 4.6.0 NVIDIA 580.126.09
Using optional features:
    GL_ARB_ES2_compatibility
    GL_ARB_direct_state_access
    GL_ARB_get_texture_sub_image
    GL_ARB_invalidate_subdata
    GL_ARB_multi_bind
    GL_ARB_robustness
    GL_ARB_separate_shader_objects
    GL_ARB_texture_filter_anisotropic
    GL_ARB_texture_storage
    GL_ARB_texture_storage_multisample
    GL_ARB_vertex_array_object
    GL_KHR_debug
Using driver workarounds:
    no-forward-compatible-core-context
    nv-egl-incorrect-gl11-function-pointers
    no-layout-qualifiers-on-old-glsl
    nv-zero-context-profile-mask
    nv-implementation-color-read-format-dsa-broken
    nv-cubemap-inconsistent-compressed-image-size
    nv-cubemap-broken-full-compressed-image-query
    nv-compressed-block-size-in-bits
I0919 13:42:45.435813 2043707 ResourceManager.cpp:234] ResourceManager::loadStage : Not loading semantic mesh
I0919 13:42:45.435822 2043707 ResourceManager.cpp:262] ResourceManager::loadStage : start load render asset /mnt/data_nas/deeprobotics/daiyang/vla/third_party/ETP-R1/data/scene_datasets/mp3d/B6ByNegPMKs/B6ByNegPMKs.glb.
I0919 13:42:45.435823 2043707 ResourceManager.cpp:569] ResourceManager::loadStageInternal : Attempting to load stage /mnt/data_nas/deeprobotics/daiyang/vla/third_party/ETP-R1/data/scene_datasets/mp3d/B6ByNegPMKs/B6ByNegPMKs.glb 
I0919 13:42:45.435838 2043707 ResourceManager.cpp:1119] Importing Basis files as BC7 for B6ByNegPMKs.glb
W0919 13:42:55.021066 2043707 Simulator.cpp:248] :
---
 The active scene does not contain semantic annotations. 
---
I0919 13:42:55.217651 2043707 simulator.py:213] Loaded navmesh /mnt/data_nas/deeprobotics/daiyang/vla/third_party/ETP-R1/data/scene_datasets/mp3d/B6ByNegPMKs/B6ByNegPMKs.navmesh
I0919 13:43:50.007062 2043707 PhysicsManager.cpp:33] Deconstructing PhysicsManager
I0919 13:43:50.007110 2043707 SemanticScene.h:41] Deconstructing SemanticScene
I0919 13:43:50.023274 2043707 SceneManager.h:25] Deconstructing SceneManager
I0919 13:43:50.023291 2043707 SceneGraph.h:26] Deconstructing SceneGraph
I0919 13:43:50.023753 2043707 Sensor.h:87] Deconstructing Sensor
I0919 13:43:50.036847 2043707 Renderer.cpp:34] Deconstructing Renderer
I0919 13:43:50.036877 2043707 WindowlessContext.h:17] Deconstructing WindowlessContext
I0919 13:43:50.066856 2043707 ManagedContainerBase.cpp:19] ManagedContainerBase::convertFilenameToJSON : Filename : default changed to proposed JSON configuration filename : default.scene_dataset_config.json
I0919 13:43:50.066879 2043707 AttributesManagerBase.h:283] AttributesManager<T>::createFromJsonOrDefaultInternal  (Dataset) : Proposing JSON name : default.scene_dataset_config.json from original name : default | This file  does not exist.
I0919 13:43:50.066998 2043707 AssetAttributesManager.cpp:117] Asset attributes (capsule3DSolid : capsule3DSolid_hemiRings_4_cylRings_1_segments_12_halfLen_0.75_useTexCoords_false_useTangents_false) created and registered.
I0919 13:43:50.067027 2043707 AssetAttributesManager.cpp:117] Asset attributes (capsule3DWireframe : capsule3DWireframe_hemiRings_8_cylRings_1_segments_16_halfLen_1) created and registered.
I0919 13:43:50.067052 2043707 AssetAttributesManager.cpp:117] Asset attributes (coneSolid : coneSolid_segments_12_halfLen_1.25_rings_1_useTexCoords_false_useTangents_false_capEnd_true) created and registered.
I0919 13:43:50.067066 2043707 AssetAttributesManager.cpp:117] Asset attributes (coneWireframe : coneWireframe_segments_32_halfLen_1.25) created and registered.
I0919 13:43:50.067075 2043707 AssetAttributesManager.cpp:117] Asset attributes (cubeSolid : cubeSolid) created and registered.
I0919 13:43:50.067082 2043707 AssetAttributesManager.cpp:117] Asset attributes (cubeWireframe : cubeWireframe) created and registered.
I0919 13:43:50.067101 2043707 AssetAttributesManager.cpp:117] Asset attributes (cylinderSolid : cylinderSolid_rings_1_segments_12_halfLen_1_useTexCoords_false_useTangents_false_capEnds_true) created and registered.
I0919 13:43:50.067119 2043707 AssetAttributesManager.cpp:117] Asset attributes (cylinderWireframe : cylinderWireframe_rings_1_segments_32_halfLen_1) created and registered.
I0919 13:43:50.067130 2043707 AssetAttributesManager.cpp:117] Asset attributes (icosphereSolid : icosphereSolid_subdivs_1) created and registered.
I0919 13:43:50.067139 2043707 AssetAttributesManager.cpp:117] Asset attributes (icosphereWireframe : icosphereWireframe_subdivs_1) created and registered.
I0919 13:43:50.067154 2043707 AssetAttributesManager.cpp:117] Asset attributes (uvSphereSolid : uvSphereSolid_rings_8_segments_16_useTexCoords_false_useTangents_false) created and registered.
I0919 13:43:50.067168 2043707 AssetAttributesManager.cpp:117] Asset attributes (uvSphereWireframe : uvSphereWireframe_rings_16_segments_32) created and registered.
I0919 13:43:50.067175 2043707 AssetAttributesManager.cpp:105] AssetAttributesManager::buildCtorFuncPtrMaps : Built default primitive asset templates : 12
I0919 13:43:50.067576 2043707 SceneDatasetAttributesManager.cpp:23] File (default) not found, so new default dataset attributes created and registered.
I0919 13:43:50.067579 2043707 MetadataMediator.cpp:47] MetadataMediator::createDataset : Dataset default successfully created.
I0919 13:43:50.067780 2043707 AttributesManagerBase.h:283] AttributesManager<T>::createFromJsonOrDefaultInternal  (Physics Manager) : Proposing JSON name : ./data/default.physics_config.json from original name : ./data/default.physics_config.json | This file  does not exist.
I0919 13:43:50.067790 2043707 PhysicsAttributesManager.cpp:27] File (./data/default.physics_config.json) not found, so new default physics manager attributes created and registered.
I0919 13:43:50.067802 2043707 AbstractObjectAttributesManagerBase.h:175] AbstractObjectAttributesManager<T>::createObject  (Stage) : Making attributes with handle : /mnt/data_nas/deeprobotics/daiyang/vla/third_party/ETP-R1/data/scene_datasets/mp3d/PuKPg4mmafe/PuKPg4mmafe.glb
I0919 13:43:50.067806 2043707 ManagedContainerBase.cpp:19] ManagedContainerBase::convertFilenameToJSON : Filename : /mnt/data_nas/deeprobotics/daiyang/vla/third_party/ETP-R1/data/scene_datasets/mp3d/PuKPg4mmafe/PuKPg4mmafe.glb changed to proposed JSON configuration filename : /mnt/data_nas/deeprobotics/daiyang/vla/third_party/ETP-R1/data/scene_datasets/mp3d/PuKPg4mmafe/PuKPg4mmafe.stage_config.json
I0919 13:43:50.067819 2043707 AttributesManagerBase.h:283] AttributesManager<T>::createFromJsonOrDefaultInternal  (Stage) : Proposing JSON name : /mnt/data_nas/deeprobotics/daiyang/vla/third_party/ETP-R1/data/scene_datasets/mp3d/PuKPg4mmafe/PuKPg4mmafe.stage_config.json from original name : /mnt/data_nas/deeprobotics/daiyang/vla/third_party/ETP-R1/data/scene_datasets/mp3d/PuKPg4mmafe/PuKPg4mmafe.glb | This file  does not exist.
I0919 13:43:50.067864 2043707 AbstractObjectAttributesManagerBase.h:181] AbstractObjectAttributesManager<T>::createObject  (Stage) : Done making attributes with handle : /mnt/data_nas/deeprobotics/daiyang/vla/third_party/ETP-R1/data/scene_datasets/mp3d/PuKPg4mmafe/PuKPg4mmafe.glb
I0919 13:43:50.067866 2043707 AbstractObjectAttributesManagerBase.h:188] File (/mnt/data_nas/deeprobotics/daiyang/vla/third_party/ETP-R1/data/scene_datasets/mp3d/PuKPg4mmafe/PuKPg4mmafe.glb) exists but is not a recognized config filename extension, so new default Stage attributes created and registered.
I0919 13:43:50.067871 2043707 Simulator.cpp:156] Loading navmesh from /mnt/data_nas/deeprobotics/daiyang/vla/third_party/ETP-R1/data/scene_datasets/mp3d/PuKPg4mmafe/PuKPg4mmafe.navmesh
I0919 13:43:50.068840 2043707 Simulator.cpp:158] Loaded.
I0919 13:43:50.068853 2043707 SceneGraph.h:93] Created DrawableGroup: 
Renderer: NVIDIA GeForce RTX 5090/PCIe/SSE2 by NVIDIA Corporation
OpenGL version: 4.6.0 NVIDIA 580.126.09
Using optional features:
    GL_ARB_ES2_compatibility
    GL_ARB_direct_state_access
    GL_ARB_get_texture_sub_image
    GL_ARB_invalidate_subdata
    GL_ARB_multi_bind
    GL_ARB_robustness
    GL_ARB_separate_shader_objects
    GL_ARB_texture_filter_anisotropic
    GL_ARB_texture_storage
    GL_ARB_texture_storage_multisample
    GL_ARB_vertex_array_object
    GL_KHR_debug
Using driver workarounds:
    no-forward-compatible-core-context
    nv-egl-incorrect-gl11-function-pointers
    no-layout-qualifiers-on-old-glsl
    nv-zero-context-profile-mask
    nv-implementation-color-read-format-dsa-broken
    nv-cubemap-inconsistent-compressed-image-size
    nv-cubemap-broken-full-compressed-image-query
    nv-compressed-block-size-in-bits
I0919 13:43:50.072531 2043707 ResourceManager.cpp:234] ResourceManager::loadStage : Not loading semantic mesh
I0919 13:43:50.072540 2043707 ResourceManager.cpp:262] ResourceManager::loadStage : start load render asset /mnt/data_nas/deeprobotics/daiyang/vla/third_party/ETP-R1/data/scene_datasets/mp3d/PuKPg4mmafe/PuKPg4mmafe.glb.
I0919 13:43:50.072543 2043707 ResourceManager.cpp:569] ResourceManager::loadStageInternal : Attempting to load stage /mnt/data_nas/deeprobotics/daiyang/vla/third_party/ETP-R1/data/scene_datasets/mp3d/PuKPg4mmafe/PuKPg4mmafe.glb 
I0919 13:43:50.072559 2043707 ResourceManager.cpp:1119] Importing Basis files as BC7 for PuKPg4mmafe.glb
W0919 13:43:54.688191 2043707 Simulator.cpp:248] :
---
 The active scene does not contain semantic annotations. 
---
I0919 13:43:54.711218 2043707 simulator.py:213] Loaded navmesh /mnt/data_nas/deeprobotics/daiyang/vla/third_party/ETP-R1/data/scene_datasets/mp3d/PuKPg4mmafe/PuKPg4mmafe.navmesh
I0919 13:46:13.583395 2043707 PhysicsManager.cpp:33] Deconstructing PhysicsManager
I0919 13:46:13.583429 2043707 SemanticScene.h:41] Deconstructing SemanticScene
I0919 13:46:13.584213 2043707 SceneManager.h:25] Deconstructing SceneManager
I0919 13:46:13.584218 2043707 SceneGraph.h:26] Deconstructing SceneGraph
I0919 13:46:13.584439 2043707 Sensor.h:87] Deconstructing Sensor
I0919 13:46:13.588582 2043707 Renderer.cpp:34] Deconstructing Renderer
I0919 13:46:13.588606 2043707 WindowlessContext.h:17] Deconstructing WindowlessContext
I0919 13:46:13.602396 2043707 ManagedContainerBase.cpp:19] ManagedContainerBase::convertFilenameToJSON : Filename : default changed to proposed JSON configuration filename : default.scene_dataset_config.json
I0919 13:46:13.602413 2043707 AttributesManagerBase.h:283] AttributesManager<T>::createFromJsonOrDefaultInternal  (Dataset) : Proposing JSON name : default.scene_dataset_config.json from original name : default | This file  does not exist.
I0919 13:46:13.602680 2043707 AssetAttributesManager.cpp:117] Asset attributes (capsule3DSolid : capsule3DSolid_hemiRings_4_cylRings_1_segments_12_halfLen_0.75_useTexCoords_false_useTangents_false) created and registered.
I0919 13:46:13.602706 2043707 AssetAttributesManager.cpp:117] Asset attributes (capsule3DWireframe : capsule3DWireframe_hemiRings_8_cylRings_1_segments_16_halfLen_1) created and registered.
I0919 13:46:13.602730 2043707 AssetAttributesManager.cpp:117] Asset attributes (coneSolid : coneSolid_segments_12_halfLen_1.25_rings_1_useTexCoords_false_useTangents_false_capEnd_true) created and registered.
I0919 13:46:13.602744 2043707 AssetAttributesManager.cpp:117] Asset attributes (coneWireframe : coneWireframe_segments_32_halfLen_1.25) created and registered.
I0919 13:46:13.602753 2043707 AssetAttributesManager.cpp:117] Asset attributes (cubeSolid : cubeSolid) created and registered.
I0919 13:46:13.602759 2043707 AssetAttributesManager.cpp:117] Asset attributes (cubeWireframe : cubeWireframe) created and registered.
I0919 13:46:13.602779 2043707 AssetAttributesManager.cpp:117] Asset attributes (cylinderSolid : cylinderSolid_rings_1_segments_12_halfLen_1_useTexCoords_false_useTangents_false_capEnds_true) created and registered.
I0919 13:46:13.602795 2043707 AssetAttributesManager.cpp:117] Asset attributes (cylinderWireframe : cylinderWireframe_rings_1_segments_32_halfLen_1) created and registered.
I0919 13:46:13.602805 2043707 AssetAttributesManager.cpp:117] Asset attributes (icosphereSolid : icosphereSolid_subdivs_1) created and registered.
I0919 13:46:13.602814 2043707 AssetAttributesManager.cpp:117] Asset attributes (icosphereWireframe : icosphereWireframe_subdivs_1) created and registered.
I0919 13:46:13.602828 2043707 AssetAttributesManager.cpp:117] Asset attributes (uvSphereSolid : uvSphereSolid_rings_8_segments_16_useTexCoords_false_useTangents_false) created and registered.
I0919 13:46:13.602841 2043707 AssetAttributesManager.cpp:117] Asset attributes (uvSphereWireframe : uvSphereWireframe_rings_16_segments_32) created and registered.
I0919 13:46:13.602846 2043707 AssetAttributesManager.cpp:105] AssetAttributesManager::buildCtorFuncPtrMaps : Built default primitive asset templates : 12
I0919 13:46:13.603235 2043707 SceneDatasetAttributesManager.cpp:23] File (default) not found, so new default dataset attributes created and registered.
I0919 13:46:13.603236 2043707 MetadataMediator.cpp:47] MetadataMediator::createDataset : Dataset default successfully created.
I0919 13:46:13.603420 2043707 AttributesManagerBase.h:283] AttributesManager<T>::createFromJsonOrDefaultInternal  (Physics Manager) : Proposing JSON name : ./data/default.physics_config.json from original name : ./data/default.physics_config.json | This file  does not exist.
I0919 13:46:13.603431 2043707 PhysicsAttributesManager.cpp:27] File (./data/default.physics_config.json) not found, so new default physics manager attributes created and registered.
I0919 13:46:13.603434 2043707 AbstractObjectAttributesManagerBase.h:175] AbstractObjectAttributesManager<T>::createObject  (Stage) : Making attributes with handle : /mnt/data_nas/deeprobotics/daiyang/vla/third_party/ETP-R1/data/scene_datasets/mp3d/aayBHfsNo7d/aayBHfsNo7d.glb
I0919 13:46:13.603438 2043707 ManagedContainerBase.cpp:19] ManagedContainerBase::convertFilenameToJSON : Filename : /mnt/data_nas/deeprobotics/daiyang/vla/third_party/ETP-R1/data/scene_datasets/mp3d/aayBHfsNo7d/aayBHfsNo7d.glb changed to proposed JSON configuration filename : /mnt/data_nas/deeprobotics/daiyang/vla/third_party/ETP-R1/data/scene_datasets/mp3d/aayBHfsNo7d/aayBHfsNo7d.stage_config.json
I0919 13:46:13.603454 2043707 AttributesManagerBase.h:283] AttributesManager<T>::createFromJsonOrDefaultInternal  (Stage) : Proposing JSON name : /mnt/data_nas/deeprobotics/daiyang/vla/third_party/ETP-R1/data/scene_datasets/mp3d/aayBHfsNo7d/aayBHfsNo7d.stage_config.json from original name : /mnt/data_nas/deeprobotics/daiyang/vla/third_party/ETP-R1/data/scene_datasets/mp3d/aayBHfsNo7d/aayBHfsNo7d.glb | This file  does not exist.
I0919 13:46:13.603500 2043707 AbstractObjectAttributesManagerBase.h:181] AbstractObjectAttributesManager<T>::createObject  (Stage) : Done making attributes with handle : /mnt/data_nas/deeprobotics/daiyang/vla/third_party/ETP-R1/data/scene_datasets/mp3d/aayBHfsNo7d/aayBHfsNo7d.glb
I0919 13:46:13.603502 2043707 AbstractObjectAttributesManagerBase.h:188] File (/mnt/data_nas/deeprobotics/daiyang/vla/third_party/ETP-R1/data/scene_datasets/mp3d/aayBHfsNo7d/aayBHfsNo7d.glb) exists but is not a recognized config filename extension, so new default Stage attributes created and registered.
I0919 13:46:13.603507 2043707 Simulator.cpp:156] Loading navmesh from /mnt/data_nas/deeprobotics/daiyang/vla/third_party/ETP-R1/data/scene_datasets/mp3d/aayBHfsNo7d/aayBHfsNo7d.navmesh
I0919 13:46:13.604295 2043707 Simulator.cpp:158] Loaded.
I0919 13:46:13.604302 2043707 SceneGraph.h:93] Created DrawableGroup: 
Renderer: NVIDIA GeForce RTX 5090/PCIe/SSE2 by NVIDIA Corporation
OpenGL version: 4.6.0 NVIDIA 580.126.09
Using optional features:
    GL_ARB_ES2_compatibility
    GL_ARB_direct_state_access
    GL_ARB_get_texture_sub_image
    GL_ARB_invalidate_subdata
    GL_ARB_multi_bind
    GL_ARB_robustness
    GL_ARB_separate_shader_objects
    GL_ARB_texture_filter_anisotropic
    GL_ARB_texture_storage
    GL_ARB_texture_storage_multisample
    GL_ARB_vertex_array_object
    GL_KHR_debug
Using driver workarounds:
    no-forward-compatible-core-context
    nv-egl-incorrect-gl11-function-pointers
    no-layout-qualifiers-on-old-glsl
    nv-zero-context-profile-mask
    nv-implementation-color-read-format-dsa-broken
    nv-cubemap-inconsistent-compressed-image-size
    nv-cubemap-broken-full-compressed-image-query
    nv-compressed-block-size-in-bits
I0919 13:46:13.607887 2043707 ResourceManager.cpp:234] ResourceManager::loadStage : Not loading semantic mesh
I0919 13:46:13.607895 2043707 ResourceManager.cpp:262] ResourceManager::loadStage : start load render asset /mnt/data_nas/deeprobotics/daiyang/vla/third_party/ETP-R1/data/scene_datasets/mp3d/aayBHfsNo7d/aayBHfsNo7d.glb.
I0919 13:46:13.607897 2043707 ResourceManager.cpp:569] ResourceManager::loadStageInternal : Attempting to load stage /mnt/data_nas/deeprobotics/daiyang/vla/third_party/ETP-R1/data/scene_datasets/mp3d/aayBHfsNo7d/aayBHfsNo7d.glb 
I0919 13:46:13.607913 2043707 ResourceManager.cpp:1119] Importing Basis files as BC7 for aayBHfsNo7d.glb
W0919 13:46:15.155933 2043707 Simulator.cpp:248] :
---
 The active scene does not contain semantic annotations. 
---
I0919 13:46:15.196089 2043707 simulator.py:213] Loaded navmesh /mnt/data_nas/deeprobotics/daiyang/vla/third_party/ETP-R1/data/scene_datasets/mp3d/aayBHfsNo7d/aayBHfsNo7d.navmesh
I0919 13:48:39.131016 2043707 PhysicsManager.cpp:33] Deconstructing PhysicsManager
I0919 13:48:39.131070 2043707 SemanticScene.h:41] Deconstructing SemanticScene
I0919 13:48:39.134214 2043707 SceneManager.h:25] Deconstructing SceneManager
I0919 13:48:39.134224 2043707 SceneGraph.h:26] Deconstructing SceneGraph
I0919 13:48:39.134868 2043707 Sensor.h:87] Deconstructing Sensor
I0919 13:48:39.137913 2043707 Renderer.cpp:34] Deconstructing Renderer
I0919 13:48:39.137943 2043707 WindowlessContext.h:17] Deconstructing WindowlessContext
I0919 13:48:39.144852 2043707 ManagedContainerBase.cpp:19] ManagedContainerBase::convertFilenameToJSON : Filename : default changed to proposed JSON configuration filename : default.scene_dataset_config.json
I0919 13:48:39.144877 2043707 AttributesManagerBase.h:283] AttributesManager<T>::createFromJsonOrDefaultInternal  (Dataset) : Proposing JSON name : default.scene_dataset_config.json from original name : default | This file  does not exist.
I0919 13:48:39.145141 2043707 AssetAttributesManager.cpp:117] Asset attributes (capsule3DSolid : capsule3DSolid_hemiRings_4_cylRings_1_segments_12_halfLen_0.75_useTexCoords_false_useTangents_false) created and registered.
I0919 13:48:39.145181 2043707 AssetAttributesManager.cpp:117] Asset attributes (capsule3DWireframe : capsule3DWireframe_hemiRings_8_cylRings_1_segments_16_halfLen_1) created and registered.
I0919 13:48:39.145217 2043707 AssetAttributesManager.cpp:117] Asset attributes (coneSolid : coneSolid_segments_12_halfLen_1.25_rings_1_useTexCoords_false_useTangents_false_capEnd_true) created and registered.
I0919 13:48:39.145239 2043707 AssetAttributesManager.cpp:117] Asset attributes (coneWireframe : coneWireframe_segments_32_halfLen_1.25) created and registered.
I0919 13:48:39.145251 2043707 AssetAttributesManager.cpp:117] Asset attributes (cubeSolid : cubeSolid) created and registered.
I0919 13:48:39.145260 2043707 AssetAttributesManager.cpp:117] Asset attributes (cubeWireframe : cubeWireframe) created and registered.
I0919 13:48:39.145398 2043707 AssetAttributesManager.cpp:117] Asset attributes (cylinderSolid : cylinderSolid_rings_1_segments_12_halfLen_1_useTexCoords_false_useTangents_false_capEnds_true) created and registered.
I0919 13:48:39.145426 2043707 AssetAttributesManager.cpp:117] Asset attributes (cylinderWireframe : cylinderWireframe_rings_1_segments_32_halfLen_1) created and registered.
I0919 13:48:39.145440 2043707 AssetAttributesManager.cpp:117] Asset attributes (icosphereSolid : icosphereSolid_subdivs_1) created and registered.
I0919 13:48:39.145452 2043707 AssetAttributesManager.cpp:117] Asset attributes (icosphereWireframe : icosphereWireframe_subdivs_1) created and registered.
I0919 13:48:39.145473 2043707 AssetAttributesManager.cpp:117] Asset attributes (uvSphereSolid : uvSphereSolid_rings_8_segments_16_useTexCoords_false_useTangents_false) created and registered.
I0919 13:48:39.145493 2043707 AssetAttributesManager.cpp:117] Asset attributes (uvSphereWireframe : uvSphereWireframe_rings_16_segments_32) created and registered.
I0919 13:48:39.145502 2043707 AssetAttributesManager.cpp:105] AssetAttributesManager::buildCtorFuncPtrMaps : Built default primitive asset templates : 12
I0919 13:48:39.146157 2043707 SceneDatasetAttributesManager.cpp:23] File (default) not found, so new default dataset attributes created and registered.
I0919 13:48:39.146159 2043707 MetadataMediator.cpp:47] MetadataMediator::createDataset : Dataset default successfully created.
I0919 13:48:39.147720 2043707 AttributesManagerBase.h:283] AttributesManager<T>::createFromJsonOrDefaultInternal  (Physics Manager) : Proposing JSON name : ./data/default.physics_config.json from original name : ./data/default.physics_config.json | This file  does not exist.
I0919 13:48:39.147737 2043707 PhysicsAttributesManager.cpp:27] File (./data/default.physics_config.json) not found, so new default physics manager attributes created and registered.
I0919 13:48:39.147742 2043707 AbstractObjectAttributesManagerBase.h:175] AbstractObjectAttributesManager<T>::createObject  (Stage) : Making attributes with handle : /mnt/data_nas/deeprobotics/daiyang/vla/third_party/ETP-R1/data/scene_datasets/mp3d/82sE5b5pLXE/82sE5b5pLXE.glb
I0919 13:48:39.147749 2043707 ManagedContainerBase.cpp:19] ManagedContainerBase::convertFilenameToJSON : Filename : /mnt/data_nas/deeprobotics/daiyang/vla/third_party/ETP-R1/data/scene_datasets/mp3d/82sE5b5pLXE/82sE5b5pLXE.glb changed to proposed JSON configuration filename : /mnt/data_nas/deeprobotics/daiyang/vla/third_party/ETP-R1/data/scene_datasets/mp3d/82sE5b5pLXE/82sE5b5pLXE.stage_config.json
I0919 13:48:39.151764 2043707 AttributesManagerBase.h:283] AttributesManager<T>::createFromJsonOrDefaultInternal  (Stage) : Proposing JSON name : /mnt/data_nas/deeprobotics/daiyang/vla/third_party/ETP-R1/data/scene_datasets/mp3d/82sE5b5pLXE/82sE5b5pLXE.stage_config.json from original name : /mnt/data_nas/deeprobotics/daiyang/vla/third_party/ETP-R1/data/scene_datasets/mp3d/82sE5b5pLXE/82sE5b5pLXE.glb | This file  does not exist.
I0919 13:48:39.151845 2043707 AbstractObjectAttributesManagerBase.h:181] AbstractObjectAttributesManager<T>::createObject  (Stage) : Done making attributes with handle : /mnt/data_nas/deeprobotics/daiyang/vla/third_party/ETP-R1/data/scene_datasets/mp3d/82sE5b5pLXE/82sE5b5pLXE.glb
I0919 13:48:39.151847 2043707 AbstractObjectAttributesManagerBase.h:188] File (/mnt/data_nas/deeprobotics/daiyang/vla/third_party/ETP-R1/data/scene_datasets/mp3d/82sE5b5pLXE/82sE5b5pLXE.glb) exists but is not a recognized config filename extension, so new default Stage attributes created and registered.
I0919 13:48:39.151854 2043707 Simulator.cpp:156] Loading navmesh from /mnt/data_nas/deeprobotics/daiyang/vla/third_party/ETP-R1/data/scene_datasets/mp3d/82sE5b5pLXE/82sE5b5pLXE.navmesh
I0919 13:48:39.153363 2043707 Simulator.cpp:158] Loaded.
I0919 13:48:39.153373 2043707 SceneGraph.h:93] Created DrawableGroup: 
Renderer: NVIDIA GeForce RTX 5090/PCIe/SSE2 by NVIDIA Corporation
OpenGL version: 4.6.0 NVIDIA 580.126.09
Using optional features:
    GL_ARB_ES2_compatibility
    GL_ARB_direct_state_access
    GL_ARB_get_texture_sub_image
    GL_ARB_invalidate_subdata
    GL_ARB_multi_bind
    GL_ARB_robustness
    GL_ARB_separate_shader_objects
    GL_ARB_texture_filter_anisotropic
    GL_ARB_texture_storage
    GL_ARB_texture_storage_multisample
    GL_ARB_vertex_array_object
    GL_KHR_debug
Using driver workarounds:
    no-forward-compatible-core-context
    nv-egl-incorrect-gl11-function-pointers
    no-layout-qualifiers-on-old-glsl
    nv-zero-context-profile-mask
    nv-implementation-color-read-format-dsa-broken
    nv-cubemap-inconsistent-compressed-image-size
    nv-cubemap-broken-full-compressed-image-query
    nv-compressed-block-size-in-bits
I0919 13:48:39.157677 2043707 ResourceManager.cpp:234] ResourceManager::loadStage : Not loading semantic mesh
I0919 13:48:39.157687 2043707 ResourceManager.cpp:262] ResourceManager::loadStage : start load render asset /mnt/data_nas/deeprobotics/daiyang/vla/third_party/ETP-R1/data/scene_datasets/mp3d/82sE5b5pLXE/82sE5b5pLXE.glb.
I0919 13:48:39.157691 2043707 ResourceManager.cpp:569] ResourceManager::loadStageInternal : Attempting to load stage /mnt/data_nas/deeprobotics/daiyang/vla/third_party/ETP-R1/data/scene_datasets/mp3d/82sE5b5pLXE/82sE5b5pLXE.glb 
I0919 13:48:39.157709 2043707 ResourceManager.cpp:1119] Importing Basis files as BC7 for 82sE5b5pLXE.glb
W0919 13:48:41.196098 2043707 Simulator.cpp:248] :
---
 The active scene does not contain semantic annotations. 
---
I0919 13:48:41.232974 2043707 simulator.py:213] Loaded navmesh /mnt/data_nas/deeprobotics/daiyang/vla/third_party/ETP-R1/data/scene_datasets/mp3d/82sE5b5pLXE/82sE5b5pLXE.navmesh
I0919 13:50:17.590617 2043707 PhysicsManager.cpp:33] Deconstructing PhysicsManager
I0919 13:50:17.590667 2043707 SemanticScene.h:41] Deconstructing SemanticScene
I0919 13:50:17.592226 2043707 SceneManager.h:25] Deconstructing SceneManager
I0919 13:50:17.592233 2043707 SceneGraph.h:26] Deconstructing SceneGraph
I0919 13:50:17.592486 2043707 Sensor.h:87] Deconstructing Sensor
I0919 13:50:17.595758 2043707 Renderer.cpp:34] Deconstructing Renderer
I0919 13:50:17.595778 2043707 WindowlessContext.h:17] Deconstructing WindowlessContext
I0919 13:50:17.600927 2043707 ManagedContainerBase.cpp:19] ManagedContainerBase::convertFilenameToJSON : Filename : default changed to proposed JSON configuration filename : default.scene_dataset_config.json
I0919 13:50:17.600942 2043707 AttributesManagerBase.h:283] AttributesManager<T>::createFromJsonOrDefaultInternal  (Dataset) : Proposing JSON name : default.scene_dataset_config.json from original name : default | This file  does not exist.
I0919 13:50:17.601083 2043707 AssetAttributesManager.cpp:117] Asset attributes (capsule3DSolid : capsule3DSolid_hemiRings_4_cylRings_1_segments_12_halfLen_0.75_useTexCoords_false_useTangents_false) created and registered.
I0919 13:50:17.601114 2043707 AssetAttributesManager.cpp:117] Asset attributes (capsule3DWireframe : capsule3DWireframe_hemiRings_8_cylRings_1_segments_16_halfLen_1) created and registered.
I0919 13:50:17.601137 2043707 AssetAttributesManager.cpp:117] Asset attributes (coneSolid : coneSolid_segments_12_halfLen_1.25_rings_1_useTexCoords_false_useTangents_false_capEnd_true) created and registered.
I0919 13:50:17.601151 2043707 AssetAttributesManager.cpp:117] Asset attributes (coneWireframe : coneWireframe_segments_32_halfLen_1.25) created and registered.
I0919 13:50:17.601159 2043707 AssetAttributesManager.cpp:117] Asset attributes (cubeSolid : cubeSolid) created and registered.
I0919 13:50:17.601166 2043707 AssetAttributesManager.cpp:117] Asset attributes (cubeWireframe : cubeWireframe) created and registered.
I0919 13:50:17.601184 2043707 AssetAttributesManager.cpp:117] Asset attributes (cylinderSolid : cylinderSolid_rings_1_segments_12_halfLen_1_useTexCoords_false_useTangents_false_capEnds_true) created and registered.
I0919 13:50:17.601202 2043707 AssetAttributesManager.cpp:117] Asset attributes (cylinderWireframe : cylinderWireframe_rings_1_segments_32_halfLen_1) created and registered.
I0919 13:50:17.601212 2043707 AssetAttributesManager.cpp:117] Asset attributes (icosphereSolid : icosphereSolid_subdivs_1) created and registered.
I0919 13:50:17.601219 2043707 AssetAttributesManager.cpp:117] Asset attributes (icosphereWireframe : icosphereWireframe_subdivs_1) created and registered.
I0919 13:50:17.601233 2043707 AssetAttributesManager.cpp:117] Asset attributes (uvSphereSolid : uvSphereSolid_rings_8_segments_16_useTexCoords_false_useTangents_false) created and registered.
I0919 13:50:17.601246 2043707 AssetAttributesManager.cpp:117] Asset attributes (uvSphereWireframe : uvSphereWireframe_rings_16_segments_32) created and registered.
I0919 13:50:17.601253 2043707 AssetAttributesManager.cpp:105] AssetAttributesManager::buildCtorFuncPtrMaps : Built default primitive asset templates : 12
I0919 13:50:17.601643 2043707 SceneDatasetAttributesManager.cpp:23] File (default) not found, so new default dataset attributes created and registered.
I0919 13:50:17.601645 2043707 MetadataMediator.cpp:47] MetadataMediator::createDataset : Dataset default successfully created.
I0919 13:50:17.601824 2043707 AttributesManagerBase.h:283] AttributesManager<T>::createFromJsonOrDefaultInternal  (Physics Manager) : Proposing JSON name : ./data/default.physics_config.json from original name : ./data/default.physics_config.json | This file  does not exist.
I0919 13:50:17.601835 2043707 PhysicsAttributesManager.cpp:27] File (./data/default.physics_config.json) not found, so new default physics manager attributes created and registered.
I0919 13:50:17.601838 2043707 AbstractObjectAttributesManagerBase.h:175] AbstractObjectAttributesManager<T>::createObject  (Stage) : Making attributes with handle : /mnt/data_nas/deeprobotics/daiyang/vla/third_party/ETP-R1/data/scene_datasets/mp3d/B6ByNegPMKs/B6ByNegPMKs.glb
I0919 13:50:17.601842 2043707 ManagedContainerBase.cpp:19] ManagedContainerBase::convertFilenameToJSON : Filename : /mnt/data_nas/deeprobotics/daiyang/vla/third_party/ETP-R1/data/scene_datasets/mp3d/B6ByNegPMKs/B6ByNegPMKs.glb changed to proposed JSON configuration filename : /mnt/data_nas/deeprobotics/daiyang/vla/third_party/ETP-R1/data/scene_datasets/mp3d/B6ByNegPMKs/B6ByNegPMKs.stage_config.json
I0919 13:50:17.601852 2043707 AttributesManagerBase.h:283] AttributesManager<T>::createFromJsonOrDefaultInternal  (Stage) : Proposing JSON name : /mnt/data_nas/deeprobotics/daiyang/vla/third_party/ETP-R1/data/scene_datasets/mp3d/B6ByNegPMKs/B6ByNegPMKs.stage_config.json from original name : /mnt/data_nas/deeprobotics/daiyang/vla/third_party/ETP-R1/data/scene_datasets/mp3d/B6ByNegPMKs/B6ByNegPMKs.glb | This file  does not exist.
I0919 13:50:17.601899 2043707 AbstractObjectAttributesManagerBase.h:181] AbstractObjectAttributesManager<T>::createObject  (Stage) : Done making attributes with handle : /mnt/data_nas/deeprobotics/daiyang/vla/third_party/ETP-R1/data/scene_datasets/mp3d/B6ByNegPMKs/B6ByNegPMKs.glb
I0919 13:50:17.601903 2043707 AbstractObjectAttributesManagerBase.h:188] File (/mnt/data_nas/deeprobotics/daiyang/vla/third_party/ETP-R1/data/scene_datasets/mp3d/B6ByNegPMKs/B6ByNegPMKs.glb) exists but is not a recognized config filename extension, so new default Stage attributes created and registered.
I0919 13:50:17.601908 2043707 Simulator.cpp:156] Loading navmesh from /mnt/data_nas/deeprobotics/daiyang/vla/third_party/ETP-R1/data/scene_datasets/mp3d/B6ByNegPMKs/B6ByNegPMKs.navmesh
I0919 13:50:17.603155 2043707 Simulator.cpp:158] Loaded.
I0919 13:50:17.603163 2043707 SceneGraph.h:93] Created DrawableGroup: 
Renderer: NVIDIA GeForce RTX 5090/PCIe/SSE2 by NVIDIA Corporation
OpenGL version: 4.6.0 NVIDIA 580.126.09
Using optional features:
    GL_ARB_ES2_compatibility
    GL_ARB_direct_state_access
    GL_ARB_get_texture_sub_image
    GL_ARB_invalidate_subdata
    GL_ARB_multi_bind
    GL_ARB_robustness
    GL_ARB_separate_shader_objects
    GL_ARB_texture_filter_anisotropic
    GL_ARB_texture_storage
    GL_ARB_texture_storage_multisample
    GL_ARB_vertex_array_object
    GL_KHR_debug
Using driver workarounds:
    no-forward-compatible-core-context
    nv-egl-incorrect-gl11-function-pointers
    no-layout-qualifiers-on-old-glsl
    nv-zero-context-profile-mask
    nv-implementation-color-read-format-dsa-broken
    nv-cubemap-inconsistent-compressed-image-size
    nv-cubemap-broken-full-compressed-image-query
    nv-compressed-block-size-in-bits
I0919 13:50:17.606571 2043707 ResourceManager.cpp:234] ResourceManager::loadStage : Not loading semantic mesh
I0919 13:50:17.606580 2043707 ResourceManager.cpp:262] ResourceManager::loadStage : start load render asset /mnt/data_nas/deeprobotics/daiyang/vla/third_party/ETP-R1/data/scene_datasets/mp3d/B6ByNegPMKs/B6ByNegPMKs.glb.
I0919 13:50:17.606582 2043707 ResourceManager.cpp:569] ResourceManager::loadStageInternal : Attempting to load stage /mnt/data_nas/deeprobotics/daiyang/vla/third_party/ETP-R1/data/scene_datasets/mp3d/B6ByNegPMKs/B6ByNegPMKs.glb 
I0919 13:50:17.606597 2043707 ResourceManager.cpp:1119] Importing Basis files as BC7 for B6ByNegPMKs.glb
W0919 13:50:27.190514 2043707 Simulator.cpp:248] :
---
 The active scene does not contain semantic annotations. 
---
I0919 13:50:27.386849 2043707 simulator.py:213] Loaded navmesh /mnt/data_nas/deeprobotics/daiyang/vla/third_party/ETP-R1/data/scene_datasets/mp3d/B6ByNegPMKs/B6ByNegPMKs.navmesh
I0919 13:52:01.708845 2043707 PhysicsManager.cpp:33] Deconstructing PhysicsManager
I0919 13:52:01.708895 2043707 SemanticScene.h:41] Deconstructing SemanticScene
I0919 13:52:01.724980 2043707 SceneManager.h:25] Deconstructing SceneManager
I0919 13:52:01.724993 2043707 SceneGraph.h:26] Deconstructing SceneGraph
I0919 13:52:01.725466 2043707 Sensor.h:87] Deconstructing Sensor
I0919 13:52:01.740199 2043707 Renderer.cpp:34] Deconstructing Renderer
I0919 13:52:01.740232 2043707 WindowlessContext.h:17] Deconstructing WindowlessContext
I0919 13:52:01.757318 2043707 ManagedContainerBase.cpp:19] ManagedContainerBase::convertFilenameToJSON : Filename : default changed to proposed JSON configuration filename : default.scene_dataset_config.json
I0919 13:52:01.757337 2043707 AttributesManagerBase.h:283] AttributesManager<T>::createFromJsonOrDefaultInternal  (Dataset) : Proposing JSON name : default.scene_dataset_config.json from original name : default | This file  does not exist.
I0919 13:52:01.757525 2043707 AssetAttributesManager.cpp:117] Asset attributes (capsule3DSolid : capsule3DSolid_hemiRings_4_cylRings_1_segments_12_halfLen_0.75_useTexCoords_false_useTangents_false) created and registered.
I0919 13:52:01.757553 2043707 AssetAttributesManager.cpp:117] Asset attributes (capsule3DWireframe : capsule3DWireframe_hemiRings_8_cylRings_1_segments_16_halfLen_1) created and registered.
I0919 13:52:01.757577 2043707 AssetAttributesManager.cpp:117] Asset attributes (coneSolid : coneSolid_segments_12_halfLen_1.25_rings_1_useTexCoords_false_useTangents_false_capEnd_true) created and registered.
I0919 13:52:01.757601 2043707 AssetAttributesManager.cpp:117] Asset attributes (coneWireframe : coneWireframe_segments_32_halfLen_1.25) created and registered.
I0919 13:52:01.757611 2043707 AssetAttributesManager.cpp:117] Asset attributes (cubeSolid : cubeSolid) created and registered.
I0919 13:52:01.757616 2043707 AssetAttributesManager.cpp:117] Asset attributes (cubeWireframe : cubeWireframe) created and registered.
I0919 13:52:01.757637 2043707 AssetAttributesManager.cpp:117] Asset attributes (cylinderSolid : cylinderSolid_rings_1_segments_12_halfLen_1_useTexCoords_false_useTangents_false_capEnds_true) created and registered.
I0919 13:52:01.757653 2043707 AssetAttributesManager.cpp:117] Asset attributes (cylinderWireframe : cylinderWireframe_rings_1_segments_32_halfLen_1) created and registered.
I0919 13:52:01.757663 2043707 AssetAttributesManager.cpp:117] Asset attributes (icosphereSolid : icosphereSolid_subdivs_1) created and registered.
I0919 13:52:01.757673 2043707 AssetAttributesManager.cpp:117] Asset attributes (icosphereWireframe : icosphereWireframe_subdivs_1) created and registered.
I0919 13:52:01.757687 2043707 AssetAttributesManager.cpp:117] Asset attributes (uvSphereSolid : uvSphereSolid_rings_8_segments_16_useTexCoords_false_useTangents_false) created and registered.
I0919 13:52:01.757700 2043707 AssetAttributesManager.cpp:117] Asset attributes (uvSphereWireframe : uvSphereWireframe_rings_16_segments_32) created and registered.
I0919 13:52:01.757706 2043707 AssetAttributesManager.cpp:105] AssetAttributesManager::buildCtorFuncPtrMaps : Built default primitive asset templates : 12
I0919 13:52:01.758102 2043707 SceneDatasetAttributesManager.cpp:23] File (default) not found, so new default dataset attributes created and registered.
I0919 13:52:01.758105 2043707 MetadataMediator.cpp:47] MetadataMediator::createDataset : Dataset default successfully created.
I0919 13:52:01.758313 2043707 AttributesManagerBase.h:283] AttributesManager<T>::createFromJsonOrDefaultInternal  (Physics Manager) : Proposing JSON name : ./data/default.physics_config.json from original name : ./data/default.physics_config.json | This file  does not exist.
I0919 13:52:01.758324 2043707 PhysicsAttributesManager.cpp:27] File (./data/default.physics_config.json) not found, so new default physics manager attributes created and registered.
I0919 13:52:01.758327 2043707 AbstractObjectAttributesManagerBase.h:175] AbstractObjectAttributesManager<T>::createObject  (Stage) : Making attributes with handle : /mnt/data_nas/deeprobotics/daiyang/vla/third_party/ETP-R1/data/scene_datasets/mp3d/PuKPg4mmafe/PuKPg4mmafe.glb
I0919 13:52:01.758332 2043707 ManagedContainerBase.cpp:19] ManagedContainerBase::convertFilenameToJSON : Filename : /mnt/data_nas/deeprobotics/daiyang/vla/third_party/ETP-R1/data/scene_datasets/mp3d/PuKPg4mmafe/PuKPg4mmafe.glb changed to proposed JSON configuration filename : /mnt/data_nas/deeprobotics/daiyang/vla/third_party/ETP-R1/data/scene_datasets/mp3d/PuKPg4mmafe/PuKPg4mmafe.stage_config.json
I0919 13:52:01.758342 2043707 AttributesManagerBase.h:283] AttributesManager<T>::createFromJsonOrDefaultInternal  (Stage) : Proposing JSON name : /mnt/data_nas/deeprobotics/daiyang/vla/third_party/ETP-R1/data/scene_datasets/mp3d/PuKPg4mmafe/PuKPg4mmafe.stage_config.json from original name : /mnt/data_nas/deeprobotics/daiyang/vla/third_party/ETP-R1/data/scene_datasets/mp3d/PuKPg4mmafe/PuKPg4mmafe.glb | This file  does not exist.
I0919 13:52:01.758389 2043707 AbstractObjectAttributesManagerBase.h:181] AbstractObjectAttributesManager<T>::createObject  (Stage) : Done making attributes with handle : /mnt/data_nas/deeprobotics/daiyang/vla/third_party/ETP-R1/data/scene_datasets/mp3d/PuKPg4mmafe/PuKPg4mmafe.glb
I0919 13:52:01.758390 2043707 AbstractObjectAttributesManagerBase.h:188] File (/mnt/data_nas/deeprobotics/daiyang/vla/third_party/ETP-R1/data/scene_datasets/mp3d/PuKPg4mmafe/PuKPg4mmafe.glb) exists but is not a recognized config filename extension, so new default Stage attributes created and registered.
I0919 13:52:01.758399 2043707 Simulator.cpp:156] Loading navmesh from /mnt/data_nas/deeprobotics/daiyang/vla/third_party/ETP-R1/data/scene_datasets/mp3d/PuKPg4mmafe/PuKPg4mmafe.navmesh
I0919 13:52:01.759320 2043707 Simulator.cpp:158] Loaded.
I0919 13:52:01.759332 2043707 SceneGraph.h:93] Created DrawableGroup: 
Renderer: NVIDIA GeForce RTX 5090/PCIe/SSE2 by NVIDIA Corporation
OpenGL version: 4.6.0 NVIDIA 580.126.09
Using optional features:
    GL_ARB_ES2_compatibility
    GL_ARB_direct_state_access
    GL_ARB_get_texture_sub_image
    GL_ARB_invalidate_subdata
    GL_ARB_multi_bind
    GL_ARB_robustness
    GL_ARB_separate_shader_objects
    GL_ARB_texture_filter_anisotropic
    GL_ARB_texture_storage
    GL_ARB_texture_storage_multisample
    GL_ARB_vertex_array_object
    GL_KHR_debug
Using driver workarounds:
    no-forward-compatible-core-context
    nv-egl-incorrect-gl11-function-pointers
    no-layout-qualifiers-on-old-glsl
    nv-zero-context-profile-mask
    nv-implementation-color-read-format-dsa-broken
    nv-cubemap-inconsistent-compressed-image-size
    nv-cubemap-broken-full-compressed-image-query
    nv-compressed-block-size-in-bits
I0919 13:52:01.763008 2043707 ResourceManager.cpp:234] ResourceManager::loadStage : Not loading semantic mesh
I0919 13:52:01.763016 2043707 ResourceManager.cpp:262] ResourceManager::loadStage : start load render asset /mnt/data_nas/deeprobotics/daiyang/vla/third_party/ETP-R1/data/scene_datasets/mp3d/PuKPg4mmafe/PuKPg4mmafe.glb.
I0919 13:52:01.763018 2043707 ResourceManager.cpp:569] ResourceManager::loadStageInternal : Attempting to load stage /mnt/data_nas/deeprobotics/daiyang/vla/third_party/ETP-R1/data/scene_datasets/mp3d/PuKPg4mmafe/PuKPg4mmafe.glb 
I0919 13:52:01.763036 2043707 ResourceManager.cpp:1119] Importing Basis files as BC7 for PuKPg4mmafe.glb
W0919 13:52:06.533469 2043707 Simulator.cpp:248] :
---
 The active scene does not contain semantic annotations. 
---
I0919 13:52:06.554594 2043707 simulator.py:213] Loaded navmesh /mnt/data_nas/deeprobotics/daiyang/vla/third_party/ETP-R1/data/scene_datasets/mp3d/PuKPg4mmafe/PuKPg4mmafe.navmesh
I0919 13:55:24.253554 2043707 PhysicsManager.cpp:33] Deconstructing PhysicsManager
I0919 13:55:24.253634 2043707 SemanticScene.h:41] Deconstructing SemanticScene
I0919 13:55:24.255478 2043707 SceneManager.h:25] Deconstructing SceneManager
I0919 13:55:24.255492 2043707 SceneGraph.h:26] Deconstructing SceneGraph
I0919 13:55:24.255899 2043707 Sensor.h:87] Deconstructing Sensor
I0919 13:55:24.264169 2043707 Renderer.cpp:34] Deconstructing Renderer
I0919 13:55:24.264205 2043707 WindowlessContext.h:17] Deconstructing WindowlessContext
I0919 13:55:24.281497 2043707 ManagedContainerBase.cpp:19] ManagedContainerBase::convertFilenameToJSON : Filename : default changed to proposed JSON configuration filename : default.scene_dataset_config.json
I0919 13:55:24.281522 2043707 AttributesManagerBase.h:283] AttributesManager<T>::createFromJsonOrDefaultInternal  (Dataset) : Proposing JSON name : default.scene_dataset_config.json from original name : default | This file  does not exist.
I0919 13:55:24.281826 2043707 AssetAttributesManager.cpp:117] Asset attributes (capsule3DSolid : capsule3DSolid_hemiRings_4_cylRings_1_segments_12_halfLen_0.75_useTexCoords_false_useTangents_false) created and registered.
I0919 13:55:24.281873 2043707 AssetAttributesManager.cpp:117] Asset attributes (capsule3DWireframe : capsule3DWireframe_hemiRings_8_cylRings_1_segments_16_halfLen_1) created and registered.
I0919 13:55:24.281921 2043707 AssetAttributesManager.cpp:117] Asset attributes (coneSolid : coneSolid_segments_12_halfLen_1.25_rings_1_useTexCoords_false_useTangents_false_capEnd_true) created and registered.
I0919 13:55:24.281950 2043707 AssetAttributesManager.cpp:117] Asset attributes (coneWireframe : coneWireframe_segments_32_halfLen_1.25) created and registered.
I0919 13:55:24.281965 2043707 AssetAttributesManager.cpp:117] Asset attributes (cubeSolid : cubeSolid) created and registered.
I0919 13:55:24.281973 2043707 AssetAttributesManager.cpp:117] Asset attributes (cubeWireframe : cubeWireframe) created and registered.
I0919 13:55:24.282021 2043707 AssetAttributesManager.cpp:117] Asset attributes (cylinderSolid : cylinderSolid_rings_1_segments_12_halfLen_1_useTexCoords_false_useTangents_false_capEnds_true) created and registered.
I0919 13:55:24.282052 2043707 AssetAttributesManager.cpp:117] Asset attributes (cylinderWireframe : cylinderWireframe_rings_1_segments_32_halfLen_1) created and registered.
I0919 13:55:24.282064 2043707 AssetAttributesManager.cpp:117] Asset attributes (icosphereSolid : icosphereSolid_subdivs_1) created and registered.
I0919 13:55:24.282076 2043707 AssetAttributesManager.cpp:117] Asset attributes (icosphereWireframe : icosphereWireframe_subdivs_1) created and registered.
I0919 13:55:24.282099 2043707 AssetAttributesManager.cpp:117] Asset attributes (uvSphereSolid : uvSphereSolid_rings_8_segments_16_useTexCoords_false_useTangents_false) created and registered.
I0919 13:55:24.282120 2043707 AssetAttributesManager.cpp:117] Asset attributes (uvSphereWireframe : uvSphereWireframe_rings_16_segments_32) created and registered.
I0919 13:55:24.282132 2043707 AssetAttributesManager.cpp:105] AssetAttributesManager::buildCtorFuncPtrMaps : Built default primitive asset templates : 12
I0919 13:55:24.282846 2043707 SceneDatasetAttributesManager.cpp:23] File (default) not found, so new default dataset attributes created and registered.
I0919 13:55:24.282855 2043707 MetadataMediator.cpp:47] MetadataMediator::createDataset : Dataset default successfully created.
I0919 13:55:24.283131 2043707 AttributesManagerBase.h:283] AttributesManager<T>::createFromJsonOrDefaultInternal  (Physics Manager) : Proposing JSON name : ./data/default.physics_config.json from original name : ./data/default.physics_config.json | This file  does not exist.
I0919 13:55:24.283156 2043707 PhysicsAttributesManager.cpp:27] File (./data/default.physics_config.json) not found, so new default physics manager attributes created and registered.
I0919 13:55:24.283164 2043707 AbstractObjectAttributesManagerBase.h:175] AbstractObjectAttributesManager<T>::createObject  (Stage) : Making attributes with handle : /mnt/data_nas/deeprobotics/daiyang/vla/third_party/ETP-R1/data/scene_datasets/mp3d/aayBHfsNo7d/aayBHfsNo7d.glb
I0919 13:55:24.283171 2043707 ManagedContainerBase.cpp:19] ManagedContainerBase::convertFilenameToJSON : Filename : /mnt/data_nas/deeprobotics/daiyang/vla/third_party/ETP-R1/data/scene_datasets/mp3d/aayBHfsNo7d/aayBHfsNo7d.glb changed to proposed JSON configuration filename : /mnt/data_nas/deeprobotics/daiyang/vla/third_party/ETP-R1/data/scene_datasets/mp3d/aayBHfsNo7d/aayBHfsNo7d.stage_config.json
I0919 13:55:24.283192 2043707 AttributesManagerBase.h:283] AttributesManager<T>::createFromJsonOrDefaultInternal  (Stage) : Proposing JSON name : /mnt/data_nas/deeprobotics/daiyang/vla/third_party/ETP-R1/data/scene_datasets/mp3d/aayBHfsNo7d/aayBHfsNo7d.stage_config.json from original name : /mnt/data_nas/deeprobotics/daiyang/vla/third_party/ETP-R1/data/scene_datasets/mp3d/aayBHfsNo7d/aayBHfsNo7d.glb | This file  does not exist.
I0919 13:55:24.283277 2043707 AbstractObjectAttributesManagerBase.h:181] AbstractObjectAttributesManager<T>::createObject  (Stage) : Done making attributes with handle : /mnt/data_nas/deeprobotics/daiyang/vla/third_party/ETP-R1/data/scene_datasets/mp3d/aayBHfsNo7d/aayBHfsNo7d.glb
I0919 13:55:24.283281 2043707 AbstractObjectAttributesManagerBase.h:188] File (/mnt/data_nas/deeprobotics/daiyang/vla/third_party/ETP-R1/data/scene_datasets/mp3d/aayBHfsNo7d/aayBHfsNo7d.glb) exists but is not a recognized config filename extension, so new default Stage attributes created and registered.
I0919 13:55:24.283293 2043707 Simulator.cpp:156] Loading navmesh from /mnt/data_nas/deeprobotics/daiyang/vla/third_party/ETP-R1/data/scene_datasets/mp3d/aayBHfsNo7d/aayBHfsNo7d.navmesh
I0919 13:55:24.284202 2043707 Simulator.cpp:158] Loaded.
I0919 13:55:24.284217 2043707 SceneGraph.h:93] Created DrawableGroup: 
Renderer: NVIDIA GeForce RTX 5090/PCIe/SSE2 by NVIDIA Corporation
OpenGL version: 4.6.0 NVIDIA 580.126.09
Using optional features:
    GL_ARB_ES2_compatibility
    GL_ARB_direct_state_access
    GL_ARB_get_texture_sub_image
    GL_ARB_invalidate_subdata
    GL_ARB_multi_bind
    GL_ARB_robustness
    GL_ARB_separate_shader_objects
    GL_ARB_texture_filter_anisotropic
    GL_ARB_texture_storage
    GL_ARB_texture_storage_multisample
    GL_ARB_vertex_array_object
    GL_KHR_debug
Using driver workarounds:
    no-forward-compatible-core-context
    nv-egl-incorrect-gl11-function-pointers
    no-layout-qualifiers-on-old-glsl
    nv-zero-context-profile-mask
    nv-implementation-color-read-format-dsa-broken
    nv-cubemap-inconsistent-compressed-image-size
    nv-cubemap-broken-full-compressed-image-query
    nv-compressed-block-size-in-bits
I0919 13:55:24.289746 2043707 ResourceManager.cpp:234] ResourceManager::loadStage : Not loading semantic mesh
I0919 13:55:24.289763 2043707 ResourceManager.cpp:262] ResourceManager::loadStage : start load render asset /mnt/data_nas/deeprobotics/daiyang/vla/third_party/ETP-R1/data/scene_datasets/mp3d/aayBHfsNo7d/aayBHfsNo7d.glb.
I0919 13:55:24.289767 2043707 ResourceManager.cpp:569] ResourceManager::loadStageInternal : Attempting to load stage /mnt/data_nas/deeprobotics/daiyang/vla/third_party/ETP-R1/data/scene_datasets/mp3d/aayBHfsNo7d/aayBHfsNo7d.glb 
I0919 13:55:24.289795 2043707 ResourceManager.cpp:1119] Importing Basis files as BC7 for aayBHfsNo7d.glb
W0919 13:55:25.868678 2043707 Simulator.cpp:248] :
---
 The active scene does not contain semantic annotations. 
---
I0919 13:55:25.910210 2043707 simulator.py:213] Loaded navmesh /mnt/data_nas/deeprobotics/daiyang/vla/third_party/ETP-R1/data/scene_datasets/mp3d/aayBHfsNo7d/aayBHfsNo7d.navmesh
I0919 13:55:26.148213 2043707 Simulator.cpp:49] Deconstructing Simulator
I0919 13:55:26.148389 2043707 Simulator.cpp:49] Deconstructing Simulator
I0919 13:55:26.148535 2043707 Simulator.cpp:49] Deconstructing Simulator
I0919 13:55:26.148701 2043707 Simulator.cpp:49] Deconstructing Simulator
I0919 13:55:26.148823 2043707 Simulator.cpp:49] Deconstructing Simulator
I0919 13:55:26.148944 2043707 Simulator.cpp:49] Deconstructing Simulator
I0919 13:55:26.149057 2043707 Simulator.cpp:49] Deconstructing Simulator
I0919 13:55:26.149165 2043707 Simulator.cpp:49] Deconstructing Simulator
I0919 13:55:26.149289 2043707 Simulator.cpp:49] Deconstructing Simulator
I0919 13:55:26.149382 2043707 Simulator.cpp:49] Deconstructing Simulator
I0919 13:55:26.149498 2043707 Simulator.cpp:49] Deconstructing Simulator
I0919 13:55:26.149605 2043707 Simulator.cpp:49] Deconstructing Simulator
I0919 13:55:26.149679 2043707 Simulator.cpp:49] Deconstructing Simulator
I0919 13:55:26.149757 2043707 Simulator.cpp:49] Deconstructing Simulator
I0919 13:55:26.149871 2043707 Simulator.cpp:49] Deconstructing Simulator
I0919 13:55:26.149986 2043707 Simulator.cpp:49] Deconstructing Simulator
I0919 13:55:26.150075 2043707 Simulator.cpp:49] Deconstructing Simulator
I0919 13:55:26.150151 2043707 Simulator.cpp:49] Deconstructing Simulator
I0919 13:55:26.150224 2043707 Simulator.cpp:49] Deconstructing Simulator
I0919 13:55:26.150349 2043707 Simulator.cpp:49] Deconstructing Simulator
I0919 13:55:26.150449 2043707 Simulator.cpp:49] Deconstructing Simulator
I0919 13:55:26.150540 2043707 Simulator.cpp:49] Deconstructing Simulator
I0919 13:55:26.150642 2043707 Simulator.cpp:49] Deconstructing Simulator
I0919 13:55:26.150738 2043707 Simulator.cpp:49] Deconstructing Simulator
I0919 13:55:26.150817 2043707 Simulator.cpp:49] Deconstructing Simulator
I0919 13:55:26.150945 2043707 Simulator.cpp:49] Deconstructing Simulator
I0919 13:55:26.151010 2043707 Simulator.cpp:49] Deconstructing Simulator
I0919 13:55:26.151105 2043707 Simulator.cpp:49] Deconstructing Simulator
I0919 13:55:26.151199 2043707 Simulator.cpp:49] Deconstructing Simulator
I0919 13:55:26.151304 2043707 Simulator.cpp:49] Deconstructing Simulator
I0919 13:55:26.151392 2043707 Simulator.cpp:49] Deconstructing Simulator
I0919 13:55:26.151480 2043707 Simulator.cpp:49] Deconstructing Simulator
I0919 13:55:26.151564 2043707 Simulator.cpp:49] Deconstructing Simulator
I0919 13:55:26.151681 2043707 Simulator.cpp:49] Deconstructing Simulator
I0919 13:55:26.151760 2043707 Simulator.cpp:49] Deconstructing Simulator
I0919 13:55:26.151834 2043707 Simulator.cpp:49] Deconstructing Simulator
I0919 13:56:09.352916 2043707 PhysicsManager.cpp:33] Deconstructing PhysicsManager
I0919 13:56:09.352960 2043707 SemanticScene.h:41] Deconstructing SemanticScene
I0919 13:56:09.355185 2043707 SceneManager.h:25] Deconstructing SceneManager
I0919 13:56:09.355193 2043707 SceneGraph.h:26] Deconstructing SceneGraph
I0919 13:56:09.355727 2043707 Sensor.h:87] Deconstructing Sensor
I0919 13:56:09.357726 2043707 Renderer.cpp:34] Deconstructing Renderer
I0919 13:56:09.357748 2043707 WindowlessContext.h:17] Deconstructing WindowlessContext
I0919 13:56:09.363386 2043707 ManagedContainerBase.cpp:19] ManagedContainerBase::convertFilenameToJSON : Filename : default changed to proposed JSON configuration filename : default.scene_dataset_config.json
I0919 13:56:09.363400 2043707 AttributesManagerBase.h:283] AttributesManager<T>::createFromJsonOrDefaultInternal  (Dataset) : Proposing JSON name : default.scene_dataset_config.json from original name : default | This file  does not exist.
I0919 13:56:09.363472 2043707 AssetAttributesManager.cpp:117] Asset attributes (capsule3DSolid : capsule3DSolid_hemiRings_4_cylRings_1_segments_12_halfLen_0.75_useTexCoords_false_useTangents_false) created and registered.
I0919 13:56:09.363601 2043707 AssetAttributesManager.cpp:117] Asset attributes (capsule3DWireframe : capsule3DWireframe_hemiRings_8_cylRings_1_segments_16_halfLen_1) created and registered.
I0919 13:56:09.363626 2043707 AssetAttributesManager.cpp:117] Asset attributes (coneSolid : coneSolid_segments_12_halfLen_1.25_rings_1_useTexCoords_false_useTangents_false_capEnd_true) created and registered.
I0919 13:56:09.363644 2043707 AssetAttributesManager.cpp:117] Asset attributes (coneWireframe : coneWireframe_segments_32_halfLen_1.25) created and registered.
I0919 13:56:09.363655 2043707 AssetAttributesManager.cpp:117] Asset attributes (cubeSolid : cubeSolid) created and registered.
I0919 13:56:09.363662 2043707 AssetAttributesManager.cpp:117] Asset attributes (cubeWireframe : cubeWireframe) created and registered.
I0919 13:56:09.363682 2043707 AssetAttributesManager.cpp:117] Asset attributes (cylinderSolid : cylinderSolid_rings_1_segments_12_halfLen_1_useTexCoords_false_useTangents_false_capEnds_true) created and registered.
I0919 13:56:09.363700 2043707 AssetAttributesManager.cpp:117] Asset attributes (cylinderWireframe : cylinderWireframe_rings_1_segments_32_halfLen_1) created and registered.
I0919 13:56:09.363718 2043707 AssetAttributesManager.cpp:117] Asset attributes (icosphereSolid : icosphereSolid_subdivs_1) created and registered.
I0919 13:56:09.363729 2043707 AssetAttributesManager.cpp:117] Asset attributes (icosphereWireframe : icosphereWireframe_subdivs_1) created and registered.
I0919 13:56:09.363754 2043707 AssetAttributesManager.cpp:117] Asset attributes (uvSphereSolid : uvSphereSolid_rings_8_segments_16_useTexCoords_false_useTangents_false) created and registered.
I0919 13:56:09.363766 2043707 AssetAttributesManager.cpp:117] Asset attributes (uvSphereWireframe : uvSphereWireframe_rings_16_segments_32) created and registered.
I0919 13:56:09.363785 2043707 AssetAttributesManager.cpp:105] AssetAttributesManager::buildCtorFuncPtrMaps : Built default primitive asset templates : 12
I0919 13:56:09.364378 2043707 SceneDatasetAttributesManager.cpp:23] File (default) not found, so new default dataset attributes created and registered.
I0919 13:56:09.364382 2043707 MetadataMediator.cpp:47] MetadataMediator::createDataset : Dataset default successfully created.
I0919 13:56:09.364614 2043707 AttributesManagerBase.h:283] AttributesManager<T>::createFromJsonOrDefaultInternal  (Physics Manager) : Proposing JSON name : ./data/default.physics_config.json from original name : ./data/default.physics_config.json | This file  does not exist.
I0919 13:56:09.364625 2043707 PhysicsAttributesManager.cpp:27] File (./data/default.physics_config.json) not found, so new default physics manager attributes created and registered.
I0919 13:56:09.364634 2043707 AbstractObjectAttributesManagerBase.h:175] AbstractObjectAttributesManager<T>::createObject  (Stage) : Making attributes with handle : /mnt/data_nas/deeprobotics/daiyang/vla/third_party/ETP-R1/data/scene_datasets/mp3d/82sE5b5pLXE/82sE5b5pLXE.glb
I0919 13:56:09.364638 2043707 ManagedContainerBase.cpp:19] ManagedContainerBase::convertFilenameToJSON : Filename : /mnt/data_nas/deeprobotics/daiyang/vla/third_party/ETP-R1/data/scene_datasets/mp3d/82sE5b5pLXE/82sE5b5pLXE.glb changed to proposed JSON configuration filename : /mnt/data_nas/deeprobotics/daiyang/vla/third_party/ETP-R1/data/scene_datasets/mp3d/82sE5b5pLXE/82sE5b5pLXE.stage_config.json
I0919 13:56:09.364650 2043707 AttributesManagerBase.h:283] AttributesManager<T>::createFromJsonOrDefaultInternal  (Stage) : Proposing JSON name : /mnt/data_nas/deeprobotics/daiyang/vla/third_party/ETP-R1/data/scene_datasets/mp3d/82sE5b5pLXE/82sE5b5pLXE.stage_config.json from original name : /mnt/data_nas/deeprobotics/daiyang/vla/third_party/ETP-R1/data/scene_datasets/mp3d/82sE5b5pLXE/82sE5b5pLXE.glb | This file  does not exist.
I0919 13:56:09.364704 2043707 AbstractObjectAttributesManagerBase.h:181] AbstractObjectAttributesManager<T>::createObject  (Stage) : Done making attributes with handle : /mnt/data_nas/deeprobotics/daiyang/vla/third_party/ETP-R1/data/scene_datasets/mp3d/82sE5b5pLXE/82sE5b5pLXE.glb
I0919 13:56:09.364706 2043707 AbstractObjectAttributesManagerBase.h:188] File (/mnt/data_nas/deeprobotics/daiyang/vla/third_party/ETP-R1/data/scene_datasets/mp3d/82sE5b5pLXE/82sE5b5pLXE.glb) exists but is not a recognized config filename extension, so new default Stage attributes created and registered.
I0919 13:56:09.364710 2043707 Simulator.cpp:156] Loading navmesh from /mnt/data_nas/deeprobotics/daiyang/vla/third_party/ETP-R1/data/scene_datasets/mp3d/82sE5b5pLXE/82sE5b5pLXE.navmesh
I0919 13:56:09.365869 2043707 Simulator.cpp:158] Loaded.
I0919 13:56:09.365876 2043707 SceneGraph.h:93] Created DrawableGroup: 
Renderer: NVIDIA GeForce RTX 5090/PCIe/SSE2 by NVIDIA Corporation
OpenGL version: 4.6.0 NVIDIA 580.126.09
Using optional features:
    GL_ARB_ES2_compatibility
    GL_ARB_direct_state_access
    GL_ARB_get_texture_sub_image
    GL_ARB_invalidate_subdata
    GL_ARB_multi_bind
    GL_ARB_robustness
    GL_ARB_separate_shader_objects
    GL_ARB_texture_filter_anisotropic
    GL_ARB_texture_storage
    GL_ARB_texture_storage_multisample
    GL_ARB_vertex_array_object
    GL_KHR_debug
Using driver workarounds:
    no-forward-compatible-core-context
    nv-egl-incorrect-gl11-function-pointers
    no-layout-qualifiers-on-old-glsl
    nv-zero-context-profile-mask
    nv-implementation-color-read-format-dsa-broken
    nv-cubemap-inconsistent-compressed-image-size
    nv-cubemap-broken-full-compressed-image-query
    nv-compressed-block-size-in-bits
I0919 13:56:09.369525 2043707 ResourceManager.cpp:234] ResourceManager::loadStage : Not loading semantic mesh
I0919 13:56:09.369534 2043707 ResourceManager.cpp:262] ResourceManager::loadStage : start load render asset /mnt/data_nas/deeprobotics/daiyang/vla/third_party/ETP-R1/data/scene_datasets/mp3d/82sE5b5pLXE/82sE5b5pLXE.glb.
I0919 13:56:09.369535 2043707 ResourceManager.cpp:569] ResourceManager::loadStageInternal : Attempting to load stage /mnt/data_nas/deeprobotics/daiyang/vla/third_party/ETP-R1/data/scene_datasets/mp3d/82sE5b5pLXE/82sE5b5pLXE.glb 
I0919 13:56:09.369550 2043707 ResourceManager.cpp:1119] Importing Basis files as BC7 for 82sE5b5pLXE.glb
W0919 13:56:11.457907 2043707 Simulator.cpp:248] :
---
 The active scene does not contain semantic annotations. 
---
I0919 13:56:11.494646 2043707 simulator.py:213] Loaded navmesh /mnt/data_nas/deeprobotics/daiyang/vla/third_party/ETP-R1/data/scene_datasets/mp3d/82sE5b5pLXE/82sE5b5pLXE.navmesh
I0919 13:58:58.271420 2043707 PhysicsManager.cpp:33] Deconstructing PhysicsManager
I0919 13:58:58.271477 2043707 SemanticScene.h:41] Deconstructing SemanticScene
I0919 13:58:58.273658 2043707 SceneManager.h:25] Deconstructing SceneManager
I0919 13:58:58.273669 2043707 SceneGraph.h:26] Deconstructing SceneGraph
I0919 13:58:58.273940 2043707 Sensor.h:87] Deconstructing Sensor
I0919 13:58:58.277521 2043707 Renderer.cpp:34] Deconstructing Renderer
I0919 13:58:58.277545 2043707 WindowlessContext.h:17] Deconstructing WindowlessContext
I0919 13:58:58.283680 2043707 ManagedContainerBase.cpp:19] ManagedContainerBase::convertFilenameToJSON : Filename : default changed to proposed JSON configuration filename : default.scene_dataset_config.json
I0919 13:58:58.283696 2043707 AttributesManagerBase.h:283] AttributesManager<T>::createFromJsonOrDefaultInternal  (Dataset) : Proposing JSON name : default.scene_dataset_config.json from original name : default | This file  does not exist.
I0919 13:58:58.283854 2043707 AssetAttributesManager.cpp:117] Asset attributes (capsule3DSolid : capsule3DSolid_hemiRings_4_cylRings_1_segments_12_halfLen_0.75_useTexCoords_false_useTangents_false) created and registered.
I0919 13:58:58.283881 2043707 AssetAttributesManager.cpp:117] Asset attributes (capsule3DWireframe : capsule3DWireframe_hemiRings_8_cylRings_1_segments_16_halfLen_1) created and registered.
I0919 13:58:58.283905 2043707 AssetAttributesManager.cpp:117] Asset attributes (coneSolid : coneSolid_segments_12_halfLen_1.25_rings_1_useTexCoords_false_useTangents_false_capEnd_true) created and registered.
I0919 13:58:58.283919 2043707 AssetAttributesManager.cpp:117] Asset attributes (coneWireframe : coneWireframe_segments_32_halfLen_1.25) created and registered.
I0919 13:58:58.283982 2043707 AssetAttributesManager.cpp:117] Asset attributes (cubeSolid : cubeSolid) created and registered.
I0919 13:58:58.283989 2043707 AssetAttributesManager.cpp:117] Asset attributes (cubeWireframe : cubeWireframe) created and registered.
I0919 13:58:58.284008 2043707 AssetAttributesManager.cpp:117] Asset attributes (cylinderSolid : cylinderSolid_rings_1_segments_12_halfLen_1_useTexCoords_false_useTangents_false_capEnds_true) created and registered.
I0919 13:58:58.284024 2043707 AssetAttributesManager.cpp:117] Asset attributes (cylinderWireframe : cylinderWireframe_rings_1_segments_32_halfLen_1) created and registered.
I0919 13:58:58.284035 2043707 AssetAttributesManager.cpp:117] Asset attributes (icosphereSolid : icosphereSolid_subdivs_1) created and registered.
I0919 13:58:58.284044 2043707 AssetAttributesManager.cpp:117] Asset attributes (icosphereWireframe : icosphereWireframe_subdivs_1) created and registered.
I0919 13:58:58.284057 2043707 AssetAttributesManager.cpp:117] Asset attributes (uvSphereSolid : uvSphereSolid_rings_8_segments_16_useTexCoords_false_useTangents_false) created and registered.
I0919 13:58:58.284070 2043707 AssetAttributesManager.cpp:117] Asset attributes (uvSphereWireframe : uvSphereWireframe_rings_16_segments_32) created and registered.
I0919 13:58:58.284076 2043707 AssetAttributesManager.cpp:105] AssetAttributesManager::buildCtorFuncPtrMaps : Built default primitive asset templates : 12
I0919 13:58:58.284471 2043707 SceneDatasetAttributesManager.cpp:23] File (default) not found, so new default dataset attributes created and registered.
I0919 13:58:58.284473 2043707 MetadataMediator.cpp:47] MetadataMediator::createDataset : Dataset default successfully created.
I0919 13:58:58.285542 2043707 AttributesManagerBase.h:283] AttributesManager<T>::createFromJsonOrDefaultInternal  (Physics Manager) : Proposing JSON name : ./data/default.physics_config.json from original name : ./data/default.physics_config.json | This file  does not exist.
I0919 13:58:58.285553 2043707 PhysicsAttributesManager.cpp:27] File (./data/default.physics_config.json) not found, so new default physics manager attributes created and registered.
I0919 13:58:58.285557 2043707 AbstractObjectAttributesManagerBase.h:175] AbstractObjectAttributesManager<T>::createObject  (Stage) : Making attributes with handle : /mnt/data_nas/deeprobotics/daiyang/vla/third_party/ETP-R1/data/scene_datasets/mp3d/B6ByNegPMKs/B6ByNegPMKs.glb
I0919 13:58:58.285567 2043707 ManagedContainerBase.cpp:19] ManagedContainerBase::convertFilenameToJSON : Filename : /mnt/data_nas/deeprobotics/daiyang/vla/third_party/ETP-R1/data/scene_datasets/mp3d/B6ByNegPMKs/B6ByNegPMKs.glb changed to proposed JSON configuration filename : /mnt/data_nas/deeprobotics/daiyang/vla/third_party/ETP-R1/data/scene_datasets/mp3d/B6ByNegPMKs/B6ByNegPMKs.stage_config.json
I0919 13:58:58.288833 2043707 AttributesManagerBase.h:283] AttributesManager<T>::createFromJsonOrDefaultInternal  (Stage) : Proposing JSON name : /mnt/data_nas/deeprobotics/daiyang/vla/third_party/ETP-R1/data/scene_datasets/mp3d/B6ByNegPMKs/B6ByNegPMKs.stage_config.json from original name : /mnt/data_nas/deeprobotics/daiyang/vla/third_party/ETP-R1/data/scene_datasets/mp3d/B6ByNegPMKs/B6ByNegPMKs.glb | This file  does not exist.
I0919 13:58:58.288882 2043707 AbstractObjectAttributesManagerBase.h:181] AbstractObjectAttributesManager<T>::createObject  (Stage) : Done making attributes with handle : /mnt/data_nas/deeprobotics/daiyang/vla/third_party/ETP-R1/data/scene_datasets/mp3d/B6ByNegPMKs/B6ByNegPMKs.glb
I0919 13:58:58.288884 2043707 AbstractObjectAttributesManagerBase.h:188] File (/mnt/data_nas/deeprobotics/daiyang/vla/third_party/ETP-R1/data/scene_datasets/mp3d/B6ByNegPMKs/B6ByNegPMKs.glb) exists but is not a recognized config filename extension, so new default Stage attributes created and registered.
I0919 13:58:58.288888 2043707 Simulator.cpp:156] Loading navmesh from /mnt/data_nas/deeprobotics/daiyang/vla/third_party/ETP-R1/data/scene_datasets/mp3d/B6ByNegPMKs/B6ByNegPMKs.navmesh
I0919 13:58:58.290761 2043707 Simulator.cpp:158] Loaded.
I0919 13:58:58.290769 2043707 SceneGraph.h:93] Created DrawableGroup: 
Renderer: NVIDIA GeForce RTX 5090/PCIe/SSE2 by NVIDIA Corporation
OpenGL version: 4.6.0 NVIDIA 580.126.09
Using optional features:
    GL_ARB_ES2_compatibility
    GL_ARB_direct_state_access
    GL_ARB_get_texture_sub_image
    GL_ARB_invalidate_subdata
    GL_ARB_multi_bind
    GL_ARB_robustness
    GL_ARB_separate_shader_objects
    GL_ARB_texture_filter_anisotropic
    GL_ARB_texture_storage
    GL_ARB_texture_storage_multisample
    GL_ARB_vertex_array_object
    GL_KHR_debug
Using driver workarounds:
    no-forward-compatible-core-context
    nv-egl-incorrect-gl11-function-pointers
    no-layout-qualifiers-on-old-glsl
    nv-zero-context-profile-mask
    nv-implementation-color-read-format-dsa-broken
    nv-cubemap-inconsistent-compressed-image-size
    nv-cubemap-broken-full-compressed-image-query
    nv-compressed-block-size-in-bits
I0919 13:58:58.294430 2043707 ResourceManager.cpp:234] ResourceManager::loadStage : Not loading semantic mesh
I0919 13:58:58.294437 2043707 ResourceManager.cpp:262] ResourceManager::loadStage : start load render asset /mnt/data_nas/deeprobotics/daiyang/vla/third_party/ETP-R1/data/scene_datasets/mp3d/B6ByNegPMKs/B6ByNegPMKs.glb.
I0919 13:58:58.294440 2043707 ResourceManager.cpp:569] ResourceManager::loadStageInternal : Attempting to load stage /mnt/data_nas/deeprobotics/daiyang/vla/third_party/ETP-R1/data/scene_datasets/mp3d/B6ByNegPMKs/B6ByNegPMKs.glb 
I0919 13:58:58.294456 2043707 ResourceManager.cpp:1119] Importing Basis files as BC7 for B6ByNegPMKs.glb
W0919 13:59:07.841463 2043707 Simulator.cpp:248] :
---
 The active scene does not contain semantic annotations. 
---
I0919 13:59:08.034630 2043707 simulator.py:213] Loaded navmesh /mnt/data_nas/deeprobotics/daiyang/vla/third_party/ETP-R1/data/scene_datasets/mp3d/B6ByNegPMKs/B6ByNegPMKs.navmesh
I0919 14:02:27.842543 2043707 PhysicsManager.cpp:33] Deconstructing PhysicsManager
I0919 14:02:27.842581 2043707 SemanticScene.h:41] Deconstructing SemanticScene
I0919 14:02:27.858218 2043707 SceneManager.h:25] Deconstructing SceneManager
I0919 14:02:27.858234 2043707 SceneGraph.h:26] Deconstructing SceneGraph
I0919 14:02:27.858786 2043707 Sensor.h:87] Deconstructing Sensor
I0919 14:02:27.873704 2043707 Renderer.cpp:34] Deconstructing Renderer
I0919 14:02:27.873746 2043707 WindowlessContext.h:17] Deconstructing WindowlessContext
I0919 14:02:27.910781 2043707 ManagedContainerBase.cpp:19] ManagedContainerBase::convertFilenameToJSON : Filename : default changed to proposed JSON configuration filename : default.scene_dataset_config.json
I0919 14:02:27.910813 2043707 AttributesManagerBase.h:283] AttributesManager<T>::createFromJsonOrDefaultInternal  (Dataset) : Proposing JSON name : default.scene_dataset_config.json from original name : default | This file  does not exist.
I0919 14:02:27.910974 2043707 AssetAttributesManager.cpp:117] Asset attributes (capsule3DSolid : capsule3DSolid_hemiRings_4_cylRings_1_segments_12_halfLen_0.75_useTexCoords_false_useTangents_false) created and registered.
I0919 14:02:27.911016 2043707 AssetAttributesManager.cpp:117] Asset attributes (capsule3DWireframe : capsule3DWireframe_hemiRings_8_cylRings_1_segments_16_halfLen_1) created and registered.
I0919 14:02:27.911058 2043707 AssetAttributesManager.cpp:117] Asset attributes (coneSolid : coneSolid_segments_12_halfLen_1.25_rings_1_useTexCoords_false_useTangents_false_capEnd_true) created and registered.
I0919 14:02:27.911082 2043707 AssetAttributesManager.cpp:117] Asset attributes (coneWireframe : coneWireframe_segments_32_halfLen_1.25) created and registered.
I0919 14:02:27.911095 2043707 AssetAttributesManager.cpp:117] Asset attributes (cubeSolid : cubeSolid) created and registered.
I0919 14:02:27.911104 2043707 AssetAttributesManager.cpp:117] Asset attributes (cubeWireframe : cubeWireframe) created and registered.
I0919 14:02:27.911137 2043707 AssetAttributesManager.cpp:117] Asset attributes (cylinderSolid : cylinderSolid_rings_1_segments_12_halfLen_1_useTexCoords_false_useTangents_false_capEnds_true) created and registered.
I0919 14:02:27.911164 2043707 AssetAttributesManager.cpp:117] Asset attributes (cylinderWireframe : cylinderWireframe_rings_1_segments_32_halfLen_1) created and registered.
I0919 14:02:27.911180 2043707 AssetAttributesManager.cpp:117] Asset attributes (icosphereSolid : icosphereSolid_subdivs_1) created and registered.
I0919 14:02:27.911193 2043707 AssetAttributesManager.cpp:117] Asset attributes (icosphereWireframe : icosphereWireframe_subdivs_1) created and registered.
I0919 14:02:27.911216 2043707 AssetAttributesManager.cpp:117] Asset attributes (uvSphereSolid : uvSphereSolid_rings_8_segments_16_useTexCoords_false_useTangents_false) created and registered.
I0919 14:02:27.911235 2043707 AssetAttributesManager.cpp:117] Asset attributes (uvSphereWireframe : uvSphereWireframe_rings_16_segments_32) created and registered.
I0919 14:02:27.911244 2043707 AssetAttributesManager.cpp:105] AssetAttributesManager::buildCtorFuncPtrMaps : Built default primitive asset templates : 12
I0919 14:02:27.911927 2043707 SceneDatasetAttributesManager.cpp:23] File (default) not found, so new default dataset attributes created and registered.
I0919 14:02:27.911931 2043707 MetadataMediator.cpp:47] MetadataMediator::createDataset : Dataset default successfully created.
I0919 14:02:27.912204 2043707 AttributesManagerBase.h:283] AttributesManager<T>::createFromJsonOrDefaultInternal  (Physics Manager) : Proposing JSON name : ./data/default.physics_config.json from original name : ./data/default.physics_config.json | This file  does not exist.
I0919 14:02:27.912220 2043707 PhysicsAttributesManager.cpp:27] File (./data/default.physics_config.json) not found, so new default physics manager attributes created and registered.
I0919 14:02:27.912225 2043707 AbstractObjectAttributesManagerBase.h:175] AbstractObjectAttributesManager<T>::createObject  (Stage) : Making attributes with handle : /mnt/data_nas/deeprobotics/daiyang/vla/third_party/ETP-R1/data/scene_datasets/mp3d/PuKPg4mmafe/PuKPg4mmafe.glb
I0919 14:02:27.912230 2043707 ManagedContainerBase.cpp:19] ManagedContainerBase::convertFilenameToJSON : Filename : /mnt/data_nas/deeprobotics/daiyang/vla/third_party/ETP-R1/data/scene_datasets/mp3d/PuKPg4mmafe/PuKPg4mmafe.glb changed to proposed JSON configuration filename : /mnt/data_nas/deeprobotics/daiyang/vla/third_party/ETP-R1/data/scene_datasets/mp3d/PuKPg4mmafe/PuKPg4mmafe.stage_config.json
I0919 14:02:27.912258 2043707 AttributesManagerBase.h:283] AttributesManager<T>::createFromJsonOrDefaultInternal  (Stage) : Proposing JSON name : /mnt/data_nas/deeprobotics/daiyang/vla/third_party/ETP-R1/data/scene_datasets/mp3d/PuKPg4mmafe/PuKPg4mmafe.stage_config.json from original name : /mnt/data_nas/deeprobotics/daiyang/vla/third_party/ETP-R1/data/scene_datasets/mp3d/PuKPg4mmafe/PuKPg4mmafe.glb | This file  does not exist.
I0919 14:02:27.912338 2043707 AbstractObjectAttributesManagerBase.h:181] AbstractObjectAttributesManager<T>::createObject  (Stage) : Done making attributes with handle : /mnt/data_nas/deeprobotics/daiyang/vla/third_party/ETP-R1/data/scene_datasets/mp3d/PuKPg4mmafe/PuKPg4mmafe.glb
I0919 14:02:27.912341 2043707 AbstractObjectAttributesManagerBase.h:188] File (/mnt/data_nas/deeprobotics/daiyang/vla/third_party/ETP-R1/data/scene_datasets/mp3d/PuKPg4mmafe/PuKPg4mmafe.glb) exists but is not a recognized config filename extension, so new default Stage attributes created and registered.
I0919 14:02:27.912348 2043707 Simulator.cpp:156] Loading navmesh from /mnt/data_nas/deeprobotics/daiyang/vla/third_party/ETP-R1/data/scene_datasets/mp3d/PuKPg4mmafe/PuKPg4mmafe.navmesh
I0919 14:02:27.913784 2043707 Simulator.cpp:158] Loaded.
I0919 14:02:27.913794 2043707 SceneGraph.h:93] Created DrawableGroup: 
Renderer: NVIDIA GeForce RTX 5090/PCIe/SSE2 by NVIDIA Corporation
OpenGL version: 4.6.0 NVIDIA 580.126.09
Using optional features:
    GL_ARB_ES2_compatibility
    GL_ARB_direct_state_access
    GL_ARB_get_texture_sub_image
    GL_ARB_invalidate_subdata
    GL_ARB_multi_bind
    GL_ARB_robustness
    GL_ARB_separate_shader_objects
    GL_ARB_texture_filter_anisotropic
    GL_ARB_texture_storage
    GL_ARB_texture_storage_multisample
    GL_ARB_vertex_array_object
    GL_KHR_debug
Using driver workarounds:
    no-forward-compatible-core-context
    nv-egl-incorrect-gl11-function-pointers
    no-layout-qualifiers-on-old-glsl
    nv-zero-context-profile-mask
    nv-implementation-color-read-format-dsa-broken
    nv-cubemap-inconsistent-compressed-image-size
    nv-cubemap-broken-full-compressed-image-query
    nv-compressed-block-size-in-bits
I0919 14:02:27.924155 2043707 ResourceManager.cpp:234] ResourceManager::loadStage : Not loading semantic mesh
I0919 14:02:27.924167 2043707 ResourceManager.cpp:262] ResourceManager::loadStage : start load render asset /mnt/data_nas/deeprobotics/daiyang/vla/third_party/ETP-R1/data/scene_datasets/mp3d/PuKPg4mmafe/PuKPg4mmafe.glb.
I0919 14:02:27.924171 2043707 ResourceManager.cpp:569] ResourceManager::loadStageInternal : Attempting to load stage /mnt/data_nas/deeprobotics/daiyang/vla/third_party/ETP-R1/data/scene_datasets/mp3d/PuKPg4mmafe/PuKPg4mmafe.glb 
I0919 14:02:27.924193 2043707 ResourceManager.cpp:1119] Importing Basis files as BC7 for PuKPg4mmafe.glb
W0919 14:02:32.548112 2043707 Simulator.cpp:248] :
---
 The active scene does not contain semantic annotations. 
---
I0919 14:02:32.568482 2043707 simulator.py:213] Loaded navmesh /mnt/data_nas/deeprobotics/daiyang/vla/third_party/ETP-R1/data/scene_datasets/mp3d/PuKPg4mmafe/PuKPg4mmafe.navmesh
I0919 14:04:14.445672 2043707 PhysicsManager.cpp:33] Deconstructing PhysicsManager
I0919 14:04:14.445729 2043707 SemanticScene.h:41] Deconstructing SemanticScene
I0919 14:04:14.447029 2043707 SceneManager.h:25] Deconstructing SceneManager
I0919 14:04:14.447034 2043707 SceneGraph.h:26] Deconstructing SceneGraph
I0919 14:04:14.447394 2043707 Sensor.h:87] Deconstructing Sensor
I0919 14:04:14.457794 2043707 Renderer.cpp:34] Deconstructing Renderer
I0919 14:04:14.457826 2043707 WindowlessContext.h:17] Deconstructing WindowlessContext
I0919 14:04:14.472371 2043707 ManagedContainerBase.cpp:19] ManagedContainerBase::convertFilenameToJSON : Filename : default changed to proposed JSON configuration filename : default.scene_dataset_config.json
I0919 14:04:14.472393 2043707 AttributesManagerBase.h:283] AttributesManager<T>::createFromJsonOrDefaultInternal  (Dataset) : Proposing JSON name : default.scene_dataset_config.json from original name : default | This file  does not exist.
I0919 14:04:14.472500 2043707 AssetAttributesManager.cpp:117] Asset attributes (capsule3DSolid : capsule3DSolid_hemiRings_4_cylRings_1_segments_12_halfLen_0.75_useTexCoords_false_useTangents_false) created and registered.
I0919 14:04:14.472528 2043707 AssetAttributesManager.cpp:117] Asset attributes (capsule3DWireframe : capsule3DWireframe_hemiRings_8_cylRings_1_segments_16_halfLen_1) created and registered.
I0919 14:04:14.472553 2043707 AssetAttributesManager.cpp:117] Asset attributes (coneSolid : coneSolid_segments_12_halfLen_1.25_rings_1_useTexCoords_false_useTangents_false_capEnd_true) created and registered.
I0919 14:04:14.472568 2043707 AssetAttributesManager.cpp:117] Asset attributes (coneWireframe : coneWireframe_segments_32_halfLen_1.25) created and registered.
I0919 14:04:14.472579 2043707 AssetAttributesManager.cpp:117] Asset attributes (cubeSolid : cubeSolid) created and registered.
I0919 14:04:14.472584 2043707 AssetAttributesManager.cpp:117] Asset attributes (cubeWireframe : cubeWireframe) created and registered.
I0919 14:04:14.472604 2043707 AssetAttributesManager.cpp:117] Asset attributes (cylinderSolid : cylinderSolid_rings_1_segments_12_halfLen_1_useTexCoords_false_useTangents_false_capEnds_true) created and registered.
I0919 14:04:14.472621 2043707 AssetAttributesManager.cpp:117] Asset attributes (cylinderWireframe : cylinderWireframe_rings_1_segments_32_halfLen_1) created and registered.
I0919 14:04:14.472632 2043707 AssetAttributesManager.cpp:117] Asset attributes (icosphereSolid : icosphereSolid_subdivs_1) created and registered.
I0919 14:04:14.472642 2043707 AssetAttributesManager.cpp:117] Asset attributes (icosphereWireframe : icosphereWireframe_subdivs_1) created and registered.
I0919 14:04:14.472656 2043707 AssetAttributesManager.cpp:117] Asset attributes (uvSphereSolid : uvSphereSolid_rings_8_segments_16_useTexCoords_false_useTangents_false) created and registered.
I0919 14:04:14.472668 2043707 AssetAttributesManager.cpp:117] Asset attributes (uvSphereWireframe : uvSphereWireframe_rings_16_segments_32) created and registered.
I0919 14:04:14.472674 2043707 AssetAttributesManager.cpp:105] AssetAttributesManager::buildCtorFuncPtrMaps : Built default primitive asset templates : 12
I0919 14:04:14.473075 2043707 SceneDatasetAttributesManager.cpp:23] File (default) not found, so new default dataset attributes created and registered.
I0919 14:04:14.473078 2043707 MetadataMediator.cpp:47] MetadataMediator::createDataset : Dataset default successfully created.
I0919 14:04:14.473296 2043707 AttributesManagerBase.h:283] AttributesManager<T>::createFromJsonOrDefaultInternal  (Physics Manager) : Proposing JSON name : ./data/default.physics_config.json from original name : ./data/default.physics_config.json | This file  does not exist.
I0919 14:04:14.473308 2043707 PhysicsAttributesManager.cpp:27] File (./data/default.physics_config.json) not found, so new default physics manager attributes created and registered.
I0919 14:04:14.473312 2043707 AbstractObjectAttributesManagerBase.h:175] AbstractObjectAttributesManager<T>::createObject  (Stage) : Making attributes with handle : /mnt/data_nas/deeprobotics/daiyang/vla/third_party/ETP-R1/data/scene_datasets/mp3d/aayBHfsNo7d/aayBHfsNo7d.glb
I0919 14:04:14.473317 2043707 ManagedContainerBase.cpp:19] ManagedContainerBase::convertFilenameToJSON : Filename : /mnt/data_nas/deeprobotics/daiyang/vla/third_party/ETP-R1/data/scene_datasets/mp3d/aayBHfsNo7d/aayBHfsNo7d.glb changed to proposed JSON configuration filename : /mnt/data_nas/deeprobotics/daiyang/vla/third_party/ETP-R1/data/scene_datasets/mp3d/aayBHfsNo7d/aayBHfsNo7d.stage_config.json
I0919 14:04:14.473328 2043707 AttributesManagerBase.h:283] AttributesManager<T>::createFromJsonOrDefaultInternal  (Stage) : Proposing JSON name : /mnt/data_nas/deeprobotics/daiyang/vla/third_party/ETP-R1/data/scene_datasets/mp3d/aayBHfsNo7d/aayBHfsNo7d.stage_config.json from original name : /mnt/data_nas/deeprobotics/daiyang/vla/third_party/ETP-R1/data/scene_datasets/mp3d/aayBHfsNo7d/aayBHfsNo7d.glb | This file  does not exist.
I0919 14:04:14.473380 2043707 AbstractObjectAttributesManagerBase.h:181] AbstractObjectAttributesManager<T>::createObject  (Stage) : Done making attributes with handle : /mnt/data_nas/deeprobotics/daiyang/vla/third_party/ETP-R1/data/scene_datasets/mp3d/aayBHfsNo7d/aayBHfsNo7d.glb
I0919 14:04:14.473382 2043707 AbstractObjectAttributesManagerBase.h:188] File (/mnt/data_nas/deeprobotics/daiyang/vla/third_party/ETP-R1/data/scene_datasets/mp3d/aayBHfsNo7d/aayBHfsNo7d.glb) exists but is not a recognized config filename extension, so new default Stage attributes created and registered.
I0919 14:04:14.473387 2043707 Simulator.cpp:156] Loading navmesh from /mnt/data_nas/deeprobotics/daiyang/vla/third_party/ETP-R1/data/scene_datasets/mp3d/aayBHfsNo7d/aayBHfsNo7d.navmesh
I0919 14:04:14.474321 2043707 Simulator.cpp:158] Loaded.
I0919 14:04:14.474330 2043707 SceneGraph.h:93] Created DrawableGroup: 
Renderer: NVIDIA GeForce RTX 5090/PCIe/SSE2 by NVIDIA Corporation
OpenGL version: 4.6.0 NVIDIA 580.126.09
Using optional features:
    GL_ARB_ES2_compatibility
    GL_ARB_direct_state_access
    GL_ARB_get_texture_sub_image
    GL_ARB_invalidate_subdata
    GL_ARB_multi_bind
    GL_ARB_robustness
    GL_ARB_separate_shader_objects
    GL_ARB_texture_filter_anisotropic
    GL_ARB_texture_storage
    GL_ARB_texture_storage_multisample
    GL_ARB_vertex_array_object
    GL_KHR_debug
Using driver workarounds:
    no-forward-compatible-core-context
    nv-egl-incorrect-gl11-function-pointers
    no-layout-qualifiers-on-old-glsl
    nv-zero-context-profile-mask
    nv-implementation-color-read-format-dsa-broken
    nv-cubemap-inconsistent-compressed-image-size
    nv-cubemap-broken-full-compressed-image-query
    nv-compressed-block-size-in-bits
I0919 14:04:14.478055 2043707 ResourceManager.cpp:234] ResourceManager::loadStage : Not loading semantic mesh
I0919 14:04:14.478062 2043707 ResourceManager.cpp:262] ResourceManager::loadStage : start load render asset /mnt/data_nas/deeprobotics/daiyang/vla/third_party/ETP-R1/data/scene_datasets/mp3d/aayBHfsNo7d/aayBHfsNo7d.glb.
I0919 14:04:14.478065 2043707 ResourceManager.cpp:569] ResourceManager::loadStageInternal : Attempting to load stage /mnt/data_nas/deeprobotics/daiyang/vla/third_party/ETP-R1/data/scene_datasets/mp3d/aayBHfsNo7d/aayBHfsNo7d.glb 
I0919 14:04:14.478080 2043707 ResourceManager.cpp:1119] Importing Basis files as BC7 for aayBHfsNo7d.glb
W0919 14:04:16.037467 2043707 Simulator.cpp:248] :
---
 The active scene does not contain semantic annotations. 
---
I0919 14:04:16.079068 2043707 simulator.py:213] Loaded navmesh /mnt/data_nas/deeprobotics/daiyang/vla/third_party/ETP-R1/data/scene_datasets/mp3d/aayBHfsNo7d/aayBHfsNo7d.navmesh
I0919 14:04:35.612177 2043707 PhysicsManager.cpp:33] Deconstructing PhysicsManager
I0919 14:04:35.612216 2043707 SemanticScene.h:41] Deconstructing SemanticScene
I0919 14:04:35.614683 2043707 SceneManager.h:25] Deconstructing SceneManager
I0919 14:04:35.614693 2043707 SceneGraph.h:26] Deconstructing SceneGraph
I0919 14:04:35.615199 2043707 Sensor.h:87] Deconstructing Sensor
I0919 14:04:35.617056 2043707 Renderer.cpp:34] Deconstructing Renderer
I0919 14:04:35.617076 2043707 WindowlessContext.h:17] Deconstructing WindowlessContext
I0919 14:04:35.623054 2043707 ManagedContainerBase.cpp:19] ManagedContainerBase::convertFilenameToJSON : Filename : default changed to proposed JSON configuration filename : default.scene_dataset_config.json
I0919 14:04:35.623071 2043707 AttributesManagerBase.h:283] AttributesManager<T>::createFromJsonOrDefaultInternal  (Dataset) : Proposing JSON name : default.scene_dataset_config.json from original name : default | This file  does not exist.
I0919 14:04:35.623138 2043707 AssetAttributesManager.cpp:117] Asset attributes (capsule3DSolid : capsule3DSolid_hemiRings_4_cylRings_1_segments_12_halfLen_0.75_useTexCoords_false_useTangents_false) created and registered.
I0919 14:04:35.623165 2043707 AssetAttributesManager.cpp:117] Asset attributes (capsule3DWireframe : capsule3DWireframe_hemiRings_8_cylRings_1_segments_16_halfLen_1) created and registered.
I0919 14:04:35.623252 2043707 AssetAttributesManager.cpp:117] Asset attributes (coneSolid : coneSolid_segments_12_halfLen_1.25_rings_1_useTexCoords_false_useTangents_false_capEnd_true) created and registered.
I0919 14:04:35.623267 2043707 AssetAttributesManager.cpp:117] Asset attributes (coneWireframe : coneWireframe_segments_32_halfLen_1.25) created and registered.
I0919 14:04:35.623286 2043707 AssetAttributesManager.cpp:117] Asset attributes (cubeSolid : cubeSolid) created and registered.
I0919 14:04:35.623296 2043707 AssetAttributesManager.cpp:117] Asset attributes (cubeWireframe : cubeWireframe) created and registered.
I0919 14:04:35.623320 2043707 AssetAttributesManager.cpp:117] Asset attributes (cylinderSolid : cylinderSolid_rings_1_segments_12_halfLen_1_useTexCoords_false_useTangents_false_capEnds_true) created and registered.
I0919 14:04:35.623337 2043707 AssetAttributesManager.cpp:117] Asset attributes (cylinderWireframe : cylinderWireframe_rings_1_segments_32_halfLen_1) created and registered.
I0919 14:04:35.623347 2043707 AssetAttributesManager.cpp:117] Asset attributes (icosphereSolid : icosphereSolid_subdivs_1) created and registered.
I0919 14:04:35.623356 2043707 AssetAttributesManager.cpp:117] Asset attributes (icosphereWireframe : icosphereWireframe_subdivs_1) created and registered.
I0919 14:04:35.623369 2043707 AssetAttributesManager.cpp:117] Asset attributes (uvSphereSolid : uvSphereSolid_rings_8_segments_16_useTexCoords_false_useTangents_false) created and registered.
I0919 14:04:35.623382 2043707 AssetAttributesManager.cpp:117] Asset attributes (uvSphereWireframe : uvSphereWireframe_rings_16_segments_32) created and registered.
I0919 14:04:35.623389 2043707 AssetAttributesManager.cpp:105] AssetAttributesManager::buildCtorFuncPtrMaps : Built default primitive asset templates : 12
I0919 14:04:35.623776 2043707 SceneDatasetAttributesManager.cpp:23] File (default) not found, so new default dataset attributes created and registered.
I0919 14:04:35.623780 2043707 MetadataMediator.cpp:47] MetadataMediator::createDataset : Dataset default successfully created.
I0919 14:04:35.623967 2043707 AttributesManagerBase.h:283] AttributesManager<T>::createFromJsonOrDefaultInternal  (Physics Manager) : Proposing JSON name : ./data/default.physics_config.json from original name : ./data/default.physics_config.json | This file  does not exist.
I0919 14:04:35.623980 2043707 PhysicsAttributesManager.cpp:27] File (./data/default.physics_config.json) not found, so new default physics manager attributes created and registered.
I0919 14:04:35.623983 2043707 AbstractObjectAttributesManagerBase.h:175] AbstractObjectAttributesManager<T>::createObject  (Stage) : Making attributes with handle : /mnt/data_nas/deeprobotics/daiyang/vla/third_party/ETP-R1/data/scene_datasets/mp3d/82sE5b5pLXE/82sE5b5pLXE.glb
I0919 14:04:35.623987 2043707 ManagedContainerBase.cpp:19] ManagedContainerBase::convertFilenameToJSON : Filename : /mnt/data_nas/deeprobotics/daiyang/vla/third_party/ETP-R1/data/scene_datasets/mp3d/82sE5b5pLXE/82sE5b5pLXE.glb changed to proposed JSON configuration filename : /mnt/data_nas/deeprobotics/daiyang/vla/third_party/ETP-R1/data/scene_datasets/mp3d/82sE5b5pLXE/82sE5b5pLXE.stage_config.json
I0919 14:04:35.623997 2043707 AttributesManagerBase.h:283] AttributesManager<T>::createFromJsonOrDefaultInternal  (Stage) : Proposing JSON name : /mnt/data_nas/deeprobotics/daiyang/vla/third_party/ETP-R1/data/scene_datasets/mp3d/82sE5b5pLXE/82sE5b5pLXE.stage_config.json from original name : /mnt/data_nas/deeprobotics/daiyang/vla/third_party/ETP-R1/data/scene_datasets/mp3d/82sE5b5pLXE/82sE5b5pLXE.glb | This file  does not exist.
I0919 14:04:35.624043 2043707 AbstractObjectAttributesManagerBase.h:181] AbstractObjectAttributesManager<T>::createObject  (Stage) : Done making attributes with handle : /mnt/data_nas/deeprobotics/daiyang/vla/third_party/ETP-R1/data/scene_datasets/mp3d/82sE5b5pLXE/82sE5b5pLXE.glb
I0919 14:04:35.624045 2043707 AbstractObjectAttributesManagerBase.h:188] File (/mnt/data_nas/deeprobotics/daiyang/vla/third_party/ETP-R1/data/scene_datasets/mp3d/82sE5b5pLXE/82sE5b5pLXE.glb) exists but is not a recognized config filename extension, so new default Stage attributes created and registered.
I0919 14:04:35.624053 2043707 Simulator.cpp:156] Loading navmesh from /mnt/data_nas/deeprobotics/daiyang/vla/third_party/ETP-R1/data/scene_datasets/mp3d/82sE5b5pLXE/82sE5b5pLXE.navmesh
I0919 14:04:35.625226 2043707 Simulator.cpp:158] Loaded.
I0919 14:04:35.625233 2043707 SceneGraph.h:93] Created DrawableGroup: 
Renderer: NVIDIA GeForce RTX 5090/PCIe/SSE2 by NVIDIA Corporation
OpenGL version: 4.6.0 NVIDIA 580.126.09
Using optional features:
    GL_ARB_ES2_compatibility
    GL_ARB_direct_state_access
    GL_ARB_get_texture_sub_image
    GL_ARB_invalidate_subdata
    GL_ARB_multi_bind
    GL_ARB_robustness
    GL_ARB_separate_shader_objects
    GL_ARB_texture_filter_anisotropic
    GL_ARB_texture_storage
    GL_ARB_texture_storage_multisample
    GL_ARB_vertex_array_object
    GL_KHR_debug
Using driver workarounds:
    no-forward-compatible-core-context
    nv-egl-incorrect-gl11-function-pointers
    no-layout-qualifiers-on-old-glsl
    nv-zero-context-profile-mask
    nv-implementation-color-read-format-dsa-broken
    nv-cubemap-inconsistent-compressed-image-size
    nv-cubemap-broken-full-compressed-image-query
    nv-compressed-block-size-in-bits
I0919 14:04:35.628767 2043707 ResourceManager.cpp:234] ResourceManager::loadStage : Not loading semantic mesh
I0919 14:04:35.628774 2043707 ResourceManager.cpp:262] ResourceManager::loadStage : start load render asset /mnt/data_nas/deeprobotics/daiyang/vla/third_party/ETP-R1/data/scene_datasets/mp3d/82sE5b5pLXE/82sE5b5pLXE.glb.
I0919 14:04:35.628777 2043707 ResourceManager.cpp:569] ResourceManager::loadStageInternal : Attempting to load stage /mnt/data_nas/deeprobotics/daiyang/vla/third_party/ETP-R1/data/scene_datasets/mp3d/82sE5b5pLXE/82sE5b5pLXE.glb 
I0919 14:04:35.628791 2043707 ResourceManager.cpp:1119] Importing Basis files as BC7 for 82sE5b5pLXE.glb
W0919 14:04:37.621348 2043707 Simulator.cpp:248] :
---
 The active scene does not contain semantic annotations. 
---
I0919 14:04:37.657651 2043707 simulator.py:213] Loaded navmesh /mnt/data_nas/deeprobotics/daiyang/vla/third_party/ETP-R1/data/scene_datasets/mp3d/82sE5b5pLXE/82sE5b5pLXE.navmesh
I0919 14:05:17.636196 2043707 PhysicsManager.cpp:33] Deconstructing PhysicsManager
I0919 14:05:17.636247 2043707 SemanticScene.h:41] Deconstructing SemanticScene
I0919 14:05:17.638079 2043707 SceneManager.h:25] Deconstructing SceneManager
I0919 14:05:17.638087 2043707 SceneGraph.h:26] Deconstructing SceneGraph
I0919 14:05:17.638394 2043707 Sensor.h:87] Deconstructing Sensor
I0919 14:05:17.641698 2043707 Renderer.cpp:34] Deconstructing Renderer
I0919 14:05:17.641723 2043707 WindowlessContext.h:17] Deconstructing WindowlessContext
I0919 14:05:17.646142 2043707 ManagedContainerBase.cpp:19] ManagedContainerBase::convertFilenameToJSON : Filename : default changed to proposed JSON configuration filename : default.scene_dataset_config.json
I0919 14:05:17.646157 2043707 AttributesManagerBase.h:283] AttributesManager<T>::createFromJsonOrDefaultInternal  (Dataset) : Proposing JSON name : default.scene_dataset_config.json from original name : default | This file  does not exist.
I0919 14:05:17.646461 2043707 AssetAttributesManager.cpp:117] Asset attributes (capsule3DSolid : capsule3DSolid_hemiRings_4_cylRings_1_segments_12_halfLen_0.75_useTexCoords_false_useTangents_false) created and registered.
I0919 14:05:17.646487 2043707 AssetAttributesManager.cpp:117] Asset attributes (capsule3DWireframe : capsule3DWireframe_hemiRings_8_cylRings_1_segments_16_halfLen_1) created and registered.
I0919 14:05:17.646512 2043707 AssetAttributesManager.cpp:117] Asset attributes (coneSolid : coneSolid_segments_12_halfLen_1.25_rings_1_useTexCoords_false_useTangents_false_capEnd_true) created and registered.
I0919 14:05:17.646525 2043707 AssetAttributesManager.cpp:117] Asset attributes (coneWireframe : coneWireframe_segments_32_halfLen_1.25) created and registered.
I0919 14:05:17.646540 2043707 AssetAttributesManager.cpp:117] Asset attributes (cubeSolid : cubeSolid) created and registered.
I0919 14:05:17.646545 2043707 AssetAttributesManager.cpp:117] Asset attributes (cubeWireframe : cubeWireframe) created and registered.
I0919 14:05:17.646564 2043707 AssetAttributesManager.cpp:117] Asset attributes (cylinderSolid : cylinderSolid_rings_1_segments_12_halfLen_1_useTexCoords_false_useTangents_false_capEnds_true) created and registered.
I0919 14:05:17.646581 2043707 AssetAttributesManager.cpp:117] Asset attributes (cylinderWireframe : cylinderWireframe_rings_1_segments_32_halfLen_1) created and registered.
I0919 14:05:17.646591 2043707 AssetAttributesManager.cpp:117] Asset attributes (icosphereSolid : icosphereSolid_subdivs_1) created and registered.
I0919 14:05:17.646600 2043707 AssetAttributesManager.cpp:117] Asset attributes (icosphereWireframe : icosphereWireframe_subdivs_1) created and registered.
I0919 14:05:17.646611 2043707 AssetAttributesManager.cpp:117] Asset attributes (uvSphereSolid : uvSphereSolid_rings_8_segments_16_useTexCoords_false_useTangents_false) created and registered.
I0919 14:05:17.646623 2043707 AssetAttributesManager.cpp:117] Asset attributes (uvSphereWireframe : uvSphereWireframe_rings_16_segments_32) created and registered.
I0919 14:05:17.646629 2043707 AssetAttributesManager.cpp:105] AssetAttributesManager::buildCtorFuncPtrMaps : Built default primitive asset templates : 12
I0919 14:05:17.647022 2043707 SceneDatasetAttributesManager.cpp:23] File (default) not found, so new default dataset attributes created and registered.
I0919 14:05:17.647023 2043707 MetadataMediator.cpp:47] MetadataMediator::createDataset : Dataset default successfully created.
I0919 14:05:17.648412 2043707 AttributesManagerBase.h:283] AttributesManager<T>::createFromJsonOrDefaultInternal  (Physics Manager) : Proposing JSON name : ./data/default.physics_config.json from original name : ./data/default.physics_config.json | This file  does not exist.
I0919 14:05:17.648425 2043707 PhysicsAttributesManager.cpp:27] File (./data/default.physics_config.json) not found, so new default physics manager attributes created and registered.
I0919 14:05:17.648428 2043707 AbstractObjectAttributesManagerBase.h:175] AbstractObjectAttributesManager<T>::createObject  (Stage) : Making attributes with handle : /mnt/data_nas/deeprobotics/daiyang/vla/third_party/ETP-R1/data/scene_datasets/mp3d/B6ByNegPMKs/B6ByNegPMKs.glb
I0919 14:05:17.648432 2043707 ManagedContainerBase.cpp:19] ManagedContainerBase::convertFilenameToJSON : Filename : /mnt/data_nas/deeprobotics/daiyang/vla/third_party/ETP-R1/data/scene_datasets/mp3d/B6ByNegPMKs/B6ByNegPMKs.glb changed to proposed JSON configuration filename : /mnt/data_nas/deeprobotics/daiyang/vla/third_party/ETP-R1/data/scene_datasets/mp3d/B6ByNegPMKs/B6ByNegPMKs.stage_config.json
I0919 14:05:17.648444 2043707 AttributesManagerBase.h:283] AttributesManager<T>::createFromJsonOrDefaultInternal  (Stage) : Proposing JSON name : /mnt/data_nas/deeprobotics/daiyang/vla/third_party/ETP-R1/data/scene_datasets/mp3d/B6ByNegPMKs/B6ByNegPMKs.stage_config.json from original name : /mnt/data_nas/deeprobotics/daiyang/vla/third_party/ETP-R1/data/scene_datasets/mp3d/B6ByNegPMKs/B6ByNegPMKs.glb | This file  does not exist.
I0919 14:05:17.648492 2043707 AbstractObjectAttributesManagerBase.h:181] AbstractObjectAttributesManager<T>::createObject  (Stage) : Done making attributes with handle : /mnt/data_nas/deeprobotics/daiyang/vla/third_party/ETP-R1/data/scene_datasets/mp3d/B6ByNegPMKs/B6ByNegPMKs.glb
I0919 14:05:17.648494 2043707 AbstractObjectAttributesManagerBase.h:188] File (/mnt/data_nas/deeprobotics/daiyang/vla/third_party/ETP-R1/data/scene_datasets/mp3d/B6ByNegPMKs/B6ByNegPMKs.glb) exists but is not a recognized config filename extension, so new default Stage attributes created and registered.
I0919 14:05:17.648499 2043707 Simulator.cpp:156] Loading navmesh from /mnt/data_nas/deeprobotics/daiyang/vla/third_party/ETP-R1/data/scene_datasets/mp3d/B6ByNegPMKs/B6ByNegPMKs.navmesh
I0919 14:05:17.649694 2043707 Simulator.cpp:158] Loaded.
I0919 14:05:17.649703 2043707 SceneGraph.h:93] Created DrawableGroup: 
Renderer: NVIDIA GeForce RTX 5090/PCIe/SSE2 by NVIDIA Corporation
OpenGL version: 4.6.0 NVIDIA 580.126.09
Using optional features:
    GL_ARB_ES2_compatibility
    GL_ARB_direct_state_access
    GL_ARB_get_texture_sub_image
    GL_ARB_invalidate_subdata
    GL_ARB_multi_bind
    GL_ARB_robustness
    GL_ARB_separate_shader_objects
    GL_ARB_texture_filter_anisotropic
    GL_ARB_texture_storage
    GL_ARB_texture_storage_multisample
    GL_ARB_vertex_array_object
    GL_KHR_debug
Using driver workarounds:
    no-forward-compatible-core-context
    nv-egl-incorrect-gl11-function-pointers
    no-layout-qualifiers-on-old-glsl
    nv-zero-context-profile-mask
    nv-implementation-color-read-format-dsa-broken
    nv-cubemap-inconsistent-compressed-image-size
    nv-cubemap-broken-full-compressed-image-query
    nv-compressed-block-size-in-bits
I0919 14:05:17.653263 2043707 ResourceManager.cpp:234] ResourceManager::loadStage : Not loading semantic mesh
I0919 14:05:17.653280 2043707 ResourceManager.cpp:262] ResourceManager::loadStage : start load render asset /mnt/data_nas/deeprobotics/daiyang/vla/third_party/ETP-R1/data/scene_datasets/mp3d/B6ByNegPMKs/B6ByNegPMKs.glb.
I0919 14:05:17.653281 2043707 ResourceManager.cpp:569] ResourceManager::loadStageInternal : Attempting to load stage /mnt/data_nas/deeprobotics/daiyang/vla/third_party/ETP-R1/data/scene_datasets/mp3d/B6ByNegPMKs/B6ByNegPMKs.glb 
I0919 14:05:17.653297 2043707 ResourceManager.cpp:1119] Importing Basis files as BC7 for B6ByNegPMKs.glb
W0919 14:05:27.247108 2043707 Simulator.cpp:248] :
---
 The active scene does not contain semantic annotations. 
---
I0919 14:05:27.442457 2043707 simulator.py:213] Loaded navmesh /mnt/data_nas/deeprobotics/daiyang/vla/third_party/ETP-R1/data/scene_datasets/mp3d/B6ByNegPMKs/B6ByNegPMKs.navmesh
I0919 14:07:19.037783 2043707 PhysicsManager.cpp:33] Deconstructing PhysicsManager
I0919 14:07:19.037828 2043707 SemanticScene.h:41] Deconstructing SemanticScene
I0919 14:07:19.054167 2043707 SceneManager.h:25] Deconstructing SceneManager
I0919 14:07:19.054183 2043707 SceneGraph.h:26] Deconstructing SceneGraph
I0919 14:07:19.054739 2043707 Sensor.h:87] Deconstructing Sensor
I0919 14:07:19.068758 2043707 Renderer.cpp:34] Deconstructing Renderer
I0919 14:07:19.068789 2043707 WindowlessContext.h:17] Deconstructing WindowlessContext
I0919 14:07:19.091753 2043707 ManagedContainerBase.cpp:19] ManagedContainerBase::convertFilenameToJSON : Filename : default changed to proposed JSON configuration filename : default.scene_dataset_config.json
I0919 14:07:19.091775 2043707 AttributesManagerBase.h:283] AttributesManager<T>::createFromJsonOrDefaultInternal  (Dataset) : Proposing JSON name : default.scene_dataset_config.json from original name : default | This file  does not exist.
I0919 14:07:19.091982 2043707 AssetAttributesManager.cpp:117] Asset attributes (capsule3DSolid : capsule3DSolid_hemiRings_4_cylRings_1_segments_12_halfLen_0.75_useTexCoords_false_useTangents_false) created and registered.
I0919 14:07:19.092010 2043707 AssetAttributesManager.cpp:117] Asset attributes (capsule3DWireframe : capsule3DWireframe_hemiRings_8_cylRings_1_segments_16_halfLen_1) created and registered.
I0919 14:07:19.092033 2043707 AssetAttributesManager.cpp:117] Asset attributes (coneSolid : coneSolid_segments_12_halfLen_1.25_rings_1_useTexCoords_false_useTangents_false_capEnd_true) created and registered.
I0919 14:07:19.092048 2043707 AssetAttributesManager.cpp:117] Asset attributes (coneWireframe : coneWireframe_segments_32_halfLen_1.25) created and registered.
I0919 14:07:19.092057 2043707 AssetAttributesManager.cpp:117] Asset attributes (cubeSolid : cubeSolid) created and registered.
I0919 14:07:19.092063 2043707 AssetAttributesManager.cpp:117] Asset attributes (cubeWireframe : cubeWireframe) created and registered.
I0919 14:07:19.092082 2043707 AssetAttributesManager.cpp:117] Asset attributes (cylinderSolid : cylinderSolid_rings_1_segments_12_halfLen_1_useTexCoords_false_useTangents_false_capEnds_true) created and registered.
I0919 14:07:19.092108 2043707 AssetAttributesManager.cpp:117] Asset attributes (cylinderWireframe : cylinderWireframe_rings_1_segments_32_halfLen_1) created and registered.
I0919 14:07:19.092118 2043707 AssetAttributesManager.cpp:117] Asset attributes (icosphereSolid : icosphereSolid_subdivs_1) created and registered.
I0919 14:07:19.092127 2043707 AssetAttributesManager.cpp:117] Asset attributes (icosphereWireframe : icosphereWireframe_subdivs_1) created and registered.
I0919 14:07:19.092141 2043707 AssetAttributesManager.cpp:117] Asset attributes (uvSphereSolid : uvSphereSolid_rings_8_segments_16_useTexCoords_false_useTangents_false) created and registered.
I0919 14:07:19.092154 2043707 AssetAttributesManager.cpp:117] Asset attributes (uvSphereWireframe : uvSphereWireframe_rings_16_segments_32) created and registered.
I0919 14:07:19.092161 2043707 AssetAttributesManager.cpp:105] AssetAttributesManager::buildCtorFuncPtrMaps : Built default primitive asset templates : 12
I0919 14:07:19.092574 2043707 SceneDatasetAttributesManager.cpp:23] File (default) not found, so new default dataset attributes created and registered.
I0919 14:07:19.092576 2043707 MetadataMediator.cpp:47] MetadataMediator::createDataset : Dataset default successfully created.
I0919 14:07:19.094070 2043707 AttributesManagerBase.h:283] AttributesManager<T>::createFromJsonOrDefaultInternal  (Physics Manager) : Proposing JSON name : ./data/default.physics_config.json from original name : ./data/default.physics_config.json | This file  does not exist.
I0919 14:07:19.094084 2043707 PhysicsAttributesManager.cpp:27] File (./data/default.physics_config.json) not found, so new default physics manager attributes created and registered.
I0919 14:07:19.094087 2043707 AbstractObjectAttributesManagerBase.h:175] AbstractObjectAttributesManager<T>::createObject  (Stage) : Making attributes with handle : /mnt/data_nas/deeprobotics/daiyang/vla/third_party/ETP-R1/data/scene_datasets/mp3d/PuKPg4mmafe/PuKPg4mmafe.glb
I0919 14:07:19.094091 2043707 ManagedContainerBase.cpp:19] ManagedContainerBase::convertFilenameToJSON : Filename : /mnt/data_nas/deeprobotics/daiyang/vla/third_party/ETP-R1/data/scene_datasets/mp3d/PuKPg4mmafe/PuKPg4mmafe.glb changed to proposed JSON configuration filename : /mnt/data_nas/deeprobotics/daiyang/vla/third_party/ETP-R1/data/scene_datasets/mp3d/PuKPg4mmafe/PuKPg4mmafe.stage_config.json
I0919 14:07:19.096761 2043707 AttributesManagerBase.h:283] AttributesManager<T>::createFromJsonOrDefaultInternal  (Stage) : Proposing JSON name : /mnt/data_nas/deeprobotics/daiyang/vla/third_party/ETP-R1/data/scene_datasets/mp3d/PuKPg4mmafe/PuKPg4mmafe.stage_config.json from original name : /mnt/data_nas/deeprobotics/daiyang/vla/third_party/ETP-R1/data/scene_datasets/mp3d/PuKPg4mmafe/PuKPg4mmafe.glb | This file  does not exist.
I0919 14:07:19.096812 2043707 AbstractObjectAttributesManagerBase.h:181] AbstractObjectAttributesManager<T>::createObject  (Stage) : Done making attributes with handle : /mnt/data_nas/deeprobotics/daiyang/vla/third_party/ETP-R1/data/scene_datasets/mp3d/PuKPg4mmafe/PuKPg4mmafe.glb
I0919 14:07:19.096813 2043707 AbstractObjectAttributesManagerBase.h:188] File (/mnt/data_nas/deeprobotics/daiyang/vla/third_party/ETP-R1/data/scene_datasets/mp3d/PuKPg4mmafe/PuKPg4mmafe.glb) exists but is not a recognized config filename extension, so new default Stage attributes created and registered.
I0919 14:07:19.096818 2043707 Simulator.cpp:156] Loading navmesh from /mnt/data_nas/deeprobotics/daiyang/vla/third_party/ETP-R1/data/scene_datasets/mp3d/PuKPg4mmafe/PuKPg4mmafe.navmesh
I0919 14:07:19.098258 2043707 Simulator.cpp:158] Loaded.
I0919 14:07:19.098275 2043707 SceneGraph.h:93] Created DrawableGroup: 
Renderer: NVIDIA GeForce RTX 5090/PCIe/SSE2 by NVIDIA Corporation
OpenGL version: 4.6.0 NVIDIA 580.126.09
Using optional features:
    GL_ARB_ES2_compatibility
    GL_ARB_direct_state_access
    GL_ARB_get_texture_sub_image
    GL_ARB_invalidate_subdata
    GL_ARB_multi_bind
    GL_ARB_robustness
    GL_ARB_separate_shader_objects
    GL_ARB_texture_filter_anisotropic
    GL_ARB_texture_storage
    GL_ARB_texture_storage_multisample
    GL_ARB_vertex_array_object
    GL_KHR_debug
Using driver workarounds:
    no-forward-compatible-core-context
    nv-egl-incorrect-gl11-function-pointers
    no-layout-qualifiers-on-old-glsl
    nv-zero-context-profile-mask
    nv-implementation-color-read-format-dsa-broken
    nv-cubemap-inconsistent-compressed-image-size
    nv-cubemap-broken-full-compressed-image-query
    nv-compressed-block-size-in-bits
I0919 14:07:19.102116 2043707 ResourceManager.cpp:234] ResourceManager::loadStage : Not loading semantic mesh
I0919 14:07:19.102124 2043707 ResourceManager.cpp:262] ResourceManager::loadStage : start load render asset /mnt/data_nas/deeprobotics/daiyang/vla/third_party/ETP-R1/data/scene_datasets/mp3d/PuKPg4mmafe/PuKPg4mmafe.glb.
I0919 14:07:19.102128 2043707 ResourceManager.cpp:569] ResourceManager::loadStageInternal : Attempting to load stage /mnt/data_nas/deeprobotics/daiyang/vla/third_party/ETP-R1/data/scene_datasets/mp3d/PuKPg4mmafe/PuKPg4mmafe.glb 
I0919 14:07:19.102145 2043707 ResourceManager.cpp:1119] Importing Basis files as BC7 for PuKPg4mmafe.glb
W0919 14:07:23.763226 2043707 Simulator.cpp:248] :
---
 The active scene does not contain semantic annotations. 
---
I0919 14:07:23.783976 2043707 simulator.py:213] Loaded navmesh /mnt/data_nas/deeprobotics/daiyang/vla/third_party/ETP-R1/data/scene_datasets/mp3d/PuKPg4mmafe/PuKPg4mmafe.navmesh
I0919 14:11:30.428354 2043707 PhysicsManager.cpp:33] Deconstructing PhysicsManager
I0919 14:11:30.428407 2043707 SemanticScene.h:41] Deconstructing SemanticScene
I0919 14:11:30.429473 2043707 SceneManager.h:25] Deconstructing SceneManager
I0919 14:11:30.429478 2043707 SceneGraph.h:26] Deconstructing SceneGraph
I0919 14:11:30.429787 2043707 Sensor.h:87] Deconstructing Sensor
I0919 14:11:30.435619 2043707 Renderer.cpp:34] Deconstructing Renderer
I0919 14:11:30.435647 2043707 WindowlessContext.h:17] Deconstructing WindowlessContext
I0919 14:11:30.447221 2043707 ManagedContainerBase.cpp:19] ManagedContainerBase::convertFilenameToJSON : Filename : default changed to proposed JSON configuration filename : default.scene_dataset_config.json
I0919 14:11:30.447239 2043707 AttributesManagerBase.h:283] AttributesManager<T>::createFromJsonOrDefaultInternal  (Dataset) : Proposing JSON name : default.scene_dataset_config.json from original name : default | This file  does not exist.
I0919 14:11:30.447554 2043707 AssetAttributesManager.cpp:117] Asset attributes (capsule3DSolid : capsule3DSolid_hemiRings_4_cylRings_1_segments_12_halfLen_0.75_useTexCoords_false_useTangents_false) created and registered.
I0919 14:11:30.447582 2043707 AssetAttributesManager.cpp:117] Asset attributes (capsule3DWireframe : capsule3DWireframe_hemiRings_8_cylRings_1_segments_16_halfLen_1) created and registered.
I0919 14:11:30.447606 2043707 AssetAttributesManager.cpp:117] Asset attributes (coneSolid : coneSolid_segments_12_halfLen_1.25_rings_1_useTexCoords_false_useTangents_false_capEnd_true) created and registered.
I0919 14:11:30.447620 2043707 AssetAttributesManager.cpp:117] Asset attributes (coneWireframe : coneWireframe_segments_32_halfLen_1.25) created and registered.
I0919 14:11:30.447629 2043707 AssetAttributesManager.cpp:117] Asset attributes (cubeSolid : cubeSolid) created and registered.
I0919 14:11:30.447635 2043707 AssetAttributesManager.cpp:117] Asset attributes (cubeWireframe : cubeWireframe) created and registered.
I0919 14:11:30.447654 2043707 AssetAttributesManager.cpp:117] Asset attributes (cylinderSolid : cylinderSolid_rings_1_segments_12_halfLen_1_useTexCoords_false_useTangents_false_capEnds_true) created and registered.
I0919 14:11:30.447670 2043707 AssetAttributesManager.cpp:117] Asset attributes (cylinderWireframe : cylinderWireframe_rings_1_segments_32_halfLen_1) created and registered.
I0919 14:11:30.447681 2043707 AssetAttributesManager.cpp:117] Asset attributes (icosphereSolid : icosphereSolid_subdivs_1) created and registered.
I0919 14:11:30.447697 2043707 AssetAttributesManager.cpp:117] Asset attributes (icosphereWireframe : icosphereWireframe_subdivs_1) created and registered.
I0919 14:11:30.447711 2043707 AssetAttributesManager.cpp:117] Asset attributes (uvSphereSolid : uvSphereSolid_rings_8_segments_16_useTexCoords_false_useTangents_false) created and registered.
I0919 14:11:30.447723 2043707 AssetAttributesManager.cpp:117] Asset attributes (uvSphereWireframe : uvSphereWireframe_rings_16_segments_32) created and registered.
I0919 14:11:30.447729 2043707 AssetAttributesManager.cpp:105] AssetAttributesManager::buildCtorFuncPtrMaps : Built default primitive asset templates : 12
I0919 14:11:30.448122 2043707 SceneDatasetAttributesManager.cpp:23] File (default) not found, so new default dataset attributes created and registered.
I0919 14:11:30.448123 2043707 MetadataMediator.cpp:47] MetadataMediator::createDataset : Dataset default successfully created.
I0919 14:11:30.448335 2043707 AttributesManagerBase.h:283] AttributesManager<T>::createFromJsonOrDefaultInternal  (Physics Manager) : Proposing JSON name : ./data/default.physics_config.json from original name : ./data/default.physics_config.json | This file  does not exist.
I0919 14:11:30.448348 2043707 PhysicsAttributesManager.cpp:27] File (./data/default.physics_config.json) not found, so new default physics manager attributes created and registered.
I0919 14:11:30.448352 2043707 AbstractObjectAttributesManagerBase.h:175] AbstractObjectAttributesManager<T>::createObject  (Stage) : Making attributes with handle : /mnt/data_nas/deeprobotics/daiyang/vla/third_party/ETP-R1/data/scene_datasets/mp3d/aayBHfsNo7d/aayBHfsNo7d.glb
I0919 14:11:30.448356 2043707 ManagedContainerBase.cpp:19] ManagedContainerBase::convertFilenameToJSON : Filename : /mnt/data_nas/deeprobotics/daiyang/vla/third_party/ETP-R1/data/scene_datasets/mp3d/aayBHfsNo7d/aayBHfsNo7d.glb changed to proposed JSON configuration filename : /mnt/data_nas/deeprobotics/daiyang/vla/third_party/ETP-R1/data/scene_datasets/mp3d/aayBHfsNo7d/aayBHfsNo7d.stage_config.json
I0919 14:11:30.448367 2043707 AttributesManagerBase.h:283] AttributesManager<T>::createFromJsonOrDefaultInternal  (Stage) : Proposing JSON name : /mnt/data_nas/deeprobotics/daiyang/vla/third_party/ETP-R1/data/scene_datasets/mp3d/aayBHfsNo7d/aayBHfsNo7d.stage_config.json from original name : /mnt/data_nas/deeprobotics/daiyang/vla/third_party/ETP-R1/data/scene_datasets/mp3d/aayBHfsNo7d/aayBHfsNo7d.glb | This file  does not exist.
I0919 14:11:30.448415 2043707 AbstractObjectAttributesManagerBase.h:181] AbstractObjectAttributesManager<T>::createObject  (Stage) : Done making attributes with handle : /mnt/data_nas/deeprobotics/daiyang/vla/third_party/ETP-R1/data/scene_datasets/mp3d/aayBHfsNo7d/aayBHfsNo7d.glb
I0919 14:11:30.448417 2043707 AbstractObjectAttributesManagerBase.h:188] File (/mnt/data_nas/deeprobotics/daiyang/vla/third_party/ETP-R1/data/scene_datasets/mp3d/aayBHfsNo7d/aayBHfsNo7d.glb) exists but is not a recognized config filename extension, so new default Stage attributes created and registered.
I0919 14:11:30.448421 2043707 Simulator.cpp:156] Loading navmesh from /mnt/data_nas/deeprobotics/daiyang/vla/third_party/ETP-R1/data/scene_datasets/mp3d/aayBHfsNo7d/aayBHfsNo7d.navmesh
I0919 14:11:30.449452 2043707 Simulator.cpp:158] Loaded.
I0919 14:11:30.449460 2043707 SceneGraph.h:93] Created DrawableGroup: 
Renderer: NVIDIA GeForce RTX 5090/PCIe/SSE2 by NVIDIA Corporation
OpenGL version: 4.6.0 NVIDIA 580.126.09
Using optional features:
    GL_ARB_ES2_compatibility
    GL_ARB_direct_state_access
    GL_ARB_get_texture_sub_image
    GL_ARB_invalidate_subdata
    GL_ARB_multi_bind
    GL_ARB_robustness
    GL_ARB_separate_shader_objects
    GL_ARB_texture_filter_anisotropic
    GL_ARB_texture_storage
    GL_ARB_texture_storage_multisample
    GL_ARB_vertex_array_object
    GL_KHR_debug
Using driver workarounds:
    no-forward-compatible-core-context
    nv-egl-incorrect-gl11-function-pointers
    no-layout-qualifiers-on-old-glsl
    nv-zero-context-profile-mask
    nv-implementation-color-read-format-dsa-broken
    nv-cubemap-inconsistent-compressed-image-size
    nv-cubemap-broken-full-compressed-image-query
    nv-compressed-block-size-in-bits
I0919 14:11:30.453058 2043707 ResourceManager.cpp:234] ResourceManager::loadStage : Not loading semantic mesh
I0919 14:11:30.453065 2043707 ResourceManager.cpp:262] ResourceManager::loadStage : start load render asset /mnt/data_nas/deeprobotics/daiyang/vla/third_party/ETP-R1/data/scene_datasets/mp3d/aayBHfsNo7d/aayBHfsNo7d.glb.
I0919 14:11:30.453068 2043707 ResourceManager.cpp:569] ResourceManager::loadStageInternal : Attempting to load stage /mnt/data_nas/deeprobotics/daiyang/vla/third_party/ETP-R1/data/scene_datasets/mp3d/aayBHfsNo7d/aayBHfsNo7d.glb 
I0919 14:11:30.453083 2043707 ResourceManager.cpp:1119] Importing Basis files as BC7 for aayBHfsNo7d.glb
W0919 14:11:32.019398 2043707 Simulator.cpp:248] :
---
 The active scene does not contain semantic annotations. 
---
I0919 14:11:32.060559 2043707 simulator.py:213] Loaded navmesh /mnt/data_nas/deeprobotics/daiyang/vla/third_party/ETP-R1/data/scene_datasets/mp3d/aayBHfsNo7d/aayBHfsNo7d.navmesh
I0919 14:11:53.125967 2043707 PhysicsManager.cpp:33] Deconstructing PhysicsManager
I0919 14:11:53.126004 2043707 SemanticScene.h:41] Deconstructing SemanticScene
I0919 14:11:53.128409 2043707 SceneManager.h:25] Deconstructing SceneManager
I0919 14:11:53.128418 2043707 SceneGraph.h:26] Deconstructing SceneGraph
I0919 14:11:53.128937 2043707 Sensor.h:87] Deconstructing Sensor
I0919 14:11:53.130872 2043707 Renderer.cpp:34] Deconstructing Renderer
I0919 14:11:53.130890 2043707 WindowlessContext.h:17] Deconstructing WindowlessContext
I0919 14:11:53.136736 2043707 ManagedContainerBase.cpp:19] ManagedContainerBase::convertFilenameToJSON : Filename : default changed to proposed JSON configuration filename : default.scene_dataset_config.json
I0919 14:11:53.136751 2043707 AttributesManagerBase.h:283] AttributesManager<T>::createFromJsonOrDefaultInternal  (Dataset) : Proposing JSON name : default.scene_dataset_config.json from original name : default | This file  does not exist.
I0919 14:11:53.136916 2043707 AssetAttributesManager.cpp:117] Asset attributes (capsule3DSolid : capsule3DSolid_hemiRings_4_cylRings_1_segments_12_halfLen_0.75_useTexCoords_false_useTangents_false) created and registered.
I0919 14:11:53.137032 2043707 AssetAttributesManager.cpp:117] Asset attributes (capsule3DWireframe : capsule3DWireframe_hemiRings_8_cylRings_1_segments_16_halfLen_1) created and registered.
I0919 14:11:53.137055 2043707 AssetAttributesManager.cpp:117] Asset attributes (coneSolid : coneSolid_segments_12_halfLen_1.25_rings_1_useTexCoords_false_useTangents_false_capEnd_true) created and registered.
I0919 14:11:53.137070 2043707 AssetAttributesManager.cpp:117] Asset attributes (coneWireframe : coneWireframe_segments_32_halfLen_1.25) created and registered.
I0919 14:11:53.137079 2043707 AssetAttributesManager.cpp:117] Asset attributes (cubeSolid : cubeSolid) created and registered.
I0919 14:11:53.137084 2043707 AssetAttributesManager.cpp:117] Asset attributes (cubeWireframe : cubeWireframe) created and registered.
I0919 14:11:53.137104 2043707 AssetAttributesManager.cpp:117] Asset attributes (cylinderSolid : cylinderSolid_rings_1_segments_12_halfLen_1_useTexCoords_false_useTangents_false_capEnds_true) created and registered.
I0919 14:11:53.137120 2043707 AssetAttributesManager.cpp:117] Asset attributes (cylinderWireframe : cylinderWireframe_rings_1_segments_32_halfLen_1) created and registered.
I0919 14:11:53.137130 2043707 AssetAttributesManager.cpp:117] Asset attributes (icosphereSolid : icosphereSolid_subdivs_1) created and registered.
I0919 14:11:53.137140 2043707 AssetAttributesManager.cpp:117] Asset attributes (icosphereWireframe : icosphereWireframe_subdivs_1) created and registered.
I0919 14:11:53.137152 2043707 AssetAttributesManager.cpp:117] Asset attributes (uvSphereSolid : uvSphereSolid_rings_8_segments_16_useTexCoords_false_useTangents_false) created and registered.
I0919 14:11:53.137164 2043707 AssetAttributesManager.cpp:117] Asset attributes (uvSphereWireframe : uvSphereWireframe_rings_16_segments_32) created and registered.
I0919 14:11:53.137177 2043707 AssetAttributesManager.cpp:105] AssetAttributesManager::buildCtorFuncPtrMaps : Built default primitive asset templates : 12
I0919 14:11:53.137574 2043707 SceneDatasetAttributesManager.cpp:23] File (default) not found, so new default dataset attributes created and registered.
I0919 14:11:53.137576 2043707 MetadataMediator.cpp:47] MetadataMediator::createDataset : Dataset default successfully created.
I0919 14:11:53.137763 2043707 AttributesManagerBase.h:283] AttributesManager<T>::createFromJsonOrDefaultInternal  (Physics Manager) : Proposing JSON name : ./data/default.physics_config.json from original name : ./data/default.physics_config.json | This file  does not exist.
I0919 14:11:53.137773 2043707 PhysicsAttributesManager.cpp:27] File (./data/default.physics_config.json) not found, so new default physics manager attributes created and registered.
I0919 14:11:53.137776 2043707 AbstractObjectAttributesManagerBase.h:175] AbstractObjectAttributesManager<T>::createObject  (Stage) : Making attributes with handle : /mnt/data_nas/deeprobotics/daiyang/vla/third_party/ETP-R1/data/scene_datasets/mp3d/82sE5b5pLXE/82sE5b5pLXE.glb
I0919 14:11:53.137780 2043707 ManagedContainerBase.cpp:19] ManagedContainerBase::convertFilenameToJSON : Filename : /mnt/data_nas/deeprobotics/daiyang/vla/third_party/ETP-R1/data/scene_datasets/mp3d/82sE5b5pLXE/82sE5b5pLXE.glb changed to proposed JSON configuration filename : /mnt/data_nas/deeprobotics/daiyang/vla/third_party/ETP-R1/data/scene_datasets/mp3d/82sE5b5pLXE/82sE5b5pLXE.stage_config.json
I0919 14:11:53.137791 2043707 AttributesManagerBase.h:283] AttributesManager<T>::createFromJsonOrDefaultInternal  (Stage) : Proposing JSON name : /mnt/data_nas/deeprobotics/daiyang/vla/third_party/ETP-R1/data/scene_datasets/mp3d/82sE5b5pLXE/82sE5b5pLXE.stage_config.json from original name : /mnt/data_nas/deeprobotics/daiyang/vla/third_party/ETP-R1/data/scene_datasets/mp3d/82sE5b5pLXE/82sE5b5pLXE.glb | This file  does not exist.
I0919 14:11:53.137838 2043707 AbstractObjectAttributesManagerBase.h:181] AbstractObjectAttributesManager<T>::createObject  (Stage) : Done making attributes with handle : /mnt/data_nas/deeprobotics/daiyang/vla/third_party/ETP-R1/data/scene_datasets/mp3d/82sE5b5pLXE/82sE5b5pLXE.glb
I0919 14:11:53.137840 2043707 AbstractObjectAttributesManagerBase.h:188] File (/mnt/data_nas/deeprobotics/daiyang/vla/third_party/ETP-R1/data/scene_datasets/mp3d/82sE5b5pLXE/82sE5b5pLXE.glb) exists but is not a recognized config filename extension, so new default Stage attributes created and registered.
I0919 14:11:53.137844 2043707 Simulator.cpp:156] Loading navmesh from /mnt/data_nas/deeprobotics/daiyang/vla/third_party/ETP-R1/data/scene_datasets/mp3d/82sE5b5pLXE/82sE5b5pLXE.navmesh
I0919 14:11:53.138743 2043707 Simulator.cpp:158] Loaded.
I0919 14:11:53.138749 2043707 SceneGraph.h:93] Created DrawableGroup: 
Renderer: NVIDIA GeForce RTX 5090/PCIe/SSE2 by NVIDIA Corporation
OpenGL version: 4.6.0 NVIDIA 580.126.09
Using optional features:
    GL_ARB_ES2_compatibility
    GL_ARB_direct_state_access
    GL_ARB_get_texture_sub_image
    GL_ARB_invalidate_subdata
    GL_ARB_multi_bind
    GL_ARB_robustness
    GL_ARB_separate_shader_objects
    GL_ARB_texture_filter_anisotropic
    GL_ARB_texture_storage
    GL_ARB_texture_storage_multisample
    GL_ARB_vertex_array_object
    GL_KHR_debug
Using driver workarounds:
    no-forward-compatible-core-context
    nv-egl-incorrect-gl11-function-pointers
    no-layout-qualifiers-on-old-glsl
    nv-zero-context-profile-mask
    nv-implementation-color-read-format-dsa-broken
    nv-cubemap-inconsistent-compressed-image-size
    nv-cubemap-broken-full-compressed-image-query
    nv-compressed-block-size-in-bits
I0919 14:11:53.142267 2043707 ResourceManager.cpp:234] ResourceManager::loadStage : Not loading semantic mesh
I0919 14:11:53.142284 2043707 ResourceManager.cpp:262] ResourceManager::loadStage : start load render asset /mnt/data_nas/deeprobotics/daiyang/vla/third_party/ETP-R1/data/scene_datasets/mp3d/82sE5b5pLXE/82sE5b5pLXE.glb.
I0919 14:11:53.142292 2043707 ResourceManager.cpp:569] ResourceManager::loadStageInternal : Attempting to load stage /mnt/data_nas/deeprobotics/daiyang/vla/third_party/ETP-R1/data/scene_datasets/mp3d/82sE5b5pLXE/82sE5b5pLXE.glb 
I0919 14:11:53.142305 2043707 ResourceManager.cpp:1119] Importing Basis files as BC7 for 82sE5b5pLXE.glb
W0919 14:11:55.210733 2043707 Simulator.cpp:248] :
---
 The active scene does not contain semantic annotations. 
---
I0919 14:11:55.248635 2043707 simulator.py:213] Loaded navmesh /mnt/data_nas/deeprobotics/daiyang/vla/third_party/ETP-R1/data/scene_datasets/mp3d/82sE5b5pLXE/82sE5b5pLXE.navmesh
I0919 14:13:02.944463 2043707 PhysicsManager.cpp:33] Deconstructing PhysicsManager
I0919 14:13:02.944526 2043707 SemanticScene.h:41] Deconstructing SemanticScene
I0919 14:13:02.946818 2043707 SceneManager.h:25] Deconstructing SceneManager
I0919 14:13:02.946830 2043707 SceneGraph.h:26] Deconstructing SceneGraph
I0919 14:13:02.947157 2043707 Sensor.h:87] Deconstructing Sensor
I0919 14:13:02.951666 2043707 Renderer.cpp:34] Deconstructing Renderer
I0919 14:13:02.951694 2043707 WindowlessContext.h:17] Deconstructing WindowlessContext
I0919 14:13:02.959329 2043707 ManagedContainerBase.cpp:19] ManagedContainerBase::convertFilenameToJSON : Filename : default changed to proposed JSON configuration filename : default.scene_dataset_config.json
I0919 14:13:02.959357 2043707 AttributesManagerBase.h:283] AttributesManager<T>::createFromJsonOrDefaultInternal  (Dataset) : Proposing JSON name : default.scene_dataset_config.json from original name : default | This file  does not exist.
I0919 14:13:02.960027 2043707 AssetAttributesManager.cpp:117] Asset attributes (capsule3DSolid : capsule3DSolid_hemiRings_4_cylRings_1_segments_12_halfLen_0.75_useTexCoords_false_useTangents_false) created and registered.
I0919 14:13:02.960074 2043707 AssetAttributesManager.cpp:117] Asset attributes (capsule3DWireframe : capsule3DWireframe_hemiRings_8_cylRings_1_segments_16_halfLen_1) created and registered.
I0919 14:13:02.960116 2043707 AssetAttributesManager.cpp:117] Asset attributes (coneSolid : coneSolid_segments_12_halfLen_1.25_rings_1_useTexCoords_false_useTangents_false_capEnd_true) created and registered.
I0919 14:13:02.960144 2043707 AssetAttributesManager.cpp:117] Asset attributes (coneWireframe : coneWireframe_segments_32_halfLen_1.25) created and registered.
I0919 14:13:02.960162 2043707 AssetAttributesManager.cpp:117] Asset attributes (cubeSolid : cubeSolid) created and registered.
I0919 14:13:02.960173 2043707 AssetAttributesManager.cpp:117] Asset attributes (cubeWireframe : cubeWireframe) created and registered.
I0919 14:13:02.960213 2043707 AssetAttributesManager.cpp:117] Asset attributes (cylinderSolid : cylinderSolid_rings_1_segments_12_halfLen_1_useTexCoords_false_useTangents_false_capEnds_true) created and registered.
I0919 14:13:02.960245 2043707 AssetAttributesManager.cpp:117] Asset attributes (cylinderWireframe : cylinderWireframe_rings_1_segments_32_halfLen_1) created and registered.
I0919 14:13:02.960265 2043707 AssetAttributesManager.cpp:117] Asset attributes (icosphereSolid : icosphereSolid_subdivs_1) created and registered.
I0919 14:13:02.960283 2043707 AssetAttributesManager.cpp:117] Asset attributes (icosphereWireframe : icosphereWireframe_subdivs_1) created and registered.
I0919 14:13:02.960305 2043707 AssetAttributesManager.cpp:117] Asset attributes (uvSphereSolid : uvSphereSolid_rings_8_segments_16_useTexCoords_false_useTangents_false) created and registered.
I0919 14:13:02.960327 2043707 AssetAttributesManager.cpp:117] Asset attributes (uvSphereWireframe : uvSphereWireframe_rings_16_segments_32) created and registered.
I0919 14:13:02.960340 2043707 AssetAttributesManager.cpp:105] AssetAttributesManager::buildCtorFuncPtrMaps : Built default primitive asset templates : 12
I0919 14:13:02.960970 2043707 SceneDatasetAttributesManager.cpp:23] File (default) not found, so new default dataset attributes created and registered.
I0919 14:13:02.960985 2043707 MetadataMediator.cpp:47] MetadataMediator::createDataset : Dataset default successfully created.
I0919 14:13:02.961258 2043707 AttributesManagerBase.h:283] AttributesManager<T>::createFromJsonOrDefaultInternal  (Physics Manager) : Proposing JSON name : ./data/default.physics_config.json from original name : ./data/default.physics_config.json | This file  does not exist.
I0919 14:13:02.961287 2043707 PhysicsAttributesManager.cpp:27] File (./data/default.physics_config.json) not found, so new default physics manager attributes created and registered.
I0919 14:13:02.961292 2043707 AbstractObjectAttributesManagerBase.h:175] AbstractObjectAttributesManager<T>::createObject  (Stage) : Making attributes with handle : /mnt/data_nas/deeprobotics/daiyang/vla/third_party/ETP-R1/data/scene_datasets/mp3d/B6ByNegPMKs/B6ByNegPMKs.glb
I0919 14:13:02.961298 2043707 ManagedContainerBase.cpp:19] ManagedContainerBase::convertFilenameToJSON : Filename : /mnt/data_nas/deeprobotics/daiyang/vla/third_party/ETP-R1/data/scene_datasets/mp3d/B6ByNegPMKs/B6ByNegPMKs.glb changed to proposed JSON configuration filename : /mnt/data_nas/deeprobotics/daiyang/vla/third_party/ETP-R1/data/scene_datasets/mp3d/B6ByNegPMKs/B6ByNegPMKs.stage_config.json
I0919 14:13:02.961313 2043707 AttributesManagerBase.h:283] AttributesManager<T>::createFromJsonOrDefaultInternal  (Stage) : Proposing JSON name : /mnt/data_nas/deeprobotics/daiyang/vla/third_party/ETP-R1/data/scene_datasets/mp3d/B6ByNegPMKs/B6ByNegPMKs.stage_config.json from original name : /mnt/data_nas/deeprobotics/daiyang/vla/third_party/ETP-R1/data/scene_datasets/mp3d/B6ByNegPMKs/B6ByNegPMKs.glb | This file  does not exist.
I0919 14:13:02.961391 2043707 AbstractObjectAttributesManagerBase.h:181] AbstractObjectAttributesManager<T>::createObject  (Stage) : Done making attributes with handle : /mnt/data_nas/deeprobotics/daiyang/vla/third_party/ETP-R1/data/scene_datasets/mp3d/B6ByNegPMKs/B6ByNegPMKs.glb
I0919 14:13:02.961395 2043707 AbstractObjectAttributesManagerBase.h:188] File (/mnt/data_nas/deeprobotics/daiyang/vla/third_party/ETP-R1/data/scene_datasets/mp3d/B6ByNegPMKs/B6ByNegPMKs.glb) exists but is not a recognized config filename extension, so new default Stage attributes created and registered.
I0919 14:13:02.961402 2043707 Simulator.cpp:156] Loading navmesh from /mnt/data_nas/deeprobotics/daiyang/vla/third_party/ETP-R1/data/scene_datasets/mp3d/B6ByNegPMKs/B6ByNegPMKs.navmesh
I0919 14:13:02.963393 2043707 Simulator.cpp:158] Loaded.
I0919 14:13:02.963409 2043707 SceneGraph.h:93] Created DrawableGroup: 
Renderer: NVIDIA GeForce RTX 5090/PCIe/SSE2 by NVIDIA Corporation
OpenGL version: 4.6.0 NVIDIA 580.126.09
Using optional features:
    GL_ARB_ES2_compatibility
    GL_ARB_direct_state_access
    GL_ARB_get_texture_sub_image
    GL_ARB_invalidate_subdata
    GL_ARB_multi_bind
    GL_ARB_robustness
    GL_ARB_separate_shader_objects
    GL_ARB_texture_filter_anisotropic
    GL_ARB_texture_storage
    GL_ARB_texture_storage_multisample
    GL_ARB_vertex_array_object
    GL_KHR_debug
Using driver workarounds:
    no-forward-compatible-core-context
    nv-egl-incorrect-gl11-function-pointers
    no-layout-qualifiers-on-old-glsl
    nv-zero-context-profile-mask
    nv-implementation-color-read-format-dsa-broken
    nv-cubemap-inconsistent-compressed-image-size
    nv-cubemap-broken-full-compressed-image-query
    nv-compressed-block-size-in-bits
I0919 14:13:02.968552 2043707 ResourceManager.cpp:234] ResourceManager::loadStage : Not loading semantic mesh
I0919 14:13:02.968573 2043707 ResourceManager.cpp:262] ResourceManager::loadStage : start load render asset /mnt/data_nas/deeprobotics/daiyang/vla/third_party/ETP-R1/data/scene_datasets/mp3d/B6ByNegPMKs/B6ByNegPMKs.glb.
I0919 14:13:02.968576 2043707 ResourceManager.cpp:569] ResourceManager::loadStageInternal : Attempting to load stage /mnt/data_nas/deeprobotics/daiyang/vla/third_party/ETP-R1/data/scene_datasets/mp3d/B6ByNegPMKs/B6ByNegPMKs.glb 
I0919 14:13:02.968600 2043707 ResourceManager.cpp:1119] Importing Basis files as BC7 for B6ByNegPMKs.glb
W0919 14:13:12.648933 2043707 Simulator.cpp:248] :
---
 The active scene does not contain semantic annotations. 
---
I0919 14:13:12.844852 2043707 simulator.py:213] Loaded navmesh /mnt/data_nas/deeprobotics/daiyang/vla/third_party/ETP-R1/data/scene_datasets/mp3d/B6ByNegPMKs/B6ByNegPMKs.navmesh
I0919 14:14:14.608201 2043707 PhysicsManager.cpp:33] Deconstructing PhysicsManager
I0919 14:14:14.608235 2043707 SemanticScene.h:41] Deconstructing SemanticScene
I0919 14:14:14.623363 2043707 SceneManager.h:25] Deconstructing SceneManager
I0919 14:14:14.623374 2043707 SceneGraph.h:26] Deconstructing SceneGraph
I0919 14:14:14.623822 2043707 Sensor.h:87] Deconstructing Sensor
I0919 14:14:14.634897 2043707 Renderer.cpp:34] Deconstructing Renderer
I0919 14:14:14.634923 2043707 WindowlessContext.h:17] Deconstructing WindowlessContext
I0919 14:14:14.664340 2043707 ManagedContainerBase.cpp:19] ManagedContainerBase::convertFilenameToJSON : Filename : default changed to proposed JSON configuration filename : default.scene_dataset_config.json
I0919 14:14:14.664357 2043707 AttributesManagerBase.h:283] AttributesManager<T>::createFromJsonOrDefaultInternal  (Dataset) : Proposing JSON name : default.scene_dataset_config.json from original name : default | This file  does not exist.
I0919 14:14:14.664544 2043707 AssetAttributesManager.cpp:117] Asset attributes (capsule3DSolid : capsule3DSolid_hemiRings_4_cylRings_1_segments_12_halfLen_0.75_useTexCoords_false_useTangents_false) created and registered.
I0919 14:14:14.664572 2043707 AssetAttributesManager.cpp:117] Asset attributes (capsule3DWireframe : capsule3DWireframe_hemiRings_8_cylRings_1_segments_16_halfLen_1) created and registered.
I0919 14:14:14.664595 2043707 AssetAttributesManager.cpp:117] Asset attributes (coneSolid : coneSolid_segments_12_halfLen_1.25_rings_1_useTexCoords_false_useTangents_false_capEnd_true) created and registered.
I0919 14:14:14.664610 2043707 AssetAttributesManager.cpp:117] Asset attributes (coneWireframe : coneWireframe_segments_32_halfLen_1.25) created and registered.
I0919 14:14:14.664618 2043707 AssetAttributesManager.cpp:117] Asset attributes (cubeSolid : cubeSolid) created and registered.
I0919 14:14:14.664625 2043707 AssetAttributesManager.cpp:117] Asset attributes (cubeWireframe : cubeWireframe) created and registered.
I0919 14:14:14.664645 2043707 AssetAttributesManager.cpp:117] Asset attributes (cylinderSolid : cylinderSolid_rings_1_segments_12_halfLen_1_useTexCoords_false_useTangents_false_capEnds_true) created and registered.
I0919 14:14:14.664662 2043707 AssetAttributesManager.cpp:117] Asset attributes (cylinderWireframe : cylinderWireframe_rings_1_segments_32_halfLen_1) created and registered.
I0919 14:14:14.664673 2043707 AssetAttributesManager.cpp:117] Asset attributes (icosphereSolid : icosphereSolid_subdivs_1) created and registered.
I0919 14:14:14.664681 2043707 AssetAttributesManager.cpp:117] Asset attributes (icosphereWireframe : icosphereWireframe_subdivs_1) created and registered.
I0919 14:14:14.664695 2043707 AssetAttributesManager.cpp:117] Asset attributes (uvSphereSolid : uvSphereSolid_rings_8_segments_16_useTexCoords_false_useTangents_false) created and registered.
I0919 14:14:14.664708 2043707 AssetAttributesManager.cpp:117] Asset attributes (uvSphereWireframe : uvSphereWireframe_rings_16_segments_32) created and registered.
I0919 14:14:14.664714 2043707 AssetAttributesManager.cpp:105] AssetAttributesManager::buildCtorFuncPtrMaps : Built default primitive asset templates : 12
I0919 14:14:14.665120 2043707 SceneDatasetAttributesManager.cpp:23] File (default) not found, so new default dataset attributes created and registered.
I0919 14:14:14.665123 2043707 MetadataMediator.cpp:47] MetadataMediator::createDataset : Dataset default successfully created.
I0919 14:14:14.665333 2043707 AttributesManagerBase.h:283] AttributesManager<T>::createFromJsonOrDefaultInternal  (Physics Manager) : Proposing JSON name : ./data/default.physics_config.json from original name : ./data/default.physics_config.json | This file  does not exist.
I0919 14:14:14.665354 2043707 PhysicsAttributesManager.cpp:27] File (./data/default.physics_config.json) not found, so new default physics manager attributes created and registered.
I0919 14:14:14.665356 2043707 AbstractObjectAttributesManagerBase.h:175] AbstractObjectAttributesManager<T>::createObject  (Stage) : Making attributes with handle : /mnt/data_nas/deeprobotics/daiyang/vla/third_party/ETP-R1/data/scene_datasets/mp3d/PuKPg4mmafe/PuKPg4mmafe.glb
I0919 14:14:14.665360 2043707 ManagedContainerBase.cpp:19] ManagedContainerBase::convertFilenameToJSON : Filename : /mnt/data_nas/deeprobotics/daiyang/vla/third_party/ETP-R1/data/scene_datasets/mp3d/PuKPg4mmafe/PuKPg4mmafe.glb changed to proposed JSON configuration filename : /mnt/data_nas/deeprobotics/daiyang/vla/third_party/ETP-R1/data/scene_datasets/mp3d/PuKPg4mmafe/PuKPg4mmafe.stage_config.json
I0919 14:14:14.665371 2043707 AttributesManagerBase.h:283] AttributesManager<T>::createFromJsonOrDefaultInternal  (Stage) : Proposing JSON name : /mnt/data_nas/deeprobotics/daiyang/vla/third_party/ETP-R1/data/scene_datasets/mp3d/PuKPg4mmafe/PuKPg4mmafe.stage_config.json from original name : /mnt/data_nas/deeprobotics/daiyang/vla/third_party/ETP-R1/data/scene_datasets/mp3d/PuKPg4mmafe/PuKPg4mmafe.glb | This file  does not exist.
I0919 14:14:14.665418 2043707 AbstractObjectAttributesManagerBase.h:181] AbstractObjectAttributesManager<T>::createObject  (Stage) : Done making attributes with handle : /mnt/data_nas/deeprobotics/daiyang/vla/third_party/ETP-R1/data/scene_datasets/mp3d/PuKPg4mmafe/PuKPg4mmafe.glb
I0919 14:14:14.665421 2043707 AbstractObjectAttributesManagerBase.h:188] File (/mnt/data_nas/deeprobotics/daiyang/vla/third_party/ETP-R1/data/scene_datasets/mp3d/PuKPg4mmafe/PuKPg4mmafe.glb) exists but is not a recognized config filename extension, so new default Stage attributes created and registered.
I0919 14:14:14.665424 2043707 Simulator.cpp:156] Loading navmesh from /mnt/data_nas/deeprobotics/daiyang/vla/third_party/ETP-R1/data/scene_datasets/mp3d/PuKPg4mmafe/PuKPg4mmafe.navmesh
I0919 14:14:14.666868 2043707 Simulator.cpp:158] Loaded.
I0919 14:14:14.666879 2043707 SceneGraph.h:93] Created DrawableGroup: 
Renderer: NVIDIA GeForce RTX 5090/PCIe/SSE2 by NVIDIA Corporation
OpenGL version: 4.6.0 NVIDIA 580.126.09
Using optional features:
    GL_ARB_ES2_compatibility
    GL_ARB_direct_state_access
    GL_ARB_get_texture_sub_image
    GL_ARB_invalidate_subdata
    GL_ARB_multi_bind
    GL_ARB_robustness
    GL_ARB_separate_shader_objects
    GL_ARB_texture_filter_anisotropic
    GL_ARB_texture_storage
    GL_ARB_texture_storage_multisample
    GL_ARB_vertex_array_object
    GL_KHR_debug
Using driver workarounds:
    no-forward-compatible-core-context
    nv-egl-incorrect-gl11-function-pointers
    no-layout-qualifiers-on-old-glsl
    nv-zero-context-profile-mask
    nv-implementation-color-read-format-dsa-broken
    nv-cubemap-inconsistent-compressed-image-size
    nv-cubemap-broken-full-compressed-image-query
    nv-compressed-block-size-in-bits
I0919 14:14:14.670563 2043707 ResourceManager.cpp:234] ResourceManager::loadStage : Not loading semantic mesh
I0919 14:14:14.670571 2043707 ResourceManager.cpp:262] ResourceManager::loadStage : start load render asset /mnt/data_nas/deeprobotics/daiyang/vla/third_party/ETP-R1/data/scene_datasets/mp3d/PuKPg4mmafe/PuKPg4mmafe.glb.
I0919 14:14:14.670573 2043707 ResourceManager.cpp:569] ResourceManager::loadStageInternal : Attempting to load stage /mnt/data_nas/deeprobotics/daiyang/vla/third_party/ETP-R1/data/scene_datasets/mp3d/PuKPg4mmafe/PuKPg4mmafe.glb 
I0919 14:14:14.670590 2043707 ResourceManager.cpp:1119] Importing Basis files as BC7 for PuKPg4mmafe.glb
W0919 14:14:19.289822 2043707 Simulator.cpp:248] :
---
 The active scene does not contain semantic annotations. 
---
I0919 14:14:19.310007 2043707 simulator.py:213] Loaded navmesh /mnt/data_nas/deeprobotics/daiyang/vla/third_party/ETP-R1/data/scene_datasets/mp3d/PuKPg4mmafe/PuKPg4mmafe.navmesh
I0919 14:18:15.778214 2043707 PhysicsManager.cpp:33] Deconstructing PhysicsManager
I0919 14:18:15.778285 2043707 SemanticScene.h:41] Deconstructing SemanticScene
I0919 14:18:15.779634 2043707 SceneManager.h:25] Deconstructing SceneManager
I0919 14:18:15.779644 2043707 SceneGraph.h:26] Deconstructing SceneGraph
I0919 14:18:15.780017 2043707 Sensor.h:87] Deconstructing Sensor
I0919 14:18:15.787246 2043707 Renderer.cpp:34] Deconstructing Renderer
I0919 14:18:15.787283 2043707 WindowlessContext.h:17] Deconstructing WindowlessContext
I0919 14:18:15.802297 2043707 ManagedContainerBase.cpp:19] ManagedContainerBase::convertFilenameToJSON : Filename : default changed to proposed JSON configuration filename : default.scene_dataset_config.json
I0919 14:18:15.802322 2043707 AttributesManagerBase.h:283] AttributesManager<T>::createFromJsonOrDefaultInternal  (Dataset) : Proposing JSON name : default.scene_dataset_config.json from original name : default | This file  does not exist.
I0919 14:18:15.802800 2043707 AssetAttributesManager.cpp:117] Asset attributes (capsule3DSolid : capsule3DSolid_hemiRings_4_cylRings_1_segments_12_halfLen_0.75_useTexCoords_false_useTangents_false) created and registered.
I0919 14:18:15.802846 2043707 AssetAttributesManager.cpp:117] Asset attributes (capsule3DWireframe : capsule3DWireframe_hemiRings_8_cylRings_1_segments_16_halfLen_1) created and registered.
I0919 14:18:15.802884 2043707 AssetAttributesManager.cpp:117] Asset attributes (coneSolid : coneSolid_segments_12_halfLen_1.25_rings_1_useTexCoords_false_useTangents_false_capEnd_true) created and registered.
I0919 14:18:15.802906 2043707 AssetAttributesManager.cpp:117] Asset attributes (coneWireframe : coneWireframe_segments_32_halfLen_1.25) created and registered.
I0919 14:18:15.802919 2043707 AssetAttributesManager.cpp:117] Asset attributes (cubeSolid : cubeSolid) created and registered.
I0919 14:18:15.802928 2043707 AssetAttributesManager.cpp:117] Asset attributes (cubeWireframe : cubeWireframe) created and registered.
I0919 14:18:15.802958 2043707 AssetAttributesManager.cpp:117] Asset attributes (cylinderSolid : cylinderSolid_rings_1_segments_12_halfLen_1_useTexCoords_false_useTangents_false_capEnds_true) created and registered.
I0919 14:18:15.802985 2043707 AssetAttributesManager.cpp:117] Asset attributes (cylinderWireframe : cylinderWireframe_rings_1_segments_32_halfLen_1) created and registered.
I0919 14:18:15.802999 2043707 AssetAttributesManager.cpp:117] Asset attributes (icosphereSolid : icosphereSolid_subdivs_1) created and registered.
I0919 14:18:15.803012 2043707 AssetAttributesManager.cpp:117] Asset attributes (icosphereWireframe : icosphereWireframe_subdivs_1) created and registered.
I0919 14:18:15.803033 2043707 AssetAttributesManager.cpp:117] Asset attributes (uvSphereSolid : uvSphereSolid_rings_8_segments_16_useTexCoords_false_useTangents_false) created and registered.
I0919 14:18:15.803053 2043707 AssetAttributesManager.cpp:117] Asset attributes (uvSphereWireframe : uvSphereWireframe_rings_16_segments_32) created and registered.
I0919 14:18:15.803062 2043707 AssetAttributesManager.cpp:105] AssetAttributesManager::buildCtorFuncPtrMaps : Built default primitive asset templates : 12
I0919 14:18:15.803714 2043707 SceneDatasetAttributesManager.cpp:23] File (default) not found, so new default dataset attributes created and registered.
I0919 14:18:15.803721 2043707 MetadataMediator.cpp:47] MetadataMediator::createDataset : Dataset default successfully created.
I0919 14:18:15.805253 2043707 AttributesManagerBase.h:283] AttributesManager<T>::createFromJsonOrDefaultInternal  (Physics Manager) : Proposing JSON name : ./data/default.physics_config.json from original name : ./data/default.physics_config.json | This file  does not exist.
I0919 14:18:15.805285 2043707 PhysicsAttributesManager.cpp:27] File (./data/default.physics_config.json) not found, so new default physics manager attributes created and registered.
I0919 14:18:15.805291 2043707 AbstractObjectAttributesManagerBase.h:175] AbstractObjectAttributesManager<T>::createObject  (Stage) : Making attributes with handle : /mnt/data_nas/deeprobotics/daiyang/vla/third_party/ETP-R1/data/scene_datasets/mp3d/aayBHfsNo7d/aayBHfsNo7d.glb
I0919 14:18:15.805305 2043707 ManagedContainerBase.cpp:19] ManagedContainerBase::convertFilenameToJSON : Filename : /mnt/data_nas/deeprobotics/daiyang/vla/third_party/ETP-R1/data/scene_datasets/mp3d/aayBHfsNo7d/aayBHfsNo7d.glb changed to proposed JSON configuration filename : /mnt/data_nas/deeprobotics/daiyang/vla/third_party/ETP-R1/data/scene_datasets/mp3d/aayBHfsNo7d/aayBHfsNo7d.stage_config.json
I0919 14:18:15.809361 2043707 AttributesManagerBase.h:283] AttributesManager<T>::createFromJsonOrDefaultInternal  (Stage) : Proposing JSON name : /mnt/data_nas/deeprobotics/daiyang/vla/third_party/ETP-R1/data/scene_datasets/mp3d/aayBHfsNo7d/aayBHfsNo7d.stage_config.json from original name : /mnt/data_nas/deeprobotics/daiyang/vla/third_party/ETP-R1/data/scene_datasets/mp3d/aayBHfsNo7d/aayBHfsNo7d.glb | This file  does not exist.
I0919 14:18:15.809454 2043707 AbstractObjectAttributesManagerBase.h:181] AbstractObjectAttributesManager<T>::createObject  (Stage) : Done making attributes with handle : /mnt/data_nas/deeprobotics/daiyang/vla/third_party/ETP-R1/data/scene_datasets/mp3d/aayBHfsNo7d/aayBHfsNo7d.glb
I0919 14:18:15.809458 2043707 AbstractObjectAttributesManagerBase.h:188] File (/mnt/data_nas/deeprobotics/daiyang/vla/third_party/ETP-R1/data/scene_datasets/mp3d/aayBHfsNo7d/aayBHfsNo7d.glb) exists but is not a recognized config filename extension, so new default Stage attributes created and registered.
I0919 14:18:15.809466 2043707 Simulator.cpp:156] Loading navmesh from /mnt/data_nas/deeprobotics/daiyang/vla/third_party/ETP-R1/data/scene_datasets/mp3d/aayBHfsNo7d/aayBHfsNo7d.navmesh
I0919 14:18:15.810822 2043707 Simulator.cpp:158] Loaded.
I0919 14:18:15.810833 2043707 SceneGraph.h:93] Created DrawableGroup: 
Renderer: NVIDIA GeForce RTX 5090/PCIe/SSE2 by NVIDIA Corporation
OpenGL version: 4.6.0 NVIDIA 580.126.09
Using optional features:
    GL_ARB_ES2_compatibility
    GL_ARB_direct_state_access
    GL_ARB_get_texture_sub_image
    GL_ARB_invalidate_subdata
    GL_ARB_multi_bind
    GL_ARB_robustness
    GL_ARB_separate_shader_objects
    GL_ARB_texture_filter_anisotropic
    GL_ARB_texture_storage
    GL_ARB_texture_storage_multisample
    GL_ARB_vertex_array_object
    GL_KHR_debug
Using driver workarounds:
    no-forward-compatible-core-context
    nv-egl-incorrect-gl11-function-pointers
    no-layout-qualifiers-on-old-glsl
    nv-zero-context-profile-mask
    nv-implementation-color-read-format-dsa-broken
    nv-cubemap-inconsistent-compressed-image-size
    nv-cubemap-broken-full-compressed-image-query
    nv-compressed-block-size-in-bits
I0919 14:18:15.815295 2043707 ResourceManager.cpp:234] ResourceManager::loadStage : Not loading semantic mesh
I0919 14:18:15.815305 2043707 ResourceManager.cpp:262] ResourceManager::loadStage : start load render asset /mnt/data_nas/deeprobotics/daiyang/vla/third_party/ETP-R1/data/scene_datasets/mp3d/aayBHfsNo7d/aayBHfsNo7d.glb.
I0919 14:18:15.815308 2043707 ResourceManager.cpp:569] ResourceManager::loadStageInternal : Attempting to load stage /mnt/data_nas/deeprobotics/daiyang/vla/third_party/ETP-R1/data/scene_datasets/mp3d/aayBHfsNo7d/aayBHfsNo7d.glb 
I0919 14:18:15.815328 2043707 ResourceManager.cpp:1119] Importing Basis files as BC7 for aayBHfsNo7d.glb
W0919 14:18:17.385290 2043707 Simulator.cpp:248] :
---
 The active scene does not contain semantic annotations. 
---
I0919 14:18:17.426719 2043707 simulator.py:213] Loaded navmesh /mnt/data_nas/deeprobotics/daiyang/vla/third_party/ETP-R1/data/scene_datasets/mp3d/aayBHfsNo7d/aayBHfsNo7d.navmesh
I0919 14:19:10.689297 2043707 PhysicsManager.cpp:33] Deconstructing PhysicsManager
I0919 14:19:10.689334 2043707 SemanticScene.h:41] Deconstructing SemanticScene
I0919 14:19:10.691787 2043707 SceneManager.h:25] Deconstructing SceneManager
I0919 14:19:10.691797 2043707 SceneGraph.h:26] Deconstructing SceneGraph
I0919 14:19:10.692276 2043707 Sensor.h:87] Deconstructing Sensor
I0919 14:19:10.694296 2043707 Renderer.cpp:34] Deconstructing Renderer
I0919 14:19:10.694317 2043707 WindowlessContext.h:17] Deconstructing WindowlessContext
I0919 14:19:10.700086 2043707 ManagedContainerBase.cpp:19] ManagedContainerBase::convertFilenameToJSON : Filename : default changed to proposed JSON configuration filename : default.scene_dataset_config.json
I0919 14:19:10.700101 2043707 AttributesManagerBase.h:283] AttributesManager<T>::createFromJsonOrDefaultInternal  (Dataset) : Proposing JSON name : default.scene_dataset_config.json from original name : default | This file  does not exist.
I0919 14:19:10.700429 2043707 AssetAttributesManager.cpp:117] Asset attributes (capsule3DSolid : capsule3DSolid_hemiRings_4_cylRings_1_segments_12_halfLen_0.75_useTexCoords_false_useTangents_false) created and registered.
I0919 14:19:10.700459 2043707 AssetAttributesManager.cpp:117] Asset attributes (capsule3DWireframe : capsule3DWireframe_hemiRings_8_cylRings_1_segments_16_halfLen_1) created and registered.
I0919 14:19:10.700482 2043707 AssetAttributesManager.cpp:117] Asset attributes (coneSolid : coneSolid_segments_12_halfLen_1.25_rings_1_useTexCoords_false_useTangents_false_capEnd_true) created and registered.
I0919 14:19:10.700496 2043707 AssetAttributesManager.cpp:117] Asset attributes (coneWireframe : coneWireframe_segments_32_halfLen_1.25) created and registered.
I0919 14:19:10.700506 2043707 AssetAttributesManager.cpp:117] Asset attributes (cubeSolid : cubeSolid) created and registered.
I0919 14:19:10.700512 2043707 AssetAttributesManager.cpp:117] Asset attributes (cubeWireframe : cubeWireframe) created and registered.
I0919 14:19:10.700532 2043707 AssetAttributesManager.cpp:117] Asset attributes (cylinderSolid : cylinderSolid_rings_1_segments_12_halfLen_1_useTexCoords_false_useTangents_false_capEnds_true) created and registered.
I0919 14:19:10.700549 2043707 AssetAttributesManager.cpp:117] Asset attributes (cylinderWireframe : cylinderWireframe_rings_1_segments_32_halfLen_1) created and registered.
I0919 14:19:10.700559 2043707 AssetAttributesManager.cpp:117] Asset attributes (icosphereSolid : icosphereSolid_subdivs_1) created and registered.
I0919 14:19:10.700568 2043707 AssetAttributesManager.cpp:117] Asset attributes (icosphereWireframe : icosphereWireframe_subdivs_1) created and registered.
I0919 14:19:10.700582 2043707 AssetAttributesManager.cpp:117] Asset attributes (uvSphereSolid : uvSphereSolid_rings_8_segments_16_useTexCoords_false_useTangents_false) created and registered.
I0919 14:19:10.700594 2043707 AssetAttributesManager.cpp:117] Asset attributes (uvSphereWireframe : uvSphereWireframe_rings_16_segments_32) created and registered.
I0919 14:19:10.700600 2043707 AssetAttributesManager.cpp:105] AssetAttributesManager::buildCtorFuncPtrMaps : Built default primitive asset templates : 12
I0919 14:19:10.700985 2043707 SceneDatasetAttributesManager.cpp:23] File (default) not found, so new default dataset attributes created and registered.
I0919 14:19:10.700987 2043707 MetadataMediator.cpp:47] MetadataMediator::createDataset : Dataset default successfully created.
I0919 14:19:10.701179 2043707 AttributesManagerBase.h:283] AttributesManager<T>::createFromJsonOrDefaultInternal  (Physics Manager) : Proposing JSON name : ./data/default.physics_config.json from original name : ./data/default.physics_config.json | This file  does not exist.
I0919 14:19:10.701192 2043707 PhysicsAttributesManager.cpp:27] File (./data/default.physics_config.json) not found, so new default physics manager attributes created and registered.
I0919 14:19:10.701195 2043707 AbstractObjectAttributesManagerBase.h:175] AbstractObjectAttributesManager<T>::createObject  (Stage) : Making attributes with handle : /mnt/data_nas/deeprobotics/daiyang/vla/third_party/ETP-R1/data/scene_datasets/mp3d/82sE5b5pLXE/82sE5b5pLXE.glb
I0919 14:19:10.701200 2043707 ManagedContainerBase.cpp:19] ManagedContainerBase::convertFilenameToJSON : Filename : /mnt/data_nas/deeprobotics/daiyang/vla/third_party/ETP-R1/data/scene_datasets/mp3d/82sE5b5pLXE/82sE5b5pLXE.glb changed to proposed JSON configuration filename : /mnt/data_nas/deeprobotics/daiyang/vla/third_party/ETP-R1/data/scene_datasets/mp3d/82sE5b5pLXE/82sE5b5pLXE.stage_config.json
I0919 14:19:10.701215 2043707 AttributesManagerBase.h:283] AttributesManager<T>::createFromJsonOrDefaultInternal  (Stage) : Proposing JSON name : /mnt/data_nas/deeprobotics/daiyang/vla/third_party/ETP-R1/data/scene_datasets/mp3d/82sE5b5pLXE/82sE5b5pLXE.stage_config.json from original name : /mnt/data_nas/deeprobotics/daiyang/vla/third_party/ETP-R1/data/scene_datasets/mp3d/82sE5b5pLXE/82sE5b5pLXE.glb | This file  does not exist.
I0919 14:19:10.701264 2043707 AbstractObjectAttributesManagerBase.h:181] AbstractObjectAttributesManager<T>::createObject  (Stage) : Done making attributes with handle : /mnt/data_nas/deeprobotics/daiyang/vla/third_party/ETP-R1/data/scene_datasets/mp3d/82sE5b5pLXE/82sE5b5pLXE.glb
I0919 14:19:10.701267 2043707 AbstractObjectAttributesManagerBase.h:188] File (/mnt/data_nas/deeprobotics/daiyang/vla/third_party/ETP-R1/data/scene_datasets/mp3d/82sE5b5pLXE/82sE5b5pLXE.glb) exists but is not a recognized config filename extension, so new default Stage attributes created and registered.
I0919 14:19:10.701277 2043707 Simulator.cpp:156] Loading navmesh from /mnt/data_nas/deeprobotics/daiyang/vla/third_party/ETP-R1/data/scene_datasets/mp3d/82sE5b5pLXE/82sE5b5pLXE.navmesh
I0919 14:19:10.702366 2043707 Simulator.cpp:158] Loaded.
I0919 14:19:10.702373 2043707 SceneGraph.h:93] Created DrawableGroup: 
Renderer: NVIDIA GeForce RTX 5090/PCIe/SSE2 by NVIDIA Corporation
OpenGL version: 4.6.0 NVIDIA 580.126.09
Using optional features:
    GL_ARB_ES2_compatibility
    GL_ARB_direct_state_access
    GL_ARB_get_texture_sub_image
    GL_ARB_invalidate_subdata
    GL_ARB_multi_bind
    GL_ARB_robustness
    GL_ARB_separate_shader_objects
    GL_ARB_texture_filter_anisotropic
    GL_ARB_texture_storage
    GL_ARB_texture_storage_multisample
    GL_ARB_vertex_array_object
    GL_KHR_debug
Using driver workarounds:
    no-forward-compatible-core-context
    nv-egl-incorrect-gl11-function-pointers
    no-layout-qualifiers-on-old-glsl
    nv-zero-context-profile-mask
    nv-implementation-color-read-format-dsa-broken
    nv-cubemap-inconsistent-compressed-image-size
    nv-cubemap-broken-full-compressed-image-query
    nv-compressed-block-size-in-bits
I0919 14:19:10.705912 2043707 ResourceManager.cpp:234] ResourceManager::loadStage : Not loading semantic mesh
I0919 14:19:10.705920 2043707 ResourceManager.cpp:262] ResourceManager::loadStage : start load render asset /mnt/data_nas/deeprobotics/daiyang/vla/third_party/ETP-R1/data/scene_datasets/mp3d/82sE5b5pLXE/82sE5b5pLXE.glb.
I0919 14:19:10.705922 2043707 ResourceManager.cpp:569] ResourceManager::loadStageInternal : Attempting to load stage /mnt/data_nas/deeprobotics/daiyang/vla/third_party/ETP-R1/data/scene_datasets/mp3d/82sE5b5pLXE/82sE5b5pLXE.glb 
I0919 14:19:10.705937 2043707 ResourceManager.cpp:1119] Importing Basis files as BC7 for 82sE5b5pLXE.glb
W0919 14:19:12.824226 2043707 Simulator.cpp:248] :
---
 The active scene does not contain semantic annotations. 
---
I0919 14:19:12.860649 2043707 simulator.py:213] Loaded navmesh /mnt/data_nas/deeprobotics/daiyang/vla/third_party/ETP-R1/data/scene_datasets/mp3d/82sE5b5pLXE/82sE5b5pLXE.navmesh
I0919 14:21:27.200402 2043707 PhysicsManager.cpp:33] Deconstructing PhysicsManager
I0919 14:21:27.200453 2043707 SemanticScene.h:41] Deconstructing SemanticScene
I0919 14:21:27.202196 2043707 SceneManager.h:25] Deconstructing SceneManager
I0919 14:21:27.202203 2043707 SceneGraph.h:26] Deconstructing SceneGraph
I0919 14:21:27.202472 2043707 Sensor.h:87] Deconstructing Sensor
I0919 14:21:27.206036 2043707 Renderer.cpp:34] Deconstructing Renderer
I0919 14:21:27.206060 2043707 WindowlessContext.h:17] Deconstructing WindowlessContext
I0919 14:21:27.212195 2043707 ManagedContainerBase.cpp:19] ManagedContainerBase::convertFilenameToJSON : Filename : default changed to proposed JSON configuration filename : default.scene_dataset_config.json
I0919 14:21:27.212212 2043707 AttributesManagerBase.h:283] AttributesManager<T>::createFromJsonOrDefaultInternal  (Dataset) : Proposing JSON name : default.scene_dataset_config.json from original name : default | This file  does not exist.
I0919 14:21:27.212447 2043707 AssetAttributesManager.cpp:117] Asset attributes (capsule3DSolid : capsule3DSolid_hemiRings_4_cylRings_1_segments_12_halfLen_0.75_useTexCoords_false_useTangents_false) created and registered.
I0919 14:21:27.212473 2043707 AssetAttributesManager.cpp:117] Asset attributes (capsule3DWireframe : capsule3DWireframe_hemiRings_8_cylRings_1_segments_16_halfLen_1) created and registered.
I0919 14:21:27.212496 2043707 AssetAttributesManager.cpp:117] Asset attributes (coneSolid : coneSolid_segments_12_halfLen_1.25_rings_1_useTexCoords_false_useTangents_false_capEnd_true) created and registered.
I0919 14:21:27.212509 2043707 AssetAttributesManager.cpp:117] Asset attributes (coneWireframe : coneWireframe_segments_32_halfLen_1.25) created and registered.
I0919 14:21:27.212517 2043707 AssetAttributesManager.cpp:117] Asset attributes (cubeSolid : cubeSolid) created and registered.
I0919 14:21:27.212524 2043707 AssetAttributesManager.cpp:117] Asset attributes (cubeWireframe : cubeWireframe) created and registered.
I0919 14:21:27.212543 2043707 AssetAttributesManager.cpp:117] Asset attributes (cylinderSolid : cylinderSolid_rings_1_segments_12_halfLen_1_useTexCoords_false_useTangents_false_capEnds_true) created and registered.
I0919 14:21:27.212559 2043707 AssetAttributesManager.cpp:117] Asset attributes (cylinderWireframe : cylinderWireframe_rings_1_segments_32_halfLen_1) created and registered.
I0919 14:21:27.212568 2043707 AssetAttributesManager.cpp:117] Asset attributes (icosphereSolid : icosphereSolid_subdivs_1) created and registered.
I0919 14:21:27.212577 2043707 AssetAttributesManager.cpp:117] Asset attributes (icosphereWireframe : icosphereWireframe_subdivs_1) created and registered.
I0919 14:21:27.212591 2043707 AssetAttributesManager.cpp:117] Asset attributes (uvSphereSolid : uvSphereSolid_rings_8_segments_16_useTexCoords_false_useTangents_false) created and registered.
I0919 14:21:27.212603 2043707 AssetAttributesManager.cpp:117] Asset attributes (uvSphereWireframe : uvSphereWireframe_rings_16_segments_32) created and registered.
I0919 14:21:27.212610 2043707 AssetAttributesManager.cpp:105] AssetAttributesManager::buildCtorFuncPtrMaps : Built default primitive asset templates : 12
I0919 14:21:27.213004 2043707 SceneDatasetAttributesManager.cpp:23] File (default) not found, so new default dataset attributes created and registered.
I0919 14:21:27.213007 2043707 MetadataMediator.cpp:47] MetadataMediator::createDataset : Dataset default successfully created.
I0919 14:21:27.213200 2043707 AttributesManagerBase.h:283] AttributesManager<T>::createFromJsonOrDefaultInternal  (Physics Manager) : Proposing JSON name : ./data/default.physics_config.json from original name : ./data/default.physics_config.json | This file  does not exist.
I0919 14:21:27.213212 2043707 PhysicsAttributesManager.cpp:27] File (./data/default.physics_config.json) not found, so new default physics manager attributes created and registered.
I0919 14:21:27.213214 2043707 AbstractObjectAttributesManagerBase.h:175] AbstractObjectAttributesManager<T>::createObject  (Stage) : Making attributes with handle : /mnt/data_nas/deeprobotics/daiyang/vla/third_party/ETP-R1/data/scene_datasets/mp3d/B6ByNegPMKs/B6ByNegPMKs.glb
I0919 14:21:27.213218 2043707 ManagedContainerBase.cpp:19] ManagedContainerBase::convertFilenameToJSON : Filename : /mnt/data_nas/deeprobotics/daiyang/vla/third_party/ETP-R1/data/scene_datasets/mp3d/B6ByNegPMKs/B6ByNegPMKs.glb changed to proposed JSON configuration filename : /mnt/data_nas/deeprobotics/daiyang/vla/third_party/ETP-R1/data/scene_datasets/mp3d/B6ByNegPMKs/B6ByNegPMKs.stage_config.json
I0919 14:21:27.213229 2043707 AttributesManagerBase.h:283] AttributesManager<T>::createFromJsonOrDefaultInternal  (Stage) : Proposing JSON name : /mnt/data_nas/deeprobotics/daiyang/vla/third_party/ETP-R1/data/scene_datasets/mp3d/B6ByNegPMKs/B6ByNegPMKs.stage_config.json from original name : /mnt/data_nas/deeprobotics/daiyang/vla/third_party/ETP-R1/data/scene_datasets/mp3d/B6ByNegPMKs/B6ByNegPMKs.glb | This file  does not exist.
I0919 14:21:27.213287 2043707 AbstractObjectAttributesManagerBase.h:181] AbstractObjectAttributesManager<T>::createObject  (Stage) : Done making attributes with handle : /mnt/data_nas/deeprobotics/daiyang/vla/third_party/ETP-R1/data/scene_datasets/mp3d/B6ByNegPMKs/B6ByNegPMKs.glb
I0919 14:21:27.213289 2043707 AbstractObjectAttributesManagerBase.h:188] File (/mnt/data_nas/deeprobotics/daiyang/vla/third_party/ETP-R1/data/scene_datasets/mp3d/B6ByNegPMKs/B6ByNegPMKs.glb) exists but is not a recognized config filename extension, so new default Stage attributes created and registered.
I0919 14:21:27.213294 2043707 Simulator.cpp:156] Loading navmesh from /mnt/data_nas/deeprobotics/daiyang/vla/third_party/ETP-R1/data/scene_datasets/mp3d/B6ByNegPMKs/B6ByNegPMKs.navmesh
I0919 14:21:27.214689 2043707 Simulator.cpp:158] Loaded.
I0919 14:21:27.214696 2043707 SceneGraph.h:93] Created DrawableGroup: 
Renderer: NVIDIA GeForce RTX 5090/PCIe/SSE2 by NVIDIA Corporation
OpenGL version: 4.6.0 NVIDIA 580.126.09
Using optional features:
    GL_ARB_ES2_compatibility
    GL_ARB_direct_state_access
    GL_ARB_get_texture_sub_image
    GL_ARB_invalidate_subdata
    GL_ARB_multi_bind
    GL_ARB_robustness
    GL_ARB_separate_shader_objects
    GL_ARB_texture_filter_anisotropic
    GL_ARB_texture_storage
    GL_ARB_texture_storage_multisample
    GL_ARB_vertex_array_object
    GL_KHR_debug
Using driver workarounds:
    no-forward-compatible-core-context
    nv-egl-incorrect-gl11-function-pointers
    no-layout-qualifiers-on-old-glsl
    nv-zero-context-profile-mask
    nv-implementation-color-read-format-dsa-broken
    nv-cubemap-inconsistent-compressed-image-size
    nv-cubemap-broken-full-compressed-image-query
    nv-compressed-block-size-in-bits
I0919 14:21:27.218144 2043707 ResourceManager.cpp:234] ResourceManager::loadStage : Not loading semantic mesh
I0919 14:21:27.218152 2043707 ResourceManager.cpp:262] ResourceManager::loadStage : start load render asset /mnt/data_nas/deeprobotics/daiyang/vla/third_party/ETP-R1/data/scene_datasets/mp3d/B6ByNegPMKs/B6ByNegPMKs.glb.
I0919 14:21:27.218155 2043707 ResourceManager.cpp:569] ResourceManager::loadStageInternal : Attempting to load stage /mnt/data_nas/deeprobotics/daiyang/vla/third_party/ETP-R1/data/scene_datasets/mp3d/B6ByNegPMKs/B6ByNegPMKs.glb 
I0919 14:21:27.218170 2043707 ResourceManager.cpp:1119] Importing Basis files as BC7 for B6ByNegPMKs.glb
W0919 14:21:37.073202 2043707 Simulator.cpp:248] :
---
 The active scene does not contain semantic annotations. 
---
I0919 14:21:37.275901 2043707 simulator.py:213] Loaded navmesh /mnt/data_nas/deeprobotics/daiyang/vla/third_party/ETP-R1/data/scene_datasets/mp3d/B6ByNegPMKs/B6ByNegPMKs.navmesh
I0919 14:22:28.022518 2043707 PhysicsManager.cpp:33] Deconstructing PhysicsManager
I0919 14:22:28.022552 2043707 SemanticScene.h:41] Deconstructing SemanticScene
I0919 14:22:28.038352 2043707 SceneManager.h:25] Deconstructing SceneManager
I0919 14:22:28.038369 2043707 SceneGraph.h:26] Deconstructing SceneGraph
I0919 14:22:28.038859 2043707 Sensor.h:87] Deconstructing Sensor
I0919 14:22:28.052192 2043707 Renderer.cpp:34] Deconstructing Renderer
I0919 14:22:28.052233 2043707 WindowlessContext.h:17] Deconstructing WindowlessContext
I0919 14:22:28.072618 2043707 ManagedContainerBase.cpp:19] ManagedContainerBase::convertFilenameToJSON : Filename : default changed to proposed JSON configuration filename : default.scene_dataset_config.json
I0919 14:22:28.072641 2043707 AttributesManagerBase.h:283] AttributesManager<T>::createFromJsonOrDefaultInternal  (Dataset) : Proposing JSON name : default.scene_dataset_config.json from original name : default | This file  does not exist.
I0919 14:22:28.072829 2043707 AssetAttributesManager.cpp:117] Asset attributes (capsule3DSolid : capsule3DSolid_hemiRings_4_cylRings_1_segments_12_halfLen_0.75_useTexCoords_false_useTangents_false) created and registered.
I0919 14:22:28.072856 2043707 AssetAttributesManager.cpp:117] Asset attributes (capsule3DWireframe : capsule3DWireframe_hemiRings_8_cylRings_1_segments_16_halfLen_1) created and registered.
I0919 14:22:28.072890 2043707 AssetAttributesManager.cpp:117] Asset attributes (coneSolid : coneSolid_segments_12_halfLen_1.25_rings_1_useTexCoords_false_useTangents_false_capEnd_true) created and registered.
I0919 14:22:28.072906 2043707 AssetAttributesManager.cpp:117] Asset attributes (coneWireframe : coneWireframe_segments_32_halfLen_1.25) created and registered.
I0919 14:22:28.072913 2043707 AssetAttributesManager.cpp:117] Asset attributes (cubeSolid : cubeSolid) created and registered.
I0919 14:22:28.072921 2043707 AssetAttributesManager.cpp:117] Asset attributes (cubeWireframe : cubeWireframe) created and registered.
I0919 14:22:28.072939 2043707 AssetAttributesManager.cpp:117] Asset attributes (cylinderSolid : cylinderSolid_rings_1_segments_12_halfLen_1_useTexCoords_false_useTangents_false_capEnds_true) created and registered.
I0919 14:22:28.072956 2043707 AssetAttributesManager.cpp:117] Asset attributes (cylinderWireframe : cylinderWireframe_rings_1_segments_32_halfLen_1) created and registered.
I0919 14:22:28.072966 2043707 AssetAttributesManager.cpp:117] Asset attributes (icosphereSolid : icosphereSolid_subdivs_1) created and registered.
I0919 14:22:28.072975 2043707 AssetAttributesManager.cpp:117] Asset attributes (icosphereWireframe : icosphereWireframe_subdivs_1) created and registered.
I0919 14:22:28.072990 2043707 AssetAttributesManager.cpp:117] Asset attributes (uvSphereSolid : uvSphereSolid_rings_8_segments_16_useTexCoords_false_useTangents_false) created and registered.
I0919 14:22:28.073002 2043707 AssetAttributesManager.cpp:117] Asset attributes (uvSphereWireframe : uvSphereWireframe_rings_16_segments_32) created and registered.
I0919 14:22:28.073009 2043707 AssetAttributesManager.cpp:105] AssetAttributesManager::buildCtorFuncPtrMaps : Built default primitive asset templates : 12
I0919 14:22:28.073415 2043707 SceneDatasetAttributesManager.cpp:23] File (default) not found, so new default dataset attributes created and registered.
I0919 14:22:28.073418 2043707 MetadataMediator.cpp:47] MetadataMediator::createDataset : Dataset default successfully created.
I0919 14:22:28.073623 2043707 AttributesManagerBase.h:283] AttributesManager<T>::createFromJsonOrDefaultInternal  (Physics Manager) : Proposing JSON name : ./data/default.physics_config.json from original name : ./data/default.physics_config.json | This file  does not exist.
I0919 14:22:28.073635 2043707 PhysicsAttributesManager.cpp:27] File (./data/default.physics_config.json) not found, so new default physics manager attributes created and registered.
I0919 14:22:28.073638 2043707 AbstractObjectAttributesManagerBase.h:175] AbstractObjectAttributesManager<T>::createObject  (Stage) : Making attributes with handle : /mnt/data_nas/deeprobotics/daiyang/vla/third_party/ETP-R1/data/scene_datasets/mp3d/PuKPg4mmafe/PuKPg4mmafe.glb
I0919 14:22:28.073642 2043707 ManagedContainerBase.cpp:19] ManagedContainerBase::convertFilenameToJSON : Filename : /mnt/data_nas/deeprobotics/daiyang/vla/third_party/ETP-R1/data/scene_datasets/mp3d/PuKPg4mmafe/PuKPg4mmafe.glb changed to proposed JSON configuration filename : /mnt/data_nas/deeprobotics/daiyang/vla/third_party/ETP-R1/data/scene_datasets/mp3d/PuKPg4mmafe/PuKPg4mmafe.stage_config.json
I0919 14:22:28.073654 2043707 AttributesManagerBase.h:283] AttributesManager<T>::createFromJsonOrDefaultInternal  (Stage) : Proposing JSON name : /mnt/data_nas/deeprobotics/daiyang/vla/third_party/ETP-R1/data/scene_datasets/mp3d/PuKPg4mmafe/PuKPg4mmafe.stage_config.json from original name : /mnt/data_nas/deeprobotics/daiyang/vla/third_party/ETP-R1/data/scene_datasets/mp3d/PuKPg4mmafe/PuKPg4mmafe.glb | This file  does not exist.
I0919 14:22:28.073702 2043707 AbstractObjectAttributesManagerBase.h:181] AbstractObjectAttributesManager<T>::createObject  (Stage) : Done making attributes with handle : /mnt/data_nas/deeprobotics/daiyang/vla/third_party/ETP-R1/data/scene_datasets/mp3d/PuKPg4mmafe/PuKPg4mmafe.glb
I0919 14:22:28.073704 2043707 AbstractObjectAttributesManagerBase.h:188] File (/mnt/data_nas/deeprobotics/daiyang/vla/third_party/ETP-R1/data/scene_datasets/mp3d/PuKPg4mmafe/PuKPg4mmafe.glb) exists but is not a recognized config filename extension, so new default Stage attributes created and registered.
I0919 14:22:28.073714 2043707 Simulator.cpp:156] Loading navmesh from /mnt/data_nas/deeprobotics/daiyang/vla/third_party/ETP-R1/data/scene_datasets/mp3d/PuKPg4mmafe/PuKPg4mmafe.navmesh
I0919 14:22:28.074697 2043707 Simulator.cpp:158] Loaded.
I0919 14:22:28.074708 2043707 SceneGraph.h:93] Created DrawableGroup: 
Renderer: NVIDIA GeForce RTX 5090/PCIe/SSE2 by NVIDIA Corporation
OpenGL version: 4.6.0 NVIDIA 580.126.09
Using optional features:
    GL_ARB_ES2_compatibility
    GL_ARB_direct_state_access
    GL_ARB_get_texture_sub_image
    GL_ARB_invalidate_subdata
    GL_ARB_multi_bind
    GL_ARB_robustness
    GL_ARB_separate_shader_objects
    GL_ARB_texture_filter_anisotropic
    GL_ARB_texture_storage
    GL_ARB_texture_storage_multisample
    GL_ARB_vertex_array_object
    GL_KHR_debug
Using driver workarounds:
    no-forward-compatible-core-context
    nv-egl-incorrect-gl11-function-pointers
    no-layout-qualifiers-on-old-glsl
    nv-zero-context-profile-mask
    nv-implementation-color-read-format-dsa-broken
    nv-cubemap-inconsistent-compressed-image-size
    nv-cubemap-broken-full-compressed-image-query
    nv-compressed-block-size-in-bits
I0919 14:22:28.078455 2043707 ResourceManager.cpp:234] ResourceManager::loadStage : Not loading semantic mesh
I0919 14:22:28.078464 2043707 ResourceManager.cpp:262] ResourceManager::loadStage : start load render asset /mnt/data_nas/deeprobotics/daiyang/vla/third_party/ETP-R1/data/scene_datasets/mp3d/PuKPg4mmafe/PuKPg4mmafe.glb.
I0919 14:22:28.078466 2043707 ResourceManager.cpp:569] ResourceManager::loadStageInternal : Attempting to load stage /mnt/data_nas/deeprobotics/daiyang/vla/third_party/ETP-R1/data/scene_datasets/mp3d/PuKPg4mmafe/PuKPg4mmafe.glb 
I0919 14:22:28.078485 2043707 ResourceManager.cpp:1119] Importing Basis files as BC7 for PuKPg4mmafe.glb
W0919 14:22:32.765583 2043707 Simulator.cpp:248] :
---
 The active scene does not contain semantic annotations. 
---
I0919 14:22:32.785487 2043707 simulator.py:213] Loaded navmesh /mnt/data_nas/deeprobotics/daiyang/vla/third_party/ETP-R1/data/scene_datasets/mp3d/PuKPg4mmafe/PuKPg4mmafe.navmesh
I0919 14:25:03.132187 2043707 PhysicsManager.cpp:33] Deconstructing PhysicsManager
I0919 14:25:03.132243 2043707 SemanticScene.h:41] Deconstructing SemanticScene
I0919 14:25:03.133224 2043707 SceneManager.h:25] Deconstructing SceneManager
I0919 14:25:03.133229 2043707 SceneGraph.h:26] Deconstructing SceneGraph
I0919 14:25:03.133517 2043707 Sensor.h:87] Deconstructing Sensor
I0919 14:25:03.139351 2043707 Renderer.cpp:34] Deconstructing Renderer
I0919 14:25:03.139380 2043707 WindowlessContext.h:17] Deconstructing WindowlessContext
I0919 14:25:03.153710 2043707 ManagedContainerBase.cpp:19] ManagedContainerBase::convertFilenameToJSON : Filename : default changed to proposed JSON configuration filename : default.scene_dataset_config.json
I0919 14:25:03.153730 2043707 AttributesManagerBase.h:283] AttributesManager<T>::createFromJsonOrDefaultInternal  (Dataset) : Proposing JSON name : default.scene_dataset_config.json from original name : default | This file  does not exist.
I0919 14:25:03.154006 2043707 AssetAttributesManager.cpp:117] Asset attributes (capsule3DSolid : capsule3DSolid_hemiRings_4_cylRings_1_segments_12_halfLen_0.75_useTexCoords_false_useTangents_false) created and registered.
I0919 14:25:03.154033 2043707 AssetAttributesManager.cpp:117] Asset attributes (capsule3DWireframe : capsule3DWireframe_hemiRings_8_cylRings_1_segments_16_halfLen_1) created and registered.
I0919 14:25:03.154057 2043707 AssetAttributesManager.cpp:117] Asset attributes (coneSolid : coneSolid_segments_12_halfLen_1.25_rings_1_useTexCoords_false_useTangents_false_capEnd_true) created and registered.
I0919 14:25:03.154071 2043707 AssetAttributesManager.cpp:117] Asset attributes (coneWireframe : coneWireframe_segments_32_halfLen_1.25) created and registered.
I0919 14:25:03.154088 2043707 AssetAttributesManager.cpp:117] Asset attributes (cubeSolid : cubeSolid) created and registered.
I0919 14:25:03.154095 2043707 AssetAttributesManager.cpp:117] Asset attributes (cubeWireframe : cubeWireframe) created and registered.
I0919 14:25:03.154115 2043707 AssetAttributesManager.cpp:117] Asset attributes (cylinderSolid : cylinderSolid_rings_1_segments_12_halfLen_1_useTexCoords_false_useTangents_false_capEnds_true) created and registered.
I0919 14:25:03.154134 2043707 AssetAttributesManager.cpp:117] Asset attributes (cylinderWireframe : cylinderWireframe_rings_1_segments_32_halfLen_1) created and registered.
I0919 14:25:03.154143 2043707 AssetAttributesManager.cpp:117] Asset attributes (icosphereSolid : icosphereSolid_subdivs_1) created and registered.
I0919 14:25:03.154152 2043707 AssetAttributesManager.cpp:117] Asset attributes (icosphereWireframe : icosphereWireframe_subdivs_1) created and registered.
I0919 14:25:03.154167 2043707 AssetAttributesManager.cpp:117] Asset attributes (uvSphereSolid : uvSphereSolid_rings_8_segments_16_useTexCoords_false_useTangents_false) created and registered.
I0919 14:25:03.154181 2043707 AssetAttributesManager.cpp:117] Asset attributes (uvSphereWireframe : uvSphereWireframe_rings_16_segments_32) created and registered.
I0919 14:25:03.154186 2043707 AssetAttributesManager.cpp:105] AssetAttributesManager::buildCtorFuncPtrMaps : Built default primitive asset templates : 12
I0919 14:25:03.154592 2043707 SceneDatasetAttributesManager.cpp:23] File (default) not found, so new default dataset attributes created and registered.
I0919 14:25:03.154594 2043707 MetadataMediator.cpp:47] MetadataMediator::createDataset : Dataset default successfully created.
I0919 14:25:03.154798 2043707 AttributesManagerBase.h:283] AttributesManager<T>::createFromJsonOrDefaultInternal  (Physics Manager) : Proposing JSON name : ./data/default.physics_config.json from original name : ./data/default.physics_config.json | This file  does not exist.
I0919 14:25:03.154810 2043707 PhysicsAttributesManager.cpp:27] File (./data/default.physics_config.json) not found, so new default physics manager attributes created and registered.
I0919 14:25:03.154814 2043707 AbstractObjectAttributesManagerBase.h:175] AbstractObjectAttributesManager<T>::createObject  (Stage) : Making attributes with handle : /mnt/data_nas/deeprobotics/daiyang/vla/third_party/ETP-R1/data/scene_datasets/mp3d/aayBHfsNo7d/aayBHfsNo7d.glb
I0919 14:25:03.154819 2043707 ManagedContainerBase.cpp:19] ManagedContainerBase::convertFilenameToJSON : Filename : /mnt/data_nas/deeprobotics/daiyang/vla/third_party/ETP-R1/data/scene_datasets/mp3d/aayBHfsNo7d/aayBHfsNo7d.glb changed to proposed JSON configuration filename : /mnt/data_nas/deeprobotics/daiyang/vla/third_party/ETP-R1/data/scene_datasets/mp3d/aayBHfsNo7d/aayBHfsNo7d.stage_config.json
I0919 14:25:03.154829 2043707 AttributesManagerBase.h:283] AttributesManager<T>::createFromJsonOrDefaultInternal  (Stage) : Proposing JSON name : /mnt/data_nas/deeprobotics/daiyang/vla/third_party/ETP-R1/data/scene_datasets/mp3d/aayBHfsNo7d/aayBHfsNo7d.stage_config.json from original name : /mnt/data_nas/deeprobotics/daiyang/vla/third_party/ETP-R1/data/scene_datasets/mp3d/aayBHfsNo7d/aayBHfsNo7d.glb | This file  does not exist.
I0919 14:25:03.154877 2043707 AbstractObjectAttributesManagerBase.h:181] AbstractObjectAttributesManager<T>::createObject  (Stage) : Done making attributes with handle : /mnt/data_nas/deeprobotics/daiyang/vla/third_party/ETP-R1/data/scene_datasets/mp3d/aayBHfsNo7d/aayBHfsNo7d.glb
I0919 14:25:03.154879 2043707 AbstractObjectAttributesManagerBase.h:188] File (/mnt/data_nas/deeprobotics/daiyang/vla/third_party/ETP-R1/data/scene_datasets/mp3d/aayBHfsNo7d/aayBHfsNo7d.glb) exists but is not a recognized config filename extension, so new default Stage attributes created and registered.
I0919 14:25:03.154884 2043707 Simulator.cpp:156] Loading navmesh from /mnt/data_nas/deeprobotics/daiyang/vla/third_party/ETP-R1/data/scene_datasets/mp3d/aayBHfsNo7d/aayBHfsNo7d.navmesh
I0919 14:25:03.155689 2043707 Simulator.cpp:158] Loaded.
I0919 14:25:03.155697 2043707 SceneGraph.h:93] Created DrawableGroup: 
Renderer: NVIDIA GeForce RTX 5090/PCIe/SSE2 by NVIDIA Corporation
OpenGL version: 4.6.0 NVIDIA 580.126.09
Using optional features:
    GL_ARB_ES2_compatibility
    GL_ARB_direct_state_access
    GL_ARB_get_texture_sub_image
    GL_ARB_invalidate_subdata
    GL_ARB_multi_bind
    GL_ARB_robustness
    GL_ARB_separate_shader_objects
    GL_ARB_texture_filter_anisotropic
    GL_ARB_texture_storage
    GL_ARB_texture_storage_multisample
    GL_ARB_vertex_array_object
    GL_KHR_debug
Using driver workarounds:
    no-forward-compatible-core-context
    nv-egl-incorrect-gl11-function-pointers
    no-layout-qualifiers-on-old-glsl
    nv-zero-context-profile-mask
    nv-implementation-color-read-format-dsa-broken
    nv-cubemap-inconsistent-compressed-image-size
    nv-cubemap-broken-full-compressed-image-query
    nv-compressed-block-size-in-bits
I0919 14:25:03.159415 2043707 ResourceManager.cpp:234] ResourceManager::loadStage : Not loading semantic mesh
I0919 14:25:03.159423 2043707 ResourceManager.cpp:262] ResourceManager::loadStage : start load render asset /mnt/data_nas/deeprobotics/daiyang/vla/third_party/ETP-R1/data/scene_datasets/mp3d/aayBHfsNo7d/aayBHfsNo7d.glb.
I0919 14:25:03.159425 2043707 ResourceManager.cpp:569] ResourceManager::loadStageInternal : Attempting to load stage /mnt/data_nas/deeprobotics/daiyang/vla/third_party/ETP-R1/data/scene_datasets/mp3d/aayBHfsNo7d/aayBHfsNo7d.glb 
I0919 14:25:03.159442 2043707 ResourceManager.cpp:1119] Importing Basis files as BC7 for aayBHfsNo7d.glb
W0919 14:25:04.727789 2043707 Simulator.cpp:248] :
---
 The active scene does not contain semantic annotations. 
---
I0919 14:25:04.768525 2043707 simulator.py:213] Loaded navmesh /mnt/data_nas/deeprobotics/daiyang/vla/third_party/ETP-R1/data/scene_datasets/mp3d/aayBHfsNo7d/aayBHfsNo7d.navmesh
I0919 14:25:56.966038 2043707 PhysicsManager.cpp:33] Deconstructing PhysicsManager
I0919 14:25:56.966076 2043707 SemanticScene.h:41] Deconstructing SemanticScene
I0919 14:25:56.968412 2043707 SceneManager.h:25] Deconstructing SceneManager
I0919 14:25:56.968422 2043707 SceneGraph.h:26] Deconstructing SceneGraph
I0919 14:25:56.969003 2043707 Sensor.h:87] Deconstructing Sensor
I0919 14:25:56.971076 2043707 Renderer.cpp:34] Deconstructing Renderer
I0919 14:25:56.971094 2043707 WindowlessContext.h:17] Deconstructing WindowlessContext
I0919 14:25:56.977523 2043707 ManagedContainerBase.cpp:19] ManagedContainerBase::convertFilenameToJSON : Filename : default changed to proposed JSON configuration filename : default.scene_dataset_config.json
I0919 14:25:56.977540 2043707 AttributesManagerBase.h:283] AttributesManager<T>::createFromJsonOrDefaultInternal  (Dataset) : Proposing JSON name : default.scene_dataset_config.json from original name : default | This file  does not exist.
I0919 14:25:56.977909 2043707 AssetAttributesManager.cpp:117] Asset attributes (capsule3DSolid : capsule3DSolid_hemiRings_4_cylRings_1_segments_12_halfLen_0.75_useTexCoords_false_useTangents_false) created and registered.
I0919 14:25:56.977936 2043707 AssetAttributesManager.cpp:117] Asset attributes (capsule3DWireframe : capsule3DWireframe_hemiRings_8_cylRings_1_segments_16_halfLen_1) created and registered.
I0919 14:25:56.977959 2043707 AssetAttributesManager.cpp:117] Asset attributes (coneSolid : coneSolid_segments_12_halfLen_1.25_rings_1_useTexCoords_false_useTangents_false_capEnd_true) created and registered.
I0919 14:25:56.977973 2043707 AssetAttributesManager.cpp:117] Asset attributes (coneWireframe : coneWireframe_segments_32_halfLen_1.25) created and registered.
I0919 14:25:56.977982 2043707 AssetAttributesManager.cpp:117] Asset attributes (cubeSolid : cubeSolid) created and registered.
I0919 14:25:56.977988 2043707 AssetAttributesManager.cpp:117] Asset attributes (cubeWireframe : cubeWireframe) created and registered.
I0919 14:25:56.978008 2043707 AssetAttributesManager.cpp:117] Asset attributes (cylinderSolid : cylinderSolid_rings_1_segments_12_halfLen_1_useTexCoords_false_useTangents_false_capEnds_true) created and registered.
I0919 14:25:56.978031 2043707 AssetAttributesManager.cpp:117] Asset attributes (cylinderWireframe : cylinderWireframe_rings_1_segments_32_halfLen_1) created and registered.
I0919 14:25:56.978041 2043707 AssetAttributesManager.cpp:117] Asset attributes (icosphereSolid : icosphereSolid_subdivs_1) created and registered.
I0919 14:25:56.978049 2043707 AssetAttributesManager.cpp:117] Asset attributes (icosphereWireframe : icosphereWireframe_subdivs_1) created and registered.
I0919 14:25:56.978063 2043707 AssetAttributesManager.cpp:117] Asset attributes (uvSphereSolid : uvSphereSolid_rings_8_segments_16_useTexCoords_false_useTangents_false) created and registered.
I0919 14:25:56.978076 2043707 AssetAttributesManager.cpp:117] Asset attributes (uvSphereWireframe : uvSphereWireframe_rings_16_segments_32) created and registered.
I0919 14:25:56.978082 2043707 AssetAttributesManager.cpp:105] AssetAttributesManager::buildCtorFuncPtrMaps : Built default primitive asset templates : 12
I0919 14:25:56.978480 2043707 SceneDatasetAttributesManager.cpp:23] File (default) not found, so new default dataset attributes created and registered.
I0919 14:25:56.978482 2043707 MetadataMediator.cpp:47] MetadataMediator::createDataset : Dataset default successfully created.
I0919 14:25:56.978675 2043707 AttributesManagerBase.h:283] AttributesManager<T>::createFromJsonOrDefaultInternal  (Physics Manager) : Proposing JSON name : ./data/default.physics_config.json from original name : ./data/default.physics_config.json | This file  does not exist.
I0919 14:25:56.978688 2043707 PhysicsAttributesManager.cpp:27] File (./data/default.physics_config.json) not found, so new default physics manager attributes created and registered.
I0919 14:25:56.978693 2043707 AbstractObjectAttributesManagerBase.h:175] AbstractObjectAttributesManager<T>::createObject  (Stage) : Making attributes with handle : /mnt/data_nas/deeprobotics/daiyang/vla/third_party/ETP-R1/data/scene_datasets/mp3d/82sE5b5pLXE/82sE5b5pLXE.glb
I0919 14:25:56.978696 2043707 ManagedContainerBase.cpp:19] ManagedContainerBase::convertFilenameToJSON : Filename : /mnt/data_nas/deeprobotics/daiyang/vla/third_party/ETP-R1/data/scene_datasets/mp3d/82sE5b5pLXE/82sE5b5pLXE.glb changed to proposed JSON configuration filename : /mnt/data_nas/deeprobotics/daiyang/vla/third_party/ETP-R1/data/scene_datasets/mp3d/82sE5b5pLXE/82sE5b5pLXE.stage_config.json
I0919 14:25:56.983250 2043707 AttributesManagerBase.h:283] AttributesManager<T>::createFromJsonOrDefaultInternal  (Stage) : Proposing JSON name : /mnt/data_nas/deeprobotics/daiyang/vla/third_party/ETP-R1/data/scene_datasets/mp3d/82sE5b5pLXE/82sE5b5pLXE.stage_config.json from original name : /mnt/data_nas/deeprobotics/daiyang/vla/third_party/ETP-R1/data/scene_datasets/mp3d/82sE5b5pLXE/82sE5b5pLXE.glb | This file  does not exist.
I0919 14:25:56.983358 2043707 AbstractObjectAttributesManagerBase.h:181] AbstractObjectAttributesManager<T>::createObject  (Stage) : Done making attributes with handle : /mnt/data_nas/deeprobotics/daiyang/vla/third_party/ETP-R1/data/scene_datasets/mp3d/82sE5b5pLXE/82sE5b5pLXE.glb
I0919 14:25:56.983362 2043707 AbstractObjectAttributesManagerBase.h:188] File (/mnt/data_nas/deeprobotics/daiyang/vla/third_party/ETP-R1/data/scene_datasets/mp3d/82sE5b5pLXE/82sE5b5pLXE.glb) exists but is not a recognized config filename extension, so new default Stage attributes created and registered.
I0919 14:25:56.983368 2043707 Simulator.cpp:156] Loading navmesh from /mnt/data_nas/deeprobotics/daiyang/vla/third_party/ETP-R1/data/scene_datasets/mp3d/82sE5b5pLXE/82sE5b5pLXE.navmesh
I0919 14:25:56.984531 2043707 Simulator.cpp:158] Loaded.
I0919 14:25:56.984539 2043707 SceneGraph.h:93] Created DrawableGroup: 
Renderer: NVIDIA GeForce RTX 5090/PCIe/SSE2 by NVIDIA Corporation
OpenGL version: 4.6.0 NVIDIA 580.126.09
Using optional features:
    GL_ARB_ES2_compatibility
    GL_ARB_direct_state_access
    GL_ARB_get_texture_sub_image
    GL_ARB_invalidate_subdata
    GL_ARB_multi_bind
    GL_ARB_robustness
    GL_ARB_separate_shader_objects
    GL_ARB_texture_filter_anisotropic
    GL_ARB_texture_storage
    GL_ARB_texture_storage_multisample
    GL_ARB_vertex_array_object
    GL_KHR_debug
Using driver workarounds:
    no-forward-compatible-core-context
    nv-egl-incorrect-gl11-function-pointers
    no-layout-qualifiers-on-old-glsl
    nv-zero-context-profile-mask
    nv-implementation-color-read-format-dsa-broken
    nv-cubemap-inconsistent-compressed-image-size
    nv-cubemap-broken-full-compressed-image-query
    nv-compressed-block-size-in-bits
I0919 14:25:56.988322 2043707 ResourceManager.cpp:234] ResourceManager::loadStage : Not loading semantic mesh
I0919 14:25:56.988330 2043707 ResourceManager.cpp:262] ResourceManager::loadStage : start load render asset /mnt/data_nas/deeprobotics/daiyang/vla/third_party/ETP-R1/data/scene_datasets/mp3d/82sE5b5pLXE/82sE5b5pLXE.glb.
I0919 14:25:56.988332 2043707 ResourceManager.cpp:569] ResourceManager::loadStageInternal : Attempting to load stage /mnt/data_nas/deeprobotics/daiyang/vla/third_party/ETP-R1/data/scene_datasets/mp3d/82sE5b5pLXE/82sE5b5pLXE.glb 
I0919 14:25:56.988350 2043707 ResourceManager.cpp:1119] Importing Basis files as BC7 for 82sE5b5pLXE.glb
W0919 14:25:58.997125 2043707 Simulator.cpp:248] :
---
 The active scene does not contain semantic annotations. 
---
I0919 14:25:59.033823 2043707 simulator.py:213] Loaded navmesh /mnt/data_nas/deeprobotics/daiyang/vla/third_party/ETP-R1/data/scene_datasets/mp3d/82sE5b5pLXE/82sE5b5pLXE.navmesh
I0919 14:28:58.958432 2043707 PhysicsManager.cpp:33] Deconstructing PhysicsManager
I0919 14:28:58.958500 2043707 SemanticScene.h:41] Deconstructing SemanticScene
I0919 14:28:58.961143 2043707 SceneManager.h:25] Deconstructing SceneManager
I0919 14:28:58.961153 2043707 SceneGraph.h:26] Deconstructing SceneGraph
I0919 14:28:58.961488 2043707 Sensor.h:87] Deconstructing Sensor
I0919 14:28:58.966725 2043707 Renderer.cpp:34] Deconstructing Renderer
I0919 14:28:58.966764 2043707 WindowlessContext.h:17] Deconstructing WindowlessContext
I0919 14:28:58.972999 2043707 ManagedContainerBase.cpp:19] ManagedContainerBase::convertFilenameToJSON : Filename : default changed to proposed JSON configuration filename : default.scene_dataset_config.json
I0919 14:28:58.973019 2043707 AttributesManagerBase.h:283] AttributesManager<T>::createFromJsonOrDefaultInternal  (Dataset) : Proposing JSON name : default.scene_dataset_config.json from original name : default | This file  does not exist.
I0919 14:28:58.973373 2043707 AssetAttributesManager.cpp:117] Asset attributes (capsule3DSolid : capsule3DSolid_hemiRings_4_cylRings_1_segments_12_halfLen_0.75_useTexCoords_false_useTangents_false) created and registered.
I0919 14:28:58.973413 2043707 AssetAttributesManager.cpp:117] Asset attributes (capsule3DWireframe : capsule3DWireframe_hemiRings_8_cylRings_1_segments_16_halfLen_1) created and registered.
I0919 14:28:58.973448 2043707 AssetAttributesManager.cpp:117] Asset attributes (coneSolid : coneSolid_segments_12_halfLen_1.25_rings_1_useTexCoords_false_useTangents_false_capEnd_true) created and registered.
I0919 14:28:58.973470 2043707 AssetAttributesManager.cpp:117] Asset attributes (coneWireframe : coneWireframe_segments_32_halfLen_1.25) created and registered.
I0919 14:28:58.973482 2043707 AssetAttributesManager.cpp:117] Asset attributes (cubeSolid : cubeSolid) created and registered.
I0919 14:28:58.973491 2043707 AssetAttributesManager.cpp:117] Asset attributes (cubeWireframe : cubeWireframe) created and registered.
I0919 14:28:58.973522 2043707 AssetAttributesManager.cpp:117] Asset attributes (cylinderSolid : cylinderSolid_rings_1_segments_12_halfLen_1_useTexCoords_false_useTangents_false_capEnds_true) created and registered.
I0919 14:28:58.973548 2043707 AssetAttributesManager.cpp:117] Asset attributes (cylinderWireframe : cylinderWireframe_rings_1_segments_32_halfLen_1) created and registered.
I0919 14:28:58.973563 2043707 AssetAttributesManager.cpp:117] Asset attributes (icosphereSolid : icosphereSolid_subdivs_1) created and registered.
I0919 14:28:58.973582 2043707 AssetAttributesManager.cpp:117] Asset attributes (icosphereWireframe : icosphereWireframe_subdivs_1) created and registered.
I0919 14:28:58.973603 2043707 AssetAttributesManager.cpp:117] Asset attributes (uvSphereSolid : uvSphereSolid_rings_8_segments_16_useTexCoords_false_useTangents_false) created and registered.
I0919 14:28:58.973623 2043707 AssetAttributesManager.cpp:117] Asset attributes (uvSphereWireframe : uvSphereWireframe_rings_16_segments_32) created and registered.
I0919 14:28:58.973631 2043707 AssetAttributesManager.cpp:105] AssetAttributesManager::buildCtorFuncPtrMaps : Built default primitive asset templates : 12
I0919 14:28:58.974278 2043707 SceneDatasetAttributesManager.cpp:23] File (default) not found, so new default dataset attributes created and registered.
I0919 14:28:58.974282 2043707 MetadataMediator.cpp:47] MetadataMediator::createDataset : Dataset default successfully created.
I0919 14:28:58.974546 2043707 AttributesManagerBase.h:283] AttributesManager<T>::createFromJsonOrDefaultInternal  (Physics Manager) : Proposing JSON name : ./data/default.physics_config.json from original name : ./data/default.physics_config.json | This file  does not exist.
I0919 14:28:58.974566 2043707 PhysicsAttributesManager.cpp:27] File (./data/default.physics_config.json) not found, so new default physics manager attributes created and registered.
I0919 14:28:58.974571 2043707 AbstractObjectAttributesManagerBase.h:175] AbstractObjectAttributesManager<T>::createObject  (Stage) : Making attributes with handle : /mnt/data_nas/deeprobotics/daiyang/vla/third_party/ETP-R1/data/scene_datasets/mp3d/B6ByNegPMKs/B6ByNegPMKs.glb
I0919 14:28:58.974577 2043707 ManagedContainerBase.cpp:19] ManagedContainerBase::convertFilenameToJSON : Filename : /mnt/data_nas/deeprobotics/daiyang/vla/third_party/ETP-R1/data/scene_datasets/mp3d/B6ByNegPMKs/B6ByNegPMKs.glb changed to proposed JSON configuration filename : /mnt/data_nas/deeprobotics/daiyang/vla/third_party/ETP-R1/data/scene_datasets/mp3d/B6ByNegPMKs/B6ByNegPMKs.stage_config.json
I0919 14:28:58.974591 2043707 AttributesManagerBase.h:283] AttributesManager<T>::createFromJsonOrDefaultInternal  (Stage) : Proposing JSON name : /mnt/data_nas/deeprobotics/daiyang/vla/third_party/ETP-R1/data/scene_datasets/mp3d/B6ByNegPMKs/B6ByNegPMKs.stage_config.json from original name : /mnt/data_nas/deeprobotics/daiyang/vla/third_party/ETP-R1/data/scene_datasets/mp3d/B6ByNegPMKs/B6ByNegPMKs.glb | This file  does not exist.
I0919 14:28:58.974664 2043707 AbstractObjectAttributesManagerBase.h:181] AbstractObjectAttributesManager<T>::createObject  (Stage) : Done making attributes with handle : /mnt/data_nas/deeprobotics/daiyang/vla/third_party/ETP-R1/data/scene_datasets/mp3d/B6ByNegPMKs/B6ByNegPMKs.glb
I0919 14:28:58.974668 2043707 AbstractObjectAttributesManagerBase.h:188] File (/mnt/data_nas/deeprobotics/daiyang/vla/third_party/ETP-R1/data/scene_datasets/mp3d/B6ByNegPMKs/B6ByNegPMKs.glb) exists but is not a recognized config filename extension, so new default Stage attributes created and registered.
I0919 14:28:58.974674 2043707 Simulator.cpp:156] Loading navmesh from /mnt/data_nas/deeprobotics/daiyang/vla/third_party/ETP-R1/data/scene_datasets/mp3d/B6ByNegPMKs/B6ByNegPMKs.navmesh
I0919 14:28:58.976188 2043707 Simulator.cpp:158] Loaded.
I0919 14:28:58.976202 2043707 SceneGraph.h:93] Created DrawableGroup: 
Renderer: NVIDIA GeForce RTX 5090/PCIe/SSE2 by NVIDIA Corporation
OpenGL version: 4.6.0 NVIDIA 580.126.09
Using optional features:
    GL_ARB_ES2_compatibility
    GL_ARB_direct_state_access
    GL_ARB_get_texture_sub_image
    GL_ARB_invalidate_subdata
    GL_ARB_multi_bind
    GL_ARB_robustness
    GL_ARB_separate_shader_objects
    GL_ARB_texture_filter_anisotropic
    GL_ARB_texture_storage
    GL_ARB_texture_storage_multisample
    GL_ARB_vertex_array_object
    GL_KHR_debug
Using driver workarounds:
    no-forward-compatible-core-context
    nv-egl-incorrect-gl11-function-pointers
    no-layout-qualifiers-on-old-glsl
    nv-zero-context-profile-mask
    nv-implementation-color-read-format-dsa-broken
    nv-cubemap-inconsistent-compressed-image-size
    nv-cubemap-broken-full-compressed-image-query
    nv-compressed-block-size-in-bits
I0919 14:28:58.980755 2043707 ResourceManager.cpp:234] ResourceManager::loadStage : Not loading semantic mesh
I0919 14:28:58.980767 2043707 ResourceManager.cpp:262] ResourceManager::loadStage : start load render asset /mnt/data_nas/deeprobotics/daiyang/vla/third_party/ETP-R1/data/scene_datasets/mp3d/B6ByNegPMKs/B6ByNegPMKs.glb.
I0919 14:28:58.980769 2043707 ResourceManager.cpp:569] ResourceManager::loadStageInternal : Attempting to load stage /mnt/data_nas/deeprobotics/daiyang/vla/third_party/ETP-R1/data/scene_datasets/mp3d/B6ByNegPMKs/B6ByNegPMKs.glb 
I0919 14:28:58.980791 2043707 ResourceManager.cpp:1119] Importing Basis files as BC7 for B6ByNegPMKs.glb
W0919 14:29:08.680624 2043707 Simulator.cpp:248] :
---
 The active scene does not contain semantic annotations. 
---
I0919 14:29:08.892706 2043707 simulator.py:213] Loaded navmesh /mnt/data_nas/deeprobotics/daiyang/vla/third_party/ETP-R1/data/scene_datasets/mp3d/B6ByNegPMKs/B6ByNegPMKs.navmesh
I0919 14:30:19.808319 2043707 PhysicsManager.cpp:33] Deconstructing PhysicsManager
I0919 14:30:19.808353 2043707 SemanticScene.h:41] Deconstructing SemanticScene
I0919 14:30:19.824322 2043707 SceneManager.h:25] Deconstructing SceneManager
I0919 14:30:19.824339 2043707 SceneGraph.h:26] Deconstructing SceneGraph
I0919 14:30:19.824805 2043707 Sensor.h:87] Deconstructing Sensor
I0919 14:30:19.836652 2043707 Renderer.cpp:34] Deconstructing Renderer
I0919 14:30:19.836680 2043707 WindowlessContext.h:17] Deconstructing WindowlessContext
I0919 14:30:19.905232 2043707 ManagedContainerBase.cpp:19] ManagedContainerBase::convertFilenameToJSON : Filename : default changed to proposed JSON configuration filename : default.scene_dataset_config.json
I0919 14:30:19.905264 2043707 AttributesManagerBase.h:283] AttributesManager<T>::createFromJsonOrDefaultInternal  (Dataset) : Proposing JSON name : default.scene_dataset_config.json from original name : default | This file  does not exist.
I0919 14:30:19.905467 2043707 AssetAttributesManager.cpp:117] Asset attributes (capsule3DSolid : capsule3DSolid_hemiRings_4_cylRings_1_segments_12_halfLen_0.75_useTexCoords_false_useTangents_false) created and registered.
I0919 14:30:19.905496 2043707 AssetAttributesManager.cpp:117] Asset attributes (capsule3DWireframe : capsule3DWireframe_hemiRings_8_cylRings_1_segments_16_halfLen_1) created and registered.
I0919 14:30:19.905521 2043707 AssetAttributesManager.cpp:117] Asset attributes (coneSolid : coneSolid_segments_12_halfLen_1.25_rings_1_useTexCoords_false_useTangents_false_capEnd_true) created and registered.
I0919 14:30:19.905536 2043707 AssetAttributesManager.cpp:117] Asset attributes (coneWireframe : coneWireframe_segments_32_halfLen_1.25) created and registered.
I0919 14:30:19.905546 2043707 AssetAttributesManager.cpp:117] Asset attributes (cubeSolid : cubeSolid) created and registered.
I0919 14:30:19.905552 2043707 AssetAttributesManager.cpp:117] Asset attributes (cubeWireframe : cubeWireframe) created and registered.
I0919 14:30:19.905572 2043707 AssetAttributesManager.cpp:117] Asset attributes (cylinderSolid : cylinderSolid_rings_1_segments_12_halfLen_1_useTexCoords_false_useTangents_false_capEnds_true) created and registered.
I0919 14:30:19.905589 2043707 AssetAttributesManager.cpp:117] Asset attributes (cylinderWireframe : cylinderWireframe_rings_1_segments_32_halfLen_1) created and registered.
I0919 14:30:19.905601 2043707 AssetAttributesManager.cpp:117] Asset attributes (icosphereSolid : icosphereSolid_subdivs_1) created and registered.
I0919 14:30:19.905611 2043707 AssetAttributesManager.cpp:117] Asset attributes (icosphereWireframe : icosphereWireframe_subdivs_1) created and registered.
I0919 14:30:19.905627 2043707 AssetAttributesManager.cpp:117] Asset attributes (uvSphereSolid : uvSphereSolid_rings_8_segments_16_useTexCoords_false_useTangents_false) created and registered.
I0919 14:30:19.905640 2043707 AssetAttributesManager.cpp:117] Asset attributes (uvSphereWireframe : uvSphereWireframe_rings_16_segments_32) created and registered.
I0919 14:30:19.905658 2043707 AssetAttributesManager.cpp:105] AssetAttributesManager::buildCtorFuncPtrMaps : Built default primitive asset templates : 12
I0919 14:30:19.906067 2043707 SceneDatasetAttributesManager.cpp:23] File (default) not found, so new default dataset attributes created and registered.
I0919 14:30:19.906069 2043707 MetadataMediator.cpp:47] MetadataMediator::createDataset : Dataset default successfully created.
I0919 14:30:19.906296 2043707 AttributesManagerBase.h:283] AttributesManager<T>::createFromJsonOrDefaultInternal  (Physics Manager) : Proposing JSON name : ./data/default.physics_config.json from original name : ./data/default.physics_config.json | This file  does not exist.
I0919 14:30:19.906308 2043707 PhysicsAttributesManager.cpp:27] File (./data/default.physics_config.json) not found, so new default physics manager attributes created and registered.
I0919 14:30:19.906311 2043707 AbstractObjectAttributesManagerBase.h:175] AbstractObjectAttributesManager<T>::createObject  (Stage) : Making attributes with handle : /mnt/data_nas/deeprobotics/daiyang/vla/third_party/ETP-R1/data/scene_datasets/mp3d/PuKPg4mmafe/PuKPg4mmafe.glb
I0919 14:30:19.906315 2043707 ManagedContainerBase.cpp:19] ManagedContainerBase::convertFilenameToJSON : Filename : /mnt/data_nas/deeprobotics/daiyang/vla/third_party/ETP-R1/data/scene_datasets/mp3d/PuKPg4mmafe/PuKPg4mmafe.glb changed to proposed JSON configuration filename : /mnt/data_nas/deeprobotics/daiyang/vla/third_party/ETP-R1/data/scene_datasets/mp3d/PuKPg4mmafe/PuKPg4mmafe.stage_config.json
I0919 14:30:19.906327 2043707 AttributesManagerBase.h:283] AttributesManager<T>::createFromJsonOrDefaultInternal  (Stage) : Proposing JSON name : /mnt/data_nas/deeprobotics/daiyang/vla/third_party/ETP-R1/data/scene_datasets/mp3d/PuKPg4mmafe/PuKPg4mmafe.stage_config.json from original name : /mnt/data_nas/deeprobotics/daiyang/vla/third_party/ETP-R1/data/scene_datasets/mp3d/PuKPg4mmafe/PuKPg4mmafe.glb | This file  does not exist.
I0919 14:30:19.906376 2043707 AbstractObjectAttributesManagerBase.h:181] AbstractObjectAttributesManager<T>::createObject  (Stage) : Done making attributes with handle : /mnt/data_nas/deeprobotics/daiyang/vla/third_party/ETP-R1/data/scene_datasets/mp3d/PuKPg4mmafe/PuKPg4mmafe.glb
I0919 14:30:19.906378 2043707 AbstractObjectAttributesManagerBase.h:188] File (/mnt/data_nas/deeprobotics/daiyang/vla/third_party/ETP-R1/data/scene_datasets/mp3d/PuKPg4mmafe/PuKPg4mmafe.glb) exists but is not a recognized config filename extension, so new default Stage attributes created and registered.
I0919 14:30:19.906383 2043707 Simulator.cpp:156] Loading navmesh from /mnt/data_nas/deeprobotics/daiyang/vla/third_party/ETP-R1/data/scene_datasets/mp3d/PuKPg4mmafe/PuKPg4mmafe.navmesh
I0919 14:30:19.907835 2043707 Simulator.cpp:158] Loaded.
I0919 14:30:19.907846 2043707 SceneGraph.h:93] Created DrawableGroup: 
Renderer: NVIDIA GeForce RTX 5090/PCIe/SSE2 by NVIDIA Corporation
OpenGL version: 4.6.0 NVIDIA 580.126.09
Using optional features:
    GL_ARB_ES2_compatibility
    GL_ARB_direct_state_access
    GL_ARB_get_texture_sub_image
    GL_ARB_invalidate_subdata
    GL_ARB_multi_bind
    GL_ARB_robustness
    GL_ARB_separate_shader_objects
    GL_ARB_texture_filter_anisotropic
    GL_ARB_texture_storage
    GL_ARB_texture_storage_multisample
    GL_ARB_vertex_array_object
    GL_KHR_debug
Using driver workarounds:
    no-forward-compatible-core-context
    nv-egl-incorrect-gl11-function-pointers
    no-layout-qualifiers-on-old-glsl
    nv-zero-context-profile-mask
    nv-implementation-color-read-format-dsa-broken
    nv-cubemap-inconsistent-compressed-image-size
    nv-cubemap-broken-full-compressed-image-query
    nv-compressed-block-size-in-bits
I0919 14:30:19.911656 2043707 ResourceManager.cpp:234] ResourceManager::loadStage : Not loading semantic mesh
I0919 14:30:19.911665 2043707 ResourceManager.cpp:262] ResourceManager::loadStage : start load render asset /mnt/data_nas/deeprobotics/daiyang/vla/third_party/ETP-R1/data/scene_datasets/mp3d/PuKPg4mmafe/PuKPg4mmafe.glb.
I0919 14:30:19.911671 2043707 ResourceManager.cpp:569] ResourceManager::loadStageInternal : Attempting to load stage /mnt/data_nas/deeprobotics/daiyang/vla/third_party/ETP-R1/data/scene_datasets/mp3d/PuKPg4mmafe/PuKPg4mmafe.glb 
I0919 14:30:19.911689 2043707 ResourceManager.cpp:1119] Importing Basis files as BC7 for PuKPg4mmafe.glb
W0919 14:30:24.544631 2043707 Simulator.cpp:248] :
---
 The active scene does not contain semantic annotations. 
---
I0919 14:30:24.564644 2043707 simulator.py:213] Loaded navmesh /mnt/data_nas/deeprobotics/daiyang/vla/third_party/ETP-R1/data/scene_datasets/mp3d/PuKPg4mmafe/PuKPg4mmafe.navmesh
I0919 14:32:28.877568 2043707 PhysicsManager.cpp:33] Deconstructing PhysicsManager
I0919 14:32:28.877621 2043707 SemanticScene.h:41] Deconstructing SemanticScene
I0919 14:32:28.878849 2043707 SceneManager.h:25] Deconstructing SceneManager
I0919 14:32:28.878861 2043707 SceneGraph.h:26] Deconstructing SceneGraph
I0919 14:32:28.879136 2043707 Sensor.h:87] Deconstructing Sensor
I0919 14:32:28.885845 2043707 Renderer.cpp:34] Deconstructing Renderer
I0919 14:32:28.885878 2043707 WindowlessContext.h:17] Deconstructing WindowlessContext
I0919 14:32:28.904222 2043707 ManagedContainerBase.cpp:19] ManagedContainerBase::convertFilenameToJSON : Filename : default changed to proposed JSON configuration filename : default.scene_dataset_config.json
I0919 14:32:28.904246 2043707 AttributesManagerBase.h:283] AttributesManager<T>::createFromJsonOrDefaultInternal  (Dataset) : Proposing JSON name : default.scene_dataset_config.json from original name : default | This file  does not exist.
I0919 14:32:28.904480 2043707 AssetAttributesManager.cpp:117] Asset attributes (capsule3DSolid : capsule3DSolid_hemiRings_4_cylRings_1_segments_12_halfLen_0.75_useTexCoords_false_useTangents_false) created and registered.
I0919 14:32:28.904520 2043707 AssetAttributesManager.cpp:117] Asset attributes (capsule3DWireframe : capsule3DWireframe_hemiRings_8_cylRings_1_segments_16_halfLen_1) created and registered.
I0919 14:32:28.904556 2043707 AssetAttributesManager.cpp:117] Asset attributes (coneSolid : coneSolid_segments_12_halfLen_1.25_rings_1_useTexCoords_false_useTangents_false_capEnd_true) created and registered.
I0919 14:32:28.904578 2043707 AssetAttributesManager.cpp:117] Asset attributes (coneWireframe : coneWireframe_segments_32_halfLen_1.25) created and registered.
I0919 14:32:28.904592 2043707 AssetAttributesManager.cpp:117] Asset attributes (cubeSolid : cubeSolid) created and registered.
I0919 14:32:28.904600 2043707 AssetAttributesManager.cpp:117] Asset attributes (cubeWireframe : cubeWireframe) created and registered.
I0919 14:32:28.904631 2043707 AssetAttributesManager.cpp:117] Asset attributes (cylinderSolid : cylinderSolid_rings_1_segments_12_halfLen_1_useTexCoords_false_useTangents_false_capEnds_true) created and registered.
I0919 14:32:28.904659 2043707 AssetAttributesManager.cpp:117] Asset attributes (cylinderWireframe : cylinderWireframe_rings_1_segments_32_halfLen_1) created and registered.
I0919 14:32:28.904672 2043707 AssetAttributesManager.cpp:117] Asset attributes (icosphereSolid : icosphereSolid_subdivs_1) created and registered.
I0919 14:32:28.904685 2043707 AssetAttributesManager.cpp:117] Asset attributes (icosphereWireframe : icosphereWireframe_subdivs_1) created and registered.
I0919 14:32:28.904707 2043707 AssetAttributesManager.cpp:117] Asset attributes (uvSphereSolid : uvSphereSolid_rings_8_segments_16_useTexCoords_false_useTangents_false) created and registered.
I0919 14:32:28.904726 2043707 AssetAttributesManager.cpp:117] Asset attributes (uvSphereWireframe : uvSphereWireframe_rings_16_segments_32) created and registered.
I0919 14:32:28.904735 2043707 AssetAttributesManager.cpp:105] AssetAttributesManager::buildCtorFuncPtrMaps : Built default primitive asset templates : 12
I0919 14:32:28.905396 2043707 SceneDatasetAttributesManager.cpp:23] File (default) not found, so new default dataset attributes created and registered.
I0919 14:32:28.905412 2043707 MetadataMediator.cpp:47] MetadataMediator::createDataset : Dataset default successfully created.
I0919 14:32:28.905720 2043707 AttributesManagerBase.h:283] AttributesManager<T>::createFromJsonOrDefaultInternal  (Physics Manager) : Proposing JSON name : ./data/default.physics_config.json from original name : ./data/default.physics_config.json | This file  does not exist.
I0919 14:32:28.905752 2043707 PhysicsAttributesManager.cpp:27] File (./data/default.physics_config.json) not found, so new default physics manager attributes created and registered.
I0919 14:32:28.905761 2043707 AbstractObjectAttributesManagerBase.h:175] AbstractObjectAttributesManager<T>::createObject  (Stage) : Making attributes with handle : /mnt/data_nas/deeprobotics/daiyang/vla/third_party/ETP-R1/data/scene_datasets/mp3d/aayBHfsNo7d/aayBHfsNo7d.glb
I0919 14:32:28.905768 2043707 ManagedContainerBase.cpp:19] ManagedContainerBase::convertFilenameToJSON : Filename : /mnt/data_nas/deeprobotics/daiyang/vla/third_party/ETP-R1/data/scene_datasets/mp3d/aayBHfsNo7d/aayBHfsNo7d.glb changed to proposed JSON configuration filename : /mnt/data_nas/deeprobotics/daiyang/vla/third_party/ETP-R1/data/scene_datasets/mp3d/aayBHfsNo7d/aayBHfsNo7d.stage_config.json
I0919 14:32:28.905790 2043707 AttributesManagerBase.h:283] AttributesManager<T>::createFromJsonOrDefaultInternal  (Stage) : Proposing JSON name : /mnt/data_nas/deeprobotics/daiyang/vla/third_party/ETP-R1/data/scene_datasets/mp3d/aayBHfsNo7d/aayBHfsNo7d.stage_config.json from original name : /mnt/data_nas/deeprobotics/daiyang/vla/third_party/ETP-R1/data/scene_datasets/mp3d/aayBHfsNo7d/aayBHfsNo7d.glb | This file  does not exist.
I0919 14:32:28.905879 2043707 AbstractObjectAttributesManagerBase.h:181] AbstractObjectAttributesManager<T>::createObject  (Stage) : Done making attributes with handle : /mnt/data_nas/deeprobotics/daiyang/vla/third_party/ETP-R1/data/scene_datasets/mp3d/aayBHfsNo7d/aayBHfsNo7d.glb
I0919 14:32:28.905884 2043707 AbstractObjectAttributesManagerBase.h:188] File (/mnt/data_nas/deeprobotics/daiyang/vla/third_party/ETP-R1/data/scene_datasets/mp3d/aayBHfsNo7d/aayBHfsNo7d.glb) exists but is not a recognized config filename extension, so new default Stage attributes created and registered.
I0919 14:32:28.905892 2043707 Simulator.cpp:156] Loading navmesh from /mnt/data_nas/deeprobotics/daiyang/vla/third_party/ETP-R1/data/scene_datasets/mp3d/aayBHfsNo7d/aayBHfsNo7d.navmesh
I0919 14:32:28.906976 2043707 Simulator.cpp:158] Loaded.
I0919 14:32:28.906991 2043707 SceneGraph.h:93] Created DrawableGroup: 
Renderer: NVIDIA GeForce RTX 5090/PCIe/SSE2 by NVIDIA Corporation
OpenGL version: 4.6.0 NVIDIA 580.126.09
Using optional features:
    GL_ARB_ES2_compatibility
    GL_ARB_direct_state_access
    GL_ARB_get_texture_sub_image
    GL_ARB_invalidate_subdata
    GL_ARB_multi_bind
    GL_ARB_robustness
    GL_ARB_separate_shader_objects
    GL_ARB_texture_filter_anisotropic
    GL_ARB_texture_storage
    GL_ARB_texture_storage_multisample
    GL_ARB_vertex_array_object
    GL_KHR_debug
Using driver workarounds:
    no-forward-compatible-core-context
    nv-egl-incorrect-gl11-function-pointers
    no-layout-qualifiers-on-old-glsl
    nv-zero-context-profile-mask
    nv-implementation-color-read-format-dsa-broken
    nv-cubemap-inconsistent-compressed-image-size
    nv-cubemap-broken-full-compressed-image-query
    nv-compressed-block-size-in-bits
I0919 14:32:28.911912 2043707 ResourceManager.cpp:234] ResourceManager::loadStage : Not loading semantic mesh
I0919 14:32:28.911926 2043707 ResourceManager.cpp:262] ResourceManager::loadStage : start load render asset /mnt/data_nas/deeprobotics/daiyang/vla/third_party/ETP-R1/data/scene_datasets/mp3d/aayBHfsNo7d/aayBHfsNo7d.glb.
I0919 14:32:28.911928 2043707 ResourceManager.cpp:569] ResourceManager::loadStageInternal : Attempting to load stage /mnt/data_nas/deeprobotics/daiyang/vla/third_party/ETP-R1/data/scene_datasets/mp3d/aayBHfsNo7d/aayBHfsNo7d.glb 
I0919 14:32:28.911952 2043707 ResourceManager.cpp:1119] Importing Basis files as BC7 for aayBHfsNo7d.glb
W0919 14:32:30.463061 2043707 Simulator.cpp:248] :
---
 The active scene does not contain semantic annotations. 
---
I0919 14:32:30.504218 2043707 simulator.py:213] Loaded navmesh /mnt/data_nas/deeprobotics/daiyang/vla/third_party/ETP-R1/data/scene_datasets/mp3d/aayBHfsNo7d/aayBHfsNo7d.navmesh
I0919 14:33:53.408469 2043707 PhysicsManager.cpp:33] Deconstructing PhysicsManager
I0919 14:33:53.408545 2043707 SemanticScene.h:41] Deconstructing SemanticScene
I0919 14:33:53.412364 2043707 SceneManager.h:25] Deconstructing SceneManager
I0919 14:33:53.412375 2043707 SceneGraph.h:26] Deconstructing SceneGraph
I0919 14:33:53.413307 2043707 Sensor.h:87] Deconstructing Sensor
I0919 14:33:53.416792 2043707 Renderer.cpp:34] Deconstructing Renderer
I0919 14:33:53.416821 2043707 WindowlessContext.h:17] Deconstructing WindowlessContext
I0919 14:33:53.424537 2043707 ManagedContainerBase.cpp:19] ManagedContainerBase::convertFilenameToJSON : Filename : default changed to proposed JSON configuration filename : default.scene_dataset_config.json
I0919 14:33:53.424558 2043707 AttributesManagerBase.h:283] AttributesManager<T>::createFromJsonOrDefaultInternal  (Dataset) : Proposing JSON name : default.scene_dataset_config.json from original name : default | This file  does not exist.
I0919 14:33:53.424960 2043707 AssetAttributesManager.cpp:117] Asset attributes (capsule3DSolid : capsule3DSolid_hemiRings_4_cylRings_1_segments_12_halfLen_0.75_useTexCoords_false_useTangents_false) created and registered.
I0919 14:33:53.425001 2043707 AssetAttributesManager.cpp:117] Asset attributes (capsule3DWireframe : capsule3DWireframe_hemiRings_8_cylRings_1_segments_16_halfLen_1) created and registered.
I0919 14:33:53.425037 2043707 AssetAttributesManager.cpp:117] Asset attributes (coneSolid : coneSolid_segments_12_halfLen_1.25_rings_1_useTexCoords_false_useTangents_false_capEnd_true) created and registered.
I0919 14:33:53.425060 2043707 AssetAttributesManager.cpp:117] Asset attributes (coneWireframe : coneWireframe_segments_32_halfLen_1.25) created and registered.
I0919 14:33:53.425072 2043707 AssetAttributesManager.cpp:117] Asset attributes (cubeSolid : cubeSolid) created and registered.
I0919 14:33:53.425081 2043707 AssetAttributesManager.cpp:117] Asset attributes (cubeWireframe : cubeWireframe) created and registered.
I0919 14:33:53.425112 2043707 AssetAttributesManager.cpp:117] Asset attributes (cylinderSolid : cylinderSolid_rings_1_segments_12_halfLen_1_useTexCoords_false_useTangents_false_capEnds_true) created and registered.
I0919 14:33:53.425137 2043707 AssetAttributesManager.cpp:117] Asset attributes (cylinderWireframe : cylinderWireframe_rings_1_segments_32_halfLen_1) created and registered.
I0919 14:33:53.425153 2043707 AssetAttributesManager.cpp:117] Asset attributes (icosphereSolid : icosphereSolid_subdivs_1) created and registered.
I0919 14:33:53.425164 2043707 AssetAttributesManager.cpp:117] Asset attributes (icosphereWireframe : icosphereWireframe_subdivs_1) created and registered.
I0919 14:33:53.425185 2043707 AssetAttributesManager.cpp:117] Asset attributes (uvSphereSolid : uvSphereSolid_rings_8_segments_16_useTexCoords_false_useTangents_false) created and registered.
I0919 14:33:53.425204 2043707 AssetAttributesManager.cpp:117] Asset attributes (uvSphereWireframe : uvSphereWireframe_rings_16_segments_32) created and registered.
I0919 14:33:53.425213 2043707 AssetAttributesManager.cpp:105] AssetAttributesManager::buildCtorFuncPtrMaps : Built default primitive asset templates : 12
I0919 14:33:53.425880 2043707 SceneDatasetAttributesManager.cpp:23] File (default) not found, so new default dataset attributes created and registered.
I0919 14:33:53.425891 2043707 MetadataMediator.cpp:47] MetadataMediator::createDataset : Dataset default successfully created.
I0919 14:33:53.426188 2043707 AttributesManagerBase.h:283] AttributesManager<T>::createFromJsonOrDefaultInternal  (Physics Manager) : Proposing JSON name : ./data/default.physics_config.json from original name : ./data/default.physics_config.json | This file  does not exist.
I0919 14:33:53.426223 2043707 PhysicsAttributesManager.cpp:27] File (./data/default.physics_config.json) not found, so new default physics manager attributes created and registered.
I0919 14:33:53.426230 2043707 AbstractObjectAttributesManagerBase.h:175] AbstractObjectAttributesManager<T>::createObject  (Stage) : Making attributes with handle : /mnt/data_nas/deeprobotics/daiyang/vla/third_party/ETP-R1/data/scene_datasets/mp3d/82sE5b5pLXE/82sE5b5pLXE.glb
I0919 14:33:53.426236 2043707 ManagedContainerBase.cpp:19] ManagedContainerBase::convertFilenameToJSON : Filename : /mnt/data_nas/deeprobotics/daiyang/vla/third_party/ETP-R1/data/scene_datasets/mp3d/82sE5b5pLXE/82sE5b5pLXE.glb changed to proposed JSON configuration filename : /mnt/data_nas/deeprobotics/daiyang/vla/third_party/ETP-R1/data/scene_datasets/mp3d/82sE5b5pLXE/82sE5b5pLXE.stage_config.json
I0919 14:33:53.426254 2043707 AttributesManagerBase.h:283] AttributesManager<T>::createFromJsonOrDefaultInternal  (Stage) : Proposing JSON name : /mnt/data_nas/deeprobotics/daiyang/vla/third_party/ETP-R1/data/scene_datasets/mp3d/82sE5b5pLXE/82sE5b5pLXE.stage_config.json from original name : /mnt/data_nas/deeprobotics/daiyang/vla/third_party/ETP-R1/data/scene_datasets/mp3d/82sE5b5pLXE/82sE5b5pLXE.glb | This file  does not exist.
I0919 14:33:53.426337 2043707 AbstractObjectAttributesManagerBase.h:181] AbstractObjectAttributesManager<T>::createObject  (Stage) : Done making attributes with handle : /mnt/data_nas/deeprobotics/daiyang/vla/third_party/ETP-R1/data/scene_datasets/mp3d/82sE5b5pLXE/82sE5b5pLXE.glb
I0919 14:33:53.426340 2043707 AbstractObjectAttributesManagerBase.h:188] File (/mnt/data_nas/deeprobotics/daiyang/vla/third_party/ETP-R1/data/scene_datasets/mp3d/82sE5b5pLXE/82sE5b5pLXE.glb) exists but is not a recognized config filename extension, so new default Stage attributes created and registered.
I0919 14:33:53.426347 2043707 Simulator.cpp:156] Loading navmesh from /mnt/data_nas/deeprobotics/daiyang/vla/third_party/ETP-R1/data/scene_datasets/mp3d/82sE5b5pLXE/82sE5b5pLXE.navmesh
I0919 14:33:53.427563 2043707 Simulator.cpp:158] Loaded.
I0919 14:33:53.427577 2043707 SceneGraph.h:93] Created DrawableGroup: 
Renderer: NVIDIA GeForce RTX 5090/PCIe/SSE2 by NVIDIA Corporation
OpenGL version: 4.6.0 NVIDIA 580.126.09
Using optional features:
    GL_ARB_ES2_compatibility
    GL_ARB_direct_state_access
    GL_ARB_get_texture_sub_image
    GL_ARB_invalidate_subdata
    GL_ARB_multi_bind
    GL_ARB_robustness
    GL_ARB_separate_shader_objects
    GL_ARB_texture_filter_anisotropic
    GL_ARB_texture_storage
    GL_ARB_texture_storage_multisample
    GL_ARB_vertex_array_object
    GL_KHR_debug
Using driver workarounds:
    no-forward-compatible-core-context
    nv-egl-incorrect-gl11-function-pointers
    no-layout-qualifiers-on-old-glsl
    nv-zero-context-profile-mask
    nv-implementation-color-read-format-dsa-broken
    nv-cubemap-inconsistent-compressed-image-size
    nv-cubemap-broken-full-compressed-image-query
    nv-compressed-block-size-in-bits
I0919 14:33:53.432416 2043707 ResourceManager.cpp:234] ResourceManager::loadStage : Not loading semantic mesh
I0919 14:33:53.432430 2043707 ResourceManager.cpp:262] ResourceManager::loadStage : start load render asset /mnt/data_nas/deeprobotics/daiyang/vla/third_party/ETP-R1/data/scene_datasets/mp3d/82sE5b5pLXE/82sE5b5pLXE.glb.
I0919 14:33:53.432435 2043707 ResourceManager.cpp:569] ResourceManager::loadStageInternal : Attempting to load stage /mnt/data_nas/deeprobotics/daiyang/vla/third_party/ETP-R1/data/scene_datasets/mp3d/82sE5b5pLXE/82sE5b5pLXE.glb 
I0919 14:33:53.432458 2043707 ResourceManager.cpp:1119] Importing Basis files as BC7 for 82sE5b5pLXE.glb
W0919 14:33:55.470476 2043707 Simulator.cpp:248] :
---
 The active scene does not contain semantic annotations. 
---
I0919 14:33:55.506458 2043707 simulator.py:213] Loaded navmesh /mnt/data_nas/deeprobotics/daiyang/vla/third_party/ETP-R1/data/scene_datasets/mp3d/82sE5b5pLXE/82sE5b5pLXE.navmesh
I0919 14:35:01.044111 2043707 PhysicsManager.cpp:33] Deconstructing PhysicsManager
I0919 14:35:01.044173 2043707 SemanticScene.h:41] Deconstructing SemanticScene
I0919 14:35:01.046065 2043707 SceneManager.h:25] Deconstructing SceneManager
I0919 14:35:01.046073 2043707 SceneGraph.h:26] Deconstructing SceneGraph
I0919 14:35:01.046401 2043707 Sensor.h:87] Deconstructing Sensor
I0919 14:35:01.050694 2043707 Renderer.cpp:34] Deconstructing Renderer
I0919 14:35:01.050721 2043707 WindowlessContext.h:17] Deconstructing WindowlessContext
I0919 14:35:01.058112 2043707 ManagedContainerBase.cpp:19] ManagedContainerBase::convertFilenameToJSON : Filename : default changed to proposed JSON configuration filename : default.scene_dataset_config.json
I0919 14:35:01.058145 2043707 AttributesManagerBase.h:283] AttributesManager<T>::createFromJsonOrDefaultInternal  (Dataset) : Proposing JSON name : default.scene_dataset_config.json from original name : default | This file  does not exist.
I0919 14:35:01.058507 2043707 AssetAttributesManager.cpp:117] Asset attributes (capsule3DSolid : capsule3DSolid_hemiRings_4_cylRings_1_segments_12_halfLen_0.75_useTexCoords_false_useTangents_false) created and registered.
I0919 14:35:01.058535 2043707 AssetAttributesManager.cpp:117] Asset attributes (capsule3DWireframe : capsule3DWireframe_hemiRings_8_cylRings_1_segments_16_halfLen_1) created and registered.
I0919 14:35:01.058560 2043707 AssetAttributesManager.cpp:117] Asset attributes (coneSolid : coneSolid_segments_12_halfLen_1.25_rings_1_useTexCoords_false_useTangents_false_capEnd_true) created and registered.
I0919 14:35:01.058575 2043707 AssetAttributesManager.cpp:117] Asset attributes (coneWireframe : coneWireframe_segments_32_halfLen_1.25) created and registered.
I0919 14:35:01.058584 2043707 AssetAttributesManager.cpp:117] Asset attributes (cubeSolid : cubeSolid) created and registered.
I0919 14:35:01.058590 2043707 AssetAttributesManager.cpp:117] Asset attributes (cubeWireframe : cubeWireframe) created and registered.
I0919 14:35:01.058610 2043707 AssetAttributesManager.cpp:117] Asset attributes (cylinderSolid : cylinderSolid_rings_1_segments_12_halfLen_1_useTexCoords_false_useTangents_false_capEnds_true) created and registered.
I0919 14:35:01.058627 2043707 AssetAttributesManager.cpp:117] Asset attributes (cylinderWireframe : cylinderWireframe_rings_1_segments_32_halfLen_1) created and registered.
I0919 14:35:01.058638 2043707 AssetAttributesManager.cpp:117] Asset attributes (icosphereSolid : icosphereSolid_subdivs_1) created and registered.
I0919 14:35:01.058646 2043707 AssetAttributesManager.cpp:117] Asset attributes (icosphereWireframe : icosphereWireframe_subdivs_1) created and registered.
I0919 14:35:01.058663 2043707 AssetAttributesManager.cpp:117] Asset attributes (uvSphereSolid : uvSphereSolid_rings_8_segments_16_useTexCoords_false_useTangents_false) created and registered.
I0919 14:35:01.058677 2043707 AssetAttributesManager.cpp:117] Asset attributes (uvSphereWireframe : uvSphereWireframe_rings_16_segments_32) created and registered.
I0919 14:35:01.058684 2043707 AssetAttributesManager.cpp:105] AssetAttributesManager::buildCtorFuncPtrMaps : Built default primitive asset templates : 12
I0919 14:35:01.059099 2043707 SceneDatasetAttributesManager.cpp:23] File (default) not found, so new default dataset attributes created and registered.
I0919 14:35:01.059101 2043707 MetadataMediator.cpp:47] MetadataMediator::createDataset : Dataset default successfully created.
I0919 14:35:01.060343 2043707 AttributesManagerBase.h:283] AttributesManager<T>::createFromJsonOrDefaultInternal  (Physics Manager) : Proposing JSON name : ./data/default.physics_config.json from original name : ./data/default.physics_config.json | This file  does not exist.
I0919 14:35:01.060359 2043707 PhysicsAttributesManager.cpp:27] File (./data/default.physics_config.json) not found, so new default physics manager attributes created and registered.
I0919 14:35:01.060361 2043707 AbstractObjectAttributesManagerBase.h:175] AbstractObjectAttributesManager<T>::createObject  (Stage) : Making attributes with handle : /mnt/data_nas/deeprobotics/daiyang/vla/third_party/ETP-R1/data/scene_datasets/mp3d/B6ByNegPMKs/B6ByNegPMKs.glb
I0919 14:35:01.060375 2043707 ManagedContainerBase.cpp:19] ManagedContainerBase::convertFilenameToJSON : Filename : /mnt/data_nas/deeprobotics/daiyang/vla/third_party/ETP-R1/data/scene_datasets/mp3d/B6ByNegPMKs/B6ByNegPMKs.glb changed to proposed JSON configuration filename : /mnt/data_nas/deeprobotics/daiyang/vla/third_party/ETP-R1/data/scene_datasets/mp3d/B6ByNegPMKs/B6ByNegPMKs.stage_config.json
I0919 14:35:01.063387 2043707 AttributesManagerBase.h:283] AttributesManager<T>::createFromJsonOrDefaultInternal  (Stage) : Proposing JSON name : /mnt/data_nas/deeprobotics/daiyang/vla/third_party/ETP-R1/data/scene_datasets/mp3d/B6ByNegPMKs/B6ByNegPMKs.stage_config.json from original name : /mnt/data_nas/deeprobotics/daiyang/vla/third_party/ETP-R1/data/scene_datasets/mp3d/B6ByNegPMKs/B6ByNegPMKs.glb | This file  does not exist.
I0919 14:35:01.063441 2043707 AbstractObjectAttributesManagerBase.h:181] AbstractObjectAttributesManager<T>::createObject  (Stage) : Done making attributes with handle : /mnt/data_nas/deeprobotics/daiyang/vla/third_party/ETP-R1/data/scene_datasets/mp3d/B6ByNegPMKs/B6ByNegPMKs.glb
I0919 14:35:01.063442 2043707 AbstractObjectAttributesManagerBase.h:188] File (/mnt/data_nas/deeprobotics/daiyang/vla/third_party/ETP-R1/data/scene_datasets/mp3d/B6ByNegPMKs/B6ByNegPMKs.glb) exists but is not a recognized config filename extension, so new default Stage attributes created and registered.
I0919 14:35:01.063447 2043707 Simulator.cpp:156] Loading navmesh from /mnt/data_nas/deeprobotics/daiyang/vla/third_party/ETP-R1/data/scene_datasets/mp3d/B6ByNegPMKs/B6ByNegPMKs.navmesh
I0919 14:35:01.065465 2043707 Simulator.cpp:158] Loaded.
I0919 14:35:01.065474 2043707 SceneGraph.h:93] Created DrawableGroup: 
Renderer: NVIDIA GeForce RTX 5090/PCIe/SSE2 by NVIDIA Corporation
OpenGL version: 4.6.0 NVIDIA 580.126.09
Using optional features:
    GL_ARB_ES2_compatibility
    GL_ARB_direct_state_access
    GL_ARB_get_texture_sub_image
    GL_ARB_invalidate_subdata
    GL_ARB_multi_bind
    GL_ARB_robustness
    GL_ARB_separate_shader_objects
    GL_ARB_texture_filter_anisotropic
    GL_ARB_texture_storage
    GL_ARB_texture_storage_multisample
    GL_ARB_vertex_array_object
    GL_KHR_debug
Using driver workarounds:
    no-forward-compatible-core-context
    nv-egl-incorrect-gl11-function-pointers
    no-layout-qualifiers-on-old-glsl
    nv-zero-context-profile-mask
    nv-implementation-color-read-format-dsa-broken
    nv-cubemap-inconsistent-compressed-image-size
    nv-cubemap-broken-full-compressed-image-query
    nv-compressed-block-size-in-bits
I0919 14:35:01.069408 2043707 ResourceManager.cpp:234] ResourceManager::loadStage : Not loading semantic mesh
I0919 14:35:01.069416 2043707 ResourceManager.cpp:262] ResourceManager::loadStage : start load render asset /mnt/data_nas/deeprobotics/daiyang/vla/third_party/ETP-R1/data/scene_datasets/mp3d/B6ByNegPMKs/B6ByNegPMKs.glb.
I0919 14:35:01.069418 2043707 ResourceManager.cpp:569] ResourceManager::loadStageInternal : Attempting to load stage /mnt/data_nas/deeprobotics/daiyang/vla/third_party/ETP-R1/data/scene_datasets/mp3d/B6ByNegPMKs/B6ByNegPMKs.glb 
I0919 14:35:01.069437 2043707 ResourceManager.cpp:1119] Importing Basis files as BC7 for B6ByNegPMKs.glb
W0919 14:35:10.801427 2043707 Simulator.cpp:248] :
---
 The active scene does not contain semantic annotations. 
---
I0919 14:35:11.002636 2043707 simulator.py:213] Loaded navmesh /mnt/data_nas/deeprobotics/daiyang/vla/third_party/ETP-R1/data/scene_datasets/mp3d/B6ByNegPMKs/B6ByNegPMKs.navmesh
I0919 14:36:33.974417 2043707 PhysicsManager.cpp:33] Deconstructing PhysicsManager
I0919 14:36:33.974462 2043707 SemanticScene.h:41] Deconstructing SemanticScene
I0919 14:36:33.990633 2043707 SceneManager.h:25] Deconstructing SceneManager
I0919 14:36:33.990649 2043707 SceneGraph.h:26] Deconstructing SceneGraph
I0919 14:36:33.991130 2043707 Sensor.h:87] Deconstructing Sensor
I0919 14:36:34.004627 2043707 Renderer.cpp:34] Deconstructing Renderer
I0919 14:36:34.004658 2043707 WindowlessContext.h:17] Deconstructing WindowlessContext
I0919 14:36:34.022315 2043707 ManagedContainerBase.cpp:19] ManagedContainerBase::convertFilenameToJSON : Filename : default changed to proposed JSON configuration filename : default.scene_dataset_config.json
I0919 14:36:34.022338 2043707 AttributesManagerBase.h:283] AttributesManager<T>::createFromJsonOrDefaultInternal  (Dataset) : Proposing JSON name : default.scene_dataset_config.json from original name : default | This file  does not exist.
I0919 14:36:34.022596 2043707 AssetAttributesManager.cpp:117] Asset attributes (capsule3DSolid : capsule3DSolid_hemiRings_4_cylRings_1_segments_12_halfLen_0.75_useTexCoords_false_useTangents_false) created and registered.
I0919 14:36:34.022624 2043707 AssetAttributesManager.cpp:117] Asset attributes (capsule3DWireframe : capsule3DWireframe_hemiRings_8_cylRings_1_segments_16_halfLen_1) created and registered.
I0919 14:36:34.022648 2043707 AssetAttributesManager.cpp:117] Asset attributes (coneSolid : coneSolid_segments_12_halfLen_1.25_rings_1_useTexCoords_false_useTangents_false_capEnd_true) created and registered.
I0919 14:36:34.022662 2043707 AssetAttributesManager.cpp:117] Asset attributes (coneWireframe : coneWireframe_segments_32_halfLen_1.25) created and registered.
I0919 14:36:34.022671 2043707 AssetAttributesManager.cpp:117] Asset attributes (cubeSolid : cubeSolid) created and registered.
I0919 14:36:34.022677 2043707 AssetAttributesManager.cpp:117] Asset attributes (cubeWireframe : cubeWireframe) created and registered.
I0919 14:36:34.022697 2043707 AssetAttributesManager.cpp:117] Asset attributes (cylinderSolid : cylinderSolid_rings_1_segments_12_halfLen_1_useTexCoords_false_useTangents_false_capEnds_true) created and registered.
I0919 14:36:34.022712 2043707 AssetAttributesManager.cpp:117] Asset attributes (cylinderWireframe : cylinderWireframe_rings_1_segments_32_halfLen_1) created and registered.
I0919 14:36:34.022723 2043707 AssetAttributesManager.cpp:117] Asset attributes (icosphereSolid : icosphereSolid_subdivs_1) created and registered.
I0919 14:36:34.022732 2043707 AssetAttributesManager.cpp:117] Asset attributes (icosphereWireframe : icosphereWireframe_subdivs_1) created and registered.
I0919 14:36:34.022746 2043707 AssetAttributesManager.cpp:117] Asset attributes (uvSphereSolid : uvSphereSolid_rings_8_segments_16_useTexCoords_false_useTangents_false) created and registered.
I0919 14:36:34.022758 2043707 AssetAttributesManager.cpp:117] Asset attributes (uvSphereWireframe : uvSphereWireframe_rings_16_segments_32) created and registered.
I0919 14:36:34.022765 2043707 AssetAttributesManager.cpp:105] AssetAttributesManager::buildCtorFuncPtrMaps : Built default primitive asset templates : 12
I0919 14:36:34.023159 2043707 SceneDatasetAttributesManager.cpp:23] File (default) not found, so new default dataset attributes created and registered.
I0919 14:36:34.023161 2043707 MetadataMediator.cpp:47] MetadataMediator::createDataset : Dataset default successfully created.
I0919 14:36:34.023370 2043707 AttributesManagerBase.h:283] AttributesManager<T>::createFromJsonOrDefaultInternal  (Physics Manager) : Proposing JSON name : ./data/default.physics_config.json from original name : ./data/default.physics_config.json | This file  does not exist.
I0919 14:36:34.023381 2043707 PhysicsAttributesManager.cpp:27] File (./data/default.physics_config.json) not found, so new default physics manager attributes created and registered.
I0919 14:36:34.023384 2043707 AbstractObjectAttributesManagerBase.h:175] AbstractObjectAttributesManager<T>::createObject  (Stage) : Making attributes with handle : /mnt/data_nas/deeprobotics/daiyang/vla/third_party/ETP-R1/data/scene_datasets/mp3d/PuKPg4mmafe/PuKPg4mmafe.glb
I0919 14:36:34.023388 2043707 ManagedContainerBase.cpp:19] ManagedContainerBase::convertFilenameToJSON : Filename : /mnt/data_nas/deeprobotics/daiyang/vla/third_party/ETP-R1/data/scene_datasets/mp3d/PuKPg4mmafe/PuKPg4mmafe.glb changed to proposed JSON configuration filename : /mnt/data_nas/deeprobotics/daiyang/vla/third_party/ETP-R1/data/scene_datasets/mp3d/PuKPg4mmafe/PuKPg4mmafe.stage_config.json
I0919 14:36:34.023407 2043707 AttributesManagerBase.h:283] AttributesManager<T>::createFromJsonOrDefaultInternal  (Stage) : Proposing JSON name : /mnt/data_nas/deeprobotics/daiyang/vla/third_party/ETP-R1/data/scene_datasets/mp3d/PuKPg4mmafe/PuKPg4mmafe.stage_config.json from original name : /mnt/data_nas/deeprobotics/daiyang/vla/third_party/ETP-R1/data/scene_datasets/mp3d/PuKPg4mmafe/PuKPg4mmafe.glb | This file  does not exist.
I0919 14:36:34.023455 2043707 AbstractObjectAttributesManagerBase.h:181] AbstractObjectAttributesManager<T>::createObject  (Stage) : Done making attributes with handle : /mnt/data_nas/deeprobotics/daiyang/vla/third_party/ETP-R1/data/scene_datasets/mp3d/PuKPg4mmafe/PuKPg4mmafe.glb
I0919 14:36:34.023458 2043707 AbstractObjectAttributesManagerBase.h:188] File (/mnt/data_nas/deeprobotics/daiyang/vla/third_party/ETP-R1/data/scene_datasets/mp3d/PuKPg4mmafe/PuKPg4mmafe.glb) exists but is not a recognized config filename extension, so new default Stage attributes created and registered.
I0919 14:36:34.023463 2043707 Simulator.cpp:156] Loading navmesh from /mnt/data_nas/deeprobotics/daiyang/vla/third_party/ETP-R1/data/scene_datasets/mp3d/PuKPg4mmafe/PuKPg4mmafe.navmesh
I0919 14:36:34.024698 2043707 Simulator.cpp:158] Loaded.
I0919 14:36:34.024706 2043707 SceneGraph.h:93] Created DrawableGroup: 
Renderer: NVIDIA GeForce RTX 5090/PCIe/SSE2 by NVIDIA Corporation
OpenGL version: 4.6.0 NVIDIA 580.126.09
Using optional features:
    GL_ARB_ES2_compatibility
    GL_ARB_direct_state_access
    GL_ARB_get_texture_sub_image
    GL_ARB_invalidate_subdata
    GL_ARB_multi_bind
    GL_ARB_robustness
    GL_ARB_separate_shader_objects
    GL_ARB_texture_filter_anisotropic
    GL_ARB_texture_storage
    GL_ARB_texture_storage_multisample
    GL_ARB_vertex_array_object
    GL_KHR_debug
Using driver workarounds:
    no-forward-compatible-core-context
    nv-egl-incorrect-gl11-function-pointers
    no-layout-qualifiers-on-old-glsl
    nv-zero-context-profile-mask
    nv-implementation-color-read-format-dsa-broken
    nv-cubemap-inconsistent-compressed-image-size
    nv-cubemap-broken-full-compressed-image-query
    nv-compressed-block-size-in-bits
I0919 14:36:34.028324 2043707 ResourceManager.cpp:234] ResourceManager::loadStage : Not loading semantic mesh
I0919 14:36:34.028333 2043707 ResourceManager.cpp:262] ResourceManager::loadStage : start load render asset /mnt/data_nas/deeprobotics/daiyang/vla/third_party/ETP-R1/data/scene_datasets/mp3d/PuKPg4mmafe/PuKPg4mmafe.glb.
I0919 14:36:34.028337 2043707 ResourceManager.cpp:569] ResourceManager::loadStageInternal : Attempting to load stage /mnt/data_nas/deeprobotics/daiyang/vla/third_party/ETP-R1/data/scene_datasets/mp3d/PuKPg4mmafe/PuKPg4mmafe.glb 
I0919 14:36:34.028353 2043707 ResourceManager.cpp:1119] Importing Basis files as BC7 for PuKPg4mmafe.glb
W0919 14:36:38.704365 2043707 Simulator.cpp:248] :
---
 The active scene does not contain semantic annotations. 
---
I0919 14:36:38.724234 2043707 simulator.py:213] Loaded navmesh /mnt/data_nas/deeprobotics/daiyang/vla/third_party/ETP-R1/data/scene_datasets/mp3d/PuKPg4mmafe/PuKPg4mmafe.navmesh
I0919 14:39:16.829805 2043707 PhysicsManager.cpp:33] Deconstructing PhysicsManager
I0919 14:39:16.829840 2043707 SemanticScene.h:41] Deconstructing SemanticScene
I0919 14:39:16.830701 2043707 SceneManager.h:25] Deconstructing SceneManager
I0919 14:39:16.830706 2043707 SceneGraph.h:26] Deconstructing SceneGraph
I0919 14:39:16.830943 2043707 Sensor.h:87] Deconstructing Sensor
I0919 14:39:16.835773 2043707 Renderer.cpp:34] Deconstructing Renderer
I0919 14:39:16.835798 2043707 WindowlessContext.h:17] Deconstructing WindowlessContext
I0919 14:39:16.850333 2043707 ManagedContainerBase.cpp:19] ManagedContainerBase::convertFilenameToJSON : Filename : default changed to proposed JSON configuration filename : default.scene_dataset_config.json
I0919 14:39:16.850353 2043707 AttributesManagerBase.h:283] AttributesManager<T>::createFromJsonOrDefaultInternal  (Dataset) : Proposing JSON name : default.scene_dataset_config.json from original name : default | This file  does not exist.
I0919 14:39:16.850512 2043707 AssetAttributesManager.cpp:117] Asset attributes (capsule3DSolid : capsule3DSolid_hemiRings_4_cylRings_1_segments_12_halfLen_0.75_useTexCoords_false_useTangents_false) created and registered.
I0919 14:39:16.850538 2043707 AssetAttributesManager.cpp:117] Asset attributes (capsule3DWireframe : capsule3DWireframe_hemiRings_8_cylRings_1_segments_16_halfLen_1) created and registered.
I0919 14:39:16.850561 2043707 AssetAttributesManager.cpp:117] Asset attributes (coneSolid : coneSolid_segments_12_halfLen_1.25_rings_1_useTexCoords_false_useTangents_false_capEnd_true) created and registered.
I0919 14:39:16.850575 2043707 AssetAttributesManager.cpp:117] Asset attributes (coneWireframe : coneWireframe_segments_32_halfLen_1.25) created and registered.
I0919 14:39:16.850584 2043707 AssetAttributesManager.cpp:117] Asset attributes (cubeSolid : cubeSolid) created and registered.
I0919 14:39:16.850590 2043707 AssetAttributesManager.cpp:117] Asset attributes (cubeWireframe : cubeWireframe) created and registered.
I0919 14:39:16.850610 2043707 AssetAttributesManager.cpp:117] Asset attributes (cylinderSolid : cylinderSolid_rings_1_segments_12_halfLen_1_useTexCoords_false_useTangents_false_capEnds_true) created and registered.
I0919 14:39:16.850626 2043707 AssetAttributesManager.cpp:117] Asset attributes (cylinderWireframe : cylinderWireframe_rings_1_segments_32_halfLen_1) created and registered.
I0919 14:39:16.850636 2043707 AssetAttributesManager.cpp:117] Asset attributes (icosphereSolid : icosphereSolid_subdivs_1) created and registered.
I0919 14:39:16.850646 2043707 AssetAttributesManager.cpp:117] Asset attributes (icosphereWireframe : icosphereWireframe_subdivs_1) created and registered.
I0919 14:39:16.850661 2043707 AssetAttributesManager.cpp:117] Asset attributes (uvSphereSolid : uvSphereSolid_rings_8_segments_16_useTexCoords_false_useTangents_false) created and registered.
I0919 14:39:16.850673 2043707 AssetAttributesManager.cpp:117] Asset attributes (uvSphereWireframe : uvSphereWireframe_rings_16_segments_32) created and registered.
I0919 14:39:16.850679 2043707 AssetAttributesManager.cpp:105] AssetAttributesManager::buildCtorFuncPtrMaps : Built default primitive asset templates : 12
I0919 14:39:16.851068 2043707 SceneDatasetAttributesManager.cpp:23] File (default) not found, so new default dataset attributes created and registered.
I0919 14:39:16.851070 2043707 MetadataMediator.cpp:47] MetadataMediator::createDataset : Dataset default successfully created.
I0919 14:39:16.851267 2043707 AttributesManagerBase.h:283] AttributesManager<T>::createFromJsonOrDefaultInternal  (Physics Manager) : Proposing JSON name : ./data/default.physics_config.json from original name : ./data/default.physics_config.json | This file  does not exist.
I0919 14:39:16.851285 2043707 PhysicsAttributesManager.cpp:27] File (./data/default.physics_config.json) not found, so new default physics manager attributes created and registered.
I0919 14:39:16.851289 2043707 AbstractObjectAttributesManagerBase.h:175] AbstractObjectAttributesManager<T>::createObject  (Stage) : Making attributes with handle : /mnt/data_nas/deeprobotics/daiyang/vla/third_party/ETP-R1/data/scene_datasets/mp3d/aayBHfsNo7d/aayBHfsNo7d.glb
I0919 14:39:16.851292 2043707 ManagedContainerBase.cpp:19] ManagedContainerBase::convertFilenameToJSON : Filename : /mnt/data_nas/deeprobotics/daiyang/vla/third_party/ETP-R1/data/scene_datasets/mp3d/aayBHfsNo7d/aayBHfsNo7d.glb changed to proposed JSON configuration filename : /mnt/data_nas/deeprobotics/daiyang/vla/third_party/ETP-R1/data/scene_datasets/mp3d/aayBHfsNo7d/aayBHfsNo7d.stage_config.json
I0919 14:39:16.851303 2043707 AttributesManagerBase.h:283] AttributesManager<T>::createFromJsonOrDefaultInternal  (Stage) : Proposing JSON name : /mnt/data_nas/deeprobotics/daiyang/vla/third_party/ETP-R1/data/scene_datasets/mp3d/aayBHfsNo7d/aayBHfsNo7d.stage_config.json from original name : /mnt/data_nas/deeprobotics/daiyang/vla/third_party/ETP-R1/data/scene_datasets/mp3d/aayBHfsNo7d/aayBHfsNo7d.glb | This file  does not exist.
I0919 14:39:16.851352 2043707 AbstractObjectAttributesManagerBase.h:181] AbstractObjectAttributesManager<T>::createObject  (Stage) : Done making attributes with handle : /mnt/data_nas/deeprobotics/daiyang/vla/third_party/ETP-R1/data/scene_datasets/mp3d/aayBHfsNo7d/aayBHfsNo7d.glb
I0919 14:39:16.851356 2043707 AbstractObjectAttributesManagerBase.h:188] File (/mnt/data_nas/deeprobotics/daiyang/vla/third_party/ETP-R1/data/scene_datasets/mp3d/aayBHfsNo7d/aayBHfsNo7d.glb) exists but is not a recognized config filename extension, so new default Stage attributes created and registered.
I0919 14:39:16.851359 2043707 Simulator.cpp:156] Loading navmesh from /mnt/data_nas/deeprobotics/daiyang/vla/third_party/ETP-R1/data/scene_datasets/mp3d/aayBHfsNo7d/aayBHfsNo7d.navmesh
I0919 14:39:16.852084 2043707 Simulator.cpp:158] Loaded.
I0919 14:39:16.852092 2043707 SceneGraph.h:93] Created DrawableGroup: 
Renderer: NVIDIA GeForce RTX 5090/PCIe/SSE2 by NVIDIA Corporation
OpenGL version: 4.6.0 NVIDIA 580.126.09
Using optional features:
    GL_ARB_ES2_compatibility
    GL_ARB_direct_state_access
    GL_ARB_get_texture_sub_image
    GL_ARB_invalidate_subdata
    GL_ARB_multi_bind
    GL_ARB_robustness
    GL_ARB_separate_shader_objects
    GL_ARB_texture_filter_anisotropic
    GL_ARB_texture_storage
    GL_ARB_texture_storage_multisample
    GL_ARB_vertex_array_object
    GL_KHR_debug
Using driver workarounds:
    no-forward-compatible-core-context
    nv-egl-incorrect-gl11-function-pointers
    no-layout-qualifiers-on-old-glsl
    nv-zero-context-profile-mask
    nv-implementation-color-read-format-dsa-broken
    nv-cubemap-inconsistent-compressed-image-size
    nv-cubemap-broken-full-compressed-image-query
    nv-compressed-block-size-in-bits
I0919 14:39:16.855777 2043707 ResourceManager.cpp:234] ResourceManager::loadStage : Not loading semantic mesh
I0919 14:39:16.855785 2043707 ResourceManager.cpp:262] ResourceManager::loadStage : start load render asset /mnt/data_nas/deeprobotics/daiyang/vla/third_party/ETP-R1/data/scene_datasets/mp3d/aayBHfsNo7d/aayBHfsNo7d.glb.
I0919 14:39:16.855787 2043707 ResourceManager.cpp:569] ResourceManager::loadStageInternal : Attempting to load stage /mnt/data_nas/deeprobotics/daiyang/vla/third_party/ETP-R1/data/scene_datasets/mp3d/aayBHfsNo7d/aayBHfsNo7d.glb 
I0919 14:39:16.855803 2043707 ResourceManager.cpp:1119] Importing Basis files as BC7 for aayBHfsNo7d.glb
W0919 14:39:18.411077 2043707 Simulator.cpp:248] :
---
 The active scene does not contain semantic annotations. 
---
I0919 14:39:18.451633 2043707 simulator.py:213] Loaded navmesh /mnt/data_nas/deeprobotics/daiyang/vla/third_party/ETP-R1/data/scene_datasets/mp3d/aayBHfsNo7d/aayBHfsNo7d.navmesh
I0919 14:40:04.354049 2043707 PhysicsManager.cpp:33] Deconstructing PhysicsManager
I0919 14:40:04.354085 2043707 SemanticScene.h:41] Deconstructing SemanticScene
I0919 14:40:04.356426 2043707 SceneManager.h:25] Deconstructing SceneManager
I0919 14:40:04.356434 2043707 SceneGraph.h:26] Deconstructing SceneGraph
I0919 14:40:04.356969 2043707 Sensor.h:87] Deconstructing Sensor
I0919 14:40:04.359048 2043707 Renderer.cpp:34] Deconstructing Renderer
I0919 14:40:04.359068 2043707 WindowlessContext.h:17] Deconstructing WindowlessContext
I0919 14:40:04.364935 2043707 ManagedContainerBase.cpp:19] ManagedContainerBase::convertFilenameToJSON : Filename : default changed to proposed JSON configuration filename : default.scene_dataset_config.json
I0919 14:40:04.364950 2043707 AttributesManagerBase.h:283] AttributesManager<T>::createFromJsonOrDefaultInternal  (Dataset) : Proposing JSON name : default.scene_dataset_config.json from original name : default | This file  does not exist.
I0919 14:40:04.365247 2043707 AssetAttributesManager.cpp:117] Asset attributes (capsule3DSolid : capsule3DSolid_hemiRings_4_cylRings_1_segments_12_halfLen_0.75_useTexCoords_false_useTangents_false) created and registered.
I0919 14:40:04.365278 2043707 AssetAttributesManager.cpp:117] Asset attributes (capsule3DWireframe : capsule3DWireframe_hemiRings_8_cylRings_1_segments_16_halfLen_1) created and registered.
I0919 14:40:04.365309 2043707 AssetAttributesManager.cpp:117] Asset attributes (coneSolid : coneSolid_segments_12_halfLen_1.25_rings_1_useTexCoords_false_useTangents_false_capEnd_true) created and registered.
I0919 14:40:04.365322 2043707 AssetAttributesManager.cpp:117] Asset attributes (coneWireframe : coneWireframe_segments_32_halfLen_1.25) created and registered.
I0919 14:40:04.365332 2043707 AssetAttributesManager.cpp:117] Asset attributes (cubeSolid : cubeSolid) created and registered.
I0919 14:40:04.365338 2043707 AssetAttributesManager.cpp:117] Asset attributes (cubeWireframe : cubeWireframe) created and registered.
I0919 14:40:04.365357 2043707 AssetAttributesManager.cpp:117] Asset attributes (cylinderSolid : cylinderSolid_rings_1_segments_12_halfLen_1_useTexCoords_false_useTangents_false_capEnds_true) created and registered.
I0919 14:40:04.365374 2043707 AssetAttributesManager.cpp:117] Asset attributes (cylinderWireframe : cylinderWireframe_rings_1_segments_32_halfLen_1) created and registered.
I0919 14:40:04.365384 2043707 AssetAttributesManager.cpp:117] Asset attributes (icosphereSolid : icosphereSolid_subdivs_1) created and registered.
I0919 14:40:04.365392 2043707 AssetAttributesManager.cpp:117] Asset attributes (icosphereWireframe : icosphereWireframe_subdivs_1) created and registered.
I0919 14:40:04.365406 2043707 AssetAttributesManager.cpp:117] Asset attributes (uvSphereSolid : uvSphereSolid_rings_8_segments_16_useTexCoords_false_useTangents_false) created and registered.
I0919 14:40:04.365419 2043707 AssetAttributesManager.cpp:117] Asset attributes (uvSphereWireframe : uvSphereWireframe_rings_16_segments_32) created and registered.
I0919 14:40:04.365425 2043707 AssetAttributesManager.cpp:105] AssetAttributesManager::buildCtorFuncPtrMaps : Built default primitive asset templates : 12
I0919 14:40:04.365818 2043707 SceneDatasetAttributesManager.cpp:23] File (default) not found, so new default dataset attributes created and registered.
I0919 14:40:04.365819 2043707 MetadataMediator.cpp:47] MetadataMediator::createDataset : Dataset default successfully created.
I0919 14:40:04.366011 2043707 AttributesManagerBase.h:283] AttributesManager<T>::createFromJsonOrDefaultInternal  (Physics Manager) : Proposing JSON name : ./data/default.physics_config.json from original name : ./data/default.physics_config.json | This file  does not exist.
I0919 14:40:04.366022 2043707 PhysicsAttributesManager.cpp:27] File (./data/default.physics_config.json) not found, so new default physics manager attributes created and registered.
I0919 14:40:04.366025 2043707 AbstractObjectAttributesManagerBase.h:175] AbstractObjectAttributesManager<T>::createObject  (Stage) : Making attributes with handle : /mnt/data_nas/deeprobotics/daiyang/vla/third_party/ETP-R1/data/scene_datasets/mp3d/82sE5b5pLXE/82sE5b5pLXE.glb
I0919 14:40:04.366029 2043707 ManagedContainerBase.cpp:19] ManagedContainerBase::convertFilenameToJSON : Filename : /mnt/data_nas/deeprobotics/daiyang/vla/third_party/ETP-R1/data/scene_datasets/mp3d/82sE5b5pLXE/82sE5b5pLXE.glb changed to proposed JSON configuration filename : /mnt/data_nas/deeprobotics/daiyang/vla/third_party/ETP-R1/data/scene_datasets/mp3d/82sE5b5pLXE/82sE5b5pLXE.stage_config.json
I0919 14:40:04.366039 2043707 AttributesManagerBase.h:283] AttributesManager<T>::createFromJsonOrDefaultInternal  (Stage) : Proposing JSON name : /mnt/data_nas/deeprobotics/daiyang/vla/third_party/ETP-R1/data/scene_datasets/mp3d/82sE5b5pLXE/82sE5b5pLXE.stage_config.json from original name : /mnt/data_nas/deeprobotics/daiyang/vla/third_party/ETP-R1/data/scene_datasets/mp3d/82sE5b5pLXE/82sE5b5pLXE.glb | This file  does not exist.
I0919 14:40:04.366086 2043707 AbstractObjectAttributesManagerBase.h:181] AbstractObjectAttributesManager<T>::createObject  (Stage) : Done making attributes with handle : /mnt/data_nas/deeprobotics/daiyang/vla/third_party/ETP-R1/data/scene_datasets/mp3d/82sE5b5pLXE/82sE5b5pLXE.glb
I0919 14:40:04.366088 2043707 AbstractObjectAttributesManagerBase.h:188] File (/mnt/data_nas/deeprobotics/daiyang/vla/third_party/ETP-R1/data/scene_datasets/mp3d/82sE5b5pLXE/82sE5b5pLXE.glb) exists but is not a recognized config filename extension, so new default Stage attributes created and registered.
I0919 14:40:04.366096 2043707 Simulator.cpp:156] Loading navmesh from /mnt/data_nas/deeprobotics/daiyang/vla/third_party/ETP-R1/data/scene_datasets/mp3d/82sE5b5pLXE/82sE5b5pLXE.navmesh
I0919 14:40:04.366914 2043707 Simulator.cpp:158] Loaded.
I0919 14:40:04.366920 2043707 SceneGraph.h:93] Created DrawableGroup: 
Renderer: NVIDIA GeForce RTX 5090/PCIe/SSE2 by NVIDIA Corporation
OpenGL version: 4.6.0 NVIDIA 580.126.09
Using optional features:
    GL_ARB_ES2_compatibility
    GL_ARB_direct_state_access
    GL_ARB_get_texture_sub_image
    GL_ARB_invalidate_subdata
    GL_ARB_multi_bind
    GL_ARB_robustness
    GL_ARB_separate_shader_objects
    GL_ARB_texture_filter_anisotropic
    GL_ARB_texture_storage
    GL_ARB_texture_storage_multisample
    GL_ARB_vertex_array_object
    GL_KHR_debug
Using driver workarounds:
    no-forward-compatible-core-context
    nv-egl-incorrect-gl11-function-pointers
    no-layout-qualifiers-on-old-glsl
    nv-zero-context-profile-mask
    nv-implementation-color-read-format-dsa-broken
    nv-cubemap-inconsistent-compressed-image-size
    nv-cubemap-broken-full-compressed-image-query
    nv-compressed-block-size-in-bits
I0919 14:40:04.370491 2043707 ResourceManager.cpp:234] ResourceManager::loadStage : Not loading semantic mesh
I0919 14:40:04.370499 2043707 ResourceManager.cpp:262] ResourceManager::loadStage : start load render asset /mnt/data_nas/deeprobotics/daiyang/vla/third_party/ETP-R1/data/scene_datasets/mp3d/82sE5b5pLXE/82sE5b5pLXE.glb.
I0919 14:40:04.370502 2043707 ResourceManager.cpp:569] ResourceManager::loadStageInternal : Attempting to load stage /mnt/data_nas/deeprobotics/daiyang/vla/third_party/ETP-R1/data/scene_datasets/mp3d/82sE5b5pLXE/82sE5b5pLXE.glb 
I0919 14:40:04.370517 2043707 ResourceManager.cpp:1119] Importing Basis files as BC7 for 82sE5b5pLXE.glb
W0919 14:40:06.372633 2043707 Simulator.cpp:248] :
---
 The active scene does not contain semantic annotations. 
---
I0919 14:40:06.410852 2043707 simulator.py:213] Loaded navmesh /mnt/data_nas/deeprobotics/daiyang/vla/third_party/ETP-R1/data/scene_datasets/mp3d/82sE5b5pLXE/82sE5b5pLXE.navmesh
I0919 14:43:56.038233 2043707 PhysicsManager.cpp:33] Deconstructing PhysicsManager
I0919 14:43:56.038291 2043707 SemanticScene.h:41] Deconstructing SemanticScene
I0919 14:43:56.039951 2043707 SceneManager.h:25] Deconstructing SceneManager
I0919 14:43:56.039959 2043707 SceneGraph.h:26] Deconstructing SceneGraph
I0919 14:43:56.040230 2043707 Sensor.h:87] Deconstructing Sensor
I0919 14:43:56.043941 2043707 Renderer.cpp:34] Deconstructing Renderer
I0919 14:43:56.043965 2043707 WindowlessContext.h:17] Deconstructing WindowlessContext
I0919 14:43:56.048532 2043707 ManagedContainerBase.cpp:19] ManagedContainerBase::convertFilenameToJSON : Filename : default changed to proposed JSON configuration filename : default.scene_dataset_config.json
I0919 14:43:56.048547 2043707 AttributesManagerBase.h:283] AttributesManager<T>::createFromJsonOrDefaultInternal  (Dataset) : Proposing JSON name : default.scene_dataset_config.json from original name : default | This file  does not exist.
I0919 14:43:56.048801 2043707 AssetAttributesManager.cpp:117] Asset attributes (capsule3DSolid : capsule3DSolid_hemiRings_4_cylRings_1_segments_12_halfLen_0.75_useTexCoords_false_useTangents_false) created and registered.
I0919 14:43:56.048827 2043707 AssetAttributesManager.cpp:117] Asset attributes (capsule3DWireframe : capsule3DWireframe_hemiRings_8_cylRings_1_segments_16_halfLen_1) created and registered.
I0919 14:43:56.048851 2043707 AssetAttributesManager.cpp:117] Asset attributes (coneSolid : coneSolid_segments_12_halfLen_1.25_rings_1_useTexCoords_false_useTangents_false_capEnd_true) created and registered.
I0919 14:43:56.048866 2043707 AssetAttributesManager.cpp:117] Asset attributes (coneWireframe : coneWireframe_segments_32_halfLen_1.25) created and registered.
I0919 14:43:56.048880 2043707 AssetAttributesManager.cpp:117] Asset attributes (cubeSolid : cubeSolid) created and registered.
I0919 14:43:56.048887 2043707 AssetAttributesManager.cpp:117] Asset attributes (cubeWireframe : cubeWireframe) created and registered.
I0919 14:43:56.048906 2043707 AssetAttributesManager.cpp:117] Asset attributes (cylinderSolid : cylinderSolid_rings_1_segments_12_halfLen_1_useTexCoords_false_useTangents_false_capEnds_true) created and registered.
I0919 14:43:56.048923 2043707 AssetAttributesManager.cpp:117] Asset attributes (cylinderWireframe : cylinderWireframe_rings_1_segments_32_halfLen_1) created and registered.
I0919 14:43:56.048933 2043707 AssetAttributesManager.cpp:117] Asset attributes (icosphereSolid : icosphereSolid_subdivs_1) created and registered.
I0919 14:43:56.048940 2043707 AssetAttributesManager.cpp:117] Asset attributes (icosphereWireframe : icosphereWireframe_subdivs_1) created and registered.
I0919 14:43:56.048954 2043707 AssetAttributesManager.cpp:117] Asset attributes (uvSphereSolid : uvSphereSolid_rings_8_segments_16_useTexCoords_false_useTangents_false) created and registered.
I0919 14:43:56.048966 2043707 AssetAttributesManager.cpp:117] Asset attributes (uvSphereWireframe : uvSphereWireframe_rings_16_segments_32) created and registered.
I0919 14:43:56.048972 2043707 AssetAttributesManager.cpp:105] AssetAttributesManager::buildCtorFuncPtrMaps : Built default primitive asset templates : 12
I0919 14:43:56.049364 2043707 SceneDatasetAttributesManager.cpp:23] File (default) not found, so new default dataset attributes created and registered.
I0919 14:43:56.049366 2043707 MetadataMediator.cpp:47] MetadataMediator::createDataset : Dataset default successfully created.
I0919 14:43:56.049556 2043707 AttributesManagerBase.h:283] AttributesManager<T>::createFromJsonOrDefaultInternal  (Physics Manager) : Proposing JSON name : ./data/default.physics_config.json from original name : ./data/default.physics_config.json | This file  does not exist.
I0919 14:43:56.049566 2043707 PhysicsAttributesManager.cpp:27] File (./data/default.physics_config.json) not found, so new default physics manager attributes created and registered.
I0919 14:43:56.049569 2043707 AbstractObjectAttributesManagerBase.h:175] AbstractObjectAttributesManager<T>::createObject  (Stage) : Making attributes with handle : /mnt/data_nas/deeprobotics/daiyang/vla/third_party/ETP-R1/data/scene_datasets/mp3d/B6ByNegPMKs/B6ByNegPMKs.glb
I0919 14:43:56.049574 2043707 ManagedContainerBase.cpp:19] ManagedContainerBase::convertFilenameToJSON : Filename : /mnt/data_nas/deeprobotics/daiyang/vla/third_party/ETP-R1/data/scene_datasets/mp3d/B6ByNegPMKs/B6ByNegPMKs.glb changed to proposed JSON configuration filename : /mnt/data_nas/deeprobotics/daiyang/vla/third_party/ETP-R1/data/scene_datasets/mp3d/B6ByNegPMKs/B6ByNegPMKs.stage_config.json
I0919 14:43:56.049584 2043707 AttributesManagerBase.h:283] AttributesManager<T>::createFromJsonOrDefaultInternal  (Stage) : Proposing JSON name : /mnt/data_nas/deeprobotics/daiyang/vla/third_party/ETP-R1/data/scene_datasets/mp3d/B6ByNegPMKs/B6ByNegPMKs.stage_config.json from original name : /mnt/data_nas/deeprobotics/daiyang/vla/third_party/ETP-R1/data/scene_datasets/mp3d/B6ByNegPMKs/B6ByNegPMKs.glb | This file  does not exist.
I0919 14:43:56.049630 2043707 AbstractObjectAttributesManagerBase.h:181] AbstractObjectAttributesManager<T>::createObject  (Stage) : Done making attributes with handle : /mnt/data_nas/deeprobotics/daiyang/vla/third_party/ETP-R1/data/scene_datasets/mp3d/B6ByNegPMKs/B6ByNegPMKs.glb
I0919 14:43:56.049633 2043707 AbstractObjectAttributesManagerBase.h:188] File (/mnt/data_nas/deeprobotics/daiyang/vla/third_party/ETP-R1/data/scene_datasets/mp3d/B6ByNegPMKs/B6ByNegPMKs.glb) exists but is not a recognized config filename extension, so new default Stage attributes created and registered.
I0919 14:43:56.049638 2043707 Simulator.cpp:156] Loading navmesh from /mnt/data_nas/deeprobotics/daiyang/vla/third_party/ETP-R1/data/scene_datasets/mp3d/B6ByNegPMKs/B6ByNegPMKs.navmesh
I0919 14:43:56.051389 2043707 Simulator.cpp:158] Loaded.
I0919 14:43:56.051396 2043707 SceneGraph.h:93] Created DrawableGroup: 
Renderer: NVIDIA GeForce RTX 5090/PCIe/SSE2 by NVIDIA Corporation
OpenGL version: 4.6.0 NVIDIA 580.126.09
Using optional features:
    GL_ARB_ES2_compatibility
    GL_ARB_direct_state_access
    GL_ARB_get_texture_sub_image
    GL_ARB_invalidate_subdata
    GL_ARB_multi_bind
    GL_ARB_robustness
    GL_ARB_separate_shader_objects
    GL_ARB_texture_filter_anisotropic
    GL_ARB_texture_storage
    GL_ARB_texture_storage_multisample
    GL_ARB_vertex_array_object
    GL_KHR_debug
Using driver workarounds:
    no-forward-compatible-core-context
    nv-egl-incorrect-gl11-function-pointers
    no-layout-qualifiers-on-old-glsl
    nv-zero-context-profile-mask
    nv-implementation-color-read-format-dsa-broken
    nv-cubemap-inconsistent-compressed-image-size
    nv-cubemap-broken-full-compressed-image-query
    nv-compressed-block-size-in-bits
I0919 14:43:56.054981 2043707 ResourceManager.cpp:234] ResourceManager::loadStage : Not loading semantic mesh
I0919 14:43:56.054989 2043707 ResourceManager.cpp:262] ResourceManager::loadStage : start load render asset /mnt/data_nas/deeprobotics/daiyang/vla/third_party/ETP-R1/data/scene_datasets/mp3d/B6ByNegPMKs/B6ByNegPMKs.glb.
I0919 14:43:56.054992 2043707 ResourceManager.cpp:569] ResourceManager::loadStageInternal : Attempting to load stage /mnt/data_nas/deeprobotics/daiyang/vla/third_party/ETP-R1/data/scene_datasets/mp3d/B6ByNegPMKs/B6ByNegPMKs.glb 
I0919 14:43:56.055006 2043707 ResourceManager.cpp:1119] Importing Basis files as BC7 for B6ByNegPMKs.glb
W0919 14:44:05.644961 2043707 Simulator.cpp:248] :
---
 The active scene does not contain semantic annotations. 
---
I0919 14:44:05.878441 2043707 simulator.py:213] Loaded navmesh /mnt/data_nas/deeprobotics/daiyang/vla/third_party/ETP-R1/data/scene_datasets/mp3d/B6ByNegPMKs/B6ByNegPMKs.navmesh
I0919 14:46:57.637828 2043707 PhysicsManager.cpp:33] Deconstructing PhysicsManager
I0919 14:46:57.637883 2043707 SemanticScene.h:41] Deconstructing SemanticScene
I0919 14:46:57.655047 2043707 SceneManager.h:25] Deconstructing SceneManager
I0919 14:46:57.655066 2043707 SceneGraph.h:26] Deconstructing SceneGraph
I0919 14:46:57.655586 2043707 Sensor.h:87] Deconstructing Sensor
I0919 14:46:57.670120 2043707 Renderer.cpp:34] Deconstructing Renderer
I0919 14:46:57.670156 2043707 WindowlessContext.h:17] Deconstructing WindowlessContext
I0919 14:46:57.698319 2043707 ManagedContainerBase.cpp:19] ManagedContainerBase::convertFilenameToJSON : Filename : default changed to proposed JSON configuration filename : default.scene_dataset_config.json
I0919 14:46:57.698348 2043707 AttributesManagerBase.h:283] AttributesManager<T>::createFromJsonOrDefaultInternal  (Dataset) : Proposing JSON name : default.scene_dataset_config.json from original name : default | This file  does not exist.
I0919 14:46:57.698628 2043707 AssetAttributesManager.cpp:117] Asset attributes (capsule3DSolid : capsule3DSolid_hemiRings_4_cylRings_1_segments_12_halfLen_0.75_useTexCoords_false_useTangents_false) created and registered.
I0919 14:46:57.698657 2043707 AssetAttributesManager.cpp:117] Asset attributes (capsule3DWireframe : capsule3DWireframe_hemiRings_8_cylRings_1_segments_16_halfLen_1) created and registered.
I0919 14:46:57.698681 2043707 AssetAttributesManager.cpp:117] Asset attributes (coneSolid : coneSolid_segments_12_halfLen_1.25_rings_1_useTexCoords_false_useTangents_false_capEnd_true) created and registered.
I0919 14:46:57.698695 2043707 AssetAttributesManager.cpp:117] Asset attributes (coneWireframe : coneWireframe_segments_32_halfLen_1.25) created and registered.
I0919 14:46:57.698704 2043707 AssetAttributesManager.cpp:117] Asset attributes (cubeSolid : cubeSolid) created and registered.
I0919 14:46:57.698711 2043707 AssetAttributesManager.cpp:117] Asset attributes (cubeWireframe : cubeWireframe) created and registered.
I0919 14:46:57.698730 2043707 AssetAttributesManager.cpp:117] Asset attributes (cylinderSolid : cylinderSolid_rings_1_segments_12_halfLen_1_useTexCoords_false_useTangents_false_capEnds_true) created and registered.
I0919 14:46:57.698760 2043707 AssetAttributesManager.cpp:117] Asset attributes (cylinderWireframe : cylinderWireframe_rings_1_segments_32_halfLen_1) created and registered.
I0919 14:46:57.698770 2043707 AssetAttributesManager.cpp:117] Asset attributes (icosphereSolid : icosphereSolid_subdivs_1) created and registered.
I0919 14:46:57.698779 2043707 AssetAttributesManager.cpp:117] Asset attributes (icosphereWireframe : icosphereWireframe_subdivs_1) created and registered.
I0919 14:46:57.698794 2043707 AssetAttributesManager.cpp:117] Asset attributes (uvSphereSolid : uvSphereSolid_rings_8_segments_16_useTexCoords_false_useTangents_false) created and registered.
I0919 14:46:57.698807 2043707 AssetAttributesManager.cpp:117] Asset attributes (uvSphereWireframe : uvSphereWireframe_rings_16_segments_32) created and registered.
I0919 14:46:57.698813 2043707 AssetAttributesManager.cpp:105] AssetAttributesManager::buildCtorFuncPtrMaps : Built default primitive asset templates : 12
I0919 14:46:57.699213 2043707 SceneDatasetAttributesManager.cpp:23] File (default) not found, so new default dataset attributes created and registered.
I0919 14:46:57.699215 2043707 MetadataMediator.cpp:47] MetadataMediator::createDataset : Dataset default successfully created.
I0919 14:46:57.700371 2043707 AttributesManagerBase.h:283] AttributesManager<T>::createFromJsonOrDefaultInternal  (Physics Manager) : Proposing JSON name : ./data/default.physics_config.json from original name : ./data/default.physics_config.json | This file  does not exist.
I0919 14:46:57.700387 2043707 PhysicsAttributesManager.cpp:27] File (./data/default.physics_config.json) not found, so new default physics manager attributes created and registered.
I0919 14:46:57.700392 2043707 AbstractObjectAttributesManagerBase.h:175] AbstractObjectAttributesManager<T>::createObject  (Stage) : Making attributes with handle : /mnt/data_nas/deeprobotics/daiyang/vla/third_party/ETP-R1/data/scene_datasets/mp3d/PuKPg4mmafe/PuKPg4mmafe.glb
I0919 14:46:57.700395 2043707 ManagedContainerBase.cpp:19] ManagedContainerBase::convertFilenameToJSON : Filename : /mnt/data_nas/deeprobotics/daiyang/vla/third_party/ETP-R1/data/scene_datasets/mp3d/PuKPg4mmafe/PuKPg4mmafe.glb changed to proposed JSON configuration filename : /mnt/data_nas/deeprobotics/daiyang/vla/third_party/ETP-R1/data/scene_datasets/mp3d/PuKPg4mmafe/PuKPg4mmafe.stage_config.json
I0919 14:46:57.703188 2043707 AttributesManagerBase.h:283] AttributesManager<T>::createFromJsonOrDefaultInternal  (Stage) : Proposing JSON name : /mnt/data_nas/deeprobotics/daiyang/vla/third_party/ETP-R1/data/scene_datasets/mp3d/PuKPg4mmafe/PuKPg4mmafe.stage_config.json from original name : /mnt/data_nas/deeprobotics/daiyang/vla/third_party/ETP-R1/data/scene_datasets/mp3d/PuKPg4mmafe/PuKPg4mmafe.glb | This file  does not exist.
I0919 14:46:57.703239 2043707 AbstractObjectAttributesManagerBase.h:181] AbstractObjectAttributesManager<T>::createObject  (Stage) : Done making attributes with handle : /mnt/data_nas/deeprobotics/daiyang/vla/third_party/ETP-R1/data/scene_datasets/mp3d/PuKPg4mmafe/PuKPg4mmafe.glb
I0919 14:46:57.703241 2043707 AbstractObjectAttributesManagerBase.h:188] File (/mnt/data_nas/deeprobotics/daiyang/vla/third_party/ETP-R1/data/scene_datasets/mp3d/PuKPg4mmafe/PuKPg4mmafe.glb) exists but is not a recognized config filename extension, so new default Stage attributes created and registered.
I0919 14:46:57.703246 2043707 Simulator.cpp:156] Loading navmesh from /mnt/data_nas/deeprobotics/daiyang/vla/third_party/ETP-R1/data/scene_datasets/mp3d/PuKPg4mmafe/PuKPg4mmafe.navmesh
I0919 14:46:57.704977 2043707 Simulator.cpp:158] Loaded.
I0919 14:46:57.704988 2043707 SceneGraph.h:93] Created DrawableGroup: 
Renderer: NVIDIA GeForce RTX 5090/PCIe/SSE2 by NVIDIA Corporation
OpenGL version: 4.6.0 NVIDIA 580.126.09
Using optional features:
    GL_ARB_ES2_compatibility
    GL_ARB_direct_state_access
    GL_ARB_get_texture_sub_image
    GL_ARB_invalidate_subdata
    GL_ARB_multi_bind
    GL_ARB_robustness
    GL_ARB_separate_shader_objects
    GL_ARB_texture_filter_anisotropic
    GL_ARB_texture_storage
    GL_ARB_texture_storage_multisample
    GL_ARB_vertex_array_object
    GL_KHR_debug
Using driver workarounds:
    no-forward-compatible-core-context
    nv-egl-incorrect-gl11-function-pointers
    no-layout-qualifiers-on-old-glsl
    nv-zero-context-profile-mask
    nv-implementation-color-read-format-dsa-broken
    nv-cubemap-inconsistent-compressed-image-size
    nv-cubemap-broken-full-compressed-image-query
    nv-compressed-block-size-in-bits
I0919 14:46:57.708817 2043707 ResourceManager.cpp:234] ResourceManager::loadStage : Not loading semantic mesh
I0919 14:46:57.708825 2043707 ResourceManager.cpp:262] ResourceManager::loadStage : start load render asset /mnt/data_nas/deeprobotics/daiyang/vla/third_party/ETP-R1/data/scene_datasets/mp3d/PuKPg4mmafe/PuKPg4mmafe.glb.
I0919 14:46:57.708828 2043707 ResourceManager.cpp:569] ResourceManager::loadStageInternal : Attempting to load stage /mnt/data_nas/deeprobotics/daiyang/vla/third_party/ETP-R1/data/scene_datasets/mp3d/PuKPg4mmafe/PuKPg4mmafe.glb 
I0919 14:46:57.708846 2043707 ResourceManager.cpp:1119] Importing Basis files as BC7 for PuKPg4mmafe.glb
W0919 14:47:02.387339 2043707 Simulator.cpp:248] :
---
 The active scene does not contain semantic annotations. 
---
I0919 14:47:02.408005 2043707 simulator.py:213] Loaded navmesh /mnt/data_nas/deeprobotics/daiyang/vla/third_party/ETP-R1/data/scene_datasets/mp3d/PuKPg4mmafe/PuKPg4mmafe.navmesh
I0919 14:51:11.273955 2043707 PhysicsManager.cpp:33] Deconstructing PhysicsManager
I0919 14:51:11.274009 2043707 SemanticScene.h:41] Deconstructing SemanticScene
I0919 14:51:11.274956 2043707 SceneManager.h:25] Deconstructing SceneManager
I0919 14:51:11.274960 2043707 SceneGraph.h:26] Deconstructing SceneGraph
I0919 14:51:11.275210 2043707 Sensor.h:87] Deconstructing Sensor
I0919 14:51:11.280864 2043707 Renderer.cpp:34] Deconstructing Renderer
I0919 14:51:11.280893 2043707 WindowlessContext.h:17] Deconstructing WindowlessContext
I0919 14:51:11.292395 2043707 ManagedContainerBase.cpp:19] ManagedContainerBase::convertFilenameToJSON : Filename : default changed to proposed JSON configuration filename : default.scene_dataset_config.json
I0919 14:51:11.292414 2043707 AttributesManagerBase.h:283] AttributesManager<T>::createFromJsonOrDefaultInternal  (Dataset) : Proposing JSON name : default.scene_dataset_config.json from original name : default | This file  does not exist.
I0919 14:51:11.292577 2043707 AssetAttributesManager.cpp:117] Asset attributes (capsule3DSolid : capsule3DSolid_hemiRings_4_cylRings_1_segments_12_halfLen_0.75_useTexCoords_false_useTangents_false) created and registered.
I0919 14:51:11.292603 2043707 AssetAttributesManager.cpp:117] Asset attributes (capsule3DWireframe : capsule3DWireframe_hemiRings_8_cylRings_1_segments_16_halfLen_1) created and registered.
I0919 14:51:11.292627 2043707 AssetAttributesManager.cpp:117] Asset attributes (coneSolid : coneSolid_segments_12_halfLen_1.25_rings_1_useTexCoords_false_useTangents_false_capEnd_true) created and registered.
I0919 14:51:11.292641 2043707 AssetAttributesManager.cpp:117] Asset attributes (coneWireframe : coneWireframe_segments_32_halfLen_1.25) created and registered.
I0919 14:51:11.292650 2043707 AssetAttributesManager.cpp:117] Asset attributes (cubeSolid : cubeSolid) created and registered.
I0919 14:51:11.292656 2043707 AssetAttributesManager.cpp:117] Asset attributes (cubeWireframe : cubeWireframe) created and registered.
I0919 14:51:11.292675 2043707 AssetAttributesManager.cpp:117] Asset attributes (cylinderSolid : cylinderSolid_rings_1_segments_12_halfLen_1_useTexCoords_false_useTangents_false_capEnds_true) created and registered.
I0919 14:51:11.292692 2043707 AssetAttributesManager.cpp:117] Asset attributes (cylinderWireframe : cylinderWireframe_rings_1_segments_32_halfLen_1) created and registered.
I0919 14:51:11.292702 2043707 AssetAttributesManager.cpp:117] Asset attributes (icosphereSolid : icosphereSolid_subdivs_1) created and registered.
I0919 14:51:11.292718 2043707 AssetAttributesManager.cpp:117] Asset attributes (icosphereWireframe : icosphereWireframe_subdivs_1) created and registered.
I0919 14:51:11.292733 2043707 AssetAttributesManager.cpp:117] Asset attributes (uvSphereSolid : uvSphereSolid_rings_8_segments_16_useTexCoords_false_useTangents_false) created and registered.
I0919 14:51:11.292747 2043707 AssetAttributesManager.cpp:117] Asset attributes (uvSphereWireframe : uvSphereWireframe_rings_16_segments_32) created and registered.
I0919 14:51:11.292752 2043707 AssetAttributesManager.cpp:105] AssetAttributesManager::buildCtorFuncPtrMaps : Built default primitive asset templates : 12
I0919 14:51:11.293143 2043707 SceneDatasetAttributesManager.cpp:23] File (default) not found, so new default dataset attributes created and registered.
I0919 14:51:11.293145 2043707 MetadataMediator.cpp:47] MetadataMediator::createDataset : Dataset default successfully created.
I0919 14:51:11.293339 2043707 AttributesManagerBase.h:283] AttributesManager<T>::createFromJsonOrDefaultInternal  (Physics Manager) : Proposing JSON name : ./data/default.physics_config.json from original name : ./data/default.physics_config.json | This file  does not exist.
I0919 14:51:11.293351 2043707 PhysicsAttributesManager.cpp:27] File (./data/default.physics_config.json) not found, so new default physics manager attributes created and registered.
I0919 14:51:11.293354 2043707 AbstractObjectAttributesManagerBase.h:175] AbstractObjectAttributesManager<T>::createObject  (Stage) : Making attributes with handle : /mnt/data_nas/deeprobotics/daiyang/vla/third_party/ETP-R1/data/scene_datasets/mp3d/aayBHfsNo7d/aayBHfsNo7d.glb
I0919 14:51:11.293359 2043707 ManagedContainerBase.cpp:19] ManagedContainerBase::convertFilenameToJSON : Filename : /mnt/data_nas/deeprobotics/daiyang/vla/third_party/ETP-R1/data/scene_datasets/mp3d/aayBHfsNo7d/aayBHfsNo7d.glb changed to proposed JSON configuration filename : /mnt/data_nas/deeprobotics/daiyang/vla/third_party/ETP-R1/data/scene_datasets/mp3d/aayBHfsNo7d/aayBHfsNo7d.stage_config.json
I0919 14:51:11.293370 2043707 AttributesManagerBase.h:283] AttributesManager<T>::createFromJsonOrDefaultInternal  (Stage) : Proposing JSON name : /mnt/data_nas/deeprobotics/daiyang/vla/third_party/ETP-R1/data/scene_datasets/mp3d/aayBHfsNo7d/aayBHfsNo7d.stage_config.json from original name : /mnt/data_nas/deeprobotics/daiyang/vla/third_party/ETP-R1/data/scene_datasets/mp3d/aayBHfsNo7d/aayBHfsNo7d.glb | This file  does not exist.
I0919 14:51:11.293417 2043707 AbstractObjectAttributesManagerBase.h:181] AbstractObjectAttributesManager<T>::createObject  (Stage) : Done making attributes with handle : /mnt/data_nas/deeprobotics/daiyang/vla/third_party/ETP-R1/data/scene_datasets/mp3d/aayBHfsNo7d/aayBHfsNo7d.glb
I0919 14:51:11.293419 2043707 AbstractObjectAttributesManagerBase.h:188] File (/mnt/data_nas/deeprobotics/daiyang/vla/third_party/ETP-R1/data/scene_datasets/mp3d/aayBHfsNo7d/aayBHfsNo7d.glb) exists but is not a recognized config filename extension, so new default Stage attributes created and registered.
I0919 14:51:11.293424 2043707 Simulator.cpp:156] Loading navmesh from /mnt/data_nas/deeprobotics/daiyang/vla/third_party/ETP-R1/data/scene_datasets/mp3d/aayBHfsNo7d/aayBHfsNo7d.navmesh
I0919 14:51:11.294164 2043707 Simulator.cpp:158] Loaded.
I0919 14:51:11.294171 2043707 SceneGraph.h:93] Created DrawableGroup: 
Renderer: NVIDIA GeForce RTX 5090/PCIe/SSE2 by NVIDIA Corporation
OpenGL version: 4.6.0 NVIDIA 580.126.09
Using optional features:
    GL_ARB_ES2_compatibility
    GL_ARB_direct_state_access
    GL_ARB_get_texture_sub_image
    GL_ARB_invalidate_subdata
    GL_ARB_multi_bind
    GL_ARB_robustness
    GL_ARB_separate_shader_objects
    GL_ARB_texture_filter_anisotropic
    GL_ARB_texture_storage
    GL_ARB_texture_storage_multisample
    GL_ARB_vertex_array_object
    GL_KHR_debug
Using driver workarounds:
    no-forward-compatible-core-context
    nv-egl-incorrect-gl11-function-pointers
    no-layout-qualifiers-on-old-glsl
    nv-zero-context-profile-mask
    nv-implementation-color-read-format-dsa-broken
    nv-cubemap-inconsistent-compressed-image-size
    nv-cubemap-broken-full-compressed-image-query
    nv-compressed-block-size-in-bits
I0919 14:51:11.297770 2043707 ResourceManager.cpp:234] ResourceManager::loadStage : Not loading semantic mesh
I0919 14:51:11.297777 2043707 ResourceManager.cpp:262] ResourceManager::loadStage : start load render asset /mnt/data_nas/deeprobotics/daiyang/vla/third_party/ETP-R1/data/scene_datasets/mp3d/aayBHfsNo7d/aayBHfsNo7d.glb.
I0919 14:51:11.297780 2043707 ResourceManager.cpp:569] ResourceManager::loadStageInternal : Attempting to load stage /mnt/data_nas/deeprobotics/daiyang/vla/third_party/ETP-R1/data/scene_datasets/mp3d/aayBHfsNo7d/aayBHfsNo7d.glb 
I0919 14:51:11.297796 2043707 ResourceManager.cpp:1119] Importing Basis files as BC7 for aayBHfsNo7d.glb
W0919 14:51:12.847852 2043707 Simulator.cpp:248] :
---
 The active scene does not contain semantic annotations. 
---
I0919 14:51:12.889282 2043707 simulator.py:213] Loaded navmesh /mnt/data_nas/deeprobotics/daiyang/vla/third_party/ETP-R1/data/scene_datasets/mp3d/aayBHfsNo7d/aayBHfsNo7d.navmesh
I0919 14:55:00.296015 2043707 PhysicsManager.cpp:33] Deconstructing PhysicsManager
I0919 14:55:00.296072 2043707 SemanticScene.h:41] Deconstructing SemanticScene
I0919 14:55:00.298914 2043707 SceneManager.h:25] Deconstructing SceneManager
I0919 14:55:00.298923 2043707 SceneGraph.h:26] Deconstructing SceneGraph
I0919 14:55:00.299546 2043707 Sensor.h:87] Deconstructing Sensor
I0919 14:55:00.302317 2043707 Renderer.cpp:34] Deconstructing Renderer
I0919 14:55:00.302342 2043707 WindowlessContext.h:17] Deconstructing WindowlessContext
I0919 14:55:00.308390 2043707 ManagedContainerBase.cpp:19] ManagedContainerBase::convertFilenameToJSON : Filename : default changed to proposed JSON configuration filename : default.scene_dataset_config.json
I0919 14:55:00.308408 2043707 AttributesManagerBase.h:283] AttributesManager<T>::createFromJsonOrDefaultInternal  (Dataset) : Proposing JSON name : default.scene_dataset_config.json from original name : default | This file  does not exist.
I0919 14:55:00.308701 2043707 AssetAttributesManager.cpp:117] Asset attributes (capsule3DSolid : capsule3DSolid_hemiRings_4_cylRings_1_segments_12_halfLen_0.75_useTexCoords_false_useTangents_false) created and registered.
I0919 14:55:00.308728 2043707 AssetAttributesManager.cpp:117] Asset attributes (capsule3DWireframe : capsule3DWireframe_hemiRings_8_cylRings_1_segments_16_halfLen_1) created and registered.
I0919 14:55:00.308753 2043707 AssetAttributesManager.cpp:117] Asset attributes (coneSolid : coneSolid_segments_12_halfLen_1.25_rings_1_useTexCoords_false_useTangents_false_capEnd_true) created and registered.
I0919 14:55:00.308765 2043707 AssetAttributesManager.cpp:117] Asset attributes (coneWireframe : coneWireframe_segments_32_halfLen_1.25) created and registered.
I0919 14:55:00.308773 2043707 AssetAttributesManager.cpp:117] Asset attributes (cubeSolid : cubeSolid) created and registered.
I0919 14:55:00.308780 2043707 AssetAttributesManager.cpp:117] Asset attributes (cubeWireframe : cubeWireframe) created and registered.
I0919 14:55:00.308799 2043707 AssetAttributesManager.cpp:117] Asset attributes (cylinderSolid : cylinderSolid_rings_1_segments_12_halfLen_1_useTexCoords_false_useTangents_false_capEnds_true) created and registered.
I0919 14:55:00.308815 2043707 AssetAttributesManager.cpp:117] Asset attributes (cylinderWireframe : cylinderWireframe_rings_1_segments_32_halfLen_1) created and registered.
I0919 14:55:00.308825 2043707 AssetAttributesManager.cpp:117] Asset attributes (icosphereSolid : icosphereSolid_subdivs_1) created and registered.
I0919 14:55:00.308833 2043707 AssetAttributesManager.cpp:117] Asset attributes (icosphereWireframe : icosphereWireframe_subdivs_1) created and registered.
I0919 14:55:00.308848 2043707 AssetAttributesManager.cpp:117] Asset attributes (uvSphereSolid : uvSphereSolid_rings_8_segments_16_useTexCoords_false_useTangents_false) created and registered.
I0919 14:55:00.308861 2043707 AssetAttributesManager.cpp:117] Asset attributes (uvSphereWireframe : uvSphereWireframe_rings_16_segments_32) created and registered.
I0919 14:55:00.308873 2043707 AssetAttributesManager.cpp:105] AssetAttributesManager::buildCtorFuncPtrMaps : Built default primitive asset templates : 12
I0919 14:55:00.309264 2043707 SceneDatasetAttributesManager.cpp:23] File (default) not found, so new default dataset attributes created and registered.
I0919 14:55:00.309266 2043707 MetadataMediator.cpp:47] MetadataMediator::createDataset : Dataset default successfully created.
I0919 14:55:00.309463 2043707 AttributesManagerBase.h:283] AttributesManager<T>::createFromJsonOrDefaultInternal  (Physics Manager) : Proposing JSON name : ./data/default.physics_config.json from original name : ./data/default.physics_config.json | This file  does not exist.
I0919 14:55:00.309476 2043707 PhysicsAttributesManager.cpp:27] File (./data/default.physics_config.json) not found, so new default physics manager attributes created and registered.
I0919 14:55:00.309479 2043707 AbstractObjectAttributesManagerBase.h:175] AbstractObjectAttributesManager<T>::createObject  (Stage) : Making attributes with handle : /mnt/data_nas/deeprobotics/daiyang/vla/third_party/ETP-R1/data/scene_datasets/mp3d/82sE5b5pLXE/82sE5b5pLXE.glb
I0919 14:55:00.309484 2043707 ManagedContainerBase.cpp:19] ManagedContainerBase::convertFilenameToJSON : Filename : /mnt/data_nas/deeprobotics/daiyang/vla/third_party/ETP-R1/data/scene_datasets/mp3d/82sE5b5pLXE/82sE5b5pLXE.glb changed to proposed JSON configuration filename : /mnt/data_nas/deeprobotics/daiyang/vla/third_party/ETP-R1/data/scene_datasets/mp3d/82sE5b5pLXE/82sE5b5pLXE.stage_config.json
I0919 14:55:00.309495 2043707 AttributesManagerBase.h:283] AttributesManager<T>::createFromJsonOrDefaultInternal  (Stage) : Proposing JSON name : /mnt/data_nas/deeprobotics/daiyang/vla/third_party/ETP-R1/data/scene_datasets/mp3d/82sE5b5pLXE/82sE5b5pLXE.stage_config.json from original name : /mnt/data_nas/deeprobotics/daiyang/vla/third_party/ETP-R1/data/scene_datasets/mp3d/82sE5b5pLXE/82sE5b5pLXE.glb | This file  does not exist.
I0919 14:55:00.309543 2043707 AbstractObjectAttributesManagerBase.h:181] AbstractObjectAttributesManager<T>::createObject  (Stage) : Done making attributes with handle : /mnt/data_nas/deeprobotics/daiyang/vla/third_party/ETP-R1/data/scene_datasets/mp3d/82sE5b5pLXE/82sE5b5pLXE.glb
I0919 14:55:00.309545 2043707 AbstractObjectAttributesManagerBase.h:188] File (/mnt/data_nas/deeprobotics/daiyang/vla/third_party/ETP-R1/data/scene_datasets/mp3d/82sE5b5pLXE/82sE5b5pLXE.glb) exists but is not a recognized config filename extension, so new default Stage attributes created and registered.
I0919 14:55:00.309549 2043707 Simulator.cpp:156] Loading navmesh from /mnt/data_nas/deeprobotics/daiyang/vla/third_party/ETP-R1/data/scene_datasets/mp3d/82sE5b5pLXE/82sE5b5pLXE.navmesh
I0919 14:55:00.310364 2043707 Simulator.cpp:158] Loaded.
I0919 14:55:00.310371 2043707 SceneGraph.h:93] Created DrawableGroup: 
Renderer: NVIDIA GeForce RTX 5090/PCIe/SSE2 by NVIDIA Corporation
OpenGL version: 4.6.0 NVIDIA 580.126.09
Using optional features:
    GL_ARB_ES2_compatibility
    GL_ARB_direct_state_access
    GL_ARB_get_texture_sub_image
    GL_ARB_invalidate_subdata
    GL_ARB_multi_bind
    GL_ARB_robustness
    GL_ARB_separate_shader_objects
    GL_ARB_texture_filter_anisotropic
    GL_ARB_texture_storage
    GL_ARB_texture_storage_multisample
    GL_ARB_vertex_array_object
    GL_KHR_debug
Using driver workarounds:
    no-forward-compatible-core-context
    nv-egl-incorrect-gl11-function-pointers
    no-layout-qualifiers-on-old-glsl
    nv-zero-context-profile-mask
    nv-implementation-color-read-format-dsa-broken
    nv-cubemap-inconsistent-compressed-image-size
    nv-cubemap-broken-full-compressed-image-query
    nv-compressed-block-size-in-bits
I0919 14:55:00.314376 2043707 ResourceManager.cpp:234] ResourceManager::loadStage : Not loading semantic mesh
I0919 14:55:00.314386 2043707 ResourceManager.cpp:262] ResourceManager::loadStage : start load render asset /mnt/data_nas/deeprobotics/daiyang/vla/third_party/ETP-R1/data/scene_datasets/mp3d/82sE5b5pLXE/82sE5b5pLXE.glb.
I0919 14:55:00.314393 2043707 ResourceManager.cpp:569] ResourceManager::loadStageInternal : Attempting to load stage /mnt/data_nas/deeprobotics/daiyang/vla/third_party/ETP-R1/data/scene_datasets/mp3d/82sE5b5pLXE/82sE5b5pLXE.glb 
I0919 14:55:00.314412 2043707 ResourceManager.cpp:1119] Importing Basis files as BC7 for 82sE5b5pLXE.glb
W0919 14:55:02.334728 2043707 Simulator.cpp:248] :
---
 The active scene does not contain semantic annotations. 
---
I0919 14:55:02.370628 2043707 simulator.py:213] Loaded navmesh /mnt/data_nas/deeprobotics/daiyang/vla/third_party/ETP-R1/data/scene_datasets/mp3d/82sE5b5pLXE/82sE5b5pLXE.navmesh
I0919 14:56:19.477607 2043707 PhysicsManager.cpp:33] Deconstructing PhysicsManager
I0919 14:56:19.477661 2043707 SemanticScene.h:41] Deconstructing SemanticScene
I0919 14:56:19.479293 2043707 SceneManager.h:25] Deconstructing SceneManager
I0919 14:56:19.479301 2043707 SceneGraph.h:26] Deconstructing SceneGraph
I0919 14:56:19.479585 2043707 Sensor.h:87] Deconstructing Sensor
I0919 14:56:19.483336 2043707 Renderer.cpp:34] Deconstructing Renderer
I0919 14:56:19.483359 2043707 WindowlessContext.h:17] Deconstructing WindowlessContext
I0919 14:56:19.491508 2043707 ManagedContainerBase.cpp:19] ManagedContainerBase::convertFilenameToJSON : Filename : default changed to proposed JSON configuration filename : default.scene_dataset_config.json
I0919 14:56:19.491524 2043707 AttributesManagerBase.h:283] AttributesManager<T>::createFromJsonOrDefaultInternal  (Dataset) : Proposing JSON name : default.scene_dataset_config.json from original name : default | This file  does not exist.
I0919 14:56:19.491765 2043707 AssetAttributesManager.cpp:117] Asset attributes (capsule3DSolid : capsule3DSolid_hemiRings_4_cylRings_1_segments_12_halfLen_0.75_useTexCoords_false_useTangents_false) created and registered.
I0919 14:56:19.491791 2043707 AssetAttributesManager.cpp:117] Asset attributes (capsule3DWireframe : capsule3DWireframe_hemiRings_8_cylRings_1_segments_16_halfLen_1) created and registered.
I0919 14:56:19.491814 2043707 AssetAttributesManager.cpp:117] Asset attributes (coneSolid : coneSolid_segments_12_halfLen_1.25_rings_1_useTexCoords_false_useTangents_false_capEnd_true) created and registered.
I0919 14:56:19.491828 2043707 AssetAttributesManager.cpp:117] Asset attributes (coneWireframe : coneWireframe_segments_32_halfLen_1.25) created and registered.
I0919 14:56:19.491837 2043707 AssetAttributesManager.cpp:117] Asset attributes (cubeSolid : cubeSolid) created and registered.
I0919 14:56:19.491842 2043707 AssetAttributesManager.cpp:117] Asset attributes (cubeWireframe : cubeWireframe) created and registered.
I0919 14:56:19.491861 2043707 AssetAttributesManager.cpp:117] Asset attributes (cylinderSolid : cylinderSolid_rings_1_segments_12_halfLen_1_useTexCoords_false_useTangents_false_capEnds_true) created and registered.
I0919 14:56:19.491878 2043707 AssetAttributesManager.cpp:117] Asset attributes (cylinderWireframe : cylinderWireframe_rings_1_segments_32_halfLen_1) created and registered.
I0919 14:56:19.491888 2043707 AssetAttributesManager.cpp:117] Asset attributes (icosphereSolid : icosphereSolid_subdivs_1) created and registered.
I0919 14:56:19.491896 2043707 AssetAttributesManager.cpp:117] Asset attributes (icosphereWireframe : icosphereWireframe_subdivs_1) created and registered.
I0919 14:56:19.491911 2043707 AssetAttributesManager.cpp:117] Asset attributes (uvSphereSolid : uvSphereSolid_rings_8_segments_16_useTexCoords_false_useTangents_false) created and registered.
I0919 14:56:19.491923 2043707 AssetAttributesManager.cpp:117] Asset attributes (uvSphereWireframe : uvSphereWireframe_rings_16_segments_32) created and registered.
I0919 14:56:19.491930 2043707 AssetAttributesManager.cpp:105] AssetAttributesManager::buildCtorFuncPtrMaps : Built default primitive asset templates : 12
I0919 14:56:19.492321 2043707 SceneDatasetAttributesManager.cpp:23] File (default) not found, so new default dataset attributes created and registered.
I0919 14:56:19.492329 2043707 MetadataMediator.cpp:47] MetadataMediator::createDataset : Dataset default successfully created.
I0919 14:56:19.492532 2043707 AttributesManagerBase.h:283] AttributesManager<T>::createFromJsonOrDefaultInternal  (Physics Manager) : Proposing JSON name : ./data/default.physics_config.json from original name : ./data/default.physics_config.json | This file  does not exist.
I0919 14:56:19.492547 2043707 PhysicsAttributesManager.cpp:27] File (./data/default.physics_config.json) not found, so new default physics manager attributes created and registered.
I0919 14:56:19.492552 2043707 AbstractObjectAttributesManagerBase.h:175] AbstractObjectAttributesManager<T>::createObject  (Stage) : Making attributes with handle : /mnt/data_nas/deeprobotics/daiyang/vla/third_party/ETP-R1/data/scene_datasets/mp3d/B6ByNegPMKs/B6ByNegPMKs.glb
I0919 14:56:19.492558 2043707 ManagedContainerBase.cpp:19] ManagedContainerBase::convertFilenameToJSON : Filename : /mnt/data_nas/deeprobotics/daiyang/vla/third_party/ETP-R1/data/scene_datasets/mp3d/B6ByNegPMKs/B6ByNegPMKs.glb changed to proposed JSON configuration filename : /mnt/data_nas/deeprobotics/daiyang/vla/third_party/ETP-R1/data/scene_datasets/mp3d/B6ByNegPMKs/B6ByNegPMKs.stage_config.json
I0919 14:56:19.492569 2043707 AttributesManagerBase.h:283] AttributesManager<T>::createFromJsonOrDefaultInternal  (Stage) : Proposing JSON name : /mnt/data_nas/deeprobotics/daiyang/vla/third_party/ETP-R1/data/scene_datasets/mp3d/B6ByNegPMKs/B6ByNegPMKs.stage_config.json from original name : /mnt/data_nas/deeprobotics/daiyang/vla/third_party/ETP-R1/data/scene_datasets/mp3d/B6ByNegPMKs/B6ByNegPMKs.glb | This file  does not exist.
I0919 14:56:19.492617 2043707 AbstractObjectAttributesManagerBase.h:181] AbstractObjectAttributesManager<T>::createObject  (Stage) : Done making attributes with handle : /mnt/data_nas/deeprobotics/daiyang/vla/third_party/ETP-R1/data/scene_datasets/mp3d/B6ByNegPMKs/B6ByNegPMKs.glb
I0919 14:56:19.492619 2043707 AbstractObjectAttributesManagerBase.h:188] File (/mnt/data_nas/deeprobotics/daiyang/vla/third_party/ETP-R1/data/scene_datasets/mp3d/B6ByNegPMKs/B6ByNegPMKs.glb) exists but is not a recognized config filename extension, so new default Stage attributes created and registered.
I0919 14:56:19.492624 2043707 Simulator.cpp:156] Loading navmesh from /mnt/data_nas/deeprobotics/daiyang/vla/third_party/ETP-R1/data/scene_datasets/mp3d/B6ByNegPMKs/B6ByNegPMKs.navmesh
I0919 14:56:19.494055 2043707 Simulator.cpp:158] Loaded.
I0919 14:56:19.494064 2043707 SceneGraph.h:93] Created DrawableGroup: 
Renderer: NVIDIA GeForce RTX 5090/PCIe/SSE2 by NVIDIA Corporation
OpenGL version: 4.6.0 NVIDIA 580.126.09
Using optional features:
    GL_ARB_ES2_compatibility
    GL_ARB_direct_state_access
    GL_ARB_get_texture_sub_image
    GL_ARB_invalidate_subdata
    GL_ARB_multi_bind
    GL_ARB_robustness
    GL_ARB_separate_shader_objects
    GL_ARB_texture_filter_anisotropic
    GL_ARB_texture_storage
    GL_ARB_texture_storage_multisample
    GL_ARB_vertex_array_object
    GL_KHR_debug
Using driver workarounds:
    no-forward-compatible-core-context
    nv-egl-incorrect-gl11-function-pointers
    no-layout-qualifiers-on-old-glsl
    nv-zero-context-profile-mask
    nv-implementation-color-read-format-dsa-broken
    nv-cubemap-inconsistent-compressed-image-size
    nv-cubemap-broken-full-compressed-image-query
    nv-compressed-block-size-in-bits
I0919 14:56:19.505983 2043707 ResourceManager.cpp:234] ResourceManager::loadStage : Not loading semantic mesh
I0919 14:56:19.505992 2043707 ResourceManager.cpp:262] ResourceManager::loadStage : start load render asset /mnt/data_nas/deeprobotics/daiyang/vla/third_party/ETP-R1/data/scene_datasets/mp3d/B6ByNegPMKs/B6ByNegPMKs.glb.
I0919 14:56:19.505995 2043707 ResourceManager.cpp:569] ResourceManager::loadStageInternal : Attempting to load stage /mnt/data_nas/deeprobotics/daiyang/vla/third_party/ETP-R1/data/scene_datasets/mp3d/B6ByNegPMKs/B6ByNegPMKs.glb 
I0919 14:56:19.506012 2043707 ResourceManager.cpp:1119] Importing Basis files as BC7 for B6ByNegPMKs.glb
W0919 14:56:29.137979 2043707 Simulator.cpp:248] :
---
 The active scene does not contain semantic annotations. 
---
I0919 14:56:29.335114 2043707 simulator.py:213] Loaded navmesh /mnt/data_nas/deeprobotics/daiyang/vla/third_party/ETP-R1/data/scene_datasets/mp3d/B6ByNegPMKs/B6ByNegPMKs.navmesh
I0919 14:58:25.431854 2043707 PhysicsManager.cpp:33] Deconstructing PhysicsManager
I0919 14:58:25.431905 2043707 SemanticScene.h:41] Deconstructing SemanticScene
I0919 14:58:25.449129 2043707 SceneManager.h:25] Deconstructing SceneManager
I0919 14:58:25.449146 2043707 SceneGraph.h:26] Deconstructing SceneGraph
I0919 14:58:25.449683 2043707 Sensor.h:87] Deconstructing Sensor
I0919 14:58:25.463572 2043707 Renderer.cpp:34] Deconstructing Renderer
I0919 14:58:25.463601 2043707 WindowlessContext.h:17] Deconstructing WindowlessContext
I0919 14:58:25.494469 2043707 ManagedContainerBase.cpp:19] ManagedContainerBase::convertFilenameToJSON : Filename : default changed to proposed JSON configuration filename : default.scene_dataset_config.json
I0919 14:58:25.494491 2043707 AttributesManagerBase.h:283] AttributesManager<T>::createFromJsonOrDefaultInternal  (Dataset) : Proposing JSON name : default.scene_dataset_config.json from original name : default | This file  does not exist.
I0919 14:58:25.494735 2043707 AssetAttributesManager.cpp:117] Asset attributes (capsule3DSolid : capsule3DSolid_hemiRings_4_cylRings_1_segments_12_halfLen_0.75_useTexCoords_false_useTangents_false) created and registered.
I0919 14:58:25.494763 2043707 AssetAttributesManager.cpp:117] Asset attributes (capsule3DWireframe : capsule3DWireframe_hemiRings_8_cylRings_1_segments_16_halfLen_1) created and registered.
I0919 14:58:25.494788 2043707 AssetAttributesManager.cpp:117] Asset attributes (coneSolid : coneSolid_segments_12_halfLen_1.25_rings_1_useTexCoords_false_useTangents_false_capEnd_true) created and registered.
I0919 14:58:25.494803 2043707 AssetAttributesManager.cpp:117] Asset attributes (coneWireframe : coneWireframe_segments_32_halfLen_1.25) created and registered.
I0919 14:58:25.494812 2043707 AssetAttributesManager.cpp:117] Asset attributes (cubeSolid : cubeSolid) created and registered.
I0919 14:58:25.494818 2043707 AssetAttributesManager.cpp:117] Asset attributes (cubeWireframe : cubeWireframe) created and registered.
I0919 14:58:25.494836 2043707 AssetAttributesManager.cpp:117] Asset attributes (cylinderSolid : cylinderSolid_rings_1_segments_12_halfLen_1_useTexCoords_false_useTangents_false_capEnds_true) created and registered.
I0919 14:58:25.494854 2043707 AssetAttributesManager.cpp:117] Asset attributes (cylinderWireframe : cylinderWireframe_rings_1_segments_32_halfLen_1) created and registered.
I0919 14:58:25.494864 2043707 AssetAttributesManager.cpp:117] Asset attributes (icosphereSolid : icosphereSolid_subdivs_1) created and registered.
I0919 14:58:25.494872 2043707 AssetAttributesManager.cpp:117] Asset attributes (icosphereWireframe : icosphereWireframe_subdivs_1) created and registered.
I0919 14:58:25.494887 2043707 AssetAttributesManager.cpp:117] Asset attributes (uvSphereSolid : uvSphereSolid_rings_8_segments_16_useTexCoords_false_useTangents_false) created and registered.
I0919 14:58:25.494900 2043707 AssetAttributesManager.cpp:117] Asset attributes (uvSphereWireframe : uvSphereWireframe_rings_16_segments_32) created and registered.
I0919 14:58:25.494907 2043707 AssetAttributesManager.cpp:105] AssetAttributesManager::buildCtorFuncPtrMaps : Built default primitive asset templates : 12
I0919 14:58:25.495308 2043707 SceneDatasetAttributesManager.cpp:23] File (default) not found, so new default dataset attributes created and registered.
I0919 14:58:25.495311 2043707 MetadataMediator.cpp:47] MetadataMediator::createDataset : Dataset default successfully created.
I0919 14:58:25.495520 2043707 AttributesManagerBase.h:283] AttributesManager<T>::createFromJsonOrDefaultInternal  (Physics Manager) : Proposing JSON name : ./data/default.physics_config.json from original name : ./data/default.physics_config.json | This file  does not exist.
I0919 14:58:25.495543 2043707 PhysicsAttributesManager.cpp:27] File (./data/default.physics_config.json) not found, so new default physics manager attributes created and registered.
I0919 14:58:25.495546 2043707 AbstractObjectAttributesManagerBase.h:175] AbstractObjectAttributesManager<T>::createObject  (Stage) : Making attributes with handle : /mnt/data_nas/deeprobotics/daiyang/vla/third_party/ETP-R1/data/scene_datasets/mp3d/PuKPg4mmafe/PuKPg4mmafe.glb
I0919 14:58:25.495550 2043707 ManagedContainerBase.cpp:19] ManagedContainerBase::convertFilenameToJSON : Filename : /mnt/data_nas/deeprobotics/daiyang/vla/third_party/ETP-R1/data/scene_datasets/mp3d/PuKPg4mmafe/PuKPg4mmafe.glb changed to proposed JSON configuration filename : /mnt/data_nas/deeprobotics/daiyang/vla/third_party/ETP-R1/data/scene_datasets/mp3d/PuKPg4mmafe/PuKPg4mmafe.stage_config.json
I0919 14:58:25.495561 2043707 AttributesManagerBase.h:283] AttributesManager<T>::createFromJsonOrDefaultInternal  (Stage) : Proposing JSON name : /mnt/data_nas/deeprobotics/daiyang/vla/third_party/ETP-R1/data/scene_datasets/mp3d/PuKPg4mmafe/PuKPg4mmafe.stage_config.json from original name : /mnt/data_nas/deeprobotics/daiyang/vla/third_party/ETP-R1/data/scene_datasets/mp3d/PuKPg4mmafe/PuKPg4mmafe.glb | This file  does not exist.
I0919 14:58:25.495610 2043707 AbstractObjectAttributesManagerBase.h:181] AbstractObjectAttributesManager<T>::createObject  (Stage) : Done making attributes with handle : /mnt/data_nas/deeprobotics/daiyang/vla/third_party/ETP-R1/data/scene_datasets/mp3d/PuKPg4mmafe/PuKPg4mmafe.glb
I0919 14:58:25.495612 2043707 AbstractObjectAttributesManagerBase.h:188] File (/mnt/data_nas/deeprobotics/daiyang/vla/third_party/ETP-R1/data/scene_datasets/mp3d/PuKPg4mmafe/PuKPg4mmafe.glb) exists but is not a recognized config filename extension, so new default Stage attributes created and registered.
I0919 14:58:25.495617 2043707 Simulator.cpp:156] Loading navmesh from /mnt/data_nas/deeprobotics/daiyang/vla/third_party/ETP-R1/data/scene_datasets/mp3d/PuKPg4mmafe/PuKPg4mmafe.navmesh
I0919 14:58:25.496729 2043707 Simulator.cpp:158] Loaded.
I0919 14:58:25.496738 2043707 SceneGraph.h:93] Created DrawableGroup: 
Renderer: NVIDIA GeForce RTX 5090/PCIe/SSE2 by NVIDIA Corporation
OpenGL version: 4.6.0 NVIDIA 580.126.09
Using optional features:
    GL_ARB_ES2_compatibility
    GL_ARB_direct_state_access
    GL_ARB_get_texture_sub_image
    GL_ARB_invalidate_subdata
    GL_ARB_multi_bind
    GL_ARB_robustness
    GL_ARB_separate_shader_objects
    GL_ARB_texture_filter_anisotropic
    GL_ARB_texture_storage
    GL_ARB_texture_storage_multisample
    GL_ARB_vertex_array_object
    GL_KHR_debug
Using driver workarounds:
    no-forward-compatible-core-context
    nv-egl-incorrect-gl11-function-pointers
    no-layout-qualifiers-on-old-glsl
    nv-zero-context-profile-mask
    nv-implementation-color-read-format-dsa-broken
    nv-cubemap-inconsistent-compressed-image-size
    nv-cubemap-broken-full-compressed-image-query
    nv-compressed-block-size-in-bits
I0919 14:58:25.500557 2043707 ResourceManager.cpp:234] ResourceManager::loadStage : Not loading semantic mesh
I0919 14:58:25.500566 2043707 ResourceManager.cpp:262] ResourceManager::loadStage : start load render asset /mnt/data_nas/deeprobotics/daiyang/vla/third_party/ETP-R1/data/scene_datasets/mp3d/PuKPg4mmafe/PuKPg4mmafe.glb.
I0919 14:58:25.500567 2043707 ResourceManager.cpp:569] ResourceManager::loadStageInternal : Attempting to load stage /mnt/data_nas/deeprobotics/daiyang/vla/third_party/ETP-R1/data/scene_datasets/mp3d/PuKPg4mmafe/PuKPg4mmafe.glb 
I0919 14:58:25.500586 2043707 ResourceManager.cpp:1119] Importing Basis files as BC7 for PuKPg4mmafe.glb
W0919 14:58:30.126170 2043707 Simulator.cpp:248] :
---
 The active scene does not contain semantic annotations. 
---
I0919 14:58:30.146966 2043707 simulator.py:213] Loaded navmesh /mnt/data_nas/deeprobotics/daiyang/vla/third_party/ETP-R1/data/scene_datasets/mp3d/PuKPg4mmafe/PuKPg4mmafe.navmesh
I0919 15:02:27.878976 2043707 PhysicsManager.cpp:33] Deconstructing PhysicsManager
I0919 15:02:27.879027 2043707 SemanticScene.h:41] Deconstructing SemanticScene
I0919 15:02:27.879980 2043707 SceneManager.h:25] Deconstructing SceneManager
I0919 15:02:27.879987 2043707 SceneGraph.h:26] Deconstructing SceneGraph
I0919 15:02:27.880260 2043707 Sensor.h:87] Deconstructing Sensor
I0919 15:02:27.885982 2043707 Renderer.cpp:34] Deconstructing Renderer
I0919 15:02:27.886008 2043707 WindowlessContext.h:17] Deconstructing WindowlessContext
I0919 15:02:27.900813 2043707 ManagedContainerBase.cpp:19] ManagedContainerBase::convertFilenameToJSON : Filename : default changed to proposed JSON configuration filename : default.scene_dataset_config.json
I0919 15:02:27.900832 2043707 AttributesManagerBase.h:283] AttributesManager<T>::createFromJsonOrDefaultInternal  (Dataset) : Proposing JSON name : default.scene_dataset_config.json from original name : default | This file  does not exist.
I0919 15:02:27.900978 2043707 AssetAttributesManager.cpp:117] Asset attributes (capsule3DSolid : capsule3DSolid_hemiRings_4_cylRings_1_segments_12_halfLen_0.75_useTexCoords_false_useTangents_false) created and registered.
I0919 15:02:27.901005 2043707 AssetAttributesManager.cpp:117] Asset attributes (capsule3DWireframe : capsule3DWireframe_hemiRings_8_cylRings_1_segments_16_halfLen_1) created and registered.
I0919 15:02:27.901031 2043707 AssetAttributesManager.cpp:117] Asset attributes (coneSolid : coneSolid_segments_12_halfLen_1.25_rings_1_useTexCoords_false_useTangents_false_capEnd_true) created and registered.
I0919 15:02:27.901046 2043707 AssetAttributesManager.cpp:117] Asset attributes (coneWireframe : coneWireframe_segments_32_halfLen_1.25) created and registered.
I0919 15:02:27.901054 2043707 AssetAttributesManager.cpp:117] Asset attributes (cubeSolid : cubeSolid) created and registered.
I0919 15:02:27.901062 2043707 AssetAttributesManager.cpp:117] Asset attributes (cubeWireframe : cubeWireframe) created and registered.
I0919 15:02:27.901082 2043707 AssetAttributesManager.cpp:117] Asset attributes (cylinderSolid : cylinderSolid_rings_1_segments_12_halfLen_1_useTexCoords_false_useTangents_false_capEnds_true) created and registered.
I0919 15:02:27.901100 2043707 AssetAttributesManager.cpp:117] Asset attributes (cylinderWireframe : cylinderWireframe_rings_1_segments_32_halfLen_1) created and registered.
I0919 15:02:27.901110 2043707 AssetAttributesManager.cpp:117] Asset attributes (icosphereSolid : icosphereSolid_subdivs_1) created and registered.
I0919 15:02:27.901119 2043707 AssetAttributesManager.cpp:117] Asset attributes (icosphereWireframe : icosphereWireframe_subdivs_1) created and registered.
I0919 15:02:27.901134 2043707 AssetAttributesManager.cpp:117] Asset attributes (uvSphereSolid : uvSphereSolid_rings_8_segments_16_useTexCoords_false_useTangents_false) created and registered.
I0919 15:02:27.901146 2043707 AssetAttributesManager.cpp:117] Asset attributes (uvSphereWireframe : uvSphereWireframe_rings_16_segments_32) created and registered.
I0919 15:02:27.901152 2043707 AssetAttributesManager.cpp:105] AssetAttributesManager::buildCtorFuncPtrMaps : Built default primitive asset templates : 12
I0919 15:02:27.901546 2043707 SceneDatasetAttributesManager.cpp:23] File (default) not found, so new default dataset attributes created and registered.
I0919 15:02:27.901548 2043707 MetadataMediator.cpp:47] MetadataMediator::createDataset : Dataset default successfully created.
I0919 15:02:27.902675 2043707 AttributesManagerBase.h:283] AttributesManager<T>::createFromJsonOrDefaultInternal  (Physics Manager) : Proposing JSON name : ./data/default.physics_config.json from original name : ./data/default.physics_config.json | This file  does not exist.
I0919 15:02:27.902688 2043707 PhysicsAttributesManager.cpp:27] File (./data/default.physics_config.json) not found, so new default physics manager attributes created and registered.
I0919 15:02:27.902691 2043707 AbstractObjectAttributesManagerBase.h:175] AbstractObjectAttributesManager<T>::createObject  (Stage) : Making attributes with handle : /mnt/data_nas/deeprobotics/daiyang/vla/third_party/ETP-R1/data/scene_datasets/mp3d/aayBHfsNo7d/aayBHfsNo7d.glb
I0919 15:02:27.902704 2043707 ManagedContainerBase.cpp:19] ManagedContainerBase::convertFilenameToJSON : Filename : /mnt/data_nas/deeprobotics/daiyang/vla/third_party/ETP-R1/data/scene_datasets/mp3d/aayBHfsNo7d/aayBHfsNo7d.glb changed to proposed JSON configuration filename : /mnt/data_nas/deeprobotics/daiyang/vla/third_party/ETP-R1/data/scene_datasets/mp3d/aayBHfsNo7d/aayBHfsNo7d.stage_config.json
I0919 15:02:27.906292 2043707 AttributesManagerBase.h:283] AttributesManager<T>::createFromJsonOrDefaultInternal  (Stage) : Proposing JSON name : /mnt/data_nas/deeprobotics/daiyang/vla/third_party/ETP-R1/data/scene_datasets/mp3d/aayBHfsNo7d/aayBHfsNo7d.stage_config.json from original name : /mnt/data_nas/deeprobotics/daiyang/vla/third_party/ETP-R1/data/scene_datasets/mp3d/aayBHfsNo7d/aayBHfsNo7d.glb | This file  does not exist.
I0919 15:02:27.906342 2043707 AbstractObjectAttributesManagerBase.h:181] AbstractObjectAttributesManager<T>::createObject  (Stage) : Done making attributes with handle : /mnt/data_nas/deeprobotics/daiyang/vla/third_party/ETP-R1/data/scene_datasets/mp3d/aayBHfsNo7d/aayBHfsNo7d.glb
I0919 15:02:27.906342 2043707 AbstractObjectAttributesManagerBase.h:188] File (/mnt/data_nas/deeprobotics/daiyang/vla/third_party/ETP-R1/data/scene_datasets/mp3d/aayBHfsNo7d/aayBHfsNo7d.glb) exists but is not a recognized config filename extension, so new default Stage attributes created and registered.
I0919 15:02:27.906347 2043707 Simulator.cpp:156] Loading navmesh from /mnt/data_nas/deeprobotics/daiyang/vla/third_party/ETP-R1/data/scene_datasets/mp3d/aayBHfsNo7d/aayBHfsNo7d.navmesh
I0919 15:02:27.907372 2043707 Simulator.cpp:158] Loaded.
I0919 15:02:27.907382 2043707 SceneGraph.h:93] Created DrawableGroup: 
Renderer: NVIDIA GeForce RTX 5090/PCIe/SSE2 by NVIDIA Corporation
OpenGL version: 4.6.0 NVIDIA 580.126.09
Using optional features:
    GL_ARB_ES2_compatibility
    GL_ARB_direct_state_access
    GL_ARB_get_texture_sub_image
    GL_ARB_invalidate_subdata
    GL_ARB_multi_bind
    GL_ARB_robustness
    GL_ARB_separate_shader_objects
    GL_ARB_texture_filter_anisotropic
    GL_ARB_texture_storage
    GL_ARB_texture_storage_multisample
    GL_ARB_vertex_array_object
    GL_KHR_debug
Using driver workarounds:
    no-forward-compatible-core-context
    nv-egl-incorrect-gl11-function-pointers
    no-layout-qualifiers-on-old-glsl
    nv-zero-context-profile-mask
    nv-implementation-color-read-format-dsa-broken
    nv-cubemap-inconsistent-compressed-image-size
    nv-cubemap-broken-full-compressed-image-query
    nv-compressed-block-size-in-bits
I0919 15:02:27.911154 2043707 ResourceManager.cpp:234] ResourceManager::loadStage : Not loading semantic mesh
I0919 15:02:27.911162 2043707 ResourceManager.cpp:262] ResourceManager::loadStage : start load render asset /mnt/data_nas/deeprobotics/daiyang/vla/third_party/ETP-R1/data/scene_datasets/mp3d/aayBHfsNo7d/aayBHfsNo7d.glb.
I0919 15:02:27.911164 2043707 ResourceManager.cpp:569] ResourceManager::loadStageInternal : Attempting to load stage /mnt/data_nas/deeprobotics/daiyang/vla/third_party/ETP-R1/data/scene_datasets/mp3d/aayBHfsNo7d/aayBHfsNo7d.glb 
I0919 15:02:27.911181 2043707 ResourceManager.cpp:1119] Importing Basis files as BC7 for aayBHfsNo7d.glb
W0919 15:02:29.470084 2043707 Simulator.cpp:248] :
---
 The active scene does not contain semantic annotations. 
---
I0919 15:02:29.515246 2043707 simulator.py:213] Loaded navmesh /mnt/data_nas/deeprobotics/daiyang/vla/third_party/ETP-R1/data/scene_datasets/mp3d/aayBHfsNo7d/aayBHfsNo7d.navmesh
I0919 15:04:09.815874 2043707 PhysicsManager.cpp:33] Deconstructing PhysicsManager
I0919 15:04:09.815929 2043707 SemanticScene.h:41] Deconstructing SemanticScene
I0919 15:04:09.818725 2043707 SceneManager.h:25] Deconstructing SceneManager
I0919 15:04:09.818734 2043707 SceneGraph.h:26] Deconstructing SceneGraph
I0919 15:04:09.819307 2043707 Sensor.h:87] Deconstructing Sensor
I0919 15:04:09.822173 2043707 Renderer.cpp:34] Deconstructing Renderer
I0919 15:04:09.822194 2043707 WindowlessContext.h:17] Deconstructing WindowlessContext
I0919 15:04:09.828186 2043707 ManagedContainerBase.cpp:19] ManagedContainerBase::convertFilenameToJSON : Filename : default changed to proposed JSON configuration filename : default.scene_dataset_config.json
I0919 15:04:09.828202 2043707 AttributesManagerBase.h:283] AttributesManager<T>::createFromJsonOrDefaultInternal  (Dataset) : Proposing JSON name : default.scene_dataset_config.json from original name : default | This file  does not exist.
I0919 15:04:09.828497 2043707 AssetAttributesManager.cpp:117] Asset attributes (capsule3DSolid : capsule3DSolid_hemiRings_4_cylRings_1_segments_12_halfLen_0.75_useTexCoords_false_useTangents_false) created and registered.
I0919 15:04:09.828523 2043707 AssetAttributesManager.cpp:117] Asset attributes (capsule3DWireframe : capsule3DWireframe_hemiRings_8_cylRings_1_segments_16_halfLen_1) created and registered.
I0919 15:04:09.828547 2043707 AssetAttributesManager.cpp:117] Asset attributes (coneSolid : coneSolid_segments_12_halfLen_1.25_rings_1_useTexCoords_false_useTangents_false_capEnd_true) created and registered.
I0919 15:04:09.828562 2043707 AssetAttributesManager.cpp:117] Asset attributes (coneWireframe : coneWireframe_segments_32_halfLen_1.25) created and registered.
I0919 15:04:09.828570 2043707 AssetAttributesManager.cpp:117] Asset attributes (cubeSolid : cubeSolid) created and registered.
I0919 15:04:09.828576 2043707 AssetAttributesManager.cpp:117] Asset attributes (cubeWireframe : cubeWireframe) created and registered.
I0919 15:04:09.828595 2043707 AssetAttributesManager.cpp:117] Asset attributes (cylinderSolid : cylinderSolid_rings_1_segments_12_halfLen_1_useTexCoords_false_useTangents_false_capEnds_true) created and registered.
I0919 15:04:09.828611 2043707 AssetAttributesManager.cpp:117] Asset attributes (cylinderWireframe : cylinderWireframe_rings_1_segments_32_halfLen_1) created and registered.
I0919 15:04:09.828622 2043707 AssetAttributesManager.cpp:117] Asset attributes (icosphereSolid : icosphereSolid_subdivs_1) created and registered.
I0919 15:04:09.828630 2043707 AssetAttributesManager.cpp:117] Asset attributes (icosphereWireframe : icosphereWireframe_subdivs_1) created and registered.
I0919 15:04:09.828644 2043707 AssetAttributesManager.cpp:117] Asset attributes (uvSphereSolid : uvSphereSolid_rings_8_segments_16_useTexCoords_false_useTangents_false) created and registered.
I0919 15:04:09.828657 2043707 AssetAttributesManager.cpp:117] Asset attributes (uvSphereWireframe : uvSphereWireframe_rings_16_segments_32) created and registered.
I0919 15:04:09.828663 2043707 AssetAttributesManager.cpp:105] AssetAttributesManager::buildCtorFuncPtrMaps : Built default primitive asset templates : 12
I0919 15:04:09.829053 2043707 SceneDatasetAttributesManager.cpp:23] File (default) not found, so new default dataset attributes created and registered.
I0919 15:04:09.829056 2043707 MetadataMediator.cpp:47] MetadataMediator::createDataset : Dataset default successfully created.
I0919 15:04:09.829244 2043707 AttributesManagerBase.h:283] AttributesManager<T>::createFromJsonOrDefaultInternal  (Physics Manager) : Proposing JSON name : ./data/default.physics_config.json from original name : ./data/default.physics_config.json | This file  does not exist.
I0919 15:04:09.829257 2043707 PhysicsAttributesManager.cpp:27] File (./data/default.physics_config.json) not found, so new default physics manager attributes created and registered.
I0919 15:04:09.829259 2043707 AbstractObjectAttributesManagerBase.h:175] AbstractObjectAttributesManager<T>::createObject  (Stage) : Making attributes with handle : /mnt/data_nas/deeprobotics/daiyang/vla/third_party/ETP-R1/data/scene_datasets/mp3d/82sE5b5pLXE/82sE5b5pLXE.glb
I0919 15:04:09.829263 2043707 ManagedContainerBase.cpp:19] ManagedContainerBase::convertFilenameToJSON : Filename : /mnt/data_nas/deeprobotics/daiyang/vla/third_party/ETP-R1/data/scene_datasets/mp3d/82sE5b5pLXE/82sE5b5pLXE.glb changed to proposed JSON configuration filename : /mnt/data_nas/deeprobotics/daiyang/vla/third_party/ETP-R1/data/scene_datasets/mp3d/82sE5b5pLXE/82sE5b5pLXE.stage_config.json
I0919 15:04:09.829281 2043707 AttributesManagerBase.h:283] AttributesManager<T>::createFromJsonOrDefaultInternal  (Stage) : Proposing JSON name : /mnt/data_nas/deeprobotics/daiyang/vla/third_party/ETP-R1/data/scene_datasets/mp3d/82sE5b5pLXE/82sE5b5pLXE.stage_config.json from original name : /mnt/data_nas/deeprobotics/daiyang/vla/third_party/ETP-R1/data/scene_datasets/mp3d/82sE5b5pLXE/82sE5b5pLXE.glb | This file  does not exist.
I0919 15:04:09.829329 2043707 AbstractObjectAttributesManagerBase.h:181] AbstractObjectAttributesManager<T>::createObject  (Stage) : Done making attributes with handle : /mnt/data_nas/deeprobotics/daiyang/vla/third_party/ETP-R1/data/scene_datasets/mp3d/82sE5b5pLXE/82sE5b5pLXE.glb
I0919 15:04:09.829330 2043707 AbstractObjectAttributesManagerBase.h:188] File (/mnt/data_nas/deeprobotics/daiyang/vla/third_party/ETP-R1/data/scene_datasets/mp3d/82sE5b5pLXE/82sE5b5pLXE.glb) exists but is not a recognized config filename extension, so new default Stage attributes created and registered.
I0919 15:04:09.829335 2043707 Simulator.cpp:156] Loading navmesh from /mnt/data_nas/deeprobotics/daiyang/vla/third_party/ETP-R1/data/scene_datasets/mp3d/82sE5b5pLXE/82sE5b5pLXE.navmesh
I0919 15:04:09.830057 2043707 Simulator.cpp:158] Loaded.
I0919 15:04:09.830065 2043707 SceneGraph.h:93] Created DrawableGroup: 
Renderer: NVIDIA GeForce RTX 5090/PCIe/SSE2 by NVIDIA Corporation
OpenGL version: 4.6.0 NVIDIA 580.126.09
Using optional features:
    GL_ARB_ES2_compatibility
    GL_ARB_direct_state_access
    GL_ARB_get_texture_sub_image
    GL_ARB_invalidate_subdata
    GL_ARB_multi_bind
    GL_ARB_robustness
    GL_ARB_separate_shader_objects
    GL_ARB_texture_filter_anisotropic
    GL_ARB_texture_storage
    GL_ARB_texture_storage_multisample
    GL_ARB_vertex_array_object
    GL_KHR_debug
Using driver workarounds:
    no-forward-compatible-core-context
    nv-egl-incorrect-gl11-function-pointers
    no-layout-qualifiers-on-old-glsl
    nv-zero-context-profile-mask
    nv-implementation-color-read-format-dsa-broken
    nv-cubemap-inconsistent-compressed-image-size
    nv-cubemap-broken-full-compressed-image-query
    nv-compressed-block-size-in-bits
I0919 15:04:09.833598 2043707 ResourceManager.cpp:234] ResourceManager::loadStage : Not loading semantic mesh
I0919 15:04:09.833606 2043707 ResourceManager.cpp:262] ResourceManager::loadStage : start load render asset /mnt/data_nas/deeprobotics/daiyang/vla/third_party/ETP-R1/data/scene_datasets/mp3d/82sE5b5pLXE/82sE5b5pLXE.glb.
I0919 15:04:09.833608 2043707 ResourceManager.cpp:569] ResourceManager::loadStageInternal : Attempting to load stage /mnt/data_nas/deeprobotics/daiyang/vla/third_party/ETP-R1/data/scene_datasets/mp3d/82sE5b5pLXE/82sE5b5pLXE.glb 
I0919 15:04:09.833623 2043707 ResourceManager.cpp:1119] Importing Basis files as BC7 for 82sE5b5pLXE.glb
W0919 15:04:11.865298 2043707 Simulator.cpp:248] :
---
 The active scene does not contain semantic annotations. 
---
I0919 15:04:11.901615 2043707 simulator.py:213] Loaded navmesh /mnt/data_nas/deeprobotics/daiyang/vla/third_party/ETP-R1/data/scene_datasets/mp3d/82sE5b5pLXE/82sE5b5pLXE.navmesh
I0919 15:05:38.049144 2043707 PhysicsManager.cpp:33] Deconstructing PhysicsManager
I0919 15:05:38.049209 2043707 SemanticScene.h:41] Deconstructing SemanticScene
I0919 15:05:38.051334 2043707 SceneManager.h:25] Deconstructing SceneManager
I0919 15:05:38.051343 2043707 SceneGraph.h:26] Deconstructing SceneGraph
I0919 15:05:38.051784 2043707 Sensor.h:87] Deconstructing Sensor
I0919 15:05:38.056392 2043707 Renderer.cpp:34] Deconstructing Renderer
I0919 15:05:38.056424 2043707 WindowlessContext.h:17] Deconstructing WindowlessContext
I0919 15:05:38.065649 2043707 ManagedContainerBase.cpp:19] ManagedContainerBase::convertFilenameToJSON : Filename : default changed to proposed JSON configuration filename : default.scene_dataset_config.json
I0919 15:05:38.065668 2043707 AttributesManagerBase.h:283] AttributesManager<T>::createFromJsonOrDefaultInternal  (Dataset) : Proposing JSON name : default.scene_dataset_config.json from original name : default | This file  does not exist.
I0919 15:05:38.065979 2043707 AssetAttributesManager.cpp:117] Asset attributes (capsule3DSolid : capsule3DSolid_hemiRings_4_cylRings_1_segments_12_halfLen_0.75_useTexCoords_false_useTangents_false) created and registered.
I0919 15:05:38.066020 2043707 AssetAttributesManager.cpp:117] Asset attributes (capsule3DWireframe : capsule3DWireframe_hemiRings_8_cylRings_1_segments_16_halfLen_1) created and registered.
I0919 15:05:38.066059 2043707 AssetAttributesManager.cpp:117] Asset attributes (coneSolid : coneSolid_segments_12_halfLen_1.25_rings_1_useTexCoords_false_useTangents_false_capEnd_true) created and registered.
I0919 15:05:38.066082 2043707 AssetAttributesManager.cpp:117] Asset attributes (coneWireframe : coneWireframe_segments_32_halfLen_1.25) created and registered.
I0919 15:05:38.066094 2043707 AssetAttributesManager.cpp:117] Asset attributes (cubeSolid : cubeSolid) created and registered.
I0919 15:05:38.066104 2043707 AssetAttributesManager.cpp:117] Asset attributes (cubeWireframe : cubeWireframe) created and registered.
I0919 15:05:38.066135 2043707 AssetAttributesManager.cpp:117] Asset attributes (cylinderSolid : cylinderSolid_rings_1_segments_12_halfLen_1_useTexCoords_false_useTangents_false_capEnds_true) created and registered.
I0919 15:05:38.066162 2043707 AssetAttributesManager.cpp:117] Asset attributes (cylinderWireframe : cylinderWireframe_rings_1_segments_32_halfLen_1) created and registered.
I0919 15:05:38.066177 2043707 AssetAttributesManager.cpp:117] Asset attributes (icosphereSolid : icosphereSolid_subdivs_1) created and registered.
I0919 15:05:38.066191 2043707 AssetAttributesManager.cpp:117] Asset attributes (icosphereWireframe : icosphereWireframe_subdivs_1) created and registered.
I0919 15:05:38.066214 2043707 AssetAttributesManager.cpp:117] Asset attributes (uvSphereSolid : uvSphereSolid_rings_8_segments_16_useTexCoords_false_useTangents_false) created and registered.
I0919 15:05:38.066236 2043707 AssetAttributesManager.cpp:117] Asset attributes (uvSphereWireframe : uvSphereWireframe_rings_16_segments_32) created and registered.
I0919 15:05:38.066244 2043707 AssetAttributesManager.cpp:105] AssetAttributesManager::buildCtorFuncPtrMaps : Built default primitive asset templates : 12
I0919 15:05:38.066931 2043707 SceneDatasetAttributesManager.cpp:23] File (default) not found, so new default dataset attributes created and registered.
I0919 15:05:38.066934 2043707 MetadataMediator.cpp:47] MetadataMediator::createDataset : Dataset default successfully created.
I0919 15:05:38.067184 2043707 AttributesManagerBase.h:283] AttributesManager<T>::createFromJsonOrDefaultInternal  (Physics Manager) : Proposing JSON name : ./data/default.physics_config.json from original name : ./data/default.physics_config.json | This file  does not exist.
I0919 15:05:38.067201 2043707 PhysicsAttributesManager.cpp:27] File (./data/default.physics_config.json) not found, so new default physics manager attributes created and registered.
I0919 15:05:38.067205 2043707 AbstractObjectAttributesManagerBase.h:175] AbstractObjectAttributesManager<T>::createObject  (Stage) : Making attributes with handle : /mnt/data_nas/deeprobotics/daiyang/vla/third_party/ETP-R1/data/scene_datasets/mp3d/B6ByNegPMKs/B6ByNegPMKs.glb
I0919 15:05:38.067211 2043707 ManagedContainerBase.cpp:19] ManagedContainerBase::convertFilenameToJSON : Filename : /mnt/data_nas/deeprobotics/daiyang/vla/third_party/ETP-R1/data/scene_datasets/mp3d/B6ByNegPMKs/B6ByNegPMKs.glb changed to proposed JSON configuration filename : /mnt/data_nas/deeprobotics/daiyang/vla/third_party/ETP-R1/data/scene_datasets/mp3d/B6ByNegPMKs/B6ByNegPMKs.stage_config.json
I0919 15:05:38.067226 2043707 AttributesManagerBase.h:283] AttributesManager<T>::createFromJsonOrDefaultInternal  (Stage) : Proposing JSON name : /mnt/data_nas/deeprobotics/daiyang/vla/third_party/ETP-R1/data/scene_datasets/mp3d/B6ByNegPMKs/B6ByNegPMKs.stage_config.json from original name : /mnt/data_nas/deeprobotics/daiyang/vla/third_party/ETP-R1/data/scene_datasets/mp3d/B6ByNegPMKs/B6ByNegPMKs.glb | This file  does not exist.
I0919 15:05:38.067312 2043707 AbstractObjectAttributesManagerBase.h:181] AbstractObjectAttributesManager<T>::createObject  (Stage) : Done making attributes with handle : /mnt/data_nas/deeprobotics/daiyang/vla/third_party/ETP-R1/data/scene_datasets/mp3d/B6ByNegPMKs/B6ByNegPMKs.glb
I0919 15:05:38.067314 2043707 AbstractObjectAttributesManagerBase.h:188] File (/mnt/data_nas/deeprobotics/daiyang/vla/third_party/ETP-R1/data/scene_datasets/mp3d/B6ByNegPMKs/B6ByNegPMKs.glb) exists but is not a recognized config filename extension, so new default Stage attributes created and registered.
I0919 15:05:38.067322 2043707 Simulator.cpp:156] Loading navmesh from /mnt/data_nas/deeprobotics/daiyang/vla/third_party/ETP-R1/data/scene_datasets/mp3d/B6ByNegPMKs/B6ByNegPMKs.navmesh
I0919 15:05:38.068822 2043707 Simulator.cpp:158] Loaded.
I0919 15:05:38.068832 2043707 SceneGraph.h:93] Created DrawableGroup: 
Renderer: NVIDIA GeForce RTX 5090/PCIe/SSE2 by NVIDIA Corporation
OpenGL version: 4.6.0 NVIDIA 580.126.09
Using optional features:
    GL_ARB_ES2_compatibility
    GL_ARB_direct_state_access
    GL_ARB_get_texture_sub_image
    GL_ARB_invalidate_subdata
    GL_ARB_multi_bind
    GL_ARB_robustness
    GL_ARB_separate_shader_objects
    GL_ARB_texture_filter_anisotropic
    GL_ARB_texture_storage
    GL_ARB_texture_storage_multisample
    GL_ARB_vertex_array_object
    GL_KHR_debug
Using driver workarounds:
    no-forward-compatible-core-context
    nv-egl-incorrect-gl11-function-pointers
    no-layout-qualifiers-on-old-glsl
    nv-zero-context-profile-mask
    nv-implementation-color-read-format-dsa-broken
    nv-cubemap-inconsistent-compressed-image-size
    nv-cubemap-broken-full-compressed-image-query
    nv-compressed-block-size-in-bits
I0919 15:05:38.079991 2043707 ResourceManager.cpp:234] ResourceManager::loadStage : Not loading semantic mesh
I0919 15:05:38.080003 2043707 ResourceManager.cpp:262] ResourceManager::loadStage : start load render asset /mnt/data_nas/deeprobotics/daiyang/vla/third_party/ETP-R1/data/scene_datasets/mp3d/B6ByNegPMKs/B6ByNegPMKs.glb.
I0919 15:05:38.080006 2043707 ResourceManager.cpp:569] ResourceManager::loadStageInternal : Attempting to load stage /mnt/data_nas/deeprobotics/daiyang/vla/third_party/ETP-R1/data/scene_datasets/mp3d/B6ByNegPMKs/B6ByNegPMKs.glb 
I0919 15:05:38.080030 2043707 ResourceManager.cpp:1119] Importing Basis files as BC7 for B6ByNegPMKs.glb
W0919 15:05:47.726029 2043707 Simulator.cpp:248] :
---
 The active scene does not contain semantic annotations. 
---
I0919 15:05:47.919450 2043707 simulator.py:213] Loaded navmesh /mnt/data_nas/deeprobotics/daiyang/vla/third_party/ETP-R1/data/scene_datasets/mp3d/B6ByNegPMKs/B6ByNegPMKs.navmesh
I0919 15:06:57.842398 2043707 PhysicsManager.cpp:33] Deconstructing PhysicsManager
I0919 15:06:57.842433 2043707 SemanticScene.h:41] Deconstructing SemanticScene
I0919 15:06:57.857864 2043707 SceneManager.h:25] Deconstructing SceneManager
I0919 15:06:57.857877 2043707 SceneGraph.h:26] Deconstructing SceneGraph
I0919 15:06:57.858341 2043707 Sensor.h:87] Deconstructing Sensor
I0919 15:06:57.869372 2043707 Renderer.cpp:34] Deconstructing Renderer
I0919 15:06:57.869396 2043707 WindowlessContext.h:17] Deconstructing WindowlessContext
I0919 15:06:57.900017 2043707 ManagedContainerBase.cpp:19] ManagedContainerBase::convertFilenameToJSON : Filename : default changed to proposed JSON configuration filename : default.scene_dataset_config.json
I0919 15:06:57.900039 2043707 AttributesManagerBase.h:283] AttributesManager<T>::createFromJsonOrDefaultInternal  (Dataset) : Proposing JSON name : default.scene_dataset_config.json from original name : default | This file  does not exist.
I0919 15:06:57.900126 2043707 AssetAttributesManager.cpp:117] Asset attributes (capsule3DSolid : capsule3DSolid_hemiRings_4_cylRings_1_segments_12_halfLen_0.75_useTexCoords_false_useTangents_false) created and registered.
I0919 15:06:57.900152 2043707 AssetAttributesManager.cpp:117] Asset attributes (capsule3DWireframe : capsule3DWireframe_hemiRings_8_cylRings_1_segments_16_halfLen_1) created and registered.
I0919 15:06:57.900184 2043707 AssetAttributesManager.cpp:117] Asset attributes (coneSolid : coneSolid_segments_12_halfLen_1.25_rings_1_useTexCoords_false_useTangents_false_capEnd_true) created and registered.
I0919 15:06:57.900200 2043707 AssetAttributesManager.cpp:117] Asset attributes (coneWireframe : coneWireframe_segments_32_halfLen_1.25) created and registered.
I0919 15:06:57.900209 2043707 AssetAttributesManager.cpp:117] Asset attributes (cubeSolid : cubeSolid) created and registered.
I0919 15:06:57.900216 2043707 AssetAttributesManager.cpp:117] Asset attributes (cubeWireframe : cubeWireframe) created and registered.
I0919 15:06:57.900235 2043707 AssetAttributesManager.cpp:117] Asset attributes (cylinderSolid : cylinderSolid_rings_1_segments_12_halfLen_1_useTexCoords_false_useTangents_false_capEnds_true) created and registered.
I0919 15:06:57.900252 2043707 AssetAttributesManager.cpp:117] Asset attributes (cylinderWireframe : cylinderWireframe_rings_1_segments_32_halfLen_1) created and registered.
I0919 15:06:57.900262 2043707 AssetAttributesManager.cpp:117] Asset attributes (icosphereSolid : icosphereSolid_subdivs_1) created and registered.
I0919 15:06:57.900279 2043707 AssetAttributesManager.cpp:117] Asset attributes (icosphereWireframe : icosphereWireframe_subdivs_1) created and registered.
I0919 15:06:57.900295 2043707 AssetAttributesManager.cpp:117] Asset attributes (uvSphereSolid : uvSphereSolid_rings_8_segments_16_useTexCoords_false_useTangents_false) created and registered.
I0919 15:06:57.900307 2043707 AssetAttributesManager.cpp:117] Asset attributes (uvSphereWireframe : uvSphereWireframe_rings_16_segments_32) created and registered.
I0919 15:06:57.900314 2043707 AssetAttributesManager.cpp:105] AssetAttributesManager::buildCtorFuncPtrMaps : Built default primitive asset templates : 12
I0919 15:06:57.900725 2043707 SceneDatasetAttributesManager.cpp:23] File (default) not found, so new default dataset attributes created and registered.
I0919 15:06:57.900727 2043707 MetadataMediator.cpp:47] MetadataMediator::createDataset : Dataset default successfully created.
I0919 15:06:57.900935 2043707 AttributesManagerBase.h:283] AttributesManager<T>::createFromJsonOrDefaultInternal  (Physics Manager) : Proposing JSON name : ./data/default.physics_config.json from original name : ./data/default.physics_config.json | This file  does not exist.
I0919 15:06:57.900949 2043707 PhysicsAttributesManager.cpp:27] File (./data/default.physics_config.json) not found, so new default physics manager attributes created and registered.
I0919 15:06:57.900951 2043707 AbstractObjectAttributesManagerBase.h:175] AbstractObjectAttributesManager<T>::createObject  (Stage) : Making attributes with handle : /mnt/data_nas/deeprobotics/daiyang/vla/third_party/ETP-R1/data/scene_datasets/mp3d/PuKPg4mmafe/PuKPg4mmafe.glb
I0919 15:06:57.900955 2043707 ManagedContainerBase.cpp:19] ManagedContainerBase::convertFilenameToJSON : Filename : /mnt/data_nas/deeprobotics/daiyang/vla/third_party/ETP-R1/data/scene_datasets/mp3d/PuKPg4mmafe/PuKPg4mmafe.glb changed to proposed JSON configuration filename : /mnt/data_nas/deeprobotics/daiyang/vla/third_party/ETP-R1/data/scene_datasets/mp3d/PuKPg4mmafe/PuKPg4mmafe.stage_config.json
I0919 15:06:57.900966 2043707 AttributesManagerBase.h:283] AttributesManager<T>::createFromJsonOrDefaultInternal  (Stage) : Proposing JSON name : /mnt/data_nas/deeprobotics/daiyang/vla/third_party/ETP-R1/data/scene_datasets/mp3d/PuKPg4mmafe/PuKPg4mmafe.stage_config.json from original name : /mnt/data_nas/deeprobotics/daiyang/vla/third_party/ETP-R1/data/scene_datasets/mp3d/PuKPg4mmafe/PuKPg4mmafe.glb | This file  does not exist.
I0919 15:06:57.901012 2043707 AbstractObjectAttributesManagerBase.h:181] AbstractObjectAttributesManager<T>::createObject  (Stage) : Done making attributes with handle : /mnt/data_nas/deeprobotics/daiyang/vla/third_party/ETP-R1/data/scene_datasets/mp3d/PuKPg4mmafe/PuKPg4mmafe.glb
I0919 15:06:57.901014 2043707 AbstractObjectAttributesManagerBase.h:188] File (/mnt/data_nas/deeprobotics/daiyang/vla/third_party/ETP-R1/data/scene_datasets/mp3d/PuKPg4mmafe/PuKPg4mmafe.glb) exists but is not a recognized config filename extension, so new default Stage attributes created and registered.
I0919 15:06:57.901022 2043707 Simulator.cpp:156] Loading navmesh from /mnt/data_nas/deeprobotics/daiyang/vla/third_party/ETP-R1/data/scene_datasets/mp3d/PuKPg4mmafe/PuKPg4mmafe.navmesh
I0919 15:06:57.902155 2043707 Simulator.cpp:158] Loaded.
I0919 15:06:57.902164 2043707 SceneGraph.h:93] Created DrawableGroup: 
Renderer: NVIDIA GeForce RTX 5090/PCIe/SSE2 by NVIDIA Corporation
OpenGL version: 4.6.0 NVIDIA 580.126.09
Using optional features:
    GL_ARB_ES2_compatibility
    GL_ARB_direct_state_access
    GL_ARB_get_texture_sub_image
    GL_ARB_invalidate_subdata
    GL_ARB_multi_bind
    GL_ARB_robustness
    GL_ARB_separate_shader_objects
    GL_ARB_texture_filter_anisotropic
    GL_ARB_texture_storage
    GL_ARB_texture_storage_multisample
    GL_ARB_vertex_array_object
    GL_KHR_debug
Using driver workarounds:
    no-forward-compatible-core-context
    nv-egl-incorrect-gl11-function-pointers
    no-layout-qualifiers-on-old-glsl
    nv-zero-context-profile-mask
    nv-implementation-color-read-format-dsa-broken
    nv-cubemap-inconsistent-compressed-image-size
    nv-cubemap-broken-full-compressed-image-query
    nv-compressed-block-size-in-bits
I0919 15:06:57.905939 2043707 ResourceManager.cpp:234] ResourceManager::loadStage : Not loading semantic mesh
I0919 15:06:57.905948 2043707 ResourceManager.cpp:262] ResourceManager::loadStage : start load render asset /mnt/data_nas/deeprobotics/daiyang/vla/third_party/ETP-R1/data/scene_datasets/mp3d/PuKPg4mmafe/PuKPg4mmafe.glb.
I0919 15:06:57.905951 2043707 ResourceManager.cpp:569] ResourceManager::loadStageInternal : Attempting to load stage /mnt/data_nas/deeprobotics/daiyang/vla/third_party/ETP-R1/data/scene_datasets/mp3d/PuKPg4mmafe/PuKPg4mmafe.glb 
I0919 15:06:57.905967 2043707 ResourceManager.cpp:1119] Importing Basis files as BC7 for PuKPg4mmafe.glb
W0919 15:07:02.541951 2043707 Simulator.cpp:248] :
---
 The active scene does not contain semantic annotations. 
---
I0919 15:07:02.562258 2043707 simulator.py:213] Loaded navmesh /mnt/data_nas/deeprobotics/daiyang/vla/third_party/ETP-R1/data/scene_datasets/mp3d/PuKPg4mmafe/PuKPg4mmafe.navmesh
I0919 15:07:02.894814 2043707 Simulator.cpp:49] Deconstructing Simulator
I0919 15:07:02.894970 2043707 Simulator.cpp:49] Deconstructing Simulator
I0919 15:07:02.895147 2043707 Simulator.cpp:49] Deconstructing Simulator
I0919 15:07:02.895380 2043707 Simulator.cpp:49] Deconstructing Simulator
I0919 15:07:02.895514 2043707 Simulator.cpp:49] Deconstructing Simulator
I0919 15:07:02.895689 2043707 Simulator.cpp:49] Deconstructing Simulator
I0919 15:07:02.895848 2043707 Simulator.cpp:49] Deconstructing Simulator
I0919 15:07:02.895967 2043707 Simulator.cpp:49] Deconstructing Simulator
I0919 15:07:02.896075 2043707 Simulator.cpp:49] Deconstructing Simulator
I0919 15:07:02.896242 2043707 Simulator.cpp:49] Deconstructing Simulator
I0919 15:07:02.896368 2043707 Simulator.cpp:49] Deconstructing Simulator
I0919 15:07:02.896467 2043707 Simulator.cpp:49] Deconstructing Simulator
I0919 15:07:02.896593 2043707 Simulator.cpp:49] Deconstructing Simulator
I0919 15:07:02.896682 2043707 Simulator.cpp:49] Deconstructing Simulator
I0919 15:07:02.896768 2043707 Simulator.cpp:49] Deconstructing Simulator
I0919 15:07:02.896867 2043707 Simulator.cpp:49] Deconstructing Simulator
I0919 15:07:02.897032 2043707 Simulator.cpp:49] Deconstructing Simulator
I0919 15:07:02.897156 2043707 Simulator.cpp:49] Deconstructing Simulator
I0919 15:07:02.897271 2043707 Simulator.cpp:49] Deconstructing Simulator
I0919 15:07:02.897356 2043707 Simulator.cpp:49] Deconstructing Simulator
I0919 15:07:02.897480 2043707 Simulator.cpp:49] Deconstructing Simulator
I0919 15:07:02.897573 2043707 Simulator.cpp:49] Deconstructing Simulator
I0919 15:07:02.897655 2043707 Simulator.cpp:49] Deconstructing Simulator
I0919 15:07:02.897737 2043707 Simulator.cpp:49] Deconstructing Simulator
I0919 15:07:02.897827 2043707 Simulator.cpp:49] Deconstructing Simulator
I0919 15:07:02.898000 2043707 Simulator.cpp:49] Deconstructing Simulator
I0919 15:07:02.898082 2043707 Simulator.cpp:49] Deconstructing Simulator
I0919 15:07:02.898193 2043707 Simulator.cpp:49] Deconstructing Simulator
I0919 15:07:02.898293 2043707 Simulator.cpp:49] Deconstructing Simulator
I0919 15:07:02.898393 2043707 Simulator.cpp:49] Deconstructing Simulator
I0919 15:07:02.898466 2043707 Simulator.cpp:49] Deconstructing Simulator
I0919 15:07:02.898572 2043707 Simulator.cpp:49] Deconstructing Simulator
I0919 15:07:02.898658 2043707 Simulator.cpp:49] Deconstructing Simulator
I0919 15:07:02.898768 2043707 Simulator.cpp:49] Deconstructing Simulator
I0919 15:07:02.898864 2043707 Simulator.cpp:49] Deconstructing Simulator
I0919 15:10:34.713656 2043707 PhysicsManager.cpp:33] Deconstructing PhysicsManager
I0919 15:10:34.713706 2043707 SemanticScene.h:41] Deconstructing SemanticScene
I0919 15:10:34.714689 2043707 SceneManager.h:25] Deconstructing SceneManager
I0919 15:10:34.714694 2043707 SceneGraph.h:26] Deconstructing SceneGraph
I0919 15:10:34.715009 2043707 Sensor.h:87] Deconstructing Sensor
I0919 15:10:34.728870 2043707 Renderer.cpp:34] Deconstructing Renderer
I0919 15:10:34.728904 2043707 WindowlessContext.h:17] Deconstructing WindowlessContext
I0919 15:10:34.794358 2043707 ManagedContainerBase.cpp:19] ManagedContainerBase::convertFilenameToJSON : Filename : default changed to proposed JSON configuration filename : default.scene_dataset_config.json
I0919 15:10:34.794382 2043707 AttributesManagerBase.h:283] AttributesManager<T>::createFromJsonOrDefaultInternal  (Dataset) : Proposing JSON name : default.scene_dataset_config.json from original name : default | This file  does not exist.
I0919 15:10:34.794461 2043707 AssetAttributesManager.cpp:117] Asset attributes (capsule3DSolid : capsule3DSolid_hemiRings_4_cylRings_1_segments_12_halfLen_0.75_useTexCoords_false_useTangents_false) created and registered.
I0919 15:10:34.794500 2043707 AssetAttributesManager.cpp:117] Asset attributes (capsule3DWireframe : capsule3DWireframe_hemiRings_8_cylRings_1_segments_16_halfLen_1) created and registered.
I0919 15:10:34.794524 2043707 AssetAttributesManager.cpp:117] Asset attributes (coneSolid : coneSolid_segments_12_halfLen_1.25_rings_1_useTexCoords_false_useTangents_false_capEnd_true) created and registered.
I0919 15:10:34.794541 2043707 AssetAttributesManager.cpp:117] Asset attributes (coneWireframe : coneWireframe_segments_32_halfLen_1.25) created and registered.
I0919 15:10:34.794552 2043707 AssetAttributesManager.cpp:117] Asset attributes (cubeSolid : cubeSolid) created and registered.
I0919 15:10:34.794564 2043707 AssetAttributesManager.cpp:117] Asset attributes (cubeWireframe : cubeWireframe) created and registered.
I0919 15:10:34.794584 2043707 AssetAttributesManager.cpp:117] Asset attributes (cylinderSolid : cylinderSolid_rings_1_segments_12_halfLen_1_useTexCoords_false_useTangents_false_capEnds_true) created and registered.
I0919 15:10:34.794606 2043707 AssetAttributesManager.cpp:117] Asset attributes (cylinderWireframe : cylinderWireframe_rings_1_segments_32_halfLen_1) created and registered.
I0919 15:10:34.794615 2043707 AssetAttributesManager.cpp:117] Asset attributes (icosphereSolid : icosphereSolid_subdivs_1) created and registered.
I0919 15:10:34.794631 2043707 AssetAttributesManager.cpp:117] Asset attributes (icosphereWireframe : icosphereWireframe_subdivs_1) created and registered.
I0919 15:10:34.794651 2043707 AssetAttributesManager.cpp:117] Asset attributes (uvSphereSolid : uvSphereSolid_rings_8_segments_16_useTexCoords_false_useTangents_false) created and registered.
I0919 15:10:34.794665 2043707 AssetAttributesManager.cpp:117] Asset attributes (uvSphereWireframe : uvSphereWireframe_rings_16_segments_32) created and registered.
I0919 15:10:34.794672 2043707 AssetAttributesManager.cpp:105] AssetAttributesManager::buildCtorFuncPtrMaps : Built default primitive asset templates : 12
I0919 15:10:34.795694 2043707 SceneDatasetAttributesManager.cpp:23] File (default) not found, so new default dataset attributes created and registered.
I0919 15:10:34.795707 2043707 MetadataMediator.cpp:47] MetadataMediator::createDataset : Dataset default successfully created.
I0919 15:10:34.795965 2043707 AttributesManagerBase.h:283] AttributesManager<T>::createFromJsonOrDefaultInternal  (Physics Manager) : Proposing JSON name : ./data/default.physics_config.json from original name : ./data/default.physics_config.json | This file  does not exist.
I0919 15:10:34.795980 2043707 PhysicsAttributesManager.cpp:27] File (./data/default.physics_config.json) not found, so new default physics manager attributes created and registered.
I0919 15:10:34.795984 2043707 AbstractObjectAttributesManagerBase.h:175] AbstractObjectAttributesManager<T>::createObject  (Stage) : Making attributes with handle : /mnt/data_nas/deeprobotics/daiyang/vla/third_party/ETP-R1/data/scene_datasets/mp3d/aayBHfsNo7d/aayBHfsNo7d.glb
I0919 15:10:34.795987 2043707 ManagedContainerBase.cpp:19] ManagedContainerBase::convertFilenameToJSON : Filename : /mnt/data_nas/deeprobotics/daiyang/vla/third_party/ETP-R1/data/scene_datasets/mp3d/aayBHfsNo7d/aayBHfsNo7d.glb changed to proposed JSON configuration filename : /mnt/data_nas/deeprobotics/daiyang/vla/third_party/ETP-R1/data/scene_datasets/mp3d/aayBHfsNo7d/aayBHfsNo7d.stage_config.json
I0919 15:10:34.796000 2043707 AttributesManagerBase.h:283] AttributesManager<T>::createFromJsonOrDefaultInternal  (Stage) : Proposing JSON name : /mnt/data_nas/deeprobotics/daiyang/vla/third_party/ETP-R1/data/scene_datasets/mp3d/aayBHfsNo7d/aayBHfsNo7d.stage_config.json from original name : /mnt/data_nas/deeprobotics/daiyang/vla/third_party/ETP-R1/data/scene_datasets/mp3d/aayBHfsNo7d/aayBHfsNo7d.glb | This file  does not exist.
I0919 15:10:34.796049 2043707 AbstractObjectAttributesManagerBase.h:181] AbstractObjectAttributesManager<T>::createObject  (Stage) : Done making attributes with handle : /mnt/data_nas/deeprobotics/daiyang/vla/third_party/ETP-R1/data/scene_datasets/mp3d/aayBHfsNo7d/aayBHfsNo7d.glb
I0919 15:10:34.796051 2043707 AbstractObjectAttributesManagerBase.h:188] File (/mnt/data_nas/deeprobotics/daiyang/vla/third_party/ETP-R1/data/scene_datasets/mp3d/aayBHfsNo7d/aayBHfsNo7d.glb) exists but is not a recognized config filename extension, so new default Stage attributes created and registered.
I0919 15:10:34.796056 2043707 Simulator.cpp:156] Loading navmesh from /mnt/data_nas/deeprobotics/daiyang/vla/third_party/ETP-R1/data/scene_datasets/mp3d/aayBHfsNo7d/aayBHfsNo7d.navmesh
I0919 15:10:34.796814 2043707 Simulator.cpp:158] Loaded.
I0919 15:10:34.796823 2043707 SceneGraph.h:93] Created DrawableGroup: 
Renderer: NVIDIA GeForce RTX 5090/PCIe/SSE2 by NVIDIA Corporation
OpenGL version: 4.6.0 NVIDIA 580.126.09
Using optional features:
    GL_ARB_ES2_compatibility
    GL_ARB_direct_state_access
    GL_ARB_get_texture_sub_image
    GL_ARB_invalidate_subdata
    GL_ARB_multi_bind
    GL_ARB_robustness
    GL_ARB_separate_shader_objects
    GL_ARB_texture_filter_anisotropic
    GL_ARB_texture_storage
    GL_ARB_texture_storage_multisample
    GL_ARB_vertex_array_object
    GL_KHR_debug
Using driver workarounds:
    no-forward-compatible-core-context
    nv-egl-incorrect-gl11-function-pointers
    no-layout-qualifiers-on-old-glsl
    nv-zero-context-profile-mask
    nv-implementation-color-read-format-dsa-broken
    nv-cubemap-inconsistent-compressed-image-size
    nv-cubemap-broken-full-compressed-image-query
    nv-compressed-block-size-in-bits
I0919 15:10:34.800740 2043707 ResourceManager.cpp:234] ResourceManager::loadStage : Not loading semantic mesh
I0919 15:10:34.800750 2043707 ResourceManager.cpp:262] ResourceManager::loadStage : start load render asset /mnt/data_nas/deeprobotics/daiyang/vla/third_party/ETP-R1/data/scene_datasets/mp3d/aayBHfsNo7d/aayBHfsNo7d.glb.
I0919 15:10:34.800752 2043707 ResourceManager.cpp:569] ResourceManager::loadStageInternal : Attempting to load stage /mnt/data_nas/deeprobotics/daiyang/vla/third_party/ETP-R1/data/scene_datasets/mp3d/aayBHfsNo7d/aayBHfsNo7d.glb 
I0919 15:10:34.800773 2043707 ResourceManager.cpp:1119] Importing Basis files as BC7 for aayBHfsNo7d.glb
W0919 15:10:36.363703 2043707 Simulator.cpp:248] :
---
 The active scene does not contain semantic annotations. 
---
I0919 15:10:36.406124 2043707 simulator.py:213] Loaded navmesh /mnt/data_nas/deeprobotics/daiyang/vla/third_party/ETP-R1/data/scene_datasets/mp3d/aayBHfsNo7d/aayBHfsNo7d.navmesh
I0919 15:14:00.140712 2043707 PhysicsManager.cpp:33] Deconstructing PhysicsManager
I0919 15:14:00.140767 2043707 SemanticScene.h:41] Deconstructing SemanticScene
I0919 15:14:00.145056 2043707 SceneManager.h:25] Deconstructing SceneManager
I0919 15:14:00.145064 2043707 SceneGraph.h:26] Deconstructing SceneGraph
I0919 15:14:00.145828 2043707 Sensor.h:87] Deconstructing Sensor
I0919 15:14:00.148499 2043707 Renderer.cpp:34] Deconstructing Renderer
I0919 15:14:00.148522 2043707 WindowlessContext.h:17] Deconstructing WindowlessContext
I0919 15:14:00.154399 2043707 ManagedContainerBase.cpp:19] ManagedContainerBase::convertFilenameToJSON : Filename : default changed to proposed JSON configuration filename : default.scene_dataset_config.json
I0919 15:14:00.154414 2043707 AttributesManagerBase.h:283] AttributesManager<T>::createFromJsonOrDefaultInternal  (Dataset) : Proposing JSON name : default.scene_dataset_config.json from original name : default | This file  does not exist.
I0919 15:14:00.154486 2043707 AssetAttributesManager.cpp:117] Asset attributes (capsule3DSolid : capsule3DSolid_hemiRings_4_cylRings_1_segments_12_halfLen_0.75_useTexCoords_false_useTangents_false) created and registered.
I0919 15:14:00.154515 2043707 AssetAttributesManager.cpp:117] Asset attributes (capsule3DWireframe : capsule3DWireframe_hemiRings_8_cylRings_1_segments_16_halfLen_1) created and registered.
I0919 15:14:00.154538 2043707 AssetAttributesManager.cpp:117] Asset attributes (coneSolid : coneSolid_segments_12_halfLen_1.25_rings_1_useTexCoords_false_useTangents_false_capEnd_true) created and registered.
I0919 15:14:00.154554 2043707 AssetAttributesManager.cpp:117] Asset attributes (coneWireframe : coneWireframe_segments_32_halfLen_1.25) created and registered.
I0919 15:14:00.154563 2043707 AssetAttributesManager.cpp:117] Asset attributes (cubeSolid : cubeSolid) created and registered.
I0919 15:14:00.154569 2043707 AssetAttributesManager.cpp:117] Asset attributes (cubeWireframe : cubeWireframe) created and registered.
I0919 15:14:00.154588 2043707 AssetAttributesManager.cpp:117] Asset attributes (cylinderSolid : cylinderSolid_rings_1_segments_12_halfLen_1_useTexCoords_false_useTangents_false_capEnds_true) created and registered.
I0919 15:14:00.154606 2043707 AssetAttributesManager.cpp:117] Asset attributes (cylinderWireframe : cylinderWireframe_rings_1_segments_32_halfLen_1) created and registered.
I0919 15:14:00.154615 2043707 AssetAttributesManager.cpp:117] Asset attributes (icosphereSolid : icosphereSolid_subdivs_1) created and registered.
I0919 15:14:00.154625 2043707 AssetAttributesManager.cpp:117] Asset attributes (icosphereWireframe : icosphereWireframe_subdivs_1) created and registered.
I0919 15:14:00.154639 2043707 AssetAttributesManager.cpp:117] Asset attributes (uvSphereSolid : uvSphereSolid_rings_8_segments_16_useTexCoords_false_useTangents_false) created and registered.
I0919 15:14:00.154747 2043707 AssetAttributesManager.cpp:117] Asset attributes (uvSphereWireframe : uvSphereWireframe_rings_16_segments_32) created and registered.
I0919 15:14:00.154754 2043707 AssetAttributesManager.cpp:105] AssetAttributesManager::buildCtorFuncPtrMaps : Built default primitive asset templates : 12
I0919 15:14:00.155710 2043707 SceneDatasetAttributesManager.cpp:23] File (default) not found, so new default dataset attributes created and registered.
I0919 15:14:00.155714 2043707 MetadataMediator.cpp:47] MetadataMediator::createDataset : Dataset default successfully created.
I0919 15:14:00.157025 2043707 AttributesManagerBase.h:283] AttributesManager<T>::createFromJsonOrDefaultInternal  (Physics Manager) : Proposing JSON name : ./data/default.physics_config.json from original name : ./data/default.physics_config.json | This file  does not exist.
I0919 15:14:00.157044 2043707 PhysicsAttributesManager.cpp:27] File (./data/default.physics_config.json) not found, so new default physics manager attributes created and registered.
I0919 15:14:00.157047 2043707 AbstractObjectAttributesManagerBase.h:175] AbstractObjectAttributesManager<T>::createObject  (Stage) : Making attributes with handle : /mnt/data_nas/deeprobotics/daiyang/vla/third_party/ETP-R1/data/scene_datasets/mp3d/82sE5b5pLXE/82sE5b5pLXE.glb
I0919 15:14:00.157053 2043707 ManagedContainerBase.cpp:19] ManagedContainerBase::convertFilenameToJSON : Filename : /mnt/data_nas/deeprobotics/daiyang/vla/third_party/ETP-R1/data/scene_datasets/mp3d/82sE5b5pLXE/82sE5b5pLXE.glb changed to proposed JSON configuration filename : /mnt/data_nas/deeprobotics/daiyang/vla/third_party/ETP-R1/data/scene_datasets/mp3d/82sE5b5pLXE/82sE5b5pLXE.stage_config.json
I0919 15:14:00.160501 2043707 AttributesManagerBase.h:283] AttributesManager<T>::createFromJsonOrDefaultInternal  (Stage) : Proposing JSON name : /mnt/data_nas/deeprobotics/daiyang/vla/third_party/ETP-R1/data/scene_datasets/mp3d/82sE5b5pLXE/82sE5b5pLXE.stage_config.json from original name : /mnt/data_nas/deeprobotics/daiyang/vla/third_party/ETP-R1/data/scene_datasets/mp3d/82sE5b5pLXE/82sE5b5pLXE.glb | This file  does not exist.
I0919 15:14:00.160548 2043707 AbstractObjectAttributesManagerBase.h:181] AbstractObjectAttributesManager<T>::createObject  (Stage) : Done making attributes with handle : /mnt/data_nas/deeprobotics/daiyang/vla/third_party/ETP-R1/data/scene_datasets/mp3d/82sE5b5pLXE/82sE5b5pLXE.glb
I0919 15:14:00.160550 2043707 AbstractObjectAttributesManagerBase.h:188] File (/mnt/data_nas/deeprobotics/daiyang/vla/third_party/ETP-R1/data/scene_datasets/mp3d/82sE5b5pLXE/82sE5b5pLXE.glb) exists but is not a recognized config filename extension, so new default Stage attributes created and registered.
I0919 15:14:00.160555 2043707 Simulator.cpp:156] Loading navmesh from /mnt/data_nas/deeprobotics/daiyang/vla/third_party/ETP-R1/data/scene_datasets/mp3d/82sE5b5pLXE/82sE5b5pLXE.navmesh
I0919 15:14:00.162724 2043707 Simulator.cpp:158] Loaded.
I0919 15:14:00.162731 2043707 SceneGraph.h:93] Created DrawableGroup: 
Renderer: NVIDIA GeForce RTX 5090/PCIe/SSE2 by NVIDIA Corporation
OpenGL version: 4.6.0 NVIDIA 580.126.09
Using optional features:
    GL_ARB_ES2_compatibility
    GL_ARB_direct_state_access
    GL_ARB_get_texture_sub_image
    GL_ARB_invalidate_subdata
    GL_ARB_multi_bind
    GL_ARB_robustness
    GL_ARB_separate_shader_objects
    GL_ARB_texture_filter_anisotropic
    GL_ARB_texture_storage
    GL_ARB_texture_storage_multisample
    GL_ARB_vertex_array_object
    GL_KHR_debug
Using driver workarounds:
    no-forward-compatible-core-context
    nv-egl-incorrect-gl11-function-pointers
    no-layout-qualifiers-on-old-glsl
    nv-zero-context-profile-mask
    nv-implementation-color-read-format-dsa-broken
    nv-cubemap-inconsistent-compressed-image-size
    nv-cubemap-broken-full-compressed-image-query
    nv-compressed-block-size-in-bits
I0919 15:14:00.167164 2043707 ResourceManager.cpp:234] ResourceManager::loadStage : Not loading semantic mesh
I0919 15:14:00.167174 2043707 ResourceManager.cpp:262] ResourceManager::loadStage : start load render asset /mnt/data_nas/deeprobotics/daiyang/vla/third_party/ETP-R1/data/scene_datasets/mp3d/82sE5b5pLXE/82sE5b5pLXE.glb.
I0919 15:14:00.167177 2043707 ResourceManager.cpp:569] ResourceManager::loadStageInternal : Attempting to load stage /mnt/data_nas/deeprobotics/daiyang/vla/third_party/ETP-R1/data/scene_datasets/mp3d/82sE5b5pLXE/82sE5b5pLXE.glb 
I0919 15:14:00.167194 2043707 ResourceManager.cpp:1119] Importing Basis files as BC7 for 82sE5b5pLXE.glb
W0919 15:14:02.178038 2043707 Simulator.cpp:248] :
---
 The active scene does not contain semantic annotations. 
---
I0919 15:14:02.216455 2043707 simulator.py:213] Loaded navmesh /mnt/data_nas/deeprobotics/daiyang/vla/third_party/ETP-R1/data/scene_datasets/mp3d/82sE5b5pLXE/82sE5b5pLXE.navmesh
I0919 15:15:11.788357 2043707 PhysicsManager.cpp:33] Deconstructing PhysicsManager
I0919 15:15:11.788414 2043707 SemanticScene.h:41] Deconstructing SemanticScene
I0919 15:15:11.790292 2043707 SceneManager.h:25] Deconstructing SceneManager
I0919 15:15:11.790300 2043707 SceneGraph.h:26] Deconstructing SceneGraph
I0919 15:15:11.790611 2043707 Sensor.h:87] Deconstructing Sensor
I0919 15:15:11.794027 2043707 Renderer.cpp:34] Deconstructing Renderer
I0919 15:15:11.794050 2043707 WindowlessContext.h:17] Deconstructing WindowlessContext
I0919 15:15:11.799201 2043707 ManagedContainerBase.cpp:19] ManagedContainerBase::convertFilenameToJSON : Filename : default changed to proposed JSON configuration filename : default.scene_dataset_config.json
I0919 15:15:11.799216 2043707 AttributesManagerBase.h:283] AttributesManager<T>::createFromJsonOrDefaultInternal  (Dataset) : Proposing JSON name : default.scene_dataset_config.json from original name : default | This file  does not exist.
I0919 15:15:11.799389 2043707 AssetAttributesManager.cpp:117] Asset attributes (capsule3DSolid : capsule3DSolid_hemiRings_4_cylRings_1_segments_12_halfLen_0.75_useTexCoords_false_useTangents_false) created and registered.
I0919 15:15:11.799445 2043707 AssetAttributesManager.cpp:117] Asset attributes (capsule3DWireframe : capsule3DWireframe_hemiRings_8_cylRings_1_segments_16_halfLen_1) created and registered.
I0919 15:15:11.799467 2043707 AssetAttributesManager.cpp:117] Asset attributes (coneSolid : coneSolid_segments_12_halfLen_1.25_rings_1_useTexCoords_false_useTangents_false_capEnd_true) created and registered.
I0919 15:15:11.799484 2043707 AssetAttributesManager.cpp:117] Asset attributes (coneWireframe : coneWireframe_segments_32_halfLen_1.25) created and registered.
I0919 15:15:11.799491 2043707 AssetAttributesManager.cpp:117] Asset attributes (cubeSolid : cubeSolid) created and registered.
I0919 15:15:11.799497 2043707 AssetAttributesManager.cpp:117] Asset attributes (cubeWireframe : cubeWireframe) created and registered.
I0919 15:15:11.799516 2043707 AssetAttributesManager.cpp:117] Asset attributes (cylinderSolid : cylinderSolid_rings_1_segments_12_halfLen_1_useTexCoords_false_useTangents_false_capEnds_true) created and registered.
I0919 15:15:11.800055 2043707 AssetAttributesManager.cpp:117] Asset attributes (cylinderWireframe : cylinderWireframe_rings_1_segments_32_halfLen_1) created and registered.
I0919 15:15:11.800065 2043707 AssetAttributesManager.cpp:117] Asset attributes (icosphereSolid : icosphereSolid_subdivs_1) created and registered.
I0919 15:15:11.800118 2043707 AssetAttributesManager.cpp:117] Asset attributes (icosphereWireframe : icosphereWireframe_subdivs_1) created and registered.
I0919 15:15:11.800132 2043707 AssetAttributesManager.cpp:117] Asset attributes (uvSphereSolid : uvSphereSolid_rings_8_segments_16_useTexCoords_false_useTangents_false) created and registered.
I0919 15:15:11.800144 2043707 AssetAttributesManager.cpp:117] Asset attributes (uvSphereWireframe : uvSphereWireframe_rings_16_segments_32) created and registered.
I0919 15:15:11.800150 2043707 AssetAttributesManager.cpp:105] AssetAttributesManager::buildCtorFuncPtrMaps : Built default primitive asset templates : 12
I0919 15:15:11.800554 2043707 SceneDatasetAttributesManager.cpp:23] File (default) not found, so new default dataset attributes created and registered.
I0919 15:15:11.800555 2043707 MetadataMediator.cpp:47] MetadataMediator::createDataset : Dataset default successfully created.
I0919 15:15:11.800738 2043707 AttributesManagerBase.h:283] AttributesManager<T>::createFromJsonOrDefaultInternal  (Physics Manager) : Proposing JSON name : ./data/default.physics_config.json from original name : ./data/default.physics_config.json | This file  does not exist.
I0919 15:15:11.800748 2043707 PhysicsAttributesManager.cpp:27] File (./data/default.physics_config.json) not found, so new default physics manager attributes created and registered.
I0919 15:15:11.800751 2043707 AbstractObjectAttributesManagerBase.h:175] AbstractObjectAttributesManager<T>::createObject  (Stage) : Making attributes with handle : /mnt/data_nas/deeprobotics/daiyang/vla/third_party/ETP-R1/data/scene_datasets/mp3d/B6ByNegPMKs/B6ByNegPMKs.glb
I0919 15:15:11.800761 2043707 ManagedContainerBase.cpp:19] ManagedContainerBase::convertFilenameToJSON : Filename : /mnt/data_nas/deeprobotics/daiyang/vla/third_party/ETP-R1/data/scene_datasets/mp3d/B6ByNegPMKs/B6ByNegPMKs.glb changed to proposed JSON configuration filename : /mnt/data_nas/deeprobotics/daiyang/vla/third_party/ETP-R1/data/scene_datasets/mp3d/B6ByNegPMKs/B6ByNegPMKs.stage_config.json
I0919 15:15:11.800773 2043707 AttributesManagerBase.h:283] AttributesManager<T>::createFromJsonOrDefaultInternal  (Stage) : Proposing JSON name : /mnt/data_nas/deeprobotics/daiyang/vla/third_party/ETP-R1/data/scene_datasets/mp3d/B6ByNegPMKs/B6ByNegPMKs.stage_config.json from original name : /mnt/data_nas/deeprobotics/daiyang/vla/third_party/ETP-R1/data/scene_datasets/mp3d/B6ByNegPMKs/B6ByNegPMKs.glb | This file  does not exist.
I0919 15:15:11.800819 2043707 AbstractObjectAttributesManagerBase.h:181] AbstractObjectAttributesManager<T>::createObject  (Stage) : Done making attributes with handle : /mnt/data_nas/deeprobotics/daiyang/vla/third_party/ETP-R1/data/scene_datasets/mp3d/B6ByNegPMKs/B6ByNegPMKs.glb
I0919 15:15:11.800822 2043707 AbstractObjectAttributesManagerBase.h:188] File (/mnt/data_nas/deeprobotics/daiyang/vla/third_party/ETP-R1/data/scene_datasets/mp3d/B6ByNegPMKs/B6ByNegPMKs.glb) exists but is not a recognized config filename extension, so new default Stage attributes created and registered.
I0919 15:15:11.800827 2043707 Simulator.cpp:156] Loading navmesh from /mnt/data_nas/deeprobotics/daiyang/vla/third_party/ETP-R1/data/scene_datasets/mp3d/B6ByNegPMKs/B6ByNegPMKs.navmesh
I0919 15:15:11.802274 2043707 Simulator.cpp:158] Loaded.
I0919 15:15:11.802284 2043707 SceneGraph.h:93] Created DrawableGroup: 
Renderer: NVIDIA GeForce RTX 5090/PCIe/SSE2 by NVIDIA Corporation
OpenGL version: 4.6.0 NVIDIA 580.126.09
Using optional features:
    GL_ARB_ES2_compatibility
    GL_ARB_direct_state_access
    GL_ARB_get_texture_sub_image
    GL_ARB_invalidate_subdata
    GL_ARB_multi_bind
    GL_ARB_robustness
    GL_ARB_separate_shader_objects
    GL_ARB_texture_filter_anisotropic
    GL_ARB_texture_storage
    GL_ARB_texture_storage_multisample
    GL_ARB_vertex_array_object
    GL_KHR_debug
Using driver workarounds:
    no-forward-compatible-core-context
    nv-egl-incorrect-gl11-function-pointers
    no-layout-qualifiers-on-old-glsl
    nv-zero-context-profile-mask
    nv-implementation-color-read-format-dsa-broken
    nv-cubemap-inconsistent-compressed-image-size
    nv-cubemap-broken-full-compressed-image-query
    nv-compressed-block-size-in-bits
I0919 15:15:11.812039 2043707 ResourceManager.cpp:234] ResourceManager::loadStage : Not loading semantic mesh
I0919 15:15:11.812050 2043707 ResourceManager.cpp:262] ResourceManager::loadStage : start load render asset /mnt/data_nas/deeprobotics/daiyang/vla/third_party/ETP-R1/data/scene_datasets/mp3d/B6ByNegPMKs/B6ByNegPMKs.glb.
I0919 15:15:11.812053 2043707 ResourceManager.cpp:569] ResourceManager::loadStageInternal : Attempting to load stage /mnt/data_nas/deeprobotics/daiyang/vla/third_party/ETP-R1/data/scene_datasets/mp3d/B6ByNegPMKs/B6ByNegPMKs.glb 
I0919 15:15:11.812077 2043707 ResourceManager.cpp:1119] Importing Basis files as BC7 for B6ByNegPMKs.glb
W0919 15:15:21.667860 2043707 Simulator.cpp:248] :
---
 The active scene does not contain semantic annotations. 
---
I0919 15:15:21.882092 2043707 simulator.py:213] Loaded navmesh /mnt/data_nas/deeprobotics/daiyang/vla/third_party/ETP-R1/data/scene_datasets/mp3d/B6ByNegPMKs/B6ByNegPMKs.navmesh
I0919 15:16:37.633083 2043707 PhysicsManager.cpp:33] Deconstructing PhysicsManager
I0919 15:16:37.633118 2043707 SemanticScene.h:41] Deconstructing SemanticScene
I0919 15:16:37.648079 2043707 SceneManager.h:25] Deconstructing SceneManager
I0919 15:16:37.648095 2043707 SceneGraph.h:26] Deconstructing SceneGraph
I0919 15:16:37.648559 2043707 Sensor.h:87] Deconstructing Sensor
I0919 15:16:37.660508 2043707 Renderer.cpp:34] Deconstructing Renderer
I0919 15:16:37.660547 2043707 WindowlessContext.h:17] Deconstructing WindowlessContext
I0919 15:16:37.665375 2043707 ManagedContainerBase.cpp:19] ManagedContainerBase::convertFilenameToJSON : Filename : default changed to proposed JSON configuration filename : default.scene_dataset_config.json
I0919 15:16:37.665391 2043707 AttributesManagerBase.h:283] AttributesManager<T>::createFromJsonOrDefaultInternal  (Dataset) : Proposing JSON name : default.scene_dataset_config.json from original name : default | This file  does not exist.
I0919 15:16:37.665589 2043707 AssetAttributesManager.cpp:117] Asset attributes (capsule3DSolid : capsule3DSolid_hemiRings_4_cylRings_1_segments_12_halfLen_0.75_useTexCoords_false_useTangents_false) created and registered.
I0919 15:16:37.665617 2043707 AssetAttributesManager.cpp:117] Asset attributes (capsule3DWireframe : capsule3DWireframe_hemiRings_8_cylRings_1_segments_16_halfLen_1) created and registered.
I0919 15:16:37.665763 2043707 AssetAttributesManager.cpp:117] Asset attributes (coneSolid : coneSolid_segments_12_halfLen_1.25_rings_1_useTexCoords_false_useTangents_false_capEnd_true) created and registered.
I0919 15:16:37.665781 2043707 AssetAttributesManager.cpp:117] Asset attributes (coneWireframe : coneWireframe_segments_32_halfLen_1.25) created and registered.
I0919 15:16:37.665789 2043707 AssetAttributesManager.cpp:117] Asset attributes (cubeSolid : cubeSolid) created and registered.
I0919 15:16:37.665796 2043707 AssetAttributesManager.cpp:117] Asset attributes (cubeWireframe : cubeWireframe) created and registered.
I0919 15:16:37.665814 2043707 AssetAttributesManager.cpp:117] Asset attributes (cylinderSolid : cylinderSolid_rings_1_segments_12_halfLen_1_useTexCoords_false_useTangents_false_capEnds_true) created and registered.
I0919 15:16:37.665831 2043707 AssetAttributesManager.cpp:117] Asset attributes (cylinderWireframe : cylinderWireframe_rings_1_segments_32_halfLen_1) created and registered.
I0919 15:16:37.665841 2043707 AssetAttributesManager.cpp:117] Asset attributes (icosphereSolid : icosphereSolid_subdivs_1) created and registered.
I0919 15:16:37.665849 2043707 AssetAttributesManager.cpp:117] Asset attributes (icosphereWireframe : icosphereWireframe_subdivs_1) created and registered.
I0919 15:16:37.665864 2043707 AssetAttributesManager.cpp:117] Asset attributes (uvSphereSolid : uvSphereSolid_rings_8_segments_16_useTexCoords_false_useTangents_false) created and registered.
I0919 15:16:37.665875 2043707 AssetAttributesManager.cpp:117] Asset attributes (uvSphereWireframe : uvSphereWireframe_rings_16_segments_32) created and registered.
I0919 15:16:37.665881 2043707 AssetAttributesManager.cpp:105] AssetAttributesManager::buildCtorFuncPtrMaps : Built default primitive asset templates : 12
I0919 15:16:37.666286 2043707 SceneDatasetAttributesManager.cpp:23] File (default) not found, so new default dataset attributes created and registered.
I0919 15:16:37.666288 2043707 MetadataMediator.cpp:47] MetadataMediator::createDataset : Dataset default successfully created.
I0919 15:16:37.666497 2043707 AttributesManagerBase.h:283] AttributesManager<T>::createFromJsonOrDefaultInternal  (Physics Manager) : Proposing JSON name : ./data/default.physics_config.json from original name : ./data/default.physics_config.json | This file  does not exist.
I0919 15:16:37.666507 2043707 PhysicsAttributesManager.cpp:27] File (./data/default.physics_config.json) not found, so new default physics manager attributes created and registered.
I0919 15:16:37.666510 2043707 AbstractObjectAttributesManagerBase.h:175] AbstractObjectAttributesManager<T>::createObject  (Stage) : Making attributes with handle : /mnt/data_nas/deeprobotics/daiyang/vla/third_party/ETP-R1/data/scene_datasets/mp3d/aayBHfsNo7d/aayBHfsNo7d.glb
I0919 15:16:37.666514 2043707 ManagedContainerBase.cpp:19] ManagedContainerBase::convertFilenameToJSON : Filename : /mnt/data_nas/deeprobotics/daiyang/vla/third_party/ETP-R1/data/scene_datasets/mp3d/aayBHfsNo7d/aayBHfsNo7d.glb changed to proposed JSON configuration filename : /mnt/data_nas/deeprobotics/daiyang/vla/third_party/ETP-R1/data/scene_datasets/mp3d/aayBHfsNo7d/aayBHfsNo7d.stage_config.json
I0919 15:16:37.666532 2043707 AttributesManagerBase.h:283] AttributesManager<T>::createFromJsonOrDefaultInternal  (Stage) : Proposing JSON name : /mnt/data_nas/deeprobotics/daiyang/vla/third_party/ETP-R1/data/scene_datasets/mp3d/aayBHfsNo7d/aayBHfsNo7d.stage_config.json from original name : /mnt/data_nas/deeprobotics/daiyang/vla/third_party/ETP-R1/data/scene_datasets/mp3d/aayBHfsNo7d/aayBHfsNo7d.glb | This file  does not exist.
I0919 15:16:37.666579 2043707 AbstractObjectAttributesManagerBase.h:181] AbstractObjectAttributesManager<T>::createObject  (Stage) : Done making attributes with handle : /mnt/data_nas/deeprobotics/daiyang/vla/third_party/ETP-R1/data/scene_datasets/mp3d/aayBHfsNo7d/aayBHfsNo7d.glb
I0919 15:16:37.666581 2043707 AbstractObjectAttributesManagerBase.h:188] File (/mnt/data_nas/deeprobotics/daiyang/vla/third_party/ETP-R1/data/scene_datasets/mp3d/aayBHfsNo7d/aayBHfsNo7d.glb) exists but is not a recognized config filename extension, so new default Stage attributes created and registered.
I0919 15:16:37.666586 2043707 Simulator.cpp:156] Loading navmesh from /mnt/data_nas/deeprobotics/daiyang/vla/third_party/ETP-R1/data/scene_datasets/mp3d/aayBHfsNo7d/aayBHfsNo7d.navmesh
I0919 15:16:37.667495 2043707 Simulator.cpp:158] Loaded.
I0919 15:16:37.667505 2043707 SceneGraph.h:93] Created DrawableGroup: 
Renderer: NVIDIA GeForce RTX 5090/PCIe/SSE2 by NVIDIA Corporation
OpenGL version: 4.6.0 NVIDIA 580.126.09
Using optional features:
    GL_ARB_ES2_compatibility
    GL_ARB_direct_state_access
    GL_ARB_get_texture_sub_image
    GL_ARB_invalidate_subdata
    GL_ARB_multi_bind
    GL_ARB_robustness
    GL_ARB_separate_shader_objects
    GL_ARB_texture_filter_anisotropic
    GL_ARB_texture_storage
    GL_ARB_texture_storage_multisample
    GL_ARB_vertex_array_object
    GL_KHR_debug
Using driver workarounds:
    no-forward-compatible-core-context
    nv-egl-incorrect-gl11-function-pointers
    no-layout-qualifiers-on-old-glsl
    nv-zero-context-profile-mask
    nv-implementation-color-read-format-dsa-broken
    nv-cubemap-inconsistent-compressed-image-size
    nv-cubemap-broken-full-compressed-image-query
    nv-compressed-block-size-in-bits
I0919 15:16:37.671135 2043707 ResourceManager.cpp:234] ResourceManager::loadStage : Not loading semantic mesh
I0919 15:16:37.671144 2043707 ResourceManager.cpp:262] ResourceManager::loadStage : start load render asset /mnt/data_nas/deeprobotics/daiyang/vla/third_party/ETP-R1/data/scene_datasets/mp3d/aayBHfsNo7d/aayBHfsNo7d.glb.
I0919 15:16:37.671147 2043707 ResourceManager.cpp:569] ResourceManager::loadStageInternal : Attempting to load stage /mnt/data_nas/deeprobotics/daiyang/vla/third_party/ETP-R1/data/scene_datasets/mp3d/aayBHfsNo7d/aayBHfsNo7d.glb 
I0919 15:16:37.671162 2043707 ResourceManager.cpp:1119] Importing Basis files as BC7 for aayBHfsNo7d.glb
W0919 15:16:39.314288 2043707 Simulator.cpp:248] :
---
 The active scene does not contain semantic annotations. 
---
I0919 15:16:39.373954 2043707 simulator.py:213] Loaded navmesh /mnt/data_nas/deeprobotics/daiyang/vla/third_party/ETP-R1/data/scene_datasets/mp3d/aayBHfsNo7d/aayBHfsNo7d.navmesh
I0919 15:17:11.976850 2043707 PhysicsManager.cpp:33] Deconstructing PhysicsManager
I0919 15:17:11.976886 2043707 SemanticScene.h:41] Deconstructing SemanticScene
I0919 15:17:11.980077 2043707 SceneManager.h:25] Deconstructing SceneManager
I0919 15:17:11.980086 2043707 SceneGraph.h:26] Deconstructing SceneGraph
I0919 15:17:11.980281 2043707 Sensor.h:87] Deconstructing Sensor
I0919 15:17:11.982547 2043707 Renderer.cpp:34] Deconstructing Renderer
I0919 15:17:11.982568 2043707 WindowlessContext.h:17] Deconstructing WindowlessContext
I0919 15:17:11.988606 2043707 ManagedContainerBase.cpp:19] ManagedContainerBase::convertFilenameToJSON : Filename : default changed to proposed JSON configuration filename : default.scene_dataset_config.json
I0919 15:17:11.988622 2043707 AttributesManagerBase.h:283] AttributesManager<T>::createFromJsonOrDefaultInternal  (Dataset) : Proposing JSON name : default.scene_dataset_config.json from original name : default | This file  does not exist.
I0919 15:17:11.989017 2043707 AssetAttributesManager.cpp:117] Asset attributes (capsule3DSolid : capsule3DSolid_hemiRings_4_cylRings_1_segments_12_halfLen_0.75_useTexCoords_false_useTangents_false) created and registered.
I0919 15:17:11.989045 2043707 AssetAttributesManager.cpp:117] Asset attributes (capsule3DWireframe : capsule3DWireframe_hemiRings_8_cylRings_1_segments_16_halfLen_1) created and registered.
I0919 15:17:11.989069 2043707 AssetAttributesManager.cpp:117] Asset attributes (coneSolid : coneSolid_segments_12_halfLen_1.25_rings_1_useTexCoords_false_useTangents_false_capEnd_true) created and registered.
I0919 15:17:11.989084 2043707 AssetAttributesManager.cpp:117] Asset attributes (coneWireframe : coneWireframe_segments_32_halfLen_1.25) created and registered.
I0919 15:17:11.989092 2043707 AssetAttributesManager.cpp:117] Asset attributes (cubeSolid : cubeSolid) created and registered.
I0919 15:17:11.989099 2043707 AssetAttributesManager.cpp:117] Asset attributes (cubeWireframe : cubeWireframe) created and registered.
I0919 15:17:11.989118 2043707 AssetAttributesManager.cpp:117] Asset attributes (cylinderSolid : cylinderSolid_rings_1_segments_12_halfLen_1_useTexCoords_false_useTangents_false_capEnds_true) created and registered.
I0919 15:17:11.989135 2043707 AssetAttributesManager.cpp:117] Asset attributes (cylinderWireframe : cylinderWireframe_rings_1_segments_32_halfLen_1) created and registered.
I0919 15:17:11.989144 2043707 AssetAttributesManager.cpp:117] Asset attributes (icosphereSolid : icosphereSolid_subdivs_1) created and registered.
I0919 15:17:11.989153 2043707 AssetAttributesManager.cpp:117] Asset attributes (icosphereWireframe : icosphereWireframe_subdivs_1) created and registered.
I0919 15:17:11.989166 2043707 AssetAttributesManager.cpp:117] Asset attributes (uvSphereSolid : uvSphereSolid_rings_8_segments_16_useTexCoords_false_useTangents_false) created and registered.
I0919 15:17:11.989177 2043707 AssetAttributesManager.cpp:117] Asset attributes (uvSphereWireframe : uvSphereWireframe_rings_16_segments_32) created and registered.
I0919 15:17:11.989183 2043707 AssetAttributesManager.cpp:105] AssetAttributesManager::buildCtorFuncPtrMaps : Built default primitive asset templates : 12
I0919 15:17:11.989575 2043707 SceneDatasetAttributesManager.cpp:23] File (default) not found, so new default dataset attributes created and registered.
I0919 15:17:11.989578 2043707 MetadataMediator.cpp:47] MetadataMediator::createDataset : Dataset default successfully created.
I0919 15:17:11.989763 2043707 AttributesManagerBase.h:283] AttributesManager<T>::createFromJsonOrDefaultInternal  (Physics Manager) : Proposing JSON name : ./data/default.physics_config.json from original name : ./data/default.physics_config.json | This file  does not exist.
I0919 15:17:11.989773 2043707 PhysicsAttributesManager.cpp:27] File (./data/default.physics_config.json) not found, so new default physics manager attributes created and registered.
I0919 15:17:11.989776 2043707 AbstractObjectAttributesManagerBase.h:175] AbstractObjectAttributesManager<T>::createObject  (Stage) : Making attributes with handle : /mnt/data_nas/deeprobotics/daiyang/vla/third_party/ETP-R1/data/scene_datasets/mp3d/82sE5b5pLXE/82sE5b5pLXE.glb
I0919 15:17:11.989780 2043707 ManagedContainerBase.cpp:19] ManagedContainerBase::convertFilenameToJSON : Filename : /mnt/data_nas/deeprobotics/daiyang/vla/third_party/ETP-R1/data/scene_datasets/mp3d/82sE5b5pLXE/82sE5b5pLXE.glb changed to proposed JSON configuration filename : /mnt/data_nas/deeprobotics/daiyang/vla/third_party/ETP-R1/data/scene_datasets/mp3d/82sE5b5pLXE/82sE5b5pLXE.stage_config.json
I0919 15:17:11.989791 2043707 AttributesManagerBase.h:283] AttributesManager<T>::createFromJsonOrDefaultInternal  (Stage) : Proposing JSON name : /mnt/data_nas/deeprobotics/daiyang/vla/third_party/ETP-R1/data/scene_datasets/mp3d/82sE5b5pLXE/82sE5b5pLXE.stage_config.json from original name : /mnt/data_nas/deeprobotics/daiyang/vla/third_party/ETP-R1/data/scene_datasets/mp3d/82sE5b5pLXE/82sE5b5pLXE.glb | This file  does not exist.
I0919 15:17:11.989841 2043707 AbstractObjectAttributesManagerBase.h:181] AbstractObjectAttributesManager<T>::createObject  (Stage) : Done making attributes with handle : /mnt/data_nas/deeprobotics/daiyang/vla/third_party/ETP-R1/data/scene_datasets/mp3d/82sE5b5pLXE/82sE5b5pLXE.glb
I0919 15:17:11.989843 2043707 AbstractObjectAttributesManagerBase.h:188] File (/mnt/data_nas/deeprobotics/daiyang/vla/third_party/ETP-R1/data/scene_datasets/mp3d/82sE5b5pLXE/82sE5b5pLXE.glb) exists but is not a recognized config filename extension, so new default Stage attributes created and registered.
I0919 15:17:11.989847 2043707 Simulator.cpp:156] Loading navmesh from /mnt/data_nas/deeprobotics/daiyang/vla/third_party/ETP-R1/data/scene_datasets/mp3d/82sE5b5pLXE/82sE5b5pLXE.navmesh
I0919 15:17:11.990957 2043707 Simulator.cpp:158] Loaded.
I0919 15:17:11.990964 2043707 SceneGraph.h:93] Created DrawableGroup: 
Renderer: NVIDIA GeForce RTX 5090/PCIe/SSE2 by NVIDIA Corporation
OpenGL version: 4.6.0 NVIDIA 580.126.09
Using optional features:
    GL_ARB_ES2_compatibility
    GL_ARB_direct_state_access
    GL_ARB_get_texture_sub_image
    GL_ARB_invalidate_subdata
    GL_ARB_multi_bind
    GL_ARB_robustness
    GL_ARB_separate_shader_objects
    GL_ARB_texture_filter_anisotropic
    GL_ARB_texture_storage
    GL_ARB_texture_storage_multisample
    GL_ARB_vertex_array_object
    GL_KHR_debug
Using driver workarounds:
    no-forward-compatible-core-context
    nv-egl-incorrect-gl11-function-pointers
    no-layout-qualifiers-on-old-glsl
    nv-zero-context-profile-mask
    nv-implementation-color-read-format-dsa-broken
    nv-cubemap-inconsistent-compressed-image-size
    nv-cubemap-broken-full-compressed-image-query
    nv-compressed-block-size-in-bits
I0919 15:17:11.994485 2043707 ResourceManager.cpp:234] ResourceManager::loadStage : Not loading semantic mesh
I0919 15:17:11.994494 2043707 ResourceManager.cpp:262] ResourceManager::loadStage : start load render asset /mnt/data_nas/deeprobotics/daiyang/vla/third_party/ETP-R1/data/scene_datasets/mp3d/82sE5b5pLXE/82sE5b5pLXE.glb.
I0919 15:17:11.994496 2043707 ResourceManager.cpp:569] ResourceManager::loadStageInternal : Attempting to load stage /mnt/data_nas/deeprobotics/daiyang/vla/third_party/ETP-R1/data/scene_datasets/mp3d/82sE5b5pLXE/82sE5b5pLXE.glb 
I0919 15:17:11.994511 2043707 ResourceManager.cpp:1119] Importing Basis files as BC7 for 82sE5b5pLXE.glb
W0919 15:17:14.046381 2043707 Simulator.cpp:248] :
---
 The active scene does not contain semantic annotations. 
---
I0919 15:17:14.083580 2043707 simulator.py:213] Loaded navmesh /mnt/data_nas/deeprobotics/daiyang/vla/third_party/ETP-R1/data/scene_datasets/mp3d/82sE5b5pLXE/82sE5b5pLXE.navmesh
I0919 15:18:03.337837 2043707 PhysicsManager.cpp:33] Deconstructing PhysicsManager
I0919 15:18:03.337873 2043707 SemanticScene.h:41] Deconstructing SemanticScene
I0919 15:18:03.339473 2043707 SceneManager.h:25] Deconstructing SceneManager
I0919 15:18:03.339483 2043707 SceneGraph.h:26] Deconstructing SceneGraph
I0919 15:18:03.339798 2043707 Sensor.h:87] Deconstructing Sensor
I0919 15:18:03.342592 2043707 Renderer.cpp:34] Deconstructing Renderer
I0919 15:18:03.342614 2043707 WindowlessContext.h:17] Deconstructing WindowlessContext
I0919 15:18:03.348945 2043707 ManagedContainerBase.cpp:19] ManagedContainerBase::convertFilenameToJSON : Filename : default changed to proposed JSON configuration filename : default.scene_dataset_config.json
I0919 15:18:03.348963 2043707 AttributesManagerBase.h:283] AttributesManager<T>::createFromJsonOrDefaultInternal  (Dataset) : Proposing JSON name : default.scene_dataset_config.json from original name : default | This file  does not exist.
I0919 15:18:03.349196 2043707 AssetAttributesManager.cpp:117] Asset attributes (capsule3DSolid : capsule3DSolid_hemiRings_4_cylRings_1_segments_12_halfLen_0.75_useTexCoords_false_useTangents_false) created and registered.
I0919 15:18:03.349252 2043707 AssetAttributesManager.cpp:117] Asset attributes (capsule3DWireframe : capsule3DWireframe_hemiRings_8_cylRings_1_segments_16_halfLen_1) created and registered.
I0919 15:18:03.349288 2043707 AssetAttributesManager.cpp:117] Asset attributes (coneSolid : coneSolid_segments_12_halfLen_1.25_rings_1_useTexCoords_false_useTangents_false_capEnd_true) created and registered.
I0919 15:18:03.349303 2043707 AssetAttributesManager.cpp:117] Asset attributes (coneWireframe : coneWireframe_segments_32_halfLen_1.25) created and registered.
I0919 15:18:03.349311 2043707 AssetAttributesManager.cpp:117] Asset attributes (cubeSolid : cubeSolid) created and registered.
I0919 15:18:03.349318 2043707 AssetAttributesManager.cpp:117] Asset attributes (cubeWireframe : cubeWireframe) created and registered.
I0919 15:18:03.349339 2043707 AssetAttributesManager.cpp:117] Asset attributes (cylinderSolid : cylinderSolid_rings_1_segments_12_halfLen_1_useTexCoords_false_useTangents_false_capEnds_true) created and registered.
I0919 15:18:03.349355 2043707 AssetAttributesManager.cpp:117] Asset attributes (cylinderWireframe : cylinderWireframe_rings_1_segments_32_halfLen_1) created and registered.
I0919 15:18:03.349365 2043707 AssetAttributesManager.cpp:117] Asset attributes (icosphereSolid : icosphereSolid_subdivs_1) created and registered.
I0919 15:18:03.349375 2043707 AssetAttributesManager.cpp:117] Asset attributes (icosphereWireframe : icosphereWireframe_subdivs_1) created and registered.
I0919 15:18:03.349388 2043707 AssetAttributesManager.cpp:117] Asset attributes (uvSphereSolid : uvSphereSolid_rings_8_segments_16_useTexCoords_false_useTangents_false) created and registered.
I0919 15:18:03.349400 2043707 AssetAttributesManager.cpp:117] Asset attributes (uvSphereWireframe : uvSphereWireframe_rings_16_segments_32) created and registered.
I0919 15:18:03.349407 2043707 AssetAttributesManager.cpp:105] AssetAttributesManager::buildCtorFuncPtrMaps : Built default primitive asset templates : 12
I0919 15:18:03.349803 2043707 SceneDatasetAttributesManager.cpp:23] File (default) not found, so new default dataset attributes created and registered.
I0919 15:18:03.349805 2043707 MetadataMediator.cpp:47] MetadataMediator::createDataset : Dataset default successfully created.
I0919 15:18:03.349998 2043707 AttributesManagerBase.h:283] AttributesManager<T>::createFromJsonOrDefaultInternal  (Physics Manager) : Proposing JSON name : ./data/default.physics_config.json from original name : ./data/default.physics_config.json | This file  does not exist.
I0919 15:18:03.350009 2043707 PhysicsAttributesManager.cpp:27] File (./data/default.physics_config.json) not found, so new default physics manager attributes created and registered.
I0919 15:18:03.350013 2043707 AbstractObjectAttributesManagerBase.h:175] AbstractObjectAttributesManager<T>::createObject  (Stage) : Making attributes with handle : /mnt/data_nas/deeprobotics/daiyang/vla/third_party/ETP-R1/data/scene_datasets/mp3d/B6ByNegPMKs/B6ByNegPMKs.glb
I0919 15:18:03.350018 2043707 ManagedContainerBase.cpp:19] ManagedContainerBase::convertFilenameToJSON : Filename : /mnt/data_nas/deeprobotics/daiyang/vla/third_party/ETP-R1/data/scene_datasets/mp3d/B6ByNegPMKs/B6ByNegPMKs.glb changed to proposed JSON configuration filename : /mnt/data_nas/deeprobotics/daiyang/vla/third_party/ETP-R1/data/scene_datasets/mp3d/B6ByNegPMKs/B6ByNegPMKs.stage_config.json
I0919 15:18:03.350028 2043707 AttributesManagerBase.h:283] AttributesManager<T>::createFromJsonOrDefaultInternal  (Stage) : Proposing JSON name : /mnt/data_nas/deeprobotics/daiyang/vla/third_party/ETP-R1/data/scene_datasets/mp3d/B6ByNegPMKs/B6ByNegPMKs.stage_config.json from original name : /mnt/data_nas/deeprobotics/daiyang/vla/third_party/ETP-R1/data/scene_datasets/mp3d/B6ByNegPMKs/B6ByNegPMKs.glb | This file  does not exist.
I0919 15:18:03.350077 2043707 AbstractObjectAttributesManagerBase.h:181] AbstractObjectAttributesManager<T>::createObject  (Stage) : Done making attributes with handle : /mnt/data_nas/deeprobotics/daiyang/vla/third_party/ETP-R1/data/scene_datasets/mp3d/B6ByNegPMKs/B6ByNegPMKs.glb
I0919 15:18:03.350082 2043707 AbstractObjectAttributesManagerBase.h:188] File (/mnt/data_nas/deeprobotics/daiyang/vla/third_party/ETP-R1/data/scene_datasets/mp3d/B6ByNegPMKs/B6ByNegPMKs.glb) exists but is not a recognized config filename extension, so new default Stage attributes created and registered.
I0919 15:18:03.350087 2043707 Simulator.cpp:156] Loading navmesh from /mnt/data_nas/deeprobotics/daiyang/vla/third_party/ETP-R1/data/scene_datasets/mp3d/B6ByNegPMKs/B6ByNegPMKs.navmesh
I0919 15:18:03.351215 2043707 Simulator.cpp:158] Loaded.
I0919 15:18:03.351224 2043707 SceneGraph.h:93] Created DrawableGroup: 
Renderer: NVIDIA GeForce RTX 5090/PCIe/SSE2 by NVIDIA Corporation
OpenGL version: 4.6.0 NVIDIA 580.126.09
Using optional features:
    GL_ARB_ES2_compatibility
    GL_ARB_direct_state_access
    GL_ARB_get_texture_sub_image
    GL_ARB_invalidate_subdata
    GL_ARB_multi_bind
    GL_ARB_robustness
    GL_ARB_separate_shader_objects
    GL_ARB_texture_filter_anisotropic
    GL_ARB_texture_storage
    GL_ARB_texture_storage_multisample
    GL_ARB_vertex_array_object
    GL_KHR_debug
Using driver workarounds:
    no-forward-compatible-core-context
    nv-egl-incorrect-gl11-function-pointers
    no-layout-qualifiers-on-old-glsl
    nv-zero-context-profile-mask
    nv-implementation-color-read-format-dsa-broken
    nv-cubemap-inconsistent-compressed-image-size
    nv-cubemap-broken-full-compressed-image-query
    nv-compressed-block-size-in-bits
I0919 15:18:03.354934 2043707 ResourceManager.cpp:234] ResourceManager::loadStage : Not loading semantic mesh
I0919 15:18:03.354943 2043707 ResourceManager.cpp:262] ResourceManager::loadStage : start load render asset /mnt/data_nas/deeprobotics/daiyang/vla/third_party/ETP-R1/data/scene_datasets/mp3d/B6ByNegPMKs/B6ByNegPMKs.glb.
I0919 15:18:03.354946 2043707 ResourceManager.cpp:569] ResourceManager::loadStageInternal : Attempting to load stage /mnt/data_nas/deeprobotics/daiyang/vla/third_party/ETP-R1/data/scene_datasets/mp3d/B6ByNegPMKs/B6ByNegPMKs.glb 
I0919 15:18:03.354962 2043707 ResourceManager.cpp:1119] Importing Basis files as BC7 for B6ByNegPMKs.glb
W0919 15:18:12.889132 2043707 Simulator.cpp:248] :
---
 The active scene does not contain semantic annotations. 
---
I0919 15:18:13.083454 2043707 simulator.py:213] Loaded navmesh /mnt/data_nas/deeprobotics/daiyang/vla/third_party/ETP-R1/data/scene_datasets/mp3d/B6ByNegPMKs/B6ByNegPMKs.navmesh
I0919 15:19:14.396514 2043707 PhysicsManager.cpp:33] Deconstructing PhysicsManager
I0919 15:19:14.396549 2043707 SemanticScene.h:41] Deconstructing SemanticScene
I0919 15:19:14.411908 2043707 SceneManager.h:25] Deconstructing SceneManager
I0919 15:19:14.411926 2043707 SceneGraph.h:26] Deconstructing SceneGraph
I0919 15:19:14.412412 2043707 Sensor.h:87] Deconstructing Sensor
I0919 15:19:14.424688 2043707 Renderer.cpp:34] Deconstructing Renderer
I0919 15:19:14.424716 2043707 WindowlessContext.h:17] Deconstructing WindowlessContext
I0919 15:19:14.433106 2043707 ManagedContainerBase.cpp:19] ManagedContainerBase::convertFilenameToJSON : Filename : default changed to proposed JSON configuration filename : default.scene_dataset_config.json
I0919 15:19:14.433123 2043707 AttributesManagerBase.h:283] AttributesManager<T>::createFromJsonOrDefaultInternal  (Dataset) : Proposing JSON name : default.scene_dataset_config.json from original name : default | This file  does not exist.
I0919 15:19:14.433396 2043707 AssetAttributesManager.cpp:117] Asset attributes (capsule3DSolid : capsule3DSolid_hemiRings_4_cylRings_1_segments_12_halfLen_0.75_useTexCoords_false_useTangents_false) created and registered.
I0919 15:19:14.433423 2043707 AssetAttributesManager.cpp:117] Asset attributes (capsule3DWireframe : capsule3DWireframe_hemiRings_8_cylRings_1_segments_16_halfLen_1) created and registered.
I0919 15:19:14.433449 2043707 AssetAttributesManager.cpp:117] Asset attributes (coneSolid : coneSolid_segments_12_halfLen_1.25_rings_1_useTexCoords_false_useTangents_false_capEnd_true) created and registered.
I0919 15:19:14.433462 2043707 AssetAttributesManager.cpp:117] Asset attributes (coneWireframe : coneWireframe_segments_32_halfLen_1.25) created and registered.
I0919 15:19:14.433480 2043707 AssetAttributesManager.cpp:117] Asset attributes (cubeSolid : cubeSolid) created and registered.
I0919 15:19:14.433488 2043707 AssetAttributesManager.cpp:117] Asset attributes (cubeWireframe : cubeWireframe) created and registered.
I0919 15:19:14.433508 2043707 AssetAttributesManager.cpp:117] Asset attributes (cylinderSolid : cylinderSolid_rings_1_segments_12_halfLen_1_useTexCoords_false_useTangents_false_capEnds_true) created and registered.
I0919 15:19:14.433524 2043707 AssetAttributesManager.cpp:117] Asset attributes (cylinderWireframe : cylinderWireframe_rings_1_segments_32_halfLen_1) created and registered.
I0919 15:19:14.433534 2043707 AssetAttributesManager.cpp:117] Asset attributes (icosphereSolid : icosphereSolid_subdivs_1) created and registered.
I0919 15:19:14.433543 2043707 AssetAttributesManager.cpp:117] Asset attributes (icosphereWireframe : icosphereWireframe_subdivs_1) created and registered.
I0919 15:19:14.433557 2043707 AssetAttributesManager.cpp:117] Asset attributes (uvSphereSolid : uvSphereSolid_rings_8_segments_16_useTexCoords_false_useTangents_false) created and registered.
I0919 15:19:14.433570 2043707 AssetAttributesManager.cpp:117] Asset attributes (uvSphereWireframe : uvSphereWireframe_rings_16_segments_32) created and registered.
I0919 15:19:14.433578 2043707 AssetAttributesManager.cpp:105] AssetAttributesManager::buildCtorFuncPtrMaps : Built default primitive asset templates : 12
I0919 15:19:14.433982 2043707 SceneDatasetAttributesManager.cpp:23] File (default) not found, so new default dataset attributes created and registered.
I0919 15:19:14.433984 2043707 MetadataMediator.cpp:47] MetadataMediator::createDataset : Dataset default successfully created.
I0919 15:19:14.435731 2043707 AttributesManagerBase.h:283] AttributesManager<T>::createFromJsonOrDefaultInternal  (Physics Manager) : Proposing JSON name : ./data/default.physics_config.json from original name : ./data/default.physics_config.json | This file  does not exist.
I0919 15:19:14.435745 2043707 PhysicsAttributesManager.cpp:27] File (./data/default.physics_config.json) not found, so new default physics manager attributes created and registered.
I0919 15:19:14.435748 2043707 AbstractObjectAttributesManagerBase.h:175] AbstractObjectAttributesManager<T>::createObject  (Stage) : Making attributes with handle : /mnt/data_nas/deeprobotics/daiyang/vla/third_party/ETP-R1/data/scene_datasets/mp3d/aayBHfsNo7d/aayBHfsNo7d.glb
I0919 15:19:14.435752 2043707 ManagedContainerBase.cpp:19] ManagedContainerBase::convertFilenameToJSON : Filename : /mnt/data_nas/deeprobotics/daiyang/vla/third_party/ETP-R1/data/scene_datasets/mp3d/aayBHfsNo7d/aayBHfsNo7d.glb changed to proposed JSON configuration filename : /mnt/data_nas/deeprobotics/daiyang/vla/third_party/ETP-R1/data/scene_datasets/mp3d/aayBHfsNo7d/aayBHfsNo7d.stage_config.json
I0919 15:19:14.438711 2043707 AttributesManagerBase.h:283] AttributesManager<T>::createFromJsonOrDefaultInternal  (Stage) : Proposing JSON name : /mnt/data_nas/deeprobotics/daiyang/vla/third_party/ETP-R1/data/scene_datasets/mp3d/aayBHfsNo7d/aayBHfsNo7d.stage_config.json from original name : /mnt/data_nas/deeprobotics/daiyang/vla/third_party/ETP-R1/data/scene_datasets/mp3d/aayBHfsNo7d/aayBHfsNo7d.glb | This file  does not exist.
I0919 15:19:14.438763 2043707 AbstractObjectAttributesManagerBase.h:181] AbstractObjectAttributesManager<T>::createObject  (Stage) : Done making attributes with handle : /mnt/data_nas/deeprobotics/daiyang/vla/third_party/ETP-R1/data/scene_datasets/mp3d/aayBHfsNo7d/aayBHfsNo7d.glb
I0919 15:19:14.438766 2043707 AbstractObjectAttributesManagerBase.h:188] File (/mnt/data_nas/deeprobotics/daiyang/vla/third_party/ETP-R1/data/scene_datasets/mp3d/aayBHfsNo7d/aayBHfsNo7d.glb) exists but is not a recognized config filename extension, so new default Stage attributes created and registered.
I0919 15:19:14.438771 2043707 Simulator.cpp:156] Loading navmesh from /mnt/data_nas/deeprobotics/daiyang/vla/third_party/ETP-R1/data/scene_datasets/mp3d/aayBHfsNo7d/aayBHfsNo7d.navmesh
I0919 15:19:14.440413 2043707 Simulator.cpp:158] Loaded.
I0919 15:19:14.440420 2043707 SceneGraph.h:93] Created DrawableGroup: 
Renderer: NVIDIA GeForce RTX 5090/PCIe/SSE2 by NVIDIA Corporation
OpenGL version: 4.6.0 NVIDIA 580.126.09
Using optional features:
    GL_ARB_ES2_compatibility
    GL_ARB_direct_state_access
    GL_ARB_get_texture_sub_image
    GL_ARB_invalidate_subdata
    GL_ARB_multi_bind
    GL_ARB_robustness
    GL_ARB_separate_shader_objects
    GL_ARB_texture_filter_anisotropic
    GL_ARB_texture_storage
    GL_ARB_texture_storage_multisample
    GL_ARB_vertex_array_object
    GL_KHR_debug
Using driver workarounds:
    no-forward-compatible-core-context
    nv-egl-incorrect-gl11-function-pointers
    no-layout-qualifiers-on-old-glsl
    nv-zero-context-profile-mask
    nv-implementation-color-read-format-dsa-broken
    nv-cubemap-inconsistent-compressed-image-size
    nv-cubemap-broken-full-compressed-image-query
    nv-compressed-block-size-in-bits
I0919 15:19:14.444175 2043707 ResourceManager.cpp:234] ResourceManager::loadStage : Not loading semantic mesh
I0919 15:19:14.444182 2043707 ResourceManager.cpp:262] ResourceManager::loadStage : start load render asset /mnt/data_nas/deeprobotics/daiyang/vla/third_party/ETP-R1/data/scene_datasets/mp3d/aayBHfsNo7d/aayBHfsNo7d.glb.
I0919 15:19:14.444185 2043707 ResourceManager.cpp:569] ResourceManager::loadStageInternal : Attempting to load stage /mnt/data_nas/deeprobotics/daiyang/vla/third_party/ETP-R1/data/scene_datasets/mp3d/aayBHfsNo7d/aayBHfsNo7d.glb 
I0919 15:19:14.444200 2043707 ResourceManager.cpp:1119] Importing Basis files as BC7 for aayBHfsNo7d.glb
W0919 15:19:16.014667 2043707 Simulator.cpp:248] :
---
 The active scene does not contain semantic annotations. 
---
I0919 15:19:16.056455 2043707 simulator.py:213] Loaded navmesh /mnt/data_nas/deeprobotics/daiyang/vla/third_party/ETP-R1/data/scene_datasets/mp3d/aayBHfsNo7d/aayBHfsNo7d.navmesh
I0919 15:23:13.060935 2043707 PhysicsManager.cpp:33] Deconstructing PhysicsManager
I0919 15:23:13.060993 2043707 SemanticScene.h:41] Deconstructing SemanticScene
I0919 15:23:13.064402 2043707 SceneManager.h:25] Deconstructing SceneManager
I0919 15:23:13.064410 2043707 SceneGraph.h:26] Deconstructing SceneGraph
I0919 15:23:13.064723 2043707 Sensor.h:87] Deconstructing Sensor
I0919 15:23:13.067862 2043707 Renderer.cpp:34] Deconstructing Renderer
I0919 15:23:13.067886 2043707 WindowlessContext.h:17] Deconstructing WindowlessContext
I0919 15:23:13.073668 2043707 ManagedContainerBase.cpp:19] ManagedContainerBase::convertFilenameToJSON : Filename : default changed to proposed JSON configuration filename : default.scene_dataset_config.json
I0919 15:23:13.073683 2043707 AttributesManagerBase.h:283] AttributesManager<T>::createFromJsonOrDefaultInternal  (Dataset) : Proposing JSON name : default.scene_dataset_config.json from original name : default | This file  does not exist.
I0919 15:23:13.074002 2043707 AssetAttributesManager.cpp:117] Asset attributes (capsule3DSolid : capsule3DSolid_hemiRings_4_cylRings_1_segments_12_halfLen_0.75_useTexCoords_false_useTangents_false) created and registered.
I0919 15:23:13.074029 2043707 AssetAttributesManager.cpp:117] Asset attributes (capsule3DWireframe : capsule3DWireframe_hemiRings_8_cylRings_1_segments_16_halfLen_1) created and registered.
I0919 15:23:13.074052 2043707 AssetAttributesManager.cpp:117] Asset attributes (coneSolid : coneSolid_segments_12_halfLen_1.25_rings_1_useTexCoords_false_useTangents_false_capEnd_true) created and registered.
I0919 15:23:13.074066 2043707 AssetAttributesManager.cpp:117] Asset attributes (coneWireframe : coneWireframe_segments_32_halfLen_1.25) created and registered.
I0919 15:23:13.074077 2043707 AssetAttributesManager.cpp:117] Asset attributes (cubeSolid : cubeSolid) created and registered.
I0919 15:23:13.074085 2043707 AssetAttributesManager.cpp:117] Asset attributes (cubeWireframe : cubeWireframe) created and registered.
I0919 15:23:13.074126 2043707 AssetAttributesManager.cpp:117] Asset attributes (cylinderSolid : cylinderSolid_rings_1_segments_12_halfLen_1_useTexCoords_false_useTangents_false_capEnds_true) created and registered.
I0919 15:23:13.074153 2043707 AssetAttributesManager.cpp:117] Asset attributes (cylinderWireframe : cylinderWireframe_rings_1_segments_32_halfLen_1) created and registered.
I0919 15:23:13.074167 2043707 AssetAttributesManager.cpp:117] Asset attributes (icosphereSolid : icosphereSolid_subdivs_1) created and registered.
I0919 15:23:13.074180 2043707 AssetAttributesManager.cpp:117] Asset attributes (icosphereWireframe : icosphereWireframe_subdivs_1) created and registered.
I0919 15:23:13.074200 2043707 AssetAttributesManager.cpp:117] Asset attributes (uvSphereSolid : uvSphereSolid_rings_8_segments_16_useTexCoords_false_useTangents_false) created and registered.
I0919 15:23:13.074219 2043707 AssetAttributesManager.cpp:117] Asset attributes (uvSphereWireframe : uvSphereWireframe_rings_16_segments_32) created and registered.
I0919 15:23:13.074229 2043707 AssetAttributesManager.cpp:105] AssetAttributesManager::buildCtorFuncPtrMaps : Built default primitive asset templates : 12
I0919 15:23:13.074685 2043707 SceneDatasetAttributesManager.cpp:23] File (default) not found, so new default dataset attributes created and registered.
I0919 15:23:13.074688 2043707 MetadataMediator.cpp:47] MetadataMediator::createDataset : Dataset default successfully created.
I0919 15:23:13.074919 2043707 AttributesManagerBase.h:283] AttributesManager<T>::createFromJsonOrDefaultInternal  (Physics Manager) : Proposing JSON name : ./data/default.physics_config.json from original name : ./data/default.physics_config.json | This file  does not exist.
I0919 15:23:13.074939 2043707 PhysicsAttributesManager.cpp:27] File (./data/default.physics_config.json) not found, so new default physics manager attributes created and registered.
I0919 15:23:13.074944 2043707 AbstractObjectAttributesManagerBase.h:175] AbstractObjectAttributesManager<T>::createObject  (Stage) : Making attributes with handle : /mnt/data_nas/deeprobotics/daiyang/vla/third_party/ETP-R1/data/scene_datasets/mp3d/82sE5b5pLXE/82sE5b5pLXE.glb
I0919 15:23:13.074950 2043707 ManagedContainerBase.cpp:19] ManagedContainerBase::convertFilenameToJSON : Filename : /mnt/data_nas/deeprobotics/daiyang/vla/third_party/ETP-R1/data/scene_datasets/mp3d/82sE5b5pLXE/82sE5b5pLXE.glb changed to proposed JSON configuration filename : /mnt/data_nas/deeprobotics/daiyang/vla/third_party/ETP-R1/data/scene_datasets/mp3d/82sE5b5pLXE/82sE5b5pLXE.stage_config.json
I0919 15:23:13.074967 2043707 AttributesManagerBase.h:283] AttributesManager<T>::createFromJsonOrDefaultInternal  (Stage) : Proposing JSON name : /mnt/data_nas/deeprobotics/daiyang/vla/third_party/ETP-R1/data/scene_datasets/mp3d/82sE5b5pLXE/82sE5b5pLXE.stage_config.json from original name : /mnt/data_nas/deeprobotics/daiyang/vla/third_party/ETP-R1/data/scene_datasets/mp3d/82sE5b5pLXE/82sE5b5pLXE.glb | This file  does not exist.
I0919 15:23:13.075042 2043707 AbstractObjectAttributesManagerBase.h:181] AbstractObjectAttributesManager<T>::createObject  (Stage) : Done making attributes with handle : /mnt/data_nas/deeprobotics/daiyang/vla/third_party/ETP-R1/data/scene_datasets/mp3d/82sE5b5pLXE/82sE5b5pLXE.glb
I0919 15:23:13.075044 2043707 AbstractObjectAttributesManagerBase.h:188] File (/mnt/data_nas/deeprobotics/daiyang/vla/third_party/ETP-R1/data/scene_datasets/mp3d/82sE5b5pLXE/82sE5b5pLXE.glb) exists but is not a recognized config filename extension, so new default Stage attributes created and registered.
I0919 15:23:13.075052 2043707 Simulator.cpp:156] Loading navmesh from /mnt/data_nas/deeprobotics/daiyang/vla/third_party/ETP-R1/data/scene_datasets/mp3d/82sE5b5pLXE/82sE5b5pLXE.navmesh
I0919 15:23:13.076152 2043707 Simulator.cpp:158] Loaded.
I0919 15:23:13.076174 2043707 SceneGraph.h:93] Created DrawableGroup: 
Renderer: NVIDIA GeForce RTX 5090/PCIe/SSE2 by NVIDIA Corporation
OpenGL version: 4.6.0 NVIDIA 580.126.09
Using optional features:
    GL_ARB_ES2_compatibility
    GL_ARB_direct_state_access
    GL_ARB_get_texture_sub_image
    GL_ARB_invalidate_subdata
    GL_ARB_multi_bind
    GL_ARB_robustness
    GL_ARB_separate_shader_objects
    GL_ARB_texture_filter_anisotropic
    GL_ARB_texture_storage
    GL_ARB_texture_storage_multisample
    GL_ARB_vertex_array_object
    GL_KHR_debug
Using driver workarounds:
    no-forward-compatible-core-context
    nv-egl-incorrect-gl11-function-pointers
    no-layout-qualifiers-on-old-glsl
    nv-zero-context-profile-mask
    nv-implementation-color-read-format-dsa-broken
    nv-cubemap-inconsistent-compressed-image-size
    nv-cubemap-broken-full-compressed-image-query
    nv-compressed-block-size-in-bits
I0919 15:23:13.080272 2043707 ResourceManager.cpp:234] ResourceManager::loadStage : Not loading semantic mesh
I0919 15:23:13.080281 2043707 ResourceManager.cpp:262] ResourceManager::loadStage : start load render asset /mnt/data_nas/deeprobotics/daiyang/vla/third_party/ETP-R1/data/scene_datasets/mp3d/82sE5b5pLXE/82sE5b5pLXE.glb.
I0919 15:23:13.080283 2043707 ResourceManager.cpp:569] ResourceManager::loadStageInternal : Attempting to load stage /mnt/data_nas/deeprobotics/daiyang/vla/third_party/ETP-R1/data/scene_datasets/mp3d/82sE5b5pLXE/82sE5b5pLXE.glb 
I0919 15:23:13.080300 2043707 ResourceManager.cpp:1119] Importing Basis files as BC7 for 82sE5b5pLXE.glb
W0919 15:23:15.186187 2043707 Simulator.cpp:248] :
---
 The active scene does not contain semantic annotations. 
---
I0919 15:23:15.222554 2043707 simulator.py:213] Loaded navmesh /mnt/data_nas/deeprobotics/daiyang/vla/third_party/ETP-R1/data/scene_datasets/mp3d/82sE5b5pLXE/82sE5b5pLXE.navmesh
I0919 15:25:46.467691 2043707 PhysicsManager.cpp:33] Deconstructing PhysicsManager
I0919 15:25:46.467746 2043707 SemanticScene.h:41] Deconstructing SemanticScene
I0919 15:25:46.469760 2043707 SceneManager.h:25] Deconstructing SceneManager
I0919 15:25:46.469769 2043707 SceneGraph.h:26] Deconstructing SceneGraph
I0919 15:25:46.470093 2043707 Sensor.h:87] Deconstructing Sensor
I0919 15:25:46.474038 2043707 Renderer.cpp:34] Deconstructing Renderer
I0919 15:25:46.474063 2043707 WindowlessContext.h:17] Deconstructing WindowlessContext
I0919 15:25:46.480566 2043707 ManagedContainerBase.cpp:19] ManagedContainerBase::convertFilenameToJSON : Filename : default changed to proposed JSON configuration filename : default.scene_dataset_config.json
I0919 15:25:46.480582 2043707 AttributesManagerBase.h:283] AttributesManager<T>::createFromJsonOrDefaultInternal  (Dataset) : Proposing JSON name : default.scene_dataset_config.json from original name : default | This file  does not exist.
I0919 15:25:46.480806 2043707 AssetAttributesManager.cpp:117] Asset attributes (capsule3DSolid : capsule3DSolid_hemiRings_4_cylRings_1_segments_12_halfLen_0.75_useTexCoords_false_useTangents_false) created and registered.
I0919 15:25:46.480834 2043707 AssetAttributesManager.cpp:117] Asset attributes (capsule3DWireframe : capsule3DWireframe_hemiRings_8_cylRings_1_segments_16_halfLen_1) created and registered.
I0919 15:25:46.480857 2043707 AssetAttributesManager.cpp:117] Asset attributes (coneSolid : coneSolid_segments_12_halfLen_1.25_rings_1_useTexCoords_false_useTangents_false_capEnd_true) created and registered.
I0919 15:25:46.480872 2043707 AssetAttributesManager.cpp:117] Asset attributes (coneWireframe : coneWireframe_segments_32_halfLen_1.25) created and registered.
I0919 15:25:46.480882 2043707 AssetAttributesManager.cpp:117] Asset attributes (cubeSolid : cubeSolid) created and registered.
I0919 15:25:46.480888 2043707 AssetAttributesManager.cpp:117] Asset attributes (cubeWireframe : cubeWireframe) created and registered.
I0919 15:25:46.480907 2043707 AssetAttributesManager.cpp:117] Asset attributes (cylinderSolid : cylinderSolid_rings_1_segments_12_halfLen_1_useTexCoords_false_useTangents_false_capEnds_true) created and registered.
I0919 15:25:46.480923 2043707 AssetAttributesManager.cpp:117] Asset attributes (cylinderWireframe : cylinderWireframe_rings_1_segments_32_halfLen_1) created and registered.
I0919 15:25:46.480933 2043707 AssetAttributesManager.cpp:117] Asset attributes (icosphereSolid : icosphereSolid_subdivs_1) created and registered.
I0919 15:25:46.480948 2043707 AssetAttributesManager.cpp:117] Asset attributes (icosphereWireframe : icosphereWireframe_subdivs_1) created and registered.
I0919 15:25:46.480962 2043707 AssetAttributesManager.cpp:117] Asset attributes (uvSphereSolid : uvSphereSolid_rings_8_segments_16_useTexCoords_false_useTangents_false) created and registered.
I0919 15:25:46.480974 2043707 AssetAttributesManager.cpp:117] Asset attributes (uvSphereWireframe : uvSphereWireframe_rings_16_segments_32) created and registered.
I0919 15:25:46.480981 2043707 AssetAttributesManager.cpp:105] AssetAttributesManager::buildCtorFuncPtrMaps : Built default primitive asset templates : 12
I0919 15:25:46.481383 2043707 SceneDatasetAttributesManager.cpp:23] File (default) not found, so new default dataset attributes created and registered.
I0919 15:25:46.481385 2043707 MetadataMediator.cpp:47] MetadataMediator::createDataset : Dataset default successfully created.
I0919 15:25:46.481583 2043707 AttributesManagerBase.h:283] AttributesManager<T>::createFromJsonOrDefaultInternal  (Physics Manager) : Proposing JSON name : ./data/default.physics_config.json from original name : ./data/default.physics_config.json | This file  does not exist.
I0919 15:25:46.481594 2043707 PhysicsAttributesManager.cpp:27] File (./data/default.physics_config.json) not found, so new default physics manager attributes created and registered.
I0919 15:25:46.481597 2043707 AbstractObjectAttributesManagerBase.h:175] AbstractObjectAttributesManager<T>::createObject  (Stage) : Making attributes with handle : /mnt/data_nas/deeprobotics/daiyang/vla/third_party/ETP-R1/data/scene_datasets/mp3d/B6ByNegPMKs/B6ByNegPMKs.glb
I0919 15:25:46.481601 2043707 ManagedContainerBase.cpp:19] ManagedContainerBase::convertFilenameToJSON : Filename : /mnt/data_nas/deeprobotics/daiyang/vla/third_party/ETP-R1/data/scene_datasets/mp3d/B6ByNegPMKs/B6ByNegPMKs.glb changed to proposed JSON configuration filename : /mnt/data_nas/deeprobotics/daiyang/vla/third_party/ETP-R1/data/scene_datasets/mp3d/B6ByNegPMKs/B6ByNegPMKs.stage_config.json
I0919 15:25:46.481611 2043707 AttributesManagerBase.h:283] AttributesManager<T>::createFromJsonOrDefaultInternal  (Stage) : Proposing JSON name : /mnt/data_nas/deeprobotics/daiyang/vla/third_party/ETP-R1/data/scene_datasets/mp3d/B6ByNegPMKs/B6ByNegPMKs.stage_config.json from original name : /mnt/data_nas/deeprobotics/daiyang/vla/third_party/ETP-R1/data/scene_datasets/mp3d/B6ByNegPMKs/B6ByNegPMKs.glb | This file  does not exist.
I0919 15:25:46.481657 2043707 AbstractObjectAttributesManagerBase.h:181] AbstractObjectAttributesManager<T>::createObject  (Stage) : Done making attributes with handle : /mnt/data_nas/deeprobotics/daiyang/vla/third_party/ETP-R1/data/scene_datasets/mp3d/B6ByNegPMKs/B6ByNegPMKs.glb
I0919 15:25:46.481658 2043707 AbstractObjectAttributesManagerBase.h:188] File (/mnt/data_nas/deeprobotics/daiyang/vla/third_party/ETP-R1/data/scene_datasets/mp3d/B6ByNegPMKs/B6ByNegPMKs.glb) exists but is not a recognized config filename extension, so new default Stage attributes created and registered.
I0919 15:25:46.481663 2043707 Simulator.cpp:156] Loading navmesh from /mnt/data_nas/deeprobotics/daiyang/vla/third_party/ETP-R1/data/scene_datasets/mp3d/B6ByNegPMKs/B6ByNegPMKs.navmesh
I0919 15:25:46.482975 2043707 Simulator.cpp:158] Loaded.
I0919 15:25:46.482982 2043707 SceneGraph.h:93] Created DrawableGroup: 
Renderer: NVIDIA GeForce RTX 5090/PCIe/SSE2 by NVIDIA Corporation
OpenGL version: 4.6.0 NVIDIA 580.126.09
Using optional features:
    GL_ARB_ES2_compatibility
    GL_ARB_direct_state_access
    GL_ARB_get_texture_sub_image
    GL_ARB_invalidate_subdata
    GL_ARB_multi_bind
    GL_ARB_robustness
    GL_ARB_separate_shader_objects
    GL_ARB_texture_filter_anisotropic
    GL_ARB_texture_storage
    GL_ARB_texture_storage_multisample
    GL_ARB_vertex_array_object
    GL_KHR_debug
Using driver workarounds:
    no-forward-compatible-core-context
    nv-egl-incorrect-gl11-function-pointers
    no-layout-qualifiers-on-old-glsl
    nv-zero-context-profile-mask
    nv-implementation-color-read-format-dsa-broken
    nv-cubemap-inconsistent-compressed-image-size
    nv-cubemap-broken-full-compressed-image-query
    nv-compressed-block-size-in-bits
I0919 15:25:46.486981 2043707 ResourceManager.cpp:234] ResourceManager::loadStage : Not loading semantic mesh
I0919 15:25:46.486989 2043707 ResourceManager.cpp:262] ResourceManager::loadStage : start load render asset /mnt/data_nas/deeprobotics/daiyang/vla/third_party/ETP-R1/data/scene_datasets/mp3d/B6ByNegPMKs/B6ByNegPMKs.glb.
I0919 15:25:46.486992 2043707 ResourceManager.cpp:569] ResourceManager::loadStageInternal : Attempting to load stage /mnt/data_nas/deeprobotics/daiyang/vla/third_party/ETP-R1/data/scene_datasets/mp3d/B6ByNegPMKs/B6ByNegPMKs.glb 
I0919 15:25:46.487008 2043707 ResourceManager.cpp:1119] Importing Basis files as BC7 for B6ByNegPMKs.glb
W0919 15:25:56.088460 2043707 Simulator.cpp:248] :
---
 The active scene does not contain semantic annotations. 
---
I0919 15:25:56.283752 2043707 simulator.py:213] Loaded navmesh /mnt/data_nas/deeprobotics/daiyang/vla/third_party/ETP-R1/data/scene_datasets/mp3d/B6ByNegPMKs/B6ByNegPMKs.navmesh
I0919 15:26:38.361583 2043707 PhysicsManager.cpp:33] Deconstructing PhysicsManager
I0919 15:26:38.361634 2043707 SemanticScene.h:41] Deconstructing SemanticScene
I0919 15:26:38.378204 2043707 SceneManager.h:25] Deconstructing SceneManager
I0919 15:26:38.378223 2043707 SceneGraph.h:26] Deconstructing SceneGraph
I0919 15:26:38.378836 2043707 Sensor.h:87] Deconstructing Sensor
I0919 15:26:38.392652 2043707 Renderer.cpp:34] Deconstructing Renderer
I0919 15:26:38.392684 2043707 WindowlessContext.h:17] Deconstructing WindowlessContext
I0919 15:26:38.423542 2043707 ManagedContainerBase.cpp:19] ManagedContainerBase::convertFilenameToJSON : Filename : default changed to proposed JSON configuration filename : default.scene_dataset_config.json
I0919 15:26:38.423571 2043707 AttributesManagerBase.h:283] AttributesManager<T>::createFromJsonOrDefaultInternal  (Dataset) : Proposing JSON name : default.scene_dataset_config.json from original name : default | This file  does not exist.
I0919 15:26:38.423784 2043707 AssetAttributesManager.cpp:117] Asset attributes (capsule3DSolid : capsule3DSolid_hemiRings_4_cylRings_1_segments_12_halfLen_0.75_useTexCoords_false_useTangents_false) created and registered.
I0919 15:26:38.423815 2043707 AssetAttributesManager.cpp:117] Asset attributes (capsule3DWireframe : capsule3DWireframe_hemiRings_8_cylRings_1_segments_16_halfLen_1) created and registered.
I0919 15:26:38.423840 2043707 AssetAttributesManager.cpp:117] Asset attributes (coneSolid : coneSolid_segments_12_halfLen_1.25_rings_1_useTexCoords_false_useTangents_false_capEnd_true) created and registered.
I0919 15:26:38.423856 2043707 AssetAttributesManager.cpp:117] Asset attributes (coneWireframe : coneWireframe_segments_32_halfLen_1.25) created and registered.
I0919 15:26:38.423864 2043707 AssetAttributesManager.cpp:117] Asset attributes (cubeSolid : cubeSolid) created and registered.
I0919 15:26:38.423871 2043707 AssetAttributesManager.cpp:117] Asset attributes (cubeWireframe : cubeWireframe) created and registered.
I0919 15:26:38.423892 2043707 AssetAttributesManager.cpp:117] Asset attributes (cylinderSolid : cylinderSolid_rings_1_segments_12_halfLen_1_useTexCoords_false_useTangents_false_capEnds_true) created and registered.
I0919 15:26:38.423908 2043707 AssetAttributesManager.cpp:117] Asset attributes (cylinderWireframe : cylinderWireframe_rings_1_segments_32_halfLen_1) created and registered.
I0919 15:26:38.423921 2043707 AssetAttributesManager.cpp:117] Asset attributes (icosphereSolid : icosphereSolid_subdivs_1) created and registered.
I0919 15:26:38.423931 2043707 AssetAttributesManager.cpp:117] Asset attributes (icosphereWireframe : icosphereWireframe_subdivs_1) created and registered.
I0919 15:26:38.423946 2043707 AssetAttributesManager.cpp:117] Asset attributes (uvSphereSolid : uvSphereSolid_rings_8_segments_16_useTexCoords_false_useTangents_false) created and registered.
I0919 15:26:38.423970 2043707 AssetAttributesManager.cpp:117] Asset attributes (uvSphereWireframe : uvSphereWireframe_rings_16_segments_32) created and registered.
I0919 15:26:38.423977 2043707 AssetAttributesManager.cpp:105] AssetAttributesManager::buildCtorFuncPtrMaps : Built default primitive asset templates : 12
I0919 15:26:38.424410 2043707 SceneDatasetAttributesManager.cpp:23] File (default) not found, so new default dataset attributes created and registered.
I0919 15:26:38.424413 2043707 MetadataMediator.cpp:47] MetadataMediator::createDataset : Dataset default successfully created.
I0919 15:26:38.424641 2043707 AttributesManagerBase.h:283] AttributesManager<T>::createFromJsonOrDefaultInternal  (Physics Manager) : Proposing JSON name : ./data/default.physics_config.json from original name : ./data/default.physics_config.json | This file  does not exist.
I0919 15:26:38.424654 2043707 PhysicsAttributesManager.cpp:27] File (./data/default.physics_config.json) not found, so new default physics manager attributes created and registered.
I0919 15:26:38.424656 2043707 AbstractObjectAttributesManagerBase.h:175] AbstractObjectAttributesManager<T>::createObject  (Stage) : Making attributes with handle : /mnt/data_nas/deeprobotics/daiyang/vla/third_party/ETP-R1/data/scene_datasets/mp3d/aayBHfsNo7d/aayBHfsNo7d.glb
I0919 15:26:38.424661 2043707 ManagedContainerBase.cpp:19] ManagedContainerBase::convertFilenameToJSON : Filename : /mnt/data_nas/deeprobotics/daiyang/vla/third_party/ETP-R1/data/scene_datasets/mp3d/aayBHfsNo7d/aayBHfsNo7d.glb changed to proposed JSON configuration filename : /mnt/data_nas/deeprobotics/daiyang/vla/third_party/ETP-R1/data/scene_datasets/mp3d/aayBHfsNo7d/aayBHfsNo7d.stage_config.json
I0919 15:26:38.424674 2043707 AttributesManagerBase.h:283] AttributesManager<T>::createFromJsonOrDefaultInternal  (Stage) : Proposing JSON name : /mnt/data_nas/deeprobotics/daiyang/vla/third_party/ETP-R1/data/scene_datasets/mp3d/aayBHfsNo7d/aayBHfsNo7d.stage_config.json from original name : /mnt/data_nas/deeprobotics/daiyang/vla/third_party/ETP-R1/data/scene_datasets/mp3d/aayBHfsNo7d/aayBHfsNo7d.glb | This file  does not exist.
I0919 15:26:38.424724 2043707 AbstractObjectAttributesManagerBase.h:181] AbstractObjectAttributesManager<T>::createObject  (Stage) : Done making attributes with handle : /mnt/data_nas/deeprobotics/daiyang/vla/third_party/ETP-R1/data/scene_datasets/mp3d/aayBHfsNo7d/aayBHfsNo7d.glb
I0919 15:26:38.424726 2043707 AbstractObjectAttributesManagerBase.h:188] File (/mnt/data_nas/deeprobotics/daiyang/vla/third_party/ETP-R1/data/scene_datasets/mp3d/aayBHfsNo7d/aayBHfsNo7d.glb) exists but is not a recognized config filename extension, so new default Stage attributes created and registered.
I0919 15:26:38.424731 2043707 Simulator.cpp:156] Loading navmesh from /mnt/data_nas/deeprobotics/daiyang/vla/third_party/ETP-R1/data/scene_datasets/mp3d/aayBHfsNo7d/aayBHfsNo7d.navmesh
I0919 15:26:38.425496 2043707 Simulator.cpp:158] Loaded.
I0919 15:26:38.425508 2043707 SceneGraph.h:93] Created DrawableGroup: 
Renderer: NVIDIA GeForce RTX 5090/PCIe/SSE2 by NVIDIA Corporation
OpenGL version: 4.6.0 NVIDIA 580.126.09
Using optional features:
    GL_ARB_ES2_compatibility
    GL_ARB_direct_state_access
    GL_ARB_get_texture_sub_image
    GL_ARB_invalidate_subdata
    GL_ARB_multi_bind
    GL_ARB_robustness
    GL_ARB_separate_shader_objects
    GL_ARB_texture_filter_anisotropic
    GL_ARB_texture_storage
    GL_ARB_texture_storage_multisample
    GL_ARB_vertex_array_object
    GL_KHR_debug
Using driver workarounds:
    no-forward-compatible-core-context
    nv-egl-incorrect-gl11-function-pointers
    no-layout-qualifiers-on-old-glsl
    nv-zero-context-profile-mask
    nv-implementation-color-read-format-dsa-broken
    nv-cubemap-inconsistent-compressed-image-size
    nv-cubemap-broken-full-compressed-image-query
    nv-compressed-block-size-in-bits
I0919 15:26:38.429442 2043707 ResourceManager.cpp:234] ResourceManager::loadStage : Not loading semantic mesh
I0919 15:26:38.429451 2043707 ResourceManager.cpp:262] ResourceManager::loadStage : start load render asset /mnt/data_nas/deeprobotics/daiyang/vla/third_party/ETP-R1/data/scene_datasets/mp3d/aayBHfsNo7d/aayBHfsNo7d.glb.
I0919 15:26:38.429457 2043707 ResourceManager.cpp:569] ResourceManager::loadStageInternal : Attempting to load stage /mnt/data_nas/deeprobotics/daiyang/vla/third_party/ETP-R1/data/scene_datasets/mp3d/aayBHfsNo7d/aayBHfsNo7d.glb 
I0919 15:26:38.429476 2043707 ResourceManager.cpp:1119] Importing Basis files as BC7 for aayBHfsNo7d.glb
W0919 15:26:39.991513 2043707 Simulator.cpp:248] :
---
 The active scene does not contain semantic annotations. 
---
I0919 15:26:40.037632 2043707 simulator.py:213] Loaded navmesh /mnt/data_nas/deeprobotics/daiyang/vla/third_party/ETP-R1/data/scene_datasets/mp3d/aayBHfsNo7d/aayBHfsNo7d.navmesh
I0919 15:27:15.217466 2043707 PhysicsManager.cpp:33] Deconstructing PhysicsManager
I0919 15:27:15.217504 2043707 SemanticScene.h:41] Deconstructing SemanticScene
I0919 15:27:15.220180 2043707 SceneManager.h:25] Deconstructing SceneManager
I0919 15:27:15.220188 2043707 SceneGraph.h:26] Deconstructing SceneGraph
I0919 15:27:15.220434 2043707 Sensor.h:87] Deconstructing Sensor
I0919 15:27:15.222834 2043707 Renderer.cpp:34] Deconstructing Renderer
I0919 15:27:15.222854 2043707 WindowlessContext.h:17] Deconstructing WindowlessContext
I0919 15:27:15.228819 2043707 ManagedContainerBase.cpp:19] ManagedContainerBase::convertFilenameToJSON : Filename : default changed to proposed JSON configuration filename : default.scene_dataset_config.json
I0919 15:27:15.228835 2043707 AttributesManagerBase.h:283] AttributesManager<T>::createFromJsonOrDefaultInternal  (Dataset) : Proposing JSON name : default.scene_dataset_config.json from original name : default | This file  does not exist.
I0919 15:27:15.229142 2043707 AssetAttributesManager.cpp:117] Asset attributes (capsule3DSolid : capsule3DSolid_hemiRings_4_cylRings_1_segments_12_halfLen_0.75_useTexCoords_false_useTangents_false) created and registered.
I0919 15:27:15.229171 2043707 AssetAttributesManager.cpp:117] Asset attributes (capsule3DWireframe : capsule3DWireframe_hemiRings_8_cylRings_1_segments_16_halfLen_1) created and registered.
I0919 15:27:15.229194 2043707 AssetAttributesManager.cpp:117] Asset attributes (coneSolid : coneSolid_segments_12_halfLen_1.25_rings_1_useTexCoords_false_useTangents_false_capEnd_true) created and registered.
I0919 15:27:15.229209 2043707 AssetAttributesManager.cpp:117] Asset attributes (coneWireframe : coneWireframe_segments_32_halfLen_1.25) created and registered.
I0919 15:27:15.229218 2043707 AssetAttributesManager.cpp:117] Asset attributes (cubeSolid : cubeSolid) created and registered.
I0919 15:27:15.229224 2043707 AssetAttributesManager.cpp:117] Asset attributes (cubeWireframe : cubeWireframe) created and registered.
I0919 15:27:15.229243 2043707 AssetAttributesManager.cpp:117] Asset attributes (cylinderSolid : cylinderSolid_rings_1_segments_12_halfLen_1_useTexCoords_false_useTangents_false_capEnds_true) created and registered.
I0919 15:27:15.229260 2043707 AssetAttributesManager.cpp:117] Asset attributes (cylinderWireframe : cylinderWireframe_rings_1_segments_32_halfLen_1) created and registered.
I0919 15:27:15.229277 2043707 AssetAttributesManager.cpp:117] Asset attributes (icosphereSolid : icosphereSolid_subdivs_1) created and registered.
I0919 15:27:15.229286 2043707 AssetAttributesManager.cpp:117] Asset attributes (icosphereWireframe : icosphereWireframe_subdivs_1) created and registered.
I0919 15:27:15.229300 2043707 AssetAttributesManager.cpp:117] Asset attributes (uvSphereSolid : uvSphereSolid_rings_8_segments_16_useTexCoords_false_useTangents_false) created and registered.
I0919 15:27:15.229313 2043707 AssetAttributesManager.cpp:117] Asset attributes (uvSphereWireframe : uvSphereWireframe_rings_16_segments_32) created and registered.
I0919 15:27:15.229319 2043707 AssetAttributesManager.cpp:105] AssetAttributesManager::buildCtorFuncPtrMaps : Built default primitive asset templates : 12
I0919 15:27:15.229714 2043707 SceneDatasetAttributesManager.cpp:23] File (default) not found, so new default dataset attributes created and registered.
I0919 15:27:15.229722 2043707 MetadataMediator.cpp:47] MetadataMediator::createDataset : Dataset default successfully created.
I0919 15:27:15.229913 2043707 AttributesManagerBase.h:283] AttributesManager<T>::createFromJsonOrDefaultInternal  (Physics Manager) : Proposing JSON name : ./data/default.physics_config.json from original name : ./data/default.physics_config.json | This file  does not exist.
I0919 15:27:15.229926 2043707 PhysicsAttributesManager.cpp:27] File (./data/default.physics_config.json) not found, so new default physics manager attributes created and registered.
I0919 15:27:15.229929 2043707 AbstractObjectAttributesManagerBase.h:175] AbstractObjectAttributesManager<T>::createObject  (Stage) : Making attributes with handle : /mnt/data_nas/deeprobotics/daiyang/vla/third_party/ETP-R1/data/scene_datasets/mp3d/82sE5b5pLXE/82sE5b5pLXE.glb
I0919 15:27:15.229933 2043707 ManagedContainerBase.cpp:19] ManagedContainerBase::convertFilenameToJSON : Filename : /mnt/data_nas/deeprobotics/daiyang/vla/third_party/ETP-R1/data/scene_datasets/mp3d/82sE5b5pLXE/82sE5b5pLXE.glb changed to proposed JSON configuration filename : /mnt/data_nas/deeprobotics/daiyang/vla/third_party/ETP-R1/data/scene_datasets/mp3d/82sE5b5pLXE/82sE5b5pLXE.stage_config.json
I0919 15:27:15.229943 2043707 AttributesManagerBase.h:283] AttributesManager<T>::createFromJsonOrDefaultInternal  (Stage) : Proposing JSON name : /mnt/data_nas/deeprobotics/daiyang/vla/third_party/ETP-R1/data/scene_datasets/mp3d/82sE5b5pLXE/82sE5b5pLXE.stage_config.json from original name : /mnt/data_nas/deeprobotics/daiyang/vla/third_party/ETP-R1/data/scene_datasets/mp3d/82sE5b5pLXE/82sE5b5pLXE.glb | This file  does not exist.
I0919 15:27:15.229988 2043707 AbstractObjectAttributesManagerBase.h:181] AbstractObjectAttributesManager<T>::createObject  (Stage) : Done making attributes with handle : /mnt/data_nas/deeprobotics/daiyang/vla/third_party/ETP-R1/data/scene_datasets/mp3d/82sE5b5pLXE/82sE5b5pLXE.glb
I0919 15:27:15.229990 2043707 AbstractObjectAttributesManagerBase.h:188] File (/mnt/data_nas/deeprobotics/daiyang/vla/third_party/ETP-R1/data/scene_datasets/mp3d/82sE5b5pLXE/82sE5b5pLXE.glb) exists but is not a recognized config filename extension, so new default Stage attributes created and registered.
I0919 15:27:15.229995 2043707 Simulator.cpp:156] Loading navmesh from /mnt/data_nas/deeprobotics/daiyang/vla/third_party/ETP-R1/data/scene_datasets/mp3d/82sE5b5pLXE/82sE5b5pLXE.navmesh
I0919 15:27:15.230966 2043707 Simulator.cpp:158] Loaded.
I0919 15:27:15.230978 2043707 SceneGraph.h:93] Created DrawableGroup: 
Renderer: NVIDIA GeForce RTX 5090/PCIe/SSE2 by NVIDIA Corporation
OpenGL version: 4.6.0 NVIDIA 580.126.09
Using optional features:
    GL_ARB_ES2_compatibility
    GL_ARB_direct_state_access
    GL_ARB_get_texture_sub_image
    GL_ARB_invalidate_subdata
    GL_ARB_multi_bind
    GL_ARB_robustness
    GL_ARB_separate_shader_objects
    GL_ARB_texture_filter_anisotropic
    GL_ARB_texture_storage
    GL_ARB_texture_storage_multisample
    GL_ARB_vertex_array_object
    GL_KHR_debug
Using driver workarounds:
    no-forward-compatible-core-context
    nv-egl-incorrect-gl11-function-pointers
    no-layout-qualifiers-on-old-glsl
    nv-zero-context-profile-mask
    nv-implementation-color-read-format-dsa-broken
    nv-cubemap-inconsistent-compressed-image-size
    nv-cubemap-broken-full-compressed-image-query
    nv-compressed-block-size-in-bits
I0919 15:27:15.234563 2043707 ResourceManager.cpp:234] ResourceManager::loadStage : Not loading semantic mesh
I0919 15:27:15.234571 2043707 ResourceManager.cpp:262] ResourceManager::loadStage : start load render asset /mnt/data_nas/deeprobotics/daiyang/vla/third_party/ETP-R1/data/scene_datasets/mp3d/82sE5b5pLXE/82sE5b5pLXE.glb.
I0919 15:27:15.234573 2043707 ResourceManager.cpp:569] ResourceManager::loadStageInternal : Attempting to load stage /mnt/data_nas/deeprobotics/daiyang/vla/third_party/ETP-R1/data/scene_datasets/mp3d/82sE5b5pLXE/82sE5b5pLXE.glb 
I0919 15:27:15.234591 2043707 ResourceManager.cpp:1119] Importing Basis files as BC7 for 82sE5b5pLXE.glb
W0919 15:27:17.239862 2043707 Simulator.cpp:248] :
---
 The active scene does not contain semantic annotations. 
---
I0919 15:27:17.276167 2043707 simulator.py:213] Loaded navmesh /mnt/data_nas/deeprobotics/daiyang/vla/third_party/ETP-R1/data/scene_datasets/mp3d/82sE5b5pLXE/82sE5b5pLXE.navmesh
I0919 15:28:27.077539 2043707 PhysicsManager.cpp:33] Deconstructing PhysicsManager
I0919 15:28:27.077577 2043707 SemanticScene.h:41] Deconstructing SemanticScene
I0919 15:28:27.079294 2043707 SceneManager.h:25] Deconstructing SceneManager
I0919 15:28:27.079303 2043707 SceneGraph.h:26] Deconstructing SceneGraph
I0919 15:28:27.079669 2043707 Sensor.h:87] Deconstructing Sensor
I0919 15:28:27.083035 2043707 Renderer.cpp:34] Deconstructing Renderer
I0919 15:28:27.083055 2043707 WindowlessContext.h:17] Deconstructing WindowlessContext
I0919 15:28:27.088127 2043707 ManagedContainerBase.cpp:19] ManagedContainerBase::convertFilenameToJSON : Filename : default changed to proposed JSON configuration filename : default.scene_dataset_config.json
I0919 15:28:27.088145 2043707 AttributesManagerBase.h:283] AttributesManager<T>::createFromJsonOrDefaultInternal  (Dataset) : Proposing JSON name : default.scene_dataset_config.json from original name : default | This file  does not exist.
I0919 15:28:27.088553 2043707 AssetAttributesManager.cpp:117] Asset attributes (capsule3DSolid : capsule3DSolid_hemiRings_4_cylRings_1_segments_12_halfLen_0.75_useTexCoords_false_useTangents_false) created and registered.
I0919 15:28:27.088580 2043707 AssetAttributesManager.cpp:117] Asset attributes (capsule3DWireframe : capsule3DWireframe_hemiRings_8_cylRings_1_segments_16_halfLen_1) created and registered.
I0919 15:28:27.088603 2043707 AssetAttributesManager.cpp:117] Asset attributes (coneSolid : coneSolid_segments_12_halfLen_1.25_rings_1_useTexCoords_false_useTangents_false_capEnd_true) created and registered.
I0919 15:28:27.088617 2043707 AssetAttributesManager.cpp:117] Asset attributes (coneWireframe : coneWireframe_segments_32_halfLen_1.25) created and registered.
I0919 15:28:27.088626 2043707 AssetAttributesManager.cpp:117] Asset attributes (cubeSolid : cubeSolid) created and registered.
I0919 15:28:27.088632 2043707 AssetAttributesManager.cpp:117] Asset attributes (cubeWireframe : cubeWireframe) created and registered.
I0919 15:28:27.088651 2043707 AssetAttributesManager.cpp:117] Asset attributes (cylinderSolid : cylinderSolid_rings_1_segments_12_halfLen_1_useTexCoords_false_useTangents_false_capEnds_true) created and registered.
I0919 15:28:27.088667 2043707 AssetAttributesManager.cpp:117] Asset attributes (cylinderWireframe : cylinderWireframe_rings_1_segments_32_halfLen_1) created and registered.
I0919 15:28:27.088677 2043707 AssetAttributesManager.cpp:117] Asset attributes (icosphereSolid : icosphereSolid_subdivs_1) created and registered.
I0919 15:28:27.088686 2043707 AssetAttributesManager.cpp:117] Asset attributes (icosphereWireframe : icosphereWireframe_subdivs_1) created and registered.
I0919 15:28:27.088699 2043707 AssetAttributesManager.cpp:117] Asset attributes (uvSphereSolid : uvSphereSolid_rings_8_segments_16_useTexCoords_false_useTangents_false) created and registered.
I0919 15:28:27.088712 2043707 AssetAttributesManager.cpp:117] Asset attributes (uvSphereWireframe : uvSphereWireframe_rings_16_segments_32) created and registered.
I0919 15:28:27.088719 2043707 AssetAttributesManager.cpp:105] AssetAttributesManager::buildCtorFuncPtrMaps : Built default primitive asset templates : 12
I0919 15:28:27.089113 2043707 SceneDatasetAttributesManager.cpp:23] File (default) not found, so new default dataset attributes created and registered.
I0919 15:28:27.089116 2043707 MetadataMediator.cpp:47] MetadataMediator::createDataset : Dataset default successfully created.
I0919 15:28:27.090695 2043707 AttributesManagerBase.h:283] AttributesManager<T>::createFromJsonOrDefaultInternal  (Physics Manager) : Proposing JSON name : ./data/default.physics_config.json from original name : ./data/default.physics_config.json | This file  does not exist.
I0919 15:28:27.090713 2043707 PhysicsAttributesManager.cpp:27] File (./data/default.physics_config.json) not found, so new default physics manager attributes created and registered.
I0919 15:28:27.090718 2043707 AbstractObjectAttributesManagerBase.h:175] AbstractObjectAttributesManager<T>::createObject  (Stage) : Making attributes with handle : /mnt/data_nas/deeprobotics/daiyang/vla/third_party/ETP-R1/data/scene_datasets/mp3d/B6ByNegPMKs/B6ByNegPMKs.glb
I0919 15:28:27.090721 2043707 ManagedContainerBase.cpp:19] ManagedContainerBase::convertFilenameToJSON : Filename : /mnt/data_nas/deeprobotics/daiyang/vla/third_party/ETP-R1/data/scene_datasets/mp3d/B6ByNegPMKs/B6ByNegPMKs.glb changed to proposed JSON configuration filename : /mnt/data_nas/deeprobotics/daiyang/vla/third_party/ETP-R1/data/scene_datasets/mp3d/B6ByNegPMKs/B6ByNegPMKs.stage_config.json
I0919 15:28:27.094118 2043707 AttributesManagerBase.h:283] AttributesManager<T>::createFromJsonOrDefaultInternal  (Stage) : Proposing JSON name : /mnt/data_nas/deeprobotics/daiyang/vla/third_party/ETP-R1/data/scene_datasets/mp3d/B6ByNegPMKs/B6ByNegPMKs.stage_config.json from original name : /mnt/data_nas/deeprobotics/daiyang/vla/third_party/ETP-R1/data/scene_datasets/mp3d/B6ByNegPMKs/B6ByNegPMKs.glb | This file  does not exist.
I0919 15:28:27.094168 2043707 AbstractObjectAttributesManagerBase.h:181] AbstractObjectAttributesManager<T>::createObject  (Stage) : Done making attributes with handle : /mnt/data_nas/deeprobotics/daiyang/vla/third_party/ETP-R1/data/scene_datasets/mp3d/B6ByNegPMKs/B6ByNegPMKs.glb
I0919 15:28:27.094169 2043707 AbstractObjectAttributesManagerBase.h:188] File (/mnt/data_nas/deeprobotics/daiyang/vla/third_party/ETP-R1/data/scene_datasets/mp3d/B6ByNegPMKs/B6ByNegPMKs.glb) exists but is not a recognized config filename extension, so new default Stage attributes created and registered.
I0919 15:28:27.094174 2043707 Simulator.cpp:156] Loading navmesh from /mnt/data_nas/deeprobotics/daiyang/vla/third_party/ETP-R1/data/scene_datasets/mp3d/B6ByNegPMKs/B6ByNegPMKs.navmesh
I0919 15:28:27.095918 2043707 Simulator.cpp:158] Loaded.
I0919 15:28:27.095927 2043707 SceneGraph.h:93] Created DrawableGroup: 
Renderer: NVIDIA GeForce RTX 5090/PCIe/SSE2 by NVIDIA Corporation
OpenGL version: 4.6.0 NVIDIA 580.126.09
Using optional features:
    GL_ARB_ES2_compatibility
    GL_ARB_direct_state_access
    GL_ARB_get_texture_sub_image
    GL_ARB_invalidate_subdata
    GL_ARB_multi_bind
    GL_ARB_robustness
    GL_ARB_separate_shader_objects
    GL_ARB_texture_filter_anisotropic
    GL_ARB_texture_storage
    GL_ARB_texture_storage_multisample
    GL_ARB_vertex_array_object
    GL_KHR_debug
Using driver workarounds:
    no-forward-compatible-core-context
    nv-egl-incorrect-gl11-function-pointers
    no-layout-qualifiers-on-old-glsl
    nv-zero-context-profile-mask
    nv-implementation-color-read-format-dsa-broken
    nv-cubemap-inconsistent-compressed-image-size
    nv-cubemap-broken-full-compressed-image-query
    nv-compressed-block-size-in-bits
I0919 15:28:27.099625 2043707 ResourceManager.cpp:234] ResourceManager::loadStage : Not loading semantic mesh
I0919 15:28:27.099634 2043707 ResourceManager.cpp:262] ResourceManager::loadStage : start load render asset /mnt/data_nas/deeprobotics/daiyang/vla/third_party/ETP-R1/data/scene_datasets/mp3d/B6ByNegPMKs/B6ByNegPMKs.glb.
I0919 15:28:27.099637 2043707 ResourceManager.cpp:569] ResourceManager::loadStageInternal : Attempting to load stage /mnt/data_nas/deeprobotics/daiyang/vla/third_party/ETP-R1/data/scene_datasets/mp3d/B6ByNegPMKs/B6ByNegPMKs.glb 
I0919 15:28:27.099653 2043707 ResourceManager.cpp:1119] Importing Basis files as BC7 for B6ByNegPMKs.glb
W0919 15:28:36.950798 2043707 Simulator.cpp:248] :
---
 The active scene does not contain semantic annotations. 
---
I0919 15:28:37.158516 2043707 simulator.py:213] Loaded navmesh /mnt/data_nas/deeprobotics/daiyang/vla/third_party/ETP-R1/data/scene_datasets/mp3d/B6ByNegPMKs/B6ByNegPMKs.navmesh
I0919 15:30:59.854643 2043707 PhysicsManager.cpp:33] Deconstructing PhysicsManager
I0919 15:30:59.854697 2043707 SemanticScene.h:41] Deconstructing SemanticScene
I0919 15:30:59.871692 2043707 SceneManager.h:25] Deconstructing SceneManager
I0919 15:30:59.871711 2043707 SceneGraph.h:26] Deconstructing SceneGraph
I0919 15:30:59.872282 2043707 Sensor.h:87] Deconstructing Sensor
I0919 15:30:59.887899 2043707 Renderer.cpp:34] Deconstructing Renderer
I0919 15:30:59.887935 2043707 WindowlessContext.h:17] Deconstructing WindowlessContext
I0919 15:30:59.915381 2043707 ManagedContainerBase.cpp:19] ManagedContainerBase::convertFilenameToJSON : Filename : default changed to proposed JSON configuration filename : default.scene_dataset_config.json
I0919 15:30:59.915408 2043707 AttributesManagerBase.h:283] AttributesManager<T>::createFromJsonOrDefaultInternal  (Dataset) : Proposing JSON name : default.scene_dataset_config.json from original name : default | This file  does not exist.
I0919 15:30:59.915628 2043707 AssetAttributesManager.cpp:117] Asset attributes (capsule3DSolid : capsule3DSolid_hemiRings_4_cylRings_1_segments_12_halfLen_0.75_useTexCoords_false_useTangents_false) created and registered.
I0919 15:30:59.915656 2043707 AssetAttributesManager.cpp:117] Asset attributes (capsule3DWireframe : capsule3DWireframe_hemiRings_8_cylRings_1_segments_16_halfLen_1) created and registered.
I0919 15:30:59.915681 2043707 AssetAttributesManager.cpp:117] Asset attributes (coneSolid : coneSolid_segments_12_halfLen_1.25_rings_1_useTexCoords_false_useTangents_false_capEnd_true) created and registered.
I0919 15:30:59.915696 2043707 AssetAttributesManager.cpp:117] Asset attributes (coneWireframe : coneWireframe_segments_32_halfLen_1.25) created and registered.
I0919 15:30:59.915705 2043707 AssetAttributesManager.cpp:117] Asset attributes (cubeSolid : cubeSolid) created and registered.
I0919 15:30:59.915712 2043707 AssetAttributesManager.cpp:117] Asset attributes (cubeWireframe : cubeWireframe) created and registered.
I0919 15:30:59.915731 2043707 AssetAttributesManager.cpp:117] Asset attributes (cylinderSolid : cylinderSolid_rings_1_segments_12_halfLen_1_useTexCoords_false_useTangents_false_capEnds_true) created and registered.
I0919 15:30:59.915747 2043707 AssetAttributesManager.cpp:117] Asset attributes (cylinderWireframe : cylinderWireframe_rings_1_segments_32_halfLen_1) created and registered.
I0919 15:30:59.915758 2043707 AssetAttributesManager.cpp:117] Asset attributes (icosphereSolid : icosphereSolid_subdivs_1) created and registered.
I0919 15:30:59.915767 2043707 AssetAttributesManager.cpp:117] Asset attributes (icosphereWireframe : icosphereWireframe_subdivs_1) created and registered.
I0919 15:30:59.915781 2043707 AssetAttributesManager.cpp:117] Asset attributes (uvSphereSolid : uvSphereSolid_rings_8_segments_16_useTexCoords_false_useTangents_false) created and registered.
I0919 15:30:59.915794 2043707 AssetAttributesManager.cpp:117] Asset attributes (uvSphereWireframe : uvSphereWireframe_rings_16_segments_32) created and registered.
I0919 15:30:59.915802 2043707 AssetAttributesManager.cpp:105] AssetAttributesManager::buildCtorFuncPtrMaps : Built default primitive asset templates : 12
I0919 15:30:59.916203 2043707 SceneDatasetAttributesManager.cpp:23] File (default) not found, so new default dataset attributes created and registered.
I0919 15:30:59.916204 2043707 MetadataMediator.cpp:47] MetadataMediator::createDataset : Dataset default successfully created.
I0919 15:30:59.916428 2043707 AttributesManagerBase.h:283] AttributesManager<T>::createFromJsonOrDefaultInternal  (Physics Manager) : Proposing JSON name : ./data/default.physics_config.json from original name : ./data/default.physics_config.json | This file  does not exist.
I0919 15:30:59.916440 2043707 PhysicsAttributesManager.cpp:27] File (./data/default.physics_config.json) not found, so new default physics manager attributes created and registered.
I0919 15:30:59.916445 2043707 AbstractObjectAttributesManagerBase.h:175] AbstractObjectAttributesManager<T>::createObject  (Stage) : Making attributes with handle : /mnt/data_nas/deeprobotics/daiyang/vla/third_party/ETP-R1/data/scene_datasets/mp3d/aayBHfsNo7d/aayBHfsNo7d.glb
I0919 15:30:59.916458 2043707 ManagedContainerBase.cpp:19] ManagedContainerBase::convertFilenameToJSON : Filename : /mnt/data_nas/deeprobotics/daiyang/vla/third_party/ETP-R1/data/scene_datasets/mp3d/aayBHfsNo7d/aayBHfsNo7d.glb changed to proposed JSON configuration filename : /mnt/data_nas/deeprobotics/daiyang/vla/third_party/ETP-R1/data/scene_datasets/mp3d/aayBHfsNo7d/aayBHfsNo7d.stage_config.json
I0919 15:30:59.916471 2043707 AttributesManagerBase.h:283] AttributesManager<T>::createFromJsonOrDefaultInternal  (Stage) : Proposing JSON name : /mnt/data_nas/deeprobotics/daiyang/vla/third_party/ETP-R1/data/scene_datasets/mp3d/aayBHfsNo7d/aayBHfsNo7d.stage_config.json from original name : /mnt/data_nas/deeprobotics/daiyang/vla/third_party/ETP-R1/data/scene_datasets/mp3d/aayBHfsNo7d/aayBHfsNo7d.glb | This file  does not exist.
I0919 15:30:59.916519 2043707 AbstractObjectAttributesManagerBase.h:181] AbstractObjectAttributesManager<T>::createObject  (Stage) : Done making attributes with handle : /mnt/data_nas/deeprobotics/daiyang/vla/third_party/ETP-R1/data/scene_datasets/mp3d/aayBHfsNo7d/aayBHfsNo7d.glb
I0919 15:30:59.916522 2043707 AbstractObjectAttributesManagerBase.h:188] File (/mnt/data_nas/deeprobotics/daiyang/vla/third_party/ETP-R1/data/scene_datasets/mp3d/aayBHfsNo7d/aayBHfsNo7d.glb) exists but is not a recognized config filename extension, so new default Stage attributes created and registered.
I0919 15:30:59.916527 2043707 Simulator.cpp:156] Loading navmesh from /mnt/data_nas/deeprobotics/daiyang/vla/third_party/ETP-R1/data/scene_datasets/mp3d/aayBHfsNo7d/aayBHfsNo7d.navmesh
I0919 15:30:59.917335 2043707 Simulator.cpp:158] Loaded.
I0919 15:30:59.917342 2043707 SceneGraph.h:93] Created DrawableGroup: 
Renderer: NVIDIA GeForce RTX 5090/PCIe/SSE2 by NVIDIA Corporation
OpenGL version: 4.6.0 NVIDIA 580.126.09
Using optional features:
    GL_ARB_ES2_compatibility
    GL_ARB_direct_state_access
    GL_ARB_get_texture_sub_image
    GL_ARB_invalidate_subdata
    GL_ARB_multi_bind
    GL_ARB_robustness
    GL_ARB_separate_shader_objects
    GL_ARB_texture_filter_anisotropic
    GL_ARB_texture_storage
    GL_ARB_texture_storage_multisample
    GL_ARB_vertex_array_object
    GL_KHR_debug
Using driver workarounds:
    no-forward-compatible-core-context
    nv-egl-incorrect-gl11-function-pointers
    no-layout-qualifiers-on-old-glsl
    nv-zero-context-profile-mask
    nv-implementation-color-read-format-dsa-broken
    nv-cubemap-inconsistent-compressed-image-size
    nv-cubemap-broken-full-compressed-image-query
    nv-compressed-block-size-in-bits
I0919 15:30:59.921183 2043707 ResourceManager.cpp:234] ResourceManager::loadStage : Not loading semantic mesh
I0919 15:30:59.921192 2043707 ResourceManager.cpp:262] ResourceManager::loadStage : start load render asset /mnt/data_nas/deeprobotics/daiyang/vla/third_party/ETP-R1/data/scene_datasets/mp3d/aayBHfsNo7d/aayBHfsNo7d.glb.
I0919 15:30:59.921195 2043707 ResourceManager.cpp:569] ResourceManager::loadStageInternal : Attempting to load stage /mnt/data_nas/deeprobotics/daiyang/vla/third_party/ETP-R1/data/scene_datasets/mp3d/aayBHfsNo7d/aayBHfsNo7d.glb 
I0919 15:30:59.921211 2043707 ResourceManager.cpp:1119] Importing Basis files as BC7 for aayBHfsNo7d.glb
W0919 15:31:01.486038 2043707 Simulator.cpp:248] :
---
 The active scene does not contain semantic annotations. 
---
I0919 15:31:01.527113 2043707 simulator.py:213] Loaded navmesh /mnt/data_nas/deeprobotics/daiyang/vla/third_party/ETP-R1/data/scene_datasets/mp3d/aayBHfsNo7d/aayBHfsNo7d.navmesh
I0919 15:33:40.315884 2043707 PhysicsManager.cpp:33] Deconstructing PhysicsManager
I0919 15:33:40.315943 2043707 SemanticScene.h:41] Deconstructing SemanticScene
I0919 15:33:40.318955 2043707 SceneManager.h:25] Deconstructing SceneManager
I0919 15:33:40.318965 2043707 SceneGraph.h:26] Deconstructing SceneGraph
I0919 15:33:40.319226 2043707 Sensor.h:87] Deconstructing Sensor
I0919 15:33:40.322355 2043707 Renderer.cpp:34] Deconstructing Renderer
I0919 15:33:40.322381 2043707 WindowlessContext.h:17] Deconstructing WindowlessContext
I0919 15:33:40.328460 2043707 ManagedContainerBase.cpp:19] ManagedContainerBase::convertFilenameToJSON : Filename : default changed to proposed JSON configuration filename : default.scene_dataset_config.json
I0919 15:33:40.328477 2043707 AttributesManagerBase.h:283] AttributesManager<T>::createFromJsonOrDefaultInternal  (Dataset) : Proposing JSON name : default.scene_dataset_config.json from original name : default | This file  does not exist.
I0919 15:33:40.328845 2043707 AssetAttributesManager.cpp:117] Asset attributes (capsule3DSolid : capsule3DSolid_hemiRings_4_cylRings_1_segments_12_halfLen_0.75_useTexCoords_false_useTangents_false) created and registered.
I0919 15:33:40.328872 2043707 AssetAttributesManager.cpp:117] Asset attributes (capsule3DWireframe : capsule3DWireframe_hemiRings_8_cylRings_1_segments_16_halfLen_1) created and registered.
I0919 15:33:40.328896 2043707 AssetAttributesManager.cpp:117] Asset attributes (coneSolid : coneSolid_segments_12_halfLen_1.25_rings_1_useTexCoords_false_useTangents_false_capEnd_true) created and registered.
I0919 15:33:40.328910 2043707 AssetAttributesManager.cpp:117] Asset attributes (coneWireframe : coneWireframe_segments_32_halfLen_1.25) created and registered.
I0919 15:33:40.328919 2043707 AssetAttributesManager.cpp:117] Asset attributes (cubeSolid : cubeSolid) created and registered.
I0919 15:33:40.328925 2043707 AssetAttributesManager.cpp:117] Asset attributes (cubeWireframe : cubeWireframe) created and registered.
I0919 15:33:40.328945 2043707 AssetAttributesManager.cpp:117] Asset attributes (cylinderSolid : cylinderSolid_rings_1_segments_12_halfLen_1_useTexCoords_false_useTangents_false_capEnds_true) created and registered.
I0919 15:33:40.328962 2043707 AssetAttributesManager.cpp:117] Asset attributes (cylinderWireframe : cylinderWireframe_rings_1_segments_32_halfLen_1) created and registered.
I0919 15:33:40.328974 2043707 AssetAttributesManager.cpp:117] Asset attributes (icosphereSolid : icosphereSolid_subdivs_1) created and registered.
I0919 15:33:40.328982 2043707 AssetAttributesManager.cpp:117] Asset attributes (icosphereWireframe : icosphereWireframe_subdivs_1) created and registered.
I0919 15:33:40.328995 2043707 AssetAttributesManager.cpp:117] Asset attributes (uvSphereSolid : uvSphereSolid_rings_8_segments_16_useTexCoords_false_useTangents_false) created and registered.
I0919 15:33:40.329007 2043707 AssetAttributesManager.cpp:117] Asset attributes (uvSphereWireframe : uvSphereWireframe_rings_16_segments_32) created and registered.
I0919 15:33:40.329013 2043707 AssetAttributesManager.cpp:105] AssetAttributesManager::buildCtorFuncPtrMaps : Built default primitive asset templates : 12
I0919 15:33:40.329417 2043707 SceneDatasetAttributesManager.cpp:23] File (default) not found, so new default dataset attributes created and registered.
I0919 15:33:40.329420 2043707 MetadataMediator.cpp:47] MetadataMediator::createDataset : Dataset default successfully created.
I0919 15:33:40.329612 2043707 AttributesManagerBase.h:283] AttributesManager<T>::createFromJsonOrDefaultInternal  (Physics Manager) : Proposing JSON name : ./data/default.physics_config.json from original name : ./data/default.physics_config.json | This file  does not exist.
I0919 15:33:40.329624 2043707 PhysicsAttributesManager.cpp:27] File (./data/default.physics_config.json) not found, so new default physics manager attributes created and registered.
I0919 15:33:40.329628 2043707 AbstractObjectAttributesManagerBase.h:175] AbstractObjectAttributesManager<T>::createObject  (Stage) : Making attributes with handle : /mnt/data_nas/deeprobotics/daiyang/vla/third_party/ETP-R1/data/scene_datasets/mp3d/82sE5b5pLXE/82sE5b5pLXE.glb
I0919 15:33:40.329632 2043707 ManagedContainerBase.cpp:19] ManagedContainerBase::convertFilenameToJSON : Filename : /mnt/data_nas/deeprobotics/daiyang/vla/third_party/ETP-R1/data/scene_datasets/mp3d/82sE5b5pLXE/82sE5b5pLXE.glb changed to proposed JSON configuration filename : /mnt/data_nas/deeprobotics/daiyang/vla/third_party/ETP-R1/data/scene_datasets/mp3d/82sE5b5pLXE/82sE5b5pLXE.stage_config.json
I0919 15:33:40.329649 2043707 AttributesManagerBase.h:283] AttributesManager<T>::createFromJsonOrDefaultInternal  (Stage) : Proposing JSON name : /mnt/data_nas/deeprobotics/daiyang/vla/third_party/ETP-R1/data/scene_datasets/mp3d/82sE5b5pLXE/82sE5b5pLXE.stage_config.json from original name : /mnt/data_nas/deeprobotics/daiyang/vla/third_party/ETP-R1/data/scene_datasets/mp3d/82sE5b5pLXE/82sE5b5pLXE.glb | This file  does not exist.
I0919 15:33:40.329696 2043707 AbstractObjectAttributesManagerBase.h:181] AbstractObjectAttributesManager<T>::createObject  (Stage) : Done making attributes with handle : /mnt/data_nas/deeprobotics/daiyang/vla/third_party/ETP-R1/data/scene_datasets/mp3d/82sE5b5pLXE/82sE5b5pLXE.glb
I0919 15:33:40.329698 2043707 AbstractObjectAttributesManagerBase.h:188] File (/mnt/data_nas/deeprobotics/daiyang/vla/third_party/ETP-R1/data/scene_datasets/mp3d/82sE5b5pLXE/82sE5b5pLXE.glb) exists but is not a recognized config filename extension, so new default Stage attributes created and registered.
I0919 15:33:40.329703 2043707 Simulator.cpp:156] Loading navmesh from /mnt/data_nas/deeprobotics/daiyang/vla/third_party/ETP-R1/data/scene_datasets/mp3d/82sE5b5pLXE/82sE5b5pLXE.navmesh
I0919 15:33:40.330466 2043707 Simulator.cpp:158] Loaded.
I0919 15:33:40.330474 2043707 SceneGraph.h:93] Created DrawableGroup: 
Renderer: NVIDIA GeForce RTX 5090/PCIe/SSE2 by NVIDIA Corporation
OpenGL version: 4.6.0 NVIDIA 580.126.09
Using optional features:
    GL_ARB_ES2_compatibility
    GL_ARB_direct_state_access
    GL_ARB_get_texture_sub_image
    GL_ARB_invalidate_subdata
    GL_ARB_multi_bind
    GL_ARB_robustness
    GL_ARB_separate_shader_objects
    GL_ARB_texture_filter_anisotropic
    GL_ARB_texture_storage
    GL_ARB_texture_storage_multisample
    GL_ARB_vertex_array_object
    GL_KHR_debug
Using driver workarounds:
    no-forward-compatible-core-context
    nv-egl-incorrect-gl11-function-pointers
    no-layout-qualifiers-on-old-glsl
    nv-zero-context-profile-mask
    nv-implementation-color-read-format-dsa-broken
    nv-cubemap-inconsistent-compressed-image-size
    nv-cubemap-broken-full-compressed-image-query
    nv-compressed-block-size-in-bits
I0919 15:33:40.334129 2043707 ResourceManager.cpp:234] ResourceManager::loadStage : Not loading semantic mesh
I0919 15:33:40.334138 2043707 ResourceManager.cpp:262] ResourceManager::loadStage : start load render asset /mnt/data_nas/deeprobotics/daiyang/vla/third_party/ETP-R1/data/scene_datasets/mp3d/82sE5b5pLXE/82sE5b5pLXE.glb.
I0919 15:33:40.334141 2043707 ResourceManager.cpp:569] ResourceManager::loadStageInternal : Attempting to load stage /mnt/data_nas/deeprobotics/daiyang/vla/third_party/ETP-R1/data/scene_datasets/mp3d/82sE5b5pLXE/82sE5b5pLXE.glb 
I0919 15:33:40.334156 2043707 ResourceManager.cpp:1119] Importing Basis files as BC7 for 82sE5b5pLXE.glb
W0919 15:33:42.341845 2043707 Simulator.cpp:248] :
---
 The active scene does not contain semantic annotations. 
---
I0919 15:33:42.378981 2043707 simulator.py:213] Loaded navmesh /mnt/data_nas/deeprobotics/daiyang/vla/third_party/ETP-R1/data/scene_datasets/mp3d/82sE5b5pLXE/82sE5b5pLXE.navmesh
I0919 15:36:14.728724 2043707 PhysicsManager.cpp:33] Deconstructing PhysicsManager
I0919 15:36:14.728761 2043707 SemanticScene.h:41] Deconstructing SemanticScene
I0919 15:36:14.730104 2043707 SceneManager.h:25] Deconstructing SceneManager
I0919 15:36:14.730113 2043707 SceneGraph.h:26] Deconstructing SceneGraph
I0919 15:36:14.730353 2043707 Sensor.h:87] Deconstructing Sensor
I0919 15:36:14.733112 2043707 Renderer.cpp:34] Deconstructing Renderer
I0919 15:36:14.733135 2043707 WindowlessContext.h:17] Deconstructing WindowlessContext
I0919 15:36:14.741102 2043707 ManagedContainerBase.cpp:19] ManagedContainerBase::convertFilenameToJSON : Filename : default changed to proposed JSON configuration filename : default.scene_dataset_config.json
I0919 15:36:14.741118 2043707 AttributesManagerBase.h:283] AttributesManager<T>::createFromJsonOrDefaultInternal  (Dataset) : Proposing JSON name : default.scene_dataset_config.json from original name : default | This file  does not exist.
I0919 15:36:14.741545 2043707 AssetAttributesManager.cpp:117] Asset attributes (capsule3DSolid : capsule3DSolid_hemiRings_4_cylRings_1_segments_12_halfLen_0.75_useTexCoords_false_useTangents_false) created and registered.
I0919 15:36:14.741573 2043707 AssetAttributesManager.cpp:117] Asset attributes (capsule3DWireframe : capsule3DWireframe_hemiRings_8_cylRings_1_segments_16_halfLen_1) created and registered.
I0919 15:36:14.741596 2043707 AssetAttributesManager.cpp:117] Asset attributes (coneSolid : coneSolid_segments_12_halfLen_1.25_rings_1_useTexCoords_false_useTangents_false_capEnd_true) created and registered.
I0919 15:36:14.741611 2043707 AssetAttributesManager.cpp:117] Asset attributes (coneWireframe : coneWireframe_segments_32_halfLen_1.25) created and registered.
I0919 15:36:14.741618 2043707 AssetAttributesManager.cpp:117] Asset attributes (cubeSolid : cubeSolid) created and registered.
I0919 15:36:14.741626 2043707 AssetAttributesManager.cpp:117] Asset attributes (cubeWireframe : cubeWireframe) created and registered.
I0919 15:36:14.741644 2043707 AssetAttributesManager.cpp:117] Asset attributes (cylinderSolid : cylinderSolid_rings_1_segments_12_halfLen_1_useTexCoords_false_useTangents_false_capEnds_true) created and registered.
I0919 15:36:14.741660 2043707 AssetAttributesManager.cpp:117] Asset attributes (cylinderWireframe : cylinderWireframe_rings_1_segments_32_halfLen_1) created and registered.
I0919 15:36:14.741670 2043707 AssetAttributesManager.cpp:117] Asset attributes (icosphereSolid : icosphereSolid_subdivs_1) created and registered.
I0919 15:36:14.741678 2043707 AssetAttributesManager.cpp:117] Asset attributes (icosphereWireframe : icosphereWireframe_subdivs_1) created and registered.
I0919 15:36:14.741693 2043707 AssetAttributesManager.cpp:117] Asset attributes (uvSphereSolid : uvSphereSolid_rings_8_segments_16_useTexCoords_false_useTangents_false) created and registered.
I0919 15:36:14.741703 2043707 AssetAttributesManager.cpp:117] Asset attributes (uvSphereWireframe : uvSphereWireframe_rings_16_segments_32) created and registered.
I0919 15:36:14.741710 2043707 AssetAttributesManager.cpp:105] AssetAttributesManager::buildCtorFuncPtrMaps : Built default primitive asset templates : 12
I0919 15:36:14.742102 2043707 SceneDatasetAttributesManager.cpp:23] File (default) not found, so new default dataset attributes created and registered.
I0919 15:36:14.742105 2043707 MetadataMediator.cpp:47] MetadataMediator::createDataset : Dataset default successfully created.
I0919 15:36:14.742304 2043707 AttributesManagerBase.h:283] AttributesManager<T>::createFromJsonOrDefaultInternal  (Physics Manager) : Proposing JSON name : ./data/default.physics_config.json from original name : ./data/default.physics_config.json | This file  does not exist.
I0919 15:36:14.742316 2043707 PhysicsAttributesManager.cpp:27] File (./data/default.physics_config.json) not found, so new default physics manager attributes created and registered.
I0919 15:36:14.742318 2043707 AbstractObjectAttributesManagerBase.h:175] AbstractObjectAttributesManager<T>::createObject  (Stage) : Making attributes with handle : /mnt/data_nas/deeprobotics/daiyang/vla/third_party/ETP-R1/data/scene_datasets/mp3d/B6ByNegPMKs/B6ByNegPMKs.glb
I0919 15:36:14.742323 2043707 ManagedContainerBase.cpp:19] ManagedContainerBase::convertFilenameToJSON : Filename : /mnt/data_nas/deeprobotics/daiyang/vla/third_party/ETP-R1/data/scene_datasets/mp3d/B6ByNegPMKs/B6ByNegPMKs.glb changed to proposed JSON configuration filename : /mnt/data_nas/deeprobotics/daiyang/vla/third_party/ETP-R1/data/scene_datasets/mp3d/B6ByNegPMKs/B6ByNegPMKs.stage_config.json
I0919 15:36:14.742334 2043707 AttributesManagerBase.h:283] AttributesManager<T>::createFromJsonOrDefaultInternal  (Stage) : Proposing JSON name : /mnt/data_nas/deeprobotics/daiyang/vla/third_party/ETP-R1/data/scene_datasets/mp3d/B6ByNegPMKs/B6ByNegPMKs.stage_config.json from original name : /mnt/data_nas/deeprobotics/daiyang/vla/third_party/ETP-R1/data/scene_datasets/mp3d/B6ByNegPMKs/B6ByNegPMKs.glb | This file  does not exist.
I0919 15:36:14.742385 2043707 AbstractObjectAttributesManagerBase.h:181] AbstractObjectAttributesManager<T>::createObject  (Stage) : Done making attributes with handle : /mnt/data_nas/deeprobotics/daiyang/vla/third_party/ETP-R1/data/scene_datasets/mp3d/B6ByNegPMKs/B6ByNegPMKs.glb
I0919 15:36:14.742388 2043707 AbstractObjectAttributesManagerBase.h:188] File (/mnt/data_nas/deeprobotics/daiyang/vla/third_party/ETP-R1/data/scene_datasets/mp3d/B6ByNegPMKs/B6ByNegPMKs.glb) exists but is not a recognized config filename extension, so new default Stage attributes created and registered.
I0919 15:36:14.742391 2043707 Simulator.cpp:156] Loading navmesh from /mnt/data_nas/deeprobotics/daiyang/vla/third_party/ETP-R1/data/scene_datasets/mp3d/B6ByNegPMKs/B6ByNegPMKs.navmesh
I0919 15:36:14.743564 2043707 Simulator.cpp:158] Loaded.
I0919 15:36:14.743572 2043707 SceneGraph.h:93] Created DrawableGroup: 
Renderer: NVIDIA GeForce RTX 5090/PCIe/SSE2 by NVIDIA Corporation
OpenGL version: 4.6.0 NVIDIA 580.126.09
Using optional features:
    GL_ARB_ES2_compatibility
    GL_ARB_direct_state_access
    GL_ARB_get_texture_sub_image
    GL_ARB_invalidate_subdata
    GL_ARB_multi_bind
    GL_ARB_robustness
    GL_ARB_separate_shader_objects
    GL_ARB_texture_filter_anisotropic
    GL_ARB_texture_storage
    GL_ARB_texture_storage_multisample
    GL_ARB_vertex_array_object
    GL_KHR_debug
Using driver workarounds:
    no-forward-compatible-core-context
    nv-egl-incorrect-gl11-function-pointers
    no-layout-qualifiers-on-old-glsl
    nv-zero-context-profile-mask
    nv-implementation-color-read-format-dsa-broken
    nv-cubemap-inconsistent-compressed-image-size
    nv-cubemap-broken-full-compressed-image-query
    nv-compressed-block-size-in-bits
I0919 15:36:14.759330 2043707 ResourceManager.cpp:234] ResourceManager::loadStage : Not loading semantic mesh
I0919 15:36:14.759339 2043707 ResourceManager.cpp:262] ResourceManager::loadStage : start load render asset /mnt/data_nas/deeprobotics/daiyang/vla/third_party/ETP-R1/data/scene_datasets/mp3d/B6ByNegPMKs/B6ByNegPMKs.glb.
I0919 15:36:14.759341 2043707 ResourceManager.cpp:569] ResourceManager::loadStageInternal : Attempting to load stage /mnt/data_nas/deeprobotics/daiyang/vla/third_party/ETP-R1/data/scene_datasets/mp3d/B6ByNegPMKs/B6ByNegPMKs.glb 
I0919 15:36:14.759361 2043707 ResourceManager.cpp:1119] Importing Basis files as BC7 for B6ByNegPMKs.glb
W0919 15:36:24.612491 2043707 Simulator.cpp:248] :
---
 The active scene does not contain semantic annotations. 
---
I0919 15:36:24.816437 2043707 simulator.py:213] Loaded navmesh /mnt/data_nas/deeprobotics/daiyang/vla/third_party/ETP-R1/data/scene_datasets/mp3d/B6ByNegPMKs/B6ByNegPMKs.navmesh
I0919 15:39:22.907308 2043707 PhysicsManager.cpp:33] Deconstructing PhysicsManager
I0919 15:39:22.907357 2043707 SemanticScene.h:41] Deconstructing SemanticScene
I0919 15:39:22.924664 2043707 SceneManager.h:25] Deconstructing SceneManager
I0919 15:39:22.924680 2043707 SceneGraph.h:26] Deconstructing SceneGraph
I0919 15:39:22.925257 2043707 Sensor.h:87] Deconstructing Sensor
I0919 15:39:22.943776 2043707 Renderer.cpp:34] Deconstructing Renderer
I0919 15:39:22.943816 2043707 WindowlessContext.h:17] Deconstructing WindowlessContext
I0919 15:39:22.968092 2043707 ManagedContainerBase.cpp:19] ManagedContainerBase::convertFilenameToJSON : Filename : default changed to proposed JSON configuration filename : default.scene_dataset_config.json
I0919 15:39:22.968120 2043707 AttributesManagerBase.h:283] AttributesManager<T>::createFromJsonOrDefaultInternal  (Dataset) : Proposing JSON name : default.scene_dataset_config.json from original name : default | This file  does not exist.
I0919 15:39:22.968389 2043707 AssetAttributesManager.cpp:117] Asset attributes (capsule3DSolid : capsule3DSolid_hemiRings_4_cylRings_1_segments_12_halfLen_0.75_useTexCoords_false_useTangents_false) created and registered.
I0919 15:39:22.968442 2043707 AssetAttributesManager.cpp:117] Asset attributes (capsule3DWireframe : capsule3DWireframe_hemiRings_8_cylRings_1_segments_16_halfLen_1) created and registered.
I0919 15:39:22.968482 2043707 AssetAttributesManager.cpp:117] Asset attributes (coneSolid : coneSolid_segments_12_halfLen_1.25_rings_1_useTexCoords_false_useTangents_false_capEnd_true) created and registered.
I0919 15:39:22.968504 2043707 AssetAttributesManager.cpp:117] Asset attributes (coneWireframe : coneWireframe_segments_32_halfLen_1.25) created and registered.
I0919 15:39:22.968518 2043707 AssetAttributesManager.cpp:117] Asset attributes (cubeSolid : cubeSolid) created and registered.
I0919 15:39:22.968526 2043707 AssetAttributesManager.cpp:117] Asset attributes (cubeWireframe : cubeWireframe) created and registered.
I0919 15:39:22.968557 2043707 AssetAttributesManager.cpp:117] Asset attributes (cylinderSolid : cylinderSolid_rings_1_segments_12_halfLen_1_useTexCoords_false_useTangents_false_capEnds_true) created and registered.
I0919 15:39:22.968586 2043707 AssetAttributesManager.cpp:117] Asset attributes (cylinderWireframe : cylinderWireframe_rings_1_segments_32_halfLen_1) created and registered.
I0919 15:39:22.968601 2043707 AssetAttributesManager.cpp:117] Asset attributes (icosphereSolid : icosphereSolid_subdivs_1) created and registered.
I0919 15:39:22.968614 2043707 AssetAttributesManager.cpp:117] Asset attributes (icosphereWireframe : icosphereWireframe_subdivs_1) created and registered.
I0919 15:39:22.968636 2043707 AssetAttributesManager.cpp:117] Asset attributes (uvSphereSolid : uvSphereSolid_rings_8_segments_16_useTexCoords_false_useTangents_false) created and registered.
I0919 15:39:22.968659 2043707 AssetAttributesManager.cpp:117] Asset attributes (uvSphereWireframe : uvSphereWireframe_rings_16_segments_32) created and registered.
I0919 15:39:22.968668 2043707 AssetAttributesManager.cpp:105] AssetAttributesManager::buildCtorFuncPtrMaps : Built default primitive asset templates : 12
I0919 15:39:22.969374 2043707 SceneDatasetAttributesManager.cpp:23] File (default) not found, so new default dataset attributes created and registered.
I0919 15:39:22.969377 2043707 MetadataMediator.cpp:47] MetadataMediator::createDataset : Dataset default successfully created.
I0919 15:39:22.969650 2043707 AttributesManagerBase.h:283] AttributesManager<T>::createFromJsonOrDefaultInternal  (Physics Manager) : Proposing JSON name : ./data/default.physics_config.json from original name : ./data/default.physics_config.json | This file  does not exist.
I0919 15:39:22.969666 2043707 PhysicsAttributesManager.cpp:27] File (./data/default.physics_config.json) not found, so new default physics manager attributes created and registered.
I0919 15:39:22.969671 2043707 AbstractObjectAttributesManagerBase.h:175] AbstractObjectAttributesManager<T>::createObject  (Stage) : Making attributes with handle : /mnt/data_nas/deeprobotics/daiyang/vla/third_party/ETP-R1/data/scene_datasets/mp3d/aayBHfsNo7d/aayBHfsNo7d.glb
I0919 15:39:22.969676 2043707 ManagedContainerBase.cpp:19] ManagedContainerBase::convertFilenameToJSON : Filename : /mnt/data_nas/deeprobotics/daiyang/vla/third_party/ETP-R1/data/scene_datasets/mp3d/aayBHfsNo7d/aayBHfsNo7d.glb changed to proposed JSON configuration filename : /mnt/data_nas/deeprobotics/daiyang/vla/third_party/ETP-R1/data/scene_datasets/mp3d/aayBHfsNo7d/aayBHfsNo7d.stage_config.json
I0919 15:39:22.969692 2043707 AttributesManagerBase.h:283] AttributesManager<T>::createFromJsonOrDefaultInternal  (Stage) : Proposing JSON name : /mnt/data_nas/deeprobotics/daiyang/vla/third_party/ETP-R1/data/scene_datasets/mp3d/aayBHfsNo7d/aayBHfsNo7d.stage_config.json from original name : /mnt/data_nas/deeprobotics/daiyang/vla/third_party/ETP-R1/data/scene_datasets/mp3d/aayBHfsNo7d/aayBHfsNo7d.glb | This file  does not exist.
I0919 15:39:22.969771 2043707 AbstractObjectAttributesManagerBase.h:181] AbstractObjectAttributesManager<T>::createObject  (Stage) : Done making attributes with handle : /mnt/data_nas/deeprobotics/daiyang/vla/third_party/ETP-R1/data/scene_datasets/mp3d/aayBHfsNo7d/aayBHfsNo7d.glb
I0919 15:39:22.969777 2043707 AbstractObjectAttributesManagerBase.h:188] File (/mnt/data_nas/deeprobotics/daiyang/vla/third_party/ETP-R1/data/scene_datasets/mp3d/aayBHfsNo7d/aayBHfsNo7d.glb) exists but is not a recognized config filename extension, so new default Stage attributes created and registered.
I0919 15:39:22.969785 2043707 Simulator.cpp:156] Loading navmesh from /mnt/data_nas/deeprobotics/daiyang/vla/third_party/ETP-R1/data/scene_datasets/mp3d/aayBHfsNo7d/aayBHfsNo7d.navmesh
I0919 15:39:22.970568 2043707 Simulator.cpp:158] Loaded.
I0919 15:39:22.970577 2043707 SceneGraph.h:93] Created DrawableGroup: 
Renderer: NVIDIA GeForce RTX 5090/PCIe/SSE2 by NVIDIA Corporation
OpenGL version: 4.6.0 NVIDIA 580.126.09
Using optional features:
    GL_ARB_ES2_compatibility
    GL_ARB_direct_state_access
    GL_ARB_get_texture_sub_image
    GL_ARB_invalidate_subdata
    GL_ARB_multi_bind
    GL_ARB_robustness
    GL_ARB_separate_shader_objects
    GL_ARB_texture_filter_anisotropic
    GL_ARB_texture_storage
    GL_ARB_texture_storage_multisample
    GL_ARB_vertex_array_object
    GL_KHR_debug
Using driver workarounds:
    no-forward-compatible-core-context
    nv-egl-incorrect-gl11-function-pointers
    no-layout-qualifiers-on-old-glsl
    nv-zero-context-profile-mask
    nv-implementation-color-read-format-dsa-broken
    nv-cubemap-inconsistent-compressed-image-size
    nv-cubemap-broken-full-compressed-image-query
    nv-compressed-block-size-in-bits
I0919 15:39:22.975168 2043707 ResourceManager.cpp:234] ResourceManager::loadStage : Not loading semantic mesh
I0919 15:39:22.975179 2043707 ResourceManager.cpp:262] ResourceManager::loadStage : start load render asset /mnt/data_nas/deeprobotics/daiyang/vla/third_party/ETP-R1/data/scene_datasets/mp3d/aayBHfsNo7d/aayBHfsNo7d.glb.
I0919 15:39:22.975183 2043707 ResourceManager.cpp:569] ResourceManager::loadStageInternal : Attempting to load stage /mnt/data_nas/deeprobotics/daiyang/vla/third_party/ETP-R1/data/scene_datasets/mp3d/aayBHfsNo7d/aayBHfsNo7d.glb 
I0919 15:39:22.975205 2043707 ResourceManager.cpp:1119] Importing Basis files as BC7 for aayBHfsNo7d.glb
W0919 15:39:24.569334 2043707 Simulator.cpp:248] :
---
 The active scene does not contain semantic annotations. 
---
I0919 15:39:24.615936 2043707 simulator.py:213] Loaded navmesh /mnt/data_nas/deeprobotics/daiyang/vla/third_party/ETP-R1/data/scene_datasets/mp3d/aayBHfsNo7d/aayBHfsNo7d.navmesh
I0919 15:40:04.317920 2043707 PhysicsManager.cpp:33] Deconstructing PhysicsManager
I0919 15:40:04.317979 2043707 SemanticScene.h:41] Deconstructing SemanticScene
I0919 15:40:04.321022 2043707 SceneManager.h:25] Deconstructing SceneManager
I0919 15:40:04.321033 2043707 SceneGraph.h:26] Deconstructing SceneGraph
I0919 15:40:04.321343 2043707 Sensor.h:87] Deconstructing Sensor
I0919 15:40:04.324769 2043707 Renderer.cpp:34] Deconstructing Renderer
I0919 15:40:04.324800 2043707 WindowlessContext.h:17] Deconstructing WindowlessContext
I0919 15:40:04.331720 2043707 ManagedContainerBase.cpp:19] ManagedContainerBase::convertFilenameToJSON : Filename : default changed to proposed JSON configuration filename : default.scene_dataset_config.json
I0919 15:40:04.331738 2043707 AttributesManagerBase.h:283] AttributesManager<T>::createFromJsonOrDefaultInternal  (Dataset) : Proposing JSON name : default.scene_dataset_config.json from original name : default | This file  does not exist.
I0919 15:40:04.332230 2043707 AssetAttributesManager.cpp:117] Asset attributes (capsule3DSolid : capsule3DSolid_hemiRings_4_cylRings_1_segments_12_halfLen_0.75_useTexCoords_false_useTangents_false) created and registered.
I0919 15:40:04.332280 2043707 AssetAttributesManager.cpp:117] Asset attributes (capsule3DWireframe : capsule3DWireframe_hemiRings_8_cylRings_1_segments_16_halfLen_1) created and registered.
I0919 15:40:04.332319 2043707 AssetAttributesManager.cpp:117] Asset attributes (coneSolid : coneSolid_segments_12_halfLen_1.25_rings_1_useTexCoords_false_useTangents_false_capEnd_true) created and registered.
I0919 15:40:04.332340 2043707 AssetAttributesManager.cpp:117] Asset attributes (coneWireframe : coneWireframe_segments_32_halfLen_1.25) created and registered.
I0919 15:40:04.332361 2043707 AssetAttributesManager.cpp:117] Asset attributes (cubeSolid : cubeSolid) created and registered.
I0919 15:40:04.332371 2043707 AssetAttributesManager.cpp:117] Asset attributes (cubeWireframe : cubeWireframe) created and registered.
I0919 15:40:04.332403 2043707 AssetAttributesManager.cpp:117] Asset attributes (cylinderSolid : cylinderSolid_rings_1_segments_12_halfLen_1_useTexCoords_false_useTangents_false_capEnds_true) created and registered.
I0919 15:40:04.332430 2043707 AssetAttributesManager.cpp:117] Asset attributes (cylinderWireframe : cylinderWireframe_rings_1_segments_32_halfLen_1) created and registered.
I0919 15:40:04.332445 2043707 AssetAttributesManager.cpp:117] Asset attributes (icosphereSolid : icosphereSolid_subdivs_1) created and registered.
I0919 15:40:04.332458 2043707 AssetAttributesManager.cpp:117] Asset attributes (icosphereWireframe : icosphereWireframe_subdivs_1) created and registered.
I0919 15:40:04.332479 2043707 AssetAttributesManager.cpp:117] Asset attributes (uvSphereSolid : uvSphereSolid_rings_8_segments_16_useTexCoords_false_useTangents_false) created and registered.
I0919 15:40:04.332499 2043707 AssetAttributesManager.cpp:117] Asset attributes (uvSphereWireframe : uvSphereWireframe_rings_16_segments_32) created and registered.
I0919 15:40:04.332507 2043707 AssetAttributesManager.cpp:105] AssetAttributesManager::buildCtorFuncPtrMaps : Built default primitive asset templates : 12
I0919 15:40:04.333170 2043707 SceneDatasetAttributesManager.cpp:23] File (default) not found, so new default dataset attributes created and registered.
I0919 15:40:04.333174 2043707 MetadataMediator.cpp:47] MetadataMediator::createDataset : Dataset default successfully created.
I0919 15:40:04.333446 2043707 AttributesManagerBase.h:283] AttributesManager<T>::createFromJsonOrDefaultInternal  (Physics Manager) : Proposing JSON name : ./data/default.physics_config.json from original name : ./data/default.physics_config.json | This file  does not exist.
I0919 15:40:04.333462 2043707 PhysicsAttributesManager.cpp:27] File (./data/default.physics_config.json) not found, so new default physics manager attributes created and registered.
I0919 15:40:04.333467 2043707 AbstractObjectAttributesManagerBase.h:175] AbstractObjectAttributesManager<T>::createObject  (Stage) : Making attributes with handle : /mnt/data_nas/deeprobotics/daiyang/vla/third_party/ETP-R1/data/scene_datasets/mp3d/82sE5b5pLXE/82sE5b5pLXE.glb
I0919 15:40:04.333472 2043707 ManagedContainerBase.cpp:19] ManagedContainerBase::convertFilenameToJSON : Filename : /mnt/data_nas/deeprobotics/daiyang/vla/third_party/ETP-R1/data/scene_datasets/mp3d/82sE5b5pLXE/82sE5b5pLXE.glb changed to proposed JSON configuration filename : /mnt/data_nas/deeprobotics/daiyang/vla/third_party/ETP-R1/data/scene_datasets/mp3d/82sE5b5pLXE/82sE5b5pLXE.stage_config.json
I0919 15:40:04.334367 2043707 AttributesManagerBase.h:283] AttributesManager<T>::createFromJsonOrDefaultInternal  (Stage) : Proposing JSON name : /mnt/data_nas/deeprobotics/daiyang/vla/third_party/ETP-R1/data/scene_datasets/mp3d/82sE5b5pLXE/82sE5b5pLXE.stage_config.json from original name : /mnt/data_nas/deeprobotics/daiyang/vla/third_party/ETP-R1/data/scene_datasets/mp3d/82sE5b5pLXE/82sE5b5pLXE.glb | This file  does not exist.
I0919 15:40:04.334442 2043707 AbstractObjectAttributesManagerBase.h:181] AbstractObjectAttributesManager<T>::createObject  (Stage) : Done making attributes with handle : /mnt/data_nas/deeprobotics/daiyang/vla/third_party/ETP-R1/data/scene_datasets/mp3d/82sE5b5pLXE/82sE5b5pLXE.glb
I0919 15:40:04.334444 2043707 AbstractObjectAttributesManagerBase.h:188] File (/mnt/data_nas/deeprobotics/daiyang/vla/third_party/ETP-R1/data/scene_datasets/mp3d/82sE5b5pLXE/82sE5b5pLXE.glb) exists but is not a recognized config filename extension, so new default Stage attributes created and registered.
I0919 15:40:04.334452 2043707 Simulator.cpp:156] Loading navmesh from /mnt/data_nas/deeprobotics/daiyang/vla/third_party/ETP-R1/data/scene_datasets/mp3d/82sE5b5pLXE/82sE5b5pLXE.navmesh
I0919 15:40:04.336480 2043707 Simulator.cpp:158] Loaded.
I0919 15:40:04.336490 2043707 SceneGraph.h:93] Created DrawableGroup: 
Renderer: NVIDIA GeForce RTX 5090/PCIe/SSE2 by NVIDIA Corporation
OpenGL version: 4.6.0 NVIDIA 580.126.09
Using optional features:
    GL_ARB_ES2_compatibility
    GL_ARB_direct_state_access
    GL_ARB_get_texture_sub_image
    GL_ARB_invalidate_subdata
    GL_ARB_multi_bind
    GL_ARB_robustness
    GL_ARB_separate_shader_objects
    GL_ARB_texture_filter_anisotropic
    GL_ARB_texture_storage
    GL_ARB_texture_storage_multisample
    GL_ARB_vertex_array_object
    GL_KHR_debug
Using driver workarounds:
    no-forward-compatible-core-context
    nv-egl-incorrect-gl11-function-pointers
    no-layout-qualifiers-on-old-glsl
    nv-zero-context-profile-mask
    nv-implementation-color-read-format-dsa-broken
    nv-cubemap-inconsistent-compressed-image-size
    nv-cubemap-broken-full-compressed-image-query
    nv-compressed-block-size-in-bits
I0919 15:40:04.340871 2043707 ResourceManager.cpp:234] ResourceManager::loadStage : Not loading semantic mesh
I0919 15:40:04.340883 2043707 ResourceManager.cpp:262] ResourceManager::loadStage : start load render asset /mnt/data_nas/deeprobotics/daiyang/vla/third_party/ETP-R1/data/scene_datasets/mp3d/82sE5b5pLXE/82sE5b5pLXE.glb.
I0919 15:40:04.340885 2043707 ResourceManager.cpp:569] ResourceManager::loadStageInternal : Attempting to load stage /mnt/data_nas/deeprobotics/daiyang/vla/third_party/ETP-R1/data/scene_datasets/mp3d/82sE5b5pLXE/82sE5b5pLXE.glb 
I0919 15:40:04.340906 2043707 ResourceManager.cpp:1119] Importing Basis files as BC7 for 82sE5b5pLXE.glb
W0919 15:40:06.427286 2043707 Simulator.cpp:248] :
---
 The active scene does not contain semantic annotations. 
---
I0919 15:40:06.464476 2043707 simulator.py:213] Loaded navmesh /mnt/data_nas/deeprobotics/daiyang/vla/third_party/ETP-R1/data/scene_datasets/mp3d/82sE5b5pLXE/82sE5b5pLXE.navmesh
I0919 15:42:20.164397 2043707 PhysicsManager.cpp:33] Deconstructing PhysicsManager
I0919 15:42:20.164441 2043707 SemanticScene.h:41] Deconstructing SemanticScene
I0919 15:42:20.166164 2043707 SceneManager.h:25] Deconstructing SceneManager
I0919 15:42:20.166173 2043707 SceneGraph.h:26] Deconstructing SceneGraph
I0919 15:42:20.166435 2043707 Sensor.h:87] Deconstructing Sensor
I0919 15:42:20.169893 2043707 Renderer.cpp:34] Deconstructing Renderer
I0919 15:42:20.169912 2043707 WindowlessContext.h:17] Deconstructing WindowlessContext
I0919 15:42:20.185739 2043707 ManagedContainerBase.cpp:19] ManagedContainerBase::convertFilenameToJSON : Filename : default changed to proposed JSON configuration filename : default.scene_dataset_config.json
I0919 15:42:20.185756 2043707 AttributesManagerBase.h:283] AttributesManager<T>::createFromJsonOrDefaultInternal  (Dataset) : Proposing JSON name : default.scene_dataset_config.json from original name : default | This file  does not exist.
I0919 15:42:20.186487 2043707 AssetAttributesManager.cpp:117] Asset attributes (capsule3DSolid : capsule3DSolid_hemiRings_4_cylRings_1_segments_12_halfLen_0.75_useTexCoords_false_useTangents_false) created and registered.
I0919 15:42:20.186515 2043707 AssetAttributesManager.cpp:117] Asset attributes (capsule3DWireframe : capsule3DWireframe_hemiRings_8_cylRings_1_segments_16_halfLen_1) created and registered.
I0919 15:42:20.186539 2043707 AssetAttributesManager.cpp:117] Asset attributes (coneSolid : coneSolid_segments_12_halfLen_1.25_rings_1_useTexCoords_false_useTangents_false_capEnd_true) created and registered.
I0919 15:42:20.186553 2043707 AssetAttributesManager.cpp:117] Asset attributes (coneWireframe : coneWireframe_segments_32_halfLen_1.25) created and registered.
I0919 15:42:20.186563 2043707 AssetAttributesManager.cpp:117] Asset attributes (cubeSolid : cubeSolid) created and registered.
I0919 15:42:20.186568 2043707 AssetAttributesManager.cpp:117] Asset attributes (cubeWireframe : cubeWireframe) created and registered.
I0919 15:42:20.186594 2043707 AssetAttributesManager.cpp:117] Asset attributes (cylinderSolid : cylinderSolid_rings_1_segments_12_halfLen_1_useTexCoords_false_useTangents_false_capEnds_true) created and registered.
I0919 15:42:20.186610 2043707 AssetAttributesManager.cpp:117] Asset attributes (cylinderWireframe : cylinderWireframe_rings_1_segments_32_halfLen_1) created and registered.
I0919 15:42:20.186620 2043707 AssetAttributesManager.cpp:117] Asset attributes (icosphereSolid : icosphereSolid_subdivs_1) created and registered.
I0919 15:42:20.186628 2043707 AssetAttributesManager.cpp:117] Asset attributes (icosphereWireframe : icosphereWireframe_subdivs_1) created and registered.
I0919 15:42:20.186641 2043707 AssetAttributesManager.cpp:117] Asset attributes (uvSphereSolid : uvSphereSolid_rings_8_segments_16_useTexCoords_false_useTangents_false) created and registered.
I0919 15:42:20.186653 2043707 AssetAttributesManager.cpp:117] Asset attributes (uvSphereWireframe : uvSphereWireframe_rings_16_segments_32) created and registered.
I0919 15:42:20.186659 2043707 AssetAttributesManager.cpp:105] AssetAttributesManager::buildCtorFuncPtrMaps : Built default primitive asset templates : 12
I0919 15:42:20.187055 2043707 SceneDatasetAttributesManager.cpp:23] File (default) not found, so new default dataset attributes created and registered.
I0919 15:42:20.187058 2043707 MetadataMediator.cpp:47] MetadataMediator::createDataset : Dataset default successfully created.
I0919 15:42:20.187251 2043707 AttributesManagerBase.h:283] AttributesManager<T>::createFromJsonOrDefaultInternal  (Physics Manager) : Proposing JSON name : ./data/default.physics_config.json from original name : ./data/default.physics_config.json | This file  does not exist.
I0919 15:42:20.187263 2043707 PhysicsAttributesManager.cpp:27] File (./data/default.physics_config.json) not found, so new default physics manager attributes created and registered.
I0919 15:42:20.187266 2043707 AbstractObjectAttributesManagerBase.h:175] AbstractObjectAttributesManager<T>::createObject  (Stage) : Making attributes with handle : /mnt/data_nas/deeprobotics/daiyang/vla/third_party/ETP-R1/data/scene_datasets/mp3d/B6ByNegPMKs/B6ByNegPMKs.glb
I0919 15:42:20.187275 2043707 ManagedContainerBase.cpp:19] ManagedContainerBase::convertFilenameToJSON : Filename : /mnt/data_nas/deeprobotics/daiyang/vla/third_party/ETP-R1/data/scene_datasets/mp3d/B6ByNegPMKs/B6ByNegPMKs.glb changed to proposed JSON configuration filename : /mnt/data_nas/deeprobotics/daiyang/vla/third_party/ETP-R1/data/scene_datasets/mp3d/B6ByNegPMKs/B6ByNegPMKs.stage_config.json
I0919 15:42:20.187286 2043707 AttributesManagerBase.h:283] AttributesManager<T>::createFromJsonOrDefaultInternal  (Stage) : Proposing JSON name : /mnt/data_nas/deeprobotics/daiyang/vla/third_party/ETP-R1/data/scene_datasets/mp3d/B6ByNegPMKs/B6ByNegPMKs.stage_config.json from original name : /mnt/data_nas/deeprobotics/daiyang/vla/third_party/ETP-R1/data/scene_datasets/mp3d/B6ByNegPMKs/B6ByNegPMKs.glb | This file  does not exist.
I0919 15:42:20.187335 2043707 AbstractObjectAttributesManagerBase.h:181] AbstractObjectAttributesManager<T>::createObject  (Stage) : Done making attributes with handle : /mnt/data_nas/deeprobotics/daiyang/vla/third_party/ETP-R1/data/scene_datasets/mp3d/B6ByNegPMKs/B6ByNegPMKs.glb
I0919 15:42:20.187335 2043707 AbstractObjectAttributesManagerBase.h:188] File (/mnt/data_nas/deeprobotics/daiyang/vla/third_party/ETP-R1/data/scene_datasets/mp3d/B6ByNegPMKs/B6ByNegPMKs.glb) exists but is not a recognized config filename extension, so new default Stage attributes created and registered.
I0919 15:42:20.187340 2043707 Simulator.cpp:156] Loading navmesh from /mnt/data_nas/deeprobotics/daiyang/vla/third_party/ETP-R1/data/scene_datasets/mp3d/B6ByNegPMKs/B6ByNegPMKs.navmesh
I0919 15:42:20.188499 2043707 Simulator.cpp:158] Loaded.
I0919 15:42:20.188508 2043707 SceneGraph.h:93] Created DrawableGroup: 
Renderer: NVIDIA GeForce RTX 5090/PCIe/SSE2 by NVIDIA Corporation
OpenGL version: 4.6.0 NVIDIA 580.126.09
Using optional features:
    GL_ARB_ES2_compatibility
    GL_ARB_direct_state_access
    GL_ARB_get_texture_sub_image
    GL_ARB_invalidate_subdata
    GL_ARB_multi_bind
    GL_ARB_robustness
    GL_ARB_separate_shader_objects
    GL_ARB_texture_filter_anisotropic
    GL_ARB_texture_storage
    GL_ARB_texture_storage_multisample
    GL_ARB_vertex_array_object
    GL_KHR_debug
Using driver workarounds:
    no-forward-compatible-core-context
    nv-egl-incorrect-gl11-function-pointers
    no-layout-qualifiers-on-old-glsl
    nv-zero-context-profile-mask
    nv-implementation-color-read-format-dsa-broken
    nv-cubemap-inconsistent-compressed-image-size
    nv-cubemap-broken-full-compressed-image-query
    nv-compressed-block-size-in-bits
I0919 15:42:20.192127 2043707 ResourceManager.cpp:234] ResourceManager::loadStage : Not loading semantic mesh
I0919 15:42:20.192137 2043707 ResourceManager.cpp:262] ResourceManager::loadStage : start load render asset /mnt/data_nas/deeprobotics/daiyang/vla/third_party/ETP-R1/data/scene_datasets/mp3d/B6ByNegPMKs/B6ByNegPMKs.glb.
I0919 15:42:20.192138 2043707 ResourceManager.cpp:569] ResourceManager::loadStageInternal : Attempting to load stage /mnt/data_nas/deeprobotics/daiyang/vla/third_party/ETP-R1/data/scene_datasets/mp3d/B6ByNegPMKs/B6ByNegPMKs.glb 
I0919 15:42:20.192157 2043707 ResourceManager.cpp:1119] Importing Basis files as BC7 for B6ByNegPMKs.glb
W0919 15:42:29.832381 2043707 Simulator.cpp:248] :
---
 The active scene does not contain semantic annotations. 
---
I0919 15:42:30.028588 2043707 simulator.py:213] Loaded navmesh /mnt/data_nas/deeprobotics/daiyang/vla/third_party/ETP-R1/data/scene_datasets/mp3d/B6ByNegPMKs/B6ByNegPMKs.navmesh
I0919 15:43:55.208904 2043707 PhysicsManager.cpp:33] Deconstructing PhysicsManager
I0919 15:43:55.208953 2043707 SemanticScene.h:41] Deconstructing SemanticScene
I0919 15:43:55.224984 2043707 SceneManager.h:25] Deconstructing SceneManager
I0919 15:43:55.225001 2043707 SceneGraph.h:26] Deconstructing SceneGraph
I0919 15:43:55.225533 2043707 Sensor.h:87] Deconstructing Sensor
I0919 15:43:55.240180 2043707 Renderer.cpp:34] Deconstructing Renderer
I0919 15:43:55.240208 2043707 WindowlessContext.h:17] Deconstructing WindowlessContext
I0919 15:43:55.255789 2043707 ManagedContainerBase.cpp:19] ManagedContainerBase::convertFilenameToJSON : Filename : default changed to proposed JSON configuration filename : default.scene_dataset_config.json
I0919 15:43:55.255810 2043707 AttributesManagerBase.h:283] AttributesManager<T>::createFromJsonOrDefaultInternal  (Dataset) : Proposing JSON name : default.scene_dataset_config.json from original name : default | This file  does not exist.
I0919 15:43:55.255894 2043707 AssetAttributesManager.cpp:117] Asset attributes (capsule3DSolid : capsule3DSolid_hemiRings_4_cylRings_1_segments_12_halfLen_0.75_useTexCoords_false_useTangents_false) created and registered.
I0919 15:43:55.255921 2043707 AssetAttributesManager.cpp:117] Asset attributes (capsule3DWireframe : capsule3DWireframe_hemiRings_8_cylRings_1_segments_16_halfLen_1) created and registered.
I0919 15:43:55.255946 2043707 AssetAttributesManager.cpp:117] Asset attributes (coneSolid : coneSolid_segments_12_halfLen_1.25_rings_1_useTexCoords_false_useTangents_false_capEnd_true) created and registered.
I0919 15:43:55.255961 2043707 AssetAttributesManager.cpp:117] Asset attributes (coneWireframe : coneWireframe_segments_32_halfLen_1.25) created and registered.
I0919 15:43:55.255971 2043707 AssetAttributesManager.cpp:117] Asset attributes (cubeSolid : cubeSolid) created and registered.
I0919 15:43:55.255977 2043707 AssetAttributesManager.cpp:117] Asset attributes (cubeWireframe : cubeWireframe) created and registered.
I0919 15:43:55.255997 2043707 AssetAttributesManager.cpp:117] Asset attributes (cylinderSolid : cylinderSolid_rings_1_segments_12_halfLen_1_useTexCoords_false_useTangents_false_capEnds_true) created and registered.
I0919 15:43:55.256014 2043707 AssetAttributesManager.cpp:117] Asset attributes (cylinderWireframe : cylinderWireframe_rings_1_segments_32_halfLen_1) created and registered.
I0919 15:43:55.256024 2043707 AssetAttributesManager.cpp:117] Asset attributes (icosphereSolid : icosphereSolid_subdivs_1) created and registered.
I0919 15:43:55.256040 2043707 AssetAttributesManager.cpp:117] Asset attributes (icosphereWireframe : icosphereWireframe_subdivs_1) created and registered.
I0919 15:43:55.256054 2043707 AssetAttributesManager.cpp:117] Asset attributes (uvSphereSolid : uvSphereSolid_rings_8_segments_16_useTexCoords_false_useTangents_false) created and registered.
I0919 15:43:55.256067 2043707 AssetAttributesManager.cpp:117] Asset attributes (uvSphereWireframe : uvSphereWireframe_rings_16_segments_32) created and registered.
I0919 15:43:55.256073 2043707 AssetAttributesManager.cpp:105] AssetAttributesManager::buildCtorFuncPtrMaps : Built default primitive asset templates : 12
I0919 15:43:55.256482 2043707 SceneDatasetAttributesManager.cpp:23] File (default) not found, so new default dataset attributes created and registered.
I0919 15:43:55.256485 2043707 MetadataMediator.cpp:47] MetadataMediator::createDataset : Dataset default successfully created.
I0919 15:43:55.256703 2043707 AttributesManagerBase.h:283] AttributesManager<T>::createFromJsonOrDefaultInternal  (Physics Manager) : Proposing JSON name : ./data/default.physics_config.json from original name : ./data/default.physics_config.json | This file  does not exist.
I0919 15:43:55.256716 2043707 PhysicsAttributesManager.cpp:27] File (./data/default.physics_config.json) not found, so new default physics manager attributes created and registered.
I0919 15:43:55.256718 2043707 AbstractObjectAttributesManagerBase.h:175] AbstractObjectAttributesManager<T>::createObject  (Stage) : Making attributes with handle : /mnt/data_nas/deeprobotics/daiyang/vla/third_party/ETP-R1/data/scene_datasets/mp3d/aayBHfsNo7d/aayBHfsNo7d.glb
I0919 15:43:55.256722 2043707 ManagedContainerBase.cpp:19] ManagedContainerBase::convertFilenameToJSON : Filename : /mnt/data_nas/deeprobotics/daiyang/vla/third_party/ETP-R1/data/scene_datasets/mp3d/aayBHfsNo7d/aayBHfsNo7d.glb changed to proposed JSON configuration filename : /mnt/data_nas/deeprobotics/daiyang/vla/third_party/ETP-R1/data/scene_datasets/mp3d/aayBHfsNo7d/aayBHfsNo7d.stage_config.json
I0919 15:43:55.256732 2043707 AttributesManagerBase.h:283] AttributesManager<T>::createFromJsonOrDefaultInternal  (Stage) : Proposing JSON name : /mnt/data_nas/deeprobotics/daiyang/vla/third_party/ETP-R1/data/scene_datasets/mp3d/aayBHfsNo7d/aayBHfsNo7d.stage_config.json from original name : /mnt/data_nas/deeprobotics/daiyang/vla/third_party/ETP-R1/data/scene_datasets/mp3d/aayBHfsNo7d/aayBHfsNo7d.glb | This file  does not exist.
I0919 15:43:55.256781 2043707 AbstractObjectAttributesManagerBase.h:181] AbstractObjectAttributesManager<T>::createObject  (Stage) : Done making attributes with handle : /mnt/data_nas/deeprobotics/daiyang/vla/third_party/ETP-R1/data/scene_datasets/mp3d/aayBHfsNo7d/aayBHfsNo7d.glb
I0919 15:43:55.256783 2043707 AbstractObjectAttributesManagerBase.h:188] File (/mnt/data_nas/deeprobotics/daiyang/vla/third_party/ETP-R1/data/scene_datasets/mp3d/aayBHfsNo7d/aayBHfsNo7d.glb) exists but is not a recognized config filename extension, so new default Stage attributes created and registered.
I0919 15:43:55.256788 2043707 Simulator.cpp:156] Loading navmesh from /mnt/data_nas/deeprobotics/daiyang/vla/third_party/ETP-R1/data/scene_datasets/mp3d/aayBHfsNo7d/aayBHfsNo7d.navmesh
I0919 15:43:55.257555 2043707 Simulator.cpp:158] Loaded.
I0919 15:43:55.257563 2043707 SceneGraph.h:93] Created DrawableGroup: 
Renderer: NVIDIA GeForce RTX 5090/PCIe/SSE2 by NVIDIA Corporation
OpenGL version: 4.6.0 NVIDIA 580.126.09
Using optional features:
    GL_ARB_ES2_compatibility
    GL_ARB_direct_state_access
    GL_ARB_get_texture_sub_image
    GL_ARB_invalidate_subdata
    GL_ARB_multi_bind
    GL_ARB_robustness
    GL_ARB_separate_shader_objects
    GL_ARB_texture_filter_anisotropic
    GL_ARB_texture_storage
    GL_ARB_texture_storage_multisample
    GL_ARB_vertex_array_object
    GL_KHR_debug
Using driver workarounds:
    no-forward-compatible-core-context
    nv-egl-incorrect-gl11-function-pointers
    no-layout-qualifiers-on-old-glsl
    nv-zero-context-profile-mask
    nv-implementation-color-read-format-dsa-broken
    nv-cubemap-inconsistent-compressed-image-size
    nv-cubemap-broken-full-compressed-image-query
    nv-compressed-block-size-in-bits
I0919 15:43:55.261327 2043707 ResourceManager.cpp:234] ResourceManager::loadStage : Not loading semantic mesh
I0919 15:43:55.261336 2043707 ResourceManager.cpp:262] ResourceManager::loadStage : start load render asset /mnt/data_nas/deeprobotics/daiyang/vla/third_party/ETP-R1/data/scene_datasets/mp3d/aayBHfsNo7d/aayBHfsNo7d.glb.
I0919 15:43:55.261338 2043707 ResourceManager.cpp:569] ResourceManager::loadStageInternal : Attempting to load stage /mnt/data_nas/deeprobotics/daiyang/vla/third_party/ETP-R1/data/scene_datasets/mp3d/aayBHfsNo7d/aayBHfsNo7d.glb 
I0919 15:43:55.261355 2043707 ResourceManager.cpp:1119] Importing Basis files as BC7 for aayBHfsNo7d.glb
W0919 15:43:56.821625 2043707 Simulator.cpp:248] :
---
 The active scene does not contain semantic annotations. 
---
I0919 15:43:56.864681 2043707 simulator.py:213] Loaded navmesh /mnt/data_nas/deeprobotics/daiyang/vla/third_party/ETP-R1/data/scene_datasets/mp3d/aayBHfsNo7d/aayBHfsNo7d.navmesh
I0919 15:44:39.376567 2043707 PhysicsManager.cpp:33] Deconstructing PhysicsManager
I0919 15:44:39.376597 2043707 SemanticScene.h:41] Deconstructing SemanticScene
I0919 15:44:39.380144 2043707 SceneManager.h:25] Deconstructing SceneManager
I0919 15:44:39.380154 2043707 SceneGraph.h:26] Deconstructing SceneGraph
I0919 15:44:39.380370 2043707 Sensor.h:87] Deconstructing Sensor
I0919 15:44:39.383330 2043707 Renderer.cpp:34] Deconstructing Renderer
I0919 15:44:39.383355 2043707 WindowlessContext.h:17] Deconstructing WindowlessContext
