WARNING: Logging before InitGoogleLogging() is written to STDERR
I0919 06:40:01.928787 1856845 ManagedContainerBase.cpp:19] ManagedContainerBase::convertFilenameToJSON : Filename : default changed to proposed JSON configuration filename : default.scene_dataset_config.json
I0919 06:40:01.928822 1856845 AttributesManagerBase.h:283] AttributesManager<T>::createFromJsonOrDefaultInternal  (Dataset) : Proposing JSON name : default.scene_dataset_config.json from original name : default | This file  does not exist.
I0919 06:40:01.928898 1856845 AssetAttributesManager.cpp:117] Asset attributes (capsule3DSolid : capsule3DSolid_hemiRings_4_cylRings_1_segments_12_halfLen_0.75_useTexCoords_false_useTangents_false) created and registered.
I0919 06:40:01.928925 1856845 AssetAttributesManager.cpp:117] Asset attributes (capsule3DWireframe : capsule3DWireframe_hemiRings_8_cylRings_1_segments_16_halfLen_1) created and registered.
I0919 06:40:01.928947 1856845 AssetAttributesManager.cpp:117] Asset attributes (coneSolid : coneSolid_segments_12_halfLen_1.25_rings_1_useTexCoords_false_useTangents_false_capEnd_true) created and registered.
I0919 06:40:01.928962 1856845 AssetAttributesManager.cpp:117] Asset attributes (coneWireframe : coneWireframe_segments_32_halfLen_1.25) created and registered.
I0919 06:40:01.928972 1856845 AssetAttributesManager.cpp:117] Asset attributes (cubeSolid : cubeSolid) created and registered.
I0919 06:40:01.928978 1856845 AssetAttributesManager.cpp:117] Asset attributes (cubeWireframe : cubeWireframe) created and registered.
I0919 06:40:01.928998 1856845 AssetAttributesManager.cpp:117] Asset attributes (cylinderSolid : cylinderSolid_rings_1_segments_12_halfLen_1_useTexCoords_false_useTangents_false_capEnds_true) created and registered.
I0919 06:40:01.929015 1856845 AssetAttributesManager.cpp:117] Asset attributes (cylinderWireframe : cylinderWireframe_rings_1_segments_32_halfLen_1) created and registered.
I0919 06:40:01.929025 1856845 AssetAttributesManager.cpp:117] Asset attributes (icosphereSolid : icosphereSolid_subdivs_1) created and registered.
I0919 06:40:01.929037 1856845 AssetAttributesManager.cpp:117] Asset attributes (icosphereWireframe : icosphereWireframe_subdivs_1) created and registered.
I0919 06:40:01.929051 1856845 AssetAttributesManager.cpp:117] Asset attributes (uvSphereSolid : uvSphereSolid_rings_8_segments_16_useTexCoords_false_useTangents_false) created and registered.
I0919 06:40:01.929062 1856845 AssetAttributesManager.cpp:117] Asset attributes (uvSphereWireframe : uvSphereWireframe_rings_16_segments_32) created and registered.
I0919 06:40:01.929067 1856845 AssetAttributesManager.cpp:105] AssetAttributesManager::buildCtorFuncPtrMaps : Built default primitive asset templates : 12
I0919 06:40:01.929471 1856845 SceneDatasetAttributesManager.cpp:23] File (default) not found, so new default dataset attributes created and registered.
I0919 06:40:01.929474 1856845 MetadataMediator.cpp:47] MetadataMediator::createDataset : Dataset default successfully created.
I0919 06:40:01.932106 1856845 AttributesManagerBase.h:283] AttributesManager<T>::createFromJsonOrDefaultInternal  (Physics Manager) : Proposing JSON name : ./data/default.physics_config.json from original name : ./data/default.physics_config.json | This file  does not exist.
I0919 06:40:01.932119 1856845 PhysicsAttributesManager.cpp:27] File (./data/default.physics_config.json) not found, so new default physics manager attributes created and registered.
I0919 06:40:01.932122 1856845 AbstractObjectAttributesManagerBase.h:175] AbstractObjectAttributesManager<T>::createObject  (Stage) : Making attributes with handle : /mnt/data_nas/deeprobotics/daiyang/vla/third_party/ETP-R1/data/scene_datasets/mp3d/PuKPg4mmafe/PuKPg4mmafe.glb
I0919 06:40:01.932127 1856845 ManagedContainerBase.cpp:19] ManagedContainerBase::convertFilenameToJSON : Filename : /mnt/data_nas/deeprobotics/daiyang/vla/third_party/ETP-R1/data/scene_datasets/mp3d/PuKPg4mmafe/PuKPg4mmafe.glb changed to proposed JSON configuration filename : /mnt/data_nas/deeprobotics/daiyang/vla/third_party/ETP-R1/data/scene_datasets/mp3d/PuKPg4mmafe/PuKPg4mmafe.stage_config.json
I0919 06:40:01.932140 1856845 AttributesManagerBase.h:283] AttributesManager<T>::createFromJsonOrDefaultInternal  (Stage) : Proposing JSON name : /mnt/data_nas/deeprobotics/daiyang/vla/third_party/ETP-R1/data/scene_datasets/mp3d/PuKPg4mmafe/PuKPg4mmafe.stage_config.json from original name : /mnt/data_nas/deeprobotics/daiyang/vla/third_party/ETP-R1/data/scene_datasets/mp3d/PuKPg4mmafe/PuKPg4mmafe.glb | This file  does not exist.
I0919 06:40:01.932188 1856845 AbstractObjectAttributesManagerBase.h:181] AbstractObjectAttributesManager<T>::createObject  (Stage) : Done making attributes with handle : /mnt/data_nas/deeprobotics/daiyang/vla/third_party/ETP-R1/data/scene_datasets/mp3d/PuKPg4mmafe/PuKPg4mmafe.glb
I0919 06:40:01.932189 1856845 AbstractObjectAttributesManagerBase.h:188] File (/mnt/data_nas/deeprobotics/daiyang/vla/third_party/ETP-R1/data/scene_datasets/mp3d/PuKPg4mmafe/PuKPg4mmafe.glb) exists but is not a recognized config filename extension, so new default Stage attributes created and registered.
I0919 06:40:01.932199 1856845 Simulator.cpp:156] Loading navmesh from /mnt/data_nas/deeprobotics/daiyang/vla/third_party/ETP-R1/data/scene_datasets/mp3d/PuKPg4mmafe/PuKPg4mmafe.navmesh
I0919 06:40:01.933094 1856845 Simulator.cpp:158] Loaded.
I0919 06:40:01.933105 1856845 SceneGraph.h:93] Created DrawableGroup: 
Renderer: NVIDIA GeForce RTX 5090/PCIe/SSE2 by NVIDIA Corporation
OpenGL version: 4.6.0 NVIDIA 580.126.09
Using optional features:
    GL_ARB_ES2_compatibility
    GL_ARB_direct_state_access
    GL_ARB_get_texture_sub_image
    GL_ARB_invalidate_subdata
    GL_ARB_multi_bind
    GL_ARB_robustness
    GL_ARB_separate_shader_objects
    GL_ARB_texture_filter_anisotropic
    GL_ARB_texture_storage
    GL_ARB_texture_storage_multisample
    GL_ARB_vertex_array_object
    GL_KHR_debug
Using driver workarounds:
    no-forward-compatible-core-context
    nv-egl-incorrect-gl11-function-pointers
    no-layout-qualifiers-on-old-glsl
    nv-zero-context-profile-mask
    nv-implementation-color-read-format-dsa-broken
    nv-cubemap-inconsistent-compressed-image-size
    nv-cubemap-broken-full-compressed-image-query
    nv-compressed-block-size-in-bits
I0919 06:40:02.215297 1856845 ResourceManager.cpp:234] ResourceManager::loadStage : Not loading semantic mesh
I0919 06:40:02.215312 1856845 ResourceManager.cpp:262] ResourceManager::loadStage : start load render asset /mnt/data_nas/deeprobotics/daiyang/vla/third_party/ETP-R1/data/scene_datasets/mp3d/PuKPg4mmafe/PuKPg4mmafe.glb.
I0919 06:40:02.215314 1856845 ResourceManager.cpp:569] ResourceManager::loadStageInternal : Attempting to load stage /mnt/data_nas/deeprobotics/daiyang/vla/third_party/ETP-R1/data/scene_datasets/mp3d/PuKPg4mmafe/PuKPg4mmafe.glb 
I0919 06:40:02.215338 1856845 ResourceManager.cpp:1119] Importing Basis files as BC7 for PuKPg4mmafe.glb
W0919 06:40:07.145190 1856845 Simulator.cpp:248] :
---
 The active scene does not contain semantic annotations. 
---
I0919 06:40:07.165216 1856845 simulator.py:213] Loaded navmesh /mnt/data_nas/deeprobotics/daiyang/vla/third_party/ETP-R1/data/scene_datasets/mp3d/PuKPg4mmafe/PuKPg4mmafe.navmesh
I0919 06:41:44.994902 1856845 PhysicsManager.cpp:33] Deconstructing PhysicsManager
I0919 06:41:44.994952 1856845 SemanticScene.h:41] Deconstructing SemanticScene
I0919 06:41:44.995810 1856845 SceneManager.h:25] Deconstructing SceneManager
I0919 06:41:44.995813 1856845 SceneGraph.h:26] Deconstructing SceneGraph
I0919 06:41:44.996033 1856845 Sensor.h:87] Deconstructing Sensor
I0919 06:41:45.000815 1856845 Renderer.cpp:34] Deconstructing Renderer
I0919 06:41:45.000845 1856845 WindowlessContext.h:17] Deconstructing WindowlessContext
I0919 06:41:45.016688 1856845 ManagedContainerBase.cpp:19] ManagedContainerBase::convertFilenameToJSON : Filename : default changed to proposed JSON configuration filename : default.scene_dataset_config.json
I0919 06:41:45.016710 1856845 AttributesManagerBase.h:283] AttributesManager<T>::createFromJsonOrDefaultInternal  (Dataset) : Proposing JSON name : default.scene_dataset_config.json from original name : default | This file  does not exist.
I0919 06:41:45.016810 1856845 AssetAttributesManager.cpp:117] Asset attributes (capsule3DSolid : capsule3DSolid_hemiRings_4_cylRings_1_segments_12_halfLen_0.75_useTexCoords_false_useTangents_false) created and registered.
I0919 06:41:45.016839 1856845 AssetAttributesManager.cpp:117] Asset attributes (capsule3DWireframe : capsule3DWireframe_hemiRings_8_cylRings_1_segments_16_halfLen_1) created and registered.
I0919 06:41:45.016862 1856845 AssetAttributesManager.cpp:117] Asset attributes (coneSolid : coneSolid_segments_12_halfLen_1.25_rings_1_useTexCoords_false_useTangents_false_capEnd_true) created and registered.
I0919 06:41:45.016877 1856845 AssetAttributesManager.cpp:117] Asset attributes (coneWireframe : coneWireframe_segments_32_halfLen_1.25) created and registered.
I0919 06:41:45.016885 1856845 AssetAttributesManager.cpp:117] Asset attributes (cubeSolid : cubeSolid) created and registered.
I0919 06:41:45.016892 1856845 AssetAttributesManager.cpp:117] Asset attributes (cubeWireframe : cubeWireframe) created and registered.
I0919 06:41:45.016912 1856845 AssetAttributesManager.cpp:117] Asset attributes (cylinderSolid : cylinderSolid_rings_1_segments_12_halfLen_1_useTexCoords_false_useTangents_false_capEnds_true) created and registered.
I0919 06:41:45.016929 1856845 AssetAttributesManager.cpp:117] Asset attributes (cylinderWireframe : cylinderWireframe_rings_1_segments_32_halfLen_1) created and registered.
I0919 06:41:45.016939 1856845 AssetAttributesManager.cpp:117] Asset attributes (icosphereSolid : icosphereSolid_subdivs_1) created and registered.
I0919 06:41:45.016949 1856845 AssetAttributesManager.cpp:117] Asset attributes (icosphereWireframe : icosphereWireframe_subdivs_1) created and registered.
I0919 06:41:45.016963 1856845 AssetAttributesManager.cpp:117] Asset attributes (uvSphereSolid : uvSphereSolid_rings_8_segments_16_useTexCoords_false_useTangents_false) created and registered.
I0919 06:41:45.016975 1856845 AssetAttributesManager.cpp:117] Asset attributes (uvSphereWireframe : uvSphereWireframe_rings_16_segments_32) created and registered.
I0919 06:41:45.016981 1856845 AssetAttributesManager.cpp:105] AssetAttributesManager::buildCtorFuncPtrMaps : Built default primitive asset templates : 12
I0919 06:41:45.017390 1856845 SceneDatasetAttributesManager.cpp:23] File (default) not found, so new default dataset attributes created and registered.
I0919 06:41:45.017392 1856845 MetadataMediator.cpp:47] MetadataMediator::createDataset : Dataset default successfully created.
I0919 06:41:45.017589 1856845 AttributesManagerBase.h:283] AttributesManager<T>::createFromJsonOrDefaultInternal  (Physics Manager) : Proposing JSON name : ./data/default.physics_config.json from original name : ./data/default.physics_config.json | This file  does not exist.
I0919 06:41:45.017601 1856845 PhysicsAttributesManager.cpp:27] File (./data/default.physics_config.json) not found, so new default physics manager attributes created and registered.
I0919 06:41:45.017604 1856845 AbstractObjectAttributesManagerBase.h:175] AbstractObjectAttributesManager<T>::createObject  (Stage) : Making attributes with handle : /mnt/data_nas/deeprobotics/daiyang/vla/third_party/ETP-R1/data/scene_datasets/mp3d/XcA2TqTSSAj/XcA2TqTSSAj.glb
I0919 06:41:45.017608 1856845 ManagedContainerBase.cpp:19] ManagedContainerBase::convertFilenameToJSON : Filename : /mnt/data_nas/deeprobotics/daiyang/vla/third_party/ETP-R1/data/scene_datasets/mp3d/XcA2TqTSSAj/XcA2TqTSSAj.glb changed to proposed JSON configuration filename : /mnt/data_nas/deeprobotics/daiyang/vla/third_party/ETP-R1/data/scene_datasets/mp3d/XcA2TqTSSAj/XcA2TqTSSAj.stage_config.json
I0919 06:41:45.017619 1856845 AttributesManagerBase.h:283] AttributesManager<T>::createFromJsonOrDefaultInternal  (Stage) : Proposing JSON name : /mnt/data_nas/deeprobotics/daiyang/vla/third_party/ETP-R1/data/scene_datasets/mp3d/XcA2TqTSSAj/XcA2TqTSSAj.stage_config.json from original name : /mnt/data_nas/deeprobotics/daiyang/vla/third_party/ETP-R1/data/scene_datasets/mp3d/XcA2TqTSSAj/XcA2TqTSSAj.glb | This file  does not exist.
I0919 06:41:45.017670 1856845 AbstractObjectAttributesManagerBase.h:181] AbstractObjectAttributesManager<T>::createObject  (Stage) : Done making attributes with handle : /mnt/data_nas/deeprobotics/daiyang/vla/third_party/ETP-R1/data/scene_datasets/mp3d/XcA2TqTSSAj/XcA2TqTSSAj.glb
I0919 06:41:45.017671 1856845 AbstractObjectAttributesManagerBase.h:188] File (/mnt/data_nas/deeprobotics/daiyang/vla/third_party/ETP-R1/data/scene_datasets/mp3d/XcA2TqTSSAj/XcA2TqTSSAj.glb) exists but is not a recognized config filename extension, so new default Stage attributes created and registered.
I0919 06:41:45.017676 1856845 Simulator.cpp:156] Loading navmesh from /mnt/data_nas/deeprobotics/daiyang/vla/third_party/ETP-R1/data/scene_datasets/mp3d/XcA2TqTSSAj/XcA2TqTSSAj.navmesh
I0919 06:41:45.018437 1856845 Simulator.cpp:158] Loaded.
I0919 06:41:45.018445 1856845 SceneGraph.h:93] Created DrawableGroup: 
Renderer: NVIDIA GeForce RTX 5090/PCIe/SSE2 by NVIDIA Corporation
OpenGL version: 4.6.0 NVIDIA 580.126.09
Using optional features:
    GL_ARB_ES2_compatibility
    GL_ARB_direct_state_access
    GL_ARB_get_texture_sub_image
    GL_ARB_invalidate_subdata
    GL_ARB_multi_bind
    GL_ARB_robustness
    GL_ARB_separate_shader_objects
    GL_ARB_texture_filter_anisotropic
    GL_ARB_texture_storage
    GL_ARB_texture_storage_multisample
    GL_ARB_vertex_array_object
    GL_KHR_debug
Using driver workarounds:
    no-forward-compatible-core-context
    nv-egl-incorrect-gl11-function-pointers
    no-layout-qualifiers-on-old-glsl
    nv-zero-context-profile-mask
    nv-implementation-color-read-format-dsa-broken
    nv-cubemap-inconsistent-compressed-image-size
    nv-cubemap-broken-full-compressed-image-query
    nv-compressed-block-size-in-bits
I0919 06:41:45.026654 1856845 ResourceManager.cpp:234] ResourceManager::loadStage : Not loading semantic mesh
I0919 06:41:45.026664 1856845 ResourceManager.cpp:262] ResourceManager::loadStage : start load render asset /mnt/data_nas/deeprobotics/daiyang/vla/third_party/ETP-R1/data/scene_datasets/mp3d/XcA2TqTSSAj/XcA2TqTSSAj.glb.
I0919 06:41:45.026666 1856845 ResourceManager.cpp:569] ResourceManager::loadStageInternal : Attempting to load stage /mnt/data_nas/deeprobotics/daiyang/vla/third_party/ETP-R1/data/scene_datasets/mp3d/XcA2TqTSSAj/XcA2TqTSSAj.glb 
I0919 06:41:45.026692 1856845 ResourceManager.cpp:1119] Importing Basis files as BC7 for XcA2TqTSSAj.glb
W0919 06:41:46.946441 1856845 Simulator.cpp:248] :
---
 The active scene does not contain semantic annotations. 
---
I0919 06:41:46.994053 1856845 simulator.py:213] Loaded navmesh /mnt/data_nas/deeprobotics/daiyang/vla/third_party/ETP-R1/data/scene_datasets/mp3d/XcA2TqTSSAj/XcA2TqTSSAj.navmesh
I0919 06:44:59.066304 1856845 PhysicsManager.cpp:33] Deconstructing PhysicsManager
I0919 06:44:59.066342 1856845 SemanticScene.h:41] Deconstructing SemanticScene
I0919 06:44:59.068822 1856845 SceneManager.h:25] Deconstructing SceneManager
I0919 06:44:59.068836 1856845 SceneGraph.h:26] Deconstructing SceneGraph
I0919 06:44:59.069375 1856845 Sensor.h:87] Deconstructing Sensor
I0919 06:44:59.071676 1856845 Renderer.cpp:34] Deconstructing Renderer
I0919 06:44:59.071697 1856845 WindowlessContext.h:17] Deconstructing WindowlessContext
I0919 06:44:59.078372 1856845 ManagedContainerBase.cpp:19] ManagedContainerBase::convertFilenameToJSON : Filename : default changed to proposed JSON configuration filename : default.scene_dataset_config.json
I0919 06:44:59.078388 1856845 AttributesManagerBase.h:283] AttributesManager<T>::createFromJsonOrDefaultInternal  (Dataset) : Proposing JSON name : default.scene_dataset_config.json from original name : default | This file  does not exist.
I0919 06:44:59.078485 1856845 AssetAttributesManager.cpp:117] Asset attributes (capsule3DSolid : capsule3DSolid_hemiRings_4_cylRings_1_segments_12_halfLen_0.75_useTexCoords_false_useTangents_false) created and registered.
I0919 06:44:59.078511 1856845 AssetAttributesManager.cpp:117] Asset attributes (capsule3DWireframe : capsule3DWireframe_hemiRings_8_cylRings_1_segments_16_halfLen_1) created and registered.
I0919 06:44:59.078541 1856845 AssetAttributesManager.cpp:117] Asset attributes (coneSolid : coneSolid_segments_12_halfLen_1.25_rings_1_useTexCoords_false_useTangents_false_capEnd_true) created and registered.
I0919 06:44:59.078554 1856845 AssetAttributesManager.cpp:117] Asset attributes (coneWireframe : coneWireframe_segments_32_halfLen_1.25) created and registered.
I0919 06:44:59.078563 1856845 AssetAttributesManager.cpp:117] Asset attributes (cubeSolid : cubeSolid) created and registered.
I0919 06:44:59.078569 1856845 AssetAttributesManager.cpp:117] Asset attributes (cubeWireframe : cubeWireframe) created and registered.
I0919 06:44:59.078589 1856845 AssetAttributesManager.cpp:117] Asset attributes (cylinderSolid : cylinderSolid_rings_1_segments_12_halfLen_1_useTexCoords_false_useTangents_false_capEnds_true) created and registered.
I0919 06:44:59.078606 1856845 AssetAttributesManager.cpp:117] Asset attributes (cylinderWireframe : cylinderWireframe_rings_1_segments_32_halfLen_1) created and registered.
I0919 06:44:59.078616 1856845 AssetAttributesManager.cpp:117] Asset attributes (icosphereSolid : icosphereSolid_subdivs_1) created and registered.
I0919 06:44:59.078625 1856845 AssetAttributesManager.cpp:117] Asset attributes (icosphereWireframe : icosphereWireframe_subdivs_1) created and registered.
I0919 06:44:59.078639 1856845 AssetAttributesManager.cpp:117] Asset attributes (uvSphereSolid : uvSphereSolid_rings_8_segments_16_useTexCoords_false_useTangents_false) created and registered.
I0919 06:44:59.078652 1856845 AssetAttributesManager.cpp:117] Asset attributes (uvSphereWireframe : uvSphereWireframe_rings_16_segments_32) created and registered.
I0919 06:44:59.078658 1856845 AssetAttributesManager.cpp:105] AssetAttributesManager::buildCtorFuncPtrMaps : Built default primitive asset templates : 12
I0919 06:44:59.079052 1856845 SceneDatasetAttributesManager.cpp:23] File (default) not found, so new default dataset attributes created and registered.
I0919 06:44:59.079054 1856845 MetadataMediator.cpp:47] MetadataMediator::createDataset : Dataset default successfully created.
I0919 06:44:59.079242 1856845 AttributesManagerBase.h:283] AttributesManager<T>::createFromJsonOrDefaultInternal  (Physics Manager) : Proposing JSON name : ./data/default.physics_config.json from original name : ./data/default.physics_config.json | This file  does not exist.
I0919 06:44:59.079253 1856845 PhysicsAttributesManager.cpp:27] File (./data/default.physics_config.json) not found, so new default physics manager attributes created and registered.
I0919 06:44:59.079257 1856845 AbstractObjectAttributesManagerBase.h:175] AbstractObjectAttributesManager<T>::createObject  (Stage) : Making attributes with handle : /mnt/data_nas/deeprobotics/daiyang/vla/third_party/ETP-R1/data/scene_datasets/mp3d/aayBHfsNo7d/aayBHfsNo7d.glb
I0919 06:44:59.079262 1856845 ManagedContainerBase.cpp:19] ManagedContainerBase::convertFilenameToJSON : Filename : /mnt/data_nas/deeprobotics/daiyang/vla/third_party/ETP-R1/data/scene_datasets/mp3d/aayBHfsNo7d/aayBHfsNo7d.glb changed to proposed JSON configuration filename : /mnt/data_nas/deeprobotics/daiyang/vla/third_party/ETP-R1/data/scene_datasets/mp3d/aayBHfsNo7d/aayBHfsNo7d.stage_config.json
I0919 06:44:59.079277 1856845 AttributesManagerBase.h:283] AttributesManager<T>::createFromJsonOrDefaultInternal  (Stage) : Proposing JSON name : /mnt/data_nas/deeprobotics/daiyang/vla/third_party/ETP-R1/data/scene_datasets/mp3d/aayBHfsNo7d/aayBHfsNo7d.stage_config.json from original name : /mnt/data_nas/deeprobotics/daiyang/vla/third_party/ETP-R1/data/scene_datasets/mp3d/aayBHfsNo7d/aayBHfsNo7d.glb | This file  does not exist.
I0919 06:44:59.079324 1856845 AbstractObjectAttributesManagerBase.h:181] AbstractObjectAttributesManager<T>::createObject  (Stage) : Done making attributes with handle : /mnt/data_nas/deeprobotics/daiyang/vla/third_party/ETP-R1/data/scene_datasets/mp3d/aayBHfsNo7d/aayBHfsNo7d.glb
I0919 06:44:59.079325 1856845 AbstractObjectAttributesManagerBase.h:188] File (/mnt/data_nas/deeprobotics/daiyang/vla/third_party/ETP-R1/data/scene_datasets/mp3d/aayBHfsNo7d/aayBHfsNo7d.glb) exists but is not a recognized config filename extension, so new default Stage attributes created and registered.
I0919 06:44:59.079332 1856845 Simulator.cpp:156] Loading navmesh from /mnt/data_nas/deeprobotics/daiyang/vla/third_party/ETP-R1/data/scene_datasets/mp3d/aayBHfsNo7d/aayBHfsNo7d.navmesh
I0919 06:44:59.080097 1856845 Simulator.cpp:158] Loaded.
I0919 06:44:59.080104 1856845 SceneGraph.h:93] Created DrawableGroup: 
Renderer: NVIDIA GeForce RTX 5090/PCIe/SSE2 by NVIDIA Corporation
OpenGL version: 4.6.0 NVIDIA 580.126.09
Using optional features:
    GL_ARB_ES2_compatibility
    GL_ARB_direct_state_access
    GL_ARB_get_texture_sub_image
    GL_ARB_invalidate_subdata
    GL_ARB_multi_bind
    GL_ARB_robustness
    GL_ARB_separate_shader_objects
    GL_ARB_texture_filter_anisotropic
    GL_ARB_texture_storage
    GL_ARB_texture_storage_multisample
    GL_ARB_vertex_array_object
    GL_KHR_debug
Using driver workarounds:
    no-forward-compatible-core-context
    nv-egl-incorrect-gl11-function-pointers
    no-layout-qualifiers-on-old-glsl
    nv-zero-context-profile-mask
    nv-implementation-color-read-format-dsa-broken
    nv-cubemap-inconsistent-compressed-image-size
    nv-cubemap-broken-full-compressed-image-query
    nv-compressed-block-size-in-bits
I0919 06:44:59.083519 1856845 ResourceManager.cpp:234] ResourceManager::loadStage : Not loading semantic mesh
I0919 06:44:59.083527 1856845 ResourceManager.cpp:262] ResourceManager::loadStage : start load render asset /mnt/data_nas/deeprobotics/daiyang/vla/third_party/ETP-R1/data/scene_datasets/mp3d/aayBHfsNo7d/aayBHfsNo7d.glb.
I0919 06:44:59.083529 1856845 ResourceManager.cpp:569] ResourceManager::loadStageInternal : Attempting to load stage /mnt/data_nas/deeprobotics/daiyang/vla/third_party/ETP-R1/data/scene_datasets/mp3d/aayBHfsNo7d/aayBHfsNo7d.glb 
I0919 06:44:59.083544 1856845 ResourceManager.cpp:1119] Importing Basis files as BC7 for aayBHfsNo7d.glb
W0919 06:45:00.613534 1856845 Simulator.cpp:248] :
---
 The active scene does not contain semantic annotations. 
---
I0919 06:45:00.653577 1856845 simulator.py:213] Loaded navmesh /mnt/data_nas/deeprobotics/daiyang/vla/third_party/ETP-R1/data/scene_datasets/mp3d/aayBHfsNo7d/aayBHfsNo7d.navmesh
I0919 06:45:38.441664 1856845 PhysicsManager.cpp:33] Deconstructing PhysicsManager
I0919 06:45:38.441704 1856845 SemanticScene.h:41] Deconstructing SemanticScene
I0919 06:45:38.443781 1856845 SceneManager.h:25] Deconstructing SceneManager
I0919 06:45:38.443789 1856845 SceneGraph.h:26] Deconstructing SceneGraph
I0919 06:45:38.443994 1856845 Sensor.h:87] Deconstructing Sensor
I0919 06:45:38.445953 1856845 Renderer.cpp:34] Deconstructing Renderer
I0919 06:45:38.445973 1856845 WindowlessContext.h:17] Deconstructing WindowlessContext
I0919 06:45:38.451568 1856845 ManagedContainerBase.cpp:19] ManagedContainerBase::convertFilenameToJSON : Filename : default changed to proposed JSON configuration filename : default.scene_dataset_config.json
I0919 06:45:38.451586 1856845 AttributesManagerBase.h:283] AttributesManager<T>::createFromJsonOrDefaultInternal  (Dataset) : Proposing JSON name : default.scene_dataset_config.json from original name : default | This file  does not exist.
I0919 06:45:38.451673 1856845 AssetAttributesManager.cpp:117] Asset attributes (capsule3DSolid : capsule3DSolid_hemiRings_4_cylRings_1_segments_12_halfLen_0.75_useTexCoords_false_useTangents_false) created and registered.
I0919 06:45:38.451699 1856845 AssetAttributesManager.cpp:117] Asset attributes (capsule3DWireframe : capsule3DWireframe_hemiRings_8_cylRings_1_segments_16_halfLen_1) created and registered.
I0919 06:45:38.451721 1856845 AssetAttributesManager.cpp:117] Asset attributes (coneSolid : coneSolid_segments_12_halfLen_1.25_rings_1_useTexCoords_false_useTangents_false_capEnd_true) created and registered.
I0919 06:45:38.451737 1856845 AssetAttributesManager.cpp:117] Asset attributes (coneWireframe : coneWireframe_segments_32_halfLen_1.25) created and registered.
I0919 06:45:38.451750 1856845 AssetAttributesManager.cpp:117] Asset attributes (cubeSolid : cubeSolid) created and registered.
I0919 06:45:38.451756 1856845 AssetAttributesManager.cpp:117] Asset attributes (cubeWireframe : cubeWireframe) created and registered.
I0919 06:45:38.451776 1856845 AssetAttributesManager.cpp:117] Asset attributes (cylinderSolid : cylinderSolid_rings_1_segments_12_halfLen_1_useTexCoords_false_useTangents_false_capEnds_true) created and registered.
I0919 06:45:38.451793 1856845 AssetAttributesManager.cpp:117] Asset attributes (cylinderWireframe : cylinderWireframe_rings_1_segments_32_halfLen_1) created and registered.
I0919 06:45:38.451803 1856845 AssetAttributesManager.cpp:117] Asset attributes (icosphereSolid : icosphereSolid_subdivs_1) created and registered.
I0919 06:45:38.451812 1856845 AssetAttributesManager.cpp:117] Asset attributes (icosphereWireframe : icosphereWireframe_subdivs_1) created and registered.
I0919 06:45:38.451825 1856845 AssetAttributesManager.cpp:117] Asset attributes (uvSphereSolid : uvSphereSolid_rings_8_segments_16_useTexCoords_false_useTangents_false) created and registered.
I0919 06:45:38.451839 1856845 AssetAttributesManager.cpp:117] Asset attributes (uvSphereWireframe : uvSphereWireframe_rings_16_segments_32) created and registered.
I0919 06:45:38.451845 1856845 AssetAttributesManager.cpp:105] AssetAttributesManager::buildCtorFuncPtrMaps : Built default primitive asset templates : 12
I0919 06:45:38.452240 1856845 SceneDatasetAttributesManager.cpp:23] File (default) not found, so new default dataset attributes created and registered.
I0919 06:45:38.452242 1856845 MetadataMediator.cpp:47] MetadataMediator::createDataset : Dataset default successfully created.
I0919 06:45:38.452445 1856845 AttributesManagerBase.h:283] AttributesManager<T>::createFromJsonOrDefaultInternal  (Physics Manager) : Proposing JSON name : ./data/default.physics_config.json from original name : ./data/default.physics_config.json | This file  does not exist.
I0919 06:45:38.452457 1856845 PhysicsAttributesManager.cpp:27] File (./data/default.physics_config.json) not found, so new default physics manager attributes created and registered.
I0919 06:45:38.452461 1856845 AbstractObjectAttributesManagerBase.h:175] AbstractObjectAttributesManager<T>::createObject  (Stage) : Making attributes with handle : /mnt/data_nas/deeprobotics/daiyang/vla/third_party/ETP-R1/data/scene_datasets/mp3d/82sE5b5pLXE/82sE5b5pLXE.glb
I0919 06:45:38.452464 1856845 ManagedContainerBase.cpp:19] ManagedContainerBase::convertFilenameToJSON : Filename : /mnt/data_nas/deeprobotics/daiyang/vla/third_party/ETP-R1/data/scene_datasets/mp3d/82sE5b5pLXE/82sE5b5pLXE.glb changed to proposed JSON configuration filename : /mnt/data_nas/deeprobotics/daiyang/vla/third_party/ETP-R1/data/scene_datasets/mp3d/82sE5b5pLXE/82sE5b5pLXE.stage_config.json
I0919 06:45:38.453346 1856845 AttributesManagerBase.h:283] AttributesManager<T>::createFromJsonOrDefaultInternal  (Stage) : Proposing JSON name : /mnt/data_nas/deeprobotics/daiyang/vla/third_party/ETP-R1/data/scene_datasets/mp3d/82sE5b5pLXE/82sE5b5pLXE.stage_config.json from original name : /mnt/data_nas/deeprobotics/daiyang/vla/third_party/ETP-R1/data/scene_datasets/mp3d/82sE5b5pLXE/82sE5b5pLXE.glb | This file  does not exist.
I0919 06:45:38.453392 1856845 AbstractObjectAttributesManagerBase.h:181] AbstractObjectAttributesManager<T>::createObject  (Stage) : Done making attributes with handle : /mnt/data_nas/deeprobotics/daiyang/vla/third_party/ETP-R1/data/scene_datasets/mp3d/82sE5b5pLXE/82sE5b5pLXE.glb
I0919 06:45:38.453394 1856845 AbstractObjectAttributesManagerBase.h:188] File (/mnt/data_nas/deeprobotics/daiyang/vla/third_party/ETP-R1/data/scene_datasets/mp3d/82sE5b5pLXE/82sE5b5pLXE.glb) exists but is not a recognized config filename extension, so new default Stage attributes created and registered.
I0919 06:45:38.453399 1856845 Simulator.cpp:156] Loading navmesh from /mnt/data_nas/deeprobotics/daiyang/vla/third_party/ETP-R1/data/scene_datasets/mp3d/82sE5b5pLXE/82sE5b5pLXE.navmesh
I0919 06:45:38.454310 1856845 Simulator.cpp:158] Loaded.
I0919 06:45:38.454317 1856845 SceneGraph.h:93] Created DrawableGroup: 
Renderer: NVIDIA GeForce RTX 5090/PCIe/SSE2 by NVIDIA Corporation
OpenGL version: 4.6.0 NVIDIA 580.126.09
Using optional features:
    GL_ARB_ES2_compatibility
    GL_ARB_direct_state_access
    GL_ARB_get_texture_sub_image
    GL_ARB_invalidate_subdata
    GL_ARB_multi_bind
    GL_ARB_robustness
    GL_ARB_separate_shader_objects
    GL_ARB_texture_filter_anisotropic
    GL_ARB_texture_storage
    GL_ARB_texture_storage_multisample
    GL_ARB_vertex_array_object
    GL_KHR_debug
Using driver workarounds:
    no-forward-compatible-core-context
    nv-egl-incorrect-gl11-function-pointers
    no-layout-qualifiers-on-old-glsl
    nv-zero-context-profile-mask
    nv-implementation-color-read-format-dsa-broken
    nv-cubemap-inconsistent-compressed-image-size
    nv-cubemap-broken-full-compressed-image-query
    nv-compressed-block-size-in-bits
I0919 06:45:38.457712 1856845 ResourceManager.cpp:234] ResourceManager::loadStage : Not loading semantic mesh
I0919 06:45:38.457720 1856845 ResourceManager.cpp:262] ResourceManager::loadStage : start load render asset /mnt/data_nas/deeprobotics/daiyang/vla/third_party/ETP-R1/data/scene_datasets/mp3d/82sE5b5pLXE/82sE5b5pLXE.glb.
I0919 06:45:38.457723 1856845 ResourceManager.cpp:569] ResourceManager::loadStageInternal : Attempting to load stage /mnt/data_nas/deeprobotics/daiyang/vla/third_party/ETP-R1/data/scene_datasets/mp3d/82sE5b5pLXE/82sE5b5pLXE.glb 
I0919 06:45:38.457737 1856845 ResourceManager.cpp:1119] Importing Basis files as BC7 for 82sE5b5pLXE.glb
W0919 06:45:40.487210 1856845 Simulator.cpp:248] :
---
 The active scene does not contain semantic annotations. 
---
I0919 06:45:40.523058 1856845 simulator.py:213] Loaded navmesh /mnt/data_nas/deeprobotics/daiyang/vla/third_party/ETP-R1/data/scene_datasets/mp3d/82sE5b5pLXE/82sE5b5pLXE.navmesh
I0919 06:50:13.608856 1856845 PhysicsManager.cpp:33] Deconstructing PhysicsManager
I0919 06:50:13.608899 1856845 SemanticScene.h:41] Deconstructing SemanticScene
I0919 06:50:13.610282 1856845 SceneManager.h:25] Deconstructing SceneManager
I0919 06:50:13.610289 1856845 SceneGraph.h:26] Deconstructing SceneGraph
I0919 06:50:13.610513 1856845 Sensor.h:87] Deconstructing Sensor
I0919 06:50:13.613000 1856845 Renderer.cpp:34] Deconstructing Renderer
I0919 06:50:13.613023 1856845 WindowlessContext.h:17] Deconstructing WindowlessContext
I0919 06:50:13.619403 1856845 ManagedContainerBase.cpp:19] ManagedContainerBase::convertFilenameToJSON : Filename : default changed to proposed JSON configuration filename : default.scene_dataset_config.json
I0919 06:50:13.619423 1856845 AttributesManagerBase.h:283] AttributesManager<T>::createFromJsonOrDefaultInternal  (Dataset) : Proposing JSON name : default.scene_dataset_config.json from original name : default | This file  does not exist.
I0919 06:50:13.619544 1856845 AssetAttributesManager.cpp:117] Asset attributes (capsule3DSolid : capsule3DSolid_hemiRings_4_cylRings_1_segments_12_halfLen_0.75_useTexCoords_false_useTangents_false) created and registered.
I0919 06:50:13.619570 1856845 AssetAttributesManager.cpp:117] Asset attributes (capsule3DWireframe : capsule3DWireframe_hemiRings_8_cylRings_1_segments_16_halfLen_1) created and registered.
I0919 06:50:13.619596 1856845 AssetAttributesManager.cpp:117] Asset attributes (coneSolid : coneSolid_segments_12_halfLen_1.25_rings_1_useTexCoords_false_useTangents_false_capEnd_true) created and registered.
I0919 06:50:13.619611 1856845 AssetAttributesManager.cpp:117] Asset attributes (coneWireframe : coneWireframe_segments_32_halfLen_1.25) created and registered.
I0919 06:50:13.619618 1856845 AssetAttributesManager.cpp:117] Asset attributes (cubeSolid : cubeSolid) created and registered.
I0919 06:50:13.619625 1856845 AssetAttributesManager.cpp:117] Asset attributes (cubeWireframe : cubeWireframe) created and registered.
I0919 06:50:13.619645 1856845 AssetAttributesManager.cpp:117] Asset attributes (cylinderSolid : cylinderSolid_rings_1_segments_12_halfLen_1_useTexCoords_false_useTangents_false_capEnds_true) created and registered.
I0919 06:50:13.619668 1856845 AssetAttributesManager.cpp:117] Asset attributes (cylinderWireframe : cylinderWireframe_rings_1_segments_32_halfLen_1) created and registered.
I0919 06:50:13.619679 1856845 AssetAttributesManager.cpp:117] Asset attributes (icosphereSolid : icosphereSolid_subdivs_1) created and registered.
I0919 06:50:13.619688 1856845 AssetAttributesManager.cpp:117] Asset attributes (icosphereWireframe : icosphereWireframe_subdivs_1) created and registered.
I0919 06:50:13.619701 1856845 AssetAttributesManager.cpp:117] Asset attributes (uvSphereSolid : uvSphereSolid_rings_8_segments_16_useTexCoords_false_useTangents_false) created and registered.
I0919 06:50:13.619714 1856845 AssetAttributesManager.cpp:117] Asset attributes (uvSphereWireframe : uvSphereWireframe_rings_16_segments_32) created and registered.
I0919 06:50:13.619720 1856845 AssetAttributesManager.cpp:105] AssetAttributesManager::buildCtorFuncPtrMaps : Built default primitive asset templates : 12
I0919 06:50:13.620123 1856845 SceneDatasetAttributesManager.cpp:23] File (default) not found, so new default dataset attributes created and registered.
I0919 06:50:13.620126 1856845 MetadataMediator.cpp:47] MetadataMediator::createDataset : Dataset default successfully created.
I0919 06:50:13.620368 1856845 AttributesManagerBase.h:283] AttributesManager<T>::createFromJsonOrDefaultInternal  (Physics Manager) : Proposing JSON name : ./data/default.physics_config.json from original name : ./data/default.physics_config.json | This file  does not exist.
I0919 06:50:13.620380 1856845 PhysicsAttributesManager.cpp:27] File (./data/default.physics_config.json) not found, so new default physics manager attributes created and registered.
I0919 06:50:13.620383 1856845 AbstractObjectAttributesManagerBase.h:175] AbstractObjectAttributesManager<T>::createObject  (Stage) : Making attributes with handle : /mnt/data_nas/deeprobotics/daiyang/vla/third_party/ETP-R1/data/scene_datasets/mp3d/B6ByNegPMKs/B6ByNegPMKs.glb
I0919 06:50:13.620388 1856845 ManagedContainerBase.cpp:19] ManagedContainerBase::convertFilenameToJSON : Filename : /mnt/data_nas/deeprobotics/daiyang/vla/third_party/ETP-R1/data/scene_datasets/mp3d/B6ByNegPMKs/B6ByNegPMKs.glb changed to proposed JSON configuration filename : /mnt/data_nas/deeprobotics/daiyang/vla/third_party/ETP-R1/data/scene_datasets/mp3d/B6ByNegPMKs/B6ByNegPMKs.stage_config.json
I0919 06:50:13.620398 1856845 AttributesManagerBase.h:283] AttributesManager<T>::createFromJsonOrDefaultInternal  (Stage) : Proposing JSON name : /mnt/data_nas/deeprobotics/daiyang/vla/third_party/ETP-R1/data/scene_datasets/mp3d/B6ByNegPMKs/B6ByNegPMKs.stage_config.json from original name : /mnt/data_nas/deeprobotics/daiyang/vla/third_party/ETP-R1/data/scene_datasets/mp3d/B6ByNegPMKs/B6ByNegPMKs.glb | This file  does not exist.
I0919 06:50:13.620445 1856845 AbstractObjectAttributesManagerBase.h:181] AbstractObjectAttributesManager<T>::createObject  (Stage) : Done making attributes with handle : /mnt/data_nas/deeprobotics/daiyang/vla/third_party/ETP-R1/data/scene_datasets/mp3d/B6ByNegPMKs/B6ByNegPMKs.glb
I0919 06:50:13.620446 1856845 AbstractObjectAttributesManagerBase.h:188] File (/mnt/data_nas/deeprobotics/daiyang/vla/third_party/ETP-R1/data/scene_datasets/mp3d/B6ByNegPMKs/B6ByNegPMKs.glb) exists but is not a recognized config filename extension, so new default Stage attributes created and registered.
I0919 06:50:13.620451 1856845 Simulator.cpp:156] Loading navmesh from /mnt/data_nas/deeprobotics/daiyang/vla/third_party/ETP-R1/data/scene_datasets/mp3d/B6ByNegPMKs/B6ByNegPMKs.navmesh
I0919 06:50:13.621615 1856845 Simulator.cpp:158] Loaded.
I0919 06:50:13.621622 1856845 SceneGraph.h:93] Created DrawableGroup: 
Renderer: NVIDIA GeForce RTX 5090/PCIe/SSE2 by NVIDIA Corporation
OpenGL version: 4.6.0 NVIDIA 580.126.09
Using optional features:
    GL_ARB_ES2_compatibility
    GL_ARB_direct_state_access
    GL_ARB_get_texture_sub_image
    GL_ARB_invalidate_subdata
    GL_ARB_multi_bind
    GL_ARB_robustness
    GL_ARB_separate_shader_objects
    GL_ARB_texture_filter_anisotropic
    GL_ARB_texture_storage
    GL_ARB_texture_storage_multisample
    GL_ARB_vertex_array_object
    GL_KHR_debug
Using driver workarounds:
    no-forward-compatible-core-context
    nv-egl-incorrect-gl11-function-pointers
    no-layout-qualifiers-on-old-glsl
    nv-zero-context-profile-mask
    nv-implementation-color-read-format-dsa-broken
    nv-cubemap-inconsistent-compressed-image-size
    nv-cubemap-broken-full-compressed-image-query
    nv-compressed-block-size-in-bits
I0919 06:50:13.625137 1856845 ResourceManager.cpp:234] ResourceManager::loadStage : Not loading semantic mesh
I0919 06:50:13.625146 1856845 ResourceManager.cpp:262] ResourceManager::loadStage : start load render asset /mnt/data_nas/deeprobotics/daiyang/vla/third_party/ETP-R1/data/scene_datasets/mp3d/B6ByNegPMKs/B6ByNegPMKs.glb.
I0919 06:50:13.625149 1856845 ResourceManager.cpp:569] ResourceManager::loadStageInternal : Attempting to load stage /mnt/data_nas/deeprobotics/daiyang/vla/third_party/ETP-R1/data/scene_datasets/mp3d/B6ByNegPMKs/B6ByNegPMKs.glb 
I0919 06:50:13.625164 1856845 ResourceManager.cpp:1119] Importing Basis files as BC7 for B6ByNegPMKs.glb
W0919 06:50:23.404810 1856845 Simulator.cpp:248] :
---
 The active scene does not contain semantic annotations. 
---
I0919 06:50:23.597758 1856845 simulator.py:213] Loaded navmesh /mnt/data_nas/deeprobotics/daiyang/vla/third_party/ETP-R1/data/scene_datasets/mp3d/B6ByNegPMKs/B6ByNegPMKs.navmesh
I0919 06:52:27.397473 1856845 PhysicsManager.cpp:33] Deconstructing PhysicsManager
I0919 06:52:27.397538 1856845 SemanticScene.h:41] Deconstructing SemanticScene
I0919 06:52:27.423450 1856845 SceneManager.h:25] Deconstructing SceneManager
I0919 06:52:27.423473 1856845 SceneGraph.h:26] Deconstructing SceneGraph
I0919 06:52:27.424240 1856845 Sensor.h:87] Deconstructing Sensor
I0919 06:52:27.447788 1856845 Renderer.cpp:34] Deconstructing Renderer
I0919 06:52:27.447834 1856845 WindowlessContext.h:17] Deconstructing WindowlessContext
I0919 06:52:27.490342 1856845 ManagedContainerBase.cpp:19] ManagedContainerBase::convertFilenameToJSON : Filename : default changed to proposed JSON configuration filename : default.scene_dataset_config.json
I0919 06:52:27.490383 1856845 AttributesManagerBase.h:283] AttributesManager<T>::createFromJsonOrDefaultInternal  (Dataset) : Proposing JSON name : default.scene_dataset_config.json from original name : default | This file  does not exist.
I0919 06:52:27.490546 1856845 AssetAttributesManager.cpp:117] Asset attributes (capsule3DSolid : capsule3DSolid_hemiRings_4_cylRings_1_segments_12_halfLen_0.75_useTexCoords_false_useTangents_false) created and registered.
I0919 06:52:27.490592 1856845 AssetAttributesManager.cpp:117] Asset attributes (capsule3DWireframe : capsule3DWireframe_hemiRings_8_cylRings_1_segments_16_halfLen_1) created and registered.
I0919 06:52:27.490640 1856845 AssetAttributesManager.cpp:117] Asset attributes (coneSolid : coneSolid_segments_12_halfLen_1.25_rings_1_useTexCoords_false_useTangents_false_capEnd_true) created and registered.
I0919 06:52:27.490667 1856845 AssetAttributesManager.cpp:117] Asset attributes (coneWireframe : coneWireframe_segments_32_halfLen_1.25) created and registered.
I0919 06:52:27.490684 1856845 AssetAttributesManager.cpp:117] Asset attributes (cubeSolid : cubeSolid) created and registered.
I0919 06:52:27.490697 1856845 AssetAttributesManager.cpp:117] Asset attributes (cubeWireframe : cubeWireframe) created and registered.
I0919 06:52:27.490728 1856845 AssetAttributesManager.cpp:117] Asset attributes (cylinderSolid : cylinderSolid_rings_1_segments_12_halfLen_1_useTexCoords_false_useTangents_false_capEnds_true) created and registered.
I0919 06:52:27.490762 1856845 AssetAttributesManager.cpp:117] Asset attributes (cylinderWireframe : cylinderWireframe_rings_1_segments_32_halfLen_1) created and registered.
I0919 06:52:27.490782 1856845 AssetAttributesManager.cpp:117] Asset attributes (icosphereSolid : icosphereSolid_subdivs_1) created and registered.
I0919 06:52:27.490811 1856845 AssetAttributesManager.cpp:117] Asset attributes (icosphereWireframe : icosphereWireframe_subdivs_1) created and registered.
I0919 06:52:27.490834 1856845 AssetAttributesManager.cpp:117] Asset attributes (uvSphereSolid : uvSphereSolid_rings_8_segments_16_useTexCoords_false_useTangents_false) created and registered.
I0919 06:52:27.490859 1856845 AssetAttributesManager.cpp:117] Asset attributes (uvSphereWireframe : uvSphereWireframe_rings_16_segments_32) created and registered.
I0919 06:52:27.490870 1856845 AssetAttributesManager.cpp:105] AssetAttributesManager::buildCtorFuncPtrMaps : Built default primitive asset templates : 12
I0919 06:52:27.491575 1856845 SceneDatasetAttributesManager.cpp:23] File (default) not found, so new default dataset attributes created and registered.
I0919 06:52:27.491585 1856845 MetadataMediator.cpp:47] MetadataMediator::createDataset : Dataset default successfully created.
I0919 06:52:27.491873 1856845 AttributesManagerBase.h:283] AttributesManager<T>::createFromJsonOrDefaultInternal  (Physics Manager) : Proposing JSON name : ./data/default.physics_config.json from original name : ./data/default.physics_config.json | This file  does not exist.
I0919 06:52:27.491894 1856845 PhysicsAttributesManager.cpp:27] File (./data/default.physics_config.json) not found, so new default physics manager attributes created and registered.
I0919 06:52:27.491902 1856845 AbstractObjectAttributesManagerBase.h:175] AbstractObjectAttributesManager<T>::createObject  (Stage) : Making attributes with handle : /mnt/data_nas/deeprobotics/daiyang/vla/third_party/ETP-R1/data/scene_datasets/mp3d/PuKPg4mmafe/PuKPg4mmafe.glb
I0919 06:52:27.491910 1856845 ManagedContainerBase.cpp:19] ManagedContainerBase::convertFilenameToJSON : Filename : /mnt/data_nas/deeprobotics/daiyang/vla/third_party/ETP-R1/data/scene_datasets/mp3d/PuKPg4mmafe/PuKPg4mmafe.glb changed to proposed JSON configuration filename : /mnt/data_nas/deeprobotics/daiyang/vla/third_party/ETP-R1/data/scene_datasets/mp3d/PuKPg4mmafe/PuKPg4mmafe.stage_config.json
I0919 06:52:27.491930 1856845 AttributesManagerBase.h:283] AttributesManager<T>::createFromJsonOrDefaultInternal  (Stage) : Proposing JSON name : /mnt/data_nas/deeprobotics/daiyang/vla/third_party/ETP-R1/data/scene_datasets/mp3d/PuKPg4mmafe/PuKPg4mmafe.stage_config.json from original name : /mnt/data_nas/deeprobotics/daiyang/vla/third_party/ETP-R1/data/scene_datasets/mp3d/PuKPg4mmafe/PuKPg4mmafe.glb | This file  does not exist.
I0919 06:52:27.492007 1856845 AbstractObjectAttributesManagerBase.h:181] AbstractObjectAttributesManager<T>::createObject  (Stage) : Done making attributes with handle : /mnt/data_nas/deeprobotics/daiyang/vla/third_party/ETP-R1/data/scene_datasets/mp3d/PuKPg4mmafe/PuKPg4mmafe.glb
I0919 06:52:27.492012 1856845 AbstractObjectAttributesManagerBase.h:188] File (/mnt/data_nas/deeprobotics/daiyang/vla/third_party/ETP-R1/data/scene_datasets/mp3d/PuKPg4mmafe/PuKPg4mmafe.glb) exists but is not a recognized config filename extension, so new default Stage attributes created and registered.
I0919 06:52:27.492024 1856845 Simulator.cpp:156] Loading navmesh from /mnt/data_nas/deeprobotics/daiyang/vla/third_party/ETP-R1/data/scene_datasets/mp3d/PuKPg4mmafe/PuKPg4mmafe.navmesh
I0919 06:52:27.493167 1856845 Simulator.cpp:158] Loaded.
I0919 06:52:27.493183 1856845 SceneGraph.h:93] Created DrawableGroup: 
Renderer: NVIDIA GeForce RTX 5090/PCIe/SSE2 by NVIDIA Corporation
OpenGL version: 4.6.0 NVIDIA 580.126.09
Using optional features:
    GL_ARB_ES2_compatibility
    GL_ARB_direct_state_access
    GL_ARB_get_texture_sub_image
    GL_ARB_invalidate_subdata
    GL_ARB_multi_bind
    GL_ARB_robustness
    GL_ARB_separate_shader_objects
    GL_ARB_texture_filter_anisotropic
    GL_ARB_texture_storage
    GL_ARB_texture_storage_multisample
    GL_ARB_vertex_array_object
    GL_KHR_debug
Using driver workarounds:
    no-forward-compatible-core-context
    nv-egl-incorrect-gl11-function-pointers
    no-layout-qualifiers-on-old-glsl
    nv-zero-context-profile-mask
    nv-implementation-color-read-format-dsa-broken
    nv-cubemap-inconsistent-compressed-image-size
    nv-cubemap-broken-full-compressed-image-query
    nv-compressed-block-size-in-bits
I0919 06:52:27.498845 1856845 ResourceManager.cpp:234] ResourceManager::loadStage : Not loading semantic mesh
I0919 06:52:27.498859 1856845 ResourceManager.cpp:262] ResourceManager::loadStage : start load render asset /mnt/data_nas/deeprobotics/daiyang/vla/third_party/ETP-R1/data/scene_datasets/mp3d/PuKPg4mmafe/PuKPg4mmafe.glb.
I0919 06:52:27.498862 1856845 ResourceManager.cpp:569] ResourceManager::loadStageInternal : Attempting to load stage /mnt/data_nas/deeprobotics/daiyang/vla/third_party/ETP-R1/data/scene_datasets/mp3d/PuKPg4mmafe/PuKPg4mmafe.glb 
I0919 06:52:27.498893 1856845 ResourceManager.cpp:1119] Importing Basis files as BC7 for PuKPg4mmafe.glb
W0919 06:52:32.157219 1856845 Simulator.cpp:248] :
---
 The active scene does not contain semantic annotations. 
---
I0919 06:52:32.177766 1856845 simulator.py:213] Loaded navmesh /mnt/data_nas/deeprobotics/daiyang/vla/third_party/ETP-R1/data/scene_datasets/mp3d/PuKPg4mmafe/PuKPg4mmafe.navmesh
I0919 06:56:29.406239 1856845 PhysicsManager.cpp:33] Deconstructing PhysicsManager
I0919 06:56:29.406291 1856845 SemanticScene.h:41] Deconstructing SemanticScene
I0919 06:56:29.407235 1856845 SceneManager.h:25] Deconstructing SceneManager
I0919 06:56:29.407240 1856845 SceneGraph.h:26] Deconstructing SceneGraph
I0919 06:56:29.407482 1856845 Sensor.h:87] Deconstructing Sensor
I0919 06:56:29.411728 1856845 Renderer.cpp:34] Deconstructing Renderer
I0919 06:56:29.411754 1856845 WindowlessContext.h:17] Deconstructing WindowlessContext
I0919 06:56:29.426195 1856845 ManagedContainerBase.cpp:19] ManagedContainerBase::convertFilenameToJSON : Filename : default changed to proposed JSON configuration filename : default.scene_dataset_config.json
I0919 06:56:29.426215 1856845 AttributesManagerBase.h:283] AttributesManager<T>::createFromJsonOrDefaultInternal  (Dataset) : Proposing JSON name : default.scene_dataset_config.json from original name : default | This file  does not exist.
I0919 06:56:29.426302 1856845 AssetAttributesManager.cpp:117] Asset attributes (capsule3DSolid : capsule3DSolid_hemiRings_4_cylRings_1_segments_12_halfLen_0.75_useTexCoords_false_useTangents_false) created and registered.
I0919 06:56:29.426342 1856845 AssetAttributesManager.cpp:117] Asset attributes (capsule3DWireframe : capsule3DWireframe_hemiRings_8_cylRings_1_segments_16_halfLen_1) created and registered.
I0919 06:56:29.426378 1856845 AssetAttributesManager.cpp:117] Asset attributes (coneSolid : coneSolid_segments_12_halfLen_1.25_rings_1_useTexCoords_false_useTangents_false_capEnd_true) created and registered.
I0919 06:56:29.426399 1856845 AssetAttributesManager.cpp:117] Asset attributes (coneWireframe : coneWireframe_segments_32_halfLen_1.25) created and registered.
I0919 06:56:29.426412 1856845 AssetAttributesManager.cpp:117] Asset attributes (cubeSolid : cubeSolid) created and registered.
I0919 06:56:29.426431 1856845 AssetAttributesManager.cpp:117] Asset attributes (cubeWireframe : cubeWireframe) created and registered.
I0919 06:56:29.426462 1856845 AssetAttributesManager.cpp:117] Asset attributes (cylinderSolid : cylinderSolid_rings_1_segments_12_halfLen_1_useTexCoords_false_useTangents_false_capEnds_true) created and registered.
I0919 06:56:29.426488 1856845 AssetAttributesManager.cpp:117] Asset attributes (cylinderWireframe : cylinderWireframe_rings_1_segments_32_halfLen_1) created and registered.
I0919 06:56:29.426504 1856845 AssetAttributesManager.cpp:117] Asset attributes (icosphereSolid : icosphereSolid_subdivs_1) created and registered.
I0919 06:56:29.426515 1856845 AssetAttributesManager.cpp:117] Asset attributes (icosphereWireframe : icosphereWireframe_subdivs_1) created and registered.
I0919 06:56:29.426533 1856845 AssetAttributesManager.cpp:117] Asset attributes (uvSphereSolid : uvSphereSolid_rings_8_segments_16_useTexCoords_false_useTangents_false) created and registered.
I0919 06:56:29.426546 1856845 AssetAttributesManager.cpp:117] Asset attributes (uvSphereWireframe : uvSphereWireframe_rings_16_segments_32) created and registered.
I0919 06:56:29.426561 1856845 AssetAttributesManager.cpp:105] AssetAttributesManager::buildCtorFuncPtrMaps : Built default primitive asset templates : 12
I0919 06:56:29.426957 1856845 SceneDatasetAttributesManager.cpp:23] File (default) not found, so new default dataset attributes created and registered.
I0919 06:56:29.426959 1856845 MetadataMediator.cpp:47] MetadataMediator::createDataset : Dataset default successfully created.
I0919 06:56:29.427148 1856845 AttributesManagerBase.h:283] AttributesManager<T>::createFromJsonOrDefaultInternal  (Physics Manager) : Proposing JSON name : ./data/default.physics_config.json from original name : ./data/default.physics_config.json | This file  does not exist.
I0919 06:56:29.427160 1856845 PhysicsAttributesManager.cpp:27] File (./data/default.physics_config.json) not found, so new default physics manager attributes created and registered.
I0919 06:56:29.427163 1856845 AbstractObjectAttributesManagerBase.h:175] AbstractObjectAttributesManager<T>::createObject  (Stage) : Making attributes with handle : /mnt/data_nas/deeprobotics/daiyang/vla/third_party/ETP-R1/data/scene_datasets/mp3d/aayBHfsNo7d/aayBHfsNo7d.glb
I0919 06:56:29.427167 1856845 ManagedContainerBase.cpp:19] ManagedContainerBase::convertFilenameToJSON : Filename : /mnt/data_nas/deeprobotics/daiyang/vla/third_party/ETP-R1/data/scene_datasets/mp3d/aayBHfsNo7d/aayBHfsNo7d.glb changed to proposed JSON configuration filename : /mnt/data_nas/deeprobotics/daiyang/vla/third_party/ETP-R1/data/scene_datasets/mp3d/aayBHfsNo7d/aayBHfsNo7d.stage_config.json
I0919 06:56:29.427178 1856845 AttributesManagerBase.h:283] AttributesManager<T>::createFromJsonOrDefaultInternal  (Stage) : Proposing JSON name : /mnt/data_nas/deeprobotics/daiyang/vla/third_party/ETP-R1/data/scene_datasets/mp3d/aayBHfsNo7d/aayBHfsNo7d.stage_config.json from original name : /mnt/data_nas/deeprobotics/daiyang/vla/third_party/ETP-R1/data/scene_datasets/mp3d/aayBHfsNo7d/aayBHfsNo7d.glb | This file  does not exist.
I0919 06:56:29.427222 1856845 AbstractObjectAttributesManagerBase.h:181] AbstractObjectAttributesManager<T>::createObject  (Stage) : Done making attributes with handle : /mnt/data_nas/deeprobotics/daiyang/vla/third_party/ETP-R1/data/scene_datasets/mp3d/aayBHfsNo7d/aayBHfsNo7d.glb
I0919 06:56:29.427224 1856845 AbstractObjectAttributesManagerBase.h:188] File (/mnt/data_nas/deeprobotics/daiyang/vla/third_party/ETP-R1/data/scene_datasets/mp3d/aayBHfsNo7d/aayBHfsNo7d.glb) exists but is not a recognized config filename extension, so new default Stage attributes created and registered.
I0919 06:56:29.427229 1856845 Simulator.cpp:156] Loading navmesh from /mnt/data_nas/deeprobotics/daiyang/vla/third_party/ETP-R1/data/scene_datasets/mp3d/aayBHfsNo7d/aayBHfsNo7d.navmesh
I0919 06:56:29.428196 1856845 Simulator.cpp:158] Loaded.
I0919 06:56:29.428205 1856845 SceneGraph.h:93] Created DrawableGroup: 
Renderer: NVIDIA GeForce RTX 5090/PCIe/SSE2 by NVIDIA Corporation
OpenGL version: 4.6.0 NVIDIA 580.126.09
Using optional features:
    GL_ARB_ES2_compatibility
    GL_ARB_direct_state_access
    GL_ARB_get_texture_sub_image
    GL_ARB_invalidate_subdata
    GL_ARB_multi_bind
    GL_ARB_robustness
    GL_ARB_separate_shader_objects
    GL_ARB_texture_filter_anisotropic
    GL_ARB_texture_storage
    GL_ARB_texture_storage_multisample
    GL_ARB_vertex_array_object
    GL_KHR_debug
Using driver workarounds:
    no-forward-compatible-core-context
    nv-egl-incorrect-gl11-function-pointers
    no-layout-qualifiers-on-old-glsl
    nv-zero-context-profile-mask
    nv-implementation-color-read-format-dsa-broken
    nv-cubemap-inconsistent-compressed-image-size
    nv-cubemap-broken-full-compressed-image-query
    nv-compressed-block-size-in-bits
I0919 06:56:29.431950 1856845 ResourceManager.cpp:234] ResourceManager::loadStage : Not loading semantic mesh
I0919 06:56:29.431959 1856845 ResourceManager.cpp:262] ResourceManager::loadStage : start load render asset /mnt/data_nas/deeprobotics/daiyang/vla/third_party/ETP-R1/data/scene_datasets/mp3d/aayBHfsNo7d/aayBHfsNo7d.glb.
I0919 06:56:29.431965 1856845 ResourceManager.cpp:569] ResourceManager::loadStageInternal : Attempting to load stage /mnt/data_nas/deeprobotics/daiyang/vla/third_party/ETP-R1/data/scene_datasets/mp3d/aayBHfsNo7d/aayBHfsNo7d.glb 
I0919 06:56:29.431983 1856845 ResourceManager.cpp:1119] Importing Basis files as BC7 for aayBHfsNo7d.glb
W0919 06:56:31.042503 1856845 Simulator.cpp:248] :
---
 The active scene does not contain semantic annotations. 
---
I0919 06:56:31.083025 1856845 simulator.py:213] Loaded navmesh /mnt/data_nas/deeprobotics/daiyang/vla/third_party/ETP-R1/data/scene_datasets/mp3d/aayBHfsNo7d/aayBHfsNo7d.navmesh
I0919 06:57:15.195576 1856845 PhysicsManager.cpp:33] Deconstructing PhysicsManager
I0919 06:57:15.195621 1856845 SemanticScene.h:41] Deconstructing SemanticScene
I0919 06:57:15.197783 1856845 SceneManager.h:25] Deconstructing SceneManager
I0919 06:57:15.197793 1856845 SceneGraph.h:26] Deconstructing SceneGraph
I0919 06:57:15.198297 1856845 Sensor.h:87] Deconstructing Sensor
I0919 06:57:15.200228 1856845 Renderer.cpp:34] Deconstructing Renderer
I0919 06:57:15.200253 1856845 WindowlessContext.h:17] Deconstructing WindowlessContext
I0919 06:57:15.205983 1856845 ManagedContainerBase.cpp:19] ManagedContainerBase::convertFilenameToJSON : Filename : default changed to proposed JSON configuration filename : default.scene_dataset_config.json
I0919 06:57:15.205998 1856845 AttributesManagerBase.h:283] AttributesManager<T>::createFromJsonOrDefaultInternal  (Dataset) : Proposing JSON name : default.scene_dataset_config.json from original name : default | This file  does not exist.
I0919 06:57:15.206101 1856845 AssetAttributesManager.cpp:117] Asset attributes (capsule3DSolid : capsule3DSolid_hemiRings_4_cylRings_1_segments_12_halfLen_0.75_useTexCoords_false_useTangents_false) created and registered.
I0919 06:57:15.206127 1856845 AssetAttributesManager.cpp:117] Asset attributes (capsule3DWireframe : capsule3DWireframe_hemiRings_8_cylRings_1_segments_16_halfLen_1) created and registered.
I0919 06:57:15.206151 1856845 AssetAttributesManager.cpp:117] Asset attributes (coneSolid : coneSolid_segments_12_halfLen_1.25_rings_1_useTexCoords_false_useTangents_false_capEnd_true) created and registered.
I0919 06:57:15.206164 1856845 AssetAttributesManager.cpp:117] Asset attributes (coneWireframe : coneWireframe_segments_32_halfLen_1.25) created and registered.
I0919 06:57:15.206172 1856845 AssetAttributesManager.cpp:117] Asset attributes (cubeSolid : cubeSolid) created and registered.
I0919 06:57:15.206178 1856845 AssetAttributesManager.cpp:117] Asset attributes (cubeWireframe : cubeWireframe) created and registered.
I0919 06:57:15.206197 1856845 AssetAttributesManager.cpp:117] Asset attributes (cylinderSolid : cylinderSolid_rings_1_segments_12_halfLen_1_useTexCoords_false_useTangents_false_capEnds_true) created and registered.
I0919 06:57:15.206213 1856845 AssetAttributesManager.cpp:117] Asset attributes (cylinderWireframe : cylinderWireframe_rings_1_segments_32_halfLen_1) created and registered.
I0919 06:57:15.206224 1856845 AssetAttributesManager.cpp:117] Asset attributes (icosphereSolid : icosphereSolid_subdivs_1) created and registered.
I0919 06:57:15.206233 1856845 AssetAttributesManager.cpp:117] Asset attributes (icosphereWireframe : icosphereWireframe_subdivs_1) created and registered.
I0919 06:57:15.206246 1856845 AssetAttributesManager.cpp:117] Asset attributes (uvSphereSolid : uvSphereSolid_rings_8_segments_16_useTexCoords_false_useTangents_false) created and registered.
I0919 06:57:15.206259 1856845 AssetAttributesManager.cpp:117] Asset attributes (uvSphereWireframe : uvSphereWireframe_rings_16_segments_32) created and registered.
I0919 06:57:15.206265 1856845 AssetAttributesManager.cpp:105] AssetAttributesManager::buildCtorFuncPtrMaps : Built default primitive asset templates : 12
I0919 06:57:15.206660 1856845 SceneDatasetAttributesManager.cpp:23] File (default) not found, so new default dataset attributes created and registered.
I0919 06:57:15.206667 1856845 MetadataMediator.cpp:47] MetadataMediator::createDataset : Dataset default successfully created.
I0919 06:57:15.206849 1856845 AttributesManagerBase.h:283] AttributesManager<T>::createFromJsonOrDefaultInternal  (Physics Manager) : Proposing JSON name : ./data/default.physics_config.json from original name : ./data/default.physics_config.json | This file  does not exist.
I0919 06:57:15.206861 1856845 PhysicsAttributesManager.cpp:27] File (./data/default.physics_config.json) not found, so new default physics manager attributes created and registered.
I0919 06:57:15.206864 1856845 AbstractObjectAttributesManagerBase.h:175] AbstractObjectAttributesManager<T>::createObject  (Stage) : Making attributes with handle : /mnt/data_nas/deeprobotics/daiyang/vla/third_party/ETP-R1/data/scene_datasets/mp3d/82sE5b5pLXE/82sE5b5pLXE.glb
I0919 06:57:15.206867 1856845 ManagedContainerBase.cpp:19] ManagedContainerBase::convertFilenameToJSON : Filename : /mnt/data_nas/deeprobotics/daiyang/vla/third_party/ETP-R1/data/scene_datasets/mp3d/82sE5b5pLXE/82sE5b5pLXE.glb changed to proposed JSON configuration filename : /mnt/data_nas/deeprobotics/daiyang/vla/third_party/ETP-R1/data/scene_datasets/mp3d/82sE5b5pLXE/82sE5b5pLXE.stage_config.json
I0919 06:57:15.206878 1856845 AttributesManagerBase.h:283] AttributesManager<T>::createFromJsonOrDefaultInternal  (Stage) : Proposing JSON name : /mnt/data_nas/deeprobotics/daiyang/vla/third_party/ETP-R1/data/scene_datasets/mp3d/82sE5b5pLXE/82sE5b5pLXE.stage_config.json from original name : /mnt/data_nas/deeprobotics/daiyang/vla/third_party/ETP-R1/data/scene_datasets/mp3d/82sE5b5pLXE/82sE5b5pLXE.glb | This file  does not exist.
I0919 06:57:15.206924 1856845 AbstractObjectAttributesManagerBase.h:181] AbstractObjectAttributesManager<T>::createObject  (Stage) : Done making attributes with handle : /mnt/data_nas/deeprobotics/daiyang/vla/third_party/ETP-R1/data/scene_datasets/mp3d/82sE5b5pLXE/82sE5b5pLXE.glb
I0919 06:57:15.206926 1856845 AbstractObjectAttributesManagerBase.h:188] File (/mnt/data_nas/deeprobotics/daiyang/vla/third_party/ETP-R1/data/scene_datasets/mp3d/82sE5b5pLXE/82sE5b5pLXE.glb) exists but is not a recognized config filename extension, so new default Stage attributes created and registered.
I0919 06:57:15.206931 1856845 Simulator.cpp:156] Loading navmesh from /mnt/data_nas/deeprobotics/daiyang/vla/third_party/ETP-R1/data/scene_datasets/mp3d/82sE5b5pLXE/82sE5b5pLXE.navmesh
I0919 06:57:15.208230 1856845 Simulator.cpp:158] Loaded.
I0919 06:57:15.208237 1856845 SceneGraph.h:93] Created DrawableGroup: 
Renderer: NVIDIA GeForce RTX 5090/PCIe/SSE2 by NVIDIA Corporation
OpenGL version: 4.6.0 NVIDIA 580.126.09
Using optional features:
    GL_ARB_ES2_compatibility
    GL_ARB_direct_state_access
    GL_ARB_get_texture_sub_image
    GL_ARB_invalidate_subdata
    GL_ARB_multi_bind
    GL_ARB_robustness
    GL_ARB_separate_shader_objects
    GL_ARB_texture_filter_anisotropic
    GL_ARB_texture_storage
    GL_ARB_texture_storage_multisample
    GL_ARB_vertex_array_object
    GL_KHR_debug
Using driver workarounds:
    no-forward-compatible-core-context
    nv-egl-incorrect-gl11-function-pointers
    no-layout-qualifiers-on-old-glsl
    nv-zero-context-profile-mask
    nv-implementation-color-read-format-dsa-broken
    nv-cubemap-inconsistent-compressed-image-size
    nv-cubemap-broken-full-compressed-image-query
    nv-compressed-block-size-in-bits
I0919 06:57:15.211686 1856845 ResourceManager.cpp:234] ResourceManager::loadStage : Not loading semantic mesh
I0919 06:57:15.211695 1856845 ResourceManager.cpp:262] ResourceManager::loadStage : start load render asset /mnt/data_nas/deeprobotics/daiyang/vla/third_party/ETP-R1/data/scene_datasets/mp3d/82sE5b5pLXE/82sE5b5pLXE.glb.
I0919 06:57:15.211697 1856845 ResourceManager.cpp:569] ResourceManager::loadStageInternal : Attempting to load stage /mnt/data_nas/deeprobotics/daiyang/vla/third_party/ETP-R1/data/scene_datasets/mp3d/82sE5b5pLXE/82sE5b5pLXE.glb 
I0919 06:57:15.211711 1856845 ResourceManager.cpp:1119] Importing Basis files as BC7 for 82sE5b5pLXE.glb
W0919 06:57:17.194177 1856845 Simulator.cpp:248] :
---
 The active scene does not contain semantic annotations. 
---
I0919 06:57:17.229854 1856845 simulator.py:213] Loaded navmesh /mnt/data_nas/deeprobotics/daiyang/vla/third_party/ETP-R1/data/scene_datasets/mp3d/82sE5b5pLXE/82sE5b5pLXE.navmesh
I0919 06:58:00.988605 1856845 PhysicsManager.cpp:33] Deconstructing PhysicsManager
I0919 06:58:00.988651 1856845 SemanticScene.h:41] Deconstructing SemanticScene
I0919 06:58:00.989971 1856845 SceneManager.h:25] Deconstructing SceneManager
I0919 06:58:00.989979 1856845 SceneGraph.h:26] Deconstructing SceneGraph
I0919 06:58:00.990229 1856845 Sensor.h:87] Deconstructing Sensor
I0919 06:58:00.992982 1856845 Renderer.cpp:34] Deconstructing Renderer
I0919 06:58:00.993005 1856845 WindowlessContext.h:17] Deconstructing WindowlessContext
I0919 06:58:00.998121 1856845 ManagedContainerBase.cpp:19] ManagedContainerBase::convertFilenameToJSON : Filename : default changed to proposed JSON configuration filename : default.scene_dataset_config.json
I0919 06:58:00.998137 1856845 AttributesManagerBase.h:283] AttributesManager<T>::createFromJsonOrDefaultInternal  (Dataset) : Proposing JSON name : default.scene_dataset_config.json from original name : default | This file  does not exist.
I0919 06:58:00.998260 1856845 AssetAttributesManager.cpp:117] Asset attributes (capsule3DSolid : capsule3DSolid_hemiRings_4_cylRings_1_segments_12_halfLen_0.75_useTexCoords_false_useTangents_false) created and registered.
I0919 06:58:00.998291 1856845 AssetAttributesManager.cpp:117] Asset attributes (capsule3DWireframe : capsule3DWireframe_hemiRings_8_cylRings_1_segments_16_halfLen_1) created and registered.
I0919 06:58:00.998315 1856845 AssetAttributesManager.cpp:117] Asset attributes (coneSolid : coneSolid_segments_12_halfLen_1.25_rings_1_useTexCoords_false_useTangents_false_capEnd_true) created and registered.
I0919 06:58:00.998330 1856845 AssetAttributesManager.cpp:117] Asset attributes (coneWireframe : coneWireframe_segments_32_halfLen_1.25) created and registered.
I0919 06:58:00.998339 1856845 AssetAttributesManager.cpp:117] Asset attributes (cubeSolid : cubeSolid) created and registered.
I0919 06:58:00.998345 1856845 AssetAttributesManager.cpp:117] Asset attributes (cubeWireframe : cubeWireframe) created and registered.
I0919 06:58:00.998365 1856845 AssetAttributesManager.cpp:117] Asset attributes (cylinderSolid : cylinderSolid_rings_1_segments_12_halfLen_1_useTexCoords_false_useTangents_false_capEnds_true) created and registered.
I0919 06:58:00.998382 1856845 AssetAttributesManager.cpp:117] Asset attributes (cylinderWireframe : cylinderWireframe_rings_1_segments_32_halfLen_1) created and registered.
I0919 06:58:00.998394 1856845 AssetAttributesManager.cpp:117] Asset attributes (icosphereSolid : icosphereSolid_subdivs_1) created and registered.
I0919 06:58:00.998402 1856845 AssetAttributesManager.cpp:117] Asset attributes (icosphereWireframe : icosphereWireframe_subdivs_1) created and registered.
I0919 06:58:00.998416 1856845 AssetAttributesManager.cpp:117] Asset attributes (uvSphereSolid : uvSphereSolid_rings_8_segments_16_useTexCoords_false_useTangents_false) created and registered.
I0919 06:58:00.998430 1856845 AssetAttributesManager.cpp:117] Asset attributes (uvSphereWireframe : uvSphereWireframe_rings_16_segments_32) created and registered.
I0919 06:58:00.998435 1856845 AssetAttributesManager.cpp:105] AssetAttributesManager::buildCtorFuncPtrMaps : Built default primitive asset templates : 12
I0919 06:58:00.998826 1856845 SceneDatasetAttributesManager.cpp:23] File (default) not found, so new default dataset attributes created and registered.
I0919 06:58:00.998827 1856845 MetadataMediator.cpp:47] MetadataMediator::createDataset : Dataset default successfully created.
I0919 06:58:01.000202 1856845 AttributesManagerBase.h:283] AttributesManager<T>::createFromJsonOrDefaultInternal  (Physics Manager) : Proposing JSON name : ./data/default.physics_config.json from original name : ./data/default.physics_config.json | This file  does not exist.
I0919 06:58:01.000221 1856845 PhysicsAttributesManager.cpp:27] File (./data/default.physics_config.json) not found, so new default physics manager attributes created and registered.
I0919 06:58:01.000226 1856845 AbstractObjectAttributesManagerBase.h:175] AbstractObjectAttributesManager<T>::createObject  (Stage) : Making attributes with handle : /mnt/data_nas/deeprobotics/daiyang/vla/third_party/ETP-R1/data/scene_datasets/mp3d/B6ByNegPMKs/B6ByNegPMKs.glb
I0919 06:58:01.000229 1856845 ManagedContainerBase.cpp:19] ManagedContainerBase::convertFilenameToJSON : Filename : /mnt/data_nas/deeprobotics/daiyang/vla/third_party/ETP-R1/data/scene_datasets/mp3d/B6ByNegPMKs/B6ByNegPMKs.glb changed to proposed JSON configuration filename : /mnt/data_nas/deeprobotics/daiyang/vla/third_party/ETP-R1/data/scene_datasets/mp3d/B6ByNegPMKs/B6ByNegPMKs.stage_config.json
I0919 06:58:01.002550 1856845 AttributesManagerBase.h:283] AttributesManager<T>::createFromJsonOrDefaultInternal  (Stage) : Proposing JSON name : /mnt/data_nas/deeprobotics/daiyang/vla/third_party/ETP-R1/data/scene_datasets/mp3d/B6ByNegPMKs/B6ByNegPMKs.stage_config.json from original name : /mnt/data_nas/deeprobotics/daiyang/vla/third_party/ETP-R1/data/scene_datasets/mp3d/B6ByNegPMKs/B6ByNegPMKs.glb | This file  does not exist.
I0919 06:58:01.002599 1856845 AbstractObjectAttributesManagerBase.h:181] AbstractObjectAttributesManager<T>::createObject  (Stage) : Done making attributes with handle : /mnt/data_nas/deeprobotics/daiyang/vla/third_party/ETP-R1/data/scene_datasets/mp3d/B6ByNegPMKs/B6ByNegPMKs.glb
I0919 06:58:01.002601 1856845 AbstractObjectAttributesManagerBase.h:188] File (/mnt/data_nas/deeprobotics/daiyang/vla/third_party/ETP-R1/data/scene_datasets/mp3d/B6ByNegPMKs/B6ByNegPMKs.glb) exists but is not a recognized config filename extension, so new default Stage attributes created and registered.
I0919 06:58:01.002607 1856845 Simulator.cpp:156] Loading navmesh from /mnt/data_nas/deeprobotics/daiyang/vla/third_party/ETP-R1/data/scene_datasets/mp3d/B6ByNegPMKs/B6ByNegPMKs.navmesh
I0919 06:58:01.003973 1856845 Simulator.cpp:158] Loaded.
I0919 06:58:01.003983 1856845 SceneGraph.h:93] Created DrawableGroup: 
Renderer: NVIDIA GeForce RTX 5090/PCIe/SSE2 by NVIDIA Corporation
OpenGL version: 4.6.0 NVIDIA 580.126.09
Using optional features:
    GL_ARB_ES2_compatibility
    GL_ARB_direct_state_access
    GL_ARB_get_texture_sub_image
    GL_ARB_invalidate_subdata
    GL_ARB_multi_bind
    GL_ARB_robustness
    GL_ARB_separate_shader_objects
    GL_ARB_texture_filter_anisotropic
    GL_ARB_texture_storage
    GL_ARB_texture_storage_multisample
    GL_ARB_vertex_array_object
    GL_KHR_debug
Using driver workarounds:
    no-forward-compatible-core-context
    nv-egl-incorrect-gl11-function-pointers
    no-layout-qualifiers-on-old-glsl
    nv-zero-context-profile-mask
    nv-implementation-color-read-format-dsa-broken
    nv-cubemap-inconsistent-compressed-image-size
    nv-cubemap-broken-full-compressed-image-query
    nv-compressed-block-size-in-bits
I0919 06:58:01.007561 1856845 ResourceManager.cpp:234] ResourceManager::loadStage : Not loading semantic mesh
I0919 06:58:01.007571 1856845 ResourceManager.cpp:262] ResourceManager::loadStage : start load render asset /mnt/data_nas/deeprobotics/daiyang/vla/third_party/ETP-R1/data/scene_datasets/mp3d/B6ByNegPMKs/B6ByNegPMKs.glb.
I0919 06:58:01.007573 1856845 ResourceManager.cpp:569] ResourceManager::loadStageInternal : Attempting to load stage /mnt/data_nas/deeprobotics/daiyang/vla/third_party/ETP-R1/data/scene_datasets/mp3d/B6ByNegPMKs/B6ByNegPMKs.glb 
I0919 06:58:01.007591 1856845 ResourceManager.cpp:1119] Importing Basis files as BC7 for B6ByNegPMKs.glb
W0919 06:58:10.661496 1856845 Simulator.cpp:248] :
---
 The active scene does not contain semantic annotations. 
---
I0919 06:58:10.857578 1856845 simulator.py:213] Loaded navmesh /mnt/data_nas/deeprobotics/daiyang/vla/third_party/ETP-R1/data/scene_datasets/mp3d/B6ByNegPMKs/B6ByNegPMKs.navmesh
I0919 06:59:39.345445 1856845 PhysicsManager.cpp:33] Deconstructing PhysicsManager
I0919 06:59:39.345498 1856845 SemanticScene.h:41] Deconstructing SemanticScene
I0919 06:59:39.362341 1856845 SceneManager.h:25] Deconstructing SceneManager
I0919 06:59:39.362357 1856845 SceneGraph.h:26] Deconstructing SceneGraph
I0919 06:59:39.362805 1856845 Sensor.h:87] Deconstructing Sensor
I0919 06:59:39.375913 1856845 Renderer.cpp:34] Deconstructing Renderer
I0919 06:59:39.375942 1856845 WindowlessContext.h:17] Deconstructing WindowlessContext
I0919 06:59:39.388233 1856845 ManagedContainerBase.cpp:19] ManagedContainerBase::convertFilenameToJSON : Filename : default changed to proposed JSON configuration filename : default.scene_dataset_config.json
I0919 06:59:39.388253 1856845 AttributesManagerBase.h:283] AttributesManager<T>::createFromJsonOrDefaultInternal  (Dataset) : Proposing JSON name : default.scene_dataset_config.json from original name : default | This file  does not exist.
I0919 06:59:39.388368 1856845 AssetAttributesManager.cpp:117] Asset attributes (capsule3DSolid : capsule3DSolid_hemiRings_4_cylRings_1_segments_12_halfLen_0.75_useTexCoords_false_useTangents_false) created and registered.
I0919 06:59:39.388396 1856845 AssetAttributesManager.cpp:117] Asset attributes (capsule3DWireframe : capsule3DWireframe_hemiRings_8_cylRings_1_segments_16_halfLen_1) created and registered.
I0919 06:59:39.388419 1856845 AssetAttributesManager.cpp:117] Asset attributes (coneSolid : coneSolid_segments_12_halfLen_1.25_rings_1_useTexCoords_false_useTangents_false_capEnd_true) created and registered.
I0919 06:59:39.388434 1856845 AssetAttributesManager.cpp:117] Asset attributes (coneWireframe : coneWireframe_segments_32_halfLen_1.25) created and registered.
I0919 06:59:39.388443 1856845 AssetAttributesManager.cpp:117] Asset attributes (cubeSolid : cubeSolid) created and registered.
I0919 06:59:39.388449 1856845 AssetAttributesManager.cpp:117] Asset attributes (cubeWireframe : cubeWireframe) created and registered.
I0919 06:59:39.388469 1856845 AssetAttributesManager.cpp:117] Asset attributes (cylinderSolid : cylinderSolid_rings_1_segments_12_halfLen_1_useTexCoords_false_useTangents_false_capEnds_true) created and registered.
I0919 06:59:39.388486 1856845 AssetAttributesManager.cpp:117] Asset attributes (cylinderWireframe : cylinderWireframe_rings_1_segments_32_halfLen_1) created and registered.
I0919 06:59:39.388496 1856845 AssetAttributesManager.cpp:117] Asset attributes (icosphereSolid : icosphereSolid_subdivs_1) created and registered.
I0919 06:59:39.388505 1856845 AssetAttributesManager.cpp:117] Asset attributes (icosphereWireframe : icosphereWireframe_subdivs_1) created and registered.
I0919 06:59:39.388520 1856845 AssetAttributesManager.cpp:117] Asset attributes (uvSphereSolid : uvSphereSolid_rings_8_segments_16_useTexCoords_false_useTangents_false) created and registered.
I0919 06:59:39.388533 1856845 AssetAttributesManager.cpp:117] Asset attributes (uvSphereWireframe : uvSphereWireframe_rings_16_segments_32) created and registered.
I0919 06:59:39.388540 1856845 AssetAttributesManager.cpp:105] AssetAttributesManager::buildCtorFuncPtrMaps : Built default primitive asset templates : 12
I0919 06:59:39.388937 1856845 SceneDatasetAttributesManager.cpp:23] File (default) not found, so new default dataset attributes created and registered.
I0919 06:59:39.388939 1856845 MetadataMediator.cpp:47] MetadataMediator::createDataset : Dataset default successfully created.
I0919 06:59:39.389129 1856845 AttributesManagerBase.h:283] AttributesManager<T>::createFromJsonOrDefaultInternal  (Physics Manager) : Proposing JSON name : ./data/default.physics_config.json from original name : ./data/default.physics_config.json | This file  does not exist.
I0919 06:59:39.389142 1856845 PhysicsAttributesManager.cpp:27] File (./data/default.physics_config.json) not found, so new default physics manager attributes created and registered.
I0919 06:59:39.389144 1856845 AbstractObjectAttributesManagerBase.h:175] AbstractObjectAttributesManager<T>::createObject  (Stage) : Making attributes with handle : /mnt/data_nas/deeprobotics/daiyang/vla/third_party/ETP-R1/data/scene_datasets/mp3d/PuKPg4mmafe/PuKPg4mmafe.glb
I0919 06:59:39.389155 1856845 ManagedContainerBase.cpp:19] ManagedContainerBase::convertFilenameToJSON : Filename : /mnt/data_nas/deeprobotics/daiyang/vla/third_party/ETP-R1/data/scene_datasets/mp3d/PuKPg4mmafe/PuKPg4mmafe.glb changed to proposed JSON configuration filename : /mnt/data_nas/deeprobotics/daiyang/vla/third_party/ETP-R1/data/scene_datasets/mp3d/PuKPg4mmafe/PuKPg4mmafe.stage_config.json
I0919 06:59:39.389166 1856845 AttributesManagerBase.h:283] AttributesManager<T>::createFromJsonOrDefaultInternal  (Stage) : Proposing JSON name : /mnt/data_nas/deeprobotics/daiyang/vla/third_party/ETP-R1/data/scene_datasets/mp3d/PuKPg4mmafe/PuKPg4mmafe.stage_config.json from original name : /mnt/data_nas/deeprobotics/daiyang/vla/third_party/ETP-R1/data/scene_datasets/mp3d/PuKPg4mmafe/PuKPg4mmafe.glb | This file  does not exist.
I0919 06:59:39.389213 1856845 AbstractObjectAttributesManagerBase.h:181] AbstractObjectAttributesManager<T>::createObject  (Stage) : Done making attributes with handle : /mnt/data_nas/deeprobotics/daiyang/vla/third_party/ETP-R1/data/scene_datasets/mp3d/PuKPg4mmafe/PuKPg4mmafe.glb
I0919 06:59:39.389215 1856845 AbstractObjectAttributesManagerBase.h:188] File (/mnt/data_nas/deeprobotics/daiyang/vla/third_party/ETP-R1/data/scene_datasets/mp3d/PuKPg4mmafe/PuKPg4mmafe.glb) exists but is not a recognized config filename extension, so new default Stage attributes created and registered.
I0919 06:59:39.389220 1856845 Simulator.cpp:156] Loading navmesh from /mnt/data_nas/deeprobotics/daiyang/vla/third_party/ETP-R1/data/scene_datasets/mp3d/PuKPg4mmafe/PuKPg4mmafe.navmesh
I0919 06:59:39.390125 1856845 Simulator.cpp:158] Loaded.
I0919 06:59:39.390133 1856845 SceneGraph.h:93] Created DrawableGroup: 
Renderer: NVIDIA GeForce RTX 5090/PCIe/SSE2 by NVIDIA Corporation
OpenGL version: 4.6.0 NVIDIA 580.126.09
Using optional features:
    GL_ARB_ES2_compatibility
    GL_ARB_direct_state_access
    GL_ARB_get_texture_sub_image
    GL_ARB_invalidate_subdata
    GL_ARB_multi_bind
    GL_ARB_robustness
    GL_ARB_separate_shader_objects
    GL_ARB_texture_filter_anisotropic
    GL_ARB_texture_storage
    GL_ARB_texture_storage_multisample
    GL_ARB_vertex_array_object
    GL_KHR_debug
Using driver workarounds:
    no-forward-compatible-core-context
    nv-egl-incorrect-gl11-function-pointers
    no-layout-qualifiers-on-old-glsl
    nv-zero-context-profile-mask
    nv-implementation-color-read-format-dsa-broken
    nv-cubemap-inconsistent-compressed-image-size
    nv-cubemap-broken-full-compressed-image-query
    nv-compressed-block-size-in-bits
I0919 06:59:39.393777 1856845 ResourceManager.cpp:234] ResourceManager::loadStage : Not loading semantic mesh
I0919 06:59:39.393786 1856845 ResourceManager.cpp:262] ResourceManager::loadStage : start load render asset /mnt/data_nas/deeprobotics/daiyang/vla/third_party/ETP-R1/data/scene_datasets/mp3d/PuKPg4mmafe/PuKPg4mmafe.glb.
I0919 06:59:39.393790 1856845 ResourceManager.cpp:569] ResourceManager::loadStageInternal : Attempting to load stage /mnt/data_nas/deeprobotics/daiyang/vla/third_party/ETP-R1/data/scene_datasets/mp3d/PuKPg4mmafe/PuKPg4mmafe.glb 
I0919 06:59:39.393806 1856845 ResourceManager.cpp:1119] Importing Basis files as BC7 for PuKPg4mmafe.glb
W0919 06:59:44.000845 1856845 Simulator.cpp:248] :
---
 The active scene does not contain semantic annotations. 
---
I0919 06:59:44.020637 1856845 simulator.py:213] Loaded navmesh /mnt/data_nas/deeprobotics/daiyang/vla/third_party/ETP-R1/data/scene_datasets/mp3d/PuKPg4mmafe/PuKPg4mmafe.navmesh
I0919 07:00:53.575318 1856845 PhysicsManager.cpp:33] Deconstructing PhysicsManager
I0919 07:00:53.575372 1856845 SemanticScene.h:41] Deconstructing SemanticScene
I0919 07:00:53.577003 1856845 SceneManager.h:25] Deconstructing SceneManager
I0919 07:00:53.577013 1856845 SceneGraph.h:26] Deconstructing SceneGraph
I0919 07:00:53.577286 1856845 Sensor.h:87] Deconstructing Sensor
I0919 07:00:53.583076 1856845 Renderer.cpp:34] Deconstructing Renderer
I0919 07:00:53.583112 1856845 WindowlessContext.h:17] Deconstructing WindowlessContext
I0919 07:00:53.596024 1856845 ManagedContainerBase.cpp:19] ManagedContainerBase::convertFilenameToJSON : Filename : default changed to proposed JSON configuration filename : default.scene_dataset_config.json
I0919 07:00:53.596047 1856845 AttributesManagerBase.h:283] AttributesManager<T>::createFromJsonOrDefaultInternal  (Dataset) : Proposing JSON name : default.scene_dataset_config.json from original name : default | This file  does not exist.
I0919 07:00:53.596191 1856845 AssetAttributesManager.cpp:117] Asset attributes (capsule3DSolid : capsule3DSolid_hemiRings_4_cylRings_1_segments_12_halfLen_0.75_useTexCoords_false_useTangents_false) created and registered.
I0919 07:00:53.596231 1856845 AssetAttributesManager.cpp:117] Asset attributes (capsule3DWireframe : capsule3DWireframe_hemiRings_8_cylRings_1_segments_16_halfLen_1) created and registered.
I0919 07:00:53.596277 1856845 AssetAttributesManager.cpp:117] Asset attributes (coneSolid : coneSolid_segments_12_halfLen_1.25_rings_1_useTexCoords_false_useTangents_false_capEnd_true) created and registered.
I0919 07:00:53.596300 1856845 AssetAttributesManager.cpp:117] Asset attributes (coneWireframe : coneWireframe_segments_32_halfLen_1.25) created and registered.
I0919 07:00:53.596313 1856845 AssetAttributesManager.cpp:117] Asset attributes (cubeSolid : cubeSolid) created and registered.
I0919 07:00:53.596323 1856845 AssetAttributesManager.cpp:117] Asset attributes (cubeWireframe : cubeWireframe) created and registered.
I0919 07:00:53.596354 1856845 AssetAttributesManager.cpp:117] Asset attributes (cylinderSolid : cylinderSolid_rings_1_segments_12_halfLen_1_useTexCoords_false_useTangents_false_capEnds_true) created and registered.
I0919 07:00:53.596379 1856845 AssetAttributesManager.cpp:117] Asset attributes (cylinderWireframe : cylinderWireframe_rings_1_segments_32_halfLen_1) created and registered.
I0919 07:00:53.596393 1856845 AssetAttributesManager.cpp:117] Asset attributes (icosphereSolid : icosphereSolid_subdivs_1) created and registered.
I0919 07:00:53.596406 1856845 AssetAttributesManager.cpp:117] Asset attributes (icosphereWireframe : icosphereWireframe_subdivs_1) created and registered.
I0919 07:00:53.596427 1856845 AssetAttributesManager.cpp:117] Asset attributes (uvSphereSolid : uvSphereSolid_rings_8_segments_16_useTexCoords_false_useTangents_false) created and registered.
I0919 07:00:53.596447 1856845 AssetAttributesManager.cpp:117] Asset attributes (uvSphereWireframe : uvSphereWireframe_rings_16_segments_32) created and registered.
I0919 07:00:53.596455 1856845 AssetAttributesManager.cpp:105] AssetAttributesManager::buildCtorFuncPtrMaps : Built default primitive asset templates : 12
I0919 07:00:53.597084 1856845 SceneDatasetAttributesManager.cpp:23] File (default) not found, so new default dataset attributes created and registered.
I0919 07:00:53.597087 1856845 MetadataMediator.cpp:47] MetadataMediator::createDataset : Dataset default successfully created.
I0919 07:00:53.597347 1856845 AttributesManagerBase.h:283] AttributesManager<T>::createFromJsonOrDefaultInternal  (Physics Manager) : Proposing JSON name : ./data/default.physics_config.json from original name : ./data/default.physics_config.json | This file  does not exist.
I0919 07:00:53.597362 1856845 PhysicsAttributesManager.cpp:27] File (./data/default.physics_config.json) not found, so new default physics manager attributes created and registered.
I0919 07:00:53.597366 1856845 AbstractObjectAttributesManagerBase.h:175] AbstractObjectAttributesManager<T>::createObject  (Stage) : Making attributes with handle : /mnt/data_nas/deeprobotics/daiyang/vla/third_party/ETP-R1/data/scene_datasets/mp3d/aayBHfsNo7d/aayBHfsNo7d.glb
I0919 07:00:53.597373 1856845 ManagedContainerBase.cpp:19] ManagedContainerBase::convertFilenameToJSON : Filename : /mnt/data_nas/deeprobotics/daiyang/vla/third_party/ETP-R1/data/scene_datasets/mp3d/aayBHfsNo7d/aayBHfsNo7d.glb changed to proposed JSON configuration filename : /mnt/data_nas/deeprobotics/daiyang/vla/third_party/ETP-R1/data/scene_datasets/mp3d/aayBHfsNo7d/aayBHfsNo7d.stage_config.json
I0919 07:00:53.597391 1856845 AttributesManagerBase.h:283] AttributesManager<T>::createFromJsonOrDefaultInternal  (Stage) : Proposing JSON name : /mnt/data_nas/deeprobotics/daiyang/vla/third_party/ETP-R1/data/scene_datasets/mp3d/aayBHfsNo7d/aayBHfsNo7d.stage_config.json from original name : /mnt/data_nas/deeprobotics/daiyang/vla/third_party/ETP-R1/data/scene_datasets/mp3d/aayBHfsNo7d/aayBHfsNo7d.glb | This file  does not exist.
I0919 07:00:53.597462 1856845 AbstractObjectAttributesManagerBase.h:181] AbstractObjectAttributesManager<T>::createObject  (Stage) : Done making attributes with handle : /mnt/data_nas/deeprobotics/daiyang/vla/third_party/ETP-R1/data/scene_datasets/mp3d/aayBHfsNo7d/aayBHfsNo7d.glb
I0919 07:00:53.597464 1856845 AbstractObjectAttributesManagerBase.h:188] File (/mnt/data_nas/deeprobotics/daiyang/vla/third_party/ETP-R1/data/scene_datasets/mp3d/aayBHfsNo7d/aayBHfsNo7d.glb) exists but is not a recognized config filename extension, so new default Stage attributes created and registered.
I0919 07:00:53.597472 1856845 Simulator.cpp:156] Loading navmesh from /mnt/data_nas/deeprobotics/daiyang/vla/third_party/ETP-R1/data/scene_datasets/mp3d/aayBHfsNo7d/aayBHfsNo7d.navmesh
I0919 07:00:53.598285 1856845 Simulator.cpp:158] Loaded.
I0919 07:00:53.598294 1856845 SceneGraph.h:93] Created DrawableGroup: 
Renderer: NVIDIA GeForce RTX 5090/PCIe/SSE2 by NVIDIA Corporation
OpenGL version: 4.6.0 NVIDIA 580.126.09
Using optional features:
    GL_ARB_ES2_compatibility
    GL_ARB_direct_state_access
    GL_ARB_get_texture_sub_image
    GL_ARB_invalidate_subdata
    GL_ARB_multi_bind
    GL_ARB_robustness
    GL_ARB_separate_shader_objects
    GL_ARB_texture_filter_anisotropic
    GL_ARB_texture_storage
    GL_ARB_texture_storage_multisample
    GL_ARB_vertex_array_object
    GL_KHR_debug
Using driver workarounds:
    no-forward-compatible-core-context
    nv-egl-incorrect-gl11-function-pointers
    no-layout-qualifiers-on-old-glsl
    nv-zero-context-profile-mask
    nv-implementation-color-read-format-dsa-broken
    nv-cubemap-inconsistent-compressed-image-size
    nv-cubemap-broken-full-compressed-image-query
    nv-compressed-block-size-in-bits
I0919 07:00:53.602543 1856845 ResourceManager.cpp:234] ResourceManager::loadStage : Not loading semantic mesh
I0919 07:00:53.602555 1856845 ResourceManager.cpp:262] ResourceManager::loadStage : start load render asset /mnt/data_nas/deeprobotics/daiyang/vla/third_party/ETP-R1/data/scene_datasets/mp3d/aayBHfsNo7d/aayBHfsNo7d.glb.
I0919 07:00:53.602557 1856845 ResourceManager.cpp:569] ResourceManager::loadStageInternal : Attempting to load stage /mnt/data_nas/deeprobotics/daiyang/vla/third_party/ETP-R1/data/scene_datasets/mp3d/aayBHfsNo7d/aayBHfsNo7d.glb 
I0919 07:00:53.602576 1856845 ResourceManager.cpp:1119] Importing Basis files as BC7 for aayBHfsNo7d.glb
W0919 07:00:55.167547 1856845 Simulator.cpp:248] :
---
 The active scene does not contain semantic annotations. 
---
I0919 07:00:55.208738 1856845 simulator.py:213] Loaded navmesh /mnt/data_nas/deeprobotics/daiyang/vla/third_party/ETP-R1/data/scene_datasets/mp3d/aayBHfsNo7d/aayBHfsNo7d.navmesh
I0919 07:01:24.923774 1856845 PhysicsManager.cpp:33] Deconstructing PhysicsManager
I0919 07:01:24.923813 1856845 SemanticScene.h:41] Deconstructing SemanticScene
I0919 07:01:24.925531 1856845 SceneManager.h:25] Deconstructing SceneManager
I0919 07:01:24.925539 1856845 SceneGraph.h:26] Deconstructing SceneGraph
I0919 07:01:24.925985 1856845 Sensor.h:87] Deconstructing Sensor
I0919 07:01:24.927604 1856845 Renderer.cpp:34] Deconstructing Renderer
I0919 07:01:24.927625 1856845 WindowlessContext.h:17] Deconstructing WindowlessContext
I0919 07:01:24.933239 1856845 ManagedContainerBase.cpp:19] ManagedContainerBase::convertFilenameToJSON : Filename : default changed to proposed JSON configuration filename : default.scene_dataset_config.json
I0919 07:01:24.933255 1856845 AttributesManagerBase.h:283] AttributesManager<T>::createFromJsonOrDefaultInternal  (Dataset) : Proposing JSON name : default.scene_dataset_config.json from original name : default | This file  does not exist.
I0919 07:01:24.933379 1856845 AssetAttributesManager.cpp:117] Asset attributes (capsule3DSolid : capsule3DSolid_hemiRings_4_cylRings_1_segments_12_halfLen_0.75_useTexCoords_false_useTangents_false) created and registered.
I0919 07:01:24.933406 1856845 AssetAttributesManager.cpp:117] Asset attributes (capsule3DWireframe : capsule3DWireframe_hemiRings_8_cylRings_1_segments_16_halfLen_1) created and registered.
I0919 07:01:24.933429 1856845 AssetAttributesManager.cpp:117] Asset attributes (coneSolid : coneSolid_segments_12_halfLen_1.25_rings_1_useTexCoords_false_useTangents_false_capEnd_true) created and registered.
I0919 07:01:24.933444 1856845 AssetAttributesManager.cpp:117] Asset attributes (coneWireframe : coneWireframe_segments_32_halfLen_1.25) created and registered.
I0919 07:01:24.933454 1856845 AssetAttributesManager.cpp:117] Asset attributes (cubeSolid : cubeSolid) created and registered.
I0919 07:01:24.933460 1856845 AssetAttributesManager.cpp:117] Asset attributes (cubeWireframe : cubeWireframe) created and registered.
I0919 07:01:24.933480 1856845 AssetAttributesManager.cpp:117] Asset attributes (cylinderSolid : cylinderSolid_rings_1_segments_12_halfLen_1_useTexCoords_false_useTangents_false_capEnds_true) created and registered.
I0919 07:01:24.933496 1856845 AssetAttributesManager.cpp:117] Asset attributes (cylinderWireframe : cylinderWireframe_rings_1_segments_32_halfLen_1) created and registered.
I0919 07:01:24.933506 1856845 AssetAttributesManager.cpp:117] Asset attributes (icosphereSolid : icosphereSolid_subdivs_1) created and registered.
I0919 07:01:24.933514 1856845 AssetAttributesManager.cpp:117] Asset attributes (icosphereWireframe : icosphereWireframe_subdivs_1) created and registered.
I0919 07:01:24.933528 1856845 AssetAttributesManager.cpp:117] Asset attributes (uvSphereSolid : uvSphereSolid_rings_8_segments_16_useTexCoords_false_useTangents_false) created and registered.
I0919 07:01:24.933542 1856845 AssetAttributesManager.cpp:117] Asset attributes (uvSphereWireframe : uvSphereWireframe_rings_16_segments_32) created and registered.
I0919 07:01:24.933547 1856845 AssetAttributesManager.cpp:105] AssetAttributesManager::buildCtorFuncPtrMaps : Built default primitive asset templates : 12
I0919 07:01:24.933933 1856845 SceneDatasetAttributesManager.cpp:23] File (default) not found, so new default dataset attributes created and registered.
I0919 07:01:24.933935 1856845 MetadataMediator.cpp:47] MetadataMediator::createDataset : Dataset default successfully created.
I0919 07:01:24.934116 1856845 AttributesManagerBase.h:283] AttributesManager<T>::createFromJsonOrDefaultInternal  (Physics Manager) : Proposing JSON name : ./data/default.physics_config.json from original name : ./data/default.physics_config.json | This file  does not exist.
I0919 07:01:24.934126 1856845 PhysicsAttributesManager.cpp:27] File (./data/default.physics_config.json) not found, so new default physics manager attributes created and registered.
I0919 07:01:24.934130 1856845 AbstractObjectAttributesManagerBase.h:175] AbstractObjectAttributesManager<T>::createObject  (Stage) : Making attributes with handle : /mnt/data_nas/deeprobotics/daiyang/vla/third_party/ETP-R1/data/scene_datasets/mp3d/82sE5b5pLXE/82sE5b5pLXE.glb
I0919 07:01:24.934134 1856845 ManagedContainerBase.cpp:19] ManagedContainerBase::convertFilenameToJSON : Filename : /mnt/data_nas/deeprobotics/daiyang/vla/third_party/ETP-R1/data/scene_datasets/mp3d/82sE5b5pLXE/82sE5b5pLXE.glb changed to proposed JSON configuration filename : /mnt/data_nas/deeprobotics/daiyang/vla/third_party/ETP-R1/data/scene_datasets/mp3d/82sE5b5pLXE/82sE5b5pLXE.stage_config.json
I0919 07:01:24.934145 1856845 AttributesManagerBase.h:283] AttributesManager<T>::createFromJsonOrDefaultInternal  (Stage) : Proposing JSON name : /mnt/data_nas/deeprobotics/daiyang/vla/third_party/ETP-R1/data/scene_datasets/mp3d/82sE5b5pLXE/82sE5b5pLXE.stage_config.json from original name : /mnt/data_nas/deeprobotics/daiyang/vla/third_party/ETP-R1/data/scene_datasets/mp3d/82sE5b5pLXE/82sE5b5pLXE.glb | This file  does not exist.
I0919 07:01:24.934193 1856845 AbstractObjectAttributesManagerBase.h:181] AbstractObjectAttributesManager<T>::createObject  (Stage) : Done making attributes with handle : /mnt/data_nas/deeprobotics/daiyang/vla/third_party/ETP-R1/data/scene_datasets/mp3d/82sE5b5pLXE/82sE5b5pLXE.glb
I0919 07:01:24.934195 1856845 AbstractObjectAttributesManagerBase.h:188] File (/mnt/data_nas/deeprobotics/daiyang/vla/third_party/ETP-R1/data/scene_datasets/mp3d/82sE5b5pLXE/82sE5b5pLXE.glb) exists but is not a recognized config filename extension, so new default Stage attributes created and registered.
I0919 07:01:24.934201 1856845 Simulator.cpp:156] Loading navmesh from /mnt/data_nas/deeprobotics/daiyang/vla/third_party/ETP-R1/data/scene_datasets/mp3d/82sE5b5pLXE/82sE5b5pLXE.navmesh
I0919 07:01:24.934924 1856845 Simulator.cpp:158] Loaded.
I0919 07:01:24.934931 1856845 SceneGraph.h:93] Created DrawableGroup: 
Renderer: NVIDIA GeForce RTX 5090/PCIe/SSE2 by NVIDIA Corporation
OpenGL version: 4.6.0 NVIDIA 580.126.09
Using optional features:
    GL_ARB_ES2_compatibility
    GL_ARB_direct_state_access
    GL_ARB_get_texture_sub_image
    GL_ARB_invalidate_subdata
    GL_ARB_multi_bind
    GL_ARB_robustness
    GL_ARB_separate_shader_objects
    GL_ARB_texture_filter_anisotropic
    GL_ARB_texture_storage
    GL_ARB_texture_storage_multisample
    GL_ARB_vertex_array_object
    GL_KHR_debug
Using driver workarounds:
    no-forward-compatible-core-context
    nv-egl-incorrect-gl11-function-pointers
    no-layout-qualifiers-on-old-glsl
    nv-zero-context-profile-mask
    nv-implementation-color-read-format-dsa-broken
    nv-cubemap-inconsistent-compressed-image-size
    nv-cubemap-broken-full-compressed-image-query
    nv-compressed-block-size-in-bits
I0919 07:01:24.938346 1856845 ResourceManager.cpp:234] ResourceManager::loadStage : Not loading semantic mesh
I0919 07:01:24.938354 1856845 ResourceManager.cpp:262] ResourceManager::loadStage : start load render asset /mnt/data_nas/deeprobotics/daiyang/vla/third_party/ETP-R1/data/scene_datasets/mp3d/82sE5b5pLXE/82sE5b5pLXE.glb.
I0919 07:01:24.938357 1856845 ResourceManager.cpp:569] ResourceManager::loadStageInternal : Attempting to load stage /mnt/data_nas/deeprobotics/daiyang/vla/third_party/ETP-R1/data/scene_datasets/mp3d/82sE5b5pLXE/82sE5b5pLXE.glb 
I0919 07:01:24.938371 1856845 ResourceManager.cpp:1119] Importing Basis files as BC7 for 82sE5b5pLXE.glb
W0919 07:01:26.964282 1856845 Simulator.cpp:248] :
---
 The active scene does not contain semantic annotations. 
---
I0919 07:01:26.999926 1856845 simulator.py:213] Loaded navmesh /mnt/data_nas/deeprobotics/daiyang/vla/third_party/ETP-R1/data/scene_datasets/mp3d/82sE5b5pLXE/82sE5b5pLXE.navmesh
I0919 07:01:27.220896 1856845 Simulator.cpp:49] Deconstructing Simulator
I0919 07:01:27.221074 1856845 Simulator.cpp:49] Deconstructing Simulator
I0919 07:01:27.221184 1856845 Simulator.cpp:49] Deconstructing Simulator
I0919 07:01:27.221314 1856845 Simulator.cpp:49] Deconstructing Simulator
I0919 07:01:27.221422 1856845 Simulator.cpp:49] Deconstructing Simulator
I0919 07:01:27.221510 1856845 Simulator.cpp:49] Deconstructing Simulator
I0919 07:01:27.221608 1856845 Simulator.cpp:49] Deconstructing Simulator
I0919 07:01:27.221684 1856845 Simulator.cpp:49] Deconstructing Simulator
I0919 07:01:27.221766 1856845 Simulator.cpp:49] Deconstructing Simulator
I0919 07:01:27.221829 1856845 Simulator.cpp:49] Deconstructing Simulator
I0919 07:02:39.714843 1856845 PhysicsManager.cpp:33] Deconstructing PhysicsManager
I0919 07:02:39.714890 1856845 SemanticScene.h:41] Deconstructing SemanticScene
I0919 07:02:39.716332 1856845 SceneManager.h:25] Deconstructing SceneManager
I0919 07:02:39.716339 1856845 SceneGraph.h:26] Deconstructing SceneGraph
I0919 07:02:39.716581 1856845 Sensor.h:87] Deconstructing Sensor
I0919 07:02:39.719367 1856845 Renderer.cpp:34] Deconstructing Renderer
I0919 07:02:39.719386 1856845 WindowlessContext.h:17] Deconstructing WindowlessContext
I0919 07:02:39.725178 1856845 ManagedContainerBase.cpp:19] ManagedContainerBase::convertFilenameToJSON : Filename : default changed to proposed JSON configuration filename : default.scene_dataset_config.json
I0919 07:02:39.725198 1856845 AttributesManagerBase.h:283] AttributesManager<T>::createFromJsonOrDefaultInternal  (Dataset) : Proposing JSON name : default.scene_dataset_config.json from original name : default | This file  does not exist.
I0919 07:02:39.725275 1856845 AssetAttributesManager.cpp:117] Asset attributes (capsule3DSolid : capsule3DSolid_hemiRings_4_cylRings_1_segments_12_halfLen_0.75_useTexCoords_false_useTangents_false) created and registered.
I0919 07:02:39.725312 1856845 AssetAttributesManager.cpp:117] Asset attributes (capsule3DWireframe : capsule3DWireframe_hemiRings_8_cylRings_1_segments_16_halfLen_1) created and registered.
I0919 07:02:39.725334 1856845 AssetAttributesManager.cpp:117] Asset attributes (coneSolid : coneSolid_segments_12_halfLen_1.25_rings_1_useTexCoords_false_useTangents_false_capEnd_true) created and registered.
I0919 07:02:39.725350 1856845 AssetAttributesManager.cpp:117] Asset attributes (coneWireframe : coneWireframe_segments_32_halfLen_1.25) created and registered.
I0919 07:02:39.725366 1856845 AssetAttributesManager.cpp:117] Asset attributes (cubeSolid : cubeSolid) created and registered.
I0919 07:02:39.725373 1856845 AssetAttributesManager.cpp:117] Asset attributes (cubeWireframe : cubeWireframe) created and registered.
I0919 07:02:39.725391 1856845 AssetAttributesManager.cpp:117] Asset attributes (cylinderSolid : cylinderSolid_rings_1_segments_12_halfLen_1_useTexCoords_false_useTangents_false_capEnds_true) created and registered.
I0919 07:02:39.725463 1856845 AssetAttributesManager.cpp:117] Asset attributes (cylinderWireframe : cylinderWireframe_rings_1_segments_32_halfLen_1) created and registered.
I0919 07:02:39.725473 1856845 AssetAttributesManager.cpp:117] Asset attributes (icosphereSolid : icosphereSolid_subdivs_1) created and registered.
I0919 07:02:39.725482 1856845 AssetAttributesManager.cpp:117] Asset attributes (icosphereWireframe : icosphereWireframe_subdivs_1) created and registered.
I0919 07:02:39.725497 1856845 AssetAttributesManager.cpp:117] Asset attributes (uvSphereSolid : uvSphereSolid_rings_8_segments_16_useTexCoords_false_useTangents_false) created and registered.
I0919 07:02:39.725512 1856845 AssetAttributesManager.cpp:117] Asset attributes (uvSphereWireframe : uvSphereWireframe_rings_16_segments_32) created and registered.
I0919 07:02:39.725519 1856845 AssetAttributesManager.cpp:105] AssetAttributesManager::buildCtorFuncPtrMaps : Built default primitive asset templates : 12
I0919 07:02:39.725931 1856845 SceneDatasetAttributesManager.cpp:23] File (default) not found, so new default dataset attributes created and registered.
I0919 07:02:39.725934 1856845 MetadataMediator.cpp:47] MetadataMediator::createDataset : Dataset default successfully created.
I0919 07:02:39.726184 1856845 AttributesManagerBase.h:283] AttributesManager<T>::createFromJsonOrDefaultInternal  (Physics Manager) : Proposing JSON name : ./data/default.physics_config.json from original name : ./data/default.physics_config.json | This file  does not exist.
I0919 07:02:39.726194 1856845 PhysicsAttributesManager.cpp:27] File (./data/default.physics_config.json) not found, so new default physics manager attributes created and registered.
I0919 07:02:39.726197 1856845 AbstractObjectAttributesManagerBase.h:175] AbstractObjectAttributesManager<T>::createObject  (Stage) : Making attributes with handle : /mnt/data_nas/deeprobotics/daiyang/vla/third_party/ETP-R1/data/scene_datasets/mp3d/B6ByNegPMKs/B6ByNegPMKs.glb
I0919 07:02:39.726202 1856845 ManagedContainerBase.cpp:19] ManagedContainerBase::convertFilenameToJSON : Filename : /mnt/data_nas/deeprobotics/daiyang/vla/third_party/ETP-R1/data/scene_datasets/mp3d/B6ByNegPMKs/B6ByNegPMKs.glb changed to proposed JSON configuration filename : /mnt/data_nas/deeprobotics/daiyang/vla/third_party/ETP-R1/data/scene_datasets/mp3d/B6ByNegPMKs/B6ByNegPMKs.stage_config.json
I0919 07:02:39.726212 1856845 AttributesManagerBase.h:283] AttributesManager<T>::createFromJsonOrDefaultInternal  (Stage) : Proposing JSON name : /mnt/data_nas/deeprobotics/daiyang/vla/third_party/ETP-R1/data/scene_datasets/mp3d/B6ByNegPMKs/B6ByNegPMKs.stage_config.json from original name : /mnt/data_nas/deeprobotics/daiyang/vla/third_party/ETP-R1/data/scene_datasets/mp3d/B6ByNegPMKs/B6ByNegPMKs.glb | This file  does not exist.
I0919 07:02:39.726275 1856845 AbstractObjectAttributesManagerBase.h:181] AbstractObjectAttributesManager<T>::createObject  (Stage) : Done making attributes with handle : /mnt/data_nas/deeprobotics/daiyang/vla/third_party/ETP-R1/data/scene_datasets/mp3d/B6ByNegPMKs/B6ByNegPMKs.glb
I0919 07:02:39.726277 1856845 AbstractObjectAttributesManagerBase.h:188] File (/mnt/data_nas/deeprobotics/daiyang/vla/third_party/ETP-R1/data/scene_datasets/mp3d/B6ByNegPMKs/B6ByNegPMKs.glb) exists but is not a recognized config filename extension, so new default Stage attributes created and registered.
I0919 07:02:39.726281 1856845 Simulator.cpp:156] Loading navmesh from /mnt/data_nas/deeprobotics/daiyang/vla/third_party/ETP-R1/data/scene_datasets/mp3d/B6ByNegPMKs/B6ByNegPMKs.navmesh
I0919 07:02:39.727540 1856845 Simulator.cpp:158] Loaded.
I0919 07:02:39.727548 1856845 SceneGraph.h:93] Created DrawableGroup: 
Renderer: NVIDIA GeForce RTX 5090/PCIe/SSE2 by NVIDIA Corporation
OpenGL version: 4.6.0 NVIDIA 580.126.09
Using optional features:
    GL_ARB_ES2_compatibility
    GL_ARB_direct_state_access
    GL_ARB_get_texture_sub_image
    GL_ARB_invalidate_subdata
    GL_ARB_multi_bind
    GL_ARB_robustness
    GL_ARB_separate_shader_objects
    GL_ARB_texture_filter_anisotropic
    GL_ARB_texture_storage
    GL_ARB_texture_storage_multisample
    GL_ARB_vertex_array_object
    GL_KHR_debug
Using driver workarounds:
    no-forward-compatible-core-context
    nv-egl-incorrect-gl11-function-pointers
    no-layout-qualifiers-on-old-glsl
    nv-zero-context-profile-mask
    nv-implementation-color-read-format-dsa-broken
    nv-cubemap-inconsistent-compressed-image-size
    nv-cubemap-broken-full-compressed-image-query
    nv-compressed-block-size-in-bits
I0919 07:02:39.731119 1856845 ResourceManager.cpp:234] ResourceManager::loadStage : Not loading semantic mesh
I0919 07:02:39.731127 1856845 ResourceManager.cpp:262] ResourceManager::loadStage : start load render asset /mnt/data_nas/deeprobotics/daiyang/vla/third_party/ETP-R1/data/scene_datasets/mp3d/B6ByNegPMKs/B6ByNegPMKs.glb.
I0919 07:02:39.731129 1856845 ResourceManager.cpp:569] ResourceManager::loadStageInternal : Attempting to load stage /mnt/data_nas/deeprobotics/daiyang/vla/third_party/ETP-R1/data/scene_datasets/mp3d/B6ByNegPMKs/B6ByNegPMKs.glb 
I0919 07:02:39.731144 1856845 ResourceManager.cpp:1119] Importing Basis files as BC7 for B6ByNegPMKs.glb
W0919 07:02:49.379904 1856845 Simulator.cpp:248] :
---
 The active scene does not contain semantic annotations. 
---
I0919 07:02:49.571566 1856845 simulator.py:213] Loaded navmesh /mnt/data_nas/deeprobotics/daiyang/vla/third_party/ETP-R1/data/scene_datasets/mp3d/B6ByNegPMKs/B6ByNegPMKs.navmesh
I0919 07:03:53.020825 1856845 PhysicsManager.cpp:33] Deconstructing PhysicsManager
I0919 07:03:53.020865 1856845 SemanticScene.h:41] Deconstructing SemanticScene
I0919 07:03:53.037225 1856845 SceneManager.h:25] Deconstructing SceneManager
I0919 07:03:53.037245 1856845 SceneGraph.h:26] Deconstructing SceneGraph
I0919 07:03:53.037724 1856845 Sensor.h:87] Deconstructing Sensor
I0919 07:03:53.050279 1856845 Renderer.cpp:34] Deconstructing Renderer
I0919 07:03:53.050314 1856845 WindowlessContext.h:17] Deconstructing WindowlessContext
I0919 07:03:53.073794 1856845 ManagedContainerBase.cpp:19] ManagedContainerBase::convertFilenameToJSON : Filename : default changed to proposed JSON configuration filename : default.scene_dataset_config.json
I0919 07:03:53.073822 1856845 AttributesManagerBase.h:283] AttributesManager<T>::createFromJsonOrDefaultInternal  (Dataset) : Proposing JSON name : default.scene_dataset_config.json from original name : default | This file  does not exist.
I0919 07:03:53.073930 1856845 AssetAttributesManager.cpp:117] Asset attributes (capsule3DSolid : capsule3DSolid_hemiRings_4_cylRings_1_segments_12_halfLen_0.75_useTexCoords_false_useTangents_false) created and registered.
I0919 07:03:53.073959 1856845 AssetAttributesManager.cpp:117] Asset attributes (capsule3DWireframe : capsule3DWireframe_hemiRings_8_cylRings_1_segments_16_halfLen_1) created and registered.
I0919 07:03:53.073984 1856845 AssetAttributesManager.cpp:117] Asset attributes (coneSolid : coneSolid_segments_12_halfLen_1.25_rings_1_useTexCoords_false_useTangents_false_capEnd_true) created and registered.
I0919 07:03:53.074000 1856845 AssetAttributesManager.cpp:117] Asset attributes (coneWireframe : coneWireframe_segments_32_halfLen_1.25) created and registered.
I0919 07:03:53.074010 1856845 AssetAttributesManager.cpp:117] Asset attributes (cubeSolid : cubeSolid) created and registered.
I0919 07:03:53.074018 1856845 AssetAttributesManager.cpp:117] Asset attributes (cubeWireframe : cubeWireframe) created and registered.
I0919 07:03:53.074038 1856845 AssetAttributesManager.cpp:117] Asset attributes (cylinderSolid : cylinderSolid_rings_1_segments_12_halfLen_1_useTexCoords_false_useTangents_false_capEnds_true) created and registered.
I0919 07:03:53.074054 1856845 AssetAttributesManager.cpp:117] Asset attributes (cylinderWireframe : cylinderWireframe_rings_1_segments_32_halfLen_1) created and registered.
I0919 07:03:53.074065 1856845 AssetAttributesManager.cpp:117] Asset attributes (icosphereSolid : icosphereSolid_subdivs_1) created and registered.
I0919 07:03:53.074075 1856845 AssetAttributesManager.cpp:117] Asset attributes (icosphereWireframe : icosphereWireframe_subdivs_1) created and registered.
I0919 07:03:53.074090 1856845 AssetAttributesManager.cpp:117] Asset attributes (uvSphereSolid : uvSphereSolid_rings_8_segments_16_useTexCoords_false_useTangents_false) created and registered.
I0919 07:03:53.074102 1856845 AssetAttributesManager.cpp:117] Asset attributes (uvSphereWireframe : uvSphereWireframe_rings_16_segments_32) created and registered.
I0919 07:03:53.074108 1856845 AssetAttributesManager.cpp:105] AssetAttributesManager::buildCtorFuncPtrMaps : Built default primitive asset templates : 12
I0919 07:03:53.074522 1856845 SceneDatasetAttributesManager.cpp:23] File (default) not found, so new default dataset attributes created and registered.
I0919 07:03:53.074523 1856845 MetadataMediator.cpp:47] MetadataMediator::createDataset : Dataset default successfully created.
I0919 07:03:53.075516 1856845 AttributesManagerBase.h:283] AttributesManager<T>::createFromJsonOrDefaultInternal  (Physics Manager) : Proposing JSON name : ./data/default.physics_config.json from original name : ./data/default.physics_config.json | This file  does not exist.
I0919 07:03:53.075529 1856845 PhysicsAttributesManager.cpp:27] File (./data/default.physics_config.json) not found, so new default physics manager attributes created and registered.
I0919 07:03:53.075532 1856845 AbstractObjectAttributesManagerBase.h:175] AbstractObjectAttributesManager<T>::createObject  (Stage) : Making attributes with handle : /mnt/data_nas/deeprobotics/daiyang/vla/third_party/ETP-R1/data/scene_datasets/mp3d/PuKPg4mmafe/PuKPg4mmafe.glb
I0919 07:03:53.075537 1856845 ManagedContainerBase.cpp:19] ManagedContainerBase::convertFilenameToJSON : Filename : /mnt/data_nas/deeprobotics/daiyang/vla/third_party/ETP-R1/data/scene_datasets/mp3d/PuKPg4mmafe/PuKPg4mmafe.glb changed to proposed JSON configuration filename : /mnt/data_nas/deeprobotics/daiyang/vla/third_party/ETP-R1/data/scene_datasets/mp3d/PuKPg4mmafe/PuKPg4mmafe.stage_config.json
I0919 07:03:53.078260 1856845 AttributesManagerBase.h:283] AttributesManager<T>::createFromJsonOrDefaultInternal  (Stage) : Proposing JSON name : /mnt/data_nas/deeprobotics/daiyang/vla/third_party/ETP-R1/data/scene_datasets/mp3d/PuKPg4mmafe/PuKPg4mmafe.stage_config.json from original name : /mnt/data_nas/deeprobotics/daiyang/vla/third_party/ETP-R1/data/scene_datasets/mp3d/PuKPg4mmafe/PuKPg4mmafe.glb | This file  does not exist.
I0919 07:03:53.078320 1856845 AbstractObjectAttributesManagerBase.h:181] AbstractObjectAttributesManager<T>::createObject  (Stage) : Done making attributes with handle : /mnt/data_nas/deeprobotics/daiyang/vla/third_party/ETP-R1/data/scene_datasets/mp3d/PuKPg4mmafe/PuKPg4mmafe.glb
I0919 07:03:53.078322 1856845 AbstractObjectAttributesManagerBase.h:188] File (/mnt/data_nas/deeprobotics/daiyang/vla/third_party/ETP-R1/data/scene_datasets/mp3d/PuKPg4mmafe/PuKPg4mmafe.glb) exists but is not a recognized config filename extension, so new default Stage attributes created and registered.
I0919 07:03:53.078327 1856845 Simulator.cpp:156] Loading navmesh from /mnt/data_nas/deeprobotics/daiyang/vla/third_party/ETP-R1/data/scene_datasets/mp3d/PuKPg4mmafe/PuKPg4mmafe.navmesh
I0919 07:03:53.079610 1856845 Simulator.cpp:158] Loaded.
I0919 07:03:53.079620 1856845 SceneGraph.h:93] Created DrawableGroup: 
Renderer: NVIDIA GeForce RTX 5090/PCIe/SSE2 by NVIDIA Corporation
OpenGL version: 4.6.0 NVIDIA 580.126.09
Using optional features:
    GL_ARB_ES2_compatibility
    GL_ARB_direct_state_access
    GL_ARB_get_texture_sub_image
    GL_ARB_invalidate_subdata
    GL_ARB_multi_bind
    GL_ARB_robustness
    GL_ARB_separate_shader_objects
    GL_ARB_texture_filter_anisotropic
    GL_ARB_texture_storage
    GL_ARB_texture_storage_multisample
    GL_ARB_vertex_array_object
    GL_KHR_debug
Using driver workarounds:
    no-forward-compatible-core-context
    nv-egl-incorrect-gl11-function-pointers
    no-layout-qualifiers-on-old-glsl
    nv-zero-context-profile-mask
    nv-implementation-color-read-format-dsa-broken
    nv-cubemap-inconsistent-compressed-image-size
    nv-cubemap-broken-full-compressed-image-query
    nv-compressed-block-size-in-bits
I0919 07:03:53.083366 1856845 ResourceManager.cpp:234] ResourceManager::loadStage : Not loading semantic mesh
I0919 07:03:53.083376 1856845 ResourceManager.cpp:262] ResourceManager::loadStage : start load render asset /mnt/data_nas/deeprobotics/daiyang/vla/third_party/ETP-R1/data/scene_datasets/mp3d/PuKPg4mmafe/PuKPg4mmafe.glb.
I0919 07:03:53.083379 1856845 ResourceManager.cpp:569] ResourceManager::loadStageInternal : Attempting to load stage /mnt/data_nas/deeprobotics/daiyang/vla/third_party/ETP-R1/data/scene_datasets/mp3d/PuKPg4mmafe/PuKPg4mmafe.glb 
I0919 07:03:53.083397 1856845 ResourceManager.cpp:1119] Importing Basis files as BC7 for PuKPg4mmafe.glb
W0919 07:03:57.736647 1856845 Simulator.cpp:248] :
---
 The active scene does not contain semantic annotations. 
---
I0919 07:03:57.758305 1856845 simulator.py:213] Loaded navmesh /mnt/data_nas/deeprobotics/daiyang/vla/third_party/ETP-R1/data/scene_datasets/mp3d/PuKPg4mmafe/PuKPg4mmafe.navmesh
I0919 07:06:32.115104 1856845 PhysicsManager.cpp:33] Deconstructing PhysicsManager
I0919 07:06:32.115149 1856845 SemanticScene.h:41] Deconstructing SemanticScene
I0919 07:06:32.116520 1856845 SceneManager.h:25] Deconstructing SceneManager
I0919 07:06:32.116528 1856845 SceneGraph.h:26] Deconstructing SceneGraph
I0919 07:06:32.116744 1856845 Sensor.h:87] Deconstructing Sensor
I0919 07:06:32.121114 1856845 Renderer.cpp:34] Deconstructing Renderer
I0919 07:06:32.121145 1856845 WindowlessContext.h:17] Deconstructing WindowlessContext
I0919 07:06:32.134402 1856845 ManagedContainerBase.cpp:19] ManagedContainerBase::convertFilenameToJSON : Filename : default changed to proposed JSON configuration filename : default.scene_dataset_config.json
I0919 07:06:32.134419 1856845 AttributesManagerBase.h:283] AttributesManager<T>::createFromJsonOrDefaultInternal  (Dataset) : Proposing JSON name : default.scene_dataset_config.json from original name : default | This file  does not exist.
I0919 07:06:32.134541 1856845 AssetAttributesManager.cpp:117] Asset attributes (capsule3DSolid : capsule3DSolid_hemiRings_4_cylRings_1_segments_12_halfLen_0.75_useTexCoords_false_useTangents_false) created and registered.
I0919 07:06:32.134568 1856845 AssetAttributesManager.cpp:117] Asset attributes (capsule3DWireframe : capsule3DWireframe_hemiRings_8_cylRings_1_segments_16_halfLen_1) created and registered.
I0919 07:06:32.134598 1856845 AssetAttributesManager.cpp:117] Asset attributes (coneSolid : coneSolid_segments_12_halfLen_1.25_rings_1_useTexCoords_false_useTangents_false_capEnd_true) created and registered.
I0919 07:06:32.134613 1856845 AssetAttributesManager.cpp:117] Asset attributes (coneWireframe : coneWireframe_segments_32_halfLen_1.25) created and registered.
I0919 07:06:32.134621 1856845 AssetAttributesManager.cpp:117] Asset attributes (cubeSolid : cubeSolid) created and registered.
I0919 07:06:32.134627 1856845 AssetAttributesManager.cpp:117] Asset attributes (cubeWireframe : cubeWireframe) created and registered.
I0919 07:06:32.134647 1856845 AssetAttributesManager.cpp:117] Asset attributes (cylinderSolid : cylinderSolid_rings_1_segments_12_halfLen_1_useTexCoords_false_useTangents_false_capEnds_true) created and registered.
I0919 07:06:32.134665 1856845 AssetAttributesManager.cpp:117] Asset attributes (cylinderWireframe : cylinderWireframe_rings_1_segments_32_halfLen_1) created and registered.
I0919 07:06:32.134675 1856845 AssetAttributesManager.cpp:117] Asset attributes (icosphereSolid : icosphereSolid_subdivs_1) created and registered.
I0919 07:06:32.134684 1856845 AssetAttributesManager.cpp:117] Asset attributes (icosphereWireframe : icosphereWireframe_subdivs_1) created and registered.
I0919 07:06:32.134697 1856845 AssetAttributesManager.cpp:117] Asset attributes (uvSphereSolid : uvSphereSolid_rings_8_segments_16_useTexCoords_false_useTangents_false) created and registered.
I0919 07:06:32.134711 1856845 AssetAttributesManager.cpp:117] Asset attributes (uvSphereWireframe : uvSphereWireframe_rings_16_segments_32) created and registered.
I0919 07:06:32.134717 1856845 AssetAttributesManager.cpp:105] AssetAttributesManager::buildCtorFuncPtrMaps : Built default primitive asset templates : 12
I0919 07:06:32.135114 1856845 SceneDatasetAttributesManager.cpp:23] File (default) not found, so new default dataset attributes created and registered.
I0919 07:06:32.135116 1856845 MetadataMediator.cpp:47] MetadataMediator::createDataset : Dataset default successfully created.
I0919 07:06:32.135321 1856845 AttributesManagerBase.h:283] AttributesManager<T>::createFromJsonOrDefaultInternal  (Physics Manager) : Proposing JSON name : ./data/default.physics_config.json from original name : ./data/default.physics_config.json | This file  does not exist.
I0919 07:06:32.135335 1856845 PhysicsAttributesManager.cpp:27] File (./data/default.physics_config.json) not found, so new default physics manager attributes created and registered.
I0919 07:06:32.135339 1856845 AbstractObjectAttributesManagerBase.h:175] AbstractObjectAttributesManager<T>::createObject  (Stage) : Making attributes with handle : /mnt/data_nas/deeprobotics/daiyang/vla/third_party/ETP-R1/data/scene_datasets/mp3d/aayBHfsNo7d/aayBHfsNo7d.glb
I0919 07:06:32.135344 1856845 ManagedContainerBase.cpp:19] ManagedContainerBase::convertFilenameToJSON : Filename : /mnt/data_nas/deeprobotics/daiyang/vla/third_party/ETP-R1/data/scene_datasets/mp3d/aayBHfsNo7d/aayBHfsNo7d.glb changed to proposed JSON configuration filename : /mnt/data_nas/deeprobotics/daiyang/vla/third_party/ETP-R1/data/scene_datasets/mp3d/aayBHfsNo7d/aayBHfsNo7d.stage_config.json
I0919 07:06:32.135354 1856845 AttributesManagerBase.h:283] AttributesManager<T>::createFromJsonOrDefaultInternal  (Stage) : Proposing JSON name : /mnt/data_nas/deeprobotics/daiyang/vla/third_party/ETP-R1/data/scene_datasets/mp3d/aayBHfsNo7d/aayBHfsNo7d.stage_config.json from original name : /mnt/data_nas/deeprobotics/daiyang/vla/third_party/ETP-R1/data/scene_datasets/mp3d/aayBHfsNo7d/aayBHfsNo7d.glb | This file  does not exist.
I0919 07:06:32.135402 1856845 AbstractObjectAttributesManagerBase.h:181] AbstractObjectAttributesManager<T>::createObject  (Stage) : Done making attributes with handle : /mnt/data_nas/deeprobotics/daiyang/vla/third_party/ETP-R1/data/scene_datasets/mp3d/aayBHfsNo7d/aayBHfsNo7d.glb
I0919 07:06:32.135404 1856845 AbstractObjectAttributesManagerBase.h:188] File (/mnt/data_nas/deeprobotics/daiyang/vla/third_party/ETP-R1/data/scene_datasets/mp3d/aayBHfsNo7d/aayBHfsNo7d.glb) exists but is not a recognized config filename extension, so new default Stage attributes created and registered.
I0919 07:06:32.135411 1856845 Simulator.cpp:156] Loading navmesh from /mnt/data_nas/deeprobotics/daiyang/vla/third_party/ETP-R1/data/scene_datasets/mp3d/aayBHfsNo7d/aayBHfsNo7d.navmesh
I0919 07:06:32.136184 1856845 Simulator.cpp:158] Loaded.
I0919 07:06:32.136193 1856845 SceneGraph.h:93] Created DrawableGroup: 
Renderer: NVIDIA GeForce RTX 5090/PCIe/SSE2 by NVIDIA Corporation
OpenGL version: 4.6.0 NVIDIA 580.126.09
Using optional features:
    GL_ARB_ES2_compatibility
    GL_ARB_direct_state_access
    GL_ARB_get_texture_sub_image
    GL_ARB_invalidate_subdata
    GL_ARB_multi_bind
    GL_ARB_robustness
    GL_ARB_separate_shader_objects
    GL_ARB_texture_filter_anisotropic
    GL_ARB_texture_storage
    GL_ARB_texture_storage_multisample
    GL_ARB_vertex_array_object
    GL_KHR_debug
Using driver workarounds:
    no-forward-compatible-core-context
    nv-egl-incorrect-gl11-function-pointers
    no-layout-qualifiers-on-old-glsl
    nv-zero-context-profile-mask
    nv-implementation-color-read-format-dsa-broken
    nv-cubemap-inconsistent-compressed-image-size
    nv-cubemap-broken-full-compressed-image-query
    nv-compressed-block-size-in-bits
I0919 07:06:32.139739 1856845 ResourceManager.cpp:234] ResourceManager::loadStage : Not loading semantic mesh
I0919 07:06:32.139746 1856845 ResourceManager.cpp:262] ResourceManager::loadStage : start load render asset /mnt/data_nas/deeprobotics/daiyang/vla/third_party/ETP-R1/data/scene_datasets/mp3d/aayBHfsNo7d/aayBHfsNo7d.glb.
I0919 07:06:32.139748 1856845 ResourceManager.cpp:569] ResourceManager::loadStageInternal : Attempting to load stage /mnt/data_nas/deeprobotics/daiyang/vla/third_party/ETP-R1/data/scene_datasets/mp3d/aayBHfsNo7d/aayBHfsNo7d.glb 
I0919 07:06:32.139763 1856845 ResourceManager.cpp:1119] Importing Basis files as BC7 for aayBHfsNo7d.glb
W0919 07:06:33.680048 1856845 Simulator.cpp:248] :
---
 The active scene does not contain semantic annotations. 
---
I0919 07:06:33.720442 1856845 simulator.py:213] Loaded navmesh /mnt/data_nas/deeprobotics/daiyang/vla/third_party/ETP-R1/data/scene_datasets/mp3d/aayBHfsNo7d/aayBHfsNo7d.navmesh
I0919 07:09:09.916369 1856845 PhysicsManager.cpp:33] Deconstructing PhysicsManager
I0919 07:09:09.916422 1856845 SemanticScene.h:41] Deconstructing SemanticScene
I0919 07:09:09.918659 1856845 SceneManager.h:25] Deconstructing SceneManager
I0919 07:09:09.918669 1856845 SceneGraph.h:26] Deconstructing SceneGraph
I0919 07:09:09.919219 1856845 Sensor.h:87] Deconstructing Sensor
I0919 07:09:09.921497 1856845 Renderer.cpp:34] Deconstructing Renderer
I0919 07:09:09.921528 1856845 WindowlessContext.h:17] Deconstructing WindowlessContext
I0919 07:09:09.928117 1856845 ManagedContainerBase.cpp:19] ManagedContainerBase::convertFilenameToJSON : Filename : default changed to proposed JSON configuration filename : default.scene_dataset_config.json
I0919 07:09:09.928134 1856845 AttributesManagerBase.h:283] AttributesManager<T>::createFromJsonOrDefaultInternal  (Dataset) : Proposing JSON name : default.scene_dataset_config.json from original name : default | This file  does not exist.
I0919 07:09:09.928311 1856845 AssetAttributesManager.cpp:117] Asset attributes (capsule3DSolid : capsule3DSolid_hemiRings_4_cylRings_1_segments_12_halfLen_0.75_useTexCoords_false_useTangents_false) created and registered.
I0919 07:09:09.928351 1856845 AssetAttributesManager.cpp:117] Asset attributes (capsule3DWireframe : capsule3DWireframe_hemiRings_8_cylRings_1_segments_16_halfLen_1) created and registered.
I0919 07:09:09.928390 1856845 AssetAttributesManager.cpp:117] Asset attributes (coneSolid : coneSolid_segments_12_halfLen_1.25_rings_1_useTexCoords_false_useTangents_false_capEnd_true) created and registered.
I0919 07:09:09.928411 1856845 AssetAttributesManager.cpp:117] Asset attributes (coneWireframe : coneWireframe_segments_32_halfLen_1.25) created and registered.
I0919 07:09:09.928424 1856845 AssetAttributesManager.cpp:117] Asset attributes (cubeSolid : cubeSolid) created and registered.
I0919 07:09:09.928440 1856845 AssetAttributesManager.cpp:117] Asset attributes (cubeWireframe : cubeWireframe) created and registered.
I0919 07:09:09.928471 1856845 AssetAttributesManager.cpp:117] Asset attributes (cylinderSolid : cylinderSolid_rings_1_segments_12_halfLen_1_useTexCoords_false_useTangents_false_capEnds_true) created and registered.
I0919 07:09:09.928498 1856845 AssetAttributesManager.cpp:117] Asset attributes (cylinderWireframe : cylinderWireframe_rings_1_segments_32_halfLen_1) created and registered.
I0919 07:09:09.928512 1856845 AssetAttributesManager.cpp:117] Asset attributes (icosphereSolid : icosphereSolid_subdivs_1) created and registered.
I0919 07:09:09.928525 1856845 AssetAttributesManager.cpp:117] Asset attributes (icosphereWireframe : icosphereWireframe_subdivs_1) created and registered.
I0919 07:09:09.928547 1856845 AssetAttributesManager.cpp:117] Asset attributes (uvSphereSolid : uvSphereSolid_rings_8_segments_16_useTexCoords_false_useTangents_false) created and registered.
I0919 07:09:09.928566 1856845 AssetAttributesManager.cpp:117] Asset attributes (uvSphereWireframe : uvSphereWireframe_rings_16_segments_32) created and registered.
I0919 07:09:09.928575 1856845 AssetAttributesManager.cpp:105] AssetAttributesManager::buildCtorFuncPtrMaps : Built default primitive asset templates : 12
I0919 07:09:09.929239 1856845 SceneDatasetAttributesManager.cpp:23] File (default) not found, so new default dataset attributes created and registered.
I0919 07:09:09.929241 1856845 MetadataMediator.cpp:47] MetadataMediator::createDataset : Dataset default successfully created.
I0919 07:09:09.929489 1856845 AttributesManagerBase.h:283] AttributesManager<T>::createFromJsonOrDefaultInternal  (Physics Manager) : Proposing JSON name : ./data/default.physics_config.json from original name : ./data/default.physics_config.json | This file  does not exist.
I0919 07:09:09.929504 1856845 PhysicsAttributesManager.cpp:27] File (./data/default.physics_config.json) not found, so new default physics manager attributes created and registered.
I0919 07:09:09.929509 1856845 AbstractObjectAttributesManagerBase.h:175] AbstractObjectAttributesManager<T>::createObject  (Stage) : Making attributes with handle : /mnt/data_nas/deeprobotics/daiyang/vla/third_party/ETP-R1/data/scene_datasets/mp3d/82sE5b5pLXE/82sE5b5pLXE.glb
I0919 07:09:09.929515 1856845 ManagedContainerBase.cpp:19] ManagedContainerBase::convertFilenameToJSON : Filename : /mnt/data_nas/deeprobotics/daiyang/vla/third_party/ETP-R1/data/scene_datasets/mp3d/82sE5b5pLXE/82sE5b5pLXE.glb changed to proposed JSON configuration filename : /mnt/data_nas/deeprobotics/daiyang/vla/third_party/ETP-R1/data/scene_datasets/mp3d/82sE5b5pLXE/82sE5b5pLXE.stage_config.json
I0919 07:09:09.929530 1856845 AttributesManagerBase.h:283] AttributesManager<T>::createFromJsonOrDefaultInternal  (Stage) : Proposing JSON name : /mnt/data_nas/deeprobotics/daiyang/vla/third_party/ETP-R1/data/scene_datasets/mp3d/82sE5b5pLXE/82sE5b5pLXE.stage_config.json from original name : /mnt/data_nas/deeprobotics/daiyang/vla/third_party/ETP-R1/data/scene_datasets/mp3d/82sE5b5pLXE/82sE5b5pLXE.glb | This file  does not exist.
I0919 07:09:09.929601 1856845 AbstractObjectAttributesManagerBase.h:181] AbstractObjectAttributesManager<T>::createObject  (Stage) : Done making attributes with handle : /mnt/data_nas/deeprobotics/daiyang/vla/third_party/ETP-R1/data/scene_datasets/mp3d/82sE5b5pLXE/82sE5b5pLXE.glb
I0919 07:09:09.929605 1856845 AbstractObjectAttributesManagerBase.h:188] File (/mnt/data_nas/deeprobotics/daiyang/vla/third_party/ETP-R1/data/scene_datasets/mp3d/82sE5b5pLXE/82sE5b5pLXE.glb) exists but is not a recognized config filename extension, so new default Stage attributes created and registered.
I0919 07:09:09.929611 1856845 Simulator.cpp:156] Loading navmesh from /mnt/data_nas/deeprobotics/daiyang/vla/third_party/ETP-R1/data/scene_datasets/mp3d/82sE5b5pLXE/82sE5b5pLXE.navmesh
I0919 07:09:09.930416 1856845 Simulator.cpp:158] Loaded.
I0919 07:09:09.930429 1856845 SceneGraph.h:93] Created DrawableGroup: 
Renderer: NVIDIA GeForce RTX 5090/PCIe/SSE2 by NVIDIA Corporation
OpenGL version: 4.6.0 NVIDIA 580.126.09
Using optional features:
    GL_ARB_ES2_compatibility
    GL_ARB_direct_state_access
    GL_ARB_get_texture_sub_image
    GL_ARB_invalidate_subdata
    GL_ARB_multi_bind
    GL_ARB_robustness
    GL_ARB_separate_shader_objects
    GL_ARB_texture_filter_anisotropic
    GL_ARB_texture_storage
    GL_ARB_texture_storage_multisample
    GL_ARB_vertex_array_object
    GL_KHR_debug
Using driver workarounds:
    no-forward-compatible-core-context
    nv-egl-incorrect-gl11-function-pointers
    no-layout-qualifiers-on-old-glsl
    nv-zero-context-profile-mask
    nv-implementation-color-read-format-dsa-broken
    nv-cubemap-inconsistent-compressed-image-size
    nv-cubemap-broken-full-compressed-image-query
    nv-compressed-block-size-in-bits
I0919 07:09:09.934499 1856845 ResourceManager.cpp:234] ResourceManager::loadStage : Not loading semantic mesh
I0919 07:09:09.934509 1856845 ResourceManager.cpp:262] ResourceManager::loadStage : start load render asset /mnt/data_nas/deeprobotics/daiyang/vla/third_party/ETP-R1/data/scene_datasets/mp3d/82sE5b5pLXE/82sE5b5pLXE.glb.
I0919 07:09:09.934512 1856845 ResourceManager.cpp:569] ResourceManager::loadStageInternal : Attempting to load stage /mnt/data_nas/deeprobotics/daiyang/vla/third_party/ETP-R1/data/scene_datasets/mp3d/82sE5b5pLXE/82sE5b5pLXE.glb 
I0919 07:09:09.934531 1856845 ResourceManager.cpp:1119] Importing Basis files as BC7 for 82sE5b5pLXE.glb
W0919 07:09:12.048959 1856845 Simulator.cpp:248] :
---
 The active scene does not contain semantic annotations. 
---
I0919 07:09:12.085180 1856845 simulator.py:213] Loaded navmesh /mnt/data_nas/deeprobotics/daiyang/vla/third_party/ETP-R1/data/scene_datasets/mp3d/82sE5b5pLXE/82sE5b5pLXE.navmesh
I0919 07:10:21.152230 1856845 PhysicsManager.cpp:33] Deconstructing PhysicsManager
I0919 07:10:21.152283 1856845 SemanticScene.h:41] Deconstructing SemanticScene
I0919 07:10:21.153677 1856845 SceneManager.h:25] Deconstructing SceneManager
I0919 07:10:21.153685 1856845 SceneGraph.h:26] Deconstructing SceneGraph
I0919 07:10:21.153926 1856845 Sensor.h:87] Deconstructing Sensor
I0919 07:10:21.157015 1856845 Renderer.cpp:34] Deconstructing Renderer
I0919 07:10:21.157040 1856845 WindowlessContext.h:17] Deconstructing WindowlessContext
I0919 07:10:21.162302 1856845 ManagedContainerBase.cpp:19] ManagedContainerBase::convertFilenameToJSON : Filename : default changed to proposed JSON configuration filename : default.scene_dataset_config.json
I0919 07:10:21.162319 1856845 AttributesManagerBase.h:283] AttributesManager<T>::createFromJsonOrDefaultInternal  (Dataset) : Proposing JSON name : default.scene_dataset_config.json from original name : default | This file  does not exist.
I0919 07:10:21.162528 1856845 AssetAttributesManager.cpp:117] Asset attributes (capsule3DSolid : capsule3DSolid_hemiRings_4_cylRings_1_segments_12_halfLen_0.75_useTexCoords_false_useTangents_false) created and registered.
I0919 07:10:21.162555 1856845 AssetAttributesManager.cpp:117] Asset attributes (capsule3DWireframe : capsule3DWireframe_hemiRings_8_cylRings_1_segments_16_halfLen_1) created and registered.
I0919 07:10:21.162578 1856845 AssetAttributesManager.cpp:117] Asset attributes (coneSolid : coneSolid_segments_12_halfLen_1.25_rings_1_useTexCoords_false_useTangents_false_capEnd_true) created and registered.
I0919 07:10:21.162593 1856845 AssetAttributesManager.cpp:117] Asset attributes (coneWireframe : coneWireframe_segments_32_halfLen_1.25) created and registered.
I0919 07:10:21.162602 1856845 AssetAttributesManager.cpp:117] Asset attributes (cubeSolid : cubeSolid) created and registered.
I0919 07:10:21.162608 1856845 AssetAttributesManager.cpp:117] Asset attributes (cubeWireframe : cubeWireframe) created and registered.
I0919 07:10:21.162627 1856845 AssetAttributesManager.cpp:117] Asset attributes (cylinderSolid : cylinderSolid_rings_1_segments_12_halfLen_1_useTexCoords_false_useTangents_false_capEnds_true) created and registered.
I0919 07:10:21.162650 1856845 AssetAttributesManager.cpp:117] Asset attributes (cylinderWireframe : cylinderWireframe_rings_1_segments_32_halfLen_1) created and registered.
I0919 07:10:21.162662 1856845 AssetAttributesManager.cpp:117] Asset attributes (icosphereSolid : icosphereSolid_subdivs_1) created and registered.
I0919 07:10:21.162670 1856845 AssetAttributesManager.cpp:117] Asset attributes (icosphereWireframe : icosphereWireframe_subdivs_1) created and registered.
I0919 07:10:21.162685 1856845 AssetAttributesManager.cpp:117] Asset attributes (uvSphereSolid : uvSphereSolid_rings_8_segments_16_useTexCoords_false_useTangents_false) created and registered.
I0919 07:10:21.162698 1856845 AssetAttributesManager.cpp:117] Asset attributes (uvSphereWireframe : uvSphereWireframe_rings_16_segments_32) created and registered.
I0919 07:10:21.162704 1856845 AssetAttributesManager.cpp:105] AssetAttributesManager::buildCtorFuncPtrMaps : Built default primitive asset templates : 12
I0919 07:10:21.163101 1856845 SceneDatasetAttributesManager.cpp:23] File (default) not found, so new default dataset attributes created and registered.
I0919 07:10:21.163103 1856845 MetadataMediator.cpp:47] MetadataMediator::createDataset : Dataset default successfully created.
I0919 07:10:21.163296 1856845 AttributesManagerBase.h:283] AttributesManager<T>::createFromJsonOrDefaultInternal  (Physics Manager) : Proposing JSON name : ./data/default.physics_config.json from original name : ./data/default.physics_config.json | This file  does not exist.
I0919 07:10:21.163308 1856845 PhysicsAttributesManager.cpp:27] File (./data/default.physics_config.json) not found, so new default physics manager attributes created and registered.
I0919 07:10:21.163312 1856845 AbstractObjectAttributesManagerBase.h:175] AbstractObjectAttributesManager<T>::createObject  (Stage) : Making attributes with handle : /mnt/data_nas/deeprobotics/daiyang/vla/third_party/ETP-R1/data/scene_datasets/mp3d/B6ByNegPMKs/B6ByNegPMKs.glb
I0919 07:10:21.163316 1856845 ManagedContainerBase.cpp:19] ManagedContainerBase::convertFilenameToJSON : Filename : /mnt/data_nas/deeprobotics/daiyang/vla/third_party/ETP-R1/data/scene_datasets/mp3d/B6ByNegPMKs/B6ByNegPMKs.glb changed to proposed JSON configuration filename : /mnt/data_nas/deeprobotics/daiyang/vla/third_party/ETP-R1/data/scene_datasets/mp3d/B6ByNegPMKs/B6ByNegPMKs.stage_config.json
I0919 07:10:21.163326 1856845 AttributesManagerBase.h:283] AttributesManager<T>::createFromJsonOrDefaultInternal  (Stage) : Proposing JSON name : /mnt/data_nas/deeprobotics/daiyang/vla/third_party/ETP-R1/data/scene_datasets/mp3d/B6ByNegPMKs/B6ByNegPMKs.stage_config.json from original name : /mnt/data_nas/deeprobotics/daiyang/vla/third_party/ETP-R1/data/scene_datasets/mp3d/B6ByNegPMKs/B6ByNegPMKs.glb | This file  does not exist.
I0919 07:10:21.163373 1856845 AbstractObjectAttributesManagerBase.h:181] AbstractObjectAttributesManager<T>::createObject  (Stage) : Done making attributes with handle : /mnt/data_nas/deeprobotics/daiyang/vla/third_party/ETP-R1/data/scene_datasets/mp3d/B6ByNegPMKs/B6ByNegPMKs.glb
I0919 07:10:21.163375 1856845 AbstractObjectAttributesManagerBase.h:188] File (/mnt/data_nas/deeprobotics/daiyang/vla/third_party/ETP-R1/data/scene_datasets/mp3d/B6ByNegPMKs/B6ByNegPMKs.glb) exists but is not a recognized config filename extension, so new default Stage attributes created and registered.
I0919 07:10:21.163381 1856845 Simulator.cpp:156] Loading navmesh from /mnt/data_nas/deeprobotics/daiyang/vla/third_party/ETP-R1/data/scene_datasets/mp3d/B6ByNegPMKs/B6ByNegPMKs.navmesh
I0919 07:10:21.164613 1856845 Simulator.cpp:158] Loaded.
I0919 07:10:21.164619 1856845 SceneGraph.h:93] Created DrawableGroup: 
Renderer: NVIDIA GeForce RTX 5090/PCIe/SSE2 by NVIDIA Corporation
OpenGL version: 4.6.0 NVIDIA 580.126.09
Using optional features:
    GL_ARB_ES2_compatibility
    GL_ARB_direct_state_access
    GL_ARB_get_texture_sub_image
    GL_ARB_invalidate_subdata
    GL_ARB_multi_bind
    GL_ARB_robustness
    GL_ARB_separate_shader_objects
    GL_ARB_texture_filter_anisotropic
    GL_ARB_texture_storage
    GL_ARB_texture_storage_multisample
    GL_ARB_vertex_array_object
    GL_KHR_debug
Using driver workarounds:
    no-forward-compatible-core-context
    nv-egl-incorrect-gl11-function-pointers
    no-layout-qualifiers-on-old-glsl
    nv-zero-context-profile-mask
    nv-implementation-color-read-format-dsa-broken
    nv-cubemap-inconsistent-compressed-image-size
    nv-cubemap-broken-full-compressed-image-query
    nv-compressed-block-size-in-bits
I0919 07:10:21.167996 1856845 ResourceManager.cpp:234] ResourceManager::loadStage : Not loading semantic mesh
I0919 07:10:21.168004 1856845 ResourceManager.cpp:262] ResourceManager::loadStage : start load render asset /mnt/data_nas/deeprobotics/daiyang/vla/third_party/ETP-R1/data/scene_datasets/mp3d/B6ByNegPMKs/B6ByNegPMKs.glb.
I0919 07:10:21.168007 1856845 ResourceManager.cpp:569] ResourceManager::loadStageInternal : Attempting to load stage /mnt/data_nas/deeprobotics/daiyang/vla/third_party/ETP-R1/data/scene_datasets/mp3d/B6ByNegPMKs/B6ByNegPMKs.glb 
I0919 07:10:21.168022 1856845 ResourceManager.cpp:1119] Importing Basis files as BC7 for B6ByNegPMKs.glb
W0919 07:10:30.693053 1856845 Simulator.cpp:248] :
---
 The active scene does not contain semantic annotations. 
---
I0919 07:10:30.886080 1856845 simulator.py:213] Loaded navmesh /mnt/data_nas/deeprobotics/daiyang/vla/third_party/ETP-R1/data/scene_datasets/mp3d/B6ByNegPMKs/B6ByNegPMKs.navmesh
I0919 07:12:15.263918 1856845 PhysicsManager.cpp:33] Deconstructing PhysicsManager
I0919 07:12:15.263988 1856845 SemanticScene.h:41] Deconstructing SemanticScene
I0919 07:12:15.291481 1856845 SceneManager.h:25] Deconstructing SceneManager
I0919 07:12:15.291507 1856845 SceneGraph.h:26] Deconstructing SceneGraph
I0919 07:12:15.292264 1856845 Sensor.h:87] Deconstructing Sensor
I0919 07:12:15.309737 1856845 Renderer.cpp:34] Deconstructing Renderer
I0919 07:12:15.309777 1856845 WindowlessContext.h:17] Deconstructing WindowlessContext
I0919 07:12:15.329847 1856845 ManagedContainerBase.cpp:19] ManagedContainerBase::convertFilenameToJSON : Filename : default changed to proposed JSON configuration filename : default.scene_dataset_config.json
I0919 07:12:15.329869 1856845 AttributesManagerBase.h:283] AttributesManager<T>::createFromJsonOrDefaultInternal  (Dataset) : Proposing JSON name : default.scene_dataset_config.json from original name : default | This file  does not exist.
I0919 07:12:15.330009 1856845 AssetAttributesManager.cpp:117] Asset attributes (capsule3DSolid : capsule3DSolid_hemiRings_4_cylRings_1_segments_12_halfLen_0.75_useTexCoords_false_useTangents_false) created and registered.
I0919 07:12:15.330036 1856845 AssetAttributesManager.cpp:117] Asset attributes (capsule3DWireframe : capsule3DWireframe_hemiRings_8_cylRings_1_segments_16_halfLen_1) created and registered.
I0919 07:12:15.330060 1856845 AssetAttributesManager.cpp:117] Asset attributes (coneSolid : coneSolid_segments_12_halfLen_1.25_rings_1_useTexCoords_false_useTangents_false_capEnd_true) created and registered.
I0919 07:12:15.330075 1856845 AssetAttributesManager.cpp:117] Asset attributes (coneWireframe : coneWireframe_segments_32_halfLen_1.25) created and registered.
I0919 07:12:15.330083 1856845 AssetAttributesManager.cpp:117] Asset attributes (cubeSolid : cubeSolid) created and registered.
I0919 07:12:15.330089 1856845 AssetAttributesManager.cpp:117] Asset attributes (cubeWireframe : cubeWireframe) created and registered.
I0919 07:12:15.330108 1856845 AssetAttributesManager.cpp:117] Asset attributes (cylinderSolid : cylinderSolid_rings_1_segments_12_halfLen_1_useTexCoords_false_useTangents_false_capEnds_true) created and registered.
I0919 07:12:15.330125 1856845 AssetAttributesManager.cpp:117] Asset attributes (cylinderWireframe : cylinderWireframe_rings_1_segments_32_halfLen_1) created and registered.
I0919 07:12:15.330137 1856845 AssetAttributesManager.cpp:117] Asset attributes (icosphereSolid : icosphereSolid_subdivs_1) created and registered.
I0919 07:12:15.330145 1856845 AssetAttributesManager.cpp:117] Asset attributes (icosphereWireframe : icosphereWireframe_subdivs_1) created and registered.
I0919 07:12:15.330170 1856845 AssetAttributesManager.cpp:117] Asset attributes (uvSphereSolid : uvSphereSolid_rings_8_segments_16_useTexCoords_false_useTangents_false) created and registered.
I0919 07:12:15.330184 1856845 AssetAttributesManager.cpp:117] Asset attributes (uvSphereWireframe : uvSphereWireframe_rings_16_segments_32) created and registered.
I0919 07:12:15.330190 1856845 AssetAttributesManager.cpp:105] AssetAttributesManager::buildCtorFuncPtrMaps : Built default primitive asset templates : 12
I0919 07:12:15.330590 1856845 SceneDatasetAttributesManager.cpp:23] File (default) not found, so new default dataset attributes created and registered.
I0919 07:12:15.330591 1856845 MetadataMediator.cpp:47] MetadataMediator::createDataset : Dataset default successfully created.
I0919 07:12:15.330790 1856845 AttributesManagerBase.h:283] AttributesManager<T>::createFromJsonOrDefaultInternal  (Physics Manager) : Proposing JSON name : ./data/default.physics_config.json from original name : ./data/default.physics_config.json | This file  does not exist.
I0919 07:12:15.330802 1856845 PhysicsAttributesManager.cpp:27] File (./data/default.physics_config.json) not found, so new default physics manager attributes created and registered.
I0919 07:12:15.330806 1856845 AbstractObjectAttributesManagerBase.h:175] AbstractObjectAttributesManager<T>::createObject  (Stage) : Making attributes with handle : /mnt/data_nas/deeprobotics/daiyang/vla/third_party/ETP-R1/data/scene_datasets/mp3d/PuKPg4mmafe/PuKPg4mmafe.glb
I0919 07:12:15.330809 1856845 ManagedContainerBase.cpp:19] ManagedContainerBase::convertFilenameToJSON : Filename : /mnt/data_nas/deeprobotics/daiyang/vla/third_party/ETP-R1/data/scene_datasets/mp3d/PuKPg4mmafe/PuKPg4mmafe.glb changed to proposed JSON configuration filename : /mnt/data_nas/deeprobotics/daiyang/vla/third_party/ETP-R1/data/scene_datasets/mp3d/PuKPg4mmafe/PuKPg4mmafe.stage_config.json
I0919 07:12:15.330821 1856845 AttributesManagerBase.h:283] AttributesManager<T>::createFromJsonOrDefaultInternal  (Stage) : Proposing JSON name : /mnt/data_nas/deeprobotics/daiyang/vla/third_party/ETP-R1/data/scene_datasets/mp3d/PuKPg4mmafe/PuKPg4mmafe.stage_config.json from original name : /mnt/data_nas/deeprobotics/daiyang/vla/third_party/ETP-R1/data/scene_datasets/mp3d/PuKPg4mmafe/PuKPg4mmafe.glb | This file  does not exist.
I0919 07:12:15.330868 1856845 AbstractObjectAttributesManagerBase.h:181] AbstractObjectAttributesManager<T>::createObject  (Stage) : Done making attributes with handle : /mnt/data_nas/deeprobotics/daiyang/vla/third_party/ETP-R1/data/scene_datasets/mp3d/PuKPg4mmafe/PuKPg4mmafe.glb
I0919 07:12:15.330868 1856845 AbstractObjectAttributesManagerBase.h:188] File (/mnt/data_nas/deeprobotics/daiyang/vla/third_party/ETP-R1/data/scene_datasets/mp3d/PuKPg4mmafe/PuKPg4mmafe.glb) exists but is not a recognized config filename extension, so new default Stage attributes created and registered.
I0919 07:12:15.330873 1856845 Simulator.cpp:156] Loading navmesh from /mnt/data_nas/deeprobotics/daiyang/vla/third_party/ETP-R1/data/scene_datasets/mp3d/PuKPg4mmafe/PuKPg4mmafe.navmesh
I0919 07:12:15.331846 1856845 Simulator.cpp:158] Loaded.
I0919 07:12:15.331856 1856845 SceneGraph.h:93] Created DrawableGroup: 
Renderer: NVIDIA GeForce RTX 5090/PCIe/SSE2 by NVIDIA Corporation
OpenGL version: 4.6.0 NVIDIA 580.126.09
Using optional features:
    GL_ARB_ES2_compatibility
    GL_ARB_direct_state_access
    GL_ARB_get_texture_sub_image
    GL_ARB_invalidate_subdata
    GL_ARB_multi_bind
    GL_ARB_robustness
    GL_ARB_separate_shader_objects
    GL_ARB_texture_filter_anisotropic
    GL_ARB_texture_storage
    GL_ARB_texture_storage_multisample
    GL_ARB_vertex_array_object
    GL_KHR_debug
Using driver workarounds:
    no-forward-compatible-core-context
    nv-egl-incorrect-gl11-function-pointers
    no-layout-qualifiers-on-old-glsl
    nv-zero-context-profile-mask
    nv-implementation-color-read-format-dsa-broken
    nv-cubemap-inconsistent-compressed-image-size
    nv-cubemap-broken-full-compressed-image-query
    nv-compressed-block-size-in-bits
I0919 07:12:15.335532 1856845 ResourceManager.cpp:234] ResourceManager::loadStage : Not loading semantic mesh
I0919 07:12:15.335541 1856845 ResourceManager.cpp:262] ResourceManager::loadStage : start load render asset /mnt/data_nas/deeprobotics/daiyang/vla/third_party/ETP-R1/data/scene_datasets/mp3d/PuKPg4mmafe/PuKPg4mmafe.glb.
I0919 07:12:15.335544 1856845 ResourceManager.cpp:569] ResourceManager::loadStageInternal : Attempting to load stage /mnt/data_nas/deeprobotics/daiyang/vla/third_party/ETP-R1/data/scene_datasets/mp3d/PuKPg4mmafe/PuKPg4mmafe.glb 
I0919 07:12:15.335561 1856845 ResourceManager.cpp:1119] Importing Basis files as BC7 for PuKPg4mmafe.glb
W0919 07:12:19.957479 1856845 Simulator.cpp:248] :
---
 The active scene does not contain semantic annotations. 
---
I0919 07:12:19.977881 1856845 simulator.py:213] Loaded navmesh /mnt/data_nas/deeprobotics/daiyang/vla/third_party/ETP-R1/data/scene_datasets/mp3d/PuKPg4mmafe/PuKPg4mmafe.navmesh
I0919 07:15:17.876699 1856845 PhysicsManager.cpp:33] Deconstructing PhysicsManager
I0919 07:15:17.876744 1856845 SemanticScene.h:41] Deconstructing SemanticScene
I0919 07:15:17.877652 1856845 SceneManager.h:25] Deconstructing SceneManager
I0919 07:15:17.877656 1856845 SceneGraph.h:26] Deconstructing SceneGraph
I0919 07:15:17.877935 1856845 Sensor.h:87] Deconstructing Sensor
I0919 07:15:17.882361 1856845 Renderer.cpp:34] Deconstructing Renderer
I0919 07:15:17.882387 1856845 WindowlessContext.h:17] Deconstructing WindowlessContext
I0919 07:15:17.893337 1856845 ManagedContainerBase.cpp:19] ManagedContainerBase::convertFilenameToJSON : Filename : default changed to proposed JSON configuration filename : default.scene_dataset_config.json
I0919 07:15:17.893355 1856845 AttributesManagerBase.h:283] AttributesManager<T>::createFromJsonOrDefaultInternal  (Dataset) : Proposing JSON name : default.scene_dataset_config.json from original name : default | This file  does not exist.
I0919 07:15:17.893505 1856845 AssetAttributesManager.cpp:117] Asset attributes (capsule3DSolid : capsule3DSolid_hemiRings_4_cylRings_1_segments_12_halfLen_0.75_useTexCoords_false_useTangents_false) created and registered.
I0919 07:15:17.893532 1856845 AssetAttributesManager.cpp:117] Asset attributes (capsule3DWireframe : capsule3DWireframe_hemiRings_8_cylRings_1_segments_16_halfLen_1) created and registered.
I0919 07:15:17.893555 1856845 AssetAttributesManager.cpp:117] Asset attributes (coneSolid : coneSolid_segments_12_halfLen_1.25_rings_1_useTexCoords_false_useTangents_false_capEnd_true) created and registered.
I0919 07:15:17.893571 1856845 AssetAttributesManager.cpp:117] Asset attributes (coneWireframe : coneWireframe_segments_32_halfLen_1.25) created and registered.
I0919 07:15:17.893580 1856845 AssetAttributesManager.cpp:117] Asset attributes (cubeSolid : cubeSolid) created and registered.
I0919 07:15:17.893586 1856845 AssetAttributesManager.cpp:117] Asset attributes (cubeWireframe : cubeWireframe) created and registered.
I0919 07:15:17.893606 1856845 AssetAttributesManager.cpp:117] Asset attributes (cylinderSolid : cylinderSolid_rings_1_segments_12_halfLen_1_useTexCoords_false_useTangents_false_capEnds_true) created and registered.
I0919 07:15:17.893622 1856845 AssetAttributesManager.cpp:117] Asset attributes (cylinderWireframe : cylinderWireframe_rings_1_segments_32_halfLen_1) created and registered.
I0919 07:15:17.893633 1856845 AssetAttributesManager.cpp:117] Asset attributes (icosphereSolid : icosphereSolid_subdivs_1) created and registered.
I0919 07:15:17.893641 1856845 AssetAttributesManager.cpp:117] Asset attributes (icosphereWireframe : icosphereWireframe_subdivs_1) created and registered.
I0919 07:15:17.893656 1856845 AssetAttributesManager.cpp:117] Asset attributes (uvSphereSolid : uvSphereSolid_rings_8_segments_16_useTexCoords_false_useTangents_false) created and registered.
I0919 07:15:17.893669 1856845 AssetAttributesManager.cpp:117] Asset attributes (uvSphereWireframe : uvSphereWireframe_rings_16_segments_32) created and registered.
I0919 07:15:17.893682 1856845 AssetAttributesManager.cpp:105] AssetAttributesManager::buildCtorFuncPtrMaps : Built default primitive asset templates : 12
I0919 07:15:17.894078 1856845 SceneDatasetAttributesManager.cpp:23] File (default) not found, so new default dataset attributes created and registered.
I0919 07:15:17.894080 1856845 MetadataMediator.cpp:47] MetadataMediator::createDataset : Dataset default successfully created.
I0919 07:15:17.895201 1856845 AttributesManagerBase.h:283] AttributesManager<T>::createFromJsonOrDefaultInternal  (Physics Manager) : Proposing JSON name : ./data/default.physics_config.json from original name : ./data/default.physics_config.json | This file  does not exist.
I0919 07:15:17.895215 1856845 PhysicsAttributesManager.cpp:27] File (./data/default.physics_config.json) not found, so new default physics manager attributes created and registered.
I0919 07:15:17.895218 1856845 AbstractObjectAttributesManagerBase.h:175] AbstractObjectAttributesManager<T>::createObject  (Stage) : Making attributes with handle : /mnt/data_nas/deeprobotics/daiyang/vla/third_party/ETP-R1/data/scene_datasets/mp3d/aayBHfsNo7d/aayBHfsNo7d.glb
I0919 07:15:17.895222 1856845 ManagedContainerBase.cpp:19] ManagedContainerBase::convertFilenameToJSON : Filename : /mnt/data_nas/deeprobotics/daiyang/vla/third_party/ETP-R1/data/scene_datasets/mp3d/aayBHfsNo7d/aayBHfsNo7d.glb changed to proposed JSON configuration filename : /mnt/data_nas/deeprobotics/daiyang/vla/third_party/ETP-R1/data/scene_datasets/mp3d/aayBHfsNo7d/aayBHfsNo7d.stage_config.json
I0919 07:15:17.898033 1856845 AttributesManagerBase.h:283] AttributesManager<T>::createFromJsonOrDefaultInternal  (Stage) : Proposing JSON name : /mnt/data_nas/deeprobotics/daiyang/vla/third_party/ETP-R1/data/scene_datasets/mp3d/aayBHfsNo7d/aayBHfsNo7d.stage_config.json from original name : /mnt/data_nas/deeprobotics/daiyang/vla/third_party/ETP-R1/data/scene_datasets/mp3d/aayBHfsNo7d/aayBHfsNo7d.glb | This file  does not exist.
I0919 07:15:17.898083 1856845 AbstractObjectAttributesManagerBase.h:181] AbstractObjectAttributesManager<T>::createObject  (Stage) : Done making attributes with handle : /mnt/data_nas/deeprobotics/daiyang/vla/third_party/ETP-R1/data/scene_datasets/mp3d/aayBHfsNo7d/aayBHfsNo7d.glb
I0919 07:15:17.898085 1856845 AbstractObjectAttributesManagerBase.h:188] File (/mnt/data_nas/deeprobotics/daiyang/vla/third_party/ETP-R1/data/scene_datasets/mp3d/aayBHfsNo7d/aayBHfsNo7d.glb) exists but is not a recognized config filename extension, so new default Stage attributes created and registered.
I0919 07:15:17.898090 1856845 Simulator.cpp:156] Loading navmesh from /mnt/data_nas/deeprobotics/daiyang/vla/third_party/ETP-R1/data/scene_datasets/mp3d/aayBHfsNo7d/aayBHfsNo7d.navmesh
I0919 07:15:17.899113 1856845 Simulator.cpp:158] Loaded.
I0919 07:15:17.899120 1856845 SceneGraph.h:93] Created DrawableGroup: 
Renderer: NVIDIA GeForce RTX 5090/PCIe/SSE2 by NVIDIA Corporation
OpenGL version: 4.6.0 NVIDIA 580.126.09
Using optional features:
    GL_ARB_ES2_compatibility
    GL_ARB_direct_state_access
    GL_ARB_get_texture_sub_image
    GL_ARB_invalidate_subdata
    GL_ARB_multi_bind
    GL_ARB_robustness
    GL_ARB_separate_shader_objects
    GL_ARB_texture_filter_anisotropic
    GL_ARB_texture_storage
    GL_ARB_texture_storage_multisample
    GL_ARB_vertex_array_object
    GL_KHR_debug
Using driver workarounds:
    no-forward-compatible-core-context
    nv-egl-incorrect-gl11-function-pointers
    no-layout-qualifiers-on-old-glsl
    nv-zero-context-profile-mask
    nv-implementation-color-read-format-dsa-broken
    nv-cubemap-inconsistent-compressed-image-size
    nv-cubemap-broken-full-compressed-image-query
    nv-compressed-block-size-in-bits
I0919 07:15:17.902709 1856845 ResourceManager.cpp:234] ResourceManager::loadStage : Not loading semantic mesh
I0919 07:15:17.902719 1856845 ResourceManager.cpp:262] ResourceManager::loadStage : start load render asset /mnt/data_nas/deeprobotics/daiyang/vla/third_party/ETP-R1/data/scene_datasets/mp3d/aayBHfsNo7d/aayBHfsNo7d.glb.
I0919 07:15:17.902724 1856845 ResourceManager.cpp:569] ResourceManager::loadStageInternal : Attempting to load stage /mnt/data_nas/deeprobotics/daiyang/vla/third_party/ETP-R1/data/scene_datasets/mp3d/aayBHfsNo7d/aayBHfsNo7d.glb 
I0919 07:15:17.902741 1856845 ResourceManager.cpp:1119] Importing Basis files as BC7 for aayBHfsNo7d.glb
W0919 07:15:19.464571 1856845 Simulator.cpp:248] :
---
 The active scene does not contain semantic annotations. 
---
I0919 07:15:19.506140 1856845 simulator.py:213] Loaded navmesh /mnt/data_nas/deeprobotics/daiyang/vla/third_party/ETP-R1/data/scene_datasets/mp3d/aayBHfsNo7d/aayBHfsNo7d.navmesh
I0919 07:17:35.790540 1856845 PhysicsManager.cpp:33] Deconstructing PhysicsManager
I0919 07:17:35.790601 1856845 SemanticScene.h:41] Deconstructing SemanticScene
I0919 07:17:35.793325 1856845 SceneManager.h:25] Deconstructing SceneManager
I0919 07:17:35.793337 1856845 SceneGraph.h:26] Deconstructing SceneGraph
I0919 07:17:35.793900 1856845 Sensor.h:87] Deconstructing Sensor
I0919 07:17:35.796289 1856845 Renderer.cpp:34] Deconstructing Renderer
I0919 07:17:35.796315 1856845 WindowlessContext.h:17] Deconstructing WindowlessContext
I0919 07:17:35.802913 1856845 ManagedContainerBase.cpp:19] ManagedContainerBase::convertFilenameToJSON : Filename : default changed to proposed JSON configuration filename : default.scene_dataset_config.json
I0919 07:17:35.802930 1856845 AttributesManagerBase.h:283] AttributesManager<T>::createFromJsonOrDefaultInternal  (Dataset) : Proposing JSON name : default.scene_dataset_config.json from original name : default | This file  does not exist.
I0919 07:17:35.803097 1856845 AssetAttributesManager.cpp:117] Asset attributes (capsule3DSolid : capsule3DSolid_hemiRings_4_cylRings_1_segments_12_halfLen_0.75_useTexCoords_false_useTangents_false) created and registered.
I0919 07:17:35.803138 1856845 AssetAttributesManager.cpp:117] Asset attributes (capsule3DWireframe : capsule3DWireframe_hemiRings_8_cylRings_1_segments_16_halfLen_1) created and registered.
I0919 07:17:35.803175 1856845 AssetAttributesManager.cpp:117] Asset attributes (coneSolid : coneSolid_segments_12_halfLen_1.25_rings_1_useTexCoords_false_useTangents_false_capEnd_true) created and registered.
I0919 07:17:35.803197 1856845 AssetAttributesManager.cpp:117] Asset attributes (coneWireframe : coneWireframe_segments_32_halfLen_1.25) created and registered.
I0919 07:17:35.803210 1856845 AssetAttributesManager.cpp:117] Asset attributes (cubeSolid : cubeSolid) created and registered.
I0919 07:17:35.803220 1856845 AssetAttributesManager.cpp:117] Asset attributes (cubeWireframe : cubeWireframe) created and registered.
I0919 07:17:35.803248 1856845 AssetAttributesManager.cpp:117] Asset attributes (cylinderSolid : cylinderSolid_rings_1_segments_12_halfLen_1_useTexCoords_false_useTangents_false_capEnds_true) created and registered.
I0919 07:17:35.803279 1856845 AssetAttributesManager.cpp:117] Asset attributes (cylinderWireframe : cylinderWireframe_rings_1_segments_32_halfLen_1) created and registered.
I0919 07:17:35.803294 1856845 AssetAttributesManager.cpp:117] Asset attributes (icosphereSolid : icosphereSolid_subdivs_1) created and registered.
I0919 07:17:35.803308 1856845 AssetAttributesManager.cpp:117] Asset attributes (icosphereWireframe : icosphereWireframe_subdivs_1) created and registered.
I0919 07:17:35.803328 1856845 AssetAttributesManager.cpp:117] Asset attributes (uvSphereSolid : uvSphereSolid_rings_8_segments_16_useTexCoords_false_useTangents_false) created and registered.
I0919 07:17:35.803349 1856845 AssetAttributesManager.cpp:117] Asset attributes (uvSphereWireframe : uvSphereWireframe_rings_16_segments_32) created and registered.
I0919 07:17:35.803357 1856845 AssetAttributesManager.cpp:105] AssetAttributesManager::buildCtorFuncPtrMaps : Built default primitive asset templates : 12
I0919 07:17:35.804008 1856845 SceneDatasetAttributesManager.cpp:23] File (default) not found, so new default dataset attributes created and registered.
I0919 07:17:35.804010 1856845 MetadataMediator.cpp:47] MetadataMediator::createDataset : Dataset default successfully created.
I0919 07:17:35.804263 1856845 AttributesManagerBase.h:283] AttributesManager<T>::createFromJsonOrDefaultInternal  (Physics Manager) : Proposing JSON name : ./data/default.physics_config.json from original name : ./data/default.physics_config.json | This file  does not exist.
I0919 07:17:35.804283 1856845 PhysicsAttributesManager.cpp:27] File (./data/default.physics_config.json) not found, so new default physics manager attributes created and registered.
I0919 07:17:35.804287 1856845 AbstractObjectAttributesManagerBase.h:175] AbstractObjectAttributesManager<T>::createObject  (Stage) : Making attributes with handle : /mnt/data_nas/deeprobotics/daiyang/vla/third_party/ETP-R1/data/scene_datasets/mp3d/82sE5b5pLXE/82sE5b5pLXE.glb
I0919 07:17:35.804293 1856845 ManagedContainerBase.cpp:19] ManagedContainerBase::convertFilenameToJSON : Filename : /mnt/data_nas/deeprobotics/daiyang/vla/third_party/ETP-R1/data/scene_datasets/mp3d/82sE5b5pLXE/82sE5b5pLXE.glb changed to proposed JSON configuration filename : /mnt/data_nas/deeprobotics/daiyang/vla/third_party/ETP-R1/data/scene_datasets/mp3d/82sE5b5pLXE/82sE5b5pLXE.stage_config.json
I0919 07:17:35.804306 1856845 AttributesManagerBase.h:283] AttributesManager<T>::createFromJsonOrDefaultInternal  (Stage) : Proposing JSON name : /mnt/data_nas/deeprobotics/daiyang/vla/third_party/ETP-R1/data/scene_datasets/mp3d/82sE5b5pLXE/82sE5b5pLXE.stage_config.json from original name : /mnt/data_nas/deeprobotics/daiyang/vla/third_party/ETP-R1/data/scene_datasets/mp3d/82sE5b5pLXE/82sE5b5pLXE.glb | This file  does not exist.
I0919 07:17:35.804378 1856845 AbstractObjectAttributesManagerBase.h:181] AbstractObjectAttributesManager<T>::createObject  (Stage) : Done making attributes with handle : /mnt/data_nas/deeprobotics/daiyang/vla/third_party/ETP-R1/data/scene_datasets/mp3d/82sE5b5pLXE/82sE5b5pLXE.glb
I0919 07:17:35.804379 1856845 AbstractObjectAttributesManagerBase.h:188] File (/mnt/data_nas/deeprobotics/daiyang/vla/third_party/ETP-R1/data/scene_datasets/mp3d/82sE5b5pLXE/82sE5b5pLXE.glb) exists but is not a recognized config filename extension, so new default Stage attributes created and registered.
I0919 07:17:35.804386 1856845 Simulator.cpp:156] Loading navmesh from /mnt/data_nas/deeprobotics/daiyang/vla/third_party/ETP-R1/data/scene_datasets/mp3d/82sE5b5pLXE/82sE5b5pLXE.navmesh
I0919 07:17:35.805187 1856845 Simulator.cpp:158] Loaded.
I0919 07:17:35.805197 1856845 SceneGraph.h:93] Created DrawableGroup: 
Renderer: NVIDIA GeForce RTX 5090/PCIe/SSE2 by NVIDIA Corporation
OpenGL version: 4.6.0 NVIDIA 580.126.09
Using optional features:
    GL_ARB_ES2_compatibility
    GL_ARB_direct_state_access
    GL_ARB_get_texture_sub_image
    GL_ARB_invalidate_subdata
    GL_ARB_multi_bind
    GL_ARB_robustness
    GL_ARB_separate_shader_objects
    GL_ARB_texture_filter_anisotropic
    GL_ARB_texture_storage
    GL_ARB_texture_storage_multisample
    GL_ARB_vertex_array_object
    GL_KHR_debug
Using driver workarounds:
    no-forward-compatible-core-context
    nv-egl-incorrect-gl11-function-pointers
    no-layout-qualifiers-on-old-glsl
    nv-zero-context-profile-mask
    nv-implementation-color-read-format-dsa-broken
    nv-cubemap-inconsistent-compressed-image-size
    nv-cubemap-broken-full-compressed-image-query
    nv-compressed-block-size-in-bits
I0919 07:17:35.809325 1856845 ResourceManager.cpp:234] ResourceManager::loadStage : Not loading semantic mesh
I0919 07:17:35.809335 1856845 ResourceManager.cpp:262] ResourceManager::loadStage : start load render asset /mnt/data_nas/deeprobotics/daiyang/vla/third_party/ETP-R1/data/scene_datasets/mp3d/82sE5b5pLXE/82sE5b5pLXE.glb.
I0919 07:17:35.809338 1856845 ResourceManager.cpp:569] ResourceManager::loadStageInternal : Attempting to load stage /mnt/data_nas/deeprobotics/daiyang/vla/third_party/ETP-R1/data/scene_datasets/mp3d/82sE5b5pLXE/82sE5b5pLXE.glb 
I0919 07:17:35.809358 1856845 ResourceManager.cpp:1119] Importing Basis files as BC7 for 82sE5b5pLXE.glb
W0919 07:17:37.874063 1856845 Simulator.cpp:248] :
---
 The active scene does not contain semantic annotations. 
---
I0919 07:17:37.910664 1856845 simulator.py:213] Loaded navmesh /mnt/data_nas/deeprobotics/daiyang/vla/third_party/ETP-R1/data/scene_datasets/mp3d/82sE5b5pLXE/82sE5b5pLXE.navmesh
I0919 07:21:37.747992 1856845 PhysicsManager.cpp:33] Deconstructing PhysicsManager
I0919 07:21:37.748040 1856845 SemanticScene.h:41] Deconstructing SemanticScene
I0919 07:21:37.749501 1856845 SceneManager.h:25] Deconstructing SceneManager
I0919 07:21:37.749508 1856845 SceneGraph.h:26] Deconstructing SceneGraph
I0919 07:21:37.749768 1856845 Sensor.h:87] Deconstructing Sensor
I0919 07:21:37.752698 1856845 Renderer.cpp:34] Deconstructing Renderer
I0919 07:21:37.752722 1856845 WindowlessContext.h:17] Deconstructing WindowlessContext
I0919 07:21:37.758807 1856845 ManagedContainerBase.cpp:19] ManagedContainerBase::convertFilenameToJSON : Filename : default changed to proposed JSON configuration filename : default.scene_dataset_config.json
I0919 07:21:37.758824 1856845 AttributesManagerBase.h:283] AttributesManager<T>::createFromJsonOrDefaultInternal  (Dataset) : Proposing JSON name : default.scene_dataset_config.json from original name : default | This file  does not exist.
I0919 07:21:37.758973 1856845 AssetAttributesManager.cpp:117] Asset attributes (capsule3DSolid : capsule3DSolid_hemiRings_4_cylRings_1_segments_12_halfLen_0.75_useTexCoords_false_useTangents_false) created and registered.
I0919 07:21:37.758999 1856845 AssetAttributesManager.cpp:117] Asset attributes (capsule3DWireframe : capsule3DWireframe_hemiRings_8_cylRings_1_segments_16_halfLen_1) created and registered.
I0919 07:21:37.759023 1856845 AssetAttributesManager.cpp:117] Asset attributes (coneSolid : coneSolid_segments_12_halfLen_1.25_rings_1_useTexCoords_false_useTangents_false_capEnd_true) created and registered.
I0919 07:21:37.759037 1856845 AssetAttributesManager.cpp:117] Asset attributes (coneWireframe : coneWireframe_segments_32_halfLen_1.25) created and registered.
I0919 07:21:37.759045 1856845 AssetAttributesManager.cpp:117] Asset attributes (cubeSolid : cubeSolid) created and registered.
I0919 07:21:37.759052 1856845 AssetAttributesManager.cpp:117] Asset attributes (cubeWireframe : cubeWireframe) created and registered.
I0919 07:21:37.759071 1856845 AssetAttributesManager.cpp:117] Asset attributes (cylinderSolid : cylinderSolid_rings_1_segments_12_halfLen_1_useTexCoords_false_useTangents_false_capEnds_true) created and registered.
I0919 07:21:37.759089 1856845 AssetAttributesManager.cpp:117] Asset attributes (cylinderWireframe : cylinderWireframe_rings_1_segments_32_halfLen_1) created and registered.
I0919 07:21:37.759099 1856845 AssetAttributesManager.cpp:117] Asset attributes (icosphereSolid : icosphereSolid_subdivs_1) created and registered.
I0919 07:21:37.759107 1856845 AssetAttributesManager.cpp:117] Asset attributes (icosphereWireframe : icosphereWireframe_subdivs_1) created and registered.
I0919 07:21:37.759122 1856845 AssetAttributesManager.cpp:117] Asset attributes (uvSphereSolid : uvSphereSolid_rings_8_segments_16_useTexCoords_false_useTangents_false) created and registered.
I0919 07:21:37.759135 1856845 AssetAttributesManager.cpp:117] Asset attributes (uvSphereWireframe : uvSphereWireframe_rings_16_segments_32) created and registered.
I0919 07:21:37.759141 1856845 AssetAttributesManager.cpp:105] AssetAttributesManager::buildCtorFuncPtrMaps : Built default primitive asset templates : 12
I0919 07:21:37.759536 1856845 SceneDatasetAttributesManager.cpp:23] File (default) not found, so new default dataset attributes created and registered.
I0919 07:21:37.759539 1856845 MetadataMediator.cpp:47] MetadataMediator::createDataset : Dataset default successfully created.
I0919 07:21:37.759724 1856845 AttributesManagerBase.h:283] AttributesManager<T>::createFromJsonOrDefaultInternal  (Physics Manager) : Proposing JSON name : ./data/default.physics_config.json from original name : ./data/default.physics_config.json | This file  does not exist.
I0919 07:21:37.759737 1856845 PhysicsAttributesManager.cpp:27] File (./data/default.physics_config.json) not found, so new default physics manager attributes created and registered.
I0919 07:21:37.759745 1856845 AbstractObjectAttributesManagerBase.h:175] AbstractObjectAttributesManager<T>::createObject  (Stage) : Making attributes with handle : /mnt/data_nas/deeprobotics/daiyang/vla/third_party/ETP-R1/data/scene_datasets/mp3d/B6ByNegPMKs/B6ByNegPMKs.glb
I0919 07:21:37.759749 1856845 ManagedContainerBase.cpp:19] ManagedContainerBase::convertFilenameToJSON : Filename : /mnt/data_nas/deeprobotics/daiyang/vla/third_party/ETP-R1/data/scene_datasets/mp3d/B6ByNegPMKs/B6ByNegPMKs.glb changed to proposed JSON configuration filename : /mnt/data_nas/deeprobotics/daiyang/vla/third_party/ETP-R1/data/scene_datasets/mp3d/B6ByNegPMKs/B6ByNegPMKs.stage_config.json
I0919 07:21:37.759760 1856845 AttributesManagerBase.h:283] AttributesManager<T>::createFromJsonOrDefaultInternal  (Stage) : Proposing JSON name : /mnt/data_nas/deeprobotics/daiyang/vla/third_party/ETP-R1/data/scene_datasets/mp3d/B6ByNegPMKs/B6ByNegPMKs.stage_config.json from original name : /mnt/data_nas/deeprobotics/daiyang/vla/third_party/ETP-R1/data/scene_datasets/mp3d/B6ByNegPMKs/B6ByNegPMKs.glb | This file  does not exist.
I0919 07:21:37.759809 1856845 AbstractObjectAttributesManagerBase.h:181] AbstractObjectAttributesManager<T>::createObject  (Stage) : Done making attributes with handle : /mnt/data_nas/deeprobotics/daiyang/vla/third_party/ETP-R1/data/scene_datasets/mp3d/B6ByNegPMKs/B6ByNegPMKs.glb
I0919 07:21:37.759810 1856845 AbstractObjectAttributesManagerBase.h:188] File (/mnt/data_nas/deeprobotics/daiyang/vla/third_party/ETP-R1/data/scene_datasets/mp3d/B6ByNegPMKs/B6ByNegPMKs.glb) exists but is not a recognized config filename extension, so new default Stage attributes created and registered.
I0919 07:21:37.759815 1856845 Simulator.cpp:156] Loading navmesh from /mnt/data_nas/deeprobotics/daiyang/vla/third_party/ETP-R1/data/scene_datasets/mp3d/B6ByNegPMKs/B6ByNegPMKs.navmesh
I0919 07:21:37.760959 1856845 Simulator.cpp:158] Loaded.
I0919 07:21:37.760967 1856845 SceneGraph.h:93] Created DrawableGroup: 
Renderer: NVIDIA GeForce RTX 5090/PCIe/SSE2 by NVIDIA Corporation
OpenGL version: 4.6.0 NVIDIA 580.126.09
Using optional features:
    GL_ARB_ES2_compatibility
    GL_ARB_direct_state_access
    GL_ARB_get_texture_sub_image
    GL_ARB_invalidate_subdata
    GL_ARB_multi_bind
    GL_ARB_robustness
    GL_ARB_separate_shader_objects
    GL_ARB_texture_filter_anisotropic
    GL_ARB_texture_storage
    GL_ARB_texture_storage_multisample
    GL_ARB_vertex_array_object
    GL_KHR_debug
Using driver workarounds:
    no-forward-compatible-core-context
    nv-egl-incorrect-gl11-function-pointers
    no-layout-qualifiers-on-old-glsl
    nv-zero-context-profile-mask
    nv-implementation-color-read-format-dsa-broken
    nv-cubemap-inconsistent-compressed-image-size
    nv-cubemap-broken-full-compressed-image-query
    nv-compressed-block-size-in-bits
I0919 07:21:37.764528 1856845 ResourceManager.cpp:234] ResourceManager::loadStage : Not loading semantic mesh
I0919 07:21:37.764535 1856845 ResourceManager.cpp:262] ResourceManager::loadStage : start load render asset /mnt/data_nas/deeprobotics/daiyang/vla/third_party/ETP-R1/data/scene_datasets/mp3d/B6ByNegPMKs/B6ByNegPMKs.glb.
I0919 07:21:37.764537 1856845 ResourceManager.cpp:569] ResourceManager::loadStageInternal : Attempting to load stage /mnt/data_nas/deeprobotics/daiyang/vla/third_party/ETP-R1/data/scene_datasets/mp3d/B6ByNegPMKs/B6ByNegPMKs.glb 
I0919 07:21:37.764552 1856845 ResourceManager.cpp:1119] Importing Basis files as BC7 for B6ByNegPMKs.glb
W0919 07:21:47.303102 1856845 Simulator.cpp:248] :
---
 The active scene does not contain semantic annotations. 
---
I0919 07:21:47.499431 1856845 simulator.py:213] Loaded navmesh /mnt/data_nas/deeprobotics/daiyang/vla/third_party/ETP-R1/data/scene_datasets/mp3d/B6ByNegPMKs/B6ByNegPMKs.navmesh
I0919 07:23:38.202184 1856845 PhysicsManager.cpp:33] Deconstructing PhysicsManager
I0919 07:23:38.202227 1856845 SemanticScene.h:41] Deconstructing SemanticScene
I0919 07:23:38.218402 1856845 SceneManager.h:25] Deconstructing SceneManager
I0919 07:23:38.218415 1856845 SceneGraph.h:26] Deconstructing SceneGraph
I0919 07:23:38.218860 1856845 Sensor.h:87] Deconstructing Sensor
I0919 07:23:38.231745 1856845 Renderer.cpp:34] Deconstructing Renderer
I0919 07:23:38.231774 1856845 WindowlessContext.h:17] Deconstructing WindowlessContext
I0919 07:23:38.249389 1856845 ManagedContainerBase.cpp:19] ManagedContainerBase::convertFilenameToJSON : Filename : default changed to proposed JSON configuration filename : default.scene_dataset_config.json
I0919 07:23:38.249408 1856845 AttributesManagerBase.h:283] AttributesManager<T>::createFromJsonOrDefaultInternal  (Dataset) : Proposing JSON name : default.scene_dataset_config.json from original name : default | This file  does not exist.
I0919 07:23:38.249527 1856845 AssetAttributesManager.cpp:117] Asset attributes (capsule3DSolid : capsule3DSolid_hemiRings_4_cylRings_1_segments_12_halfLen_0.75_useTexCoords_false_useTangents_false) created and registered.
I0919 07:23:38.249555 1856845 AssetAttributesManager.cpp:117] Asset attributes (capsule3DWireframe : capsule3DWireframe_hemiRings_8_cylRings_1_segments_16_halfLen_1) created and registered.
I0919 07:23:38.249579 1856845 AssetAttributesManager.cpp:117] Asset attributes (coneSolid : coneSolid_segments_12_halfLen_1.25_rings_1_useTexCoords_false_useTangents_false_capEnd_true) created and registered.
I0919 07:23:38.249595 1856845 AssetAttributesManager.cpp:117] Asset attributes (coneWireframe : coneWireframe_segments_32_halfLen_1.25) created and registered.
I0919 07:23:38.249605 1856845 AssetAttributesManager.cpp:117] Asset attributes (cubeSolid : cubeSolid) created and registered.
I0919 07:23:38.249611 1856845 AssetAttributesManager.cpp:117] Asset attributes (cubeWireframe : cubeWireframe) created and registered.
I0919 07:23:38.249631 1856845 AssetAttributesManager.cpp:117] Asset attributes (cylinderSolid : cylinderSolid_rings_1_segments_12_halfLen_1_useTexCoords_false_useTangents_false_capEnds_true) created and registered.
I0919 07:23:38.249650 1856845 AssetAttributesManager.cpp:117] Asset attributes (cylinderWireframe : cylinderWireframe_rings_1_segments_32_halfLen_1) created and registered.
I0919 07:23:38.249660 1856845 AssetAttributesManager.cpp:117] Asset attributes (icosphereSolid : icosphereSolid_subdivs_1) created and registered.
I0919 07:23:38.249668 1856845 AssetAttributesManager.cpp:117] Asset attributes (icosphereWireframe : icosphereWireframe_subdivs_1) created and registered.
I0919 07:23:38.249684 1856845 AssetAttributesManager.cpp:117] Asset attributes (uvSphereSolid : uvSphereSolid_rings_8_segments_16_useTexCoords_false_useTangents_false) created and registered.
I0919 07:23:38.249697 1856845 AssetAttributesManager.cpp:117] Asset attributes (uvSphereWireframe : uvSphereWireframe_rings_16_segments_32) created and registered.
I0919 07:23:38.249704 1856845 AssetAttributesManager.cpp:105] AssetAttributesManager::buildCtorFuncPtrMaps : Built default primitive asset templates : 12
I0919 07:23:38.250097 1856845 SceneDatasetAttributesManager.cpp:23] File (default) not found, so new default dataset attributes created and registered.
I0919 07:23:38.250098 1856845 MetadataMediator.cpp:47] MetadataMediator::createDataset : Dataset default successfully created.
I0919 07:23:38.250303 1856845 AttributesManagerBase.h:283] AttributesManager<T>::createFromJsonOrDefaultInternal  (Physics Manager) : Proposing JSON name : ./data/default.physics_config.json from original name : ./data/default.physics_config.json | This file  does not exist.
I0919 07:23:38.250313 1856845 PhysicsAttributesManager.cpp:27] File (./data/default.physics_config.json) not found, so new default physics manager attributes created and registered.
I0919 07:23:38.250316 1856845 AbstractObjectAttributesManagerBase.h:175] AbstractObjectAttributesManager<T>::createObject  (Stage) : Making attributes with handle : /mnt/data_nas/deeprobotics/daiyang/vla/third_party/ETP-R1/data/scene_datasets/mp3d/PuKPg4mmafe/PuKPg4mmafe.glb
I0919 07:23:38.250329 1856845 ManagedContainerBase.cpp:19] ManagedContainerBase::convertFilenameToJSON : Filename : /mnt/data_nas/deeprobotics/daiyang/vla/third_party/ETP-R1/data/scene_datasets/mp3d/PuKPg4mmafe/PuKPg4mmafe.glb changed to proposed JSON configuration filename : /mnt/data_nas/deeprobotics/daiyang/vla/third_party/ETP-R1/data/scene_datasets/mp3d/PuKPg4mmafe/PuKPg4mmafe.stage_config.json
I0919 07:23:38.250339 1856845 AttributesManagerBase.h:283] AttributesManager<T>::createFromJsonOrDefaultInternal  (Stage) : Proposing JSON name : /mnt/data_nas/deeprobotics/daiyang/vla/third_party/ETP-R1/data/scene_datasets/mp3d/PuKPg4mmafe/PuKPg4mmafe.stage_config.json from original name : /mnt/data_nas/deeprobotics/daiyang/vla/third_party/ETP-R1/data/scene_datasets/mp3d/PuKPg4mmafe/PuKPg4mmafe.glb | This file  does not exist.
I0919 07:23:38.250387 1856845 AbstractObjectAttributesManagerBase.h:181] AbstractObjectAttributesManager<T>::createObject  (Stage) : Done making attributes with handle : /mnt/data_nas/deeprobotics/daiyang/vla/third_party/ETP-R1/data/scene_datasets/mp3d/PuKPg4mmafe/PuKPg4mmafe.glb
I0919 07:23:38.250389 1856845 AbstractObjectAttributesManagerBase.h:188] File (/mnt/data_nas/deeprobotics/daiyang/vla/third_party/ETP-R1/data/scene_datasets/mp3d/PuKPg4mmafe/PuKPg4mmafe.glb) exists but is not a recognized config filename extension, so new default Stage attributes created and registered.
I0919 07:23:38.250393 1856845 Simulator.cpp:156] Loading navmesh from /mnt/data_nas/deeprobotics/daiyang/vla/third_party/ETP-R1/data/scene_datasets/mp3d/PuKPg4mmafe/PuKPg4mmafe.navmesh
I0919 07:23:38.251381 1856845 Simulator.cpp:158] Loaded.
I0919 07:23:38.251390 1856845 SceneGraph.h:93] Created DrawableGroup: 
Renderer: NVIDIA GeForce RTX 5090/PCIe/SSE2 by NVIDIA Corporation
OpenGL version: 4.6.0 NVIDIA 580.126.09
Using optional features:
    GL_ARB_ES2_compatibility
    GL_ARB_direct_state_access
    GL_ARB_get_texture_sub_image
    GL_ARB_invalidate_subdata
    GL_ARB_multi_bind
    GL_ARB_robustness
    GL_ARB_separate_shader_objects
    GL_ARB_texture_filter_anisotropic
    GL_ARB_texture_storage
    GL_ARB_texture_storage_multisample
    GL_ARB_vertex_array_object
    GL_KHR_debug
Using driver workarounds:
    no-forward-compatible-core-context
    nv-egl-incorrect-gl11-function-pointers
    no-layout-qualifiers-on-old-glsl
    nv-zero-context-profile-mask
    nv-implementation-color-read-format-dsa-broken
    nv-cubemap-inconsistent-compressed-image-size
    nv-cubemap-broken-full-compressed-image-query
    nv-compressed-block-size-in-bits
I0919 07:23:38.255012 1856845 ResourceManager.cpp:234] ResourceManager::loadStage : Not loading semantic mesh
I0919 07:23:38.255021 1856845 ResourceManager.cpp:262] ResourceManager::loadStage : start load render asset /mnt/data_nas/deeprobotics/daiyang/vla/third_party/ETP-R1/data/scene_datasets/mp3d/PuKPg4mmafe/PuKPg4mmafe.glb.
I0919 07:23:38.255023 1856845 ResourceManager.cpp:569] ResourceManager::loadStageInternal : Attempting to load stage /mnt/data_nas/deeprobotics/daiyang/vla/third_party/ETP-R1/data/scene_datasets/mp3d/PuKPg4mmafe/PuKPg4mmafe.glb 
I0919 07:23:38.255040 1856845 ResourceManager.cpp:1119] Importing Basis files as BC7 for PuKPg4mmafe.glb
W0919 07:23:42.964375 1856845 Simulator.cpp:248] :
---
 The active scene does not contain semantic annotations. 
---
I0919 07:23:42.984252 1856845 simulator.py:213] Loaded navmesh /mnt/data_nas/deeprobotics/daiyang/vla/third_party/ETP-R1/data/scene_datasets/mp3d/PuKPg4mmafe/PuKPg4mmafe.navmesh
I0919 07:25:19.641757 1856845 PhysicsManager.cpp:33] Deconstructing PhysicsManager
I0919 07:25:19.641805 1856845 SemanticScene.h:41] Deconstructing SemanticScene
I0919 07:25:19.642642 1856845 SceneManager.h:25] Deconstructing SceneManager
I0919 07:25:19.642647 1856845 SceneGraph.h:26] Deconstructing SceneGraph
I0919 07:25:19.642870 1856845 Sensor.h:87] Deconstructing Sensor
I0919 07:25:19.647137 1856845 Renderer.cpp:34] Deconstructing Renderer
I0919 07:25:19.647161 1856845 WindowlessContext.h:17] Deconstructing WindowlessContext
I0919 07:25:19.666079 1856845 ManagedContainerBase.cpp:19] ManagedContainerBase::convertFilenameToJSON : Filename : default changed to proposed JSON configuration filename : default.scene_dataset_config.json
I0919 07:25:19.666105 1856845 AttributesManagerBase.h:283] AttributesManager<T>::createFromJsonOrDefaultInternal  (Dataset) : Proposing JSON name : default.scene_dataset_config.json from original name : default | This file  does not exist.
I0919 07:25:19.666292 1856845 AssetAttributesManager.cpp:117] Asset attributes (capsule3DSolid : capsule3DSolid_hemiRings_4_cylRings_1_segments_12_halfLen_0.75_useTexCoords_false_useTangents_false) created and registered.
I0919 07:25:19.666320 1856845 AssetAttributesManager.cpp:117] Asset attributes (capsule3DWireframe : capsule3DWireframe_hemiRings_8_cylRings_1_segments_16_halfLen_1) created and registered.
I0919 07:25:19.666343 1856845 AssetAttributesManager.cpp:117] Asset attributes (coneSolid : coneSolid_segments_12_halfLen_1.25_rings_1_useTexCoords_false_useTangents_false_capEnd_true) created and registered.
I0919 07:25:19.666357 1856845 AssetAttributesManager.cpp:117] Asset attributes (coneWireframe : coneWireframe_segments_32_halfLen_1.25) created and registered.
I0919 07:25:19.666366 1856845 AssetAttributesManager.cpp:117] Asset attributes (cubeSolid : cubeSolid) created and registered.
I0919 07:25:19.666373 1856845 AssetAttributesManager.cpp:117] Asset attributes (cubeWireframe : cubeWireframe) created and registered.
I0919 07:25:19.666392 1856845 AssetAttributesManager.cpp:117] Asset attributes (cylinderSolid : cylinderSolid_rings_1_segments_12_halfLen_1_useTexCoords_false_useTangents_false_capEnds_true) created and registered.
I0919 07:25:19.666409 1856845 AssetAttributesManager.cpp:117] Asset attributes (cylinderWireframe : cylinderWireframe_rings_1_segments_32_halfLen_1) created and registered.
I0919 07:25:19.666419 1856845 AssetAttributesManager.cpp:117] Asset attributes (icosphereSolid : icosphereSolid_subdivs_1) created and registered.
I0919 07:25:19.666427 1856845 AssetAttributesManager.cpp:117] Asset attributes (icosphereWireframe : icosphereWireframe_subdivs_1) created and registered.
I0919 07:25:19.666442 1856845 AssetAttributesManager.cpp:117] Asset attributes (uvSphereSolid : uvSphereSolid_rings_8_segments_16_useTexCoords_false_useTangents_false) created and registered.
I0919 07:25:19.666456 1856845 AssetAttributesManager.cpp:117] Asset attributes (uvSphereWireframe : uvSphereWireframe_rings_16_segments_32) created and registered.
I0919 07:25:19.666462 1856845 AssetAttributesManager.cpp:105] AssetAttributesManager::buildCtorFuncPtrMaps : Built default primitive asset templates : 12
I0919 07:25:19.666851 1856845 SceneDatasetAttributesManager.cpp:23] File (default) not found, so new default dataset attributes created and registered.
I0919 07:25:19.666853 1856845 MetadataMediator.cpp:47] MetadataMediator::createDataset : Dataset default successfully created.
I0919 07:25:19.667049 1856845 AttributesManagerBase.h:283] AttributesManager<T>::createFromJsonOrDefaultInternal  (Physics Manager) : Proposing JSON name : ./data/default.physics_config.json from original name : ./data/default.physics_config.json | This file  does not exist.
I0919 07:25:19.667060 1856845 PhysicsAttributesManager.cpp:27] File (./data/default.physics_config.json) not found, so new default physics manager attributes created and registered.
I0919 07:25:19.667063 1856845 AbstractObjectAttributesManagerBase.h:175] AbstractObjectAttributesManager<T>::createObject  (Stage) : Making attributes with handle : /mnt/data_nas/deeprobotics/daiyang/vla/third_party/ETP-R1/data/scene_datasets/mp3d/aayBHfsNo7d/aayBHfsNo7d.glb
I0919 07:25:19.667068 1856845 ManagedContainerBase.cpp:19] ManagedContainerBase::convertFilenameToJSON : Filename : /mnt/data_nas/deeprobotics/daiyang/vla/third_party/ETP-R1/data/scene_datasets/mp3d/aayBHfsNo7d/aayBHfsNo7d.glb changed to proposed JSON configuration filename : /mnt/data_nas/deeprobotics/daiyang/vla/third_party/ETP-R1/data/scene_datasets/mp3d/aayBHfsNo7d/aayBHfsNo7d.stage_config.json
I0919 07:25:19.667078 1856845 AttributesManagerBase.h:283] AttributesManager<T>::createFromJsonOrDefaultInternal  (Stage) : Proposing JSON name : /mnt/data_nas/deeprobotics/daiyang/vla/third_party/ETP-R1/data/scene_datasets/mp3d/aayBHfsNo7d/aayBHfsNo7d.stage_config.json from original name : /mnt/data_nas/deeprobotics/daiyang/vla/third_party/ETP-R1/data/scene_datasets/mp3d/aayBHfsNo7d/aayBHfsNo7d.glb | This file  does not exist.
I0919 07:25:19.667128 1856845 AbstractObjectAttributesManagerBase.h:181] AbstractObjectAttributesManager<T>::createObject  (Stage) : Done making attributes with handle : /mnt/data_nas/deeprobotics/daiyang/vla/third_party/ETP-R1/data/scene_datasets/mp3d/aayBHfsNo7d/aayBHfsNo7d.glb
I0919 07:25:19.667130 1856845 AbstractObjectAttributesManagerBase.h:188] File (/mnt/data_nas/deeprobotics/daiyang/vla/third_party/ETP-R1/data/scene_datasets/mp3d/aayBHfsNo7d/aayBHfsNo7d.glb) exists but is not a recognized config filename extension, so new default Stage attributes created and registered.
I0919 07:25:19.667135 1856845 Simulator.cpp:156] Loading navmesh from /mnt/data_nas/deeprobotics/daiyang/vla/third_party/ETP-R1/data/scene_datasets/mp3d/aayBHfsNo7d/aayBHfsNo7d.navmesh
I0919 07:25:19.667865 1856845 Simulator.cpp:158] Loaded.
I0919 07:25:19.667872 1856845 SceneGraph.h:93] Created DrawableGroup: 
Renderer: NVIDIA GeForce RTX 5090/PCIe/SSE2 by NVIDIA Corporation
OpenGL version: 4.6.0 NVIDIA 580.126.09
Using optional features:
    GL_ARB_ES2_compatibility
    GL_ARB_direct_state_access
    GL_ARB_get_texture_sub_image
    GL_ARB_invalidate_subdata
    GL_ARB_multi_bind
    GL_ARB_robustness
    GL_ARB_separate_shader_objects
    GL_ARB_texture_filter_anisotropic
    GL_ARB_texture_storage
    GL_ARB_texture_storage_multisample
    GL_ARB_vertex_array_object
    GL_KHR_debug
Using driver workarounds:
    no-forward-compatible-core-context
    nv-egl-incorrect-gl11-function-pointers
    no-layout-qualifiers-on-old-glsl
    nv-zero-context-profile-mask
    nv-implementation-color-read-format-dsa-broken
    nv-cubemap-inconsistent-compressed-image-size
    nv-cubemap-broken-full-compressed-image-query
    nv-compressed-block-size-in-bits
I0919 07:25:19.671417 1856845 ResourceManager.cpp:234] ResourceManager::loadStage : Not loading semantic mesh
I0919 07:25:19.671427 1856845 ResourceManager.cpp:262] ResourceManager::loadStage : start load render asset /mnt/data_nas/deeprobotics/daiyang/vla/third_party/ETP-R1/data/scene_datasets/mp3d/aayBHfsNo7d/aayBHfsNo7d.glb.
I0919 07:25:19.671428 1856845 ResourceManager.cpp:569] ResourceManager::loadStageInternal : Attempting to load stage /mnt/data_nas/deeprobotics/daiyang/vla/third_party/ETP-R1/data/scene_datasets/mp3d/aayBHfsNo7d/aayBHfsNo7d.glb 
I0919 07:25:19.671443 1856845 ResourceManager.cpp:1119] Importing Basis files as BC7 for aayBHfsNo7d.glb
W0919 07:25:21.228823 1856845 Simulator.cpp:248] :
---
 The active scene does not contain semantic annotations. 
---
I0919 07:25:21.269297 1856845 simulator.py:213] Loaded navmesh /mnt/data_nas/deeprobotics/daiyang/vla/third_party/ETP-R1/data/scene_datasets/mp3d/aayBHfsNo7d/aayBHfsNo7d.navmesh
I0919 07:25:42.582772 1856845 PhysicsManager.cpp:33] Deconstructing PhysicsManager
I0919 07:25:42.582803 1856845 SemanticScene.h:41] Deconstructing SemanticScene
I0919 07:25:42.584830 1856845 SceneManager.h:25] Deconstructing SceneManager
I0919 07:25:42.584841 1856845 SceneGraph.h:26] Deconstructing SceneGraph
I0919 07:25:42.585295 1856845 Sensor.h:87] Deconstructing Sensor
I0919 07:25:42.587083 1856845 Renderer.cpp:34] Deconstructing Renderer
I0919 07:25:42.587103 1856845 WindowlessContext.h:17] Deconstructing WindowlessContext
I0919 07:25:42.593029 1856845 ManagedContainerBase.cpp:19] ManagedContainerBase::convertFilenameToJSON : Filename : default changed to proposed JSON configuration filename : default.scene_dataset_config.json
I0919 07:25:42.593043 1856845 AttributesManagerBase.h:283] AttributesManager<T>::createFromJsonOrDefaultInternal  (Dataset) : Proposing JSON name : default.scene_dataset_config.json from original name : default | This file  does not exist.
I0919 07:25:42.593255 1856845 AssetAttributesManager.cpp:117] Asset attributes (capsule3DSolid : capsule3DSolid_hemiRings_4_cylRings_1_segments_12_halfLen_0.75_useTexCoords_false_useTangents_false) created and registered.
I0919 07:25:42.593286 1856845 AssetAttributesManager.cpp:117] Asset attributes (capsule3DWireframe : capsule3DWireframe_hemiRings_8_cylRings_1_segments_16_halfLen_1) created and registered.
I0919 07:25:42.593310 1856845 AssetAttributesManager.cpp:117] Asset attributes (coneSolid : coneSolid_segments_12_halfLen_1.25_rings_1_useTexCoords_false_useTangents_false_capEnd_true) created and registered.
I0919 07:25:42.593324 1856845 AssetAttributesManager.cpp:117] Asset attributes (coneWireframe : coneWireframe_segments_32_halfLen_1.25) created and registered.
I0919 07:25:42.593333 1856845 AssetAttributesManager.cpp:117] Asset attributes (cubeSolid : cubeSolid) created and registered.
I0919 07:25:42.593339 1856845 AssetAttributesManager.cpp:117] Asset attributes (cubeWireframe : cubeWireframe) created and registered.
I0919 07:25:42.593358 1856845 AssetAttributesManager.cpp:117] Asset attributes (cylinderSolid : cylinderSolid_rings_1_segments_12_halfLen_1_useTexCoords_false_useTangents_false_capEnds_true) created and registered.
I0919 07:25:42.593374 1856845 AssetAttributesManager.cpp:117] Asset attributes (cylinderWireframe : cylinderWireframe_rings_1_segments_32_halfLen_1) created and registered.
I0919 07:25:42.593384 1856845 AssetAttributesManager.cpp:117] Asset attributes (icosphereSolid : icosphereSolid_subdivs_1) created and registered.
I0919 07:25:42.593393 1856845 AssetAttributesManager.cpp:117] Asset attributes (icosphereWireframe : icosphereWireframe_subdivs_1) created and registered.
I0919 07:25:42.593408 1856845 AssetAttributesManager.cpp:117] Asset attributes (uvSphereSolid : uvSphereSolid_rings_8_segments_16_useTexCoords_false_useTangents_false) created and registered.
I0919 07:25:42.593420 1856845 AssetAttributesManager.cpp:117] Asset attributes (uvSphereWireframe : uvSphereWireframe_rings_16_segments_32) created and registered.
I0919 07:25:42.593426 1856845 AssetAttributesManager.cpp:105] AssetAttributesManager::buildCtorFuncPtrMaps : Built default primitive asset templates : 12
I0919 07:25:42.593812 1856845 SceneDatasetAttributesManager.cpp:23] File (default) not found, so new default dataset attributes created and registered.
I0919 07:25:42.593815 1856845 MetadataMediator.cpp:47] MetadataMediator::createDataset : Dataset default successfully created.
I0919 07:25:42.593994 1856845 AttributesManagerBase.h:283] AttributesManager<T>::createFromJsonOrDefaultInternal  (Physics Manager) : Proposing JSON name : ./data/default.physics_config.json from original name : ./data/default.physics_config.json | This file  does not exist.
I0919 07:25:42.594007 1856845 PhysicsAttributesManager.cpp:27] File (./data/default.physics_config.json) not found, so new default physics manager attributes created and registered.
I0919 07:25:42.594010 1856845 AbstractObjectAttributesManagerBase.h:175] AbstractObjectAttributesManager<T>::createObject  (Stage) : Making attributes with handle : /mnt/data_nas/deeprobotics/daiyang/vla/third_party/ETP-R1/data/scene_datasets/mp3d/82sE5b5pLXE/82sE5b5pLXE.glb
I0919 07:25:42.594014 1856845 ManagedContainerBase.cpp:19] ManagedContainerBase::convertFilenameToJSON : Filename : /mnt/data_nas/deeprobotics/daiyang/vla/third_party/ETP-R1/data/scene_datasets/mp3d/82sE5b5pLXE/82sE5b5pLXE.glb changed to proposed JSON configuration filename : /mnt/data_nas/deeprobotics/daiyang/vla/third_party/ETP-R1/data/scene_datasets/mp3d/82sE5b5pLXE/82sE5b5pLXE.stage_config.json
I0919 07:25:42.594833 1856845 AttributesManagerBase.h:283] AttributesManager<T>::createFromJsonOrDefaultInternal  (Stage) : Proposing JSON name : /mnt/data_nas/deeprobotics/daiyang/vla/third_party/ETP-R1/data/scene_datasets/mp3d/82sE5b5pLXE/82sE5b5pLXE.stage_config.json from original name : /mnt/data_nas/deeprobotics/daiyang/vla/third_party/ETP-R1/data/scene_datasets/mp3d/82sE5b5pLXE/82sE5b5pLXE.glb | This file  does not exist.
I0919 07:25:42.594884 1856845 AbstractObjectAttributesManagerBase.h:181] AbstractObjectAttributesManager<T>::createObject  (Stage) : Done making attributes with handle : /mnt/data_nas/deeprobotics/daiyang/vla/third_party/ETP-R1/data/scene_datasets/mp3d/82sE5b5pLXE/82sE5b5pLXE.glb
I0919 07:25:42.594887 1856845 AbstractObjectAttributesManagerBase.h:188] File (/mnt/data_nas/deeprobotics/daiyang/vla/third_party/ETP-R1/data/scene_datasets/mp3d/82sE5b5pLXE/82sE5b5pLXE.glb) exists but is not a recognized config filename extension, so new default Stage attributes created and registered.
I0919 07:25:42.594892 1856845 Simulator.cpp:156] Loading navmesh from /mnt/data_nas/deeprobotics/daiyang/vla/third_party/ETP-R1/data/scene_datasets/mp3d/82sE5b5pLXE/82sE5b5pLXE.navmesh
I0919 07:25:42.595835 1856845 Simulator.cpp:158] Loaded.
I0919 07:25:42.595842 1856845 SceneGraph.h:93] Created DrawableGroup: 
Renderer: NVIDIA GeForce RTX 5090/PCIe/SSE2 by NVIDIA Corporation
OpenGL version: 4.6.0 NVIDIA 580.126.09
Using optional features:
    GL_ARB_ES2_compatibility
    GL_ARB_direct_state_access
    GL_ARB_get_texture_sub_image
    GL_ARB_invalidate_subdata
    GL_ARB_multi_bind
    GL_ARB_robustness
    GL_ARB_separate_shader_objects
    GL_ARB_texture_filter_anisotropic
    GL_ARB_texture_storage
    GL_ARB_texture_storage_multisample
    GL_ARB_vertex_array_object
    GL_KHR_debug
Using driver workarounds:
    no-forward-compatible-core-context
    nv-egl-incorrect-gl11-function-pointers
    no-layout-qualifiers-on-old-glsl
    nv-zero-context-profile-mask
    nv-implementation-color-read-format-dsa-broken
    nv-cubemap-inconsistent-compressed-image-size
    nv-cubemap-broken-full-compressed-image-query
    nv-compressed-block-size-in-bits
I0919 07:25:42.599332 1856845 ResourceManager.cpp:234] ResourceManager::loadStage : Not loading semantic mesh
I0919 07:25:42.599340 1856845 ResourceManager.cpp:262] ResourceManager::loadStage : start load render asset /mnt/data_nas/deeprobotics/daiyang/vla/third_party/ETP-R1/data/scene_datasets/mp3d/82sE5b5pLXE/82sE5b5pLXE.glb.
I0919 07:25:42.599344 1856845 ResourceManager.cpp:569] ResourceManager::loadStageInternal : Attempting to load stage /mnt/data_nas/deeprobotics/daiyang/vla/third_party/ETP-R1/data/scene_datasets/mp3d/82sE5b5pLXE/82sE5b5pLXE.glb 
I0919 07:25:42.599359 1856845 ResourceManager.cpp:1119] Importing Basis files as BC7 for 82sE5b5pLXE.glb
W0919 07:25:44.580462 1856845 Simulator.cpp:248] :
---
 The active scene does not contain semantic annotations. 
---
I0919 07:25:44.616582 1856845 simulator.py:213] Loaded navmesh /mnt/data_nas/deeprobotics/daiyang/vla/third_party/ETP-R1/data/scene_datasets/mp3d/82sE5b5pLXE/82sE5b5pLXE.navmesh
I0919 07:26:56.869990 1856845 PhysicsManager.cpp:33] Deconstructing PhysicsManager
I0919 07:26:56.870041 1856845 SemanticScene.h:41] Deconstructing SemanticScene
I0919 07:26:56.871389 1856845 SceneManager.h:25] Deconstructing SceneManager
I0919 07:26:56.871395 1856845 SceneGraph.h:26] Deconstructing SceneGraph
I0919 07:26:56.871619 1856845 Sensor.h:87] Deconstructing Sensor
I0919 07:26:56.874972 1856845 Renderer.cpp:34] Deconstructing Renderer
I0919 07:26:56.874993 1856845 WindowlessContext.h:17] Deconstructing WindowlessContext
I0919 07:26:56.880098 1856845 ManagedContainerBase.cpp:19] ManagedContainerBase::convertFilenameToJSON : Filename : default changed to proposed JSON configuration filename : default.scene_dataset_config.json
I0919 07:26:56.880113 1856845 AttributesManagerBase.h:283] AttributesManager<T>::createFromJsonOrDefaultInternal  (Dataset) : Proposing JSON name : default.scene_dataset_config.json from original name : default | This file  does not exist.
I0919 07:26:56.880299 1856845 AssetAttributesManager.cpp:117] Asset attributes (capsule3DSolid : capsule3DSolid_hemiRings_4_cylRings_1_segments_12_halfLen_0.75_useTexCoords_false_useTangents_false) created and registered.
I0919 07:26:56.880327 1856845 AssetAttributesManager.cpp:117] Asset attributes (capsule3DWireframe : capsule3DWireframe_hemiRings_8_cylRings_1_segments_16_halfLen_1) created and registered.
I0919 07:26:56.880357 1856845 AssetAttributesManager.cpp:117] Asset attributes (coneSolid : coneSolid_segments_12_halfLen_1.25_rings_1_useTexCoords_false_useTangents_false_capEnd_true) created and registered.
I0919 07:26:56.880371 1856845 AssetAttributesManager.cpp:117] Asset attributes (coneWireframe : coneWireframe_segments_32_halfLen_1.25) created and registered.
I0919 07:26:56.880379 1856845 AssetAttributesManager.cpp:117] Asset attributes (cubeSolid : cubeSolid) created and registered.
I0919 07:26:56.880385 1856845 AssetAttributesManager.cpp:117] Asset attributes (cubeWireframe : cubeWireframe) created and registered.
I0919 07:26:56.880405 1856845 AssetAttributesManager.cpp:117] Asset attributes (cylinderSolid : cylinderSolid_rings_1_segments_12_halfLen_1_useTexCoords_false_useTangents_false_capEnds_true) created and registered.
I0919 07:26:56.880422 1856845 AssetAttributesManager.cpp:117] Asset attributes (cylinderWireframe : cylinderWireframe_rings_1_segments_32_halfLen_1) created and registered.
I0919 07:26:56.880432 1856845 AssetAttributesManager.cpp:117] Asset attributes (icosphereSolid : icosphereSolid_subdivs_1) created and registered.
I0919 07:26:56.880441 1856845 AssetAttributesManager.cpp:117] Asset attributes (icosphereWireframe : icosphereWireframe_subdivs_1) created and registered.
I0919 07:26:56.880456 1856845 AssetAttributesManager.cpp:117] Asset attributes (uvSphereSolid : uvSphereSolid_rings_8_segments_16_useTexCoords_false_useTangents_false) created and registered.
I0919 07:26:56.880470 1856845 AssetAttributesManager.cpp:117] Asset attributes (uvSphereWireframe : uvSphereWireframe_rings_16_segments_32) created and registered.
I0919 07:26:56.880475 1856845 AssetAttributesManager.cpp:105] AssetAttributesManager::buildCtorFuncPtrMaps : Built default primitive asset templates : 12
I0919 07:26:56.880861 1856845 SceneDatasetAttributesManager.cpp:23] File (default) not found, so new default dataset attributes created and registered.
I0919 07:26:56.880863 1856845 MetadataMediator.cpp:47] MetadataMediator::createDataset : Dataset default successfully created.
I0919 07:26:56.881048 1856845 AttributesManagerBase.h:283] AttributesManager<T>::createFromJsonOrDefaultInternal  (Physics Manager) : Proposing JSON name : ./data/default.physics_config.json from original name : ./data/default.physics_config.json | This file  does not exist.
I0919 07:26:56.881058 1856845 PhysicsAttributesManager.cpp:27] File (./data/default.physics_config.json) not found, so new default physics manager attributes created and registered.
I0919 07:26:56.881062 1856845 AbstractObjectAttributesManagerBase.h:175] AbstractObjectAttributesManager<T>::createObject  (Stage) : Making attributes with handle : /mnt/data_nas/deeprobotics/daiyang/vla/third_party/ETP-R1/data/scene_datasets/mp3d/B6ByNegPMKs/B6ByNegPMKs.glb
I0919 07:26:56.881065 1856845 ManagedContainerBase.cpp:19] ManagedContainerBase::convertFilenameToJSON : Filename : /mnt/data_nas/deeprobotics/daiyang/vla/third_party/ETP-R1/data/scene_datasets/mp3d/B6ByNegPMKs/B6ByNegPMKs.glb changed to proposed JSON configuration filename : /mnt/data_nas/deeprobotics/daiyang/vla/third_party/ETP-R1/data/scene_datasets/mp3d/B6ByNegPMKs/B6ByNegPMKs.stage_config.json
I0919 07:26:56.881076 1856845 AttributesManagerBase.h:283] AttributesManager<T>::createFromJsonOrDefaultInternal  (Stage) : Proposing JSON name : /mnt/data_nas/deeprobotics/daiyang/vla/third_party/ETP-R1/data/scene_datasets/mp3d/B6ByNegPMKs/B6ByNegPMKs.stage_config.json from original name : /mnt/data_nas/deeprobotics/daiyang/vla/third_party/ETP-R1/data/scene_datasets/mp3d/B6ByNegPMKs/B6ByNegPMKs.glb | This file  does not exist.
I0919 07:26:56.881124 1856845 AbstractObjectAttributesManagerBase.h:181] AbstractObjectAttributesManager<T>::createObject  (Stage) : Done making attributes with handle : /mnt/data_nas/deeprobotics/daiyang/vla/third_party/ETP-R1/data/scene_datasets/mp3d/B6ByNegPMKs/B6ByNegPMKs.glb
I0919 07:26:56.881125 1856845 AbstractObjectAttributesManagerBase.h:188] File (/mnt/data_nas/deeprobotics/daiyang/vla/third_party/ETP-R1/data/scene_datasets/mp3d/B6ByNegPMKs/B6ByNegPMKs.glb) exists but is not a recognized config filename extension, so new default Stage attributes created and registered.
I0919 07:26:56.881132 1856845 Simulator.cpp:156] Loading navmesh from /mnt/data_nas/deeprobotics/daiyang/vla/third_party/ETP-R1/data/scene_datasets/mp3d/B6ByNegPMKs/B6ByNegPMKs.navmesh
I0919 07:26:56.882221 1856845 Simulator.cpp:158] Loaded.
I0919 07:26:56.882228 1856845 SceneGraph.h:93] Created DrawableGroup: 
Renderer: NVIDIA GeForce RTX 5090/PCIe/SSE2 by NVIDIA Corporation
OpenGL version: 4.6.0 NVIDIA 580.126.09
Using optional features:
    GL_ARB_ES2_compatibility
    GL_ARB_direct_state_access
    GL_ARB_get_texture_sub_image
    GL_ARB_invalidate_subdata
    GL_ARB_multi_bind
    GL_ARB_robustness
    GL_ARB_separate_shader_objects
    GL_ARB_texture_filter_anisotropic
    GL_ARB_texture_storage
    GL_ARB_texture_storage_multisample
    GL_ARB_vertex_array_object
    GL_KHR_debug
Using driver workarounds:
    no-forward-compatible-core-context
    nv-egl-incorrect-gl11-function-pointers
    no-layout-qualifiers-on-old-glsl
    nv-zero-context-profile-mask
    nv-implementation-color-read-format-dsa-broken
    nv-cubemap-inconsistent-compressed-image-size
    nv-cubemap-broken-full-compressed-image-query
    nv-compressed-block-size-in-bits
I0919 07:26:56.888525 1856845 ResourceManager.cpp:234] ResourceManager::loadStage : Not loading semantic mesh
I0919 07:26:56.888533 1856845 ResourceManager.cpp:262] ResourceManager::loadStage : start load render asset /mnt/data_nas/deeprobotics/daiyang/vla/third_party/ETP-R1/data/scene_datasets/mp3d/B6ByNegPMKs/B6ByNegPMKs.glb.
I0919 07:26:56.888535 1856845 ResourceManager.cpp:569] ResourceManager::loadStageInternal : Attempting to load stage /mnt/data_nas/deeprobotics/daiyang/vla/third_party/ETP-R1/data/scene_datasets/mp3d/B6ByNegPMKs/B6ByNegPMKs.glb 
I0919 07:26:56.888551 1856845 ResourceManager.cpp:1119] Importing Basis files as BC7 for B6ByNegPMKs.glb
W0919 07:27:06.434605 1856845 Simulator.cpp:248] :
---
 The active scene does not contain semantic annotations. 
---
I0919 07:27:06.627891 1856845 simulator.py:213] Loaded navmesh /mnt/data_nas/deeprobotics/daiyang/vla/third_party/ETP-R1/data/scene_datasets/mp3d/B6ByNegPMKs/B6ByNegPMKs.navmesh
I0919 07:28:23.893153 1856845 PhysicsManager.cpp:33] Deconstructing PhysicsManager
I0919 07:28:23.893208 1856845 SemanticScene.h:41] Deconstructing SemanticScene
I0919 07:28:23.912729 1856845 SceneManager.h:25] Deconstructing SceneManager
I0919 07:28:23.912751 1856845 SceneGraph.h:26] Deconstructing SceneGraph
I0919 07:28:23.913383 1856845 Sensor.h:87] Deconstructing Sensor
I0919 07:28:23.931520 1856845 Renderer.cpp:34] Deconstructing Renderer
I0919 07:28:23.931567 1856845 WindowlessContext.h:17] Deconstructing WindowlessContext
I0919 07:28:23.968070 1856845 ManagedContainerBase.cpp:19] ManagedContainerBase::convertFilenameToJSON : Filename : default changed to proposed JSON configuration filename : default.scene_dataset_config.json
I0919 07:28:23.968106 1856845 AttributesManagerBase.h:283] AttributesManager<T>::createFromJsonOrDefaultInternal  (Dataset) : Proposing JSON name : default.scene_dataset_config.json from original name : default | This file  does not exist.
I0919 07:28:23.968241 1856845 AssetAttributesManager.cpp:117] Asset attributes (capsule3DSolid : capsule3DSolid_hemiRings_4_cylRings_1_segments_12_halfLen_0.75_useTexCoords_false_useTangents_false) created and registered.
I0919 07:28:23.968287 1856845 AssetAttributesManager.cpp:117] Asset attributes (capsule3DWireframe : capsule3DWireframe_hemiRings_8_cylRings_1_segments_16_halfLen_1) created and registered.
I0919 07:28:23.968325 1856845 AssetAttributesManager.cpp:117] Asset attributes (coneSolid : coneSolid_segments_12_halfLen_1.25_rings_1_useTexCoords_false_useTangents_false_capEnd_true) created and registered.
I0919 07:28:23.968348 1856845 AssetAttributesManager.cpp:117] Asset attributes (coneWireframe : coneWireframe_segments_32_halfLen_1.25) created and registered.
I0919 07:28:23.968360 1856845 AssetAttributesManager.cpp:117] Asset attributes (cubeSolid : cubeSolid) created and registered.
I0919 07:28:23.968381 1856845 AssetAttributesManager.cpp:117] Asset attributes (cubeWireframe : cubeWireframe) created and registered.
I0919 07:28:23.968412 1856845 AssetAttributesManager.cpp:117] Asset attributes (cylinderSolid : cylinderSolid_rings_1_segments_12_halfLen_1_useTexCoords_false_useTangents_false_capEnds_true) created and registered.
I0919 07:28:23.968441 1856845 AssetAttributesManager.cpp:117] Asset attributes (cylinderWireframe : cylinderWireframe_rings_1_segments_32_halfLen_1) created and registered.
I0919 07:28:23.968456 1856845 AssetAttributesManager.cpp:117] Asset attributes (icosphereSolid : icosphereSolid_subdivs_1) created and registered.
I0919 07:28:23.968468 1856845 AssetAttributesManager.cpp:117] Asset attributes (icosphereWireframe : icosphereWireframe_subdivs_1) created and registered.
I0919 07:28:23.968490 1856845 AssetAttributesManager.cpp:117] Asset attributes (uvSphereSolid : uvSphereSolid_rings_8_segments_16_useTexCoords_false_useTangents_false) created and registered.
I0919 07:28:23.968511 1856845 AssetAttributesManager.cpp:117] Asset attributes (uvSphereWireframe : uvSphereWireframe_rings_16_segments_32) created and registered.
I0919 07:28:23.968520 1856845 AssetAttributesManager.cpp:105] AssetAttributesManager::buildCtorFuncPtrMaps : Built default primitive asset templates : 12
I0919 07:28:23.969168 1856845 SceneDatasetAttributesManager.cpp:23] File (default) not found, so new default dataset attributes created and registered.
I0919 07:28:23.969172 1856845 MetadataMediator.cpp:47] MetadataMediator::createDataset : Dataset default successfully created.
I0919 07:28:23.969448 1856845 AttributesManagerBase.h:283] AttributesManager<T>::createFromJsonOrDefaultInternal  (Physics Manager) : Proposing JSON name : ./data/default.physics_config.json from original name : ./data/default.physics_config.json | This file  does not exist.
I0919 07:28:23.969465 1856845 PhysicsAttributesManager.cpp:27] File (./data/default.physics_config.json) not found, so new default physics manager attributes created and registered.
I0919 07:28:23.969470 1856845 AbstractObjectAttributesManagerBase.h:175] AbstractObjectAttributesManager<T>::createObject  (Stage) : Making attributes with handle : /mnt/data_nas/deeprobotics/daiyang/vla/third_party/ETP-R1/data/scene_datasets/mp3d/PuKPg4mmafe/PuKPg4mmafe.glb
I0919 07:28:23.969475 1856845 ManagedContainerBase.cpp:19] ManagedContainerBase::convertFilenameToJSON : Filename : /mnt/data_nas/deeprobotics/daiyang/vla/third_party/ETP-R1/data/scene_datasets/mp3d/PuKPg4mmafe/PuKPg4mmafe.glb changed to proposed JSON configuration filename : /mnt/data_nas/deeprobotics/daiyang/vla/third_party/ETP-R1/data/scene_datasets/mp3d/PuKPg4mmafe/PuKPg4mmafe.stage_config.json
I0919 07:28:23.969492 1856845 AttributesManagerBase.h:283] AttributesManager<T>::createFromJsonOrDefaultInternal  (Stage) : Proposing JSON name : /mnt/data_nas/deeprobotics/daiyang/vla/third_party/ETP-R1/data/scene_datasets/mp3d/PuKPg4mmafe/PuKPg4mmafe.stage_config.json from original name : /mnt/data_nas/deeprobotics/daiyang/vla/third_party/ETP-R1/data/scene_datasets/mp3d/PuKPg4mmafe/PuKPg4mmafe.glb | This file  does not exist.
I0919 07:28:23.969565 1856845 AbstractObjectAttributesManagerBase.h:181] AbstractObjectAttributesManager<T>::createObject  (Stage) : Done making attributes with handle : /mnt/data_nas/deeprobotics/daiyang/vla/third_party/ETP-R1/data/scene_datasets/mp3d/PuKPg4mmafe/PuKPg4mmafe.glb
I0919 07:28:23.969568 1856845 AbstractObjectAttributesManagerBase.h:188] File (/mnt/data_nas/deeprobotics/daiyang/vla/third_party/ETP-R1/data/scene_datasets/mp3d/PuKPg4mmafe/PuKPg4mmafe.glb) exists but is not a recognized config filename extension, so new default Stage attributes created and registered.
I0919 07:28:23.969575 1856845 Simulator.cpp:156] Loading navmesh from /mnt/data_nas/deeprobotics/daiyang/vla/third_party/ETP-R1/data/scene_datasets/mp3d/PuKPg4mmafe/PuKPg4mmafe.navmesh
I0919 07:28:23.970742 1856845 Simulator.cpp:158] Loaded.
I0919 07:28:23.970763 1856845 SceneGraph.h:93] Created DrawableGroup: 
Renderer: NVIDIA GeForce RTX 5090/PCIe/SSE2 by NVIDIA Corporation
OpenGL version: 4.6.0 NVIDIA 580.126.09
Using optional features:
    GL_ARB_ES2_compatibility
    GL_ARB_direct_state_access
    GL_ARB_get_texture_sub_image
    GL_ARB_invalidate_subdata
    GL_ARB_multi_bind
    GL_ARB_robustness
    GL_ARB_separate_shader_objects
    GL_ARB_texture_filter_anisotropic
    GL_ARB_texture_storage
    GL_ARB_texture_storage_multisample
    GL_ARB_vertex_array_object
    GL_KHR_debug
Using driver workarounds:
    no-forward-compatible-core-context
    nv-egl-incorrect-gl11-function-pointers
    no-layout-qualifiers-on-old-glsl
    nv-zero-context-profile-mask
    nv-implementation-color-read-format-dsa-broken
    nv-cubemap-inconsistent-compressed-image-size
    nv-cubemap-broken-full-compressed-image-query
    nv-compressed-block-size-in-bits
I0919 07:28:23.975210 1856845 ResourceManager.cpp:234] ResourceManager::loadStage : Not loading semantic mesh
I0919 07:28:23.975220 1856845 ResourceManager.cpp:262] ResourceManager::loadStage : start load render asset /mnt/data_nas/deeprobotics/daiyang/vla/third_party/ETP-R1/data/scene_datasets/mp3d/PuKPg4mmafe/PuKPg4mmafe.glb.
I0919 07:28:23.975224 1856845 ResourceManager.cpp:569] ResourceManager::loadStageInternal : Attempting to load stage /mnt/data_nas/deeprobotics/daiyang/vla/third_party/ETP-R1/data/scene_datasets/mp3d/PuKPg4mmafe/PuKPg4mmafe.glb 
I0919 07:28:23.975244 1856845 ResourceManager.cpp:1119] Importing Basis files as BC7 for PuKPg4mmafe.glb
W0919 07:28:28.734826 1856845 Simulator.cpp:248] :
---
 The active scene does not contain semantic annotations. 
---
I0919 07:28:28.754932 1856845 simulator.py:213] Loaded navmesh /mnt/data_nas/deeprobotics/daiyang/vla/third_party/ETP-R1/data/scene_datasets/mp3d/PuKPg4mmafe/PuKPg4mmafe.navmesh
I0919 07:32:20.217329 1856845 PhysicsManager.cpp:33] Deconstructing PhysicsManager
I0919 07:32:20.217375 1856845 SemanticScene.h:41] Deconstructing SemanticScene
I0919 07:32:20.218309 1856845 SceneManager.h:25] Deconstructing SceneManager
I0919 07:32:20.218315 1856845 SceneGraph.h:26] Deconstructing SceneGraph
I0919 07:32:20.218566 1856845 Sensor.h:87] Deconstructing Sensor
I0919 07:32:20.236222 1856845 Renderer.cpp:34] Deconstructing Renderer
I0919 07:32:20.236255 1856845 WindowlessContext.h:17] Deconstructing WindowlessContext
I0919 07:32:20.259095 1856845 ManagedContainerBase.cpp:19] ManagedContainerBase::convertFilenameToJSON : Filename : default changed to proposed JSON configuration filename : default.scene_dataset_config.json
I0919 07:32:20.259120 1856845 AttributesManagerBase.h:283] AttributesManager<T>::createFromJsonOrDefaultInternal  (Dataset) : Proposing JSON name : default.scene_dataset_config.json from original name : default | This file  does not exist.
I0919 07:32:20.259295 1856845 AssetAttributesManager.cpp:117] Asset attributes (capsule3DSolid : capsule3DSolid_hemiRings_4_cylRings_1_segments_12_halfLen_0.75_useTexCoords_false_useTangents_false) created and registered.
I0919 07:32:20.259322 1856845 AssetAttributesManager.cpp:117] Asset attributes (capsule3DWireframe : capsule3DWireframe_hemiRings_8_cylRings_1_segments_16_halfLen_1) created and registered.
I0919 07:32:20.259347 1856845 AssetAttributesManager.cpp:117] Asset attributes (coneSolid : coneSolid_segments_12_halfLen_1.25_rings_1_useTexCoords_false_useTangents_false_capEnd_true) created and registered.
I0919 07:32:20.259362 1856845 AssetAttributesManager.cpp:117] Asset attributes (coneWireframe : coneWireframe_segments_32_halfLen_1.25) created and registered.
I0919 07:32:20.259372 1856845 AssetAttributesManager.cpp:117] Asset attributes (cubeSolid : cubeSolid) created and registered.
I0919 07:32:20.259379 1856845 AssetAttributesManager.cpp:117] Asset attributes (cubeWireframe : cubeWireframe) created and registered.
I0919 07:32:20.259397 1856845 AssetAttributesManager.cpp:117] Asset attributes (cylinderSolid : cylinderSolid_rings_1_segments_12_halfLen_1_useTexCoords_false_useTangents_false_capEnds_true) created and registered.
I0919 07:32:20.259423 1856845 AssetAttributesManager.cpp:117] Asset attributes (cylinderWireframe : cylinderWireframe_rings_1_segments_32_halfLen_1) created and registered.
I0919 07:32:20.259433 1856845 AssetAttributesManager.cpp:117] Asset attributes (icosphereSolid : icosphereSolid_subdivs_1) created and registered.
I0919 07:32:20.259442 1856845 AssetAttributesManager.cpp:117] Asset attributes (icosphereWireframe : icosphereWireframe_subdivs_1) created and registered.
I0919 07:32:20.259457 1856845 AssetAttributesManager.cpp:117] Asset attributes (uvSphereSolid : uvSphereSolid_rings_8_segments_16_useTexCoords_false_useTangents_false) created and registered.
I0919 07:32:20.259471 1856845 AssetAttributesManager.cpp:117] Asset attributes (uvSphereWireframe : uvSphereWireframe_rings_16_segments_32) created and registered.
I0919 07:32:20.259478 1856845 AssetAttributesManager.cpp:105] AssetAttributesManager::buildCtorFuncPtrMaps : Built default primitive asset templates : 12
I0919 07:32:20.259881 1856845 SceneDatasetAttributesManager.cpp:23] File (default) not found, so new default dataset attributes created and registered.
I0919 07:32:20.259883 1856845 MetadataMediator.cpp:47] MetadataMediator::createDataset : Dataset default successfully created.
I0919 07:32:20.260080 1856845 AttributesManagerBase.h:283] AttributesManager<T>::createFromJsonOrDefaultInternal  (Physics Manager) : Proposing JSON name : ./data/default.physics_config.json from original name : ./data/default.physics_config.json | This file  does not exist.
I0919 07:32:20.260092 1856845 PhysicsAttributesManager.cpp:27] File (./data/default.physics_config.json) not found, so new default physics manager attributes created and registered.
I0919 07:32:20.260097 1856845 AbstractObjectAttributesManagerBase.h:175] AbstractObjectAttributesManager<T>::createObject  (Stage) : Making attributes with handle : /mnt/data_nas/deeprobotics/daiyang/vla/third_party/ETP-R1/data/scene_datasets/mp3d/aayBHfsNo7d/aayBHfsNo7d.glb
I0919 07:32:20.260100 1856845 ManagedContainerBase.cpp:19] ManagedContainerBase::convertFilenameToJSON : Filename : /mnt/data_nas/deeprobotics/daiyang/vla/third_party/ETP-R1/data/scene_datasets/mp3d/aayBHfsNo7d/aayBHfsNo7d.glb changed to proposed JSON configuration filename : /mnt/data_nas/deeprobotics/daiyang/vla/third_party/ETP-R1/data/scene_datasets/mp3d/aayBHfsNo7d/aayBHfsNo7d.stage_config.json
I0919 07:32:20.260110 1856845 AttributesManagerBase.h:283] AttributesManager<T>::createFromJsonOrDefaultInternal  (Stage) : Proposing JSON name : /mnt/data_nas/deeprobotics/daiyang/vla/third_party/ETP-R1/data/scene_datasets/mp3d/aayBHfsNo7d/aayBHfsNo7d.stage_config.json from original name : /mnt/data_nas/deeprobotics/daiyang/vla/third_party/ETP-R1/data/scene_datasets/mp3d/aayBHfsNo7d/aayBHfsNo7d.glb | This file  does not exist.
I0919 07:32:20.260157 1856845 AbstractObjectAttributesManagerBase.h:181] AbstractObjectAttributesManager<T>::createObject  (Stage) : Done making attributes with handle : /mnt/data_nas/deeprobotics/daiyang/vla/third_party/ETP-R1/data/scene_datasets/mp3d/aayBHfsNo7d/aayBHfsNo7d.glb
I0919 07:32:20.260159 1856845 AbstractObjectAttributesManagerBase.h:188] File (/mnt/data_nas/deeprobotics/daiyang/vla/third_party/ETP-R1/data/scene_datasets/mp3d/aayBHfsNo7d/aayBHfsNo7d.glb) exists but is not a recognized config filename extension, so new default Stage attributes created and registered.
I0919 07:32:20.260164 1856845 Simulator.cpp:156] Loading navmesh from /mnt/data_nas/deeprobotics/daiyang/vla/third_party/ETP-R1/data/scene_datasets/mp3d/aayBHfsNo7d/aayBHfsNo7d.navmesh
I0919 07:32:20.260879 1856845 Simulator.cpp:158] Loaded.
I0919 07:32:20.260887 1856845 SceneGraph.h:93] Created DrawableGroup: 
Renderer: NVIDIA GeForce RTX 5090/PCIe/SSE2 by NVIDIA Corporation
OpenGL version: 4.6.0 NVIDIA 580.126.09
Using optional features:
    GL_ARB_ES2_compatibility
    GL_ARB_direct_state_access
    GL_ARB_get_texture_sub_image
    GL_ARB_invalidate_subdata
    GL_ARB_multi_bind
    GL_ARB_robustness
    GL_ARB_separate_shader_objects
    GL_ARB_texture_filter_anisotropic
    GL_ARB_texture_storage
    GL_ARB_texture_storage_multisample
    GL_ARB_vertex_array_object
    GL_KHR_debug
Using driver workarounds:
    no-forward-compatible-core-context
    nv-egl-incorrect-gl11-function-pointers
    no-layout-qualifiers-on-old-glsl
    nv-zero-context-profile-mask
    nv-implementation-color-read-format-dsa-broken
    nv-cubemap-inconsistent-compressed-image-size
    nv-cubemap-broken-full-compressed-image-query
    nv-compressed-block-size-in-bits
I0919 07:32:20.264622 1856845 ResourceManager.cpp:234] ResourceManager::loadStage : Not loading semantic mesh
I0919 07:32:20.264631 1856845 ResourceManager.cpp:262] ResourceManager::loadStage : start load render asset /mnt/data_nas/deeprobotics/daiyang/vla/third_party/ETP-R1/data/scene_datasets/mp3d/aayBHfsNo7d/aayBHfsNo7d.glb.
I0919 07:32:20.264634 1856845 ResourceManager.cpp:569] ResourceManager::loadStageInternal : Attempting to load stage /mnt/data_nas/deeprobotics/daiyang/vla/third_party/ETP-R1/data/scene_datasets/mp3d/aayBHfsNo7d/aayBHfsNo7d.glb 
I0919 07:32:20.264652 1856845 ResourceManager.cpp:1119] Importing Basis files as BC7 for aayBHfsNo7d.glb
W0919 07:32:21.805945 1856845 Simulator.cpp:248] :
---
 The active scene does not contain semantic annotations. 
---
I0919 07:32:21.845861 1856845 simulator.py:213] Loaded navmesh /mnt/data_nas/deeprobotics/daiyang/vla/third_party/ETP-R1/data/scene_datasets/mp3d/aayBHfsNo7d/aayBHfsNo7d.navmesh
I0919 07:32:41.745195 1856845 PhysicsManager.cpp:33] Deconstructing PhysicsManager
I0919 07:32:41.745230 1856845 SemanticScene.h:41] Deconstructing SemanticScene
I0919 07:32:41.747252 1856845 SceneManager.h:25] Deconstructing SceneManager
I0919 07:32:41.747262 1856845 SceneGraph.h:26] Deconstructing SceneGraph
I0919 07:32:41.747761 1856845 Sensor.h:87] Deconstructing Sensor
I0919 07:32:41.749464 1856845 Renderer.cpp:34] Deconstructing Renderer
I0919 07:32:41.749485 1856845 WindowlessContext.h:17] Deconstructing WindowlessContext
I0919 07:32:41.755313 1856845 ManagedContainerBase.cpp:19] ManagedContainerBase::convertFilenameToJSON : Filename : default changed to proposed JSON configuration filename : default.scene_dataset_config.json
I0919 07:32:41.755329 1856845 AttributesManagerBase.h:283] AttributesManager<T>::createFromJsonOrDefaultInternal  (Dataset) : Proposing JSON name : default.scene_dataset_config.json from original name : default | This file  does not exist.
I0919 07:32:41.755544 1856845 AssetAttributesManager.cpp:117] Asset attributes (capsule3DSolid : capsule3DSolid_hemiRings_4_cylRings_1_segments_12_halfLen_0.75_useTexCoords_false_useTangents_false) created and registered.
I0919 07:32:41.755573 1856845 AssetAttributesManager.cpp:117] Asset attributes (capsule3DWireframe : capsule3DWireframe_hemiRings_8_cylRings_1_segments_16_halfLen_1) created and registered.
I0919 07:32:41.755596 1856845 AssetAttributesManager.cpp:117] Asset attributes (coneSolid : coneSolid_segments_12_halfLen_1.25_rings_1_useTexCoords_false_useTangents_false_capEnd_true) created and registered.
I0919 07:32:41.755610 1856845 AssetAttributesManager.cpp:117] Asset attributes (coneWireframe : coneWireframe_segments_32_halfLen_1.25) created and registered.
I0919 07:32:41.755620 1856845 AssetAttributesManager.cpp:117] Asset attributes (cubeSolid : cubeSolid) created and registered.
I0919 07:32:41.755625 1856845 AssetAttributesManager.cpp:117] Asset attributes (cubeWireframe : cubeWireframe) created and registered.
I0919 07:32:41.755645 1856845 AssetAttributesManager.cpp:117] Asset attributes (cylinderSolid : cylinderSolid_rings_1_segments_12_halfLen_1_useTexCoords_false_useTangents_false_capEnds_true) created and registered.
I0919 07:32:41.755661 1856845 AssetAttributesManager.cpp:117] Asset attributes (cylinderWireframe : cylinderWireframe_rings_1_segments_32_halfLen_1) created and registered.
I0919 07:32:41.755671 1856845 AssetAttributesManager.cpp:117] Asset attributes (icosphereSolid : icosphereSolid_subdivs_1) created and registered.
I0919 07:32:41.755679 1856845 AssetAttributesManager.cpp:117] Asset attributes (icosphereWireframe : icosphereWireframe_subdivs_1) created and registered.
I0919 07:32:41.755698 1856845 AssetAttributesManager.cpp:117] Asset attributes (uvSphereSolid : uvSphereSolid_rings_8_segments_16_useTexCoords_false_useTangents_false) created and registered.
I0919 07:32:41.755712 1856845 AssetAttributesManager.cpp:117] Asset attributes (uvSphereWireframe : uvSphereWireframe_rings_16_segments_32) created and registered.
I0919 07:32:41.755717 1856845 AssetAttributesManager.cpp:105] AssetAttributesManager::buildCtorFuncPtrMaps : Built default primitive asset templates : 12
I0919 07:32:41.756100 1856845 SceneDatasetAttributesManager.cpp:23] File (default) not found, so new default dataset attributes created and registered.
I0919 07:32:41.756103 1856845 MetadataMediator.cpp:47] MetadataMediator::createDataset : Dataset default successfully created.
I0919 07:32:41.756280 1856845 AttributesManagerBase.h:283] AttributesManager<T>::createFromJsonOrDefaultInternal  (Physics Manager) : Proposing JSON name : ./data/default.physics_config.json from original name : ./data/default.physics_config.json | This file  does not exist.
I0919 07:32:41.756292 1856845 PhysicsAttributesManager.cpp:27] File (./data/default.physics_config.json) not found, so new default physics manager attributes created and registered.
I0919 07:32:41.756295 1856845 AbstractObjectAttributesManagerBase.h:175] AbstractObjectAttributesManager<T>::createObject  (Stage) : Making attributes with handle : /mnt/data_nas/deeprobotics/daiyang/vla/third_party/ETP-R1/data/scene_datasets/mp3d/82sE5b5pLXE/82sE5b5pLXE.glb
I0919 07:32:41.756300 1856845 ManagedContainerBase.cpp:19] ManagedContainerBase::convertFilenameToJSON : Filename : /mnt/data_nas/deeprobotics/daiyang/vla/third_party/ETP-R1/data/scene_datasets/mp3d/82sE5b5pLXE/82sE5b5pLXE.glb changed to proposed JSON configuration filename : /mnt/data_nas/deeprobotics/daiyang/vla/third_party/ETP-R1/data/scene_datasets/mp3d/82sE5b5pLXE/82sE5b5pLXE.stage_config.json
I0919 07:32:41.756311 1856845 AttributesManagerBase.h:283] AttributesManager<T>::createFromJsonOrDefaultInternal  (Stage) : Proposing JSON name : /mnt/data_nas/deeprobotics/daiyang/vla/third_party/ETP-R1/data/scene_datasets/mp3d/82sE5b5pLXE/82sE5b5pLXE.stage_config.json from original name : /mnt/data_nas/deeprobotics/daiyang/vla/third_party/ETP-R1/data/scene_datasets/mp3d/82sE5b5pLXE/82sE5b5pLXE.glb | This file  does not exist.
I0919 07:32:41.756356 1856845 AbstractObjectAttributesManagerBase.h:181] AbstractObjectAttributesManager<T>::createObject  (Stage) : Done making attributes with handle : /mnt/data_nas/deeprobotics/daiyang/vla/third_party/ETP-R1/data/scene_datasets/mp3d/82sE5b5pLXE/82sE5b5pLXE.glb
I0919 07:32:41.756357 1856845 AbstractObjectAttributesManagerBase.h:188] File (/mnt/data_nas/deeprobotics/daiyang/vla/third_party/ETP-R1/data/scene_datasets/mp3d/82sE5b5pLXE/82sE5b5pLXE.glb) exists but is not a recognized config filename extension, so new default Stage attributes created and registered.
I0919 07:32:41.756362 1856845 Simulator.cpp:156] Loading navmesh from /mnt/data_nas/deeprobotics/daiyang/vla/third_party/ETP-R1/data/scene_datasets/mp3d/82sE5b5pLXE/82sE5b5pLXE.navmesh
I0919 07:32:41.757098 1856845 Simulator.cpp:158] Loaded.
I0919 07:32:41.757105 1856845 SceneGraph.h:93] Created DrawableGroup: 
Renderer: NVIDIA GeForce RTX 5090/PCIe/SSE2 by NVIDIA Corporation
OpenGL version: 4.6.0 NVIDIA 580.126.09
Using optional features:
    GL_ARB_ES2_compatibility
    GL_ARB_direct_state_access
    GL_ARB_get_texture_sub_image
    GL_ARB_invalidate_subdata
    GL_ARB_multi_bind
    GL_ARB_robustness
    GL_ARB_separate_shader_objects
    GL_ARB_texture_filter_anisotropic
    GL_ARB_texture_storage
    GL_ARB_texture_storage_multisample
    GL_ARB_vertex_array_object
    GL_KHR_debug
Using driver workarounds:
    no-forward-compatible-core-context
    nv-egl-incorrect-gl11-function-pointers
    no-layout-qualifiers-on-old-glsl
    nv-zero-context-profile-mask
    nv-implementation-color-read-format-dsa-broken
    nv-cubemap-inconsistent-compressed-image-size
    nv-cubemap-broken-full-compressed-image-query
    nv-compressed-block-size-in-bits
I0919 07:32:41.760660 1856845 ResourceManager.cpp:234] ResourceManager::loadStage : Not loading semantic mesh
I0919 07:32:41.760669 1856845 ResourceManager.cpp:262] ResourceManager::loadStage : start load render asset /mnt/data_nas/deeprobotics/daiyang/vla/third_party/ETP-R1/data/scene_datasets/mp3d/82sE5b5pLXE/82sE5b5pLXE.glb.
I0919 07:32:41.760671 1856845 ResourceManager.cpp:569] ResourceManager::loadStageInternal : Attempting to load stage /mnt/data_nas/deeprobotics/daiyang/vla/third_party/ETP-R1/data/scene_datasets/mp3d/82sE5b5pLXE/82sE5b5pLXE.glb 
I0919 07:32:41.760685 1856845 ResourceManager.cpp:1119] Importing Basis files as BC7 for 82sE5b5pLXE.glb
W0919 07:32:43.753818 1856845 Simulator.cpp:248] :
---
 The active scene does not contain semantic annotations. 
---
I0919 07:32:43.789356 1856845 simulator.py:213] Loaded navmesh /mnt/data_nas/deeprobotics/daiyang/vla/third_party/ETP-R1/data/scene_datasets/mp3d/82sE5b5pLXE/82sE5b5pLXE.navmesh
I0919 07:33:34.801009 1856845 PhysicsManager.cpp:33] Deconstructing PhysicsManager
I0919 07:33:34.801052 1856845 SemanticScene.h:41] Deconstructing SemanticScene
I0919 07:33:34.802487 1856845 SceneManager.h:25] Deconstructing SceneManager
I0919 07:33:34.802495 1856845 SceneGraph.h:26] Deconstructing SceneGraph
I0919 07:33:34.802733 1856845 Sensor.h:87] Deconstructing Sensor
I0919 07:33:34.805692 1856845 Renderer.cpp:34] Deconstructing Renderer
I0919 07:33:34.805716 1856845 WindowlessContext.h:17] Deconstructing WindowlessContext
I0919 07:33:34.811462 1856845 ManagedContainerBase.cpp:19] ManagedContainerBase::convertFilenameToJSON : Filename : default changed to proposed JSON configuration filename : default.scene_dataset_config.json
I0919 07:33:34.811480 1856845 AttributesManagerBase.h:283] AttributesManager<T>::createFromJsonOrDefaultInternal  (Dataset) : Proposing JSON name : default.scene_dataset_config.json from original name : default | This file  does not exist.
I0919 07:33:34.811676 1856845 AssetAttributesManager.cpp:117] Asset attributes (capsule3DSolid : capsule3DSolid_hemiRings_4_cylRings_1_segments_12_halfLen_0.75_useTexCoords_false_useTangents_false) created and registered.
I0919 07:33:34.811702 1856845 AssetAttributesManager.cpp:117] Asset attributes (capsule3DWireframe : capsule3DWireframe_hemiRings_8_cylRings_1_segments_16_halfLen_1) created and registered.
I0919 07:33:34.811725 1856845 AssetAttributesManager.cpp:117] Asset attributes (coneSolid : coneSolid_segments_12_halfLen_1.25_rings_1_useTexCoords_false_useTangents_false_capEnd_true) created and registered.
I0919 07:33:34.811739 1856845 AssetAttributesManager.cpp:117] Asset attributes (coneWireframe : coneWireframe_segments_32_halfLen_1.25) created and registered.
I0919 07:33:34.811748 1856845 AssetAttributesManager.cpp:117] Asset attributes (cubeSolid : cubeSolid) created and registered.
I0919 07:33:34.811754 1856845 AssetAttributesManager.cpp:117] Asset attributes (cubeWireframe : cubeWireframe) created and registered.
I0919 07:33:34.811774 1856845 AssetAttributesManager.cpp:117] Asset attributes (cylinderSolid : cylinderSolid_rings_1_segments_12_halfLen_1_useTexCoords_false_useTangents_false_capEnds_true) created and registered.
I0919 07:33:34.811789 1856845 AssetAttributesManager.cpp:117] Asset attributes (cylinderWireframe : cylinderWireframe_rings_1_segments_32_halfLen_1) created and registered.
I0919 07:33:34.811800 1856845 AssetAttributesManager.cpp:117] Asset attributes (icosphereSolid : icosphereSolid_subdivs_1) created and registered.
I0919 07:33:34.811807 1856845 AssetAttributesManager.cpp:117] Asset attributes (icosphereWireframe : icosphereWireframe_subdivs_1) created and registered.
I0919 07:33:34.811822 1856845 AssetAttributesManager.cpp:117] Asset attributes (uvSphereSolid : uvSphereSolid_rings_8_segments_16_useTexCoords_false_useTangents_false) created and registered.
I0919 07:33:34.811834 1856845 AssetAttributesManager.cpp:117] Asset attributes (uvSphereWireframe : uvSphereWireframe_rings_16_segments_32) created and registered.
I0919 07:33:34.811846 1856845 AssetAttributesManager.cpp:105] AssetAttributesManager::buildCtorFuncPtrMaps : Built default primitive asset templates : 12
I0919 07:33:34.812234 1856845 SceneDatasetAttributesManager.cpp:23] File (default) not found, so new default dataset attributes created and registered.
I0919 07:33:34.812237 1856845 MetadataMediator.cpp:47] MetadataMediator::createDataset : Dataset default successfully created.
I0919 07:33:34.813257 1856845 AttributesManagerBase.h:283] AttributesManager<T>::createFromJsonOrDefaultInternal  (Physics Manager) : Proposing JSON name : ./data/default.physics_config.json from original name : ./data/default.physics_config.json | This file  does not exist.
I0919 07:33:34.813277 1856845 PhysicsAttributesManager.cpp:27] File (./data/default.physics_config.json) not found, so new default physics manager attributes created and registered.
I0919 07:33:34.813280 1856845 AbstractObjectAttributesManagerBase.h:175] AbstractObjectAttributesManager<T>::createObject  (Stage) : Making attributes with handle : /mnt/data_nas/deeprobotics/daiyang/vla/third_party/ETP-R1/data/scene_datasets/mp3d/B6ByNegPMKs/B6ByNegPMKs.glb
I0919 07:33:34.813284 1856845 ManagedContainerBase.cpp:19] ManagedContainerBase::convertFilenameToJSON : Filename : /mnt/data_nas/deeprobotics/daiyang/vla/third_party/ETP-R1/data/scene_datasets/mp3d/B6ByNegPMKs/B6ByNegPMKs.glb changed to proposed JSON configuration filename : /mnt/data_nas/deeprobotics/daiyang/vla/third_party/ETP-R1/data/scene_datasets/mp3d/B6ByNegPMKs/B6ByNegPMKs.stage_config.json
I0919 07:33:34.815750 1856845 AttributesManagerBase.h:283] AttributesManager<T>::createFromJsonOrDefaultInternal  (Stage) : Proposing JSON name : /mnt/data_nas/deeprobotics/daiyang/vla/third_party/ETP-R1/data/scene_datasets/mp3d/B6ByNegPMKs/B6ByNegPMKs.stage_config.json from original name : /mnt/data_nas/deeprobotics/daiyang/vla/third_party/ETP-R1/data/scene_datasets/mp3d/B6ByNegPMKs/B6ByNegPMKs.glb | This file  does not exist.
I0919 07:33:34.815798 1856845 AbstractObjectAttributesManagerBase.h:181] AbstractObjectAttributesManager<T>::createObject  (Stage) : Done making attributes with handle : /mnt/data_nas/deeprobotics/daiyang/vla/third_party/ETP-R1/data/scene_datasets/mp3d/B6ByNegPMKs/B6ByNegPMKs.glb
I0919 07:33:34.815800 1856845 AbstractObjectAttributesManagerBase.h:188] File (/mnt/data_nas/deeprobotics/daiyang/vla/third_party/ETP-R1/data/scene_datasets/mp3d/B6ByNegPMKs/B6ByNegPMKs.glb) exists but is not a recognized config filename extension, so new default Stage attributes created and registered.
I0919 07:33:34.815805 1856845 Simulator.cpp:156] Loading navmesh from /mnt/data_nas/deeprobotics/daiyang/vla/third_party/ETP-R1/data/scene_datasets/mp3d/B6ByNegPMKs/B6ByNegPMKs.navmesh
I0919 07:33:34.817687 1856845 Simulator.cpp:158] Loaded.
I0919 07:33:34.817694 1856845 SceneGraph.h:93] Created DrawableGroup: 
Renderer: NVIDIA GeForce RTX 5090/PCIe/SSE2 by NVIDIA Corporation
OpenGL version: 4.6.0 NVIDIA 580.126.09
Using optional features:
    GL_ARB_ES2_compatibility
    GL_ARB_direct_state_access
    GL_ARB_get_texture_sub_image
    GL_ARB_invalidate_subdata
    GL_ARB_multi_bind
    GL_ARB_robustness
    GL_ARB_separate_shader_objects
    GL_ARB_texture_filter_anisotropic
    GL_ARB_texture_storage
    GL_ARB_texture_storage_multisample
    GL_ARB_vertex_array_object
    GL_KHR_debug
Using driver workarounds:
    no-forward-compatible-core-context
    nv-egl-incorrect-gl11-function-pointers
    no-layout-qualifiers-on-old-glsl
    nv-zero-context-profile-mask
    nv-implementation-color-read-format-dsa-broken
    nv-cubemap-inconsistent-compressed-image-size
    nv-cubemap-broken-full-compressed-image-query
    nv-compressed-block-size-in-bits
I0919 07:33:34.821113 1856845 ResourceManager.cpp:234] ResourceManager::loadStage : Not loading semantic mesh
I0919 07:33:34.821121 1856845 ResourceManager.cpp:262] ResourceManager::loadStage : start load render asset /mnt/data_nas/deeprobotics/daiyang/vla/third_party/ETP-R1/data/scene_datasets/mp3d/B6ByNegPMKs/B6ByNegPMKs.glb.
I0919 07:33:34.821128 1856845 ResourceManager.cpp:569] ResourceManager::loadStageInternal : Attempting to load stage /mnt/data_nas/deeprobotics/daiyang/vla/third_party/ETP-R1/data/scene_datasets/mp3d/B6ByNegPMKs/B6ByNegPMKs.glb 
I0919 07:33:34.821144 1856845 ResourceManager.cpp:1119] Importing Basis files as BC7 for B6ByNegPMKs.glb
W0919 07:33:44.331934 1856845 Simulator.cpp:248] :
---
 The active scene does not contain semantic annotations. 
---
I0919 07:33:44.563395 1856845 simulator.py:213] Loaded navmesh /mnt/data_nas/deeprobotics/daiyang/vla/third_party/ETP-R1/data/scene_datasets/mp3d/B6ByNegPMKs/B6ByNegPMKs.navmesh
I0919 07:35:21.135891 1856845 PhysicsManager.cpp:33] Deconstructing PhysicsManager
I0919 07:35:21.135928 1856845 SemanticScene.h:41] Deconstructing SemanticScene
I0919 07:35:21.151896 1856845 SceneManager.h:25] Deconstructing SceneManager
I0919 07:35:21.151912 1856845 SceneGraph.h:26] Deconstructing SceneGraph
I0919 07:35:21.152364 1856845 Sensor.h:87] Deconstructing Sensor
I0919 07:35:21.164393 1856845 Renderer.cpp:34] Deconstructing Renderer
I0919 07:35:21.164428 1856845 WindowlessContext.h:17] Deconstructing WindowlessContext
I0919 07:35:21.193526 1856845 ManagedContainerBase.cpp:19] ManagedContainerBase::convertFilenameToJSON : Filename : default changed to proposed JSON configuration filename : default.scene_dataset_config.json
I0919 07:35:21.193549 1856845 AttributesManagerBase.h:283] AttributesManager<T>::createFromJsonOrDefaultInternal  (Dataset) : Proposing JSON name : default.scene_dataset_config.json from original name : default | This file  does not exist.
I0919 07:35:21.193742 1856845 AssetAttributesManager.cpp:117] Asset attributes (capsule3DSolid : capsule3DSolid_hemiRings_4_cylRings_1_segments_12_halfLen_0.75_useTexCoords_false_useTangents_false) created and registered.
I0919 07:35:21.193769 1856845 AssetAttributesManager.cpp:117] Asset attributes (capsule3DWireframe : capsule3DWireframe_hemiRings_8_cylRings_1_segments_16_halfLen_1) created and registered.
I0919 07:35:21.193794 1856845 AssetAttributesManager.cpp:117] Asset attributes (coneSolid : coneSolid_segments_12_halfLen_1.25_rings_1_useTexCoords_false_useTangents_false_capEnd_true) created and registered.
I0919 07:35:21.193809 1856845 AssetAttributesManager.cpp:117] Asset attributes (coneWireframe : coneWireframe_segments_32_halfLen_1.25) created and registered.
I0919 07:35:21.193818 1856845 AssetAttributesManager.cpp:117] Asset attributes (cubeSolid : cubeSolid) created and registered.
I0919 07:35:21.193825 1856845 AssetAttributesManager.cpp:117] Asset attributes (cubeWireframe : cubeWireframe) created and registered.
I0919 07:35:21.193843 1856845 AssetAttributesManager.cpp:117] Asset attributes (cylinderSolid : cylinderSolid_rings_1_segments_12_halfLen_1_useTexCoords_false_useTangents_false_capEnds_true) created and registered.
I0919 07:35:21.193861 1856845 AssetAttributesManager.cpp:117] Asset attributes (cylinderWireframe : cylinderWireframe_rings_1_segments_32_halfLen_1) created and registered.
I0919 07:35:21.193871 1856845 AssetAttributesManager.cpp:117] Asset attributes (icosphereSolid : icosphereSolid_subdivs_1) created and registered.
I0919 07:35:21.193881 1856845 AssetAttributesManager.cpp:117] Asset attributes (icosphereWireframe : icosphereWireframe_subdivs_1) created and registered.
I0919 07:35:21.193897 1856845 AssetAttributesManager.cpp:117] Asset attributes (uvSphereSolid : uvSphereSolid_rings_8_segments_16_useTexCoords_false_useTangents_false) created and registered.
I0919 07:35:21.193910 1856845 AssetAttributesManager.cpp:117] Asset attributes (uvSphereWireframe : uvSphereWireframe_rings_16_segments_32) created and registered.
I0919 07:35:21.193917 1856845 AssetAttributesManager.cpp:105] AssetAttributesManager::buildCtorFuncPtrMaps : Built default primitive asset templates : 12
I0919 07:35:21.194329 1856845 SceneDatasetAttributesManager.cpp:23] File (default) not found, so new default dataset attributes created and registered.
I0919 07:35:21.194331 1856845 MetadataMediator.cpp:47] MetadataMediator::createDataset : Dataset default successfully created.
I0919 07:35:21.194542 1856845 AttributesManagerBase.h:283] AttributesManager<T>::createFromJsonOrDefaultInternal  (Physics Manager) : Proposing JSON name : ./data/default.physics_config.json from original name : ./data/default.physics_config.json | This file  does not exist.
I0919 07:35:21.194552 1856845 PhysicsAttributesManager.cpp:27] File (./data/default.physics_config.json) not found, so new default physics manager attributes created and registered.
I0919 07:35:21.194556 1856845 AbstractObjectAttributesManagerBase.h:175] AbstractObjectAttributesManager<T>::createObject  (Stage) : Making attributes with handle : /mnt/data_nas/deeprobotics/daiyang/vla/third_party/ETP-R1/data/scene_datasets/mp3d/PuKPg4mmafe/PuKPg4mmafe.glb
I0919 07:35:21.194561 1856845 ManagedContainerBase.cpp:19] ManagedContainerBase::convertFilenameToJSON : Filename : /mnt/data_nas/deeprobotics/daiyang/vla/third_party/ETP-R1/data/scene_datasets/mp3d/PuKPg4mmafe/PuKPg4mmafe.glb changed to proposed JSON configuration filename : /mnt/data_nas/deeprobotics/daiyang/vla/third_party/ETP-R1/data/scene_datasets/mp3d/PuKPg4mmafe/PuKPg4mmafe.stage_config.json
I0919 07:35:21.194571 1856845 AttributesManagerBase.h:283] AttributesManager<T>::createFromJsonOrDefaultInternal  (Stage) : Proposing JSON name : /mnt/data_nas/deeprobotics/daiyang/vla/third_party/ETP-R1/data/scene_datasets/mp3d/PuKPg4mmafe/PuKPg4mmafe.stage_config.json from original name : /mnt/data_nas/deeprobotics/daiyang/vla/third_party/ETP-R1/data/scene_datasets/mp3d/PuKPg4mmafe/PuKPg4mmafe.glb | This file  does not exist.
I0919 07:35:21.194618 1856845 AbstractObjectAttributesManagerBase.h:181] AbstractObjectAttributesManager<T>::createObject  (Stage) : Done making attributes with handle : /mnt/data_nas/deeprobotics/daiyang/vla/third_party/ETP-R1/data/scene_datasets/mp3d/PuKPg4mmafe/PuKPg4mmafe.glb
I0919 07:35:21.194620 1856845 AbstractObjectAttributesManagerBase.h:188] File (/mnt/data_nas/deeprobotics/daiyang/vla/third_party/ETP-R1/data/scene_datasets/mp3d/PuKPg4mmafe/PuKPg4mmafe.glb) exists but is not a recognized config filename extension, so new default Stage attributes created and registered.
I0919 07:35:21.194625 1856845 Simulator.cpp:156] Loading navmesh from /mnt/data_nas/deeprobotics/daiyang/vla/third_party/ETP-R1/data/scene_datasets/mp3d/PuKPg4mmafe/PuKPg4mmafe.navmesh
I0919 07:35:21.195551 1856845 Simulator.cpp:158] Loaded.
I0919 07:35:21.195562 1856845 SceneGraph.h:93] Created DrawableGroup: 
Renderer: NVIDIA GeForce RTX 5090/PCIe/SSE2 by NVIDIA Corporation
OpenGL version: 4.6.0 NVIDIA 580.126.09
Using optional features:
    GL_ARB_ES2_compatibility
    GL_ARB_direct_state_access
    GL_ARB_get_texture_sub_image
    GL_ARB_invalidate_subdata
    GL_ARB_multi_bind
    GL_ARB_robustness
    GL_ARB_separate_shader_objects
    GL_ARB_texture_filter_anisotropic
    GL_ARB_texture_storage
    GL_ARB_texture_storage_multisample
    GL_ARB_vertex_array_object
    GL_KHR_debug
Using driver workarounds:
    no-forward-compatible-core-context
    nv-egl-incorrect-gl11-function-pointers
    no-layout-qualifiers-on-old-glsl
    nv-zero-context-profile-mask
    nv-implementation-color-read-format-dsa-broken
    nv-cubemap-inconsistent-compressed-image-size
    nv-cubemap-broken-full-compressed-image-query
    nv-compressed-block-size-in-bits
I0919 07:35:21.199303 1856845 ResourceManager.cpp:234] ResourceManager::loadStage : Not loading semantic mesh
I0919 07:35:21.199312 1856845 ResourceManager.cpp:262] ResourceManager::loadStage : start load render asset /mnt/data_nas/deeprobotics/daiyang/vla/third_party/ETP-R1/data/scene_datasets/mp3d/PuKPg4mmafe/PuKPg4mmafe.glb.
I0919 07:35:21.199316 1856845 ResourceManager.cpp:569] ResourceManager::loadStageInternal : Attempting to load stage /mnt/data_nas/deeprobotics/daiyang/vla/third_party/ETP-R1/data/scene_datasets/mp3d/PuKPg4mmafe/PuKPg4mmafe.glb 
I0919 07:35:21.199332 1856845 ResourceManager.cpp:1119] Importing Basis files as BC7 for PuKPg4mmafe.glb
W0919 07:35:25.795985 1856845 Simulator.cpp:248] :
---
 The active scene does not contain semantic annotations. 
---
I0919 07:35:25.815856 1856845 simulator.py:213] Loaded navmesh /mnt/data_nas/deeprobotics/daiyang/vla/third_party/ETP-R1/data/scene_datasets/mp3d/PuKPg4mmafe/PuKPg4mmafe.navmesh
I0919 07:39:11.658010 1856845 PhysicsManager.cpp:33] Deconstructing PhysicsManager
I0919 07:39:11.658052 1856845 SemanticScene.h:41] Deconstructing SemanticScene
I0919 07:39:11.659017 1856845 SceneManager.h:25] Deconstructing SceneManager
I0919 07:39:11.659022 1856845 SceneGraph.h:26] Deconstructing SceneGraph
I0919 07:39:11.659264 1856845 Sensor.h:87] Deconstructing Sensor
I0919 07:39:11.664196 1856845 Renderer.cpp:34] Deconstructing Renderer
I0919 07:39:11.664219 1856845 WindowlessContext.h:17] Deconstructing WindowlessContext
I0919 07:39:11.676456 1856845 ManagedContainerBase.cpp:19] ManagedContainerBase::convertFilenameToJSON : Filename : default changed to proposed JSON configuration filename : default.scene_dataset_config.json
I0919 07:39:11.676474 1856845 AttributesManagerBase.h:283] AttributesManager<T>::createFromJsonOrDefaultInternal  (Dataset) : Proposing JSON name : default.scene_dataset_config.json from original name : default | This file  does not exist.
I0919 07:39:11.676635 1856845 AssetAttributesManager.cpp:117] Asset attributes (capsule3DSolid : capsule3DSolid_hemiRings_4_cylRings_1_segments_12_halfLen_0.75_useTexCoords_false_useTangents_false) created and registered.
I0919 07:39:11.676661 1856845 AssetAttributesManager.cpp:117] Asset attributes (capsule3DWireframe : capsule3DWireframe_hemiRings_8_cylRings_1_segments_16_halfLen_1) created and registered.
I0919 07:39:11.676684 1856845 AssetAttributesManager.cpp:117] Asset attributes (coneSolid : coneSolid_segments_12_halfLen_1.25_rings_1_useTexCoords_false_useTangents_false_capEnd_true) created and registered.
I0919 07:39:11.676699 1856845 AssetAttributesManager.cpp:117] Asset attributes (coneWireframe : coneWireframe_segments_32_halfLen_1.25) created and registered.
I0919 07:39:11.676707 1856845 AssetAttributesManager.cpp:117] Asset attributes (cubeSolid : cubeSolid) created and registered.
I0919 07:39:11.676714 1856845 AssetAttributesManager.cpp:117] Asset attributes (cubeWireframe : cubeWireframe) created and registered.
I0919 07:39:11.676734 1856845 AssetAttributesManager.cpp:117] Asset attributes (cylinderSolid : cylinderSolid_rings_1_segments_12_halfLen_1_useTexCoords_false_useTangents_false_capEnds_true) created and registered.
I0919 07:39:11.676751 1856845 AssetAttributesManager.cpp:117] Asset attributes (cylinderWireframe : cylinderWireframe_rings_1_segments_32_halfLen_1) created and registered.
I0919 07:39:11.676761 1856845 AssetAttributesManager.cpp:117] Asset attributes (icosphereSolid : icosphereSolid_subdivs_1) created and registered.
I0919 07:39:11.676770 1856845 AssetAttributesManager.cpp:117] Asset attributes (icosphereWireframe : icosphereWireframe_subdivs_1) created and registered.
I0919 07:39:11.676784 1856845 AssetAttributesManager.cpp:117] Asset attributes (uvSphereSolid : uvSphereSolid_rings_8_segments_16_useTexCoords_false_useTangents_false) created and registered.
I0919 07:39:11.676797 1856845 AssetAttributesManager.cpp:117] Asset attributes (uvSphereWireframe : uvSphereWireframe_rings_16_segments_32) created and registered.
I0919 07:39:11.676803 1856845 AssetAttributesManager.cpp:105] AssetAttributesManager::buildCtorFuncPtrMaps : Built default primitive asset templates : 12
I0919 07:39:11.677201 1856845 SceneDatasetAttributesManager.cpp:23] File (default) not found, so new default dataset attributes created and registered.
I0919 07:39:11.677202 1856845 MetadataMediator.cpp:47] MetadataMediator::createDataset : Dataset default successfully created.
I0919 07:39:11.677394 1856845 AttributesManagerBase.h:283] AttributesManager<T>::createFromJsonOrDefaultInternal  (Physics Manager) : Proposing JSON name : ./data/default.physics_config.json from original name : ./data/default.physics_config.json | This file  does not exist.
I0919 07:39:11.677405 1856845 PhysicsAttributesManager.cpp:27] File (./data/default.physics_config.json) not found, so new default physics manager attributes created and registered.
I0919 07:39:11.677415 1856845 AbstractObjectAttributesManagerBase.h:175] AbstractObjectAttributesManager<T>::createObject  (Stage) : Making attributes with handle : /mnt/data_nas/deeprobotics/daiyang/vla/third_party/ETP-R1/data/scene_datasets/mp3d/aayBHfsNo7d/aayBHfsNo7d.glb
I0919 07:39:11.677419 1856845 ManagedContainerBase.cpp:19] ManagedContainerBase::convertFilenameToJSON : Filename : /mnt/data_nas/deeprobotics/daiyang/vla/third_party/ETP-R1/data/scene_datasets/mp3d/aayBHfsNo7d/aayBHfsNo7d.glb changed to proposed JSON configuration filename : /mnt/data_nas/deeprobotics/daiyang/vla/third_party/ETP-R1/data/scene_datasets/mp3d/aayBHfsNo7d/aayBHfsNo7d.stage_config.json
I0919 07:39:11.677428 1856845 AttributesManagerBase.h:283] AttributesManager<T>::createFromJsonOrDefaultInternal  (Stage) : Proposing JSON name : /mnt/data_nas/deeprobotics/daiyang/vla/third_party/ETP-R1/data/scene_datasets/mp3d/aayBHfsNo7d/aayBHfsNo7d.stage_config.json from original name : /mnt/data_nas/deeprobotics/daiyang/vla/third_party/ETP-R1/data/scene_datasets/mp3d/aayBHfsNo7d/aayBHfsNo7d.glb | This file  does not exist.
I0919 07:39:11.677476 1856845 AbstractObjectAttributesManagerBase.h:181] AbstractObjectAttributesManager<T>::createObject  (Stage) : Done making attributes with handle : /mnt/data_nas/deeprobotics/daiyang/vla/third_party/ETP-R1/data/scene_datasets/mp3d/aayBHfsNo7d/aayBHfsNo7d.glb
I0919 07:39:11.677477 1856845 AbstractObjectAttributesManagerBase.h:188] File (/mnt/data_nas/deeprobotics/daiyang/vla/third_party/ETP-R1/data/scene_datasets/mp3d/aayBHfsNo7d/aayBHfsNo7d.glb) exists but is not a recognized config filename extension, so new default Stage attributes created and registered.
I0919 07:39:11.677482 1856845 Simulator.cpp:156] Loading navmesh from /mnt/data_nas/deeprobotics/daiyang/vla/third_party/ETP-R1/data/scene_datasets/mp3d/aayBHfsNo7d/aayBHfsNo7d.navmesh
I0919 07:39:11.678213 1856845 Simulator.cpp:158] Loaded.
I0919 07:39:11.678221 1856845 SceneGraph.h:93] Created DrawableGroup: 
Renderer: NVIDIA GeForce RTX 5090/PCIe/SSE2 by NVIDIA Corporation
OpenGL version: 4.6.0 NVIDIA 580.126.09
Using optional features:
    GL_ARB_ES2_compatibility
    GL_ARB_direct_state_access
    GL_ARB_get_texture_sub_image
    GL_ARB_invalidate_subdata
    GL_ARB_multi_bind
    GL_ARB_robustness
    GL_ARB_separate_shader_objects
    GL_ARB_texture_filter_anisotropic
    GL_ARB_texture_storage
    GL_ARB_texture_storage_multisample
    GL_ARB_vertex_array_object
    GL_KHR_debug
Using driver workarounds:
    no-forward-compatible-core-context
    nv-egl-incorrect-gl11-function-pointers
    no-layout-qualifiers-on-old-glsl
    nv-zero-context-profile-mask
    nv-implementation-color-read-format-dsa-broken
    nv-cubemap-inconsistent-compressed-image-size
    nv-cubemap-broken-full-compressed-image-query
    nv-compressed-block-size-in-bits
I0919 07:39:11.681818 1856845 ResourceManager.cpp:234] ResourceManager::loadStage : Not loading semantic mesh
I0919 07:39:11.681828 1856845 ResourceManager.cpp:262] ResourceManager::loadStage : start load render asset /mnt/data_nas/deeprobotics/daiyang/vla/third_party/ETP-R1/data/scene_datasets/mp3d/aayBHfsNo7d/aayBHfsNo7d.glb.
I0919 07:39:11.681829 1856845 ResourceManager.cpp:569] ResourceManager::loadStageInternal : Attempting to load stage /mnt/data_nas/deeprobotics/daiyang/vla/third_party/ETP-R1/data/scene_datasets/mp3d/aayBHfsNo7d/aayBHfsNo7d.glb 
I0919 07:39:11.681844 1856845 ResourceManager.cpp:1119] Importing Basis files as BC7 for aayBHfsNo7d.glb
W0919 07:39:13.285734 1856845 Simulator.cpp:248] :
---
 The active scene does not contain semantic annotations. 
---
I0919 07:39:13.326621 1856845 simulator.py:213] Loaded navmesh /mnt/data_nas/deeprobotics/daiyang/vla/third_party/ETP-R1/data/scene_datasets/mp3d/aayBHfsNo7d/aayBHfsNo7d.navmesh
I0919 07:39:59.119132 1856845 PhysicsManager.cpp:33] Deconstructing PhysicsManager
I0919 07:39:59.119182 1856845 SemanticScene.h:41] Deconstructing SemanticScene
I0919 07:39:59.121579 1856845 SceneManager.h:25] Deconstructing SceneManager
I0919 07:39:59.121587 1856845 SceneGraph.h:26] Deconstructing SceneGraph
I0919 07:39:59.122174 1856845 Sensor.h:87] Deconstructing Sensor
I0919 07:39:59.124408 1856845 Renderer.cpp:34] Deconstructing Renderer
I0919 07:39:59.124428 1856845 WindowlessContext.h:17] Deconstructing WindowlessContext
I0919 07:39:59.130129 1856845 ManagedContainerBase.cpp:19] ManagedContainerBase::convertFilenameToJSON : Filename : default changed to proposed JSON configuration filename : default.scene_dataset_config.json
I0919 07:39:59.130146 1856845 AttributesManagerBase.h:283] AttributesManager<T>::createFromJsonOrDefaultInternal  (Dataset) : Proposing JSON name : default.scene_dataset_config.json from original name : default | This file  does not exist.
I0919 07:39:59.130295 1856845 AssetAttributesManager.cpp:117] Asset attributes (capsule3DSolid : capsule3DSolid_hemiRings_4_cylRings_1_segments_12_halfLen_0.75_useTexCoords_false_useTangents_false) created and registered.
I0919 07:39:59.130322 1856845 AssetAttributesManager.cpp:117] Asset attributes (capsule3DWireframe : capsule3DWireframe_hemiRings_8_cylRings_1_segments_16_halfLen_1) created and registered.
I0919 07:39:59.130345 1856845 AssetAttributesManager.cpp:117] Asset attributes (coneSolid : coneSolid_segments_12_halfLen_1.25_rings_1_useTexCoords_false_useTangents_false_capEnd_true) created and registered.
I0919 07:39:59.130360 1856845 AssetAttributesManager.cpp:117] Asset attributes (coneWireframe : coneWireframe_segments_32_halfLen_1.25) created and registered.
I0919 07:39:59.130368 1856845 AssetAttributesManager.cpp:117] Asset attributes (cubeSolid : cubeSolid) created and registered.
I0919 07:39:59.130374 1856845 AssetAttributesManager.cpp:117] Asset attributes (cubeWireframe : cubeWireframe) created and registered.
I0919 07:39:59.130393 1856845 AssetAttributesManager.cpp:117] Asset attributes (cylinderSolid : cylinderSolid_rings_1_segments_12_halfLen_1_useTexCoords_false_useTangents_false_capEnds_true) created and registered.
I0919 07:39:59.130410 1856845 AssetAttributesManager.cpp:117] Asset attributes (cylinderWireframe : cylinderWireframe_rings_1_segments_32_halfLen_1) created and registered.
I0919 07:39:59.130420 1856845 AssetAttributesManager.cpp:117] Asset attributes (icosphereSolid : icosphereSolid_subdivs_1) created and registered.
I0919 07:39:59.130429 1856845 AssetAttributesManager.cpp:117] Asset attributes (icosphereWireframe : icosphereWireframe_subdivs_1) created and registered.
I0919 07:39:59.130443 1856845 AssetAttributesManager.cpp:117] Asset attributes (uvSphereSolid : uvSphereSolid_rings_8_segments_16_useTexCoords_false_useTangents_false) created and registered.
I0919 07:39:59.130455 1856845 AssetAttributesManager.cpp:117] Asset attributes (uvSphereWireframe : uvSphereWireframe_rings_16_segments_32) created and registered.
I0919 07:39:59.130461 1856845 AssetAttributesManager.cpp:105] AssetAttributesManager::buildCtorFuncPtrMaps : Built default primitive asset templates : 12
I0919 07:39:59.130854 1856845 SceneDatasetAttributesManager.cpp:23] File (default) not found, so new default dataset attributes created and registered.
I0919 07:39:59.130856 1856845 MetadataMediator.cpp:47] MetadataMediator::createDataset : Dataset default successfully created.
I0919 07:39:59.131038 1856845 AttributesManagerBase.h:283] AttributesManager<T>::createFromJsonOrDefaultInternal  (Physics Manager) : Proposing JSON name : ./data/default.physics_config.json from original name : ./data/default.physics_config.json | This file  does not exist.
I0919 07:39:59.131050 1856845 PhysicsAttributesManager.cpp:27] File (./data/default.physics_config.json) not found, so new default physics manager attributes created and registered.
I0919 07:39:59.131054 1856845 AbstractObjectAttributesManagerBase.h:175] AbstractObjectAttributesManager<T>::createObject  (Stage) : Making attributes with handle : /mnt/data_nas/deeprobotics/daiyang/vla/third_party/ETP-R1/data/scene_datasets/mp3d/82sE5b5pLXE/82sE5b5pLXE.glb
I0919 07:39:59.131064 1856845 ManagedContainerBase.cpp:19] ManagedContainerBase::convertFilenameToJSON : Filename : /mnt/data_nas/deeprobotics/daiyang/vla/third_party/ETP-R1/data/scene_datasets/mp3d/82sE5b5pLXE/82sE5b5pLXE.glb changed to proposed JSON configuration filename : /mnt/data_nas/deeprobotics/daiyang/vla/third_party/ETP-R1/data/scene_datasets/mp3d/82sE5b5pLXE/82sE5b5pLXE.stage_config.json
I0919 07:39:59.131075 1856845 AttributesManagerBase.h:283] AttributesManager<T>::createFromJsonOrDefaultInternal  (Stage) : Proposing JSON name : /mnt/data_nas/deeprobotics/daiyang/vla/third_party/ETP-R1/data/scene_datasets/mp3d/82sE5b5pLXE/82sE5b5pLXE.stage_config.json from original name : /mnt/data_nas/deeprobotics/daiyang/vla/third_party/ETP-R1/data/scene_datasets/mp3d/82sE5b5pLXE/82sE5b5pLXE.glb | This file  does not exist.
I0919 07:39:59.131122 1856845 AbstractObjectAttributesManagerBase.h:181] AbstractObjectAttributesManager<T>::createObject  (Stage) : Done making attributes with handle : /mnt/data_nas/deeprobotics/daiyang/vla/third_party/ETP-R1/data/scene_datasets/mp3d/82sE5b5pLXE/82sE5b5pLXE.glb
I0919 07:39:59.131124 1856845 AbstractObjectAttributesManagerBase.h:188] File (/mnt/data_nas/deeprobotics/daiyang/vla/third_party/ETP-R1/data/scene_datasets/mp3d/82sE5b5pLXE/82sE5b5pLXE.glb) exists but is not a recognized config filename extension, so new default Stage attributes created and registered.
I0919 07:39:59.131129 1856845 Simulator.cpp:156] Loading navmesh from /mnt/data_nas/deeprobotics/daiyang/vla/third_party/ETP-R1/data/scene_datasets/mp3d/82sE5b5pLXE/82sE5b5pLXE.navmesh
I0919 07:39:59.132164 1856845 Simulator.cpp:158] Loaded.
I0919 07:39:59.132172 1856845 SceneGraph.h:93] Created DrawableGroup: 
Renderer: NVIDIA GeForce RTX 5090/PCIe/SSE2 by NVIDIA Corporation
OpenGL version: 4.6.0 NVIDIA 580.126.09
Using optional features:
    GL_ARB_ES2_compatibility
    GL_ARB_direct_state_access
    GL_ARB_get_texture_sub_image
    GL_ARB_invalidate_subdata
    GL_ARB_multi_bind
    GL_ARB_robustness
    GL_ARB_separate_shader_objects
    GL_ARB_texture_filter_anisotropic
    GL_ARB_texture_storage
    GL_ARB_texture_storage_multisample
    GL_ARB_vertex_array_object
    GL_KHR_debug
Using driver workarounds:
    no-forward-compatible-core-context
    nv-egl-incorrect-gl11-function-pointers
    no-layout-qualifiers-on-old-glsl
    nv-zero-context-profile-mask
    nv-implementation-color-read-format-dsa-broken
    nv-cubemap-inconsistent-compressed-image-size
    nv-cubemap-broken-full-compressed-image-query
    nv-compressed-block-size-in-bits
I0919 07:39:59.135706 1856845 ResourceManager.cpp:234] ResourceManager::loadStage : Not loading semantic mesh
I0919 07:39:59.135715 1856845 ResourceManager.cpp:262] ResourceManager::loadStage : start load render asset /mnt/data_nas/deeprobotics/daiyang/vla/third_party/ETP-R1/data/scene_datasets/mp3d/82sE5b5pLXE/82sE5b5pLXE.glb.
I0919 07:39:59.135717 1856845 ResourceManager.cpp:569] ResourceManager::loadStageInternal : Attempting to load stage /mnt/data_nas/deeprobotics/daiyang/vla/third_party/ETP-R1/data/scene_datasets/mp3d/82sE5b5pLXE/82sE5b5pLXE.glb 
I0919 07:39:59.135731 1856845 ResourceManager.cpp:1119] Importing Basis files as BC7 for 82sE5b5pLXE.glb
W0919 07:40:01.193125 1856845 Simulator.cpp:248] :
---
 The active scene does not contain semantic annotations. 
---
I0919 07:40:01.232405 1856845 simulator.py:213] Loaded navmesh /mnt/data_nas/deeprobotics/daiyang/vla/third_party/ETP-R1/data/scene_datasets/mp3d/82sE5b5pLXE/82sE5b5pLXE.navmesh
I0919 07:41:18.779346 1856845 PhysicsManager.cpp:33] Deconstructing PhysicsManager
I0919 07:41:18.779393 1856845 SemanticScene.h:41] Deconstructing SemanticScene
I0919 07:41:18.780897 1856845 SceneManager.h:25] Deconstructing SceneManager
I0919 07:41:18.780903 1856845 SceneGraph.h:26] Deconstructing SceneGraph
I0919 07:41:18.781152 1856845 Sensor.h:87] Deconstructing Sensor
I0919 07:41:18.784225 1856845 Renderer.cpp:34] Deconstructing Renderer
I0919 07:41:18.784250 1856845 WindowlessContext.h:17] Deconstructing WindowlessContext
I0919 07:41:18.790164 1856845 ManagedContainerBase.cpp:19] ManagedContainerBase::convertFilenameToJSON : Filename : default changed to proposed JSON configuration filename : default.scene_dataset_config.json
I0919 07:41:18.790187 1856845 AttributesManagerBase.h:283] AttributesManager<T>::createFromJsonOrDefaultInternal  (Dataset) : Proposing JSON name : default.scene_dataset_config.json from original name : default | This file  does not exist.
I0919 07:41:18.790330 1856845 AssetAttributesManager.cpp:117] Asset attributes (capsule3DSolid : capsule3DSolid_hemiRings_4_cylRings_1_segments_12_halfLen_0.75_useTexCoords_false_useTangents_false) created and registered.
I0919 07:41:18.790357 1856845 AssetAttributesManager.cpp:117] Asset attributes (capsule3DWireframe : capsule3DWireframe_hemiRings_8_cylRings_1_segments_16_halfLen_1) created and registered.
I0919 07:41:18.790380 1856845 AssetAttributesManager.cpp:117] Asset attributes (coneSolid : coneSolid_segments_12_halfLen_1.25_rings_1_useTexCoords_false_useTangents_false_capEnd_true) created and registered.
I0919 07:41:18.790395 1856845 AssetAttributesManager.cpp:117] Asset attributes (coneWireframe : coneWireframe_segments_32_halfLen_1.25) created and registered.
I0919 07:41:18.790403 1856845 AssetAttributesManager.cpp:117] Asset attributes (cubeSolid : cubeSolid) created and registered.
I0919 07:41:18.790409 1856845 AssetAttributesManager.cpp:117] Asset attributes (cubeWireframe : cubeWireframe) created and registered.
I0919 07:41:18.790428 1856845 AssetAttributesManager.cpp:117] Asset attributes (cylinderSolid : cylinderSolid_rings_1_segments_12_halfLen_1_useTexCoords_false_useTangents_false_capEnds_true) created and registered.
I0919 07:41:18.790446 1856845 AssetAttributesManager.cpp:117] Asset attributes (cylinderWireframe : cylinderWireframe_rings_1_segments_32_halfLen_1) created and registered.
I0919 07:41:18.790457 1856845 AssetAttributesManager.cpp:117] Asset attributes (icosphereSolid : icosphereSolid_subdivs_1) created and registered.
I0919 07:41:18.790465 1856845 AssetAttributesManager.cpp:117] Asset attributes (icosphereWireframe : icosphereWireframe_subdivs_1) created and registered.
I0919 07:41:18.790479 1856845 AssetAttributesManager.cpp:117] Asset attributes (uvSphereSolid : uvSphereSolid_rings_8_segments_16_useTexCoords_false_useTangents_false) created and registered.
I0919 07:41:18.790493 1856845 AssetAttributesManager.cpp:117] Asset attributes (uvSphereWireframe : uvSphereWireframe_rings_16_segments_32) created and registered.
I0919 07:41:18.790498 1856845 AssetAttributesManager.cpp:105] AssetAttributesManager::buildCtorFuncPtrMaps : Built default primitive asset templates : 12
I0919 07:41:18.790894 1856845 SceneDatasetAttributesManager.cpp:23] File (default) not found, so new default dataset attributes created and registered.
I0919 07:41:18.790895 1856845 MetadataMediator.cpp:47] MetadataMediator::createDataset : Dataset default successfully created.
I0919 07:41:18.791082 1856845 AttributesManagerBase.h:283] AttributesManager<T>::createFromJsonOrDefaultInternal  (Physics Manager) : Proposing JSON name : ./data/default.physics_config.json from original name : ./data/default.physics_config.json | This file  does not exist.
I0919 07:41:18.791092 1856845 PhysicsAttributesManager.cpp:27] File (./data/default.physics_config.json) not found, so new default physics manager attributes created and registered.
I0919 07:41:18.791096 1856845 AbstractObjectAttributesManagerBase.h:175] AbstractObjectAttributesManager<T>::createObject  (Stage) : Making attributes with handle : /mnt/data_nas/deeprobotics/daiyang/vla/third_party/ETP-R1/data/scene_datasets/mp3d/B6ByNegPMKs/B6ByNegPMKs.glb
I0919 07:41:18.791100 1856845 ManagedContainerBase.cpp:19] ManagedContainerBase::convertFilenameToJSON : Filename : /mnt/data_nas/deeprobotics/daiyang/vla/third_party/ETP-R1/data/scene_datasets/mp3d/B6ByNegPMKs/B6ByNegPMKs.glb changed to proposed JSON configuration filename : /mnt/data_nas/deeprobotics/daiyang/vla/third_party/ETP-R1/data/scene_datasets/mp3d/B6ByNegPMKs/B6ByNegPMKs.stage_config.json
I0919 07:41:18.791113 1856845 AttributesManagerBase.h:283] AttributesManager<T>::createFromJsonOrDefaultInternal  (Stage) : Proposing JSON name : /mnt/data_nas/deeprobotics/daiyang/vla/third_party/ETP-R1/data/scene_datasets/mp3d/B6ByNegPMKs/B6ByNegPMKs.stage_config.json from original name : /mnt/data_nas/deeprobotics/daiyang/vla/third_party/ETP-R1/data/scene_datasets/mp3d/B6ByNegPMKs/B6ByNegPMKs.glb | This file  does not exist.
I0919 07:41:18.791159 1856845 AbstractObjectAttributesManagerBase.h:181] AbstractObjectAttributesManager<T>::createObject  (Stage) : Done making attributes with handle : /mnt/data_nas/deeprobotics/daiyang/vla/third_party/ETP-R1/data/scene_datasets/mp3d/B6ByNegPMKs/B6ByNegPMKs.glb
I0919 07:41:18.791162 1856845 AbstractObjectAttributesManagerBase.h:188] File (/mnt/data_nas/deeprobotics/daiyang/vla/third_party/ETP-R1/data/scene_datasets/mp3d/B6ByNegPMKs/B6ByNegPMKs.glb) exists but is not a recognized config filename extension, so new default Stage attributes created and registered.
I0919 07:41:18.791167 1856845 Simulator.cpp:156] Loading navmesh from /mnt/data_nas/deeprobotics/daiyang/vla/third_party/ETP-R1/data/scene_datasets/mp3d/B6ByNegPMKs/B6ByNegPMKs.navmesh
I0919 07:41:18.792337 1856845 Simulator.cpp:158] Loaded.
I0919 07:41:18.792346 1856845 SceneGraph.h:93] Created DrawableGroup: 
Renderer: NVIDIA GeForce RTX 5090/PCIe/SSE2 by NVIDIA Corporation
OpenGL version: 4.6.0 NVIDIA 580.126.09
Using optional features:
    GL_ARB_ES2_compatibility
    GL_ARB_direct_state_access
    GL_ARB_get_texture_sub_image
    GL_ARB_invalidate_subdata
    GL_ARB_multi_bind
    GL_ARB_robustness
    GL_ARB_separate_shader_objects
    GL_ARB_texture_filter_anisotropic
    GL_ARB_texture_storage
    GL_ARB_texture_storage_multisample
    GL_ARB_vertex_array_object
    GL_KHR_debug
Using driver workarounds:
    no-forward-compatible-core-context
    nv-egl-incorrect-gl11-function-pointers
    no-layout-qualifiers-on-old-glsl
    nv-zero-context-profile-mask
    nv-implementation-color-read-format-dsa-broken
    nv-cubemap-inconsistent-compressed-image-size
    nv-cubemap-broken-full-compressed-image-query
    nv-compressed-block-size-in-bits
I0919 07:41:18.795950 1856845 ResourceManager.cpp:234] ResourceManager::loadStage : Not loading semantic mesh
I0919 07:41:18.795958 1856845 ResourceManager.cpp:262] ResourceManager::loadStage : start load render asset /mnt/data_nas/deeprobotics/daiyang/vla/third_party/ETP-R1/data/scene_datasets/mp3d/B6ByNegPMKs/B6ByNegPMKs.glb.
I0919 07:41:18.795960 1856845 ResourceManager.cpp:569] ResourceManager::loadStageInternal : Attempting to load stage /mnt/data_nas/deeprobotics/daiyang/vla/third_party/ETP-R1/data/scene_datasets/mp3d/B6ByNegPMKs/B6ByNegPMKs.glb 
I0919 07:41:18.795977 1856845 ResourceManager.cpp:1119] Importing Basis files as BC7 for B6ByNegPMKs.glb
W0919 07:41:28.340076 1856845 Simulator.cpp:248] :
---
 The active scene does not contain semantic annotations. 
---
I0919 07:41:28.536493 1856845 simulator.py:213] Loaded navmesh /mnt/data_nas/deeprobotics/daiyang/vla/third_party/ETP-R1/data/scene_datasets/mp3d/B6ByNegPMKs/B6ByNegPMKs.navmesh
I0919 07:42:29.306926 1856845 PhysicsManager.cpp:33] Deconstructing PhysicsManager
I0919 07:42:29.306962 1856845 SemanticScene.h:41] Deconstructing SemanticScene
I0919 07:42:29.322387 1856845 SceneManager.h:25] Deconstructing SceneManager
I0919 07:42:29.322403 1856845 SceneGraph.h:26] Deconstructing SceneGraph
I0919 07:42:29.322826 1856845 Sensor.h:87] Deconstructing Sensor
I0919 07:42:29.335997 1856845 Renderer.cpp:34] Deconstructing Renderer
I0919 07:42:29.336036 1856845 WindowlessContext.h:17] Deconstructing WindowlessContext
I0919 07:42:29.356742 1856845 ManagedContainerBase.cpp:19] ManagedContainerBase::convertFilenameToJSON : Filename : default changed to proposed JSON configuration filename : default.scene_dataset_config.json
I0919 07:42:29.356765 1856845 AttributesManagerBase.h:283] AttributesManager<T>::createFromJsonOrDefaultInternal  (Dataset) : Proposing JSON name : default.scene_dataset_config.json from original name : default | This file  does not exist.
I0919 07:42:29.356954 1856845 AssetAttributesManager.cpp:117] Asset attributes (capsule3DSolid : capsule3DSolid_hemiRings_4_cylRings_1_segments_12_halfLen_0.75_useTexCoords_false_useTangents_false) created and registered.
I0919 07:42:29.356982 1856845 AssetAttributesManager.cpp:117] Asset attributes (capsule3DWireframe : capsule3DWireframe_hemiRings_8_cylRings_1_segments_16_halfLen_1) created and registered.
I0919 07:42:29.357007 1856845 AssetAttributesManager.cpp:117] Asset attributes (coneSolid : coneSolid_segments_12_halfLen_1.25_rings_1_useTexCoords_false_useTangents_false_capEnd_true) created and registered.
I0919 07:42:29.357023 1856845 AssetAttributesManager.cpp:117] Asset attributes (coneWireframe : coneWireframe_segments_32_halfLen_1.25) created and registered.
I0919 07:42:29.357031 1856845 AssetAttributesManager.cpp:117] Asset attributes (cubeSolid : cubeSolid) created and registered.
I0919 07:42:29.357038 1856845 AssetAttributesManager.cpp:117] Asset attributes (cubeWireframe : cubeWireframe) created and registered.
I0919 07:42:29.357057 1856845 AssetAttributesManager.cpp:117] Asset attributes (cylinderSolid : cylinderSolid_rings_1_segments_12_halfLen_1_useTexCoords_false_useTangents_false_capEnds_true) created and registered.
I0919 07:42:29.357075 1856845 AssetAttributesManager.cpp:117] Asset attributes (cylinderWireframe : cylinderWireframe_rings_1_segments_32_halfLen_1) created and registered.
I0919 07:42:29.357085 1856845 AssetAttributesManager.cpp:117] Asset attributes (icosphereSolid : icosphereSolid_subdivs_1) created and registered.
I0919 07:42:29.357095 1856845 AssetAttributesManager.cpp:117] Asset attributes (icosphereWireframe : icosphereWireframe_subdivs_1) created and registered.
I0919 07:42:29.357108 1856845 AssetAttributesManager.cpp:117] Asset attributes (uvSphereSolid : uvSphereSolid_rings_8_segments_16_useTexCoords_false_useTangents_false) created and registered.
I0919 07:42:29.357122 1856845 AssetAttributesManager.cpp:117] Asset attributes (uvSphereWireframe : uvSphereWireframe_rings_16_segments_32) created and registered.
I0919 07:42:29.357128 1856845 AssetAttributesManager.cpp:105] AssetAttributesManager::buildCtorFuncPtrMaps : Built default primitive asset templates : 12
I0919 07:42:29.357529 1856845 SceneDatasetAttributesManager.cpp:23] File (default) not found, so new default dataset attributes created and registered.
I0919 07:42:29.357532 1856845 MetadataMediator.cpp:47] MetadataMediator::createDataset : Dataset default successfully created.
I0919 07:42:29.358927 1856845 AttributesManagerBase.h:283] AttributesManager<T>::createFromJsonOrDefaultInternal  (Physics Manager) : Proposing JSON name : ./data/default.physics_config.json from original name : ./data/default.physics_config.json | This file  does not exist.
I0919 07:42:29.358940 1856845 PhysicsAttributesManager.cpp:27] File (./data/default.physics_config.json) not found, so new default physics manager attributes created and registered.
I0919 07:42:29.358944 1856845 AbstractObjectAttributesManagerBase.h:175] AbstractObjectAttributesManager<T>::createObject  (Stage) : Making attributes with handle : /mnt/data_nas/deeprobotics/daiyang/vla/third_party/ETP-R1/data/scene_datasets/mp3d/PuKPg4mmafe/PuKPg4mmafe.glb
I0919 07:42:29.358948 1856845 ManagedContainerBase.cpp:19] ManagedContainerBase::convertFilenameToJSON : Filename : /mnt/data_nas/deeprobotics/daiyang/vla/third_party/ETP-R1/data/scene_datasets/mp3d/PuKPg4mmafe/PuKPg4mmafe.glb changed to proposed JSON configuration filename : /mnt/data_nas/deeprobotics/daiyang/vla/third_party/ETP-R1/data/scene_datasets/mp3d/PuKPg4mmafe/PuKPg4mmafe.stage_config.json
I0919 07:42:29.363013 1856845 AttributesManagerBase.h:283] AttributesManager<T>::createFromJsonOrDefaultInternal  (Stage) : Proposing JSON name : /mnt/data_nas/deeprobotics/daiyang/vla/third_party/ETP-R1/data/scene_datasets/mp3d/PuKPg4mmafe/PuKPg4mmafe.stage_config.json from original name : /mnt/data_nas/deeprobotics/daiyang/vla/third_party/ETP-R1/data/scene_datasets/mp3d/PuKPg4mmafe/PuKPg4mmafe.glb | This file  does not exist.
I0919 07:42:29.363065 1856845 AbstractObjectAttributesManagerBase.h:181] AbstractObjectAttributesManager<T>::createObject  (Stage) : Done making attributes with handle : /mnt/data_nas/deeprobotics/daiyang/vla/third_party/ETP-R1/data/scene_datasets/mp3d/PuKPg4mmafe/PuKPg4mmafe.glb
I0919 07:42:29.363066 1856845 AbstractObjectAttributesManagerBase.h:188] File (/mnt/data_nas/deeprobotics/daiyang/vla/third_party/ETP-R1/data/scene_datasets/mp3d/PuKPg4mmafe/PuKPg4mmafe.glb) exists but is not a recognized config filename extension, so new default Stage attributes created and registered.
I0919 07:42:29.363071 1856845 Simulator.cpp:156] Loading navmesh from /mnt/data_nas/deeprobotics/daiyang/vla/third_party/ETP-R1/data/scene_datasets/mp3d/PuKPg4mmafe/PuKPg4mmafe.navmesh
I0919 07:42:29.364214 1856845 Simulator.cpp:158] Loaded.
I0919 07:42:29.364223 1856845 SceneGraph.h:93] Created DrawableGroup: 
Renderer: NVIDIA GeForce RTX 5090/PCIe/SSE2 by NVIDIA Corporation
OpenGL version: 4.6.0 NVIDIA 580.126.09
Using optional features:
    GL_ARB_ES2_compatibility
    GL_ARB_direct_state_access
    GL_ARB_get_texture_sub_image
    GL_ARB_invalidate_subdata
    GL_ARB_multi_bind
    GL_ARB_robustness
    GL_ARB_separate_shader_objects
    GL_ARB_texture_filter_anisotropic
    GL_ARB_texture_storage
    GL_ARB_texture_storage_multisample
    GL_ARB_vertex_array_object
    GL_KHR_debug
Using driver workarounds:
    no-forward-compatible-core-context
    nv-egl-incorrect-gl11-function-pointers
    no-layout-qualifiers-on-old-glsl
    nv-zero-context-profile-mask
    nv-implementation-color-read-format-dsa-broken
    nv-cubemap-inconsistent-compressed-image-size
    nv-cubemap-broken-full-compressed-image-query
    nv-compressed-block-size-in-bits
I0919 07:42:29.367957 1856845 ResourceManager.cpp:234] ResourceManager::loadStage : Not loading semantic mesh
I0919 07:42:29.367966 1856845 ResourceManager.cpp:262] ResourceManager::loadStage : start load render asset /mnt/data_nas/deeprobotics/daiyang/vla/third_party/ETP-R1/data/scene_datasets/mp3d/PuKPg4mmafe/PuKPg4mmafe.glb.
I0919 07:42:29.367969 1856845 ResourceManager.cpp:569] ResourceManager::loadStageInternal : Attempting to load stage /mnt/data_nas/deeprobotics/daiyang/vla/third_party/ETP-R1/data/scene_datasets/mp3d/PuKPg4mmafe/PuKPg4mmafe.glb 
I0919 07:42:29.367986 1856845 ResourceManager.cpp:1119] Importing Basis files as BC7 for PuKPg4mmafe.glb
W0919 07:42:33.966208 1856845 Simulator.cpp:248] :
---
 The active scene does not contain semantic annotations. 
---
I0919 07:42:33.986404 1856845 simulator.py:213] Loaded navmesh /mnt/data_nas/deeprobotics/daiyang/vla/third_party/ETP-R1/data/scene_datasets/mp3d/PuKPg4mmafe/PuKPg4mmafe.navmesh
I0919 07:44:55.942571 1856845 PhysicsManager.cpp:33] Deconstructing PhysicsManager
I0919 07:44:55.942620 1856845 SemanticScene.h:41] Deconstructing SemanticScene
I0919 07:44:55.943529 1856845 SceneManager.h:25] Deconstructing SceneManager
I0919 07:44:55.943533 1856845 SceneGraph.h:26] Deconstructing SceneGraph
I0919 07:44:55.943811 1856845 Sensor.h:87] Deconstructing Sensor
I0919 07:44:55.948802 1856845 Renderer.cpp:34] Deconstructing Renderer
I0919 07:44:55.948827 1856845 WindowlessContext.h:17] Deconstructing WindowlessContext
I0919 07:44:55.961697 1856845 ManagedContainerBase.cpp:19] ManagedContainerBase::convertFilenameToJSON : Filename : default changed to proposed JSON configuration filename : default.scene_dataset_config.json
I0919 07:44:55.961714 1856845 AttributesManagerBase.h:283] AttributesManager<T>::createFromJsonOrDefaultInternal  (Dataset) : Proposing JSON name : default.scene_dataset_config.json from original name : default | This file  does not exist.
I0919 07:44:55.961858 1856845 AssetAttributesManager.cpp:117] Asset attributes (capsule3DSolid : capsule3DSolid_hemiRings_4_cylRings_1_segments_12_halfLen_0.75_useTexCoords_false_useTangents_false) created and registered.
I0919 07:44:55.961884 1856845 AssetAttributesManager.cpp:117] Asset attributes (capsule3DWireframe : capsule3DWireframe_hemiRings_8_cylRings_1_segments_16_halfLen_1) created and registered.
I0919 07:44:55.961913 1856845 AssetAttributesManager.cpp:117] Asset attributes (coneSolid : coneSolid_segments_12_halfLen_1.25_rings_1_useTexCoords_false_useTangents_false_capEnd_true) created and registered.
I0919 07:44:55.961927 1856845 AssetAttributesManager.cpp:117] Asset attributes (coneWireframe : coneWireframe_segments_32_halfLen_1.25) created and registered.
I0919 07:44:55.961936 1856845 AssetAttributesManager.cpp:117] Asset attributes (cubeSolid : cubeSolid) created and registered.
I0919 07:44:55.961942 1856845 AssetAttributesManager.cpp:117] Asset attributes (cubeWireframe : cubeWireframe) created and registered.
I0919 07:44:55.961962 1856845 AssetAttributesManager.cpp:117] Asset attributes (cylinderSolid : cylinderSolid_rings_1_segments_12_halfLen_1_useTexCoords_false_useTangents_false_capEnds_true) created and registered.
I0919 07:44:55.961978 1856845 AssetAttributesManager.cpp:117] Asset attributes (cylinderWireframe : cylinderWireframe_rings_1_segments_32_halfLen_1) created and registered.
I0919 07:44:55.961989 1856845 AssetAttributesManager.cpp:117] Asset attributes (icosphereSolid : icosphereSolid_subdivs_1) created and registered.
I0919 07:44:55.961998 1856845 AssetAttributesManager.cpp:117] Asset attributes (icosphereWireframe : icosphereWireframe_subdivs_1) created and registered.
I0919 07:44:55.962013 1856845 AssetAttributesManager.cpp:117] Asset attributes (uvSphereSolid : uvSphereSolid_rings_8_segments_16_useTexCoords_false_useTangents_false) created and registered.
I0919 07:44:55.962025 1856845 AssetAttributesManager.cpp:117] Asset attributes (uvSphereWireframe : uvSphereWireframe_rings_16_segments_32) created and registered.
I0919 07:44:55.962033 1856845 AssetAttributesManager.cpp:105] AssetAttributesManager::buildCtorFuncPtrMaps : Built default primitive asset templates : 12
I0919 07:44:55.962430 1856845 SceneDatasetAttributesManager.cpp:23] File (default) not found, so new default dataset attributes created and registered.
I0919 07:44:55.962431 1856845 MetadataMediator.cpp:47] MetadataMediator::createDataset : Dataset default successfully created.
I0919 07:44:55.962621 1856845 AttributesManagerBase.h:283] AttributesManager<T>::createFromJsonOrDefaultInternal  (Physics Manager) : Proposing JSON name : ./data/default.physics_config.json from original name : ./data/default.physics_config.json | This file  does not exist.
I0919 07:44:55.962633 1856845 PhysicsAttributesManager.cpp:27] File (./data/default.physics_config.json) not found, so new default physics manager attributes created and registered.
I0919 07:44:55.962636 1856845 AbstractObjectAttributesManagerBase.h:175] AbstractObjectAttributesManager<T>::createObject  (Stage) : Making attributes with handle : /mnt/data_nas/deeprobotics/daiyang/vla/third_party/ETP-R1/data/scene_datasets/mp3d/aayBHfsNo7d/aayBHfsNo7d.glb
I0919 07:44:55.962641 1856845 ManagedContainerBase.cpp:19] ManagedContainerBase::convertFilenameToJSON : Filename : /mnt/data_nas/deeprobotics/daiyang/vla/third_party/ETP-R1/data/scene_datasets/mp3d/aayBHfsNo7d/aayBHfsNo7d.glb changed to proposed JSON configuration filename : /mnt/data_nas/deeprobotics/daiyang/vla/third_party/ETP-R1/data/scene_datasets/mp3d/aayBHfsNo7d/aayBHfsNo7d.stage_config.json
I0919 07:44:55.962651 1856845 AttributesManagerBase.h:283] AttributesManager<T>::createFromJsonOrDefaultInternal  (Stage) : Proposing JSON name : /mnt/data_nas/deeprobotics/daiyang/vla/third_party/ETP-R1/data/scene_datasets/mp3d/aayBHfsNo7d/aayBHfsNo7d.stage_config.json from original name : /mnt/data_nas/deeprobotics/daiyang/vla/third_party/ETP-R1/data/scene_datasets/mp3d/aayBHfsNo7d/aayBHfsNo7d.glb | This file  does not exist.
I0919 07:44:55.962697 1856845 AbstractObjectAttributesManagerBase.h:181] AbstractObjectAttributesManager<T>::createObject  (Stage) : Done making attributes with handle : /mnt/data_nas/deeprobotics/daiyang/vla/third_party/ETP-R1/data/scene_datasets/mp3d/aayBHfsNo7d/aayBHfsNo7d.glb
I0919 07:44:55.962699 1856845 AbstractObjectAttributesManagerBase.h:188] File (/mnt/data_nas/deeprobotics/daiyang/vla/third_party/ETP-R1/data/scene_datasets/mp3d/aayBHfsNo7d/aayBHfsNo7d.glb) exists but is not a recognized config filename extension, so new default Stage attributes created and registered.
I0919 07:44:55.962706 1856845 Simulator.cpp:156] Loading navmesh from /mnt/data_nas/deeprobotics/daiyang/vla/third_party/ETP-R1/data/scene_datasets/mp3d/aayBHfsNo7d/aayBHfsNo7d.navmesh
I0919 07:44:55.963649 1856845 Simulator.cpp:158] Loaded.
I0919 07:44:55.963656 1856845 SceneGraph.h:93] Created DrawableGroup: 
Renderer: NVIDIA GeForce RTX 5090/PCIe/SSE2 by NVIDIA Corporation
OpenGL version: 4.6.0 NVIDIA 580.126.09
Using optional features:
    GL_ARB_ES2_compatibility
    GL_ARB_direct_state_access
    GL_ARB_get_texture_sub_image
    GL_ARB_invalidate_subdata
    GL_ARB_multi_bind
    GL_ARB_robustness
    GL_ARB_separate_shader_objects
    GL_ARB_texture_filter_anisotropic
    GL_ARB_texture_storage
    GL_ARB_texture_storage_multisample
    GL_ARB_vertex_array_object
    GL_KHR_debug
Using driver workarounds:
    no-forward-compatible-core-context
    nv-egl-incorrect-gl11-function-pointers
    no-layout-qualifiers-on-old-glsl
    nv-zero-context-profile-mask
    nv-implementation-color-read-format-dsa-broken
    nv-cubemap-inconsistent-compressed-image-size
    nv-cubemap-broken-full-compressed-image-query
    nv-compressed-block-size-in-bits
I0919 07:44:55.967239 1856845 ResourceManager.cpp:234] ResourceManager::loadStage : Not loading semantic mesh
I0919 07:44:55.967248 1856845 ResourceManager.cpp:262] ResourceManager::loadStage : start load render asset /mnt/data_nas/deeprobotics/daiyang/vla/third_party/ETP-R1/data/scene_datasets/mp3d/aayBHfsNo7d/aayBHfsNo7d.glb.
I0919 07:44:55.967250 1856845 ResourceManager.cpp:569] ResourceManager::loadStageInternal : Attempting to load stage /mnt/data_nas/deeprobotics/daiyang/vla/third_party/ETP-R1/data/scene_datasets/mp3d/aayBHfsNo7d/aayBHfsNo7d.glb 
I0919 07:44:55.967264 1856845 ResourceManager.cpp:1119] Importing Basis files as BC7 for aayBHfsNo7d.glb
W0919 07:44:57.520401 1856845 Simulator.cpp:248] :
---
 The active scene does not contain semantic annotations. 
---
I0919 07:44:57.560840 1856845 simulator.py:213] Loaded navmesh /mnt/data_nas/deeprobotics/daiyang/vla/third_party/ETP-R1/data/scene_datasets/mp3d/aayBHfsNo7d/aayBHfsNo7d.navmesh
I0919 07:46:15.698315 1856845 PhysicsManager.cpp:33] Deconstructing PhysicsManager
I0919 07:46:15.698364 1856845 SemanticScene.h:41] Deconstructing SemanticScene
I0919 07:46:15.700786 1856845 SceneManager.h:25] Deconstructing SceneManager
I0919 07:46:15.700796 1856845 SceneGraph.h:26] Deconstructing SceneGraph
I0919 07:46:15.701277 1856845 Sensor.h:87] Deconstructing Sensor
I0919 07:46:15.703464 1856845 Renderer.cpp:34] Deconstructing Renderer
I0919 07:46:15.703483 1856845 WindowlessContext.h:17] Deconstructing WindowlessContext
I0919 07:46:15.709208 1856845 ManagedContainerBase.cpp:19] ManagedContainerBase::convertFilenameToJSON : Filename : default changed to proposed JSON configuration filename : default.scene_dataset_config.json
I0919 07:46:15.709224 1856845 AttributesManagerBase.h:283] AttributesManager<T>::createFromJsonOrDefaultInternal  (Dataset) : Proposing JSON name : default.scene_dataset_config.json from original name : default | This file  does not exist.
I0919 07:46:15.709436 1856845 AssetAttributesManager.cpp:117] Asset attributes (capsule3DSolid : capsule3DSolid_hemiRings_4_cylRings_1_segments_12_halfLen_0.75_useTexCoords_false_useTangents_false) created and registered.
I0919 07:46:15.709462 1856845 AssetAttributesManager.cpp:117] Asset attributes (capsule3DWireframe : capsule3DWireframe_hemiRings_8_cylRings_1_segments_16_halfLen_1) created and registered.
I0919 07:46:15.709486 1856845 AssetAttributesManager.cpp:117] Asset attributes (coneSolid : coneSolid_segments_12_halfLen_1.25_rings_1_useTexCoords_false_useTangents_false_capEnd_true) created and registered.
I0919 07:46:15.709501 1856845 AssetAttributesManager.cpp:117] Asset attributes (coneWireframe : coneWireframe_segments_32_halfLen_1.25) created and registered.
I0919 07:46:15.709509 1856845 AssetAttributesManager.cpp:117] Asset attributes (cubeSolid : cubeSolid) created and registered.
I0919 07:46:15.709523 1856845 AssetAttributesManager.cpp:117] Asset attributes (cubeWireframe : cubeWireframe) created and registered.
I0919 07:46:15.709542 1856845 AssetAttributesManager.cpp:117] Asset attributes (cylinderSolid : cylinderSolid_rings_1_segments_12_halfLen_1_useTexCoords_false_useTangents_false_capEnds_true) created and registered.
I0919 07:46:15.709558 1856845 AssetAttributesManager.cpp:117] Asset attributes (cylinderWireframe : cylinderWireframe_rings_1_segments_32_halfLen_1) created and registered.
I0919 07:46:15.709568 1856845 AssetAttributesManager.cpp:117] Asset attributes (icosphereSolid : icosphereSolid_subdivs_1) created and registered.
I0919 07:46:15.709576 1856845 AssetAttributesManager.cpp:117] Asset attributes (icosphereWireframe : icosphereWireframe_subdivs_1) created and registered.
I0919 07:46:15.709591 1856845 AssetAttributesManager.cpp:117] Asset attributes (uvSphereSolid : uvSphereSolid_rings_8_segments_16_useTexCoords_false_useTangents_false) created and registered.
I0919 07:46:15.709604 1856845 AssetAttributesManager.cpp:117] Asset attributes (uvSphereWireframe : uvSphereWireframe_rings_16_segments_32) created and registered.
I0919 07:46:15.709609 1856845 AssetAttributesManager.cpp:105] AssetAttributesManager::buildCtorFuncPtrMaps : Built default primitive asset templates : 12
I0919 07:46:15.709995 1856845 SceneDatasetAttributesManager.cpp:23] File (default) not found, so new default dataset attributes created and registered.
I0919 07:46:15.709997 1856845 MetadataMediator.cpp:47] MetadataMediator::createDataset : Dataset default successfully created.
I0919 07:46:15.710177 1856845 AttributesManagerBase.h:283] AttributesManager<T>::createFromJsonOrDefaultInternal  (Physics Manager) : Proposing JSON name : ./data/default.physics_config.json from original name : ./data/default.physics_config.json | This file  does not exist.
I0919 07:46:15.710188 1856845 PhysicsAttributesManager.cpp:27] File (./data/default.physics_config.json) not found, so new default physics manager attributes created and registered.
I0919 07:46:15.710191 1856845 AbstractObjectAttributesManagerBase.h:175] AbstractObjectAttributesManager<T>::createObject  (Stage) : Making attributes with handle : /mnt/data_nas/deeprobotics/daiyang/vla/third_party/ETP-R1/data/scene_datasets/mp3d/82sE5b5pLXE/82sE5b5pLXE.glb
I0919 07:46:15.710196 1856845 ManagedContainerBase.cpp:19] ManagedContainerBase::convertFilenameToJSON : Filename : /mnt/data_nas/deeprobotics/daiyang/vla/third_party/ETP-R1/data/scene_datasets/mp3d/82sE5b5pLXE/82sE5b5pLXE.glb changed to proposed JSON configuration filename : /mnt/data_nas/deeprobotics/daiyang/vla/third_party/ETP-R1/data/scene_datasets/mp3d/82sE5b5pLXE/82sE5b5pLXE.stage_config.json
I0919 07:46:15.710206 1856845 AttributesManagerBase.h:283] AttributesManager<T>::createFromJsonOrDefaultInternal  (Stage) : Proposing JSON name : /mnt/data_nas/deeprobotics/daiyang/vla/third_party/ETP-R1/data/scene_datasets/mp3d/82sE5b5pLXE/82sE5b5pLXE.stage_config.json from original name : /mnt/data_nas/deeprobotics/daiyang/vla/third_party/ETP-R1/data/scene_datasets/mp3d/82sE5b5pLXE/82sE5b5pLXE.glb | This file  does not exist.
I0919 07:46:15.710251 1856845 AbstractObjectAttributesManagerBase.h:181] AbstractObjectAttributesManager<T>::createObject  (Stage) : Done making attributes with handle : /mnt/data_nas/deeprobotics/daiyang/vla/third_party/ETP-R1/data/scene_datasets/mp3d/82sE5b5pLXE/82sE5b5pLXE.glb
I0919 07:46:15.710253 1856845 AbstractObjectAttributesManagerBase.h:188] File (/mnt/data_nas/deeprobotics/daiyang/vla/third_party/ETP-R1/data/scene_datasets/mp3d/82sE5b5pLXE/82sE5b5pLXE.glb) exists but is not a recognized config filename extension, so new default Stage attributes created and registered.
I0919 07:46:15.710258 1856845 Simulator.cpp:156] Loading navmesh from /mnt/data_nas/deeprobotics/daiyang/vla/third_party/ETP-R1/data/scene_datasets/mp3d/82sE5b5pLXE/82sE5b5pLXE.navmesh
I0919 07:46:15.711277 1856845 Simulator.cpp:158] Loaded.
I0919 07:46:15.711288 1856845 SceneGraph.h:93] Created DrawableGroup: 
Renderer: NVIDIA GeForce RTX 5090/PCIe/SSE2 by NVIDIA Corporation
OpenGL version: 4.6.0 NVIDIA 580.126.09
Using optional features:
    GL_ARB_ES2_compatibility
    GL_ARB_direct_state_access
    GL_ARB_get_texture_sub_image
    GL_ARB_invalidate_subdata
    GL_ARB_multi_bind
    GL_ARB_robustness
    GL_ARB_separate_shader_objects
    GL_ARB_texture_filter_anisotropic
    GL_ARB_texture_storage
    GL_ARB_texture_storage_multisample
    GL_ARB_vertex_array_object
    GL_KHR_debug
Using driver workarounds:
    no-forward-compatible-core-context
    nv-egl-incorrect-gl11-function-pointers
    no-layout-qualifiers-on-old-glsl
    nv-zero-context-profile-mask
    nv-implementation-color-read-format-dsa-broken
    nv-cubemap-inconsistent-compressed-image-size
    nv-cubemap-broken-full-compressed-image-query
    nv-compressed-block-size-in-bits
I0919 07:46:15.714756 1856845 ResourceManager.cpp:234] ResourceManager::loadStage : Not loading semantic mesh
I0919 07:46:15.714764 1856845 ResourceManager.cpp:262] ResourceManager::loadStage : start load render asset /mnt/data_nas/deeprobotics/daiyang/vla/third_party/ETP-R1/data/scene_datasets/mp3d/82sE5b5pLXE/82sE5b5pLXE.glb.
I0919 07:46:15.714766 1856845 ResourceManager.cpp:569] ResourceManager::loadStageInternal : Attempting to load stage /mnt/data_nas/deeprobotics/daiyang/vla/third_party/ETP-R1/data/scene_datasets/mp3d/82sE5b5pLXE/82sE5b5pLXE.glb 
I0919 07:46:15.714782 1856845 ResourceManager.cpp:1119] Importing Basis files as BC7 for 82sE5b5pLXE.glb
W0919 07:46:17.708578 1856845 Simulator.cpp:248] :
---
 The active scene does not contain semantic annotations. 
---
I0919 07:46:17.744606 1856845 simulator.py:213] Loaded navmesh /mnt/data_nas/deeprobotics/daiyang/vla/third_party/ETP-R1/data/scene_datasets/mp3d/82sE5b5pLXE/82sE5b5pLXE.navmesh
I0919 07:49:13.598448 1856845 PhysicsManager.cpp:33] Deconstructing PhysicsManager
I0919 07:49:13.598497 1856845 SemanticScene.h:41] Deconstructing SemanticScene
I0919 07:49:13.599968 1856845 SceneManager.h:25] Deconstructing SceneManager
I0919 07:49:13.599977 1856845 SceneGraph.h:26] Deconstructing SceneGraph
I0919 07:49:13.600279 1856845 Sensor.h:87] Deconstructing Sensor
I0919 07:49:13.603245 1856845 Renderer.cpp:34] Deconstructing Renderer
I0919 07:49:13.603266 1856845 WindowlessContext.h:17] Deconstructing WindowlessContext
I0919 07:49:13.609083 1856845 ManagedContainerBase.cpp:19] ManagedContainerBase::convertFilenameToJSON : Filename : default changed to proposed JSON configuration filename : default.scene_dataset_config.json
I0919 07:49:13.609099 1856845 AttributesManagerBase.h:283] AttributesManager<T>::createFromJsonOrDefaultInternal  (Dataset) : Proposing JSON name : default.scene_dataset_config.json from original name : default | This file  does not exist.
I0919 07:49:13.609248 1856845 AssetAttributesManager.cpp:117] Asset attributes (capsule3DSolid : capsule3DSolid_hemiRings_4_cylRings_1_segments_12_halfLen_0.75_useTexCoords_false_useTangents_false) created and registered.
I0919 07:49:13.609280 1856845 AssetAttributesManager.cpp:117] Asset attributes (capsule3DWireframe : capsule3DWireframe_hemiRings_8_cylRings_1_segments_16_halfLen_1) created and registered.
I0919 07:49:13.609304 1856845 AssetAttributesManager.cpp:117] Asset attributes (coneSolid : coneSolid_segments_12_halfLen_1.25_rings_1_useTexCoords_false_useTangents_false_capEnd_true) created and registered.
I0919 07:49:13.609319 1856845 AssetAttributesManager.cpp:117] Asset attributes (coneWireframe : coneWireframe_segments_32_halfLen_1.25) created and registered.
I0919 07:49:13.609328 1856845 AssetAttributesManager.cpp:117] Asset attributes (cubeSolid : cubeSolid) created and registered.
I0919 07:49:13.609334 1856845 AssetAttributesManager.cpp:117] Asset attributes (cubeWireframe : cubeWireframe) created and registered.
I0919 07:49:13.609354 1856845 AssetAttributesManager.cpp:117] Asset attributes (cylinderSolid : cylinderSolid_rings_1_segments_12_halfLen_1_useTexCoords_false_useTangents_false_capEnds_true) created and registered.
I0919 07:49:13.609376 1856845 AssetAttributesManager.cpp:117] Asset attributes (cylinderWireframe : cylinderWireframe_rings_1_segments_32_halfLen_1) created and registered.
I0919 07:49:13.609386 1856845 AssetAttributesManager.cpp:117] Asset attributes (icosphereSolid : icosphereSolid_subdivs_1) created and registered.
I0919 07:49:13.609395 1856845 AssetAttributesManager.cpp:117] Asset attributes (icosphereWireframe : icosphereWireframe_subdivs_1) created and registered.
I0919 07:49:13.609409 1856845 AssetAttributesManager.cpp:117] Asset attributes (uvSphereSolid : uvSphereSolid_rings_8_segments_16_useTexCoords_false_useTangents_false) created and registered.
I0919 07:49:13.609421 1856845 AssetAttributesManager.cpp:117] Asset attributes (uvSphereWireframe : uvSphereWireframe_rings_16_segments_32) created and registered.
I0919 07:49:13.609428 1856845 AssetAttributesManager.cpp:105] AssetAttributesManager::buildCtorFuncPtrMaps : Built default primitive asset templates : 12
I0919 07:49:13.609815 1856845 SceneDatasetAttributesManager.cpp:23] File (default) not found, so new default dataset attributes created and registered.
I0919 07:49:13.609818 1856845 MetadataMediator.cpp:47] MetadataMediator::createDataset : Dataset default successfully created.
I0919 07:49:13.610002 1856845 AttributesManagerBase.h:283] AttributesManager<T>::createFromJsonOrDefaultInternal  (Physics Manager) : Proposing JSON name : ./data/default.physics_config.json from original name : ./data/default.physics_config.json | This file  does not exist.
I0919 07:49:13.610013 1856845 PhysicsAttributesManager.cpp:27] File (./data/default.physics_config.json) not found, so new default physics manager attributes created and registered.
I0919 07:49:13.610016 1856845 AbstractObjectAttributesManagerBase.h:175] AbstractObjectAttributesManager<T>::createObject  (Stage) : Making attributes with handle : /mnt/data_nas/deeprobotics/daiyang/vla/third_party/ETP-R1/data/scene_datasets/mp3d/B6ByNegPMKs/B6ByNegPMKs.glb
I0919 07:49:13.610021 1856845 ManagedContainerBase.cpp:19] ManagedContainerBase::convertFilenameToJSON : Filename : /mnt/data_nas/deeprobotics/daiyang/vla/third_party/ETP-R1/data/scene_datasets/mp3d/B6ByNegPMKs/B6ByNegPMKs.glb changed to proposed JSON configuration filename : /mnt/data_nas/deeprobotics/daiyang/vla/third_party/ETP-R1/data/scene_datasets/mp3d/B6ByNegPMKs/B6ByNegPMKs.stage_config.json
I0919 07:49:13.610031 1856845 AttributesManagerBase.h:283] AttributesManager<T>::createFromJsonOrDefaultInternal  (Stage) : Proposing JSON name : /mnt/data_nas/deeprobotics/daiyang/vla/third_party/ETP-R1/data/scene_datasets/mp3d/B6ByNegPMKs/B6ByNegPMKs.stage_config.json from original name : /mnt/data_nas/deeprobotics/daiyang/vla/third_party/ETP-R1/data/scene_datasets/mp3d/B6ByNegPMKs/B6ByNegPMKs.glb | This file  does not exist.
I0919 07:49:13.610077 1856845 AbstractObjectAttributesManagerBase.h:181] AbstractObjectAttributesManager<T>::createObject  (Stage) : Done making attributes with handle : /mnt/data_nas/deeprobotics/daiyang/vla/third_party/ETP-R1/data/scene_datasets/mp3d/B6ByNegPMKs/B6ByNegPMKs.glb
I0919 07:49:13.610080 1856845 AbstractObjectAttributesManagerBase.h:188] File (/mnt/data_nas/deeprobotics/daiyang/vla/third_party/ETP-R1/data/scene_datasets/mp3d/B6ByNegPMKs/B6ByNegPMKs.glb) exists but is not a recognized config filename extension, so new default Stage attributes created and registered.
I0919 07:49:13.610083 1856845 Simulator.cpp:156] Loading navmesh from /mnt/data_nas/deeprobotics/daiyang/vla/third_party/ETP-R1/data/scene_datasets/mp3d/B6ByNegPMKs/B6ByNegPMKs.navmesh
I0919 07:49:13.611382 1856845 Simulator.cpp:158] Loaded.
I0919 07:49:13.611390 1856845 SceneGraph.h:93] Created DrawableGroup: 
Renderer: NVIDIA GeForce RTX 5090/PCIe/SSE2 by NVIDIA Corporation
OpenGL version: 4.6.0 NVIDIA 580.126.09
Using optional features:
    GL_ARB_ES2_compatibility
    GL_ARB_direct_state_access
    GL_ARB_get_texture_sub_image
    GL_ARB_invalidate_subdata
    GL_ARB_multi_bind
    GL_ARB_robustness
    GL_ARB_separate_shader_objects
    GL_ARB_texture_filter_anisotropic
    GL_ARB_texture_storage
    GL_ARB_texture_storage_multisample
    GL_ARB_vertex_array_object
    GL_KHR_debug
Using driver workarounds:
    no-forward-compatible-core-context
    nv-egl-incorrect-gl11-function-pointers
    no-layout-qualifiers-on-old-glsl
    nv-zero-context-profile-mask
    nv-implementation-color-read-format-dsa-broken
    nv-cubemap-inconsistent-compressed-image-size
    nv-cubemap-broken-full-compressed-image-query
    nv-compressed-block-size-in-bits
I0919 07:49:13.614800 1856845 ResourceManager.cpp:234] ResourceManager::loadStage : Not loading semantic mesh
I0919 07:49:13.614809 1856845 ResourceManager.cpp:262] ResourceManager::loadStage : start load render asset /mnt/data_nas/deeprobotics/daiyang/vla/third_party/ETP-R1/data/scene_datasets/mp3d/B6ByNegPMKs/B6ByNegPMKs.glb.
I0919 07:49:13.614811 1856845 ResourceManager.cpp:569] ResourceManager::loadStageInternal : Attempting to load stage /mnt/data_nas/deeprobotics/daiyang/vla/third_party/ETP-R1/data/scene_datasets/mp3d/B6ByNegPMKs/B6ByNegPMKs.glb 
I0919 07:49:13.614826 1856845 ResourceManager.cpp:1119] Importing Basis files as BC7 for B6ByNegPMKs.glb
W0919 07:49:23.155294 1856845 Simulator.cpp:248] :
---
 The active scene does not contain semantic annotations. 
---
I0919 07:49:23.349136 1856845 simulator.py:213] Loaded navmesh /mnt/data_nas/deeprobotics/daiyang/vla/third_party/ETP-R1/data/scene_datasets/mp3d/B6ByNegPMKs/B6ByNegPMKs.navmesh
I0919 07:50:43.692028 1856845 PhysicsManager.cpp:33] Deconstructing PhysicsManager
I0919 07:50:43.692087 1856845 SemanticScene.h:41] Deconstructing SemanticScene
I0919 07:50:43.710145 1856845 SceneManager.h:25] Deconstructing SceneManager
I0919 07:50:43.710166 1856845 SceneGraph.h:26] Deconstructing SceneGraph
I0919 07:50:43.710719 1856845 Sensor.h:87] Deconstructing Sensor
I0919 07:50:43.724395 1856845 Renderer.cpp:34] Deconstructing Renderer
I0919 07:50:43.724426 1856845 WindowlessContext.h:17] Deconstructing WindowlessContext
I0919 07:50:43.744753 1856845 ManagedContainerBase.cpp:19] ManagedContainerBase::convertFilenameToJSON : Filename : default changed to proposed JSON configuration filename : default.scene_dataset_config.json
I0919 07:50:43.744776 1856845 AttributesManagerBase.h:283] AttributesManager<T>::createFromJsonOrDefaultInternal  (Dataset) : Proposing JSON name : default.scene_dataset_config.json from original name : default | This file  does not exist.
I0919 07:50:43.744932 1856845 AssetAttributesManager.cpp:117] Asset attributes (capsule3DSolid : capsule3DSolid_hemiRings_4_cylRings_1_segments_12_halfLen_0.75_useTexCoords_false_useTangents_false) created and registered.
I0919 07:50:43.744961 1856845 AssetAttributesManager.cpp:117] Asset attributes (capsule3DWireframe : capsule3DWireframe_hemiRings_8_cylRings_1_segments_16_halfLen_1) created and registered.
I0919 07:50:43.744985 1856845 AssetAttributesManager.cpp:117] Asset attributes (coneSolid : coneSolid_segments_12_halfLen_1.25_rings_1_useTexCoords_false_useTangents_false_capEnd_true) created and registered.
I0919 07:50:43.745002 1856845 AssetAttributesManager.cpp:117] Asset attributes (coneWireframe : coneWireframe_segments_32_halfLen_1.25) created and registered.
I0919 07:50:43.745010 1856845 AssetAttributesManager.cpp:117] Asset attributes (cubeSolid : cubeSolid) created and registered.
I0919 07:50:43.745016 1856845 AssetAttributesManager.cpp:117] Asset attributes (cubeWireframe : cubeWireframe) created and registered.
I0919 07:50:43.745035 1856845 AssetAttributesManager.cpp:117] Asset attributes (cylinderSolid : cylinderSolid_rings_1_segments_12_halfLen_1_useTexCoords_false_useTangents_false_capEnds_true) created and registered.
I0919 07:50:43.745052 1856845 AssetAttributesManager.cpp:117] Asset attributes (cylinderWireframe : cylinderWireframe_rings_1_segments_32_halfLen_1) created and registered.
I0919 07:50:43.745062 1856845 AssetAttributesManager.cpp:117] Asset attributes (icosphereSolid : icosphereSolid_subdivs_1) created and registered.
I0919 07:50:43.745072 1856845 AssetAttributesManager.cpp:117] Asset attributes (icosphereWireframe : icosphereWireframe_subdivs_1) created and registered.
I0919 07:50:43.745096 1856845 AssetAttributesManager.cpp:117] Asset attributes (uvSphereSolid : uvSphereSolid_rings_8_segments_16_useTexCoords_false_useTangents_false) created and registered.
I0919 07:50:43.745110 1856845 AssetAttributesManager.cpp:117] Asset attributes (uvSphereWireframe : uvSphereWireframe_rings_16_segments_32) created and registered.
I0919 07:50:43.745116 1856845 AssetAttributesManager.cpp:105] AssetAttributesManager::buildCtorFuncPtrMaps : Built default primitive asset templates : 12
I0919 07:50:43.745518 1856845 SceneDatasetAttributesManager.cpp:23] File (default) not found, so new default dataset attributes created and registered.
I0919 07:50:43.745520 1856845 MetadataMediator.cpp:47] MetadataMediator::createDataset : Dataset default successfully created.
I0919 07:50:43.745718 1856845 AttributesManagerBase.h:283] AttributesManager<T>::createFromJsonOrDefaultInternal  (Physics Manager) : Proposing JSON name : ./data/default.physics_config.json from original name : ./data/default.physics_config.json | This file  does not exist.
I0919 07:50:43.745730 1856845 PhysicsAttributesManager.cpp:27] File (./data/default.physics_config.json) not found, so new default physics manager attributes created and registered.
I0919 07:50:43.745733 1856845 AbstractObjectAttributesManagerBase.h:175] AbstractObjectAttributesManager<T>::createObject  (Stage) : Making attributes with handle : /mnt/data_nas/deeprobotics/daiyang/vla/third_party/ETP-R1/data/scene_datasets/mp3d/PuKPg4mmafe/PuKPg4mmafe.glb
I0919 07:50:43.745738 1856845 ManagedContainerBase.cpp:19] ManagedContainerBase::convertFilenameToJSON : Filename : /mnt/data_nas/deeprobotics/daiyang/vla/third_party/ETP-R1/data/scene_datasets/mp3d/PuKPg4mmafe/PuKPg4mmafe.glb changed to proposed JSON configuration filename : /mnt/data_nas/deeprobotics/daiyang/vla/third_party/ETP-R1/data/scene_datasets/mp3d/PuKPg4mmafe/PuKPg4mmafe.stage_config.json
I0919 07:50:43.745748 1856845 AttributesManagerBase.h:283] AttributesManager<T>::createFromJsonOrDefaultInternal  (Stage) : Proposing JSON name : /mnt/data_nas/deeprobotics/daiyang/vla/third_party/ETP-R1/data/scene_datasets/mp3d/PuKPg4mmafe/PuKPg4mmafe.stage_config.json from original name : /mnt/data_nas/deeprobotics/daiyang/vla/third_party/ETP-R1/data/scene_datasets/mp3d/PuKPg4mmafe/PuKPg4mmafe.glb | This file  does not exist.
I0919 07:50:43.745797 1856845 AbstractObjectAttributesManagerBase.h:181] AbstractObjectAttributesManager<T>::createObject  (Stage) : Done making attributes with handle : /mnt/data_nas/deeprobotics/daiyang/vla/third_party/ETP-R1/data/scene_datasets/mp3d/PuKPg4mmafe/PuKPg4mmafe.glb
I0919 07:50:43.745798 1856845 AbstractObjectAttributesManagerBase.h:188] File (/mnt/data_nas/deeprobotics/daiyang/vla/third_party/ETP-R1/data/scene_datasets/mp3d/PuKPg4mmafe/PuKPg4mmafe.glb) exists but is not a recognized config filename extension, so new default Stage attributes created and registered.
I0919 07:50:43.745803 1856845 Simulator.cpp:156] Loading navmesh from /mnt/data_nas/deeprobotics/daiyang/vla/third_party/ETP-R1/data/scene_datasets/mp3d/PuKPg4mmafe/PuKPg4mmafe.navmesh
I0919 07:50:43.746753 1856845 Simulator.cpp:158] Loaded.
I0919 07:50:43.746764 1856845 SceneGraph.h:93] Created DrawableGroup: 
Renderer: NVIDIA GeForce RTX 5090/PCIe/SSE2 by NVIDIA Corporation
OpenGL version: 4.6.0 NVIDIA 580.126.09
Using optional features:
    GL_ARB_ES2_compatibility
    GL_ARB_direct_state_access
    GL_ARB_get_texture_sub_image
    GL_ARB_invalidate_subdata
    GL_ARB_multi_bind
    GL_ARB_robustness
    GL_ARB_separate_shader_objects
    GL_ARB_texture_filter_anisotropic
    GL_ARB_texture_storage
    GL_ARB_texture_storage_multisample
    GL_ARB_vertex_array_object
    GL_KHR_debug
Using driver workarounds:
    no-forward-compatible-core-context
    nv-egl-incorrect-gl11-function-pointers
    no-layout-qualifiers-on-old-glsl
    nv-zero-context-profile-mask
    nv-implementation-color-read-format-dsa-broken
    nv-cubemap-inconsistent-compressed-image-size
    nv-cubemap-broken-full-compressed-image-query
    nv-compressed-block-size-in-bits
I0919 07:50:43.750694 1856845 ResourceManager.cpp:234] ResourceManager::loadStage : Not loading semantic mesh
I0919 07:50:43.750703 1856845 ResourceManager.cpp:262] ResourceManager::loadStage : start load render asset /mnt/data_nas/deeprobotics/daiyang/vla/third_party/ETP-R1/data/scene_datasets/mp3d/PuKPg4mmafe/PuKPg4mmafe.glb.
I0919 07:50:43.750705 1856845 ResourceManager.cpp:569] ResourceManager::loadStageInternal : Attempting to load stage /mnt/data_nas/deeprobotics/daiyang/vla/third_party/ETP-R1/data/scene_datasets/mp3d/PuKPg4mmafe/PuKPg4mmafe.glb 
I0919 07:50:43.750722 1856845 ResourceManager.cpp:1119] Importing Basis files as BC7 for PuKPg4mmafe.glb
W0919 07:50:48.455587 1856845 Simulator.cpp:248] :
---
 The active scene does not contain semantic annotations. 
---
I0919 07:50:48.475538 1856845 simulator.py:213] Loaded navmesh /mnt/data_nas/deeprobotics/daiyang/vla/third_party/ETP-R1/data/scene_datasets/mp3d/PuKPg4mmafe/PuKPg4mmafe.navmesh
I0919 07:52:25.185881 1856845 PhysicsManager.cpp:33] Deconstructing PhysicsManager
I0919 07:52:25.185930 1856845 SemanticScene.h:41] Deconstructing SemanticScene
I0919 07:52:25.186854 1856845 SceneManager.h:25] Deconstructing SceneManager
I0919 07:52:25.186859 1856845 SceneGraph.h:26] Deconstructing SceneGraph
I0919 07:52:25.187124 1856845 Sensor.h:87] Deconstructing Sensor
I0919 07:52:25.192731 1856845 Renderer.cpp:34] Deconstructing Renderer
I0919 07:52:25.192760 1856845 WindowlessContext.h:17] Deconstructing WindowlessContext
I0919 07:52:25.207391 1856845 ManagedContainerBase.cpp:19] ManagedContainerBase::convertFilenameToJSON : Filename : default changed to proposed JSON configuration filename : default.scene_dataset_config.json
I0919 07:52:25.207412 1856845 AttributesManagerBase.h:283] AttributesManager<T>::createFromJsonOrDefaultInternal  (Dataset) : Proposing JSON name : default.scene_dataset_config.json from original name : default | This file  does not exist.
I0919 07:52:25.207691 1856845 AssetAttributesManager.cpp:117] Asset attributes (capsule3DSolid : capsule3DSolid_hemiRings_4_cylRings_1_segments_12_halfLen_0.75_useTexCoords_false_useTangents_false) created and registered.
I0919 07:52:25.207719 1856845 AssetAttributesManager.cpp:117] Asset attributes (capsule3DWireframe : capsule3DWireframe_hemiRings_8_cylRings_1_segments_16_halfLen_1) created and registered.
I0919 07:52:25.207742 1856845 AssetAttributesManager.cpp:117] Asset attributes (coneSolid : coneSolid_segments_12_halfLen_1.25_rings_1_useTexCoords_false_useTangents_false_capEnd_true) created and registered.
I0919 07:52:25.207757 1856845 AssetAttributesManager.cpp:117] Asset attributes (coneWireframe : coneWireframe_segments_32_halfLen_1.25) created and registered.
I0919 07:52:25.207767 1856845 AssetAttributesManager.cpp:117] Asset attributes (cubeSolid : cubeSolid) created and registered.
I0919 07:52:25.207773 1856845 AssetAttributesManager.cpp:117] Asset attributes (cubeWireframe : cubeWireframe) created and registered.
I0919 07:52:25.207793 1856845 AssetAttributesManager.cpp:117] Asset attributes (cylinderSolid : cylinderSolid_rings_1_segments_12_halfLen_1_useTexCoords_false_useTangents_false_capEnds_true) created and registered.
I0919 07:52:25.207810 1856845 AssetAttributesManager.cpp:117] Asset attributes (cylinderWireframe : cylinderWireframe_rings_1_segments_32_halfLen_1) created and registered.
I0919 07:52:25.207820 1856845 AssetAttributesManager.cpp:117] Asset attributes (icosphereSolid : icosphereSolid_subdivs_1) created and registered.
I0919 07:52:25.207829 1856845 AssetAttributesManager.cpp:117] Asset attributes (icosphereWireframe : icosphereWireframe_subdivs_1) created and registered.
I0919 07:52:25.207844 1856845 AssetAttributesManager.cpp:117] Asset attributes (uvSphereSolid : uvSphereSolid_rings_8_segments_16_useTexCoords_false_useTangents_false) created and registered.
I0919 07:52:25.207857 1856845 AssetAttributesManager.cpp:117] Asset attributes (uvSphereWireframe : uvSphereWireframe_rings_16_segments_32) created and registered.
I0919 07:52:25.207870 1856845 AssetAttributesManager.cpp:105] AssetAttributesManager::buildCtorFuncPtrMaps : Built default primitive asset templates : 12
I0919 07:52:25.208262 1856845 SceneDatasetAttributesManager.cpp:23] File (default) not found, so new default dataset attributes created and registered.
I0919 07:52:25.208266 1856845 MetadataMediator.cpp:47] MetadataMediator::createDataset : Dataset default successfully created.
I0919 07:52:25.209252 1856845 AttributesManagerBase.h:283] AttributesManager<T>::createFromJsonOrDefaultInternal  (Physics Manager) : Proposing JSON name : ./data/default.physics_config.json from original name : ./data/default.physics_config.json | This file  does not exist.
I0919 07:52:25.209265 1856845 PhysicsAttributesManager.cpp:27] File (./data/default.physics_config.json) not found, so new default physics manager attributes created and registered.
I0919 07:52:25.209275 1856845 AbstractObjectAttributesManagerBase.h:175] AbstractObjectAttributesManager<T>::createObject  (Stage) : Making attributes with handle : /mnt/data_nas/deeprobotics/daiyang/vla/third_party/ETP-R1/data/scene_datasets/mp3d/aayBHfsNo7d/aayBHfsNo7d.glb
I0919 07:52:25.209278 1856845 ManagedContainerBase.cpp:19] ManagedContainerBase::convertFilenameToJSON : Filename : /mnt/data_nas/deeprobotics/daiyang/vla/third_party/ETP-R1/data/scene_datasets/mp3d/aayBHfsNo7d/aayBHfsNo7d.glb changed to proposed JSON configuration filename : /mnt/data_nas/deeprobotics/daiyang/vla/third_party/ETP-R1/data/scene_datasets/mp3d/aayBHfsNo7d/aayBHfsNo7d.stage_config.json
I0919 07:52:25.211818 1856845 AttributesManagerBase.h:283] AttributesManager<T>::createFromJsonOrDefaultInternal  (Stage) : Proposing JSON name : /mnt/data_nas/deeprobotics/daiyang/vla/third_party/ETP-R1/data/scene_datasets/mp3d/aayBHfsNo7d/aayBHfsNo7d.stage_config.json from original name : /mnt/data_nas/deeprobotics/daiyang/vla/third_party/ETP-R1/data/scene_datasets/mp3d/aayBHfsNo7d/aayBHfsNo7d.glb | This file  does not exist.
I0919 07:52:25.211869 1856845 AbstractObjectAttributesManagerBase.h:181] AbstractObjectAttributesManager<T>::createObject  (Stage) : Done making attributes with handle : /mnt/data_nas/deeprobotics/daiyang/vla/third_party/ETP-R1/data/scene_datasets/mp3d/aayBHfsNo7d/aayBHfsNo7d.glb
I0919 07:52:25.211871 1856845 AbstractObjectAttributesManagerBase.h:188] File (/mnt/data_nas/deeprobotics/daiyang/vla/third_party/ETP-R1/data/scene_datasets/mp3d/aayBHfsNo7d/aayBHfsNo7d.glb) exists but is not a recognized config filename extension, so new default Stage attributes created and registered.
I0919 07:52:25.211876 1856845 Simulator.cpp:156] Loading navmesh from /mnt/data_nas/deeprobotics/daiyang/vla/third_party/ETP-R1/data/scene_datasets/mp3d/aayBHfsNo7d/aayBHfsNo7d.navmesh
I0919 07:52:25.212836 1856845 Simulator.cpp:158] Loaded.
I0919 07:52:25.212844 1856845 SceneGraph.h:93] Created DrawableGroup: 
Renderer: NVIDIA GeForce RTX 5090/PCIe/SSE2 by NVIDIA Corporation
OpenGL version: 4.6.0 NVIDIA 580.126.09
Using optional features:
    GL_ARB_ES2_compatibility
    GL_ARB_direct_state_access
    GL_ARB_get_texture_sub_image
    GL_ARB_invalidate_subdata
    GL_ARB_multi_bind
    GL_ARB_robustness
    GL_ARB_separate_shader_objects
    GL_ARB_texture_filter_anisotropic
    GL_ARB_texture_storage
    GL_ARB_texture_storage_multisample
    GL_ARB_vertex_array_object
    GL_KHR_debug
Using driver workarounds:
    no-forward-compatible-core-context
    nv-egl-incorrect-gl11-function-pointers
    no-layout-qualifiers-on-old-glsl
    nv-zero-context-profile-mask
    nv-implementation-color-read-format-dsa-broken
    nv-cubemap-inconsistent-compressed-image-size
    nv-cubemap-broken-full-compressed-image-query
    nv-compressed-block-size-in-bits
I0919 07:52:25.216470 1856845 ResourceManager.cpp:234] ResourceManager::loadStage : Not loading semantic mesh
I0919 07:52:25.216478 1856845 ResourceManager.cpp:262] ResourceManager::loadStage : start load render asset /mnt/data_nas/deeprobotics/daiyang/vla/third_party/ETP-R1/data/scene_datasets/mp3d/aayBHfsNo7d/aayBHfsNo7d.glb.
I0919 07:52:25.216485 1856845 ResourceManager.cpp:569] ResourceManager::loadStageInternal : Attempting to load stage /mnt/data_nas/deeprobotics/daiyang/vla/third_party/ETP-R1/data/scene_datasets/mp3d/aayBHfsNo7d/aayBHfsNo7d.glb 
I0919 07:52:25.216501 1856845 ResourceManager.cpp:1119] Importing Basis files as BC7 for aayBHfsNo7d.glb
W0919 07:52:26.885187 1856845 Simulator.cpp:248] :
---
 The active scene does not contain semantic annotations. 
---
I0919 07:52:26.925793 1856845 simulator.py:213] Loaded navmesh /mnt/data_nas/deeprobotics/daiyang/vla/third_party/ETP-R1/data/scene_datasets/mp3d/aayBHfsNo7d/aayBHfsNo7d.navmesh
I0919 07:53:10.223484 1856845 PhysicsManager.cpp:33] Deconstructing PhysicsManager
I0919 07:53:10.223526 1856845 SemanticScene.h:41] Deconstructing SemanticScene
I0919 07:53:10.226001 1856845 SceneManager.h:25] Deconstructing SceneManager
I0919 07:53:10.226008 1856845 SceneGraph.h:26] Deconstructing SceneGraph
I0919 07:53:10.226480 1856845 Sensor.h:87] Deconstructing Sensor
I0919 07:53:10.228629 1856845 Renderer.cpp:34] Deconstructing Renderer
I0919 07:53:10.228652 1856845 WindowlessContext.h:17] Deconstructing WindowlessContext
I0919 07:53:10.251401 1856845 ManagedContainerBase.cpp:19] ManagedContainerBase::convertFilenameToJSON : Filename : default changed to proposed JSON configuration filename : default.scene_dataset_config.json
I0919 07:53:10.251420 1856845 AttributesManagerBase.h:283] AttributesManager<T>::createFromJsonOrDefaultInternal  (Dataset) : Proposing JSON name : default.scene_dataset_config.json from original name : default | This file  does not exist.
I0919 07:53:10.251559 1856845 AssetAttributesManager.cpp:117] Asset attributes (capsule3DSolid : capsule3DSolid_hemiRings_4_cylRings_1_segments_12_halfLen_0.75_useTexCoords_false_useTangents_false) created and registered.
I0919 07:53:10.251585 1856845 AssetAttributesManager.cpp:117] Asset attributes (capsule3DWireframe : capsule3DWireframe_hemiRings_8_cylRings_1_segments_16_halfLen_1) created and registered.
I0919 07:53:10.251609 1856845 AssetAttributesManager.cpp:117] Asset attributes (coneSolid : coneSolid_segments_12_halfLen_1.25_rings_1_useTexCoords_false_useTangents_false_capEnd_true) created and registered.
I0919 07:53:10.251623 1856845 AssetAttributesManager.cpp:117] Asset attributes (coneWireframe : coneWireframe_segments_32_halfLen_1.25) created and registered.
I0919 07:53:10.251632 1856845 AssetAttributesManager.cpp:117] Asset attributes (cubeSolid : cubeSolid) created and registered.
I0919 07:53:10.251638 1856845 AssetAttributesManager.cpp:117] Asset attributes (cubeWireframe : cubeWireframe) created and registered.
I0919 07:53:10.251657 1856845 AssetAttributesManager.cpp:117] Asset attributes (cylinderSolid : cylinderSolid_rings_1_segments_12_halfLen_1_useTexCoords_false_useTangents_false_capEnds_true) created and registered.
I0919 07:53:10.251674 1856845 AssetAttributesManager.cpp:117] Asset attributes (cylinderWireframe : cylinderWireframe_rings_1_segments_32_halfLen_1) created and registered.
I0919 07:53:10.251684 1856845 AssetAttributesManager.cpp:117] Asset attributes (icosphereSolid : icosphereSolid_subdivs_1) created and registered.
I0919 07:53:10.251693 1856845 AssetAttributesManager.cpp:117] Asset attributes (icosphereWireframe : icosphereWireframe_subdivs_1) created and registered.
I0919 07:53:10.251708 1856845 AssetAttributesManager.cpp:117] Asset attributes (uvSphereSolid : uvSphereSolid_rings_8_segments_16_useTexCoords_false_useTangents_false) created and registered.
I0919 07:53:10.251720 1856845 AssetAttributesManager.cpp:117] Asset attributes (uvSphereWireframe : uvSphereWireframe_rings_16_segments_32) created and registered.
I0919 07:53:10.251726 1856845 AssetAttributesManager.cpp:105] AssetAttributesManager::buildCtorFuncPtrMaps : Built default primitive asset templates : 12
I0919 07:53:10.252115 1856845 SceneDatasetAttributesManager.cpp:23] File (default) not found, so new default dataset attributes created and registered.
I0919 07:53:10.252118 1856845 MetadataMediator.cpp:47] MetadataMediator::createDataset : Dataset default successfully created.
I0919 07:53:10.252318 1856845 AttributesManagerBase.h:283] AttributesManager<T>::createFromJsonOrDefaultInternal  (Physics Manager) : Proposing JSON name : ./data/default.physics_config.json from original name : ./data/default.physics_config.json | This file  does not exist.
I0919 07:53:10.252331 1856845 PhysicsAttributesManager.cpp:27] File (./data/default.physics_config.json) not found, so new default physics manager attributes created and registered.
I0919 07:53:10.252333 1856845 AbstractObjectAttributesManagerBase.h:175] AbstractObjectAttributesManager<T>::createObject  (Stage) : Making attributes with handle : /mnt/data_nas/deeprobotics/daiyang/vla/third_party/ETP-R1/data/scene_datasets/mp3d/82sE5b5pLXE/82sE5b5pLXE.glb
I0919 07:53:10.252337 1856845 ManagedContainerBase.cpp:19] ManagedContainerBase::convertFilenameToJSON : Filename : /mnt/data_nas/deeprobotics/daiyang/vla/third_party/ETP-R1/data/scene_datasets/mp3d/82sE5b5pLXE/82sE5b5pLXE.glb changed to proposed JSON configuration filename : /mnt/data_nas/deeprobotics/daiyang/vla/third_party/ETP-R1/data/scene_datasets/mp3d/82sE5b5pLXE/82sE5b5pLXE.stage_config.json
I0919 07:53:10.252348 1856845 AttributesManagerBase.h:283] AttributesManager<T>::createFromJsonOrDefaultInternal  (Stage) : Proposing JSON name : /mnt/data_nas/deeprobotics/daiyang/vla/third_party/ETP-R1/data/scene_datasets/mp3d/82sE5b5pLXE/82sE5b5pLXE.stage_config.json from original name : /mnt/data_nas/deeprobotics/daiyang/vla/third_party/ETP-R1/data/scene_datasets/mp3d/82sE5b5pLXE/82sE5b5pLXE.glb | This file  does not exist.
I0919 07:53:10.252394 1856845 AbstractObjectAttributesManagerBase.h:181] AbstractObjectAttributesManager<T>::createObject  (Stage) : Done making attributes with handle : /mnt/data_nas/deeprobotics/daiyang/vla/third_party/ETP-R1/data/scene_datasets/mp3d/82sE5b5pLXE/82sE5b5pLXE.glb
I0919 07:53:10.252396 1856845 AbstractObjectAttributesManagerBase.h:188] File (/mnt/data_nas/deeprobotics/daiyang/vla/third_party/ETP-R1/data/scene_datasets/mp3d/82sE5b5pLXE/82sE5b5pLXE.glb) exists but is not a recognized config filename extension, so new default Stage attributes created and registered.
I0919 07:53:10.252401 1856845 Simulator.cpp:156] Loading navmesh from /mnt/data_nas/deeprobotics/daiyang/vla/third_party/ETP-R1/data/scene_datasets/mp3d/82sE5b5pLXE/82sE5b5pLXE.navmesh
I0919 07:53:10.253165 1856845 Simulator.cpp:158] Loaded.
I0919 07:53:10.253172 1856845 SceneGraph.h:93] Created DrawableGroup: 
Renderer: NVIDIA GeForce RTX 5090/PCIe/SSE2 by NVIDIA Corporation
OpenGL version: 4.6.0 NVIDIA 580.126.09
Using optional features:
    GL_ARB_ES2_compatibility
    GL_ARB_direct_state_access
    GL_ARB_get_texture_sub_image
    GL_ARB_invalidate_subdata
    GL_ARB_multi_bind
    GL_ARB_robustness
    GL_ARB_separate_shader_objects
    GL_ARB_texture_filter_anisotropic
    GL_ARB_texture_storage
    GL_ARB_texture_storage_multisample
    GL_ARB_vertex_array_object
    GL_KHR_debug
Using driver workarounds:
    no-forward-compatible-core-context
    nv-egl-incorrect-gl11-function-pointers
    no-layout-qualifiers-on-old-glsl
    nv-zero-context-profile-mask
    nv-implementation-color-read-format-dsa-broken
    nv-cubemap-inconsistent-compressed-image-size
    nv-cubemap-broken-full-compressed-image-query
    nv-compressed-block-size-in-bits
I0919 07:53:10.256721 1856845 ResourceManager.cpp:234] ResourceManager::loadStage : Not loading semantic mesh
I0919 07:53:10.256729 1856845 ResourceManager.cpp:262] ResourceManager::loadStage : start load render asset /mnt/data_nas/deeprobotics/daiyang/vla/third_party/ETP-R1/data/scene_datasets/mp3d/82sE5b5pLXE/82sE5b5pLXE.glb.
I0919 07:53:10.256731 1856845 ResourceManager.cpp:569] ResourceManager::loadStageInternal : Attempting to load stage /mnt/data_nas/deeprobotics/daiyang/vla/third_party/ETP-R1/data/scene_datasets/mp3d/82sE5b5pLXE/82sE5b5pLXE.glb 
I0919 07:53:10.256747 1856845 ResourceManager.cpp:1119] Importing Basis files as BC7 for 82sE5b5pLXE.glb
W0919 07:53:12.280324 1856845 Simulator.cpp:248] :
---
 The active scene does not contain semantic annotations. 
---
I0919 07:53:12.317907 1856845 simulator.py:213] Loaded navmesh /mnt/data_nas/deeprobotics/daiyang/vla/third_party/ETP-R1/data/scene_datasets/mp3d/82sE5b5pLXE/82sE5b5pLXE.navmesh
I0919 07:54:19.551435 1856845 PhysicsManager.cpp:33] Deconstructing PhysicsManager
I0919 07:54:19.551486 1856845 SemanticScene.h:41] Deconstructing SemanticScene
I0919 07:54:19.552973 1856845 SceneManager.h:25] Deconstructing SceneManager
I0919 07:54:19.552979 1856845 SceneGraph.h:26] Deconstructing SceneGraph
I0919 07:54:19.553231 1856845 Sensor.h:87] Deconstructing Sensor
I0919 07:54:19.556453 1856845 Renderer.cpp:34] Deconstructing Renderer
I0919 07:54:19.556474 1856845 WindowlessContext.h:17] Deconstructing WindowlessContext
I0919 07:54:19.563390 1856845 ManagedContainerBase.cpp:19] ManagedContainerBase::convertFilenameToJSON : Filename : default changed to proposed JSON configuration filename : default.scene_dataset_config.json
I0919 07:54:19.563408 1856845 AttributesManagerBase.h:283] AttributesManager<T>::createFromJsonOrDefaultInternal  (Dataset) : Proposing JSON name : default.scene_dataset_config.json from original name : default | This file  does not exist.
I0919 07:54:19.563618 1856845 AssetAttributesManager.cpp:117] Asset attributes (capsule3DSolid : capsule3DSolid_hemiRings_4_cylRings_1_segments_12_halfLen_0.75_useTexCoords_false_useTangents_false) created and registered.
I0919 07:54:19.563644 1856845 AssetAttributesManager.cpp:117] Asset attributes (capsule3DWireframe : capsule3DWireframe_hemiRings_8_cylRings_1_segments_16_halfLen_1) created and registered.
I0919 07:54:19.563668 1856845 AssetAttributesManager.cpp:117] Asset attributes (coneSolid : coneSolid_segments_12_halfLen_1.25_rings_1_useTexCoords_false_useTangents_false_capEnd_true) created and registered.
I0919 07:54:19.563683 1856845 AssetAttributesManager.cpp:117] Asset attributes (coneWireframe : coneWireframe_segments_32_halfLen_1.25) created and registered.
I0919 07:54:19.563690 1856845 AssetAttributesManager.cpp:117] Asset attributes (cubeSolid : cubeSolid) created and registered.
I0919 07:54:19.563696 1856845 AssetAttributesManager.cpp:117] Asset attributes (cubeWireframe : cubeWireframe) created and registered.
I0919 07:54:19.563715 1856845 AssetAttributesManager.cpp:117] Asset attributes (cylinderSolid : cylinderSolid_rings_1_segments_12_halfLen_1_useTexCoords_false_useTangents_false_capEnds_true) created and registered.
I0919 07:54:19.563732 1856845 AssetAttributesManager.cpp:117] Asset attributes (cylinderWireframe : cylinderWireframe_rings_1_segments_32_halfLen_1) created and registered.
I0919 07:54:19.563743 1856845 AssetAttributesManager.cpp:117] Asset attributes (icosphereSolid : icosphereSolid_subdivs_1) created and registered.
I0919 07:54:19.563751 1856845 AssetAttributesManager.cpp:117] Asset attributes (icosphereWireframe : icosphereWireframe_subdivs_1) created and registered.
I0919 07:54:19.563766 1856845 AssetAttributesManager.cpp:117] Asset attributes (uvSphereSolid : uvSphereSolid_rings_8_segments_16_useTexCoords_false_useTangents_false) created and registered.
I0919 07:54:19.563778 1856845 AssetAttributesManager.cpp:117] Asset attributes (uvSphereWireframe : uvSphereWireframe_rings_16_segments_32) created and registered.
I0919 07:54:19.563786 1856845 AssetAttributesManager.cpp:105] AssetAttributesManager::buildCtorFuncPtrMaps : Built default primitive asset templates : 12
I0919 07:54:19.564172 1856845 SceneDatasetAttributesManager.cpp:23] File (default) not found, so new default dataset attributes created and registered.
I0919 07:54:19.564174 1856845 MetadataMediator.cpp:47] MetadataMediator::createDataset : Dataset default successfully created.
I0919 07:54:19.564360 1856845 AttributesManagerBase.h:283] AttributesManager<T>::createFromJsonOrDefaultInternal  (Physics Manager) : Proposing JSON name : ./data/default.physics_config.json from original name : ./data/default.physics_config.json | This file  does not exist.
I0919 07:54:19.564371 1856845 PhysicsAttributesManager.cpp:27] File (./data/default.physics_config.json) not found, so new default physics manager attributes created and registered.
I0919 07:54:19.564383 1856845 AbstractObjectAttributesManagerBase.h:175] AbstractObjectAttributesManager<T>::createObject  (Stage) : Making attributes with handle : /mnt/data_nas/deeprobotics/daiyang/vla/third_party/ETP-R1/data/scene_datasets/mp3d/B6ByNegPMKs/B6ByNegPMKs.glb
I0919 07:54:19.564386 1856845 ManagedContainerBase.cpp:19] ManagedContainerBase::convertFilenameToJSON : Filename : /mnt/data_nas/deeprobotics/daiyang/vla/third_party/ETP-R1/data/scene_datasets/mp3d/B6ByNegPMKs/B6ByNegPMKs.glb changed to proposed JSON configuration filename : /mnt/data_nas/deeprobotics/daiyang/vla/third_party/ETP-R1/data/scene_datasets/mp3d/B6ByNegPMKs/B6ByNegPMKs.stage_config.json
I0919 07:54:19.564396 1856845 AttributesManagerBase.h:283] AttributesManager<T>::createFromJsonOrDefaultInternal  (Stage) : Proposing JSON name : /mnt/data_nas/deeprobotics/daiyang/vla/third_party/ETP-R1/data/scene_datasets/mp3d/B6ByNegPMKs/B6ByNegPMKs.stage_config.json from original name : /mnt/data_nas/deeprobotics/daiyang/vla/third_party/ETP-R1/data/scene_datasets/mp3d/B6ByNegPMKs/B6ByNegPMKs.glb | This file  does not exist.
I0919 07:54:19.564441 1856845 AbstractObjectAttributesManagerBase.h:181] AbstractObjectAttributesManager<T>::createObject  (Stage) : Done making attributes with handle : /mnt/data_nas/deeprobotics/daiyang/vla/third_party/ETP-R1/data/scene_datasets/mp3d/B6ByNegPMKs/B6ByNegPMKs.glb
I0919 07:54:19.564443 1856845 AbstractObjectAttributesManagerBase.h:188] File (/mnt/data_nas/deeprobotics/daiyang/vla/third_party/ETP-R1/data/scene_datasets/mp3d/B6ByNegPMKs/B6ByNegPMKs.glb) exists but is not a recognized config filename extension, so new default Stage attributes created and registered.
I0919 07:54:19.564448 1856845 Simulator.cpp:156] Loading navmesh from /mnt/data_nas/deeprobotics/daiyang/vla/third_party/ETP-R1/data/scene_datasets/mp3d/B6ByNegPMKs/B6ByNegPMKs.navmesh
I0919 07:54:19.565603 1856845 Simulator.cpp:158] Loaded.
I0919 07:54:19.565611 1856845 SceneGraph.h:93] Created DrawableGroup: 
Renderer: NVIDIA GeForce RTX 5090/PCIe/SSE2 by NVIDIA Corporation
OpenGL version: 4.6.0 NVIDIA 580.126.09
Using optional features:
    GL_ARB_ES2_compatibility
    GL_ARB_direct_state_access
    GL_ARB_get_texture_sub_image
    GL_ARB_invalidate_subdata
    GL_ARB_multi_bind
    GL_ARB_robustness
    GL_ARB_separate_shader_objects
    GL_ARB_texture_filter_anisotropic
    GL_ARB_texture_storage
    GL_ARB_texture_storage_multisample
    GL_ARB_vertex_array_object
    GL_KHR_debug
Using driver workarounds:
    no-forward-compatible-core-context
    nv-egl-incorrect-gl11-function-pointers
    no-layout-qualifiers-on-old-glsl
    nv-zero-context-profile-mask
    nv-implementation-color-read-format-dsa-broken
    nv-cubemap-inconsistent-compressed-image-size
    nv-cubemap-broken-full-compressed-image-query
    nv-compressed-block-size-in-bits
I0919 07:54:19.585273 1856845 ResourceManager.cpp:234] ResourceManager::loadStage : Not loading semantic mesh
I0919 07:54:19.585289 1856845 ResourceManager.cpp:262] ResourceManager::loadStage : start load render asset /mnt/data_nas/deeprobotics/daiyang/vla/third_party/ETP-R1/data/scene_datasets/mp3d/B6ByNegPMKs/B6ByNegPMKs.glb.
I0919 07:54:19.585292 1856845 ResourceManager.cpp:569] ResourceManager::loadStageInternal : Attempting to load stage /mnt/data_nas/deeprobotics/daiyang/vla/third_party/ETP-R1/data/scene_datasets/mp3d/B6ByNegPMKs/B6ByNegPMKs.glb 
I0919 07:54:19.585319 1856845 ResourceManager.cpp:1119] Importing Basis files as BC7 for B6ByNegPMKs.glb
W0919 07:54:29.252588 1856845 Simulator.cpp:248] :
---
 The active scene does not contain semantic annotations. 
---
I0919 07:54:29.455566 1856845 simulator.py:213] Loaded navmesh /mnt/data_nas/deeprobotics/daiyang/vla/third_party/ETP-R1/data/scene_datasets/mp3d/B6ByNegPMKs/B6ByNegPMKs.navmesh
I0919 07:55:11.765919 1856845 PhysicsManager.cpp:33] Deconstructing PhysicsManager
I0919 07:55:11.765959 1856845 SemanticScene.h:41] Deconstructing SemanticScene
I0919 07:55:11.783380 1856845 SceneManager.h:25] Deconstructing SceneManager
I0919 07:55:11.783396 1856845 SceneGraph.h:26] Deconstructing SceneGraph
I0919 07:55:11.783826 1856845 Sensor.h:87] Deconstructing Sensor
I0919 07:55:11.795076 1856845 Renderer.cpp:34] Deconstructing Renderer
I0919 07:55:11.795105 1856845 WindowlessContext.h:17] Deconstructing WindowlessContext
I0919 07:55:11.812762 1856845 ManagedContainerBase.cpp:19] ManagedContainerBase::convertFilenameToJSON : Filename : default changed to proposed JSON configuration filename : default.scene_dataset_config.json
I0919 07:55:11.812781 1856845 AttributesManagerBase.h:283] AttributesManager<T>::createFromJsonOrDefaultInternal  (Dataset) : Proposing JSON name : default.scene_dataset_config.json from original name : default | This file  does not exist.
I0919 07:55:11.812979 1856845 AssetAttributesManager.cpp:117] Asset attributes (capsule3DSolid : capsule3DSolid_hemiRings_4_cylRings_1_segments_12_halfLen_0.75_useTexCoords_false_useTangents_false) created and registered.
I0919 07:55:11.813007 1856845 AssetAttributesManager.cpp:117] Asset attributes (capsule3DWireframe : capsule3DWireframe_hemiRings_8_cylRings_1_segments_16_halfLen_1) created and registered.
I0919 07:55:11.813031 1856845 AssetAttributesManager.cpp:117] Asset attributes (coneSolid : coneSolid_segments_12_halfLen_1.25_rings_1_useTexCoords_false_useTangents_false_capEnd_true) created and registered.
I0919 07:55:11.813046 1856845 AssetAttributesManager.cpp:117] Asset attributes (coneWireframe : coneWireframe_segments_32_halfLen_1.25) created and registered.
I0919 07:55:11.813054 1856845 AssetAttributesManager.cpp:117] Asset attributes (cubeSolid : cubeSolid) created and registered.
I0919 07:55:11.813061 1856845 AssetAttributesManager.cpp:117] Asset attributes (cubeWireframe : cubeWireframe) created and registered.
I0919 07:55:11.813081 1856845 AssetAttributesManager.cpp:117] Asset attributes (cylinderSolid : cylinderSolid_rings_1_segments_12_halfLen_1_useTexCoords_false_useTangents_false_capEnds_true) created and registered.
I0919 07:55:11.813097 1856845 AssetAttributesManager.cpp:117] Asset attributes (cylinderWireframe : cylinderWireframe_rings_1_segments_32_halfLen_1) created and registered.
I0919 07:55:11.813107 1856845 AssetAttributesManager.cpp:117] Asset attributes (icosphereSolid : icosphereSolid_subdivs_1) created and registered.
I0919 07:55:11.813117 1856845 AssetAttributesManager.cpp:117] Asset attributes (icosphereWireframe : icosphereWireframe_subdivs_1) created and registered.
I0919 07:55:11.813130 1856845 AssetAttributesManager.cpp:117] Asset attributes (uvSphereSolid : uvSphereSolid_rings_8_segments_16_useTexCoords_false_useTangents_false) created and registered.
I0919 07:55:11.813143 1856845 AssetAttributesManager.cpp:117] Asset attributes (uvSphereWireframe : uvSphereWireframe_rings_16_segments_32) created and registered.
I0919 07:55:11.813150 1856845 AssetAttributesManager.cpp:105] AssetAttributesManager::buildCtorFuncPtrMaps : Built default primitive asset templates : 12
I0919 07:55:11.813553 1856845 SceneDatasetAttributesManager.cpp:23] File (default) not found, so new default dataset attributes created and registered.
I0919 07:55:11.813555 1856845 MetadataMediator.cpp:47] MetadataMediator::createDataset : Dataset default successfully created.
I0919 07:55:11.813751 1856845 AttributesManagerBase.h:283] AttributesManager<T>::createFromJsonOrDefaultInternal  (Physics Manager) : Proposing JSON name : ./data/default.physics_config.json from original name : ./data/default.physics_config.json | This file  does not exist.
I0919 07:55:11.813763 1856845 PhysicsAttributesManager.cpp:27] File (./data/default.physics_config.json) not found, so new default physics manager attributes created and registered.
I0919 07:55:11.813766 1856845 AbstractObjectAttributesManagerBase.h:175] AbstractObjectAttributesManager<T>::createObject  (Stage) : Making attributes with handle : /mnt/data_nas/deeprobotics/daiyang/vla/third_party/ETP-R1/data/scene_datasets/mp3d/PuKPg4mmafe/PuKPg4mmafe.glb
I0919 07:55:11.813778 1856845 ManagedContainerBase.cpp:19] ManagedContainerBase::convertFilenameToJSON : Filename : /mnt/data_nas/deeprobotics/daiyang/vla/third_party/ETP-R1/data/scene_datasets/mp3d/PuKPg4mmafe/PuKPg4mmafe.glb changed to proposed JSON configuration filename : /mnt/data_nas/deeprobotics/daiyang/vla/third_party/ETP-R1/data/scene_datasets/mp3d/PuKPg4mmafe/PuKPg4mmafe.stage_config.json
I0919 07:55:11.813789 1856845 AttributesManagerBase.h:283] AttributesManager<T>::createFromJsonOrDefaultInternal  (Stage) : Proposing JSON name : /mnt/data_nas/deeprobotics/daiyang/vla/third_party/ETP-R1/data/scene_datasets/mp3d/PuKPg4mmafe/PuKPg4mmafe.stage_config.json from original name : /mnt/data_nas/deeprobotics/daiyang/vla/third_party/ETP-R1/data/scene_datasets/mp3d/PuKPg4mmafe/PuKPg4mmafe.glb | This file  does not exist.
I0919 07:55:11.813835 1856845 AbstractObjectAttributesManagerBase.h:181] AbstractObjectAttributesManager<T>::createObject  (Stage) : Done making attributes with handle : /mnt/data_nas/deeprobotics/daiyang/vla/third_party/ETP-R1/data/scene_datasets/mp3d/PuKPg4mmafe/PuKPg4mmafe.glb
I0919 07:55:11.813838 1856845 AbstractObjectAttributesManagerBase.h:188] File (/mnt/data_nas/deeprobotics/daiyang/vla/third_party/ETP-R1/data/scene_datasets/mp3d/PuKPg4mmafe/PuKPg4mmafe.glb) exists but is not a recognized config filename extension, so new default Stage attributes created and registered.
I0919 07:55:11.813843 1856845 Simulator.cpp:156] Loading navmesh from /mnt/data_nas/deeprobotics/daiyang/vla/third_party/ETP-R1/data/scene_datasets/mp3d/PuKPg4mmafe/PuKPg4mmafe.navmesh
I0919 07:55:11.815126 1856845 Simulator.cpp:158] Loaded.
I0919 07:55:11.815136 1856845 SceneGraph.h:93] Created DrawableGroup: 
Renderer: NVIDIA GeForce RTX 5090/PCIe/SSE2 by NVIDIA Corporation
OpenGL version: 4.6.0 NVIDIA 580.126.09
Using optional features:
    GL_ARB_ES2_compatibility
    GL_ARB_direct_state_access
    GL_ARB_get_texture_sub_image
    GL_ARB_invalidate_subdata
    GL_ARB_multi_bind
    GL_ARB_robustness
    GL_ARB_separate_shader_objects
    GL_ARB_texture_filter_anisotropic
    GL_ARB_texture_storage
    GL_ARB_texture_storage_multisample
    GL_ARB_vertex_array_object
    GL_KHR_debug
Using driver workarounds:
    no-forward-compatible-core-context
    nv-egl-incorrect-gl11-function-pointers
    no-layout-qualifiers-on-old-glsl
    nv-zero-context-profile-mask
    nv-implementation-color-read-format-dsa-broken
    nv-cubemap-inconsistent-compressed-image-size
    nv-cubemap-broken-full-compressed-image-query
    nv-compressed-block-size-in-bits
I0919 07:55:11.818790 1856845 ResourceManager.cpp:234] ResourceManager::loadStage : Not loading semantic mesh
I0919 07:55:11.818799 1856845 ResourceManager.cpp:262] ResourceManager::loadStage : start load render asset /mnt/data_nas/deeprobotics/daiyang/vla/third_party/ETP-R1/data/scene_datasets/mp3d/PuKPg4mmafe/PuKPg4mmafe.glb.
I0919 07:55:11.818801 1856845 ResourceManager.cpp:569] ResourceManager::loadStageInternal : Attempting to load stage /mnt/data_nas/deeprobotics/daiyang/vla/third_party/ETP-R1/data/scene_datasets/mp3d/PuKPg4mmafe/PuKPg4mmafe.glb 
I0919 07:55:11.818817 1856845 ResourceManager.cpp:1119] Importing Basis files as BC7 for PuKPg4mmafe.glb
W0919 07:55:16.402138 1856845 Simulator.cpp:248] :
---
 The active scene does not contain semantic annotations. 
---
I0919 07:55:16.421723 1856845 simulator.py:213] Loaded navmesh /mnt/data_nas/deeprobotics/daiyang/vla/third_party/ETP-R1/data/scene_datasets/mp3d/PuKPg4mmafe/PuKPg4mmafe.navmesh
I0919 07:58:05.857251 1856845 PhysicsManager.cpp:33] Deconstructing PhysicsManager
I0919 07:58:05.857300 1856845 SemanticScene.h:41] Deconstructing SemanticScene
I0919 07:58:05.858130 1856845 SceneManager.h:25] Deconstructing SceneManager
I0919 07:58:05.858134 1856845 SceneGraph.h:26] Deconstructing SceneGraph
I0919 07:58:05.858400 1856845 Sensor.h:87] Deconstructing Sensor
I0919 07:58:05.863049 1856845 Renderer.cpp:34] Deconstructing Renderer
I0919 07:58:05.863075 1856845 WindowlessContext.h:17] Deconstructing WindowlessContext
I0919 07:58:05.877333 1856845 ManagedContainerBase.cpp:19] ManagedContainerBase::convertFilenameToJSON : Filename : default changed to proposed JSON configuration filename : default.scene_dataset_config.json
I0919 07:58:05.877350 1856845 AttributesManagerBase.h:283] AttributesManager<T>::createFromJsonOrDefaultInternal  (Dataset) : Proposing JSON name : default.scene_dataset_config.json from original name : default | This file  does not exist.
I0919 07:58:05.877516 1856845 AssetAttributesManager.cpp:117] Asset attributes (capsule3DSolid : capsule3DSolid_hemiRings_4_cylRings_1_segments_12_halfLen_0.75_useTexCoords_false_useTangents_false) created and registered.
I0919 07:58:05.877543 1856845 AssetAttributesManager.cpp:117] Asset attributes (capsule3DWireframe : capsule3DWireframe_hemiRings_8_cylRings_1_segments_16_halfLen_1) created and registered.
I0919 07:58:05.877568 1856845 AssetAttributesManager.cpp:117] Asset attributes (coneSolid : coneSolid_segments_12_halfLen_1.25_rings_1_useTexCoords_false_useTangents_false_capEnd_true) created and registered.
I0919 07:58:05.877583 1856845 AssetAttributesManager.cpp:117] Asset attributes (coneWireframe : coneWireframe_segments_32_halfLen_1.25) created and registered.
I0919 07:58:05.877591 1856845 AssetAttributesManager.cpp:117] Asset attributes (cubeSolid : cubeSolid) created and registered.
I0919 07:58:05.877597 1856845 AssetAttributesManager.cpp:117] Asset attributes (cubeWireframe : cubeWireframe) created and registered.
I0919 07:58:05.877616 1856845 AssetAttributesManager.cpp:117] Asset attributes (cylinderSolid : cylinderSolid_rings_1_segments_12_halfLen_1_useTexCoords_false_useTangents_false_capEnds_true) created and registered.
I0919 07:58:05.877633 1856845 AssetAttributesManager.cpp:117] Asset attributes (cylinderWireframe : cylinderWireframe_rings_1_segments_32_halfLen_1) created and registered.
I0919 07:58:05.877645 1856845 AssetAttributesManager.cpp:117] Asset attributes (icosphereSolid : icosphereSolid_subdivs_1) created and registered.
I0919 07:58:05.877653 1856845 AssetAttributesManager.cpp:117] Asset attributes (icosphereWireframe : icosphereWireframe_subdivs_1) created and registered.
I0919 07:58:05.877667 1856845 AssetAttributesManager.cpp:117] Asset attributes (uvSphereSolid : uvSphereSolid_rings_8_segments_16_useTexCoords_false_useTangents_false) created and registered.
I0919 07:58:05.877681 1856845 AssetAttributesManager.cpp:117] Asset attributes (uvSphereWireframe : uvSphereWireframe_rings_16_segments_32) created and registered.
I0919 07:58:05.877686 1856845 AssetAttributesManager.cpp:105] AssetAttributesManager::buildCtorFuncPtrMaps : Built default primitive asset templates : 12
I0919 07:58:05.878151 1856845 SceneDatasetAttributesManager.cpp:23] File (default) not found, so new default dataset attributes created and registered.
I0919 07:58:05.878161 1856845 MetadataMediator.cpp:47] MetadataMediator::createDataset : Dataset default successfully created.
I0919 07:58:05.878810 1856845 AttributesManagerBase.h:283] AttributesManager<T>::createFromJsonOrDefaultInternal  (Physics Manager) : Proposing JSON name : ./data/default.physics_config.json from original name : ./data/default.physics_config.json | This file  does not exist.
I0919 07:58:05.878849 1856845 PhysicsAttributesManager.cpp:27] File (./data/default.physics_config.json) not found, so new default physics manager attributes created and registered.
I0919 07:58:05.878868 1856845 AbstractObjectAttributesManagerBase.h:175] AbstractObjectAttributesManager<T>::createObject  (Stage) : Making attributes with handle : /mnt/data_nas/deeprobotics/daiyang/vla/third_party/ETP-R1/data/scene_datasets/mp3d/aayBHfsNo7d/aayBHfsNo7d.glb
I0919 07:58:05.878876 1856845 ManagedContainerBase.cpp:19] ManagedContainerBase::convertFilenameToJSON : Filename : /mnt/data_nas/deeprobotics/daiyang/vla/third_party/ETP-R1/data/scene_datasets/mp3d/aayBHfsNo7d/aayBHfsNo7d.glb changed to proposed JSON configuration filename : /mnt/data_nas/deeprobotics/daiyang/vla/third_party/ETP-R1/data/scene_datasets/mp3d/aayBHfsNo7d/aayBHfsNo7d.stage_config.json
I0919 07:58:05.879012 1856845 AttributesManagerBase.h:283] AttributesManager<T>::createFromJsonOrDefaultInternal  (Stage) : Proposing JSON name : /mnt/data_nas/deeprobotics/daiyang/vla/third_party/ETP-R1/data/scene_datasets/mp3d/aayBHfsNo7d/aayBHfsNo7d.stage_config.json from original name : /mnt/data_nas/deeprobotics/daiyang/vla/third_party/ETP-R1/data/scene_datasets/mp3d/aayBHfsNo7d/aayBHfsNo7d.glb | This file  does not exist.
I0919 07:58:05.879076 1856845 AbstractObjectAttributesManagerBase.h:181] AbstractObjectAttributesManager<T>::createObject  (Stage) : Done making attributes with handle : /mnt/data_nas/deeprobotics/daiyang/vla/third_party/ETP-R1/data/scene_datasets/mp3d/aayBHfsNo7d/aayBHfsNo7d.glb
I0919 07:58:05.879078 1856845 AbstractObjectAttributesManagerBase.h:188] File (/mnt/data_nas/deeprobotics/daiyang/vla/third_party/ETP-R1/data/scene_datasets/mp3d/aayBHfsNo7d/aayBHfsNo7d.glb) exists but is not a recognized config filename extension, so new default Stage attributes created and registered.
I0919 07:58:05.879094 1856845 Simulator.cpp:156] Loading navmesh from /mnt/data_nas/deeprobotics/daiyang/vla/third_party/ETP-R1/data/scene_datasets/mp3d/aayBHfsNo7d/aayBHfsNo7d.navmesh
I0919 07:58:05.880096 1856845 Simulator.cpp:158] Loaded.
I0919 07:58:05.880105 1856845 SceneGraph.h:93] Created DrawableGroup: 
Renderer: NVIDIA GeForce RTX 5090/PCIe/SSE2 by NVIDIA Corporation
OpenGL version: 4.6.0 NVIDIA 580.126.09
Using optional features:
    GL_ARB_ES2_compatibility
    GL_ARB_direct_state_access
    GL_ARB_get_texture_sub_image
    GL_ARB_invalidate_subdata
    GL_ARB_multi_bind
    GL_ARB_robustness
    GL_ARB_separate_shader_objects
    GL_ARB_texture_filter_anisotropic
    GL_ARB_texture_storage
    GL_ARB_texture_storage_multisample
    GL_ARB_vertex_array_object
    GL_KHR_debug
Using driver workarounds:
    no-forward-compatible-core-context
    nv-egl-incorrect-gl11-function-pointers
    no-layout-qualifiers-on-old-glsl
    nv-zero-context-profile-mask
    nv-implementation-color-read-format-dsa-broken
    nv-cubemap-inconsistent-compressed-image-size
    nv-cubemap-broken-full-compressed-image-query
    nv-compressed-block-size-in-bits
I0919 07:58:05.883761 1856845 ResourceManager.cpp:234] ResourceManager::loadStage : Not loading semantic mesh
I0919 07:58:05.883770 1856845 ResourceManager.cpp:262] ResourceManager::loadStage : start load render asset /mnt/data_nas/deeprobotics/daiyang/vla/third_party/ETP-R1/data/scene_datasets/mp3d/aayBHfsNo7d/aayBHfsNo7d.glb.
I0919 07:58:05.883772 1856845 ResourceManager.cpp:569] ResourceManager::loadStageInternal : Attempting to load stage /mnt/data_nas/deeprobotics/daiyang/vla/third_party/ETP-R1/data/scene_datasets/mp3d/aayBHfsNo7d/aayBHfsNo7d.glb 
I0919 07:58:05.883788 1856845 ResourceManager.cpp:1119] Importing Basis files as BC7 for aayBHfsNo7d.glb
W0919 07:58:07.470427 1856845 Simulator.cpp:248] :
---
 The active scene does not contain semantic annotations. 
---
I0919 07:58:07.511140 1856845 simulator.py:213] Loaded navmesh /mnt/data_nas/deeprobotics/daiyang/vla/third_party/ETP-R1/data/scene_datasets/mp3d/aayBHfsNo7d/aayBHfsNo7d.navmesh
I0919 07:58:43.903406 1856845 PhysicsManager.cpp:33] Deconstructing PhysicsManager
I0919 07:58:43.903445 1856845 SemanticScene.h:41] Deconstructing SemanticScene
I0919 07:58:43.905753 1856845 SceneManager.h:25] Deconstructing SceneManager
I0919 07:58:43.905761 1856845 SceneGraph.h:26] Deconstructing SceneGraph
I0919 07:58:43.906332 1856845 Sensor.h:87] Deconstructing Sensor
I0919 07:58:43.908315 1856845 Renderer.cpp:34] Deconstructing Renderer
I0919 07:58:43.908337 1856845 WindowlessContext.h:17] Deconstructing WindowlessContext
I0919 07:58:43.914479 1856845 ManagedContainerBase.cpp:19] ManagedContainerBase::convertFilenameToJSON : Filename : default changed to proposed JSON configuration filename : default.scene_dataset_config.json
I0919 07:58:43.914494 1856845 AttributesManagerBase.h:283] AttributesManager<T>::createFromJsonOrDefaultInternal  (Dataset) : Proposing JSON name : default.scene_dataset_config.json from original name : default | This file  does not exist.
I0919 07:58:43.914945 1856845 AssetAttributesManager.cpp:117] Asset attributes (capsule3DSolid : capsule3DSolid_hemiRings_4_cylRings_1_segments_12_halfLen_0.75_useTexCoords_false_useTangents_false) created and registered.
I0919 07:58:43.914973 1856845 AssetAttributesManager.cpp:117] Asset attributes (capsule3DWireframe : capsule3DWireframe_hemiRings_8_cylRings_1_segments_16_halfLen_1) created and registered.
I0919 07:58:43.914996 1856845 AssetAttributesManager.cpp:117] Asset attributes (coneSolid : coneSolid_segments_12_halfLen_1.25_rings_1_useTexCoords_false_useTangents_false_capEnd_true) created and registered.
I0919 07:58:43.915011 1856845 AssetAttributesManager.cpp:117] Asset attributes (coneWireframe : coneWireframe_segments_32_halfLen_1.25) created and registered.
I0919 07:58:43.915019 1856845 AssetAttributesManager.cpp:117] Asset attributes (cubeSolid : cubeSolid) created and registered.
I0919 07:58:43.915025 1856845 AssetAttributesManager.cpp:117] Asset attributes (cubeWireframe : cubeWireframe) created and registered.
I0919 07:58:43.915045 1856845 AssetAttributesManager.cpp:117] Asset attributes (cylinderSolid : cylinderSolid_rings_1_segments_12_halfLen_1_useTexCoords_false_useTangents_false_capEnds_true) created and registered.
I0919 07:58:43.915061 1856845 AssetAttributesManager.cpp:117] Asset attributes (cylinderWireframe : cylinderWireframe_rings_1_segments_32_halfLen_1) created and registered.
I0919 07:58:43.915071 1856845 AssetAttributesManager.cpp:117] Asset attributes (icosphereSolid : icosphereSolid_subdivs_1) created and registered.
I0919 07:58:43.915081 1856845 AssetAttributesManager.cpp:117] Asset attributes (icosphereWireframe : icosphereWireframe_subdivs_1) created and registered.
I0919 07:58:43.915094 1856845 AssetAttributesManager.cpp:117] Asset attributes (uvSphereSolid : uvSphereSolid_rings_8_segments_16_useTexCoords_false_useTangents_false) created and registered.
I0919 07:58:43.915107 1856845 AssetAttributesManager.cpp:117] Asset attributes (uvSphereWireframe : uvSphereWireframe_rings_16_segments_32) created and registered.
I0919 07:58:43.915112 1856845 AssetAttributesManager.cpp:105] AssetAttributesManager::buildCtorFuncPtrMaps : Built default primitive asset templates : 12
I0919 07:58:43.915511 1856845 SceneDatasetAttributesManager.cpp:23] File (default) not found, so new default dataset attributes created and registered.
I0919 07:58:43.915513 1856845 MetadataMediator.cpp:47] MetadataMediator::createDataset : Dataset default successfully created.
I0919 07:58:43.915691 1856845 AttributesManagerBase.h:283] AttributesManager<T>::createFromJsonOrDefaultInternal  (Physics Manager) : Proposing JSON name : ./data/default.physics_config.json from original name : ./data/default.physics_config.json | This file  does not exist.
I0919 07:58:43.915702 1856845 PhysicsAttributesManager.cpp:27] File (./data/default.physics_config.json) not found, so new default physics manager attributes created and registered.
I0919 07:58:43.915705 1856845 AbstractObjectAttributesManagerBase.h:175] AbstractObjectAttributesManager<T>::createObject  (Stage) : Making attributes with handle : /mnt/data_nas/deeprobotics/daiyang/vla/third_party/ETP-R1/data/scene_datasets/mp3d/82sE5b5pLXE/82sE5b5pLXE.glb
I0919 07:58:43.915709 1856845 ManagedContainerBase.cpp:19] ManagedContainerBase::convertFilenameToJSON : Filename : /mnt/data_nas/deeprobotics/daiyang/vla/third_party/ETP-R1/data/scene_datasets/mp3d/82sE5b5pLXE/82sE5b5pLXE.glb changed to proposed JSON configuration filename : /mnt/data_nas/deeprobotics/daiyang/vla/third_party/ETP-R1/data/scene_datasets/mp3d/82sE5b5pLXE/82sE5b5pLXE.stage_config.json
I0919 07:58:43.916674 1856845 AttributesManagerBase.h:283] AttributesManager<T>::createFromJsonOrDefaultInternal  (Stage) : Proposing JSON name : /mnt/data_nas/deeprobotics/daiyang/vla/third_party/ETP-R1/data/scene_datasets/mp3d/82sE5b5pLXE/82sE5b5pLXE.stage_config.json from original name : /mnt/data_nas/deeprobotics/daiyang/vla/third_party/ETP-R1/data/scene_datasets/mp3d/82sE5b5pLXE/82sE5b5pLXE.glb | This file  does not exist.
I0919 07:58:43.916724 1856845 AbstractObjectAttributesManagerBase.h:181] AbstractObjectAttributesManager<T>::createObject  (Stage) : Done making attributes with handle : /mnt/data_nas/deeprobotics/daiyang/vla/third_party/ETP-R1/data/scene_datasets/mp3d/82sE5b5pLXE/82sE5b5pLXE.glb
I0919 07:58:43.916726 1856845 AbstractObjectAttributesManagerBase.h:188] File (/mnt/data_nas/deeprobotics/daiyang/vla/third_party/ETP-R1/data/scene_datasets/mp3d/82sE5b5pLXE/82sE5b5pLXE.glb) exists but is not a recognized config filename extension, so new default Stage attributes created and registered.
I0919 07:58:43.916731 1856845 Simulator.cpp:156] Loading navmesh from /mnt/data_nas/deeprobotics/daiyang/vla/third_party/ETP-R1/data/scene_datasets/mp3d/82sE5b5pLXE/82sE5b5pLXE.navmesh
I0919 07:58:43.917948 1856845 Simulator.cpp:158] Loaded.
I0919 07:58:43.917956 1856845 SceneGraph.h:93] Created DrawableGroup: 
Renderer: NVIDIA GeForce RTX 5090/PCIe/SSE2 by NVIDIA Corporation
OpenGL version: 4.6.0 NVIDIA 580.126.09
Using optional features:
    GL_ARB_ES2_compatibility
    GL_ARB_direct_state_access
    GL_ARB_get_texture_sub_image
    GL_ARB_invalidate_subdata
    GL_ARB_multi_bind
    GL_ARB_robustness
    GL_ARB_separate_shader_objects
    GL_ARB_texture_filter_anisotropic
    GL_ARB_texture_storage
    GL_ARB_texture_storage_multisample
    GL_ARB_vertex_array_object
    GL_KHR_debug
Using driver workarounds:
    no-forward-compatible-core-context
    nv-egl-incorrect-gl11-function-pointers
    no-layout-qualifiers-on-old-glsl
    nv-zero-context-profile-mask
    nv-implementation-color-read-format-dsa-broken
    nv-cubemap-inconsistent-compressed-image-size
    nv-cubemap-broken-full-compressed-image-query
    nv-compressed-block-size-in-bits
I0919 07:58:43.921511 1856845 ResourceManager.cpp:234] ResourceManager::loadStage : Not loading semantic mesh
I0919 07:58:43.921520 1856845 ResourceManager.cpp:262] ResourceManager::loadStage : start load render asset /mnt/data_nas/deeprobotics/daiyang/vla/third_party/ETP-R1/data/scene_datasets/mp3d/82sE5b5pLXE/82sE5b5pLXE.glb.
I0919 07:58:43.921522 1856845 ResourceManager.cpp:569] ResourceManager::loadStageInternal : Attempting to load stage /mnt/data_nas/deeprobotics/daiyang/vla/third_party/ETP-R1/data/scene_datasets/mp3d/82sE5b5pLXE/82sE5b5pLXE.glb 
I0919 07:58:43.921536 1856845 ResourceManager.cpp:1119] Importing Basis files as BC7 for 82sE5b5pLXE.glb
W0919 07:58:45.919284 1856845 Simulator.cpp:248] :
---
 The active scene does not contain semantic annotations. 
---
I0919 07:58:45.955876 1856845 simulator.py:213] Loaded navmesh /mnt/data_nas/deeprobotics/daiyang/vla/third_party/ETP-R1/data/scene_datasets/mp3d/82sE5b5pLXE/82sE5b5pLXE.navmesh
I0919 08:03:22.255891 1856845 PhysicsManager.cpp:33] Deconstructing PhysicsManager
I0919 08:03:22.255944 1856845 SemanticScene.h:41] Deconstructing SemanticScene
I0919 08:03:22.257568 1856845 SceneManager.h:25] Deconstructing SceneManager
I0919 08:03:22.257575 1856845 SceneGraph.h:26] Deconstructing SceneGraph
I0919 08:03:22.257813 1856845 Sensor.h:87] Deconstructing Sensor
I0919 08:03:22.260912 1856845 Renderer.cpp:34] Deconstructing Renderer
I0919 08:03:22.260932 1856845 WindowlessContext.h:17] Deconstructing WindowlessContext
I0919 08:03:22.266909 1856845 ManagedContainerBase.cpp:19] ManagedContainerBase::convertFilenameToJSON : Filename : default changed to proposed JSON configuration filename : default.scene_dataset_config.json
I0919 08:03:22.266925 1856845 AttributesManagerBase.h:283] AttributesManager<T>::createFromJsonOrDefaultInternal  (Dataset) : Proposing JSON name : default.scene_dataset_config.json from original name : default | This file  does not exist.
I0919 08:03:22.267169 1856845 AssetAttributesManager.cpp:117] Asset attributes (capsule3DSolid : capsule3DSolid_hemiRings_4_cylRings_1_segments_12_halfLen_0.75_useTexCoords_false_useTangents_false) created and registered.
I0919 08:03:22.267196 1856845 AssetAttributesManager.cpp:117] Asset attributes (capsule3DWireframe : capsule3DWireframe_hemiRings_8_cylRings_1_segments_16_halfLen_1) created and registered.
I0919 08:03:22.267225 1856845 AssetAttributesManager.cpp:117] Asset attributes (coneSolid : coneSolid_segments_12_halfLen_1.25_rings_1_useTexCoords_false_useTangents_false_capEnd_true) created and registered.
I0919 08:03:22.267241 1856845 AssetAttributesManager.cpp:117] Asset attributes (coneWireframe : coneWireframe_segments_32_halfLen_1.25) created and registered.
I0919 08:03:22.267249 1856845 AssetAttributesManager.cpp:117] Asset attributes (cubeSolid : cubeSolid) created and registered.
I0919 08:03:22.267256 1856845 AssetAttributesManager.cpp:117] Asset attributes (cubeWireframe : cubeWireframe) created and registered.
I0919 08:03:22.267280 1856845 AssetAttributesManager.cpp:117] Asset attributes (cylinderSolid : cylinderSolid_rings_1_segments_12_halfLen_1_useTexCoords_false_useTangents_false_capEnds_true) created and registered.
I0919 08:03:22.267297 1856845 AssetAttributesManager.cpp:117] Asset attributes (cylinderWireframe : cylinderWireframe_rings_1_segments_32_halfLen_1) created and registered.
I0919 08:03:22.267307 1856845 AssetAttributesManager.cpp:117] Asset attributes (icosphereSolid : icosphereSolid_subdivs_1) created and registered.
I0919 08:03:22.267316 1856845 AssetAttributesManager.cpp:117] Asset attributes (icosphereWireframe : icosphereWireframe_subdivs_1) created and registered.
I0919 08:03:22.267331 1856845 AssetAttributesManager.cpp:117] Asset attributes (uvSphereSolid : uvSphereSolid_rings_8_segments_16_useTexCoords_false_useTangents_false) created and registered.
I0919 08:03:22.267345 1856845 AssetAttributesManager.cpp:117] Asset attributes (uvSphereWireframe : uvSphereWireframe_rings_16_segments_32) created and registered.
I0919 08:03:22.267351 1856845 AssetAttributesManager.cpp:105] AssetAttributesManager::buildCtorFuncPtrMaps : Built default primitive asset templates : 12
I0919 08:03:22.267747 1856845 SceneDatasetAttributesManager.cpp:23] File (default) not found, so new default dataset attributes created and registered.
I0919 08:03:22.267750 1856845 MetadataMediator.cpp:47] MetadataMediator::createDataset : Dataset default successfully created.
I0919 08:03:22.267927 1856845 AttributesManagerBase.h:283] AttributesManager<T>::createFromJsonOrDefaultInternal  (Physics Manager) : Proposing JSON name : ./data/default.physics_config.json from original name : ./data/default.physics_config.json | This file  does not exist.
I0919 08:03:22.267939 1856845 PhysicsAttributesManager.cpp:27] File (./data/default.physics_config.json) not found, so new default physics manager attributes created and registered.
I0919 08:03:22.267943 1856845 AbstractObjectAttributesManagerBase.h:175] AbstractObjectAttributesManager<T>::createObject  (Stage) : Making attributes with handle : /mnt/data_nas/deeprobotics/daiyang/vla/third_party/ETP-R1/data/scene_datasets/mp3d/B6ByNegPMKs/B6ByNegPMKs.glb
I0919 08:03:22.267947 1856845 ManagedContainerBase.cpp:19] ManagedContainerBase::convertFilenameToJSON : Filename : /mnt/data_nas/deeprobotics/daiyang/vla/third_party/ETP-R1/data/scene_datasets/mp3d/B6ByNegPMKs/B6ByNegPMKs.glb changed to proposed JSON configuration filename : /mnt/data_nas/deeprobotics/daiyang/vla/third_party/ETP-R1/data/scene_datasets/mp3d/B6ByNegPMKs/B6ByNegPMKs.stage_config.json
I0919 08:03:22.267957 1856845 AttributesManagerBase.h:283] AttributesManager<T>::createFromJsonOrDefaultInternal  (Stage) : Proposing JSON name : /mnt/data_nas/deeprobotics/daiyang/vla/third_party/ETP-R1/data/scene_datasets/mp3d/B6ByNegPMKs/B6ByNegPMKs.stage_config.json from original name : /mnt/data_nas/deeprobotics/daiyang/vla/third_party/ETP-R1/data/scene_datasets/mp3d/B6ByNegPMKs/B6ByNegPMKs.glb | This file  does not exist.
I0919 08:03:22.268004 1856845 AbstractObjectAttributesManagerBase.h:181] AbstractObjectAttributesManager<T>::createObject  (Stage) : Done making attributes with handle : /mnt/data_nas/deeprobotics/daiyang/vla/third_party/ETP-R1/data/scene_datasets/mp3d/B6ByNegPMKs/B6ByNegPMKs.glb
I0919 08:03:22.268006 1856845 AbstractObjectAttributesManagerBase.h:188] File (/mnt/data_nas/deeprobotics/daiyang/vla/third_party/ETP-R1/data/scene_datasets/mp3d/B6ByNegPMKs/B6ByNegPMKs.glb) exists but is not a recognized config filename extension, so new default Stage attributes created and registered.
I0919 08:03:22.268014 1856845 Simulator.cpp:156] Loading navmesh from /mnt/data_nas/deeprobotics/daiyang/vla/third_party/ETP-R1/data/scene_datasets/mp3d/B6ByNegPMKs/B6ByNegPMKs.navmesh
I0919 08:03:22.269201 1856845 Simulator.cpp:158] Loaded.
I0919 08:03:22.269208 1856845 SceneGraph.h:93] Created DrawableGroup: 
Renderer: NVIDIA GeForce RTX 5090/PCIe/SSE2 by NVIDIA Corporation
OpenGL version: 4.6.0 NVIDIA 580.126.09
Using optional features:
    GL_ARB_ES2_compatibility
    GL_ARB_direct_state_access
    GL_ARB_get_texture_sub_image
    GL_ARB_invalidate_subdata
    GL_ARB_multi_bind
    GL_ARB_robustness
    GL_ARB_separate_shader_objects
    GL_ARB_texture_filter_anisotropic
    GL_ARB_texture_storage
    GL_ARB_texture_storage_multisample
    GL_ARB_vertex_array_object
    GL_KHR_debug
Using driver workarounds:
    no-forward-compatible-core-context
    nv-egl-incorrect-gl11-function-pointers
    no-layout-qualifiers-on-old-glsl
    nv-zero-context-profile-mask
    nv-implementation-color-read-format-dsa-broken
    nv-cubemap-inconsistent-compressed-image-size
    nv-cubemap-broken-full-compressed-image-query
    nv-compressed-block-size-in-bits
I0919 08:03:22.272708 1856845 ResourceManager.cpp:234] ResourceManager::loadStage : Not loading semantic mesh
I0919 08:03:22.272716 1856845 ResourceManager.cpp:262] ResourceManager::loadStage : start load render asset /mnt/data_nas/deeprobotics/daiyang/vla/third_party/ETP-R1/data/scene_datasets/mp3d/B6ByNegPMKs/B6ByNegPMKs.glb.
I0919 08:03:22.272718 1856845 ResourceManager.cpp:569] ResourceManager::loadStageInternal : Attempting to load stage /mnt/data_nas/deeprobotics/daiyang/vla/third_party/ETP-R1/data/scene_datasets/mp3d/B6ByNegPMKs/B6ByNegPMKs.glb 
I0919 08:03:22.272734 1856845 ResourceManager.cpp:1119] Importing Basis files as BC7 for B6ByNegPMKs.glb
W0919 08:03:31.785317 1856845 Simulator.cpp:248] :
---
 The active scene does not contain semantic annotations. 
---
I0919 08:03:31.980035 1856845 simulator.py:213] Loaded navmesh /mnt/data_nas/deeprobotics/daiyang/vla/third_party/ETP-R1/data/scene_datasets/mp3d/B6ByNegPMKs/B6ByNegPMKs.navmesh
I0919 08:05:29.753113 1856845 PhysicsManager.cpp:33] Deconstructing PhysicsManager
I0919 08:05:29.753159 1856845 SemanticScene.h:41] Deconstructing SemanticScene
I0919 08:05:29.770380 1856845 SceneManager.h:25] Deconstructing SceneManager
I0919 08:05:29.770396 1856845 SceneGraph.h:26] Deconstructing SceneGraph
I0919 08:05:29.770853 1856845 Sensor.h:87] Deconstructing Sensor
I0919 08:05:29.784636 1856845 Renderer.cpp:34] Deconstructing Renderer
I0919 08:05:29.784670 1856845 WindowlessContext.h:17] Deconstructing WindowlessContext
I0919 08:05:29.812979 1856845 ManagedContainerBase.cpp:19] ManagedContainerBase::convertFilenameToJSON : Filename : default changed to proposed JSON configuration filename : default.scene_dataset_config.json
I0919 08:05:29.813006 1856845 AttributesManagerBase.h:283] AttributesManager<T>::createFromJsonOrDefaultInternal  (Dataset) : Proposing JSON name : default.scene_dataset_config.json from original name : default | This file  does not exist.
I0919 08:05:29.813144 1856845 AssetAttributesManager.cpp:117] Asset attributes (capsule3DSolid : capsule3DSolid_hemiRings_4_cylRings_1_segments_12_halfLen_0.75_useTexCoords_false_useTangents_false) created and registered.
I0919 08:05:29.813174 1856845 AssetAttributesManager.cpp:117] Asset attributes (capsule3DWireframe : capsule3DWireframe_hemiRings_8_cylRings_1_segments_16_halfLen_1) created and registered.
I0919 08:05:29.813198 1856845 AssetAttributesManager.cpp:117] Asset attributes (coneSolid : coneSolid_segments_12_halfLen_1.25_rings_1_useTexCoords_false_useTangents_false_capEnd_true) created and registered.
I0919 08:05:29.813212 1856845 AssetAttributesManager.cpp:117] Asset attributes (coneWireframe : coneWireframe_segments_32_halfLen_1.25) created and registered.
I0919 08:05:29.813231 1856845 AssetAttributesManager.cpp:117] Asset attributes (cubeSolid : cubeSolid) created and registered.
I0919 08:05:29.813238 1856845 AssetAttributesManager.cpp:117] Asset attributes (cubeWireframe : cubeWireframe) created and registered.
I0919 08:05:29.813257 1856845 AssetAttributesManager.cpp:117] Asset attributes (cylinderSolid : cylinderSolid_rings_1_segments_12_halfLen_1_useTexCoords_false_useTangents_false_capEnds_true) created and registered.
I0919 08:05:29.813287 1856845 AssetAttributesManager.cpp:117] Asset attributes (cylinderWireframe : cylinderWireframe_rings_1_segments_32_halfLen_1) created and registered.
I0919 08:05:29.813297 1856845 AssetAttributesManager.cpp:117] Asset attributes (icosphereSolid : icosphereSolid_subdivs_1) created and registered.
I0919 08:05:29.813305 1856845 AssetAttributesManager.cpp:117] Asset attributes (icosphereWireframe : icosphereWireframe_subdivs_1) created and registered.
I0919 08:05:29.813320 1856845 AssetAttributesManager.cpp:117] Asset attributes (uvSphereSolid : uvSphereSolid_rings_8_segments_16_useTexCoords_false_useTangents_false) created and registered.
I0919 08:05:29.813334 1856845 AssetAttributesManager.cpp:117] Asset attributes (uvSphereWireframe : uvSphereWireframe_rings_16_segments_32) created and registered.
I0919 08:05:29.813341 1856845 AssetAttributesManager.cpp:105] AssetAttributesManager::buildCtorFuncPtrMaps : Built default primitive asset templates : 12
I0919 08:05:29.813753 1856845 SceneDatasetAttributesManager.cpp:23] File (default) not found, so new default dataset attributes created and registered.
I0919 08:05:29.813756 1856845 MetadataMediator.cpp:47] MetadataMediator::createDataset : Dataset default successfully created.
I0919 08:05:29.813953 1856845 AttributesManagerBase.h:283] AttributesManager<T>::createFromJsonOrDefaultInternal  (Physics Manager) : Proposing JSON name : ./data/default.physics_config.json from original name : ./data/default.physics_config.json | This file  does not exist.
I0919 08:05:29.813966 1856845 PhysicsAttributesManager.cpp:27] File (./data/default.physics_config.json) not found, so new default physics manager attributes created and registered.
I0919 08:05:29.813970 1856845 AbstractObjectAttributesManagerBase.h:175] AbstractObjectAttributesManager<T>::createObject  (Stage) : Making attributes with handle : /mnt/data_nas/deeprobotics/daiyang/vla/third_party/ETP-R1/data/scene_datasets/mp3d/PuKPg4mmafe/PuKPg4mmafe.glb
I0919 08:05:29.813974 1856845 ManagedContainerBase.cpp:19] ManagedContainerBase::convertFilenameToJSON : Filename : /mnt/data_nas/deeprobotics/daiyang/vla/third_party/ETP-R1/data/scene_datasets/mp3d/PuKPg4mmafe/PuKPg4mmafe.glb changed to proposed JSON configuration filename : /mnt/data_nas/deeprobotics/daiyang/vla/third_party/ETP-R1/data/scene_datasets/mp3d/PuKPg4mmafe/PuKPg4mmafe.stage_config.json
I0919 08:05:29.813985 1856845 AttributesManagerBase.h:283] AttributesManager<T>::createFromJsonOrDefaultInternal  (Stage) : Proposing JSON name : /mnt/data_nas/deeprobotics/daiyang/vla/third_party/ETP-R1/data/scene_datasets/mp3d/PuKPg4mmafe/PuKPg4mmafe.stage_config.json from original name : /mnt/data_nas/deeprobotics/daiyang/vla/third_party/ETP-R1/data/scene_datasets/mp3d/PuKPg4mmafe/PuKPg4mmafe.glb | This file  does not exist.
I0919 08:05:29.814033 1856845 AbstractObjectAttributesManagerBase.h:181] AbstractObjectAttributesManager<T>::createObject  (Stage) : Done making attributes with handle : /mnt/data_nas/deeprobotics/daiyang/vla/third_party/ETP-R1/data/scene_datasets/mp3d/PuKPg4mmafe/PuKPg4mmafe.glb
I0919 08:05:29.814034 1856845 AbstractObjectAttributesManagerBase.h:188] File (/mnt/data_nas/deeprobotics/daiyang/vla/third_party/ETP-R1/data/scene_datasets/mp3d/PuKPg4mmafe/PuKPg4mmafe.glb) exists but is not a recognized config filename extension, so new default Stage attributes created and registered.
I0919 08:05:29.814039 1856845 Simulator.cpp:156] Loading navmesh from /mnt/data_nas/deeprobotics/daiyang/vla/third_party/ETP-R1/data/scene_datasets/mp3d/PuKPg4mmafe/PuKPg4mmafe.navmesh
I0919 08:05:29.815583 1856845 Simulator.cpp:158] Loaded.
I0919 08:05:29.815601 1856845 SceneGraph.h:93] Created DrawableGroup: 
Renderer: NVIDIA GeForce RTX 5090/PCIe/SSE2 by NVIDIA Corporation
OpenGL version: 4.6.0 NVIDIA 580.126.09
Using optional features:
    GL_ARB_ES2_compatibility
    GL_ARB_direct_state_access
    GL_ARB_get_texture_sub_image
    GL_ARB_invalidate_subdata
    GL_ARB_multi_bind
    GL_ARB_robustness
    GL_ARB_separate_shader_objects
    GL_ARB_texture_filter_anisotropic
    GL_ARB_texture_storage
    GL_ARB_texture_storage_multisample
    GL_ARB_vertex_array_object
    GL_KHR_debug
Using driver workarounds:
    no-forward-compatible-core-context
    nv-egl-incorrect-gl11-function-pointers
    no-layout-qualifiers-on-old-glsl
    nv-zero-context-profile-mask
    nv-implementation-color-read-format-dsa-broken
    nv-cubemap-inconsistent-compressed-image-size
    nv-cubemap-broken-full-compressed-image-query
    nv-compressed-block-size-in-bits
I0919 08:05:29.819339 1856845 ResourceManager.cpp:234] ResourceManager::loadStage : Not loading semantic mesh
I0919 08:05:29.819350 1856845 ResourceManager.cpp:262] ResourceManager::loadStage : start load render asset /mnt/data_nas/deeprobotics/daiyang/vla/third_party/ETP-R1/data/scene_datasets/mp3d/PuKPg4mmafe/PuKPg4mmafe.glb.
I0919 08:05:29.819351 1856845 ResourceManager.cpp:569] ResourceManager::loadStageInternal : Attempting to load stage /mnt/data_nas/deeprobotics/daiyang/vla/third_party/ETP-R1/data/scene_datasets/mp3d/PuKPg4mmafe/PuKPg4mmafe.glb 
I0919 08:05:29.819368 1856845 ResourceManager.cpp:1119] Importing Basis files as BC7 for PuKPg4mmafe.glb
W0919 08:05:34.439227 1856845 Simulator.cpp:248] :
---
 The active scene does not contain semantic annotations. 
---
I0919 08:05:34.459195 1856845 simulator.py:213] Loaded navmesh /mnt/data_nas/deeprobotics/daiyang/vla/third_party/ETP-R1/data/scene_datasets/mp3d/PuKPg4mmafe/PuKPg4mmafe.navmesh
I0919 08:09:22.661777 1856845 PhysicsManager.cpp:33] Deconstructing PhysicsManager
I0919 08:09:22.661828 1856845 SemanticScene.h:41] Deconstructing SemanticScene
I0919 08:09:22.662979 1856845 SceneManager.h:25] Deconstructing SceneManager
I0919 08:09:22.662986 1856845 SceneGraph.h:26] Deconstructing SceneGraph
I0919 08:09:22.663262 1856845 Sensor.h:87] Deconstructing Sensor
I0919 08:09:22.669545 1856845 Renderer.cpp:34] Deconstructing Renderer
I0919 08:09:22.669577 1856845 WindowlessContext.h:17] Deconstructing WindowlessContext
I0919 08:09:22.683203 1856845 ManagedContainerBase.cpp:19] ManagedContainerBase::convertFilenameToJSON : Filename : default changed to proposed JSON configuration filename : default.scene_dataset_config.json
I0919 08:09:22.683226 1856845 AttributesManagerBase.h:283] AttributesManager<T>::createFromJsonOrDefaultInternal  (Dataset) : Proposing JSON name : default.scene_dataset_config.json from original name : default | This file  does not exist.
I0919 08:09:22.683487 1856845 AssetAttributesManager.cpp:117] Asset attributes (capsule3DSolid : capsule3DSolid_hemiRings_4_cylRings_1_segments_12_halfLen_0.75_useTexCoords_false_useTangents_false) created and registered.
I0919 08:09:22.683528 1856845 AssetAttributesManager.cpp:117] Asset attributes (capsule3DWireframe : capsule3DWireframe_hemiRings_8_cylRings_1_segments_16_halfLen_1) created and registered.
I0919 08:09:22.683565 1856845 AssetAttributesManager.cpp:117] Asset attributes (coneSolid : coneSolid_segments_12_halfLen_1.25_rings_1_useTexCoords_false_useTangents_false_capEnd_true) created and registered.
I0919 08:09:22.683588 1856845 AssetAttributesManager.cpp:117] Asset attributes (coneWireframe : coneWireframe_segments_32_halfLen_1.25) created and registered.
I0919 08:09:22.683599 1856845 AssetAttributesManager.cpp:117] Asset attributes (cubeSolid : cubeSolid) created and registered.
I0919 08:09:22.683609 1856845 AssetAttributesManager.cpp:117] Asset attributes (cubeWireframe : cubeWireframe) created and registered.
I0919 08:09:22.683638 1856845 AssetAttributesManager.cpp:117] Asset attributes (cylinderSolid : cylinderSolid_rings_1_segments_12_halfLen_1_useTexCoords_false_useTangents_false_capEnds_true) created and registered.
I0919 08:09:22.683672 1856845 AssetAttributesManager.cpp:117] Asset attributes (cylinderWireframe : cylinderWireframe_rings_1_segments_32_halfLen_1) created and registered.
I0919 08:09:22.683686 1856845 AssetAttributesManager.cpp:117] Asset attributes (icosphereSolid : icosphereSolid_subdivs_1) created and registered.
I0919 08:09:22.683699 1856845 AssetAttributesManager.cpp:117] Asset attributes (icosphereWireframe : icosphereWireframe_subdivs_1) created and registered.
I0919 08:09:22.683719 1856845 AssetAttributesManager.cpp:117] Asset attributes (uvSphereSolid : uvSphereSolid_rings_8_segments_16_useTexCoords_false_useTangents_false) created and registered.
I0919 08:09:22.683738 1856845 AssetAttributesManager.cpp:117] Asset attributes (uvSphereWireframe : uvSphereWireframe_rings_16_segments_32) created and registered.
I0919 08:09:22.683746 1856845 AssetAttributesManager.cpp:105] AssetAttributesManager::buildCtorFuncPtrMaps : Built default primitive asset templates : 12
I0919 08:09:22.684382 1856845 SceneDatasetAttributesManager.cpp:23] File (default) not found, so new default dataset attributes created and registered.
I0919 08:09:22.684386 1856845 MetadataMediator.cpp:47] MetadataMediator::createDataset : Dataset default successfully created.
I0919 08:09:22.684633 1856845 AttributesManagerBase.h:283] AttributesManager<T>::createFromJsonOrDefaultInternal  (Physics Manager) : Proposing JSON name : ./data/default.physics_config.json from original name : ./data/default.physics_config.json | This file  does not exist.
I0919 08:09:22.684649 1856845 PhysicsAttributesManager.cpp:27] File (./data/default.physics_config.json) not found, so new default physics manager attributes created and registered.
I0919 08:09:22.684653 1856845 AbstractObjectAttributesManagerBase.h:175] AbstractObjectAttributesManager<T>::createObject  (Stage) : Making attributes with handle : /mnt/data_nas/deeprobotics/daiyang/vla/third_party/ETP-R1/data/scene_datasets/mp3d/aayBHfsNo7d/aayBHfsNo7d.glb
I0919 08:09:22.684659 1856845 ManagedContainerBase.cpp:19] ManagedContainerBase::convertFilenameToJSON : Filename : /mnt/data_nas/deeprobotics/daiyang/vla/third_party/ETP-R1/data/scene_datasets/mp3d/aayBHfsNo7d/aayBHfsNo7d.glb changed to proposed JSON configuration filename : /mnt/data_nas/deeprobotics/daiyang/vla/third_party/ETP-R1/data/scene_datasets/mp3d/aayBHfsNo7d/aayBHfsNo7d.stage_config.json
I0919 08:09:22.684674 1856845 AttributesManagerBase.h:283] AttributesManager<T>::createFromJsonOrDefaultInternal  (Stage) : Proposing JSON name : /mnt/data_nas/deeprobotics/daiyang/vla/third_party/ETP-R1/data/scene_datasets/mp3d/aayBHfsNo7d/aayBHfsNo7d.stage_config.json from original name : /mnt/data_nas/deeprobotics/daiyang/vla/third_party/ETP-R1/data/scene_datasets/mp3d/aayBHfsNo7d/aayBHfsNo7d.glb | This file  does not exist.
I0919 08:09:22.684743 1856845 AbstractObjectAttributesManagerBase.h:181] AbstractObjectAttributesManager<T>::createObject  (Stage) : Done making attributes with handle : /mnt/data_nas/deeprobotics/daiyang/vla/third_party/ETP-R1/data/scene_datasets/mp3d/aayBHfsNo7d/aayBHfsNo7d.glb
I0919 08:09:22.684746 1856845 AbstractObjectAttributesManagerBase.h:188] File (/mnt/data_nas/deeprobotics/daiyang/vla/third_party/ETP-R1/data/scene_datasets/mp3d/aayBHfsNo7d/aayBHfsNo7d.glb) exists but is not a recognized config filename extension, so new default Stage attributes created and registered.
I0919 08:09:22.684752 1856845 Simulator.cpp:156] Loading navmesh from /mnt/data_nas/deeprobotics/daiyang/vla/third_party/ETP-R1/data/scene_datasets/mp3d/aayBHfsNo7d/aayBHfsNo7d.navmesh
I0919 08:09:22.685539 1856845 Simulator.cpp:158] Loaded.
I0919 08:09:22.685549 1856845 SceneGraph.h:93] Created DrawableGroup: 
Renderer: NVIDIA GeForce RTX 5090/PCIe/SSE2 by NVIDIA Corporation
OpenGL version: 4.6.0 NVIDIA 580.126.09
Using optional features:
    GL_ARB_ES2_compatibility
    GL_ARB_direct_state_access
    GL_ARB_get_texture_sub_image
    GL_ARB_invalidate_subdata
    GL_ARB_multi_bind
    GL_ARB_robustness
    GL_ARB_separate_shader_objects
    GL_ARB_texture_filter_anisotropic
    GL_ARB_texture_storage
    GL_ARB_texture_storage_multisample
    GL_ARB_vertex_array_object
    GL_KHR_debug
Using driver workarounds:
    no-forward-compatible-core-context
    nv-egl-incorrect-gl11-function-pointers
    no-layout-qualifiers-on-old-glsl
    nv-zero-context-profile-mask
    nv-implementation-color-read-format-dsa-broken
    nv-cubemap-inconsistent-compressed-image-size
    nv-cubemap-broken-full-compressed-image-query
    nv-compressed-block-size-in-bits
I0919 08:09:22.690040 1856845 ResourceManager.cpp:234] ResourceManager::loadStage : Not loading semantic mesh
I0919 08:09:22.690050 1856845 ResourceManager.cpp:262] ResourceManager::loadStage : start load render asset /mnt/data_nas/deeprobotics/daiyang/vla/third_party/ETP-R1/data/scene_datasets/mp3d/aayBHfsNo7d/aayBHfsNo7d.glb.
I0919 08:09:22.690053 1856845 ResourceManager.cpp:569] ResourceManager::loadStageInternal : Attempting to load stage /mnt/data_nas/deeprobotics/daiyang/vla/third_party/ETP-R1/data/scene_datasets/mp3d/aayBHfsNo7d/aayBHfsNo7d.glb 
I0919 08:09:22.690075 1856845 ResourceManager.cpp:1119] Importing Basis files as BC7 for aayBHfsNo7d.glb
W0919 08:09:24.305938 1856845 Simulator.cpp:248] :
---
 The active scene does not contain semantic annotations. 
---
I0919 08:09:24.346050 1856845 simulator.py:213] Loaded navmesh /mnt/data_nas/deeprobotics/daiyang/vla/third_party/ETP-R1/data/scene_datasets/mp3d/aayBHfsNo7d/aayBHfsNo7d.navmesh
I0919 08:13:10.199024 1856845 PhysicsManager.cpp:33] Deconstructing PhysicsManager
I0919 08:13:10.199074 1856845 SemanticScene.h:41] Deconstructing SemanticScene
I0919 08:13:10.201687 1856845 SceneManager.h:25] Deconstructing SceneManager
I0919 08:13:10.201695 1856845 SceneGraph.h:26] Deconstructing SceneGraph
I0919 08:13:10.202306 1856845 Sensor.h:87] Deconstructing Sensor
I0919 08:13:10.204653 1856845 Renderer.cpp:34] Deconstructing Renderer
I0919 08:13:10.204672 1856845 WindowlessContext.h:17] Deconstructing WindowlessContext
I0919 08:13:10.210594 1856845 ManagedContainerBase.cpp:19] ManagedContainerBase::convertFilenameToJSON : Filename : default changed to proposed JSON configuration filename : default.scene_dataset_config.json
I0919 08:13:10.210611 1856845 AttributesManagerBase.h:283] AttributesManager<T>::createFromJsonOrDefaultInternal  (Dataset) : Proposing JSON name : default.scene_dataset_config.json from original name : default | This file  does not exist.
I0919 08:13:10.210893 1856845 AssetAttributesManager.cpp:117] Asset attributes (capsule3DSolid : capsule3DSolid_hemiRings_4_cylRings_1_segments_12_halfLen_0.75_useTexCoords_false_useTangents_false) created and registered.
I0919 08:13:10.210920 1856845 AssetAttributesManager.cpp:117] Asset attributes (capsule3DWireframe : capsule3DWireframe_hemiRings_8_cylRings_1_segments_16_halfLen_1) created and registered.
I0919 08:13:10.210943 1856845 AssetAttributesManager.cpp:117] Asset attributes (coneSolid : coneSolid_segments_12_halfLen_1.25_rings_1_useTexCoords_false_useTangents_false_capEnd_true) created and registered.
I0919 08:13:10.210958 1856845 AssetAttributesManager.cpp:117] Asset attributes (coneWireframe : coneWireframe_segments_32_halfLen_1.25) created and registered.
I0919 08:13:10.210968 1856845 AssetAttributesManager.cpp:117] Asset attributes (cubeSolid : cubeSolid) created and registered.
I0919 08:13:10.210973 1856845 AssetAttributesManager.cpp:117] Asset attributes (cubeWireframe : cubeWireframe) created and registered.
I0919 08:13:10.210992 1856845 AssetAttributesManager.cpp:117] Asset attributes (cylinderSolid : cylinderSolid_rings_1_segments_12_halfLen_1_useTexCoords_false_useTangents_false_capEnds_true) created and registered.
I0919 08:13:10.211009 1856845 AssetAttributesManager.cpp:117] Asset attributes (cylinderWireframe : cylinderWireframe_rings_1_segments_32_halfLen_1) created and registered.
I0919 08:13:10.211018 1856845 AssetAttributesManager.cpp:117] Asset attributes (icosphereSolid : icosphereSolid_subdivs_1) created and registered.
I0919 08:13:10.211026 1856845 AssetAttributesManager.cpp:117] Asset attributes (icosphereWireframe : icosphereWireframe_subdivs_1) created and registered.
I0919 08:13:10.211047 1856845 AssetAttributesManager.cpp:117] Asset attributes (uvSphereSolid : uvSphereSolid_rings_8_segments_16_useTexCoords_false_useTangents_false) created and registered.
I0919 08:13:10.211059 1856845 AssetAttributesManager.cpp:117] Asset attributes (uvSphereWireframe : uvSphereWireframe_rings_16_segments_32) created and registered.
I0919 08:13:10.211064 1856845 AssetAttributesManager.cpp:105] AssetAttributesManager::buildCtorFuncPtrMaps : Built default primitive asset templates : 12
I0919 08:13:10.211457 1856845 SceneDatasetAttributesManager.cpp:23] File (default) not found, so new default dataset attributes created and registered.
I0919 08:13:10.211458 1856845 MetadataMediator.cpp:47] MetadataMediator::createDataset : Dataset default successfully created.
I0919 08:13:10.211638 1856845 AttributesManagerBase.h:283] AttributesManager<T>::createFromJsonOrDefaultInternal  (Physics Manager) : Proposing JSON name : ./data/default.physics_config.json from original name : ./data/default.physics_config.json | This file  does not exist.
I0919 08:13:10.211649 1856845 PhysicsAttributesManager.cpp:27] File (./data/default.physics_config.json) not found, so new default physics manager attributes created and registered.
I0919 08:13:10.211652 1856845 AbstractObjectAttributesManagerBase.h:175] AbstractObjectAttributesManager<T>::createObject  (Stage) : Making attributes with handle : /mnt/data_nas/deeprobotics/daiyang/vla/third_party/ETP-R1/data/scene_datasets/mp3d/82sE5b5pLXE/82sE5b5pLXE.glb
I0919 08:13:10.211658 1856845 ManagedContainerBase.cpp:19] ManagedContainerBase::convertFilenameToJSON : Filename : /mnt/data_nas/deeprobotics/daiyang/vla/third_party/ETP-R1/data/scene_datasets/mp3d/82sE5b5pLXE/82sE5b5pLXE.glb changed to proposed JSON configuration filename : /mnt/data_nas/deeprobotics/daiyang/vla/third_party/ETP-R1/data/scene_datasets/mp3d/82sE5b5pLXE/82sE5b5pLXE.stage_config.json
I0919 08:13:10.211668 1856845 AttributesManagerBase.h:283] AttributesManager<T>::createFromJsonOrDefaultInternal  (Stage) : Proposing JSON name : /mnt/data_nas/deeprobotics/daiyang/vla/third_party/ETP-R1/data/scene_datasets/mp3d/82sE5b5pLXE/82sE5b5pLXE.stage_config.json from original name : /mnt/data_nas/deeprobotics/daiyang/vla/third_party/ETP-R1/data/scene_datasets/mp3d/82sE5b5pLXE/82sE5b5pLXE.glb | This file  does not exist.
I0919 08:13:10.211712 1856845 AbstractObjectAttributesManagerBase.h:181] AbstractObjectAttributesManager<T>::createObject  (Stage) : Done making attributes with handle : /mnt/data_nas/deeprobotics/daiyang/vla/third_party/ETP-R1/data/scene_datasets/mp3d/82sE5b5pLXE/82sE5b5pLXE.glb
I0919 08:13:10.211714 1856845 AbstractObjectAttributesManagerBase.h:188] File (/mnt/data_nas/deeprobotics/daiyang/vla/third_party/ETP-R1/data/scene_datasets/mp3d/82sE5b5pLXE/82sE5b5pLXE.glb) exists but is not a recognized config filename extension, so new default Stage attributes created and registered.
I0919 08:13:10.211719 1856845 Simulator.cpp:156] Loading navmesh from /mnt/data_nas/deeprobotics/daiyang/vla/third_party/ETP-R1/data/scene_datasets/mp3d/82sE5b5pLXE/82sE5b5pLXE.navmesh
I0919 08:13:10.212507 1856845 Simulator.cpp:158] Loaded.
I0919 08:13:10.212514 1856845 SceneGraph.h:93] Created DrawableGroup: 
Renderer: NVIDIA GeForce RTX 5090/PCIe/SSE2 by NVIDIA Corporation
OpenGL version: 4.6.0 NVIDIA 580.126.09
Using optional features:
    GL_ARB_ES2_compatibility
    GL_ARB_direct_state_access
    GL_ARB_get_texture_sub_image
    GL_ARB_invalidate_subdata
    GL_ARB_multi_bind
    GL_ARB_robustness
    GL_ARB_separate_shader_objects
    GL_ARB_texture_filter_anisotropic
    GL_ARB_texture_storage
    GL_ARB_texture_storage_multisample
    GL_ARB_vertex_array_object
    GL_KHR_debug
Using driver workarounds:
    no-forward-compatible-core-context
    nv-egl-incorrect-gl11-function-pointers
    no-layout-qualifiers-on-old-glsl
    nv-zero-context-profile-mask
    nv-implementation-color-read-format-dsa-broken
    nv-cubemap-inconsistent-compressed-image-size
    nv-cubemap-broken-full-compressed-image-query
    nv-compressed-block-size-in-bits
I0919 08:13:10.216050 1856845 ResourceManager.cpp:234] ResourceManager::loadStage : Not loading semantic mesh
I0919 08:13:10.216058 1856845 ResourceManager.cpp:262] ResourceManager::loadStage : start load render asset /mnt/data_nas/deeprobotics/daiyang/vla/third_party/ETP-R1/data/scene_datasets/mp3d/82sE5b5pLXE/82sE5b5pLXE.glb.
I0919 08:13:10.216061 1856845 ResourceManager.cpp:569] ResourceManager::loadStageInternal : Attempting to load stage /mnt/data_nas/deeprobotics/daiyang/vla/third_party/ETP-R1/data/scene_datasets/mp3d/82sE5b5pLXE/82sE5b5pLXE.glb 
I0919 08:13:10.216076 1856845 ResourceManager.cpp:1119] Importing Basis files as BC7 for 82sE5b5pLXE.glb
W0919 08:13:12.206682 1856845 Simulator.cpp:248] :
---
 The active scene does not contain semantic annotations. 
---
I0919 08:13:12.242283 1856845 simulator.py:213] Loaded navmesh /mnt/data_nas/deeprobotics/daiyang/vla/third_party/ETP-R1/data/scene_datasets/mp3d/82sE5b5pLXE/82sE5b5pLXE.navmesh
I0919 08:14:09.720028 1856845 PhysicsManager.cpp:33] Deconstructing PhysicsManager
I0919 08:14:09.720072 1856845 SemanticScene.h:41] Deconstructing SemanticScene
I0919 08:14:09.721627 1856845 SceneManager.h:25] Deconstructing SceneManager
I0919 08:14:09.721634 1856845 SceneGraph.h:26] Deconstructing SceneGraph
I0919 08:14:09.721894 1856845 Sensor.h:87] Deconstructing Sensor
I0919 08:14:09.725282 1856845 Renderer.cpp:34] Deconstructing Renderer
I0919 08:14:09.725304 1856845 WindowlessContext.h:17] Deconstructing WindowlessContext
I0919 08:14:09.731285 1856845 ManagedContainerBase.cpp:19] ManagedContainerBase::convertFilenameToJSON : Filename : default changed to proposed JSON configuration filename : default.scene_dataset_config.json
I0919 08:14:09.731302 1856845 AttributesManagerBase.h:283] AttributesManager<T>::createFromJsonOrDefaultInternal  (Dataset) : Proposing JSON name : default.scene_dataset_config.json from original name : default | This file  does not exist.
I0919 08:14:09.731550 1856845 AssetAttributesManager.cpp:117] Asset attributes (capsule3DSolid : capsule3DSolid_hemiRings_4_cylRings_1_segments_12_halfLen_0.75_useTexCoords_false_useTangents_false) created and registered.
I0919 08:14:09.731576 1856845 AssetAttributesManager.cpp:117] Asset attributes (capsule3DWireframe : capsule3DWireframe_hemiRings_8_cylRings_1_segments_16_halfLen_1) created and registered.
I0919 08:14:09.731599 1856845 AssetAttributesManager.cpp:117] Asset attributes (coneSolid : coneSolid_segments_12_halfLen_1.25_rings_1_useTexCoords_false_useTangents_false_capEnd_true) created and registered.
I0919 08:14:09.731613 1856845 AssetAttributesManager.cpp:117] Asset attributes (coneWireframe : coneWireframe_segments_32_halfLen_1.25) created and registered.
I0919 08:14:09.731622 1856845 AssetAttributesManager.cpp:117] Asset attributes (cubeSolid : cubeSolid) created and registered.
I0919 08:14:09.731628 1856845 AssetAttributesManager.cpp:117] Asset attributes (cubeWireframe : cubeWireframe) created and registered.
I0919 08:14:09.731648 1856845 AssetAttributesManager.cpp:117] Asset attributes (cylinderSolid : cylinderSolid_rings_1_segments_12_halfLen_1_useTexCoords_false_useTangents_false_capEnds_true) created and registered.
I0919 08:14:09.731664 1856845 AssetAttributesManager.cpp:117] Asset attributes (cylinderWireframe : cylinderWireframe_rings_1_segments_32_halfLen_1) created and registered.
I0919 08:14:09.731674 1856845 AssetAttributesManager.cpp:117] Asset attributes (icosphereSolid : icosphereSolid_subdivs_1) created and registered.
I0919 08:14:09.731683 1856845 AssetAttributesManager.cpp:117] Asset attributes (icosphereWireframe : icosphereWireframe_subdivs_1) created and registered.
I0919 08:14:09.731698 1856845 AssetAttributesManager.cpp:117] Asset attributes (uvSphereSolid : uvSphereSolid_rings_8_segments_16_useTexCoords_false_useTangents_false) created and registered.
I0919 08:14:09.731710 1856845 AssetAttributesManager.cpp:117] Asset attributes (uvSphereWireframe : uvSphereWireframe_rings_16_segments_32) created and registered.
I0919 08:14:09.731722 1856845 AssetAttributesManager.cpp:105] AssetAttributesManager::buildCtorFuncPtrMaps : Built default primitive asset templates : 12
I0919 08:14:09.732113 1856845 SceneDatasetAttributesManager.cpp:23] File (default) not found, so new default dataset attributes created and registered.
I0919 08:14:09.732115 1856845 MetadataMediator.cpp:47] MetadataMediator::createDataset : Dataset default successfully created.
I0919 08:14:09.733117 1856845 AttributesManagerBase.h:283] AttributesManager<T>::createFromJsonOrDefaultInternal  (Physics Manager) : Proposing JSON name : ./data/default.physics_config.json from original name : ./data/default.physics_config.json | This file  does not exist.
I0919 08:14:09.733129 1856845 PhysicsAttributesManager.cpp:27] File (./data/default.physics_config.json) not found, so new default physics manager attributes created and registered.
I0919 08:14:09.733134 1856845 AbstractObjectAttributesManagerBase.h:175] AbstractObjectAttributesManager<T>::createObject  (Stage) : Making attributes with handle : /mnt/data_nas/deeprobotics/daiyang/vla/third_party/ETP-R1/data/scene_datasets/mp3d/B6ByNegPMKs/B6ByNegPMKs.glb
I0919 08:14:09.733137 1856845 ManagedContainerBase.cpp:19] ManagedContainerBase::convertFilenameToJSON : Filename : /mnt/data_nas/deeprobotics/daiyang/vla/third_party/ETP-R1/data/scene_datasets/mp3d/B6ByNegPMKs/B6ByNegPMKs.glb changed to proposed JSON configuration filename : /mnt/data_nas/deeprobotics/daiyang/vla/third_party/ETP-R1/data/scene_datasets/mp3d/B6ByNegPMKs/B6ByNegPMKs.stage_config.json
I0919 08:14:09.735440 1856845 AttributesManagerBase.h:283] AttributesManager<T>::createFromJsonOrDefaultInternal  (Stage) : Proposing JSON name : /mnt/data_nas/deeprobotics/daiyang/vla/third_party/ETP-R1/data/scene_datasets/mp3d/B6ByNegPMKs/B6ByNegPMKs.stage_config.json from original name : /mnt/data_nas/deeprobotics/daiyang/vla/third_party/ETP-R1/data/scene_datasets/mp3d/B6ByNegPMKs/B6ByNegPMKs.glb | This file  does not exist.
I0919 08:14:09.735544 1856845 AbstractObjectAttributesManagerBase.h:181] AbstractObjectAttributesManager<T>::createObject  (Stage) : Done making attributes with handle : /mnt/data_nas/deeprobotics/daiyang/vla/third_party/ETP-R1/data/scene_datasets/mp3d/B6ByNegPMKs/B6ByNegPMKs.glb
I0919 08:14:09.735548 1856845 AbstractObjectAttributesManagerBase.h:188] File (/mnt/data_nas/deeprobotics/daiyang/vla/third_party/ETP-R1/data/scene_datasets/mp3d/B6ByNegPMKs/B6ByNegPMKs.glb) exists but is not a recognized config filename extension, so new default Stage attributes created and registered.
I0919 08:14:09.735554 1856845 Simulator.cpp:156] Loading navmesh from /mnt/data_nas/deeprobotics/daiyang/vla/third_party/ETP-R1/data/scene_datasets/mp3d/B6ByNegPMKs/B6ByNegPMKs.navmesh
I0919 08:14:09.736991 1856845 Simulator.cpp:158] Loaded.
I0919 08:14:09.737000 1856845 SceneGraph.h:93] Created DrawableGroup: 
Renderer: NVIDIA GeForce RTX 5090/PCIe/SSE2 by NVIDIA Corporation
OpenGL version: 4.6.0 NVIDIA 580.126.09
Using optional features:
    GL_ARB_ES2_compatibility
    GL_ARB_direct_state_access
    GL_ARB_get_texture_sub_image
    GL_ARB_invalidate_subdata
    GL_ARB_multi_bind
    GL_ARB_robustness
    GL_ARB_separate_shader_objects
    GL_ARB_texture_filter_anisotropic
    GL_ARB_texture_storage
    GL_ARB_texture_storage_multisample
    GL_ARB_vertex_array_object
    GL_KHR_debug
Using driver workarounds:
    no-forward-compatible-core-context
    nv-egl-incorrect-gl11-function-pointers
    no-layout-qualifiers-on-old-glsl
    nv-zero-context-profile-mask
    nv-implementation-color-read-format-dsa-broken
    nv-cubemap-inconsistent-compressed-image-size
    nv-cubemap-broken-full-compressed-image-query
    nv-compressed-block-size-in-bits
I0919 08:14:09.741093 1856845 ResourceManager.cpp:234] ResourceManager::loadStage : Not loading semantic mesh
I0919 08:14:09.741104 1856845 ResourceManager.cpp:262] ResourceManager::loadStage : start load render asset /mnt/data_nas/deeprobotics/daiyang/vla/third_party/ETP-R1/data/scene_datasets/mp3d/B6ByNegPMKs/B6ByNegPMKs.glb.
I0919 08:14:09.741113 1856845 ResourceManager.cpp:569] ResourceManager::loadStageInternal : Attempting to load stage /mnt/data_nas/deeprobotics/daiyang/vla/third_party/ETP-R1/data/scene_datasets/mp3d/B6ByNegPMKs/B6ByNegPMKs.glb 
I0919 08:14:09.741134 1856845 ResourceManager.cpp:1119] Importing Basis files as BC7 for B6ByNegPMKs.glb
W0919 08:14:19.351704 1856845 Simulator.cpp:248] :
---
 The active scene does not contain semantic annotations. 
---
I0919 08:14:19.549437 1856845 simulator.py:213] Loaded navmesh /mnt/data_nas/deeprobotics/daiyang/vla/third_party/ETP-R1/data/scene_datasets/mp3d/B6ByNegPMKs/B6ByNegPMKs.navmesh
I0919 08:14:19.896435 1856845 Simulator.cpp:49] Deconstructing Simulator
I0919 08:14:19.896581 1856845 Simulator.cpp:49] Deconstructing Simulator
I0919 08:14:19.896700 1856845 Simulator.cpp:49] Deconstructing Simulator
I0919 08:14:19.896827 1856845 Simulator.cpp:49] Deconstructing Simulator
I0919 08:14:19.896942 1856845 Simulator.cpp:49] Deconstructing Simulator
I0919 08:14:19.897118 1856845 Simulator.cpp:49] Deconstructing Simulator
I0919 08:14:19.897217 1856845 Simulator.cpp:49] Deconstructing Simulator
I0919 08:14:19.897320 1856845 Simulator.cpp:49] Deconstructing Simulator
I0919 08:14:19.897433 1856845 Simulator.cpp:49] Deconstructing Simulator
I0919 08:14:19.897502 1856845 Simulator.cpp:49] Deconstructing Simulator
I0919 08:14:19.897590 1856845 Simulator.cpp:49] Deconstructing Simulator
I0919 08:14:19.897675 1856845 Simulator.cpp:49] Deconstructing Simulator
I0919 08:14:19.897768 1856845 Simulator.cpp:49] Deconstructing Simulator
I0919 08:14:19.897853 1856845 Simulator.cpp:49] Deconstructing Simulator
I0919 08:14:19.897938 1856845 Simulator.cpp:49] Deconstructing Simulator
I0919 08:14:19.898018 1856845 Simulator.cpp:49] Deconstructing Simulator
I0919 08:14:19.898111 1856845 Simulator.cpp:49] Deconstructing Simulator
I0919 08:14:19.898195 1856845 Simulator.cpp:49] Deconstructing Simulator
I0919 08:14:19.898277 1856845 Simulator.cpp:49] Deconstructing Simulator
I0919 08:14:19.898362 1856845 Simulator.cpp:49] Deconstructing Simulator
I0919 08:14:19.898455 1856845 Simulator.cpp:49] Deconstructing Simulator
I0919 08:14:19.898537 1856845 Simulator.cpp:49] Deconstructing Simulator
I0919 08:14:19.898617 1856845 Simulator.cpp:49] Deconstructing Simulator
I0919 08:14:19.898698 1856845 Simulator.cpp:49] Deconstructing Simulator
I0919 08:14:19.898793 1856845 Simulator.cpp:49] Deconstructing Simulator
I0919 08:14:19.898874 1856845 Simulator.cpp:49] Deconstructing Simulator
I0919 08:14:19.898959 1856845 Simulator.cpp:49] Deconstructing Simulator
I0919 08:14:19.899029 1856845 Simulator.cpp:49] Deconstructing Simulator
I0919 08:14:19.899121 1856845 Simulator.cpp:49] Deconstructing Simulator
I0919 08:14:19.899184 1856845 Simulator.cpp:49] Deconstructing Simulator
I0919 08:14:19.899257 1856845 Simulator.cpp:49] Deconstructing Simulator
I0919 08:14:19.899334 1856845 Simulator.cpp:49] Deconstructing Simulator
I0919 08:14:19.899422 1856845 Simulator.cpp:49] Deconstructing Simulator
I0919 08:14:19.899489 1856845 Simulator.cpp:49] Deconstructing Simulator
I0919 08:14:19.899566 1856845 Simulator.cpp:49] Deconstructing Simulator
I0919 08:14:19.899650 1856845 Simulator.cpp:49] Deconstructing Simulator
I0919 08:14:19.899729 1856845 Simulator.cpp:49] Deconstructing Simulator
I0919 08:16:15.760967 1856845 PhysicsManager.cpp:33] Deconstructing PhysicsManager
I0919 08:16:15.761009 1856845 SemanticScene.h:41] Deconstructing SemanticScene
I0919 08:16:15.777488 1856845 SceneManager.h:25] Deconstructing SceneManager
I0919 08:16:15.777505 1856845 SceneGraph.h:26] Deconstructing SceneGraph
I0919 08:16:15.777961 1856845 Sensor.h:87] Deconstructing Sensor
I0919 08:16:15.801189 1856845 Renderer.cpp:34] Deconstructing Renderer
I0919 08:16:15.801225 1856845 WindowlessContext.h:17] Deconstructing WindowlessContext
I0919 08:16:15.906306 1856845 ManagedContainerBase.cpp:19] ManagedContainerBase::convertFilenameToJSON : Filename : default changed to proposed JSON configuration filename : default.scene_dataset_config.json
I0919 08:16:15.906352 1856845 AttributesManagerBase.h:283] AttributesManager<T>::createFromJsonOrDefaultInternal  (Dataset) : Proposing JSON name : default.scene_dataset_config.json from original name : default | This file  does not exist.
I0919 08:16:15.906745 1856845 AssetAttributesManager.cpp:117] Asset attributes (capsule3DSolid : capsule3DSolid_hemiRings_4_cylRings_1_segments_12_halfLen_0.75_useTexCoords_false_useTangents_false) created and registered.
I0919 08:16:15.906785 1856845 AssetAttributesManager.cpp:117] Asset attributes (capsule3DWireframe : capsule3DWireframe_hemiRings_8_cylRings_1_segments_16_halfLen_1) created and registered.
I0919 08:16:15.906806 1856845 AssetAttributesManager.cpp:117] Asset attributes (coneSolid : coneSolid_segments_12_halfLen_1.25_rings_1_useTexCoords_false_useTangents_false_capEnd_true) created and registered.
I0919 08:16:15.906831 1856845 AssetAttributesManager.cpp:117] Asset attributes (coneWireframe : coneWireframe_segments_32_halfLen_1.25) created and registered.
I0919 08:16:15.906839 1856845 AssetAttributesManager.cpp:117] Asset attributes (cubeSolid : cubeSolid) created and registered.
I0919 08:16:15.906845 1856845 AssetAttributesManager.cpp:117] Asset attributes (cubeWireframe : cubeWireframe) created and registered.
I0919 08:16:15.906865 1856845 AssetAttributesManager.cpp:117] Asset attributes (cylinderSolid : cylinderSolid_rings_1_segments_12_halfLen_1_useTexCoords_false_useTangents_false_capEnds_true) created and registered.
I0919 08:16:15.906898 1856845 AssetAttributesManager.cpp:117] Asset attributes (cylinderWireframe : cylinderWireframe_rings_1_segments_32_halfLen_1) created and registered.
I0919 08:16:15.906908 1856845 AssetAttributesManager.cpp:117] Asset attributes (icosphereSolid : icosphereSolid_subdivs_1) created and registered.
I0919 08:16:15.906917 1856845 AssetAttributesManager.cpp:117] Asset attributes (icosphereWireframe : icosphereWireframe_subdivs_1) created and registered.
I0919 08:16:15.906931 1856845 AssetAttributesManager.cpp:117] Asset attributes (uvSphereSolid : uvSphereSolid_rings_8_segments_16_useTexCoords_false_useTangents_false) created and registered.
I0919 08:16:15.906953 1856845 AssetAttributesManager.cpp:117] Asset attributes (uvSphereWireframe : uvSphereWireframe_rings_16_segments_32) created and registered.
I0919 08:16:15.906960 1856845 AssetAttributesManager.cpp:105] AssetAttributesManager::buildCtorFuncPtrMaps : Built default primitive asset templates : 12
I0919 08:16:15.907457 1856845 SceneDatasetAttributesManager.cpp:23] File (default) not found, so new default dataset attributes created and registered.
I0919 08:16:15.907459 1856845 MetadataMediator.cpp:47] MetadataMediator::createDataset : Dataset default successfully created.
I0919 08:16:15.907681 1856845 AttributesManagerBase.h:283] AttributesManager<T>::createFromJsonOrDefaultInternal  (Physics Manager) : Proposing JSON name : ./data/default.physics_config.json from original name : ./data/default.physics_config.json | This file  does not exist.
I0919 08:16:15.907692 1856845 PhysicsAttributesManager.cpp:27] File (./data/default.physics_config.json) not found, so new default physics manager attributes created and registered.
I0919 08:16:15.907696 1856845 AbstractObjectAttributesManagerBase.h:175] AbstractObjectAttributesManager<T>::createObject  (Stage) : Making attributes with handle : /mnt/data_nas/deeprobotics/daiyang/vla/third_party/ETP-R1/data/scene_datasets/mp3d/PuKPg4mmafe/PuKPg4mmafe.glb
I0919 08:16:15.907699 1856845 ManagedContainerBase.cpp:19] ManagedContainerBase::convertFilenameToJSON : Filename : /mnt/data_nas/deeprobotics/daiyang/vla/third_party/ETP-R1/data/scene_datasets/mp3d/PuKPg4mmafe/PuKPg4mmafe.glb changed to proposed JSON configuration filename : /mnt/data_nas/deeprobotics/daiyang/vla/third_party/ETP-R1/data/scene_datasets/mp3d/PuKPg4mmafe/PuKPg4mmafe.stage_config.json
I0919 08:16:15.907712 1856845 AttributesManagerBase.h:283] AttributesManager<T>::createFromJsonOrDefaultInternal  (Stage) : Proposing JSON name : /mnt/data_nas/deeprobotics/daiyang/vla/third_party/ETP-R1/data/scene_datasets/mp3d/PuKPg4mmafe/PuKPg4mmafe.stage_config.json from original name : /mnt/data_nas/deeprobotics/daiyang/vla/third_party/ETP-R1/data/scene_datasets/mp3d/PuKPg4mmafe/PuKPg4mmafe.glb | This file  does not exist.
I0919 08:16:15.907768 1856845 AbstractObjectAttributesManagerBase.h:181] AbstractObjectAttributesManager<T>::createObject  (Stage) : Done making attributes with handle : /mnt/data_nas/deeprobotics/daiyang/vla/third_party/ETP-R1/data/scene_datasets/mp3d/PuKPg4mmafe/PuKPg4mmafe.glb
I0919 08:16:15.907770 1856845 AbstractObjectAttributesManagerBase.h:188] File (/mnt/data_nas/deeprobotics/daiyang/vla/third_party/ETP-R1/data/scene_datasets/mp3d/PuKPg4mmafe/PuKPg4mmafe.glb) exists but is not a recognized config filename extension, so new default Stage attributes created and registered.
I0919 08:16:15.907776 1856845 Simulator.cpp:156] Loading navmesh from /mnt/data_nas/deeprobotics/daiyang/vla/third_party/ETP-R1/data/scene_datasets/mp3d/PuKPg4mmafe/PuKPg4mmafe.navmesh
I0919 08:16:15.908788 1856845 Simulator.cpp:158] Loaded.
I0919 08:16:15.908797 1856845 SceneGraph.h:93] Created DrawableGroup: 
Renderer: NVIDIA GeForce RTX 5090/PCIe/SSE2 by NVIDIA Corporation
OpenGL version: 4.6.0 NVIDIA 580.126.09
Using optional features:
    GL_ARB_ES2_compatibility
    GL_ARB_direct_state_access
    GL_ARB_get_texture_sub_image
    GL_ARB_invalidate_subdata
    GL_ARB_multi_bind
    GL_ARB_robustness
    GL_ARB_separate_shader_objects
    GL_ARB_texture_filter_anisotropic
    GL_ARB_texture_storage
    GL_ARB_texture_storage_multisample
    GL_ARB_vertex_array_object
    GL_KHR_debug
Using driver workarounds:
    no-forward-compatible-core-context
    nv-egl-incorrect-gl11-function-pointers
    no-layout-qualifiers-on-old-glsl
    nv-zero-context-profile-mask
    nv-implementation-color-read-format-dsa-broken
    nv-cubemap-inconsistent-compressed-image-size
    nv-cubemap-broken-full-compressed-image-query
    nv-compressed-block-size-in-bits
I0919 08:16:15.912526 1856845 ResourceManager.cpp:234] ResourceManager::loadStage : Not loading semantic mesh
I0919 08:16:15.912535 1856845 ResourceManager.cpp:262] ResourceManager::loadStage : start load render asset /mnt/data_nas/deeprobotics/daiyang/vla/third_party/ETP-R1/data/scene_datasets/mp3d/PuKPg4mmafe/PuKPg4mmafe.glb.
I0919 08:16:15.912539 1856845 ResourceManager.cpp:569] ResourceManager::loadStageInternal : Attempting to load stage /mnt/data_nas/deeprobotics/daiyang/vla/third_party/ETP-R1/data/scene_datasets/mp3d/PuKPg4mmafe/PuKPg4mmafe.glb 
I0919 08:16:15.912555 1856845 ResourceManager.cpp:1119] Importing Basis files as BC7 for PuKPg4mmafe.glb
W0919 08:16:20.575459 1856845 Simulator.cpp:248] :
---
 The active scene does not contain semantic annotations. 
---
I0919 08:16:20.596201 1856845 simulator.py:213] Loaded navmesh /mnt/data_nas/deeprobotics/daiyang/vla/third_party/ETP-R1/data/scene_datasets/mp3d/PuKPg4mmafe/PuKPg4mmafe.navmesh
I0919 08:20:08.841068 1856845 PhysicsManager.cpp:33] Deconstructing PhysicsManager
I0919 08:20:08.841113 1856845 SemanticScene.h:41] Deconstructing SemanticScene
I0919 08:20:08.842408 1856845 SceneManager.h:25] Deconstructing SceneManager
I0919 08:20:08.842414 1856845 SceneGraph.h:26] Deconstructing SceneGraph
I0919 08:20:08.842718 1856845 Sensor.h:87] Deconstructing Sensor
I0919 08:20:08.847976 1856845 Renderer.cpp:34] Deconstructing Renderer
I0919 08:20:08.848001 1856845 WindowlessContext.h:17] Deconstructing WindowlessContext
I0919 08:20:08.862378 1856845 ManagedContainerBase.cpp:19] ManagedContainerBase::convertFilenameToJSON : Filename : default changed to proposed JSON configuration filename : default.scene_dataset_config.json
I0919 08:20:08.862396 1856845 AttributesManagerBase.h:283] AttributesManager<T>::createFromJsonOrDefaultInternal  (Dataset) : Proposing JSON name : default.scene_dataset_config.json from original name : default | This file  does not exist.
I0919 08:20:08.862617 1856845 AssetAttributesManager.cpp:117] Asset attributes (capsule3DSolid : capsule3DSolid_hemiRings_4_cylRings_1_segments_12_halfLen_0.75_useTexCoords_false_useTangents_false) created and registered.
I0919 08:20:08.862653 1856845 AssetAttributesManager.cpp:117] Asset attributes (capsule3DWireframe : capsule3DWireframe_hemiRings_8_cylRings_1_segments_16_halfLen_1) created and registered.
I0919 08:20:08.862676 1856845 AssetAttributesManager.cpp:117] Asset attributes (coneSolid : coneSolid_segments_12_halfLen_1.25_rings_1_useTexCoords_false_useTangents_false_capEnd_true) created and registered.
I0919 08:20:08.862692 1856845 AssetAttributesManager.cpp:117] Asset attributes (coneWireframe : coneWireframe_segments_32_halfLen_1.25) created and registered.
I0919 08:20:08.862737 1856845 AssetAttributesManager.cpp:117] Asset attributes (cubeSolid : cubeSolid) created and registered.
I0919 08:20:08.862744 1856845 AssetAttributesManager.cpp:117] Asset attributes (cubeWireframe : cubeWireframe) created and registered.
I0919 08:20:08.862835 1856845 AssetAttributesManager.cpp:117] Asset attributes (cylinderSolid : cylinderSolid_rings_1_segments_12_halfLen_1_useTexCoords_false_useTangents_false_capEnds_true) created and registered.
I0919 08:20:08.862854 1856845 AssetAttributesManager.cpp:117] Asset attributes (cylinderWireframe : cylinderWireframe_rings_1_segments_32_halfLen_1) created and registered.
I0919 08:20:08.862864 1856845 AssetAttributesManager.cpp:117] Asset attributes (icosphereSolid : icosphereSolid_subdivs_1) created and registered.
I0919 08:20:08.862872 1856845 AssetAttributesManager.cpp:117] Asset attributes (icosphereWireframe : icosphereWireframe_subdivs_1) created and registered.
I0919 08:20:08.862886 1856845 AssetAttributesManager.cpp:117] Asset attributes (uvSphereSolid : uvSphereSolid_rings_8_segments_16_useTexCoords_false_useTangents_false) created and registered.
I0919 08:20:08.862900 1856845 AssetAttributesManager.cpp:117] Asset attributes (uvSphereWireframe : uvSphereWireframe_rings_16_segments_32) created and registered.
I0919 08:20:08.862905 1856845 AssetAttributesManager.cpp:105] AssetAttributesManager::buildCtorFuncPtrMaps : Built default primitive asset templates : 12
I0919 08:20:08.863322 1856845 SceneDatasetAttributesManager.cpp:23] File (default) not found, so new default dataset attributes created and registered.
I0919 08:20:08.863324 1856845 MetadataMediator.cpp:47] MetadataMediator::createDataset : Dataset default successfully created.
I0919 08:20:08.863526 1856845 AttributesManagerBase.h:283] AttributesManager<T>::createFromJsonOrDefaultInternal  (Physics Manager) : Proposing JSON name : ./data/default.physics_config.json from original name : ./data/default.physics_config.json | This file  does not exist.
I0919 08:20:08.863538 1856845 PhysicsAttributesManager.cpp:27] File (./data/default.physics_config.json) not found, so new default physics manager attributes created and registered.
I0919 08:20:08.863540 1856845 AbstractObjectAttributesManagerBase.h:175] AbstractObjectAttributesManager<T>::createObject  (Stage) : Making attributes with handle : /mnt/data_nas/deeprobotics/daiyang/vla/third_party/ETP-R1/data/scene_datasets/mp3d/aayBHfsNo7d/aayBHfsNo7d.glb
I0919 08:20:08.863545 1856845 ManagedContainerBase.cpp:19] ManagedContainerBase::convertFilenameToJSON : Filename : /mnt/data_nas/deeprobotics/daiyang/vla/third_party/ETP-R1/data/scene_datasets/mp3d/aayBHfsNo7d/aayBHfsNo7d.glb changed to proposed JSON configuration filename : /mnt/data_nas/deeprobotics/daiyang/vla/third_party/ETP-R1/data/scene_datasets/mp3d/aayBHfsNo7d/aayBHfsNo7d.stage_config.json
I0919 08:20:08.863555 1856845 AttributesManagerBase.h:283] AttributesManager<T>::createFromJsonOrDefaultInternal  (Stage) : Proposing JSON name : /mnt/data_nas/deeprobotics/daiyang/vla/third_party/ETP-R1/data/scene_datasets/mp3d/aayBHfsNo7d/aayBHfsNo7d.stage_config.json from original name : /mnt/data_nas/deeprobotics/daiyang/vla/third_party/ETP-R1/data/scene_datasets/mp3d/aayBHfsNo7d/aayBHfsNo7d.glb | This file  does not exist.
I0919 08:20:08.863602 1856845 AbstractObjectAttributesManagerBase.h:181] AbstractObjectAttributesManager<T>::createObject  (Stage) : Done making attributes with handle : /mnt/data_nas/deeprobotics/daiyang/vla/third_party/ETP-R1/data/scene_datasets/mp3d/aayBHfsNo7d/aayBHfsNo7d.glb
I0919 08:20:08.863607 1856845 AbstractObjectAttributesManagerBase.h:188] File (/mnt/data_nas/deeprobotics/daiyang/vla/third_party/ETP-R1/data/scene_datasets/mp3d/aayBHfsNo7d/aayBHfsNo7d.glb) exists but is not a recognized config filename extension, so new default Stage attributes created and registered.
I0919 08:20:08.863612 1856845 Simulator.cpp:156] Loading navmesh from /mnt/data_nas/deeprobotics/daiyang/vla/third_party/ETP-R1/data/scene_datasets/mp3d/aayBHfsNo7d/aayBHfsNo7d.navmesh
I0919 08:20:08.864367 1856845 Simulator.cpp:158] Loaded.
I0919 08:20:08.864375 1856845 SceneGraph.h:93] Created DrawableGroup: 
Renderer: NVIDIA GeForce RTX 5090/PCIe/SSE2 by NVIDIA Corporation
OpenGL version: 4.6.0 NVIDIA 580.126.09
Using optional features:
    GL_ARB_ES2_compatibility
    GL_ARB_direct_state_access
    GL_ARB_get_texture_sub_image
    GL_ARB_invalidate_subdata
    GL_ARB_multi_bind
    GL_ARB_robustness
    GL_ARB_separate_shader_objects
    GL_ARB_texture_filter_anisotropic
    GL_ARB_texture_storage
    GL_ARB_texture_storage_multisample
    GL_ARB_vertex_array_object
    GL_KHR_debug
Using driver workarounds:
    no-forward-compatible-core-context
    nv-egl-incorrect-gl11-function-pointers
    no-layout-qualifiers-on-old-glsl
    nv-zero-context-profile-mask
    nv-implementation-color-read-format-dsa-broken
    nv-cubemap-inconsistent-compressed-image-size
    nv-cubemap-broken-full-compressed-image-query
    nv-compressed-block-size-in-bits
I0919 08:20:08.867987 1856845 ResourceManager.cpp:234] ResourceManager::loadStage : Not loading semantic mesh
I0919 08:20:08.867996 1856845 ResourceManager.cpp:262] ResourceManager::loadStage : start load render asset /mnt/data_nas/deeprobotics/daiyang/vla/third_party/ETP-R1/data/scene_datasets/mp3d/aayBHfsNo7d/aayBHfsNo7d.glb.
I0919 08:20:08.867998 1856845 ResourceManager.cpp:569] ResourceManager::loadStageInternal : Attempting to load stage /mnt/data_nas/deeprobotics/daiyang/vla/third_party/ETP-R1/data/scene_datasets/mp3d/aayBHfsNo7d/aayBHfsNo7d.glb 
I0919 08:20:08.868014 1856845 ResourceManager.cpp:1119] Importing Basis files as BC7 for aayBHfsNo7d.glb
W0919 08:20:10.444590 1856845 Simulator.cpp:248] :
---
 The active scene does not contain semantic annotations. 
---
I0919 08:20:10.487787 1856845 simulator.py:213] Loaded navmesh /mnt/data_nas/deeprobotics/daiyang/vla/third_party/ETP-R1/data/scene_datasets/mp3d/aayBHfsNo7d/aayBHfsNo7d.navmesh
I0919 08:20:59.685571 1856845 PhysicsManager.cpp:33] Deconstructing PhysicsManager
I0919 08:20:59.685623 1856845 SemanticScene.h:41] Deconstructing SemanticScene
I0919 08:20:59.689429 1856845 SceneManager.h:25] Deconstructing SceneManager
I0919 08:20:59.689440 1856845 SceneGraph.h:26] Deconstructing SceneGraph
I0919 08:20:59.690099 1856845 Sensor.h:87] Deconstructing Sensor
I0919 08:20:59.693337 1856845 Renderer.cpp:34] Deconstructing Renderer
I0919 08:20:59.693363 1856845 WindowlessContext.h:17] Deconstructing WindowlessContext
I0919 08:20:59.700330 1856845 ManagedContainerBase.cpp:19] ManagedContainerBase::convertFilenameToJSON : Filename : default changed to proposed JSON configuration filename : default.scene_dataset_config.json
I0919 08:20:59.700346 1856845 AttributesManagerBase.h:283] AttributesManager<T>::createFromJsonOrDefaultInternal  (Dataset) : Proposing JSON name : default.scene_dataset_config.json from original name : default | This file  does not exist.
I0919 08:20:59.700621 1856845 AssetAttributesManager.cpp:117] Asset attributes (capsule3DSolid : capsule3DSolid_hemiRings_4_cylRings_1_segments_12_halfLen_0.75_useTexCoords_false_useTangents_false) created and registered.
I0919 08:20:59.700663 1856845 AssetAttributesManager.cpp:117] Asset attributes (capsule3DWireframe : capsule3DWireframe_hemiRings_8_cylRings_1_segments_16_halfLen_1) created and registered.
I0919 08:20:59.700701 1856845 AssetAttributesManager.cpp:117] Asset attributes (coneSolid : coneSolid_segments_12_halfLen_1.25_rings_1_useTexCoords_false_useTangents_false_capEnd_true) created and registered.
I0919 08:20:59.700730 1856845 AssetAttributesManager.cpp:117] Asset attributes (coneWireframe : coneWireframe_segments_32_halfLen_1.25) created and registered.
I0919 08:20:59.700743 1856845 AssetAttributesManager.cpp:117] Asset attributes (cubeSolid : cubeSolid) created and registered.
I0919 08:20:59.700753 1856845 AssetAttributesManager.cpp:117] Asset attributes (cubeWireframe : cubeWireframe) created and registered.
I0919 08:20:59.700783 1856845 AssetAttributesManager.cpp:117] Asset attributes (cylinderSolid : cylinderSolid_rings_1_segments_12_halfLen_1_useTexCoords_false_useTangents_false_capEnds_true) created and registered.
I0919 08:20:59.700810 1856845 AssetAttributesManager.cpp:117] Asset attributes (cylinderWireframe : cylinderWireframe_rings_1_segments_32_halfLen_1) created and registered.
I0919 08:20:59.700825 1856845 AssetAttributesManager.cpp:117] Asset attributes (icosphereSolid : icosphereSolid_subdivs_1) created and registered.
I0919 08:20:59.700838 1856845 AssetAttributesManager.cpp:117] Asset attributes (icosphereWireframe : icosphereWireframe_subdivs_1) created and registered.
I0919 08:20:59.700858 1856845 AssetAttributesManager.cpp:117] Asset attributes (uvSphereSolid : uvSphereSolid_rings_8_segments_16_useTexCoords_false_useTangents_false) created and registered.
I0919 08:20:59.700877 1856845 AssetAttributesManager.cpp:117] Asset attributes (uvSphereWireframe : uvSphereWireframe_rings_16_segments_32) created and registered.
I0919 08:20:59.700887 1856845 AssetAttributesManager.cpp:105] AssetAttributesManager::buildCtorFuncPtrMaps : Built default primitive asset templates : 12
I0919 08:20:59.701539 1856845 SceneDatasetAttributesManager.cpp:23] File (default) not found, so new default dataset attributes created and registered.
I0919 08:20:59.701542 1856845 MetadataMediator.cpp:47] MetadataMediator::createDataset : Dataset default successfully created.
I0919 08:20:59.701781 1856845 AttributesManagerBase.h:283] AttributesManager<T>::createFromJsonOrDefaultInternal  (Physics Manager) : Proposing JSON name : ./data/default.physics_config.json from original name : ./data/default.physics_config.json | This file  does not exist.
I0919 08:20:59.701797 1856845 PhysicsAttributesManager.cpp:27] File (./data/default.physics_config.json) not found, so new default physics manager attributes created and registered.
I0919 08:20:59.701800 1856845 AbstractObjectAttributesManagerBase.h:175] AbstractObjectAttributesManager<T>::createObject  (Stage) : Making attributes with handle : /mnt/data_nas/deeprobotics/daiyang/vla/third_party/ETP-R1/data/scene_datasets/mp3d/82sE5b5pLXE/82sE5b5pLXE.glb
I0919 08:20:59.701807 1856845 ManagedContainerBase.cpp:19] ManagedContainerBase::convertFilenameToJSON : Filename : /mnt/data_nas/deeprobotics/daiyang/vla/third_party/ETP-R1/data/scene_datasets/mp3d/82sE5b5pLXE/82sE5b5pLXE.glb changed to proposed JSON configuration filename : /mnt/data_nas/deeprobotics/daiyang/vla/third_party/ETP-R1/data/scene_datasets/mp3d/82sE5b5pLXE/82sE5b5pLXE.stage_config.json
I0919 08:20:59.701819 1856845 AttributesManagerBase.h:283] AttributesManager<T>::createFromJsonOrDefaultInternal  (Stage) : Proposing JSON name : /mnt/data_nas/deeprobotics/daiyang/vla/third_party/ETP-R1/data/scene_datasets/mp3d/82sE5b5pLXE/82sE5b5pLXE.stage_config.json from original name : /mnt/data_nas/deeprobotics/daiyang/vla/third_party/ETP-R1/data/scene_datasets/mp3d/82sE5b5pLXE/82sE5b5pLXE.glb | This file  does not exist.
I0919 08:20:59.701891 1856845 AbstractObjectAttributesManagerBase.h:181] AbstractObjectAttributesManager<T>::createObject  (Stage) : Done making attributes with handle : /mnt/data_nas/deeprobotics/daiyang/vla/third_party/ETP-R1/data/scene_datasets/mp3d/82sE5b5pLXE/82sE5b5pLXE.glb
I0919 08:20:59.701894 1856845 AbstractObjectAttributesManagerBase.h:188] File (/mnt/data_nas/deeprobotics/daiyang/vla/third_party/ETP-R1/data/scene_datasets/mp3d/82sE5b5pLXE/82sE5b5pLXE.glb) exists but is not a recognized config filename extension, so new default Stage attributes created and registered.
I0919 08:20:59.701905 1856845 Simulator.cpp:156] Loading navmesh from /mnt/data_nas/deeprobotics/daiyang/vla/third_party/ETP-R1/data/scene_datasets/mp3d/82sE5b5pLXE/82sE5b5pLXE.navmesh
I0919 08:20:59.703020 1856845 Simulator.cpp:158] Loaded.
I0919 08:20:59.703030 1856845 SceneGraph.h:93] Created DrawableGroup: 
Renderer: NVIDIA GeForce RTX 5090/PCIe/SSE2 by NVIDIA Corporation
OpenGL version: 4.6.0 NVIDIA 580.126.09
Using optional features:
    GL_ARB_ES2_compatibility
    GL_ARB_direct_state_access
    GL_ARB_get_texture_sub_image
    GL_ARB_invalidate_subdata
    GL_ARB_multi_bind
    GL_ARB_robustness
    GL_ARB_separate_shader_objects
    GL_ARB_texture_filter_anisotropic
    GL_ARB_texture_storage
    GL_ARB_texture_storage_multisample
    GL_ARB_vertex_array_object
    GL_KHR_debug
Using driver workarounds:
    no-forward-compatible-core-context
    nv-egl-incorrect-gl11-function-pointers
    no-layout-qualifiers-on-old-glsl
    nv-zero-context-profile-mask
    nv-implementation-color-read-format-dsa-broken
    nv-cubemap-inconsistent-compressed-image-size
    nv-cubemap-broken-full-compressed-image-query
    nv-compressed-block-size-in-bits
I0919 08:20:59.707223 1856845 ResourceManager.cpp:234] ResourceManager::loadStage : Not loading semantic mesh
I0919 08:20:59.707233 1856845 ResourceManager.cpp:262] ResourceManager::loadStage : start load render asset /mnt/data_nas/deeprobotics/daiyang/vla/third_party/ETP-R1/data/scene_datasets/mp3d/82sE5b5pLXE/82sE5b5pLXE.glb.
I0919 08:20:59.707237 1856845 ResourceManager.cpp:569] ResourceManager::loadStageInternal : Attempting to load stage /mnt/data_nas/deeprobotics/daiyang/vla/third_party/ETP-R1/data/scene_datasets/mp3d/82sE5b5pLXE/82sE5b5pLXE.glb 
I0919 08:20:59.707257 1856845 ResourceManager.cpp:1119] Importing Basis files as BC7 for 82sE5b5pLXE.glb
W0919 08:21:01.835379 1856845 Simulator.cpp:248] :
---
 The active scene does not contain semantic annotations. 
---
I0919 08:21:01.872128 1856845 simulator.py:213] Loaded navmesh /mnt/data_nas/deeprobotics/daiyang/vla/third_party/ETP-R1/data/scene_datasets/mp3d/82sE5b5pLXE/82sE5b5pLXE.navmesh
I0919 08:22:01.481344 1856845 PhysicsManager.cpp:33] Deconstructing PhysicsManager
I0919 08:22:01.481397 1856845 SemanticScene.h:41] Deconstructing SemanticScene
I0919 08:22:01.483623 1856845 SceneManager.h:25] Deconstructing SceneManager
I0919 08:22:01.483635 1856845 SceneGraph.h:26] Deconstructing SceneGraph
I0919 08:22:01.483963 1856845 Sensor.h:87] Deconstructing Sensor
I0919 08:22:01.489027 1856845 Renderer.cpp:34] Deconstructing Renderer
I0919 08:22:01.489063 1856845 WindowlessContext.h:17] Deconstructing WindowlessContext
I0919 08:22:01.496225 1856845 ManagedContainerBase.cpp:19] ManagedContainerBase::convertFilenameToJSON : Filename : default changed to proposed JSON configuration filename : default.scene_dataset_config.json
I0919 08:22:01.496245 1856845 AttributesManagerBase.h:283] AttributesManager<T>::createFromJsonOrDefaultInternal  (Dataset) : Proposing JSON name : default.scene_dataset_config.json from original name : default | This file  does not exist.
I0919 08:22:01.496658 1856845 AssetAttributesManager.cpp:117] Asset attributes (capsule3DSolid : capsule3DSolid_hemiRings_4_cylRings_1_segments_12_halfLen_0.75_useTexCoords_false_useTangents_false) created and registered.
I0919 08:22:01.496703 1856845 AssetAttributesManager.cpp:117] Asset attributes (capsule3DWireframe : capsule3DWireframe_hemiRings_8_cylRings_1_segments_16_halfLen_1) created and registered.
I0919 08:22:01.496742 1856845 AssetAttributesManager.cpp:117] Asset attributes (coneSolid : coneSolid_segments_12_halfLen_1.25_rings_1_useTexCoords_false_useTangents_false_capEnd_true) created and registered.
I0919 08:22:01.496765 1856845 AssetAttributesManager.cpp:117] Asset attributes (coneWireframe : coneWireframe_segments_32_halfLen_1.25) created and registered.
I0919 08:22:01.496778 1856845 AssetAttributesManager.cpp:117] Asset attributes (cubeSolid : cubeSolid) created and registered.
I0919 08:22:01.496788 1856845 AssetAttributesManager.cpp:117] Asset attributes (cubeWireframe : cubeWireframe) created and registered.
I0919 08:22:01.496825 1856845 AssetAttributesManager.cpp:117] Asset attributes (cylinderSolid : cylinderSolid_rings_1_segments_12_halfLen_1_useTexCoords_false_useTangents_false_capEnds_true) created and registered.
I0919 08:22:01.496850 1856845 AssetAttributesManager.cpp:117] Asset attributes (cylinderWireframe : cylinderWireframe_rings_1_segments_32_halfLen_1) created and registered.
I0919 08:22:01.496866 1856845 AssetAttributesManager.cpp:117] Asset attributes (icosphereSolid : icosphereSolid_subdivs_1) created and registered.
I0919 08:22:01.496878 1856845 AssetAttributesManager.cpp:117] Asset attributes (icosphereWireframe : icosphereWireframe_subdivs_1) created and registered.
I0919 08:22:01.496898 1856845 AssetAttributesManager.cpp:117] Asset attributes (uvSphereSolid : uvSphereSolid_rings_8_segments_16_useTexCoords_false_useTangents_false) created and registered.
I0919 08:22:01.496917 1856845 AssetAttributesManager.cpp:117] Asset attributes (uvSphereWireframe : uvSphereWireframe_rings_16_segments_32) created and registered.
I0919 08:22:01.496927 1856845 AssetAttributesManager.cpp:105] AssetAttributesManager::buildCtorFuncPtrMaps : Built default primitive asset templates : 12
I0919 08:22:01.497576 1856845 SceneDatasetAttributesManager.cpp:23] File (default) not found, so new default dataset attributes created and registered.
I0919 08:22:01.497579 1856845 MetadataMediator.cpp:47] MetadataMediator::createDataset : Dataset default successfully created.
I0919 08:22:01.497838 1856845 AttributesManagerBase.h:283] AttributesManager<T>::createFromJsonOrDefaultInternal  (Physics Manager) : Proposing JSON name : ./data/default.physics_config.json from original name : ./data/default.physics_config.json | This file  does not exist.
I0919 08:22:01.497853 1856845 PhysicsAttributesManager.cpp:27] File (./data/default.physics_config.json) not found, so new default physics manager attributes created and registered.
I0919 08:22:01.497859 1856845 AbstractObjectAttributesManagerBase.h:175] AbstractObjectAttributesManager<T>::createObject  (Stage) : Making attributes with handle : /mnt/data_nas/deeprobotics/daiyang/vla/third_party/ETP-R1/data/scene_datasets/mp3d/B6ByNegPMKs/B6ByNegPMKs.glb
I0919 08:22:01.497864 1856845 ManagedContainerBase.cpp:19] ManagedContainerBase::convertFilenameToJSON : Filename : /mnt/data_nas/deeprobotics/daiyang/vla/third_party/ETP-R1/data/scene_datasets/mp3d/B6ByNegPMKs/B6ByNegPMKs.glb changed to proposed JSON configuration filename : /mnt/data_nas/deeprobotics/daiyang/vla/third_party/ETP-R1/data/scene_datasets/mp3d/B6ByNegPMKs/B6ByNegPMKs.stage_config.json
I0919 08:22:01.497879 1856845 AttributesManagerBase.h:283] AttributesManager<T>::createFromJsonOrDefaultInternal  (Stage) : Proposing JSON name : /mnt/data_nas/deeprobotics/daiyang/vla/third_party/ETP-R1/data/scene_datasets/mp3d/B6ByNegPMKs/B6ByNegPMKs.stage_config.json from original name : /mnt/data_nas/deeprobotics/daiyang/vla/third_party/ETP-R1/data/scene_datasets/mp3d/B6ByNegPMKs/B6ByNegPMKs.glb | This file  does not exist.
I0919 08:22:01.497952 1856845 AbstractObjectAttributesManagerBase.h:181] AbstractObjectAttributesManager<T>::createObject  (Stage) : Done making attributes with handle : /mnt/data_nas/deeprobotics/daiyang/vla/third_party/ETP-R1/data/scene_datasets/mp3d/B6ByNegPMKs/B6ByNegPMKs.glb
I0919 08:22:01.497956 1856845 AbstractObjectAttributesManagerBase.h:188] File (/mnt/data_nas/deeprobotics/daiyang/vla/third_party/ETP-R1/data/scene_datasets/mp3d/B6ByNegPMKs/B6ByNegPMKs.glb) exists but is not a recognized config filename extension, so new default Stage attributes created and registered.
I0919 08:22:01.497962 1856845 Simulator.cpp:156] Loading navmesh from /mnt/data_nas/deeprobotics/daiyang/vla/third_party/ETP-R1/data/scene_datasets/mp3d/B6ByNegPMKs/B6ByNegPMKs.navmesh
I0919 08:22:01.499548 1856845 Simulator.cpp:158] Loaded.
I0919 08:22:01.499560 1856845 SceneGraph.h:93] Created DrawableGroup: 
Renderer: NVIDIA GeForce RTX 5090/PCIe/SSE2 by NVIDIA Corporation
OpenGL version: 4.6.0 NVIDIA 580.126.09
Using optional features:
    GL_ARB_ES2_compatibility
    GL_ARB_direct_state_access
    GL_ARB_get_texture_sub_image
    GL_ARB_invalidate_subdata
    GL_ARB_multi_bind
    GL_ARB_robustness
    GL_ARB_separate_shader_objects
    GL_ARB_texture_filter_anisotropic
    GL_ARB_texture_storage
    GL_ARB_texture_storage_multisample
    GL_ARB_vertex_array_object
    GL_KHR_debug
Using driver workarounds:
    no-forward-compatible-core-context
    nv-egl-incorrect-gl11-function-pointers
    no-layout-qualifiers-on-old-glsl
    nv-zero-context-profile-mask
    nv-implementation-color-read-format-dsa-broken
    nv-cubemap-inconsistent-compressed-image-size
    nv-cubemap-broken-full-compressed-image-query
    nv-compressed-block-size-in-bits
I0919 08:22:01.503962 1856845 ResourceManager.cpp:234] ResourceManager::loadStage : Not loading semantic mesh
I0919 08:22:01.503973 1856845 ResourceManager.cpp:262] ResourceManager::loadStage : start load render asset /mnt/data_nas/deeprobotics/daiyang/vla/third_party/ETP-R1/data/scene_datasets/mp3d/B6ByNegPMKs/B6ByNegPMKs.glb.
I0919 08:22:01.503976 1856845 ResourceManager.cpp:569] ResourceManager::loadStageInternal : Attempting to load stage /mnt/data_nas/deeprobotics/daiyang/vla/third_party/ETP-R1/data/scene_datasets/mp3d/B6ByNegPMKs/B6ByNegPMKs.glb 
I0919 08:22:01.503997 1856845 ResourceManager.cpp:1119] Importing Basis files as BC7 for B6ByNegPMKs.glb
W0919 08:22:11.010366 1856845 Simulator.cpp:248] :
---
 The active scene does not contain semantic annotations. 
---
I0919 08:22:11.210505 1856845 simulator.py:213] Loaded navmesh /mnt/data_nas/deeprobotics/daiyang/vla/third_party/ETP-R1/data/scene_datasets/mp3d/B6ByNegPMKs/B6ByNegPMKs.navmesh
I0919 08:23:04.413630 1856845 PhysicsManager.cpp:33] Deconstructing PhysicsManager
I0919 08:23:04.413663 1856845 SemanticScene.h:41] Deconstructing SemanticScene
I0919 08:23:04.429245 1856845 SceneManager.h:25] Deconstructing SceneManager
I0919 08:23:04.429261 1856845 SceneGraph.h:26] Deconstructing SceneGraph
I0919 08:23:04.429769 1856845 Sensor.h:87] Deconstructing Sensor
I0919 08:23:04.441551 1856845 Renderer.cpp:34] Deconstructing Renderer
I0919 08:23:04.441586 1856845 WindowlessContext.h:17] Deconstructing WindowlessContext
I0919 08:23:04.466550 1856845 ManagedContainerBase.cpp:19] ManagedContainerBase::convertFilenameToJSON : Filename : default changed to proposed JSON configuration filename : default.scene_dataset_config.json
I0919 08:23:04.466570 1856845 AttributesManagerBase.h:283] AttributesManager<T>::createFromJsonOrDefaultInternal  (Dataset) : Proposing JSON name : default.scene_dataset_config.json from original name : default | This file  does not exist.
I0919 08:23:04.466663 1856845 AssetAttributesManager.cpp:117] Asset attributes (capsule3DSolid : capsule3DSolid_hemiRings_4_cylRings_1_segments_12_halfLen_0.75_useTexCoords_false_useTangents_false) created and registered.
I0919 08:23:04.466693 1856845 AssetAttributesManager.cpp:117] Asset attributes (capsule3DWireframe : capsule3DWireframe_hemiRings_8_cylRings_1_segments_16_halfLen_1) created and registered.
I0919 08:23:04.466718 1856845 AssetAttributesManager.cpp:117] Asset attributes (coneSolid : coneSolid_segments_12_halfLen_1.25_rings_1_useTexCoords_false_useTangents_false_capEnd_true) created and registered.
I0919 08:23:04.466733 1856845 AssetAttributesManager.cpp:117] Asset attributes (coneWireframe : coneWireframe_segments_32_halfLen_1.25) created and registered.
I0919 08:23:04.466743 1856845 AssetAttributesManager.cpp:117] Asset attributes (cubeSolid : cubeSolid) created and registered.
I0919 08:23:04.466749 1856845 AssetAttributesManager.cpp:117] Asset attributes (cubeWireframe : cubeWireframe) created and registered.
I0919 08:23:04.466769 1856845 AssetAttributesManager.cpp:117] Asset attributes (cylinderSolid : cylinderSolid_rings_1_segments_12_halfLen_1_useTexCoords_false_useTangents_false_capEnds_true) created and registered.
I0919 08:23:04.466786 1856845 AssetAttributesManager.cpp:117] Asset attributes (cylinderWireframe : cylinderWireframe_rings_1_segments_32_halfLen_1) created and registered.
I0919 08:23:04.466807 1856845 AssetAttributesManager.cpp:117] Asset attributes (icosphereSolid : icosphereSolid_subdivs_1) created and registered.
I0919 08:23:04.466816 1856845 AssetAttributesManager.cpp:117] Asset attributes (icosphereWireframe : icosphereWireframe_subdivs_1) created and registered.
I0919 08:23:04.466831 1856845 AssetAttributesManager.cpp:117] Asset attributes (uvSphereSolid : uvSphereSolid_rings_8_segments_16_useTexCoords_false_useTangents_false) created and registered.
I0919 08:23:04.466845 1856845 AssetAttributesManager.cpp:117] Asset attributes (uvSphereWireframe : uvSphereWireframe_rings_16_segments_32) created and registered.
I0919 08:23:04.466850 1856845 AssetAttributesManager.cpp:105] AssetAttributesManager::buildCtorFuncPtrMaps : Built default primitive asset templates : 12
I0919 08:23:04.467257 1856845 SceneDatasetAttributesManager.cpp:23] File (default) not found, so new default dataset attributes created and registered.
I0919 08:23:04.467259 1856845 MetadataMediator.cpp:47] MetadataMediator::createDataset : Dataset default successfully created.
I0919 08:23:04.467463 1856845 AttributesManagerBase.h:283] AttributesManager<T>::createFromJsonOrDefaultInternal  (Physics Manager) : Proposing JSON name : ./data/default.physics_config.json from original name : ./data/default.physics_config.json | This file  does not exist.
I0919 08:23:04.467475 1856845 PhysicsAttributesManager.cpp:27] File (./data/default.physics_config.json) not found, so new default physics manager attributes created and registered.
I0919 08:23:04.467479 1856845 AbstractObjectAttributesManagerBase.h:175] AbstractObjectAttributesManager<T>::createObject  (Stage) : Making attributes with handle : /mnt/data_nas/deeprobotics/daiyang/vla/third_party/ETP-R1/data/scene_datasets/mp3d/PuKPg4mmafe/PuKPg4mmafe.glb
I0919 08:23:04.467483 1856845 ManagedContainerBase.cpp:19] ManagedContainerBase::convertFilenameToJSON : Filename : /mnt/data_nas/deeprobotics/daiyang/vla/third_party/ETP-R1/data/scene_datasets/mp3d/PuKPg4mmafe/PuKPg4mmafe.glb changed to proposed JSON configuration filename : /mnt/data_nas/deeprobotics/daiyang/vla/third_party/ETP-R1/data/scene_datasets/mp3d/PuKPg4mmafe/PuKPg4mmafe.stage_config.json
I0919 08:23:04.468385 1856845 AttributesManagerBase.h:283] AttributesManager<T>::createFromJsonOrDefaultInternal  (Stage) : Proposing JSON name : /mnt/data_nas/deeprobotics/daiyang/vla/third_party/ETP-R1/data/scene_datasets/mp3d/PuKPg4mmafe/PuKPg4mmafe.stage_config.json from original name : /mnt/data_nas/deeprobotics/daiyang/vla/third_party/ETP-R1/data/scene_datasets/mp3d/PuKPg4mmafe/PuKPg4mmafe.glb | This file  does not exist.
I0919 08:23:04.468436 1856845 AbstractObjectAttributesManagerBase.h:181] AbstractObjectAttributesManager<T>::createObject  (Stage) : Done making attributes with handle : /mnt/data_nas/deeprobotics/daiyang/vla/third_party/ETP-R1/data/scene_datasets/mp3d/PuKPg4mmafe/PuKPg4mmafe.glb
I0919 08:23:04.468438 1856845 AbstractObjectAttributesManagerBase.h:188] File (/mnt/data_nas/deeprobotics/daiyang/vla/third_party/ETP-R1/data/scene_datasets/mp3d/PuKPg4mmafe/PuKPg4mmafe.glb) exists but is not a recognized config filename extension, so new default Stage attributes created and registered.
I0919 08:23:04.468443 1856845 Simulator.cpp:156] Loading navmesh from /mnt/data_nas/deeprobotics/daiyang/vla/third_party/ETP-R1/data/scene_datasets/mp3d/PuKPg4mmafe/PuKPg4mmafe.navmesh
I0919 08:23:04.469676 1856845 Simulator.cpp:158] Loaded.
I0919 08:23:04.469686 1856845 SceneGraph.h:93] Created DrawableGroup: 
Renderer: NVIDIA GeForce RTX 5090/PCIe/SSE2 by NVIDIA Corporation
OpenGL version: 4.6.0 NVIDIA 580.126.09
Using optional features:
    GL_ARB_ES2_compatibility
    GL_ARB_direct_state_access
    GL_ARB_get_texture_sub_image
    GL_ARB_invalidate_subdata
    GL_ARB_multi_bind
    GL_ARB_robustness
    GL_ARB_separate_shader_objects
    GL_ARB_texture_filter_anisotropic
    GL_ARB_texture_storage
    GL_ARB_texture_storage_multisample
    GL_ARB_vertex_array_object
    GL_KHR_debug
Using driver workarounds:
    no-forward-compatible-core-context
    nv-egl-incorrect-gl11-function-pointers
    no-layout-qualifiers-on-old-glsl
    nv-zero-context-profile-mask
    nv-implementation-color-read-format-dsa-broken
    nv-cubemap-inconsistent-compressed-image-size
    nv-cubemap-broken-full-compressed-image-query
    nv-compressed-block-size-in-bits
I0919 08:23:04.473459 1856845 ResourceManager.cpp:234] ResourceManager::loadStage : Not loading semantic mesh
I0919 08:23:04.473466 1856845 ResourceManager.cpp:262] ResourceManager::loadStage : start load render asset /mnt/data_nas/deeprobotics/daiyang/vla/third_party/ETP-R1/data/scene_datasets/mp3d/PuKPg4mmafe/PuKPg4mmafe.glb.
I0919 08:23:04.473469 1856845 ResourceManager.cpp:569] ResourceManager::loadStageInternal : Attempting to load stage /mnt/data_nas/deeprobotics/daiyang/vla/third_party/ETP-R1/data/scene_datasets/mp3d/PuKPg4mmafe/PuKPg4mmafe.glb 
I0919 08:23:04.473484 1856845 ResourceManager.cpp:1119] Importing Basis files as BC7 for PuKPg4mmafe.glb
W0919 08:23:09.187160 1856845 Simulator.cpp:248] :
---
 The active scene does not contain semantic annotations. 
---
I0919 08:23:09.207551 1856845 simulator.py:213] Loaded navmesh /mnt/data_nas/deeprobotics/daiyang/vla/third_party/ETP-R1/data/scene_datasets/mp3d/PuKPg4mmafe/PuKPg4mmafe.navmesh
I0919 08:26:53.070075 1856845 PhysicsManager.cpp:33] Deconstructing PhysicsManager
I0919 08:26:53.070142 1856845 SemanticScene.h:41] Deconstructing SemanticScene
I0919 08:26:53.071255 1856845 SceneManager.h:25] Deconstructing SceneManager
I0919 08:26:53.071260 1856845 SceneGraph.h:26] Deconstructing SceneGraph
I0919 08:26:53.071573 1856845 Sensor.h:87] Deconstructing Sensor
I0919 08:26:53.077116 1856845 Renderer.cpp:34] Deconstructing Renderer
I0919 08:26:53.077138 1856845 WindowlessContext.h:17] Deconstructing WindowlessContext
I0919 08:26:53.088968 1856845 ManagedContainerBase.cpp:19] ManagedContainerBase::convertFilenameToJSON : Filename : default changed to proposed JSON configuration filename : default.scene_dataset_config.json
I0919 08:26:53.088984 1856845 AttributesManagerBase.h:283] AttributesManager<T>::createFromJsonOrDefaultInternal  (Dataset) : Proposing JSON name : default.scene_dataset_config.json from original name : default | This file  does not exist.
I0919 08:26:53.089329 1856845 AssetAttributesManager.cpp:117] Asset attributes (capsule3DSolid : capsule3DSolid_hemiRings_4_cylRings_1_segments_12_halfLen_0.75_useTexCoords_false_useTangents_false) created and registered.
I0919 08:26:53.089355 1856845 AssetAttributesManager.cpp:117] Asset attributes (capsule3DWireframe : capsule3DWireframe_hemiRings_8_cylRings_1_segments_16_halfLen_1) created and registered.
I0919 08:26:53.089380 1856845 AssetAttributesManager.cpp:117] Asset attributes (coneSolid : coneSolid_segments_12_halfLen_1.25_rings_1_useTexCoords_false_useTangents_false_capEnd_true) created and registered.
I0919 08:26:53.089395 1856845 AssetAttributesManager.cpp:117] Asset attributes (coneWireframe : coneWireframe_segments_32_halfLen_1.25) created and registered.
I0919 08:26:53.089404 1856845 AssetAttributesManager.cpp:117] Asset attributes (cubeSolid : cubeSolid) created and registered.
I0919 08:26:53.089411 1856845 AssetAttributesManager.cpp:117] Asset attributes (cubeWireframe : cubeWireframe) created and registered.
I0919 08:26:53.089432 1856845 AssetAttributesManager.cpp:117] Asset attributes (cylinderSolid : cylinderSolid_rings_1_segments_12_halfLen_1_useTexCoords_false_useTangents_false_capEnds_true) created and registered.
I0919 08:26:53.089448 1856845 AssetAttributesManager.cpp:117] Asset attributes (cylinderWireframe : cylinderWireframe_rings_1_segments_32_halfLen_1) created and registered.
I0919 08:26:53.089458 1856845 AssetAttributesManager.cpp:117] Asset attributes (icosphereSolid : icosphereSolid_subdivs_1) created and registered.
I0919 08:26:53.089468 1856845 AssetAttributesManager.cpp:117] Asset attributes (icosphereWireframe : icosphereWireframe_subdivs_1) created and registered.
I0919 08:26:53.089479 1856845 AssetAttributesManager.cpp:117] Asset attributes (uvSphereSolid : uvSphereSolid_rings_8_segments_16_useTexCoords_false_useTangents_false) created and registered.
I0919 08:26:53.089498 1856845 AssetAttributesManager.cpp:117] Asset attributes (uvSphereWireframe : uvSphereWireframe_rings_16_segments_32) created and registered.
I0919 08:26:53.089504 1856845 AssetAttributesManager.cpp:105] AssetAttributesManager::buildCtorFuncPtrMaps : Built default primitive asset templates : 12
I0919 08:26:53.089896 1856845 SceneDatasetAttributesManager.cpp:23] File (default) not found, so new default dataset attributes created and registered.
I0919 08:26:53.089900 1856845 MetadataMediator.cpp:47] MetadataMediator::createDataset : Dataset default successfully created.
I0919 08:26:53.090099 1856845 AttributesManagerBase.h:283] AttributesManager<T>::createFromJsonOrDefaultInternal  (Physics Manager) : Proposing JSON name : ./data/default.physics_config.json from original name : ./data/default.physics_config.json | This file  does not exist.
I0919 08:26:53.090111 1856845 PhysicsAttributesManager.cpp:27] File (./data/default.physics_config.json) not found, so new default physics manager attributes created and registered.
I0919 08:26:53.090114 1856845 AbstractObjectAttributesManagerBase.h:175] AbstractObjectAttributesManager<T>::createObject  (Stage) : Making attributes with handle : /mnt/data_nas/deeprobotics/daiyang/vla/third_party/ETP-R1/data/scene_datasets/mp3d/aayBHfsNo7d/aayBHfsNo7d.glb
I0919 08:26:53.090118 1856845 ManagedContainerBase.cpp:19] ManagedContainerBase::convertFilenameToJSON : Filename : /mnt/data_nas/deeprobotics/daiyang/vla/third_party/ETP-R1/data/scene_datasets/mp3d/aayBHfsNo7d/aayBHfsNo7d.glb changed to proposed JSON configuration filename : /mnt/data_nas/deeprobotics/daiyang/vla/third_party/ETP-R1/data/scene_datasets/mp3d/aayBHfsNo7d/aayBHfsNo7d.stage_config.json
I0919 08:26:53.090128 1856845 AttributesManagerBase.h:283] AttributesManager<T>::createFromJsonOrDefaultInternal  (Stage) : Proposing JSON name : /mnt/data_nas/deeprobotics/daiyang/vla/third_party/ETP-R1/data/scene_datasets/mp3d/aayBHfsNo7d/aayBHfsNo7d.stage_config.json from original name : /mnt/data_nas/deeprobotics/daiyang/vla/third_party/ETP-R1/data/scene_datasets/mp3d/aayBHfsNo7d/aayBHfsNo7d.glb | This file  does not exist.
I0919 08:26:53.090176 1856845 AbstractObjectAttributesManagerBase.h:181] AbstractObjectAttributesManager<T>::createObject  (Stage) : Done making attributes with handle : /mnt/data_nas/deeprobotics/daiyang/vla/third_party/ETP-R1/data/scene_datasets/mp3d/aayBHfsNo7d/aayBHfsNo7d.glb
I0919 08:26:53.090178 1856845 AbstractObjectAttributesManagerBase.h:188] File (/mnt/data_nas/deeprobotics/daiyang/vla/third_party/ETP-R1/data/scene_datasets/mp3d/aayBHfsNo7d/aayBHfsNo7d.glb) exists but is not a recognized config filename extension, so new default Stage attributes created and registered.
I0919 08:26:53.090183 1856845 Simulator.cpp:156] Loading navmesh from /mnt/data_nas/deeprobotics/daiyang/vla/third_party/ETP-R1/data/scene_datasets/mp3d/aayBHfsNo7d/aayBHfsNo7d.navmesh
I0919 08:26:53.090925 1856845 Simulator.cpp:158] Loaded.
I0919 08:26:53.090934 1856845 SceneGraph.h:93] Created DrawableGroup: 
Renderer: NVIDIA GeForce RTX 5090/PCIe/SSE2 by NVIDIA Corporation
OpenGL version: 4.6.0 NVIDIA 580.126.09
Using optional features:
    GL_ARB_ES2_compatibility
    GL_ARB_direct_state_access
    GL_ARB_get_texture_sub_image
    GL_ARB_invalidate_subdata
    GL_ARB_multi_bind
    GL_ARB_robustness
    GL_ARB_separate_shader_objects
    GL_ARB_texture_filter_anisotropic
    GL_ARB_texture_storage
    GL_ARB_texture_storage_multisample
    GL_ARB_vertex_array_object
    GL_KHR_debug
Using driver workarounds:
    no-forward-compatible-core-context
    nv-egl-incorrect-gl11-function-pointers
    no-layout-qualifiers-on-old-glsl
    nv-zero-context-profile-mask
    nv-implementation-color-read-format-dsa-broken
    nv-cubemap-inconsistent-compressed-image-size
    nv-cubemap-broken-full-compressed-image-query
    nv-compressed-block-size-in-bits
I0919 08:26:53.094849 1856845 ResourceManager.cpp:234] ResourceManager::loadStage : Not loading semantic mesh
I0919 08:26:53.094863 1856845 ResourceManager.cpp:262] ResourceManager::loadStage : start load render asset /mnt/data_nas/deeprobotics/daiyang/vla/third_party/ETP-R1/data/scene_datasets/mp3d/aayBHfsNo7d/aayBHfsNo7d.glb.
I0919 08:26:53.094866 1856845 ResourceManager.cpp:569] ResourceManager::loadStageInternal : Attempting to load stage /mnt/data_nas/deeprobotics/daiyang/vla/third_party/ETP-R1/data/scene_datasets/mp3d/aayBHfsNo7d/aayBHfsNo7d.glb 
I0919 08:26:53.094882 1856845 ResourceManager.cpp:1119] Importing Basis files as BC7 for aayBHfsNo7d.glb
W0919 08:26:54.735057 1856845 Simulator.cpp:248] :
---
 The active scene does not contain semantic annotations. 
---
I0919 08:26:54.776796 1856845 simulator.py:213] Loaded navmesh /mnt/data_nas/deeprobotics/daiyang/vla/third_party/ETP-R1/data/scene_datasets/mp3d/aayBHfsNo7d/aayBHfsNo7d.navmesh
I0919 08:29:06.230052 1856845 PhysicsManager.cpp:33] Deconstructing PhysicsManager
I0919 08:29:06.230101 1856845 SemanticScene.h:41] Deconstructing SemanticScene
I0919 08:29:06.232955 1856845 SceneManager.h:25] Deconstructing SceneManager
I0919 08:29:06.232964 1856845 SceneGraph.h:26] Deconstructing SceneGraph
I0919 08:29:06.233520 1856845 Sensor.h:87] Deconstructing Sensor
I0919 08:29:06.236001 1856845 Renderer.cpp:34] Deconstructing Renderer
I0919 08:29:06.236021 1856845 WindowlessContext.h:17] Deconstructing WindowlessContext
I0919 08:29:06.241801 1856845 ManagedContainerBase.cpp:19] ManagedContainerBase::convertFilenameToJSON : Filename : default changed to proposed JSON configuration filename : default.scene_dataset_config.json
I0919 08:29:06.241817 1856845 AttributesManagerBase.h:283] AttributesManager<T>::createFromJsonOrDefaultInternal  (Dataset) : Proposing JSON name : default.scene_dataset_config.json from original name : default | This file  does not exist.
I0919 08:29:06.242822 1856845 AssetAttributesManager.cpp:117] Asset attributes (capsule3DSolid : capsule3DSolid_hemiRings_4_cylRings_1_segments_12_halfLen_0.75_useTexCoords_false_useTangents_false) created and registered.
I0919 08:29:06.242857 1856845 AssetAttributesManager.cpp:117] Asset attributes (capsule3DWireframe : capsule3DWireframe_hemiRings_8_cylRings_1_segments_16_halfLen_1) created and registered.
I0919 08:29:06.242882 1856845 AssetAttributesManager.cpp:117] Asset attributes (coneSolid : coneSolid_segments_12_halfLen_1.25_rings_1_useTexCoords_false_useTangents_false_capEnd_true) created and registered.
I0919 08:29:06.242897 1856845 AssetAttributesManager.cpp:117] Asset attributes (coneWireframe : coneWireframe_segments_32_halfLen_1.25) created and registered.
I0919 08:29:06.242906 1856845 AssetAttributesManager.cpp:117] Asset attributes (cubeSolid : cubeSolid) created and registered.
I0919 08:29:06.242913 1856845 AssetAttributesManager.cpp:117] Asset attributes (cubeWireframe : cubeWireframe) created and registered.
I0919 08:29:06.242935 1856845 AssetAttributesManager.cpp:117] Asset attributes (cylinderSolid : cylinderSolid_rings_1_segments_12_halfLen_1_useTexCoords_false_useTangents_false_capEnds_true) created and registered.
I0919 08:29:06.242952 1856845 AssetAttributesManager.cpp:117] Asset attributes (cylinderWireframe : cylinderWireframe_rings_1_segments_32_halfLen_1) created and registered.
I0919 08:29:06.242962 1856845 AssetAttributesManager.cpp:117] Asset attributes (icosphereSolid : icosphereSolid_subdivs_1) created and registered.
I0919 08:29:06.242971 1856845 AssetAttributesManager.cpp:117] Asset attributes (icosphereWireframe : icosphereWireframe_subdivs_1) created and registered.
I0919 08:29:06.242985 1856845 AssetAttributesManager.cpp:117] Asset attributes (uvSphereSolid : uvSphereSolid_rings_8_segments_16_useTexCoords_false_useTangents_false) created and registered.
I0919 08:29:06.242997 1856845 AssetAttributesManager.cpp:117] Asset attributes (uvSphereWireframe : uvSphereWireframe_rings_16_segments_32) created and registered.
I0919 08:29:06.243005 1856845 AssetAttributesManager.cpp:105] AssetAttributesManager::buildCtorFuncPtrMaps : Built default primitive asset templates : 12
I0919 08:29:06.243413 1856845 SceneDatasetAttributesManager.cpp:23] File (default) not found, so new default dataset attributes created and registered.
I0919 08:29:06.243417 1856845 MetadataMediator.cpp:47] MetadataMediator::createDataset : Dataset default successfully created.
I0919 08:29:06.243618 1856845 AttributesManagerBase.h:283] AttributesManager<T>::createFromJsonOrDefaultInternal  (Physics Manager) : Proposing JSON name : ./data/default.physics_config.json from original name : ./data/default.physics_config.json | This file  does not exist.
I0919 08:29:06.243628 1856845 PhysicsAttributesManager.cpp:27] File (./data/default.physics_config.json) not found, so new default physics manager attributes created and registered.
I0919 08:29:06.243633 1856845 AbstractObjectAttributesManagerBase.h:175] AbstractObjectAttributesManager<T>::createObject  (Stage) : Making attributes with handle : /mnt/data_nas/deeprobotics/daiyang/vla/third_party/ETP-R1/data/scene_datasets/mp3d/82sE5b5pLXE/82sE5b5pLXE.glb
I0919 08:29:06.243636 1856845 ManagedContainerBase.cpp:19] ManagedContainerBase::convertFilenameToJSON : Filename : /mnt/data_nas/deeprobotics/daiyang/vla/third_party/ETP-R1/data/scene_datasets/mp3d/82sE5b5pLXE/82sE5b5pLXE.glb changed to proposed JSON configuration filename : /mnt/data_nas/deeprobotics/daiyang/vla/third_party/ETP-R1/data/scene_datasets/mp3d/82sE5b5pLXE/82sE5b5pLXE.stage_config.json
I0919 08:29:06.243647 1856845 AttributesManagerBase.h:283] AttributesManager<T>::createFromJsonOrDefaultInternal  (Stage) : Proposing JSON name : /mnt/data_nas/deeprobotics/daiyang/vla/third_party/ETP-R1/data/scene_datasets/mp3d/82sE5b5pLXE/82sE5b5pLXE.stage_config.json from original name : /mnt/data_nas/deeprobotics/daiyang/vla/third_party/ETP-R1/data/scene_datasets/mp3d/82sE5b5pLXE/82sE5b5pLXE.glb | This file  does not exist.
I0919 08:29:06.243693 1856845 AbstractObjectAttributesManagerBase.h:181] AbstractObjectAttributesManager<T>::createObject  (Stage) : Done making attributes with handle : /mnt/data_nas/deeprobotics/daiyang/vla/third_party/ETP-R1/data/scene_datasets/mp3d/82sE5b5pLXE/82sE5b5pLXE.glb
I0919 08:29:06.243695 1856845 AbstractObjectAttributesManagerBase.h:188] File (/mnt/data_nas/deeprobotics/daiyang/vla/third_party/ETP-R1/data/scene_datasets/mp3d/82sE5b5pLXE/82sE5b5pLXE.glb) exists but is not a recognized config filename extension, so new default Stage attributes created and registered.
I0919 08:29:06.243700 1856845 Simulator.cpp:156] Loading navmesh from /mnt/data_nas/deeprobotics/daiyang/vla/third_party/ETP-R1/data/scene_datasets/mp3d/82sE5b5pLXE/82sE5b5pLXE.navmesh
I0919 08:29:06.244477 1856845 Simulator.cpp:158] Loaded.
I0919 08:29:06.244483 1856845 SceneGraph.h:93] Created DrawableGroup: 
Renderer: NVIDIA GeForce RTX 5090/PCIe/SSE2 by NVIDIA Corporation
OpenGL version: 4.6.0 NVIDIA 580.126.09
Using optional features:
    GL_ARB_ES2_compatibility
    GL_ARB_direct_state_access
    GL_ARB_get_texture_sub_image
    GL_ARB_invalidate_subdata
    GL_ARB_multi_bind
    GL_ARB_robustness
    GL_ARB_separate_shader_objects
    GL_ARB_texture_filter_anisotropic
    GL_ARB_texture_storage
    GL_ARB_texture_storage_multisample
    GL_ARB_vertex_array_object
    GL_KHR_debug
Using driver workarounds:
    no-forward-compatible-core-context
    nv-egl-incorrect-gl11-function-pointers
    no-layout-qualifiers-on-old-glsl
    nv-zero-context-profile-mask
    nv-implementation-color-read-format-dsa-broken
    nv-cubemap-inconsistent-compressed-image-size
    nv-cubemap-broken-full-compressed-image-query
    nv-compressed-block-size-in-bits
I0919 08:29:06.248104 1856845 ResourceManager.cpp:234] ResourceManager::loadStage : Not loading semantic mesh
I0919 08:29:06.248113 1856845 ResourceManager.cpp:262] ResourceManager::loadStage : start load render asset /mnt/data_nas/deeprobotics/daiyang/vla/third_party/ETP-R1/data/scene_datasets/mp3d/82sE5b5pLXE/82sE5b5pLXE.glb.
I0919 08:29:06.248116 1856845 ResourceManager.cpp:569] ResourceManager::loadStageInternal : Attempting to load stage /mnt/data_nas/deeprobotics/daiyang/vla/third_party/ETP-R1/data/scene_datasets/mp3d/82sE5b5pLXE/82sE5b5pLXE.glb 
I0919 08:29:06.248132 1856845 ResourceManager.cpp:1119] Importing Basis files as BC7 for 82sE5b5pLXE.glb
W0919 08:29:08.275821 1856845 Simulator.cpp:248] :
---
 The active scene does not contain semantic annotations. 
---
I0919 08:29:08.312183 1856845 simulator.py:213] Loaded navmesh /mnt/data_nas/deeprobotics/daiyang/vla/third_party/ETP-R1/data/scene_datasets/mp3d/82sE5b5pLXE/82sE5b5pLXE.navmesh
I0919 08:29:51.536291 1856845 PhysicsManager.cpp:33] Deconstructing PhysicsManager
I0919 08:29:51.536325 1856845 SemanticScene.h:41] Deconstructing SemanticScene
I0919 08:29:51.537719 1856845 SceneManager.h:25] Deconstructing SceneManager
I0919 08:29:51.537727 1856845 SceneGraph.h:26] Deconstructing SceneGraph
I0919 08:29:51.537971 1856845 Sensor.h:87] Deconstructing Sensor
I0919 08:29:51.540735 1856845 Renderer.cpp:34] Deconstructing Renderer
I0919 08:29:51.540756 1856845 WindowlessContext.h:17] Deconstructing WindowlessContext
I0919 08:29:51.546201 1856845 ManagedContainerBase.cpp:19] ManagedContainerBase::convertFilenameToJSON : Filename : default changed to proposed JSON configuration filename : default.scene_dataset_config.json
I0919 08:29:51.546221 1856845 AttributesManagerBase.h:283] AttributesManager<T>::createFromJsonOrDefaultInternal  (Dataset) : Proposing JSON name : default.scene_dataset_config.json from original name : default | This file  does not exist.
I0919 08:29:51.546797 1856845 AssetAttributesManager.cpp:117] Asset attributes (capsule3DSolid : capsule3DSolid_hemiRings_4_cylRings_1_segments_12_halfLen_0.75_useTexCoords_false_useTangents_false) created and registered.
I0919 08:29:51.546824 1856845 AssetAttributesManager.cpp:117] Asset attributes (capsule3DWireframe : capsule3DWireframe_hemiRings_8_cylRings_1_segments_16_halfLen_1) created and registered.
I0919 08:29:51.546849 1856845 AssetAttributesManager.cpp:117] Asset attributes (coneSolid : coneSolid_segments_12_halfLen_1.25_rings_1_useTexCoords_false_useTangents_false_capEnd_true) created and registered.
I0919 08:29:51.546862 1856845 AssetAttributesManager.cpp:117] Asset attributes (coneWireframe : coneWireframe_segments_32_halfLen_1.25) created and registered.
I0919 08:29:51.546871 1856845 AssetAttributesManager.cpp:117] Asset attributes (cubeSolid : cubeSolid) created and registered.
I0919 08:29:51.546877 1856845 AssetAttributesManager.cpp:117] Asset attributes (cubeWireframe : cubeWireframe) created and registered.
I0919 08:29:51.546896 1856845 AssetAttributesManager.cpp:117] Asset attributes (cylinderSolid : cylinderSolid_rings_1_segments_12_halfLen_1_useTexCoords_false_useTangents_false_capEnds_true) created and registered.
I0919 08:29:51.546913 1856845 AssetAttributesManager.cpp:117] Asset attributes (cylinderWireframe : cylinderWireframe_rings_1_segments_32_halfLen_1) created and registered.
I0919 08:29:51.546923 1856845 AssetAttributesManager.cpp:117] Asset attributes (icosphereSolid : icosphereSolid_subdivs_1) created and registered.
I0919 08:29:51.546932 1856845 AssetAttributesManager.cpp:117] Asset attributes (icosphereWireframe : icosphereWireframe_subdivs_1) created and registered.
I0919 08:29:51.546947 1856845 AssetAttributesManager.cpp:117] Asset attributes (uvSphereSolid : uvSphereSolid_rings_8_segments_16_useTexCoords_false_useTangents_false) created and registered.
I0919 08:29:51.546959 1856845 AssetAttributesManager.cpp:117] Asset attributes (uvSphereWireframe : uvSphereWireframe_rings_16_segments_32) created and registered.
I0919 08:29:51.546965 1856845 AssetAttributesManager.cpp:105] AssetAttributesManager::buildCtorFuncPtrMaps : Built default primitive asset templates : 12
I0919 08:29:51.547389 1856845 SceneDatasetAttributesManager.cpp:23] File (default) not found, so new default dataset attributes created and registered.
I0919 08:29:51.547390 1856845 MetadataMediator.cpp:47] MetadataMediator::createDataset : Dataset default successfully created.
I0919 08:29:51.547575 1856845 AttributesManagerBase.h:283] AttributesManager<T>::createFromJsonOrDefaultInternal  (Physics Manager) : Proposing JSON name : ./data/default.physics_config.json from original name : ./data/default.physics_config.json | This file  does not exist.
I0919 08:29:51.547590 1856845 PhysicsAttributesManager.cpp:27] File (./data/default.physics_config.json) not found, so new default physics manager attributes created and registered.
I0919 08:29:51.547595 1856845 AbstractObjectAttributesManagerBase.h:175] AbstractObjectAttributesManager<T>::createObject  (Stage) : Making attributes with handle : /mnt/data_nas/deeprobotics/daiyang/vla/third_party/ETP-R1/data/scene_datasets/mp3d/B6ByNegPMKs/B6ByNegPMKs.glb
I0919 08:29:51.547598 1856845 ManagedContainerBase.cpp:19] ManagedContainerBase::convertFilenameToJSON : Filename : /mnt/data_nas/deeprobotics/daiyang/vla/third_party/ETP-R1/data/scene_datasets/mp3d/B6ByNegPMKs/B6ByNegPMKs.glb changed to proposed JSON configuration filename : /mnt/data_nas/deeprobotics/daiyang/vla/third_party/ETP-R1/data/scene_datasets/mp3d/B6ByNegPMKs/B6ByNegPMKs.stage_config.json
I0919 08:29:51.547608 1856845 AttributesManagerBase.h:283] AttributesManager<T>::createFromJsonOrDefaultInternal  (Stage) : Proposing JSON name : /mnt/data_nas/deeprobotics/daiyang/vla/third_party/ETP-R1/data/scene_datasets/mp3d/B6ByNegPMKs/B6ByNegPMKs.stage_config.json from original name : /mnt/data_nas/deeprobotics/daiyang/vla/third_party/ETP-R1/data/scene_datasets/mp3d/B6ByNegPMKs/B6ByNegPMKs.glb | This file  does not exist.
I0919 08:29:51.547654 1856845 AbstractObjectAttributesManagerBase.h:181] AbstractObjectAttributesManager<T>::createObject  (Stage) : Done making attributes with handle : /mnt/data_nas/deeprobotics/daiyang/vla/third_party/ETP-R1/data/scene_datasets/mp3d/B6ByNegPMKs/B6ByNegPMKs.glb
I0919 08:29:51.547657 1856845 AbstractObjectAttributesManagerBase.h:188] File (/mnt/data_nas/deeprobotics/daiyang/vla/third_party/ETP-R1/data/scene_datasets/mp3d/B6ByNegPMKs/B6ByNegPMKs.glb) exists but is not a recognized config filename extension, so new default Stage attributes created and registered.
I0919 08:29:51.547662 1856845 Simulator.cpp:156] Loading navmesh from /mnt/data_nas/deeprobotics/daiyang/vla/third_party/ETP-R1/data/scene_datasets/mp3d/B6ByNegPMKs/B6ByNegPMKs.navmesh
I0919 08:29:51.548796 1856845 Simulator.cpp:158] Loaded.
I0919 08:29:51.548804 1856845 SceneGraph.h:93] Created DrawableGroup: 
Renderer: NVIDIA GeForce RTX 5090/PCIe/SSE2 by NVIDIA Corporation
OpenGL version: 4.6.0 NVIDIA 580.126.09
Using optional features:
    GL_ARB_ES2_compatibility
    GL_ARB_direct_state_access
    GL_ARB_get_texture_sub_image
    GL_ARB_invalidate_subdata
    GL_ARB_multi_bind
    GL_ARB_robustness
    GL_ARB_separate_shader_objects
    GL_ARB_texture_filter_anisotropic
    GL_ARB_texture_storage
    GL_ARB_texture_storage_multisample
    GL_ARB_vertex_array_object
    GL_KHR_debug
Using driver workarounds:
    no-forward-compatible-core-context
    nv-egl-incorrect-gl11-function-pointers
    no-layout-qualifiers-on-old-glsl
    nv-zero-context-profile-mask
    nv-implementation-color-read-format-dsa-broken
    nv-cubemap-inconsistent-compressed-image-size
    nv-cubemap-broken-full-compressed-image-query
    nv-compressed-block-size-in-bits
I0919 08:29:51.558815 1856845 ResourceManager.cpp:234] ResourceManager::loadStage : Not loading semantic mesh
I0919 08:29:51.558823 1856845 ResourceManager.cpp:262] ResourceManager::loadStage : start load render asset /mnt/data_nas/deeprobotics/daiyang/vla/third_party/ETP-R1/data/scene_datasets/mp3d/B6ByNegPMKs/B6ByNegPMKs.glb.
I0919 08:29:51.558825 1856845 ResourceManager.cpp:569] ResourceManager::loadStageInternal : Attempting to load stage /mnt/data_nas/deeprobotics/daiyang/vla/third_party/ETP-R1/data/scene_datasets/mp3d/B6ByNegPMKs/B6ByNegPMKs.glb 
I0919 08:29:51.558842 1856845 ResourceManager.cpp:1119] Importing Basis files as BC7 for B6ByNegPMKs.glb
W0919 08:30:01.055583 1856845 Simulator.cpp:248] :
---
 The active scene does not contain semantic annotations. 
---
I0919 08:30:01.259971 1856845 simulator.py:213] Loaded navmesh /mnt/data_nas/deeprobotics/daiyang/vla/third_party/ETP-R1/data/scene_datasets/mp3d/B6ByNegPMKs/B6ByNegPMKs.navmesh
I0919 08:31:42.614506 1856845 PhysicsManager.cpp:33] Deconstructing PhysicsManager
I0919 08:31:42.614553 1856845 SemanticScene.h:41] Deconstructing SemanticScene
I0919 08:31:42.630896 1856845 SceneManager.h:25] Deconstructing SceneManager
I0919 08:31:42.630913 1856845 SceneGraph.h:26] Deconstructing SceneGraph
I0919 08:31:42.631387 1856845 Sensor.h:87] Deconstructing Sensor
I0919 08:31:42.645066 1856845 Renderer.cpp:34] Deconstructing Renderer
I0919 08:31:42.645092 1856845 WindowlessContext.h:17] Deconstructing WindowlessContext
I0919 08:31:42.676791 1856845 ManagedContainerBase.cpp:19] ManagedContainerBase::convertFilenameToJSON : Filename : default changed to proposed JSON configuration filename : default.scene_dataset_config.json
I0919 08:31:42.676820 1856845 AttributesManagerBase.h:283] AttributesManager<T>::createFromJsonOrDefaultInternal  (Dataset) : Proposing JSON name : default.scene_dataset_config.json from original name : default | This file  does not exist.
I0919 08:31:42.677078 1856845 AssetAttributesManager.cpp:117] Asset attributes (capsule3DSolid : capsule3DSolid_hemiRings_4_cylRings_1_segments_12_halfLen_0.75_useTexCoords_false_useTangents_false) created and registered.
I0919 08:31:42.677107 1856845 AssetAttributesManager.cpp:117] Asset attributes (capsule3DWireframe : capsule3DWireframe_hemiRings_8_cylRings_1_segments_16_halfLen_1) created and registered.
I0919 08:31:42.677131 1856845 AssetAttributesManager.cpp:117] Asset attributes (coneSolid : coneSolid_segments_12_halfLen_1.25_rings_1_useTexCoords_false_useTangents_false_capEnd_true) created and registered.
I0919 08:31:42.677146 1856845 AssetAttributesManager.cpp:117] Asset attributes (coneWireframe : coneWireframe_segments_32_halfLen_1.25) created and registered.
I0919 08:31:42.677155 1856845 AssetAttributesManager.cpp:117] Asset attributes (cubeSolid : cubeSolid) created and registered.
I0919 08:31:42.677161 1856845 AssetAttributesManager.cpp:117] Asset attributes (cubeWireframe : cubeWireframe) created and registered.
I0919 08:31:42.677181 1856845 AssetAttributesManager.cpp:117] Asset attributes (cylinderSolid : cylinderSolid_rings_1_segments_12_halfLen_1_useTexCoords_false_useTangents_false_capEnds_true) created and registered.
I0919 08:31:42.677196 1856845 AssetAttributesManager.cpp:117] Asset attributes (cylinderWireframe : cylinderWireframe_rings_1_segments_32_halfLen_1) created and registered.
I0919 08:31:42.677206 1856845 AssetAttributesManager.cpp:117] Asset attributes (icosphereSolid : icosphereSolid_subdivs_1) created and registered.
I0919 08:31:42.677215 1856845 AssetAttributesManager.cpp:117] Asset attributes (icosphereWireframe : icosphereWireframe_subdivs_1) created and registered.
I0919 08:31:42.677229 1856845 AssetAttributesManager.cpp:117] Asset attributes (uvSphereSolid : uvSphereSolid_rings_8_segments_16_useTexCoords_false_useTangents_false) created and registered.
I0919 08:31:42.677241 1856845 AssetAttributesManager.cpp:117] Asset attributes (uvSphereWireframe : uvSphereWireframe_rings_16_segments_32) created and registered.
I0919 08:31:42.677248 1856845 AssetAttributesManager.cpp:105] AssetAttributesManager::buildCtorFuncPtrMaps : Built default primitive asset templates : 12
I0919 08:31:42.677655 1856845 SceneDatasetAttributesManager.cpp:23] File (default) not found, so new default dataset attributes created and registered.
I0919 08:31:42.677657 1856845 MetadataMediator.cpp:47] MetadataMediator::createDataset : Dataset default successfully created.
I0919 08:31:42.677868 1856845 AttributesManagerBase.h:283] AttributesManager<T>::createFromJsonOrDefaultInternal  (Physics Manager) : Proposing JSON name : ./data/default.physics_config.json from original name : ./data/default.physics_config.json | This file  does not exist.
I0919 08:31:42.677881 1856845 PhysicsAttributesManager.cpp:27] File (./data/default.physics_config.json) not found, so new default physics manager attributes created and registered.
I0919 08:31:42.677884 1856845 AbstractObjectAttributesManagerBase.h:175] AbstractObjectAttributesManager<T>::createObject  (Stage) : Making attributes with handle : /mnt/data_nas/deeprobotics/daiyang/vla/third_party/ETP-R1/data/scene_datasets/mp3d/aayBHfsNo7d/aayBHfsNo7d.glb
I0919 08:31:42.677897 1856845 ManagedContainerBase.cpp:19] ManagedContainerBase::convertFilenameToJSON : Filename : /mnt/data_nas/deeprobotics/daiyang/vla/third_party/ETP-R1/data/scene_datasets/mp3d/aayBHfsNo7d/aayBHfsNo7d.glb changed to proposed JSON configuration filename : /mnt/data_nas/deeprobotics/daiyang/vla/third_party/ETP-R1/data/scene_datasets/mp3d/aayBHfsNo7d/aayBHfsNo7d.stage_config.json
I0919 08:31:42.677908 1856845 AttributesManagerBase.h:283] AttributesManager<T>::createFromJsonOrDefaultInternal  (Stage) : Proposing JSON name : /mnt/data_nas/deeprobotics/daiyang/vla/third_party/ETP-R1/data/scene_datasets/mp3d/aayBHfsNo7d/aayBHfsNo7d.stage_config.json from original name : /mnt/data_nas/deeprobotics/daiyang/vla/third_party/ETP-R1/data/scene_datasets/mp3d/aayBHfsNo7d/aayBHfsNo7d.glb | This file  does not exist.
I0919 08:31:42.677958 1856845 AbstractObjectAttributesManagerBase.h:181] AbstractObjectAttributesManager<T>::createObject  (Stage) : Done making attributes with handle : /mnt/data_nas/deeprobotics/daiyang/vla/third_party/ETP-R1/data/scene_datasets/mp3d/aayBHfsNo7d/aayBHfsNo7d.glb
I0919 08:31:42.677959 1856845 AbstractObjectAttributesManagerBase.h:188] File (/mnt/data_nas/deeprobotics/daiyang/vla/third_party/ETP-R1/data/scene_datasets/mp3d/aayBHfsNo7d/aayBHfsNo7d.glb) exists but is not a recognized config filename extension, so new default Stage attributes created and registered.
I0919 08:31:42.677964 1856845 Simulator.cpp:156] Loading navmesh from /mnt/data_nas/deeprobotics/daiyang/vla/third_party/ETP-R1/data/scene_datasets/mp3d/aayBHfsNo7d/aayBHfsNo7d.navmesh
I0919 08:31:42.679252 1856845 Simulator.cpp:158] Loaded.
I0919 08:31:42.679260 1856845 SceneGraph.h:93] Created DrawableGroup: 
Renderer: NVIDIA GeForce RTX 5090/PCIe/SSE2 by NVIDIA Corporation
OpenGL version: 4.6.0 NVIDIA 580.126.09
Using optional features:
    GL_ARB_ES2_compatibility
    GL_ARB_direct_state_access
    GL_ARB_get_texture_sub_image
    GL_ARB_invalidate_subdata
    GL_ARB_multi_bind
    GL_ARB_robustness
    GL_ARB_separate_shader_objects
    GL_ARB_texture_filter_anisotropic
    GL_ARB_texture_storage
    GL_ARB_texture_storage_multisample
    GL_ARB_vertex_array_object
    GL_KHR_debug
Using driver workarounds:
    no-forward-compatible-core-context
    nv-egl-incorrect-gl11-function-pointers
    no-layout-qualifiers-on-old-glsl
    nv-zero-context-profile-mask
    nv-implementation-color-read-format-dsa-broken
    nv-cubemap-inconsistent-compressed-image-size
    nv-cubemap-broken-full-compressed-image-query
    nv-compressed-block-size-in-bits
I0919 08:31:42.683036 1856845 ResourceManager.cpp:234] ResourceManager::loadStage : Not loading semantic mesh
I0919 08:31:42.683045 1856845 ResourceManager.cpp:262] ResourceManager::loadStage : start load render asset /mnt/data_nas/deeprobotics/daiyang/vla/third_party/ETP-R1/data/scene_datasets/mp3d/aayBHfsNo7d/aayBHfsNo7d.glb.
I0919 08:31:42.683048 1856845 ResourceManager.cpp:569] ResourceManager::loadStageInternal : Attempting to load stage /mnt/data_nas/deeprobotics/daiyang/vla/third_party/ETP-R1/data/scene_datasets/mp3d/aayBHfsNo7d/aayBHfsNo7d.glb 
I0919 08:31:42.683065 1856845 ResourceManager.cpp:1119] Importing Basis files as BC7 for aayBHfsNo7d.glb
W0919 08:31:44.243209 1856845 Simulator.cpp:248] :
---
 The active scene does not contain semantic annotations. 
---
I0919 08:31:44.285124 1856845 simulator.py:213] Loaded navmesh /mnt/data_nas/deeprobotics/daiyang/vla/third_party/ETP-R1/data/scene_datasets/mp3d/aayBHfsNo7d/aayBHfsNo7d.navmesh
I0919 08:33:36.743340 1856845 PhysicsManager.cpp:33] Deconstructing PhysicsManager
I0919 08:33:36.743378 1856845 SemanticScene.h:41] Deconstructing SemanticScene
I0919 08:33:36.746022 1856845 SceneManager.h:25] Deconstructing SceneManager
I0919 08:33:36.746031 1856845 SceneGraph.h:26] Deconstructing SceneGraph
I0919 08:33:36.746277 1856845 Sensor.h:87] Deconstructing Sensor
I0919 08:33:36.748824 1856845 Renderer.cpp:34] Deconstructing Renderer
I0919 08:33:36.748844 1856845 WindowlessContext.h:17] Deconstructing WindowlessContext
I0919 08:33:36.754588 1856845 ManagedContainerBase.cpp:19] ManagedContainerBase::convertFilenameToJSON : Filename : default changed to proposed JSON configuration filename : default.scene_dataset_config.json
I0919 08:33:36.754606 1856845 AttributesManagerBase.h:283] AttributesManager<T>::createFromJsonOrDefaultInternal  (Dataset) : Proposing JSON name : default.scene_dataset_config.json from original name : default | This file  does not exist.
I0919 08:33:36.754830 1856845 AssetAttributesManager.cpp:117] Asset attributes (capsule3DSolid : capsule3DSolid_hemiRings_4_cylRings_1_segments_12_halfLen_0.75_useTexCoords_false_useTangents_false) created and registered.
I0919 08:33:36.755127 1856845 AssetAttributesManager.cpp:117] Asset attributes (capsule3DWireframe : capsule3DWireframe_hemiRings_8_cylRings_1_segments_16_halfLen_1) created and registered.
I0919 08:33:36.755152 1856845 AssetAttributesManager.cpp:117] Asset attributes (coneSolid : coneSolid_segments_12_halfLen_1.25_rings_1_useTexCoords_false_useTangents_false_capEnd_true) created and registered.
I0919 08:33:36.755167 1856845 AssetAttributesManager.cpp:117] Asset attributes (coneWireframe : coneWireframe_segments_32_halfLen_1.25) created and registered.
I0919 08:33:36.755177 1856845 AssetAttributesManager.cpp:117] Asset attributes (cubeSolid : cubeSolid) created and registered.
I0919 08:33:36.755182 1856845 AssetAttributesManager.cpp:117] Asset attributes (cubeWireframe : cubeWireframe) created and registered.
I0919 08:33:36.755200 1856845 AssetAttributesManager.cpp:117] Asset attributes (cylinderSolid : cylinderSolid_rings_1_segments_12_halfLen_1_useTexCoords_false_useTangents_false_capEnds_true) created and registered.
I0919 08:33:36.755218 1856845 AssetAttributesManager.cpp:117] Asset attributes (cylinderWireframe : cylinderWireframe_rings_1_segments_32_halfLen_1) created and registered.
I0919 08:33:36.755227 1856845 AssetAttributesManager.cpp:117] Asset attributes (icosphereSolid : icosphereSolid_subdivs_1) created and registered.
I0919 08:33:36.755236 1856845 AssetAttributesManager.cpp:117] Asset attributes (icosphereWireframe : icosphereWireframe_subdivs_1) created and registered.
I0919 08:33:36.755249 1856845 AssetAttributesManager.cpp:117] Asset attributes (uvSphereSolid : uvSphereSolid_rings_8_segments_16_useTexCoords_false_useTangents_false) created and registered.
I0919 08:33:36.755261 1856845 AssetAttributesManager.cpp:117] Asset attributes (uvSphereWireframe : uvSphereWireframe_rings_16_segments_32) created and registered.
I0919 08:33:36.755273 1856845 AssetAttributesManager.cpp:105] AssetAttributesManager::buildCtorFuncPtrMaps : Built default primitive asset templates : 12
I0919 08:33:36.755674 1856845 SceneDatasetAttributesManager.cpp:23] File (default) not found, so new default dataset attributes created and registered.
I0919 08:33:36.755677 1856845 MetadataMediator.cpp:47] MetadataMediator::createDataset : Dataset default successfully created.
I0919 08:33:36.756676 1856845 AttributesManagerBase.h:283] AttributesManager<T>::createFromJsonOrDefaultInternal  (Physics Manager) : Proposing JSON name : ./data/default.physics_config.json from original name : ./data/default.physics_config.json | This file  does not exist.
I0919 08:33:36.756690 1856845 PhysicsAttributesManager.cpp:27] File (./data/default.physics_config.json) not found, so new default physics manager attributes created and registered.
I0919 08:33:36.756692 1856845 AbstractObjectAttributesManagerBase.h:175] AbstractObjectAttributesManager<T>::createObject  (Stage) : Making attributes with handle : /mnt/data_nas/deeprobotics/daiyang/vla/third_party/ETP-R1/data/scene_datasets/mp3d/82sE5b5pLXE/82sE5b5pLXE.glb
I0919 08:33:36.756697 1856845 ManagedContainerBase.cpp:19] ManagedContainerBase::convertFilenameToJSON : Filename : /mnt/data_nas/deeprobotics/daiyang/vla/third_party/ETP-R1/data/scene_datasets/mp3d/82sE5b5pLXE/82sE5b5pLXE.glb changed to proposed JSON configuration filename : /mnt/data_nas/deeprobotics/daiyang/vla/third_party/ETP-R1/data/scene_datasets/mp3d/82sE5b5pLXE/82sE5b5pLXE.stage_config.json
I0919 08:33:36.759491 1856845 AttributesManagerBase.h:283] AttributesManager<T>::createFromJsonOrDefaultInternal  (Stage) : Proposing JSON name : /mnt/data_nas/deeprobotics/daiyang/vla/third_party/ETP-R1/data/scene_datasets/mp3d/82sE5b5pLXE/82sE5b5pLXE.stage_config.json from original name : /mnt/data_nas/deeprobotics/daiyang/vla/third_party/ETP-R1/data/scene_datasets/mp3d/82sE5b5pLXE/82sE5b5pLXE.glb | This file  does not exist.
I0919 08:33:36.759544 1856845 AbstractObjectAttributesManagerBase.h:181] AbstractObjectAttributesManager<T>::createObject  (Stage) : Done making attributes with handle : /mnt/data_nas/deeprobotics/daiyang/vla/third_party/ETP-R1/data/scene_datasets/mp3d/82sE5b5pLXE/82sE5b5pLXE.glb
I0919 08:33:36.759546 1856845 AbstractObjectAttributesManagerBase.h:188] File (/mnt/data_nas/deeprobotics/daiyang/vla/third_party/ETP-R1/data/scene_datasets/mp3d/82sE5b5pLXE/82sE5b5pLXE.glb) exists but is not a recognized config filename extension, so new default Stage attributes created and registered.
I0919 08:33:36.759552 1856845 Simulator.cpp:156] Loading navmesh from /mnt/data_nas/deeprobotics/daiyang/vla/third_party/ETP-R1/data/scene_datasets/mp3d/82sE5b5pLXE/82sE5b5pLXE.navmesh
I0919 08:33:36.760819 1856845 Simulator.cpp:158] Loaded.
I0919 08:33:36.760828 1856845 SceneGraph.h:93] Created DrawableGroup: 
Renderer: NVIDIA GeForce RTX 5090/PCIe/SSE2 by NVIDIA Corporation
OpenGL version: 4.6.0 NVIDIA 580.126.09
Using optional features:
    GL_ARB_ES2_compatibility
    GL_ARB_direct_state_access
    GL_ARB_get_texture_sub_image
    GL_ARB_invalidate_subdata
    GL_ARB_multi_bind
    GL_ARB_robustness
    GL_ARB_separate_shader_objects
    GL_ARB_texture_filter_anisotropic
    GL_ARB_texture_storage
    GL_ARB_texture_storage_multisample
    GL_ARB_vertex_array_object
    GL_KHR_debug
Using driver workarounds:
    no-forward-compatible-core-context
    nv-egl-incorrect-gl11-function-pointers
    no-layout-qualifiers-on-old-glsl
    nv-zero-context-profile-mask
    nv-implementation-color-read-format-dsa-broken
    nv-cubemap-inconsistent-compressed-image-size
    nv-cubemap-broken-full-compressed-image-query
    nv-compressed-block-size-in-bits
I0919 08:33:36.764555 1856845 ResourceManager.cpp:234] ResourceManager::loadStage : Not loading semantic mesh
I0919 08:33:36.764564 1856845 ResourceManager.cpp:262] ResourceManager::loadStage : start load render asset /mnt/data_nas/deeprobotics/daiyang/vla/third_party/ETP-R1/data/scene_datasets/mp3d/82sE5b5pLXE/82sE5b5pLXE.glb.
I0919 08:33:36.764566 1856845 ResourceManager.cpp:569] ResourceManager::loadStageInternal : Attempting to load stage /mnt/data_nas/deeprobotics/daiyang/vla/third_party/ETP-R1/data/scene_datasets/mp3d/82sE5b5pLXE/82sE5b5pLXE.glb 
I0919 08:33:36.764582 1856845 ResourceManager.cpp:1119] Importing Basis files as BC7 for 82sE5b5pLXE.glb
W0919 08:33:38.868175 1856845 Simulator.cpp:248] :
---
 The active scene does not contain semantic annotations. 
---
I0919 08:33:38.904463 1856845 simulator.py:213] Loaded navmesh /mnt/data_nas/deeprobotics/daiyang/vla/third_party/ETP-R1/data/scene_datasets/mp3d/82sE5b5pLXE/82sE5b5pLXE.navmesh
I0919 08:35:04.133563 1856845 PhysicsManager.cpp:33] Deconstructing PhysicsManager
I0919 08:35:04.133607 1856845 SemanticScene.h:41] Deconstructing SemanticScene
I0919 08:35:04.135151 1856845 SceneManager.h:25] Deconstructing SceneManager
I0919 08:35:04.135159 1856845 SceneGraph.h:26] Deconstructing SceneGraph
I0919 08:35:04.135419 1856845 Sensor.h:87] Deconstructing Sensor
I0919 08:35:04.143813 1856845 Renderer.cpp:34] Deconstructing Renderer
I0919 08:35:04.143842 1856845 WindowlessContext.h:17] Deconstructing WindowlessContext
I0919 08:35:04.156404 1856845 ManagedContainerBase.cpp:19] ManagedContainerBase::convertFilenameToJSON : Filename : default changed to proposed JSON configuration filename : default.scene_dataset_config.json
I0919 08:35:04.156430 1856845 AttributesManagerBase.h:283] AttributesManager<T>::createFromJsonOrDefaultInternal  (Dataset) : Proposing JSON name : default.scene_dataset_config.json from original name : default | This file  does not exist.
I0919 08:35:04.156803 1856845 AssetAttributesManager.cpp:117] Asset attributes (capsule3DSolid : capsule3DSolid_hemiRings_4_cylRings_1_segments_12_halfLen_0.75_useTexCoords_false_useTangents_false) created and registered.
I0919 08:35:04.156837 1856845 AssetAttributesManager.cpp:117] Asset attributes (capsule3DWireframe : capsule3DWireframe_hemiRings_8_cylRings_1_segments_16_halfLen_1) created and registered.
I0919 08:35:04.156867 1856845 AssetAttributesManager.cpp:117] Asset attributes (coneSolid : coneSolid_segments_12_halfLen_1.25_rings_1_useTexCoords_false_useTangents_false_capEnd_true) created and registered.
I0919 08:35:04.156885 1856845 AssetAttributesManager.cpp:117] Asset attributes (coneWireframe : coneWireframe_segments_32_halfLen_1.25) created and registered.
I0919 08:35:04.156895 1856845 AssetAttributesManager.cpp:117] Asset attributes (cubeSolid : cubeSolid) created and registered.
I0919 08:35:04.156903 1856845 AssetAttributesManager.cpp:117] Asset attributes (cubeWireframe : cubeWireframe) created and registered.
I0919 08:35:04.156927 1856845 AssetAttributesManager.cpp:117] Asset attributes (cylinderSolid : cylinderSolid_rings_1_segments_12_halfLen_1_useTexCoords_false_useTangents_false_capEnds_true) created and registered.
I0919 08:35:04.156950 1856845 AssetAttributesManager.cpp:117] Asset attributes (cylinderWireframe : cylinderWireframe_rings_1_segments_32_halfLen_1) created and registered.
I0919 08:35:04.156962 1856845 AssetAttributesManager.cpp:117] Asset attributes (icosphereSolid : icosphereSolid_subdivs_1) created and registered.
I0919 08:35:04.156973 1856845 AssetAttributesManager.cpp:117] Asset attributes (icosphereWireframe : icosphereWireframe_subdivs_1) created and registered.
I0919 08:35:04.156989 1856845 AssetAttributesManager.cpp:117] Asset attributes (uvSphereSolid : uvSphereSolid_rings_8_segments_16_useTexCoords_false_useTangents_false) created and registered.
I0919 08:35:04.157006 1856845 AssetAttributesManager.cpp:117] Asset attributes (uvSphereWireframe : uvSphereWireframe_rings_16_segments_32) created and registered.
I0919 08:35:04.157014 1856845 AssetAttributesManager.cpp:105] AssetAttributesManager::buildCtorFuncPtrMaps : Built default primitive asset templates : 12
I0919 08:35:04.157546 1856845 SceneDatasetAttributesManager.cpp:23] File (default) not found, so new default dataset attributes created and registered.
I0919 08:35:04.157549 1856845 MetadataMediator.cpp:47] MetadataMediator::createDataset : Dataset default successfully created.
I0919 08:35:04.157773 1856845 AttributesManagerBase.h:283] AttributesManager<T>::createFromJsonOrDefaultInternal  (Physics Manager) : Proposing JSON name : ./data/default.physics_config.json from original name : ./data/default.physics_config.json | This file  does not exist.
I0919 08:35:04.157788 1856845 PhysicsAttributesManager.cpp:27] File (./data/default.physics_config.json) not found, so new default physics manager attributes created and registered.
I0919 08:35:04.157792 1856845 AbstractObjectAttributesManagerBase.h:175] AbstractObjectAttributesManager<T>::createObject  (Stage) : Making attributes with handle : /mnt/data_nas/deeprobotics/daiyang/vla/third_party/ETP-R1/data/scene_datasets/mp3d/B6ByNegPMKs/B6ByNegPMKs.glb
I0919 08:35:04.157796 1856845 ManagedContainerBase.cpp:19] ManagedContainerBase::convertFilenameToJSON : Filename : /mnt/data_nas/deeprobotics/daiyang/vla/third_party/ETP-R1/data/scene_datasets/mp3d/B6ByNegPMKs/B6ByNegPMKs.glb changed to proposed JSON configuration filename : /mnt/data_nas/deeprobotics/daiyang/vla/third_party/ETP-R1/data/scene_datasets/mp3d/B6ByNegPMKs/B6ByNegPMKs.stage_config.json
I0919 08:35:04.157810 1856845 AttributesManagerBase.h:283] AttributesManager<T>::createFromJsonOrDefaultInternal  (Stage) : Proposing JSON name : /mnt/data_nas/deeprobotics/daiyang/vla/third_party/ETP-R1/data/scene_datasets/mp3d/B6ByNegPMKs/B6ByNegPMKs.stage_config.json from original name : /mnt/data_nas/deeprobotics/daiyang/vla/third_party/ETP-R1/data/scene_datasets/mp3d/B6ByNegPMKs/B6ByNegPMKs.glb | This file  does not exist.
I0919 08:35:04.157873 1856845 AbstractObjectAttributesManagerBase.h:181] AbstractObjectAttributesManager<T>::createObject  (Stage) : Done making attributes with handle : /mnt/data_nas/deeprobotics/daiyang/vla/third_party/ETP-R1/data/scene_datasets/mp3d/B6ByNegPMKs/B6ByNegPMKs.glb
I0919 08:35:04.157876 1856845 AbstractObjectAttributesManagerBase.h:188] File (/mnt/data_nas/deeprobotics/daiyang/vla/third_party/ETP-R1/data/scene_datasets/mp3d/B6ByNegPMKs/B6ByNegPMKs.glb) exists but is not a recognized config filename extension, so new default Stage attributes created and registered.
I0919 08:35:04.157881 1856845 Simulator.cpp:156] Loading navmesh from /mnt/data_nas/deeprobotics/daiyang/vla/third_party/ETP-R1/data/scene_datasets/mp3d/B6ByNegPMKs/B6ByNegPMKs.navmesh
I0919 08:35:04.160223 1856845 Simulator.cpp:158] Loaded.
I0919 08:35:04.160256 1856845 SceneGraph.h:93] Created DrawableGroup: 
Renderer: NVIDIA GeForce RTX 5090/PCIe/SSE2 by NVIDIA Corporation
OpenGL version: 4.6.0 NVIDIA 580.126.09
Using optional features:
    GL_ARB_ES2_compatibility
    GL_ARB_direct_state_access
    GL_ARB_get_texture_sub_image
    GL_ARB_invalidate_subdata
    GL_ARB_multi_bind
    GL_ARB_robustness
    GL_ARB_separate_shader_objects
    GL_ARB_texture_filter_anisotropic
    GL_ARB_texture_storage
    GL_ARB_texture_storage_multisample
    GL_ARB_vertex_array_object
    GL_KHR_debug
Using driver workarounds:
    no-forward-compatible-core-context
    nv-egl-incorrect-gl11-function-pointers
    no-layout-qualifiers-on-old-glsl
    nv-zero-context-profile-mask
    nv-implementation-color-read-format-dsa-broken
    nv-cubemap-inconsistent-compressed-image-size
    nv-cubemap-broken-full-compressed-image-query
    nv-compressed-block-size-in-bits
I0919 08:35:04.165643 1856845 ResourceManager.cpp:234] ResourceManager::loadStage : Not loading semantic mesh
I0919 08:35:04.165657 1856845 ResourceManager.cpp:262] ResourceManager::loadStage : start load render asset /mnt/data_nas/deeprobotics/daiyang/vla/third_party/ETP-R1/data/scene_datasets/mp3d/B6ByNegPMKs/B6ByNegPMKs.glb.
I0919 08:35:04.165660 1856845 ResourceManager.cpp:569] ResourceManager::loadStageInternal : Attempting to load stage /mnt/data_nas/deeprobotics/daiyang/vla/third_party/ETP-R1/data/scene_datasets/mp3d/B6ByNegPMKs/B6ByNegPMKs.glb 
I0919 08:35:04.165686 1856845 ResourceManager.cpp:1119] Importing Basis files as BC7 for B6ByNegPMKs.glb
W0919 08:35:13.721711 1856845 Simulator.cpp:248] :
---
 The active scene does not contain semantic annotations. 
---
I0919 08:35:13.918070 1856845 simulator.py:213] Loaded navmesh /mnt/data_nas/deeprobotics/daiyang/vla/third_party/ETP-R1/data/scene_datasets/mp3d/B6ByNegPMKs/B6ByNegPMKs.navmesh
I0919 08:35:51.089771 1856845 PhysicsManager.cpp:33] Deconstructing PhysicsManager
I0919 08:35:51.089804 1856845 SemanticScene.h:41] Deconstructing SemanticScene
I0919 08:35:51.106400 1856845 SceneManager.h:25] Deconstructing SceneManager
I0919 08:35:51.106419 1856845 SceneGraph.h:26] Deconstructing SceneGraph
I0919 08:35:51.106983 1856845 Sensor.h:87] Deconstructing Sensor
I0919 08:35:51.122246 1856845 Renderer.cpp:34] Deconstructing Renderer
I0919 08:35:51.122283 1856845 WindowlessContext.h:17] Deconstructing WindowlessContext
I0919 08:35:51.130910 1856845 ManagedContainerBase.cpp:19] ManagedContainerBase::convertFilenameToJSON : Filename : default changed to proposed JSON configuration filename : default.scene_dataset_config.json
I0919 08:35:51.130928 1856845 AttributesManagerBase.h:283] AttributesManager<T>::createFromJsonOrDefaultInternal  (Dataset) : Proposing JSON name : default.scene_dataset_config.json from original name : default | This file  does not exist.
I0919 08:35:51.131213 1856845 AssetAttributesManager.cpp:117] Asset attributes (capsule3DSolid : capsule3DSolid_hemiRings_4_cylRings_1_segments_12_halfLen_0.75_useTexCoords_false_useTangents_false) created and registered.
I0919 08:35:51.131248 1856845 AssetAttributesManager.cpp:117] Asset attributes (capsule3DWireframe : capsule3DWireframe_hemiRings_8_cylRings_1_segments_16_halfLen_1) created and registered.
I0919 08:35:51.131278 1856845 AssetAttributesManager.cpp:117] Asset attributes (coneSolid : coneSolid_segments_12_halfLen_1.25_rings_1_useTexCoords_false_useTangents_false_capEnd_true) created and registered.
I0919 08:35:51.131294 1856845 AssetAttributesManager.cpp:117] Asset attributes (coneWireframe : coneWireframe_segments_32_halfLen_1.25) created and registered.
I0919 08:35:51.131302 1856845 AssetAttributesManager.cpp:117] Asset attributes (cubeSolid : cubeSolid) created and registered.
I0919 08:35:51.131309 1856845 AssetAttributesManager.cpp:117] Asset attributes (cubeWireframe : cubeWireframe) created and registered.
I0919 08:35:51.131328 1856845 AssetAttributesManager.cpp:117] Asset attributes (cylinderSolid : cylinderSolid_rings_1_segments_12_halfLen_1_useTexCoords_false_useTangents_false_capEnds_true) created and registered.
I0919 08:35:51.131345 1856845 AssetAttributesManager.cpp:117] Asset attributes (cylinderWireframe : cylinderWireframe_rings_1_segments_32_halfLen_1) created and registered.
I0919 08:35:51.131354 1856845 AssetAttributesManager.cpp:117] Asset attributes (icosphereSolid : icosphereSolid_subdivs_1) created and registered.
I0919 08:35:51.131363 1856845 AssetAttributesManager.cpp:117] Asset attributes (icosphereWireframe : icosphereWireframe_subdivs_1) created and registered.
I0919 08:35:51.131376 1856845 AssetAttributesManager.cpp:117] Asset attributes (uvSphereSolid : uvSphereSolid_rings_8_segments_16_useTexCoords_false_useTangents_false) created and registered.
I0919 08:35:51.131389 1856845 AssetAttributesManager.cpp:117] Asset attributes (uvSphereWireframe : uvSphereWireframe_rings_16_segments_32) created and registered.
I0919 08:35:51.131397 1856845 AssetAttributesManager.cpp:105] AssetAttributesManager::buildCtorFuncPtrMaps : Built default primitive asset templates : 12
I0919 08:35:51.131799 1856845 SceneDatasetAttributesManager.cpp:23] File (default) not found, so new default dataset attributes created and registered.
I0919 08:35:51.131801 1856845 MetadataMediator.cpp:47] MetadataMediator::createDataset : Dataset default successfully created.
I0919 08:35:51.132001 1856845 AttributesManagerBase.h:283] AttributesManager<T>::createFromJsonOrDefaultInternal  (Physics Manager) : Proposing JSON name : ./data/default.physics_config.json from original name : ./data/default.physics_config.json | This file  does not exist.
I0919 08:35:51.132014 1856845 PhysicsAttributesManager.cpp:27] File (./data/default.physics_config.json) not found, so new default physics manager attributes created and registered.
I0919 08:35:51.132017 1856845 AbstractObjectAttributesManagerBase.h:175] AbstractObjectAttributesManager<T>::createObject  (Stage) : Making attributes with handle : /mnt/data_nas/deeprobotics/daiyang/vla/third_party/ETP-R1/data/scene_datasets/mp3d/aayBHfsNo7d/aayBHfsNo7d.glb
I0919 08:35:51.132021 1856845 ManagedContainerBase.cpp:19] ManagedContainerBase::convertFilenameToJSON : Filename : /mnt/data_nas/deeprobotics/daiyang/vla/third_party/ETP-R1/data/scene_datasets/mp3d/aayBHfsNo7d/aayBHfsNo7d.glb changed to proposed JSON configuration filename : /mnt/data_nas/deeprobotics/daiyang/vla/third_party/ETP-R1/data/scene_datasets/mp3d/aayBHfsNo7d/aayBHfsNo7d.stage_config.json
I0919 08:35:51.132031 1856845 AttributesManagerBase.h:283] AttributesManager<T>::createFromJsonOrDefaultInternal  (Stage) : Proposing JSON name : /mnt/data_nas/deeprobotics/daiyang/vla/third_party/ETP-R1/data/scene_datasets/mp3d/aayBHfsNo7d/aayBHfsNo7d.stage_config.json from original name : /mnt/data_nas/deeprobotics/daiyang/vla/third_party/ETP-R1/data/scene_datasets/mp3d/aayBHfsNo7d/aayBHfsNo7d.glb | This file  does not exist.
I0919 08:35:51.132081 1856845 AbstractObjectAttributesManagerBase.h:181] AbstractObjectAttributesManager<T>::createObject  (Stage) : Done making attributes with handle : /mnt/data_nas/deeprobotics/daiyang/vla/third_party/ETP-R1/data/scene_datasets/mp3d/aayBHfsNo7d/aayBHfsNo7d.glb
I0919 08:35:51.132084 1856845 AbstractObjectAttributesManagerBase.h:188] File (/mnt/data_nas/deeprobotics/daiyang/vla/third_party/ETP-R1/data/scene_datasets/mp3d/aayBHfsNo7d/aayBHfsNo7d.glb) exists but is not a recognized config filename extension, so new default Stage attributes created and registered.
I0919 08:35:51.132089 1856845 Simulator.cpp:156] Loading navmesh from /mnt/data_nas/deeprobotics/daiyang/vla/third_party/ETP-R1/data/scene_datasets/mp3d/aayBHfsNo7d/aayBHfsNo7d.navmesh
I0919 08:35:51.132846 1856845 Simulator.cpp:158] Loaded.
I0919 08:35:51.132854 1856845 SceneGraph.h:93] Created DrawableGroup: 
Renderer: NVIDIA GeForce RTX 5090/PCIe/SSE2 by NVIDIA Corporation
OpenGL version: 4.6.0 NVIDIA 580.126.09
Using optional features:
    GL_ARB_ES2_compatibility
    GL_ARB_direct_state_access
    GL_ARB_get_texture_sub_image
    GL_ARB_invalidate_subdata
    GL_ARB_multi_bind
    GL_ARB_robustness
    GL_ARB_separate_shader_objects
    GL_ARB_texture_filter_anisotropic
    GL_ARB_texture_storage
    GL_ARB_texture_storage_multisample
    GL_ARB_vertex_array_object
    GL_KHR_debug
Using driver workarounds:
    no-forward-compatible-core-context
    nv-egl-incorrect-gl11-function-pointers
    no-layout-qualifiers-on-old-glsl
    nv-zero-context-profile-mask
    nv-implementation-color-read-format-dsa-broken
    nv-cubemap-inconsistent-compressed-image-size
    nv-cubemap-broken-full-compressed-image-query
    nv-compressed-block-size-in-bits
I0919 08:35:51.136544 1856845 ResourceManager.cpp:234] ResourceManager::loadStage : Not loading semantic mesh
I0919 08:35:51.136554 1856845 ResourceManager.cpp:262] ResourceManager::loadStage : start load render asset /mnt/data_nas/deeprobotics/daiyang/vla/third_party/ETP-R1/data/scene_datasets/mp3d/aayBHfsNo7d/aayBHfsNo7d.glb.
I0919 08:35:51.136555 1856845 ResourceManager.cpp:569] ResourceManager::loadStageInternal : Attempting to load stage /mnt/data_nas/deeprobotics/daiyang/vla/third_party/ETP-R1/data/scene_datasets/mp3d/aayBHfsNo7d/aayBHfsNo7d.glb 
I0919 08:35:51.136571 1856845 ResourceManager.cpp:1119] Importing Basis files as BC7 for aayBHfsNo7d.glb
W0919 08:35:52.687438 1856845 Simulator.cpp:248] :
---
 The active scene does not contain semantic annotations. 
---
I0919 08:35:52.727999 1856845 simulator.py:213] Loaded navmesh /mnt/data_nas/deeprobotics/daiyang/vla/third_party/ETP-R1/data/scene_datasets/mp3d/aayBHfsNo7d/aayBHfsNo7d.navmesh
I0919 08:38:19.103590 1856845 PhysicsManager.cpp:33] Deconstructing PhysicsManager
I0919 08:38:19.103650 1856845 SemanticScene.h:41] Deconstructing SemanticScene
I0919 08:38:19.107164 1856845 SceneManager.h:25] Deconstructing SceneManager
I0919 08:38:19.107174 1856845 SceneGraph.h:26] Deconstructing SceneGraph
I0919 08:38:19.107502 1856845 Sensor.h:87] Deconstructing Sensor
I0919 08:38:19.111235 1856845 Renderer.cpp:34] Deconstructing Renderer
I0919 08:38:19.111263 1856845 WindowlessContext.h:17] Deconstructing WindowlessContext
I0919 08:38:19.117522 1856845 ManagedContainerBase.cpp:19] ManagedContainerBase::convertFilenameToJSON : Filename : default changed to proposed JSON configuration filename : default.scene_dataset_config.json
I0919 08:38:19.117542 1856845 AttributesManagerBase.h:283] AttributesManager<T>::createFromJsonOrDefaultInternal  (Dataset) : Proposing JSON name : default.scene_dataset_config.json from original name : default | This file  does not exist.
I0919 08:38:19.117949 1856845 AssetAttributesManager.cpp:117] Asset attributes (capsule3DSolid : capsule3DSolid_hemiRings_4_cylRings_1_segments_12_halfLen_0.75_useTexCoords_false_useTangents_false) created and registered.
I0919 08:38:19.117975 1856845 AssetAttributesManager.cpp:117] Asset attributes (capsule3DWireframe : capsule3DWireframe_hemiRings_8_cylRings_1_segments_16_halfLen_1) created and registered.
I0919 08:38:19.118000 1856845 AssetAttributesManager.cpp:117] Asset attributes (coneSolid : coneSolid_segments_12_halfLen_1.25_rings_1_useTexCoords_false_useTangents_false_capEnd_true) created and registered.
I0919 08:38:19.118021 1856845 AssetAttributesManager.cpp:117] Asset attributes (coneWireframe : coneWireframe_segments_32_halfLen_1.25) created and registered.
I0919 08:38:19.118029 1856845 AssetAttributesManager.cpp:117] Asset attributes (cubeSolid : cubeSolid) created and registered.
I0919 08:38:19.118036 1856845 AssetAttributesManager.cpp:117] Asset attributes (cubeWireframe : cubeWireframe) created and registered.
I0919 08:38:19.118054 1856845 AssetAttributesManager.cpp:117] Asset attributes (cylinderSolid : cylinderSolid_rings_1_segments_12_halfLen_1_useTexCoords_false_useTangents_false_capEnds_true) created and registered.
I0919 08:38:19.118072 1856845 AssetAttributesManager.cpp:117] Asset attributes (cylinderWireframe : cylinderWireframe_rings_1_segments_32_halfLen_1) created and registered.
I0919 08:38:19.118081 1856845 AssetAttributesManager.cpp:117] Asset attributes (icosphereSolid : icosphereSolid_subdivs_1) created and registered.
I0919 08:38:19.118090 1856845 AssetAttributesManager.cpp:117] Asset attributes (icosphereWireframe : icosphereWireframe_subdivs_1) created and registered.
I0919 08:38:19.118104 1856845 AssetAttributesManager.cpp:117] Asset attributes (uvSphereSolid : uvSphereSolid_rings_8_segments_16_useTexCoords_false_useTangents_false) created and registered.
I0919 08:38:19.118117 1856845 AssetAttributesManager.cpp:117] Asset attributes (uvSphereWireframe : uvSphereWireframe_rings_16_segments_32) created and registered.
I0919 08:38:19.118124 1856845 AssetAttributesManager.cpp:105] AssetAttributesManager::buildCtorFuncPtrMaps : Built default primitive asset templates : 12
I0919 08:38:19.118523 1856845 SceneDatasetAttributesManager.cpp:23] File (default) not found, so new default dataset attributes created and registered.
I0919 08:38:19.118525 1856845 MetadataMediator.cpp:47] MetadataMediator::createDataset : Dataset default successfully created.
I0919 08:38:19.118719 1856845 AttributesManagerBase.h:283] AttributesManager<T>::createFromJsonOrDefaultInternal  (Physics Manager) : Proposing JSON name : ./data/default.physics_config.json from original name : ./data/default.physics_config.json | This file  does not exist.
I0919 08:38:19.118731 1856845 PhysicsAttributesManager.cpp:27] File (./data/default.physics_config.json) not found, so new default physics manager attributes created and registered.
I0919 08:38:19.118734 1856845 AbstractObjectAttributesManagerBase.h:175] AbstractObjectAttributesManager<T>::createObject  (Stage) : Making attributes with handle : /mnt/data_nas/deeprobotics/daiyang/vla/third_party/ETP-R1/data/scene_datasets/mp3d/82sE5b5pLXE/82sE5b5pLXE.glb
I0919 08:38:19.118738 1856845 ManagedContainerBase.cpp:19] ManagedContainerBase::convertFilenameToJSON : Filename : /mnt/data_nas/deeprobotics/daiyang/vla/third_party/ETP-R1/data/scene_datasets/mp3d/82sE5b5pLXE/82sE5b5pLXE.glb changed to proposed JSON configuration filename : /mnt/data_nas/deeprobotics/daiyang/vla/third_party/ETP-R1/data/scene_datasets/mp3d/82sE5b5pLXE/82sE5b5pLXE.stage_config.json
I0919 08:38:19.118749 1856845 AttributesManagerBase.h:283] AttributesManager<T>::createFromJsonOrDefaultInternal  (Stage) : Proposing JSON name : /mnt/data_nas/deeprobotics/daiyang/vla/third_party/ETP-R1/data/scene_datasets/mp3d/82sE5b5pLXE/82sE5b5pLXE.stage_config.json from original name : /mnt/data_nas/deeprobotics/daiyang/vla/third_party/ETP-R1/data/scene_datasets/mp3d/82sE5b5pLXE/82sE5b5pLXE.glb | This file  does not exist.
I0919 08:38:19.118796 1856845 AbstractObjectAttributesManagerBase.h:181] AbstractObjectAttributesManager<T>::createObject  (Stage) : Done making attributes with handle : /mnt/data_nas/deeprobotics/daiyang/vla/third_party/ETP-R1/data/scene_datasets/mp3d/82sE5b5pLXE/82sE5b5pLXE.glb
I0919 08:38:19.118798 1856845 AbstractObjectAttributesManagerBase.h:188] File (/mnt/data_nas/deeprobotics/daiyang/vla/third_party/ETP-R1/data/scene_datasets/mp3d/82sE5b5pLXE/82sE5b5pLXE.glb) exists but is not a recognized config filename extension, so new default Stage attributes created and registered.
I0919 08:38:19.118806 1856845 Simulator.cpp:156] Loading navmesh from /mnt/data_nas/deeprobotics/daiyang/vla/third_party/ETP-R1/data/scene_datasets/mp3d/82sE5b5pLXE/82sE5b5pLXE.navmesh
I0919 08:38:19.119630 1856845 Simulator.cpp:158] Loaded.
I0919 08:38:19.119638 1856845 SceneGraph.h:93] Created DrawableGroup: 
Renderer: NVIDIA GeForce RTX 5090/PCIe/SSE2 by NVIDIA Corporation
OpenGL version: 4.6.0 NVIDIA 580.126.09
Using optional features:
    GL_ARB_ES2_compatibility
    GL_ARB_direct_state_access
    GL_ARB_get_texture_sub_image
    GL_ARB_invalidate_subdata
    GL_ARB_multi_bind
    GL_ARB_robustness
    GL_ARB_separate_shader_objects
    GL_ARB_texture_filter_anisotropic
    GL_ARB_texture_storage
    GL_ARB_texture_storage_multisample
    GL_ARB_vertex_array_object
    GL_KHR_debug
Using driver workarounds:
    no-forward-compatible-core-context
    nv-egl-incorrect-gl11-function-pointers
    no-layout-qualifiers-on-old-glsl
    nv-zero-context-profile-mask
    nv-implementation-color-read-format-dsa-broken
    nv-cubemap-inconsistent-compressed-image-size
    nv-cubemap-broken-full-compressed-image-query
    nv-compressed-block-size-in-bits
I0919 08:38:19.123286 1856845 ResourceManager.cpp:234] ResourceManager::loadStage : Not loading semantic mesh
I0919 08:38:19.123294 1856845 ResourceManager.cpp:262] ResourceManager::loadStage : start load render asset /mnt/data_nas/deeprobotics/daiyang/vla/third_party/ETP-R1/data/scene_datasets/mp3d/82sE5b5pLXE/82sE5b5pLXE.glb.
I0919 08:38:19.123296 1856845 ResourceManager.cpp:569] ResourceManager::loadStageInternal : Attempting to load stage /mnt/data_nas/deeprobotics/daiyang/vla/third_party/ETP-R1/data/scene_datasets/mp3d/82sE5b5pLXE/82sE5b5pLXE.glb 
I0919 08:38:19.123311 1856845 ResourceManager.cpp:1119] Importing Basis files as BC7 for 82sE5b5pLXE.glb
W0919 08:38:21.139602 1856845 Simulator.cpp:248] :
---
 The active scene does not contain semantic annotations. 
---
I0919 08:38:21.175776 1856845 simulator.py:213] Loaded navmesh /mnt/data_nas/deeprobotics/daiyang/vla/third_party/ETP-R1/data/scene_datasets/mp3d/82sE5b5pLXE/82sE5b5pLXE.navmesh
I0919 08:39:15.210392 1856845 PhysicsManager.cpp:33] Deconstructing PhysicsManager
I0919 08:39:15.210435 1856845 SemanticScene.h:41] Deconstructing SemanticScene
I0919 08:39:15.212296 1856845 SceneManager.h:25] Deconstructing SceneManager
I0919 08:39:15.212307 1856845 SceneGraph.h:26] Deconstructing SceneGraph
I0919 08:39:15.212600 1856845 Sensor.h:87] Deconstructing Sensor
I0919 08:39:15.216962 1856845 Renderer.cpp:34] Deconstructing Renderer
I0919 08:39:15.216995 1856845 WindowlessContext.h:17] Deconstructing WindowlessContext
I0919 08:39:15.223505 1856845 ManagedContainerBase.cpp:19] ManagedContainerBase::convertFilenameToJSON : Filename : default changed to proposed JSON configuration filename : default.scene_dataset_config.json
I0919 08:39:15.223524 1856845 AttributesManagerBase.h:283] AttributesManager<T>::createFromJsonOrDefaultInternal  (Dataset) : Proposing JSON name : default.scene_dataset_config.json from original name : default | This file  does not exist.
I0919 08:39:15.224113 1856845 AssetAttributesManager.cpp:117] Asset attributes (capsule3DSolid : capsule3DSolid_hemiRings_4_cylRings_1_segments_12_halfLen_0.75_useTexCoords_false_useTangents_false) created and registered.
I0919 08:39:15.224152 1856845 AssetAttributesManager.cpp:117] Asset attributes (capsule3DWireframe : capsule3DWireframe_hemiRings_8_cylRings_1_segments_16_halfLen_1) created and registered.
I0919 08:39:15.224189 1856845 AssetAttributesManager.cpp:117] Asset attributes (coneSolid : coneSolid_segments_12_halfLen_1.25_rings_1_useTexCoords_false_useTangents_false_capEnd_true) created and registered.
I0919 08:39:15.224211 1856845 AssetAttributesManager.cpp:117] Asset attributes (coneWireframe : coneWireframe_segments_32_halfLen_1.25) created and registered.
I0919 08:39:15.224224 1856845 AssetAttributesManager.cpp:117] Asset attributes (cubeSolid : cubeSolid) created and registered.
I0919 08:39:15.224233 1856845 AssetAttributesManager.cpp:117] Asset attributes (cubeWireframe : cubeWireframe) created and registered.
I0919 08:39:15.224274 1856845 AssetAttributesManager.cpp:117] Asset attributes (cylinderSolid : cylinderSolid_rings_1_segments_12_halfLen_1_useTexCoords_false_useTangents_false_capEnds_true) created and registered.
I0919 08:39:15.224301 1856845 AssetAttributesManager.cpp:117] Asset attributes (cylinderWireframe : cylinderWireframe_rings_1_segments_32_halfLen_1) created and registered.
I0919 08:39:15.224315 1856845 AssetAttributesManager.cpp:117] Asset attributes (icosphereSolid : icosphereSolid_subdivs_1) created and registered.
I0919 08:39:15.224327 1856845 AssetAttributesManager.cpp:117] Asset attributes (icosphereWireframe : icosphereWireframe_subdivs_1) created and registered.
I0919 08:39:15.224346 1856845 AssetAttributesManager.cpp:117] Asset attributes (uvSphereSolid : uvSphereSolid_rings_8_segments_16_useTexCoords_false_useTangents_false) created and registered.
I0919 08:39:15.224366 1856845 AssetAttributesManager.cpp:117] Asset attributes (uvSphereWireframe : uvSphereWireframe_rings_16_segments_32) created and registered.
I0919 08:39:15.224375 1856845 AssetAttributesManager.cpp:105] AssetAttributesManager::buildCtorFuncPtrMaps : Built default primitive asset templates : 12
I0919 08:39:15.225019 1856845 SceneDatasetAttributesManager.cpp:23] File (default) not found, so new default dataset attributes created and registered.
I0919 08:39:15.225023 1856845 MetadataMediator.cpp:47] MetadataMediator::createDataset : Dataset default successfully created.
I0919 08:39:15.226087 1856845 AttributesManagerBase.h:283] AttributesManager<T>::createFromJsonOrDefaultInternal  (Physics Manager) : Proposing JSON name : ./data/default.physics_config.json from original name : ./data/default.physics_config.json | This file  does not exist.
I0919 08:39:15.226107 1856845 PhysicsAttributesManager.cpp:27] File (./data/default.physics_config.json) not found, so new default physics manager attributes created and registered.
I0919 08:39:15.226112 1856845 AbstractObjectAttributesManagerBase.h:175] AbstractObjectAttributesManager<T>::createObject  (Stage) : Making attributes with handle : /mnt/data_nas/deeprobotics/daiyang/vla/third_party/ETP-R1/data/scene_datasets/mp3d/B6ByNegPMKs/B6ByNegPMKs.glb
I0919 08:39:15.226118 1856845 ManagedContainerBase.cpp:19] ManagedContainerBase::convertFilenameToJSON : Filename : /mnt/data_nas/deeprobotics/daiyang/vla/third_party/ETP-R1/data/scene_datasets/mp3d/B6ByNegPMKs/B6ByNegPMKs.glb changed to proposed JSON configuration filename : /mnt/data_nas/deeprobotics/daiyang/vla/third_party/ETP-R1/data/scene_datasets/mp3d/B6ByNegPMKs/B6ByNegPMKs.stage_config.json
I0919 08:39:15.226133 1856845 AttributesManagerBase.h:283] AttributesManager<T>::createFromJsonOrDefaultInternal  (Stage) : Proposing JSON name : /mnt/data_nas/deeprobotics/daiyang/vla/third_party/ETP-R1/data/scene_datasets/mp3d/B6ByNegPMKs/B6ByNegPMKs.stage_config.json from original name : /mnt/data_nas/deeprobotics/daiyang/vla/third_party/ETP-R1/data/scene_datasets/mp3d/B6ByNegPMKs/B6ByNegPMKs.glb | This file  does not exist.
I0919 08:39:15.226207 1856845 AbstractObjectAttributesManagerBase.h:181] AbstractObjectAttributesManager<T>::createObject  (Stage) : Done making attributes with handle : /mnt/data_nas/deeprobotics/daiyang/vla/third_party/ETP-R1/data/scene_datasets/mp3d/B6ByNegPMKs/B6ByNegPMKs.glb
I0919 08:39:15.226209 1856845 AbstractObjectAttributesManagerBase.h:188] File (/mnt/data_nas/deeprobotics/daiyang/vla/third_party/ETP-R1/data/scene_datasets/mp3d/B6ByNegPMKs/B6ByNegPMKs.glb) exists but is not a recognized config filename extension, so new default Stage attributes created and registered.
I0919 08:39:15.226217 1856845 Simulator.cpp:156] Loading navmesh from /mnt/data_nas/deeprobotics/daiyang/vla/third_party/ETP-R1/data/scene_datasets/mp3d/B6ByNegPMKs/B6ByNegPMKs.navmesh
I0919 08:39:15.227917 1856845 Simulator.cpp:158] Loaded.
I0919 08:39:15.227929 1856845 SceneGraph.h:93] Created DrawableGroup: 
Renderer: NVIDIA GeForce RTX 5090/PCIe/SSE2 by NVIDIA Corporation
OpenGL version: 4.6.0 NVIDIA 580.126.09
Using optional features:
    GL_ARB_ES2_compatibility
    GL_ARB_direct_state_access
    GL_ARB_get_texture_sub_image
    GL_ARB_invalidate_subdata
    GL_ARB_multi_bind
    GL_ARB_robustness
    GL_ARB_separate_shader_objects
    GL_ARB_texture_filter_anisotropic
    GL_ARB_texture_storage
    GL_ARB_texture_storage_multisample
    GL_ARB_vertex_array_object
    GL_KHR_debug
Using driver workarounds:
    no-forward-compatible-core-context
    nv-egl-incorrect-gl11-function-pointers
    no-layout-qualifiers-on-old-glsl
    nv-zero-context-profile-mask
    nv-implementation-color-read-format-dsa-broken
    nv-cubemap-inconsistent-compressed-image-size
    nv-cubemap-broken-full-compressed-image-query
    nv-compressed-block-size-in-bits
I0919 08:39:15.232321 1856845 ResourceManager.cpp:234] ResourceManager::loadStage : Not loading semantic mesh
I0919 08:39:15.232331 1856845 ResourceManager.cpp:262] ResourceManager::loadStage : start load render asset /mnt/data_nas/deeprobotics/daiyang/vla/third_party/ETP-R1/data/scene_datasets/mp3d/B6ByNegPMKs/B6ByNegPMKs.glb.
I0919 08:39:15.232334 1856845 ResourceManager.cpp:569] ResourceManager::loadStageInternal : Attempting to load stage /mnt/data_nas/deeprobotics/daiyang/vla/third_party/ETP-R1/data/scene_datasets/mp3d/B6ByNegPMKs/B6ByNegPMKs.glb 
I0919 08:39:15.232357 1856845 ResourceManager.cpp:1119] Importing Basis files as BC7 for B6ByNegPMKs.glb
W0919 08:39:25.060425 1856845 Simulator.cpp:248] :
---
 The active scene does not contain semantic annotations. 
---
I0919 08:39:25.263012 1856845 simulator.py:213] Loaded navmesh /mnt/data_nas/deeprobotics/daiyang/vla/third_party/ETP-R1/data/scene_datasets/mp3d/B6ByNegPMKs/B6ByNegPMKs.navmesh
I0919 08:40:17.995486 1856845 PhysicsManager.cpp:33] Deconstructing PhysicsManager
I0919 08:40:17.995538 1856845 SemanticScene.h:41] Deconstructing SemanticScene
I0919 08:40:18.011708 1856845 SceneManager.h:25] Deconstructing SceneManager
I0919 08:40:18.011722 1856845 SceneGraph.h:26] Deconstructing SceneGraph
I0919 08:40:18.012229 1856845 Sensor.h:87] Deconstructing Sensor
I0919 08:40:18.026515 1856845 Renderer.cpp:34] Deconstructing Renderer
I0919 08:40:18.026548 1856845 WindowlessContext.h:17] Deconstructing WindowlessContext
I0919 08:40:18.051214 1856845 ManagedContainerBase.cpp:19] ManagedContainerBase::convertFilenameToJSON : Filename : default changed to proposed JSON configuration filename : default.scene_dataset_config.json
I0919 08:40:18.051239 1856845 AttributesManagerBase.h:283] AttributesManager<T>::createFromJsonOrDefaultInternal  (Dataset) : Proposing JSON name : default.scene_dataset_config.json from original name : default | This file  does not exist.
I0919 08:40:18.051467 1856845 AssetAttributesManager.cpp:117] Asset attributes (capsule3DSolid : capsule3DSolid_hemiRings_4_cylRings_1_segments_12_halfLen_0.75_useTexCoords_false_useTangents_false) created and registered.
I0919 08:40:18.051497 1856845 AssetAttributesManager.cpp:117] Asset attributes (capsule3DWireframe : capsule3DWireframe_hemiRings_8_cylRings_1_segments_16_halfLen_1) created and registered.
I0919 08:40:18.051522 1856845 AssetAttributesManager.cpp:117] Asset attributes (coneSolid : coneSolid_segments_12_halfLen_1.25_rings_1_useTexCoords_false_useTangents_false_capEnd_true) created and registered.
I0919 08:40:18.051537 1856845 AssetAttributesManager.cpp:117] Asset attributes (coneWireframe : coneWireframe_segments_32_halfLen_1.25) created and registered.
I0919 08:40:18.051548 1856845 AssetAttributesManager.cpp:117] Asset attributes (cubeSolid : cubeSolid) created and registered.
I0919 08:40:18.051554 1856845 AssetAttributesManager.cpp:117] Asset attributes (cubeWireframe : cubeWireframe) created and registered.
I0919 08:40:18.051574 1856845 AssetAttributesManager.cpp:117] Asset attributes (cylinderSolid : cylinderSolid_rings_1_segments_12_halfLen_1_useTexCoords_false_useTangents_false_capEnds_true) created and registered.
I0919 08:40:18.051592 1856845 AssetAttributesManager.cpp:117] Asset attributes (cylinderWireframe : cylinderWireframe_rings_1_segments_32_halfLen_1) created and registered.
I0919 08:40:18.051611 1856845 AssetAttributesManager.cpp:117] Asset attributes (icosphereSolid : icosphereSolid_subdivs_1) created and registered.
I0919 08:40:18.051620 1856845 AssetAttributesManager.cpp:117] Asset attributes (icosphereWireframe : icosphereWireframe_subdivs_1) created and registered.
I0919 08:40:18.051635 1856845 AssetAttributesManager.cpp:117] Asset attributes (uvSphereSolid : uvSphereSolid_rings_8_segments_16_useTexCoords_false_useTangents_false) created and registered.
I0919 08:40:18.051648 1856845 AssetAttributesManager.cpp:117] Asset attributes (uvSphereWireframe : uvSphereWireframe_rings_16_segments_32) created and registered.
I0919 08:40:18.051656 1856845 AssetAttributesManager.cpp:105] AssetAttributesManager::buildCtorFuncPtrMaps : Built default primitive asset templates : 12
I0919 08:40:18.052064 1856845 SceneDatasetAttributesManager.cpp:23] File (default) not found, so new default dataset attributes created and registered.
I0919 08:40:18.052066 1856845 MetadataMediator.cpp:47] MetadataMediator::createDataset : Dataset default successfully created.
I0919 08:40:18.053164 1856845 AttributesManagerBase.h:283] AttributesManager<T>::createFromJsonOrDefaultInternal  (Physics Manager) : Proposing JSON name : ./data/default.physics_config.json from original name : ./data/default.physics_config.json | This file  does not exist.
I0919 08:40:18.053177 1856845 PhysicsAttributesManager.cpp:27] File (./data/default.physics_config.json) not found, so new default physics manager attributes created and registered.
I0919 08:40:18.053181 1856845 AbstractObjectAttributesManagerBase.h:175] AbstractObjectAttributesManager<T>::createObject  (Stage) : Making attributes with handle : /mnt/data_nas/deeprobotics/daiyang/vla/third_party/ETP-R1/data/scene_datasets/mp3d/aayBHfsNo7d/aayBHfsNo7d.glb
I0919 08:40:18.053186 1856845 ManagedContainerBase.cpp:19] ManagedContainerBase::convertFilenameToJSON : Filename : /mnt/data_nas/deeprobotics/daiyang/vla/third_party/ETP-R1/data/scene_datasets/mp3d/aayBHfsNo7d/aayBHfsNo7d.glb changed to proposed JSON configuration filename : /mnt/data_nas/deeprobotics/daiyang/vla/third_party/ETP-R1/data/scene_datasets/mp3d/aayBHfsNo7d/aayBHfsNo7d.stage_config.json
I0919 08:40:18.055644 1856845 AttributesManagerBase.h:283] AttributesManager<T>::createFromJsonOrDefaultInternal  (Stage) : Proposing JSON name : /mnt/data_nas/deeprobotics/daiyang/vla/third_party/ETP-R1/data/scene_datasets/mp3d/aayBHfsNo7d/aayBHfsNo7d.stage_config.json from original name : /mnt/data_nas/deeprobotics/daiyang/vla/third_party/ETP-R1/data/scene_datasets/mp3d/aayBHfsNo7d/aayBHfsNo7d.glb | This file  does not exist.
I0919 08:40:18.055694 1856845 AbstractObjectAttributesManagerBase.h:181] AbstractObjectAttributesManager<T>::createObject  (Stage) : Done making attributes with handle : /mnt/data_nas/deeprobotics/daiyang/vla/third_party/ETP-R1/data/scene_datasets/mp3d/aayBHfsNo7d/aayBHfsNo7d.glb
I0919 08:40:18.055696 1856845 AbstractObjectAttributesManagerBase.h:188] File (/mnt/data_nas/deeprobotics/daiyang/vla/third_party/ETP-R1/data/scene_datasets/mp3d/aayBHfsNo7d/aayBHfsNo7d.glb) exists but is not a recognized config filename extension, so new default Stage attributes created and registered.
I0919 08:40:18.055701 1856845 Simulator.cpp:156] Loading navmesh from /mnt/data_nas/deeprobotics/daiyang/vla/third_party/ETP-R1/data/scene_datasets/mp3d/aayBHfsNo7d/aayBHfsNo7d.navmesh
I0919 08:40:18.056608 1856845 Simulator.cpp:158] Loaded.
I0919 08:40:18.056617 1856845 SceneGraph.h:93] Created DrawableGroup: 
Renderer: NVIDIA GeForce RTX 5090/PCIe/SSE2 by NVIDIA Corporation
OpenGL version: 4.6.0 NVIDIA 580.126.09
Using optional features:
    GL_ARB_ES2_compatibility
    GL_ARB_direct_state_access
    GL_ARB_get_texture_sub_image
    GL_ARB_invalidate_subdata
    GL_ARB_multi_bind
    GL_ARB_robustness
    GL_ARB_separate_shader_objects
    GL_ARB_texture_filter_anisotropic
    GL_ARB_texture_storage
    GL_ARB_texture_storage_multisample
    GL_ARB_vertex_array_object
    GL_KHR_debug
Using driver workarounds:
    no-forward-compatible-core-context
    nv-egl-incorrect-gl11-function-pointers
    no-layout-qualifiers-on-old-glsl
    nv-zero-context-profile-mask
    nv-implementation-color-read-format-dsa-broken
    nv-cubemap-inconsistent-compressed-image-size
    nv-cubemap-broken-full-compressed-image-query
    nv-compressed-block-size-in-bits
I0919 08:40:18.060463 1856845 ResourceManager.cpp:234] ResourceManager::loadStage : Not loading semantic mesh
I0919 08:40:18.060472 1856845 ResourceManager.cpp:262] ResourceManager::loadStage : start load render asset /mnt/data_nas/deeprobotics/daiyang/vla/third_party/ETP-R1/data/scene_datasets/mp3d/aayBHfsNo7d/aayBHfsNo7d.glb.
I0919 08:40:18.060474 1856845 ResourceManager.cpp:569] ResourceManager::loadStageInternal : Attempting to load stage /mnt/data_nas/deeprobotics/daiyang/vla/third_party/ETP-R1/data/scene_datasets/mp3d/aayBHfsNo7d/aayBHfsNo7d.glb 
I0919 08:40:18.060489 1856845 ResourceManager.cpp:1119] Importing Basis files as BC7 for aayBHfsNo7d.glb
W0919 08:40:19.625147 1856845 Simulator.cpp:248] :
---
 The active scene does not contain semantic annotations. 
---
I0919 08:40:19.665812 1856845 simulator.py:213] Loaded navmesh /mnt/data_nas/deeprobotics/daiyang/vla/third_party/ETP-R1/data/scene_datasets/mp3d/aayBHfsNo7d/aayBHfsNo7d.navmesh
I0919 08:41:18.917711 1856845 PhysicsManager.cpp:33] Deconstructing PhysicsManager
I0919 08:41:18.917747 1856845 SemanticScene.h:41] Deconstructing SemanticScene
I0919 08:41:18.920218 1856845 SceneManager.h:25] Deconstructing SceneManager
I0919 08:41:18.920228 1856845 SceneGraph.h:26] Deconstructing SceneGraph
I0919 08:41:18.920444 1856845 Sensor.h:87] Deconstructing Sensor
I0919 08:41:18.923058 1856845 Renderer.cpp:34] Deconstructing Renderer
I0919 08:41:18.923080 1856845 WindowlessContext.h:17] Deconstructing WindowlessContext
I0919 08:41:18.928918 1856845 ManagedContainerBase.cpp:19] ManagedContainerBase::convertFilenameToJSON : Filename : default changed to proposed JSON configuration filename : default.scene_dataset_config.json
I0919 08:41:18.928936 1856845 AttributesManagerBase.h:283] AttributesManager<T>::createFromJsonOrDefaultInternal  (Dataset) : Proposing JSON name : default.scene_dataset_config.json from original name : default | This file  does not exist.
I0919 08:41:18.929279 1856845 AssetAttributesManager.cpp:117] Asset attributes (capsule3DSolid : capsule3DSolid_hemiRings_4_cylRings_1_segments_12_halfLen_0.75_useTexCoords_false_useTangents_false) created and registered.
I0919 08:41:18.929306 1856845 AssetAttributesManager.cpp:117] Asset attributes (capsule3DWireframe : capsule3DWireframe_hemiRings_8_cylRings_1_segments_16_halfLen_1) created and registered.
I0919 08:41:18.929330 1856845 AssetAttributesManager.cpp:117] Asset attributes (coneSolid : coneSolid_segments_12_halfLen_1.25_rings_1_useTexCoords_false_useTangents_false_capEnd_true) created and registered.
I0919 08:41:18.929344 1856845 AssetAttributesManager.cpp:117] Asset attributes (coneWireframe : coneWireframe_segments_32_halfLen_1.25) created and registered.
I0919 08:41:18.929353 1856845 AssetAttributesManager.cpp:117] Asset attributes (cubeSolid : cubeSolid) created and registered.
I0919 08:41:18.929359 1856845 AssetAttributesManager.cpp:117] Asset attributes (cubeWireframe : cubeWireframe) created and registered.
I0919 08:41:18.929379 1856845 AssetAttributesManager.cpp:117] Asset attributes (cylinderSolid : cylinderSolid_rings_1_segments_12_halfLen_1_useTexCoords_false_useTangents_false_capEnds_true) created and registered.
I0919 08:41:18.929394 1856845 AssetAttributesManager.cpp:117] Asset attributes (cylinderWireframe : cylinderWireframe_rings_1_segments_32_halfLen_1) created and registered.
I0919 08:41:18.929404 1856845 AssetAttributesManager.cpp:117] Asset attributes (icosphereSolid : icosphereSolid_subdivs_1) created and registered.
I0919 08:41:18.929412 1856845 AssetAttributesManager.cpp:117] Asset attributes (icosphereWireframe : icosphereWireframe_subdivs_1) created and registered.
I0919 08:41:18.929427 1856845 AssetAttributesManager.cpp:117] Asset attributes (uvSphereSolid : uvSphereSolid_rings_8_segments_16_useTexCoords_false_useTangents_false) created and registered.
I0919 08:41:18.929445 1856845 AssetAttributesManager.cpp:117] Asset attributes (uvSphereWireframe : uvSphereWireframe_rings_16_segments_32) created and registered.
I0919 08:41:18.929451 1856845 AssetAttributesManager.cpp:105] AssetAttributesManager::buildCtorFuncPtrMaps : Built default primitive asset templates : 12
I0919 08:41:18.929847 1856845 SceneDatasetAttributesManager.cpp:23] File (default) not found, so new default dataset attributes created and registered.
I0919 08:41:18.929849 1856845 MetadataMediator.cpp:47] MetadataMediator::createDataset : Dataset default successfully created.
I0919 08:41:18.931324 1856845 AttributesManagerBase.h:283] AttributesManager<T>::createFromJsonOrDefaultInternal  (Physics Manager) : Proposing JSON name : ./data/default.physics_config.json from original name : ./data/default.physics_config.json | This file  does not exist.
I0919 08:41:18.931337 1856845 PhysicsAttributesManager.cpp:27] File (./data/default.physics_config.json) not found, so new default physics manager attributes created and registered.
I0919 08:41:18.931341 1856845 AbstractObjectAttributesManagerBase.h:175] AbstractObjectAttributesManager<T>::createObject  (Stage) : Making attributes with handle : /mnt/data_nas/deeprobotics/daiyang/vla/third_party/ETP-R1/data/scene_datasets/mp3d/82sE5b5pLXE/82sE5b5pLXE.glb
I0919 08:41:18.931344 1856845 ManagedContainerBase.cpp:19] ManagedContainerBase::convertFilenameToJSON : Filename : /mnt/data_nas/deeprobotics/daiyang/vla/third_party/ETP-R1/data/scene_datasets/mp3d/82sE5b5pLXE/82sE5b5pLXE.glb changed to proposed JSON configuration filename : /mnt/data_nas/deeprobotics/daiyang/vla/third_party/ETP-R1/data/scene_datasets/mp3d/82sE5b5pLXE/82sE5b5pLXE.stage_config.json
I0919 08:41:18.931355 1856845 AttributesManagerBase.h:283] AttributesManager<T>::createFromJsonOrDefaultInternal  (Stage) : Proposing JSON name : /mnt/data_nas/deeprobotics/daiyang/vla/third_party/ETP-R1/data/scene_datasets/mp3d/82sE5b5pLXE/82sE5b5pLXE.stage_config.json from original name : /mnt/data_nas/deeprobotics/daiyang/vla/third_party/ETP-R1/data/scene_datasets/mp3d/82sE5b5pLXE/82sE5b5pLXE.glb | This file  does not exist.
I0919 08:41:18.931403 1856845 AbstractObjectAttributesManagerBase.h:181] AbstractObjectAttributesManager<T>::createObject  (Stage) : Done making attributes with handle : /mnt/data_nas/deeprobotics/daiyang/vla/third_party/ETP-R1/data/scene_datasets/mp3d/82sE5b5pLXE/82sE5b5pLXE.glb
I0919 08:41:18.931406 1856845 AbstractObjectAttributesManagerBase.h:188] File (/mnt/data_nas/deeprobotics/daiyang/vla/third_party/ETP-R1/data/scene_datasets/mp3d/82sE5b5pLXE/82sE5b5pLXE.glb) exists but is not a recognized config filename extension, so new default Stage attributes created and registered.
I0919 08:41:18.931411 1856845 Simulator.cpp:156] Loading navmesh from /mnt/data_nas/deeprobotics/daiyang/vla/third_party/ETP-R1/data/scene_datasets/mp3d/82sE5b5pLXE/82sE5b5pLXE.navmesh
I0919 08:41:18.932686 1856845 Simulator.cpp:158] Loaded.
I0919 08:41:18.932693 1856845 SceneGraph.h:93] Created DrawableGroup: 
Renderer: NVIDIA GeForce RTX 5090/PCIe/SSE2 by NVIDIA Corporation
OpenGL version: 4.6.0 NVIDIA 580.126.09
Using optional features:
    GL_ARB_ES2_compatibility
    GL_ARB_direct_state_access
    GL_ARB_get_texture_sub_image
    GL_ARB_invalidate_subdata
    GL_ARB_multi_bind
    GL_ARB_robustness
    GL_ARB_separate_shader_objects
    GL_ARB_texture_filter_anisotropic
    GL_ARB_texture_storage
    GL_ARB_texture_storage_multisample
    GL_ARB_vertex_array_object
    GL_KHR_debug
Using driver workarounds:
    no-forward-compatible-core-context
    nv-egl-incorrect-gl11-function-pointers
    no-layout-qualifiers-on-old-glsl
    nv-zero-context-profile-mask
    nv-implementation-color-read-format-dsa-broken
    nv-cubemap-inconsistent-compressed-image-size
    nv-cubemap-broken-full-compressed-image-query
    nv-compressed-block-size-in-bits
I0919 08:41:18.936205 1856845 ResourceManager.cpp:234] ResourceManager::loadStage : Not loading semantic mesh
I0919 08:41:18.936218 1856845 ResourceManager.cpp:262] ResourceManager::loadStage : start load render asset /mnt/data_nas/deeprobotics/daiyang/vla/third_party/ETP-R1/data/scene_datasets/mp3d/82sE5b5pLXE/82sE5b5pLXE.glb.
I0919 08:41:18.936220 1856845 ResourceManager.cpp:569] ResourceManager::loadStageInternal : Attempting to load stage /mnt/data_nas/deeprobotics/daiyang/vla/third_party/ETP-R1/data/scene_datasets/mp3d/82sE5b5pLXE/82sE5b5pLXE.glb 
I0919 08:41:18.936237 1856845 ResourceManager.cpp:1119] Importing Basis files as BC7 for 82sE5b5pLXE.glb
W0919 08:41:20.944681 1856845 Simulator.cpp:248] :
---
 The active scene does not contain semantic annotations. 
---
I0919 08:41:20.980901 1856845 simulator.py:213] Loaded navmesh /mnt/data_nas/deeprobotics/daiyang/vla/third_party/ETP-R1/data/scene_datasets/mp3d/82sE5b5pLXE/82sE5b5pLXE.navmesh
I0919 08:42:38.277822 1856845 PhysicsManager.cpp:33] Deconstructing PhysicsManager
I0919 08:42:38.277856 1856845 SemanticScene.h:41] Deconstructing SemanticScene
I0919 08:42:38.279311 1856845 SceneManager.h:25] Deconstructing SceneManager
I0919 08:42:38.279318 1856845 SceneGraph.h:26] Deconstructing SceneGraph
I0919 08:42:38.279536 1856845 Sensor.h:87] Deconstructing Sensor
I0919 08:42:38.282581 1856845 Renderer.cpp:34] Deconstructing Renderer
I0919 08:42:38.282603 1856845 WindowlessContext.h:17] Deconstructing WindowlessContext
I0919 08:42:38.288568 1856845 ManagedContainerBase.cpp:19] ManagedContainerBase::convertFilenameToJSON : Filename : default changed to proposed JSON configuration filename : default.scene_dataset_config.json
I0919 08:42:38.288583 1856845 AttributesManagerBase.h:283] AttributesManager<T>::createFromJsonOrDefaultInternal  (Dataset) : Proposing JSON name : default.scene_dataset_config.json from original name : default | This file  does not exist.
I0919 08:42:38.288906 1856845 AssetAttributesManager.cpp:117] Asset attributes (capsule3DSolid : capsule3DSolid_hemiRings_4_cylRings_1_segments_12_halfLen_0.75_useTexCoords_false_useTangents_false) created and registered.
I0919 08:42:38.288933 1856845 AssetAttributesManager.cpp:117] Asset attributes (capsule3DWireframe : capsule3DWireframe_hemiRings_8_cylRings_1_segments_16_halfLen_1) created and registered.
I0919 08:42:38.288957 1856845 AssetAttributesManager.cpp:117] Asset attributes (coneSolid : coneSolid_segments_12_halfLen_1.25_rings_1_useTexCoords_false_useTangents_false_capEnd_true) created and registered.
I0919 08:42:38.288971 1856845 AssetAttributesManager.cpp:117] Asset attributes (coneWireframe : coneWireframe_segments_32_halfLen_1.25) created and registered.
I0919 08:42:38.288980 1856845 AssetAttributesManager.cpp:117] Asset attributes (cubeSolid : cubeSolid) created and registered.
I0919 08:42:38.288986 1856845 AssetAttributesManager.cpp:117] Asset attributes (cubeWireframe : cubeWireframe) created and registered.
I0919 08:42:38.289005 1856845 AssetAttributesManager.cpp:117] Asset attributes (cylinderSolid : cylinderSolid_rings_1_segments_12_halfLen_1_useTexCoords_false_useTangents_false_capEnds_true) created and registered.
I0919 08:42:38.289021 1856845 AssetAttributesManager.cpp:117] Asset attributes (cylinderWireframe : cylinderWireframe_rings_1_segments_32_halfLen_1) created and registered.
I0919 08:42:38.289031 1856845 AssetAttributesManager.cpp:117] Asset attributes (icosphereSolid : icosphereSolid_subdivs_1) created and registered.
I0919 08:42:38.289040 1856845 AssetAttributesManager.cpp:117] Asset attributes (icosphereWireframe : icosphereWireframe_subdivs_1) created and registered.
I0919 08:42:38.289053 1856845 AssetAttributesManager.cpp:117] Asset attributes (uvSphereSolid : uvSphereSolid_rings_8_segments_16_useTexCoords_false_useTangents_false) created and registered.
I0919 08:42:38.289067 1856845 AssetAttributesManager.cpp:117] Asset attributes (uvSphereWireframe : uvSphereWireframe_rings_16_segments_32) created and registered.
I0919 08:42:38.289073 1856845 AssetAttributesManager.cpp:105] AssetAttributesManager::buildCtorFuncPtrMaps : Built default primitive asset templates : 12
I0919 08:42:38.289475 1856845 SceneDatasetAttributesManager.cpp:23] File (default) not found, so new default dataset attributes created and registered.
I0919 08:42:38.289477 1856845 MetadataMediator.cpp:47] MetadataMediator::createDataset : Dataset default successfully created.
I0919 08:42:38.289664 1856845 AttributesManagerBase.h:283] AttributesManager<T>::createFromJsonOrDefaultInternal  (Physics Manager) : Proposing JSON name : ./data/default.physics_config.json from original name : ./data/default.physics_config.json | This file  does not exist.
I0919 08:42:38.289676 1856845 PhysicsAttributesManager.cpp:27] File (./data/default.physics_config.json) not found, so new default physics manager attributes created and registered.
I0919 08:42:38.289680 1856845 AbstractObjectAttributesManagerBase.h:175] AbstractObjectAttributesManager<T>::createObject  (Stage) : Making attributes with handle : /mnt/data_nas/deeprobotics/daiyang/vla/third_party/ETP-R1/data/scene_datasets/mp3d/B6ByNegPMKs/B6ByNegPMKs.glb
I0919 08:42:38.289683 1856845 ManagedContainerBase.cpp:19] ManagedContainerBase::convertFilenameToJSON : Filename : /mnt/data_nas/deeprobotics/daiyang/vla/third_party/ETP-R1/data/scene_datasets/mp3d/B6ByNegPMKs/B6ByNegPMKs.glb changed to proposed JSON configuration filename : /mnt/data_nas/deeprobotics/daiyang/vla/third_party/ETP-R1/data/scene_datasets/mp3d/B6ByNegPMKs/B6ByNegPMKs.stage_config.json
I0919 08:42:38.289692 1856845 AttributesManagerBase.h:283] AttributesManager<T>::createFromJsonOrDefaultInternal  (Stage) : Proposing JSON name : /mnt/data_nas/deeprobotics/daiyang/vla/third_party/ETP-R1/data/scene_datasets/mp3d/B6ByNegPMKs/B6ByNegPMKs.stage_config.json from original name : /mnt/data_nas/deeprobotics/daiyang/vla/third_party/ETP-R1/data/scene_datasets/mp3d/B6ByNegPMKs/B6ByNegPMKs.glb | This file  does not exist.
I0919 08:42:38.289741 1856845 AbstractObjectAttributesManagerBase.h:181] AbstractObjectAttributesManager<T>::createObject  (Stage) : Done making attributes with handle : /mnt/data_nas/deeprobotics/daiyang/vla/third_party/ETP-R1/data/scene_datasets/mp3d/B6ByNegPMKs/B6ByNegPMKs.glb
I0919 08:42:38.289743 1856845 AbstractObjectAttributesManagerBase.h:188] File (/mnt/data_nas/deeprobotics/daiyang/vla/third_party/ETP-R1/data/scene_datasets/mp3d/B6ByNegPMKs/B6ByNegPMKs.glb) exists but is not a recognized config filename extension, so new default Stage attributes created and registered.
I0919 08:42:38.289747 1856845 Simulator.cpp:156] Loading navmesh from /mnt/data_nas/deeprobotics/daiyang/vla/third_party/ETP-R1/data/scene_datasets/mp3d/B6ByNegPMKs/B6ByNegPMKs.navmesh
I0919 08:42:38.290936 1856845 Simulator.cpp:158] Loaded.
I0919 08:42:38.290943 1856845 SceneGraph.h:93] Created DrawableGroup: 
Renderer: NVIDIA GeForce RTX 5090/PCIe/SSE2 by NVIDIA Corporation
OpenGL version: 4.6.0 NVIDIA 580.126.09
Using optional features:
    GL_ARB_ES2_compatibility
    GL_ARB_direct_state_access
    GL_ARB_get_texture_sub_image
    GL_ARB_invalidate_subdata
    GL_ARB_multi_bind
    GL_ARB_robustness
    GL_ARB_separate_shader_objects
    GL_ARB_texture_filter_anisotropic
    GL_ARB_texture_storage
    GL_ARB_texture_storage_multisample
    GL_ARB_vertex_array_object
    GL_KHR_debug
Using driver workarounds:
    no-forward-compatible-core-context
    nv-egl-incorrect-gl11-function-pointers
    no-layout-qualifiers-on-old-glsl
    nv-zero-context-profile-mask
    nv-implementation-color-read-format-dsa-broken
    nv-cubemap-inconsistent-compressed-image-size
    nv-cubemap-broken-full-compressed-image-query
    nv-compressed-block-size-in-bits
I0919 08:42:38.294342 1856845 ResourceManager.cpp:234] ResourceManager::loadStage : Not loading semantic mesh
I0919 08:42:38.294350 1856845 ResourceManager.cpp:262] ResourceManager::loadStage : start load render asset /mnt/data_nas/deeprobotics/daiyang/vla/third_party/ETP-R1/data/scene_datasets/mp3d/B6ByNegPMKs/B6ByNegPMKs.glb.
I0919 08:42:38.294353 1856845 ResourceManager.cpp:569] ResourceManager::loadStageInternal : Attempting to load stage /mnt/data_nas/deeprobotics/daiyang/vla/third_party/ETP-R1/data/scene_datasets/mp3d/B6ByNegPMKs/B6ByNegPMKs.glb 
I0919 08:42:38.294370 1856845 ResourceManager.cpp:1119] Importing Basis files as BC7 for B6ByNegPMKs.glb
W0919 08:42:47.747045 1856845 Simulator.cpp:248] :
---
 The active scene does not contain semantic annotations. 
---
I0919 08:42:47.942098 1856845 simulator.py:213] Loaded navmesh /mnt/data_nas/deeprobotics/daiyang/vla/third_party/ETP-R1/data/scene_datasets/mp3d/B6ByNegPMKs/B6ByNegPMKs.navmesh
I0919 08:44:35.570530 1856845 PhysicsManager.cpp:33] Deconstructing PhysicsManager
I0919 08:44:35.570577 1856845 SemanticScene.h:41] Deconstructing SemanticScene
I0919 08:44:35.586934 1856845 SceneManager.h:25] Deconstructing SceneManager
I0919 08:44:35.586949 1856845 SceneGraph.h:26] Deconstructing SceneGraph
I0919 08:44:35.587456 1856845 Sensor.h:87] Deconstructing Sensor
I0919 08:44:35.611456 1856845 Renderer.cpp:34] Deconstructing Renderer
I0919 08:44:35.611487 1856845 WindowlessContext.h:17] Deconstructing WindowlessContext
I0919 08:44:35.633745 1856845 ManagedContainerBase.cpp:19] ManagedContainerBase::convertFilenameToJSON : Filename : default changed to proposed JSON configuration filename : default.scene_dataset_config.json
I0919 08:44:35.633777 1856845 AttributesManagerBase.h:283] AttributesManager<T>::createFromJsonOrDefaultInternal  (Dataset) : Proposing JSON name : default.scene_dataset_config.json from original name : default | This file  does not exist.
I0919 08:44:35.634006 1856845 AssetAttributesManager.cpp:117] Asset attributes (capsule3DSolid : capsule3DSolid_hemiRings_4_cylRings_1_segments_12_halfLen_0.75_useTexCoords_false_useTangents_false) created and registered.
I0919 08:44:35.634034 1856845 AssetAttributesManager.cpp:117] Asset attributes (capsule3DWireframe : capsule3DWireframe_hemiRings_8_cylRings_1_segments_16_halfLen_1) created and registered.
I0919 08:44:35.634059 1856845 AssetAttributesManager.cpp:117] Asset attributes (coneSolid : coneSolid_segments_12_halfLen_1.25_rings_1_useTexCoords_false_useTangents_false_capEnd_true) created and registered.
I0919 08:44:35.634074 1856845 AssetAttributesManager.cpp:117] Asset attributes (coneWireframe : coneWireframe_segments_32_halfLen_1.25) created and registered.
I0919 08:44:35.634083 1856845 AssetAttributesManager.cpp:117] Asset attributes (cubeSolid : cubeSolid) created and registered.
I0919 08:44:35.634089 1856845 AssetAttributesManager.cpp:117] Asset attributes (cubeWireframe : cubeWireframe) created and registered.
I0919 08:44:35.634109 1856845 AssetAttributesManager.cpp:117] Asset attributes (cylinderSolid : cylinderSolid_rings_1_segments_12_halfLen_1_useTexCoords_false_useTangents_false_capEnds_true) created and registered.
I0919 08:44:35.634126 1856845 AssetAttributesManager.cpp:117] Asset attributes (cylinderWireframe : cylinderWireframe_rings_1_segments_32_halfLen_1) created and registered.
I0919 08:44:35.634136 1856845 AssetAttributesManager.cpp:117] Asset attributes (icosphereSolid : icosphereSolid_subdivs_1) created and registered.
I0919 08:44:35.634146 1856845 AssetAttributesManager.cpp:117] Asset attributes (icosphereWireframe : icosphereWireframe_subdivs_1) created and registered.
I0919 08:44:35.634159 1856845 AssetAttributesManager.cpp:117] Asset attributes (uvSphereSolid : uvSphereSolid_rings_8_segments_16_useTexCoords_false_useTangents_false) created and registered.
I0919 08:44:35.634174 1856845 AssetAttributesManager.cpp:117] Asset attributes (uvSphereWireframe : uvSphereWireframe_rings_16_segments_32) created and registered.
I0919 08:44:35.634181 1856845 AssetAttributesManager.cpp:105] AssetAttributesManager::buildCtorFuncPtrMaps : Built default primitive asset templates : 12
I0919 08:44:35.634593 1856845 SceneDatasetAttributesManager.cpp:23] File (default) not found, so new default dataset attributes created and registered.
I0919 08:44:35.634595 1856845 MetadataMediator.cpp:47] MetadataMediator::createDataset : Dataset default successfully created.
I0919 08:44:35.634807 1856845 AttributesManagerBase.h:283] AttributesManager<T>::createFromJsonOrDefaultInternal  (Physics Manager) : Proposing JSON name : ./data/default.physics_config.json from original name : ./data/default.physics_config.json | This file  does not exist.
I0919 08:44:35.634828 1856845 PhysicsAttributesManager.cpp:27] File (./data/default.physics_config.json) not found, so new default physics manager attributes created and registered.
I0919 08:44:35.634832 1856845 AbstractObjectAttributesManagerBase.h:175] AbstractObjectAttributesManager<T>::createObject  (Stage) : Making attributes with handle : /mnt/data_nas/deeprobotics/daiyang/vla/third_party/ETP-R1/data/scene_datasets/mp3d/aayBHfsNo7d/aayBHfsNo7d.glb
I0919 08:44:35.634835 1856845 ManagedContainerBase.cpp:19] ManagedContainerBase::convertFilenameToJSON : Filename : /mnt/data_nas/deeprobotics/daiyang/vla/third_party/ETP-R1/data/scene_datasets/mp3d/aayBHfsNo7d/aayBHfsNo7d.glb changed to proposed JSON configuration filename : /mnt/data_nas/deeprobotics/daiyang/vla/third_party/ETP-R1/data/scene_datasets/mp3d/aayBHfsNo7d/aayBHfsNo7d.stage_config.json
I0919 08:44:35.634847 1856845 AttributesManagerBase.h:283] AttributesManager<T>::createFromJsonOrDefaultInternal  (Stage) : Proposing JSON name : /mnt/data_nas/deeprobotics/daiyang/vla/third_party/ETP-R1/data/scene_datasets/mp3d/aayBHfsNo7d/aayBHfsNo7d.stage_config.json from original name : /mnt/data_nas/deeprobotics/daiyang/vla/third_party/ETP-R1/data/scene_datasets/mp3d/aayBHfsNo7d/aayBHfsNo7d.glb | This file  does not exist.
I0919 08:44:35.634897 1856845 AbstractObjectAttributesManagerBase.h:181] AbstractObjectAttributesManager<T>::createObject  (Stage) : Done making attributes with handle : /mnt/data_nas/deeprobotics/daiyang/vla/third_party/ETP-R1/data/scene_datasets/mp3d/aayBHfsNo7d/aayBHfsNo7d.glb
I0919 08:44:35.634899 1856845 AbstractObjectAttributesManagerBase.h:188] File (/mnt/data_nas/deeprobotics/daiyang/vla/third_party/ETP-R1/data/scene_datasets/mp3d/aayBHfsNo7d/aayBHfsNo7d.glb) exists but is not a recognized config filename extension, so new default Stage attributes created and registered.
I0919 08:44:35.634904 1856845 Simulator.cpp:156] Loading navmesh from /mnt/data_nas/deeprobotics/daiyang/vla/third_party/ETP-R1/data/scene_datasets/mp3d/aayBHfsNo7d/aayBHfsNo7d.navmesh
I0919 08:44:35.635921 1856845 Simulator.cpp:158] Loaded.
I0919 08:44:35.635928 1856845 SceneGraph.h:93] Created DrawableGroup: 
Renderer: NVIDIA GeForce RTX 5090/PCIe/SSE2 by NVIDIA Corporation
OpenGL version: 4.6.0 NVIDIA 580.126.09
Using optional features:
    GL_ARB_ES2_compatibility
    GL_ARB_direct_state_access
    GL_ARB_get_texture_sub_image
    GL_ARB_invalidate_subdata
    GL_ARB_multi_bind
    GL_ARB_robustness
    GL_ARB_separate_shader_objects
    GL_ARB_texture_filter_anisotropic
    GL_ARB_texture_storage
    GL_ARB_texture_storage_multisample
    GL_ARB_vertex_array_object
    GL_KHR_debug
Using driver workarounds:
    no-forward-compatible-core-context
    nv-egl-incorrect-gl11-function-pointers
    no-layout-qualifiers-on-old-glsl
    nv-zero-context-profile-mask
    nv-implementation-color-read-format-dsa-broken
    nv-cubemap-inconsistent-compressed-image-size
    nv-cubemap-broken-full-compressed-image-query
    nv-compressed-block-size-in-bits
I0919 08:44:35.639611 1856845 ResourceManager.cpp:234] ResourceManager::loadStage : Not loading semantic mesh
I0919 08:44:35.639619 1856845 ResourceManager.cpp:262] ResourceManager::loadStage : start load render asset /mnt/data_nas/deeprobotics/daiyang/vla/third_party/ETP-R1/data/scene_datasets/mp3d/aayBHfsNo7d/aayBHfsNo7d.glb.
I0919 08:44:35.639622 1856845 ResourceManager.cpp:569] ResourceManager::loadStageInternal : Attempting to load stage /mnt/data_nas/deeprobotics/daiyang/vla/third_party/ETP-R1/data/scene_datasets/mp3d/aayBHfsNo7d/aayBHfsNo7d.glb 
I0919 08:44:35.639638 1856845 ResourceManager.cpp:1119] Importing Basis files as BC7 for aayBHfsNo7d.glb
W0919 08:44:37.193884 1856845 Simulator.cpp:248] :
---
 The active scene does not contain semantic annotations. 
---
I0919 08:44:37.234320 1856845 simulator.py:213] Loaded navmesh /mnt/data_nas/deeprobotics/daiyang/vla/third_party/ETP-R1/data/scene_datasets/mp3d/aayBHfsNo7d/aayBHfsNo7d.navmesh
I0919 08:46:04.036619 1856845 PhysicsManager.cpp:33] Deconstructing PhysicsManager
I0919 08:46:04.036666 1856845 SemanticScene.h:41] Deconstructing SemanticScene
I0919 08:46:04.039141 1856845 SceneManager.h:25] Deconstructing SceneManager
I0919 08:46:04.039149 1856845 SceneGraph.h:26] Deconstructing SceneGraph
I0919 08:46:04.039374 1856845 Sensor.h:87] Deconstructing Sensor
I0919 08:46:04.042255 1856845 Renderer.cpp:34] Deconstructing Renderer
I0919 08:46:04.042284 1856845 WindowlessContext.h:17] Deconstructing WindowlessContext
I0919 08:46:04.048509 1856845 ManagedContainerBase.cpp:19] ManagedContainerBase::convertFilenameToJSON : Filename : default changed to proposed JSON configuration filename : default.scene_dataset_config.json
I0919 08:46:04.048524 1856845 AttributesManagerBase.h:283] AttributesManager<T>::createFromJsonOrDefaultInternal  (Dataset) : Proposing JSON name : default.scene_dataset_config.json from original name : default | This file  does not exist.
I0919 08:46:04.048724 1856845 AssetAttributesManager.cpp:117] Asset attributes (capsule3DSolid : capsule3DSolid_hemiRings_4_cylRings_1_segments_12_halfLen_0.75_useTexCoords_false_useTangents_false) created and registered.
I0919 08:46:04.048751 1856845 AssetAttributesManager.cpp:117] Asset attributes (capsule3DWireframe : capsule3DWireframe_hemiRings_8_cylRings_1_segments_16_halfLen_1) created and registered.
I0919 08:46:04.048775 1856845 AssetAttributesManager.cpp:117] Asset attributes (coneSolid : coneSolid_segments_12_halfLen_1.25_rings_1_useTexCoords_false_useTangents_false_capEnd_true) created and registered.
I0919 08:46:04.048790 1856845 AssetAttributesManager.cpp:117] Asset attributes (coneWireframe : coneWireframe_segments_32_halfLen_1.25) created and registered.
I0919 08:46:04.048799 1856845 AssetAttributesManager.cpp:117] Asset attributes (cubeSolid : cubeSolid) created and registered.
I0919 08:46:04.048805 1856845 AssetAttributesManager.cpp:117] Asset attributes (cubeWireframe : cubeWireframe) created and registered.
I0919 08:46:04.048825 1856845 AssetAttributesManager.cpp:117] Asset attributes (cylinderSolid : cylinderSolid_rings_1_segments_12_halfLen_1_useTexCoords_false_useTangents_false_capEnds_true) created and registered.
I0919 08:46:04.048842 1856845 AssetAttributesManager.cpp:117] Asset attributes (cylinderWireframe : cylinderWireframe_rings_1_segments_32_halfLen_1) created and registered.
I0919 08:46:04.048852 1856845 AssetAttributesManager.cpp:117] Asset attributes (icosphereSolid : icosphereSolid_subdivs_1) created and registered.
I0919 08:46:04.048861 1856845 AssetAttributesManager.cpp:117] Asset attributes (icosphereWireframe : icosphereWireframe_subdivs_1) created and registered.
I0919 08:46:04.048875 1856845 AssetAttributesManager.cpp:117] Asset attributes (uvSphereSolid : uvSphereSolid_rings_8_segments_16_useTexCoords_false_useTangents_false) created and registered.
I0919 08:46:04.048888 1856845 AssetAttributesManager.cpp:117] Asset attributes (uvSphereWireframe : uvSphereWireframe_rings_16_segments_32) created and registered.
I0919 08:46:04.048894 1856845 AssetAttributesManager.cpp:105] AssetAttributesManager::buildCtorFuncPtrMaps : Built default primitive asset templates : 12
I0919 08:46:04.049296 1856845 SceneDatasetAttributesManager.cpp:23] File (default) not found, so new default dataset attributes created and registered.
I0919 08:46:04.049299 1856845 MetadataMediator.cpp:47] MetadataMediator::createDataset : Dataset default successfully created.
I0919 08:46:04.049494 1856845 AttributesManagerBase.h:283] AttributesManager<T>::createFromJsonOrDefaultInternal  (Physics Manager) : Proposing JSON name : ./data/default.physics_config.json from original name : ./data/default.physics_config.json | This file  does not exist.
I0919 08:46:04.049505 1856845 PhysicsAttributesManager.cpp:27] File (./data/default.physics_config.json) not found, so new default physics manager attributes created and registered.
I0919 08:46:04.049515 1856845 AbstractObjectAttributesManagerBase.h:175] AbstractObjectAttributesManager<T>::createObject  (Stage) : Making attributes with handle : /mnt/data_nas/deeprobotics/daiyang/vla/third_party/ETP-R1/data/scene_datasets/mp3d/82sE5b5pLXE/82sE5b5pLXE.glb
I0919 08:46:04.049518 1856845 ManagedContainerBase.cpp:19] ManagedContainerBase::convertFilenameToJSON : Filename : /mnt/data_nas/deeprobotics/daiyang/vla/third_party/ETP-R1/data/scene_datasets/mp3d/82sE5b5pLXE/82sE5b5pLXE.glb changed to proposed JSON configuration filename : /mnt/data_nas/deeprobotics/daiyang/vla/third_party/ETP-R1/data/scene_datasets/mp3d/82sE5b5pLXE/82sE5b5pLXE.stage_config.json
I0919 08:46:04.049530 1856845 AttributesManagerBase.h:283] AttributesManager<T>::createFromJsonOrDefaultInternal  (Stage) : Proposing JSON name : /mnt/data_nas/deeprobotics/daiyang/vla/third_party/ETP-R1/data/scene_datasets/mp3d/82sE5b5pLXE/82sE5b5pLXE.stage_config.json from original name : /mnt/data_nas/deeprobotics/daiyang/vla/third_party/ETP-R1/data/scene_datasets/mp3d/82sE5b5pLXE/82sE5b5pLXE.glb | This file  does not exist.
I0919 08:46:04.049576 1856845 AbstractObjectAttributesManagerBase.h:181] AbstractObjectAttributesManager<T>::createObject  (Stage) : Done making attributes with handle : /mnt/data_nas/deeprobotics/daiyang/vla/third_party/ETP-R1/data/scene_datasets/mp3d/82sE5b5pLXE/82sE5b5pLXE.glb
I0919 08:46:04.049578 1856845 AbstractObjectAttributesManagerBase.h:188] File (/mnt/data_nas/deeprobotics/daiyang/vla/third_party/ETP-R1/data/scene_datasets/mp3d/82sE5b5pLXE/82sE5b5pLXE.glb) exists but is not a recognized config filename extension, so new default Stage attributes created and registered.
I0919 08:46:04.049583 1856845 Simulator.cpp:156] Loading navmesh from /mnt/data_nas/deeprobotics/daiyang/vla/third_party/ETP-R1/data/scene_datasets/mp3d/82sE5b5pLXE/82sE5b5pLXE.navmesh
I0919 08:46:04.050369 1856845 Simulator.cpp:158] Loaded.
I0919 08:46:04.050379 1856845 SceneGraph.h:93] Created DrawableGroup: 
Renderer: NVIDIA GeForce RTX 5090/PCIe/SSE2 by NVIDIA Corporation
OpenGL version: 4.6.0 NVIDIA 580.126.09
Using optional features:
    GL_ARB_ES2_compatibility
    GL_ARB_direct_state_access
    GL_ARB_get_texture_sub_image
    GL_ARB_invalidate_subdata
    GL_ARB_multi_bind
    GL_ARB_robustness
    GL_ARB_separate_shader_objects
    GL_ARB_texture_filter_anisotropic
    GL_ARB_texture_storage
    GL_ARB_texture_storage_multisample
    GL_ARB_vertex_array_object
    GL_KHR_debug
Using driver workarounds:
    no-forward-compatible-core-context
    nv-egl-incorrect-gl11-function-pointers
    no-layout-qualifiers-on-old-glsl
    nv-zero-context-profile-mask
    nv-implementation-color-read-format-dsa-broken
    nv-cubemap-inconsistent-compressed-image-size
    nv-cubemap-broken-full-compressed-image-query
    nv-compressed-block-size-in-bits
I0919 08:46:04.054092 1856845 ResourceManager.cpp:234] ResourceManager::loadStage : Not loading semantic mesh
I0919 08:46:04.054100 1856845 ResourceManager.cpp:262] ResourceManager::loadStage : start load render asset /mnt/data_nas/deeprobotics/daiyang/vla/third_party/ETP-R1/data/scene_datasets/mp3d/82sE5b5pLXE/82sE5b5pLXE.glb.
I0919 08:46:04.054103 1856845 ResourceManager.cpp:569] ResourceManager::loadStageInternal : Attempting to load stage /mnt/data_nas/deeprobotics/daiyang/vla/third_party/ETP-R1/data/scene_datasets/mp3d/82sE5b5pLXE/82sE5b5pLXE.glb 
I0919 08:46:04.054118 1856845 ResourceManager.cpp:1119] Importing Basis files as BC7 for 82sE5b5pLXE.glb
W0919 08:46:06.072842 1856845 Simulator.cpp:248] :
---
 The active scene does not contain semantic annotations. 
---
I0919 08:46:06.108556 1856845 simulator.py:213] Loaded navmesh /mnt/data_nas/deeprobotics/daiyang/vla/third_party/ETP-R1/data/scene_datasets/mp3d/82sE5b5pLXE/82sE5b5pLXE.navmesh
I0919 08:47:33.936695 1856845 PhysicsManager.cpp:33] Deconstructing PhysicsManager
I0919 08:47:33.936769 1856845 SemanticScene.h:41] Deconstructing SemanticScene
I0919 08:47:33.939724 1856845 SceneManager.h:25] Deconstructing SceneManager
I0919 08:47:33.939739 1856845 SceneGraph.h:26] Deconstructing SceneGraph
I0919 08:47:33.940182 1856845 Sensor.h:87] Deconstructing Sensor
I0919 08:47:33.945683 1856845 Renderer.cpp:34] Deconstructing Renderer
I0919 08:47:33.945724 1856845 WindowlessContext.h:17] Deconstructing WindowlessContext
I0919 08:47:33.954527 1856845 ManagedContainerBase.cpp:19] ManagedContainerBase::convertFilenameToJSON : Filename : default changed to proposed JSON configuration filename : default.scene_dataset_config.json
I0919 08:47:33.954550 1856845 AttributesManagerBase.h:283] AttributesManager<T>::createFromJsonOrDefaultInternal  (Dataset) : Proposing JSON name : default.scene_dataset_config.json from original name : default | This file  does not exist.
I0919 08:47:33.955545 1856845 AssetAttributesManager.cpp:117] Asset attributes (capsule3DSolid : capsule3DSolid_hemiRings_4_cylRings_1_segments_12_halfLen_0.75_useTexCoords_false_useTangents_false) created and registered.
I0919 08:47:33.955600 1856845 AssetAttributesManager.cpp:117] Asset attributes (capsule3DWireframe : capsule3DWireframe_hemiRings_8_cylRings_1_segments_16_halfLen_1) created and registered.
I0919 08:47:33.955646 1856845 AssetAttributesManager.cpp:117] Asset attributes (coneSolid : coneSolid_segments_12_halfLen_1.25_rings_1_useTexCoords_false_useTangents_false_capEnd_true) created and registered.
I0919 08:47:33.955667 1856845 AssetAttributesManager.cpp:117] Asset attributes (coneWireframe : coneWireframe_segments_32_halfLen_1.25) created and registered.
I0919 08:47:33.955680 1856845 AssetAttributesManager.cpp:117] Asset attributes (cubeSolid : cubeSolid) created and registered.
I0919 08:47:33.955689 1856845 AssetAttributesManager.cpp:117] Asset attributes (cubeWireframe : cubeWireframe) created and registered.
I0919 08:47:33.955729 1856845 AssetAttributesManager.cpp:117] Asset attributes (cylinderSolid : cylinderSolid_rings_1_segments_12_halfLen_1_useTexCoords_false_useTangents_false_capEnds_true) created and registered.
I0919 08:47:33.955765 1856845 AssetAttributesManager.cpp:117] Asset attributes (cylinderWireframe : cylinderWireframe_rings_1_segments_32_halfLen_1) created and registered.
I0919 08:47:33.955785 1856845 AssetAttributesManager.cpp:117] Asset attributes (icosphereSolid : icosphereSolid_subdivs_1) created and registered.
I0919 08:47:33.955803 1856845 AssetAttributesManager.cpp:117] Asset attributes (icosphereWireframe : icosphereWireframe_subdivs_1) created and registered.
I0919 08:47:33.955830 1856845 AssetAttributesManager.cpp:117] Asset attributes (uvSphereSolid : uvSphereSolid_rings_8_segments_16_useTexCoords_false_useTangents_false) created and registered.
I0919 08:47:33.955850 1856845 AssetAttributesManager.cpp:117] Asset attributes (uvSphereWireframe : uvSphereWireframe_rings_16_segments_32) created and registered.
I0919 08:47:33.955858 1856845 AssetAttributesManager.cpp:105] AssetAttributesManager::buildCtorFuncPtrMaps : Built default primitive asset templates : 12
I0919 08:47:33.956555 1856845 SceneDatasetAttributesManager.cpp:23] File (default) not found, so new default dataset attributes created and registered.
I0919 08:47:33.956564 1856845 MetadataMediator.cpp:47] MetadataMediator::createDataset : Dataset default successfully created.
I0919 08:47:33.957772 1856845 AttributesManagerBase.h:283] AttributesManager<T>::createFromJsonOrDefaultInternal  (Physics Manager) : Proposing JSON name : ./data/default.physics_config.json from original name : ./data/default.physics_config.json | This file  does not exist.
I0919 08:47:33.957803 1856845 PhysicsAttributesManager.cpp:27] File (./data/default.physics_config.json) not found, so new default physics manager attributes created and registered.
I0919 08:47:33.957809 1856845 AbstractObjectAttributesManagerBase.h:175] AbstractObjectAttributesManager<T>::createObject  (Stage) : Making attributes with handle : /mnt/data_nas/deeprobotics/daiyang/vla/third_party/ETP-R1/data/scene_datasets/mp3d/B6ByNegPMKs/B6ByNegPMKs.glb
I0919 08:47:33.957818 1856845 ManagedContainerBase.cpp:19] ManagedContainerBase::convertFilenameToJSON : Filename : /mnt/data_nas/deeprobotics/daiyang/vla/third_party/ETP-R1/data/scene_datasets/mp3d/B6ByNegPMKs/B6ByNegPMKs.glb changed to proposed JSON configuration filename : /mnt/data_nas/deeprobotics/daiyang/vla/third_party/ETP-R1/data/scene_datasets/mp3d/B6ByNegPMKs/B6ByNegPMKs.stage_config.json
I0919 08:47:33.961287 1856845 AttributesManagerBase.h:283] AttributesManager<T>::createFromJsonOrDefaultInternal  (Stage) : Proposing JSON name : /mnt/data_nas/deeprobotics/daiyang/vla/third_party/ETP-R1/data/scene_datasets/mp3d/B6ByNegPMKs/B6ByNegPMKs.stage_config.json from original name : /mnt/data_nas/deeprobotics/daiyang/vla/third_party/ETP-R1/data/scene_datasets/mp3d/B6ByNegPMKs/B6ByNegPMKs.glb | This file  does not exist.
I0919 08:47:33.961390 1856845 AbstractObjectAttributesManagerBase.h:181] AbstractObjectAttributesManager<T>::createObject  (Stage) : Done making attributes with handle : /mnt/data_nas/deeprobotics/daiyang/vla/third_party/ETP-R1/data/scene_datasets/mp3d/B6ByNegPMKs/B6ByNegPMKs.glb
I0919 08:47:33.961397 1856845 AbstractObjectAttributesManagerBase.h:188] File (/mnt/data_nas/deeprobotics/daiyang/vla/third_party/ETP-R1/data/scene_datasets/mp3d/B6ByNegPMKs/B6ByNegPMKs.glb) exists but is not a recognized config filename extension, so new default Stage attributes created and registered.
I0919 08:47:33.961409 1856845 Simulator.cpp:156] Loading navmesh from /mnt/data_nas/deeprobotics/daiyang/vla/third_party/ETP-R1/data/scene_datasets/mp3d/B6ByNegPMKs/B6ByNegPMKs.navmesh
I0919 08:47:33.964460 1856845 Simulator.cpp:158] Loaded.
I0919 08:47:33.964478 1856845 SceneGraph.h:93] Created DrawableGroup: 
Renderer: NVIDIA GeForce RTX 5090/PCIe/SSE2 by NVIDIA Corporation
OpenGL version: 4.6.0 NVIDIA 580.126.09
Using optional features:
    GL_ARB_ES2_compatibility
    GL_ARB_direct_state_access
    GL_ARB_get_texture_sub_image
    GL_ARB_invalidate_subdata
    GL_ARB_multi_bind
    GL_ARB_robustness
    GL_ARB_separate_shader_objects
    GL_ARB_texture_filter_anisotropic
    GL_ARB_texture_storage
    GL_ARB_texture_storage_multisample
    GL_ARB_vertex_array_object
    GL_KHR_debug
Using driver workarounds:
    no-forward-compatible-core-context
    nv-egl-incorrect-gl11-function-pointers
    no-layout-qualifiers-on-old-glsl
    nv-zero-context-profile-mask
    nv-implementation-color-read-format-dsa-broken
    nv-cubemap-inconsistent-compressed-image-size
    nv-cubemap-broken-full-compressed-image-query
    nv-compressed-block-size-in-bits
I0919 08:47:33.969939 1856845 ResourceManager.cpp:234] ResourceManager::loadStage : Not loading semantic mesh
I0919 08:47:33.969956 1856845 ResourceManager.cpp:262] ResourceManager::loadStage : start load render asset /mnt/data_nas/deeprobotics/daiyang/vla/third_party/ETP-R1/data/scene_datasets/mp3d/B6ByNegPMKs/B6ByNegPMKs.glb.
I0919 08:47:33.969961 1856845 ResourceManager.cpp:569] ResourceManager::loadStageInternal : Attempting to load stage /mnt/data_nas/deeprobotics/daiyang/vla/third_party/ETP-R1/data/scene_datasets/mp3d/B6ByNegPMKs/B6ByNegPMKs.glb 
I0919 08:47:33.969987 1856845 ResourceManager.cpp:1119] Importing Basis files as BC7 for B6ByNegPMKs.glb
W0919 08:47:43.794699 1856845 Simulator.cpp:248] :
---
 The active scene does not contain semantic annotations. 
---
I0919 08:47:43.992449 1856845 simulator.py:213] Loaded navmesh /mnt/data_nas/deeprobotics/daiyang/vla/third_party/ETP-R1/data/scene_datasets/mp3d/B6ByNegPMKs/B6ByNegPMKs.navmesh
I0919 08:50:54.854446 1856845 PhysicsManager.cpp:33] Deconstructing PhysicsManager
I0919 08:50:54.854492 1856845 SemanticScene.h:41] Deconstructing SemanticScene
I0919 08:50:54.870441 1856845 SceneManager.h:25] Deconstructing SceneManager
I0919 08:50:54.870456 1856845 SceneGraph.h:26] Deconstructing SceneGraph
I0919 08:50:54.870985 1856845 Sensor.h:87] Deconstructing Sensor
I0919 08:50:54.885200 1856845 Renderer.cpp:34] Deconstructing Renderer
I0919 08:50:54.885227 1856845 WindowlessContext.h:17] Deconstructing WindowlessContext
I0919 08:50:54.915190 1856845 ManagedContainerBase.cpp:19] ManagedContainerBase::convertFilenameToJSON : Filename : default changed to proposed JSON configuration filename : default.scene_dataset_config.json
I0919 08:50:54.915226 1856845 AttributesManagerBase.h:283] AttributesManager<T>::createFromJsonOrDefaultInternal  (Dataset) : Proposing JSON name : default.scene_dataset_config.json from original name : default | This file  does not exist.
I0919 08:50:54.915328 1856845 AssetAttributesManager.cpp:117] Asset attributes (capsule3DSolid : capsule3DSolid_hemiRings_4_cylRings_1_segments_12_halfLen_0.75_useTexCoords_false_useTangents_false) created and registered.
I0919 08:50:54.915354 1856845 AssetAttributesManager.cpp:117] Asset attributes (capsule3DWireframe : capsule3DWireframe_hemiRings_8_cylRings_1_segments_16_halfLen_1) created and registered.
I0919 08:50:54.915380 1856845 AssetAttributesManager.cpp:117] Asset attributes (coneSolid : coneSolid_segments_12_halfLen_1.25_rings_1_useTexCoords_false_useTangents_false_capEnd_true) created and registered.
I0919 08:50:54.915395 1856845 AssetAttributesManager.cpp:117] Asset attributes (coneWireframe : coneWireframe_segments_32_halfLen_1.25) created and registered.
I0919 08:50:54.915403 1856845 AssetAttributesManager.cpp:117] Asset attributes (cubeSolid : cubeSolid) created and registered.
I0919 08:50:54.915410 1856845 AssetAttributesManager.cpp:117] Asset attributes (cubeWireframe : cubeWireframe) created and registered.
I0919 08:50:54.915431 1856845 AssetAttributesManager.cpp:117] Asset attributes (cylinderSolid : cylinderSolid_rings_1_segments_12_halfLen_1_useTexCoords_false_useTangents_false_capEnds_true) created and registered.
I0919 08:50:54.915447 1856845 AssetAttributesManager.cpp:117] Asset attributes (cylinderWireframe : cylinderWireframe_rings_1_segments_32_halfLen_1) created and registered.
I0919 08:50:54.915458 1856845 AssetAttributesManager.cpp:117] Asset attributes (icosphereSolid : icosphereSolid_subdivs_1) created and registered.
I0919 08:50:54.915467 1856845 AssetAttributesManager.cpp:117] Asset attributes (icosphereWireframe : icosphereWireframe_subdivs_1) created and registered.
I0919 08:50:54.915481 1856845 AssetAttributesManager.cpp:117] Asset attributes (uvSphereSolid : uvSphereSolid_rings_8_segments_16_useTexCoords_false_useTangents_false) created and registered.
I0919 08:50:54.915495 1856845 AssetAttributesManager.cpp:117] Asset attributes (uvSphereWireframe : uvSphereWireframe_rings_16_segments_32) created and registered.
I0919 08:50:54.915501 1856845 AssetAttributesManager.cpp:105] AssetAttributesManager::buildCtorFuncPtrMaps : Built default primitive asset templates : 12
I0919 08:50:54.915907 1856845 SceneDatasetAttributesManager.cpp:23] File (default) not found, so new default dataset attributes created and registered.
I0919 08:50:54.915910 1856845 MetadataMediator.cpp:47] MetadataMediator::createDataset : Dataset default successfully created.
I0919 08:50:54.916124 1856845 AttributesManagerBase.h:283] AttributesManager<T>::createFromJsonOrDefaultInternal  (Physics Manager) : Proposing JSON name : ./data/default.physics_config.json from original name : ./data/default.physics_config.json | This file  does not exist.
I0919 08:50:54.916137 1856845 PhysicsAttributesManager.cpp:27] File (./data/default.physics_config.json) not found, so new default physics manager attributes created and registered.
I0919 08:50:54.916141 1856845 AbstractObjectAttributesManagerBase.h:175] AbstractObjectAttributesManager<T>::createObject  (Stage) : Making attributes with handle : /mnt/data_nas/deeprobotics/daiyang/vla/third_party/ETP-R1/data/scene_datasets/mp3d/aayBHfsNo7d/aayBHfsNo7d.glb
I0919 08:50:54.916145 1856845 ManagedContainerBase.cpp:19] ManagedContainerBase::convertFilenameToJSON : Filename : /mnt/data_nas/deeprobotics/daiyang/vla/third_party/ETP-R1/data/scene_datasets/mp3d/aayBHfsNo7d/aayBHfsNo7d.glb changed to proposed JSON configuration filename : /mnt/data_nas/deeprobotics/daiyang/vla/third_party/ETP-R1/data/scene_datasets/mp3d/aayBHfsNo7d/aayBHfsNo7d.stage_config.json
I0919 08:50:54.916155 1856845 AttributesManagerBase.h:283] AttributesManager<T>::createFromJsonOrDefaultInternal  (Stage) : Proposing JSON name : /mnt/data_nas/deeprobotics/daiyang/vla/third_party/ETP-R1/data/scene_datasets/mp3d/aayBHfsNo7d/aayBHfsNo7d.stage_config.json from original name : /mnt/data_nas/deeprobotics/daiyang/vla/third_party/ETP-R1/data/scene_datasets/mp3d/aayBHfsNo7d/aayBHfsNo7d.glb | This file  does not exist.
I0919 08:50:54.916210 1856845 AbstractObjectAttributesManagerBase.h:181] AbstractObjectAttributesManager<T>::createObject  (Stage) : Done making attributes with handle : /mnt/data_nas/deeprobotics/daiyang/vla/third_party/ETP-R1/data/scene_datasets/mp3d/aayBHfsNo7d/aayBHfsNo7d.glb
I0919 08:50:54.916213 1856845 AbstractObjectAttributesManagerBase.h:188] File (/mnt/data_nas/deeprobotics/daiyang/vla/third_party/ETP-R1/data/scene_datasets/mp3d/aayBHfsNo7d/aayBHfsNo7d.glb) exists but is not a recognized config filename extension, so new default Stage attributes created and registered.
I0919 08:50:54.916217 1856845 Simulator.cpp:156] Loading navmesh from /mnt/data_nas/deeprobotics/daiyang/vla/third_party/ETP-R1/data/scene_datasets/mp3d/aayBHfsNo7d/aayBHfsNo7d.navmesh
I0919 08:50:54.917281 1856845 Simulator.cpp:158] Loaded.
I0919 08:50:54.917290 1856845 SceneGraph.h:93] Created DrawableGroup: 
Renderer: NVIDIA GeForce RTX 5090/PCIe/SSE2 by NVIDIA Corporation
OpenGL version: 4.6.0 NVIDIA 580.126.09
Using optional features:
    GL_ARB_ES2_compatibility
    GL_ARB_direct_state_access
    GL_ARB_get_texture_sub_image
    GL_ARB_invalidate_subdata
    GL_ARB_multi_bind
    GL_ARB_robustness
    GL_ARB_separate_shader_objects
    GL_ARB_texture_filter_anisotropic
    GL_ARB_texture_storage
    GL_ARB_texture_storage_multisample
    GL_ARB_vertex_array_object
    GL_KHR_debug
Using driver workarounds:
    no-forward-compatible-core-context
    nv-egl-incorrect-gl11-function-pointers
    no-layout-qualifiers-on-old-glsl
    nv-zero-context-profile-mask
    nv-implementation-color-read-format-dsa-broken
    nv-cubemap-inconsistent-compressed-image-size
    nv-cubemap-broken-full-compressed-image-query
    nv-compressed-block-size-in-bits
I0919 08:50:54.921090 1856845 ResourceManager.cpp:234] ResourceManager::loadStage : Not loading semantic mesh
I0919 08:50:54.921098 1856845 ResourceManager.cpp:262] ResourceManager::loadStage : start load render asset /mnt/data_nas/deeprobotics/daiyang/vla/third_party/ETP-R1/data/scene_datasets/mp3d/aayBHfsNo7d/aayBHfsNo7d.glb.
I0919 08:50:54.921101 1856845 ResourceManager.cpp:569] ResourceManager::loadStageInternal : Attempting to load stage /mnt/data_nas/deeprobotics/daiyang/vla/third_party/ETP-R1/data/scene_datasets/mp3d/aayBHfsNo7d/aayBHfsNo7d.glb 
I0919 08:50:54.921118 1856845 ResourceManager.cpp:1119] Importing Basis files as BC7 for aayBHfsNo7d.glb
W0919 08:50:56.547449 1856845 Simulator.cpp:248] :
---
 The active scene does not contain semantic annotations. 
---
I0919 08:50:56.587840 1856845 simulator.py:213] Loaded navmesh /mnt/data_nas/deeprobotics/daiyang/vla/third_party/ETP-R1/data/scene_datasets/mp3d/aayBHfsNo7d/aayBHfsNo7d.navmesh
I0919 08:51:33.605501 1856845 PhysicsManager.cpp:33] Deconstructing PhysicsManager
I0919 08:51:33.605540 1856845 SemanticScene.h:41] Deconstructing SemanticScene
I0919 08:51:33.607750 1856845 SceneManager.h:25] Deconstructing SceneManager
I0919 08:51:33.607758 1856845 SceneGraph.h:26] Deconstructing SceneGraph
I0919 08:51:33.607959 1856845 Sensor.h:87] Deconstructing Sensor
I0919 08:51:33.610333 1856845 Renderer.cpp:34] Deconstructing Renderer
I0919 08:51:33.610352 1856845 WindowlessContext.h:17] Deconstructing WindowlessContext
I0919 08:51:33.616276 1856845 ManagedContainerBase.cpp:19] ManagedContainerBase::convertFilenameToJSON : Filename : default changed to proposed JSON configuration filename : default.scene_dataset_config.json
I0919 08:51:33.616291 1856845 AttributesManagerBase.h:283] AttributesManager<T>::createFromJsonOrDefaultInternal  (Dataset) : Proposing JSON name : default.scene_dataset_config.json from original name : default | This file  does not exist.
I0919 08:51:33.616657 1856845 AssetAttributesManager.cpp:117] Asset attributes (capsule3DSolid : capsule3DSolid_hemiRings_4_cylRings_1_segments_12_halfLen_0.75_useTexCoords_false_useTangents_false) created and registered.
I0919 08:51:33.616688 1856845 AssetAttributesManager.cpp:117] Asset attributes (capsule3DWireframe : capsule3DWireframe_hemiRings_8_cylRings_1_segments_16_halfLen_1) created and registered.
I0919 08:51:33.616711 1856845 AssetAttributesManager.cpp:117] Asset attributes (coneSolid : coneSolid_segments_12_halfLen_1.25_rings_1_useTexCoords_false_useTangents_false_capEnd_true) created and registered.
I0919 08:51:33.616725 1856845 AssetAttributesManager.cpp:117] Asset attributes (coneWireframe : coneWireframe_segments_32_halfLen_1.25) created and registered.
I0919 08:51:33.616734 1856845 AssetAttributesManager.cpp:117] Asset attributes (cubeSolid : cubeSolid) created and registered.
I0919 08:51:33.616740 1856845 AssetAttributesManager.cpp:117] Asset attributes (cubeWireframe : cubeWireframe) created and registered.
I0919 08:51:33.616760 1856845 AssetAttributesManager.cpp:117] Asset attributes (cylinderSolid : cylinderSolid_rings_1_segments_12_halfLen_1_useTexCoords_false_useTangents_false_capEnds_true) created and registered.
I0919 08:51:33.616777 1856845 AssetAttributesManager.cpp:117] Asset attributes (cylinderWireframe : cylinderWireframe_rings_1_segments_32_halfLen_1) created and registered.
I0919 08:51:33.616787 1856845 AssetAttributesManager.cpp:117] Asset attributes (icosphereSolid : icosphereSolid_subdivs_1) created and registered.
I0919 08:51:33.616796 1856845 AssetAttributesManager.cpp:117] Asset attributes (icosphereWireframe : icosphereWireframe_subdivs_1) created and registered.
I0919 08:51:33.616811 1856845 AssetAttributesManager.cpp:117] Asset attributes (uvSphereSolid : uvSphereSolid_rings_8_segments_16_useTexCoords_false_useTangents_false) created and registered.
I0919 08:51:33.616823 1856845 AssetAttributesManager.cpp:117] Asset attributes (uvSphereWireframe : uvSphereWireframe_rings_16_segments_32) created and registered.
I0919 08:51:33.616829 1856845 AssetAttributesManager.cpp:105] AssetAttributesManager::buildCtorFuncPtrMaps : Built default primitive asset templates : 12
I0919 08:51:33.617224 1856845 SceneDatasetAttributesManager.cpp:23] File (default) not found, so new default dataset attributes created and registered.
I0919 08:51:33.617226 1856845 MetadataMediator.cpp:47] MetadataMediator::createDataset : Dataset default successfully created.
I0919 08:51:33.617416 1856845 AttributesManagerBase.h:283] AttributesManager<T>::createFromJsonOrDefaultInternal  (Physics Manager) : Proposing JSON name : ./data/default.physics_config.json from original name : ./data/default.physics_config.json | This file  does not exist.
I0919 08:51:33.617427 1856845 PhysicsAttributesManager.cpp:27] File (./data/default.physics_config.json) not found, so new default physics manager attributes created and registered.
I0919 08:51:33.617430 1856845 AbstractObjectAttributesManagerBase.h:175] AbstractObjectAttributesManager<T>::createObject  (Stage) : Making attributes with handle : /mnt/data_nas/deeprobotics/daiyang/vla/third_party/ETP-R1/data/scene_datasets/mp3d/82sE5b5pLXE/82sE5b5pLXE.glb
I0919 08:51:33.617435 1856845 ManagedContainerBase.cpp:19] ManagedContainerBase::convertFilenameToJSON : Filename : /mnt/data_nas/deeprobotics/daiyang/vla/third_party/ETP-R1/data/scene_datasets/mp3d/82sE5b5pLXE/82sE5b5pLXE.glb changed to proposed JSON configuration filename : /mnt/data_nas/deeprobotics/daiyang/vla/third_party/ETP-R1/data/scene_datasets/mp3d/82sE5b5pLXE/82sE5b5pLXE.stage_config.json
I0919 08:51:33.617445 1856845 AttributesManagerBase.h:283] AttributesManager<T>::createFromJsonOrDefaultInternal  (Stage) : Proposing JSON name : /mnt/data_nas/deeprobotics/daiyang/vla/third_party/ETP-R1/data/scene_datasets/mp3d/82sE5b5pLXE/82sE5b5pLXE.stage_config.json from original name : /mnt/data_nas/deeprobotics/daiyang/vla/third_party/ETP-R1/data/scene_datasets/mp3d/82sE5b5pLXE/82sE5b5pLXE.glb | This file  does not exist.
I0919 08:51:33.617492 1856845 AbstractObjectAttributesManagerBase.h:181] AbstractObjectAttributesManager<T>::createObject  (Stage) : Done making attributes with handle : /mnt/data_nas/deeprobotics/daiyang/vla/third_party/ETP-R1/data/scene_datasets/mp3d/82sE5b5pLXE/82sE5b5pLXE.glb
I0919 08:51:33.617496 1856845 AbstractObjectAttributesManagerBase.h:188] File (/mnt/data_nas/deeprobotics/daiyang/vla/third_party/ETP-R1/data/scene_datasets/mp3d/82sE5b5pLXE/82sE5b5pLXE.glb) exists but is not a recognized config filename extension, so new default Stage attributes created and registered.
I0919 08:51:33.617501 1856845 Simulator.cpp:156] Loading navmesh from /mnt/data_nas/deeprobotics/daiyang/vla/third_party/ETP-R1/data/scene_datasets/mp3d/82sE5b5pLXE/82sE5b5pLXE.navmesh
I0919 08:51:33.618947 1856845 Simulator.cpp:158] Loaded.
I0919 08:51:33.618953 1856845 SceneGraph.h:93] Created DrawableGroup: 
Renderer: NVIDIA GeForce RTX 5090/PCIe/SSE2 by NVIDIA Corporation
OpenGL version: 4.6.0 NVIDIA 580.126.09
Using optional features:
    GL_ARB_ES2_compatibility
    GL_ARB_direct_state_access
    GL_ARB_get_texture_sub_image
    GL_ARB_invalidate_subdata
    GL_ARB_multi_bind
    GL_ARB_robustness
    GL_ARB_separate_shader_objects
    GL_ARB_texture_filter_anisotropic
    GL_ARB_texture_storage
    GL_ARB_texture_storage_multisample
    GL_ARB_vertex_array_object
    GL_KHR_debug
Using driver workarounds:
    no-forward-compatible-core-context
    nv-egl-incorrect-gl11-function-pointers
    no-layout-qualifiers-on-old-glsl
    nv-zero-context-profile-mask
    nv-implementation-color-read-format-dsa-broken
    nv-cubemap-inconsistent-compressed-image-size
    nv-cubemap-broken-full-compressed-image-query
    nv-compressed-block-size-in-bits
I0919 08:51:33.622476 1856845 ResourceManager.cpp:234] ResourceManager::loadStage : Not loading semantic mesh
I0919 08:51:33.622484 1856845 ResourceManager.cpp:262] ResourceManager::loadStage : start load render asset /mnt/data_nas/deeprobotics/daiyang/vla/third_party/ETP-R1/data/scene_datasets/mp3d/82sE5b5pLXE/82sE5b5pLXE.glb.
I0919 08:51:33.622488 1856845 ResourceManager.cpp:569] ResourceManager::loadStageInternal : Attempting to load stage /mnt/data_nas/deeprobotics/daiyang/vla/third_party/ETP-R1/data/scene_datasets/mp3d/82sE5b5pLXE/82sE5b5pLXE.glb 
I0919 08:51:33.622501 1856845 ResourceManager.cpp:1119] Importing Basis files as BC7 for 82sE5b5pLXE.glb
W0919 08:51:35.620795 1856845 Simulator.cpp:248] :
---
 The active scene does not contain semantic annotations. 
---
I0919 08:51:35.656867 1856845 simulator.py:213] Loaded navmesh /mnt/data_nas/deeprobotics/daiyang/vla/third_party/ETP-R1/data/scene_datasets/mp3d/82sE5b5pLXE/82sE5b5pLXE.navmesh
I0919 08:52:47.057971 1856845 PhysicsManager.cpp:33] Deconstructing PhysicsManager
I0919 08:52:47.058015 1856845 SemanticScene.h:41] Deconstructing SemanticScene
I0919 08:52:47.059605 1856845 SceneManager.h:25] Deconstructing SceneManager
I0919 08:52:47.059613 1856845 SceneGraph.h:26] Deconstructing SceneGraph
I0919 08:52:47.059875 1856845 Sensor.h:87] Deconstructing Sensor
I0919 08:52:47.063279 1856845 Renderer.cpp:34] Deconstructing Renderer
I0919 08:52:47.063301 1856845 WindowlessContext.h:17] Deconstructing WindowlessContext
I0919 08:52:47.068176 1856845 ManagedContainerBase.cpp:19] ManagedContainerBase::convertFilenameToJSON : Filename : default changed to proposed JSON configuration filename : default.scene_dataset_config.json
I0919 08:52:47.068192 1856845 AttributesManagerBase.h:283] AttributesManager<T>::createFromJsonOrDefaultInternal  (Dataset) : Proposing JSON name : default.scene_dataset_config.json from original name : default | This file  does not exist.
I0919 08:52:47.068722 1856845 AssetAttributesManager.cpp:117] Asset attributes (capsule3DSolid : capsule3DSolid_hemiRings_4_cylRings_1_segments_12_halfLen_0.75_useTexCoords_false_useTangents_false) created and registered.
I0919 08:52:47.068749 1856845 AssetAttributesManager.cpp:117] Asset attributes (capsule3DWireframe : capsule3DWireframe_hemiRings_8_cylRings_1_segments_16_halfLen_1) created and registered.
I0919 08:52:47.068773 1856845 AssetAttributesManager.cpp:117] Asset attributes (coneSolid : coneSolid_segments_12_halfLen_1.25_rings_1_useTexCoords_false_useTangents_false_capEnd_true) created and registered.
I0919 08:52:47.068792 1856845 AssetAttributesManager.cpp:117] Asset attributes (coneWireframe : coneWireframe_segments_32_halfLen_1.25) created and registered.
I0919 08:52:47.068800 1856845 AssetAttributesManager.cpp:117] Asset attributes (cubeSolid : cubeSolid) created and registered.
I0919 08:52:47.068806 1856845 AssetAttributesManager.cpp:117] Asset attributes (cubeWireframe : cubeWireframe) created and registered.
I0919 08:52:47.068825 1856845 AssetAttributesManager.cpp:117] Asset attributes (cylinderSolid : cylinderSolid_rings_1_segments_12_halfLen_1_useTexCoords_false_useTangents_false_capEnds_true) created and registered.
I0919 08:52:47.068843 1856845 AssetAttributesManager.cpp:117] Asset attributes (cylinderWireframe : cylinderWireframe_rings_1_segments_32_halfLen_1) created and registered.
I0919 08:52:47.068853 1856845 AssetAttributesManager.cpp:117] Asset attributes (icosphereSolid : icosphereSolid_subdivs_1) created and registered.
I0919 08:52:47.068861 1856845 AssetAttributesManager.cpp:117] Asset attributes (icosphereWireframe : icosphereWireframe_subdivs_1) created and registered.
I0919 08:52:47.068876 1856845 AssetAttributesManager.cpp:117] Asset attributes (uvSphereSolid : uvSphereSolid_rings_8_segments_16_useTexCoords_false_useTangents_false) created and registered.
I0919 08:52:47.068887 1856845 AssetAttributesManager.cpp:117] Asset attributes (uvSphereWireframe : uvSphereWireframe_rings_16_segments_32) created and registered.
I0919 08:52:47.068893 1856845 AssetAttributesManager.cpp:105] AssetAttributesManager::buildCtorFuncPtrMaps : Built default primitive asset templates : 12
I0919 08:52:47.069303 1856845 SceneDatasetAttributesManager.cpp:23] File (default) not found, so new default dataset attributes created and registered.
I0919 08:52:47.069305 1856845 MetadataMediator.cpp:47] MetadataMediator::createDataset : Dataset default successfully created.
I0919 08:52:47.069481 1856845 AttributesManagerBase.h:283] AttributesManager<T>::createFromJsonOrDefaultInternal  (Physics Manager) : Proposing JSON name : ./data/default.physics_config.json from original name : ./data/default.physics_config.json | This file  does not exist.
I0919 08:52:47.069492 1856845 PhysicsAttributesManager.cpp:27] File (./data/default.physics_config.json) not found, so new default physics manager attributes created and registered.
I0919 08:52:47.069495 1856845 AbstractObjectAttributesManagerBase.h:175] AbstractObjectAttributesManager<T>::createObject  (Stage) : Making attributes with handle : /mnt/data_nas/deeprobotics/daiyang/vla/third_party/ETP-R1/data/scene_datasets/mp3d/B6ByNegPMKs/B6ByNegPMKs.glb
I0919 08:52:47.069499 1856845 ManagedContainerBase.cpp:19] ManagedContainerBase::convertFilenameToJSON : Filename : /mnt/data_nas/deeprobotics/daiyang/vla/third_party/ETP-R1/data/scene_datasets/mp3d/B6ByNegPMKs/B6ByNegPMKs.glb changed to proposed JSON configuration filename : /mnt/data_nas/deeprobotics/daiyang/vla/third_party/ETP-R1/data/scene_datasets/mp3d/B6ByNegPMKs/B6ByNegPMKs.stage_config.json
I0919 08:52:47.069509 1856845 AttributesManagerBase.h:283] AttributesManager<T>::createFromJsonOrDefaultInternal  (Stage) : Proposing JSON name : /mnt/data_nas/deeprobotics/daiyang/vla/third_party/ETP-R1/data/scene_datasets/mp3d/B6ByNegPMKs/B6ByNegPMKs.stage_config.json from original name : /mnt/data_nas/deeprobotics/daiyang/vla/third_party/ETP-R1/data/scene_datasets/mp3d/B6ByNegPMKs/B6ByNegPMKs.glb | This file  does not exist.
I0919 08:52:47.069556 1856845 AbstractObjectAttributesManagerBase.h:181] AbstractObjectAttributesManager<T>::createObject  (Stage) : Done making attributes with handle : /mnt/data_nas/deeprobotics/daiyang/vla/third_party/ETP-R1/data/scene_datasets/mp3d/B6ByNegPMKs/B6ByNegPMKs.glb
I0919 08:52:47.069558 1856845 AbstractObjectAttributesManagerBase.h:188] File (/mnt/data_nas/deeprobotics/daiyang/vla/third_party/ETP-R1/data/scene_datasets/mp3d/B6ByNegPMKs/B6ByNegPMKs.glb) exists but is not a recognized config filename extension, so new default Stage attributes created and registered.
I0919 08:52:47.069566 1856845 Simulator.cpp:156] Loading navmesh from /mnt/data_nas/deeprobotics/daiyang/vla/third_party/ETP-R1/data/scene_datasets/mp3d/B6ByNegPMKs/B6ByNegPMKs.navmesh
I0919 08:52:47.070752 1856845 Simulator.cpp:158] Loaded.
I0919 08:52:47.070760 1856845 SceneGraph.h:93] Created DrawableGroup: 
Renderer: NVIDIA GeForce RTX 5090/PCIe/SSE2 by NVIDIA Corporation
OpenGL version: 4.6.0 NVIDIA 580.126.09
Using optional features:
    GL_ARB_ES2_compatibility
    GL_ARB_direct_state_access
    GL_ARB_get_texture_sub_image
    GL_ARB_invalidate_subdata
    GL_ARB_multi_bind
    GL_ARB_robustness
    GL_ARB_separate_shader_objects
    GL_ARB_texture_filter_anisotropic
    GL_ARB_texture_storage
    GL_ARB_texture_storage_multisample
    GL_ARB_vertex_array_object
    GL_KHR_debug
Using driver workarounds:
    no-forward-compatible-core-context
    nv-egl-incorrect-gl11-function-pointers
    no-layout-qualifiers-on-old-glsl
    nv-zero-context-profile-mask
    nv-implementation-color-read-format-dsa-broken
    nv-cubemap-inconsistent-compressed-image-size
    nv-cubemap-broken-full-compressed-image-query
    nv-compressed-block-size-in-bits
I0919 08:52:47.074741 1856845 ResourceManager.cpp:234] ResourceManager::loadStage : Not loading semantic mesh
I0919 08:52:47.074749 1856845 ResourceManager.cpp:262] ResourceManager::loadStage : start load render asset /mnt/data_nas/deeprobotics/daiyang/vla/third_party/ETP-R1/data/scene_datasets/mp3d/B6ByNegPMKs/B6ByNegPMKs.glb.
I0919 08:52:47.074751 1856845 ResourceManager.cpp:569] ResourceManager::loadStageInternal : Attempting to load stage /mnt/data_nas/deeprobotics/daiyang/vla/third_party/ETP-R1/data/scene_datasets/mp3d/B6ByNegPMKs/B6ByNegPMKs.glb 
I0919 08:52:47.074767 1856845 ResourceManager.cpp:1119] Importing Basis files as BC7 for B6ByNegPMKs.glb
W0919 08:52:56.575520 1856845 Simulator.cpp:248] :
---
 The active scene does not contain semantic annotations. 
---
I0919 08:52:56.770812 1856845 simulator.py:213] Loaded navmesh /mnt/data_nas/deeprobotics/daiyang/vla/third_party/ETP-R1/data/scene_datasets/mp3d/B6ByNegPMKs/B6ByNegPMKs.navmesh
I0919 08:54:03.457077 1856845 PhysicsManager.cpp:33] Deconstructing PhysicsManager
I0919 08:54:03.457113 1856845 SemanticScene.h:41] Deconstructing SemanticScene
I0919 08:54:03.471947 1856845 SceneManager.h:25] Deconstructing SceneManager
I0919 08:54:03.471963 1856845 SceneGraph.h:26] Deconstructing SceneGraph
I0919 08:54:03.472447 1856845 Sensor.h:87] Deconstructing Sensor
I0919 08:54:03.484185 1856845 Renderer.cpp:34] Deconstructing Renderer
I0919 08:54:03.484215 1856845 WindowlessContext.h:17] Deconstructing WindowlessContext
I0919 08:54:03.500783 1856845 ManagedContainerBase.cpp:19] ManagedContainerBase::convertFilenameToJSON : Filename : default changed to proposed JSON configuration filename : default.scene_dataset_config.json
I0919 08:54:03.500805 1856845 AttributesManagerBase.h:283] AttributesManager<T>::createFromJsonOrDefaultInternal  (Dataset) : Proposing JSON name : default.scene_dataset_config.json from original name : default | This file  does not exist.
I0919 08:54:03.500957 1856845 AssetAttributesManager.cpp:117] Asset attributes (capsule3DSolid : capsule3DSolid_hemiRings_4_cylRings_1_segments_12_halfLen_0.75_useTexCoords_false_useTangents_false) created and registered.
I0919 08:54:03.500986 1856845 AssetAttributesManager.cpp:117] Asset attributes (capsule3DWireframe : capsule3DWireframe_hemiRings_8_cylRings_1_segments_16_halfLen_1) created and registered.
I0919 08:54:03.501010 1856845 AssetAttributesManager.cpp:117] Asset attributes (coneSolid : coneSolid_segments_12_halfLen_1.25_rings_1_useTexCoords_false_useTangents_false_capEnd_true) created and registered.
I0919 08:54:03.501025 1856845 AssetAttributesManager.cpp:117] Asset attributes (coneWireframe : coneWireframe_segments_32_halfLen_1.25) created and registered.
I0919 08:54:03.501034 1856845 AssetAttributesManager.cpp:117] Asset attributes (cubeSolid : cubeSolid) created and registered.
I0919 08:54:03.501040 1856845 AssetAttributesManager.cpp:117] Asset attributes (cubeWireframe : cubeWireframe) created and registered.
I0919 08:54:03.501070 1856845 AssetAttributesManager.cpp:117] Asset attributes (cylinderSolid : cylinderSolid_rings_1_segments_12_halfLen_1_useTexCoords_false_useTangents_false_capEnds_true) created and registered.
I0919 08:54:03.501086 1856845 AssetAttributesManager.cpp:117] Asset attributes (cylinderWireframe : cylinderWireframe_rings_1_segments_32_halfLen_1) created and registered.
I0919 08:54:03.501096 1856845 AssetAttributesManager.cpp:117] Asset attributes (icosphereSolid : icosphereSolid_subdivs_1) created and registered.
I0919 08:54:03.501106 1856845 AssetAttributesManager.cpp:117] Asset attributes (icosphereWireframe : icosphereWireframe_subdivs_1) created and registered.
I0919 08:54:03.501119 1856845 AssetAttributesManager.cpp:117] Asset attributes (uvSphereSolid : uvSphereSolid_rings_8_segments_16_useTexCoords_false_useTangents_false) created and registered.
I0919 08:54:03.501132 1856845 AssetAttributesManager.cpp:117] Asset attributes (uvSphereWireframe : uvSphereWireframe_rings_16_segments_32) created and registered.
I0919 08:54:03.501138 1856845 AssetAttributesManager.cpp:105] AssetAttributesManager::buildCtorFuncPtrMaps : Built default primitive asset templates : 12
I0919 08:54:03.501547 1856845 SceneDatasetAttributesManager.cpp:23] File (default) not found, so new default dataset attributes created and registered.
I0919 08:54:03.501549 1856845 MetadataMediator.cpp:47] MetadataMediator::createDataset : Dataset default successfully created.
I0919 08:54:03.501753 1856845 AttributesManagerBase.h:283] AttributesManager<T>::createFromJsonOrDefaultInternal  (Physics Manager) : Proposing JSON name : ./data/default.physics_config.json from original name : ./data/default.physics_config.json | This file  does not exist.
I0919 08:54:03.501765 1856845 PhysicsAttributesManager.cpp:27] File (./data/default.physics_config.json) not found, so new default physics manager attributes created and registered.
I0919 08:54:03.501768 1856845 AbstractObjectAttributesManagerBase.h:175] AbstractObjectAttributesManager<T>::createObject  (Stage) : Making attributes with handle : /mnt/data_nas/deeprobotics/daiyang/vla/third_party/ETP-R1/data/scene_datasets/mp3d/aayBHfsNo7d/aayBHfsNo7d.glb
I0919 08:54:03.501773 1856845 ManagedContainerBase.cpp:19] ManagedContainerBase::convertFilenameToJSON : Filename : /mnt/data_nas/deeprobotics/daiyang/vla/third_party/ETP-R1/data/scene_datasets/mp3d/aayBHfsNo7d/aayBHfsNo7d.glb changed to proposed JSON configuration filename : /mnt/data_nas/deeprobotics/daiyang/vla/third_party/ETP-R1/data/scene_datasets/mp3d/aayBHfsNo7d/aayBHfsNo7d.stage_config.json
I0919 08:54:03.501784 1856845 AttributesManagerBase.h:283] AttributesManager<T>::createFromJsonOrDefaultInternal  (Stage) : Proposing JSON name : /mnt/data_nas/deeprobotics/daiyang/vla/third_party/ETP-R1/data/scene_datasets/mp3d/aayBHfsNo7d/aayBHfsNo7d.stage_config.json from original name : /mnt/data_nas/deeprobotics/daiyang/vla/third_party/ETP-R1/data/scene_datasets/mp3d/aayBHfsNo7d/aayBHfsNo7d.glb | This file  does not exist.
I0919 08:54:03.501833 1856845 AbstractObjectAttributesManagerBase.h:181] AbstractObjectAttributesManager<T>::createObject  (Stage) : Done making attributes with handle : /mnt/data_nas/deeprobotics/daiyang/vla/third_party/ETP-R1/data/scene_datasets/mp3d/aayBHfsNo7d/aayBHfsNo7d.glb
I0919 08:54:03.501835 1856845 AbstractObjectAttributesManagerBase.h:188] File (/mnt/data_nas/deeprobotics/daiyang/vla/third_party/ETP-R1/data/scene_datasets/mp3d/aayBHfsNo7d/aayBHfsNo7d.glb) exists but is not a recognized config filename extension, so new default Stage attributes created and registered.
I0919 08:54:03.501840 1856845 Simulator.cpp:156] Loading navmesh from /mnt/data_nas/deeprobotics/daiyang/vla/third_party/ETP-R1/data/scene_datasets/mp3d/aayBHfsNo7d/aayBHfsNo7d.navmesh
I0919 08:54:03.502998 1856845 Simulator.cpp:158] Loaded.
I0919 08:54:03.503007 1856845 SceneGraph.h:93] Created DrawableGroup: 
Renderer: NVIDIA GeForce RTX 5090/PCIe/SSE2 by NVIDIA Corporation
OpenGL version: 4.6.0 NVIDIA 580.126.09
Using optional features:
    GL_ARB_ES2_compatibility
    GL_ARB_direct_state_access
    GL_ARB_get_texture_sub_image
    GL_ARB_invalidate_subdata
    GL_ARB_multi_bind
    GL_ARB_robustness
    GL_ARB_separate_shader_objects
    GL_ARB_texture_filter_anisotropic
    GL_ARB_texture_storage
    GL_ARB_texture_storage_multisample
    GL_ARB_vertex_array_object
    GL_KHR_debug
Using driver workarounds:
    no-forward-compatible-core-context
    nv-egl-incorrect-gl11-function-pointers
    no-layout-qualifiers-on-old-glsl
    nv-zero-context-profile-mask
    nv-implementation-color-read-format-dsa-broken
    nv-cubemap-inconsistent-compressed-image-size
    nv-cubemap-broken-full-compressed-image-query
    nv-compressed-block-size-in-bits
I0919 08:54:03.506819 1856845 ResourceManager.cpp:234] ResourceManager::loadStage : Not loading semantic mesh
I0919 08:54:03.506827 1856845 ResourceManager.cpp:262] ResourceManager::loadStage : start load render asset /mnt/data_nas/deeprobotics/daiyang/vla/third_party/ETP-R1/data/scene_datasets/mp3d/aayBHfsNo7d/aayBHfsNo7d.glb.
I0919 08:54:03.506830 1856845 ResourceManager.cpp:569] ResourceManager::loadStageInternal : Attempting to load stage /mnt/data_nas/deeprobotics/daiyang/vla/third_party/ETP-R1/data/scene_datasets/mp3d/aayBHfsNo7d/aayBHfsNo7d.glb 
I0919 08:54:03.506847 1856845 ResourceManager.cpp:1119] Importing Basis files as BC7 for aayBHfsNo7d.glb
W0919 08:54:05.037374 1856845 Simulator.cpp:248] :
---
 The active scene does not contain semantic annotations. 
---
I0919 08:54:05.077455 1856845 simulator.py:213] Loaded navmesh /mnt/data_nas/deeprobotics/daiyang/vla/third_party/ETP-R1/data/scene_datasets/mp3d/aayBHfsNo7d/aayBHfsNo7d.navmesh
I0919 08:54:36.914777 1856845 PhysicsManager.cpp:33] Deconstructing PhysicsManager
I0919 08:54:36.914825 1856845 SemanticScene.h:41] Deconstructing SemanticScene
I0919 08:54:36.916954 1856845 SceneManager.h:25] Deconstructing SceneManager
I0919 08:54:36.916965 1856845 SceneGraph.h:26] Deconstructing SceneGraph
I0919 08:54:36.917162 1856845 Sensor.h:87] Deconstructing Sensor
I0919 08:54:36.919760 1856845 Renderer.cpp:34] Deconstructing Renderer
I0919 08:54:36.919780 1856845 WindowlessContext.h:17] Deconstructing WindowlessContext
I0919 08:54:37.040078 1856845 Simulator.cpp:49] Deconstructing Simulator
I0919 08:54:37.040215 1856845 Simulator.cpp:49] Deconstructing Simulator
I0919 08:54:37.040405 1856845 Simulator.cpp:49] Deconstructing Simulator
I0919 08:54:37.040604 1856845 Simulator.cpp:49] Deconstructing Simulator
I0919 08:54:37.040735 1856845 Simulator.cpp:49] Deconstructing Simulator
I0919 08:54:37.040850 1856845 Simulator.cpp:49] Deconstructing Simulator
I0919 08:54:37.040946 1856845 Simulator.cpp:49] Deconstructing Simulator
I0919 08:54:37.041087 1856845 Simulator.cpp:49] Deconstructing Simulator
I0919 08:54:37.041190 1856845 Simulator.cpp:49] Deconstructing Simulator
I0919 08:54:37.041289 1856845 Simulator.cpp:49] Deconstructing Simulator
I0919 08:54:37.041412 1856845 Simulator.cpp:49] Deconstructing Simulator
I0919 08:54:37.041527 1856845 Simulator.cpp:49] Deconstructing Simulator
I0919 08:54:37.041630 1856845 Simulator.cpp:49] Deconstructing Simulator
I0919 08:54:37.041739 1856845 Simulator.cpp:49] Deconstructing Simulator
I0919 08:54:37.041848 1856845 Simulator.cpp:49] Deconstructing Simulator
I0919 08:54:37.041952 1856845 Simulator.cpp:49] Deconstructing Simulator
I0919 08:54:37.042053 1856845 Simulator.cpp:49] Deconstructing Simulator
I0919 08:54:37.042164 1856845 Simulator.cpp:49] Deconstructing Simulator
I0919 08:54:37.042272 1856845 Simulator.cpp:49] Deconstructing Simulator
I0919 08:54:37.042376 1856845 Simulator.cpp:49] Deconstructing Simulator
I0919 08:54:37.042495 1856845 Simulator.cpp:49] Deconstructing Simulator
I0919 08:54:37.042614 1856845 Simulator.cpp:49] Deconstructing Simulator
I0919 08:54:37.042701 1856845 Simulator.cpp:49] Deconstructing Simulator
I0919 08:54:37.042809 1856845 Simulator.cpp:49] Deconstructing Simulator
I0919 08:54:37.042896 1856845 Simulator.cpp:49] Deconstructing Simulator
I0919 08:54:37.043001 1856845 Simulator.cpp:49] Deconstructing Simulator
