experiment,id,house,arm,success,spl,steps,trace_path,trace_sha256,complete_group_path
discovery_dev,18,17DRP5sb8fy,NATIVE,0.0,0.0,96,projects/qwen35_indoor_nav/research/continuation_memory_v1/strong_backbone_recovery_v1/recovery_action_v1/runs/action_001/dev/evaluation/gpu0_1790334699775305681/episodes/18/NATIVE/TRACE.jsonl,e0ccb2474b7fda0ac4406d6e6bafb8affb199b79f288dc086e985f2bb0afc56e,projects/qwen35_indoor_nav/research/continuation_memory_v1/strong_backbone_recovery_v1/recovery_action_v1/runs/action_001/dev/evaluation/gpu0_1790334699775305681/episodes/18/COMPLETE.json
discovery_dev,18,17DRP5sb8fy,CONCAT,0.0,0.0,96,projects/qwen35_indoor_nav/research/continuation_memory_v1/strong_backbone_recovery_v1/recovery_action_v1/runs/action_001/dev/evaluation/gpu0_1790334699775305681/episodes/18/CONCAT/TRACE.jsonl,10f1398627a72b7309c4683c3e775fe877eaec11095791fbfc7d557bd6317341,projects/qwen35_indoor_nav/research/continuation_memory_v1/strong_backbone_recovery_v1/recovery_action_v1/runs/action_001/dev/evaluation/gpu0_1790334699775305681/episodes/18/COMPLETE.json
discovery_dev,18,17DRP5sb8fy,EVIDENCE,0.0,0.0,104,projects/qwen35_indoor_nav/research/continuation_memory_v1/strong_backbone_recovery_v1/recovery_action_v1/runs/action_001/dev/evaluation/gpu0_1790334699775305681/episodes/18/EVIDENCE/TRACE.jsonl,852afb76f666c4b1ed2f0e18035d2b875d40765ad045b889272033f23c9e7850,projects/qwen35_indoor_nav/research/continuation_memory_v1/strong_backbone_recovery_v1/recovery_action_v1/runs/action_001/dev/evaluation/gpu0_1790334699775305681/episodes/18/COMPLETE.json
discovery_dev,33,r1Q1Z4BcV1o,NATIVE,0.0,0.0,85,projects/qwen35_indoor_nav/research/continuation_memory_v1/strong_backbone_recovery_v1/recovery_action_v1/runs/action_001/dev/evaluation/gpu0_1790334699775305681/episodes/33/NATIVE/TRACE.jsonl,590dec649c7ad8e8d48fddf2955ba4c8646ed8e476863efa59a74f30e6fe779b,projects/qwen35_indoor_nav/research/continuation_memory_v1/strong_backbone_recovery_v1/recovery_action_v1/runs/action_001/dev/evaluation/gpu0_1790334699775305681/episodes/33/COMPLETE.json
discovery_dev,33,r1Q1Z4BcV1o,EVIDENCE,0.0,0.0,88,projects/qwen35_indoor_nav/research/continuation_memory_v1/strong_backbone_recovery_v1/recovery_action_v1/runs/action_001/dev/evaluation/gpu0_1790334699775305681/episodes/33/EVIDENCE/TRACE.jsonl,e66edb6f6e62db4834920b5578effcd27ed1a78a844a627b6c61b7dc7acd4a1f,projects/qwen35_indoor_nav/research/continuation_memory_v1/strong_backbone_recovery_v1/recovery_action_v1/runs/action_001/dev/evaluation/gpu0_1790334699775305681/episodes/33/COMPLETE.json
discovery_dev,33,r1Q1Z4BcV1o,CONCAT,0.0,0.0,77,projects/qwen35_indoor_nav/research/continuation_memory_v1/strong_backbone_recovery_v1/recovery_action_v1/runs/action_001/dev/evaluation/gpu0_1790334699775305681/episodes/33/CONCAT/TRACE.jsonl,421a91a91fcb0af41645f7482d2b1c121cc758d2b669c0ccd1483f609d81bca1,projects/qwen35_indoor_nav/research/continuation_memory_v1/strong_backbone_recovery_v1/recovery_action_v1/runs/action_001/dev/evaluation/gpu0_1790334699775305681/episodes/33/COMPLETE.json
discovery_dev,34,uNb9QFRL6hY,NATIVE,0.0,0.0,73,projects/qwen35_indoor_nav/research/continuation_memory_v1/strong_backbone_recovery_v1/recovery_action_v1/runs/action_001/dev/evaluation/gpu0_1790334699775305681/episodes/34/NATIVE/TRACE.jsonl,026985bbd676ff692d612967dcafeddb58a5823082648eef7dbb403481ecd13b,projects/qwen35_indoor_nav/research/continuation_memory_v1/strong_backbone_recovery_v1/recovery_action_v1/runs/action_001/dev/evaluation/gpu0_1790334699775305681/episodes/34/COMPLETE.json
discovery_dev,34,uNb9QFRL6hY,CONCAT,0.0,0.0,73,projects/qwen35_indoor_nav/research/continuation_memory_v1/strong_backbone_recovery_v1/recovery_action_v1/runs/action_001/dev/evaluation/gpu0_1790334699775305681/episodes/34/CONCAT/TRACE.jsonl,1cf006550d7477ea3e0eb8a170a1b3401ca30a7e9c50668a2acc802bce21eb87,projects/qwen35_indoor_nav/research/continuation_memory_v1/strong_backbone_recovery_v1/recovery_action_v1/runs/action_001/dev/evaluation/gpu0_1790334699775305681/episodes/34/COMPLETE.json
discovery_dev,34,uNb9QFRL6hY,EVIDENCE,0.0,0.0,65,projects/qwen35_indoor_nav/research/continuation_memory_v1/strong_backbone_recovery_v1/recovery_action_v1/runs/action_001/dev/evaluation/gpu0_1790334699775305681/episodes/34/EVIDENCE/TRACE.jsonl,119aeed402878c2f12eed03dcba0bd811e6a16bd97047e86c6c00bbbe002459e,projects/qwen35_indoor_nav/research/continuation_memory_v1/strong_backbone_recovery_v1/recovery_action_v1/runs/action_001/dev/evaluation/gpu0_1790334699775305681/episodes/34/COMPLETE.json
discovery_dev,35,uNb9QFRL6hY,NATIVE,0.0,0.0,73,projects/qwen35_indoor_nav/research/continuation_memory_v1/strong_backbone_recovery_v1/recovery_action_v1/runs/action_001/dev/evaluation/gpu0_1790334699775305681/episodes/35/NATIVE/TRACE.jsonl,cd48379ce3e0f8c61bd8d1c1920fb7504910bafad062aca1357159e19795eaf6,projects/qwen35_indoor_nav/research/continuation_memory_v1/strong_backbone_recovery_v1/recovery_action_v1/runs/action_001/dev/evaluation/gpu0_1790334699775305681/episodes/35/COMPLETE.json
discovery_dev,35,uNb9QFRL6hY,EVIDENCE,0.0,0.0,65,projects/qwen35_indoor_nav/research/continuation_memory_v1/strong_backbone_recovery_v1/recovery_action_v1/runs/action_001/dev/evaluation/gpu0_1790334699775305681/episodes/35/EVIDENCE/TRACE.jsonl,156dfb442b13e8b5a6f952aaeb57046fd806f6b30604193e6d8b4f86630d79c6,projects/qwen35_indoor_nav/research/continuation_memory_v1/strong_backbone_recovery_v1/recovery_action_v1/runs/action_001/dev/evaluation/gpu0_1790334699775305681/episodes/35/COMPLETE.json
discovery_dev,35,uNb9QFRL6hY,CONCAT,0.0,0.0,73,projects/qwen35_indoor_nav/research/continuation_memory_v1/strong_backbone_recovery_v1/recovery_action_v1/runs/action_001/dev/evaluation/gpu0_1790334699775305681/episodes/35/CONCAT/TRACE.jsonl,1724a6768190796b40fd95ba53a4cd08bae55b18552f2980827aeb959a58968f,projects/qwen35_indoor_nav/research/continuation_memory_v1/strong_backbone_recovery_v1/recovery_action_v1/runs/action_001/dev/evaluation/gpu0_1790334699775305681/episodes/35/COMPLETE.json
discovery_dev,43,17DRP5sb8fy,NATIVE,0.0,0.0,64,projects/qwen35_indoor_nav/research/continuation_memory_v1/strong_backbone_recovery_v1/recovery_action_v1/runs/action_001/dev/evaluation/gpu0_1790334699775305681/episodes/43/NATIVE/TRACE.jsonl,5ae2596a90c78405e66c85a711c4cf32b5826ddd6a494775a18c554d9e2af5f6,projects/qwen35_indoor_nav/research/continuation_memory_v1/strong_backbone_recovery_v1/recovery_action_v1/runs/action_001/dev/evaluation/gpu0_1790334699775305681/episodes/43/COMPLETE.json
discovery_dev,43,17DRP5sb8fy,EVIDENCE,0.0,0.0,64,projects/qwen35_indoor_nav/research/continuation_memory_v1/strong_backbone_recovery_v1/recovery_action_v1/runs/action_001/dev/evaluation/gpu0_1790334699775305681/episodes/43/EVIDENCE/TRACE.jsonl,f97ad7f00b23308ec8d1f680939a0d1e053d2a2408a45e4bfadadfd133936d35,projects/qwen35_indoor_nav/research/continuation_memory_v1/strong_backbone_recovery_v1/recovery_action_v1/runs/action_001/dev/evaluation/gpu0_1790334699775305681/episodes/43/COMPLETE.json
discovery_dev,43,17DRP5sb8fy,CONCAT,0.0,0.0,64,projects/qwen35_indoor_nav/research/continuation_memory_v1/strong_backbone_recovery_v1/recovery_action_v1/runs/action_001/dev/evaluation/gpu0_1790334699775305681/episodes/43/CONCAT/TRACE.jsonl,b942b8a821dd5b9774e7094d0d2f03ed351d87c28c888822dc7a1f90cf14dde5,projects/qwen35_indoor_nav/research/continuation_memory_v1/strong_backbone_recovery_v1/recovery_action_v1/runs/action_001/dev/evaluation/gpu0_1790334699775305681/episodes/43/COMPLETE.json
discovery_dev,48,r1Q1Z4BcV1o,NATIVE,0.0,0.0,120,projects/qwen35_indoor_nav/research/continuation_memory_v1/strong_backbone_recovery_v1/recovery_action_v1/runs/action_001/dev/evaluation/gpu0_1790334699775305681/episodes/48/NATIVE/TRACE.jsonl,75618e058b337a348fadbd89ce900072e4baf34b6a609dd45eaaaed5800fceab,projects/qwen35_indoor_nav/research/continuation_memory_v1/strong_backbone_recovery_v1/recovery_action_v1/runs/action_001/dev/evaluation/gpu0_1790334699775305681/episodes/48/COMPLETE.json
discovery_dev,48,r1Q1Z4BcV1o,CONCAT,0.0,0.0,128,projects/qwen35_indoor_nav/research/continuation_memory_v1/strong_backbone_recovery_v1/recovery_action_v1/runs/action_001/dev/evaluation/gpu0_1790334699775305681/episodes/48/CONCAT/TRACE.jsonl,b4a3d402162a939c85a0f9060a2f64e386401282cf8ffd202064e00cb113207b,projects/qwen35_indoor_nav/research/continuation_memory_v1/strong_backbone_recovery_v1/recovery_action_v1/runs/action_001/dev/evaluation/gpu0_1790334699775305681/episodes/48/COMPLETE.json
discovery_dev,48,r1Q1Z4BcV1o,EVIDENCE,0.0,0.0,117,projects/qwen35_indoor_nav/research/continuation_memory_v1/strong_backbone_recovery_v1/recovery_action_v1/runs/action_001/dev/evaluation/gpu0_1790334699775305681/episodes/48/EVIDENCE/TRACE.jsonl,69626fff058389432f3acf19d4b258f23e024d2fc98c855c1f5ed4ea4ea4c75d,projects/qwen35_indoor_nav/research/continuation_memory_v1/strong_backbone_recovery_v1/recovery_action_v1/runs/action_001/dev/evaluation/gpu0_1790334699775305681/episodes/48/COMPLETE.json
discovery_dev,53,r1Q1Z4BcV1o,NATIVE,0.0,0.0,68,projects/qwen35_indoor_nav/research/continuation_memory_v1/strong_backbone_recovery_v1/recovery_action_v1/runs/action_001/dev/evaluation/gpu0_1790334699775305681/episodes/53/NATIVE/TRACE.jsonl,687b264c13c7c498653cf0a2916985888edd6b993bf68f8b1a16952a98e4dced,projects/qwen35_indoor_nav/research/continuation_memory_v1/strong_backbone_recovery_v1/recovery_action_v1/runs/action_001/dev/evaluation/gpu0_1790334699775305681/episodes/53/COMPLETE.json
discovery_dev,53,r1Q1Z4BcV1o,EVIDENCE,0.0,0.0,65,projects/qwen35_indoor_nav/research/continuation_memory_v1/strong_backbone_recovery_v1/recovery_action_v1/runs/action_001/dev/evaluation/gpu0_1790334699775305681/episodes/53/EVIDENCE/TRACE.jsonl,44bb08d49a77412c3e0d54d7aeff08ae1ec7c08a1fa39519bdb83b1c66cd26fd,projects/qwen35_indoor_nav/research/continuation_memory_v1/strong_backbone_recovery_v1/recovery_action_v1/runs/action_001/dev/evaluation/gpu0_1790334699775305681/episodes/53/COMPLETE.json
discovery_dev,53,r1Q1Z4BcV1o,CONCAT,0.0,0.0,68,projects/qwen35_indoor_nav/research/continuation_memory_v1/strong_backbone_recovery_v1/recovery_action_v1/runs/action_001/dev/evaluation/gpu0_1790334699775305681/episodes/53/CONCAT/TRACE.jsonl,9e70b24163bdf662519811ff0af694f2fb34d61fd5db1b134dc57ac19a070cac,projects/qwen35_indoor_nav/research/continuation_memory_v1/strong_backbone_recovery_v1/recovery_action_v1/runs/action_001/dev/evaluation/gpu0_1790334699775305681/episodes/53/COMPLETE.json
discovery_dev,54,17DRP5sb8fy,NATIVE,0.0,0.0,500,projects/qwen35_indoor_nav/research/continuation_memory_v1/strong_backbone_recovery_v1/recovery_action_v1/runs/action_001/dev/evaluation/gpu0_1790334699775305681/episodes/54/NATIVE/TRACE.jsonl,b1a8ed333b7048ea9c09c9d65061c58d16eca9697318828a283de035e3a2f19d,projects/qwen35_indoor_nav/research/continuation_memory_v1/strong_backbone_recovery_v1/recovery_action_v1/runs/action_001/dev/evaluation/gpu0_1790334699775305681/episodes/54/COMPLETE.json
discovery_dev,54,17DRP5sb8fy,CONCAT,1.0,0.5716529817696977,285,projects/qwen35_indoor_nav/research/continuation_memory_v1/strong_backbone_recovery_v1/recovery_action_v1/runs/action_001/dev/evaluation/gpu0_1790334699775305681/episodes/54/CONCAT/TRACE.jsonl,9bcaf39973f93226deadba132d515e77012b6a27bb0ac1c94cf4b3a10a3c2296,projects/qwen35_indoor_nav/research/continuation_memory_v1/strong_backbone_recovery_v1/recovery_action_v1/runs/action_001/dev/evaluation/gpu0_1790334699775305681/episodes/54/COMPLETE.json
discovery_dev,54,17DRP5sb8fy,EVIDENCE,0.0,0.0,97,projects/qwen35_indoor_nav/research/continuation_memory_v1/strong_backbone_recovery_v1/recovery_action_v1/runs/action_001/dev/evaluation/gpu0_1790334699775305681/episodes/54/EVIDENCE/TRACE.jsonl,c2c79a83aca125100a37d8ca44623af98dd52774502bc7cce9d6d1623417d462,projects/qwen35_indoor_nav/research/continuation_memory_v1/strong_backbone_recovery_v1/recovery_action_v1/runs/action_001/dev/evaluation/gpu0_1790334699775305681/episodes/54/COMPLETE.json
discovery_dev,66,r1Q1Z4BcV1o,NATIVE,0.0,0.0,69,projects/qwen35_indoor_nav/research/continuation_memory_v1/strong_backbone_recovery_v1/recovery_action_v1/runs/action_001/dev/evaluation/gpu0_1790334699775305681/episodes/66/NATIVE/TRACE.jsonl,f3ce6852e6c10a24ac1316751f2f11d187cb019cb996515a9721d23baf9f155d,projects/qwen35_indoor_nav/research/continuation_memory_v1/strong_backbone_recovery_v1/recovery_action_v1/runs/action_001/dev/evaluation/gpu0_1790334699775305681/episodes/66/COMPLETE.json
discovery_dev,66,r1Q1Z4BcV1o,CONCAT,0.0,0.0,69,projects/qwen35_indoor_nav/research/continuation_memory_v1/strong_backbone_recovery_v1/recovery_action_v1/runs/action_001/dev/evaluation/gpu0_1790334699775305681/episodes/66/CONCAT/TRACE.jsonl,44d8705c760abfbed182bcbf4fff230908b682b0fdd061340296f2e93d6f3b06,projects/qwen35_indoor_nav/research/continuation_memory_v1/strong_backbone_recovery_v1/recovery_action_v1/runs/action_001/dev/evaluation/gpu0_1790334699775305681/episodes/66/COMPLETE.json
discovery_dev,66,r1Q1Z4BcV1o,EVIDENCE,1.0,0.8053299826984647,65,projects/qwen35_indoor_nav/research/continuation_memory_v1/strong_backbone_recovery_v1/recovery_action_v1/runs/action_001/dev/evaluation/gpu0_1790334699775305681/episodes/66/EVIDENCE/TRACE.jsonl,3cfb4ca9e2074e49614c9752e4538fea8918899afcd545fc75123a244c5eed91,projects/qwen35_indoor_nav/research/continuation_memory_v1/strong_backbone_recovery_v1/recovery_action_v1/runs/action_001/dev/evaluation/gpu0_1790334699775305681/episodes/66/COMPLETE.json
discovery_dev,67,r1Q1Z4BcV1o,NATIVE,0.0,0.0,85,projects/qwen35_indoor_nav/research/continuation_memory_v1/strong_backbone_recovery_v1/recovery_action_v1/runs/action_001/dev/evaluation/gpu0_1790334699775305681/episodes/67/NATIVE/TRACE.jsonl,7dfcbddfaa0389039a12f2be2d62b5f13ff3c2a6c9b7436e4e57a18f0b0aa2ba,projects/qwen35_indoor_nav/research/continuation_memory_v1/strong_backbone_recovery_v1/recovery_action_v1/runs/action_001/dev/evaluation/gpu0_1790334699775305681/episodes/67/COMPLETE.json
discovery_dev,67,r1Q1Z4BcV1o,EVIDENCE,1.0,0.8915691976321952,70,projects/qwen35_indoor_nav/research/continuation_memory_v1/strong_backbone_recovery_v1/recovery_action_v1/runs/action_001/dev/evaluation/gpu0_1790334699775305681/episodes/67/EVIDENCE/TRACE.jsonl,4cf361ee1a49980976b9c2ce89ec4118d77d913f8dab9dc904d5e9032cb31754,projects/qwen35_indoor_nav/research/continuation_memory_v1/strong_backbone_recovery_v1/recovery_action_v1/runs/action_001/dev/evaluation/gpu0_1790334699775305681/episodes/67/COMPLETE.json
discovery_dev,67,r1Q1Z4BcV1o,CONCAT,0.0,0.0,85,projects/qwen35_indoor_nav/research/continuation_memory_v1/strong_backbone_recovery_v1/recovery_action_v1/runs/action_001/dev/evaluation/gpu0_1790334699775305681/episodes/67/CONCAT/TRACE.jsonl,411e6f80acf745371f5e796e3ab483dc11ad7e2adbd17ad86721c3dc8902a6f0,projects/qwen35_indoor_nav/research/continuation_memory_v1/strong_backbone_recovery_v1/recovery_action_v1/runs/action_001/dev/evaluation/gpu0_1790334699775305681/episodes/67/COMPLETE.json
discovery_dev,68,uNb9QFRL6hY,NATIVE,0.0,0.0,182,projects/qwen35_indoor_nav/research/continuation_memory_v1/strong_backbone_recovery_v1/recovery_action_v1/runs/action_001/dev/evaluation/gpu0_1790334699775305681/episodes/68/NATIVE/TRACE.jsonl,8478ac67a0130531a05b1fcca02201ce450b411c7bbbc56c0f8d8c92a2817a81,projects/qwen35_indoor_nav/research/continuation_memory_v1/strong_backbone_recovery_v1/recovery_action_v1/runs/action_001/dev/evaluation/gpu0_1790334699775305681/episodes/68/COMPLETE.json
discovery_dev,68,uNb9QFRL6hY,CONCAT,0.0,0.0,157,projects/qwen35_indoor_nav/research/continuation_memory_v1/strong_backbone_recovery_v1/recovery_action_v1/runs/action_001/dev/evaluation/gpu0_1790334699775305681/episodes/68/CONCAT/TRACE.jsonl,65179daf227d5ab2b3481593ad10d3e1302601b2df502662cd31e3e934572abf,projects/qwen35_indoor_nav/research/continuation_memory_v1/strong_backbone_recovery_v1/recovery_action_v1/runs/action_001/dev/evaluation/gpu0_1790334699775305681/episodes/68/COMPLETE.json
discovery_dev,68,uNb9QFRL6hY,EVIDENCE,0.0,0.0,65,projects/qwen35_indoor_nav/research/continuation_memory_v1/strong_backbone_recovery_v1/recovery_action_v1/runs/action_001/dev/evaluation/gpu0_1790334699775305681/episodes/68/EVIDENCE/TRACE.jsonl,a58389d4963a50de437af58b35c2857cc0f00fd0c56efe2b917122cd5b815bc2,projects/qwen35_indoor_nav/research/continuation_memory_v1/strong_backbone_recovery_v1/recovery_action_v1/runs/action_001/dev/evaluation/gpu0_1790334699775305681/episodes/68/COMPLETE.json
discovery_dev,79,r1Q1Z4BcV1o,NATIVE,0.0,0.0,78,projects/qwen35_indoor_nav/research/continuation_memory_v1/strong_backbone_recovery_v1/recovery_action_v1/runs/action_001/dev/evaluation/gpu0_1790334699775305681/episodes/79/NATIVE/TRACE.jsonl,1abeb30f66ebf9fb0136a16ba58b466b26c5884e31a36f3183fb3bf56904ad6e,projects/qwen35_indoor_nav/research/continuation_memory_v1/strong_backbone_recovery_v1/recovery_action_v1/runs/action_001/dev/evaluation/gpu0_1790334699775305681/episodes/79/COMPLETE.json
discovery_dev,79,r1Q1Z4BcV1o,EVIDENCE,0.0,0.0,78,projects/qwen35_indoor_nav/research/continuation_memory_v1/strong_backbone_recovery_v1/recovery_action_v1/runs/action_001/dev/evaluation/gpu0_1790334699775305681/episodes/79/EVIDENCE/TRACE.jsonl,73cc88bdb3a700b3b0fbea56f0f76a6ed354d26f8101dffe5d18e56f1357b972,projects/qwen35_indoor_nav/research/continuation_memory_v1/strong_backbone_recovery_v1/recovery_action_v1/runs/action_001/dev/evaluation/gpu0_1790334699775305681/episodes/79/COMPLETE.json
discovery_dev,79,r1Q1Z4BcV1o,CONCAT,0.0,0.0,78,projects/qwen35_indoor_nav/research/continuation_memory_v1/strong_backbone_recovery_v1/recovery_action_v1/runs/action_001/dev/evaluation/gpu0_1790334699775305681/episodes/79/CONCAT/TRACE.jsonl,58beeb4dd288d3c98d608e2f3d806fb701bdd690738e6e93a19695da62a09ff9,projects/qwen35_indoor_nav/research/continuation_memory_v1/strong_backbone_recovery_v1/recovery_action_v1/runs/action_001/dev/evaluation/gpu0_1790334699775305681/episodes/79/COMPLETE.json
discovery_dev,8,8WUmhLawc2A,NATIVE,0.0,0.0,77,projects/qwen35_indoor_nav/research/continuation_memory_v1/strong_backbone_recovery_v1/recovery_action_v1/runs/action_001/dev/evaluation/gpu0_1790334699775305681/episodes/8/NATIVE/TRACE.jsonl,51a80a9676f4843e694fe468608931d5f520dd0397525a46508d285e126be802,projects/qwen35_indoor_nav/research/continuation_memory_v1/strong_backbone_recovery_v1/recovery_action_v1/runs/action_001/dev/evaluation/gpu0_1790334699775305681/episodes/8/COMPLETE.json
discovery_dev,8,8WUmhLawc2A,CONCAT,0.0,0.0,105,projects/qwen35_indoor_nav/research/continuation_memory_v1/strong_backbone_recovery_v1/recovery_action_v1/runs/action_001/dev/evaluation/gpu0_1790334699775305681/episodes/8/CONCAT/TRACE.jsonl,f569be7a8c6c8cc1689ca0f55257407e3c8722e05c014b092f1eb4818297e46b,projects/qwen35_indoor_nav/research/continuation_memory_v1/strong_backbone_recovery_v1/recovery_action_v1/runs/action_001/dev/evaluation/gpu0_1790334699775305681/episodes/8/COMPLETE.json
discovery_dev,8,8WUmhLawc2A,EVIDENCE,0.0,0.0,77,projects/qwen35_indoor_nav/research/continuation_memory_v1/strong_backbone_recovery_v1/recovery_action_v1/runs/action_001/dev/evaluation/gpu0_1790334699775305681/episodes/8/EVIDENCE/TRACE.jsonl,4d212c203c1b85c4938a5b04af108daadca4ef59bbe7a95b5e7d95fb0ffc7c9a,projects/qwen35_indoor_nav/research/continuation_memory_v1/strong_backbone_recovery_v1/recovery_action_v1/runs/action_001/dev/evaluation/gpu0_1790334699775305681/episodes/8/COMPLETE.json
discovery_dev,87,17DRP5sb8fy,NATIVE,0.0,0.0,500,projects/qwen35_indoor_nav/research/continuation_memory_v1/strong_backbone_recovery_v1/recovery_action_v1/runs/action_001/dev/evaluation/gpu0_1790334699775305681/episodes/87/NATIVE/TRACE.jsonl,7f3c1fbb5d24f1ed73ad5d25b4d3b7d6a8651c40b8c09e39c4dd6810d580f6ba,projects/qwen35_indoor_nav/research/continuation_memory_v1/strong_backbone_recovery_v1/recovery_action_v1/runs/action_001/dev/evaluation/gpu0_1790334699775305681/episodes/87/COMPLETE.json
discovery_dev,87,17DRP5sb8fy,EVIDENCE,0.0,0.0,193,projects/qwen35_indoor_nav/research/continuation_memory_v1/strong_backbone_recovery_v1/recovery_action_v1/runs/action_001/dev/evaluation/gpu0_1790334699775305681/episodes/87/EVIDENCE/TRACE.jsonl,eaf004ffc8b0d17c3b859b79156356919934151709b3d5da0202729e98dfe07f,projects/qwen35_indoor_nav/research/continuation_memory_v1/strong_backbone_recovery_v1/recovery_action_v1/runs/action_001/dev/evaluation/gpu0_1790334699775305681/episodes/87/COMPLETE.json
discovery_dev,87,17DRP5sb8fy,CONCAT,1.0,0.4090607771245835,269,projects/qwen35_indoor_nav/research/continuation_memory_v1/strong_backbone_recovery_v1/recovery_action_v1/runs/action_001/dev/evaluation/gpu0_1790334699775305681/episodes/87/CONCAT/TRACE.jsonl,fe1aea9cfaf1176ad0b51e05661482b0f2eda247457d3c1d4a7c574be5678d74,projects/qwen35_indoor_nav/research/continuation_memory_v1/strong_backbone_recovery_v1/recovery_action_v1/runs/action_001/dev/evaluation/gpu0_1790334699775305681/episodes/87/COMPLETE.json
discovery_dev,95,r1Q1Z4BcV1o,NATIVE,0.0,0.0,136,projects/qwen35_indoor_nav/research/continuation_memory_v1/strong_backbone_recovery_v1/recovery_action_v1/runs/action_001/dev/evaluation/gpu0_1790334699775305681/episodes/95/NATIVE/TRACE.jsonl,2f23a5211723b0c1b3e970ee5f179a360ea3afb93c139aa9661e91b5ad90aef5,projects/qwen35_indoor_nav/research/continuation_memory_v1/strong_backbone_recovery_v1/recovery_action_v1/runs/action_001/dev/evaluation/gpu0_1790334699775305681/episodes/95/COMPLETE.json
discovery_dev,95,r1Q1Z4BcV1o,EVIDENCE,0.0,0.0,77,projects/qwen35_indoor_nav/research/continuation_memory_v1/strong_backbone_recovery_v1/recovery_action_v1/runs/action_001/dev/evaluation/gpu0_1790334699775305681/episodes/95/EVIDENCE/TRACE.jsonl,b5fb15bd95139dede3f96a6cb0c1501fa6ce06aae022550048b99ad6c39710d4,projects/qwen35_indoor_nav/research/continuation_memory_v1/strong_backbone_recovery_v1/recovery_action_v1/runs/action_001/dev/evaluation/gpu0_1790334699775305681/episodes/95/COMPLETE.json
discovery_dev,95,r1Q1Z4BcV1o,CONCAT,0.0,0.0,129,projects/qwen35_indoor_nav/research/continuation_memory_v1/strong_backbone_recovery_v1/recovery_action_v1/runs/action_001/dev/evaluation/gpu0_1790334699775305681/episodes/95/CONCAT/TRACE.jsonl,4314252f0cff47ce7ea60b78c2a173c060161a9d1ed1161ba4d73410ade55ef9,projects/qwen35_indoor_nav/research/continuation_memory_v1/strong_backbone_recovery_v1/recovery_action_v1/runs/action_001/dev/evaluation/gpu0_1790334699775305681/episodes/95/COMPLETE.json
discovery_dev,96,uNb9QFRL6hY,NATIVE,0.0,0.0,116,projects/qwen35_indoor_nav/research/continuation_memory_v1/strong_backbone_recovery_v1/recovery_action_v1/runs/action_001/dev/evaluation/gpu0_1790334699775305681/episodes/96/NATIVE/TRACE.jsonl,e0eab54e0af6e0c29fa0c32f6ce7ada3595f55bae003a2f2d3aa28d2629015d6,projects/qwen35_indoor_nav/research/continuation_memory_v1/strong_backbone_recovery_v1/recovery_action_v1/runs/action_001/dev/evaluation/gpu0_1790334699775305681/episodes/96/COMPLETE.json
discovery_dev,96,uNb9QFRL6hY,CONCAT,0.0,0.0,181,projects/qwen35_indoor_nav/research/continuation_memory_v1/strong_backbone_recovery_v1/recovery_action_v1/runs/action_001/dev/evaluation/gpu0_1790334699775305681/episodes/96/CONCAT/TRACE.jsonl,14485cfe141b305cbe57eb382b68899520d2bf89fde39891aa371b43204a475c,projects/qwen35_indoor_nav/research/continuation_memory_v1/strong_backbone_recovery_v1/recovery_action_v1/runs/action_001/dev/evaluation/gpu0_1790334699775305681/episodes/96/COMPLETE.json
discovery_dev,96,uNb9QFRL6hY,EVIDENCE,0.0,0.0,97,projects/qwen35_indoor_nav/research/continuation_memory_v1/strong_backbone_recovery_v1/recovery_action_v1/runs/action_001/dev/evaluation/gpu0_1790334699775305681/episodes/96/EVIDENCE/TRACE.jsonl,8cdb08218f49435cfc55a2d778ff8a86021ecdac7f2f121414548158de3fb464,projects/qwen35_indoor_nav/research/continuation_memory_v1/strong_backbone_recovery_v1/recovery_action_v1/runs/action_001/dev/evaluation/gpu0_1790334699775305681/episodes/96/COMPLETE.json
discovery_dev,103,uNb9QFRL6hY,NATIVE,0.0,0.0,66,projects/qwen35_indoor_nav/research/continuation_memory_v1/strong_backbone_recovery_v1/recovery_action_v1/runs/action_001/dev/evaluation/gpu1_1790334699937371910/episodes/103/NATIVE/TRACE.jsonl,b55b05383efe104b5cb4dc1bb325aac57627ccf1d2ce626ac63274f942fcfe18,projects/qwen35_indoor_nav/research/continuation_memory_v1/strong_backbone_recovery_v1/recovery_action_v1/runs/action_001/dev/evaluation/gpu1_1790334699937371910/episodes/103/COMPLETE.json
discovery_dev,103,uNb9QFRL6hY,EVIDENCE,0.0,0.0,65,projects/qwen35_indoor_nav/research/continuation_memory_v1/strong_backbone_recovery_v1/recovery_action_v1/runs/action_001/dev/evaluation/gpu1_1790334699937371910/episodes/103/EVIDENCE/TRACE.jsonl,e09d3b5759fd90071503e1fb1e855dbdb8c01eb94a29a48220d476f6fa4e9814,projects/qwen35_indoor_nav/research/continuation_memory_v1/strong_backbone_recovery_v1/recovery_action_v1/runs/action_001/dev/evaluation/gpu1_1790334699937371910/episodes/103/COMPLETE.json
discovery_dev,103,uNb9QFRL6hY,CONCAT,0.0,0.0,75,projects/qwen35_indoor_nav/research/continuation_memory_v1/strong_backbone_recovery_v1/recovery_action_v1/runs/action_001/dev/evaluation/gpu1_1790334699937371910/episodes/103/CONCAT/TRACE.jsonl,b0cf22359d1f4529c3ae904d0aa6a1227e67b2d4137a1c2c62010473e43743b9,projects/qwen35_indoor_nav/research/continuation_memory_v1/strong_backbone_recovery_v1/recovery_action_v1/runs/action_001/dev/evaluation/gpu1_1790334699937371910/episodes/103/COMPLETE.json
discovery_dev,104,uNb9QFRL6hY,NATIVE,0.0,0.0,66,projects/qwen35_indoor_nav/research/continuation_memory_v1/strong_backbone_recovery_v1/recovery_action_v1/runs/action_001/dev/evaluation/gpu1_1790334699937371910/episodes/104/NATIVE/TRACE.jsonl,b0e7e11b1f8a7382a871382b502b75a3e698ae560e36d314c422306ad667c525,projects/qwen35_indoor_nav/research/continuation_memory_v1/strong_backbone_recovery_v1/recovery_action_v1/runs/action_001/dev/evaluation/gpu1_1790334699937371910/episodes/104/COMPLETE.json
discovery_dev,104,uNb9QFRL6hY,CONCAT,0.0,0.0,75,projects/qwen35_indoor_nav/research/continuation_memory_v1/strong_backbone_recovery_v1/recovery_action_v1/runs/action_001/dev/evaluation/gpu1_1790334699937371910/episodes/104/CONCAT/TRACE.jsonl,77ea6c0dd64b0ec15e356240acb0c532dddafc2ac8cb82d611d48a577770ba16,projects/qwen35_indoor_nav/research/continuation_memory_v1/strong_backbone_recovery_v1/recovery_action_v1/runs/action_001/dev/evaluation/gpu1_1790334699937371910/episodes/104/COMPLETE.json
discovery_dev,104,uNb9QFRL6hY,EVIDENCE,0.0,0.0,65,projects/qwen35_indoor_nav/research/continuation_memory_v1/strong_backbone_recovery_v1/recovery_action_v1/runs/action_001/dev/evaluation/gpu1_1790334699937371910/episodes/104/EVIDENCE/TRACE.jsonl,45d7bcecc9f0f99c0bfca51ccf273be09aaee03aa653857d6d86f6e1e4c833db,projects/qwen35_indoor_nav/research/continuation_memory_v1/strong_backbone_recovery_v1/recovery_action_v1/runs/action_001/dev/evaluation/gpu1_1790334699937371910/episodes/104/COMPLETE.json
discovery_dev,117,r1Q1Z4BcV1o,NATIVE,0.0,0.0,64,projects/qwen35_indoor_nav/research/continuation_memory_v1/strong_backbone_recovery_v1/recovery_action_v1/runs/action_001/dev/evaluation/gpu1_1790334699937371910/episodes/117/NATIVE/TRACE.jsonl,977709d6447497ab6c99b8d1a125f3aa3c238f95f7221e1a714a25f7ca616e5a,projects/qwen35_indoor_nav/research/continuation_memory_v1/strong_backbone_recovery_v1/recovery_action_v1/runs/action_001/dev/evaluation/gpu1_1790334699937371910/episodes/117/COMPLETE.json
discovery_dev,117,r1Q1Z4BcV1o,EVIDENCE,0.0,0.0,64,projects/qwen35_indoor_nav/research/continuation_memory_v1/strong_backbone_recovery_v1/recovery_action_v1/runs/action_001/dev/evaluation/gpu1_1790334699937371910/episodes/117/EVIDENCE/TRACE.jsonl,09a79b4fde1c33d04a2a4c94fec9a13d2ad75bdf79478808a8c7de9e96b791a0,projects/qwen35_indoor_nav/research/continuation_memory_v1/strong_backbone_recovery_v1/recovery_action_v1/runs/action_001/dev/evaluation/gpu1_1790334699937371910/episodes/117/COMPLETE.json
discovery_dev,117,r1Q1Z4BcV1o,CONCAT,0.0,0.0,64,projects/qwen35_indoor_nav/research/continuation_memory_v1/strong_backbone_recovery_v1/recovery_action_v1/runs/action_001/dev/evaluation/gpu1_1790334699937371910/episodes/117/CONCAT/TRACE.jsonl,00f7f92e33ae5b3fa02e863edaf29003297643df122a7acec10d603c65b4cce2,projects/qwen35_indoor_nav/research/continuation_memory_v1/strong_backbone_recovery_v1/recovery_action_v1/runs/action_001/dev/evaluation/gpu1_1790334699937371910/episodes/117/COMPLETE.json
discovery_dev,118,uNb9QFRL6hY,NATIVE,0.0,0.0,500,projects/qwen35_indoor_nav/research/continuation_memory_v1/strong_backbone_recovery_v1/recovery_action_v1/runs/action_001/dev/evaluation/gpu1_1790334699937371910/episodes/118/NATIVE/TRACE.jsonl,f82c3e4c098b7b9614a9fbed6091f4105e70d353c5883d8d44b5dc1d5c5fb93a,projects/qwen35_indoor_nav/research/continuation_memory_v1/strong_backbone_recovery_v1/recovery_action_v1/runs/action_001/dev/evaluation/gpu1_1790334699937371910/episodes/118/COMPLETE.json
discovery_dev,118,uNb9QFRL6hY,CONCAT,0.0,0.0,500,projects/qwen35_indoor_nav/research/continuation_memory_v1/strong_backbone_recovery_v1/recovery_action_v1/runs/action_001/dev/evaluation/gpu1_1790334699937371910/episodes/118/CONCAT/TRACE.jsonl,aeb1345ade9c5cd886005701a005c0c841400fa66a6ea511150c314ffb9496d5,projects/qwen35_indoor_nav/research/continuation_memory_v1/strong_backbone_recovery_v1/recovery_action_v1/runs/action_001/dev/evaluation/gpu1_1790334699937371910/episodes/118/COMPLETE.json
discovery_dev,118,uNb9QFRL6hY,EVIDENCE,0.0,0.0,117,projects/qwen35_indoor_nav/research/continuation_memory_v1/strong_backbone_recovery_v1/recovery_action_v1/runs/action_001/dev/evaluation/gpu1_1790334699937371910/episodes/118/EVIDENCE/TRACE.jsonl,38e3e3f9f5d0ff66ba78429cc6918305842f2075cc4195fc0d79ffade7210410,projects/qwen35_indoor_nav/research/continuation_memory_v1/strong_backbone_recovery_v1/recovery_action_v1/runs/action_001/dev/evaluation/gpu1_1790334699937371910/episodes/118/COMPLETE.json
discovery_dev,119,uNb9QFRL6hY,NATIVE,0.0,0.0,500,projects/qwen35_indoor_nav/research/continuation_memory_v1/strong_backbone_recovery_v1/recovery_action_v1/runs/action_001/dev/evaluation/gpu1_1790334699937371910/episodes/119/NATIVE/TRACE.jsonl,2c988d424469ddd4b5077ded6e4c961cb1c75207735e9d20b879a991da870ba3,projects/qwen35_indoor_nav/research/continuation_memory_v1/strong_backbone_recovery_v1/recovery_action_v1/runs/action_001/dev/evaluation/gpu1_1790334699937371910/episodes/119/COMPLETE.json
discovery_dev,119,uNb9QFRL6hY,EVIDENCE,0.0,0.0,117,projects/qwen35_indoor_nav/research/continuation_memory_v1/strong_backbone_recovery_v1/recovery_action_v1/runs/action_001/dev/evaluation/gpu1_1790334699937371910/episodes/119/EVIDENCE/TRACE.jsonl,b69c73237c6b1865fe707a03c6f7473591c941b9f09fd95541cb04809ea99a5a,projects/qwen35_indoor_nav/research/continuation_memory_v1/strong_backbone_recovery_v1/recovery_action_v1/runs/action_001/dev/evaluation/gpu1_1790334699937371910/episodes/119/COMPLETE.json
discovery_dev,119,uNb9QFRL6hY,CONCAT,0.0,0.0,500,projects/qwen35_indoor_nav/research/continuation_memory_v1/strong_backbone_recovery_v1/recovery_action_v1/runs/action_001/dev/evaluation/gpu1_1790334699937371910/episodes/119/CONCAT/TRACE.jsonl,912ab0845b35ca0a3dc3d2ad93ccb4d6c2624ce33e5b4ee2b4aafab59f5b1e4d,projects/qwen35_indoor_nav/research/continuation_memory_v1/strong_backbone_recovery_v1/recovery_action_v1/runs/action_001/dev/evaluation/gpu1_1790334699937371910/episodes/119/COMPLETE.json
discovery_dev,124,17DRP5sb8fy,NATIVE,0.0,0.0,500,projects/qwen35_indoor_nav/research/continuation_memory_v1/strong_backbone_recovery_v1/recovery_action_v1/runs/action_001/dev/evaluation/gpu1_1790334699937371910/episodes/124/NATIVE/TRACE.jsonl,e6ee4089f6e878e91e98c8e8890398cf805c67d4a22b73bf3732ccf4f43f774e,projects/qwen35_indoor_nav/research/continuation_memory_v1/strong_backbone_recovery_v1/recovery_action_v1/runs/action_001/dev/evaluation/gpu1_1790334699937371910/episodes/124/COMPLETE.json
discovery_dev,124,17DRP5sb8fy,CONCAT,0.0,0.0,349,projects/qwen35_indoor_nav/research/continuation_memory_v1/strong_backbone_recovery_v1/recovery_action_v1/runs/action_001/dev/evaluation/gpu1_1790334699937371910/episodes/124/CONCAT/TRACE.jsonl,aaca8dd249c0fff9b1e05989cdce21075b24c1894351be60f777dc80eb726a4e,projects/qwen35_indoor_nav/research/continuation_memory_v1/strong_backbone_recovery_v1/recovery_action_v1/runs/action_001/dev/evaluation/gpu1_1790334699937371910/episodes/124/COMPLETE.json
discovery_dev,124,17DRP5sb8fy,EVIDENCE,0.0,0.0,225,projects/qwen35_indoor_nav/research/continuation_memory_v1/strong_backbone_recovery_v1/recovery_action_v1/runs/action_001/dev/evaluation/gpu1_1790334699937371910/episodes/124/EVIDENCE/TRACE.jsonl,43c62856be4b724db1037f8b9ef41163e8784b502512423e6fef859a27eb76f6,projects/qwen35_indoor_nav/research/continuation_memory_v1/strong_backbone_recovery_v1/recovery_action_v1/runs/action_001/dev/evaluation/gpu1_1790334699937371910/episodes/124/COMPLETE.json
discovery_dev,129,uNb9QFRL6hY,NATIVE,0.0,0.0,96,projects/qwen35_indoor_nav/research/continuation_memory_v1/strong_backbone_recovery_v1/recovery_action_v1/runs/action_001/dev/evaluation/gpu1_1790334699937371910/episodes/129/NATIVE/TRACE.jsonl,37dd74379cd43f2093bb59e20dd5f715ad0e4a889a2eca67646d213924f0c3c1,projects/qwen35_indoor_nav/research/continuation_memory_v1/strong_backbone_recovery_v1/recovery_action_v1/runs/action_001/dev/evaluation/gpu1_1790334699937371910/episodes/129/COMPLETE.json
discovery_dev,129,uNb9QFRL6hY,EVIDENCE,0.0,0.0,65,projects/qwen35_indoor_nav/research/continuation_memory_v1/strong_backbone_recovery_v1/recovery_action_v1/runs/action_001/dev/evaluation/gpu1_1790334699937371910/episodes/129/EVIDENCE/TRACE.jsonl,93cf6be53d8d1417ceaf4a3759718fc5930d75a6da8df4f4cdde29fd3ec0754f,projects/qwen35_indoor_nav/research/continuation_memory_v1/strong_backbone_recovery_v1/recovery_action_v1/runs/action_001/dev/evaluation/gpu1_1790334699937371910/episodes/129/COMPLETE.json
discovery_dev,129,uNb9QFRL6hY,CONCAT,0.0,0.0,84,projects/qwen35_indoor_nav/research/continuation_memory_v1/strong_backbone_recovery_v1/recovery_action_v1/runs/action_001/dev/evaluation/gpu1_1790334699937371910/episodes/129/CONCAT/TRACE.jsonl,4208b69db89e392b58678164b9773955b5ffa33dd6d725b785b49fb451da75b3,projects/qwen35_indoor_nav/research/continuation_memory_v1/strong_backbone_recovery_v1/recovery_action_v1/runs/action_001/dev/evaluation/gpu1_1790334699937371910/episodes/129/COMPLETE.json
discovery_dev,130,17DRP5sb8fy,NATIVE,0.0,0.0,500,projects/qwen35_indoor_nav/research/continuation_memory_v1/strong_backbone_recovery_v1/recovery_action_v1/runs/action_001/dev/evaluation/gpu1_1790334699937371910/episodes/130/NATIVE/TRACE.jsonl,322997bb6e7c95238685321bd5973133695894e365e89f5462510af72a061a94,projects/qwen35_indoor_nav/research/continuation_memory_v1/strong_backbone_recovery_v1/recovery_action_v1/runs/action_001/dev/evaluation/gpu1_1790334699937371910/episodes/130/COMPLETE.json
discovery_dev,130,17DRP5sb8fy,CONCAT,0.0,0.0,500,projects/qwen35_indoor_nav/research/continuation_memory_v1/strong_backbone_recovery_v1/recovery_action_v1/runs/action_001/dev/evaluation/gpu1_1790334699937371910/episodes/130/CONCAT/TRACE.jsonl,6b187dcebfc5007f55b5bb5e58f6a819eda16a0612e00180b6ce884ff5308d1b,projects/qwen35_indoor_nav/research/continuation_memory_v1/strong_backbone_recovery_v1/recovery_action_v1/runs/action_001/dev/evaluation/gpu1_1790334699937371910/episodes/130/COMPLETE.json
discovery_dev,130,17DRP5sb8fy,EVIDENCE,1.0,0.9309964858547035,103,projects/qwen35_indoor_nav/research/continuation_memory_v1/strong_backbone_recovery_v1/recovery_action_v1/runs/action_001/dev/evaluation/gpu1_1790334699937371910/episodes/130/EVIDENCE/TRACE.jsonl,8396ac6ba823aab2a0338b8d3ebdb51daf0332f427b8c65fca422640cbe369a6,projects/qwen35_indoor_nav/research/continuation_memory_v1/strong_backbone_recovery_v1/recovery_action_v1/runs/action_001/dev/evaluation/gpu1_1790334699937371910/episodes/130/COMPLETE.json
discovery_dev,141,r1Q1Z4BcV1o,NATIVE,0.0,0.0,140,projects/qwen35_indoor_nav/research/continuation_memory_v1/strong_backbone_recovery_v1/recovery_action_v1/runs/action_001/dev/evaluation/gpu1_1790334699937371910/episodes/141/NATIVE/TRACE.jsonl,646365260ebdbc99c26c278fcaf55ad41afab169e49bbe42b01b7a13553622c9,projects/qwen35_indoor_nav/research/continuation_memory_v1/strong_backbone_recovery_v1/recovery_action_v1/runs/action_001/dev/evaluation/gpu1_1790334699937371910/episodes/141/COMPLETE.json
discovery_dev,141,r1Q1Z4BcV1o,EVIDENCE,0.0,0.0,129,projects/qwen35_indoor_nav/research/continuation_memory_v1/strong_backbone_recovery_v1/recovery_action_v1/runs/action_001/dev/evaluation/gpu1_1790334699937371910/episodes/141/EVIDENCE/TRACE.jsonl,60533ae1e165783551fe81a38b5b7457401a27f6757dc978c3e01cde8fa4f661,projects/qwen35_indoor_nav/research/continuation_memory_v1/strong_backbone_recovery_v1/recovery_action_v1/runs/action_001/dev/evaluation/gpu1_1790334699937371910/episodes/141/COMPLETE.json
discovery_dev,141,r1Q1Z4BcV1o,CONCAT,0.0,0.0,142,projects/qwen35_indoor_nav/research/continuation_memory_v1/strong_backbone_recovery_v1/recovery_action_v1/runs/action_001/dev/evaluation/gpu1_1790334699937371910/episodes/141/CONCAT/TRACE.jsonl,bae56d0f0fe45c002d9ae460848983920802056fbcfdf2bd2aedc600016daa24,projects/qwen35_indoor_nav/research/continuation_memory_v1/strong_backbone_recovery_v1/recovery_action_v1/runs/action_001/dev/evaluation/gpu1_1790334699937371910/episodes/141/COMPLETE.json
discovery_dev,142,r1Q1Z4BcV1o,NATIVE,0.0,0.0,156,projects/qwen35_indoor_nav/research/continuation_memory_v1/strong_backbone_recovery_v1/recovery_action_v1/runs/action_001/dev/evaluation/gpu1_1790334699937371910/episodes/142/NATIVE/TRACE.jsonl,be6e9f6a23aff3769342ec4a7370f379718d6e30ea3a23d98b53fa3a49ebe335,projects/qwen35_indoor_nav/research/continuation_memory_v1/strong_backbone_recovery_v1/recovery_action_v1/runs/action_001/dev/evaluation/gpu1_1790334699937371910/episodes/142/COMPLETE.json
discovery_dev,142,r1Q1Z4BcV1o,CONCAT,0.0,0.0,145,projects/qwen35_indoor_nav/research/continuation_memory_v1/strong_backbone_recovery_v1/recovery_action_v1/runs/action_001/dev/evaluation/gpu1_1790334699937371910/episodes/142/CONCAT/TRACE.jsonl,90e18a3a5dca18ea973803ee812d950e94d94008ca4abb639644ae643db2f51e,projects/qwen35_indoor_nav/research/continuation_memory_v1/strong_backbone_recovery_v1/recovery_action_v1/runs/action_001/dev/evaluation/gpu1_1790334699937371910/episodes/142/COMPLETE.json
discovery_dev,142,r1Q1Z4BcV1o,EVIDENCE,0.0,0.0,97,projects/qwen35_indoor_nav/research/continuation_memory_v1/strong_backbone_recovery_v1/recovery_action_v1/runs/action_001/dev/evaluation/gpu1_1790334699937371910/episodes/142/EVIDENCE/TRACE.jsonl,bdfb4668292292fde3377a8651a8b1f800a359ce93766c7cd5513b1d8b44dcbc,projects/qwen35_indoor_nav/research/continuation_memory_v1/strong_backbone_recovery_v1/recovery_action_v1/runs/action_001/dev/evaluation/gpu1_1790334699937371910/episodes/142/COMPLETE.json
discovery_dev,143,17DRP5sb8fy,NATIVE,0.0,0.0,500,projects/qwen35_indoor_nav/research/continuation_memory_v1/strong_backbone_recovery_v1/recovery_action_v1/runs/action_001/dev/evaluation/gpu1_1790334699937371910/episodes/143/NATIVE/TRACE.jsonl,904c2b66283456e7a0442d30474229626eda2751b64ca283003f279e87efd71f,projects/qwen35_indoor_nav/research/continuation_memory_v1/strong_backbone_recovery_v1/recovery_action_v1/runs/action_001/dev/evaluation/gpu1_1790334699937371910/episodes/143/COMPLETE.json
discovery_dev,143,17DRP5sb8fy,EVIDENCE,0.0,0.0,225,projects/qwen35_indoor_nav/research/continuation_memory_v1/strong_backbone_recovery_v1/recovery_action_v1/runs/action_001/dev/evaluation/gpu1_1790334699937371910/episodes/143/EVIDENCE/TRACE.jsonl,05dde8d408dbbc9e605a5164e587047560733e48cd843dc744729109c462ad0f,projects/qwen35_indoor_nav/research/continuation_memory_v1/strong_backbone_recovery_v1/recovery_action_v1/runs/action_001/dev/evaluation/gpu1_1790334699937371910/episodes/143/COMPLETE.json
discovery_dev,143,17DRP5sb8fy,CONCAT,0.0,0.0,500,projects/qwen35_indoor_nav/research/continuation_memory_v1/strong_backbone_recovery_v1/recovery_action_v1/runs/action_001/dev/evaluation/gpu1_1790334699937371910/episodes/143/CONCAT/TRACE.jsonl,8c1ffb46394a6d8a21a48fb7829594e909b5945641478ad67de6065127307295,projects/qwen35_indoor_nav/research/continuation_memory_v1/strong_backbone_recovery_v1/recovery_action_v1/runs/action_001/dev/evaluation/gpu1_1790334699937371910/episodes/143/COMPLETE.json
discovery_dev,152,8WUmhLawc2A,NATIVE,0.0,0.0,98,projects/qwen35_indoor_nav/research/continuation_memory_v1/strong_backbone_recovery_v1/recovery_action_v1/runs/action_001/dev/evaluation/gpu1_1790334699937371910/episodes/152/NATIVE/TRACE.jsonl,407a454ebda5479e78755c13b5dd26d1fbd9f75a753f472df30dc70e6b232821,projects/qwen35_indoor_nav/research/continuation_memory_v1/strong_backbone_recovery_v1/recovery_action_v1/runs/action_001/dev/evaluation/gpu1_1790334699937371910/episodes/152/COMPLETE.json
discovery_dev,152,8WUmhLawc2A,CONCAT,0.0,0.0,98,projects/qwen35_indoor_nav/research/continuation_memory_v1/strong_backbone_recovery_v1/recovery_action_v1/runs/action_001/dev/evaluation/gpu1_1790334699937371910/episodes/152/CONCAT/TRACE.jsonl,3e1993e1970c0560b8b45694c8fd9dce4296a71577c89a81fd7f03cd0e1873d0,projects/qwen35_indoor_nav/research/continuation_memory_v1/strong_backbone_recovery_v1/recovery_action_v1/runs/action_001/dev/evaluation/gpu1_1790334699937371910/episodes/152/COMPLETE.json
discovery_dev,152,8WUmhLawc2A,EVIDENCE,0.0,0.0,121,projects/qwen35_indoor_nav/research/continuation_memory_v1/strong_backbone_recovery_v1/recovery_action_v1/runs/action_001/dev/evaluation/gpu1_1790334699937371910/episodes/152/EVIDENCE/TRACE.jsonl,ae2e4b1427aa683727b7f0aaa25ae4b7190d0e4d15861b4062d48c6a62962034,projects/qwen35_indoor_nav/research/continuation_memory_v1/strong_backbone_recovery_v1/recovery_action_v1/runs/action_001/dev/evaluation/gpu1_1790334699937371910/episodes/152/COMPLETE.json
discovery_dev,158,uNb9QFRL6hY,NATIVE,0.0,0.0,101,projects/qwen35_indoor_nav/research/continuation_memory_v1/strong_backbone_recovery_v1/recovery_action_v1/runs/action_001/dev/evaluation/gpu1_1790334699937371910/episodes/158/NATIVE/TRACE.jsonl,6c37bcad3a8e9a3d3ec38914f2e3dbf431d63890c84e10e06cacf352edc0f3d6,projects/qwen35_indoor_nav/research/continuation_memory_v1/strong_backbone_recovery_v1/recovery_action_v1/runs/action_001/dev/evaluation/gpu1_1790334699937371910/episodes/158/COMPLETE.json
discovery_dev,158,uNb9QFRL6hY,CONCAT,0.0,0.0,121,projects/qwen35_indoor_nav/research/continuation_memory_v1/strong_backbone_recovery_v1/recovery_action_v1/runs/action_001/dev/evaluation/gpu1_1790334699937371910/episodes/158/CONCAT/TRACE.jsonl,9464d073ef342eb0d9b97b4495f095a872c0302a6469556e25f0a2770b41d1ba,projects/qwen35_indoor_nav/research/continuation_memory_v1/strong_backbone_recovery_v1/recovery_action_v1/runs/action_001/dev/evaluation/gpu1_1790334699937371910/episodes/158/COMPLETE.json
discovery_dev,158,uNb9QFRL6hY,EVIDENCE,0.0,0.0,92,projects/qwen35_indoor_nav/research/continuation_memory_v1/strong_backbone_recovery_v1/recovery_action_v1/runs/action_001/dev/evaluation/gpu1_1790334699937371910/episodes/158/EVIDENCE/TRACE.jsonl,ef25c3ab2bf4839249dd726795684014af27144c98581b55ebc0dc7efe8d554a,projects/qwen35_indoor_nav/research/continuation_memory_v1/strong_backbone_recovery_v1/recovery_action_v1/runs/action_001/dev/evaluation/gpu1_1790334699937371910/episodes/158/COMPLETE.json
discovery_dev,167,uNb9QFRL6hY,NATIVE,0.0,0.0,101,projects/qwen35_indoor_nav/research/continuation_memory_v1/strong_backbone_recovery_v1/recovery_action_v1/runs/action_001/dev/evaluation/gpu1_1790334699937371910/episodes/167/NATIVE/TRACE.jsonl,6267b238dc729381d9f15bcc11f4766c80f8d4d253aa939fd013f3b45cdac531,projects/qwen35_indoor_nav/research/continuation_memory_v1/strong_backbone_recovery_v1/recovery_action_v1/runs/action_001/dev/evaluation/gpu1_1790334699937371910/episodes/167/COMPLETE.json
discovery_dev,167,uNb9QFRL6hY,EVIDENCE,0.0,0.0,113,projects/qwen35_indoor_nav/research/continuation_memory_v1/strong_backbone_recovery_v1/recovery_action_v1/runs/action_001/dev/evaluation/gpu1_1790334699937371910/episodes/167/EVIDENCE/TRACE.jsonl,9f61793a0a1f62ae1a90b4347f2ca1e0cda5f504310661e7260d6d1c3d87eb48,projects/qwen35_indoor_nav/research/continuation_memory_v1/strong_backbone_recovery_v1/recovery_action_v1/runs/action_001/dev/evaluation/gpu1_1790334699937371910/episodes/167/COMPLETE.json
discovery_dev,167,uNb9QFRL6hY,CONCAT,1.0,0.49819848407372774,161,projects/qwen35_indoor_nav/research/continuation_memory_v1/strong_backbone_recovery_v1/recovery_action_v1/runs/action_001/dev/evaluation/gpu1_1790334699937371910/episodes/167/CONCAT/TRACE.jsonl,acc0660d03449b155c6999289a3eb5505bda2f50ec8a244b3eb7709192df8681,projects/qwen35_indoor_nav/research/continuation_memory_v1/strong_backbone_recovery_v1/recovery_action_v1/runs/action_001/dev/evaluation/gpu1_1790334699937371910/episodes/167/COMPLETE.json
discovery_dev,173,uNb9QFRL6hY,NATIVE,0.0,0.0,104,projects/qwen35_indoor_nav/research/continuation_memory_v1/strong_backbone_recovery_v1/recovery_action_v1/runs/action_001/dev/evaluation/gpu1_1790334699937371910/episodes/173/NATIVE/TRACE.jsonl,05e60ab22f6be509d27e52a04088671580637b53b30c506409ff0a5fd9d74338,projects/qwen35_indoor_nav/research/continuation_memory_v1/strong_backbone_recovery_v1/recovery_action_v1/runs/action_001/dev/evaluation/gpu1_1790334699937371910/episodes/173/COMPLETE.json
discovery_dev,173,uNb9QFRL6hY,EVIDENCE,0.0,0.0,129,projects/qwen35_indoor_nav/research/continuation_memory_v1/strong_backbone_recovery_v1/recovery_action_v1/runs/action_001/dev/evaluation/gpu1_1790334699937371910/episodes/173/EVIDENCE/TRACE.jsonl,21dd10affd9d73292b6f7ef05bc8263aeec88a0f29a0e5adb1b5061cf1c9bccc,projects/qwen35_indoor_nav/research/continuation_memory_v1/strong_backbone_recovery_v1/recovery_action_v1/runs/action_001/dev/evaluation/gpu1_1790334699937371910/episodes/173/COMPLETE.json
discovery_dev,173,uNb9QFRL6hY,CONCAT,0.0,0.0,118,projects/qwen35_indoor_nav/research/continuation_memory_v1/strong_backbone_recovery_v1/recovery_action_v1/runs/action_001/dev/evaluation/gpu1_1790334699937371910/episodes/173/CONCAT/TRACE.jsonl,086443f87f273fc750fbb17d329b400739db0e53094b7ac947b9aeb3a5ecf7d4,projects/qwen35_indoor_nav/research/continuation_memory_v1/strong_backbone_recovery_v1/recovery_action_v1/runs/action_001/dev/evaluation/gpu1_1790334699937371910/episodes/173/COMPLETE.json
discovery_dev,97,uNb9QFRL6hY,NATIVE,0.0,0.0,71,projects/qwen35_indoor_nav/research/continuation_memory_v1/strong_backbone_recovery_v1/recovery_action_v1/runs/action_001/dev/evaluation/gpu1_1790334699937371910/episodes/97/NATIVE/TRACE.jsonl,e3dd5a2517503605fb2384d97fab3e8184b8bd372d27c193b4ac7d7dc237e9d3,projects/qwen35_indoor_nav/research/continuation_memory_v1/strong_backbone_recovery_v1/recovery_action_v1/runs/action_001/dev/evaluation/gpu1_1790334699937371910/episodes/97/COMPLETE.json
discovery_dev,97,uNb9QFRL6hY,EVIDENCE,0.0,0.0,71,projects/qwen35_indoor_nav/research/continuation_memory_v1/strong_backbone_recovery_v1/recovery_action_v1/runs/action_001/dev/evaluation/gpu1_1790334699937371910/episodes/97/EVIDENCE/TRACE.jsonl,6f6b30fb1bf38466bbfcf686f331521e6876f004167cd4ace0ebd161714ea384,projects/qwen35_indoor_nav/research/continuation_memory_v1/strong_backbone_recovery_v1/recovery_action_v1/runs/action_001/dev/evaluation/gpu1_1790334699937371910/episodes/97/COMPLETE.json
discovery_dev,97,uNb9QFRL6hY,CONCAT,0.0,0.0,71,projects/qwen35_indoor_nav/research/continuation_memory_v1/strong_backbone_recovery_v1/recovery_action_v1/runs/action_001/dev/evaluation/gpu1_1790334699937371910/episodes/97/CONCAT/TRACE.jsonl,eb78bac942164bae79ce0de54f15d5f397939c969473f58bad27dd57c64831fd,projects/qwen35_indoor_nav/research/continuation_memory_v1/strong_backbone_recovery_v1/recovery_action_v1/runs/action_001/dev/evaluation/gpu1_1790334699937371910/episodes/97/COMPLETE.json
discovery_dev,302,17DRP5sb8fy,NATIVE,1.0,0.9050517447353993,68,projects/qwen35_indoor_nav/research/continuation_memory_v1/strong_backbone_recovery_v1/recovery_action_v1/runs/action_001/dev/evaluation/gpu2_1790334700077934033/episodes/302/NATIVE/TRACE.jsonl,b6cf44601da340c3818e1c1bb04ce42858219beb9c7094ae95586221510c8ebb,projects/qwen35_indoor_nav/research/continuation_memory_v1/strong_backbone_recovery_v1/recovery_action_v1/runs/action_001/dev/evaluation/gpu2_1790334700077934033/episodes/302/COMPLETE.json
discovery_dev,302,17DRP5sb8fy,CONCAT,1.0,0.9050517447353993,68,projects/qwen35_indoor_nav/research/continuation_memory_v1/strong_backbone_recovery_v1/recovery_action_v1/runs/action_001/dev/evaluation/gpu2_1790334700077934033/episodes/302/CONCAT/TRACE.jsonl,785adc15555a2236b40e69fe92b81b2c1e8acbae82728885b68699d16952fd54,projects/qwen35_indoor_nav/research/continuation_memory_v1/strong_backbone_recovery_v1/recovery_action_v1/runs/action_001/dev/evaluation/gpu2_1790334700077934033/episodes/302/COMPLETE.json
discovery_dev,302,17DRP5sb8fy,EVIDENCE,1.0,0.9050517447353993,68,projects/qwen35_indoor_nav/research/continuation_memory_v1/strong_backbone_recovery_v1/recovery_action_v1/runs/action_001/dev/evaluation/gpu2_1790334700077934033/episodes/302/EVIDENCE/TRACE.jsonl,9a0156bfc1980f158cafaf317bb3238838db04d0a98b6d4d2ba51b06d52c9551,projects/qwen35_indoor_nav/research/continuation_memory_v1/strong_backbone_recovery_v1/recovery_action_v1/runs/action_001/dev/evaluation/gpu2_1790334700077934033/episodes/302/COMPLETE.json
discovery_dev,303,17DRP5sb8fy,NATIVE,1.0,1.0,31,projects/qwen35_indoor_nav/research/continuation_memory_v1/strong_backbone_recovery_v1/recovery_action_v1/runs/action_001/dev/evaluation/gpu2_1790334700077934033/episodes/303/NATIVE/TRACE.jsonl,da1f3de214370543ea770834f256792df0944797c8e6cdaa2a889eac162f419e,projects/qwen35_indoor_nav/research/continuation_memory_v1/strong_backbone_recovery_v1/recovery_action_v1/runs/action_001/dev/evaluation/gpu2_1790334700077934033/episodes/303/COMPLETE.json
discovery_dev,303,17DRP5sb8fy,EVIDENCE,1.0,1.0,31,projects/qwen35_indoor_nav/research/continuation_memory_v1/strong_backbone_recovery_v1/recovery_action_v1/runs/action_001/dev/evaluation/gpu2_1790334700077934033/episodes/303/EVIDENCE/TRACE.jsonl,c24e0901a584ef0cdd07c5ef9d8fc9db9e07eb7ea01f7c4349cd405b289fd8b4,projects/qwen35_indoor_nav/research/continuation_memory_v1/strong_backbone_recovery_v1/recovery_action_v1/runs/action_001/dev/evaluation/gpu2_1790334700077934033/episodes/303/COMPLETE.json
discovery_dev,303,17DRP5sb8fy,CONCAT,1.0,1.0,31,projects/qwen35_indoor_nav/research/continuation_memory_v1/strong_backbone_recovery_v1/recovery_action_v1/runs/action_001/dev/evaluation/gpu2_1790334700077934033/episodes/303/CONCAT/TRACE.jsonl,1eb16647d84275a3fa4f5d42d7e8243de8a73d211f6177873f62caae0850d439,projects/qwen35_indoor_nav/research/continuation_memory_v1/strong_backbone_recovery_v1/recovery_action_v1/runs/action_001/dev/evaluation/gpu2_1790334700077934033/episodes/303/COMPLETE.json
discovery_dev,304,uNb9QFRL6hY,NATIVE,1.0,0.918000669530402,46,projects/qwen35_indoor_nav/research/continuation_memory_v1/strong_backbone_recovery_v1/recovery_action_v1/runs/action_001/dev/evaluation/gpu2_1790334700077934033/episodes/304/NATIVE/TRACE.jsonl,0670355dedde0202eba846fdfa031630f585c6ed0c70f46a3dbe0472c91f46c1,projects/qwen35_indoor_nav/research/continuation_memory_v1/strong_backbone_recovery_v1/recovery_action_v1/runs/action_001/dev/evaluation/gpu2_1790334700077934033/episodes/304/COMPLETE.json
discovery_dev,304,uNb9QFRL6hY,CONCAT,1.0,0.918000669530402,46,projects/qwen35_indoor_nav/research/continuation_memory_v1/strong_backbone_recovery_v1/recovery_action_v1/runs/action_001/dev/evaluation/gpu2_1790334700077934033/episodes/304/CONCAT/TRACE.jsonl,a057378d9326a5e4bcfe7840f8a6cf7f90ba512d52d980b0391000714e0f62b4,projects/qwen35_indoor_nav/research/continuation_memory_v1/strong_backbone_recovery_v1/recovery_action_v1/runs/action_001/dev/evaluation/gpu2_1790334700077934033/episodes/304/COMPLETE.json
discovery_dev,304,uNb9QFRL6hY,EVIDENCE,1.0,0.918000669530402,46,projects/qwen35_indoor_nav/research/continuation_memory_v1/strong_backbone_recovery_v1/recovery_action_v1/runs/action_001/dev/evaluation/gpu2_1790334700077934033/episodes/304/EVIDENCE/TRACE.jsonl,5f7c5aef8989328d5f71f633fa29e3e1348462c8761d6e8361a4b819364be1ab,projects/qwen35_indoor_nav/research/continuation_memory_v1/strong_backbone_recovery_v1/recovery_action_v1/runs/action_001/dev/evaluation/gpu2_1790334700077934033/episodes/304/COMPLETE.json
discovery_dev,305,r1Q1Z4BcV1o,NATIVE,1.0,0.9426473905647108,74,projects/qwen35_indoor_nav/research/continuation_memory_v1/strong_backbone_recovery_v1/recovery_action_v1/runs/action_001/dev/evaluation/gpu2_1790334700077934033/episodes/305/NATIVE/TRACE.jsonl,d50a5fdfa2dbe76eb78eb01182b33ede5cf5288d59742b6ab83c437db0e766e4,projects/qwen35_indoor_nav/research/continuation_memory_v1/strong_backbone_recovery_v1/recovery_action_v1/runs/action_001/dev/evaluation/gpu2_1790334700077934033/episodes/305/COMPLETE.json
discovery_dev,305,r1Q1Z4BcV1o,EVIDENCE,1.0,0.9810760452631062,73,projects/qwen35_indoor_nav/research/continuation_memory_v1/strong_backbone_recovery_v1/recovery_action_v1/runs/action_001/dev/evaluation/gpu2_1790334700077934033/episodes/305/EVIDENCE/TRACE.jsonl,7378e3e336bfb5f5973d401efc2a10f4b50689136531eb09f8c8233e28e9131c,projects/qwen35_indoor_nav/research/continuation_memory_v1/strong_backbone_recovery_v1/recovery_action_v1/runs/action_001/dev/evaluation/gpu2_1790334700077934033/episodes/305/COMPLETE.json
discovery_dev,305,r1Q1Z4BcV1o,CONCAT,1.0,0.9426473905647108,74,projects/qwen35_indoor_nav/research/continuation_memory_v1/strong_backbone_recovery_v1/recovery_action_v1/runs/action_001/dev/evaluation/gpu2_1790334700077934033/episodes/305/CONCAT/TRACE.jsonl,46f74078baa7a27d9686476a7708f6fb123276c8a3583c06a43d519322217028,projects/qwen35_indoor_nav/research/continuation_memory_v1/strong_backbone_recovery_v1/recovery_action_v1/runs/action_001/dev/evaluation/gpu2_1790334700077934033/episodes/305/COMPLETE.json
discovery_dev,306,17DRP5sb8fy,NATIVE,1.0,0.9768251466554189,39,projects/qwen35_indoor_nav/research/continuation_memory_v1/strong_backbone_recovery_v1/recovery_action_v1/runs/action_001/dev/evaluation/gpu2_1790334700077934033/episodes/306/NATIVE/TRACE.jsonl,06ad1e6faa25bdd7e2dd45d5ec9e0a709e2c58419376b94f33b743160dc2f428,projects/qwen35_indoor_nav/research/continuation_memory_v1/strong_backbone_recovery_v1/recovery_action_v1/runs/action_001/dev/evaluation/gpu2_1790334700077934033/episodes/306/COMPLETE.json
discovery_dev,306,17DRP5sb8fy,CONCAT,1.0,0.9768251466554189,39,projects/qwen35_indoor_nav/research/continuation_memory_v1/strong_backbone_recovery_v1/recovery_action_v1/runs/action_001/dev/evaluation/gpu2_1790334700077934033/episodes/306/CONCAT/TRACE.jsonl,931279cc382fa4d74f0aa8b6f9ea7c140e92b4f4e9951adce78a99dd3dbdebaf,projects/qwen35_indoor_nav/research/continuation_memory_v1/strong_backbone_recovery_v1/recovery_action_v1/runs/action_001/dev/evaluation/gpu2_1790334700077934033/episodes/306/COMPLETE.json
discovery_dev,306,17DRP5sb8fy,EVIDENCE,1.0,0.9768251466554189,39,projects/qwen35_indoor_nav/research/continuation_memory_v1/strong_backbone_recovery_v1/recovery_action_v1/runs/action_001/dev/evaluation/gpu2_1790334700077934033/episodes/306/EVIDENCE/TRACE.jsonl,039237324d81ad1ff84f1c3360dfd9f8d0bfeaff8a8ed734da387f5436f7f895,projects/qwen35_indoor_nav/research/continuation_memory_v1/strong_backbone_recovery_v1/recovery_action_v1/runs/action_001/dev/evaluation/gpu2_1790334700077934033/episodes/306/COMPLETE.json
discovery_dev,307,uNb9QFRL6hY,NATIVE,1.0,0.9867288139061354,34,projects/qwen35_indoor_nav/research/continuation_memory_v1/strong_backbone_recovery_v1/recovery_action_v1/runs/action_001/dev/evaluation/gpu2_1790334700077934033/episodes/307/NATIVE/TRACE.jsonl,1d0c6e7c19be80d4602c8e4c69ca46a5f83bfc4560cd162f60022f75de1b17f8,projects/qwen35_indoor_nav/research/continuation_memory_v1/strong_backbone_recovery_v1/recovery_action_v1/runs/action_001/dev/evaluation/gpu2_1790334700077934033/episodes/307/COMPLETE.json
discovery_dev,307,uNb9QFRL6hY,EVIDENCE,1.0,0.9867288139061354,34,projects/qwen35_indoor_nav/research/continuation_memory_v1/strong_backbone_recovery_v1/recovery_action_v1/runs/action_001/dev/evaluation/gpu2_1790334700077934033/episodes/307/EVIDENCE/TRACE.jsonl,5c96b8f0fddd656ccc534ccdcc928293b33d8485b0960efee12fd4251d094e9e,projects/qwen35_indoor_nav/research/continuation_memory_v1/strong_backbone_recovery_v1/recovery_action_v1/runs/action_001/dev/evaluation/gpu2_1790334700077934033/episodes/307/COMPLETE.json
discovery_dev,307,uNb9QFRL6hY,CONCAT,1.0,0.9867288139061354,34,projects/qwen35_indoor_nav/research/continuation_memory_v1/strong_backbone_recovery_v1/recovery_action_v1/runs/action_001/dev/evaluation/gpu2_1790334700077934033/episodes/307/CONCAT/TRACE.jsonl,59643f55566091a7dc3b6c1e4c4d48291e9ac221e04575a3947750238be200f5,projects/qwen35_indoor_nav/research/continuation_memory_v1/strong_backbone_recovery_v1/recovery_action_v1/runs/action_001/dev/evaluation/gpu2_1790334700077934033/episodes/307/COMPLETE.json
discovery_dev,308,r1Q1Z4BcV1o,NATIVE,1.0,0.92872620632523,58,projects/qwen35_indoor_nav/research/continuation_memory_v1/strong_backbone_recovery_v1/recovery_action_v1/runs/action_001/dev/evaluation/gpu2_1790334700077934033/episodes/308/NATIVE/TRACE.jsonl,de7f4036bfc872e12f2caba6ffdf528a38f971c04c9ce63402d765d58349f1f7,projects/qwen35_indoor_nav/research/continuation_memory_v1/strong_backbone_recovery_v1/recovery_action_v1/runs/action_001/dev/evaluation/gpu2_1790334700077934033/episodes/308/COMPLETE.json
discovery_dev,308,r1Q1Z4BcV1o,CONCAT,1.0,0.92872620632523,58,projects/qwen35_indoor_nav/research/continuation_memory_v1/strong_backbone_recovery_v1/recovery_action_v1/runs/action_001/dev/evaluation/gpu2_1790334700077934033/episodes/308/CONCAT/TRACE.jsonl,4913e3529e8796f012156af3a92861b8ff794e6c863d8a66822812dc5e7fb1ad,projects/qwen35_indoor_nav/research/continuation_memory_v1/strong_backbone_recovery_v1/recovery_action_v1/runs/action_001/dev/evaluation/gpu2_1790334700077934033/episodes/308/COMPLETE.json
discovery_dev,308,r1Q1Z4BcV1o,EVIDENCE,1.0,0.92872620632523,58,projects/qwen35_indoor_nav/research/continuation_memory_v1/strong_backbone_recovery_v1/recovery_action_v1/runs/action_001/dev/evaluation/gpu2_1790334700077934033/episodes/308/EVIDENCE/TRACE.jsonl,749ceeb5ed30f844c62d75ccb84dd2c074d81be5b344ce09d44f14b80fa257b7,projects/qwen35_indoor_nav/research/continuation_memory_v1/strong_backbone_recovery_v1/recovery_action_v1/runs/action_001/dev/evaluation/gpu2_1790334700077934033/episodes/308/COMPLETE.json
discovery_dev,309,17DRP5sb8fy,NATIVE,1.0,0.9179824391373425,46,projects/qwen35_indoor_nav/research/continuation_memory_v1/strong_backbone_recovery_v1/recovery_action_v1/runs/action_001/dev/evaluation/gpu2_1790334700077934033/episodes/309/NATIVE/TRACE.jsonl,4ec1e53005f03adc8462f663beff76133f0fbb927e65320860717ae68c00db47,projects/qwen35_indoor_nav/research/continuation_memory_v1/strong_backbone_recovery_v1/recovery_action_v1/runs/action_001/dev/evaluation/gpu2_1790334700077934033/episodes/309/COMPLETE.json
discovery_dev,309,17DRP5sb8fy,EVIDENCE,1.0,0.9179824391373425,46,projects/qwen35_indoor_nav/research/continuation_memory_v1/strong_backbone_recovery_v1/recovery_action_v1/runs/action_001/dev/evaluation/gpu2_1790334700077934033/episodes/309/EVIDENCE/TRACE.jsonl,37a0a8b9f505951bf2fefe0637c36192f9f9f77265485f27f1eeea2d176b3837,projects/qwen35_indoor_nav/research/continuation_memory_v1/strong_backbone_recovery_v1/recovery_action_v1/runs/action_001/dev/evaluation/gpu2_1790334700077934033/episodes/309/COMPLETE.json
discovery_dev,309,17DRP5sb8fy,CONCAT,1.0,0.9179824391373425,46,projects/qwen35_indoor_nav/research/continuation_memory_v1/strong_backbone_recovery_v1/recovery_action_v1/runs/action_001/dev/evaluation/gpu2_1790334700077934033/episodes/309/CONCAT/TRACE.jsonl,46e518b78aec12162a1e7dc3f77d643287a1c7cf45f25393c42197e6bd8f2a5f,projects/qwen35_indoor_nav/research/continuation_memory_v1/strong_backbone_recovery_v1/recovery_action_v1/runs/action_001/dev/evaluation/gpu2_1790334700077934033/episodes/309/COMPLETE.json
discovery_dev,310,uNb9QFRL6hY,NATIVE,1.0,1.0,40,projects/qwen35_indoor_nav/research/continuation_memory_v1/strong_backbone_recovery_v1/recovery_action_v1/runs/action_001/dev/evaluation/gpu2_1790334700077934033/episodes/310/NATIVE/TRACE.jsonl,2de9b4dec86de2526145009a389b6137fd6234f6d2e751e38a0bdc3a39afe6f9,projects/qwen35_indoor_nav/research/continuation_memory_v1/strong_backbone_recovery_v1/recovery_action_v1/runs/action_001/dev/evaluation/gpu2_1790334700077934033/episodes/310/COMPLETE.json
discovery_dev,310,uNb9QFRL6hY,CONCAT,1.0,1.0,40,projects/qwen35_indoor_nav/research/continuation_memory_v1/strong_backbone_recovery_v1/recovery_action_v1/runs/action_001/dev/evaluation/gpu2_1790334700077934033/episodes/310/CONCAT/TRACE.jsonl,f4071e41a858910cc737d55bc4dfac4550cbaa057e30897d9220daff1077b080,projects/qwen35_indoor_nav/research/continuation_memory_v1/strong_backbone_recovery_v1/recovery_action_v1/runs/action_001/dev/evaluation/gpu2_1790334700077934033/episodes/310/COMPLETE.json
discovery_dev,310,uNb9QFRL6hY,EVIDENCE,1.0,1.0,40,projects/qwen35_indoor_nav/research/continuation_memory_v1/strong_backbone_recovery_v1/recovery_action_v1/runs/action_001/dev/evaluation/gpu2_1790334700077934033/episodes/310/EVIDENCE/TRACE.jsonl,d69cca3b8ec652d8271359d98751f2f81cc0ac34a8bafeee3912210ffe0b4cdf,projects/qwen35_indoor_nav/research/continuation_memory_v1/strong_backbone_recovery_v1/recovery_action_v1/runs/action_001/dev/evaluation/gpu2_1790334700077934033/episodes/310/COMPLETE.json
discovery_dev,311,r1Q1Z4BcV1o,NATIVE,1.0,0.9290340084061157,95,projects/qwen35_indoor_nav/research/continuation_memory_v1/strong_backbone_recovery_v1/recovery_action_v1/runs/action_001/dev/evaluation/gpu2_1790334700077934033/episodes/311/NATIVE/TRACE.jsonl,42cd003899eb556d7458b6252b9e4380b76d4877714822dc77a8ea56c797f9a5,projects/qwen35_indoor_nav/research/continuation_memory_v1/strong_backbone_recovery_v1/recovery_action_v1/runs/action_001/dev/evaluation/gpu2_1790334700077934033/episodes/311/COMPLETE.json
discovery_dev,311,r1Q1Z4BcV1o,EVIDENCE,1.0,0.9290340084061157,95,projects/qwen35_indoor_nav/research/continuation_memory_v1/strong_backbone_recovery_v1/recovery_action_v1/runs/action_001/dev/evaluation/gpu2_1790334700077934033/episodes/311/EVIDENCE/TRACE.jsonl,5b0f861aacc35703de5e09ca4c5fae1048e50fd77fda216c5979625a9b3d70a5,projects/qwen35_indoor_nav/research/continuation_memory_v1/strong_backbone_recovery_v1/recovery_action_v1/runs/action_001/dev/evaluation/gpu2_1790334700077934033/episodes/311/COMPLETE.json
discovery_dev,311,r1Q1Z4BcV1o,CONCAT,1.0,0.9290340084061157,95,projects/qwen35_indoor_nav/research/continuation_memory_v1/strong_backbone_recovery_v1/recovery_action_v1/runs/action_001/dev/evaluation/gpu2_1790334700077934033/episodes/311/CONCAT/TRACE.jsonl,8b0d7998182d61ba5c674b5496b10f7332c56e44ca2fbd30d729b2ca4ddf4239,projects/qwen35_indoor_nav/research/continuation_memory_v1/strong_backbone_recovery_v1/recovery_action_v1/runs/action_001/dev/evaluation/gpu2_1790334700077934033/episodes/311/COMPLETE.json
discovery_dev,312,8WUmhLawc2A,NATIVE,1.0,1.0,46,projects/qwen35_indoor_nav/research/continuation_memory_v1/strong_backbone_recovery_v1/recovery_action_v1/runs/action_001/dev/evaluation/gpu2_1790334700077934033/episodes/312/NATIVE/TRACE.jsonl,bd180c2f8d5b988732ed5a53305345816360be27a5d971a0aba51f15cc137a62,projects/qwen35_indoor_nav/research/continuation_memory_v1/strong_backbone_recovery_v1/recovery_action_v1/runs/action_001/dev/evaluation/gpu2_1790334700077934033/episodes/312/COMPLETE.json
discovery_dev,312,8WUmhLawc2A,CONCAT,1.0,1.0,46,projects/qwen35_indoor_nav/research/continuation_memory_v1/strong_backbone_recovery_v1/recovery_action_v1/runs/action_001/dev/evaluation/gpu2_1790334700077934033/episodes/312/CONCAT/TRACE.jsonl,4d8ec677db217a79e360956bd2f9d44b7f7f9ebbb77453a860b7cf59192ef36a,projects/qwen35_indoor_nav/research/continuation_memory_v1/strong_backbone_recovery_v1/recovery_action_v1/runs/action_001/dev/evaluation/gpu2_1790334700077934033/episodes/312/COMPLETE.json
discovery_dev,312,8WUmhLawc2A,EVIDENCE,1.0,1.0,46,projects/qwen35_indoor_nav/research/continuation_memory_v1/strong_backbone_recovery_v1/recovery_action_v1/runs/action_001/dev/evaluation/gpu2_1790334700077934033/episodes/312/EVIDENCE/TRACE.jsonl,2fe51fecdaa95b99cb3ab0112efb19ecf19a9c04229a81f187db34b70b9b9022,projects/qwen35_indoor_nav/research/continuation_memory_v1/strong_backbone_recovery_v1/recovery_action_v1/runs/action_001/dev/evaluation/gpu2_1790334700077934033/episodes/312/COMPLETE.json
discovery_dev,313,17DRP5sb8fy,NATIVE,1.0,1.0,34,projects/qwen35_indoor_nav/research/continuation_memory_v1/strong_backbone_recovery_v1/recovery_action_v1/runs/action_001/dev/evaluation/gpu2_1790334700077934033/episodes/313/NATIVE/TRACE.jsonl,fe76a818520213ae67204e7dbf17294b8d445f2df8e6e6500864e658df83e672,projects/qwen35_indoor_nav/research/continuation_memory_v1/strong_backbone_recovery_v1/recovery_action_v1/runs/action_001/dev/evaluation/gpu2_1790334700077934033/episodes/313/COMPLETE.json
discovery_dev,313,17DRP5sb8fy,EVIDENCE,1.0,1.0,34,projects/qwen35_indoor_nav/research/continuation_memory_v1/strong_backbone_recovery_v1/recovery_action_v1/runs/action_001/dev/evaluation/gpu2_1790334700077934033/episodes/313/EVIDENCE/TRACE.jsonl,025ba4fb9332cedd880c2758a3b9d44ef4d34f938c28d9bdd5874eb003646513,projects/qwen35_indoor_nav/research/continuation_memory_v1/strong_backbone_recovery_v1/recovery_action_v1/runs/action_001/dev/evaluation/gpu2_1790334700077934033/episodes/313/COMPLETE.json
discovery_dev,313,17DRP5sb8fy,CONCAT,1.0,1.0,34,projects/qwen35_indoor_nav/research/continuation_memory_v1/strong_backbone_recovery_v1/recovery_action_v1/runs/action_001/dev/evaluation/gpu2_1790334700077934033/episodes/313/CONCAT/TRACE.jsonl,9cb8d3d246d3e96c01bf87172b31fd3380bc1ae35fbc3526f5e6330c2bd81c35,projects/qwen35_indoor_nav/research/continuation_memory_v1/strong_backbone_recovery_v1/recovery_action_v1/runs/action_001/dev/evaluation/gpu2_1790334700077934033/episodes/313/COMPLETE.json
discovery_dev,314,17DRP5sb8fy,NATIVE,1.0,1.0,39,projects/qwen35_indoor_nav/research/continuation_memory_v1/strong_backbone_recovery_v1/recovery_action_v1/runs/action_001/dev/evaluation/gpu2_1790334700077934033/episodes/314/NATIVE/TRACE.jsonl,6830a5848dd0870b45bfb62056fdc0575177bc6d4c512550ae3fa9306987d35e,projects/qwen35_indoor_nav/research/continuation_memory_v1/strong_backbone_recovery_v1/recovery_action_v1/runs/action_001/dev/evaluation/gpu2_1790334700077934033/episodes/314/COMPLETE.json
discovery_dev,314,17DRP5sb8fy,CONCAT,1.0,1.0,39,projects/qwen35_indoor_nav/research/continuation_memory_v1/strong_backbone_recovery_v1/recovery_action_v1/runs/action_001/dev/evaluation/gpu2_1790334700077934033/episodes/314/CONCAT/TRACE.jsonl,d15b8d6bd3cd2a4fcc237a5a5f144f9b0f4d3434f5131aa487bf755d70a8d6d4,projects/qwen35_indoor_nav/research/continuation_memory_v1/strong_backbone_recovery_v1/recovery_action_v1/runs/action_001/dev/evaluation/gpu2_1790334700077934033/episodes/314/COMPLETE.json
discovery_dev,314,17DRP5sb8fy,EVIDENCE,1.0,1.0,39,projects/qwen35_indoor_nav/research/continuation_memory_v1/strong_backbone_recovery_v1/recovery_action_v1/runs/action_001/dev/evaluation/gpu2_1790334700077934033/episodes/314/EVIDENCE/TRACE.jsonl,b85f8e4b18d20b6a72bd7dcb6f99b61510b56f9380d45b550558d502de3038d9,projects/qwen35_indoor_nav/research/continuation_memory_v1/strong_backbone_recovery_v1/recovery_action_v1/runs/action_001/dev/evaluation/gpu2_1790334700077934033/episodes/314/COMPLETE.json
discovery_dev,315,17DRP5sb8fy,NATIVE,1.0,1.0,39,projects/qwen35_indoor_nav/research/continuation_memory_v1/strong_backbone_recovery_v1/recovery_action_v1/runs/action_001/dev/evaluation/gpu2_1790334700077934033/episodes/315/NATIVE/TRACE.jsonl,346e7299e734bbd2f2d6671cedf0b430509605f3b5f169cc8c7f96cf38ecaa4c,projects/qwen35_indoor_nav/research/continuation_memory_v1/strong_backbone_recovery_v1/recovery_action_v1/runs/action_001/dev/evaluation/gpu2_1790334700077934033/episodes/315/COMPLETE.json
discovery_dev,315,17DRP5sb8fy,EVIDENCE,1.0,1.0,39,projects/qwen35_indoor_nav/research/continuation_memory_v1/strong_backbone_recovery_v1/recovery_action_v1/runs/action_001/dev/evaluation/gpu2_1790334700077934033/episodes/315/EVIDENCE/TRACE.jsonl,10312019582183f9327510e4eb3f30f15efdda97ce894a361ed0b701292970b8,projects/qwen35_indoor_nav/research/continuation_memory_v1/strong_backbone_recovery_v1/recovery_action_v1/runs/action_001/dev/evaluation/gpu2_1790334700077934033/episodes/315/COMPLETE.json
discovery_dev,315,17DRP5sb8fy,CONCAT,1.0,1.0,39,projects/qwen35_indoor_nav/research/continuation_memory_v1/strong_backbone_recovery_v1/recovery_action_v1/runs/action_001/dev/evaluation/gpu2_1790334700077934033/episodes/315/CONCAT/TRACE.jsonl,ad097da05420189cb8a1a6f1beb45035cab4d431ba4184903768c7a3f49e2c91,projects/qwen35_indoor_nav/research/continuation_memory_v1/strong_backbone_recovery_v1/recovery_action_v1/runs/action_001/dev/evaluation/gpu2_1790334700077934033/episodes/315/COMPLETE.json
discovery_dev,316,uNb9QFRL6hY,NATIVE,1.0,0.9934738027955804,52,projects/qwen35_indoor_nav/research/continuation_memory_v1/strong_backbone_recovery_v1/recovery_action_v1/runs/action_001/dev/evaluation/gpu2_1790334700077934033/episodes/316/NATIVE/TRACE.jsonl,c384d637ce8c3d3bd54a2458339658a3a3f4c889334e864e50d83c7eeb402d4d,projects/qwen35_indoor_nav/research/continuation_memory_v1/strong_backbone_recovery_v1/recovery_action_v1/runs/action_001/dev/evaluation/gpu2_1790334700077934033/episodes/316/COMPLETE.json
discovery_dev,316,uNb9QFRL6hY,CONCAT,1.0,0.9934738027955804,52,projects/qwen35_indoor_nav/research/continuation_memory_v1/strong_backbone_recovery_v1/recovery_action_v1/runs/action_001/dev/evaluation/gpu2_1790334700077934033/episodes/316/CONCAT/TRACE.jsonl,504596fb20cf46e5b811d5dc76679e87aef5d5eb1dcdd89c8d863d5c64af6437,projects/qwen35_indoor_nav/research/continuation_memory_v1/strong_backbone_recovery_v1/recovery_action_v1/runs/action_001/dev/evaluation/gpu2_1790334700077934033/episodes/316/COMPLETE.json
discovery_dev,316,uNb9QFRL6hY,EVIDENCE,1.0,0.9934738027955804,52,projects/qwen35_indoor_nav/research/continuation_memory_v1/strong_backbone_recovery_v1/recovery_action_v1/runs/action_001/dev/evaluation/gpu2_1790334700077934033/episodes/316/EVIDENCE/TRACE.jsonl,4f5fe72a1cbec954567cda700724bf327cb2a8e93d933778b47b209ddb80d6fe,projects/qwen35_indoor_nav/research/continuation_memory_v1/strong_backbone_recovery_v1/recovery_action_v1/runs/action_001/dev/evaluation/gpu2_1790334700077934033/episodes/316/COMPLETE.json
discovery_dev,317,8WUmhLawc2A,NATIVE,1.0,0.9126173441611499,43,projects/qwen35_indoor_nav/research/continuation_memory_v1/strong_backbone_recovery_v1/recovery_action_v1/runs/action_001/dev/evaluation/gpu2_1790334700077934033/episodes/317/NATIVE/TRACE.jsonl,354881e40189884b979904340eae37ac570cd612b3bf944517b06b42e3ba90a4,projects/qwen35_indoor_nav/research/continuation_memory_v1/strong_backbone_recovery_v1/recovery_action_v1/runs/action_001/dev/evaluation/gpu2_1790334700077934033/episodes/317/COMPLETE.json
discovery_dev,317,8WUmhLawc2A,EVIDENCE,1.0,0.9126173441611499,43,projects/qwen35_indoor_nav/research/continuation_memory_v1/strong_backbone_recovery_v1/recovery_action_v1/runs/action_001/dev/evaluation/gpu2_1790334700077934033/episodes/317/EVIDENCE/TRACE.jsonl,b036a281fd27ede97e296e8e4d184c7748ea81cb6b97027674e2acfbaf286a57,projects/qwen35_indoor_nav/research/continuation_memory_v1/strong_backbone_recovery_v1/recovery_action_v1/runs/action_001/dev/evaluation/gpu2_1790334700077934033/episodes/317/COMPLETE.json
discovery_dev,317,8WUmhLawc2A,CONCAT,1.0,0.9126173441611499,43,projects/qwen35_indoor_nav/research/continuation_memory_v1/strong_backbone_recovery_v1/recovery_action_v1/runs/action_001/dev/evaluation/gpu2_1790334700077934033/episodes/317/CONCAT/TRACE.jsonl,a2152f0cc9a732ad8d0a8a8b4f15949158cf88f71b4b1f3be60febf5468af9e4,projects/qwen35_indoor_nav/research/continuation_memory_v1/strong_backbone_recovery_v1/recovery_action_v1/runs/action_001/dev/evaluation/gpu2_1790334700077934033/episodes/317/COMPLETE.json
discovery_dev,318,17DRP5sb8fy,NATIVE,1.0,0.6989035926097091,38,projects/qwen35_indoor_nav/research/continuation_memory_v1/strong_backbone_recovery_v1/recovery_action_v1/runs/action_001/dev/evaluation/gpu3_1790334700219397298/episodes/318/NATIVE/TRACE.jsonl,57b41f079c0f10c19e6885b7e8b49c53e9578489c095b3985ece471e69efed62,projects/qwen35_indoor_nav/research/continuation_memory_v1/strong_backbone_recovery_v1/recovery_action_v1/runs/action_001/dev/evaluation/gpu3_1790334700219397298/episodes/318/COMPLETE.json
discovery_dev,318,17DRP5sb8fy,CONCAT,1.0,0.6989035926097091,38,projects/qwen35_indoor_nav/research/continuation_memory_v1/strong_backbone_recovery_v1/recovery_action_v1/runs/action_001/dev/evaluation/gpu3_1790334700219397298/episodes/318/CONCAT/TRACE.jsonl,91fb315aaa9c16de02a0e8d16ac622bfcfbeb78d2b6112ee6283b0600a8dce66,projects/qwen35_indoor_nav/research/continuation_memory_v1/strong_backbone_recovery_v1/recovery_action_v1/runs/action_001/dev/evaluation/gpu3_1790334700219397298/episodes/318/COMPLETE.json
discovery_dev,318,17DRP5sb8fy,EVIDENCE,1.0,0.6989035926097091,38,projects/qwen35_indoor_nav/research/continuation_memory_v1/strong_backbone_recovery_v1/recovery_action_v1/runs/action_001/dev/evaluation/gpu3_1790334700219397298/episodes/318/EVIDENCE/TRACE.jsonl,0a2b9227b6ea915d8d689bee121f1244b13785053261d5fb1083d0a5696acdc3,projects/qwen35_indoor_nav/research/continuation_memory_v1/strong_backbone_recovery_v1/recovery_action_v1/runs/action_001/dev/evaluation/gpu3_1790334700219397298/episodes/318/COMPLETE.json
discovery_dev,319,uNb9QFRL6hY,NATIVE,1.0,0.929029385343484,59,projects/qwen35_indoor_nav/research/continuation_memory_v1/strong_backbone_recovery_v1/recovery_action_v1/runs/action_001/dev/evaluation/gpu3_1790334700219397298/episodes/319/NATIVE/TRACE.jsonl,355e875d8614464dcb3593bdb666639122077a6c85d69bd8621d3937a5a2a480,projects/qwen35_indoor_nav/research/continuation_memory_v1/strong_backbone_recovery_v1/recovery_action_v1/runs/action_001/dev/evaluation/gpu3_1790334700219397298/episodes/319/COMPLETE.json
discovery_dev,319,uNb9QFRL6hY,EVIDENCE,1.0,0.929029385343484,59,projects/qwen35_indoor_nav/research/continuation_memory_v1/strong_backbone_recovery_v1/recovery_action_v1/runs/action_001/dev/evaluation/gpu3_1790334700219397298/episodes/319/EVIDENCE/TRACE.jsonl,94167ae807df69f652f40c580bb4162f7b575e5bc669b9b82ebaa12be1ddd1cc,projects/qwen35_indoor_nav/research/continuation_memory_v1/strong_backbone_recovery_v1/recovery_action_v1/runs/action_001/dev/evaluation/gpu3_1790334700219397298/episodes/319/COMPLETE.json
discovery_dev,319,uNb9QFRL6hY,CONCAT,1.0,0.929029385343484,59,projects/qwen35_indoor_nav/research/continuation_memory_v1/strong_backbone_recovery_v1/recovery_action_v1/runs/action_001/dev/evaluation/gpu3_1790334700219397298/episodes/319/CONCAT/TRACE.jsonl,1a3c2ac617892030f136e56a9b670499236ebab56ab4f59d8308be785c0dcf64,projects/qwen35_indoor_nav/research/continuation_memory_v1/strong_backbone_recovery_v1/recovery_action_v1/runs/action_001/dev/evaluation/gpu3_1790334700219397298/episodes/319/COMPLETE.json
discovery_dev,320,r1Q1Z4BcV1o,NATIVE,1.0,0.8846180972831221,71,projects/qwen35_indoor_nav/research/continuation_memory_v1/strong_backbone_recovery_v1/recovery_action_v1/runs/action_001/dev/evaluation/gpu3_1790334700219397298/episodes/320/NATIVE/TRACE.jsonl,4364cee57dc5d18fbfef8ea7b8d6cced735959a409648fa2b89e9c140ae6596e,projects/qwen35_indoor_nav/research/continuation_memory_v1/strong_backbone_recovery_v1/recovery_action_v1/runs/action_001/dev/evaluation/gpu3_1790334700219397298/episodes/320/COMPLETE.json
discovery_dev,320,r1Q1Z4BcV1o,CONCAT,1.0,0.8846180972831221,71,projects/qwen35_indoor_nav/research/continuation_memory_v1/strong_backbone_recovery_v1/recovery_action_v1/runs/action_001/dev/evaluation/gpu3_1790334700219397298/episodes/320/CONCAT/TRACE.jsonl,708ad5ce54bbfce42dac073232619755bbaf27f17d5db5fec907aa2a62d74e1c,projects/qwen35_indoor_nav/research/continuation_memory_v1/strong_backbone_recovery_v1/recovery_action_v1/runs/action_001/dev/evaluation/gpu3_1790334700219397298/episodes/320/COMPLETE.json
discovery_dev,320,r1Q1Z4BcV1o,EVIDENCE,1.0,0.8846180972831221,71,projects/qwen35_indoor_nav/research/continuation_memory_v1/strong_backbone_recovery_v1/recovery_action_v1/runs/action_001/dev/evaluation/gpu3_1790334700219397298/episodes/320/EVIDENCE/TRACE.jsonl,05f157958b7a8bb7996e928800d125a9e7a2e3288d59f9db4e1456d06e46993e,projects/qwen35_indoor_nav/research/continuation_memory_v1/strong_backbone_recovery_v1/recovery_action_v1/runs/action_001/dev/evaluation/gpu3_1790334700219397298/episodes/320/COMPLETE.json
discovery_dev,321,8WUmhLawc2A,NATIVE,1.0,1.0,57,projects/qwen35_indoor_nav/research/continuation_memory_v1/strong_backbone_recovery_v1/recovery_action_v1/runs/action_001/dev/evaluation/gpu3_1790334700219397298/episodes/321/NATIVE/TRACE.jsonl,ae3fa773b651636ca01a5096a82bbb8cd0a0b0d1ddd796a7434732aa8292ecbf,projects/qwen35_indoor_nav/research/continuation_memory_v1/strong_backbone_recovery_v1/recovery_action_v1/runs/action_001/dev/evaluation/gpu3_1790334700219397298/episodes/321/COMPLETE.json
discovery_dev,321,8WUmhLawc2A,EVIDENCE,1.0,1.0,57,projects/qwen35_indoor_nav/research/continuation_memory_v1/strong_backbone_recovery_v1/recovery_action_v1/runs/action_001/dev/evaluation/gpu3_1790334700219397298/episodes/321/EVIDENCE/TRACE.jsonl,e0b7ed815840a34f93ffe72503d3d76d03efdac724797f79a887209f01940d1e,projects/qwen35_indoor_nav/research/continuation_memory_v1/strong_backbone_recovery_v1/recovery_action_v1/runs/action_001/dev/evaluation/gpu3_1790334700219397298/episodes/321/COMPLETE.json
discovery_dev,321,8WUmhLawc2A,CONCAT,1.0,1.0,57,projects/qwen35_indoor_nav/research/continuation_memory_v1/strong_backbone_recovery_v1/recovery_action_v1/runs/action_001/dev/evaluation/gpu3_1790334700219397298/episodes/321/CONCAT/TRACE.jsonl,c959929f5990ebbdd70a051edce2cf6082b93675feba0789b98e23a33391d2e9,projects/qwen35_indoor_nav/research/continuation_memory_v1/strong_backbone_recovery_v1/recovery_action_v1/runs/action_001/dev/evaluation/gpu3_1790334700219397298/episodes/321/COMPLETE.json
discovery_dev,322,uNb9QFRL6hY,NATIVE,1.0,0.9782214054156043,56,projects/qwen35_indoor_nav/research/continuation_memory_v1/strong_backbone_recovery_v1/recovery_action_v1/runs/action_001/dev/evaluation/gpu3_1790334700219397298/episodes/322/NATIVE/TRACE.jsonl,b822dbea59420a59f6d5ad7a5a1718341a31ec99c66ed467a4a0135e66f1fe74,projects/qwen35_indoor_nav/research/continuation_memory_v1/strong_backbone_recovery_v1/recovery_action_v1/runs/action_001/dev/evaluation/gpu3_1790334700219397298/episodes/322/COMPLETE.json
discovery_dev,322,uNb9QFRL6hY,CONCAT,1.0,0.9782214054156043,56,projects/qwen35_indoor_nav/research/continuation_memory_v1/strong_backbone_recovery_v1/recovery_action_v1/runs/action_001/dev/evaluation/gpu3_1790334700219397298/episodes/322/CONCAT/TRACE.jsonl,e45983b960692cbc6b8573c93a035a8aab4e54d8a00dd0d5385bf1bb5cb9fa31,projects/qwen35_indoor_nav/research/continuation_memory_v1/strong_backbone_recovery_v1/recovery_action_v1/runs/action_001/dev/evaluation/gpu3_1790334700219397298/episodes/322/COMPLETE.json
discovery_dev,322,uNb9QFRL6hY,EVIDENCE,1.0,0.9782214054156043,56,projects/qwen35_indoor_nav/research/continuation_memory_v1/strong_backbone_recovery_v1/recovery_action_v1/runs/action_001/dev/evaluation/gpu3_1790334700219397298/episodes/322/EVIDENCE/TRACE.jsonl,1085ed368cc6ac41c1c527ed507918ef49847e06a824bbc9d231e746762fa7eb,projects/qwen35_indoor_nav/research/continuation_memory_v1/strong_backbone_recovery_v1/recovery_action_v1/runs/action_001/dev/evaluation/gpu3_1790334700219397298/episodes/322/COMPLETE.json
discovery_dev,323,8WUmhLawc2A,NATIVE,1.0,1.0,70,projects/qwen35_indoor_nav/research/continuation_memory_v1/strong_backbone_recovery_v1/recovery_action_v1/runs/action_001/dev/evaluation/gpu3_1790334700219397298/episodes/323/NATIVE/TRACE.jsonl,098196c28d4bb4ffb5f0e91178e2d972a61e52bd1043102a9761bd7fbef823b6,projects/qwen35_indoor_nav/research/continuation_memory_v1/strong_backbone_recovery_v1/recovery_action_v1/runs/action_001/dev/evaluation/gpu3_1790334700219397298/episodes/323/COMPLETE.json
discovery_dev,323,8WUmhLawc2A,EVIDENCE,1.0,1.0,70,projects/qwen35_indoor_nav/research/continuation_memory_v1/strong_backbone_recovery_v1/recovery_action_v1/runs/action_001/dev/evaluation/gpu3_1790334700219397298/episodes/323/EVIDENCE/TRACE.jsonl,770ce35d2805ae41942d1d218dabf210cffcd8ebd33874e11fd3768b143af56d,projects/qwen35_indoor_nav/research/continuation_memory_v1/strong_backbone_recovery_v1/recovery_action_v1/runs/action_001/dev/evaluation/gpu3_1790334700219397298/episodes/323/COMPLETE.json
discovery_dev,323,8WUmhLawc2A,CONCAT,1.0,1.0,70,projects/qwen35_indoor_nav/research/continuation_memory_v1/strong_backbone_recovery_v1/recovery_action_v1/runs/action_001/dev/evaluation/gpu3_1790334700219397298/episodes/323/CONCAT/TRACE.jsonl,7e6310e441ddc4c750c99c60731fcd64ad8508eebb4af398200a50edf6480486,projects/qwen35_indoor_nav/research/continuation_memory_v1/strong_backbone_recovery_v1/recovery_action_v1/runs/action_001/dev/evaluation/gpu3_1790334700219397298/episodes/323/COMPLETE.json
discovery_dev,324,uNb9QFRL6hY,NATIVE,1.0,0.46491809821367397,86,projects/qwen35_indoor_nav/research/continuation_memory_v1/strong_backbone_recovery_v1/recovery_action_v1/runs/action_001/dev/evaluation/gpu3_1790334700219397298/episodes/324/NATIVE/TRACE.jsonl,b3fb24bcd5328cccfd76ceefbebc8ee083a50117a959e3d46e4809c979fd9004,projects/qwen35_indoor_nav/research/continuation_memory_v1/strong_backbone_recovery_v1/recovery_action_v1/runs/action_001/dev/evaluation/gpu3_1790334700219397298/episodes/324/COMPLETE.json
discovery_dev,324,uNb9QFRL6hY,CONCAT,1.0,0.551472029521504,74,projects/qwen35_indoor_nav/research/continuation_memory_v1/strong_backbone_recovery_v1/recovery_action_v1/runs/action_001/dev/evaluation/gpu3_1790334700219397298/episodes/324/CONCAT/TRACE.jsonl,6b2c6f2890e2a05990d23ef6339fdf3dea15c24201c43378edd937e5a09d8ac4,projects/qwen35_indoor_nav/research/continuation_memory_v1/strong_backbone_recovery_v1/recovery_action_v1/runs/action_001/dev/evaluation/gpu3_1790334700219397298/episodes/324/COMPLETE.json
discovery_dev,324,uNb9QFRL6hY,EVIDENCE,1.0,0.5505202601103484,76,projects/qwen35_indoor_nav/research/continuation_memory_v1/strong_backbone_recovery_v1/recovery_action_v1/runs/action_001/dev/evaluation/gpu3_1790334700219397298/episodes/324/EVIDENCE/TRACE.jsonl,b7dd4080c3a1e13e62e4e82f38e09f2a2efae9c9f41a139ba77fbcf706801947,projects/qwen35_indoor_nav/research/continuation_memory_v1/strong_backbone_recovery_v1/recovery_action_v1/runs/action_001/dev/evaluation/gpu3_1790334700219397298/episodes/324/COMPLETE.json
discovery_dev,325,8WUmhLawc2A,NATIVE,1.0,1.0,38,projects/qwen35_indoor_nav/research/continuation_memory_v1/strong_backbone_recovery_v1/recovery_action_v1/runs/action_001/dev/evaluation/gpu3_1790334700219397298/episodes/325/NATIVE/TRACE.jsonl,46f306d3a7ca797fb4d0907e572b00acd33d98e5b0ee79b64a3bff3ac0697540,projects/qwen35_indoor_nav/research/continuation_memory_v1/strong_backbone_recovery_v1/recovery_action_v1/runs/action_001/dev/evaluation/gpu3_1790334700219397298/episodes/325/COMPLETE.json
discovery_dev,325,8WUmhLawc2A,EVIDENCE,1.0,1.0,38,projects/qwen35_indoor_nav/research/continuation_memory_v1/strong_backbone_recovery_v1/recovery_action_v1/runs/action_001/dev/evaluation/gpu3_1790334700219397298/episodes/325/EVIDENCE/TRACE.jsonl,df5cef01c73d52e349fd206546a026fcd6a9e0d5cdb7d35891351f513dfd73f7,projects/qwen35_indoor_nav/research/continuation_memory_v1/strong_backbone_recovery_v1/recovery_action_v1/runs/action_001/dev/evaluation/gpu3_1790334700219397298/episodes/325/COMPLETE.json
discovery_dev,325,8WUmhLawc2A,CONCAT,1.0,1.0,38,projects/qwen35_indoor_nav/research/continuation_memory_v1/strong_backbone_recovery_v1/recovery_action_v1/runs/action_001/dev/evaluation/gpu3_1790334700219397298/episodes/325/CONCAT/TRACE.jsonl,a9095d4224a142276cfcc490a4b6ece1cea77d5f420bbac6f1c1c09771462951,projects/qwen35_indoor_nav/research/continuation_memory_v1/strong_backbone_recovery_v1/recovery_action_v1/runs/action_001/dev/evaluation/gpu3_1790334700219397298/episodes/325/COMPLETE.json
discovery_dev,326,8WUmhLawc2A,NATIVE,1.0,0.9167995508625947,54,projects/qwen35_indoor_nav/research/continuation_memory_v1/strong_backbone_recovery_v1/recovery_action_v1/runs/action_001/dev/evaluation/gpu3_1790334700219397298/episodes/326/NATIVE/TRACE.jsonl,beb0b6811e59c300b1de825589cf7e0fcc4df63eac5b5437f413eaa6b7fc72b4,projects/qwen35_indoor_nav/research/continuation_memory_v1/strong_backbone_recovery_v1/recovery_action_v1/runs/action_001/dev/evaluation/gpu3_1790334700219397298/episodes/326/COMPLETE.json
discovery_dev,326,8WUmhLawc2A,CONCAT,1.0,0.9167995508625947,54,projects/qwen35_indoor_nav/research/continuation_memory_v1/strong_backbone_recovery_v1/recovery_action_v1/runs/action_001/dev/evaluation/gpu3_1790334700219397298/episodes/326/CONCAT/TRACE.jsonl,86394847de7f9c79a1d6e7b1b9f4ea4d2594ff48787c4f071c2c29c328ef0d6a,projects/qwen35_indoor_nav/research/continuation_memory_v1/strong_backbone_recovery_v1/recovery_action_v1/runs/action_001/dev/evaluation/gpu3_1790334700219397298/episodes/326/COMPLETE.json
discovery_dev,326,8WUmhLawc2A,EVIDENCE,1.0,0.9167995508625947,54,projects/qwen35_indoor_nav/research/continuation_memory_v1/strong_backbone_recovery_v1/recovery_action_v1/runs/action_001/dev/evaluation/gpu3_1790334700219397298/episodes/326/EVIDENCE/TRACE.jsonl,4bfa90cd26a4796679d429d8637cc0c4509301b38a6e933ee78b2d5a808ee9ba,projects/qwen35_indoor_nav/research/continuation_memory_v1/strong_backbone_recovery_v1/recovery_action_v1/runs/action_001/dev/evaluation/gpu3_1790334700219397298/episodes/326/COMPLETE.json
discovery_dev,327,17DRP5sb8fy,NATIVE,1.0,0.820190638698276,43,projects/qwen35_indoor_nav/research/continuation_memory_v1/strong_backbone_recovery_v1/recovery_action_v1/runs/action_001/dev/evaluation/gpu3_1790334700219397298/episodes/327/NATIVE/TRACE.jsonl,3bd24b2f65db92a6ad8d6e824189e0024f6fc201b2d193159057a6e98d9ccee1,projects/qwen35_indoor_nav/research/continuation_memory_v1/strong_backbone_recovery_v1/recovery_action_v1/runs/action_001/dev/evaluation/gpu3_1790334700219397298/episodes/327/COMPLETE.json
discovery_dev,327,17DRP5sb8fy,EVIDENCE,1.0,0.820190638698276,43,projects/qwen35_indoor_nav/research/continuation_memory_v1/strong_backbone_recovery_v1/recovery_action_v1/runs/action_001/dev/evaluation/gpu3_1790334700219397298/episodes/327/EVIDENCE/TRACE.jsonl,17fb6e659f56aa07b536b80bd7e604356fdfd6d697d2be09ab3b4e1ff4ff07f0,projects/qwen35_indoor_nav/research/continuation_memory_v1/strong_backbone_recovery_v1/recovery_action_v1/runs/action_001/dev/evaluation/gpu3_1790334700219397298/episodes/327/COMPLETE.json
discovery_dev,327,17DRP5sb8fy,CONCAT,1.0,0.8201905821083509,44,projects/qwen35_indoor_nav/research/continuation_memory_v1/strong_backbone_recovery_v1/recovery_action_v1/runs/action_001/dev/evaluation/gpu3_1790334700219397298/episodes/327/CONCAT/TRACE.jsonl,fe2636be3c59dc230322c24055679eaa08652b4f7fda43ed6bf52ca90fae7e2c,projects/qwen35_indoor_nav/research/continuation_memory_v1/strong_backbone_recovery_v1/recovery_action_v1/runs/action_001/dev/evaluation/gpu3_1790334700219397298/episodes/327/COMPLETE.json
discovery_dev,328,r1Q1Z4BcV1o,NATIVE,1.0,0.980671462066461,51,projects/qwen35_indoor_nav/research/continuation_memory_v1/strong_backbone_recovery_v1/recovery_action_v1/runs/action_001/dev/evaluation/gpu3_1790334700219397298/episodes/328/NATIVE/TRACE.jsonl,97e84983e8eba5cb68c842b175940794565f01f237437003f6bfab4cfeed559c,projects/qwen35_indoor_nav/research/continuation_memory_v1/strong_backbone_recovery_v1/recovery_action_v1/runs/action_001/dev/evaluation/gpu3_1790334700219397298/episodes/328/COMPLETE.json
discovery_dev,328,r1Q1Z4BcV1o,CONCAT,1.0,0.980671462066461,51,projects/qwen35_indoor_nav/research/continuation_memory_v1/strong_backbone_recovery_v1/recovery_action_v1/runs/action_001/dev/evaluation/gpu3_1790334700219397298/episodes/328/CONCAT/TRACE.jsonl,e68f4b1b0dd2337e5ec8607b8acc3edfee100495129a73547490d7f45b132d7c,projects/qwen35_indoor_nav/research/continuation_memory_v1/strong_backbone_recovery_v1/recovery_action_v1/runs/action_001/dev/evaluation/gpu3_1790334700219397298/episodes/328/COMPLETE.json
discovery_dev,328,r1Q1Z4BcV1o,EVIDENCE,1.0,0.980671462066461,51,projects/qwen35_indoor_nav/research/continuation_memory_v1/strong_backbone_recovery_v1/recovery_action_v1/runs/action_001/dev/evaluation/gpu3_1790334700219397298/episodes/328/EVIDENCE/TRACE.jsonl,2a19b0cc11c778bad2d676bda3d33cfac93099f8a1b0fac76d591b61a961cbe7,projects/qwen35_indoor_nav/research/continuation_memory_v1/strong_backbone_recovery_v1/recovery_action_v1/runs/action_001/dev/evaluation/gpu3_1790334700219397298/episodes/328/COMPLETE.json
discovery_dev,329,r1Q1Z4BcV1o,NATIVE,1.0,0.9879184759173659,62,projects/qwen35_indoor_nav/research/continuation_memory_v1/strong_backbone_recovery_v1/recovery_action_v1/runs/action_001/dev/evaluation/gpu3_1790334700219397298/episodes/329/NATIVE/TRACE.jsonl,38cc71b524dbb9aa8aa2536edc59af2e12643e59057f7f381567972cae64feb0,projects/qwen35_indoor_nav/research/continuation_memory_v1/strong_backbone_recovery_v1/recovery_action_v1/runs/action_001/dev/evaluation/gpu3_1790334700219397298/episodes/329/COMPLETE.json
discovery_dev,329,r1Q1Z4BcV1o,EVIDENCE,1.0,0.9879184759173659,62,projects/qwen35_indoor_nav/research/continuation_memory_v1/strong_backbone_recovery_v1/recovery_action_v1/runs/action_001/dev/evaluation/gpu3_1790334700219397298/episodes/329/EVIDENCE/TRACE.jsonl,09825d52ff0993abfe184f8cd82d2efd0c69b38b2808f8f0a055ff4f707baf2c,projects/qwen35_indoor_nav/research/continuation_memory_v1/strong_backbone_recovery_v1/recovery_action_v1/runs/action_001/dev/evaluation/gpu3_1790334700219397298/episodes/329/COMPLETE.json
discovery_dev,329,r1Q1Z4BcV1o,CONCAT,1.0,0.9879184759173659,62,projects/qwen35_indoor_nav/research/continuation_memory_v1/strong_backbone_recovery_v1/recovery_action_v1/runs/action_001/dev/evaluation/gpu3_1790334700219397298/episodes/329/CONCAT/TRACE.jsonl,9a387ccd17fdcde3843b17adc004d9844b019ad41e2375ed8ab76df65b7f6e02,projects/qwen35_indoor_nav/research/continuation_memory_v1/strong_backbone_recovery_v1/recovery_action_v1/runs/action_001/dev/evaluation/gpu3_1790334700219397298/episodes/329/COMPLETE.json
discovery_dev,330,17DRP5sb8fy,NATIVE,1.0,0.9850142698669908,44,projects/qwen35_indoor_nav/research/continuation_memory_v1/strong_backbone_recovery_v1/recovery_action_v1/runs/action_001/dev/evaluation/gpu3_1790334700219397298/episodes/330/NATIVE/TRACE.jsonl,d500b75fdfe263ca43e6febdf8f4db6ad0c23ecb8b40e9f002b342bff0120e56,projects/qwen35_indoor_nav/research/continuation_memory_v1/strong_backbone_recovery_v1/recovery_action_v1/runs/action_001/dev/evaluation/gpu3_1790334700219397298/episodes/330/COMPLETE.json
discovery_dev,330,17DRP5sb8fy,CONCAT,1.0,0.9850142698669908,44,projects/qwen35_indoor_nav/research/continuation_memory_v1/strong_backbone_recovery_v1/recovery_action_v1/runs/action_001/dev/evaluation/gpu3_1790334700219397298/episodes/330/CONCAT/TRACE.jsonl,3ca7de4cbaa17544e26818346d09410b4890e60b2981e34071f7bc42c70f5c65,projects/qwen35_indoor_nav/research/continuation_memory_v1/strong_backbone_recovery_v1/recovery_action_v1/runs/action_001/dev/evaluation/gpu3_1790334700219397298/episodes/330/COMPLETE.json
discovery_dev,330,17DRP5sb8fy,EVIDENCE,1.0,0.9850142698669908,44,projects/qwen35_indoor_nav/research/continuation_memory_v1/strong_backbone_recovery_v1/recovery_action_v1/runs/action_001/dev/evaluation/gpu3_1790334700219397298/episodes/330/EVIDENCE/TRACE.jsonl,6038cbb7a8140bc5086924cbc58fc4ea56282d644a234306503782eb66913f87,projects/qwen35_indoor_nav/research/continuation_memory_v1/strong_backbone_recovery_v1/recovery_action_v1/runs/action_001/dev/evaluation/gpu3_1790334700219397298/episodes/330/COMPLETE.json
discovery_dev,331,8WUmhLawc2A,NATIVE,1.0,0.9395973275583973,42,projects/qwen35_indoor_nav/research/continuation_memory_v1/strong_backbone_recovery_v1/recovery_action_v1/runs/action_001/dev/evaluation/gpu3_1790334700219397298/episodes/331/NATIVE/TRACE.jsonl,f8a84d425a1be131d1e222469cb31137a3480ac3b022d67b56c093a57eeda755,projects/qwen35_indoor_nav/research/continuation_memory_v1/strong_backbone_recovery_v1/recovery_action_v1/runs/action_001/dev/evaluation/gpu3_1790334700219397298/episodes/331/COMPLETE.json
discovery_dev,331,8WUmhLawc2A,EVIDENCE,1.0,0.9395973275583973,42,projects/qwen35_indoor_nav/research/continuation_memory_v1/strong_backbone_recovery_v1/recovery_action_v1/runs/action_001/dev/evaluation/gpu3_1790334700219397298/episodes/331/EVIDENCE/TRACE.jsonl,d477698dcaaf090eafc5fd5cd8d73951e685671f4bab7d5bd8aa654611c7ff83,projects/qwen35_indoor_nav/research/continuation_memory_v1/strong_backbone_recovery_v1/recovery_action_v1/runs/action_001/dev/evaluation/gpu3_1790334700219397298/episodes/331/COMPLETE.json
discovery_dev,331,8WUmhLawc2A,CONCAT,1.0,0.9395973275583973,42,projects/qwen35_indoor_nav/research/continuation_memory_v1/strong_backbone_recovery_v1/recovery_action_v1/runs/action_001/dev/evaluation/gpu3_1790334700219397298/episodes/331/CONCAT/TRACE.jsonl,4624acad497f93400184433053afd6f1dee3ab81b1394e52ab52901fbf33caba,projects/qwen35_indoor_nav/research/continuation_memory_v1/strong_backbone_recovery_v1/recovery_action_v1/runs/action_001/dev/evaluation/gpu3_1790334700219397298/episodes/331/COMPLETE.json
discovery_dev,332,r1Q1Z4BcV1o,NATIVE,1.0,0.9586675524732516,80,projects/qwen35_indoor_nav/research/continuation_memory_v1/strong_backbone_recovery_v1/recovery_action_v1/runs/action_001/dev/evaluation/gpu3_1790334700219397298/episodes/332/NATIVE/TRACE.jsonl,a4e086870acbba7e651de640cec35a1c929087ce51e583fce45a5d48a59954d8,projects/qwen35_indoor_nav/research/continuation_memory_v1/strong_backbone_recovery_v1/recovery_action_v1/runs/action_001/dev/evaluation/gpu3_1790334700219397298/episodes/332/COMPLETE.json
discovery_dev,332,r1Q1Z4BcV1o,CONCAT,1.0,0.9586675524732516,80,projects/qwen35_indoor_nav/research/continuation_memory_v1/strong_backbone_recovery_v1/recovery_action_v1/runs/action_001/dev/evaluation/gpu3_1790334700219397298/episodes/332/CONCAT/TRACE.jsonl,442d905f47710e8440a5a16bd4cb50c311c3ab4603103e257a8b4fd8c197202c,projects/qwen35_indoor_nav/research/continuation_memory_v1/strong_backbone_recovery_v1/recovery_action_v1/runs/action_001/dev/evaluation/gpu3_1790334700219397298/episodes/332/COMPLETE.json
discovery_dev,332,r1Q1Z4BcV1o,EVIDENCE,1.0,0.9948326397761068,77,projects/qwen35_indoor_nav/research/continuation_memory_v1/strong_backbone_recovery_v1/recovery_action_v1/runs/action_001/dev/evaluation/gpu3_1790334700219397298/episodes/332/EVIDENCE/TRACE.jsonl,3893ce9a7e4ce339ec5ebb7fe3dbf2ce64999f38a2d7ef30d67aa080dc8b9a91,projects/qwen35_indoor_nav/research/continuation_memory_v1/strong_backbone_recovery_v1/recovery_action_v1/runs/action_001/dev/evaluation/gpu3_1790334700219397298/episodes/332/COMPLETE.json
discovery_dev,333,8WUmhLawc2A,NATIVE,1.0,1.0,51,projects/qwen35_indoor_nav/research/continuation_memory_v1/strong_backbone_recovery_v1/recovery_action_v1/runs/action_001/dev/evaluation/gpu3_1790334700219397298/episodes/333/NATIVE/TRACE.jsonl,eeb39c2154daec63109892dda671d896026c4e2ef1c2d1ecce0e0c26947b6608,projects/qwen35_indoor_nav/research/continuation_memory_v1/strong_backbone_recovery_v1/recovery_action_v1/runs/action_001/dev/evaluation/gpu3_1790334700219397298/episodes/333/COMPLETE.json
discovery_dev,333,8WUmhLawc2A,EVIDENCE,1.0,1.0,51,projects/qwen35_indoor_nav/research/continuation_memory_v1/strong_backbone_recovery_v1/recovery_action_v1/runs/action_001/dev/evaluation/gpu3_1790334700219397298/episodes/333/EVIDENCE/TRACE.jsonl,779ec1a6436c8294383329f7e493389dc7dc9c150446614cd0fa590ca4211304,projects/qwen35_indoor_nav/research/continuation_memory_v1/strong_backbone_recovery_v1/recovery_action_v1/runs/action_001/dev/evaluation/gpu3_1790334700219397298/episodes/333/COMPLETE.json
discovery_dev,333,8WUmhLawc2A,CONCAT,1.0,1.0,51,projects/qwen35_indoor_nav/research/continuation_memory_v1/strong_backbone_recovery_v1/recovery_action_v1/runs/action_001/dev/evaluation/gpu3_1790334700219397298/episodes/333/CONCAT/TRACE.jsonl,c9c99599dee55c4323086e6d07f99cf7b1bb9bd6fdaa6e26ae65a7caf69fbed3,projects/qwen35_indoor_nav/research/continuation_memory_v1/strong_backbone_recovery_v1/recovery_action_v1/runs/action_001/dev/evaluation/gpu3_1790334700219397298/episodes/333/COMPLETE.json
discovery_unseen,0,2azQ1b91cZZ,NATIVE,1.0,0.905870079363604,78,projects/qwen35_indoor_nav/research/continuation_memory_v1/strong_backbone_recovery_v1/recovery_action_v1/runs/action_001/unseen/evaluation/gpu0_1790338226050724851/episodes/0/NATIVE/TRACE.jsonl,74f1b50743de10169cdcba42dc6649de59bd14ae6c2f51f3b2a72a0d591e63b7,projects/qwen35_indoor_nav/research/continuation_memory_v1/strong_backbone_recovery_v1/recovery_action_v1/runs/action_001/unseen/evaluation/gpu0_1790338226050724851/episodes/0/COMPLETE.json
discovery_unseen,0,2azQ1b91cZZ,CONCAT,1.0,0.9858202775677776,76,projects/qwen35_indoor_nav/research/continuation_memory_v1/strong_backbone_recovery_v1/recovery_action_v1/runs/action_001/unseen/evaluation/gpu0_1790338226050724851/episodes/0/CONCAT/TRACE.jsonl,4ef4c8d29c0d2e483431d36744528ff7305c6db95f79a754721052879c7ebaf1,projects/qwen35_indoor_nav/research/continuation_memory_v1/strong_backbone_recovery_v1/recovery_action_v1/runs/action_001/unseen/evaluation/gpu0_1790338226050724851/episodes/0/COMPLETE.json
discovery_unseen,0,2azQ1b91cZZ,EVIDENCE,1.0,0.9360809870657032,79,projects/qwen35_indoor_nav/research/continuation_memory_v1/strong_backbone_recovery_v1/recovery_action_v1/runs/action_001/unseen/evaluation/gpu0_1790338226050724851/episodes/0/EVIDENCE/TRACE.jsonl,b963681f973127044a3d5ddb1a2b6aa5e05b45fc0630dc04cf1ecd2f0e6e511c,projects/qwen35_indoor_nav/research/continuation_memory_v1/strong_backbone_recovery_v1/recovery_action_v1/runs/action_001/unseen/evaluation/gpu0_1790338226050724851/episodes/0/COMPLETE.json
discovery_unseen,1,8194nk5LbLH,NATIVE,1.0,0.8407435789151607,41,projects/qwen35_indoor_nav/research/continuation_memory_v1/strong_backbone_recovery_v1/recovery_action_v1/runs/action_001/unseen/evaluation/gpu0_1790338226050724851/episodes/1/NATIVE/TRACE.jsonl,ab269136790e5cffc197e2fb1b287b77b2803683666bccea35a7a6cd8971e1db,projects/qwen35_indoor_nav/research/continuation_memory_v1/strong_backbone_recovery_v1/recovery_action_v1/runs/action_001/unseen/evaluation/gpu0_1790338226050724851/episodes/1/COMPLETE.json
discovery_unseen,1,8194nk5LbLH,EVIDENCE,1.0,0.8275698901430967,42,projects/qwen35_indoor_nav/research/continuation_memory_v1/strong_backbone_recovery_v1/recovery_action_v1/runs/action_001/unseen/evaluation/gpu0_1790338226050724851/episodes/1/EVIDENCE/TRACE.jsonl,70bc7369ae5c5b2470eec64df6da3f3be6d065be08ea4ea0322e5e39943b38c5,projects/qwen35_indoor_nav/research/continuation_memory_v1/strong_backbone_recovery_v1/recovery_action_v1/runs/action_001/unseen/evaluation/gpu0_1790338226050724851/episodes/1/COMPLETE.json
discovery_unseen,1,8194nk5LbLH,CONCAT,1.0,0.8275698901430967,42,projects/qwen35_indoor_nav/research/continuation_memory_v1/strong_backbone_recovery_v1/recovery_action_v1/runs/action_001/unseen/evaluation/gpu0_1790338226050724851/episodes/1/CONCAT/TRACE.jsonl,7fe7ac5f8fa0cbce07120e007a1cdae4853189e3cedf0eab6be9dfa4aad33b95,projects/qwen35_indoor_nav/research/continuation_memory_v1/strong_backbone_recovery_v1/recovery_action_v1/runs/action_001/unseen/evaluation/gpu0_1790338226050724851/episodes/1/COMPLETE.json
discovery_unseen,10,2azQ1b91cZZ,NATIVE,1.0,0.8623698365812458,34,projects/qwen35_indoor_nav/research/continuation_memory_v1/strong_backbone_recovery_v1/recovery_action_v1/runs/action_001/unseen/evaluation/gpu0_1790338226050724851/episodes/10/NATIVE/TRACE.jsonl,395b7ae7f677f1573b7f2c291de70b2cd5f84593d5262913db0ba23e7949a6d2,projects/qwen35_indoor_nav/research/continuation_memory_v1/strong_backbone_recovery_v1/recovery_action_v1/runs/action_001/unseen/evaluation/gpu0_1790338226050724851/episodes/10/COMPLETE.json
discovery_unseen,10,2azQ1b91cZZ,CONCAT,1.0,0.8623698365812458,34,projects/qwen35_indoor_nav/research/continuation_memory_v1/strong_backbone_recovery_v1/recovery_action_v1/runs/action_001/unseen/evaluation/gpu0_1790338226050724851/episodes/10/CONCAT/TRACE.jsonl,512df2817bb9931f2d78fa70199df99b66072fdc2eac6ddc39b1cc10a4265c99,projects/qwen35_indoor_nav/research/continuation_memory_v1/strong_backbone_recovery_v1/recovery_action_v1/runs/action_001/unseen/evaluation/gpu0_1790338226050724851/episodes/10/COMPLETE.json
discovery_unseen,10,2azQ1b91cZZ,EVIDENCE,1.0,0.8623698365812458,34,projects/qwen35_indoor_nav/research/continuation_memory_v1/strong_backbone_recovery_v1/recovery_action_v1/runs/action_001/unseen/evaluation/gpu0_1790338226050724851/episodes/10/EVIDENCE/TRACE.jsonl,186b7894813db096c4714db74583da9568efbcd10cef0c4157cf106c3d3de5cb,projects/qwen35_indoor_nav/research/continuation_memory_v1/strong_backbone_recovery_v1/recovery_action_v1/runs/action_001/unseen/evaluation/gpu0_1790338226050724851/episodes/10/COMPLETE.json
discovery_unseen,11,8194nk5LbLH,NATIVE,0.0,0.0,64,projects/qwen35_indoor_nav/research/continuation_memory_v1/strong_backbone_recovery_v1/recovery_action_v1/runs/action_001/unseen/evaluation/gpu0_1790338226050724851/episodes/11/NATIVE/TRACE.jsonl,cf1e89273808405eed434604293cfda71e59f5e194a000350fb3c8dd593fb354,projects/qwen35_indoor_nav/research/continuation_memory_v1/strong_backbone_recovery_v1/recovery_action_v1/runs/action_001/unseen/evaluation/gpu0_1790338226050724851/episodes/11/COMPLETE.json
discovery_unseen,11,8194nk5LbLH,EVIDENCE,0.0,0.0,63,projects/qwen35_indoor_nav/research/continuation_memory_v1/strong_backbone_recovery_v1/recovery_action_v1/runs/action_001/unseen/evaluation/gpu0_1790338226050724851/episodes/11/EVIDENCE/TRACE.jsonl,a2d5a5c7babf1c9dfc3bf5dfb6fb494265e883290a83348011740ef090a90943,projects/qwen35_indoor_nav/research/continuation_memory_v1/strong_backbone_recovery_v1/recovery_action_v1/runs/action_001/unseen/evaluation/gpu0_1790338226050724851/episodes/11/COMPLETE.json
discovery_unseen,11,8194nk5LbLH,CONCAT,0.0,0.0,63,projects/qwen35_indoor_nav/research/continuation_memory_v1/strong_backbone_recovery_v1/recovery_action_v1/runs/action_001/unseen/evaluation/gpu0_1790338226050724851/episodes/11/CONCAT/TRACE.jsonl,0cf4897ab7e92134395b9521a6eac0532156c82538e0a37dea5f178d8977cf09,projects/qwen35_indoor_nav/research/continuation_memory_v1/strong_backbone_recovery_v1/recovery_action_v1/runs/action_001/unseen/evaluation/gpu0_1790338226050724851/episodes/11/COMPLETE.json
discovery_unseen,12,QUCTc6BB5sX,NATIVE,0.0,0.0,49,projects/qwen35_indoor_nav/research/continuation_memory_v1/strong_backbone_recovery_v1/recovery_action_v1/runs/action_001/unseen/evaluation/gpu0_1790338226050724851/episodes/12/NATIVE/TRACE.jsonl,bd254c5e28da81f508b6dbe724499c42a86c5cbeafc4c4330ea438258a67a8b3,projects/qwen35_indoor_nav/research/continuation_memory_v1/strong_backbone_recovery_v1/recovery_action_v1/runs/action_001/unseen/evaluation/gpu0_1790338226050724851/episodes/12/COMPLETE.json
discovery_unseen,12,QUCTc6BB5sX,CONCAT,0.0,0.0,49,projects/qwen35_indoor_nav/research/continuation_memory_v1/strong_backbone_recovery_v1/recovery_action_v1/runs/action_001/unseen/evaluation/gpu0_1790338226050724851/episodes/12/CONCAT/TRACE.jsonl,2f21e430072ecb11a0e2150978b5978089cd5313c61f973627e85a89b1c12860,projects/qwen35_indoor_nav/research/continuation_memory_v1/strong_backbone_recovery_v1/recovery_action_v1/runs/action_001/unseen/evaluation/gpu0_1790338226050724851/episodes/12/COMPLETE.json
discovery_unseen,12,QUCTc6BB5sX,EVIDENCE,0.0,0.0,49,projects/qwen35_indoor_nav/research/continuation_memory_v1/strong_backbone_recovery_v1/recovery_action_v1/runs/action_001/unseen/evaluation/gpu0_1790338226050724851/episodes/12/EVIDENCE/TRACE.jsonl,477d1c0f155ef5a4112a80a169cb6cd472ecd860eb8d8010c40138bd9f4abe5f,projects/qwen35_indoor_nav/research/continuation_memory_v1/strong_backbone_recovery_v1/recovery_action_v1/runs/action_001/unseen/evaluation/gpu0_1790338226050724851/episodes/12/COMPLETE.json
discovery_unseen,13,TbHJrupSAjP,NATIVE,0.0,0.0,60,projects/qwen35_indoor_nav/research/continuation_memory_v1/strong_backbone_recovery_v1/recovery_action_v1/runs/action_001/unseen/evaluation/gpu0_1790338226050724851/episodes/13/NATIVE/TRACE.jsonl,d3abc4cf65030fc2cbbb08c3c729701de054cb6a4ea643e466abc6452637d22b,projects/qwen35_indoor_nav/research/continuation_memory_v1/strong_backbone_recovery_v1/recovery_action_v1/runs/action_001/unseen/evaluation/gpu0_1790338226050724851/episodes/13/COMPLETE.json
discovery_unseen,13,TbHJrupSAjP,EVIDENCE,0.0,0.0,60,projects/qwen35_indoor_nav/research/continuation_memory_v1/strong_backbone_recovery_v1/recovery_action_v1/runs/action_001/unseen/evaluation/gpu0_1790338226050724851/episodes/13/EVIDENCE/TRACE.jsonl,dd145379b635bbd7dcbecf39d8207c1530bdfb2966d18aa03c6151c928778ec5,projects/qwen35_indoor_nav/research/continuation_memory_v1/strong_backbone_recovery_v1/recovery_action_v1/runs/action_001/unseen/evaluation/gpu0_1790338226050724851/episodes/13/COMPLETE.json
discovery_unseen,13,TbHJrupSAjP,CONCAT,0.0,0.0,87,projects/qwen35_indoor_nav/research/continuation_memory_v1/strong_backbone_recovery_v1/recovery_action_v1/runs/action_001/unseen/evaluation/gpu0_1790338226050724851/episodes/13/CONCAT/TRACE.jsonl,6ce0c6569f59c652e3e3d95f42c48375e5b1f9aa8214a60352a088e3e19056d9,projects/qwen35_indoor_nav/research/continuation_memory_v1/strong_backbone_recovery_v1/recovery_action_v1/runs/action_001/unseen/evaluation/gpu0_1790338226050724851/episodes/13/COMPLETE.json
discovery_unseen,14,X7HyMhZNoso,NATIVE,1.0,0.9845054823933272,42,projects/qwen35_indoor_nav/research/continuation_memory_v1/strong_backbone_recovery_v1/recovery_action_v1/runs/action_001/unseen/evaluation/gpu0_1790338226050724851/episodes/14/NATIVE/TRACE.jsonl,318c1ec330b65db984f2c7f3170a2799ee4d132beb0c09469d14f45114af19c5,projects/qwen35_indoor_nav/research/continuation_memory_v1/strong_backbone_recovery_v1/recovery_action_v1/runs/action_001/unseen/evaluation/gpu0_1790338226050724851/episodes/14/COMPLETE.json
discovery_unseen,14,X7HyMhZNoso,CONCAT,1.0,0.9845054823933272,42,projects/qwen35_indoor_nav/research/continuation_memory_v1/strong_backbone_recovery_v1/recovery_action_v1/runs/action_001/unseen/evaluation/gpu0_1790338226050724851/episodes/14/CONCAT/TRACE.jsonl,96110815d5cae558301ea6a314d6b1f17de052f2b752f2ee86247d384c0b0653,projects/qwen35_indoor_nav/research/continuation_memory_v1/strong_backbone_recovery_v1/recovery_action_v1/runs/action_001/unseen/evaluation/gpu0_1790338226050724851/episodes/14/COMPLETE.json
discovery_unseen,14,X7HyMhZNoso,EVIDENCE,1.0,0.9845054823933272,42,projects/qwen35_indoor_nav/research/continuation_memory_v1/strong_backbone_recovery_v1/recovery_action_v1/runs/action_001/unseen/evaluation/gpu0_1790338226050724851/episodes/14/EVIDENCE/TRACE.jsonl,9a043f18ed030fa89fdedce9e12dfe5180a6e14587ebf1d0570ce8e33e758e46,projects/qwen35_indoor_nav/research/continuation_memory_v1/strong_backbone_recovery_v1/recovery_action_v1/runs/action_001/unseen/evaluation/gpu0_1790338226050724851/episodes/14/COMPLETE.json
discovery_unseen,15,Z6MFQCViBuw,NATIVE,0.0,0.0,74,projects/qwen35_indoor_nav/research/continuation_memory_v1/strong_backbone_recovery_v1/recovery_action_v1/runs/action_001/unseen/evaluation/gpu0_1790338226050724851/episodes/15/NATIVE/TRACE.jsonl,972aa9707fb7cb9e7447adc3b815ee0b1840ce3c789998e6582f156f14a6cc94,projects/qwen35_indoor_nav/research/continuation_memory_v1/strong_backbone_recovery_v1/recovery_action_v1/runs/action_001/unseen/evaluation/gpu0_1790338226050724851/episodes/15/COMPLETE.json
discovery_unseen,15,Z6MFQCViBuw,EVIDENCE,0.0,0.0,74,projects/qwen35_indoor_nav/research/continuation_memory_v1/strong_backbone_recovery_v1/recovery_action_v1/runs/action_001/unseen/evaluation/gpu0_1790338226050724851/episodes/15/EVIDENCE/TRACE.jsonl,abd5d8d26d102846646cde4330551659769a011ee2abd2149f77f05c87a8cdd4,projects/qwen35_indoor_nav/research/continuation_memory_v1/strong_backbone_recovery_v1/recovery_action_v1/runs/action_001/unseen/evaluation/gpu0_1790338226050724851/episodes/15/COMPLETE.json
discovery_unseen,15,Z6MFQCViBuw,CONCAT,0.0,0.0,74,projects/qwen35_indoor_nav/research/continuation_memory_v1/strong_backbone_recovery_v1/recovery_action_v1/runs/action_001/unseen/evaluation/gpu0_1790338226050724851/episodes/15/CONCAT/TRACE.jsonl,3e00ab1af2f64a33450c2a353779d18afbd857d60ac42f1400183a11151c154e,projects/qwen35_indoor_nav/research/continuation_memory_v1/strong_backbone_recovery_v1/recovery_action_v1/runs/action_001/unseen/evaluation/gpu0_1790338226050724851/episodes/15/COMPLETE.json
discovery_unseen,2,QUCTc6BB5sX,NATIVE,0.0,0.0,500,projects/qwen35_indoor_nav/research/continuation_memory_v1/strong_backbone_recovery_v1/recovery_action_v1/runs/action_001/unseen/evaluation/gpu0_1790338226050724851/episodes/2/NATIVE/TRACE.jsonl,3a8fb17d1ebd95f3bf31beed1fa0f3670e85779d72a632d3ada9fabc358ba3cc,projects/qwen35_indoor_nav/research/continuation_memory_v1/strong_backbone_recovery_v1/recovery_action_v1/runs/action_001/unseen/evaluation/gpu0_1790338226050724851/episodes/2/COMPLETE.json
discovery_unseen,2,QUCTc6BB5sX,CONCAT,0.0,0.0,161,projects/qwen35_indoor_nav/research/continuation_memory_v1/strong_backbone_recovery_v1/recovery_action_v1/runs/action_001/unseen/evaluation/gpu0_1790338226050724851/episodes/2/CONCAT/TRACE.jsonl,0dd6700eadece7f22ea1d54c699600bacbe6bcdae0af35448f0ce37fa6fa5f37,projects/qwen35_indoor_nav/research/continuation_memory_v1/strong_backbone_recovery_v1/recovery_action_v1/runs/action_001/unseen/evaluation/gpu0_1790338226050724851/episodes/2/COMPLETE.json
discovery_unseen,2,QUCTc6BB5sX,EVIDENCE,0.0,0.0,129,projects/qwen35_indoor_nav/research/continuation_memory_v1/strong_backbone_recovery_v1/recovery_action_v1/runs/action_001/unseen/evaluation/gpu0_1790338226050724851/episodes/2/EVIDENCE/TRACE.jsonl,9dd7dc7fb3fbe1eea391c333c69d49cefb91821ad24730dfd2635a9a8d6967d1,projects/qwen35_indoor_nav/research/continuation_memory_v1/strong_backbone_recovery_v1/recovery_action_v1/runs/action_001/unseen/evaluation/gpu0_1790338226050724851/episodes/2/COMPLETE.json
discovery_unseen,3,TbHJrupSAjP,NATIVE,1.0,0.8368065349131144,64,projects/qwen35_indoor_nav/research/continuation_memory_v1/strong_backbone_recovery_v1/recovery_action_v1/runs/action_001/unseen/evaluation/gpu0_1790338226050724851/episodes/3/NATIVE/TRACE.jsonl,dd04eca262ab373b2806cd107f55182c1ce7b3be562c0fe7c0e60e81300dc3d9,projects/qwen35_indoor_nav/research/continuation_memory_v1/strong_backbone_recovery_v1/recovery_action_v1/runs/action_001/unseen/evaluation/gpu0_1790338226050724851/episodes/3/COMPLETE.json
discovery_unseen,3,TbHJrupSAjP,EVIDENCE,1.0,0.8368065349131144,64,projects/qwen35_indoor_nav/research/continuation_memory_v1/strong_backbone_recovery_v1/recovery_action_v1/runs/action_001/unseen/evaluation/gpu0_1790338226050724851/episodes/3/EVIDENCE/TRACE.jsonl,d4a6fd0598ff133535c4409ebcd2949e97a992bd34b03b1be4d883f592d45da3,projects/qwen35_indoor_nav/research/continuation_memory_v1/strong_backbone_recovery_v1/recovery_action_v1/runs/action_001/unseen/evaluation/gpu0_1790338226050724851/episodes/3/COMPLETE.json
discovery_unseen,3,TbHJrupSAjP,CONCAT,1.0,0.8368065349131144,64,projects/qwen35_indoor_nav/research/continuation_memory_v1/strong_backbone_recovery_v1/recovery_action_v1/runs/action_001/unseen/evaluation/gpu0_1790338226050724851/episodes/3/CONCAT/TRACE.jsonl,d22874fa9f7069174a827bd0ccaea68ece3a31c55c94c177db206b1e303ca901,projects/qwen35_indoor_nav/research/continuation_memory_v1/strong_backbone_recovery_v1/recovery_action_v1/runs/action_001/unseen/evaluation/gpu0_1790338226050724851/episodes/3/COMPLETE.json
discovery_unseen,4,X7HyMhZNoso,NATIVE,0.0,0.0,55,projects/qwen35_indoor_nav/research/continuation_memory_v1/strong_backbone_recovery_v1/recovery_action_v1/runs/action_001/unseen/evaluation/gpu0_1790338226050724851/episodes/4/NATIVE/TRACE.jsonl,823101777d364454d66c07b8d7205eb9b3bfcc983df6688cfeaf7e283596f09f,projects/qwen35_indoor_nav/research/continuation_memory_v1/strong_backbone_recovery_v1/recovery_action_v1/runs/action_001/unseen/evaluation/gpu0_1790338226050724851/episodes/4/COMPLETE.json
discovery_unseen,4,X7HyMhZNoso,CONCAT,1.0,0.8208209378777589,54,projects/qwen35_indoor_nav/research/continuation_memory_v1/strong_backbone_recovery_v1/recovery_action_v1/runs/action_001/unseen/evaluation/gpu0_1790338226050724851/episodes/4/CONCAT/TRACE.jsonl,2b4606b1e7237b4fb8c2f92c49ed0f5e5ba3d3bbfd757814bc4e42a63764a154,projects/qwen35_indoor_nav/research/continuation_memory_v1/strong_backbone_recovery_v1/recovery_action_v1/runs/action_001/unseen/evaluation/gpu0_1790338226050724851/episodes/4/COMPLETE.json
discovery_unseen,4,X7HyMhZNoso,EVIDENCE,1.0,0.8208209378777589,54,projects/qwen35_indoor_nav/research/continuation_memory_v1/strong_backbone_recovery_v1/recovery_action_v1/runs/action_001/unseen/evaluation/gpu0_1790338226050724851/episodes/4/EVIDENCE/TRACE.jsonl,eaadf4fb71a8fff404c341ebc1b8bf223f9598d4bfa5e2267d4eda1fe01cd69c,projects/qwen35_indoor_nav/research/continuation_memory_v1/strong_backbone_recovery_v1/recovery_action_v1/runs/action_001/unseen/evaluation/gpu0_1790338226050724851/episodes/4/COMPLETE.json
discovery_unseen,5,Z6MFQCViBuw,NATIVE,1.0,1.0,28,projects/qwen35_indoor_nav/research/continuation_memory_v1/strong_backbone_recovery_v1/recovery_action_v1/runs/action_001/unseen/evaluation/gpu0_1790338226050724851/episodes/5/NATIVE/TRACE.jsonl,b7880b52d984962a3e1dd4018eb097fb04844c758cf9b1d9a5a918d32eb1cf63,projects/qwen35_indoor_nav/research/continuation_memory_v1/strong_backbone_recovery_v1/recovery_action_v1/runs/action_001/unseen/evaluation/gpu0_1790338226050724851/episodes/5/COMPLETE.json
discovery_unseen,5,Z6MFQCViBuw,EVIDENCE,1.0,1.0,28,projects/qwen35_indoor_nav/research/continuation_memory_v1/strong_backbone_recovery_v1/recovery_action_v1/runs/action_001/unseen/evaluation/gpu0_1790338226050724851/episodes/5/EVIDENCE/TRACE.jsonl,9d5ebdb35393e46fc1feafac901e21d002c0a4ac2f429289b135b2f71224c414,projects/qwen35_indoor_nav/research/continuation_memory_v1/strong_backbone_recovery_v1/recovery_action_v1/runs/action_001/unseen/evaluation/gpu0_1790338226050724851/episodes/5/COMPLETE.json
discovery_unseen,5,Z6MFQCViBuw,CONCAT,1.0,1.0,28,projects/qwen35_indoor_nav/research/continuation_memory_v1/strong_backbone_recovery_v1/recovery_action_v1/runs/action_001/unseen/evaluation/gpu0_1790338226050724851/episodes/5/CONCAT/TRACE.jsonl,e46c89e73dcc653e9d8389bcdf757bfad2f63c5937533312b0fd0296622c0cce,projects/qwen35_indoor_nav/research/continuation_memory_v1/strong_backbone_recovery_v1/recovery_action_v1/runs/action_001/unseen/evaluation/gpu0_1790338226050724851/episodes/5/COMPLETE.json
discovery_unseen,6,oLBMNvg9in8,NATIVE,0.0,0.0,35,projects/qwen35_indoor_nav/research/continuation_memory_v1/strong_backbone_recovery_v1/recovery_action_v1/runs/action_001/unseen/evaluation/gpu0_1790338226050724851/episodes/6/NATIVE/TRACE.jsonl,c1cb1f206e72166360b477378d628ad60dde930de39969b72a0b4a2418f0c20a,projects/qwen35_indoor_nav/research/continuation_memory_v1/strong_backbone_recovery_v1/recovery_action_v1/runs/action_001/unseen/evaluation/gpu0_1790338226050724851/episodes/6/COMPLETE.json
discovery_unseen,6,oLBMNvg9in8,CONCAT,0.0,0.0,32,projects/qwen35_indoor_nav/research/continuation_memory_v1/strong_backbone_recovery_v1/recovery_action_v1/runs/action_001/unseen/evaluation/gpu0_1790338226050724851/episodes/6/CONCAT/TRACE.jsonl,29c4c19c3da8b733e95aa77e08c6f7baf1b864383e1e179121d663745684f141,projects/qwen35_indoor_nav/research/continuation_memory_v1/strong_backbone_recovery_v1/recovery_action_v1/runs/action_001/unseen/evaluation/gpu0_1790338226050724851/episodes/6/COMPLETE.json
discovery_unseen,6,oLBMNvg9in8,EVIDENCE,0.0,0.0,35,projects/qwen35_indoor_nav/research/continuation_memory_v1/strong_backbone_recovery_v1/recovery_action_v1/runs/action_001/unseen/evaluation/gpu0_1790338226050724851/episodes/6/EVIDENCE/TRACE.jsonl,64873fb830ec2b8ce448c12f6a04674bdb73f5f0dfdaaebec218ac6af7a05a87,projects/qwen35_indoor_nav/research/continuation_memory_v1/strong_backbone_recovery_v1/recovery_action_v1/runs/action_001/unseen/evaluation/gpu0_1790338226050724851/episodes/6/COMPLETE.json
discovery_unseen,7,pLe4wQe7qrG,NATIVE,0.0,0.0,55,projects/qwen35_indoor_nav/research/continuation_memory_v1/strong_backbone_recovery_v1/recovery_action_v1/runs/action_001/unseen/evaluation/gpu0_1790338226050724851/episodes/7/NATIVE/TRACE.jsonl,c84aa82020486697d9a3126932d2ca5e9063b51c9e2ddc6334bba9c0198b5e50,projects/qwen35_indoor_nav/research/continuation_memory_v1/strong_backbone_recovery_v1/recovery_action_v1/runs/action_001/unseen/evaluation/gpu0_1790338226050724851/episodes/7/COMPLETE.json
discovery_unseen,7,pLe4wQe7qrG,EVIDENCE,0.0,0.0,55,projects/qwen35_indoor_nav/research/continuation_memory_v1/strong_backbone_recovery_v1/recovery_action_v1/runs/action_001/unseen/evaluation/gpu0_1790338226050724851/episodes/7/EVIDENCE/TRACE.jsonl,34e4317ecdeeb5b0bd8cd7962c6220217352b1496a12a25aeeb208db4deb3deb,projects/qwen35_indoor_nav/research/continuation_memory_v1/strong_backbone_recovery_v1/recovery_action_v1/runs/action_001/unseen/evaluation/gpu0_1790338226050724851/episodes/7/COMPLETE.json
discovery_unseen,7,pLe4wQe7qrG,CONCAT,0.0,0.0,55,projects/qwen35_indoor_nav/research/continuation_memory_v1/strong_backbone_recovery_v1/recovery_action_v1/runs/action_001/unseen/evaluation/gpu0_1790338226050724851/episodes/7/CONCAT/TRACE.jsonl,01451f995a56102d1136e4c448949ed2fd888e758aafeb1f5154af98c5ea8519,projects/qwen35_indoor_nav/research/continuation_memory_v1/strong_backbone_recovery_v1/recovery_action_v1/runs/action_001/unseen/evaluation/gpu0_1790338226050724851/episodes/7/COMPLETE.json
discovery_unseen,8,x8F5xyUWy9e,NATIVE,0.0,0.0,70,projects/qwen35_indoor_nav/research/continuation_memory_v1/strong_backbone_recovery_v1/recovery_action_v1/runs/action_001/unseen/evaluation/gpu0_1790338226050724851/episodes/8/NATIVE/TRACE.jsonl,c82141bf8da65a422247e786fce4840210958368982d2f88283bba0cf3f48147,projects/qwen35_indoor_nav/research/continuation_memory_v1/strong_backbone_recovery_v1/recovery_action_v1/runs/action_001/unseen/evaluation/gpu0_1790338226050724851/episodes/8/COMPLETE.json
discovery_unseen,8,x8F5xyUWy9e,CONCAT,0.0,0.0,70,projects/qwen35_indoor_nav/research/continuation_memory_v1/strong_backbone_recovery_v1/recovery_action_v1/runs/action_001/unseen/evaluation/gpu0_1790338226050724851/episodes/8/CONCAT/TRACE.jsonl,c9d00153da8f1d074c315743ff03256f00d246e617629cf9e91f82e1813af47f,projects/qwen35_indoor_nav/research/continuation_memory_v1/strong_backbone_recovery_v1/recovery_action_v1/runs/action_001/unseen/evaluation/gpu0_1790338226050724851/episodes/8/COMPLETE.json
discovery_unseen,8,x8F5xyUWy9e,EVIDENCE,0.0,0.0,65,projects/qwen35_indoor_nav/research/continuation_memory_v1/strong_backbone_recovery_v1/recovery_action_v1/runs/action_001/unseen/evaluation/gpu0_1790338226050724851/episodes/8/EVIDENCE/TRACE.jsonl,fe58fda025cf61bd1b9c47c97bc5ba4e6db7fe09348b08c5859e766f5d2d1663,projects/qwen35_indoor_nav/research/continuation_memory_v1/strong_backbone_recovery_v1/recovery_action_v1/runs/action_001/unseen/evaluation/gpu0_1790338226050724851/episodes/8/COMPLETE.json
discovery_unseen,9,zsNo4HB9uLZ,NATIVE,1.0,0.8026522205609699,54,projects/qwen35_indoor_nav/research/continuation_memory_v1/strong_backbone_recovery_v1/recovery_action_v1/runs/action_001/unseen/evaluation/gpu0_1790338226050724851/episodes/9/NATIVE/TRACE.jsonl,39d4c4f74051be132f5a89ad302d47b76a6c1062fb43bbbb6a03eb9cd0d4b0c6,projects/qwen35_indoor_nav/research/continuation_memory_v1/strong_backbone_recovery_v1/recovery_action_v1/runs/action_001/unseen/evaluation/gpu0_1790338226050724851/episodes/9/COMPLETE.json
discovery_unseen,9,zsNo4HB9uLZ,EVIDENCE,1.0,0.8026522205609699,54,projects/qwen35_indoor_nav/research/continuation_memory_v1/strong_backbone_recovery_v1/recovery_action_v1/runs/action_001/unseen/evaluation/gpu0_1790338226050724851/episodes/9/EVIDENCE/TRACE.jsonl,550e1470374c11d9502c5006c875552b68e77a01c260677575bd84a1aec55221,projects/qwen35_indoor_nav/research/continuation_memory_v1/strong_backbone_recovery_v1/recovery_action_v1/runs/action_001/unseen/evaluation/gpu0_1790338226050724851/episodes/9/COMPLETE.json
discovery_unseen,9,zsNo4HB9uLZ,CONCAT,1.0,0.8026522205609699,54,projects/qwen35_indoor_nav/research/continuation_memory_v1/strong_backbone_recovery_v1/recovery_action_v1/runs/action_001/unseen/evaluation/gpu0_1790338226050724851/episodes/9/CONCAT/TRACE.jsonl,bed72baf9b4d7b307f4593110b5cdbf6646f3f288fc255d4e7312f82200901c1,projects/qwen35_indoor_nav/research/continuation_memory_v1/strong_backbone_recovery_v1/recovery_action_v1/runs/action_001/unseen/evaluation/gpu0_1790338226050724851/episodes/9/COMPLETE.json
discovery_unseen,160,QUCTc6BB5sX,NATIVE,0.0,0.0,44,projects/qwen35_indoor_nav/research/continuation_memory_v1/strong_backbone_recovery_v1/recovery_action_v1/runs/action_001/unseen/evaluation/gpu0_1790339712923335225/episodes/160/NATIVE/TRACE.jsonl,119e8bcd7a4b1f4acdf83582ed36f7f3cdb53676b213439ae25e1f8d8d15d0c9,projects/qwen35_indoor_nav/research/continuation_memory_v1/strong_backbone_recovery_v1/recovery_action_v1/runs/action_001/unseen/evaluation/gpu0_1790339712923335225/episodes/160/COMPLETE.json
discovery_unseen,160,QUCTc6BB5sX,CONCAT,0.0,0.0,44,projects/qwen35_indoor_nav/research/continuation_memory_v1/strong_backbone_recovery_v1/recovery_action_v1/runs/action_001/unseen/evaluation/gpu0_1790339712923335225/episodes/160/CONCAT/TRACE.jsonl,630923eeea58c646808a66fc17f5a30621a34249f8a2bd13485cb3594fe0f0d1,projects/qwen35_indoor_nav/research/continuation_memory_v1/strong_backbone_recovery_v1/recovery_action_v1/runs/action_001/unseen/evaluation/gpu0_1790339712923335225/episodes/160/COMPLETE.json
discovery_unseen,160,QUCTc6BB5sX,EVIDENCE,0.0,0.0,44,projects/qwen35_indoor_nav/research/continuation_memory_v1/strong_backbone_recovery_v1/recovery_action_v1/runs/action_001/unseen/evaluation/gpu0_1790339712923335225/episodes/160/EVIDENCE/TRACE.jsonl,c21db3d0852677ee81b29cae49d0e461aefa5418032bfdf8215848bf5c0c5c8f,projects/qwen35_indoor_nav/research/continuation_memory_v1/strong_backbone_recovery_v1/recovery_action_v1/runs/action_001/unseen/evaluation/gpu0_1790339712923335225/episodes/160/COMPLETE.json
discovery_unseen,161,TbHJrupSAjP,NATIVE,1.0,0.7955383672230786,38,projects/qwen35_indoor_nav/research/continuation_memory_v1/strong_backbone_recovery_v1/recovery_action_v1/runs/action_001/unseen/evaluation/gpu0_1790339712923335225/episodes/161/NATIVE/TRACE.jsonl,b510cef1086eb90626ebc13cf372e28ad271af31223dc8422aaafb0ec4ca951c,projects/qwen35_indoor_nav/research/continuation_memory_v1/strong_backbone_recovery_v1/recovery_action_v1/runs/action_001/unseen/evaluation/gpu0_1790339712923335225/episodes/161/COMPLETE.json
discovery_unseen,161,TbHJrupSAjP,EVIDENCE,1.0,0.7955383672230786,38,projects/qwen35_indoor_nav/research/continuation_memory_v1/strong_backbone_recovery_v1/recovery_action_v1/runs/action_001/unseen/evaluation/gpu0_1790339712923335225/episodes/161/EVIDENCE/TRACE.jsonl,1ef5218d66b23a5706af9f924bf6c7c74c1f40d708c7b1f698aa9a7e4a765d46,projects/qwen35_indoor_nav/research/continuation_memory_v1/strong_backbone_recovery_v1/recovery_action_v1/runs/action_001/unseen/evaluation/gpu0_1790339712923335225/episodes/161/COMPLETE.json
discovery_unseen,161,TbHJrupSAjP,CONCAT,1.0,0.7955383672230786,38,projects/qwen35_indoor_nav/research/continuation_memory_v1/strong_backbone_recovery_v1/recovery_action_v1/runs/action_001/unseen/evaluation/gpu0_1790339712923335225/episodes/161/CONCAT/TRACE.jsonl,97e3684578731997fa615409c45c9e7a901ad0dd50f68b44a5621f7ade8e61d6,projects/qwen35_indoor_nav/research/continuation_memory_v1/strong_backbone_recovery_v1/recovery_action_v1/runs/action_001/unseen/evaluation/gpu0_1790339712923335225/episodes/161/COMPLETE.json
discovery_unseen,162,zsNo4HB9uLZ,NATIVE,1.0,0.9477892134906312,54,projects/qwen35_indoor_nav/research/continuation_memory_v1/strong_backbone_recovery_v1/recovery_action_v1/runs/action_001/unseen/evaluation/gpu0_1790339712923335225/episodes/162/NATIVE/TRACE.jsonl,fa284d153f3c02f50da3098bc070baf989a03010ed785621ffdaa664bb5099a0,projects/qwen35_indoor_nav/research/continuation_memory_v1/strong_backbone_recovery_v1/recovery_action_v1/runs/action_001/unseen/evaluation/gpu0_1790339712923335225/episodes/162/COMPLETE.json
discovery_unseen,162,zsNo4HB9uLZ,CONCAT,1.0,0.9477892134906312,54,projects/qwen35_indoor_nav/research/continuation_memory_v1/strong_backbone_recovery_v1/recovery_action_v1/runs/action_001/unseen/evaluation/gpu0_1790339712923335225/episodes/162/CONCAT/TRACE.jsonl,c9e95346b5553da1ac9fbdbff0b9ae3386c8ae064e4397f11f49475cb0bf0812,projects/qwen35_indoor_nav/research/continuation_memory_v1/strong_backbone_recovery_v1/recovery_action_v1/runs/action_001/unseen/evaluation/gpu0_1790339712923335225/episodes/162/COMPLETE.json
discovery_unseen,162,zsNo4HB9uLZ,EVIDENCE,1.0,0.9477892134906312,54,projects/qwen35_indoor_nav/research/continuation_memory_v1/strong_backbone_recovery_v1/recovery_action_v1/runs/action_001/unseen/evaluation/gpu0_1790339712923335225/episodes/162/EVIDENCE/TRACE.jsonl,e882f2a90b4ca05f9e94bd09ac0b10ae929ad81a7c80cf71e6bbf3f138437dd5,projects/qwen35_indoor_nav/research/continuation_memory_v1/strong_backbone_recovery_v1/recovery_action_v1/runs/action_001/unseen/evaluation/gpu0_1790339712923335225/episodes/162/COMPLETE.json
discovery_unseen,163,2azQ1b91cZZ,NATIVE,1.0,0.5929214538047809,94,projects/qwen35_indoor_nav/research/continuation_memory_v1/strong_backbone_recovery_v1/recovery_action_v1/runs/action_001/unseen/evaluation/gpu0_1790339712923335225/episodes/163/NATIVE/TRACE.jsonl,838fd6f5e0351d29126b2fdf1ae3dad23de3be51c1bcce37543f6011efa23fe4,projects/qwen35_indoor_nav/research/continuation_memory_v1/strong_backbone_recovery_v1/recovery_action_v1/runs/action_001/unseen/evaluation/gpu0_1790339712923335225/episodes/163/COMPLETE.json
discovery_unseen,163,2azQ1b91cZZ,EVIDENCE,1.0,0.6776245520172515,89,projects/qwen35_indoor_nav/research/continuation_memory_v1/strong_backbone_recovery_v1/recovery_action_v1/runs/action_001/unseen/evaluation/gpu0_1790339712923335225/episodes/163/EVIDENCE/TRACE.jsonl,46566d28bef507d286825c9b6701920b40c8c878019fcdfa64116bdc063c8ea4,projects/qwen35_indoor_nav/research/continuation_memory_v1/strong_backbone_recovery_v1/recovery_action_v1/runs/action_001/unseen/evaluation/gpu0_1790339712923335225/episodes/163/COMPLETE.json
discovery_unseen,163,2azQ1b91cZZ,CONCAT,1.0,0.5825193323038733,94,projects/qwen35_indoor_nav/research/continuation_memory_v1/strong_backbone_recovery_v1/recovery_action_v1/runs/action_001/unseen/evaluation/gpu0_1790339712923335225/episodes/163/CONCAT/TRACE.jsonl,e37dbe6b74ae9a24f8a5dc287d100a6b758a3a94466deb61077bb4c91c88d0d1,projects/qwen35_indoor_nav/research/continuation_memory_v1/strong_backbone_recovery_v1/recovery_action_v1/runs/action_001/unseen/evaluation/gpu0_1790339712923335225/episodes/163/COMPLETE.json
discovery_unseen,164,QUCTc6BB5sX,NATIVE,1.0,0.7036501782266753,70,projects/qwen35_indoor_nav/research/continuation_memory_v1/strong_backbone_recovery_v1/recovery_action_v1/runs/action_001/unseen/evaluation/gpu0_1790339712923335225/episodes/164/NATIVE/TRACE.jsonl,c9e5228c6dee59c316e55964b901e8ab234f3a53fba2bb4f7e2138ba9a7dcdb1,projects/qwen35_indoor_nav/research/continuation_memory_v1/strong_backbone_recovery_v1/recovery_action_v1/runs/action_001/unseen/evaluation/gpu0_1790339712923335225/episodes/164/COMPLETE.json
discovery_unseen,164,QUCTc6BB5sX,CONCAT,1.0,0.7036501782266753,70,projects/qwen35_indoor_nav/research/continuation_memory_v1/strong_backbone_recovery_v1/recovery_action_v1/runs/action_001/unseen/evaluation/gpu0_1790339712923335225/episodes/164/CONCAT/TRACE.jsonl,cdbf61382a4ff9b6810f8232d4a8508dafd72c6b0e6be2616ea41934e6ae30bc,projects/qwen35_indoor_nav/research/continuation_memory_v1/strong_backbone_recovery_v1/recovery_action_v1/runs/action_001/unseen/evaluation/gpu0_1790339712923335225/episodes/164/COMPLETE.json
discovery_unseen,164,QUCTc6BB5sX,EVIDENCE,1.0,0.8022149553546651,65,projects/qwen35_indoor_nav/research/continuation_memory_v1/strong_backbone_recovery_v1/recovery_action_v1/runs/action_001/unseen/evaluation/gpu0_1790339712923335225/episodes/164/EVIDENCE/TRACE.jsonl,d97bb5c43b95b25b2e4c44e188e690bef931f4aca6c58cd6c00d4d5153f122a5,projects/qwen35_indoor_nav/research/continuation_memory_v1/strong_backbone_recovery_v1/recovery_action_v1/runs/action_001/unseen/evaluation/gpu0_1790339712923335225/episodes/164/COMPLETE.json
discovery_unseen,165,TbHJrupSAjP,NATIVE,1.0,0.9821859635458373,73,projects/qwen35_indoor_nav/research/continuation_memory_v1/strong_backbone_recovery_v1/recovery_action_v1/runs/action_001/unseen/evaluation/gpu0_1790339712923335225/episodes/165/NATIVE/TRACE.jsonl,78b5c7f03fbe1c0fbfb3c29f69695ece2a17b0505b0286ba78aa1357b81d6dfe,projects/qwen35_indoor_nav/research/continuation_memory_v1/strong_backbone_recovery_v1/recovery_action_v1/runs/action_001/unseen/evaluation/gpu0_1790339712923335225/episodes/165/COMPLETE.json
discovery_unseen,165,TbHJrupSAjP,EVIDENCE,1.0,1.0,77,projects/qwen35_indoor_nav/research/continuation_memory_v1/strong_backbone_recovery_v1/recovery_action_v1/runs/action_001/unseen/evaluation/gpu0_1790339712923335225/episodes/165/EVIDENCE/TRACE.jsonl,65a6701aa4df9dd495cc972b45eea484f910de62f510f30b58bd5b4c14364982,projects/qwen35_indoor_nav/research/continuation_memory_v1/strong_backbone_recovery_v1/recovery_action_v1/runs/action_001/unseen/evaluation/gpu0_1790339712923335225/episodes/165/COMPLETE.json
discovery_unseen,165,TbHJrupSAjP,CONCAT,1.0,0.9821859635458373,73,projects/qwen35_indoor_nav/research/continuation_memory_v1/strong_backbone_recovery_v1/recovery_action_v1/runs/action_001/unseen/evaluation/gpu0_1790339712923335225/episodes/165/CONCAT/TRACE.jsonl,cf81da368575e2eb5db2d20fda43d3f47bbdf244ad1b3ec00815ff36470f91af,projects/qwen35_indoor_nav/research/continuation_memory_v1/strong_backbone_recovery_v1/recovery_action_v1/runs/action_001/unseen/evaluation/gpu0_1790339712923335225/episodes/165/COMPLETE.json
discovery_unseen,166,zsNo4HB9uLZ,NATIVE,1.0,0.9836112458912887,40,projects/qwen35_indoor_nav/research/continuation_memory_v1/strong_backbone_recovery_v1/recovery_action_v1/runs/action_001/unseen/evaluation/gpu0_1790339712923335225/episodes/166/NATIVE/TRACE.jsonl,a424c2f5d5186c92949db42f2e803d743879c6dc02c312d83bb7f1207f5e4b1c,projects/qwen35_indoor_nav/research/continuation_memory_v1/strong_backbone_recovery_v1/recovery_action_v1/runs/action_001/unseen/evaluation/gpu0_1790339712923335225/episodes/166/COMPLETE.json
discovery_unseen,166,zsNo4HB9uLZ,CONCAT,1.0,0.9836112458912887,40,projects/qwen35_indoor_nav/research/continuation_memory_v1/strong_backbone_recovery_v1/recovery_action_v1/runs/action_001/unseen/evaluation/gpu0_1790339712923335225/episodes/166/CONCAT/TRACE.jsonl,cd65c678c3aa5d14ed9991d58392fb0fc88f72a56f525c593536af7e8ef0a645,projects/qwen35_indoor_nav/research/continuation_memory_v1/strong_backbone_recovery_v1/recovery_action_v1/runs/action_001/unseen/evaluation/gpu0_1790339712923335225/episodes/166/COMPLETE.json
discovery_unseen,166,zsNo4HB9uLZ,EVIDENCE,1.0,0.9836112458912887,40,projects/qwen35_indoor_nav/research/continuation_memory_v1/strong_backbone_recovery_v1/recovery_action_v1/runs/action_001/unseen/evaluation/gpu0_1790339712923335225/episodes/166/EVIDENCE/TRACE.jsonl,602e63f27f2bea244eae97c8f7e06ea5515c2b911ba42f9c8e56357dd8ad9b5d,projects/qwen35_indoor_nav/research/continuation_memory_v1/strong_backbone_recovery_v1/recovery_action_v1/runs/action_001/unseen/evaluation/gpu0_1790339712923335225/episodes/166/COMPLETE.json
discovery_unseen,167,2azQ1b91cZZ,NATIVE,0.0,0.0,48,projects/qwen35_indoor_nav/research/continuation_memory_v1/strong_backbone_recovery_v1/recovery_action_v1/runs/action_001/unseen/evaluation/gpu0_1790339712923335225/episodes/167/NATIVE/TRACE.jsonl,db5a40557768d5de238f74d6a283ee4ef39b76811b55650a12329661521a2724,projects/qwen35_indoor_nav/research/continuation_memory_v1/strong_backbone_recovery_v1/recovery_action_v1/runs/action_001/unseen/evaluation/gpu0_1790339712923335225/episodes/167/COMPLETE.json
discovery_unseen,167,2azQ1b91cZZ,EVIDENCE,0.0,0.0,48,projects/qwen35_indoor_nav/research/continuation_memory_v1/strong_backbone_recovery_v1/recovery_action_v1/runs/action_001/unseen/evaluation/gpu0_1790339712923335225/episodes/167/EVIDENCE/TRACE.jsonl,5e8a7907bc789ed678bd584b5bc961c52037b8490946fa1c78a3e68c2e206f44,projects/qwen35_indoor_nav/research/continuation_memory_v1/strong_backbone_recovery_v1/recovery_action_v1/runs/action_001/unseen/evaluation/gpu0_1790339712923335225/episodes/167/COMPLETE.json
discovery_unseen,167,2azQ1b91cZZ,CONCAT,0.0,0.0,48,projects/qwen35_indoor_nav/research/continuation_memory_v1/strong_backbone_recovery_v1/recovery_action_v1/runs/action_001/unseen/evaluation/gpu0_1790339712923335225/episodes/167/CONCAT/TRACE.jsonl,a7fa6c2a00b026358c641bb9224d6879a258eda05d77d597e466706ddd026d87,projects/qwen35_indoor_nav/research/continuation_memory_v1/strong_backbone_recovery_v1/recovery_action_v1/runs/action_001/unseen/evaluation/gpu0_1790339712923335225/episodes/167/COMPLETE.json
discovery_unseen,168,QUCTc6BB5sX,NATIVE,0.0,0.0,86,projects/qwen35_indoor_nav/research/continuation_memory_v1/strong_backbone_recovery_v1/recovery_action_v1/runs/action_001/unseen/evaluation/gpu0_1790339712923335225/episodes/168/NATIVE/TRACE.jsonl,1e5a55546dc3ef80da498d4ab80a4d4bb0acda6d9f2beb2fffc6050663da89d9,projects/qwen35_indoor_nav/research/continuation_memory_v1/strong_backbone_recovery_v1/recovery_action_v1/runs/action_001/unseen/evaluation/gpu0_1790339712923335225/episodes/168/COMPLETE.json
discovery_unseen,168,QUCTc6BB5sX,CONCAT,1.0,0.8960764416432244,69,projects/qwen35_indoor_nav/research/continuation_memory_v1/strong_backbone_recovery_v1/recovery_action_v1/runs/action_001/unseen/evaluation/gpu0_1790339712923335225/episodes/168/CONCAT/TRACE.jsonl,8d39e02c887e000604177d71d4b8df4fb9373bbcfaf25321e175f1941623d046,projects/qwen35_indoor_nav/research/continuation_memory_v1/strong_backbone_recovery_v1/recovery_action_v1/runs/action_001/unseen/evaluation/gpu0_1790339712923335225/episodes/168/COMPLETE.json
discovery_unseen,168,QUCTc6BB5sX,EVIDENCE,0.0,0.0,86,projects/qwen35_indoor_nav/research/continuation_memory_v1/strong_backbone_recovery_v1/recovery_action_v1/runs/action_001/unseen/evaluation/gpu0_1790339712923335225/episodes/168/EVIDENCE/TRACE.jsonl,f4026f9ab890acd1a1033caa6e52e9335bbbc6f2c70ed65c6dc10a903588d322,projects/qwen35_indoor_nav/research/continuation_memory_v1/strong_backbone_recovery_v1/recovery_action_v1/runs/action_001/unseen/evaluation/gpu0_1790339712923335225/episodes/168/COMPLETE.json
discovery_unseen,169,TbHJrupSAjP,NATIVE,0.0,0.0,82,projects/qwen35_indoor_nav/research/continuation_memory_v1/strong_backbone_recovery_v1/recovery_action_v1/runs/action_001/unseen/evaluation/gpu0_1790339712923335225/episodes/169/NATIVE/TRACE.jsonl,e303efb87685f147ab26cb0492f2e924463555c4ba2095051c6ae47091e6b465,projects/qwen35_indoor_nav/research/continuation_memory_v1/strong_backbone_recovery_v1/recovery_action_v1/runs/action_001/unseen/evaluation/gpu0_1790339712923335225/episodes/169/COMPLETE.json
discovery_unseen,169,TbHJrupSAjP,EVIDENCE,0.0,0.0,83,projects/qwen35_indoor_nav/research/continuation_memory_v1/strong_backbone_recovery_v1/recovery_action_v1/runs/action_001/unseen/evaluation/gpu0_1790339712923335225/episodes/169/EVIDENCE/TRACE.jsonl,a14602011ed25cf96bccb022e7b87a0d50238f64a1da1cdf39c94bb4f15b3ced,projects/qwen35_indoor_nav/research/continuation_memory_v1/strong_backbone_recovery_v1/recovery_action_v1/runs/action_001/unseen/evaluation/gpu0_1790339712923335225/episodes/169/COMPLETE.json
discovery_unseen,169,TbHJrupSAjP,CONCAT,0.0,0.0,82,projects/qwen35_indoor_nav/research/continuation_memory_v1/strong_backbone_recovery_v1/recovery_action_v1/runs/action_001/unseen/evaluation/gpu0_1790339712923335225/episodes/169/CONCAT/TRACE.jsonl,e6b281d0c22227fffbe3a58ead1ac0e26eb051479d5eb02c3b2da3e986dd9008,projects/qwen35_indoor_nav/research/continuation_memory_v1/strong_backbone_recovery_v1/recovery_action_v1/runs/action_001/unseen/evaluation/gpu0_1790339712923335225/episodes/169/COMPLETE.json
discovery_unseen,170,zsNo4HB9uLZ,NATIVE,1.0,0.9957470525450134,51,projects/qwen35_indoor_nav/research/continuation_memory_v1/strong_backbone_recovery_v1/recovery_action_v1/runs/action_001/unseen/evaluation/gpu0_1790339712923335225/episodes/170/NATIVE/TRACE.jsonl,896455cfed8eeaba9fb4382ebd21f044df49dfabe098b54d18f83b3a82f108be,projects/qwen35_indoor_nav/research/continuation_memory_v1/strong_backbone_recovery_v1/recovery_action_v1/runs/action_001/unseen/evaluation/gpu0_1790339712923335225/episodes/170/COMPLETE.json
discovery_unseen,170,zsNo4HB9uLZ,CONCAT,1.0,0.9957470525450134,51,projects/qwen35_indoor_nav/research/continuation_memory_v1/strong_backbone_recovery_v1/recovery_action_v1/runs/action_001/unseen/evaluation/gpu0_1790339712923335225/episodes/170/CONCAT/TRACE.jsonl,2bdd3543d5e625ecc35b2c3c6bd0657b0320957f7b9b3552dc6c39a770a86c2d,projects/qwen35_indoor_nav/research/continuation_memory_v1/strong_backbone_recovery_v1/recovery_action_v1/runs/action_001/unseen/evaluation/gpu0_1790339712923335225/episodes/170/COMPLETE.json
discovery_unseen,170,zsNo4HB9uLZ,EVIDENCE,1.0,0.9957470525450134,53,projects/qwen35_indoor_nav/research/continuation_memory_v1/strong_backbone_recovery_v1/recovery_action_v1/runs/action_001/unseen/evaluation/gpu0_1790339712923335225/episodes/170/EVIDENCE/TRACE.jsonl,f83f14d699737e13b2c497da7fd1105fba16653eed3cf2ae0c2b3dea64f54640,projects/qwen35_indoor_nav/research/continuation_memory_v1/strong_backbone_recovery_v1/recovery_action_v1/runs/action_001/unseen/evaluation/gpu0_1790339712923335225/episodes/170/COMPLETE.json
discovery_unseen,171,2azQ1b91cZZ,NATIVE,0.0,0.0,64,projects/qwen35_indoor_nav/research/continuation_memory_v1/strong_backbone_recovery_v1/recovery_action_v1/runs/action_001/unseen/evaluation/gpu0_1790339712923335225/episodes/171/NATIVE/TRACE.jsonl,558b959b92114ff4f984619b659f7e4f1d8bc2c2f1d663e8c0641bf9aa727cdd,projects/qwen35_indoor_nav/research/continuation_memory_v1/strong_backbone_recovery_v1/recovery_action_v1/runs/action_001/unseen/evaluation/gpu0_1790339712923335225/episodes/171/COMPLETE.json
discovery_unseen,171,2azQ1b91cZZ,EVIDENCE,0.0,0.0,109,projects/qwen35_indoor_nav/research/continuation_memory_v1/strong_backbone_recovery_v1/recovery_action_v1/runs/action_001/unseen/evaluation/gpu0_1790339712923335225/episodes/171/EVIDENCE/TRACE.jsonl,0f1eee467635a3ec1b08f4209400163becf2beb62c55740a3d40ba4c6260fefb,projects/qwen35_indoor_nav/research/continuation_memory_v1/strong_backbone_recovery_v1/recovery_action_v1/runs/action_001/unseen/evaluation/gpu0_1790339712923335225/episodes/171/COMPLETE.json
discovery_unseen,171,2azQ1b91cZZ,CONCAT,0.0,0.0,64,projects/qwen35_indoor_nav/research/continuation_memory_v1/strong_backbone_recovery_v1/recovery_action_v1/runs/action_001/unseen/evaluation/gpu0_1790339712923335225/episodes/171/CONCAT/TRACE.jsonl,bc5a4f0ab86eea4b4241fe95bbd81b3cd337cc51a100e12a2bb57f9c6ec68d28,projects/qwen35_indoor_nav/research/continuation_memory_v1/strong_backbone_recovery_v1/recovery_action_v1/runs/action_001/unseen/evaluation/gpu0_1790339712923335225/episodes/171/COMPLETE.json
discovery_unseen,172,QUCTc6BB5sX,NATIVE,0.0,0.0,88,projects/qwen35_indoor_nav/research/continuation_memory_v1/strong_backbone_recovery_v1/recovery_action_v1/runs/action_001/unseen/evaluation/gpu0_1790339712923335225/episodes/172/NATIVE/TRACE.jsonl,da40ba05ddf97458a08eb833740f21cb0721a72f7f98ee811f9b627f43abd4d9,projects/qwen35_indoor_nav/research/continuation_memory_v1/strong_backbone_recovery_v1/recovery_action_v1/runs/action_001/unseen/evaluation/gpu0_1790339712923335225/episodes/172/COMPLETE.json
discovery_unseen,172,QUCTc6BB5sX,CONCAT,0.0,0.0,88,projects/qwen35_indoor_nav/research/continuation_memory_v1/strong_backbone_recovery_v1/recovery_action_v1/runs/action_001/unseen/evaluation/gpu0_1790339712923335225/episodes/172/CONCAT/TRACE.jsonl,b959f60956a6f0b9e7df8046d7df7754f231a05df1384533d836b72c6d94d5d8,projects/qwen35_indoor_nav/research/continuation_memory_v1/strong_backbone_recovery_v1/recovery_action_v1/runs/action_001/unseen/evaluation/gpu0_1790339712923335225/episodes/172/COMPLETE.json
discovery_unseen,172,QUCTc6BB5sX,EVIDENCE,0.0,0.0,88,projects/qwen35_indoor_nav/research/continuation_memory_v1/strong_backbone_recovery_v1/recovery_action_v1/runs/action_001/unseen/evaluation/gpu0_1790339712923335225/episodes/172/EVIDENCE/TRACE.jsonl,333914c557c29c9cb3ec1de4d4fdaf2840d6921cacbf2c749c9782d3ca4bbe8f,projects/qwen35_indoor_nav/research/continuation_memory_v1/strong_backbone_recovery_v1/recovery_action_v1/runs/action_001/unseen/evaluation/gpu0_1790339712923335225/episodes/172/COMPLETE.json
discovery_unseen,173,TbHJrupSAjP,NATIVE,0.0,0.0,67,projects/qwen35_indoor_nav/research/continuation_memory_v1/strong_backbone_recovery_v1/recovery_action_v1/runs/action_001/unseen/evaluation/gpu0_1790339712923335225/episodes/173/NATIVE/TRACE.jsonl,683616d5a51eb0c769de0835bd4aed5e82c5a8824c74567abe522cd0f0a3d98d,projects/qwen35_indoor_nav/research/continuation_memory_v1/strong_backbone_recovery_v1/recovery_action_v1/runs/action_001/unseen/evaluation/gpu0_1790339712923335225/episodes/173/COMPLETE.json
discovery_unseen,173,TbHJrupSAjP,EVIDENCE,0.0,0.0,77,projects/qwen35_indoor_nav/research/continuation_memory_v1/strong_backbone_recovery_v1/recovery_action_v1/runs/action_001/unseen/evaluation/gpu0_1790339712923335225/episodes/173/EVIDENCE/TRACE.jsonl,32103725aee3273ad808cac2e585395e0153745b23fe85e231cb2a61baa5fe97,projects/qwen35_indoor_nav/research/continuation_memory_v1/strong_backbone_recovery_v1/recovery_action_v1/runs/action_001/unseen/evaluation/gpu0_1790339712923335225/episodes/173/COMPLETE.json
discovery_unseen,173,TbHJrupSAjP,CONCAT,0.0,0.0,67,projects/qwen35_indoor_nav/research/continuation_memory_v1/strong_backbone_recovery_v1/recovery_action_v1/runs/action_001/unseen/evaluation/gpu0_1790339712923335225/episodes/173/CONCAT/TRACE.jsonl,74489c1230416abdf21240778594861b7de11642251616a327cd1ef78dfca6c6,projects/qwen35_indoor_nav/research/continuation_memory_v1/strong_backbone_recovery_v1/recovery_action_v1/runs/action_001/unseen/evaluation/gpu0_1790339712923335225/episodes/173/COMPLETE.json
discovery_unseen,174,zsNo4HB9uLZ,NATIVE,0.0,0.0,36,projects/qwen35_indoor_nav/research/continuation_memory_v1/strong_backbone_recovery_v1/recovery_action_v1/runs/action_001/unseen/evaluation/gpu0_1790339712923335225/episodes/174/NATIVE/TRACE.jsonl,466708c24c1cfd36f312a6c4225e388108888f2468d2a92dfc13d751fa6666df,projects/qwen35_indoor_nav/research/continuation_memory_v1/strong_backbone_recovery_v1/recovery_action_v1/runs/action_001/unseen/evaluation/gpu0_1790339712923335225/episodes/174/COMPLETE.json
discovery_unseen,174,zsNo4HB9uLZ,CONCAT,0.0,0.0,36,projects/qwen35_indoor_nav/research/continuation_memory_v1/strong_backbone_recovery_v1/recovery_action_v1/runs/action_001/unseen/evaluation/gpu0_1790339712923335225/episodes/174/CONCAT/TRACE.jsonl,a880a8377fa6fd06a69e25534c3648cc54923dd29af64853de1fcd2a2e16ae87,projects/qwen35_indoor_nav/research/continuation_memory_v1/strong_backbone_recovery_v1/recovery_action_v1/runs/action_001/unseen/evaluation/gpu0_1790339712923335225/episodes/174/COMPLETE.json
discovery_unseen,174,zsNo4HB9uLZ,EVIDENCE,0.0,0.0,36,projects/qwen35_indoor_nav/research/continuation_memory_v1/strong_backbone_recovery_v1/recovery_action_v1/runs/action_001/unseen/evaluation/gpu0_1790339712923335225/episodes/174/EVIDENCE/TRACE.jsonl,69bc8b59dfd40148140e45093ccc7f7c337724bdc3dd0bbf028d2e870e198f14,projects/qwen35_indoor_nav/research/continuation_memory_v1/strong_backbone_recovery_v1/recovery_action_v1/runs/action_001/unseen/evaluation/gpu0_1790339712923335225/episodes/174/COMPLETE.json
discovery_unseen,175,2azQ1b91cZZ,NATIVE,0.0,0.0,174,projects/qwen35_indoor_nav/research/continuation_memory_v1/strong_backbone_recovery_v1/recovery_action_v1/runs/action_001/unseen/evaluation/gpu0_1790339712923335225/episodes/175/NATIVE/TRACE.jsonl,031265f22eecf36a82f47ff992106cd97294188a4a45956c9546b5142627fbcb,projects/qwen35_indoor_nav/research/continuation_memory_v1/strong_backbone_recovery_v1/recovery_action_v1/runs/action_001/unseen/evaluation/gpu0_1790339712923335225/episodes/175/COMPLETE.json
discovery_unseen,175,2azQ1b91cZZ,EVIDENCE,0.0,0.0,109,projects/qwen35_indoor_nav/research/continuation_memory_v1/strong_backbone_recovery_v1/recovery_action_v1/runs/action_001/unseen/evaluation/gpu0_1790339712923335225/episodes/175/EVIDENCE/TRACE.jsonl,adba7bbd06238249c187af7fb945380785855c7f2e5ca31c3f9dc2bba6d8b87b,projects/qwen35_indoor_nav/research/continuation_memory_v1/strong_backbone_recovery_v1/recovery_action_v1/runs/action_001/unseen/evaluation/gpu0_1790339712923335225/episodes/175/COMPLETE.json
discovery_unseen,175,2azQ1b91cZZ,CONCAT,0.0,0.0,153,projects/qwen35_indoor_nav/research/continuation_memory_v1/strong_backbone_recovery_v1/recovery_action_v1/runs/action_001/unseen/evaluation/gpu0_1790339712923335225/episodes/175/CONCAT/TRACE.jsonl,91b692ea46cc6a94517ea0e77482e8a629c7699fd15bf892fe6bab926c9fc714,projects/qwen35_indoor_nav/research/continuation_memory_v1/strong_backbone_recovery_v1/recovery_action_v1/runs/action_001/unseen/evaluation/gpu0_1790339712923335225/episodes/175/COMPLETE.json
discovery_unseen,16,oLBMNvg9in8,NATIVE,0.0,0.0,87,projects/qwen35_indoor_nav/research/continuation_memory_v1/strong_backbone_recovery_v1/recovery_action_v1/runs/action_001/unseen/evaluation/gpu1_1790338226199607045/episodes/16/NATIVE/TRACE.jsonl,bfe2b35e8106d74d28a6ecb937e9feb512e10d64817255e936a9c28d4665011c,projects/qwen35_indoor_nav/research/continuation_memory_v1/strong_backbone_recovery_v1/recovery_action_v1/runs/action_001/unseen/evaluation/gpu1_1790338226199607045/episodes/16/COMPLETE.json
discovery_unseen,16,oLBMNvg9in8,CONCAT,0.0,0.0,72,projects/qwen35_indoor_nav/research/continuation_memory_v1/strong_backbone_recovery_v1/recovery_action_v1/runs/action_001/unseen/evaluation/gpu1_1790338226199607045/episodes/16/CONCAT/TRACE.jsonl,d6d249b62498b0432478c5300a7896a44670688ae52913c5f1db597a2062d8dc,projects/qwen35_indoor_nav/research/continuation_memory_v1/strong_backbone_recovery_v1/recovery_action_v1/runs/action_001/unseen/evaluation/gpu1_1790338226199607045/episodes/16/COMPLETE.json
discovery_unseen,16,oLBMNvg9in8,EVIDENCE,0.0,0.0,73,projects/qwen35_indoor_nav/research/continuation_memory_v1/strong_backbone_recovery_v1/recovery_action_v1/runs/action_001/unseen/evaluation/gpu1_1790338226199607045/episodes/16/EVIDENCE/TRACE.jsonl,cc1d1f8059b3a3e338474805e30ff17a8f859aaadf0c0b95eac95dd74e90cdbf,projects/qwen35_indoor_nav/research/continuation_memory_v1/strong_backbone_recovery_v1/recovery_action_v1/runs/action_001/unseen/evaluation/gpu1_1790338226199607045/episodes/16/COMPLETE.json
discovery_unseen,17,pLe4wQe7qrG,NATIVE,0.0,0.0,48,projects/qwen35_indoor_nav/research/continuation_memory_v1/strong_backbone_recovery_v1/recovery_action_v1/runs/action_001/unseen/evaluation/gpu1_1790338226199607045/episodes/17/NATIVE/TRACE.jsonl,b666935f2c22de2cfb1d46669b2ede27b8d8cdc6f520cc34b17dff011a91e8df,projects/qwen35_indoor_nav/research/continuation_memory_v1/strong_backbone_recovery_v1/recovery_action_v1/runs/action_001/unseen/evaluation/gpu1_1790338226199607045/episodes/17/COMPLETE.json
discovery_unseen,17,pLe4wQe7qrG,EVIDENCE,0.0,0.0,46,projects/qwen35_indoor_nav/research/continuation_memory_v1/strong_backbone_recovery_v1/recovery_action_v1/runs/action_001/unseen/evaluation/gpu1_1790338226199607045/episodes/17/EVIDENCE/TRACE.jsonl,cf45702aa0533e7946c3b8c24021f2e8a851bb9bf2796acc418162b3ba8ad292,projects/qwen35_indoor_nav/research/continuation_memory_v1/strong_backbone_recovery_v1/recovery_action_v1/runs/action_001/unseen/evaluation/gpu1_1790338226199607045/episodes/17/COMPLETE.json
discovery_unseen,17,pLe4wQe7qrG,CONCAT,0.0,0.0,46,projects/qwen35_indoor_nav/research/continuation_memory_v1/strong_backbone_recovery_v1/recovery_action_v1/runs/action_001/unseen/evaluation/gpu1_1790338226199607045/episodes/17/CONCAT/TRACE.jsonl,87c5025e0d14a347d98ee149686f4e8336539d23e70ab8dbc09204baad737143,projects/qwen35_indoor_nav/research/continuation_memory_v1/strong_backbone_recovery_v1/recovery_action_v1/runs/action_001/unseen/evaluation/gpu1_1790338226199607045/episodes/17/COMPLETE.json
discovery_unseen,18,x8F5xyUWy9e,NATIVE,1.0,0.966138771315369,55,projects/qwen35_indoor_nav/research/continuation_memory_v1/strong_backbone_recovery_v1/recovery_action_v1/runs/action_001/unseen/evaluation/gpu1_1790338226199607045/episodes/18/NATIVE/TRACE.jsonl,17fd2858fe34d307d382563c1be46e289f061632abf74b6cf7f357c5ba6f79b5,projects/qwen35_indoor_nav/research/continuation_memory_v1/strong_backbone_recovery_v1/recovery_action_v1/runs/action_001/unseen/evaluation/gpu1_1790338226199607045/episodes/18/COMPLETE.json
discovery_unseen,18,x8F5xyUWy9e,CONCAT,1.0,0.966138771315369,55,projects/qwen35_indoor_nav/research/continuation_memory_v1/strong_backbone_recovery_v1/recovery_action_v1/runs/action_001/unseen/evaluation/gpu1_1790338226199607045/episodes/18/CONCAT/TRACE.jsonl,3e349fe61e19fe5f59bcd24f24eb730c159dba4748194f8ce511bfa52cfdb96f,projects/qwen35_indoor_nav/research/continuation_memory_v1/strong_backbone_recovery_v1/recovery_action_v1/runs/action_001/unseen/evaluation/gpu1_1790338226199607045/episodes/18/COMPLETE.json
discovery_unseen,18,x8F5xyUWy9e,EVIDENCE,1.0,0.966138771315369,55,projects/qwen35_indoor_nav/research/continuation_memory_v1/strong_backbone_recovery_v1/recovery_action_v1/runs/action_001/unseen/evaluation/gpu1_1790338226199607045/episodes/18/EVIDENCE/TRACE.jsonl,39d9de2fff0f2a57f507188e7a7b636ed9adc8e1080d459081c3048855d31e09,projects/qwen35_indoor_nav/research/continuation_memory_v1/strong_backbone_recovery_v1/recovery_action_v1/runs/action_001/unseen/evaluation/gpu1_1790338226199607045/episodes/18/COMPLETE.json
discovery_unseen,19,zsNo4HB9uLZ,NATIVE,1.0,0.9862668335399789,70,projects/qwen35_indoor_nav/research/continuation_memory_v1/strong_backbone_recovery_v1/recovery_action_v1/runs/action_001/unseen/evaluation/gpu1_1790338226199607045/episodes/19/NATIVE/TRACE.jsonl,4310bb167bba38adf563532879d935a0f081066a9cc200c7b9c5dde5a843b0a7,projects/qwen35_indoor_nav/research/continuation_memory_v1/strong_backbone_recovery_v1/recovery_action_v1/runs/action_001/unseen/evaluation/gpu1_1790338226199607045/episodes/19/COMPLETE.json
discovery_unseen,19,zsNo4HB9uLZ,EVIDENCE,1.0,0.9862668118659775,70,projects/qwen35_indoor_nav/research/continuation_memory_v1/strong_backbone_recovery_v1/recovery_action_v1/runs/action_001/unseen/evaluation/gpu1_1790338226199607045/episodes/19/EVIDENCE/TRACE.jsonl,d46d04432cf48e44a547e78886478711edce4e92909efd0f6e5d38ca1fcbe6a7,projects/qwen35_indoor_nav/research/continuation_memory_v1/strong_backbone_recovery_v1/recovery_action_v1/runs/action_001/unseen/evaluation/gpu1_1790338226199607045/episodes/19/COMPLETE.json
discovery_unseen,19,zsNo4HB9uLZ,CONCAT,1.0,0.9291704917938923,71,projects/qwen35_indoor_nav/research/continuation_memory_v1/strong_backbone_recovery_v1/recovery_action_v1/runs/action_001/unseen/evaluation/gpu1_1790338226199607045/episodes/19/CONCAT/TRACE.jsonl,a9d383ccaf66426cd8ee3e790d75df2ca0791118e453b53c7adbd3cf3c76c00c,projects/qwen35_indoor_nav/research/continuation_memory_v1/strong_backbone_recovery_v1/recovery_action_v1/runs/action_001/unseen/evaluation/gpu1_1790338226199607045/episodes/19/COMPLETE.json
discovery_unseen,20,2azQ1b91cZZ,NATIVE,0.0,0.0,47,projects/qwen35_indoor_nav/research/continuation_memory_v1/strong_backbone_recovery_v1/recovery_action_v1/runs/action_001/unseen/evaluation/gpu1_1790338226199607045/episodes/20/NATIVE/TRACE.jsonl,1dee9a74f09da896fc1544cbdca479cdfc9e686ba2cda007b553931ee89e9cf4,projects/qwen35_indoor_nav/research/continuation_memory_v1/strong_backbone_recovery_v1/recovery_action_v1/runs/action_001/unseen/evaluation/gpu1_1790338226199607045/episodes/20/COMPLETE.json
discovery_unseen,20,2azQ1b91cZZ,CONCAT,0.0,0.0,47,projects/qwen35_indoor_nav/research/continuation_memory_v1/strong_backbone_recovery_v1/recovery_action_v1/runs/action_001/unseen/evaluation/gpu1_1790338226199607045/episodes/20/CONCAT/TRACE.jsonl,9555d8c56a4fe0b11015eeaf85833bc6eee44ea6ac39290a89c808c1b88a14e8,projects/qwen35_indoor_nav/research/continuation_memory_v1/strong_backbone_recovery_v1/recovery_action_v1/runs/action_001/unseen/evaluation/gpu1_1790338226199607045/episodes/20/COMPLETE.json
discovery_unseen,20,2azQ1b91cZZ,EVIDENCE,0.0,0.0,47,projects/qwen35_indoor_nav/research/continuation_memory_v1/strong_backbone_recovery_v1/recovery_action_v1/runs/action_001/unseen/evaluation/gpu1_1790338226199607045/episodes/20/EVIDENCE/TRACE.jsonl,5b6c3ec7d4ce10cb64eb3b9432fa05f6b79914e58fb38b308efbc598916a9601,projects/qwen35_indoor_nav/research/continuation_memory_v1/strong_backbone_recovery_v1/recovery_action_v1/runs/action_001/unseen/evaluation/gpu1_1790338226199607045/episodes/20/COMPLETE.json
discovery_unseen,21,8194nk5LbLH,NATIVE,0.0,0.0,69,projects/qwen35_indoor_nav/research/continuation_memory_v1/strong_backbone_recovery_v1/recovery_action_v1/runs/action_001/unseen/evaluation/gpu1_1790338226199607045/episodes/21/NATIVE/TRACE.jsonl,aa2ec5283c6fd92a713a75fb5e692364d743add5a58592cf97f7b50da7705068,projects/qwen35_indoor_nav/research/continuation_memory_v1/strong_backbone_recovery_v1/recovery_action_v1/runs/action_001/unseen/evaluation/gpu1_1790338226199607045/episodes/21/COMPLETE.json
discovery_unseen,21,8194nk5LbLH,EVIDENCE,0.0,0.0,74,projects/qwen35_indoor_nav/research/continuation_memory_v1/strong_backbone_recovery_v1/recovery_action_v1/runs/action_001/unseen/evaluation/gpu1_1790338226199607045/episodes/21/EVIDENCE/TRACE.jsonl,116b48d8639728e29a7fff60b2f335a26b0c3c77418d395eddf964652353020e,projects/qwen35_indoor_nav/research/continuation_memory_v1/strong_backbone_recovery_v1/recovery_action_v1/runs/action_001/unseen/evaluation/gpu1_1790338226199607045/episodes/21/COMPLETE.json
discovery_unseen,21,8194nk5LbLH,CONCAT,0.0,0.0,79,projects/qwen35_indoor_nav/research/continuation_memory_v1/strong_backbone_recovery_v1/recovery_action_v1/runs/action_001/unseen/evaluation/gpu1_1790338226199607045/episodes/21/CONCAT/TRACE.jsonl,3752a23950a6498b0e75aecbe8f56af21a2552710bc5f6438928f693e98e9bfa,projects/qwen35_indoor_nav/research/continuation_memory_v1/strong_backbone_recovery_v1/recovery_action_v1/runs/action_001/unseen/evaluation/gpu1_1790338226199607045/episodes/21/COMPLETE.json
discovery_unseen,22,QUCTc6BB5sX,NATIVE,1.0,0.8284260370901381,64,projects/qwen35_indoor_nav/research/continuation_memory_v1/strong_backbone_recovery_v1/recovery_action_v1/runs/action_001/unseen/evaluation/gpu1_1790338226199607045/episodes/22/NATIVE/TRACE.jsonl,f378f7458619644f6543f0e8616e1f05eada636cf27ca5aad253ba9590aa40b2,projects/qwen35_indoor_nav/research/continuation_memory_v1/strong_backbone_recovery_v1/recovery_action_v1/runs/action_001/unseen/evaluation/gpu1_1790338226199607045/episodes/22/COMPLETE.json
discovery_unseen,22,QUCTc6BB5sX,CONCAT,0.0,0.0,79,projects/qwen35_indoor_nav/research/continuation_memory_v1/strong_backbone_recovery_v1/recovery_action_v1/runs/action_001/unseen/evaluation/gpu1_1790338226199607045/episodes/22/CONCAT/TRACE.jsonl,44990f6c04240573ce45f89e655a1476bba8f660dd08de1d685a2509405abcc9,projects/qwen35_indoor_nav/research/continuation_memory_v1/strong_backbone_recovery_v1/recovery_action_v1/runs/action_001/unseen/evaluation/gpu1_1790338226199607045/episodes/22/COMPLETE.json
discovery_unseen,22,QUCTc6BB5sX,EVIDENCE,0.0,0.0,77,projects/qwen35_indoor_nav/research/continuation_memory_v1/strong_backbone_recovery_v1/recovery_action_v1/runs/action_001/unseen/evaluation/gpu1_1790338226199607045/episodes/22/EVIDENCE/TRACE.jsonl,a8e001d55feb100c00770bb11cba1d3d3ec5ed0c6197d1f013a02997e192f264,projects/qwen35_indoor_nav/research/continuation_memory_v1/strong_backbone_recovery_v1/recovery_action_v1/runs/action_001/unseen/evaluation/gpu1_1790338226199607045/episodes/22/COMPLETE.json
discovery_unseen,23,TbHJrupSAjP,NATIVE,1.0,1.0,41,projects/qwen35_indoor_nav/research/continuation_memory_v1/strong_backbone_recovery_v1/recovery_action_v1/runs/action_001/unseen/evaluation/gpu1_1790338226199607045/episodes/23/NATIVE/TRACE.jsonl,07e60148e347407f5b28ab76815da531b2b726e42b80f7e9d554baa88a377bb0,projects/qwen35_indoor_nav/research/continuation_memory_v1/strong_backbone_recovery_v1/recovery_action_v1/runs/action_001/unseen/evaluation/gpu1_1790338226199607045/episodes/23/COMPLETE.json
discovery_unseen,23,TbHJrupSAjP,EVIDENCE,1.0,1.0,43,projects/qwen35_indoor_nav/research/continuation_memory_v1/strong_backbone_recovery_v1/recovery_action_v1/runs/action_001/unseen/evaluation/gpu1_1790338226199607045/episodes/23/EVIDENCE/TRACE.jsonl,c7cf19519bd8e83df082d820e8ca8414a2e301ad060831a49ea559e595e48a25,projects/qwen35_indoor_nav/research/continuation_memory_v1/strong_backbone_recovery_v1/recovery_action_v1/runs/action_001/unseen/evaluation/gpu1_1790338226199607045/episodes/23/COMPLETE.json
discovery_unseen,23,TbHJrupSAjP,CONCAT,1.0,1.0,43,projects/qwen35_indoor_nav/research/continuation_memory_v1/strong_backbone_recovery_v1/recovery_action_v1/runs/action_001/unseen/evaluation/gpu1_1790338226199607045/episodes/23/CONCAT/TRACE.jsonl,a476a9d10912e8f9ae0db69c52325e5e3d78c46b01f491afee91311f8ce33ca4,projects/qwen35_indoor_nav/research/continuation_memory_v1/strong_backbone_recovery_v1/recovery_action_v1/runs/action_001/unseen/evaluation/gpu1_1790338226199607045/episodes/23/COMPLETE.json
discovery_unseen,24,X7HyMhZNoso,NATIVE,1.0,0.9360584739544785,84,projects/qwen35_indoor_nav/research/continuation_memory_v1/strong_backbone_recovery_v1/recovery_action_v1/runs/action_001/unseen/evaluation/gpu1_1790338226199607045/episodes/24/NATIVE/TRACE.jsonl,18fb6481790d9bda42b87c8fada85c25dddfc6667d6ff0cbd44fd0c5237f6dc7,projects/qwen35_indoor_nav/research/continuation_memory_v1/strong_backbone_recovery_v1/recovery_action_v1/runs/action_001/unseen/evaluation/gpu1_1790338226199607045/episodes/24/COMPLETE.json
discovery_unseen,24,X7HyMhZNoso,CONCAT,1.0,0.9613887808203782,83,projects/qwen35_indoor_nav/research/continuation_memory_v1/strong_backbone_recovery_v1/recovery_action_v1/runs/action_001/unseen/evaluation/gpu1_1790338226199607045/episodes/24/CONCAT/TRACE.jsonl,25d2daa7115725d765e11b8b995f8224374edf7db3153f273e0e3f02d37d0670,projects/qwen35_indoor_nav/research/continuation_memory_v1/strong_backbone_recovery_v1/recovery_action_v1/runs/action_001/unseen/evaluation/gpu1_1790338226199607045/episodes/24/COMPLETE.json
discovery_unseen,24,X7HyMhZNoso,EVIDENCE,1.0,0.9364371270651479,84,projects/qwen35_indoor_nav/research/continuation_memory_v1/strong_backbone_recovery_v1/recovery_action_v1/runs/action_001/unseen/evaluation/gpu1_1790338226199607045/episodes/24/EVIDENCE/TRACE.jsonl,68e61dcc884d09b7951725ac3aaf72f7f6b81c0dc762d785b330e3583474fd4b,projects/qwen35_indoor_nav/research/continuation_memory_v1/strong_backbone_recovery_v1/recovery_action_v1/runs/action_001/unseen/evaluation/gpu1_1790338226199607045/episodes/24/COMPLETE.json
discovery_unseen,25,Z6MFQCViBuw,NATIVE,1.0,0.942138572326751,53,projects/qwen35_indoor_nav/research/continuation_memory_v1/strong_backbone_recovery_v1/recovery_action_v1/runs/action_001/unseen/evaluation/gpu1_1790338226199607045/episodes/25/NATIVE/TRACE.jsonl,b0c6627b590e73ce0d90a65f51245e9919be36e0aaa83b7cf4f05583b4b58cea,projects/qwen35_indoor_nav/research/continuation_memory_v1/strong_backbone_recovery_v1/recovery_action_v1/runs/action_001/unseen/evaluation/gpu1_1790338226199607045/episodes/25/COMPLETE.json
discovery_unseen,25,Z6MFQCViBuw,EVIDENCE,1.0,0.942138572326751,53,projects/qwen35_indoor_nav/research/continuation_memory_v1/strong_backbone_recovery_v1/recovery_action_v1/runs/action_001/unseen/evaluation/gpu1_1790338226199607045/episodes/25/EVIDENCE/TRACE.jsonl,9ce2f78df8f12956b7d261c17435aef116b52b1f7f56ca6e9b79d8d82d1d5eeb,projects/qwen35_indoor_nav/research/continuation_memory_v1/strong_backbone_recovery_v1/recovery_action_v1/runs/action_001/unseen/evaluation/gpu1_1790338226199607045/episodes/25/COMPLETE.json
discovery_unseen,25,Z6MFQCViBuw,CONCAT,1.0,0.942138572326751,53,projects/qwen35_indoor_nav/research/continuation_memory_v1/strong_backbone_recovery_v1/recovery_action_v1/runs/action_001/unseen/evaluation/gpu1_1790338226199607045/episodes/25/CONCAT/TRACE.jsonl,786a47fd2733ef1281538d0591050eef232b7e046d43f37d354c0c2a46a65fb9,projects/qwen35_indoor_nav/research/continuation_memory_v1/strong_backbone_recovery_v1/recovery_action_v1/runs/action_001/unseen/evaluation/gpu1_1790338226199607045/episodes/25/COMPLETE.json
discovery_unseen,26,oLBMNvg9in8,NATIVE,0.0,0.0,30,projects/qwen35_indoor_nav/research/continuation_memory_v1/strong_backbone_recovery_v1/recovery_action_v1/runs/action_001/unseen/evaluation/gpu1_1790338226199607045/episodes/26/NATIVE/TRACE.jsonl,c14c86d03719b811e4d3f09915a5d611de3a056cb974ab514fd46c28ce072aeb,projects/qwen35_indoor_nav/research/continuation_memory_v1/strong_backbone_recovery_v1/recovery_action_v1/runs/action_001/unseen/evaluation/gpu1_1790338226199607045/episodes/26/COMPLETE.json
discovery_unseen,26,oLBMNvg9in8,CONCAT,0.0,0.0,30,projects/qwen35_indoor_nav/research/continuation_memory_v1/strong_backbone_recovery_v1/recovery_action_v1/runs/action_001/unseen/evaluation/gpu1_1790338226199607045/episodes/26/CONCAT/TRACE.jsonl,ede430e325d004dd85a2449b2f78a987497ef2f6ebeb672da0c43e7d2e1a40aa,projects/qwen35_indoor_nav/research/continuation_memory_v1/strong_backbone_recovery_v1/recovery_action_v1/runs/action_001/unseen/evaluation/gpu1_1790338226199607045/episodes/26/COMPLETE.json
discovery_unseen,26,oLBMNvg9in8,EVIDENCE,0.0,0.0,30,projects/qwen35_indoor_nav/research/continuation_memory_v1/strong_backbone_recovery_v1/recovery_action_v1/runs/action_001/unseen/evaluation/gpu1_1790338226199607045/episodes/26/EVIDENCE/TRACE.jsonl,d6236f5c5d78c46f62cceba0b64a35b7c0cfc8cfbfa2997eeee389daa638df04,projects/qwen35_indoor_nav/research/continuation_memory_v1/strong_backbone_recovery_v1/recovery_action_v1/runs/action_001/unseen/evaluation/gpu1_1790338226199607045/episodes/26/COMPLETE.json
discovery_unseen,27,x8F5xyUWy9e,NATIVE,0.0,0.0,500,projects/qwen35_indoor_nav/research/continuation_memory_v1/strong_backbone_recovery_v1/recovery_action_v1/runs/action_001/unseen/evaluation/gpu1_1790338226199607045/episodes/27/NATIVE/TRACE.jsonl,74116b24d1d264f6197a3db8a1ef2fcd89fe737456912ee10bfc36695fc4bdbf,projects/qwen35_indoor_nav/research/continuation_memory_v1/strong_backbone_recovery_v1/recovery_action_v1/runs/action_001/unseen/evaluation/gpu1_1790338226199607045/episodes/27/COMPLETE.json
discovery_unseen,27,x8F5xyUWy9e,EVIDENCE,0.0,0.0,161,projects/qwen35_indoor_nav/research/continuation_memory_v1/strong_backbone_recovery_v1/recovery_action_v1/runs/action_001/unseen/evaluation/gpu1_1790338226199607045/episodes/27/EVIDENCE/TRACE.jsonl,14d8179e064594722c53fc4cb22c49bc63d075aebb1c9411c983b717ab10393d,projects/qwen35_indoor_nav/research/continuation_memory_v1/strong_backbone_recovery_v1/recovery_action_v1/runs/action_001/unseen/evaluation/gpu1_1790338226199607045/episodes/27/COMPLETE.json
discovery_unseen,27,x8F5xyUWy9e,CONCAT,0.0,0.0,500,projects/qwen35_indoor_nav/research/continuation_memory_v1/strong_backbone_recovery_v1/recovery_action_v1/runs/action_001/unseen/evaluation/gpu1_1790338226199607045/episodes/27/CONCAT/TRACE.jsonl,2e6e1dd9ef43920520a9e1303ca54704575d5d844c2310e142e09c00d1d9e1b9,projects/qwen35_indoor_nav/research/continuation_memory_v1/strong_backbone_recovery_v1/recovery_action_v1/runs/action_001/unseen/evaluation/gpu1_1790338226199607045/episodes/27/COMPLETE.json
discovery_unseen,28,zsNo4HB9uLZ,NATIVE,1.0,1.0,51,projects/qwen35_indoor_nav/research/continuation_memory_v1/strong_backbone_recovery_v1/recovery_action_v1/runs/action_001/unseen/evaluation/gpu1_1790338226199607045/episodes/28/NATIVE/TRACE.jsonl,4620b0a31cafd50b20ccdfcc7bb973912321b7da24911471da9bdc4169f7248f,projects/qwen35_indoor_nav/research/continuation_memory_v1/strong_backbone_recovery_v1/recovery_action_v1/runs/action_001/unseen/evaluation/gpu1_1790338226199607045/episodes/28/COMPLETE.json
discovery_unseen,28,zsNo4HB9uLZ,CONCAT,1.0,1.0,51,projects/qwen35_indoor_nav/research/continuation_memory_v1/strong_backbone_recovery_v1/recovery_action_v1/runs/action_001/unseen/evaluation/gpu1_1790338226199607045/episodes/28/CONCAT/TRACE.jsonl,ea750f4b4ff0711da13b51b2ad526dabdc9da176b324c7bbad59349d8d806138,projects/qwen35_indoor_nav/research/continuation_memory_v1/strong_backbone_recovery_v1/recovery_action_v1/runs/action_001/unseen/evaluation/gpu1_1790338226199607045/episodes/28/COMPLETE.json
discovery_unseen,28,zsNo4HB9uLZ,EVIDENCE,1.0,1.0,51,projects/qwen35_indoor_nav/research/continuation_memory_v1/strong_backbone_recovery_v1/recovery_action_v1/runs/action_001/unseen/evaluation/gpu1_1790338226199607045/episodes/28/EVIDENCE/TRACE.jsonl,469f40edec5d8eaf7e0dbd2bb52f7b156e411b17742ab2dfe90b18b8ae90ce30,projects/qwen35_indoor_nav/research/continuation_memory_v1/strong_backbone_recovery_v1/recovery_action_v1/runs/action_001/unseen/evaluation/gpu1_1790338226199607045/episodes/28/COMPLETE.json
discovery_unseen,29,2azQ1b91cZZ,NATIVE,0.0,0.0,66,projects/qwen35_indoor_nav/research/continuation_memory_v1/strong_backbone_recovery_v1/recovery_action_v1/runs/action_001/unseen/evaluation/gpu1_1790338226199607045/episodes/29/NATIVE/TRACE.jsonl,d78f8fccd13ad02ce2e8c8bb46b2e14115c564c51a59aa8ba165c37a6d768bc0,projects/qwen35_indoor_nav/research/continuation_memory_v1/strong_backbone_recovery_v1/recovery_action_v1/runs/action_001/unseen/evaluation/gpu1_1790338226199607045/episodes/29/COMPLETE.json
discovery_unseen,29,2azQ1b91cZZ,EVIDENCE,0.0,0.0,65,projects/qwen35_indoor_nav/research/continuation_memory_v1/strong_backbone_recovery_v1/recovery_action_v1/runs/action_001/unseen/evaluation/gpu1_1790338226199607045/episodes/29/EVIDENCE/TRACE.jsonl,c457a7d61261eb044c92e80d2fb126d9709a643b7ebccf01e4cb1c8acf11c9f8,projects/qwen35_indoor_nav/research/continuation_memory_v1/strong_backbone_recovery_v1/recovery_action_v1/runs/action_001/unseen/evaluation/gpu1_1790338226199607045/episodes/29/COMPLETE.json
discovery_unseen,29,2azQ1b91cZZ,CONCAT,0.0,0.0,66,projects/qwen35_indoor_nav/research/continuation_memory_v1/strong_backbone_recovery_v1/recovery_action_v1/runs/action_001/unseen/evaluation/gpu1_1790338226199607045/episodes/29/CONCAT/TRACE.jsonl,63a487db720b2753fe88c5c1f3cf0ecee8bcd9d7a45a601b15ad2b953840e66f,projects/qwen35_indoor_nav/research/continuation_memory_v1/strong_backbone_recovery_v1/recovery_action_v1/runs/action_001/unseen/evaluation/gpu1_1790338226199607045/episodes/29/COMPLETE.json
discovery_unseen,30,8194nk5LbLH,NATIVE,0.0,0.0,170,projects/qwen35_indoor_nav/research/continuation_memory_v1/strong_backbone_recovery_v1/recovery_action_v1/runs/action_001/unseen/evaluation/gpu1_1790338226199607045/episodes/30/NATIVE/TRACE.jsonl,dedfba479047b3fca96284bab1527417e7a28cda37b8fb4c3810e02800c68264,projects/qwen35_indoor_nav/research/continuation_memory_v1/strong_backbone_recovery_v1/recovery_action_v1/runs/action_001/unseen/evaluation/gpu1_1790338226199607045/episodes/30/COMPLETE.json
discovery_unseen,30,8194nk5LbLH,CONCAT,0.0,0.0,500,projects/qwen35_indoor_nav/research/continuation_memory_v1/strong_backbone_recovery_v1/recovery_action_v1/runs/action_001/unseen/evaluation/gpu1_1790338226199607045/episodes/30/CONCAT/TRACE.jsonl,659b4fdf1ddc77843cff94bef5d4e46db259712acb05e6220adb13274e463f99,projects/qwen35_indoor_nav/research/continuation_memory_v1/strong_backbone_recovery_v1/recovery_action_v1/runs/action_001/unseen/evaluation/gpu1_1790338226199607045/episodes/30/COMPLETE.json
discovery_unseen,30,8194nk5LbLH,EVIDENCE,1.0,0.8932378830725668,70,projects/qwen35_indoor_nav/research/continuation_memory_v1/strong_backbone_recovery_v1/recovery_action_v1/runs/action_001/unseen/evaluation/gpu1_1790338226199607045/episodes/30/EVIDENCE/TRACE.jsonl,48bee396b23e4c68c4027c30a1819422c91ac5acec95799e0858dcf65fb12a8c,projects/qwen35_indoor_nav/research/continuation_memory_v1/strong_backbone_recovery_v1/recovery_action_v1/runs/action_001/unseen/evaluation/gpu1_1790338226199607045/episodes/30/COMPLETE.json
discovery_unseen,31,QUCTc6BB5sX,NATIVE,0.0,0.0,500,projects/qwen35_indoor_nav/research/continuation_memory_v1/strong_backbone_recovery_v1/recovery_action_v1/runs/action_001/unseen/evaluation/gpu1_1790338226199607045/episodes/31/NATIVE/TRACE.jsonl,627adc712de085264a57f479fc49715cc7c1aa38ca6b2c2c26fdbd48e441fc76,projects/qwen35_indoor_nav/research/continuation_memory_v1/strong_backbone_recovery_v1/recovery_action_v1/runs/action_001/unseen/evaluation/gpu1_1790338226199607045/episodes/31/COMPLETE.json
discovery_unseen,31,QUCTc6BB5sX,EVIDENCE,0.0,0.0,500,projects/qwen35_indoor_nav/research/continuation_memory_v1/strong_backbone_recovery_v1/recovery_action_v1/runs/action_001/unseen/evaluation/gpu1_1790338226199607045/episodes/31/EVIDENCE/TRACE.jsonl,21256e0422a34a5ebb5c121bf916e6f6ded648edd2469f1e58b8fb03cfebd6c8,projects/qwen35_indoor_nav/research/continuation_memory_v1/strong_backbone_recovery_v1/recovery_action_v1/runs/action_001/unseen/evaluation/gpu1_1790338226199607045/episodes/31/COMPLETE.json
discovery_unseen,31,QUCTc6BB5sX,CONCAT,0.0,0.0,66,projects/qwen35_indoor_nav/research/continuation_memory_v1/strong_backbone_recovery_v1/recovery_action_v1/runs/action_001/unseen/evaluation/gpu1_1790338226199607045/episodes/31/CONCAT/TRACE.jsonl,15c17e6ec01d96c70462ef4d15f28c5105ce0956d3d29617065f0047c2443056,projects/qwen35_indoor_nav/research/continuation_memory_v1/strong_backbone_recovery_v1/recovery_action_v1/runs/action_001/unseen/evaluation/gpu1_1790338226199607045/episodes/31/COMPLETE.json
discovery_unseen,32,TbHJrupSAjP,NATIVE,0.0,0.0,126,projects/qwen35_indoor_nav/research/continuation_memory_v1/strong_backbone_recovery_v1/recovery_action_v1/runs/action_001/unseen/evaluation/gpu2_1790338226346860297/episodes/32/NATIVE/TRACE.jsonl,dad10a58662ec707fb25851d6125bf0b2234c1d38f378eb1a82a2493570b1290,projects/qwen35_indoor_nav/research/continuation_memory_v1/strong_backbone_recovery_v1/recovery_action_v1/runs/action_001/unseen/evaluation/gpu2_1790338226346860297/episodes/32/COMPLETE.json
discovery_unseen,32,TbHJrupSAjP,CONCAT,0.0,0.0,59,projects/qwen35_indoor_nav/research/continuation_memory_v1/strong_backbone_recovery_v1/recovery_action_v1/runs/action_001/unseen/evaluation/gpu2_1790338226346860297/episodes/32/CONCAT/TRACE.jsonl,871d721922dcbb33430d8d62d6658973a003381ff7cc75de3665fc3f22d4958e,projects/qwen35_indoor_nav/research/continuation_memory_v1/strong_backbone_recovery_v1/recovery_action_v1/runs/action_001/unseen/evaluation/gpu2_1790338226346860297/episodes/32/COMPLETE.json
discovery_unseen,32,TbHJrupSAjP,EVIDENCE,0.0,0.0,59,projects/qwen35_indoor_nav/research/continuation_memory_v1/strong_backbone_recovery_v1/recovery_action_v1/runs/action_001/unseen/evaluation/gpu2_1790338226346860297/episodes/32/EVIDENCE/TRACE.jsonl,0319eb144a74d2c0d8856b9f28b385071fae57c404797a07c03af0c2651e2963,projects/qwen35_indoor_nav/research/continuation_memory_v1/strong_backbone_recovery_v1/recovery_action_v1/runs/action_001/unseen/evaluation/gpu2_1790338226346860297/episodes/32/COMPLETE.json
discovery_unseen,33,X7HyMhZNoso,NATIVE,1.0,0.964323489485248,47,projects/qwen35_indoor_nav/research/continuation_memory_v1/strong_backbone_recovery_v1/recovery_action_v1/runs/action_001/unseen/evaluation/gpu2_1790338226346860297/episodes/33/NATIVE/TRACE.jsonl,7f748f94edaae293b226d0a19ec2a812e1d29e3964fc9ec94298ee9af2b24c12,projects/qwen35_indoor_nav/research/continuation_memory_v1/strong_backbone_recovery_v1/recovery_action_v1/runs/action_001/unseen/evaluation/gpu2_1790338226346860297/episodes/33/COMPLETE.json
discovery_unseen,33,X7HyMhZNoso,EVIDENCE,1.0,0.964323489485248,47,projects/qwen35_indoor_nav/research/continuation_memory_v1/strong_backbone_recovery_v1/recovery_action_v1/runs/action_001/unseen/evaluation/gpu2_1790338226346860297/episodes/33/EVIDENCE/TRACE.jsonl,f1add4d0e3f84568f81f83906f563f27dc494516dbbadaa49f5699ff0930b332,projects/qwen35_indoor_nav/research/continuation_memory_v1/strong_backbone_recovery_v1/recovery_action_v1/runs/action_001/unseen/evaluation/gpu2_1790338226346860297/episodes/33/COMPLETE.json
discovery_unseen,33,X7HyMhZNoso,CONCAT,1.0,0.964323489485248,47,projects/qwen35_indoor_nav/research/continuation_memory_v1/strong_backbone_recovery_v1/recovery_action_v1/runs/action_001/unseen/evaluation/gpu2_1790338226346860297/episodes/33/CONCAT/TRACE.jsonl,88c77d3066845eb580ff614cf31377adc0696932c312c43d50782c280c388a54,projects/qwen35_indoor_nav/research/continuation_memory_v1/strong_backbone_recovery_v1/recovery_action_v1/runs/action_001/unseen/evaluation/gpu2_1790338226346860297/episodes/33/COMPLETE.json
discovery_unseen,34,Z6MFQCViBuw,NATIVE,0.0,0.0,64,projects/qwen35_indoor_nav/research/continuation_memory_v1/strong_backbone_recovery_v1/recovery_action_v1/runs/action_001/unseen/evaluation/gpu2_1790338226346860297/episodes/34/NATIVE/TRACE.jsonl,146e79ccee6886f37d844a7b25f80fec172e165b218164712ec5ce20090f9e48,projects/qwen35_indoor_nav/research/continuation_memory_v1/strong_backbone_recovery_v1/recovery_action_v1/runs/action_001/unseen/evaluation/gpu2_1790338226346860297/episodes/34/COMPLETE.json
discovery_unseen,34,Z6MFQCViBuw,CONCAT,0.0,0.0,67,projects/qwen35_indoor_nav/research/continuation_memory_v1/strong_backbone_recovery_v1/recovery_action_v1/runs/action_001/unseen/evaluation/gpu2_1790338226346860297/episodes/34/CONCAT/TRACE.jsonl,b3e74459520e5cf91cf510dda54b8858f3a84e6d9cea3ad0af23dc8ccb3f1cdd,projects/qwen35_indoor_nav/research/continuation_memory_v1/strong_backbone_recovery_v1/recovery_action_v1/runs/action_001/unseen/evaluation/gpu2_1790338226346860297/episodes/34/COMPLETE.json
discovery_unseen,34,Z6MFQCViBuw,EVIDENCE,0.0,0.0,67,projects/qwen35_indoor_nav/research/continuation_memory_v1/strong_backbone_recovery_v1/recovery_action_v1/runs/action_001/unseen/evaluation/gpu2_1790338226346860297/episodes/34/EVIDENCE/TRACE.jsonl,915767eed8566c6cc8c91114fedd627a2806e9fad74231cbcb3e86f5ca6db5ca,projects/qwen35_indoor_nav/research/continuation_memory_v1/strong_backbone_recovery_v1/recovery_action_v1/runs/action_001/unseen/evaluation/gpu2_1790338226346860297/episodes/34/COMPLETE.json
discovery_unseen,35,oLBMNvg9in8,NATIVE,1.0,0.9670764313392994,44,projects/qwen35_indoor_nav/research/continuation_memory_v1/strong_backbone_recovery_v1/recovery_action_v1/runs/action_001/unseen/evaluation/gpu2_1790338226346860297/episodes/35/NATIVE/TRACE.jsonl,a2468fbfc1773a5f6cd8072c1ec90ccc0522106316e4cf150249f8c318f8d40b,projects/qwen35_indoor_nav/research/continuation_memory_v1/strong_backbone_recovery_v1/recovery_action_v1/runs/action_001/unseen/evaluation/gpu2_1790338226346860297/episodes/35/COMPLETE.json
discovery_unseen,35,oLBMNvg9in8,EVIDENCE,1.0,0.8908969342520775,48,projects/qwen35_indoor_nav/research/continuation_memory_v1/strong_backbone_recovery_v1/recovery_action_v1/runs/action_001/unseen/evaluation/gpu2_1790338226346860297/episodes/35/EVIDENCE/TRACE.jsonl,87de0eb0b7e3d20512040b77766628b2fd4b5c3837a753bd646ab64f3ea140c0,projects/qwen35_indoor_nav/research/continuation_memory_v1/strong_backbone_recovery_v1/recovery_action_v1/runs/action_001/unseen/evaluation/gpu2_1790338226346860297/episodes/35/COMPLETE.json
discovery_unseen,35,oLBMNvg9in8,CONCAT,1.0,0.9670764313392994,44,projects/qwen35_indoor_nav/research/continuation_memory_v1/strong_backbone_recovery_v1/recovery_action_v1/runs/action_001/unseen/evaluation/gpu2_1790338226346860297/episodes/35/CONCAT/TRACE.jsonl,1720ef140bb4b10ba08293af70691861e3ceb34ddc7ce0cdd2f32e120a880840,projects/qwen35_indoor_nav/research/continuation_memory_v1/strong_backbone_recovery_v1/recovery_action_v1/runs/action_001/unseen/evaluation/gpu2_1790338226346860297/episodes/35/COMPLETE.json
discovery_unseen,36,x8F5xyUWy9e,NATIVE,0.0,0.0,500,projects/qwen35_indoor_nav/research/continuation_memory_v1/strong_backbone_recovery_v1/recovery_action_v1/runs/action_001/unseen/evaluation/gpu2_1790338226346860297/episodes/36/NATIVE/TRACE.jsonl,6fe8d9b6492ee273043d875a7fcfe37075f34aac81c3a7d06ee6d8cf40ba298a,projects/qwen35_indoor_nav/research/continuation_memory_v1/strong_backbone_recovery_v1/recovery_action_v1/runs/action_001/unseen/evaluation/gpu2_1790338226346860297/episodes/36/COMPLETE.json
discovery_unseen,36,x8F5xyUWy9e,CONCAT,0.0,0.0,500,projects/qwen35_indoor_nav/research/continuation_memory_v1/strong_backbone_recovery_v1/recovery_action_v1/runs/action_001/unseen/evaluation/gpu2_1790338226346860297/episodes/36/CONCAT/TRACE.jsonl,b053cb626a855d161884769bed4684caeeb14b3439050b0fd611c786a2f80fca,projects/qwen35_indoor_nav/research/continuation_memory_v1/strong_backbone_recovery_v1/recovery_action_v1/runs/action_001/unseen/evaluation/gpu2_1790338226346860297/episodes/36/COMPLETE.json
discovery_unseen,36,x8F5xyUWy9e,EVIDENCE,1.0,1.0,161,projects/qwen35_indoor_nav/research/continuation_memory_v1/strong_backbone_recovery_v1/recovery_action_v1/runs/action_001/unseen/evaluation/gpu2_1790338226346860297/episodes/36/EVIDENCE/TRACE.jsonl,63254179533667db0ff1cafce70aab35369406db9d5a60169c43daaf0abf0cef,projects/qwen35_indoor_nav/research/continuation_memory_v1/strong_backbone_recovery_v1/recovery_action_v1/runs/action_001/unseen/evaluation/gpu2_1790338226346860297/episodes/36/COMPLETE.json
discovery_unseen,37,zsNo4HB9uLZ,NATIVE,0.0,0.0,57,projects/qwen35_indoor_nav/research/continuation_memory_v1/strong_backbone_recovery_v1/recovery_action_v1/runs/action_001/unseen/evaluation/gpu2_1790338226346860297/episodes/37/NATIVE/TRACE.jsonl,3de546a58975b2b9f22a907c99b39f334e7808a190f06fd3d79debdd470e62f9,projects/qwen35_indoor_nav/research/continuation_memory_v1/strong_backbone_recovery_v1/recovery_action_v1/runs/action_001/unseen/evaluation/gpu2_1790338226346860297/episodes/37/COMPLETE.json
discovery_unseen,37,zsNo4HB9uLZ,EVIDENCE,1.0,0.7435826261493154,60,projects/qwen35_indoor_nav/research/continuation_memory_v1/strong_backbone_recovery_v1/recovery_action_v1/runs/action_001/unseen/evaluation/gpu2_1790338226346860297/episodes/37/EVIDENCE/TRACE.jsonl,2aee1b0054002a10dc49db5bdfbd7998042f8c6d3afb9af3da34f4efd6b0c19a,projects/qwen35_indoor_nav/research/continuation_memory_v1/strong_backbone_recovery_v1/recovery_action_v1/runs/action_001/unseen/evaluation/gpu2_1790338226346860297/episodes/37/COMPLETE.json
discovery_unseen,37,zsNo4HB9uLZ,CONCAT,1.0,0.7435826261493154,60,projects/qwen35_indoor_nav/research/continuation_memory_v1/strong_backbone_recovery_v1/recovery_action_v1/runs/action_001/unseen/evaluation/gpu2_1790338226346860297/episodes/37/CONCAT/TRACE.jsonl,f86169d430a35b465c7a2c596a28842ba6013b174d1d966ebd14a6b9364b5278,projects/qwen35_indoor_nav/research/continuation_memory_v1/strong_backbone_recovery_v1/recovery_action_v1/runs/action_001/unseen/evaluation/gpu2_1790338226346860297/episodes/37/COMPLETE.json
discovery_unseen,38,2azQ1b91cZZ,NATIVE,1.0,1.0,55,projects/qwen35_indoor_nav/research/continuation_memory_v1/strong_backbone_recovery_v1/recovery_action_v1/runs/action_001/unseen/evaluation/gpu2_1790338226346860297/episodes/38/NATIVE/TRACE.jsonl,669d2ffdc90d9c36801154cd29fae17d91240bd2f87f60828c71bf25ea044221,projects/qwen35_indoor_nav/research/continuation_memory_v1/strong_backbone_recovery_v1/recovery_action_v1/runs/action_001/unseen/evaluation/gpu2_1790338226346860297/episodes/38/COMPLETE.json
discovery_unseen,38,2azQ1b91cZZ,CONCAT,1.0,1.0,55,projects/qwen35_indoor_nav/research/continuation_memory_v1/strong_backbone_recovery_v1/recovery_action_v1/runs/action_001/unseen/evaluation/gpu2_1790338226346860297/episodes/38/CONCAT/TRACE.jsonl,98d9937f9183df7d9ba681f01fc514c49ddafd5945f0ae239d67f00e6111a400,projects/qwen35_indoor_nav/research/continuation_memory_v1/strong_backbone_recovery_v1/recovery_action_v1/runs/action_001/unseen/evaluation/gpu2_1790338226346860297/episodes/38/COMPLETE.json
discovery_unseen,38,2azQ1b91cZZ,EVIDENCE,1.0,1.0,55,projects/qwen35_indoor_nav/research/continuation_memory_v1/strong_backbone_recovery_v1/recovery_action_v1/runs/action_001/unseen/evaluation/gpu2_1790338226346860297/episodes/38/EVIDENCE/TRACE.jsonl,3b9ccb4c0d2601c9168e8861d93dfa1f584520d462fa394a2d865ebc428f2857,projects/qwen35_indoor_nav/research/continuation_memory_v1/strong_backbone_recovery_v1/recovery_action_v1/runs/action_001/unseen/evaluation/gpu2_1790338226346860297/episodes/38/COMPLETE.json
discovery_unseen,39,8194nk5LbLH,NATIVE,0.0,0.0,193,projects/qwen35_indoor_nav/research/continuation_memory_v1/strong_backbone_recovery_v1/recovery_action_v1/runs/action_001/unseen/evaluation/gpu2_1790338226346860297/episodes/39/NATIVE/TRACE.jsonl,62012f561bc0adb0847a1563ad7e6fdb2ead6b74f2d06d2ac66fb491edf3727b,projects/qwen35_indoor_nav/research/continuation_memory_v1/strong_backbone_recovery_v1/recovery_action_v1/runs/action_001/unseen/evaluation/gpu2_1790338226346860297/episodes/39/COMPLETE.json
discovery_unseen,39,8194nk5LbLH,EVIDENCE,1.0,0.5606536657024775,120,projects/qwen35_indoor_nav/research/continuation_memory_v1/strong_backbone_recovery_v1/recovery_action_v1/runs/action_001/unseen/evaluation/gpu2_1790338226346860297/episodes/39/EVIDENCE/TRACE.jsonl,dbe6571ab61bbda87d5bfaa49e06c03c89ff50434eb3a2aa03c4395e3c142c8a,projects/qwen35_indoor_nav/research/continuation_memory_v1/strong_backbone_recovery_v1/recovery_action_v1/runs/action_001/unseen/evaluation/gpu2_1790338226346860297/episodes/39/COMPLETE.json
discovery_unseen,39,8194nk5LbLH,CONCAT,1.0,0.5498461923495311,100,projects/qwen35_indoor_nav/research/continuation_memory_v1/strong_backbone_recovery_v1/recovery_action_v1/runs/action_001/unseen/evaluation/gpu2_1790338226346860297/episodes/39/CONCAT/TRACE.jsonl,01ad678af3aa1bb16cab0752985e94fb12e5507b8b72d6baf48e5b45263807d3,projects/qwen35_indoor_nav/research/continuation_memory_v1/strong_backbone_recovery_v1/recovery_action_v1/runs/action_001/unseen/evaluation/gpu2_1790338226346860297/episodes/39/COMPLETE.json
discovery_unseen,40,QUCTc6BB5sX,NATIVE,1.0,0.9630934743097553,54,projects/qwen35_indoor_nav/research/continuation_memory_v1/strong_backbone_recovery_v1/recovery_action_v1/runs/action_001/unseen/evaluation/gpu2_1790338226346860297/episodes/40/NATIVE/TRACE.jsonl,b7943ebf7d37c3e923bfc598471656381fc198c70d14a77a95790c9e2899cf37,projects/qwen35_indoor_nav/research/continuation_memory_v1/strong_backbone_recovery_v1/recovery_action_v1/runs/action_001/unseen/evaluation/gpu2_1790338226346860297/episodes/40/COMPLETE.json
discovery_unseen,40,QUCTc6BB5sX,CONCAT,1.0,0.9630934743097553,54,projects/qwen35_indoor_nav/research/continuation_memory_v1/strong_backbone_recovery_v1/recovery_action_v1/runs/action_001/unseen/evaluation/gpu2_1790338226346860297/episodes/40/CONCAT/TRACE.jsonl,39dbf7e3ac918c066c9419430f93456e499fd23fbd4104545f9bb8e56a17cf88,projects/qwen35_indoor_nav/research/continuation_memory_v1/strong_backbone_recovery_v1/recovery_action_v1/runs/action_001/unseen/evaluation/gpu2_1790338226346860297/episodes/40/COMPLETE.json
discovery_unseen,40,QUCTc6BB5sX,EVIDENCE,1.0,0.9630934743097553,54,projects/qwen35_indoor_nav/research/continuation_memory_v1/strong_backbone_recovery_v1/recovery_action_v1/runs/action_001/unseen/evaluation/gpu2_1790338226346860297/episodes/40/EVIDENCE/TRACE.jsonl,407496bc550f744c4ad5654fc168e065c2689bb05c62eff85ebf387a7a20bf9f,projects/qwen35_indoor_nav/research/continuation_memory_v1/strong_backbone_recovery_v1/recovery_action_v1/runs/action_001/unseen/evaluation/gpu2_1790338226346860297/episodes/40/COMPLETE.json
discovery_unseen,41,TbHJrupSAjP,NATIVE,1.0,0.8877898242790044,58,projects/qwen35_indoor_nav/research/continuation_memory_v1/strong_backbone_recovery_v1/recovery_action_v1/runs/action_001/unseen/evaluation/gpu2_1790338226346860297/episodes/41/NATIVE/TRACE.jsonl,6bcbfb1c582d5f697a1af8cefc6fc56a35396bb13eeadb4f4814fdc86288e9a1,projects/qwen35_indoor_nav/research/continuation_memory_v1/strong_backbone_recovery_v1/recovery_action_v1/runs/action_001/unseen/evaluation/gpu2_1790338226346860297/episodes/41/COMPLETE.json
discovery_unseen,41,TbHJrupSAjP,EVIDENCE,1.0,0.7998618157941294,58,projects/qwen35_indoor_nav/research/continuation_memory_v1/strong_backbone_recovery_v1/recovery_action_v1/runs/action_001/unseen/evaluation/gpu2_1790338226346860297/episodes/41/EVIDENCE/TRACE.jsonl,9cdab4999420230a729a943573e1b368e3ffba4c201b6cac5987421285b07e36,projects/qwen35_indoor_nav/research/continuation_memory_v1/strong_backbone_recovery_v1/recovery_action_v1/runs/action_001/unseen/evaluation/gpu2_1790338226346860297/episodes/41/COMPLETE.json
discovery_unseen,41,TbHJrupSAjP,CONCAT,1.0,0.7998618157941294,58,projects/qwen35_indoor_nav/research/continuation_memory_v1/strong_backbone_recovery_v1/recovery_action_v1/runs/action_001/unseen/evaluation/gpu2_1790338226346860297/episodes/41/CONCAT/TRACE.jsonl,3218bc9cb291e107cc5dd17bae771b2aff5b8dc8e240fc43ac492214a3a50c73,projects/qwen35_indoor_nav/research/continuation_memory_v1/strong_backbone_recovery_v1/recovery_action_v1/runs/action_001/unseen/evaluation/gpu2_1790338226346860297/episodes/41/COMPLETE.json
discovery_unseen,42,X7HyMhZNoso,NATIVE,0.0,0.0,82,projects/qwen35_indoor_nav/research/continuation_memory_v1/strong_backbone_recovery_v1/recovery_action_v1/runs/action_001/unseen/evaluation/gpu2_1790338226346860297/episodes/42/NATIVE/TRACE.jsonl,66c72db0cdabf2279a51ddaf0ce2cd8dce06d568e92040b66081734deda9ad8a,projects/qwen35_indoor_nav/research/continuation_memory_v1/strong_backbone_recovery_v1/recovery_action_v1/runs/action_001/unseen/evaluation/gpu2_1790338226346860297/episodes/42/COMPLETE.json
discovery_unseen,42,X7HyMhZNoso,CONCAT,0.0,0.0,82,projects/qwen35_indoor_nav/research/continuation_memory_v1/strong_backbone_recovery_v1/recovery_action_v1/runs/action_001/unseen/evaluation/gpu2_1790338226346860297/episodes/42/CONCAT/TRACE.jsonl,39aef4b04030878599cecb779ab9e412c7424ec71cfcd5210385e26463bcee5d,projects/qwen35_indoor_nav/research/continuation_memory_v1/strong_backbone_recovery_v1/recovery_action_v1/runs/action_001/unseen/evaluation/gpu2_1790338226346860297/episodes/42/COMPLETE.json
discovery_unseen,42,X7HyMhZNoso,EVIDENCE,0.0,0.0,81,projects/qwen35_indoor_nav/research/continuation_memory_v1/strong_backbone_recovery_v1/recovery_action_v1/runs/action_001/unseen/evaluation/gpu2_1790338226346860297/episodes/42/EVIDENCE/TRACE.jsonl,f79d94d38813fa208c4d9d871bdc8ab103d44f6190f4e6d5c2076305b423a2bf,projects/qwen35_indoor_nav/research/continuation_memory_v1/strong_backbone_recovery_v1/recovery_action_v1/runs/action_001/unseen/evaluation/gpu2_1790338226346860297/episodes/42/COMPLETE.json
discovery_unseen,43,Z6MFQCViBuw,NATIVE,1.0,0.9496567384509217,96,projects/qwen35_indoor_nav/research/continuation_memory_v1/strong_backbone_recovery_v1/recovery_action_v1/runs/action_001/unseen/evaluation/gpu2_1790338226346860297/episodes/43/NATIVE/TRACE.jsonl,1b09822b4946913d3c5411b4c9fe0589f3a49ed6aa06144d720ea8f670ed1237,projects/qwen35_indoor_nav/research/continuation_memory_v1/strong_backbone_recovery_v1/recovery_action_v1/runs/action_001/unseen/evaluation/gpu2_1790338226346860297/episodes/43/COMPLETE.json
discovery_unseen,43,Z6MFQCViBuw,EVIDENCE,1.0,0.9496567336836353,95,projects/qwen35_indoor_nav/research/continuation_memory_v1/strong_backbone_recovery_v1/recovery_action_v1/runs/action_001/unseen/evaluation/gpu2_1790338226346860297/episodes/43/EVIDENCE/TRACE.jsonl,29d934f34bbb69f44ca6a98eb3a09a9cc794345816928da4b2da75be6cf4cb15,projects/qwen35_indoor_nav/research/continuation_memory_v1/strong_backbone_recovery_v1/recovery_action_v1/runs/action_001/unseen/evaluation/gpu2_1790338226346860297/episodes/43/COMPLETE.json
discovery_unseen,43,Z6MFQCViBuw,CONCAT,1.0,0.9496567384509217,96,projects/qwen35_indoor_nav/research/continuation_memory_v1/strong_backbone_recovery_v1/recovery_action_v1/runs/action_001/unseen/evaluation/gpu2_1790338226346860297/episodes/43/CONCAT/TRACE.jsonl,d18fa243691104a3218c94a01eae80bd3c09a2949d59a054244fa3c5b9830634,projects/qwen35_indoor_nav/research/continuation_memory_v1/strong_backbone_recovery_v1/recovery_action_v1/runs/action_001/unseen/evaluation/gpu2_1790338226346860297/episodes/43/COMPLETE.json
discovery_unseen,44,oLBMNvg9in8,NATIVE,1.0,1.0,28,projects/qwen35_indoor_nav/research/continuation_memory_v1/strong_backbone_recovery_v1/recovery_action_v1/runs/action_001/unseen/evaluation/gpu2_1790338226346860297/episodes/44/NATIVE/TRACE.jsonl,4887ca30985f886bb15552b20ed8d753dc5a726bdf51627336386fd22910f4d9,projects/qwen35_indoor_nav/research/continuation_memory_v1/strong_backbone_recovery_v1/recovery_action_v1/runs/action_001/unseen/evaluation/gpu2_1790338226346860297/episodes/44/COMPLETE.json
discovery_unseen,44,oLBMNvg9in8,CONCAT,1.0,1.0,28,projects/qwen35_indoor_nav/research/continuation_memory_v1/strong_backbone_recovery_v1/recovery_action_v1/runs/action_001/unseen/evaluation/gpu2_1790338226346860297/episodes/44/CONCAT/TRACE.jsonl,244e49fa7cff768b7a84ec829bb9dd687df0df097b526bf679ac5bf09a289309,projects/qwen35_indoor_nav/research/continuation_memory_v1/strong_backbone_recovery_v1/recovery_action_v1/runs/action_001/unseen/evaluation/gpu2_1790338226346860297/episodes/44/COMPLETE.json
discovery_unseen,44,oLBMNvg9in8,EVIDENCE,1.0,1.0,28,projects/qwen35_indoor_nav/research/continuation_memory_v1/strong_backbone_recovery_v1/recovery_action_v1/runs/action_001/unseen/evaluation/gpu2_1790338226346860297/episodes/44/EVIDENCE/TRACE.jsonl,13c24d423b3bcca450a24f43fc819901e59fe21a628a4460e1950295fa7a0d9c,projects/qwen35_indoor_nav/research/continuation_memory_v1/strong_backbone_recovery_v1/recovery_action_v1/runs/action_001/unseen/evaluation/gpu2_1790338226346860297/episodes/44/COMPLETE.json
discovery_unseen,45,x8F5xyUWy9e,NATIVE,1.0,1.0,36,projects/qwen35_indoor_nav/research/continuation_memory_v1/strong_backbone_recovery_v1/recovery_action_v1/runs/action_001/unseen/evaluation/gpu2_1790338226346860297/episodes/45/NATIVE/TRACE.jsonl,f5191c36a26c88ef26a195f425d821cbbe8e8d137ba18bae794f2de30a13fc85,projects/qwen35_indoor_nav/research/continuation_memory_v1/strong_backbone_recovery_v1/recovery_action_v1/runs/action_001/unseen/evaluation/gpu2_1790338226346860297/episodes/45/COMPLETE.json
discovery_unseen,45,x8F5xyUWy9e,EVIDENCE,1.0,1.0,36,projects/qwen35_indoor_nav/research/continuation_memory_v1/strong_backbone_recovery_v1/recovery_action_v1/runs/action_001/unseen/evaluation/gpu2_1790338226346860297/episodes/45/EVIDENCE/TRACE.jsonl,5ff52667b7e323207bc3ffcd736bdffc5426abc4dc0dbcc71b941c9141361444,projects/qwen35_indoor_nav/research/continuation_memory_v1/strong_backbone_recovery_v1/recovery_action_v1/runs/action_001/unseen/evaluation/gpu2_1790338226346860297/episodes/45/COMPLETE.json
discovery_unseen,45,x8F5xyUWy9e,CONCAT,1.0,1.0,36,projects/qwen35_indoor_nav/research/continuation_memory_v1/strong_backbone_recovery_v1/recovery_action_v1/runs/action_001/unseen/evaluation/gpu2_1790338226346860297/episodes/45/CONCAT/TRACE.jsonl,e962a6cde7bf269dc135e09308db5fc9922ab602e2ca5496f25ccf9ef7579f2c,projects/qwen35_indoor_nav/research/continuation_memory_v1/strong_backbone_recovery_v1/recovery_action_v1/runs/action_001/unseen/evaluation/gpu2_1790338226346860297/episodes/45/COMPLETE.json
discovery_unseen,46,zsNo4HB9uLZ,NATIVE,0.0,0.0,36,projects/qwen35_indoor_nav/research/continuation_memory_v1/strong_backbone_recovery_v1/recovery_action_v1/runs/action_001/unseen/evaluation/gpu2_1790338226346860297/episodes/46/NATIVE/TRACE.jsonl,0c77c04c1cdcde1e2a08cdcd0d301b861ccbc7b168a4c3d8de565344a8f52049,projects/qwen35_indoor_nav/research/continuation_memory_v1/strong_backbone_recovery_v1/recovery_action_v1/runs/action_001/unseen/evaluation/gpu2_1790338226346860297/episodes/46/COMPLETE.json
discovery_unseen,46,zsNo4HB9uLZ,CONCAT,0.0,0.0,36,projects/qwen35_indoor_nav/research/continuation_memory_v1/strong_backbone_recovery_v1/recovery_action_v1/runs/action_001/unseen/evaluation/gpu2_1790338226346860297/episodes/46/CONCAT/TRACE.jsonl,6314ab61dec8fcb5a467e7a486466c9200437d2fbefb604d4832bad37677842a,projects/qwen35_indoor_nav/research/continuation_memory_v1/strong_backbone_recovery_v1/recovery_action_v1/runs/action_001/unseen/evaluation/gpu2_1790338226346860297/episodes/46/COMPLETE.json
discovery_unseen,46,zsNo4HB9uLZ,EVIDENCE,0.0,0.0,36,projects/qwen35_indoor_nav/research/continuation_memory_v1/strong_backbone_recovery_v1/recovery_action_v1/runs/action_001/unseen/evaluation/gpu2_1790338226346860297/episodes/46/EVIDENCE/TRACE.jsonl,f37f562cde31b891de17017dcef952cf448bd7bb99aeb3ccfa12fd9cf1d25748,projects/qwen35_indoor_nav/research/continuation_memory_v1/strong_backbone_recovery_v1/recovery_action_v1/runs/action_001/unseen/evaluation/gpu2_1790338226346860297/episodes/46/COMPLETE.json
discovery_unseen,47,2azQ1b91cZZ,NATIVE,1.0,0.8751974631378543,70,projects/qwen35_indoor_nav/research/continuation_memory_v1/strong_backbone_recovery_v1/recovery_action_v1/runs/action_001/unseen/evaluation/gpu2_1790338226346860297/episodes/47/NATIVE/TRACE.jsonl,24a1b08e5169693a408565333e2dc019b1716570d7ef79213f0aafff1353c6ae,projects/qwen35_indoor_nav/research/continuation_memory_v1/strong_backbone_recovery_v1/recovery_action_v1/runs/action_001/unseen/evaluation/gpu2_1790338226346860297/episodes/47/COMPLETE.json
discovery_unseen,47,2azQ1b91cZZ,EVIDENCE,1.0,0.8751974631378543,71,projects/qwen35_indoor_nav/research/continuation_memory_v1/strong_backbone_recovery_v1/recovery_action_v1/runs/action_001/unseen/evaluation/gpu2_1790338226346860297/episodes/47/EVIDENCE/TRACE.jsonl,fa29284647329700de18a9ae2beecf0edde16eef158540c0a89d0d28bc2d33c1,projects/qwen35_indoor_nav/research/continuation_memory_v1/strong_backbone_recovery_v1/recovery_action_v1/runs/action_001/unseen/evaluation/gpu2_1790338226346860297/episodes/47/COMPLETE.json
discovery_unseen,47,2azQ1b91cZZ,CONCAT,1.0,0.8751974631378543,70,projects/qwen35_indoor_nav/research/continuation_memory_v1/strong_backbone_recovery_v1/recovery_action_v1/runs/action_001/unseen/evaluation/gpu2_1790338226346860297/episodes/47/CONCAT/TRACE.jsonl,292f89c5dc08872e3bfa1a0b3111f639fdd283a32728e3059029fbccf127a178,projects/qwen35_indoor_nav/research/continuation_memory_v1/strong_backbone_recovery_v1/recovery_action_v1/runs/action_001/unseen/evaluation/gpu2_1790338226346860297/episodes/47/COMPLETE.json
discovery_unseen,48,QUCTc6BB5sX,NATIVE,0.0,0.0,84,projects/qwen35_indoor_nav/research/continuation_memory_v1/strong_backbone_recovery_v1/recovery_action_v1/runs/action_001/unseen/evaluation/gpu3_1790338226494542950/episodes/48/NATIVE/TRACE.jsonl,157ffa43166e0298032bf971b03473990b773d138971595ce347ebe0bf08a964,projects/qwen35_indoor_nav/research/continuation_memory_v1/strong_backbone_recovery_v1/recovery_action_v1/runs/action_001/unseen/evaluation/gpu3_1790338226494542950/episodes/48/COMPLETE.json
discovery_unseen,48,QUCTc6BB5sX,CONCAT,0.0,0.0,95,projects/qwen35_indoor_nav/research/continuation_memory_v1/strong_backbone_recovery_v1/recovery_action_v1/runs/action_001/unseen/evaluation/gpu3_1790338226494542950/episodes/48/CONCAT/TRACE.jsonl,346ceed4ff7851cc1bddd73233c5781c7c079bce7e589341856d8586c26ccc39,projects/qwen35_indoor_nav/research/continuation_memory_v1/strong_backbone_recovery_v1/recovery_action_v1/runs/action_001/unseen/evaluation/gpu3_1790338226494542950/episodes/48/COMPLETE.json
discovery_unseen,48,QUCTc6BB5sX,EVIDENCE,0.0,0.0,69,projects/qwen35_indoor_nav/research/continuation_memory_v1/strong_backbone_recovery_v1/recovery_action_v1/runs/action_001/unseen/evaluation/gpu3_1790338226494542950/episodes/48/EVIDENCE/TRACE.jsonl,b130ecd9f6707a1aa2af88e491d7420474ee4f1efc0cc2f9c812b473b9d449a6,projects/qwen35_indoor_nav/research/continuation_memory_v1/strong_backbone_recovery_v1/recovery_action_v1/runs/action_001/unseen/evaluation/gpu3_1790338226494542950/episodes/48/COMPLETE.json
discovery_unseen,49,TbHJrupSAjP,NATIVE,0.0,0.0,96,projects/qwen35_indoor_nav/research/continuation_memory_v1/strong_backbone_recovery_v1/recovery_action_v1/runs/action_001/unseen/evaluation/gpu3_1790338226494542950/episodes/49/NATIVE/TRACE.jsonl,eb0630ce561ed098c874b8b430ba082799d0695c6d66d5bfa22d5c049ec9a77f,projects/qwen35_indoor_nav/research/continuation_memory_v1/strong_backbone_recovery_v1/recovery_action_v1/runs/action_001/unseen/evaluation/gpu3_1790338226494542950/episodes/49/COMPLETE.json
discovery_unseen,49,TbHJrupSAjP,EVIDENCE,0.0,0.0,89,projects/qwen35_indoor_nav/research/continuation_memory_v1/strong_backbone_recovery_v1/recovery_action_v1/runs/action_001/unseen/evaluation/gpu3_1790338226494542950/episodes/49/EVIDENCE/TRACE.jsonl,5801540e9ac32a32c927b3987a8d33799fb2f00eb81cfd658f347c0ff091c56a,projects/qwen35_indoor_nav/research/continuation_memory_v1/strong_backbone_recovery_v1/recovery_action_v1/runs/action_001/unseen/evaluation/gpu3_1790338226494542950/episodes/49/COMPLETE.json
discovery_unseen,49,TbHJrupSAjP,CONCAT,0.0,0.0,82,projects/qwen35_indoor_nav/research/continuation_memory_v1/strong_backbone_recovery_v1/recovery_action_v1/runs/action_001/unseen/evaluation/gpu3_1790338226494542950/episodes/49/CONCAT/TRACE.jsonl,252f5443c1f94c2d9d4ef6f2c62217305fd1d53f515f414d70a098e187f13e37,projects/qwen35_indoor_nav/research/continuation_memory_v1/strong_backbone_recovery_v1/recovery_action_v1/runs/action_001/unseen/evaluation/gpu3_1790338226494542950/episodes/49/COMPLETE.json
discovery_unseen,50,X7HyMhZNoso,NATIVE,1.0,0.9493586286724562,46,projects/qwen35_indoor_nav/research/continuation_memory_v1/strong_backbone_recovery_v1/recovery_action_v1/runs/action_001/unseen/evaluation/gpu3_1790338226494542950/episodes/50/NATIVE/TRACE.jsonl,5b48c656d5742b8e5fc036bf4834bb23503e049cf5f18b1e5a338e026d746682,projects/qwen35_indoor_nav/research/continuation_memory_v1/strong_backbone_recovery_v1/recovery_action_v1/runs/action_001/unseen/evaluation/gpu3_1790338226494542950/episodes/50/COMPLETE.json
discovery_unseen,50,X7HyMhZNoso,CONCAT,1.0,0.9493586286724562,46,projects/qwen35_indoor_nav/research/continuation_memory_v1/strong_backbone_recovery_v1/recovery_action_v1/runs/action_001/unseen/evaluation/gpu3_1790338226494542950/episodes/50/CONCAT/TRACE.jsonl,9e22146356cbde0d1b9ba829b27f15557e74df7e6cbdb55d700a3b713f17856f,projects/qwen35_indoor_nav/research/continuation_memory_v1/strong_backbone_recovery_v1/recovery_action_v1/runs/action_001/unseen/evaluation/gpu3_1790338226494542950/episodes/50/COMPLETE.json
discovery_unseen,50,X7HyMhZNoso,EVIDENCE,1.0,0.9493586286724562,46,projects/qwen35_indoor_nav/research/continuation_memory_v1/strong_backbone_recovery_v1/recovery_action_v1/runs/action_001/unseen/evaluation/gpu3_1790338226494542950/episodes/50/EVIDENCE/TRACE.jsonl,a583889fef68707e2e006c8484516c74712f21147ad77a4d6414db2518a0e419,projects/qwen35_indoor_nav/research/continuation_memory_v1/strong_backbone_recovery_v1/recovery_action_v1/runs/action_001/unseen/evaluation/gpu3_1790338226494542950/episodes/50/COMPLETE.json
discovery_unseen,51,Z6MFQCViBuw,NATIVE,0.0,0.0,82,projects/qwen35_indoor_nav/research/continuation_memory_v1/strong_backbone_recovery_v1/recovery_action_v1/runs/action_001/unseen/evaluation/gpu3_1790338226494542950/episodes/51/NATIVE/TRACE.jsonl,6ef1b1124fda9cd1d492b2ce7aa922201c9e193fbaf7ff7ad5bfeee0a5c6ca53,projects/qwen35_indoor_nav/research/continuation_memory_v1/strong_backbone_recovery_v1/recovery_action_v1/runs/action_001/unseen/evaluation/gpu3_1790338226494542950/episodes/51/COMPLETE.json
discovery_unseen,51,Z6MFQCViBuw,EVIDENCE,0.0,0.0,82,projects/qwen35_indoor_nav/research/continuation_memory_v1/strong_backbone_recovery_v1/recovery_action_v1/runs/action_001/unseen/evaluation/gpu3_1790338226494542950/episodes/51/EVIDENCE/TRACE.jsonl,538bdd2c2d3c910e9ac807ce87692c09aefa38e404a2cbaa25e7c3d5c611a24a,projects/qwen35_indoor_nav/research/continuation_memory_v1/strong_backbone_recovery_v1/recovery_action_v1/runs/action_001/unseen/evaluation/gpu3_1790338226494542950/episodes/51/COMPLETE.json
discovery_unseen,51,Z6MFQCViBuw,CONCAT,0.0,0.0,82,projects/qwen35_indoor_nav/research/continuation_memory_v1/strong_backbone_recovery_v1/recovery_action_v1/runs/action_001/unseen/evaluation/gpu3_1790338226494542950/episodes/51/CONCAT/TRACE.jsonl,60035a61414689581f67a7c1a577dbdf26228323c9c12b36ea0f3ea5e272325c,projects/qwen35_indoor_nav/research/continuation_memory_v1/strong_backbone_recovery_v1/recovery_action_v1/runs/action_001/unseen/evaluation/gpu3_1790338226494542950/episodes/51/COMPLETE.json
discovery_unseen,52,oLBMNvg9in8,NATIVE,1.0,0.4760849349457287,120,projects/qwen35_indoor_nav/research/continuation_memory_v1/strong_backbone_recovery_v1/recovery_action_v1/runs/action_001/unseen/evaluation/gpu3_1790338226494542950/episodes/52/NATIVE/TRACE.jsonl,fe38a51afb26c8ec2f5bb45aab2ba9df337aaf1fcc9aff22d885dc1a59f5bc31,projects/qwen35_indoor_nav/research/continuation_memory_v1/strong_backbone_recovery_v1/recovery_action_v1/runs/action_001/unseen/evaluation/gpu3_1790338226494542950/episodes/52/COMPLETE.json
discovery_unseen,52,oLBMNvg9in8,CONCAT,1.0,0.5137671779751877,113,projects/qwen35_indoor_nav/research/continuation_memory_v1/strong_backbone_recovery_v1/recovery_action_v1/runs/action_001/unseen/evaluation/gpu3_1790338226494542950/episodes/52/CONCAT/TRACE.jsonl,bb2c25bf6855a82516fb002f98a13275a7e5e78ba6713003feaadcf99ff8d10e,projects/qwen35_indoor_nav/research/continuation_memory_v1/strong_backbone_recovery_v1/recovery_action_v1/runs/action_001/unseen/evaluation/gpu3_1790338226494542950/episodes/52/COMPLETE.json
discovery_unseen,52,oLBMNvg9in8,EVIDENCE,1.0,0.5129206995539102,113,projects/qwen35_indoor_nav/research/continuation_memory_v1/strong_backbone_recovery_v1/recovery_action_v1/runs/action_001/unseen/evaluation/gpu3_1790338226494542950/episodes/52/EVIDENCE/TRACE.jsonl,ae3665a8de923d68414e1033e7e3006856ba057e9118b13ba0584a974439fc53,projects/qwen35_indoor_nav/research/continuation_memory_v1/strong_backbone_recovery_v1/recovery_action_v1/runs/action_001/unseen/evaluation/gpu3_1790338226494542950/episodes/52/COMPLETE.json
discovery_unseen,53,x8F5xyUWy9e,NATIVE,1.0,0.7910912570559837,82,projects/qwen35_indoor_nav/research/continuation_memory_v1/strong_backbone_recovery_v1/recovery_action_v1/runs/action_001/unseen/evaluation/gpu3_1790338226494542950/episodes/53/NATIVE/TRACE.jsonl,4ad80234787c597ae57ef479c5d5aa195c54928f7af6e88e2bedca077862fedb,projects/qwen35_indoor_nav/research/continuation_memory_v1/strong_backbone_recovery_v1/recovery_action_v1/runs/action_001/unseen/evaluation/gpu3_1790338226494542950/episodes/53/COMPLETE.json
discovery_unseen,53,x8F5xyUWy9e,EVIDENCE,0.0,0.0,45,projects/qwen35_indoor_nav/research/continuation_memory_v1/strong_backbone_recovery_v1/recovery_action_v1/runs/action_001/unseen/evaluation/gpu3_1790338226494542950/episodes/53/EVIDENCE/TRACE.jsonl,5aa0dc00a0901f9920479c2174cbd86a364faedcb6a5cc781f4f6ce2257541f2,projects/qwen35_indoor_nav/research/continuation_memory_v1/strong_backbone_recovery_v1/recovery_action_v1/runs/action_001/unseen/evaluation/gpu3_1790338226494542950/episodes/53/COMPLETE.json
discovery_unseen,53,x8F5xyUWy9e,CONCAT,1.0,1.0,55,projects/qwen35_indoor_nav/research/continuation_memory_v1/strong_backbone_recovery_v1/recovery_action_v1/runs/action_001/unseen/evaluation/gpu3_1790338226494542950/episodes/53/CONCAT/TRACE.jsonl,8ddfb4c46fa1ccee91f31c76b3f8d15c3ef8820142561780c031c4969f875c64,projects/qwen35_indoor_nav/research/continuation_memory_v1/strong_backbone_recovery_v1/recovery_action_v1/runs/action_001/unseen/evaluation/gpu3_1790338226494542950/episodes/53/COMPLETE.json
discovery_unseen,54,zsNo4HB9uLZ,NATIVE,1.0,0.9486963983974129,60,projects/qwen35_indoor_nav/research/continuation_memory_v1/strong_backbone_recovery_v1/recovery_action_v1/runs/action_001/unseen/evaluation/gpu3_1790338226494542950/episodes/54/NATIVE/TRACE.jsonl,76e7a195b731cbb16c93cee2b9bb57d32f6ee5501a137e3c2c2feafd82ac199a,projects/qwen35_indoor_nav/research/continuation_memory_v1/strong_backbone_recovery_v1/recovery_action_v1/runs/action_001/unseen/evaluation/gpu3_1790338226494542950/episodes/54/COMPLETE.json
discovery_unseen,54,zsNo4HB9uLZ,CONCAT,1.0,0.9486963983974129,60,projects/qwen35_indoor_nav/research/continuation_memory_v1/strong_backbone_recovery_v1/recovery_action_v1/runs/action_001/unseen/evaluation/gpu3_1790338226494542950/episodes/54/CONCAT/TRACE.jsonl,d7441e5a41df29f96c4fa37a9e630bf71ae5684aae3108d7170dd572e9d47e4e,projects/qwen35_indoor_nav/research/continuation_memory_v1/strong_backbone_recovery_v1/recovery_action_v1/runs/action_001/unseen/evaluation/gpu3_1790338226494542950/episodes/54/COMPLETE.json
discovery_unseen,54,zsNo4HB9uLZ,EVIDENCE,1.0,0.9486963983974129,60,projects/qwen35_indoor_nav/research/continuation_memory_v1/strong_backbone_recovery_v1/recovery_action_v1/runs/action_001/unseen/evaluation/gpu3_1790338226494542950/episodes/54/EVIDENCE/TRACE.jsonl,71a97feb17a8cf57158ccaf8ad75f9a04ec237212a95e35f86db9e06b2185b2f,projects/qwen35_indoor_nav/research/continuation_memory_v1/strong_backbone_recovery_v1/recovery_action_v1/runs/action_001/unseen/evaluation/gpu3_1790338226494542950/episodes/54/COMPLETE.json
discovery_unseen,55,2azQ1b91cZZ,NATIVE,0.0,0.0,58,projects/qwen35_indoor_nav/research/continuation_memory_v1/strong_backbone_recovery_v1/recovery_action_v1/runs/action_001/unseen/evaluation/gpu3_1790338226494542950/episodes/55/NATIVE/TRACE.jsonl,17b73a2ff21b39517946911f5b8fe4795ba91a56a073e79ae856e1704baee84a,projects/qwen35_indoor_nav/research/continuation_memory_v1/strong_backbone_recovery_v1/recovery_action_v1/runs/action_001/unseen/evaluation/gpu3_1790338226494542950/episodes/55/COMPLETE.json
discovery_unseen,55,2azQ1b91cZZ,EVIDENCE,0.0,0.0,60,projects/qwen35_indoor_nav/research/continuation_memory_v1/strong_backbone_recovery_v1/recovery_action_v1/runs/action_001/unseen/evaluation/gpu3_1790338226494542950/episodes/55/EVIDENCE/TRACE.jsonl,19b3dda48ee9fd778bf6e49ba9146868aa0a4585d7e641ec0069539d3aa1b1b8,projects/qwen35_indoor_nav/research/continuation_memory_v1/strong_backbone_recovery_v1/recovery_action_v1/runs/action_001/unseen/evaluation/gpu3_1790338226494542950/episodes/55/COMPLETE.json
discovery_unseen,55,2azQ1b91cZZ,CONCAT,0.0,0.0,67,projects/qwen35_indoor_nav/research/continuation_memory_v1/strong_backbone_recovery_v1/recovery_action_v1/runs/action_001/unseen/evaluation/gpu3_1790338226494542950/episodes/55/CONCAT/TRACE.jsonl,9d76797785aab1baa5ae1bb4b5d9389e3760eb38a46f3932713fdd4edb1a4ae3,projects/qwen35_indoor_nav/research/continuation_memory_v1/strong_backbone_recovery_v1/recovery_action_v1/runs/action_001/unseen/evaluation/gpu3_1790338226494542950/episodes/55/COMPLETE.json
discovery_unseen,56,QUCTc6BB5sX,NATIVE,1.0,1.0,48,projects/qwen35_indoor_nav/research/continuation_memory_v1/strong_backbone_recovery_v1/recovery_action_v1/runs/action_001/unseen/evaluation/gpu3_1790338226494542950/episodes/56/NATIVE/TRACE.jsonl,f7ab396ec940eef5440e75986e77eafba89dc5584030d7951740143c514c8873,projects/qwen35_indoor_nav/research/continuation_memory_v1/strong_backbone_recovery_v1/recovery_action_v1/runs/action_001/unseen/evaluation/gpu3_1790338226494542950/episodes/56/COMPLETE.json
discovery_unseen,56,QUCTc6BB5sX,CONCAT,1.0,1.0,48,projects/qwen35_indoor_nav/research/continuation_memory_v1/strong_backbone_recovery_v1/recovery_action_v1/runs/action_001/unseen/evaluation/gpu3_1790338226494542950/episodes/56/CONCAT/TRACE.jsonl,bae3fd3efc7a92f9bb3e69c3596ee2378371d0b79708610f46fb3530605d1f47,projects/qwen35_indoor_nav/research/continuation_memory_v1/strong_backbone_recovery_v1/recovery_action_v1/runs/action_001/unseen/evaluation/gpu3_1790338226494542950/episodes/56/COMPLETE.json
discovery_unseen,56,QUCTc6BB5sX,EVIDENCE,1.0,1.0,48,projects/qwen35_indoor_nav/research/continuation_memory_v1/strong_backbone_recovery_v1/recovery_action_v1/runs/action_001/unseen/evaluation/gpu3_1790338226494542950/episodes/56/EVIDENCE/TRACE.jsonl,3b954bf31cf08e7e16863b72e7ef690075f39014ec62bc83a1a70a57c977f5bb,projects/qwen35_indoor_nav/research/continuation_memory_v1/strong_backbone_recovery_v1/recovery_action_v1/runs/action_001/unseen/evaluation/gpu3_1790338226494542950/episodes/56/COMPLETE.json
discovery_unseen,57,TbHJrupSAjP,NATIVE,1.0,1.0,41,projects/qwen35_indoor_nav/research/continuation_memory_v1/strong_backbone_recovery_v1/recovery_action_v1/runs/action_001/unseen/evaluation/gpu3_1790338226494542950/episodes/57/NATIVE/TRACE.jsonl,1b111fcf3d52ccb6c4a1d222ce7092360f16d1343130616df3aaf0d5a700764a,projects/qwen35_indoor_nav/research/continuation_memory_v1/strong_backbone_recovery_v1/recovery_action_v1/runs/action_001/unseen/evaluation/gpu3_1790338226494542950/episodes/57/COMPLETE.json
discovery_unseen,57,TbHJrupSAjP,EVIDENCE,1.0,1.0,41,projects/qwen35_indoor_nav/research/continuation_memory_v1/strong_backbone_recovery_v1/recovery_action_v1/runs/action_001/unseen/evaluation/gpu3_1790338226494542950/episodes/57/EVIDENCE/TRACE.jsonl,f7a846988ce800dd259ce301939ddf968dc86ec5c1c6c2df70a754ff4882bf30,projects/qwen35_indoor_nav/research/continuation_memory_v1/strong_backbone_recovery_v1/recovery_action_v1/runs/action_001/unseen/evaluation/gpu3_1790338226494542950/episodes/57/COMPLETE.json
discovery_unseen,57,TbHJrupSAjP,CONCAT,1.0,1.0,41,projects/qwen35_indoor_nav/research/continuation_memory_v1/strong_backbone_recovery_v1/recovery_action_v1/runs/action_001/unseen/evaluation/gpu3_1790338226494542950/episodes/57/CONCAT/TRACE.jsonl,b32365fc328856b8b6ca00c356c5b98710c93c8b9f89c63b10c48ad62d64a1c8,projects/qwen35_indoor_nav/research/continuation_memory_v1/strong_backbone_recovery_v1/recovery_action_v1/runs/action_001/unseen/evaluation/gpu3_1790338226494542950/episodes/57/COMPLETE.json
discovery_unseen,58,X7HyMhZNoso,NATIVE,1.0,0.8440698182163403,57,projects/qwen35_indoor_nav/research/continuation_memory_v1/strong_backbone_recovery_v1/recovery_action_v1/runs/action_001/unseen/evaluation/gpu3_1790338226494542950/episodes/58/NATIVE/TRACE.jsonl,55f3725ad68688654ec14fa2babdffd5fd7e8cf751534d321a172ac7c4268f4a,projects/qwen35_indoor_nav/research/continuation_memory_v1/strong_backbone_recovery_v1/recovery_action_v1/runs/action_001/unseen/evaluation/gpu3_1790338226494542950/episodes/58/COMPLETE.json
discovery_unseen,58,X7HyMhZNoso,CONCAT,1.0,0.8253499778672919,59,projects/qwen35_indoor_nav/research/continuation_memory_v1/strong_backbone_recovery_v1/recovery_action_v1/runs/action_001/unseen/evaluation/gpu3_1790338226494542950/episodes/58/CONCAT/TRACE.jsonl,4ec28b5c868561e120efbeb3c8719abc29e0c59fd1738a8981a2303f22b9dde3,projects/qwen35_indoor_nav/research/continuation_memory_v1/strong_backbone_recovery_v1/recovery_action_v1/runs/action_001/unseen/evaluation/gpu3_1790338226494542950/episodes/58/COMPLETE.json
discovery_unseen,58,X7HyMhZNoso,EVIDENCE,1.0,0.8253499778672919,59,projects/qwen35_indoor_nav/research/continuation_memory_v1/strong_backbone_recovery_v1/recovery_action_v1/runs/action_001/unseen/evaluation/gpu3_1790338226494542950/episodes/58/EVIDENCE/TRACE.jsonl,9269fe66d233eaa7e7321f983de6376bc9661b1da6c7a14233e4bd420475fc93,projects/qwen35_indoor_nav/research/continuation_memory_v1/strong_backbone_recovery_v1/recovery_action_v1/runs/action_001/unseen/evaluation/gpu3_1790338226494542950/episodes/58/COMPLETE.json
discovery_unseen,59,Z6MFQCViBuw,NATIVE,1.0,0.9771904254608579,82,projects/qwen35_indoor_nav/research/continuation_memory_v1/strong_backbone_recovery_v1/recovery_action_v1/runs/action_001/unseen/evaluation/gpu3_1790338226494542950/episodes/59/NATIVE/TRACE.jsonl,145151bce0192a9a9d5279d58eacb33d92ef19d54cd20351e321acef886f95fc,projects/qwen35_indoor_nav/research/continuation_memory_v1/strong_backbone_recovery_v1/recovery_action_v1/runs/action_001/unseen/evaluation/gpu3_1790338226494542950/episodes/59/COMPLETE.json
discovery_unseen,59,Z6MFQCViBuw,EVIDENCE,1.0,0.9771904254608579,82,projects/qwen35_indoor_nav/research/continuation_memory_v1/strong_backbone_recovery_v1/recovery_action_v1/runs/action_001/unseen/evaluation/gpu3_1790338226494542950/episodes/59/EVIDENCE/TRACE.jsonl,514b3cbc7b92be7e221ca63cef187b76073f754000dff18132eb0652cb7647b2,projects/qwen35_indoor_nav/research/continuation_memory_v1/strong_backbone_recovery_v1/recovery_action_v1/runs/action_001/unseen/evaluation/gpu3_1790338226494542950/episodes/59/COMPLETE.json
discovery_unseen,59,Z6MFQCViBuw,CONCAT,1.0,0.9771904254608579,82,projects/qwen35_indoor_nav/research/continuation_memory_v1/strong_backbone_recovery_v1/recovery_action_v1/runs/action_001/unseen/evaluation/gpu3_1790338226494542950/episodes/59/CONCAT/TRACE.jsonl,c29d00196270ed4c881fbad9b35468fab1080acc1159cb9ed536f20b553b3a05,projects/qwen35_indoor_nav/research/continuation_memory_v1/strong_backbone_recovery_v1/recovery_action_v1/runs/action_001/unseen/evaluation/gpu3_1790338226494542950/episodes/59/COMPLETE.json
discovery_unseen,60,oLBMNvg9in8,NATIVE,1.0,0.9098099735195466,47,projects/qwen35_indoor_nav/research/continuation_memory_v1/strong_backbone_recovery_v1/recovery_action_v1/runs/action_001/unseen/evaluation/gpu3_1790338226494542950/episodes/60/NATIVE/TRACE.jsonl,c64d38cb960ffc44efc9f6500ce29fe92c21ce6e77a4d10cf97da19405d76028,projects/qwen35_indoor_nav/research/continuation_memory_v1/strong_backbone_recovery_v1/recovery_action_v1/runs/action_001/unseen/evaluation/gpu3_1790338226494542950/episodes/60/COMPLETE.json
discovery_unseen,60,oLBMNvg9in8,CONCAT,1.0,0.943802242558069,48,projects/qwen35_indoor_nav/research/continuation_memory_v1/strong_backbone_recovery_v1/recovery_action_v1/runs/action_001/unseen/evaluation/gpu3_1790338226494542950/episodes/60/CONCAT/TRACE.jsonl,4fd3ea1035c54222e79afbadea1ff4540e1158bd5fca2fdb14237b68d4a9c0d0,projects/qwen35_indoor_nav/research/continuation_memory_v1/strong_backbone_recovery_v1/recovery_action_v1/runs/action_001/unseen/evaluation/gpu3_1790338226494542950/episodes/60/COMPLETE.json
discovery_unseen,60,oLBMNvg9in8,EVIDENCE,1.0,0.943802242558069,48,projects/qwen35_indoor_nav/research/continuation_memory_v1/strong_backbone_recovery_v1/recovery_action_v1/runs/action_001/unseen/evaluation/gpu3_1790338226494542950/episodes/60/EVIDENCE/TRACE.jsonl,430898566c79236ce3c18cf73500b8d61a0315f3fe14e6a8e7fde5a332ff6c0a,projects/qwen35_indoor_nav/research/continuation_memory_v1/strong_backbone_recovery_v1/recovery_action_v1/runs/action_001/unseen/evaluation/gpu3_1790338226494542950/episodes/60/COMPLETE.json
discovery_unseen,61,x8F5xyUWy9e,NATIVE,0.0,0.0,34,projects/qwen35_indoor_nav/research/continuation_memory_v1/strong_backbone_recovery_v1/recovery_action_v1/runs/action_001/unseen/evaluation/gpu3_1790338226494542950/episodes/61/NATIVE/TRACE.jsonl,ab19ec9f96dfcb5c2bae7789925bfb49e6a784e5dce79edab6f0c465076a329f,projects/qwen35_indoor_nav/research/continuation_memory_v1/strong_backbone_recovery_v1/recovery_action_v1/runs/action_001/unseen/evaluation/gpu3_1790338226494542950/episodes/61/COMPLETE.json
discovery_unseen,61,x8F5xyUWy9e,EVIDENCE,0.0,0.0,38,projects/qwen35_indoor_nav/research/continuation_memory_v1/strong_backbone_recovery_v1/recovery_action_v1/runs/action_001/unseen/evaluation/gpu3_1790338226494542950/episodes/61/EVIDENCE/TRACE.jsonl,ffea0a24324e9ae9411107cb7cacd447569d0a48bcf3304f0cb882455648e40d,projects/qwen35_indoor_nav/research/continuation_memory_v1/strong_backbone_recovery_v1/recovery_action_v1/runs/action_001/unseen/evaluation/gpu3_1790338226494542950/episodes/61/COMPLETE.json
discovery_unseen,61,x8F5xyUWy9e,CONCAT,0.0,0.0,38,projects/qwen35_indoor_nav/research/continuation_memory_v1/strong_backbone_recovery_v1/recovery_action_v1/runs/action_001/unseen/evaluation/gpu3_1790338226494542950/episodes/61/CONCAT/TRACE.jsonl,9714f7309d8cc9d993d0b9b3cd7c4f77f9da578fef9286f08566ec84cfc3f8b1,projects/qwen35_indoor_nav/research/continuation_memory_v1/strong_backbone_recovery_v1/recovery_action_v1/runs/action_001/unseen/evaluation/gpu3_1790338226494542950/episodes/61/COMPLETE.json
discovery_unseen,62,zsNo4HB9uLZ,NATIVE,1.0,0.9735845232690877,50,projects/qwen35_indoor_nav/research/continuation_memory_v1/strong_backbone_recovery_v1/recovery_action_v1/runs/action_001/unseen/evaluation/gpu3_1790338226494542950/episodes/62/NATIVE/TRACE.jsonl,df25eda0e03df05db293aafc3886402890d47bc00c6a53a2fbd8eb1c52431097,projects/qwen35_indoor_nav/research/continuation_memory_v1/strong_backbone_recovery_v1/recovery_action_v1/runs/action_001/unseen/evaluation/gpu3_1790338226494542950/episodes/62/COMPLETE.json
discovery_unseen,62,zsNo4HB9uLZ,CONCAT,1.0,0.9735845232690877,50,projects/qwen35_indoor_nav/research/continuation_memory_v1/strong_backbone_recovery_v1/recovery_action_v1/runs/action_001/unseen/evaluation/gpu3_1790338226494542950/episodes/62/CONCAT/TRACE.jsonl,677fc89e39065a1bc8d8b4e2889b03bf807583ef0c2b38c51e4a37ad94c4f42e,projects/qwen35_indoor_nav/research/continuation_memory_v1/strong_backbone_recovery_v1/recovery_action_v1/runs/action_001/unseen/evaluation/gpu3_1790338226494542950/episodes/62/COMPLETE.json
discovery_unseen,62,zsNo4HB9uLZ,EVIDENCE,1.0,0.9735845232690877,50,projects/qwen35_indoor_nav/research/continuation_memory_v1/strong_backbone_recovery_v1/recovery_action_v1/runs/action_001/unseen/evaluation/gpu3_1790338226494542950/episodes/62/EVIDENCE/TRACE.jsonl,5867bcc8ed76122d14f5cd02841646fbdb8d9dc9e55963267ce7e67af6d93034,projects/qwen35_indoor_nav/research/continuation_memory_v1/strong_backbone_recovery_v1/recovery_action_v1/runs/action_001/unseen/evaluation/gpu3_1790338226494542950/episodes/62/COMPLETE.json
discovery_unseen,63,2azQ1b91cZZ,NATIVE,1.0,0.8891212344169617,34,projects/qwen35_indoor_nav/research/continuation_memory_v1/strong_backbone_recovery_v1/recovery_action_v1/runs/action_001/unseen/evaluation/gpu3_1790338226494542950/episodes/63/NATIVE/TRACE.jsonl,aa7f8b96fe24bbdf1b5318b5a3ed780c416fc106aa47cf6906f180c9ae89ad9b,projects/qwen35_indoor_nav/research/continuation_memory_v1/strong_backbone_recovery_v1/recovery_action_v1/runs/action_001/unseen/evaluation/gpu3_1790338226494542950/episodes/63/COMPLETE.json
discovery_unseen,63,2azQ1b91cZZ,EVIDENCE,1.0,0.8891212344169617,34,projects/qwen35_indoor_nav/research/continuation_memory_v1/strong_backbone_recovery_v1/recovery_action_v1/runs/action_001/unseen/evaluation/gpu3_1790338226494542950/episodes/63/EVIDENCE/TRACE.jsonl,b490bc8f2b1730895937d8b36edcb39dac1063cbb56b8cfa2c3392de2a695a39,projects/qwen35_indoor_nav/research/continuation_memory_v1/strong_backbone_recovery_v1/recovery_action_v1/runs/action_001/unseen/evaluation/gpu3_1790338226494542950/episodes/63/COMPLETE.json
discovery_unseen,63,2azQ1b91cZZ,CONCAT,1.0,0.8891212344169617,34,projects/qwen35_indoor_nav/research/continuation_memory_v1/strong_backbone_recovery_v1/recovery_action_v1/runs/action_001/unseen/evaluation/gpu3_1790338226494542950/episodes/63/CONCAT/TRACE.jsonl,736eeb9de82e5964b635d89255d78d4ca0cc4d7e0bb31d549b64ab9a8d70c4d9,projects/qwen35_indoor_nav/research/continuation_memory_v1/strong_backbone_recovery_v1/recovery_action_v1/runs/action_001/unseen/evaluation/gpu3_1790338226494542950/episodes/63/COMPLETE.json
discovery_unseen,144,QUCTc6BB5sX,NATIVE,0.0,0.0,95,projects/qwen35_indoor_nav/research/continuation_memory_v1/strong_backbone_recovery_v1/recovery_action_v1/runs/action_001/unseen/evaluation/gpu3_1790339702405801637/episodes/144/NATIVE/TRACE.jsonl,3887862df4cde23c95ab7f7d53b4f5f5a2bb80918cfe2d73539590464449c758,projects/qwen35_indoor_nav/research/continuation_memory_v1/strong_backbone_recovery_v1/recovery_action_v1/runs/action_001/unseen/evaluation/gpu3_1790339702405801637/episodes/144/COMPLETE.json
discovery_unseen,144,QUCTc6BB5sX,CONCAT,0.0,0.0,88,projects/qwen35_indoor_nav/research/continuation_memory_v1/strong_backbone_recovery_v1/recovery_action_v1/runs/action_001/unseen/evaluation/gpu3_1790339702405801637/episodes/144/CONCAT/TRACE.jsonl,d7021fb924d5dcabbf83f5383c05f01d8519773889a5b642f614e9ed160f984c,projects/qwen35_indoor_nav/research/continuation_memory_v1/strong_backbone_recovery_v1/recovery_action_v1/runs/action_001/unseen/evaluation/gpu3_1790339702405801637/episodes/144/COMPLETE.json
discovery_unseen,144,QUCTc6BB5sX,EVIDENCE,0.0,0.0,96,projects/qwen35_indoor_nav/research/continuation_memory_v1/strong_backbone_recovery_v1/recovery_action_v1/runs/action_001/unseen/evaluation/gpu3_1790339702405801637/episodes/144/EVIDENCE/TRACE.jsonl,e31aa6de3c1af8e97cba1213da7535dc82500d47f9c5033fe7a6b2464ed9e646,projects/qwen35_indoor_nav/research/continuation_memory_v1/strong_backbone_recovery_v1/recovery_action_v1/runs/action_001/unseen/evaluation/gpu3_1790339702405801637/episodes/144/COMPLETE.json
discovery_unseen,145,TbHJrupSAjP,NATIVE,1.0,0.9598282532097435,54,projects/qwen35_indoor_nav/research/continuation_memory_v1/strong_backbone_recovery_v1/recovery_action_v1/runs/action_001/unseen/evaluation/gpu3_1790339702405801637/episodes/145/NATIVE/TRACE.jsonl,6eb180f56fd92233b247b0009dfb4f5dcac37891623f65d8f540baff4ba0b944,projects/qwen35_indoor_nav/research/continuation_memory_v1/strong_backbone_recovery_v1/recovery_action_v1/runs/action_001/unseen/evaluation/gpu3_1790339702405801637/episodes/145/COMPLETE.json
discovery_unseen,145,TbHJrupSAjP,EVIDENCE,1.0,0.9598576722497569,55,projects/qwen35_indoor_nav/research/continuation_memory_v1/strong_backbone_recovery_v1/recovery_action_v1/runs/action_001/unseen/evaluation/gpu3_1790339702405801637/episodes/145/EVIDENCE/TRACE.jsonl,90c3b35f767bef64e223bb7785c4261de3e53c109295c16bffc3ac6c9fcd2589,projects/qwen35_indoor_nav/research/continuation_memory_v1/strong_backbone_recovery_v1/recovery_action_v1/runs/action_001/unseen/evaluation/gpu3_1790339702405801637/episodes/145/COMPLETE.json
discovery_unseen,145,TbHJrupSAjP,CONCAT,1.0,0.9598576722497569,55,projects/qwen35_indoor_nav/research/continuation_memory_v1/strong_backbone_recovery_v1/recovery_action_v1/runs/action_001/unseen/evaluation/gpu3_1790339702405801637/episodes/145/CONCAT/TRACE.jsonl,48a49547cb2f9aee998349e0098e6c9c34102fed2ece4ac201cba47382a2bcb8,projects/qwen35_indoor_nav/research/continuation_memory_v1/strong_backbone_recovery_v1/recovery_action_v1/runs/action_001/unseen/evaluation/gpu3_1790339702405801637/episodes/145/COMPLETE.json
discovery_unseen,146,Z6MFQCViBuw,NATIVE,1.0,1.0,48,projects/qwen35_indoor_nav/research/continuation_memory_v1/strong_backbone_recovery_v1/recovery_action_v1/runs/action_001/unseen/evaluation/gpu3_1790339702405801637/episodes/146/NATIVE/TRACE.jsonl,eb61435a4cb205d49a08a23b30d950e1f7d0d8cf6a0f5463b971d3dd711d5ee8,projects/qwen35_indoor_nav/research/continuation_memory_v1/strong_backbone_recovery_v1/recovery_action_v1/runs/action_001/unseen/evaluation/gpu3_1790339702405801637/episodes/146/COMPLETE.json
discovery_unseen,146,Z6MFQCViBuw,CONCAT,1.0,1.0,48,projects/qwen35_indoor_nav/research/continuation_memory_v1/strong_backbone_recovery_v1/recovery_action_v1/runs/action_001/unseen/evaluation/gpu3_1790339702405801637/episodes/146/CONCAT/TRACE.jsonl,a6dec770c9aa8bee077597330db1e316daea300f3b18675d3989376522a1322c,projects/qwen35_indoor_nav/research/continuation_memory_v1/strong_backbone_recovery_v1/recovery_action_v1/runs/action_001/unseen/evaluation/gpu3_1790339702405801637/episodes/146/COMPLETE.json
discovery_unseen,146,Z6MFQCViBuw,EVIDENCE,1.0,1.0,48,projects/qwen35_indoor_nav/research/continuation_memory_v1/strong_backbone_recovery_v1/recovery_action_v1/runs/action_001/unseen/evaluation/gpu3_1790339702405801637/episodes/146/EVIDENCE/TRACE.jsonl,f2c778c9f3bd514b52c70a44cd006b794cf2d68b092f74adb67876d7e9244b37,projects/qwen35_indoor_nav/research/continuation_memory_v1/strong_backbone_recovery_v1/recovery_action_v1/runs/action_001/unseen/evaluation/gpu3_1790339702405801637/episodes/146/COMPLETE.json
discovery_unseen,147,oLBMNvg9in8,NATIVE,1.0,0.9628576424074479,55,projects/qwen35_indoor_nav/research/continuation_memory_v1/strong_backbone_recovery_v1/recovery_action_v1/runs/action_001/unseen/evaluation/gpu3_1790339702405801637/episodes/147/NATIVE/TRACE.jsonl,7636159c0e29c74797d620f159ae5a203f284f5b983c222812fc2dcecaf791a6,projects/qwen35_indoor_nav/research/continuation_memory_v1/strong_backbone_recovery_v1/recovery_action_v1/runs/action_001/unseen/evaluation/gpu3_1790339702405801637/episodes/147/COMPLETE.json
discovery_unseen,147,oLBMNvg9in8,EVIDENCE,1.0,0.9628576424074479,55,projects/qwen35_indoor_nav/research/continuation_memory_v1/strong_backbone_recovery_v1/recovery_action_v1/runs/action_001/unseen/evaluation/gpu3_1790339702405801637/episodes/147/EVIDENCE/TRACE.jsonl,0a9ab2d74ea4392c571eddf8a096cdd4e96bbac0d0af52230ee6f7c8e6dd85b5,projects/qwen35_indoor_nav/research/continuation_memory_v1/strong_backbone_recovery_v1/recovery_action_v1/runs/action_001/unseen/evaluation/gpu3_1790339702405801637/episodes/147/COMPLETE.json
discovery_unseen,147,oLBMNvg9in8,CONCAT,1.0,1.0,54,projects/qwen35_indoor_nav/research/continuation_memory_v1/strong_backbone_recovery_v1/recovery_action_v1/runs/action_001/unseen/evaluation/gpu3_1790339702405801637/episodes/147/CONCAT/TRACE.jsonl,abe1586d178b0b506c7f975e9991f48796e7c6bdcc9c31337dd9020dc42260e9,projects/qwen35_indoor_nav/research/continuation_memory_v1/strong_backbone_recovery_v1/recovery_action_v1/runs/action_001/unseen/evaluation/gpu3_1790339702405801637/episodes/147/COMPLETE.json
discovery_unseen,148,zsNo4HB9uLZ,NATIVE,0.0,0.0,57,projects/qwen35_indoor_nav/research/continuation_memory_v1/strong_backbone_recovery_v1/recovery_action_v1/runs/action_001/unseen/evaluation/gpu3_1790339702405801637/episodes/148/NATIVE/TRACE.jsonl,42f00a5e0e198114722c124e5cb7b1a07b56a70674c21cd56c6b0662059fe383,projects/qwen35_indoor_nav/research/continuation_memory_v1/strong_backbone_recovery_v1/recovery_action_v1/runs/action_001/unseen/evaluation/gpu3_1790339702405801637/episodes/148/COMPLETE.json
discovery_unseen,148,zsNo4HB9uLZ,CONCAT,0.0,0.0,66,projects/qwen35_indoor_nav/research/continuation_memory_v1/strong_backbone_recovery_v1/recovery_action_v1/runs/action_001/unseen/evaluation/gpu3_1790339702405801637/episodes/148/CONCAT/TRACE.jsonl,25f443e1b83909465cd2cd2e89e19a5a927ce259d271b3824240b9727122a49e,projects/qwen35_indoor_nav/research/continuation_memory_v1/strong_backbone_recovery_v1/recovery_action_v1/runs/action_001/unseen/evaluation/gpu3_1790339702405801637/episodes/148/COMPLETE.json
discovery_unseen,148,zsNo4HB9uLZ,EVIDENCE,0.0,0.0,57,projects/qwen35_indoor_nav/research/continuation_memory_v1/strong_backbone_recovery_v1/recovery_action_v1/runs/action_001/unseen/evaluation/gpu3_1790339702405801637/episodes/148/EVIDENCE/TRACE.jsonl,7b12e5c7aab1dd9a328cb9794791d4a17558c539bdcc38aed80fbd9fdb905759,projects/qwen35_indoor_nav/research/continuation_memory_v1/strong_backbone_recovery_v1/recovery_action_v1/runs/action_001/unseen/evaluation/gpu3_1790339702405801637/episodes/148/COMPLETE.json
discovery_unseen,149,2azQ1b91cZZ,NATIVE,0.0,0.0,50,projects/qwen35_indoor_nav/research/continuation_memory_v1/strong_backbone_recovery_v1/recovery_action_v1/runs/action_001/unseen/evaluation/gpu3_1790339702405801637/episodes/149/NATIVE/TRACE.jsonl,db67bc9c96b78e1c3f66cc8b5a2fd3d9a7ee8bbf7d5e9224ab51f15601338628,projects/qwen35_indoor_nav/research/continuation_memory_v1/strong_backbone_recovery_v1/recovery_action_v1/runs/action_001/unseen/evaluation/gpu3_1790339702405801637/episodes/149/COMPLETE.json
discovery_unseen,149,2azQ1b91cZZ,EVIDENCE,0.0,0.0,50,projects/qwen35_indoor_nav/research/continuation_memory_v1/strong_backbone_recovery_v1/recovery_action_v1/runs/action_001/unseen/evaluation/gpu3_1790339702405801637/episodes/149/EVIDENCE/TRACE.jsonl,be27fddc455fae10cbdb6fc395031bc506a706cf168b15170c839aabe2f2dce6,projects/qwen35_indoor_nav/research/continuation_memory_v1/strong_backbone_recovery_v1/recovery_action_v1/runs/action_001/unseen/evaluation/gpu3_1790339702405801637/episodes/149/COMPLETE.json
discovery_unseen,149,2azQ1b91cZZ,CONCAT,1.0,0.7006290310666206,54,projects/qwen35_indoor_nav/research/continuation_memory_v1/strong_backbone_recovery_v1/recovery_action_v1/runs/action_001/unseen/evaluation/gpu3_1790339702405801637/episodes/149/CONCAT/TRACE.jsonl,919916fe9945d8be0cbc0a246d443fbe63df6bac87d18e0cf2ba21207941798a,projects/qwen35_indoor_nav/research/continuation_memory_v1/strong_backbone_recovery_v1/recovery_action_v1/runs/action_001/unseen/evaluation/gpu3_1790339702405801637/episodes/149/COMPLETE.json
discovery_unseen,150,QUCTc6BB5sX,NATIVE,0.0,0.0,49,projects/qwen35_indoor_nav/research/continuation_memory_v1/strong_backbone_recovery_v1/recovery_action_v1/runs/action_001/unseen/evaluation/gpu3_1790339702405801637/episodes/150/NATIVE/TRACE.jsonl,ed2d3b4db46bce77adbb7af1675c087cdfbf0af5b48b7c0553f2135e6c3619c1,projects/qwen35_indoor_nav/research/continuation_memory_v1/strong_backbone_recovery_v1/recovery_action_v1/runs/action_001/unseen/evaluation/gpu3_1790339702405801637/episodes/150/COMPLETE.json
discovery_unseen,150,QUCTc6BB5sX,CONCAT,0.0,0.0,49,projects/qwen35_indoor_nav/research/continuation_memory_v1/strong_backbone_recovery_v1/recovery_action_v1/runs/action_001/unseen/evaluation/gpu3_1790339702405801637/episodes/150/CONCAT/TRACE.jsonl,0be4d851ed68d94ea2724d3a81298e6baebd722596f98a3814984e3a8445ecc6,projects/qwen35_indoor_nav/research/continuation_memory_v1/strong_backbone_recovery_v1/recovery_action_v1/runs/action_001/unseen/evaluation/gpu3_1790339702405801637/episodes/150/COMPLETE.json
discovery_unseen,150,QUCTc6BB5sX,EVIDENCE,0.0,0.0,49,projects/qwen35_indoor_nav/research/continuation_memory_v1/strong_backbone_recovery_v1/recovery_action_v1/runs/action_001/unseen/evaluation/gpu3_1790339702405801637/episodes/150/EVIDENCE/TRACE.jsonl,985bf45419f888ce11e41e8cfaf8ade8fd340db20290d548cb08572b1ddc2c37,projects/qwen35_indoor_nav/research/continuation_memory_v1/strong_backbone_recovery_v1/recovery_action_v1/runs/action_001/unseen/evaluation/gpu3_1790339702405801637/episodes/150/COMPLETE.json
discovery_unseen,151,TbHJrupSAjP,NATIVE,0.0,0.0,52,projects/qwen35_indoor_nav/research/continuation_memory_v1/strong_backbone_recovery_v1/recovery_action_v1/runs/action_001/unseen/evaluation/gpu3_1790339702405801637/episodes/151/NATIVE/TRACE.jsonl,25f7681048f2b3c36143c97a84585dc938bd80fe9ddd06c1949003b8ce679f13,projects/qwen35_indoor_nav/research/continuation_memory_v1/strong_backbone_recovery_v1/recovery_action_v1/runs/action_001/unseen/evaluation/gpu3_1790339702405801637/episodes/151/COMPLETE.json
discovery_unseen,151,TbHJrupSAjP,EVIDENCE,0.0,0.0,56,projects/qwen35_indoor_nav/research/continuation_memory_v1/strong_backbone_recovery_v1/recovery_action_v1/runs/action_001/unseen/evaluation/gpu3_1790339702405801637/episodes/151/EVIDENCE/TRACE.jsonl,8b46f7f23d0ab13bcbf347f2000b791ddda79dfc970823e7c37e1fb863c999e2,projects/qwen35_indoor_nav/research/continuation_memory_v1/strong_backbone_recovery_v1/recovery_action_v1/runs/action_001/unseen/evaluation/gpu3_1790339702405801637/episodes/151/COMPLETE.json
discovery_unseen,151,TbHJrupSAjP,CONCAT,0.0,0.0,56,projects/qwen35_indoor_nav/research/continuation_memory_v1/strong_backbone_recovery_v1/recovery_action_v1/runs/action_001/unseen/evaluation/gpu3_1790339702405801637/episodes/151/CONCAT/TRACE.jsonl,1e91b021aef17d732fb9cf0a58944280e80be991db6ae62a7c48149fd2302151,projects/qwen35_indoor_nav/research/continuation_memory_v1/strong_backbone_recovery_v1/recovery_action_v1/runs/action_001/unseen/evaluation/gpu3_1790339702405801637/episodes/151/COMPLETE.json
discovery_unseen,152,oLBMNvg9in8,NATIVE,1.0,0.8542675569828277,55,projects/qwen35_indoor_nav/research/continuation_memory_v1/strong_backbone_recovery_v1/recovery_action_v1/runs/action_001/unseen/evaluation/gpu3_1790339702405801637/episodes/152/NATIVE/TRACE.jsonl,96f1a759705d8892e0c9a228692d64fadfc8746a4ea2ea091a4ce96decd9e045,projects/qwen35_indoor_nav/research/continuation_memory_v1/strong_backbone_recovery_v1/recovery_action_v1/runs/action_001/unseen/evaluation/gpu3_1790339702405801637/episodes/152/COMPLETE.json
discovery_unseen,152,oLBMNvg9in8,CONCAT,1.0,0.8542675447897796,54,projects/qwen35_indoor_nav/research/continuation_memory_v1/strong_backbone_recovery_v1/recovery_action_v1/runs/action_001/unseen/evaluation/gpu3_1790339702405801637/episodes/152/CONCAT/TRACE.jsonl,efa3aa6526b8e8b7bcd36861b77633a4ebfe98314217da3ad0e0aecab5ddb9c1,projects/qwen35_indoor_nav/research/continuation_memory_v1/strong_backbone_recovery_v1/recovery_action_v1/runs/action_001/unseen/evaluation/gpu3_1790339702405801637/episodes/152/COMPLETE.json
discovery_unseen,152,oLBMNvg9in8,EVIDENCE,1.0,0.8542675569828277,55,projects/qwen35_indoor_nav/research/continuation_memory_v1/strong_backbone_recovery_v1/recovery_action_v1/runs/action_001/unseen/evaluation/gpu3_1790339702405801637/episodes/152/EVIDENCE/TRACE.jsonl,8d92cbfa3b2b634ab282f2e091498d4c9d283e6596dd2dabb7f7a7d15ec3e99a,projects/qwen35_indoor_nav/research/continuation_memory_v1/strong_backbone_recovery_v1/recovery_action_v1/runs/action_001/unseen/evaluation/gpu3_1790339702405801637/episodes/152/COMPLETE.json
discovery_unseen,153,zsNo4HB9uLZ,NATIVE,0.0,0.0,37,projects/qwen35_indoor_nav/research/continuation_memory_v1/strong_backbone_recovery_v1/recovery_action_v1/runs/action_001/unseen/evaluation/gpu3_1790339702405801637/episodes/153/NATIVE/TRACE.jsonl,0015968f4208efeb6bcb4b2550057f410348f7018650a7cf4e514e90b73085dc,projects/qwen35_indoor_nav/research/continuation_memory_v1/strong_backbone_recovery_v1/recovery_action_v1/runs/action_001/unseen/evaluation/gpu3_1790339702405801637/episodes/153/COMPLETE.json
discovery_unseen,153,zsNo4HB9uLZ,EVIDENCE,0.0,0.0,42,projects/qwen35_indoor_nav/research/continuation_memory_v1/strong_backbone_recovery_v1/recovery_action_v1/runs/action_001/unseen/evaluation/gpu3_1790339702405801637/episodes/153/EVIDENCE/TRACE.jsonl,37306037bdd899e25ed3cd5d7678403809cee7ed99656a959d89a4f49a1a69a8,projects/qwen35_indoor_nav/research/continuation_memory_v1/strong_backbone_recovery_v1/recovery_action_v1/runs/action_001/unseen/evaluation/gpu3_1790339702405801637/episodes/153/COMPLETE.json
discovery_unseen,153,zsNo4HB9uLZ,CONCAT,0.0,0.0,38,projects/qwen35_indoor_nav/research/continuation_memory_v1/strong_backbone_recovery_v1/recovery_action_v1/runs/action_001/unseen/evaluation/gpu3_1790339702405801637/episodes/153/CONCAT/TRACE.jsonl,12e3ac50f3025160fa4f7bc818a17a5adfc8e6464d8fbce3b71894996ce3287c,projects/qwen35_indoor_nav/research/continuation_memory_v1/strong_backbone_recovery_v1/recovery_action_v1/runs/action_001/unseen/evaluation/gpu3_1790339702405801637/episodes/153/COMPLETE.json
discovery_unseen,154,2azQ1b91cZZ,NATIVE,0.0,0.0,42,projects/qwen35_indoor_nav/research/continuation_memory_v1/strong_backbone_recovery_v1/recovery_action_v1/runs/action_001/unseen/evaluation/gpu3_1790339702405801637/episodes/154/NATIVE/TRACE.jsonl,1bb88f8543a83af5d14aa947e4a6af8be41acb5e76e0720a8af4bf3c60064592,projects/qwen35_indoor_nav/research/continuation_memory_v1/strong_backbone_recovery_v1/recovery_action_v1/runs/action_001/unseen/evaluation/gpu3_1790339702405801637/episodes/154/COMPLETE.json
discovery_unseen,154,2azQ1b91cZZ,CONCAT,0.0,0.0,42,projects/qwen35_indoor_nav/research/continuation_memory_v1/strong_backbone_recovery_v1/recovery_action_v1/runs/action_001/unseen/evaluation/gpu3_1790339702405801637/episodes/154/CONCAT/TRACE.jsonl,00f4946c8612dfbe334143bb0efb6fd89a327e7880890ca62c5ad0f16a7b79e5,projects/qwen35_indoor_nav/research/continuation_memory_v1/strong_backbone_recovery_v1/recovery_action_v1/runs/action_001/unseen/evaluation/gpu3_1790339702405801637/episodes/154/COMPLETE.json
discovery_unseen,154,2azQ1b91cZZ,EVIDENCE,0.0,0.0,42,projects/qwen35_indoor_nav/research/continuation_memory_v1/strong_backbone_recovery_v1/recovery_action_v1/runs/action_001/unseen/evaluation/gpu3_1790339702405801637/episodes/154/EVIDENCE/TRACE.jsonl,d57f25a334f26fc4175ca42a14dfe7ff5f3e475d11d0201c995dd7040591dcca,projects/qwen35_indoor_nav/research/continuation_memory_v1/strong_backbone_recovery_v1/recovery_action_v1/runs/action_001/unseen/evaluation/gpu3_1790339702405801637/episodes/154/COMPLETE.json
discovery_unseen,155,QUCTc6BB5sX,NATIVE,1.0,1.0,50,projects/qwen35_indoor_nav/research/continuation_memory_v1/strong_backbone_recovery_v1/recovery_action_v1/runs/action_001/unseen/evaluation/gpu3_1790339702405801637/episodes/155/NATIVE/TRACE.jsonl,58ec374f3098e9434bf589a87a23b9ca8241028548790bf62416fa4a55998cd5,projects/qwen35_indoor_nav/research/continuation_memory_v1/strong_backbone_recovery_v1/recovery_action_v1/runs/action_001/unseen/evaluation/gpu3_1790339702405801637/episodes/155/COMPLETE.json
discovery_unseen,155,QUCTc6BB5sX,EVIDENCE,1.0,1.0,50,projects/qwen35_indoor_nav/research/continuation_memory_v1/strong_backbone_recovery_v1/recovery_action_v1/runs/action_001/unseen/evaluation/gpu3_1790339702405801637/episodes/155/EVIDENCE/TRACE.jsonl,7538767bbbedbf75972e273d94bb14f87cdfb01362f0f136258feada396b6723,projects/qwen35_indoor_nav/research/continuation_memory_v1/strong_backbone_recovery_v1/recovery_action_v1/runs/action_001/unseen/evaluation/gpu3_1790339702405801637/episodes/155/COMPLETE.json
discovery_unseen,155,QUCTc6BB5sX,CONCAT,1.0,1.0,50,projects/qwen35_indoor_nav/research/continuation_memory_v1/strong_backbone_recovery_v1/recovery_action_v1/runs/action_001/unseen/evaluation/gpu3_1790339702405801637/episodes/155/CONCAT/TRACE.jsonl,531393d12f7c863bde0ad2a2dd3666cedaef77399adfa2e5070dc10ad78d0a55,projects/qwen35_indoor_nav/research/continuation_memory_v1/strong_backbone_recovery_v1/recovery_action_v1/runs/action_001/unseen/evaluation/gpu3_1790339702405801637/episodes/155/COMPLETE.json
discovery_unseen,156,TbHJrupSAjP,NATIVE,0.0,0.0,500,projects/qwen35_indoor_nav/research/continuation_memory_v1/strong_backbone_recovery_v1/recovery_action_v1/runs/action_001/unseen/evaluation/gpu3_1790339702405801637/episodes/156/NATIVE/TRACE.jsonl,10d39226ac9425145ce3ce5c583b8971126f56decc7ad325868fdacb024e8c57,projects/qwen35_indoor_nav/research/continuation_memory_v1/strong_backbone_recovery_v1/recovery_action_v1/runs/action_001/unseen/evaluation/gpu3_1790339702405801637/episodes/156/COMPLETE.json
discovery_unseen,156,TbHJrupSAjP,CONCAT,0.0,0.0,365,projects/qwen35_indoor_nav/research/continuation_memory_v1/strong_backbone_recovery_v1/recovery_action_v1/runs/action_001/unseen/evaluation/gpu3_1790339702405801637/episodes/156/CONCAT/TRACE.jsonl,744970b5197c40abfc90fcab2b35e68da5f462b4e60445afc4337d526214c92d,projects/qwen35_indoor_nav/research/continuation_memory_v1/strong_backbone_recovery_v1/recovery_action_v1/runs/action_001/unseen/evaluation/gpu3_1790339702405801637/episodes/156/COMPLETE.json
discovery_unseen,156,TbHJrupSAjP,EVIDENCE,0.0,0.0,129,projects/qwen35_indoor_nav/research/continuation_memory_v1/strong_backbone_recovery_v1/recovery_action_v1/runs/action_001/unseen/evaluation/gpu3_1790339702405801637/episodes/156/EVIDENCE/TRACE.jsonl,63086badf3e18b16e88622d56a61fe901e0d56128948148b6cefd1840877e1c5,projects/qwen35_indoor_nav/research/continuation_memory_v1/strong_backbone_recovery_v1/recovery_action_v1/runs/action_001/unseen/evaluation/gpu3_1790339702405801637/episodes/156/COMPLETE.json
discovery_unseen,157,oLBMNvg9in8,NATIVE,1.0,0.8627455320497819,68,projects/qwen35_indoor_nav/research/continuation_memory_v1/strong_backbone_recovery_v1/recovery_action_v1/runs/action_001/unseen/evaluation/gpu3_1790339702405801637/episodes/157/NATIVE/TRACE.jsonl,b00c571cf337420d70c7662601f6b9a2e5105572b44294a422fa0b54b8ca7ff4,projects/qwen35_indoor_nav/research/continuation_memory_v1/strong_backbone_recovery_v1/recovery_action_v1/runs/action_001/unseen/evaluation/gpu3_1790339702405801637/episodes/157/COMPLETE.json
discovery_unseen,157,oLBMNvg9in8,EVIDENCE,1.0,0.9318781182719249,65,projects/qwen35_indoor_nav/research/continuation_memory_v1/strong_backbone_recovery_v1/recovery_action_v1/runs/action_001/unseen/evaluation/gpu3_1790339702405801637/episodes/157/EVIDENCE/TRACE.jsonl,4e8811130b17d1f201cfa5e55f23a8b9097b7085908c93ab7afa344c5c7bd0ed,projects/qwen35_indoor_nav/research/continuation_memory_v1/strong_backbone_recovery_v1/recovery_action_v1/runs/action_001/unseen/evaluation/gpu3_1790339702405801637/episodes/157/COMPLETE.json
discovery_unseen,157,oLBMNvg9in8,CONCAT,1.0,0.9575053137166284,62,projects/qwen35_indoor_nav/research/continuation_memory_v1/strong_backbone_recovery_v1/recovery_action_v1/runs/action_001/unseen/evaluation/gpu3_1790339702405801637/episodes/157/CONCAT/TRACE.jsonl,1bd96bf29f36ac9c0dcb82903292516df971c914f81078f5137cf3c42ad534c6,projects/qwen35_indoor_nav/research/continuation_memory_v1/strong_backbone_recovery_v1/recovery_action_v1/runs/action_001/unseen/evaluation/gpu3_1790339702405801637/episodes/157/COMPLETE.json
discovery_unseen,158,zsNo4HB9uLZ,NATIVE,1.0,0.9526478914045089,60,projects/qwen35_indoor_nav/research/continuation_memory_v1/strong_backbone_recovery_v1/recovery_action_v1/runs/action_001/unseen/evaluation/gpu3_1790339702405801637/episodes/158/NATIVE/TRACE.jsonl,a79a90ef175f255bc39a8654c044b3da72d9d3a87be2bca2153cefedf82faeb9,projects/qwen35_indoor_nav/research/continuation_memory_v1/strong_backbone_recovery_v1/recovery_action_v1/runs/action_001/unseen/evaluation/gpu3_1790339702405801637/episodes/158/COMPLETE.json
discovery_unseen,158,zsNo4HB9uLZ,CONCAT,1.0,0.9526478914045089,60,projects/qwen35_indoor_nav/research/continuation_memory_v1/strong_backbone_recovery_v1/recovery_action_v1/runs/action_001/unseen/evaluation/gpu3_1790339702405801637/episodes/158/CONCAT/TRACE.jsonl,7807f040bcba6e13892092214636bc3d9b2cfc6bfc42a7fc038b116c1520a513,projects/qwen35_indoor_nav/research/continuation_memory_v1/strong_backbone_recovery_v1/recovery_action_v1/runs/action_001/unseen/evaluation/gpu3_1790339702405801637/episodes/158/COMPLETE.json
discovery_unseen,158,zsNo4HB9uLZ,EVIDENCE,1.0,0.9526478914045089,60,projects/qwen35_indoor_nav/research/continuation_memory_v1/strong_backbone_recovery_v1/recovery_action_v1/runs/action_001/unseen/evaluation/gpu3_1790339702405801637/episodes/158/EVIDENCE/TRACE.jsonl,6156f890957972ca30d101585e061daee4f03199762024aff056dfcc3252a5df,projects/qwen35_indoor_nav/research/continuation_memory_v1/strong_backbone_recovery_v1/recovery_action_v1/runs/action_001/unseen/evaluation/gpu3_1790339702405801637/episodes/158/COMPLETE.json
discovery_unseen,159,2azQ1b91cZZ,NATIVE,0.0,0.0,61,projects/qwen35_indoor_nav/research/continuation_memory_v1/strong_backbone_recovery_v1/recovery_action_v1/runs/action_001/unseen/evaluation/gpu3_1790339702405801637/episodes/159/NATIVE/TRACE.jsonl,2484104308326ea30762cc443c8727fc2fc6fe192b3b24500008ae974cada3aa,projects/qwen35_indoor_nav/research/continuation_memory_v1/strong_backbone_recovery_v1/recovery_action_v1/runs/action_001/unseen/evaluation/gpu3_1790339702405801637/episodes/159/COMPLETE.json
discovery_unseen,159,2azQ1b91cZZ,EVIDENCE,0.0,0.0,63,projects/qwen35_indoor_nav/research/continuation_memory_v1/strong_backbone_recovery_v1/recovery_action_v1/runs/action_001/unseen/evaluation/gpu3_1790339702405801637/episodes/159/EVIDENCE/TRACE.jsonl,5fad651625dea9c3dc71d044b6a00e782ecb59fd5bce37cc995a50da188a9ae8,projects/qwen35_indoor_nav/research/continuation_memory_v1/strong_backbone_recovery_v1/recovery_action_v1/runs/action_001/unseen/evaluation/gpu3_1790339702405801637/episodes/159/COMPLETE.json
discovery_unseen,159,2azQ1b91cZZ,CONCAT,0.0,0.0,63,projects/qwen35_indoor_nav/research/continuation_memory_v1/strong_backbone_recovery_v1/recovery_action_v1/runs/action_001/unseen/evaluation/gpu3_1790339702405801637/episodes/159/CONCAT/TRACE.jsonl,df841a9b1e6dea1f90c8960f6fefa0daf9fdacbcae655a7b76b261659fdeb4c4,projects/qwen35_indoor_nav/research/continuation_memory_v1/strong_backbone_recovery_v1/recovery_action_v1/runs/action_001/unseen/evaluation/gpu3_1790339702405801637/episodes/159/COMPLETE.json
discovery_unseen,64,QUCTc6BB5sX,NATIVE,0.0,0.0,79,projects/qwen35_indoor_nav/research/continuation_memory_v1/strong_backbone_recovery_v1/recovery_action_v1/runs/action_001/unseen/evaluation/gpu4_1790338226644298806/episodes/64/NATIVE/TRACE.jsonl,848566f32f78ffcf0c0f3176350bbf4d5070b0535274b27f686b490aa306c190,projects/qwen35_indoor_nav/research/continuation_memory_v1/strong_backbone_recovery_v1/recovery_action_v1/runs/action_001/unseen/evaluation/gpu4_1790338226644298806/episodes/64/COMPLETE.json
discovery_unseen,64,QUCTc6BB5sX,CONCAT,0.0,0.0,79,projects/qwen35_indoor_nav/research/continuation_memory_v1/strong_backbone_recovery_v1/recovery_action_v1/runs/action_001/unseen/evaluation/gpu4_1790338226644298806/episodes/64/CONCAT/TRACE.jsonl,5beb54253a830b2895370f40657cdc6c9da4e71cdec0dfa12645ecb7c7ca24e0,projects/qwen35_indoor_nav/research/continuation_memory_v1/strong_backbone_recovery_v1/recovery_action_v1/runs/action_001/unseen/evaluation/gpu4_1790338226644298806/episodes/64/COMPLETE.json
discovery_unseen,64,QUCTc6BB5sX,EVIDENCE,0.0,0.0,79,projects/qwen35_indoor_nav/research/continuation_memory_v1/strong_backbone_recovery_v1/recovery_action_v1/runs/action_001/unseen/evaluation/gpu4_1790338226644298806/episodes/64/EVIDENCE/TRACE.jsonl,349fbf8ba6a4f0947d235292e09564c3c6f0fe7894cce63da8f4a654fd22a48f,projects/qwen35_indoor_nav/research/continuation_memory_v1/strong_backbone_recovery_v1/recovery_action_v1/runs/action_001/unseen/evaluation/gpu4_1790338226644298806/episodes/64/COMPLETE.json
discovery_unseen,65,TbHJrupSAjP,NATIVE,1.0,0.9878480063798245,48,projects/qwen35_indoor_nav/research/continuation_memory_v1/strong_backbone_recovery_v1/recovery_action_v1/runs/action_001/unseen/evaluation/gpu4_1790338226644298806/episodes/65/NATIVE/TRACE.jsonl,7ef1ee3595d0c688ae963994a9aa49d7e82d8f06328179bb0efafbdc1d268d94,projects/qwen35_indoor_nav/research/continuation_memory_v1/strong_backbone_recovery_v1/recovery_action_v1/runs/action_001/unseen/evaluation/gpu4_1790338226644298806/episodes/65/COMPLETE.json
discovery_unseen,65,TbHJrupSAjP,EVIDENCE,1.0,0.9878480063798245,48,projects/qwen35_indoor_nav/research/continuation_memory_v1/strong_backbone_recovery_v1/recovery_action_v1/runs/action_001/unseen/evaluation/gpu4_1790338226644298806/episodes/65/EVIDENCE/TRACE.jsonl,2414826b13d15092c959c21c1fa514397322f57944f31e2224e48ce63b20997e,projects/qwen35_indoor_nav/research/continuation_memory_v1/strong_backbone_recovery_v1/recovery_action_v1/runs/action_001/unseen/evaluation/gpu4_1790338226644298806/episodes/65/COMPLETE.json
discovery_unseen,65,TbHJrupSAjP,CONCAT,1.0,0.9878480063798245,48,projects/qwen35_indoor_nav/research/continuation_memory_v1/strong_backbone_recovery_v1/recovery_action_v1/runs/action_001/unseen/evaluation/gpu4_1790338226644298806/episodes/65/CONCAT/TRACE.jsonl,afa293cad032edcd1bc556f7c5c12b52f5d19b3873ab8d21decb85a94dd36c30,projects/qwen35_indoor_nav/research/continuation_memory_v1/strong_backbone_recovery_v1/recovery_action_v1/runs/action_001/unseen/evaluation/gpu4_1790338226644298806/episodes/65/COMPLETE.json
discovery_unseen,66,X7HyMhZNoso,NATIVE,0.0,0.0,68,projects/qwen35_indoor_nav/research/continuation_memory_v1/strong_backbone_recovery_v1/recovery_action_v1/runs/action_001/unseen/evaluation/gpu4_1790338226644298806/episodes/66/NATIVE/TRACE.jsonl,cd553c263346fdbe9c31070320a037e963f4aaca89be025a9a428b1958ec7356,projects/qwen35_indoor_nav/research/continuation_memory_v1/strong_backbone_recovery_v1/recovery_action_v1/runs/action_001/unseen/evaluation/gpu4_1790338226644298806/episodes/66/COMPLETE.json
discovery_unseen,66,X7HyMhZNoso,CONCAT,0.0,0.0,68,projects/qwen35_indoor_nav/research/continuation_memory_v1/strong_backbone_recovery_v1/recovery_action_v1/runs/action_001/unseen/evaluation/gpu4_1790338226644298806/episodes/66/CONCAT/TRACE.jsonl,eba023ce467629d2f6f10da7d8be5f438e72788459965ff38cadff862235a61c,projects/qwen35_indoor_nav/research/continuation_memory_v1/strong_backbone_recovery_v1/recovery_action_v1/runs/action_001/unseen/evaluation/gpu4_1790338226644298806/episodes/66/COMPLETE.json
discovery_unseen,66,X7HyMhZNoso,EVIDENCE,0.0,0.0,65,projects/qwen35_indoor_nav/research/continuation_memory_v1/strong_backbone_recovery_v1/recovery_action_v1/runs/action_001/unseen/evaluation/gpu4_1790338226644298806/episodes/66/EVIDENCE/TRACE.jsonl,4df46e67624c8eed0732d20a975dc46bb54bff2208c6b61e4698b71b56fafbef,projects/qwen35_indoor_nav/research/continuation_memory_v1/strong_backbone_recovery_v1/recovery_action_v1/runs/action_001/unseen/evaluation/gpu4_1790338226644298806/episodes/66/COMPLETE.json
discovery_unseen,67,Z6MFQCViBuw,NATIVE,0.0,0.0,500,projects/qwen35_indoor_nav/research/continuation_memory_v1/strong_backbone_recovery_v1/recovery_action_v1/runs/action_001/unseen/evaluation/gpu4_1790338226644298806/episodes/67/NATIVE/TRACE.jsonl,05153fe6da01a3050b6be2fb06ae66b19ee47ba8f9f599f0ddab7b7dfcd1f78f,projects/qwen35_indoor_nav/research/continuation_memory_v1/strong_backbone_recovery_v1/recovery_action_v1/runs/action_001/unseen/evaluation/gpu4_1790338226644298806/episodes/67/COMPLETE.json
discovery_unseen,67,Z6MFQCViBuw,EVIDENCE,0.0,0.0,49,projects/qwen35_indoor_nav/research/continuation_memory_v1/strong_backbone_recovery_v1/recovery_action_v1/runs/action_001/unseen/evaluation/gpu4_1790338226644298806/episodes/67/EVIDENCE/TRACE.jsonl,4181dd478119506aface7c4f24845ecfe446d4f76e296fd9b0db5d20a6f5c930,projects/qwen35_indoor_nav/research/continuation_memory_v1/strong_backbone_recovery_v1/recovery_action_v1/runs/action_001/unseen/evaluation/gpu4_1790338226644298806/episodes/67/COMPLETE.json
discovery_unseen,67,Z6MFQCViBuw,CONCAT,0.0,0.0,321,projects/qwen35_indoor_nav/research/continuation_memory_v1/strong_backbone_recovery_v1/recovery_action_v1/runs/action_001/unseen/evaluation/gpu4_1790338226644298806/episodes/67/CONCAT/TRACE.jsonl,badab788e08da01ea65b0b86489395cf3bb85aca17bcd89aaabaa9963e0d6d76,projects/qwen35_indoor_nav/research/continuation_memory_v1/strong_backbone_recovery_v1/recovery_action_v1/runs/action_001/unseen/evaluation/gpu4_1790338226644298806/episodes/67/COMPLETE.json
discovery_unseen,68,oLBMNvg9in8,NATIVE,1.0,0.8278612221494961,55,projects/qwen35_indoor_nav/research/continuation_memory_v1/strong_backbone_recovery_v1/recovery_action_v1/runs/action_001/unseen/evaluation/gpu4_1790338226644298806/episodes/68/NATIVE/TRACE.jsonl,03f5c4dffbe3cbe22acb27a805e58c533386153302af75a73e9f0857c6932a16,projects/qwen35_indoor_nav/research/continuation_memory_v1/strong_backbone_recovery_v1/recovery_action_v1/runs/action_001/unseen/evaluation/gpu4_1790338226644298806/episodes/68/COMPLETE.json
discovery_unseen,68,oLBMNvg9in8,CONCAT,1.0,0.7436203204087795,63,projects/qwen35_indoor_nav/research/continuation_memory_v1/strong_backbone_recovery_v1/recovery_action_v1/runs/action_001/unseen/evaluation/gpu4_1790338226644298806/episodes/68/CONCAT/TRACE.jsonl,2c2ed806e04d5f139fc3eac03dcdb43482c28bfb5692f1dab3bfca3a811ee926,projects/qwen35_indoor_nav/research/continuation_memory_v1/strong_backbone_recovery_v1/recovery_action_v1/runs/action_001/unseen/evaluation/gpu4_1790338226644298806/episodes/68/COMPLETE.json
discovery_unseen,68,oLBMNvg9in8,EVIDENCE,1.0,0.8595060583065468,56,projects/qwen35_indoor_nav/research/continuation_memory_v1/strong_backbone_recovery_v1/recovery_action_v1/runs/action_001/unseen/evaluation/gpu4_1790338226644298806/episodes/68/EVIDENCE/TRACE.jsonl,6f87d1ff00b0bd6a1445749e418c191bb11a02c009eaff85163b1b863a51703e,projects/qwen35_indoor_nav/research/continuation_memory_v1/strong_backbone_recovery_v1/recovery_action_v1/runs/action_001/unseen/evaluation/gpu4_1790338226644298806/episodes/68/COMPLETE.json
discovery_unseen,69,x8F5xyUWy9e,NATIVE,0.0,0.0,69,projects/qwen35_indoor_nav/research/continuation_memory_v1/strong_backbone_recovery_v1/recovery_action_v1/runs/action_001/unseen/evaluation/gpu4_1790338226644298806/episodes/69/NATIVE/TRACE.jsonl,dd7a4e3afd81ddcc574200681ab300159da3313b63ebcc373ccfff4d8b3d847b,projects/qwen35_indoor_nav/research/continuation_memory_v1/strong_backbone_recovery_v1/recovery_action_v1/runs/action_001/unseen/evaluation/gpu4_1790338226644298806/episodes/69/COMPLETE.json
discovery_unseen,69,x8F5xyUWy9e,EVIDENCE,0.0,0.0,75,projects/qwen35_indoor_nav/research/continuation_memory_v1/strong_backbone_recovery_v1/recovery_action_v1/runs/action_001/unseen/evaluation/gpu4_1790338226644298806/episodes/69/EVIDENCE/TRACE.jsonl,d4758439a1091c7a15ab0ecca341393d3893aaf283039cf5db3caa50ac66d22a,projects/qwen35_indoor_nav/research/continuation_memory_v1/strong_backbone_recovery_v1/recovery_action_v1/runs/action_001/unseen/evaluation/gpu4_1790338226644298806/episodes/69/COMPLETE.json
discovery_unseen,69,x8F5xyUWy9e,CONCAT,0.0,0.0,71,projects/qwen35_indoor_nav/research/continuation_memory_v1/strong_backbone_recovery_v1/recovery_action_v1/runs/action_001/unseen/evaluation/gpu4_1790338226644298806/episodes/69/CONCAT/TRACE.jsonl,cd182e5675ca8bdc74e3ea122189ebbdf75fcdfb2160682acd6f1266383f5be7,projects/qwen35_indoor_nav/research/continuation_memory_v1/strong_backbone_recovery_v1/recovery_action_v1/runs/action_001/unseen/evaluation/gpu4_1790338226644298806/episodes/69/COMPLETE.json
discovery_unseen,70,zsNo4HB9uLZ,NATIVE,0.0,0.0,32,projects/qwen35_indoor_nav/research/continuation_memory_v1/strong_backbone_recovery_v1/recovery_action_v1/runs/action_001/unseen/evaluation/gpu4_1790338226644298806/episodes/70/NATIVE/TRACE.jsonl,822f52bc52081bdb24d28d63623163476d68c0ab8b23f478947574eb103a9727,projects/qwen35_indoor_nav/research/continuation_memory_v1/strong_backbone_recovery_v1/recovery_action_v1/runs/action_001/unseen/evaluation/gpu4_1790338226644298806/episodes/70/COMPLETE.json
discovery_unseen,70,zsNo4HB9uLZ,CONCAT,0.0,0.0,32,projects/qwen35_indoor_nav/research/continuation_memory_v1/strong_backbone_recovery_v1/recovery_action_v1/runs/action_001/unseen/evaluation/gpu4_1790338226644298806/episodes/70/CONCAT/TRACE.jsonl,2e82979e1980611216b2a881a19eb2430ab2eb0a0537055e377bf1d8840fb569,projects/qwen35_indoor_nav/research/continuation_memory_v1/strong_backbone_recovery_v1/recovery_action_v1/runs/action_001/unseen/evaluation/gpu4_1790338226644298806/episodes/70/COMPLETE.json
discovery_unseen,70,zsNo4HB9uLZ,EVIDENCE,0.0,0.0,32,projects/qwen35_indoor_nav/research/continuation_memory_v1/strong_backbone_recovery_v1/recovery_action_v1/runs/action_001/unseen/evaluation/gpu4_1790338226644298806/episodes/70/EVIDENCE/TRACE.jsonl,c8f2fb2034a7d59f0c04749b4a271107eb0b0aaf15c3d3252fd20550fc99dfed,projects/qwen35_indoor_nav/research/continuation_memory_v1/strong_backbone_recovery_v1/recovery_action_v1/runs/action_001/unseen/evaluation/gpu4_1790338226644298806/episodes/70/COMPLETE.json
discovery_unseen,71,2azQ1b91cZZ,NATIVE,0.0,0.0,56,projects/qwen35_indoor_nav/research/continuation_memory_v1/strong_backbone_recovery_v1/recovery_action_v1/runs/action_001/unseen/evaluation/gpu4_1790338226644298806/episodes/71/NATIVE/TRACE.jsonl,bd438ffcae401fbaea000000253b6fe4d2a51a5aff2b0f13bfa789511ad04cc4,projects/qwen35_indoor_nav/research/continuation_memory_v1/strong_backbone_recovery_v1/recovery_action_v1/runs/action_001/unseen/evaluation/gpu4_1790338226644298806/episodes/71/COMPLETE.json
discovery_unseen,71,2azQ1b91cZZ,EVIDENCE,0.0,0.0,59,projects/qwen35_indoor_nav/research/continuation_memory_v1/strong_backbone_recovery_v1/recovery_action_v1/runs/action_001/unseen/evaluation/gpu4_1790338226644298806/episodes/71/EVIDENCE/TRACE.jsonl,08afe028da90f1ebf6fd2256376c07e6f010c9abaeeceeb9870e6a89bc5cd5dc,projects/qwen35_indoor_nav/research/continuation_memory_v1/strong_backbone_recovery_v1/recovery_action_v1/runs/action_001/unseen/evaluation/gpu4_1790338226644298806/episodes/71/COMPLETE.json
discovery_unseen,71,2azQ1b91cZZ,CONCAT,0.0,0.0,59,projects/qwen35_indoor_nav/research/continuation_memory_v1/strong_backbone_recovery_v1/recovery_action_v1/runs/action_001/unseen/evaluation/gpu4_1790338226644298806/episodes/71/CONCAT/TRACE.jsonl,39bec2c7947d0790d34e84d2bd52988857a53b59d4b4be3855899e87fcf2af8b,projects/qwen35_indoor_nav/research/continuation_memory_v1/strong_backbone_recovery_v1/recovery_action_v1/runs/action_001/unseen/evaluation/gpu4_1790338226644298806/episodes/71/COMPLETE.json
discovery_unseen,72,QUCTc6BB5sX,NATIVE,1.0,0.9395482161288418,60,projects/qwen35_indoor_nav/research/continuation_memory_v1/strong_backbone_recovery_v1/recovery_action_v1/runs/action_001/unseen/evaluation/gpu4_1790338226644298806/episodes/72/NATIVE/TRACE.jsonl,c15ad196ab233141880ef745e6465a0f8362945a77fcb2746f6cbaf23f6cb022,projects/qwen35_indoor_nav/research/continuation_memory_v1/strong_backbone_recovery_v1/recovery_action_v1/runs/action_001/unseen/evaluation/gpu4_1790338226644298806/episodes/72/COMPLETE.json
discovery_unseen,72,QUCTc6BB5sX,CONCAT,1.0,0.9395482161288418,60,projects/qwen35_indoor_nav/research/continuation_memory_v1/strong_backbone_recovery_v1/recovery_action_v1/runs/action_001/unseen/evaluation/gpu4_1790338226644298806/episodes/72/CONCAT/TRACE.jsonl,f89dd75da43abb4d05fcd05e9a99aac95c529dfab02739e5db0f4a47987276a0,projects/qwen35_indoor_nav/research/continuation_memory_v1/strong_backbone_recovery_v1/recovery_action_v1/runs/action_001/unseen/evaluation/gpu4_1790338226644298806/episodes/72/COMPLETE.json
discovery_unseen,72,QUCTc6BB5sX,EVIDENCE,1.0,0.9395482161288418,60,projects/qwen35_indoor_nav/research/continuation_memory_v1/strong_backbone_recovery_v1/recovery_action_v1/runs/action_001/unseen/evaluation/gpu4_1790338226644298806/episodes/72/EVIDENCE/TRACE.jsonl,bdeb6b448f63f910ad65ee590ac9caa148e9516171e664ab39ff1a6fab3cfb3b,projects/qwen35_indoor_nav/research/continuation_memory_v1/strong_backbone_recovery_v1/recovery_action_v1/runs/action_001/unseen/evaluation/gpu4_1790338226644298806/episodes/72/COMPLETE.json
discovery_unseen,73,TbHJrupSAjP,NATIVE,1.0,0.9822112081220972,41,projects/qwen35_indoor_nav/research/continuation_memory_v1/strong_backbone_recovery_v1/recovery_action_v1/runs/action_001/unseen/evaluation/gpu4_1790338226644298806/episodes/73/NATIVE/TRACE.jsonl,95f552a99f388a94b6d53ef7edf93a426821876c537c166e7874c529a3be135c,projects/qwen35_indoor_nav/research/continuation_memory_v1/strong_backbone_recovery_v1/recovery_action_v1/runs/action_001/unseen/evaluation/gpu4_1790338226644298806/episodes/73/COMPLETE.json
discovery_unseen,73,TbHJrupSAjP,EVIDENCE,1.0,0.9822112081220972,41,projects/qwen35_indoor_nav/research/continuation_memory_v1/strong_backbone_recovery_v1/recovery_action_v1/runs/action_001/unseen/evaluation/gpu4_1790338226644298806/episodes/73/EVIDENCE/TRACE.jsonl,cc792224e86e6519811073fb4b0978aeba09eae7737744c8565377deda293391,projects/qwen35_indoor_nav/research/continuation_memory_v1/strong_backbone_recovery_v1/recovery_action_v1/runs/action_001/unseen/evaluation/gpu4_1790338226644298806/episodes/73/COMPLETE.json
discovery_unseen,73,TbHJrupSAjP,CONCAT,1.0,0.9822112081220972,41,projects/qwen35_indoor_nav/research/continuation_memory_v1/strong_backbone_recovery_v1/recovery_action_v1/runs/action_001/unseen/evaluation/gpu4_1790338226644298806/episodes/73/CONCAT/TRACE.jsonl,d5931d2497094eb4d8f5a8b48bf2f74ce0c1da66538f8a8558ad340953922168,projects/qwen35_indoor_nav/research/continuation_memory_v1/strong_backbone_recovery_v1/recovery_action_v1/runs/action_001/unseen/evaluation/gpu4_1790338226644298806/episodes/73/COMPLETE.json
discovery_unseen,74,X7HyMhZNoso,NATIVE,1.0,1.0,41,projects/qwen35_indoor_nav/research/continuation_memory_v1/strong_backbone_recovery_v1/recovery_action_v1/runs/action_001/unseen/evaluation/gpu4_1790338226644298806/episodes/74/NATIVE/TRACE.jsonl,4b14a1fd435f4e2ad0f2a8c9d830ab7000efa72616d6ec6c516d89ad2ba8a57a,projects/qwen35_indoor_nav/research/continuation_memory_v1/strong_backbone_recovery_v1/recovery_action_v1/runs/action_001/unseen/evaluation/gpu4_1790338226644298806/episodes/74/COMPLETE.json
discovery_unseen,74,X7HyMhZNoso,CONCAT,0.0,0.0,60,projects/qwen35_indoor_nav/research/continuation_memory_v1/strong_backbone_recovery_v1/recovery_action_v1/runs/action_001/unseen/evaluation/gpu4_1790338226644298806/episodes/74/CONCAT/TRACE.jsonl,a34ddb659cbffc3c4e5c253eacf713ea5f67a938c1430cd136a18228962381b7,projects/qwen35_indoor_nav/research/continuation_memory_v1/strong_backbone_recovery_v1/recovery_action_v1/runs/action_001/unseen/evaluation/gpu4_1790338226644298806/episodes/74/COMPLETE.json
discovery_unseen,74,X7HyMhZNoso,EVIDENCE,1.0,0.9434370249854488,46,projects/qwen35_indoor_nav/research/continuation_memory_v1/strong_backbone_recovery_v1/recovery_action_v1/runs/action_001/unseen/evaluation/gpu4_1790338226644298806/episodes/74/EVIDENCE/TRACE.jsonl,3d811b5af66e4ecfe8732d747e8be3abbd9957cd5668648d1dca8e711b1e125e,projects/qwen35_indoor_nav/research/continuation_memory_v1/strong_backbone_recovery_v1/recovery_action_v1/runs/action_001/unseen/evaluation/gpu4_1790338226644298806/episodes/74/COMPLETE.json
discovery_unseen,75,Z6MFQCViBuw,NATIVE,1.0,0.8691631670609636,62,projects/qwen35_indoor_nav/research/continuation_memory_v1/strong_backbone_recovery_v1/recovery_action_v1/runs/action_001/unseen/evaluation/gpu4_1790338226644298806/episodes/75/NATIVE/TRACE.jsonl,98ef3eb06f9dc90db5dd1eecfdf676312c6fae5571a218560869483da55548f6,projects/qwen35_indoor_nav/research/continuation_memory_v1/strong_backbone_recovery_v1/recovery_action_v1/runs/action_001/unseen/evaluation/gpu4_1790338226644298806/episodes/75/COMPLETE.json
discovery_unseen,75,Z6MFQCViBuw,EVIDENCE,1.0,0.8691631670609636,62,projects/qwen35_indoor_nav/research/continuation_memory_v1/strong_backbone_recovery_v1/recovery_action_v1/runs/action_001/unseen/evaluation/gpu4_1790338226644298806/episodes/75/EVIDENCE/TRACE.jsonl,d2604f7c685e159a476c83ad449429d3834f7c31f160106d27ea2c07973f7d80,projects/qwen35_indoor_nav/research/continuation_memory_v1/strong_backbone_recovery_v1/recovery_action_v1/runs/action_001/unseen/evaluation/gpu4_1790338226644298806/episodes/75/COMPLETE.json
discovery_unseen,75,Z6MFQCViBuw,CONCAT,1.0,0.8691631670609636,62,projects/qwen35_indoor_nav/research/continuation_memory_v1/strong_backbone_recovery_v1/recovery_action_v1/runs/action_001/unseen/evaluation/gpu4_1790338226644298806/episodes/75/CONCAT/TRACE.jsonl,454d9986cfe4805cdd0190ada8214fce64130d23771155e3204607f5ce865e69,projects/qwen35_indoor_nav/research/continuation_memory_v1/strong_backbone_recovery_v1/recovery_action_v1/runs/action_001/unseen/evaluation/gpu4_1790338226644298806/episodes/75/COMPLETE.json
discovery_unseen,76,oLBMNvg9in8,NATIVE,1.0,0.8228942780448928,58,projects/qwen35_indoor_nav/research/continuation_memory_v1/strong_backbone_recovery_v1/recovery_action_v1/runs/action_001/unseen/evaluation/gpu4_1790338226644298806/episodes/76/NATIVE/TRACE.jsonl,a0043032af027dee1da72be9dbe7b86d6524ce5dccd890b8825c4a035e860c74,projects/qwen35_indoor_nav/research/continuation_memory_v1/strong_backbone_recovery_v1/recovery_action_v1/runs/action_001/unseen/evaluation/gpu4_1790338226644298806/episodes/76/COMPLETE.json
discovery_unseen,76,oLBMNvg9in8,CONCAT,1.0,0.8228942780448928,58,projects/qwen35_indoor_nav/research/continuation_memory_v1/strong_backbone_recovery_v1/recovery_action_v1/runs/action_001/unseen/evaluation/gpu4_1790338226644298806/episodes/76/CONCAT/TRACE.jsonl,7d517e3e08145af6478cca735b1008686971e9df88bf48f366db8eacbee91222,projects/qwen35_indoor_nav/research/continuation_memory_v1/strong_backbone_recovery_v1/recovery_action_v1/runs/action_001/unseen/evaluation/gpu4_1790338226644298806/episodes/76/COMPLETE.json
discovery_unseen,76,oLBMNvg9in8,EVIDENCE,1.0,0.851838535718331,57,projects/qwen35_indoor_nav/research/continuation_memory_v1/strong_backbone_recovery_v1/recovery_action_v1/runs/action_001/unseen/evaluation/gpu4_1790338226644298806/episodes/76/EVIDENCE/TRACE.jsonl,155be810ebc5f0d6481743a307eeb84c9f4b37ab6f350394f30a7156cf072042,projects/qwen35_indoor_nav/research/continuation_memory_v1/strong_backbone_recovery_v1/recovery_action_v1/runs/action_001/unseen/evaluation/gpu4_1790338226644298806/episodes/76/COMPLETE.json
discovery_unseen,77,x8F5xyUWy9e,NATIVE,1.0,1.0,36,projects/qwen35_indoor_nav/research/continuation_memory_v1/strong_backbone_recovery_v1/recovery_action_v1/runs/action_001/unseen/evaluation/gpu4_1790338226644298806/episodes/77/NATIVE/TRACE.jsonl,c7e80c4278f9ca30838413e848c068173f69578fab95739f411b88a12ac55a3e,projects/qwen35_indoor_nav/research/continuation_memory_v1/strong_backbone_recovery_v1/recovery_action_v1/runs/action_001/unseen/evaluation/gpu4_1790338226644298806/episodes/77/COMPLETE.json
discovery_unseen,77,x8F5xyUWy9e,EVIDENCE,1.0,1.0,36,projects/qwen35_indoor_nav/research/continuation_memory_v1/strong_backbone_recovery_v1/recovery_action_v1/runs/action_001/unseen/evaluation/gpu4_1790338226644298806/episodes/77/EVIDENCE/TRACE.jsonl,f540f396647323c92c71b83795eae128775c59228c5b629e8e4fe3a39f4f1361,projects/qwen35_indoor_nav/research/continuation_memory_v1/strong_backbone_recovery_v1/recovery_action_v1/runs/action_001/unseen/evaluation/gpu4_1790338226644298806/episodes/77/COMPLETE.json
discovery_unseen,77,x8F5xyUWy9e,CONCAT,1.0,1.0,36,projects/qwen35_indoor_nav/research/continuation_memory_v1/strong_backbone_recovery_v1/recovery_action_v1/runs/action_001/unseen/evaluation/gpu4_1790338226644298806/episodes/77/CONCAT/TRACE.jsonl,0897fc3658c27709c2618388cf498f0cb31b37c4f0e291435b56bc84de695cec,projects/qwen35_indoor_nav/research/continuation_memory_v1/strong_backbone_recovery_v1/recovery_action_v1/runs/action_001/unseen/evaluation/gpu4_1790338226644298806/episodes/77/COMPLETE.json
discovery_unseen,78,zsNo4HB9uLZ,NATIVE,0.0,0.0,68,projects/qwen35_indoor_nav/research/continuation_memory_v1/strong_backbone_recovery_v1/recovery_action_v1/runs/action_001/unseen/evaluation/gpu4_1790338226644298806/episodes/78/NATIVE/TRACE.jsonl,2ab52ecd6fcfc394614a6052f9b5e8bb74ac71d72dd267d801f9d40f4152e03f,projects/qwen35_indoor_nav/research/continuation_memory_v1/strong_backbone_recovery_v1/recovery_action_v1/runs/action_001/unseen/evaluation/gpu4_1790338226644298806/episodes/78/COMPLETE.json
discovery_unseen,78,zsNo4HB9uLZ,CONCAT,0.0,0.0,88,projects/qwen35_indoor_nav/research/continuation_memory_v1/strong_backbone_recovery_v1/recovery_action_v1/runs/action_001/unseen/evaluation/gpu4_1790338226644298806/episodes/78/CONCAT/TRACE.jsonl,08806a1ca95ae9678787b348ca8cf2bffff16e2f078607118752e4d25a45528f,projects/qwen35_indoor_nav/research/continuation_memory_v1/strong_backbone_recovery_v1/recovery_action_v1/runs/action_001/unseen/evaluation/gpu4_1790338226644298806/episodes/78/COMPLETE.json
discovery_unseen,78,zsNo4HB9uLZ,EVIDENCE,0.0,0.0,69,projects/qwen35_indoor_nav/research/continuation_memory_v1/strong_backbone_recovery_v1/recovery_action_v1/runs/action_001/unseen/evaluation/gpu4_1790338226644298806/episodes/78/EVIDENCE/TRACE.jsonl,5b6906d8c4d935f4323710621038e407faed03232ccd536ef475eb6ae4e1f531,projects/qwen35_indoor_nav/research/continuation_memory_v1/strong_backbone_recovery_v1/recovery_action_v1/runs/action_001/unseen/evaluation/gpu4_1790338226644298806/episodes/78/COMPLETE.json
discovery_unseen,79,2azQ1b91cZZ,NATIVE,1.0,0.7227370992396892,57,projects/qwen35_indoor_nav/research/continuation_memory_v1/strong_backbone_recovery_v1/recovery_action_v1/runs/action_001/unseen/evaluation/gpu4_1790338226644298806/episodes/79/NATIVE/TRACE.jsonl,52198b91c651be1aace5d1f3ba6f3fbef7a3e4519f5e860bb41698b65f6d8bfa,projects/qwen35_indoor_nav/research/continuation_memory_v1/strong_backbone_recovery_v1/recovery_action_v1/runs/action_001/unseen/evaluation/gpu4_1790338226644298806/episodes/79/COMPLETE.json
discovery_unseen,79,2azQ1b91cZZ,EVIDENCE,0.0,0.0,67,projects/qwen35_indoor_nav/research/continuation_memory_v1/strong_backbone_recovery_v1/recovery_action_v1/runs/action_001/unseen/evaluation/gpu4_1790338226644298806/episodes/79/EVIDENCE/TRACE.jsonl,c04daf22c90b9e8c769f5a5182edfa5fbf12bbb47e1ab38452fbb6ece443f8cc,projects/qwen35_indoor_nav/research/continuation_memory_v1/strong_backbone_recovery_v1/recovery_action_v1/runs/action_001/unseen/evaluation/gpu4_1790338226644298806/episodes/79/COMPLETE.json
discovery_unseen,79,2azQ1b91cZZ,CONCAT,1.0,0.5348168868360951,71,projects/qwen35_indoor_nav/research/continuation_memory_v1/strong_backbone_recovery_v1/recovery_action_v1/runs/action_001/unseen/evaluation/gpu4_1790338226644298806/episodes/79/CONCAT/TRACE.jsonl,edcfe7427857872059a6641a65ff536dde7ab5484451e49c71d9cc18c101dc49,projects/qwen35_indoor_nav/research/continuation_memory_v1/strong_backbone_recovery_v1/recovery_action_v1/runs/action_001/unseen/evaluation/gpu4_1790338226644298806/episodes/79/COMPLETE.json
discovery_unseen,192,TbHJrupSAjP,NATIVE,1.0,0.8479473789644152,52,projects/qwen35_indoor_nav/research/continuation_memory_v1/strong_backbone_recovery_v1/recovery_action_v1/runs/action_001/unseen/evaluation/gpu4_1790339823796780282/episodes/192/NATIVE/TRACE.jsonl,41e30dcce29dbb616e7c95064bbafe2e1ec7517b3efa6ab6446712faee78f29a,projects/qwen35_indoor_nav/research/continuation_memory_v1/strong_backbone_recovery_v1/recovery_action_v1/runs/action_001/unseen/evaluation/gpu4_1790339823796780282/episodes/192/COMPLETE.json
discovery_unseen,192,TbHJrupSAjP,CONCAT,1.0,0.8479473789644152,52,projects/qwen35_indoor_nav/research/continuation_memory_v1/strong_backbone_recovery_v1/recovery_action_v1/runs/action_001/unseen/evaluation/gpu4_1790339823796780282/episodes/192/CONCAT/TRACE.jsonl,627952687630f39c30089070d389d99f7bf5740abc49a7b74aedb9ae14c6ea08,projects/qwen35_indoor_nav/research/continuation_memory_v1/strong_backbone_recovery_v1/recovery_action_v1/runs/action_001/unseen/evaluation/gpu4_1790339823796780282/episodes/192/COMPLETE.json
discovery_unseen,192,TbHJrupSAjP,EVIDENCE,1.0,0.8479473789644152,52,projects/qwen35_indoor_nav/research/continuation_memory_v1/strong_backbone_recovery_v1/recovery_action_v1/runs/action_001/unseen/evaluation/gpu4_1790339823796780282/episodes/192/EVIDENCE/TRACE.jsonl,c5a275a8e199c174d0ea7fcd7e69649594436299c1f9c23ac217b22e5ae62730,projects/qwen35_indoor_nav/research/continuation_memory_v1/strong_backbone_recovery_v1/recovery_action_v1/runs/action_001/unseen/evaluation/gpu4_1790339823796780282/episodes/192/COMPLETE.json
discovery_unseen,193,zsNo4HB9uLZ,NATIVE,0.0,0.0,55,projects/qwen35_indoor_nav/research/continuation_memory_v1/strong_backbone_recovery_v1/recovery_action_v1/runs/action_001/unseen/evaluation/gpu4_1790339823796780282/episodes/193/NATIVE/TRACE.jsonl,5773978b0e2cd07123d0c4cbe506a6120cc956082444373c089fda50d30f9856,projects/qwen35_indoor_nav/research/continuation_memory_v1/strong_backbone_recovery_v1/recovery_action_v1/runs/action_001/unseen/evaluation/gpu4_1790339823796780282/episodes/193/COMPLETE.json
discovery_unseen,193,zsNo4HB9uLZ,EVIDENCE,0.0,0.0,55,projects/qwen35_indoor_nav/research/continuation_memory_v1/strong_backbone_recovery_v1/recovery_action_v1/runs/action_001/unseen/evaluation/gpu4_1790339823796780282/episodes/193/EVIDENCE/TRACE.jsonl,cf7095aad637631ae2c13c1abd902fd473f7eb49b1f2443d966c1ba505ea36bc,projects/qwen35_indoor_nav/research/continuation_memory_v1/strong_backbone_recovery_v1/recovery_action_v1/runs/action_001/unseen/evaluation/gpu4_1790339823796780282/episodes/193/COMPLETE.json
discovery_unseen,193,zsNo4HB9uLZ,CONCAT,0.0,0.0,55,projects/qwen35_indoor_nav/research/continuation_memory_v1/strong_backbone_recovery_v1/recovery_action_v1/runs/action_001/unseen/evaluation/gpu4_1790339823796780282/episodes/193/CONCAT/TRACE.jsonl,408eae5536fc2cf2cdc2f7a5646cd1739a7d3e3590f246a55fce9fa8d013fb49,projects/qwen35_indoor_nav/research/continuation_memory_v1/strong_backbone_recovery_v1/recovery_action_v1/runs/action_001/unseen/evaluation/gpu4_1790339823796780282/episodes/193/COMPLETE.json
discovery_unseen,194,TbHJrupSAjP,NATIVE,1.0,0.9681552115383917,29,projects/qwen35_indoor_nav/research/continuation_memory_v1/strong_backbone_recovery_v1/recovery_action_v1/runs/action_001/unseen/evaluation/gpu4_1790339823796780282/episodes/194/NATIVE/TRACE.jsonl,eb39be9f6e513fdbae5b4e98baa260271daa664550e913747d52886227b3d84a,projects/qwen35_indoor_nav/research/continuation_memory_v1/strong_backbone_recovery_v1/recovery_action_v1/runs/action_001/unseen/evaluation/gpu4_1790339823796780282/episodes/194/COMPLETE.json
discovery_unseen,194,TbHJrupSAjP,CONCAT,1.0,0.916368682529598,31,projects/qwen35_indoor_nav/research/continuation_memory_v1/strong_backbone_recovery_v1/recovery_action_v1/runs/action_001/unseen/evaluation/gpu4_1790339823796780282/episodes/194/CONCAT/TRACE.jsonl,a42e11b7ec6ef3fcaa79ca7cba3c6312c3b9c7d609f849f740951021f74f71ed,projects/qwen35_indoor_nav/research/continuation_memory_v1/strong_backbone_recovery_v1/recovery_action_v1/runs/action_001/unseen/evaluation/gpu4_1790339823796780282/episodes/194/COMPLETE.json
discovery_unseen,194,TbHJrupSAjP,EVIDENCE,1.0,0.9681552115383917,29,projects/qwen35_indoor_nav/research/continuation_memory_v1/strong_backbone_recovery_v1/recovery_action_v1/runs/action_001/unseen/evaluation/gpu4_1790339823796780282/episodes/194/EVIDENCE/TRACE.jsonl,36ba0b07997b7e20a9d5af6b59e24088fcc5a04e7a6f4bdf22e54ba4c33f699f,projects/qwen35_indoor_nav/research/continuation_memory_v1/strong_backbone_recovery_v1/recovery_action_v1/runs/action_001/unseen/evaluation/gpu4_1790339823796780282/episodes/194/COMPLETE.json
discovery_unseen,195,zsNo4HB9uLZ,NATIVE,1.0,0.6701894848488824,96,projects/qwen35_indoor_nav/research/continuation_memory_v1/strong_backbone_recovery_v1/recovery_action_v1/runs/action_001/unseen/evaluation/gpu4_1790339823796780282/episodes/195/NATIVE/TRACE.jsonl,e0061714baccc78e766d8133c59b7c912bc97bb1612c195dea2491c3f216ef0c,projects/qwen35_indoor_nav/research/continuation_memory_v1/strong_backbone_recovery_v1/recovery_action_v1/runs/action_001/unseen/evaluation/gpu4_1790339823796780282/episodes/195/COMPLETE.json
discovery_unseen,195,zsNo4HB9uLZ,EVIDENCE,0.0,0.0,63,projects/qwen35_indoor_nav/research/continuation_memory_v1/strong_backbone_recovery_v1/recovery_action_v1/runs/action_001/unseen/evaluation/gpu4_1790339823796780282/episodes/195/EVIDENCE/TRACE.jsonl,c5144740843ea1a6a0aeff5eea49cc20be55cef02b88e6a5ede6834cd029a429,projects/qwen35_indoor_nav/research/continuation_memory_v1/strong_backbone_recovery_v1/recovery_action_v1/runs/action_001/unseen/evaluation/gpu4_1790339823796780282/episodes/195/COMPLETE.json
discovery_unseen,195,zsNo4HB9uLZ,CONCAT,1.0,0.6912254586818787,93,projects/qwen35_indoor_nav/research/continuation_memory_v1/strong_backbone_recovery_v1/recovery_action_v1/runs/action_001/unseen/evaluation/gpu4_1790339823796780282/episodes/195/CONCAT/TRACE.jsonl,734c6e6b25ade3de8b45b0092443fd98d304d0051e21a030c491c8b1ab767076,projects/qwen35_indoor_nav/research/continuation_memory_v1/strong_backbone_recovery_v1/recovery_action_v1/runs/action_001/unseen/evaluation/gpu4_1790339823796780282/episodes/195/COMPLETE.json
discovery_unseen,196,zsNo4HB9uLZ,NATIVE,0.0,0.0,108,projects/qwen35_indoor_nav/research/continuation_memory_v1/strong_backbone_recovery_v1/recovery_action_v1/runs/action_001/unseen/evaluation/gpu4_1790339823796780282/episodes/196/NATIVE/TRACE.jsonl,39d257a8695570885372bdc965aeee81dbc0fe58c05ed90daa8a4d5604037c56,projects/qwen35_indoor_nav/research/continuation_memory_v1/strong_backbone_recovery_v1/recovery_action_v1/runs/action_001/unseen/evaluation/gpu4_1790339823796780282/episodes/196/COMPLETE.json
discovery_unseen,196,zsNo4HB9uLZ,CONCAT,0.0,0.0,106,projects/qwen35_indoor_nav/research/continuation_memory_v1/strong_backbone_recovery_v1/recovery_action_v1/runs/action_001/unseen/evaluation/gpu4_1790339823796780282/episodes/196/CONCAT/TRACE.jsonl,f78b584de07dd0cc6b6d1a092554ffd2756f849dae5b6b42f457315a3195b185,projects/qwen35_indoor_nav/research/continuation_memory_v1/strong_backbone_recovery_v1/recovery_action_v1/runs/action_001/unseen/evaluation/gpu4_1790339823796780282/episodes/196/COMPLETE.json
discovery_unseen,196,zsNo4HB9uLZ,EVIDENCE,0.0,0.0,129,projects/qwen35_indoor_nav/research/continuation_memory_v1/strong_backbone_recovery_v1/recovery_action_v1/runs/action_001/unseen/evaluation/gpu4_1790339823796780282/episodes/196/EVIDENCE/TRACE.jsonl,bd9d3d3898e4e26ff311f96b24c909222b725cb96b36386feeccfd48dd31092e,projects/qwen35_indoor_nav/research/continuation_memory_v1/strong_backbone_recovery_v1/recovery_action_v1/runs/action_001/unseen/evaluation/gpu4_1790339823796780282/episodes/196/COMPLETE.json
discovery_unseen,197,zsNo4HB9uLZ,NATIVE,0.0,0.0,59,projects/qwen35_indoor_nav/research/continuation_memory_v1/strong_backbone_recovery_v1/recovery_action_v1/runs/action_001/unseen/evaluation/gpu4_1790339823796780282/episodes/197/NATIVE/TRACE.jsonl,6f7b29a4935352870e2b491bdab5b4467dba8bc09bcf70a095814d512d977aca,projects/qwen35_indoor_nav/research/continuation_memory_v1/strong_backbone_recovery_v1/recovery_action_v1/runs/action_001/unseen/evaluation/gpu4_1790339823796780282/episodes/197/COMPLETE.json
discovery_unseen,197,zsNo4HB9uLZ,EVIDENCE,0.0,0.0,61,projects/qwen35_indoor_nav/research/continuation_memory_v1/strong_backbone_recovery_v1/recovery_action_v1/runs/action_001/unseen/evaluation/gpu4_1790339823796780282/episodes/197/EVIDENCE/TRACE.jsonl,2fa281120ae082d4fbffae084a126e65e988b4de45f66410c1dd87707ab7c355,projects/qwen35_indoor_nav/research/continuation_memory_v1/strong_backbone_recovery_v1/recovery_action_v1/runs/action_001/unseen/evaluation/gpu4_1790339823796780282/episodes/197/COMPLETE.json
discovery_unseen,197,zsNo4HB9uLZ,CONCAT,0.0,0.0,63,projects/qwen35_indoor_nav/research/continuation_memory_v1/strong_backbone_recovery_v1/recovery_action_v1/runs/action_001/unseen/evaluation/gpu4_1790339823796780282/episodes/197/CONCAT/TRACE.jsonl,a22e0c8d551700e5561ec32ca6bca5c2e4bcdc69535d81896627c01780250279,projects/qwen35_indoor_nav/research/continuation_memory_v1/strong_backbone_recovery_v1/recovery_action_v1/runs/action_001/unseen/evaluation/gpu4_1790339823796780282/episodes/197/COMPLETE.json
discovery_unseen,198,zsNo4HB9uLZ,NATIVE,0.0,0.0,82,projects/qwen35_indoor_nav/research/continuation_memory_v1/strong_backbone_recovery_v1/recovery_action_v1/runs/action_001/unseen/evaluation/gpu4_1790339823796780282/episodes/198/NATIVE/TRACE.jsonl,507bb38485ead83bd9e2876f78933f0b97afb6b5d2f6d3b0f1b173606ff0522f,projects/qwen35_indoor_nav/research/continuation_memory_v1/strong_backbone_recovery_v1/recovery_action_v1/runs/action_001/unseen/evaluation/gpu4_1790339823796780282/episodes/198/COMPLETE.json
discovery_unseen,198,zsNo4HB9uLZ,CONCAT,0.0,0.0,93,projects/qwen35_indoor_nav/research/continuation_memory_v1/strong_backbone_recovery_v1/recovery_action_v1/runs/action_001/unseen/evaluation/gpu4_1790339823796780282/episodes/198/CONCAT/TRACE.jsonl,ad4085679492cbcc8317e98cf450b5d6c7f56728ad1c6e9a7b8da07b7be6336a,projects/qwen35_indoor_nav/research/continuation_memory_v1/strong_backbone_recovery_v1/recovery_action_v1/runs/action_001/unseen/evaluation/gpu4_1790339823796780282/episodes/198/COMPLETE.json
discovery_unseen,198,zsNo4HB9uLZ,EVIDENCE,0.0,0.0,82,projects/qwen35_indoor_nav/research/continuation_memory_v1/strong_backbone_recovery_v1/recovery_action_v1/runs/action_001/unseen/evaluation/gpu4_1790339823796780282/episodes/198/EVIDENCE/TRACE.jsonl,aebbf5d65323601104abb5c718df242ab955698c88f54ce209b678e131ec20e4,projects/qwen35_indoor_nav/research/continuation_memory_v1/strong_backbone_recovery_v1/recovery_action_v1/runs/action_001/unseen/evaluation/gpu4_1790339823796780282/episodes/198/COMPLETE.json
discovery_unseen,199,zsNo4HB9uLZ,NATIVE,1.0,1.0,39,projects/qwen35_indoor_nav/research/continuation_memory_v1/strong_backbone_recovery_v1/recovery_action_v1/runs/action_001/unseen/evaluation/gpu4_1790339823796780282/episodes/199/NATIVE/TRACE.jsonl,17bfb0a349147e717af921a1970f792281f041815c27230bbb61d72c3993b770,projects/qwen35_indoor_nav/research/continuation_memory_v1/strong_backbone_recovery_v1/recovery_action_v1/runs/action_001/unseen/evaluation/gpu4_1790339823796780282/episodes/199/COMPLETE.json
discovery_unseen,199,zsNo4HB9uLZ,EVIDENCE,1.0,1.0,38,projects/qwen35_indoor_nav/research/continuation_memory_v1/strong_backbone_recovery_v1/recovery_action_v1/runs/action_001/unseen/evaluation/gpu4_1790339823796780282/episodes/199/EVIDENCE/TRACE.jsonl,2d713ee7d49dd8606654742ec7305d1b0560bc1070583d74a164e39d530e591d,projects/qwen35_indoor_nav/research/continuation_memory_v1/strong_backbone_recovery_v1/recovery_action_v1/runs/action_001/unseen/evaluation/gpu4_1790339823796780282/episodes/199/COMPLETE.json
discovery_unseen,199,zsNo4HB9uLZ,CONCAT,1.0,1.0,38,projects/qwen35_indoor_nav/research/continuation_memory_v1/strong_backbone_recovery_v1/recovery_action_v1/runs/action_001/unseen/evaluation/gpu4_1790339823796780282/episodes/199/CONCAT/TRACE.jsonl,7e7956c80176b8db94f6482e6cde1c4861fc1eb76c13b6bd903499933969f2a9,projects/qwen35_indoor_nav/research/continuation_memory_v1/strong_backbone_recovery_v1/recovery_action_v1/runs/action_001/unseen/evaluation/gpu4_1790339823796780282/episodes/199/COMPLETE.json
discovery_unseen,80,QUCTc6BB5sX,NATIVE,1.0,1.0,76,projects/qwen35_indoor_nav/research/continuation_memory_v1/strong_backbone_recovery_v1/recovery_action_v1/runs/action_001/unseen/evaluation/gpu5_1790338226790567483/episodes/80/NATIVE/TRACE.jsonl,8fd8bbd91ea9177c1c57eac96aa0107fecb32d027956577d9658da612d76e603,projects/qwen35_indoor_nav/research/continuation_memory_v1/strong_backbone_recovery_v1/recovery_action_v1/runs/action_001/unseen/evaluation/gpu5_1790338226790567483/episodes/80/COMPLETE.json
discovery_unseen,80,QUCTc6BB5sX,CONCAT,1.0,1.0,76,projects/qwen35_indoor_nav/research/continuation_memory_v1/strong_backbone_recovery_v1/recovery_action_v1/runs/action_001/unseen/evaluation/gpu5_1790338226790567483/episodes/80/CONCAT/TRACE.jsonl,08d66332df0a4ab26e7e0e4eb37acd62d1da9b006e028d237a1ceecf8c36bd09,projects/qwen35_indoor_nav/research/continuation_memory_v1/strong_backbone_recovery_v1/recovery_action_v1/runs/action_001/unseen/evaluation/gpu5_1790338226790567483/episodes/80/COMPLETE.json
discovery_unseen,80,QUCTc6BB5sX,EVIDENCE,0.0,0.0,417,projects/qwen35_indoor_nav/research/continuation_memory_v1/strong_backbone_recovery_v1/recovery_action_v1/runs/action_001/unseen/evaluation/gpu5_1790338226790567483/episodes/80/EVIDENCE/TRACE.jsonl,45f541e41c4ca91625176d5bcaf6f118d8991c9b9a5f4677972692daee2ab34e,projects/qwen35_indoor_nav/research/continuation_memory_v1/strong_backbone_recovery_v1/recovery_action_v1/runs/action_001/unseen/evaluation/gpu5_1790338226790567483/episodes/80/COMPLETE.json
discovery_unseen,81,TbHJrupSAjP,NATIVE,1.0,1.0,56,projects/qwen35_indoor_nav/research/continuation_memory_v1/strong_backbone_recovery_v1/recovery_action_v1/runs/action_001/unseen/evaluation/gpu5_1790338226790567483/episodes/81/NATIVE/TRACE.jsonl,2401900692d50c629787afd71633067281b2f005b2d8c9d82ef2d2b3aae680ab,projects/qwen35_indoor_nav/research/continuation_memory_v1/strong_backbone_recovery_v1/recovery_action_v1/runs/action_001/unseen/evaluation/gpu5_1790338226790567483/episodes/81/COMPLETE.json
discovery_unseen,81,TbHJrupSAjP,EVIDENCE,1.0,1.0,57,projects/qwen35_indoor_nav/research/continuation_memory_v1/strong_backbone_recovery_v1/recovery_action_v1/runs/action_001/unseen/evaluation/gpu5_1790338226790567483/episodes/81/EVIDENCE/TRACE.jsonl,4a26d2fc181d9d27243ec1117d20b9b9f8047420bfdb346eca02e08cc5b4b0f0,projects/qwen35_indoor_nav/research/continuation_memory_v1/strong_backbone_recovery_v1/recovery_action_v1/runs/action_001/unseen/evaluation/gpu5_1790338226790567483/episodes/81/COMPLETE.json
discovery_unseen,81,TbHJrupSAjP,CONCAT,1.0,1.0,56,projects/qwen35_indoor_nav/research/continuation_memory_v1/strong_backbone_recovery_v1/recovery_action_v1/runs/action_001/unseen/evaluation/gpu5_1790338226790567483/episodes/81/CONCAT/TRACE.jsonl,2f4a4606c7a032f7da0a2bc0cc6308e06cf41cec15e3e71a3566dbc54435c3ff,projects/qwen35_indoor_nav/research/continuation_memory_v1/strong_backbone_recovery_v1/recovery_action_v1/runs/action_001/unseen/evaluation/gpu5_1790338226790567483/episodes/81/COMPLETE.json
discovery_unseen,82,X7HyMhZNoso,NATIVE,0.0,0.0,44,projects/qwen35_indoor_nav/research/continuation_memory_v1/strong_backbone_recovery_v1/recovery_action_v1/runs/action_001/unseen/evaluation/gpu5_1790338226790567483/episodes/82/NATIVE/TRACE.jsonl,7987223df84c3ff98b5421e3f75d0ebbbf4bc3c69cab79bb51c0e01241ba825f,projects/qwen35_indoor_nav/research/continuation_memory_v1/strong_backbone_recovery_v1/recovery_action_v1/runs/action_001/unseen/evaluation/gpu5_1790338226790567483/episodes/82/COMPLETE.json
discovery_unseen,82,X7HyMhZNoso,CONCAT,0.0,0.0,44,projects/qwen35_indoor_nav/research/continuation_memory_v1/strong_backbone_recovery_v1/recovery_action_v1/runs/action_001/unseen/evaluation/gpu5_1790338226790567483/episodes/82/CONCAT/TRACE.jsonl,41dfa44d18b60d6739b0a900e4c6b0767eccbcce8bbd552883a2e1e331b38775,projects/qwen35_indoor_nav/research/continuation_memory_v1/strong_backbone_recovery_v1/recovery_action_v1/runs/action_001/unseen/evaluation/gpu5_1790338226790567483/episodes/82/COMPLETE.json
discovery_unseen,82,X7HyMhZNoso,EVIDENCE,0.0,0.0,44,projects/qwen35_indoor_nav/research/continuation_memory_v1/strong_backbone_recovery_v1/recovery_action_v1/runs/action_001/unseen/evaluation/gpu5_1790338226790567483/episodes/82/EVIDENCE/TRACE.jsonl,c7f31d273bc46790cfb396bdc235237ae14667691dca796f7b60f329d699b7e0,projects/qwen35_indoor_nav/research/continuation_memory_v1/strong_backbone_recovery_v1/recovery_action_v1/runs/action_001/unseen/evaluation/gpu5_1790338226790567483/episodes/82/COMPLETE.json
discovery_unseen,83,Z6MFQCViBuw,NATIVE,1.0,0.989260386396445,41,projects/qwen35_indoor_nav/research/continuation_memory_v1/strong_backbone_recovery_v1/recovery_action_v1/runs/action_001/unseen/evaluation/gpu5_1790338226790567483/episodes/83/NATIVE/TRACE.jsonl,175850fa84df1040800402b5c747ccbc14a2d8e0dede8792a6b040a57f27dc68,projects/qwen35_indoor_nav/research/continuation_memory_v1/strong_backbone_recovery_v1/recovery_action_v1/runs/action_001/unseen/evaluation/gpu5_1790338226790567483/episodes/83/COMPLETE.json
discovery_unseen,83,Z6MFQCViBuw,EVIDENCE,1.0,0.989260386396445,41,projects/qwen35_indoor_nav/research/continuation_memory_v1/strong_backbone_recovery_v1/recovery_action_v1/runs/action_001/unseen/evaluation/gpu5_1790338226790567483/episodes/83/EVIDENCE/TRACE.jsonl,f5f067eb2aea1717eeea861f23a8e1ba08707f9de63252fde7fef7dbeb6a42fb,projects/qwen35_indoor_nav/research/continuation_memory_v1/strong_backbone_recovery_v1/recovery_action_v1/runs/action_001/unseen/evaluation/gpu5_1790338226790567483/episodes/83/COMPLETE.json
discovery_unseen,83,Z6MFQCViBuw,CONCAT,1.0,0.989260386396445,41,projects/qwen35_indoor_nav/research/continuation_memory_v1/strong_backbone_recovery_v1/recovery_action_v1/runs/action_001/unseen/evaluation/gpu5_1790338226790567483/episodes/83/CONCAT/TRACE.jsonl,55e19226ab9559ad65339436fc1870cb5b30822b0edee64e2717d921002b8191,projects/qwen35_indoor_nav/research/continuation_memory_v1/strong_backbone_recovery_v1/recovery_action_v1/runs/action_001/unseen/evaluation/gpu5_1790338226790567483/episodes/83/COMPLETE.json
discovery_unseen,84,oLBMNvg9in8,NATIVE,1.0,0.8622940649433055,70,projects/qwen35_indoor_nav/research/continuation_memory_v1/strong_backbone_recovery_v1/recovery_action_v1/runs/action_001/unseen/evaluation/gpu5_1790338226790567483/episodes/84/NATIVE/TRACE.jsonl,767d63decf7fd6de81303cbd7a7f9e879120064744a89f62ef9bf6aaea4de8e3,projects/qwen35_indoor_nav/research/continuation_memory_v1/strong_backbone_recovery_v1/recovery_action_v1/runs/action_001/unseen/evaluation/gpu5_1790338226790567483/episodes/84/COMPLETE.json
discovery_unseen,84,oLBMNvg9in8,CONCAT,1.0,0.7977156636140819,75,projects/qwen35_indoor_nav/research/continuation_memory_v1/strong_backbone_recovery_v1/recovery_action_v1/runs/action_001/unseen/evaluation/gpu5_1790338226790567483/episodes/84/CONCAT/TRACE.jsonl,73e501570cb8c9968cf67cfac682ba48f6e37361c7407515362710416b053075,projects/qwen35_indoor_nav/research/continuation_memory_v1/strong_backbone_recovery_v1/recovery_action_v1/runs/action_001/unseen/evaluation/gpu5_1790338226790567483/episodes/84/COMPLETE.json
discovery_unseen,84,oLBMNvg9in8,EVIDENCE,1.0,0.7977157312712135,77,projects/qwen35_indoor_nav/research/continuation_memory_v1/strong_backbone_recovery_v1/recovery_action_v1/runs/action_001/unseen/evaluation/gpu5_1790338226790567483/episodes/84/EVIDENCE/TRACE.jsonl,a7241f59781859b93d80fb9f344a0799b84d7871bb9268300a108ea656001c29,projects/qwen35_indoor_nav/research/continuation_memory_v1/strong_backbone_recovery_v1/recovery_action_v1/runs/action_001/unseen/evaluation/gpu5_1790338226790567483/episodes/84/COMPLETE.json
discovery_unseen,85,x8F5xyUWy9e,NATIVE,1.0,1.0,47,projects/qwen35_indoor_nav/research/continuation_memory_v1/strong_backbone_recovery_v1/recovery_action_v1/runs/action_001/unseen/evaluation/gpu5_1790338226790567483/episodes/85/NATIVE/TRACE.jsonl,a0c67efaf75628567fd2531d36dc8050ca0489f544d058995844bd83322cb3f6,projects/qwen35_indoor_nav/research/continuation_memory_v1/strong_backbone_recovery_v1/recovery_action_v1/runs/action_001/unseen/evaluation/gpu5_1790338226790567483/episodes/85/COMPLETE.json
discovery_unseen,85,x8F5xyUWy9e,EVIDENCE,1.0,1.0,47,projects/qwen35_indoor_nav/research/continuation_memory_v1/strong_backbone_recovery_v1/recovery_action_v1/runs/action_001/unseen/evaluation/gpu5_1790338226790567483/episodes/85/EVIDENCE/TRACE.jsonl,7addf76fe67725066ae3f1190d5ad0e32ffb48ce4c488162faf2916d42e3a8ea,projects/qwen35_indoor_nav/research/continuation_memory_v1/strong_backbone_recovery_v1/recovery_action_v1/runs/action_001/unseen/evaluation/gpu5_1790338226790567483/episodes/85/COMPLETE.json
discovery_unseen,85,x8F5xyUWy9e,CONCAT,1.0,1.0,47,projects/qwen35_indoor_nav/research/continuation_memory_v1/strong_backbone_recovery_v1/recovery_action_v1/runs/action_001/unseen/evaluation/gpu5_1790338226790567483/episodes/85/CONCAT/TRACE.jsonl,479e54055d8caa33ae6c054247988fcee7624d3f2a76106acfd514146d1634a3,projects/qwen35_indoor_nav/research/continuation_memory_v1/strong_backbone_recovery_v1/recovery_action_v1/runs/action_001/unseen/evaluation/gpu5_1790338226790567483/episodes/85/COMPLETE.json
discovery_unseen,86,zsNo4HB9uLZ,NATIVE,0.0,0.0,109,projects/qwen35_indoor_nav/research/continuation_memory_v1/strong_backbone_recovery_v1/recovery_action_v1/runs/action_001/unseen/evaluation/gpu5_1790338226790567483/episodes/86/NATIVE/TRACE.jsonl,00b83a1b40634983a921f20caaf9bcc422e58973e31fcec64e8119aecbc39936,projects/qwen35_indoor_nav/research/continuation_memory_v1/strong_backbone_recovery_v1/recovery_action_v1/runs/action_001/unseen/evaluation/gpu5_1790338226790567483/episodes/86/COMPLETE.json
discovery_unseen,86,zsNo4HB9uLZ,CONCAT,0.0,0.0,109,projects/qwen35_indoor_nav/research/continuation_memory_v1/strong_backbone_recovery_v1/recovery_action_v1/runs/action_001/unseen/evaluation/gpu5_1790338226790567483/episodes/86/CONCAT/TRACE.jsonl,dbeedffe3f283243ea23f4b955f859661403d56e819dbb29110d4601135f14d9,projects/qwen35_indoor_nav/research/continuation_memory_v1/strong_backbone_recovery_v1/recovery_action_v1/runs/action_001/unseen/evaluation/gpu5_1790338226790567483/episodes/86/COMPLETE.json
discovery_unseen,86,zsNo4HB9uLZ,EVIDENCE,0.0,0.0,65,projects/qwen35_indoor_nav/research/continuation_memory_v1/strong_backbone_recovery_v1/recovery_action_v1/runs/action_001/unseen/evaluation/gpu5_1790338226790567483/episodes/86/EVIDENCE/TRACE.jsonl,d8b0433f8db0f1d32bfcafba91daf4fb3d66593229115b9335c1dee8e6d949a2,projects/qwen35_indoor_nav/research/continuation_memory_v1/strong_backbone_recovery_v1/recovery_action_v1/runs/action_001/unseen/evaluation/gpu5_1790338226790567483/episodes/86/COMPLETE.json
discovery_unseen,87,2azQ1b91cZZ,NATIVE,0.0,0.0,45,projects/qwen35_indoor_nav/research/continuation_memory_v1/strong_backbone_recovery_v1/recovery_action_v1/runs/action_001/unseen/evaluation/gpu5_1790338226790567483/episodes/87/NATIVE/TRACE.jsonl,ac38ed4de35d29427801536a11e5bc026bd6366d6baa036c8415a2b98dbaf756,projects/qwen35_indoor_nav/research/continuation_memory_v1/strong_backbone_recovery_v1/recovery_action_v1/runs/action_001/unseen/evaluation/gpu5_1790338226790567483/episodes/87/COMPLETE.json
discovery_unseen,87,2azQ1b91cZZ,EVIDENCE,0.0,0.0,73,projects/qwen35_indoor_nav/research/continuation_memory_v1/strong_backbone_recovery_v1/recovery_action_v1/runs/action_001/unseen/evaluation/gpu5_1790338226790567483/episodes/87/EVIDENCE/TRACE.jsonl,41cecfd21c90f3d8d1a846f708c846a7f04c3f2b0ac4089443875e3a5a5fdfa2,projects/qwen35_indoor_nav/research/continuation_memory_v1/strong_backbone_recovery_v1/recovery_action_v1/runs/action_001/unseen/evaluation/gpu5_1790338226790567483/episodes/87/COMPLETE.json
discovery_unseen,87,2azQ1b91cZZ,CONCAT,0.0,0.0,72,projects/qwen35_indoor_nav/research/continuation_memory_v1/strong_backbone_recovery_v1/recovery_action_v1/runs/action_001/unseen/evaluation/gpu5_1790338226790567483/episodes/87/CONCAT/TRACE.jsonl,a56037f48129c8b22b9dcbf3e498320363ce944754bc3cbb9914cfd5f74be9a7,projects/qwen35_indoor_nav/research/continuation_memory_v1/strong_backbone_recovery_v1/recovery_action_v1/runs/action_001/unseen/evaluation/gpu5_1790338226790567483/episodes/87/COMPLETE.json
discovery_unseen,88,QUCTc6BB5sX,NATIVE,1.0,0.6969411500283901,75,projects/qwen35_indoor_nav/research/continuation_memory_v1/strong_backbone_recovery_v1/recovery_action_v1/runs/action_001/unseen/evaluation/gpu5_1790338226790567483/episodes/88/NATIVE/TRACE.jsonl,56efb20ffb80bff22d72d3196ea4b1cd2fa5814c6a4fe58a0fbed5ecbcdc4c8f,projects/qwen35_indoor_nav/research/continuation_memory_v1/strong_backbone_recovery_v1/recovery_action_v1/runs/action_001/unseen/evaluation/gpu5_1790338226790567483/episodes/88/COMPLETE.json
discovery_unseen,88,QUCTc6BB5sX,CONCAT,1.0,0.6968575232199319,79,projects/qwen35_indoor_nav/research/continuation_memory_v1/strong_backbone_recovery_v1/recovery_action_v1/runs/action_001/unseen/evaluation/gpu5_1790338226790567483/episodes/88/CONCAT/TRACE.jsonl,5a8bf618e07c4015e1b63434b1aec4d78c800d6640d05c52ef9124d8b23f0a5f,projects/qwen35_indoor_nav/research/continuation_memory_v1/strong_backbone_recovery_v1/recovery_action_v1/runs/action_001/unseen/evaluation/gpu5_1790338226790567483/episodes/88/COMPLETE.json
discovery_unseen,88,QUCTc6BB5sX,EVIDENCE,1.0,0.796519438674175,73,projects/qwen35_indoor_nav/research/continuation_memory_v1/strong_backbone_recovery_v1/recovery_action_v1/runs/action_001/unseen/evaluation/gpu5_1790338226790567483/episodes/88/EVIDENCE/TRACE.jsonl,16d87d7d835ff9f1946d5aa372688e7d16a9b1e7ae14ba75ebb345f26f208047,projects/qwen35_indoor_nav/research/continuation_memory_v1/strong_backbone_recovery_v1/recovery_action_v1/runs/action_001/unseen/evaluation/gpu5_1790338226790567483/episodes/88/COMPLETE.json
discovery_unseen,89,TbHJrupSAjP,NATIVE,0.0,0.0,83,projects/qwen35_indoor_nav/research/continuation_memory_v1/strong_backbone_recovery_v1/recovery_action_v1/runs/action_001/unseen/evaluation/gpu5_1790338226790567483/episodes/89/NATIVE/TRACE.jsonl,37f1057c972bd6267ef5e7a4367d17c3509d3d287fa9bbfd6996d82f0f0dc923,projects/qwen35_indoor_nav/research/continuation_memory_v1/strong_backbone_recovery_v1/recovery_action_v1/runs/action_001/unseen/evaluation/gpu5_1790338226790567483/episodes/89/COMPLETE.json
discovery_unseen,89,TbHJrupSAjP,EVIDENCE,1.0,1.0,79,projects/qwen35_indoor_nav/research/continuation_memory_v1/strong_backbone_recovery_v1/recovery_action_v1/runs/action_001/unseen/evaluation/gpu5_1790338226790567483/episodes/89/EVIDENCE/TRACE.jsonl,5aba72068778d6079ce1be8d66ddab09c905085e95b5c2b9deacd201abc5b75b,projects/qwen35_indoor_nav/research/continuation_memory_v1/strong_backbone_recovery_v1/recovery_action_v1/runs/action_001/unseen/evaluation/gpu5_1790338226790567483/episodes/89/COMPLETE.json
discovery_unseen,89,TbHJrupSAjP,CONCAT,0.0,0.0,81,projects/qwen35_indoor_nav/research/continuation_memory_v1/strong_backbone_recovery_v1/recovery_action_v1/runs/action_001/unseen/evaluation/gpu5_1790338226790567483/episodes/89/CONCAT/TRACE.jsonl,ebf75a65321ae5db1d7a3e1bf14d2e2b109590d0b1f5f8d17729d9c83ea091bb,projects/qwen35_indoor_nav/research/continuation_memory_v1/strong_backbone_recovery_v1/recovery_action_v1/runs/action_001/unseen/evaluation/gpu5_1790338226790567483/episodes/89/COMPLETE.json
discovery_unseen,90,X7HyMhZNoso,NATIVE,1.0,1.0,50,projects/qwen35_indoor_nav/research/continuation_memory_v1/strong_backbone_recovery_v1/recovery_action_v1/runs/action_001/unseen/evaluation/gpu5_1790338226790567483/episodes/90/NATIVE/TRACE.jsonl,18f60d28f6b0e2da0c6c6facd44af2c3c2321b119cbf9cecb0fb8cf8d9c92df4,projects/qwen35_indoor_nav/research/continuation_memory_v1/strong_backbone_recovery_v1/recovery_action_v1/runs/action_001/unseen/evaluation/gpu5_1790338226790567483/episodes/90/COMPLETE.json
discovery_unseen,90,X7HyMhZNoso,CONCAT,1.0,1.0,50,projects/qwen35_indoor_nav/research/continuation_memory_v1/strong_backbone_recovery_v1/recovery_action_v1/runs/action_001/unseen/evaluation/gpu5_1790338226790567483/episodes/90/CONCAT/TRACE.jsonl,b6609f5f405a6bcfce643acd6b4c13832536b4174348d05b81196eeb6cab0c2b,projects/qwen35_indoor_nav/research/continuation_memory_v1/strong_backbone_recovery_v1/recovery_action_v1/runs/action_001/unseen/evaluation/gpu5_1790338226790567483/episodes/90/COMPLETE.json
discovery_unseen,90,X7HyMhZNoso,EVIDENCE,1.0,1.0,50,projects/qwen35_indoor_nav/research/continuation_memory_v1/strong_backbone_recovery_v1/recovery_action_v1/runs/action_001/unseen/evaluation/gpu5_1790338226790567483/episodes/90/EVIDENCE/TRACE.jsonl,09ef5e6581d6b8249053b7eb8433d9bfef463ad751f97252aff470d3ac79ea26,projects/qwen35_indoor_nav/research/continuation_memory_v1/strong_backbone_recovery_v1/recovery_action_v1/runs/action_001/unseen/evaluation/gpu5_1790338226790567483/episodes/90/COMPLETE.json
discovery_unseen,91,Z6MFQCViBuw,NATIVE,0.0,0.0,41,projects/qwen35_indoor_nav/research/continuation_memory_v1/strong_backbone_recovery_v1/recovery_action_v1/runs/action_001/unseen/evaluation/gpu5_1790338226790567483/episodes/91/NATIVE/TRACE.jsonl,cc4218a57934936d2c3743e58094a691014ca2788457b31bb343c84cdac66927,projects/qwen35_indoor_nav/research/continuation_memory_v1/strong_backbone_recovery_v1/recovery_action_v1/runs/action_001/unseen/evaluation/gpu5_1790338226790567483/episodes/91/COMPLETE.json
discovery_unseen,91,Z6MFQCViBuw,EVIDENCE,0.0,0.0,41,projects/qwen35_indoor_nav/research/continuation_memory_v1/strong_backbone_recovery_v1/recovery_action_v1/runs/action_001/unseen/evaluation/gpu5_1790338226790567483/episodes/91/EVIDENCE/TRACE.jsonl,66966217a833231c4706196a1c57fb1c4f61e596ae5a8a7b782c5b2fc91b5ec8,projects/qwen35_indoor_nav/research/continuation_memory_v1/strong_backbone_recovery_v1/recovery_action_v1/runs/action_001/unseen/evaluation/gpu5_1790338226790567483/episodes/91/COMPLETE.json
discovery_unseen,91,Z6MFQCViBuw,CONCAT,0.0,0.0,42,projects/qwen35_indoor_nav/research/continuation_memory_v1/strong_backbone_recovery_v1/recovery_action_v1/runs/action_001/unseen/evaluation/gpu5_1790338226790567483/episodes/91/CONCAT/TRACE.jsonl,727d078e2152f7a2e647cbcd201e36c33ad2a83b531073b1fc49761fee893ae7,projects/qwen35_indoor_nav/research/continuation_memory_v1/strong_backbone_recovery_v1/recovery_action_v1/runs/action_001/unseen/evaluation/gpu5_1790338226790567483/episodes/91/COMPLETE.json
discovery_unseen,92,oLBMNvg9in8,NATIVE,1.0,0.7462740002911075,89,projects/qwen35_indoor_nav/research/continuation_memory_v1/strong_backbone_recovery_v1/recovery_action_v1/runs/action_001/unseen/evaluation/gpu5_1790338226790567483/episodes/92/NATIVE/TRACE.jsonl,ae14c6ef8e8f2d1ecb7f51a26e07a379756a5a6c46807bbc69a120ac4183d321,projects/qwen35_indoor_nav/research/continuation_memory_v1/strong_backbone_recovery_v1/recovery_action_v1/runs/action_001/unseen/evaluation/gpu5_1790338226790567483/episodes/92/COMPLETE.json
discovery_unseen,92,oLBMNvg9in8,CONCAT,1.0,0.7115905222003254,92,projects/qwen35_indoor_nav/research/continuation_memory_v1/strong_backbone_recovery_v1/recovery_action_v1/runs/action_001/unseen/evaluation/gpu5_1790338226790567483/episodes/92/CONCAT/TRACE.jsonl,befb1627015de3e76fb4c40747f8dc1c35fdde80387872496ba4590c2749e8d1,projects/qwen35_indoor_nav/research/continuation_memory_v1/strong_backbone_recovery_v1/recovery_action_v1/runs/action_001/unseen/evaluation/gpu5_1790338226790567483/episodes/92/COMPLETE.json
discovery_unseen,92,oLBMNvg9in8,EVIDENCE,1.0,0.8513084488093237,89,projects/qwen35_indoor_nav/research/continuation_memory_v1/strong_backbone_recovery_v1/recovery_action_v1/runs/action_001/unseen/evaluation/gpu5_1790338226790567483/episodes/92/EVIDENCE/TRACE.jsonl,6e857b6c34ebaafcc01aabffd154e176cbdf1b29e44ec312856455bcd5a04772,projects/qwen35_indoor_nav/research/continuation_memory_v1/strong_backbone_recovery_v1/recovery_action_v1/runs/action_001/unseen/evaluation/gpu5_1790338226790567483/episodes/92/COMPLETE.json
discovery_unseen,93,x8F5xyUWy9e,NATIVE,1.0,0.937567568966781,56,projects/qwen35_indoor_nav/research/continuation_memory_v1/strong_backbone_recovery_v1/recovery_action_v1/runs/action_001/unseen/evaluation/gpu5_1790338226790567483/episodes/93/NATIVE/TRACE.jsonl,c69b424f11c9b7bb719689c3e2a4d77d9b1a0dcb2ff7c07dc4c3b51060b7e90e,projects/qwen35_indoor_nav/research/continuation_memory_v1/strong_backbone_recovery_v1/recovery_action_v1/runs/action_001/unseen/evaluation/gpu5_1790338226790567483/episodes/93/COMPLETE.json
discovery_unseen,93,x8F5xyUWy9e,EVIDENCE,1.0,0.937567568966781,56,projects/qwen35_indoor_nav/research/continuation_memory_v1/strong_backbone_recovery_v1/recovery_action_v1/runs/action_001/unseen/evaluation/gpu5_1790338226790567483/episodes/93/EVIDENCE/TRACE.jsonl,3cffa02fc0b8ed4287f15ca19354b925db37094c5a9660936baf5da4bbbdf613,projects/qwen35_indoor_nav/research/continuation_memory_v1/strong_backbone_recovery_v1/recovery_action_v1/runs/action_001/unseen/evaluation/gpu5_1790338226790567483/episodes/93/COMPLETE.json
discovery_unseen,93,x8F5xyUWy9e,CONCAT,1.0,0.937567568966781,56,projects/qwen35_indoor_nav/research/continuation_memory_v1/strong_backbone_recovery_v1/recovery_action_v1/runs/action_001/unseen/evaluation/gpu5_1790338226790567483/episodes/93/CONCAT/TRACE.jsonl,a4fb57aa156c19a1106bbe501803a0099dccafe4353cf61c079a3168fd12db6e,projects/qwen35_indoor_nav/research/continuation_memory_v1/strong_backbone_recovery_v1/recovery_action_v1/runs/action_001/unseen/evaluation/gpu5_1790338226790567483/episodes/93/COMPLETE.json
discovery_unseen,94,zsNo4HB9uLZ,NATIVE,0.0,0.0,95,projects/qwen35_indoor_nav/research/continuation_memory_v1/strong_backbone_recovery_v1/recovery_action_v1/runs/action_001/unseen/evaluation/gpu5_1790338226790567483/episodes/94/NATIVE/TRACE.jsonl,25dedd9fb824967885b037c183a040a799c35566c8be025e1550e89bbce99bd8,projects/qwen35_indoor_nav/research/continuation_memory_v1/strong_backbone_recovery_v1/recovery_action_v1/runs/action_001/unseen/evaluation/gpu5_1790338226790567483/episodes/94/COMPLETE.json
discovery_unseen,94,zsNo4HB9uLZ,CONCAT,0.0,0.0,94,projects/qwen35_indoor_nav/research/continuation_memory_v1/strong_backbone_recovery_v1/recovery_action_v1/runs/action_001/unseen/evaluation/gpu5_1790338226790567483/episodes/94/CONCAT/TRACE.jsonl,ded45e3016ea20c1f69d3fb4675560d08a36dcd068e2aa0abca02fcefcd4c781,projects/qwen35_indoor_nav/research/continuation_memory_v1/strong_backbone_recovery_v1/recovery_action_v1/runs/action_001/unseen/evaluation/gpu5_1790338226790567483/episodes/94/COMPLETE.json
discovery_unseen,94,zsNo4HB9uLZ,EVIDENCE,0.0,0.0,88,projects/qwen35_indoor_nav/research/continuation_memory_v1/strong_backbone_recovery_v1/recovery_action_v1/runs/action_001/unseen/evaluation/gpu5_1790338226790567483/episodes/94/EVIDENCE/TRACE.jsonl,74a644fb0a18c554ea57103e0897a0487f5568cb07063384335f25f376b1d42a,projects/qwen35_indoor_nav/research/continuation_memory_v1/strong_backbone_recovery_v1/recovery_action_v1/runs/action_001/unseen/evaluation/gpu5_1790338226790567483/episodes/94/COMPLETE.json
discovery_unseen,95,2azQ1b91cZZ,NATIVE,0.0,0.0,69,projects/qwen35_indoor_nav/research/continuation_memory_v1/strong_backbone_recovery_v1/recovery_action_v1/runs/action_001/unseen/evaluation/gpu5_1790338226790567483/episodes/95/NATIVE/TRACE.jsonl,3ac0f0d81522bd532426ec3dda8012bc1aa4363919f55cf032dbc4d627aee3e6,projects/qwen35_indoor_nav/research/continuation_memory_v1/strong_backbone_recovery_v1/recovery_action_v1/runs/action_001/unseen/evaluation/gpu5_1790338226790567483/episodes/95/COMPLETE.json
discovery_unseen,95,2azQ1b91cZZ,EVIDENCE,0.0,0.0,113,projects/qwen35_indoor_nav/research/continuation_memory_v1/strong_backbone_recovery_v1/recovery_action_v1/runs/action_001/unseen/evaluation/gpu5_1790338226790567483/episodes/95/EVIDENCE/TRACE.jsonl,bb5cff95ce3cdce3a8b5d2583d7c63cdad00951323932c2ed3200910ba557464,projects/qwen35_indoor_nav/research/continuation_memory_v1/strong_backbone_recovery_v1/recovery_action_v1/runs/action_001/unseen/evaluation/gpu5_1790338226790567483/episodes/95/COMPLETE.json
discovery_unseen,95,2azQ1b91cZZ,CONCAT,1.0,0.541005341880062,121,projects/qwen35_indoor_nav/research/continuation_memory_v1/strong_backbone_recovery_v1/recovery_action_v1/runs/action_001/unseen/evaluation/gpu5_1790338226790567483/episodes/95/CONCAT/TRACE.jsonl,ca18fc9a0df0702833d3d676e6351d93f8ef586fa4dc04eb3a85b10226262a42,projects/qwen35_indoor_nav/research/continuation_memory_v1/strong_backbone_recovery_v1/recovery_action_v1/runs/action_001/unseen/evaluation/gpu5_1790338226790567483/episodes/95/COMPLETE.json
discovery_unseen,100,oLBMNvg9in8,NATIVE,1.0,0.6600105944209618,83,projects/qwen35_indoor_nav/research/continuation_memory_v1/strong_backbone_recovery_v1/recovery_action_v1/runs/action_001/unseen/evaluation/gpu6_1790338226966012518/episodes/100/NATIVE/TRACE.jsonl,323ec19e397e6b4ff1a95a8619cdf3b6827b1d9d1cb3e38ee2747c14ed5440e5,projects/qwen35_indoor_nav/research/continuation_memory_v1/strong_backbone_recovery_v1/recovery_action_v1/runs/action_001/unseen/evaluation/gpu6_1790338226966012518/episodes/100/COMPLETE.json
discovery_unseen,100,oLBMNvg9in8,CONCAT,1.0,0.7174767295477585,79,projects/qwen35_indoor_nav/research/continuation_memory_v1/strong_backbone_recovery_v1/recovery_action_v1/runs/action_001/unseen/evaluation/gpu6_1790338226966012518/episodes/100/CONCAT/TRACE.jsonl,814508f87707fd97f0a3929ce34503356384b389048646568a893e1145a64f4a,projects/qwen35_indoor_nav/research/continuation_memory_v1/strong_backbone_recovery_v1/recovery_action_v1/runs/action_001/unseen/evaluation/gpu6_1790338226966012518/episodes/100/COMPLETE.json
discovery_unseen,100,oLBMNvg9in8,EVIDENCE,1.0,0.780638940242617,73,projects/qwen35_indoor_nav/research/continuation_memory_v1/strong_backbone_recovery_v1/recovery_action_v1/runs/action_001/unseen/evaluation/gpu6_1790338226966012518/episodes/100/EVIDENCE/TRACE.jsonl,58a579e10a69896253c21ab4cc0b9599a54af22bac4be8ded75b58c961de57c3,projects/qwen35_indoor_nav/research/continuation_memory_v1/strong_backbone_recovery_v1/recovery_action_v1/runs/action_001/unseen/evaluation/gpu6_1790338226966012518/episodes/100/COMPLETE.json
discovery_unseen,101,x8F5xyUWy9e,NATIVE,0.0,0.0,62,projects/qwen35_indoor_nav/research/continuation_memory_v1/strong_backbone_recovery_v1/recovery_action_v1/runs/action_001/unseen/evaluation/gpu6_1790338226966012518/episodes/101/NATIVE/TRACE.jsonl,b478bae446bc31d0f6da9b60da5215426409c282214dce58930b83904dc70074,projects/qwen35_indoor_nav/research/continuation_memory_v1/strong_backbone_recovery_v1/recovery_action_v1/runs/action_001/unseen/evaluation/gpu6_1790338226966012518/episodes/101/COMPLETE.json
discovery_unseen,101,x8F5xyUWy9e,EVIDENCE,0.0,0.0,48,projects/qwen35_indoor_nav/research/continuation_memory_v1/strong_backbone_recovery_v1/recovery_action_v1/runs/action_001/unseen/evaluation/gpu6_1790338226966012518/episodes/101/EVIDENCE/TRACE.jsonl,c0c592832d332f51aacb3c6d240fc170a5ca65be488b54231aacbced5f3a05ff,projects/qwen35_indoor_nav/research/continuation_memory_v1/strong_backbone_recovery_v1/recovery_action_v1/runs/action_001/unseen/evaluation/gpu6_1790338226966012518/episodes/101/COMPLETE.json
discovery_unseen,101,x8F5xyUWy9e,CONCAT,0.0,0.0,48,projects/qwen35_indoor_nav/research/continuation_memory_v1/strong_backbone_recovery_v1/recovery_action_v1/runs/action_001/unseen/evaluation/gpu6_1790338226966012518/episodes/101/CONCAT/TRACE.jsonl,c9c00cbf5b6c5cc4796f88225359a6dedf0fbf05d08a6aab7c135cd189d3c21e,projects/qwen35_indoor_nav/research/continuation_memory_v1/strong_backbone_recovery_v1/recovery_action_v1/runs/action_001/unseen/evaluation/gpu6_1790338226966012518/episodes/101/COMPLETE.json
discovery_unseen,102,zsNo4HB9uLZ,NATIVE,1.0,0.951202156582139,56,projects/qwen35_indoor_nav/research/continuation_memory_v1/strong_backbone_recovery_v1/recovery_action_v1/runs/action_001/unseen/evaluation/gpu6_1790338226966012518/episodes/102/NATIVE/TRACE.jsonl,52172ee1517c48797e572eab0239fdfd8c04997551f3e2ea9ebd682f0ddc7b8c,projects/qwen35_indoor_nav/research/continuation_memory_v1/strong_backbone_recovery_v1/recovery_action_v1/runs/action_001/unseen/evaluation/gpu6_1790338226966012518/episodes/102/COMPLETE.json
discovery_unseen,102,zsNo4HB9uLZ,CONCAT,1.0,0.951202156582139,56,projects/qwen35_indoor_nav/research/continuation_memory_v1/strong_backbone_recovery_v1/recovery_action_v1/runs/action_001/unseen/evaluation/gpu6_1790338226966012518/episodes/102/CONCAT/TRACE.jsonl,a9e0f8ae96bc3679905b1876c7b481df379be8f0b96038defa17887da7731d34,projects/qwen35_indoor_nav/research/continuation_memory_v1/strong_backbone_recovery_v1/recovery_action_v1/runs/action_001/unseen/evaluation/gpu6_1790338226966012518/episodes/102/COMPLETE.json
discovery_unseen,102,zsNo4HB9uLZ,EVIDENCE,1.0,0.951202156582139,56,projects/qwen35_indoor_nav/research/continuation_memory_v1/strong_backbone_recovery_v1/recovery_action_v1/runs/action_001/unseen/evaluation/gpu6_1790338226966012518/episodes/102/EVIDENCE/TRACE.jsonl,8928377b86419a90a45670c87ffe0de1186fc5e2a4883acce0b5ceb956b03968,projects/qwen35_indoor_nav/research/continuation_memory_v1/strong_backbone_recovery_v1/recovery_action_v1/runs/action_001/unseen/evaluation/gpu6_1790338226966012518/episodes/102/COMPLETE.json
discovery_unseen,103,2azQ1b91cZZ,NATIVE,0.0,0.0,45,projects/qwen35_indoor_nav/research/continuation_memory_v1/strong_backbone_recovery_v1/recovery_action_v1/runs/action_001/unseen/evaluation/gpu6_1790338226966012518/episodes/103/NATIVE/TRACE.jsonl,30437f2b9a33d02cdff97441f38322ebdee9382011cfb82ec16e224d8ea1edf9,projects/qwen35_indoor_nav/research/continuation_memory_v1/strong_backbone_recovery_v1/recovery_action_v1/runs/action_001/unseen/evaluation/gpu6_1790338226966012518/episodes/103/COMPLETE.json
discovery_unseen,103,2azQ1b91cZZ,EVIDENCE,0.0,0.0,45,projects/qwen35_indoor_nav/research/continuation_memory_v1/strong_backbone_recovery_v1/recovery_action_v1/runs/action_001/unseen/evaluation/gpu6_1790338226966012518/episodes/103/EVIDENCE/TRACE.jsonl,a79576279c58f81923d2d35664d46a34077cd698b9c6d977b2e7425bb642bdb8,projects/qwen35_indoor_nav/research/continuation_memory_v1/strong_backbone_recovery_v1/recovery_action_v1/runs/action_001/unseen/evaluation/gpu6_1790338226966012518/episodes/103/COMPLETE.json
discovery_unseen,103,2azQ1b91cZZ,CONCAT,0.0,0.0,45,projects/qwen35_indoor_nav/research/continuation_memory_v1/strong_backbone_recovery_v1/recovery_action_v1/runs/action_001/unseen/evaluation/gpu6_1790338226966012518/episodes/103/CONCAT/TRACE.jsonl,03e6dd3c592861d8ce478edb46313634c65b9d5dedcedc42a43b0cf884b1d1fe,projects/qwen35_indoor_nav/research/continuation_memory_v1/strong_backbone_recovery_v1/recovery_action_v1/runs/action_001/unseen/evaluation/gpu6_1790338226966012518/episodes/103/COMPLETE.json
discovery_unseen,104,QUCTc6BB5sX,NATIVE,0.0,0.0,108,projects/qwen35_indoor_nav/research/continuation_memory_v1/strong_backbone_recovery_v1/recovery_action_v1/runs/action_001/unseen/evaluation/gpu6_1790338226966012518/episodes/104/NATIVE/TRACE.jsonl,c3c00e636770ffa1354a2aac14b8cdf66410fe169e9a4ab7a2b0456dfc97208a,projects/qwen35_indoor_nav/research/continuation_memory_v1/strong_backbone_recovery_v1/recovery_action_v1/runs/action_001/unseen/evaluation/gpu6_1790338226966012518/episodes/104/COMPLETE.json
discovery_unseen,104,QUCTc6BB5sX,CONCAT,0.0,0.0,110,projects/qwen35_indoor_nav/research/continuation_memory_v1/strong_backbone_recovery_v1/recovery_action_v1/runs/action_001/unseen/evaluation/gpu6_1790338226966012518/episodes/104/CONCAT/TRACE.jsonl,48eb41e00b2f6cfadb90499da727a0239a4be9a3240cc46f91e6caed7991cc49,projects/qwen35_indoor_nav/research/continuation_memory_v1/strong_backbone_recovery_v1/recovery_action_v1/runs/action_001/unseen/evaluation/gpu6_1790338226966012518/episodes/104/COMPLETE.json
discovery_unseen,104,QUCTc6BB5sX,EVIDENCE,0.0,0.0,136,projects/qwen35_indoor_nav/research/continuation_memory_v1/strong_backbone_recovery_v1/recovery_action_v1/runs/action_001/unseen/evaluation/gpu6_1790338226966012518/episodes/104/EVIDENCE/TRACE.jsonl,b0f010240add41932a76d7dd2771ee9626468be21fbfdca9414885a1cd37f231,projects/qwen35_indoor_nav/research/continuation_memory_v1/strong_backbone_recovery_v1/recovery_action_v1/runs/action_001/unseen/evaluation/gpu6_1790338226966012518/episodes/104/COMPLETE.json
discovery_unseen,105,TbHJrupSAjP,NATIVE,1.0,1.0,42,projects/qwen35_indoor_nav/research/continuation_memory_v1/strong_backbone_recovery_v1/recovery_action_v1/runs/action_001/unseen/evaluation/gpu6_1790338226966012518/episodes/105/NATIVE/TRACE.jsonl,7b8922b59e29a3e7fb4083f8a0dc3f0b4228fe6d30b494a2bd05ed865425f72d,projects/qwen35_indoor_nav/research/continuation_memory_v1/strong_backbone_recovery_v1/recovery_action_v1/runs/action_001/unseen/evaluation/gpu6_1790338226966012518/episodes/105/COMPLETE.json
discovery_unseen,105,TbHJrupSAjP,EVIDENCE,1.0,1.0,42,projects/qwen35_indoor_nav/research/continuation_memory_v1/strong_backbone_recovery_v1/recovery_action_v1/runs/action_001/unseen/evaluation/gpu6_1790338226966012518/episodes/105/EVIDENCE/TRACE.jsonl,8489caf88c241f9299c3e26b875e3a317014d0a54725418f77a81444bb5c1e80,projects/qwen35_indoor_nav/research/continuation_memory_v1/strong_backbone_recovery_v1/recovery_action_v1/runs/action_001/unseen/evaluation/gpu6_1790338226966012518/episodes/105/COMPLETE.json
discovery_unseen,105,TbHJrupSAjP,CONCAT,1.0,1.0,42,projects/qwen35_indoor_nav/research/continuation_memory_v1/strong_backbone_recovery_v1/recovery_action_v1/runs/action_001/unseen/evaluation/gpu6_1790338226966012518/episodes/105/CONCAT/TRACE.jsonl,87aabc949d9745296184f9f009e0bb4f2f2c45bb9c1318939aeff9dba107ede4,projects/qwen35_indoor_nav/research/continuation_memory_v1/strong_backbone_recovery_v1/recovery_action_v1/runs/action_001/unseen/evaluation/gpu6_1790338226966012518/episodes/105/COMPLETE.json
discovery_unseen,106,X7HyMhZNoso,NATIVE,1.0,0.9924235052431836,45,projects/qwen35_indoor_nav/research/continuation_memory_v1/strong_backbone_recovery_v1/recovery_action_v1/runs/action_001/unseen/evaluation/gpu6_1790338226966012518/episodes/106/NATIVE/TRACE.jsonl,239e1935d25248039a9d20a6fb73f8d76213a5ab4f68a293055c73f14079dff3,projects/qwen35_indoor_nav/research/continuation_memory_v1/strong_backbone_recovery_v1/recovery_action_v1/runs/action_001/unseen/evaluation/gpu6_1790338226966012518/episodes/106/COMPLETE.json
discovery_unseen,106,X7HyMhZNoso,CONCAT,1.0,0.9924234614261085,45,projects/qwen35_indoor_nav/research/continuation_memory_v1/strong_backbone_recovery_v1/recovery_action_v1/runs/action_001/unseen/evaluation/gpu6_1790338226966012518/episodes/106/CONCAT/TRACE.jsonl,6aa85129768154ee0475707b5bc57c06fcfd21d79902682be969d900ac6317c2,projects/qwen35_indoor_nav/research/continuation_memory_v1/strong_backbone_recovery_v1/recovery_action_v1/runs/action_001/unseen/evaluation/gpu6_1790338226966012518/episodes/106/COMPLETE.json
discovery_unseen,106,X7HyMhZNoso,EVIDENCE,1.0,0.9924234614261085,45,projects/qwen35_indoor_nav/research/continuation_memory_v1/strong_backbone_recovery_v1/recovery_action_v1/runs/action_001/unseen/evaluation/gpu6_1790338226966012518/episodes/106/EVIDENCE/TRACE.jsonl,7fb4e009a463d5ca05adee484bb33a82111ea5bb3bd7cbb336f9c8c23bed5f5f,projects/qwen35_indoor_nav/research/continuation_memory_v1/strong_backbone_recovery_v1/recovery_action_v1/runs/action_001/unseen/evaluation/gpu6_1790338226966012518/episodes/106/COMPLETE.json
discovery_unseen,107,Z6MFQCViBuw,NATIVE,1.0,0.9356290941866985,34,projects/qwen35_indoor_nav/research/continuation_memory_v1/strong_backbone_recovery_v1/recovery_action_v1/runs/action_001/unseen/evaluation/gpu6_1790338226966012518/episodes/107/NATIVE/TRACE.jsonl,251789fb50a11ec7766242676d04141b164a2c1625dbe83d5473e90314c98b65,projects/qwen35_indoor_nav/research/continuation_memory_v1/strong_backbone_recovery_v1/recovery_action_v1/runs/action_001/unseen/evaluation/gpu6_1790338226966012518/episodes/107/COMPLETE.json
discovery_unseen,107,Z6MFQCViBuw,EVIDENCE,1.0,0.9356290941866985,34,projects/qwen35_indoor_nav/research/continuation_memory_v1/strong_backbone_recovery_v1/recovery_action_v1/runs/action_001/unseen/evaluation/gpu6_1790338226966012518/episodes/107/EVIDENCE/TRACE.jsonl,9344cde26c655ece088d4e83a0d99b73aa2f461469f782aba6a7b4862b64ddb1,projects/qwen35_indoor_nav/research/continuation_memory_v1/strong_backbone_recovery_v1/recovery_action_v1/runs/action_001/unseen/evaluation/gpu6_1790338226966012518/episodes/107/COMPLETE.json
discovery_unseen,107,Z6MFQCViBuw,CONCAT,1.0,0.9356290941866985,34,projects/qwen35_indoor_nav/research/continuation_memory_v1/strong_backbone_recovery_v1/recovery_action_v1/runs/action_001/unseen/evaluation/gpu6_1790338226966012518/episodes/107/CONCAT/TRACE.jsonl,abc6dacdf051d4fcd485f46f1ebff68b481d61a3a736d17b32067dd0df56ee2a,projects/qwen35_indoor_nav/research/continuation_memory_v1/strong_backbone_recovery_v1/recovery_action_v1/runs/action_001/unseen/evaluation/gpu6_1790338226966012518/episodes/107/COMPLETE.json
discovery_unseen,108,oLBMNvg9in8,NATIVE,1.0,0.8029400078935497,69,projects/qwen35_indoor_nav/research/continuation_memory_v1/strong_backbone_recovery_v1/recovery_action_v1/runs/action_001/unseen/evaluation/gpu6_1790338226966012518/episodes/108/NATIVE/TRACE.jsonl,49cd5a0ebbea60733041609e8cd422439a1110e6980f91bd861051a9d25a8bbb,projects/qwen35_indoor_nav/research/continuation_memory_v1/strong_backbone_recovery_v1/recovery_action_v1/runs/action_001/unseen/evaluation/gpu6_1790338226966012518/episodes/108/COMPLETE.json
discovery_unseen,108,oLBMNvg9in8,CONCAT,1.0,0.7340295161842054,74,projects/qwen35_indoor_nav/research/continuation_memory_v1/strong_backbone_recovery_v1/recovery_action_v1/runs/action_001/unseen/evaluation/gpu6_1790338226966012518/episodes/108/CONCAT/TRACE.jsonl,ebcdfb9cbe02e8241d9d696318e78fa45bdb672f798a640a60cfa80b8a542410,projects/qwen35_indoor_nav/research/continuation_memory_v1/strong_backbone_recovery_v1/recovery_action_v1/runs/action_001/unseen/evaluation/gpu6_1790338226966012518/episodes/108/COMPLETE.json
discovery_unseen,108,oLBMNvg9in8,EVIDENCE,1.0,0.9096920180662199,65,projects/qwen35_indoor_nav/research/continuation_memory_v1/strong_backbone_recovery_v1/recovery_action_v1/runs/action_001/unseen/evaluation/gpu6_1790338226966012518/episodes/108/EVIDENCE/TRACE.jsonl,652f353c1b365e477b5192c427671925cd9e71f5ac3366a7c1fee79ac3f8cffe,projects/qwen35_indoor_nav/research/continuation_memory_v1/strong_backbone_recovery_v1/recovery_action_v1/runs/action_001/unseen/evaluation/gpu6_1790338226966012518/episodes/108/COMPLETE.json
discovery_unseen,109,zsNo4HB9uLZ,NATIVE,1.0,1.0,49,projects/qwen35_indoor_nav/research/continuation_memory_v1/strong_backbone_recovery_v1/recovery_action_v1/runs/action_001/unseen/evaluation/gpu6_1790338226966012518/episodes/109/NATIVE/TRACE.jsonl,5bed4b2ae8b4e5405819f522958371759fc8a434872e99e1674b4d14dd161877,projects/qwen35_indoor_nav/research/continuation_memory_v1/strong_backbone_recovery_v1/recovery_action_v1/runs/action_001/unseen/evaluation/gpu6_1790338226966012518/episodes/109/COMPLETE.json
discovery_unseen,109,zsNo4HB9uLZ,EVIDENCE,1.0,1.0,51,projects/qwen35_indoor_nav/research/continuation_memory_v1/strong_backbone_recovery_v1/recovery_action_v1/runs/action_001/unseen/evaluation/gpu6_1790338226966012518/episodes/109/EVIDENCE/TRACE.jsonl,a423d53f4de10abf6fbb0b8f6c50435e86bb3e37ee51225bf08e8411318f2970,projects/qwen35_indoor_nav/research/continuation_memory_v1/strong_backbone_recovery_v1/recovery_action_v1/runs/action_001/unseen/evaluation/gpu6_1790338226966012518/episodes/109/COMPLETE.json
discovery_unseen,109,zsNo4HB9uLZ,CONCAT,1.0,1.0,49,projects/qwen35_indoor_nav/research/continuation_memory_v1/strong_backbone_recovery_v1/recovery_action_v1/runs/action_001/unseen/evaluation/gpu6_1790338226966012518/episodes/109/CONCAT/TRACE.jsonl,bc617d9f0d3f76b3c7d2930c98662d4242b1c506e50b81425232228f1c46b4cf,projects/qwen35_indoor_nav/research/continuation_memory_v1/strong_backbone_recovery_v1/recovery_action_v1/runs/action_001/unseen/evaluation/gpu6_1790338226966012518/episodes/109/COMPLETE.json
discovery_unseen,110,2azQ1b91cZZ,NATIVE,0.0,0.0,109,projects/qwen35_indoor_nav/research/continuation_memory_v1/strong_backbone_recovery_v1/recovery_action_v1/runs/action_001/unseen/evaluation/gpu6_1790338226966012518/episodes/110/NATIVE/TRACE.jsonl,200fa2140f2fb862cf0b8134a4e04008fbc7aaca760d2d939d3f38881bbe3e91,projects/qwen35_indoor_nav/research/continuation_memory_v1/strong_backbone_recovery_v1/recovery_action_v1/runs/action_001/unseen/evaluation/gpu6_1790338226966012518/episodes/110/COMPLETE.json
discovery_unseen,110,2azQ1b91cZZ,CONCAT,0.0,0.0,217,projects/qwen35_indoor_nav/research/continuation_memory_v1/strong_backbone_recovery_v1/recovery_action_v1/runs/action_001/unseen/evaluation/gpu6_1790338226966012518/episodes/110/CONCAT/TRACE.jsonl,a4cf76f16fa529f4a4d58404ad69d18ee9a3dbfa6770c38493e0157c630ed2cb,projects/qwen35_indoor_nav/research/continuation_memory_v1/strong_backbone_recovery_v1/recovery_action_v1/runs/action_001/unseen/evaluation/gpu6_1790338226966012518/episodes/110/COMPLETE.json
discovery_unseen,110,2azQ1b91cZZ,EVIDENCE,0.0,0.0,129,projects/qwen35_indoor_nav/research/continuation_memory_v1/strong_backbone_recovery_v1/recovery_action_v1/runs/action_001/unseen/evaluation/gpu6_1790338226966012518/episodes/110/EVIDENCE/TRACE.jsonl,d51e992b2579c54398a911fec775c2339746a957770c17fc689bba0ac46e2111,projects/qwen35_indoor_nav/research/continuation_memory_v1/strong_backbone_recovery_v1/recovery_action_v1/runs/action_001/unseen/evaluation/gpu6_1790338226966012518/episodes/110/COMPLETE.json
discovery_unseen,111,QUCTc6BB5sX,NATIVE,1.0,0.8832652939920167,48,projects/qwen35_indoor_nav/research/continuation_memory_v1/strong_backbone_recovery_v1/recovery_action_v1/runs/action_001/unseen/evaluation/gpu6_1790338226966012518/episodes/111/NATIVE/TRACE.jsonl,7745ae12b4ce24cef5f3194e4916793e5a1a27f12dd1f3c697c5276815e8862f,projects/qwen35_indoor_nav/research/continuation_memory_v1/strong_backbone_recovery_v1/recovery_action_v1/runs/action_001/unseen/evaluation/gpu6_1790338226966012518/episodes/111/COMPLETE.json
discovery_unseen,111,QUCTc6BB5sX,EVIDENCE,1.0,0.8832652939920167,48,projects/qwen35_indoor_nav/research/continuation_memory_v1/strong_backbone_recovery_v1/recovery_action_v1/runs/action_001/unseen/evaluation/gpu6_1790338226966012518/episodes/111/EVIDENCE/TRACE.jsonl,007380485e3fb825dde0746ad7a1521bfad906e1aa87de742849335ff4bbbf0f,projects/qwen35_indoor_nav/research/continuation_memory_v1/strong_backbone_recovery_v1/recovery_action_v1/runs/action_001/unseen/evaluation/gpu6_1790338226966012518/episodes/111/COMPLETE.json
discovery_unseen,111,QUCTc6BB5sX,CONCAT,1.0,0.8832652939920167,48,projects/qwen35_indoor_nav/research/continuation_memory_v1/strong_backbone_recovery_v1/recovery_action_v1/runs/action_001/unseen/evaluation/gpu6_1790338226966012518/episodes/111/CONCAT/TRACE.jsonl,4e45a6f41740787e021abbc9ed55fa6a2c8ffc6e926aeaf39f97aa6d861e76b7,projects/qwen35_indoor_nav/research/continuation_memory_v1/strong_backbone_recovery_v1/recovery_action_v1/runs/action_001/unseen/evaluation/gpu6_1790338226966012518/episodes/111/COMPLETE.json
discovery_unseen,96,QUCTc6BB5sX,NATIVE,0.0,0.0,49,projects/qwen35_indoor_nav/research/continuation_memory_v1/strong_backbone_recovery_v1/recovery_action_v1/runs/action_001/unseen/evaluation/gpu6_1790338226966012518/episodes/96/NATIVE/TRACE.jsonl,7419016c36acc997fb46e313167ef2ea55a3d8e4cd7e77686a91d0488b23b820,projects/qwen35_indoor_nav/research/continuation_memory_v1/strong_backbone_recovery_v1/recovery_action_v1/runs/action_001/unseen/evaluation/gpu6_1790338226966012518/episodes/96/COMPLETE.json
discovery_unseen,96,QUCTc6BB5sX,CONCAT,0.0,0.0,51,projects/qwen35_indoor_nav/research/continuation_memory_v1/strong_backbone_recovery_v1/recovery_action_v1/runs/action_001/unseen/evaluation/gpu6_1790338226966012518/episodes/96/CONCAT/TRACE.jsonl,d22291bbb1715948032f0c8f986f0de5e7a7bafd5b223d3f5a7ed0b53f80fc1f,projects/qwen35_indoor_nav/research/continuation_memory_v1/strong_backbone_recovery_v1/recovery_action_v1/runs/action_001/unseen/evaluation/gpu6_1790338226966012518/episodes/96/COMPLETE.json
discovery_unseen,96,QUCTc6BB5sX,EVIDENCE,0.0,0.0,49,projects/qwen35_indoor_nav/research/continuation_memory_v1/strong_backbone_recovery_v1/recovery_action_v1/runs/action_001/unseen/evaluation/gpu6_1790338226966012518/episodes/96/EVIDENCE/TRACE.jsonl,7a4ca72a2bdde12b1cd140bb47a5bb1accdada206ef8a15e7d91f87f6be22de1,projects/qwen35_indoor_nav/research/continuation_memory_v1/strong_backbone_recovery_v1/recovery_action_v1/runs/action_001/unseen/evaluation/gpu6_1790338226966012518/episodes/96/COMPLETE.json
discovery_unseen,97,TbHJrupSAjP,NATIVE,1.0,0.7648633331600256,68,projects/qwen35_indoor_nav/research/continuation_memory_v1/strong_backbone_recovery_v1/recovery_action_v1/runs/action_001/unseen/evaluation/gpu6_1790338226966012518/episodes/97/NATIVE/TRACE.jsonl,ce2a938acbca77106a33ad49b27c57a94ff84540ba1ee9ed79b226883ed590fb,projects/qwen35_indoor_nav/research/continuation_memory_v1/strong_backbone_recovery_v1/recovery_action_v1/runs/action_001/unseen/evaluation/gpu6_1790338226966012518/episodes/97/COMPLETE.json
discovery_unseen,97,TbHJrupSAjP,EVIDENCE,1.0,0.7673949097169809,68,projects/qwen35_indoor_nav/research/continuation_memory_v1/strong_backbone_recovery_v1/recovery_action_v1/runs/action_001/unseen/evaluation/gpu6_1790338226966012518/episodes/97/EVIDENCE/TRACE.jsonl,f45559cb3ee48d7173d091cd56bb88f680eeb770eb714cd46798747f9a4ad065,projects/qwen35_indoor_nav/research/continuation_memory_v1/strong_backbone_recovery_v1/recovery_action_v1/runs/action_001/unseen/evaluation/gpu6_1790338226966012518/episodes/97/COMPLETE.json
discovery_unseen,97,TbHJrupSAjP,CONCAT,1.0,0.7648633331600256,68,projects/qwen35_indoor_nav/research/continuation_memory_v1/strong_backbone_recovery_v1/recovery_action_v1/runs/action_001/unseen/evaluation/gpu6_1790338226966012518/episodes/97/CONCAT/TRACE.jsonl,b5076b93dd73953b013b9a48eb63d1dbb472dcf1ef6fa2f6933d479066bca3ef,projects/qwen35_indoor_nav/research/continuation_memory_v1/strong_backbone_recovery_v1/recovery_action_v1/runs/action_001/unseen/evaluation/gpu6_1790338226966012518/episodes/97/COMPLETE.json
discovery_unseen,98,X7HyMhZNoso,NATIVE,1.0,0.9787920982719402,35,projects/qwen35_indoor_nav/research/continuation_memory_v1/strong_backbone_recovery_v1/recovery_action_v1/runs/action_001/unseen/evaluation/gpu6_1790338226966012518/episodes/98/NATIVE/TRACE.jsonl,47b91166427fc3e7e67cf73cf5b753c70e167faecc9931c93e98e7e138eb09e2,projects/qwen35_indoor_nav/research/continuation_memory_v1/strong_backbone_recovery_v1/recovery_action_v1/runs/action_001/unseen/evaluation/gpu6_1790338226966012518/episodes/98/COMPLETE.json
discovery_unseen,98,X7HyMhZNoso,CONCAT,1.0,0.9787920982719402,35,projects/qwen35_indoor_nav/research/continuation_memory_v1/strong_backbone_recovery_v1/recovery_action_v1/runs/action_001/unseen/evaluation/gpu6_1790338226966012518/episodes/98/CONCAT/TRACE.jsonl,a72943a42cff42756357efc2b28e1fedda40e03209a860158dadc64aad180b1c,projects/qwen35_indoor_nav/research/continuation_memory_v1/strong_backbone_recovery_v1/recovery_action_v1/runs/action_001/unseen/evaluation/gpu6_1790338226966012518/episodes/98/COMPLETE.json
discovery_unseen,98,X7HyMhZNoso,EVIDENCE,1.0,0.9787920982719402,35,projects/qwen35_indoor_nav/research/continuation_memory_v1/strong_backbone_recovery_v1/recovery_action_v1/runs/action_001/unseen/evaluation/gpu6_1790338226966012518/episodes/98/EVIDENCE/TRACE.jsonl,26b7b82b9cf55b059194bb84319d57703cf02ca3490cc35e8d3f0f467e163216,projects/qwen35_indoor_nav/research/continuation_memory_v1/strong_backbone_recovery_v1/recovery_action_v1/runs/action_001/unseen/evaluation/gpu6_1790338226966012518/episodes/98/COMPLETE.json
discovery_unseen,99,Z6MFQCViBuw,NATIVE,0.0,0.0,36,projects/qwen35_indoor_nav/research/continuation_memory_v1/strong_backbone_recovery_v1/recovery_action_v1/runs/action_001/unseen/evaluation/gpu6_1790338226966012518/episodes/99/NATIVE/TRACE.jsonl,7c59796ed0c76fd39ecb5ed6482eafc4ef604bff02e4dc7a8697a18c051a3924,projects/qwen35_indoor_nav/research/continuation_memory_v1/strong_backbone_recovery_v1/recovery_action_v1/runs/action_001/unseen/evaluation/gpu6_1790338226966012518/episodes/99/COMPLETE.json
discovery_unseen,99,Z6MFQCViBuw,EVIDENCE,0.0,0.0,36,projects/qwen35_indoor_nav/research/continuation_memory_v1/strong_backbone_recovery_v1/recovery_action_v1/runs/action_001/unseen/evaluation/gpu6_1790338226966012518/episodes/99/EVIDENCE/TRACE.jsonl,8f3d1f1facee6bf3958185ac6a93e380d09b4073aff926370cd90aa14d8c39bd,projects/qwen35_indoor_nav/research/continuation_memory_v1/strong_backbone_recovery_v1/recovery_action_v1/runs/action_001/unseen/evaluation/gpu6_1790338226966012518/episodes/99/COMPLETE.json
discovery_unseen,99,Z6MFQCViBuw,CONCAT,0.0,0.0,36,projects/qwen35_indoor_nav/research/continuation_memory_v1/strong_backbone_recovery_v1/recovery_action_v1/runs/action_001/unseen/evaluation/gpu6_1790338226966012518/episodes/99/CONCAT/TRACE.jsonl,9ee3b4b4276255ada4de11233f4e5ad514ae5da7563d882750e7e97d6ae10d32,projects/qwen35_indoor_nav/research/continuation_memory_v1/strong_backbone_recovery_v1/recovery_action_v1/runs/action_001/unseen/evaluation/gpu6_1790338226966012518/episodes/99/COMPLETE.json
discovery_unseen,128,Z6MFQCViBuw,NATIVE,0.0,0.0,54,projects/qwen35_indoor_nav/research/continuation_memory_v1/strong_backbone_recovery_v1/recovery_action_v1/runs/action_001/unseen/evaluation/gpu6_1790339676416556952/episodes/128/NATIVE/TRACE.jsonl,5195ef72d8f7853c5fda68dbe3415fab4292f00df758fa2b7b51e012a07e04bb,projects/qwen35_indoor_nav/research/continuation_memory_v1/strong_backbone_recovery_v1/recovery_action_v1/runs/action_001/unseen/evaluation/gpu6_1790339676416556952/episodes/128/COMPLETE.json
discovery_unseen,128,Z6MFQCViBuw,CONCAT,0.0,0.0,54,projects/qwen35_indoor_nav/research/continuation_memory_v1/strong_backbone_recovery_v1/recovery_action_v1/runs/action_001/unseen/evaluation/gpu6_1790339676416556952/episodes/128/CONCAT/TRACE.jsonl,d18f63b6db9b55d72d500f41fe76116bea41e4573f4b303745e1a73d03b936a9,projects/qwen35_indoor_nav/research/continuation_memory_v1/strong_backbone_recovery_v1/recovery_action_v1/runs/action_001/unseen/evaluation/gpu6_1790339676416556952/episodes/128/COMPLETE.json
discovery_unseen,128,Z6MFQCViBuw,EVIDENCE,0.0,0.0,54,projects/qwen35_indoor_nav/research/continuation_memory_v1/strong_backbone_recovery_v1/recovery_action_v1/runs/action_001/unseen/evaluation/gpu6_1790339676416556952/episodes/128/EVIDENCE/TRACE.jsonl,35255a7a05deade6183e48988036894cc6f714b00e87632fb2e6e1077e4667f2,projects/qwen35_indoor_nav/research/continuation_memory_v1/strong_backbone_recovery_v1/recovery_action_v1/runs/action_001/unseen/evaluation/gpu6_1790339676416556952/episodes/128/COMPLETE.json
discovery_unseen,129,oLBMNvg9in8,NATIVE,1.0,0.9869865369299389,31,projects/qwen35_indoor_nav/research/continuation_memory_v1/strong_backbone_recovery_v1/recovery_action_v1/runs/action_001/unseen/evaluation/gpu6_1790339676416556952/episodes/129/NATIVE/TRACE.jsonl,fdc3dac7689b92c11bc76bfa7c7fcecfa3d02108fcd65827ef56c8e3189f24b3,projects/qwen35_indoor_nav/research/continuation_memory_v1/strong_backbone_recovery_v1/recovery_action_v1/runs/action_001/unseen/evaluation/gpu6_1790339676416556952/episodes/129/COMPLETE.json
discovery_unseen,129,oLBMNvg9in8,EVIDENCE,1.0,0.9869865369299389,31,projects/qwen35_indoor_nav/research/continuation_memory_v1/strong_backbone_recovery_v1/recovery_action_v1/runs/action_001/unseen/evaluation/gpu6_1790339676416556952/episodes/129/EVIDENCE/TRACE.jsonl,040aec60cf7a486e29f3d2e147ca39402fb5a0bfa55e89e8755bbfd4725dd625,projects/qwen35_indoor_nav/research/continuation_memory_v1/strong_backbone_recovery_v1/recovery_action_v1/runs/action_001/unseen/evaluation/gpu6_1790339676416556952/episodes/129/COMPLETE.json
discovery_unseen,129,oLBMNvg9in8,CONCAT,1.0,0.9869865369299389,31,projects/qwen35_indoor_nav/research/continuation_memory_v1/strong_backbone_recovery_v1/recovery_action_v1/runs/action_001/unseen/evaluation/gpu6_1790339676416556952/episodes/129/CONCAT/TRACE.jsonl,0446bbf8b634c350add6afbb6d5b23b11fed4840ab0ece3e30fd36ae42cbd61f,projects/qwen35_indoor_nav/research/continuation_memory_v1/strong_backbone_recovery_v1/recovery_action_v1/runs/action_001/unseen/evaluation/gpu6_1790339676416556952/episodes/129/COMPLETE.json
discovery_unseen,130,zsNo4HB9uLZ,NATIVE,0.0,0.0,59,projects/qwen35_indoor_nav/research/continuation_memory_v1/strong_backbone_recovery_v1/recovery_action_v1/runs/action_001/unseen/evaluation/gpu6_1790339676416556952/episodes/130/NATIVE/TRACE.jsonl,b1b03d7050bdda5523808b0fc90f90f2751580f52975d671f97262485e79e812,projects/qwen35_indoor_nav/research/continuation_memory_v1/strong_backbone_recovery_v1/recovery_action_v1/runs/action_001/unseen/evaluation/gpu6_1790339676416556952/episodes/130/COMPLETE.json
discovery_unseen,130,zsNo4HB9uLZ,CONCAT,0.0,0.0,59,projects/qwen35_indoor_nav/research/continuation_memory_v1/strong_backbone_recovery_v1/recovery_action_v1/runs/action_001/unseen/evaluation/gpu6_1790339676416556952/episodes/130/CONCAT/TRACE.jsonl,b028d893f064fa88fbcf2b60d499e97e607052110850c9261405b730bd43c0c0,projects/qwen35_indoor_nav/research/continuation_memory_v1/strong_backbone_recovery_v1/recovery_action_v1/runs/action_001/unseen/evaluation/gpu6_1790339676416556952/episodes/130/COMPLETE.json
discovery_unseen,130,zsNo4HB9uLZ,EVIDENCE,0.0,0.0,59,projects/qwen35_indoor_nav/research/continuation_memory_v1/strong_backbone_recovery_v1/recovery_action_v1/runs/action_001/unseen/evaluation/gpu6_1790339676416556952/episodes/130/EVIDENCE/TRACE.jsonl,981ab899afff0898bd743c52460191a56f91f949b538ae24ee389b53660473c4,projects/qwen35_indoor_nav/research/continuation_memory_v1/strong_backbone_recovery_v1/recovery_action_v1/runs/action_001/unseen/evaluation/gpu6_1790339676416556952/episodes/130/COMPLETE.json
discovery_unseen,131,2azQ1b91cZZ,NATIVE,1.0,1.0,60,projects/qwen35_indoor_nav/research/continuation_memory_v1/strong_backbone_recovery_v1/recovery_action_v1/runs/action_001/unseen/evaluation/gpu6_1790339676416556952/episodes/131/NATIVE/TRACE.jsonl,601ee65902f0d5a8e586d3765d42d2683ebdf2616b0ead17d26efd5da9f5c33b,projects/qwen35_indoor_nav/research/continuation_memory_v1/strong_backbone_recovery_v1/recovery_action_v1/runs/action_001/unseen/evaluation/gpu6_1790339676416556952/episodes/131/COMPLETE.json
discovery_unseen,131,2azQ1b91cZZ,EVIDENCE,1.0,1.0,60,projects/qwen35_indoor_nav/research/continuation_memory_v1/strong_backbone_recovery_v1/recovery_action_v1/runs/action_001/unseen/evaluation/gpu6_1790339676416556952/episodes/131/EVIDENCE/TRACE.jsonl,1fe725a82397002bcb7844d09410f0a0e9d7e150bf65a4e2af3fca2021e13f45,projects/qwen35_indoor_nav/research/continuation_memory_v1/strong_backbone_recovery_v1/recovery_action_v1/runs/action_001/unseen/evaluation/gpu6_1790339676416556952/episodes/131/COMPLETE.json
discovery_unseen,131,2azQ1b91cZZ,CONCAT,1.0,1.0,51,projects/qwen35_indoor_nav/research/continuation_memory_v1/strong_backbone_recovery_v1/recovery_action_v1/runs/action_001/unseen/evaluation/gpu6_1790339676416556952/episodes/131/CONCAT/TRACE.jsonl,af682e16dd312f264ac17c03c8b234fbc69b725b5f23f1f6730e4107b8d2d2d9,projects/qwen35_indoor_nav/research/continuation_memory_v1/strong_backbone_recovery_v1/recovery_action_v1/runs/action_001/unseen/evaluation/gpu6_1790339676416556952/episodes/131/COMPLETE.json
discovery_unseen,132,QUCTc6BB5sX,NATIVE,0.0,0.0,64,projects/qwen35_indoor_nav/research/continuation_memory_v1/strong_backbone_recovery_v1/recovery_action_v1/runs/action_001/unseen/evaluation/gpu6_1790339676416556952/episodes/132/NATIVE/TRACE.jsonl,a1d522b7cd3f846ff6050d604b8b9667eb1a6e99b261ee97c99dc605e1db0f90,projects/qwen35_indoor_nav/research/continuation_memory_v1/strong_backbone_recovery_v1/recovery_action_v1/runs/action_001/unseen/evaluation/gpu6_1790339676416556952/episodes/132/COMPLETE.json
discovery_unseen,132,QUCTc6BB5sX,CONCAT,0.0,0.0,64,projects/qwen35_indoor_nav/research/continuation_memory_v1/strong_backbone_recovery_v1/recovery_action_v1/runs/action_001/unseen/evaluation/gpu6_1790339676416556952/episodes/132/CONCAT/TRACE.jsonl,a593575725ce3341b7fdbc57d62df17c1c9cb735816a2b7e839585b6385d6944,projects/qwen35_indoor_nav/research/continuation_memory_v1/strong_backbone_recovery_v1/recovery_action_v1/runs/action_001/unseen/evaluation/gpu6_1790339676416556952/episodes/132/COMPLETE.json
discovery_unseen,132,QUCTc6BB5sX,EVIDENCE,0.0,0.0,64,projects/qwen35_indoor_nav/research/continuation_memory_v1/strong_backbone_recovery_v1/recovery_action_v1/runs/action_001/unseen/evaluation/gpu6_1790339676416556952/episodes/132/EVIDENCE/TRACE.jsonl,023e71d7f8cb3fadb89b0085d99360992a5b1de1ae8337da791bafd98e7b3f98,projects/qwen35_indoor_nav/research/continuation_memory_v1/strong_backbone_recovery_v1/recovery_action_v1/runs/action_001/unseen/evaluation/gpu6_1790339676416556952/episodes/132/COMPLETE.json
discovery_unseen,133,TbHJrupSAjP,NATIVE,0.0,0.0,56,projects/qwen35_indoor_nav/research/continuation_memory_v1/strong_backbone_recovery_v1/recovery_action_v1/runs/action_001/unseen/evaluation/gpu6_1790339676416556952/episodes/133/NATIVE/TRACE.jsonl,973eeeb6eff1e5ac062c802b66bbd09d50027a8326818da7eb464ed29ad8eab5,projects/qwen35_indoor_nav/research/continuation_memory_v1/strong_backbone_recovery_v1/recovery_action_v1/runs/action_001/unseen/evaluation/gpu6_1790339676416556952/episodes/133/COMPLETE.json
discovery_unseen,133,TbHJrupSAjP,EVIDENCE,0.0,0.0,60,projects/qwen35_indoor_nav/research/continuation_memory_v1/strong_backbone_recovery_v1/recovery_action_v1/runs/action_001/unseen/evaluation/gpu6_1790339676416556952/episodes/133/EVIDENCE/TRACE.jsonl,62a1da3a58b1f9f49e0339d1b547a95b2cc516b9fbafd10a05832bbb40c7241f,projects/qwen35_indoor_nav/research/continuation_memory_v1/strong_backbone_recovery_v1/recovery_action_v1/runs/action_001/unseen/evaluation/gpu6_1790339676416556952/episodes/133/COMPLETE.json
discovery_unseen,133,TbHJrupSAjP,CONCAT,0.0,0.0,56,projects/qwen35_indoor_nav/research/continuation_memory_v1/strong_backbone_recovery_v1/recovery_action_v1/runs/action_001/unseen/evaluation/gpu6_1790339676416556952/episodes/133/CONCAT/TRACE.jsonl,2d1373a41e4d1d9fd5190472f658b67e00d41007c91c87d343c4ac5e75b2ad92,projects/qwen35_indoor_nav/research/continuation_memory_v1/strong_backbone_recovery_v1/recovery_action_v1/runs/action_001/unseen/evaluation/gpu6_1790339676416556952/episodes/133/COMPLETE.json
discovery_unseen,134,Z6MFQCViBuw,NATIVE,1.0,0.9994240262372539,73,projects/qwen35_indoor_nav/research/continuation_memory_v1/strong_backbone_recovery_v1/recovery_action_v1/runs/action_001/unseen/evaluation/gpu6_1790339676416556952/episodes/134/NATIVE/TRACE.jsonl,d641cc3105195a888f2624ba4c6a30f1fb8caa427812c4fdb2c15ab77bf7a221,projects/qwen35_indoor_nav/research/continuation_memory_v1/strong_backbone_recovery_v1/recovery_action_v1/runs/action_001/unseen/evaluation/gpu6_1790339676416556952/episodes/134/COMPLETE.json
discovery_unseen,134,Z6MFQCViBuw,CONCAT,1.0,1.0,68,projects/qwen35_indoor_nav/research/continuation_memory_v1/strong_backbone_recovery_v1/recovery_action_v1/runs/action_001/unseen/evaluation/gpu6_1790339676416556952/episodes/134/CONCAT/TRACE.jsonl,598d5d8370238e734de8e14e1e8addfa8ec33cf68de35d26858e7094939f18a3,projects/qwen35_indoor_nav/research/continuation_memory_v1/strong_backbone_recovery_v1/recovery_action_v1/runs/action_001/unseen/evaluation/gpu6_1790339676416556952/episodes/134/COMPLETE.json
discovery_unseen,134,Z6MFQCViBuw,EVIDENCE,1.0,0.9994240262372539,73,projects/qwen35_indoor_nav/research/continuation_memory_v1/strong_backbone_recovery_v1/recovery_action_v1/runs/action_001/unseen/evaluation/gpu6_1790339676416556952/episodes/134/EVIDENCE/TRACE.jsonl,fba7359c6751b6d88e1302c91fff38ee39205a5849db0d80caac7cf96e4de7b2,projects/qwen35_indoor_nav/research/continuation_memory_v1/strong_backbone_recovery_v1/recovery_action_v1/runs/action_001/unseen/evaluation/gpu6_1790339676416556952/episodes/134/COMPLETE.json
discovery_unseen,135,oLBMNvg9in8,NATIVE,0.0,0.0,500,projects/qwen35_indoor_nav/research/continuation_memory_v1/strong_backbone_recovery_v1/recovery_action_v1/runs/action_001/unseen/evaluation/gpu6_1790339676416556952/episodes/135/NATIVE/TRACE.jsonl,b8f18cd251dcd0d553cdb30f47f006ad52f01ad26866d514d295db996ab80baa,projects/qwen35_indoor_nav/research/continuation_memory_v1/strong_backbone_recovery_v1/recovery_action_v1/runs/action_001/unseen/evaluation/gpu6_1790339676416556952/episodes/135/COMPLETE.json
discovery_unseen,135,oLBMNvg9in8,EVIDENCE,0.0,0.0,65,projects/qwen35_indoor_nav/research/continuation_memory_v1/strong_backbone_recovery_v1/recovery_action_v1/runs/action_001/unseen/evaluation/gpu6_1790339676416556952/episodes/135/EVIDENCE/TRACE.jsonl,f116c6dfe3b1936d55b5e77fe9d2166575d9dade1b9262f9520d86d50f159ebe,projects/qwen35_indoor_nav/research/continuation_memory_v1/strong_backbone_recovery_v1/recovery_action_v1/runs/action_001/unseen/evaluation/gpu6_1790339676416556952/episodes/135/COMPLETE.json
discovery_unseen,135,oLBMNvg9in8,CONCAT,0.0,0.0,221,projects/qwen35_indoor_nav/research/continuation_memory_v1/strong_backbone_recovery_v1/recovery_action_v1/runs/action_001/unseen/evaluation/gpu6_1790339676416556952/episodes/135/CONCAT/TRACE.jsonl,c00f525b459f8b5934cdd53b391e9e850436b7e643fcc9dfc38be3aac1ead8b0,projects/qwen35_indoor_nav/research/continuation_memory_v1/strong_backbone_recovery_v1/recovery_action_v1/runs/action_001/unseen/evaluation/gpu6_1790339676416556952/episodes/135/COMPLETE.json
discovery_unseen,136,zsNo4HB9uLZ,NATIVE,1.0,0.9805151272160924,89,projects/qwen35_indoor_nav/research/continuation_memory_v1/strong_backbone_recovery_v1/recovery_action_v1/runs/action_001/unseen/evaluation/gpu6_1790339676416556952/episodes/136/NATIVE/TRACE.jsonl,113058abd8003f26659157f8468a5e94a17798d83b3ed6951e8fd48a366cf4a7,projects/qwen35_indoor_nav/research/continuation_memory_v1/strong_backbone_recovery_v1/recovery_action_v1/runs/action_001/unseen/evaluation/gpu6_1790339676416556952/episodes/136/COMPLETE.json
discovery_unseen,136,zsNo4HB9uLZ,CONCAT,1.0,0.9325787204604744,92,projects/qwen35_indoor_nav/research/continuation_memory_v1/strong_backbone_recovery_v1/recovery_action_v1/runs/action_001/unseen/evaluation/gpu6_1790339676416556952/episodes/136/CONCAT/TRACE.jsonl,fea9351659f81f5ce4836d704fc1a19b417c0736828fa37b8434ecc14efb1d63,projects/qwen35_indoor_nav/research/continuation_memory_v1/strong_backbone_recovery_v1/recovery_action_v1/runs/action_001/unseen/evaluation/gpu6_1790339676416556952/episodes/136/COMPLETE.json
discovery_unseen,136,zsNo4HB9uLZ,EVIDENCE,1.0,0.9329885985689096,94,projects/qwen35_indoor_nav/research/continuation_memory_v1/strong_backbone_recovery_v1/recovery_action_v1/runs/action_001/unseen/evaluation/gpu6_1790339676416556952/episodes/136/EVIDENCE/TRACE.jsonl,cbd8edf7b946014fc412f873001bfbbe65956bc9428df014fad300d041f76512,projects/qwen35_indoor_nav/research/continuation_memory_v1/strong_backbone_recovery_v1/recovery_action_v1/runs/action_001/unseen/evaluation/gpu6_1790339676416556952/episodes/136/COMPLETE.json
discovery_unseen,137,2azQ1b91cZZ,NATIVE,0.0,0.0,44,projects/qwen35_indoor_nav/research/continuation_memory_v1/strong_backbone_recovery_v1/recovery_action_v1/runs/action_001/unseen/evaluation/gpu6_1790339676416556952/episodes/137/NATIVE/TRACE.jsonl,a4a29c528337772d0196adb791a54937b2a54a087b1aed79f3c1683f31f47b3b,projects/qwen35_indoor_nav/research/continuation_memory_v1/strong_backbone_recovery_v1/recovery_action_v1/runs/action_001/unseen/evaluation/gpu6_1790339676416556952/episodes/137/COMPLETE.json
discovery_unseen,137,2azQ1b91cZZ,EVIDENCE,0.0,0.0,44,projects/qwen35_indoor_nav/research/continuation_memory_v1/strong_backbone_recovery_v1/recovery_action_v1/runs/action_001/unseen/evaluation/gpu6_1790339676416556952/episodes/137/EVIDENCE/TRACE.jsonl,7a43093be7e0f9d1d8e3ec5cbb634714a83010d298a004586fb8fccc80c384e5,projects/qwen35_indoor_nav/research/continuation_memory_v1/strong_backbone_recovery_v1/recovery_action_v1/runs/action_001/unseen/evaluation/gpu6_1790339676416556952/episodes/137/COMPLETE.json
discovery_unseen,137,2azQ1b91cZZ,CONCAT,0.0,0.0,44,projects/qwen35_indoor_nav/research/continuation_memory_v1/strong_backbone_recovery_v1/recovery_action_v1/runs/action_001/unseen/evaluation/gpu6_1790339676416556952/episodes/137/CONCAT/TRACE.jsonl,46200f8fadc1675a0754cd557a9354f93e29cdc9f4dbc338f7be27bfef0d9b1e,projects/qwen35_indoor_nav/research/continuation_memory_v1/strong_backbone_recovery_v1/recovery_action_v1/runs/action_001/unseen/evaluation/gpu6_1790339676416556952/episodes/137/COMPLETE.json
discovery_unseen,138,QUCTc6BB5sX,NATIVE,0.0,0.0,72,projects/qwen35_indoor_nav/research/continuation_memory_v1/strong_backbone_recovery_v1/recovery_action_v1/runs/action_001/unseen/evaluation/gpu6_1790339676416556952/episodes/138/NATIVE/TRACE.jsonl,ae3d8d27f6193c0f2488337108e65e9522858243ac2f13df307f5ae4028b61f0,projects/qwen35_indoor_nav/research/continuation_memory_v1/strong_backbone_recovery_v1/recovery_action_v1/runs/action_001/unseen/evaluation/gpu6_1790339676416556952/episodes/138/COMPLETE.json
discovery_unseen,138,QUCTc6BB5sX,CONCAT,0.0,0.0,66,projects/qwen35_indoor_nav/research/continuation_memory_v1/strong_backbone_recovery_v1/recovery_action_v1/runs/action_001/unseen/evaluation/gpu6_1790339676416556952/episodes/138/CONCAT/TRACE.jsonl,541429a2a5e0c5c2155d6380452a0406d951183f34668eea1af9e3e036fa68b8,projects/qwen35_indoor_nav/research/continuation_memory_v1/strong_backbone_recovery_v1/recovery_action_v1/runs/action_001/unseen/evaluation/gpu6_1790339676416556952/episodes/138/COMPLETE.json
discovery_unseen,138,QUCTc6BB5sX,EVIDENCE,0.0,0.0,72,projects/qwen35_indoor_nav/research/continuation_memory_v1/strong_backbone_recovery_v1/recovery_action_v1/runs/action_001/unseen/evaluation/gpu6_1790339676416556952/episodes/138/EVIDENCE/TRACE.jsonl,9d6216dabda8c7719e91c92be39efd34e6fa19b270dd26e76de7799e1bbc2abb,projects/qwen35_indoor_nav/research/continuation_memory_v1/strong_backbone_recovery_v1/recovery_action_v1/runs/action_001/unseen/evaluation/gpu6_1790339676416556952/episodes/138/COMPLETE.json
discovery_unseen,139,TbHJrupSAjP,NATIVE,1.0,0.885099591641117,62,projects/qwen35_indoor_nav/research/continuation_memory_v1/strong_backbone_recovery_v1/recovery_action_v1/runs/action_001/unseen/evaluation/gpu6_1790339676416556952/episodes/139/NATIVE/TRACE.jsonl,7bb7f07837e90cec394dba61a09f1f382bc5f058bea603ee631acf6c15cd703d,projects/qwen35_indoor_nav/research/continuation_memory_v1/strong_backbone_recovery_v1/recovery_action_v1/runs/action_001/unseen/evaluation/gpu6_1790339676416556952/episodes/139/COMPLETE.json
discovery_unseen,139,TbHJrupSAjP,EVIDENCE,1.0,0.9132120888388583,65,projects/qwen35_indoor_nav/research/continuation_memory_v1/strong_backbone_recovery_v1/recovery_action_v1/runs/action_001/unseen/evaluation/gpu6_1790339676416556952/episodes/139/EVIDENCE/TRACE.jsonl,3daac2031f57fc13cfc56000c8521caf4b5811a2231f30b05934a9d4a064317d,projects/qwen35_indoor_nav/research/continuation_memory_v1/strong_backbone_recovery_v1/recovery_action_v1/runs/action_001/unseen/evaluation/gpu6_1790339676416556952/episodes/139/COMPLETE.json
discovery_unseen,139,TbHJrupSAjP,CONCAT,1.0,0.885099591641117,62,projects/qwen35_indoor_nav/research/continuation_memory_v1/strong_backbone_recovery_v1/recovery_action_v1/runs/action_001/unseen/evaluation/gpu6_1790339676416556952/episodes/139/CONCAT/TRACE.jsonl,c19fa0ba1718edd0b2c9b49683699a6b1b3714ab95abdee0672251666612e423,projects/qwen35_indoor_nav/research/continuation_memory_v1/strong_backbone_recovery_v1/recovery_action_v1/runs/action_001/unseen/evaluation/gpu6_1790339676416556952/episodes/139/COMPLETE.json
discovery_unseen,140,Z6MFQCViBuw,NATIVE,0.0,0.0,68,projects/qwen35_indoor_nav/research/continuation_memory_v1/strong_backbone_recovery_v1/recovery_action_v1/runs/action_001/unseen/evaluation/gpu6_1790339676416556952/episodes/140/NATIVE/TRACE.jsonl,e2782736b503d6feedb40980de31066c71269002151745a3bd12e685c1933237,projects/qwen35_indoor_nav/research/continuation_memory_v1/strong_backbone_recovery_v1/recovery_action_v1/runs/action_001/unseen/evaluation/gpu6_1790339676416556952/episodes/140/COMPLETE.json
discovery_unseen,140,Z6MFQCViBuw,CONCAT,0.0,0.0,68,projects/qwen35_indoor_nav/research/continuation_memory_v1/strong_backbone_recovery_v1/recovery_action_v1/runs/action_001/unseen/evaluation/gpu6_1790339676416556952/episodes/140/CONCAT/TRACE.jsonl,231e3410456e7f9192fd16bc97c3d9b6e1d1727fc9945c9399d9bcace9a36e81,projects/qwen35_indoor_nav/research/continuation_memory_v1/strong_backbone_recovery_v1/recovery_action_v1/runs/action_001/unseen/evaluation/gpu6_1790339676416556952/episodes/140/COMPLETE.json
discovery_unseen,140,Z6MFQCViBuw,EVIDENCE,0.0,0.0,73,projects/qwen35_indoor_nav/research/continuation_memory_v1/strong_backbone_recovery_v1/recovery_action_v1/runs/action_001/unseen/evaluation/gpu6_1790339676416556952/episodes/140/EVIDENCE/TRACE.jsonl,4e9f55e7acdb3b4c9f175089ec66bef8f40b77670d3cc8b4ab81fb922ceb83fd,projects/qwen35_indoor_nav/research/continuation_memory_v1/strong_backbone_recovery_v1/recovery_action_v1/runs/action_001/unseen/evaluation/gpu6_1790339676416556952/episodes/140/COMPLETE.json
discovery_unseen,141,oLBMNvg9in8,NATIVE,0.0,0.0,500,projects/qwen35_indoor_nav/research/continuation_memory_v1/strong_backbone_recovery_v1/recovery_action_v1/runs/action_001/unseen/evaluation/gpu6_1790339676416556952/episodes/141/NATIVE/TRACE.jsonl,6c8f9835f33211c45a9d31bb0d446be4edc248b70937ef59f9bbe5eed2841942,projects/qwen35_indoor_nav/research/continuation_memory_v1/strong_backbone_recovery_v1/recovery_action_v1/runs/action_001/unseen/evaluation/gpu6_1790339676416556952/episodes/141/COMPLETE.json
discovery_unseen,141,oLBMNvg9in8,EVIDENCE,0.0,0.0,89,projects/qwen35_indoor_nav/research/continuation_memory_v1/strong_backbone_recovery_v1/recovery_action_v1/runs/action_001/unseen/evaluation/gpu6_1790339676416556952/episodes/141/EVIDENCE/TRACE.jsonl,9bc2fabfcbdf5bddffec644912dcbbf024736f17f804637e6748f0ca94eabaee,projects/qwen35_indoor_nav/research/continuation_memory_v1/strong_backbone_recovery_v1/recovery_action_v1/runs/action_001/unseen/evaluation/gpu6_1790339676416556952/episodes/141/COMPLETE.json
discovery_unseen,141,oLBMNvg9in8,CONCAT,0.0,0.0,500,projects/qwen35_indoor_nav/research/continuation_memory_v1/strong_backbone_recovery_v1/recovery_action_v1/runs/action_001/unseen/evaluation/gpu6_1790339676416556952/episodes/141/CONCAT/TRACE.jsonl,503051b13e093f614c734d02814a95e000c5eb15f1c6457c1f2201b9c41f5575,projects/qwen35_indoor_nav/research/continuation_memory_v1/strong_backbone_recovery_v1/recovery_action_v1/runs/action_001/unseen/evaluation/gpu6_1790339676416556952/episodes/141/COMPLETE.json
discovery_unseen,142,zsNo4HB9uLZ,NATIVE,1.0,0.9498985108981148,72,projects/qwen35_indoor_nav/research/continuation_memory_v1/strong_backbone_recovery_v1/recovery_action_v1/runs/action_001/unseen/evaluation/gpu6_1790339676416556952/episodes/142/NATIVE/TRACE.jsonl,ac6a45e1cd0167b3c6a52ff245e277b50bc6dd7b73a26a1749b27d7991f277cb,projects/qwen35_indoor_nav/research/continuation_memory_v1/strong_backbone_recovery_v1/recovery_action_v1/runs/action_001/unseen/evaluation/gpu6_1790339676416556952/episodes/142/COMPLETE.json
discovery_unseen,142,zsNo4HB9uLZ,CONCAT,1.0,0.7980586755416065,81,projects/qwen35_indoor_nav/research/continuation_memory_v1/strong_backbone_recovery_v1/recovery_action_v1/runs/action_001/unseen/evaluation/gpu6_1790339676416556952/episodes/142/CONCAT/TRACE.jsonl,67e915dd099028fef888a2578ba1568ef00d2b6b4a049e6ca4296effaded3022,projects/qwen35_indoor_nav/research/continuation_memory_v1/strong_backbone_recovery_v1/recovery_action_v1/runs/action_001/unseen/evaluation/gpu6_1790339676416556952/episodes/142/COMPLETE.json
discovery_unseen,142,zsNo4HB9uLZ,EVIDENCE,1.0,1.0,73,projects/qwen35_indoor_nav/research/continuation_memory_v1/strong_backbone_recovery_v1/recovery_action_v1/runs/action_001/unseen/evaluation/gpu6_1790339676416556952/episodes/142/EVIDENCE/TRACE.jsonl,1a82455410a460f3a3bb117efb4024544d6c8ca2b0a7487494fbc05ed73d96b5,projects/qwen35_indoor_nav/research/continuation_memory_v1/strong_backbone_recovery_v1/recovery_action_v1/runs/action_001/unseen/evaluation/gpu6_1790339676416556952/episodes/142/COMPLETE.json
discovery_unseen,143,2azQ1b91cZZ,NATIVE,0.0,0.0,136,projects/qwen35_indoor_nav/research/continuation_memory_v1/strong_backbone_recovery_v1/recovery_action_v1/runs/action_001/unseen/evaluation/gpu6_1790339676416556952/episodes/143/NATIVE/TRACE.jsonl,a6c46a3ac9c693316411276867f09c71d309f3c6068844d14bb373ed8fb19115,projects/qwen35_indoor_nav/research/continuation_memory_v1/strong_backbone_recovery_v1/recovery_action_v1/runs/action_001/unseen/evaluation/gpu6_1790339676416556952/episodes/143/COMPLETE.json
discovery_unseen,143,2azQ1b91cZZ,EVIDENCE,0.0,0.0,65,projects/qwen35_indoor_nav/research/continuation_memory_v1/strong_backbone_recovery_v1/recovery_action_v1/runs/action_001/unseen/evaluation/gpu6_1790339676416556952/episodes/143/EVIDENCE/TRACE.jsonl,4638272b8cdcb463aaf1c0e095098d984ab441b5825f16bff55aecf8f55b3099,projects/qwen35_indoor_nav/research/continuation_memory_v1/strong_backbone_recovery_v1/recovery_action_v1/runs/action_001/unseen/evaluation/gpu6_1790339676416556952/episodes/143/COMPLETE.json
discovery_unseen,143,2azQ1b91cZZ,CONCAT,0.0,0.0,122,projects/qwen35_indoor_nav/research/continuation_memory_v1/strong_backbone_recovery_v1/recovery_action_v1/runs/action_001/unseen/evaluation/gpu6_1790339676416556952/episodes/143/CONCAT/TRACE.jsonl,50cb0a52a9f8b47c89888daa9e1c12b2f55c9129035350ce27c615eadf5bfc4f,projects/qwen35_indoor_nav/research/continuation_memory_v1/strong_backbone_recovery_v1/recovery_action_v1/runs/action_001/unseen/evaluation/gpu6_1790339676416556952/episodes/143/COMPLETE.json
discovery_unseen,112,TbHJrupSAjP,NATIVE,1.0,0.9588017408855273,52,projects/qwen35_indoor_nav/research/continuation_memory_v1/strong_backbone_recovery_v1/recovery_action_v1/runs/action_001/unseen/evaluation/gpu7_1790338227115560173/episodes/112/NATIVE/TRACE.jsonl,4361fdaa909e05c103018d0b89dd7f6a82798fe2c17759767b8efffcf2ce9a1a,projects/qwen35_indoor_nav/research/continuation_memory_v1/strong_backbone_recovery_v1/recovery_action_v1/runs/action_001/unseen/evaluation/gpu7_1790338227115560173/episodes/112/COMPLETE.json
discovery_unseen,112,TbHJrupSAjP,CONCAT,1.0,0.9588017408855273,52,projects/qwen35_indoor_nav/research/continuation_memory_v1/strong_backbone_recovery_v1/recovery_action_v1/runs/action_001/unseen/evaluation/gpu7_1790338227115560173/episodes/112/CONCAT/TRACE.jsonl,901408385bc6c803aa05a8154f4e762a98a005d09f9d109b112e3c8ef3403361,projects/qwen35_indoor_nav/research/continuation_memory_v1/strong_backbone_recovery_v1/recovery_action_v1/runs/action_001/unseen/evaluation/gpu7_1790338227115560173/episodes/112/COMPLETE.json
discovery_unseen,112,TbHJrupSAjP,EVIDENCE,1.0,0.9862276499526186,51,projects/qwen35_indoor_nav/research/continuation_memory_v1/strong_backbone_recovery_v1/recovery_action_v1/runs/action_001/unseen/evaluation/gpu7_1790338227115560173/episodes/112/EVIDENCE/TRACE.jsonl,8657a21bfd394675e57594da9afb10c2cb98889a64c6d38a266cef450b7304c3,projects/qwen35_indoor_nav/research/continuation_memory_v1/strong_backbone_recovery_v1/recovery_action_v1/runs/action_001/unseen/evaluation/gpu7_1790338227115560173/episodes/112/COMPLETE.json
discovery_unseen,113,X7HyMhZNoso,NATIVE,1.0,1.0,49,projects/qwen35_indoor_nav/research/continuation_memory_v1/strong_backbone_recovery_v1/recovery_action_v1/runs/action_001/unseen/evaluation/gpu7_1790338227115560173/episodes/113/NATIVE/TRACE.jsonl,a7025725abad49e1247db8f94c7d4ed93fcaa5a1ca06665962fc38f7066ceb11,projects/qwen35_indoor_nav/research/continuation_memory_v1/strong_backbone_recovery_v1/recovery_action_v1/runs/action_001/unseen/evaluation/gpu7_1790338227115560173/episodes/113/COMPLETE.json
discovery_unseen,113,X7HyMhZNoso,EVIDENCE,1.0,1.0,64,projects/qwen35_indoor_nav/research/continuation_memory_v1/strong_backbone_recovery_v1/recovery_action_v1/runs/action_001/unseen/evaluation/gpu7_1790338227115560173/episodes/113/EVIDENCE/TRACE.jsonl,253459b64cffb4bf9799801b15c8a58dfabd22cf45148f6315de0a818005c582,projects/qwen35_indoor_nav/research/continuation_memory_v1/strong_backbone_recovery_v1/recovery_action_v1/runs/action_001/unseen/evaluation/gpu7_1790338227115560173/episodes/113/COMPLETE.json
discovery_unseen,113,X7HyMhZNoso,CONCAT,1.0,0.9435633185110093,66,projects/qwen35_indoor_nav/research/continuation_memory_v1/strong_backbone_recovery_v1/recovery_action_v1/runs/action_001/unseen/evaluation/gpu7_1790338227115560173/episodes/113/CONCAT/TRACE.jsonl,d4a1de6b597dc6f41b566ae8d334d47968d0b8fbf94ff5ca97d8b8959db889a3,projects/qwen35_indoor_nav/research/continuation_memory_v1/strong_backbone_recovery_v1/recovery_action_v1/runs/action_001/unseen/evaluation/gpu7_1790338227115560173/episodes/113/COMPLETE.json
discovery_unseen,114,Z6MFQCViBuw,NATIVE,1.0,0.912483033798216,97,projects/qwen35_indoor_nav/research/continuation_memory_v1/strong_backbone_recovery_v1/recovery_action_v1/runs/action_001/unseen/evaluation/gpu7_1790338227115560173/episodes/114/NATIVE/TRACE.jsonl,3609a2effe7bd7b546f967099dcf201da6546c7d45c3f9301ad27493af46026d,projects/qwen35_indoor_nav/research/continuation_memory_v1/strong_backbone_recovery_v1/recovery_action_v1/runs/action_001/unseen/evaluation/gpu7_1790338227115560173/episodes/114/COMPLETE.json
discovery_unseen,114,Z6MFQCViBuw,CONCAT,1.0,0.912483033798216,97,projects/qwen35_indoor_nav/research/continuation_memory_v1/strong_backbone_recovery_v1/recovery_action_v1/runs/action_001/unseen/evaluation/gpu7_1790338227115560173/episodes/114/CONCAT/TRACE.jsonl,d15dce2963ec02a2f1a730c8c82a5fca44b9d3f89515bcbda1a2994dfd11262e,projects/qwen35_indoor_nav/research/continuation_memory_v1/strong_backbone_recovery_v1/recovery_action_v1/runs/action_001/unseen/evaluation/gpu7_1790338227115560173/episodes/114/COMPLETE.json
discovery_unseen,114,Z6MFQCViBuw,EVIDENCE,1.0,0.971502833351418,95,projects/qwen35_indoor_nav/research/continuation_memory_v1/strong_backbone_recovery_v1/recovery_action_v1/runs/action_001/unseen/evaluation/gpu7_1790338227115560173/episodes/114/EVIDENCE/TRACE.jsonl,197efdd9db10b9c3624fba10565abffb5f01f57680e7c5fd46075b48708f5589,projects/qwen35_indoor_nav/research/continuation_memory_v1/strong_backbone_recovery_v1/recovery_action_v1/runs/action_001/unseen/evaluation/gpu7_1790338227115560173/episodes/114/COMPLETE.json
discovery_unseen,115,oLBMNvg9in8,NATIVE,1.0,0.8283928509403911,51,projects/qwen35_indoor_nav/research/continuation_memory_v1/strong_backbone_recovery_v1/recovery_action_v1/runs/action_001/unseen/evaluation/gpu7_1790338227115560173/episodes/115/NATIVE/TRACE.jsonl,f794b48a4019fc81dac3d37a317e778a8fc4cabff5682a49ae5c89141ffbda4b,projects/qwen35_indoor_nav/research/continuation_memory_v1/strong_backbone_recovery_v1/recovery_action_v1/runs/action_001/unseen/evaluation/gpu7_1790338227115560173/episodes/115/COMPLETE.json
discovery_unseen,115,oLBMNvg9in8,EVIDENCE,1.0,0.8283928509403911,51,projects/qwen35_indoor_nav/research/continuation_memory_v1/strong_backbone_recovery_v1/recovery_action_v1/runs/action_001/unseen/evaluation/gpu7_1790338227115560173/episodes/115/EVIDENCE/TRACE.jsonl,cf1501077e3543700010f2c511a48c1481a09b13e51d8ae2d800f66594bede4b,projects/qwen35_indoor_nav/research/continuation_memory_v1/strong_backbone_recovery_v1/recovery_action_v1/runs/action_001/unseen/evaluation/gpu7_1790338227115560173/episodes/115/COMPLETE.json
discovery_unseen,115,oLBMNvg9in8,CONCAT,1.0,0.8283928509403911,51,projects/qwen35_indoor_nav/research/continuation_memory_v1/strong_backbone_recovery_v1/recovery_action_v1/runs/action_001/unseen/evaluation/gpu7_1790338227115560173/episodes/115/CONCAT/TRACE.jsonl,48a36b87755a50b6e713a34ae5bd69723c46cc737751c9cbd3f69e628565dac4,projects/qwen35_indoor_nav/research/continuation_memory_v1/strong_backbone_recovery_v1/recovery_action_v1/runs/action_001/unseen/evaluation/gpu7_1790338227115560173/episodes/115/COMPLETE.json
discovery_unseen,116,zsNo4HB9uLZ,NATIVE,0.0,0.0,50,projects/qwen35_indoor_nav/research/continuation_memory_v1/strong_backbone_recovery_v1/recovery_action_v1/runs/action_001/unseen/evaluation/gpu7_1790338227115560173/episodes/116/NATIVE/TRACE.jsonl,999b995c7d5c811062ddb24927210cf8159371ea0a7553435a88ee41a59e16bf,projects/qwen35_indoor_nav/research/continuation_memory_v1/strong_backbone_recovery_v1/recovery_action_v1/runs/action_001/unseen/evaluation/gpu7_1790338227115560173/episodes/116/COMPLETE.json
discovery_unseen,116,zsNo4HB9uLZ,CONCAT,0.0,0.0,50,projects/qwen35_indoor_nav/research/continuation_memory_v1/strong_backbone_recovery_v1/recovery_action_v1/runs/action_001/unseen/evaluation/gpu7_1790338227115560173/episodes/116/CONCAT/TRACE.jsonl,0ee64827668b304dcd310ef0b241d6b76b134aa81b3a5042eaa5142837d050ab,projects/qwen35_indoor_nav/research/continuation_memory_v1/strong_backbone_recovery_v1/recovery_action_v1/runs/action_001/unseen/evaluation/gpu7_1790338227115560173/episodes/116/COMPLETE.json
discovery_unseen,116,zsNo4HB9uLZ,EVIDENCE,0.0,0.0,97,projects/qwen35_indoor_nav/research/continuation_memory_v1/strong_backbone_recovery_v1/recovery_action_v1/runs/action_001/unseen/evaluation/gpu7_1790338227115560173/episodes/116/EVIDENCE/TRACE.jsonl,31a7ec4c338057764e736d8efd7e5f0a32f99dfbd15273e3cdab782922bc8eb8,projects/qwen35_indoor_nav/research/continuation_memory_v1/strong_backbone_recovery_v1/recovery_action_v1/runs/action_001/unseen/evaluation/gpu7_1790338227115560173/episodes/116/COMPLETE.json
discovery_unseen,117,2azQ1b91cZZ,NATIVE,1.0,0.9227459476305113,56,projects/qwen35_indoor_nav/research/continuation_memory_v1/strong_backbone_recovery_v1/recovery_action_v1/runs/action_001/unseen/evaluation/gpu7_1790338227115560173/episodes/117/NATIVE/TRACE.jsonl,64bce27f5eb5b068ab5ae32de62be7a2aceee838dab30383db24bb5d6580df0d,projects/qwen35_indoor_nav/research/continuation_memory_v1/strong_backbone_recovery_v1/recovery_action_v1/runs/action_001/unseen/evaluation/gpu7_1790338227115560173/episodes/117/COMPLETE.json
discovery_unseen,117,2azQ1b91cZZ,EVIDENCE,1.0,0.9227459476305113,56,projects/qwen35_indoor_nav/research/continuation_memory_v1/strong_backbone_recovery_v1/recovery_action_v1/runs/action_001/unseen/evaluation/gpu7_1790338227115560173/episodes/117/EVIDENCE/TRACE.jsonl,895ea5371b805e98b2c380bf1102061de533dbc165cfb4cfba43270f510ab162,projects/qwen35_indoor_nav/research/continuation_memory_v1/strong_backbone_recovery_v1/recovery_action_v1/runs/action_001/unseen/evaluation/gpu7_1790338227115560173/episodes/117/COMPLETE.json
discovery_unseen,117,2azQ1b91cZZ,CONCAT,1.0,0.8963866793246346,56,projects/qwen35_indoor_nav/research/continuation_memory_v1/strong_backbone_recovery_v1/recovery_action_v1/runs/action_001/unseen/evaluation/gpu7_1790338227115560173/episodes/117/CONCAT/TRACE.jsonl,a4f904699f6eb90efa4177f1e8385faef035dc7997789dee444481bc18cf1b8b,projects/qwen35_indoor_nav/research/continuation_memory_v1/strong_backbone_recovery_v1/recovery_action_v1/runs/action_001/unseen/evaluation/gpu7_1790338227115560173/episodes/117/COMPLETE.json
discovery_unseen,118,QUCTc6BB5sX,NATIVE,0.0,0.0,54,projects/qwen35_indoor_nav/research/continuation_memory_v1/strong_backbone_recovery_v1/recovery_action_v1/runs/action_001/unseen/evaluation/gpu7_1790338227115560173/episodes/118/NATIVE/TRACE.jsonl,2c465d46539a654123e7c40a2e15afa6708331ad4160dde3b0118779c319fe42,projects/qwen35_indoor_nav/research/continuation_memory_v1/strong_backbone_recovery_v1/recovery_action_v1/runs/action_001/unseen/evaluation/gpu7_1790338227115560173/episodes/118/COMPLETE.json
discovery_unseen,118,QUCTc6BB5sX,CONCAT,0.0,0.0,54,projects/qwen35_indoor_nav/research/continuation_memory_v1/strong_backbone_recovery_v1/recovery_action_v1/runs/action_001/unseen/evaluation/gpu7_1790338227115560173/episodes/118/CONCAT/TRACE.jsonl,3f67303c918bfc45c0795161b4bd3cb0a5ab6f85c471df027ffb84d0821d8c62,projects/qwen35_indoor_nav/research/continuation_memory_v1/strong_backbone_recovery_v1/recovery_action_v1/runs/action_001/unseen/evaluation/gpu7_1790338227115560173/episodes/118/COMPLETE.json
discovery_unseen,118,QUCTc6BB5sX,EVIDENCE,0.0,0.0,54,projects/qwen35_indoor_nav/research/continuation_memory_v1/strong_backbone_recovery_v1/recovery_action_v1/runs/action_001/unseen/evaluation/gpu7_1790338227115560173/episodes/118/EVIDENCE/TRACE.jsonl,f3cbccdb761e9929c971b8cf94c65e13fc3b975c7b7cfd2733b2b67f47b85283,projects/qwen35_indoor_nav/research/continuation_memory_v1/strong_backbone_recovery_v1/recovery_action_v1/runs/action_001/unseen/evaluation/gpu7_1790338227115560173/episodes/118/COMPLETE.json
discovery_unseen,119,TbHJrupSAjP,NATIVE,1.0,1.0,53,projects/qwen35_indoor_nav/research/continuation_memory_v1/strong_backbone_recovery_v1/recovery_action_v1/runs/action_001/unseen/evaluation/gpu7_1790338227115560173/episodes/119/NATIVE/TRACE.jsonl,5f6b039272bc8b09eb8491cf49c372fac85de3dc03085500b40dd0a28225741b,projects/qwen35_indoor_nav/research/continuation_memory_v1/strong_backbone_recovery_v1/recovery_action_v1/runs/action_001/unseen/evaluation/gpu7_1790338227115560173/episodes/119/COMPLETE.json
discovery_unseen,119,TbHJrupSAjP,EVIDENCE,1.0,1.0,53,projects/qwen35_indoor_nav/research/continuation_memory_v1/strong_backbone_recovery_v1/recovery_action_v1/runs/action_001/unseen/evaluation/gpu7_1790338227115560173/episodes/119/EVIDENCE/TRACE.jsonl,01a04e9e4a3c76fef8dd1b0a9f4bbb2a5581653703523999f94041a5c993bf03,projects/qwen35_indoor_nav/research/continuation_memory_v1/strong_backbone_recovery_v1/recovery_action_v1/runs/action_001/unseen/evaluation/gpu7_1790338227115560173/episodes/119/COMPLETE.json
discovery_unseen,119,TbHJrupSAjP,CONCAT,1.0,1.0,53,projects/qwen35_indoor_nav/research/continuation_memory_v1/strong_backbone_recovery_v1/recovery_action_v1/runs/action_001/unseen/evaluation/gpu7_1790338227115560173/episodes/119/CONCAT/TRACE.jsonl,0e0a619b1b2892c38e272dc30fb7e3d3ad257ea4564e8e465b04190279e8416a,projects/qwen35_indoor_nav/research/continuation_memory_v1/strong_backbone_recovery_v1/recovery_action_v1/runs/action_001/unseen/evaluation/gpu7_1790338227115560173/episodes/119/COMPLETE.json
discovery_unseen,120,X7HyMhZNoso,NATIVE,1.0,0.7624012090569866,123,projects/qwen35_indoor_nav/research/continuation_memory_v1/strong_backbone_recovery_v1/recovery_action_v1/runs/action_001/unseen/evaluation/gpu7_1790338227115560173/episodes/120/NATIVE/TRACE.jsonl,83780b55a0f741f85d478a5810d7ebc3bfe13cd8651a8ecb17c8430bdc59940c,projects/qwen35_indoor_nav/research/continuation_memory_v1/strong_backbone_recovery_v1/recovery_action_v1/runs/action_001/unseen/evaluation/gpu7_1790338227115560173/episodes/120/COMPLETE.json
discovery_unseen,120,X7HyMhZNoso,CONCAT,1.0,0.7922337999401744,125,projects/qwen35_indoor_nav/research/continuation_memory_v1/strong_backbone_recovery_v1/recovery_action_v1/runs/action_001/unseen/evaluation/gpu7_1790338227115560173/episodes/120/CONCAT/TRACE.jsonl,34b91c8dcdce1fc5d98dfcbaf5286b2ffe4c16e5fb3c1ee5f8d5b4b72ee1917b,projects/qwen35_indoor_nav/research/continuation_memory_v1/strong_backbone_recovery_v1/recovery_action_v1/runs/action_001/unseen/evaluation/gpu7_1790338227115560173/episodes/120/COMPLETE.json
discovery_unseen,120,X7HyMhZNoso,EVIDENCE,0.0,0.0,129,projects/qwen35_indoor_nav/research/continuation_memory_v1/strong_backbone_recovery_v1/recovery_action_v1/runs/action_001/unseen/evaluation/gpu7_1790338227115560173/episodes/120/EVIDENCE/TRACE.jsonl,413cd8566bf5546be3ccc91c8b0668bbe419f3cb2f3b10ca400af1555c20577b,projects/qwen35_indoor_nav/research/continuation_memory_v1/strong_backbone_recovery_v1/recovery_action_v1/runs/action_001/unseen/evaluation/gpu7_1790338227115560173/episodes/120/COMPLETE.json
discovery_unseen,121,Z6MFQCViBuw,NATIVE,1.0,0.4552618181668667,170,projects/qwen35_indoor_nav/research/continuation_memory_v1/strong_backbone_recovery_v1/recovery_action_v1/runs/action_001/unseen/evaluation/gpu7_1790338227115560173/episodes/121/NATIVE/TRACE.jsonl,be3dd2a88c3e10a70fcb92a909329dab6122253b9d510b67f58407291d45b05c,projects/qwen35_indoor_nav/research/continuation_memory_v1/strong_backbone_recovery_v1/recovery_action_v1/runs/action_001/unseen/evaluation/gpu7_1790338227115560173/episodes/121/COMPLETE.json
discovery_unseen,121,Z6MFQCViBuw,EVIDENCE,0.0,0.0,129,projects/qwen35_indoor_nav/research/continuation_memory_v1/strong_backbone_recovery_v1/recovery_action_v1/runs/action_001/unseen/evaluation/gpu7_1790338227115560173/episodes/121/EVIDENCE/TRACE.jsonl,17471c0dcdce340ef215d8fe1cb17617991c7360b7c7836ab9f1e2c3eb7356bb,projects/qwen35_indoor_nav/research/continuation_memory_v1/strong_backbone_recovery_v1/recovery_action_v1/runs/action_001/unseen/evaluation/gpu7_1790338227115560173/episodes/121/COMPLETE.json
discovery_unseen,121,Z6MFQCViBuw,CONCAT,1.0,0.4552618181668667,170,projects/qwen35_indoor_nav/research/continuation_memory_v1/strong_backbone_recovery_v1/recovery_action_v1/runs/action_001/unseen/evaluation/gpu7_1790338227115560173/episodes/121/CONCAT/TRACE.jsonl,85481450056a4b20926001afcfa70accc07c288d5cc6ee4507885840fc03daf0,projects/qwen35_indoor_nav/research/continuation_memory_v1/strong_backbone_recovery_v1/recovery_action_v1/runs/action_001/unseen/evaluation/gpu7_1790338227115560173/episodes/121/COMPLETE.json
discovery_unseen,122,oLBMNvg9in8,NATIVE,1.0,0.8439152168191714,56,projects/qwen35_indoor_nav/research/continuation_memory_v1/strong_backbone_recovery_v1/recovery_action_v1/runs/action_001/unseen/evaluation/gpu7_1790338227115560173/episodes/122/NATIVE/TRACE.jsonl,1e25e9c429576c684246f37413deddac96f9aaeb42dd80a0fc129377d1d4441e,projects/qwen35_indoor_nav/research/continuation_memory_v1/strong_backbone_recovery_v1/recovery_action_v1/runs/action_001/unseen/evaluation/gpu7_1790338227115560173/episodes/122/COMPLETE.json
discovery_unseen,122,oLBMNvg9in8,CONCAT,1.0,0.8439152168191714,56,projects/qwen35_indoor_nav/research/continuation_memory_v1/strong_backbone_recovery_v1/recovery_action_v1/runs/action_001/unseen/evaluation/gpu7_1790338227115560173/episodes/122/CONCAT/TRACE.jsonl,c5ad76d271b84398d9124a8d7fda146e8c994a763665ac975dea174be067b9df,projects/qwen35_indoor_nav/research/continuation_memory_v1/strong_backbone_recovery_v1/recovery_action_v1/runs/action_001/unseen/evaluation/gpu7_1790338227115560173/episodes/122/COMPLETE.json
discovery_unseen,122,oLBMNvg9in8,EVIDENCE,1.0,0.8439152168191714,56,projects/qwen35_indoor_nav/research/continuation_memory_v1/strong_backbone_recovery_v1/recovery_action_v1/runs/action_001/unseen/evaluation/gpu7_1790338227115560173/episodes/122/EVIDENCE/TRACE.jsonl,b7677a86758ecf3fc23370fa6f6582720a3a864e50db042890c235c6a60cc0dc,projects/qwen35_indoor_nav/research/continuation_memory_v1/strong_backbone_recovery_v1/recovery_action_v1/runs/action_001/unseen/evaluation/gpu7_1790338227115560173/episodes/122/COMPLETE.json
discovery_unseen,123,zsNo4HB9uLZ,NATIVE,1.0,0.9082559563782026,60,projects/qwen35_indoor_nav/research/continuation_memory_v1/strong_backbone_recovery_v1/recovery_action_v1/runs/action_001/unseen/evaluation/gpu7_1790338227115560173/episodes/123/NATIVE/TRACE.jsonl,b1e142707cfbb3781111b7f727247dec1c417fe56921a6ed770f89aa4e14af0f,projects/qwen35_indoor_nav/research/continuation_memory_v1/strong_backbone_recovery_v1/recovery_action_v1/runs/action_001/unseen/evaluation/gpu7_1790338227115560173/episodes/123/COMPLETE.json
discovery_unseen,123,zsNo4HB9uLZ,EVIDENCE,1.0,0.9321574175548513,59,projects/qwen35_indoor_nav/research/continuation_memory_v1/strong_backbone_recovery_v1/recovery_action_v1/runs/action_001/unseen/evaluation/gpu7_1790338227115560173/episodes/123/EVIDENCE/TRACE.jsonl,e28c2dd4e041fb8b616c90cb718ad036592a0c99e39b6ebc7b7bce51e3a30c2b,projects/qwen35_indoor_nav/research/continuation_memory_v1/strong_backbone_recovery_v1/recovery_action_v1/runs/action_001/unseen/evaluation/gpu7_1790338227115560173/episodes/123/COMPLETE.json
discovery_unseen,123,zsNo4HB9uLZ,CONCAT,1.0,0.8237670474193487,70,projects/qwen35_indoor_nav/research/continuation_memory_v1/strong_backbone_recovery_v1/recovery_action_v1/runs/action_001/unseen/evaluation/gpu7_1790338227115560173/episodes/123/CONCAT/TRACE.jsonl,674f725a9358a87d7e3cef7fb20c30af5f3358fd903bfb681be01ee55038467a,projects/qwen35_indoor_nav/research/continuation_memory_v1/strong_backbone_recovery_v1/recovery_action_v1/runs/action_001/unseen/evaluation/gpu7_1790338227115560173/episodes/123/COMPLETE.json
discovery_unseen,124,2azQ1b91cZZ,NATIVE,0.0,0.0,62,projects/qwen35_indoor_nav/research/continuation_memory_v1/strong_backbone_recovery_v1/recovery_action_v1/runs/action_001/unseen/evaluation/gpu7_1790338227115560173/episodes/124/NATIVE/TRACE.jsonl,514ef6819b7267608a2e9c42b9e8556917515e8fb26a1e3f8bc937fe8299c62c,projects/qwen35_indoor_nav/research/continuation_memory_v1/strong_backbone_recovery_v1/recovery_action_v1/runs/action_001/unseen/evaluation/gpu7_1790338227115560173/episodes/124/COMPLETE.json
discovery_unseen,124,2azQ1b91cZZ,CONCAT,0.0,0.0,59,projects/qwen35_indoor_nav/research/continuation_memory_v1/strong_backbone_recovery_v1/recovery_action_v1/runs/action_001/unseen/evaluation/gpu7_1790338227115560173/episodes/124/CONCAT/TRACE.jsonl,e3d4cbd463af4593ad60eeacc0708eeed5d48f1f9b6ec25556a1dcb22664c858,projects/qwen35_indoor_nav/research/continuation_memory_v1/strong_backbone_recovery_v1/recovery_action_v1/runs/action_001/unseen/evaluation/gpu7_1790338227115560173/episodes/124/COMPLETE.json
discovery_unseen,124,2azQ1b91cZZ,EVIDENCE,0.0,0.0,59,projects/qwen35_indoor_nav/research/continuation_memory_v1/strong_backbone_recovery_v1/recovery_action_v1/runs/action_001/unseen/evaluation/gpu7_1790338227115560173/episodes/124/EVIDENCE/TRACE.jsonl,613f01b44a03d81f6c07606f90ca6013c15c9bf66cab67c0b5f19737badd84fe,projects/qwen35_indoor_nav/research/continuation_memory_v1/strong_backbone_recovery_v1/recovery_action_v1/runs/action_001/unseen/evaluation/gpu7_1790338227115560173/episodes/124/COMPLETE.json
discovery_unseen,125,QUCTc6BB5sX,NATIVE,1.0,0.9793350530328652,58,projects/qwen35_indoor_nav/research/continuation_memory_v1/strong_backbone_recovery_v1/recovery_action_v1/runs/action_001/unseen/evaluation/gpu7_1790338227115560173/episodes/125/NATIVE/TRACE.jsonl,a5a4c5cf77bf3cc31f6c75899ad7d85715fbb889e0e7b61fc06146bf29fdf33d,projects/qwen35_indoor_nav/research/continuation_memory_v1/strong_backbone_recovery_v1/recovery_action_v1/runs/action_001/unseen/evaluation/gpu7_1790338227115560173/episodes/125/COMPLETE.json
discovery_unseen,125,QUCTc6BB5sX,EVIDENCE,1.0,0.9369697323507606,70,projects/qwen35_indoor_nav/research/continuation_memory_v1/strong_backbone_recovery_v1/recovery_action_v1/runs/action_001/unseen/evaluation/gpu7_1790338227115560173/episodes/125/EVIDENCE/TRACE.jsonl,234f14f26d1120866f3b4d52e10b649124447d6ea00788f0ecf3cd90f60a6718,projects/qwen35_indoor_nav/research/continuation_memory_v1/strong_backbone_recovery_v1/recovery_action_v1/runs/action_001/unseen/evaluation/gpu7_1790338227115560173/episodes/125/COMPLETE.json
discovery_unseen,125,QUCTc6BB5sX,CONCAT,1.0,0.9793350530328652,58,projects/qwen35_indoor_nav/research/continuation_memory_v1/strong_backbone_recovery_v1/recovery_action_v1/runs/action_001/unseen/evaluation/gpu7_1790338227115560173/episodes/125/CONCAT/TRACE.jsonl,6e55e152c9b359c3c3cfe20421cfc5348b78fe7020fa6f69ac226415dccb7fc8,projects/qwen35_indoor_nav/research/continuation_memory_v1/strong_backbone_recovery_v1/recovery_action_v1/runs/action_001/unseen/evaluation/gpu7_1790338227115560173/episodes/125/COMPLETE.json
discovery_unseen,126,TbHJrupSAjP,NATIVE,1.0,1.0,41,projects/qwen35_indoor_nav/research/continuation_memory_v1/strong_backbone_recovery_v1/recovery_action_v1/runs/action_001/unseen/evaluation/gpu7_1790338227115560173/episodes/126/NATIVE/TRACE.jsonl,75d6c4ad263a5b5e3b78eab2c7c8eadf52eb698bd4b538a295fdad4523553bac,projects/qwen35_indoor_nav/research/continuation_memory_v1/strong_backbone_recovery_v1/recovery_action_v1/runs/action_001/unseen/evaluation/gpu7_1790338227115560173/episodes/126/COMPLETE.json
discovery_unseen,126,TbHJrupSAjP,CONCAT,1.0,1.0,41,projects/qwen35_indoor_nav/research/continuation_memory_v1/strong_backbone_recovery_v1/recovery_action_v1/runs/action_001/unseen/evaluation/gpu7_1790338227115560173/episodes/126/CONCAT/TRACE.jsonl,a7771a2faa8988011e3ce78ec094a021921718c6f1b8e03ed8bd4a683f4ea5a9,projects/qwen35_indoor_nav/research/continuation_memory_v1/strong_backbone_recovery_v1/recovery_action_v1/runs/action_001/unseen/evaluation/gpu7_1790338227115560173/episodes/126/COMPLETE.json
discovery_unseen,126,TbHJrupSAjP,EVIDENCE,1.0,1.0,41,projects/qwen35_indoor_nav/research/continuation_memory_v1/strong_backbone_recovery_v1/recovery_action_v1/runs/action_001/unseen/evaluation/gpu7_1790338227115560173/episodes/126/EVIDENCE/TRACE.jsonl,5dd3e2bcfee32843cc18e0fea94115ab7286d16f737dda568fa10d246511faf9,projects/qwen35_indoor_nav/research/continuation_memory_v1/strong_backbone_recovery_v1/recovery_action_v1/runs/action_001/unseen/evaluation/gpu7_1790338227115560173/episodes/126/COMPLETE.json
discovery_unseen,127,X7HyMhZNoso,NATIVE,1.0,0.9484302418916049,52,projects/qwen35_indoor_nav/research/continuation_memory_v1/strong_backbone_recovery_v1/recovery_action_v1/runs/action_001/unseen/evaluation/gpu7_1790338227115560173/episodes/127/NATIVE/TRACE.jsonl,e0d620e7d78c0939600b0ff84d716f0c563af03d5fa02666a36e3d487082779a,projects/qwen35_indoor_nav/research/continuation_memory_v1/strong_backbone_recovery_v1/recovery_action_v1/runs/action_001/unseen/evaluation/gpu7_1790338227115560173/episodes/127/COMPLETE.json
discovery_unseen,127,X7HyMhZNoso,EVIDENCE,1.0,0.9484302418916049,52,projects/qwen35_indoor_nav/research/continuation_memory_v1/strong_backbone_recovery_v1/recovery_action_v1/runs/action_001/unseen/evaluation/gpu7_1790338227115560173/episodes/127/EVIDENCE/TRACE.jsonl,a219ec0c9a4b74d78fcabe1907adaa7d15521084427090e4815455bcf9044e6c,projects/qwen35_indoor_nav/research/continuation_memory_v1/strong_backbone_recovery_v1/recovery_action_v1/runs/action_001/unseen/evaluation/gpu7_1790338227115560173/episodes/127/COMPLETE.json
discovery_unseen,127,X7HyMhZNoso,CONCAT,1.0,0.9484302418916049,52,projects/qwen35_indoor_nav/research/continuation_memory_v1/strong_backbone_recovery_v1/recovery_action_v1/runs/action_001/unseen/evaluation/gpu7_1790338227115560173/episodes/127/CONCAT/TRACE.jsonl,6d37934820d95ededa31febf439f4f8da6042739517ea89793b7e928b9e6265e,projects/qwen35_indoor_nav/research/continuation_memory_v1/strong_backbone_recovery_v1/recovery_action_v1/runs/action_001/unseen/evaluation/gpu7_1790338227115560173/episodes/127/COMPLETE.json
discovery_unseen,176,QUCTc6BB5sX,NATIVE,1.0,0.8622637190668896,86,projects/qwen35_indoor_nav/research/continuation_memory_v1/strong_backbone_recovery_v1/recovery_action_v1/runs/action_001/unseen/evaluation/gpu7_1790339799631730997/episodes/176/NATIVE/TRACE.jsonl,155573ff3e3356a6a312afbe92939f545c71e9224aa971330ed32fe4665b8267,projects/qwen35_indoor_nav/research/continuation_memory_v1/strong_backbone_recovery_v1/recovery_action_v1/runs/action_001/unseen/evaluation/gpu7_1790339799631730997/episodes/176/COMPLETE.json
discovery_unseen,176,QUCTc6BB5sX,CONCAT,1.0,0.8622637190668896,86,projects/qwen35_indoor_nav/research/continuation_memory_v1/strong_backbone_recovery_v1/recovery_action_v1/runs/action_001/unseen/evaluation/gpu7_1790339799631730997/episodes/176/CONCAT/TRACE.jsonl,c4782e376372b3cda3791d2467f0781c6cc21daac30daf8e9e0e6b51f16fa931,projects/qwen35_indoor_nav/research/continuation_memory_v1/strong_backbone_recovery_v1/recovery_action_v1/runs/action_001/unseen/evaluation/gpu7_1790339799631730997/episodes/176/COMPLETE.json
discovery_unseen,176,QUCTc6BB5sX,EVIDENCE,1.0,0.8622637190668896,86,projects/qwen35_indoor_nav/research/continuation_memory_v1/strong_backbone_recovery_v1/recovery_action_v1/runs/action_001/unseen/evaluation/gpu7_1790339799631730997/episodes/176/EVIDENCE/TRACE.jsonl,6d6d3d11ecd35ead279e70999abb51f6aa90029dcb39289ea7bce6a3ac3e0672,projects/qwen35_indoor_nav/research/continuation_memory_v1/strong_backbone_recovery_v1/recovery_action_v1/runs/action_001/unseen/evaluation/gpu7_1790339799631730997/episodes/176/COMPLETE.json
discovery_unseen,177,TbHJrupSAjP,NATIVE,1.0,0.9333525263063952,58,projects/qwen35_indoor_nav/research/continuation_memory_v1/strong_backbone_recovery_v1/recovery_action_v1/runs/action_001/unseen/evaluation/gpu7_1790339799631730997/episodes/177/NATIVE/TRACE.jsonl,08788f78ecb44465d08a8ead945b306647c45723dc1507f59326e524c950eeeb,projects/qwen35_indoor_nav/research/continuation_memory_v1/strong_backbone_recovery_v1/recovery_action_v1/runs/action_001/unseen/evaluation/gpu7_1790339799631730997/episodes/177/COMPLETE.json
discovery_unseen,177,TbHJrupSAjP,EVIDENCE,1.0,0.9333525263063952,58,projects/qwen35_indoor_nav/research/continuation_memory_v1/strong_backbone_recovery_v1/recovery_action_v1/runs/action_001/unseen/evaluation/gpu7_1790339799631730997/episodes/177/EVIDENCE/TRACE.jsonl,82ebea34ca47a6cc29e86f0a6948b1f3fb0b969735536f99283bba55da1b30c1,projects/qwen35_indoor_nav/research/continuation_memory_v1/strong_backbone_recovery_v1/recovery_action_v1/runs/action_001/unseen/evaluation/gpu7_1790339799631730997/episodes/177/COMPLETE.json
discovery_unseen,177,TbHJrupSAjP,CONCAT,1.0,0.9333525263063952,58,projects/qwen35_indoor_nav/research/continuation_memory_v1/strong_backbone_recovery_v1/recovery_action_v1/runs/action_001/unseen/evaluation/gpu7_1790339799631730997/episodes/177/CONCAT/TRACE.jsonl,0d23f83bcd6ccc3b1de4c9b177676020a52bd0ab70f3d0579738dbf6f588a62e,projects/qwen35_indoor_nav/research/continuation_memory_v1/strong_backbone_recovery_v1/recovery_action_v1/runs/action_001/unseen/evaluation/gpu7_1790339799631730997/episodes/177/COMPLETE.json
discovery_unseen,178,zsNo4HB9uLZ,NATIVE,1.0,0.9951024714623625,53,projects/qwen35_indoor_nav/research/continuation_memory_v1/strong_backbone_recovery_v1/recovery_action_v1/runs/action_001/unseen/evaluation/gpu7_1790339799631730997/episodes/178/NATIVE/TRACE.jsonl,522d7b220b9828b8719b32e410f1e34d6b1ad22a19bd5d7ac6eb7b77d88ba108,projects/qwen35_indoor_nav/research/continuation_memory_v1/strong_backbone_recovery_v1/recovery_action_v1/runs/action_001/unseen/evaluation/gpu7_1790339799631730997/episodes/178/COMPLETE.json
discovery_unseen,178,zsNo4HB9uLZ,CONCAT,1.0,0.9951024714623625,53,projects/qwen35_indoor_nav/research/continuation_memory_v1/strong_backbone_recovery_v1/recovery_action_v1/runs/action_001/unseen/evaluation/gpu7_1790339799631730997/episodes/178/CONCAT/TRACE.jsonl,92285597858c1411b4f1faf37ec94543aaa452cf29765a78675b24d84ead35c3,projects/qwen35_indoor_nav/research/continuation_memory_v1/strong_backbone_recovery_v1/recovery_action_v1/runs/action_001/unseen/evaluation/gpu7_1790339799631730997/episodes/178/COMPLETE.json
discovery_unseen,178,zsNo4HB9uLZ,EVIDENCE,1.0,0.9951024714623625,53,projects/qwen35_indoor_nav/research/continuation_memory_v1/strong_backbone_recovery_v1/recovery_action_v1/runs/action_001/unseen/evaluation/gpu7_1790339799631730997/episodes/178/EVIDENCE/TRACE.jsonl,b68991e100f1608d3c61d966c422d342a9250a6e4614904f67b40c4457acdfc3,projects/qwen35_indoor_nav/research/continuation_memory_v1/strong_backbone_recovery_v1/recovery_action_v1/runs/action_001/unseen/evaluation/gpu7_1790339799631730997/episodes/178/COMPLETE.json
discovery_unseen,179,2azQ1b91cZZ,NATIVE,1.0,0.7902383769988544,54,projects/qwen35_indoor_nav/research/continuation_memory_v1/strong_backbone_recovery_v1/recovery_action_v1/runs/action_001/unseen/evaluation/gpu7_1790339799631730997/episodes/179/NATIVE/TRACE.jsonl,262717bfc48638f59b8bd4e3546b1f00c55ab66e154d9d794775f98bf398eb91,projects/qwen35_indoor_nav/research/continuation_memory_v1/strong_backbone_recovery_v1/recovery_action_v1/runs/action_001/unseen/evaluation/gpu7_1790339799631730997/episodes/179/COMPLETE.json
discovery_unseen,179,2azQ1b91cZZ,EVIDENCE,1.0,0.7902383886724663,55,projects/qwen35_indoor_nav/research/continuation_memory_v1/strong_backbone_recovery_v1/recovery_action_v1/runs/action_001/unseen/evaluation/gpu7_1790339799631730997/episodes/179/EVIDENCE/TRACE.jsonl,c9162bfe8a951aa0248433f963285916ae98dc5951c3843e63f851f42bc901a8,projects/qwen35_indoor_nav/research/continuation_memory_v1/strong_backbone_recovery_v1/recovery_action_v1/runs/action_001/unseen/evaluation/gpu7_1790339799631730997/episodes/179/COMPLETE.json
discovery_unseen,179,2azQ1b91cZZ,CONCAT,1.0,0.7902383769988544,54,projects/qwen35_indoor_nav/research/continuation_memory_v1/strong_backbone_recovery_v1/recovery_action_v1/runs/action_001/unseen/evaluation/gpu7_1790339799631730997/episodes/179/CONCAT/TRACE.jsonl,c0fbe0d2c6b7ca103d8e7ee78448a4dbbfdc2f2943d22b4542016c3cd0e88c17,projects/qwen35_indoor_nav/research/continuation_memory_v1/strong_backbone_recovery_v1/recovery_action_v1/runs/action_001/unseen/evaluation/gpu7_1790339799631730997/episodes/179/COMPLETE.json
discovery_unseen,180,QUCTc6BB5sX,NATIVE,1.0,1.0,48,projects/qwen35_indoor_nav/research/continuation_memory_v1/strong_backbone_recovery_v1/recovery_action_v1/runs/action_001/unseen/evaluation/gpu7_1790339799631730997/episodes/180/NATIVE/TRACE.jsonl,794f8a67118b6d9b5ae94ad0a5f82d2027886812ac5d4ef4212a5de216738a3f,projects/qwen35_indoor_nav/research/continuation_memory_v1/strong_backbone_recovery_v1/recovery_action_v1/runs/action_001/unseen/evaluation/gpu7_1790339799631730997/episodes/180/COMPLETE.json
discovery_unseen,180,QUCTc6BB5sX,CONCAT,1.0,1.0,48,projects/qwen35_indoor_nav/research/continuation_memory_v1/strong_backbone_recovery_v1/recovery_action_v1/runs/action_001/unseen/evaluation/gpu7_1790339799631730997/episodes/180/CONCAT/TRACE.jsonl,c04fda361d0df63ece57c4bf3f4b0f108194444ea764d6e66216664cecd65cf0,projects/qwen35_indoor_nav/research/continuation_memory_v1/strong_backbone_recovery_v1/recovery_action_v1/runs/action_001/unseen/evaluation/gpu7_1790339799631730997/episodes/180/COMPLETE.json
discovery_unseen,180,QUCTc6BB5sX,EVIDENCE,1.0,1.0,48,projects/qwen35_indoor_nav/research/continuation_memory_v1/strong_backbone_recovery_v1/recovery_action_v1/runs/action_001/unseen/evaluation/gpu7_1790339799631730997/episodes/180/EVIDENCE/TRACE.jsonl,06ceffc60c89e6eea389c97aa48da74440e78cce4baffde9b97456b97e6a7e55,projects/qwen35_indoor_nav/research/continuation_memory_v1/strong_backbone_recovery_v1/recovery_action_v1/runs/action_001/unseen/evaluation/gpu7_1790339799631730997/episodes/180/COMPLETE.json
discovery_unseen,181,TbHJrupSAjP,NATIVE,1.0,0.9808866325814386,46,projects/qwen35_indoor_nav/research/continuation_memory_v1/strong_backbone_recovery_v1/recovery_action_v1/runs/action_001/unseen/evaluation/gpu7_1790339799631730997/episodes/181/NATIVE/TRACE.jsonl,fd7fb6a79bc029a43e23b72f98aa90743a56df43c8ff3dbdec8c4bc737e7eedf,projects/qwen35_indoor_nav/research/continuation_memory_v1/strong_backbone_recovery_v1/recovery_action_v1/runs/action_001/unseen/evaluation/gpu7_1790339799631730997/episodes/181/COMPLETE.json
discovery_unseen,181,TbHJrupSAjP,EVIDENCE,1.0,0.9808866325814386,46,projects/qwen35_indoor_nav/research/continuation_memory_v1/strong_backbone_recovery_v1/recovery_action_v1/runs/action_001/unseen/evaluation/gpu7_1790339799631730997/episodes/181/EVIDENCE/TRACE.jsonl,8b499ac671a65d681e7c2a776fc8ed20e36e209c0b261cb0cdf4c7e917d1f491,projects/qwen35_indoor_nav/research/continuation_memory_v1/strong_backbone_recovery_v1/recovery_action_v1/runs/action_001/unseen/evaluation/gpu7_1790339799631730997/episodes/181/COMPLETE.json
discovery_unseen,181,TbHJrupSAjP,CONCAT,1.0,0.9808866325814386,46,projects/qwen35_indoor_nav/research/continuation_memory_v1/strong_backbone_recovery_v1/recovery_action_v1/runs/action_001/unseen/evaluation/gpu7_1790339799631730997/episodes/181/CONCAT/TRACE.jsonl,9e56ef73c476d1b1adb226774ff77e446592544204a7acc070eb8986bb3d8cda,projects/qwen35_indoor_nav/research/continuation_memory_v1/strong_backbone_recovery_v1/recovery_action_v1/runs/action_001/unseen/evaluation/gpu7_1790339799631730997/episodes/181/COMPLETE.json
discovery_unseen,182,zsNo4HB9uLZ,NATIVE,1.0,1.0,54,projects/qwen35_indoor_nav/research/continuation_memory_v1/strong_backbone_recovery_v1/recovery_action_v1/runs/action_001/unseen/evaluation/gpu7_1790339799631730997/episodes/182/NATIVE/TRACE.jsonl,b52f629b8928f79bb46844dd88a757115ed5da102365e5896ae8f71d5af214de,projects/qwen35_indoor_nav/research/continuation_memory_v1/strong_backbone_recovery_v1/recovery_action_v1/runs/action_001/unseen/evaluation/gpu7_1790339799631730997/episodes/182/COMPLETE.json
discovery_unseen,182,zsNo4HB9uLZ,CONCAT,1.0,1.0,54,projects/qwen35_indoor_nav/research/continuation_memory_v1/strong_backbone_recovery_v1/recovery_action_v1/runs/action_001/unseen/evaluation/gpu7_1790339799631730997/episodes/182/CONCAT/TRACE.jsonl,c501794c6c915775a62920931338c5b36cca0d08b13356f1552c7f6e74410ffa,projects/qwen35_indoor_nav/research/continuation_memory_v1/strong_backbone_recovery_v1/recovery_action_v1/runs/action_001/unseen/evaluation/gpu7_1790339799631730997/episodes/182/COMPLETE.json
discovery_unseen,182,zsNo4HB9uLZ,EVIDENCE,1.0,1.0,54,projects/qwen35_indoor_nav/research/continuation_memory_v1/strong_backbone_recovery_v1/recovery_action_v1/runs/action_001/unseen/evaluation/gpu7_1790339799631730997/episodes/182/EVIDENCE/TRACE.jsonl,44d28675e2ce139535a6ca97716d274ebc70f4be6f8837238f11b0440f8f6f18,projects/qwen35_indoor_nav/research/continuation_memory_v1/strong_backbone_recovery_v1/recovery_action_v1/runs/action_001/unseen/evaluation/gpu7_1790339799631730997/episodes/182/COMPLETE.json
discovery_unseen,183,2azQ1b91cZZ,NATIVE,1.0,1.0,44,projects/qwen35_indoor_nav/research/continuation_memory_v1/strong_backbone_recovery_v1/recovery_action_v1/runs/action_001/unseen/evaluation/gpu7_1790339799631730997/episodes/183/NATIVE/TRACE.jsonl,9ed535dc075e7d5251437579ade58bc78d5ac3a9f44f1bf0acad1cc4c37cc0b0,projects/qwen35_indoor_nav/research/continuation_memory_v1/strong_backbone_recovery_v1/recovery_action_v1/runs/action_001/unseen/evaluation/gpu7_1790339799631730997/episodes/183/COMPLETE.json
discovery_unseen,183,2azQ1b91cZZ,EVIDENCE,1.0,0.968032872175466,46,projects/qwen35_indoor_nav/research/continuation_memory_v1/strong_backbone_recovery_v1/recovery_action_v1/runs/action_001/unseen/evaluation/gpu7_1790339799631730997/episodes/183/EVIDENCE/TRACE.jsonl,1655d76d8c712295c6772ebc4e9f9f4177b319913359526010101c9edb22361d,projects/qwen35_indoor_nav/research/continuation_memory_v1/strong_backbone_recovery_v1/recovery_action_v1/runs/action_001/unseen/evaluation/gpu7_1790339799631730997/episodes/183/COMPLETE.json
discovery_unseen,183,2azQ1b91cZZ,CONCAT,1.0,1.0,44,projects/qwen35_indoor_nav/research/continuation_memory_v1/strong_backbone_recovery_v1/recovery_action_v1/runs/action_001/unseen/evaluation/gpu7_1790339799631730997/episodes/183/CONCAT/TRACE.jsonl,83d548042b87f25cf44a615b1b4f2cc744b59e130d3585d50da27a7540498308,projects/qwen35_indoor_nav/research/continuation_memory_v1/strong_backbone_recovery_v1/recovery_action_v1/runs/action_001/unseen/evaluation/gpu7_1790339799631730997/episodes/183/COMPLETE.json
discovery_unseen,184,QUCTc6BB5sX,NATIVE,1.0,0.9196355277045893,63,projects/qwen35_indoor_nav/research/continuation_memory_v1/strong_backbone_recovery_v1/recovery_action_v1/runs/action_001/unseen/evaluation/gpu7_1790339799631730997/episodes/184/NATIVE/TRACE.jsonl,246b60267a557b8b70ce28d29e4010837d3d1591eb06fb903f2c52b26dab46d7,projects/qwen35_indoor_nav/research/continuation_memory_v1/strong_backbone_recovery_v1/recovery_action_v1/runs/action_001/unseen/evaluation/gpu7_1790339799631730997/episodes/184/COMPLETE.json
discovery_unseen,184,QUCTc6BB5sX,CONCAT,1.0,0.9196355277045893,63,projects/qwen35_indoor_nav/research/continuation_memory_v1/strong_backbone_recovery_v1/recovery_action_v1/runs/action_001/unseen/evaluation/gpu7_1790339799631730997/episodes/184/CONCAT/TRACE.jsonl,bef3a87bf40db077445beb14a5cd5bc62b9dacafca1786bf7f7a958df893d13d,projects/qwen35_indoor_nav/research/continuation_memory_v1/strong_backbone_recovery_v1/recovery_action_v1/runs/action_001/unseen/evaluation/gpu7_1790339799631730997/episodes/184/COMPLETE.json
discovery_unseen,184,QUCTc6BB5sX,EVIDENCE,1.0,0.9196355277045893,63,projects/qwen35_indoor_nav/research/continuation_memory_v1/strong_backbone_recovery_v1/recovery_action_v1/runs/action_001/unseen/evaluation/gpu7_1790339799631730997/episodes/184/EVIDENCE/TRACE.jsonl,c7dda2dd5a6c95c7149cd911d2fcde1c44bd8d6a81b758903f7afb1093c11e60,projects/qwen35_indoor_nav/research/continuation_memory_v1/strong_backbone_recovery_v1/recovery_action_v1/runs/action_001/unseen/evaluation/gpu7_1790339799631730997/episodes/184/COMPLETE.json
discovery_unseen,185,TbHJrupSAjP,NATIVE,1.0,0.7165729210481523,45,projects/qwen35_indoor_nav/research/continuation_memory_v1/strong_backbone_recovery_v1/recovery_action_v1/runs/action_001/unseen/evaluation/gpu7_1790339799631730997/episodes/185/NATIVE/TRACE.jsonl,b422ed733048a7c2bd6ca18db1aaed08dcb3da721f8d80721145dc99bc070a62,projects/qwen35_indoor_nav/research/continuation_memory_v1/strong_backbone_recovery_v1/recovery_action_v1/runs/action_001/unseen/evaluation/gpu7_1790339799631730997/episodes/185/COMPLETE.json
discovery_unseen,185,TbHJrupSAjP,EVIDENCE,1.0,0.694218586507205,46,projects/qwen35_indoor_nav/research/continuation_memory_v1/strong_backbone_recovery_v1/recovery_action_v1/runs/action_001/unseen/evaluation/gpu7_1790339799631730997/episodes/185/EVIDENCE/TRACE.jsonl,2f41a7dd5da7512de563fefa5512efa2e20c011ee7e06dfec5bafa7808d7c2ce,projects/qwen35_indoor_nav/research/continuation_memory_v1/strong_backbone_recovery_v1/recovery_action_v1/runs/action_001/unseen/evaluation/gpu7_1790339799631730997/episodes/185/COMPLETE.json
discovery_unseen,185,TbHJrupSAjP,CONCAT,1.0,0.694218586507205,46,projects/qwen35_indoor_nav/research/continuation_memory_v1/strong_backbone_recovery_v1/recovery_action_v1/runs/action_001/unseen/evaluation/gpu7_1790339799631730997/episodes/185/CONCAT/TRACE.jsonl,0071fa828284c533abac0a9a3bc30a13830b7231cc95063c2256e1cac32f80e4,projects/qwen35_indoor_nav/research/continuation_memory_v1/strong_backbone_recovery_v1/recovery_action_v1/runs/action_001/unseen/evaluation/gpu7_1790339799631730997/episodes/185/COMPLETE.json
discovery_unseen,186,zsNo4HB9uLZ,NATIVE,0.0,0.0,76,projects/qwen35_indoor_nav/research/continuation_memory_v1/strong_backbone_recovery_v1/recovery_action_v1/runs/action_001/unseen/evaluation/gpu7_1790339799631730997/episodes/186/NATIVE/TRACE.jsonl,f4a7ff58bd9f194b1a0e580dd21cf3989e7e117efeb348654ed355aa39ca280f,projects/qwen35_indoor_nav/research/continuation_memory_v1/strong_backbone_recovery_v1/recovery_action_v1/runs/action_001/unseen/evaluation/gpu7_1790339799631730997/episodes/186/COMPLETE.json
discovery_unseen,186,zsNo4HB9uLZ,CONCAT,0.0,0.0,91,projects/qwen35_indoor_nav/research/continuation_memory_v1/strong_backbone_recovery_v1/recovery_action_v1/runs/action_001/unseen/evaluation/gpu7_1790339799631730997/episodes/186/CONCAT/TRACE.jsonl,7da2a943ed4339ddaeec2e75d1fc10783fad23df278b64782b5cda8faf86b858,projects/qwen35_indoor_nav/research/continuation_memory_v1/strong_backbone_recovery_v1/recovery_action_v1/runs/action_001/unseen/evaluation/gpu7_1790339799631730997/episodes/186/COMPLETE.json
discovery_unseen,186,zsNo4HB9uLZ,EVIDENCE,0.0,0.0,97,projects/qwen35_indoor_nav/research/continuation_memory_v1/strong_backbone_recovery_v1/recovery_action_v1/runs/action_001/unseen/evaluation/gpu7_1790339799631730997/episodes/186/EVIDENCE/TRACE.jsonl,a5734dd02ff307d8b6cd5db074d6e05e8f9953151515279042b0120605545baa,projects/qwen35_indoor_nav/research/continuation_memory_v1/strong_backbone_recovery_v1/recovery_action_v1/runs/action_001/unseen/evaluation/gpu7_1790339799631730997/episodes/186/COMPLETE.json
discovery_unseen,187,2azQ1b91cZZ,NATIVE,1.0,1.0,56,projects/qwen35_indoor_nav/research/continuation_memory_v1/strong_backbone_recovery_v1/recovery_action_v1/runs/action_001/unseen/evaluation/gpu7_1790339799631730997/episodes/187/NATIVE/TRACE.jsonl,0b60d4a9f56e42c614309113cda0527211ccf9226a265c1ad4bb37f1880fc8a2,projects/qwen35_indoor_nav/research/continuation_memory_v1/strong_backbone_recovery_v1/recovery_action_v1/runs/action_001/unseen/evaluation/gpu7_1790339799631730997/episodes/187/COMPLETE.json
discovery_unseen,187,2azQ1b91cZZ,EVIDENCE,1.0,1.0,56,projects/qwen35_indoor_nav/research/continuation_memory_v1/strong_backbone_recovery_v1/recovery_action_v1/runs/action_001/unseen/evaluation/gpu7_1790339799631730997/episodes/187/EVIDENCE/TRACE.jsonl,283d746b71b76933dfffc24b2fb998ecd37c381ec79cc96ef7c3fa742cde3a5e,projects/qwen35_indoor_nav/research/continuation_memory_v1/strong_backbone_recovery_v1/recovery_action_v1/runs/action_001/unseen/evaluation/gpu7_1790339799631730997/episodes/187/COMPLETE.json
discovery_unseen,187,2azQ1b91cZZ,CONCAT,1.0,1.0,56,projects/qwen35_indoor_nav/research/continuation_memory_v1/strong_backbone_recovery_v1/recovery_action_v1/runs/action_001/unseen/evaluation/gpu7_1790339799631730997/episodes/187/CONCAT/TRACE.jsonl,be3abe8266aa8dcf0fcde9abbad355cf84bf9d7be919b5bc806c39258ce59cda,projects/qwen35_indoor_nav/research/continuation_memory_v1/strong_backbone_recovery_v1/recovery_action_v1/runs/action_001/unseen/evaluation/gpu7_1790339799631730997/episodes/187/COMPLETE.json
discovery_unseen,188,QUCTc6BB5sX,NATIVE,0.0,0.0,74,projects/qwen35_indoor_nav/research/continuation_memory_v1/strong_backbone_recovery_v1/recovery_action_v1/runs/action_001/unseen/evaluation/gpu7_1790339799631730997/episodes/188/NATIVE/TRACE.jsonl,cae9f5ebc7686c4599b74f50ad32be57288c04aa8e058367aa6f95d858db4ded,projects/qwen35_indoor_nav/research/continuation_memory_v1/strong_backbone_recovery_v1/recovery_action_v1/runs/action_001/unseen/evaluation/gpu7_1790339799631730997/episodes/188/COMPLETE.json
discovery_unseen,188,QUCTc6BB5sX,CONCAT,0.0,0.0,74,projects/qwen35_indoor_nav/research/continuation_memory_v1/strong_backbone_recovery_v1/recovery_action_v1/runs/action_001/unseen/evaluation/gpu7_1790339799631730997/episodes/188/CONCAT/TRACE.jsonl,9702490a54823e79a1d85b178d13dd7cb0095a1b23e55d590080c702bf831763,projects/qwen35_indoor_nav/research/continuation_memory_v1/strong_backbone_recovery_v1/recovery_action_v1/runs/action_001/unseen/evaluation/gpu7_1790339799631730997/episodes/188/COMPLETE.json
discovery_unseen,188,QUCTc6BB5sX,EVIDENCE,0.0,0.0,73,projects/qwen35_indoor_nav/research/continuation_memory_v1/strong_backbone_recovery_v1/recovery_action_v1/runs/action_001/unseen/evaluation/gpu7_1790339799631730997/episodes/188/EVIDENCE/TRACE.jsonl,d53cb15b153d5e88010fc1981f373935df2eb194111c530d79c4031d16a2a567,projects/qwen35_indoor_nav/research/continuation_memory_v1/strong_backbone_recovery_v1/recovery_action_v1/runs/action_001/unseen/evaluation/gpu7_1790339799631730997/episodes/188/COMPLETE.json
discovery_unseen,189,TbHJrupSAjP,NATIVE,1.0,1.0,54,projects/qwen35_indoor_nav/research/continuation_memory_v1/strong_backbone_recovery_v1/recovery_action_v1/runs/action_001/unseen/evaluation/gpu7_1790339799631730997/episodes/189/NATIVE/TRACE.jsonl,b3b47a7de033e94b3098590e18580c8352588a26dcf5d808627a0a7bacbbaa52,projects/qwen35_indoor_nav/research/continuation_memory_v1/strong_backbone_recovery_v1/recovery_action_v1/runs/action_001/unseen/evaluation/gpu7_1790339799631730997/episodes/189/COMPLETE.json
discovery_unseen,189,TbHJrupSAjP,EVIDENCE,1.0,1.0,54,projects/qwen35_indoor_nav/research/continuation_memory_v1/strong_backbone_recovery_v1/recovery_action_v1/runs/action_001/unseen/evaluation/gpu7_1790339799631730997/episodes/189/EVIDENCE/TRACE.jsonl,be64e57b837bca7500584d2a56d1a44c69ba3bd5526ec084359fd4e07a1556d4,projects/qwen35_indoor_nav/research/continuation_memory_v1/strong_backbone_recovery_v1/recovery_action_v1/runs/action_001/unseen/evaluation/gpu7_1790339799631730997/episodes/189/COMPLETE.json
discovery_unseen,189,TbHJrupSAjP,CONCAT,1.0,1.0,54,projects/qwen35_indoor_nav/research/continuation_memory_v1/strong_backbone_recovery_v1/recovery_action_v1/runs/action_001/unseen/evaluation/gpu7_1790339799631730997/episodes/189/CONCAT/TRACE.jsonl,d2652b72973b59f1f7389e3e747ad6178b50723dd6480e4f18943ae771dacd07,projects/qwen35_indoor_nav/research/continuation_memory_v1/strong_backbone_recovery_v1/recovery_action_v1/runs/action_001/unseen/evaluation/gpu7_1790339799631730997/episodes/189/COMPLETE.json
discovery_unseen,190,zsNo4HB9uLZ,NATIVE,0.0,0.0,81,projects/qwen35_indoor_nav/research/continuation_memory_v1/strong_backbone_recovery_v1/recovery_action_v1/runs/action_001/unseen/evaluation/gpu7_1790339799631730997/episodes/190/NATIVE/TRACE.jsonl,9980965487d38c6488c8ad837fcd7bc12d9e27350d6d41004433beac9f723f9b,projects/qwen35_indoor_nav/research/continuation_memory_v1/strong_backbone_recovery_v1/recovery_action_v1/runs/action_001/unseen/evaluation/gpu7_1790339799631730997/episodes/190/COMPLETE.json
discovery_unseen,190,zsNo4HB9uLZ,CONCAT,0.0,0.0,88,projects/qwen35_indoor_nav/research/continuation_memory_v1/strong_backbone_recovery_v1/recovery_action_v1/runs/action_001/unseen/evaluation/gpu7_1790339799631730997/episodes/190/CONCAT/TRACE.jsonl,7a94c48c53f35f5d8f3931cebe9bfba2ff0151525e1c7f055d3716965ff4e72c,projects/qwen35_indoor_nav/research/continuation_memory_v1/strong_backbone_recovery_v1/recovery_action_v1/runs/action_001/unseen/evaluation/gpu7_1790339799631730997/episodes/190/COMPLETE.json
discovery_unseen,190,zsNo4HB9uLZ,EVIDENCE,0.0,0.0,61,projects/qwen35_indoor_nav/research/continuation_memory_v1/strong_backbone_recovery_v1/recovery_action_v1/runs/action_001/unseen/evaluation/gpu7_1790339799631730997/episodes/190/EVIDENCE/TRACE.jsonl,e5644ad840c9dd7b676765442eefe7c72dca990e2266b3ae70849de4e814efc9,projects/qwen35_indoor_nav/research/continuation_memory_v1/strong_backbone_recovery_v1/recovery_action_v1/runs/action_001/unseen/evaluation/gpu7_1790339799631730997/episodes/190/COMPLETE.json
discovery_unseen,191,QUCTc6BB5sX,NATIVE,1.0,1.0,52,projects/qwen35_indoor_nav/research/continuation_memory_v1/strong_backbone_recovery_v1/recovery_action_v1/runs/action_001/unseen/evaluation/gpu7_1790339799631730997/episodes/191/NATIVE/TRACE.jsonl,06eac10b3b7472cc66e709075eaca6bcfad30391528481179a06f91804e947f6,projects/qwen35_indoor_nav/research/continuation_memory_v1/strong_backbone_recovery_v1/recovery_action_v1/runs/action_001/unseen/evaluation/gpu7_1790339799631730997/episodes/191/COMPLETE.json
discovery_unseen,191,QUCTc6BB5sX,EVIDENCE,1.0,1.0,49,projects/qwen35_indoor_nav/research/continuation_memory_v1/strong_backbone_recovery_v1/recovery_action_v1/runs/action_001/unseen/evaluation/gpu7_1790339799631730997/episodes/191/EVIDENCE/TRACE.jsonl,154a05b5938ecb7c6cb6fb8007b98a9cd3cb066025d9f7c935fdc61471414edb,projects/qwen35_indoor_nav/research/continuation_memory_v1/strong_backbone_recovery_v1/recovery_action_v1/runs/action_001/unseen/evaluation/gpu7_1790339799631730997/episodes/191/COMPLETE.json
discovery_unseen,191,QUCTc6BB5sX,CONCAT,1.0,1.0,49,projects/qwen35_indoor_nav/research/continuation_memory_v1/strong_backbone_recovery_v1/recovery_action_v1/runs/action_001/unseen/evaluation/gpu7_1790339799631730997/episodes/191/CONCAT/TRACE.jsonl,211da1cafcd527111aca0344c0a4a84b22d409c58fb333b74282434cb6554b37,projects/qwen35_indoor_nav/research/continuation_memory_v1/strong_backbone_recovery_v1/recovery_action_v1/runs/action_001/unseen/evaluation/gpu7_1790339799631730997/episodes/191/COMPLETE.json
confirmation_dev,18,17DRP5sb8fy,NATIVE,0.0,0.0,96,projects/qwen35_indoor_nav/research/continuation_memory_v1/strong_backbone_recovery_v1/recovery_confirmation_v2/runs/confirmation_001/dev/evaluation/gpu0_1790343704809491420/episodes/18/NATIVE/TRACE.jsonl,deccf522ba17245ea19fbf31e5bedfd8003a93cb50ea03279c5d024b0313499e,projects/qwen35_indoor_nav/research/continuation_memory_v1/strong_backbone_recovery_v1/recovery_confirmation_v2/runs/confirmation_001/dev/evaluation/gpu0_1790343704809491420/episodes/18/COMPLETE.json
confirmation_dev,18,17DRP5sb8fy,CONCAT_s42,0.0,0.0,96,projects/qwen35_indoor_nav/research/continuation_memory_v1/strong_backbone_recovery_v1/recovery_confirmation_v2/runs/confirmation_001/dev/evaluation/gpu0_1790343704809491420/episodes/18/CONCAT_s42/TRACE.jsonl,c349d4b4c85faffe767ced7bd3e56e7187afb595c94267ae82325adc41f620f7,projects/qwen35_indoor_nav/research/continuation_memory_v1/strong_backbone_recovery_v1/recovery_confirmation_v2/runs/confirmation_001/dev/evaluation/gpu0_1790343704809491420/episodes/18/COMPLETE.json
confirmation_dev,18,17DRP5sb8fy,LOCAL_s42,0.0,0.0,96,projects/qwen35_indoor_nav/research/continuation_memory_v1/strong_backbone_recovery_v1/recovery_confirmation_v2/runs/confirmation_001/dev/evaluation/gpu0_1790343704809491420/episodes/18/LOCAL_s42/TRACE.jsonl,1a840384c649af92aaf1c74bc3395175f45073f76a09e07a5d53095fa1b07156,projects/qwen35_indoor_nav/research/continuation_memory_v1/strong_backbone_recovery_v1/recovery_confirmation_v2/runs/confirmation_001/dev/evaluation/gpu0_1790343704809491420/episodes/18/COMPLETE.json
confirmation_dev,18,17DRP5sb8fy,CONCAT_s43,0.0,0.0,96,projects/qwen35_indoor_nav/research/continuation_memory_v1/strong_backbone_recovery_v1/recovery_confirmation_v2/runs/confirmation_001/dev/evaluation/gpu0_1790343704809491420/episodes/18/CONCAT_s43/TRACE.jsonl,e624b9a165381d0aa6468f5dfc6eabb46ebf33d0bf24b1535a12a2226fc4ed19,projects/qwen35_indoor_nav/research/continuation_memory_v1/strong_backbone_recovery_v1/recovery_confirmation_v2/runs/confirmation_001/dev/evaluation/gpu0_1790343704809491420/episodes/18/COMPLETE.json
confirmation_dev,18,17DRP5sb8fy,LOCAL_s43,0.0,0.0,104,projects/qwen35_indoor_nav/research/continuation_memory_v1/strong_backbone_recovery_v1/recovery_confirmation_v2/runs/confirmation_001/dev/evaluation/gpu0_1790343704809491420/episodes/18/LOCAL_s43/TRACE.jsonl,21162fabd8b6ec1dcd9dac62397022317d5621ea2ff76d44ed721d325e6a38b9,projects/qwen35_indoor_nav/research/continuation_memory_v1/strong_backbone_recovery_v1/recovery_confirmation_v2/runs/confirmation_001/dev/evaluation/gpu0_1790343704809491420/episodes/18/COMPLETE.json
confirmation_dev,18,17DRP5sb8fy,CONCAT_s44,0.0,0.0,99,projects/qwen35_indoor_nav/research/continuation_memory_v1/strong_backbone_recovery_v1/recovery_confirmation_v2/runs/confirmation_001/dev/evaluation/gpu0_1790343704809491420/episodes/18/CONCAT_s44/TRACE.jsonl,b95dc27e3cc8a4a4fabb1486b50b83b9a938b17e8f93ce87a3b9f2d67c851928,projects/qwen35_indoor_nav/research/continuation_memory_v1/strong_backbone_recovery_v1/recovery_confirmation_v2/runs/confirmation_001/dev/evaluation/gpu0_1790343704809491420/episodes/18/COMPLETE.json
confirmation_dev,18,17DRP5sb8fy,LOCAL_s44,0.0,0.0,104,projects/qwen35_indoor_nav/research/continuation_memory_v1/strong_backbone_recovery_v1/recovery_confirmation_v2/runs/confirmation_001/dev/evaluation/gpu0_1790343704809491420/episodes/18/LOCAL_s44/TRACE.jsonl,d4dc7397d2ae7658104e39d7c72a2c5560ac60f1c46649640e7b09869c88f0a2,projects/qwen35_indoor_nav/research/continuation_memory_v1/strong_backbone_recovery_v1/recovery_confirmation_v2/runs/confirmation_001/dev/evaluation/gpu0_1790343704809491420/episodes/18/COMPLETE.json
confirmation_dev,33,r1Q1Z4BcV1o,NATIVE,0.0,0.0,85,projects/qwen35_indoor_nav/research/continuation_memory_v1/strong_backbone_recovery_v1/recovery_confirmation_v2/runs/confirmation_001/dev/evaluation/gpu0_1790343704809491420/episodes/33/NATIVE/TRACE.jsonl,9fe34bcb54cf3f6a802e926eadbf4ca3d1811ffc1f435c73069c922b95b3470a,projects/qwen35_indoor_nav/research/continuation_memory_v1/strong_backbone_recovery_v1/recovery_confirmation_v2/runs/confirmation_001/dev/evaluation/gpu0_1790343704809491420/episodes/33/COMPLETE.json
confirmation_dev,33,r1Q1Z4BcV1o,LOCAL_s43,0.0,0.0,77,projects/qwen35_indoor_nav/research/continuation_memory_v1/strong_backbone_recovery_v1/recovery_confirmation_v2/runs/confirmation_001/dev/evaluation/gpu0_1790343704809491420/episodes/33/LOCAL_s43/TRACE.jsonl,157f79761ebaae013a5dff56fc49dbc06bd953e1204e2047f40a265d40c772a4,projects/qwen35_indoor_nav/research/continuation_memory_v1/strong_backbone_recovery_v1/recovery_confirmation_v2/runs/confirmation_001/dev/evaluation/gpu0_1790343704809491420/episodes/33/COMPLETE.json
confirmation_dev,33,r1Q1Z4BcV1o,CONCAT_s44,0.0,0.0,77,projects/qwen35_indoor_nav/research/continuation_memory_v1/strong_backbone_recovery_v1/recovery_confirmation_v2/runs/confirmation_001/dev/evaluation/gpu0_1790343704809491420/episodes/33/CONCAT_s44/TRACE.jsonl,cb59b85828ce3b9d8c876f445c521b2009213e9c8ecc1831652cf632a24aff94,projects/qwen35_indoor_nav/research/continuation_memory_v1/strong_backbone_recovery_v1/recovery_confirmation_v2/runs/confirmation_001/dev/evaluation/gpu0_1790343704809491420/episodes/33/COMPLETE.json
confirmation_dev,33,r1Q1Z4BcV1o,LOCAL_s44,0.0,0.0,77,projects/qwen35_indoor_nav/research/continuation_memory_v1/strong_backbone_recovery_v1/recovery_confirmation_v2/runs/confirmation_001/dev/evaluation/gpu0_1790343704809491420/episodes/33/LOCAL_s44/TRACE.jsonl,ec5f04359933dc1ffa99550610311e57827f74c450827d99a948c768264e976e,projects/qwen35_indoor_nav/research/continuation_memory_v1/strong_backbone_recovery_v1/recovery_confirmation_v2/runs/confirmation_001/dev/evaluation/gpu0_1790343704809491420/episodes/33/COMPLETE.json
confirmation_dev,33,r1Q1Z4BcV1o,CONCAT_s42,0.0,0.0,77,projects/qwen35_indoor_nav/research/continuation_memory_v1/strong_backbone_recovery_v1/recovery_confirmation_v2/runs/confirmation_001/dev/evaluation/gpu0_1790343704809491420/episodes/33/CONCAT_s42/TRACE.jsonl,6fdc2e4a9850abdc8a011638f6378177b514bb3573e1f07fb879d0e0bef7e43c,projects/qwen35_indoor_nav/research/continuation_memory_v1/strong_backbone_recovery_v1/recovery_confirmation_v2/runs/confirmation_001/dev/evaluation/gpu0_1790343704809491420/episodes/33/COMPLETE.json
confirmation_dev,33,r1Q1Z4BcV1o,LOCAL_s42,0.0,0.0,77,projects/qwen35_indoor_nav/research/continuation_memory_v1/strong_backbone_recovery_v1/recovery_confirmation_v2/runs/confirmation_001/dev/evaluation/gpu0_1790343704809491420/episodes/33/LOCAL_s42/TRACE.jsonl,970b43e98e770e494b955fca0202b7c7f65a01fad080b846b7dd83584df00367,projects/qwen35_indoor_nav/research/continuation_memory_v1/strong_backbone_recovery_v1/recovery_confirmation_v2/runs/confirmation_001/dev/evaluation/gpu0_1790343704809491420/episodes/33/COMPLETE.json
confirmation_dev,33,r1Q1Z4BcV1o,CONCAT_s43,0.0,0.0,77,projects/qwen35_indoor_nav/research/continuation_memory_v1/strong_backbone_recovery_v1/recovery_confirmation_v2/runs/confirmation_001/dev/evaluation/gpu0_1790343704809491420/episodes/33/CONCAT_s43/TRACE.jsonl,28cf4f2411816e0d4830b553c5ebf5579a96694257bdfaa571e07f576d662524,projects/qwen35_indoor_nav/research/continuation_memory_v1/strong_backbone_recovery_v1/recovery_confirmation_v2/runs/confirmation_001/dev/evaluation/gpu0_1790343704809491420/episodes/33/COMPLETE.json
confirmation_dev,34,uNb9QFRL6hY,NATIVE,0.0,0.0,73,projects/qwen35_indoor_nav/research/continuation_memory_v1/strong_backbone_recovery_v1/recovery_confirmation_v2/runs/confirmation_001/dev/evaluation/gpu0_1790343704809491420/episodes/34/NATIVE/TRACE.jsonl,71cbaf9a4132fdb5eae97b8d4591db880e447519935b1c5c66d748289b8371ef,projects/qwen35_indoor_nav/research/continuation_memory_v1/strong_backbone_recovery_v1/recovery_confirmation_v2/runs/confirmation_001/dev/evaluation/gpu0_1790343704809491420/episodes/34/COMPLETE.json
confirmation_dev,34,uNb9QFRL6hY,CONCAT_s44,0.0,0.0,73,projects/qwen35_indoor_nav/research/continuation_memory_v1/strong_backbone_recovery_v1/recovery_confirmation_v2/runs/confirmation_001/dev/evaluation/gpu0_1790343704809491420/episodes/34/CONCAT_s44/TRACE.jsonl,555818bfb0a715648c79ca49a03b5a5bf5318dac71ea234e5aa06ccc8f7ffd1c,projects/qwen35_indoor_nav/research/continuation_memory_v1/strong_backbone_recovery_v1/recovery_confirmation_v2/runs/confirmation_001/dev/evaluation/gpu0_1790343704809491420/episodes/34/COMPLETE.json
confirmation_dev,34,uNb9QFRL6hY,LOCAL_s44,0.0,0.0,73,projects/qwen35_indoor_nav/research/continuation_memory_v1/strong_backbone_recovery_v1/recovery_confirmation_v2/runs/confirmation_001/dev/evaluation/gpu0_1790343704809491420/episodes/34/LOCAL_s44/TRACE.jsonl,acb51eccfd0e373631e4f62fdb39e6c4d7ec1f1effc6f1bf15ffc17972054045,projects/qwen35_indoor_nav/research/continuation_memory_v1/strong_backbone_recovery_v1/recovery_confirmation_v2/runs/confirmation_001/dev/evaluation/gpu0_1790343704809491420/episodes/34/COMPLETE.json
confirmation_dev,34,uNb9QFRL6hY,CONCAT_s42,0.0,0.0,73,projects/qwen35_indoor_nav/research/continuation_memory_v1/strong_backbone_recovery_v1/recovery_confirmation_v2/runs/confirmation_001/dev/evaluation/gpu0_1790343704809491420/episodes/34/CONCAT_s42/TRACE.jsonl,fb5e16bb43c34ab1b17c59a968d78a97ee40a5077da9d7c8ba5feffbaa3fde37,projects/qwen35_indoor_nav/research/continuation_memory_v1/strong_backbone_recovery_v1/recovery_confirmation_v2/runs/confirmation_001/dev/evaluation/gpu0_1790343704809491420/episodes/34/COMPLETE.json
confirmation_dev,34,uNb9QFRL6hY,LOCAL_s42,0.0,0.0,73,projects/qwen35_indoor_nav/research/continuation_memory_v1/strong_backbone_recovery_v1/recovery_confirmation_v2/runs/confirmation_001/dev/evaluation/gpu0_1790343704809491420/episodes/34/LOCAL_s42/TRACE.jsonl,75a153b4ad9e68a87b5f2d098b2e86e6353cf5462d1681702b23f0b028252dc4,projects/qwen35_indoor_nav/research/continuation_memory_v1/strong_backbone_recovery_v1/recovery_confirmation_v2/runs/confirmation_001/dev/evaluation/gpu0_1790343704809491420/episodes/34/COMPLETE.json
confirmation_dev,34,uNb9QFRL6hY,CONCAT_s43,0.0,0.0,73,projects/qwen35_indoor_nav/research/continuation_memory_v1/strong_backbone_recovery_v1/recovery_confirmation_v2/runs/confirmation_001/dev/evaluation/gpu0_1790343704809491420/episodes/34/CONCAT_s43/TRACE.jsonl,2aa0ed9e9706b61297a265487b5da19de49f9ecbf35a8268df4065ba67933fe0,projects/qwen35_indoor_nav/research/continuation_memory_v1/strong_backbone_recovery_v1/recovery_confirmation_v2/runs/confirmation_001/dev/evaluation/gpu0_1790343704809491420/episodes/34/COMPLETE.json
confirmation_dev,34,uNb9QFRL6hY,LOCAL_s43,0.0,0.0,73,projects/qwen35_indoor_nav/research/continuation_memory_v1/strong_backbone_recovery_v1/recovery_confirmation_v2/runs/confirmation_001/dev/evaluation/gpu0_1790343704809491420/episodes/34/LOCAL_s43/TRACE.jsonl,f5834a9ea1d13410a305a1ae1844eb37c65aa63132d24c7728dd4bab17fd9606,projects/qwen35_indoor_nav/research/continuation_memory_v1/strong_backbone_recovery_v1/recovery_confirmation_v2/runs/confirmation_001/dev/evaluation/gpu0_1790343704809491420/episodes/34/COMPLETE.json
confirmation_dev,35,uNb9QFRL6hY,NATIVE,0.0,0.0,73,projects/qwen35_indoor_nav/research/continuation_memory_v1/strong_backbone_recovery_v1/recovery_confirmation_v2/runs/confirmation_001/dev/evaluation/gpu0_1790343704809491420/episodes/35/NATIVE/TRACE.jsonl,b26580ebdbadc0a33b1f8b57159e887b60bc17e2dd8c0211b1877c3415c8e4df,projects/qwen35_indoor_nav/research/continuation_memory_v1/strong_backbone_recovery_v1/recovery_confirmation_v2/runs/confirmation_001/dev/evaluation/gpu0_1790343704809491420/episodes/35/COMPLETE.json
confirmation_dev,35,uNb9QFRL6hY,LOCAL_s44,0.0,0.0,73,projects/qwen35_indoor_nav/research/continuation_memory_v1/strong_backbone_recovery_v1/recovery_confirmation_v2/runs/confirmation_001/dev/evaluation/gpu0_1790343704809491420/episodes/35/LOCAL_s44/TRACE.jsonl,cb94a41d6b3f99315ac9b6a2284d403a576160e0b7e8763c6b616fae1ca10901,projects/qwen35_indoor_nav/research/continuation_memory_v1/strong_backbone_recovery_v1/recovery_confirmation_v2/runs/confirmation_001/dev/evaluation/gpu0_1790343704809491420/episodes/35/COMPLETE.json
confirmation_dev,35,uNb9QFRL6hY,CONCAT_s42,0.0,0.0,73,projects/qwen35_indoor_nav/research/continuation_memory_v1/strong_backbone_recovery_v1/recovery_confirmation_v2/runs/confirmation_001/dev/evaluation/gpu0_1790343704809491420/episodes/35/CONCAT_s42/TRACE.jsonl,5690b2cec5fe852a3a2f45509b3a5d58ad143fc779a7f89753a868541d8f03ca,projects/qwen35_indoor_nav/research/continuation_memory_v1/strong_backbone_recovery_v1/recovery_confirmation_v2/runs/confirmation_001/dev/evaluation/gpu0_1790343704809491420/episodes/35/COMPLETE.json
confirmation_dev,35,uNb9QFRL6hY,LOCAL_s42,0.0,0.0,73,projects/qwen35_indoor_nav/research/continuation_memory_v1/strong_backbone_recovery_v1/recovery_confirmation_v2/runs/confirmation_001/dev/evaluation/gpu0_1790343704809491420/episodes/35/LOCAL_s42/TRACE.jsonl,22c2c9d20d170efd80c2d6af7fb85603edb88d3e184312a4bf834e9179e4434e,projects/qwen35_indoor_nav/research/continuation_memory_v1/strong_backbone_recovery_v1/recovery_confirmation_v2/runs/confirmation_001/dev/evaluation/gpu0_1790343704809491420/episodes/35/COMPLETE.json
confirmation_dev,35,uNb9QFRL6hY,CONCAT_s43,0.0,0.0,73,projects/qwen35_indoor_nav/research/continuation_memory_v1/strong_backbone_recovery_v1/recovery_confirmation_v2/runs/confirmation_001/dev/evaluation/gpu0_1790343704809491420/episodes/35/CONCAT_s43/TRACE.jsonl,170179d642df5f15b5fe961345744622125a9c5a83f7fa2e795ebddbafd0f01f,projects/qwen35_indoor_nav/research/continuation_memory_v1/strong_backbone_recovery_v1/recovery_confirmation_v2/runs/confirmation_001/dev/evaluation/gpu0_1790343704809491420/episodes/35/COMPLETE.json
confirmation_dev,35,uNb9QFRL6hY,LOCAL_s43,0.0,0.0,73,projects/qwen35_indoor_nav/research/continuation_memory_v1/strong_backbone_recovery_v1/recovery_confirmation_v2/runs/confirmation_001/dev/evaluation/gpu0_1790343704809491420/episodes/35/LOCAL_s43/TRACE.jsonl,e1399d562004217e63bedec4433f57b69900a1db17993d4db39cf1d7c6d3278f,projects/qwen35_indoor_nav/research/continuation_memory_v1/strong_backbone_recovery_v1/recovery_confirmation_v2/runs/confirmation_001/dev/evaluation/gpu0_1790343704809491420/episodes/35/COMPLETE.json
confirmation_dev,35,uNb9QFRL6hY,CONCAT_s44,0.0,0.0,73,projects/qwen35_indoor_nav/research/continuation_memory_v1/strong_backbone_recovery_v1/recovery_confirmation_v2/runs/confirmation_001/dev/evaluation/gpu0_1790343704809491420/episodes/35/CONCAT_s44/TRACE.jsonl,a484fb0b1cfb95d3ded49bf03d49fe2a9ca8b3ef3648569516fb9ed043ec7837,projects/qwen35_indoor_nav/research/continuation_memory_v1/strong_backbone_recovery_v1/recovery_confirmation_v2/runs/confirmation_001/dev/evaluation/gpu0_1790343704809491420/episodes/35/COMPLETE.json
confirmation_dev,43,17DRP5sb8fy,NATIVE,0.0,0.0,64,projects/qwen35_indoor_nav/research/continuation_memory_v1/strong_backbone_recovery_v1/recovery_confirmation_v2/runs/confirmation_001/dev/evaluation/gpu0_1790343704809491420/episodes/43/NATIVE/TRACE.jsonl,74116ff15c6c1a0755e150516caecbf4e64e0fde95a3b001abd611fbbf6ac917,projects/qwen35_indoor_nav/research/continuation_memory_v1/strong_backbone_recovery_v1/recovery_confirmation_v2/runs/confirmation_001/dev/evaluation/gpu0_1790343704809491420/episodes/43/COMPLETE.json
confirmation_dev,43,17DRP5sb8fy,LOCAL_s42,0.0,0.0,64,projects/qwen35_indoor_nav/research/continuation_memory_v1/strong_backbone_recovery_v1/recovery_confirmation_v2/runs/confirmation_001/dev/evaluation/gpu0_1790343704809491420/episodes/43/LOCAL_s42/TRACE.jsonl,6bc4617e9f402ec492ef777614eb8dd74ad1f91b584b9a5848ab38c28c6c85be,projects/qwen35_indoor_nav/research/continuation_memory_v1/strong_backbone_recovery_v1/recovery_confirmation_v2/runs/confirmation_001/dev/evaluation/gpu0_1790343704809491420/episodes/43/COMPLETE.json
confirmation_dev,43,17DRP5sb8fy,CONCAT_s43,0.0,0.0,64,projects/qwen35_indoor_nav/research/continuation_memory_v1/strong_backbone_recovery_v1/recovery_confirmation_v2/runs/confirmation_001/dev/evaluation/gpu0_1790343704809491420/episodes/43/CONCAT_s43/TRACE.jsonl,fe558e85be06caff627cc92b230a8ef98b375a7bbb36c23a46ffe58a266d5d78,projects/qwen35_indoor_nav/research/continuation_memory_v1/strong_backbone_recovery_v1/recovery_confirmation_v2/runs/confirmation_001/dev/evaluation/gpu0_1790343704809491420/episodes/43/COMPLETE.json
confirmation_dev,43,17DRP5sb8fy,LOCAL_s43,0.0,0.0,64,projects/qwen35_indoor_nav/research/continuation_memory_v1/strong_backbone_recovery_v1/recovery_confirmation_v2/runs/confirmation_001/dev/evaluation/gpu0_1790343704809491420/episodes/43/LOCAL_s43/TRACE.jsonl,ab320c746c8449454713b1d37c00a58e3a088fc36cf10ccf2d2947326810cd12,projects/qwen35_indoor_nav/research/continuation_memory_v1/strong_backbone_recovery_v1/recovery_confirmation_v2/runs/confirmation_001/dev/evaluation/gpu0_1790343704809491420/episodes/43/COMPLETE.json
confirmation_dev,43,17DRP5sb8fy,CONCAT_s44,0.0,0.0,64,projects/qwen35_indoor_nav/research/continuation_memory_v1/strong_backbone_recovery_v1/recovery_confirmation_v2/runs/confirmation_001/dev/evaluation/gpu0_1790343704809491420/episodes/43/CONCAT_s44/TRACE.jsonl,c6f59ca98853a2aaa7d4f7b2433387d0e0e30480c05a79c1e50438de2df886d2,projects/qwen35_indoor_nav/research/continuation_memory_v1/strong_backbone_recovery_v1/recovery_confirmation_v2/runs/confirmation_001/dev/evaluation/gpu0_1790343704809491420/episodes/43/COMPLETE.json
confirmation_dev,43,17DRP5sb8fy,LOCAL_s44,0.0,0.0,64,projects/qwen35_indoor_nav/research/continuation_memory_v1/strong_backbone_recovery_v1/recovery_confirmation_v2/runs/confirmation_001/dev/evaluation/gpu0_1790343704809491420/episodes/43/LOCAL_s44/TRACE.jsonl,765dd71938f1a274e5f3dfd473fbd54ec362c2cc9bed8bbc4a9e891c9cd15765,projects/qwen35_indoor_nav/research/continuation_memory_v1/strong_backbone_recovery_v1/recovery_confirmation_v2/runs/confirmation_001/dev/evaluation/gpu0_1790343704809491420/episodes/43/COMPLETE.json
confirmation_dev,43,17DRP5sb8fy,CONCAT_s42,0.0,0.0,64,projects/qwen35_indoor_nav/research/continuation_memory_v1/strong_backbone_recovery_v1/recovery_confirmation_v2/runs/confirmation_001/dev/evaluation/gpu0_1790343704809491420/episodes/43/CONCAT_s42/TRACE.jsonl,9a46d9afcb12ad93e4970d37f6871df6d1f162d34b5766d24766606e42eef96e,projects/qwen35_indoor_nav/research/continuation_memory_v1/strong_backbone_recovery_v1/recovery_confirmation_v2/runs/confirmation_001/dev/evaluation/gpu0_1790343704809491420/episodes/43/COMPLETE.json
confirmation_dev,48,r1Q1Z4BcV1o,NATIVE,0.0,0.0,120,projects/qwen35_indoor_nav/research/continuation_memory_v1/strong_backbone_recovery_v1/recovery_confirmation_v2/runs/confirmation_001/dev/evaluation/gpu0_1790343704809491420/episodes/48/NATIVE/TRACE.jsonl,b5bc75de1ff94e3b9e328540f667af2165d47d4f07eb57ff193bf48af02b224c,projects/qwen35_indoor_nav/research/continuation_memory_v1/strong_backbone_recovery_v1/recovery_confirmation_v2/runs/confirmation_001/dev/evaluation/gpu0_1790343704809491420/episodes/48/COMPLETE.json
confirmation_dev,48,r1Q1Z4BcV1o,CONCAT_s42,0.0,0.0,128,projects/qwen35_indoor_nav/research/continuation_memory_v1/strong_backbone_recovery_v1/recovery_confirmation_v2/runs/confirmation_001/dev/evaluation/gpu0_1790343704809491420/episodes/48/CONCAT_s42/TRACE.jsonl,0b10f6d04e32695038e364c6c45a76821a488f487f0ed97249d2afa75a93be0d,projects/qwen35_indoor_nav/research/continuation_memory_v1/strong_backbone_recovery_v1/recovery_confirmation_v2/runs/confirmation_001/dev/evaluation/gpu0_1790343704809491420/episodes/48/COMPLETE.json
confirmation_dev,48,r1Q1Z4BcV1o,LOCAL_s42,0.0,0.0,132,projects/qwen35_indoor_nav/research/continuation_memory_v1/strong_backbone_recovery_v1/recovery_confirmation_v2/runs/confirmation_001/dev/evaluation/gpu0_1790343704809491420/episodes/48/LOCAL_s42/TRACE.jsonl,61fa6cf9e9a5f17612e1a4ad00ae3cda7b8ad3fc5358a6513c772ecf81248b34,projects/qwen35_indoor_nav/research/continuation_memory_v1/strong_backbone_recovery_v1/recovery_confirmation_v2/runs/confirmation_001/dev/evaluation/gpu0_1790343704809491420/episodes/48/COMPLETE.json
confirmation_dev,48,r1Q1Z4BcV1o,CONCAT_s43,0.0,0.0,132,projects/qwen35_indoor_nav/research/continuation_memory_v1/strong_backbone_recovery_v1/recovery_confirmation_v2/runs/confirmation_001/dev/evaluation/gpu0_1790343704809491420/episodes/48/CONCAT_s43/TRACE.jsonl,9be49304dcebcc231a1772de366b723e00c6fca3cfd820b6988dd86829b8bf71,projects/qwen35_indoor_nav/research/continuation_memory_v1/strong_backbone_recovery_v1/recovery_confirmation_v2/runs/confirmation_001/dev/evaluation/gpu0_1790343704809491420/episodes/48/COMPLETE.json
confirmation_dev,48,r1Q1Z4BcV1o,LOCAL_s43,1.0,0.7600708973094572,139,projects/qwen35_indoor_nav/research/continuation_memory_v1/strong_backbone_recovery_v1/recovery_confirmation_v2/runs/confirmation_001/dev/evaluation/gpu0_1790343704809491420/episodes/48/LOCAL_s43/TRACE.jsonl,a8dd3c83ac6697826bceb9a1a20451a16b13e1e6a836c26e70c746e7b56f811a,projects/qwen35_indoor_nav/research/continuation_memory_v1/strong_backbone_recovery_v1/recovery_confirmation_v2/runs/confirmation_001/dev/evaluation/gpu0_1790343704809491420/episodes/48/COMPLETE.json
confirmation_dev,48,r1Q1Z4BcV1o,CONCAT_s44,0.0,0.0,117,projects/qwen35_indoor_nav/research/continuation_memory_v1/strong_backbone_recovery_v1/recovery_confirmation_v2/runs/confirmation_001/dev/evaluation/gpu0_1790343704809491420/episodes/48/CONCAT_s44/TRACE.jsonl,2c351e256d9ed9f569488378f2eccbc9f21ccc474301e7fa22684825b267ce3b,projects/qwen35_indoor_nav/research/continuation_memory_v1/strong_backbone_recovery_v1/recovery_confirmation_v2/runs/confirmation_001/dev/evaluation/gpu0_1790343704809491420/episodes/48/COMPLETE.json
confirmation_dev,48,r1Q1Z4BcV1o,LOCAL_s44,1.0,0.7600708973094572,139,projects/qwen35_indoor_nav/research/continuation_memory_v1/strong_backbone_recovery_v1/recovery_confirmation_v2/runs/confirmation_001/dev/evaluation/gpu0_1790343704809491420/episodes/48/LOCAL_s44/TRACE.jsonl,636d8d39aa5532bb7642310e27fd441ba17c2965e77859b56b54057924d1e891,projects/qwen35_indoor_nav/research/continuation_memory_v1/strong_backbone_recovery_v1/recovery_confirmation_v2/runs/confirmation_001/dev/evaluation/gpu0_1790343704809491420/episodes/48/COMPLETE.json
confirmation_dev,53,r1Q1Z4BcV1o,NATIVE,0.0,0.0,68,projects/qwen35_indoor_nav/research/continuation_memory_v1/strong_backbone_recovery_v1/recovery_confirmation_v2/runs/confirmation_001/dev/evaluation/gpu0_1790343704809491420/episodes/53/NATIVE/TRACE.jsonl,b429d0038e5ac1b2b23828e985a8c18c8312f04ad248417d165e4af7ee04cf95,projects/qwen35_indoor_nav/research/continuation_memory_v1/strong_backbone_recovery_v1/recovery_confirmation_v2/runs/confirmation_001/dev/evaluation/gpu0_1790343704809491420/episodes/53/COMPLETE.json
confirmation_dev,53,r1Q1Z4BcV1o,LOCAL_s44,0.0,0.0,68,projects/qwen35_indoor_nav/research/continuation_memory_v1/strong_backbone_recovery_v1/recovery_confirmation_v2/runs/confirmation_001/dev/evaluation/gpu0_1790343704809491420/episodes/53/LOCAL_s44/TRACE.jsonl,3d7f81178c0d325cfc962d2c847b1c24be5759f6c5382bcad24205edad0d21fa,projects/qwen35_indoor_nav/research/continuation_memory_v1/strong_backbone_recovery_v1/recovery_confirmation_v2/runs/confirmation_001/dev/evaluation/gpu0_1790343704809491420/episodes/53/COMPLETE.json
confirmation_dev,53,r1Q1Z4BcV1o,CONCAT_s42,0.0,0.0,68,projects/qwen35_indoor_nav/research/continuation_memory_v1/strong_backbone_recovery_v1/recovery_confirmation_v2/runs/confirmation_001/dev/evaluation/gpu0_1790343704809491420/episodes/53/CONCAT_s42/TRACE.jsonl,9e4e8e07e41129dab1d6d6d2b0f7f7ffb6ab9f21afd0667c9fac11a784bf0e8c,projects/qwen35_indoor_nav/research/continuation_memory_v1/strong_backbone_recovery_v1/recovery_confirmation_v2/runs/confirmation_001/dev/evaluation/gpu0_1790343704809491420/episodes/53/COMPLETE.json
confirmation_dev,53,r1Q1Z4BcV1o,LOCAL_s42,0.0,0.0,68,projects/qwen35_indoor_nav/research/continuation_memory_v1/strong_backbone_recovery_v1/recovery_confirmation_v2/runs/confirmation_001/dev/evaluation/gpu0_1790343704809491420/episodes/53/LOCAL_s42/TRACE.jsonl,177561b37a1ce8a31994b709ada9d82c660ea02300c6b7e1aad6b33f930c476f,projects/qwen35_indoor_nav/research/continuation_memory_v1/strong_backbone_recovery_v1/recovery_confirmation_v2/runs/confirmation_001/dev/evaluation/gpu0_1790343704809491420/episodes/53/COMPLETE.json
confirmation_dev,53,r1Q1Z4BcV1o,CONCAT_s43,0.0,0.0,68,projects/qwen35_indoor_nav/research/continuation_memory_v1/strong_backbone_recovery_v1/recovery_confirmation_v2/runs/confirmation_001/dev/evaluation/gpu0_1790343704809491420/episodes/53/CONCAT_s43/TRACE.jsonl,ec557c11c36199c3472ae7bd980c8d125e62b34ef775b316f40cbd5095cc8ba2,projects/qwen35_indoor_nav/research/continuation_memory_v1/strong_backbone_recovery_v1/recovery_confirmation_v2/runs/confirmation_001/dev/evaluation/gpu0_1790343704809491420/episodes/53/COMPLETE.json
confirmation_dev,53,r1Q1Z4BcV1o,LOCAL_s43,0.0,0.0,68,projects/qwen35_indoor_nav/research/continuation_memory_v1/strong_backbone_recovery_v1/recovery_confirmation_v2/runs/confirmation_001/dev/evaluation/gpu0_1790343704809491420/episodes/53/LOCAL_s43/TRACE.jsonl,09f8aef4914a02840d7f7238db3691814451e7e937574f8b16540be85f690c76,projects/qwen35_indoor_nav/research/continuation_memory_v1/strong_backbone_recovery_v1/recovery_confirmation_v2/runs/confirmation_001/dev/evaluation/gpu0_1790343704809491420/episodes/53/COMPLETE.json
confirmation_dev,53,r1Q1Z4BcV1o,CONCAT_s44,0.0,0.0,68,projects/qwen35_indoor_nav/research/continuation_memory_v1/strong_backbone_recovery_v1/recovery_confirmation_v2/runs/confirmation_001/dev/evaluation/gpu0_1790343704809491420/episodes/53/CONCAT_s44/TRACE.jsonl,513a1179db8b737f3891717da87080ce76b362e15bbd421d96ecbf0f6e8cad3e,projects/qwen35_indoor_nav/research/continuation_memory_v1/strong_backbone_recovery_v1/recovery_confirmation_v2/runs/confirmation_001/dev/evaluation/gpu0_1790343704809491420/episodes/53/COMPLETE.json
confirmation_dev,8,8WUmhLawc2A,NATIVE,0.0,0.0,77,projects/qwen35_indoor_nav/research/continuation_memory_v1/strong_backbone_recovery_v1/recovery_confirmation_v2/runs/confirmation_001/dev/evaluation/gpu0_1790343704809491420/episodes/8/NATIVE/TRACE.jsonl,529a99e91d1e85f4cdff3bb72a1c69d92727077ade09f0db708f3ff2d9a51eb9,projects/qwen35_indoor_nav/research/continuation_memory_v1/strong_backbone_recovery_v1/recovery_confirmation_v2/runs/confirmation_001/dev/evaluation/gpu0_1790343704809491420/episodes/8/COMPLETE.json
confirmation_dev,8,8WUmhLawc2A,CONCAT_s43,0.0,0.0,105,projects/qwen35_indoor_nav/research/continuation_memory_v1/strong_backbone_recovery_v1/recovery_confirmation_v2/runs/confirmation_001/dev/evaluation/gpu0_1790343704809491420/episodes/8/CONCAT_s43/TRACE.jsonl,cfdae0199d94327e5547835d069007a1ff764aa3928e0769935f4c90b413dfa5,projects/qwen35_indoor_nav/research/continuation_memory_v1/strong_backbone_recovery_v1/recovery_confirmation_v2/runs/confirmation_001/dev/evaluation/gpu0_1790343704809491420/episodes/8/COMPLETE.json
confirmation_dev,8,8WUmhLawc2A,LOCAL_s43,0.0,0.0,79,projects/qwen35_indoor_nav/research/continuation_memory_v1/strong_backbone_recovery_v1/recovery_confirmation_v2/runs/confirmation_001/dev/evaluation/gpu0_1790343704809491420/episodes/8/LOCAL_s43/TRACE.jsonl,166e0d7bd78f8db3f2aa54d1d27ec1e026a2af3f0871d5a1725f3b5e4d983841,projects/qwen35_indoor_nav/research/continuation_memory_v1/strong_backbone_recovery_v1/recovery_confirmation_v2/runs/confirmation_001/dev/evaluation/gpu0_1790343704809491420/episodes/8/COMPLETE.json
confirmation_dev,8,8WUmhLawc2A,CONCAT_s44,0.0,0.0,105,projects/qwen35_indoor_nav/research/continuation_memory_v1/strong_backbone_recovery_v1/recovery_confirmation_v2/runs/confirmation_001/dev/evaluation/gpu0_1790343704809491420/episodes/8/CONCAT_s44/TRACE.jsonl,56bbb0c2166b186e5fe004e44fde5845a50e68fd2c235d023620f026e43d9d26,projects/qwen35_indoor_nav/research/continuation_memory_v1/strong_backbone_recovery_v1/recovery_confirmation_v2/runs/confirmation_001/dev/evaluation/gpu0_1790343704809491420/episodes/8/COMPLETE.json
confirmation_dev,8,8WUmhLawc2A,LOCAL_s44,0.0,0.0,79,projects/qwen35_indoor_nav/research/continuation_memory_v1/strong_backbone_recovery_v1/recovery_confirmation_v2/runs/confirmation_001/dev/evaluation/gpu0_1790343704809491420/episodes/8/LOCAL_s44/TRACE.jsonl,aac78e578c622ec2f6c25e0c5923d0bda9caef646da92299c4d31e4555dfbd89,projects/qwen35_indoor_nav/research/continuation_memory_v1/strong_backbone_recovery_v1/recovery_confirmation_v2/runs/confirmation_001/dev/evaluation/gpu0_1790343704809491420/episodes/8/COMPLETE.json
confirmation_dev,8,8WUmhLawc2A,CONCAT_s42,0.0,0.0,105,projects/qwen35_indoor_nav/research/continuation_memory_v1/strong_backbone_recovery_v1/recovery_confirmation_v2/runs/confirmation_001/dev/evaluation/gpu0_1790343704809491420/episodes/8/CONCAT_s42/TRACE.jsonl,64288c6f6f3115745586916329e41df429194ff065b8bb8efe7bb69f2812e967,projects/qwen35_indoor_nav/research/continuation_memory_v1/strong_backbone_recovery_v1/recovery_confirmation_v2/runs/confirmation_001/dev/evaluation/gpu0_1790343704809491420/episodes/8/COMPLETE.json
confirmation_dev,8,8WUmhLawc2A,LOCAL_s42,0.0,0.0,106,projects/qwen35_indoor_nav/research/continuation_memory_v1/strong_backbone_recovery_v1/recovery_confirmation_v2/runs/confirmation_001/dev/evaluation/gpu0_1790343704809491420/episodes/8/LOCAL_s42/TRACE.jsonl,82508e9036b2df3bca6b1dd38300d03364fa4ac4e0c8c4f7284e06656d52cd88,projects/qwen35_indoor_nav/research/continuation_memory_v1/strong_backbone_recovery_v1/recovery_confirmation_v2/runs/confirmation_001/dev/evaluation/gpu0_1790343704809491420/episodes/8/COMPLETE.json
confirmation_dev,54,17DRP5sb8fy,NATIVE,0.0,0.0,500,projects/qwen35_indoor_nav/research/continuation_memory_v1/strong_backbone_recovery_v1/recovery_confirmation_v2/runs/confirmation_001/dev/evaluation/gpu1_1790343704904034001/episodes/54/NATIVE/TRACE.jsonl,16c07d341a5f47ed76ba476387892dc31c743f653d72628e4ea3535f2f0f017f,projects/qwen35_indoor_nav/research/continuation_memory_v1/strong_backbone_recovery_v1/recovery_confirmation_v2/runs/confirmation_001/dev/evaluation/gpu1_1790343704904034001/episodes/54/COMPLETE.json
confirmation_dev,54,17DRP5sb8fy,CONCAT_s42,1.0,0.5716529817696977,285,projects/qwen35_indoor_nav/research/continuation_memory_v1/strong_backbone_recovery_v1/recovery_confirmation_v2/runs/confirmation_001/dev/evaluation/gpu1_1790343704904034001/episodes/54/CONCAT_s42/TRACE.jsonl,91650368f013407d3db88d0a3ec021939fae5347a3151ebdbc5424316f48e083,projects/qwen35_indoor_nav/research/continuation_memory_v1/strong_backbone_recovery_v1/recovery_confirmation_v2/runs/confirmation_001/dev/evaluation/gpu1_1790343704904034001/episodes/54/COMPLETE.json
confirmation_dev,54,17DRP5sb8fy,LOCAL_s42,0.0,0.0,500,projects/qwen35_indoor_nav/research/continuation_memory_v1/strong_backbone_recovery_v1/recovery_confirmation_v2/runs/confirmation_001/dev/evaluation/gpu1_1790343704904034001/episodes/54/LOCAL_s42/TRACE.jsonl,3dfa573485c4b1b269c5565414b9edc4ac5ea9fcba4e415a7fc9657564c5b49e,projects/qwen35_indoor_nav/research/continuation_memory_v1/strong_backbone_recovery_v1/recovery_confirmation_v2/runs/confirmation_001/dev/evaluation/gpu1_1790343704904034001/episodes/54/COMPLETE.json
confirmation_dev,54,17DRP5sb8fy,CONCAT_s43,1.0,0.5716529817696977,285,projects/qwen35_indoor_nav/research/continuation_memory_v1/strong_backbone_recovery_v1/recovery_confirmation_v2/runs/confirmation_001/dev/evaluation/gpu1_1790343704904034001/episodes/54/CONCAT_s43/TRACE.jsonl,2b717e28a826e19565515795f89bb1606b0fdb46ecca8fcd6cd63cf990535894,projects/qwen35_indoor_nav/research/continuation_memory_v1/strong_backbone_recovery_v1/recovery_confirmation_v2/runs/confirmation_001/dev/evaluation/gpu1_1790343704904034001/episodes/54/COMPLETE.json
confirmation_dev,54,17DRP5sb8fy,LOCAL_s43,0.0,0.0,500,projects/qwen35_indoor_nav/research/continuation_memory_v1/strong_backbone_recovery_v1/recovery_confirmation_v2/runs/confirmation_001/dev/evaluation/gpu1_1790343704904034001/episodes/54/LOCAL_s43/TRACE.jsonl,e96e86ce32a40de10ad6af840c36d82b3e5e35f882c218a5e2d62a08c0e53789,projects/qwen35_indoor_nav/research/continuation_memory_v1/strong_backbone_recovery_v1/recovery_confirmation_v2/runs/confirmation_001/dev/evaluation/gpu1_1790343704904034001/episodes/54/COMPLETE.json
confirmation_dev,54,17DRP5sb8fy,CONCAT_s44,0.0,0.0,185,projects/qwen35_indoor_nav/research/continuation_memory_v1/strong_backbone_recovery_v1/recovery_confirmation_v2/runs/confirmation_001/dev/evaluation/gpu1_1790343704904034001/episodes/54/CONCAT_s44/TRACE.jsonl,03dd24e84f23d974c447fa9986a33d44d696e8b357fa7f2bc7c5e69ea5bea1b5,projects/qwen35_indoor_nav/research/continuation_memory_v1/strong_backbone_recovery_v1/recovery_confirmation_v2/runs/confirmation_001/dev/evaluation/gpu1_1790343704904034001/episodes/54/COMPLETE.json
confirmation_dev,54,17DRP5sb8fy,LOCAL_s44,0.0,0.0,500,projects/qwen35_indoor_nav/research/continuation_memory_v1/strong_backbone_recovery_v1/recovery_confirmation_v2/runs/confirmation_001/dev/evaluation/gpu1_1790343704904034001/episodes/54/LOCAL_s44/TRACE.jsonl,ef567cad316a920de211b035a046d082f289b29fc1e2923e4220057e70f07550,projects/qwen35_indoor_nav/research/continuation_memory_v1/strong_backbone_recovery_v1/recovery_confirmation_v2/runs/confirmation_001/dev/evaluation/gpu1_1790343704904034001/episodes/54/COMPLETE.json
confirmation_dev,66,r1Q1Z4BcV1o,NATIVE,0.0,0.0,69,projects/qwen35_indoor_nav/research/continuation_memory_v1/strong_backbone_recovery_v1/recovery_confirmation_v2/runs/confirmation_001/dev/evaluation/gpu1_1790343704904034001/episodes/66/NATIVE/TRACE.jsonl,f55ed7ab642fcce8dcdd9f4c44a6d7f5d404cf571d87da6db399fa19abe5412c,projects/qwen35_indoor_nav/research/continuation_memory_v1/strong_backbone_recovery_v1/recovery_confirmation_v2/runs/confirmation_001/dev/evaluation/gpu1_1790343704904034001/episodes/66/COMPLETE.json
confirmation_dev,66,r1Q1Z4BcV1o,CONCAT_s42,0.0,0.0,69,projects/qwen35_indoor_nav/research/continuation_memory_v1/strong_backbone_recovery_v1/recovery_confirmation_v2/runs/confirmation_001/dev/evaluation/gpu1_1790343704904034001/episodes/66/CONCAT_s42/TRACE.jsonl,7c34d3e375c556c2045f43a901ee8ec073428ae89d2a18fd6c61d69eb108785b,projects/qwen35_indoor_nav/research/continuation_memory_v1/strong_backbone_recovery_v1/recovery_confirmation_v2/runs/confirmation_001/dev/evaluation/gpu1_1790343704904034001/episodes/66/COMPLETE.json
confirmation_dev,66,r1Q1Z4BcV1o,LOCAL_s42,0.0,0.0,69,projects/qwen35_indoor_nav/research/continuation_memory_v1/strong_backbone_recovery_v1/recovery_confirmation_v2/runs/confirmation_001/dev/evaluation/gpu1_1790343704904034001/episodes/66/LOCAL_s42/TRACE.jsonl,20951a31c39f9a2bca31fe32459ec1c1faa01ccf03ca3b9f04021ee730ce9012,projects/qwen35_indoor_nav/research/continuation_memory_v1/strong_backbone_recovery_v1/recovery_confirmation_v2/runs/confirmation_001/dev/evaluation/gpu1_1790343704904034001/episodes/66/COMPLETE.json
confirmation_dev,66,r1Q1Z4BcV1o,CONCAT_s43,0.0,0.0,69,projects/qwen35_indoor_nav/research/continuation_memory_v1/strong_backbone_recovery_v1/recovery_confirmation_v2/runs/confirmation_001/dev/evaluation/gpu1_1790343704904034001/episodes/66/CONCAT_s43/TRACE.jsonl,d143e7f9983c86acf477924d41fd386d3f9b11a6533f78b100c16b2f2aa1052c,projects/qwen35_indoor_nav/research/continuation_memory_v1/strong_backbone_recovery_v1/recovery_confirmation_v2/runs/confirmation_001/dev/evaluation/gpu1_1790343704904034001/episodes/66/COMPLETE.json
confirmation_dev,66,r1Q1Z4BcV1o,LOCAL_s43,0.0,0.0,69,projects/qwen35_indoor_nav/research/continuation_memory_v1/strong_backbone_recovery_v1/recovery_confirmation_v2/runs/confirmation_001/dev/evaluation/gpu1_1790343704904034001/episodes/66/LOCAL_s43/TRACE.jsonl,bef808b1724cbd551b22cc675fc70098d46af11cf395a19a8b5d4056ef9355f5,projects/qwen35_indoor_nav/research/continuation_memory_v1/strong_backbone_recovery_v1/recovery_confirmation_v2/runs/confirmation_001/dev/evaluation/gpu1_1790343704904034001/episodes/66/COMPLETE.json
confirmation_dev,66,r1Q1Z4BcV1o,CONCAT_s44,0.0,0.0,69,projects/qwen35_indoor_nav/research/continuation_memory_v1/strong_backbone_recovery_v1/recovery_confirmation_v2/runs/confirmation_001/dev/evaluation/gpu1_1790343704904034001/episodes/66/CONCAT_s44/TRACE.jsonl,04d54f371d5a4ddcd77d55255b772e983c308bd06726e1d46682b77b281d585b,projects/qwen35_indoor_nav/research/continuation_memory_v1/strong_backbone_recovery_v1/recovery_confirmation_v2/runs/confirmation_001/dev/evaluation/gpu1_1790343704904034001/episodes/66/COMPLETE.json
confirmation_dev,66,r1Q1Z4BcV1o,LOCAL_s44,0.0,0.0,69,projects/qwen35_indoor_nav/research/continuation_memory_v1/strong_backbone_recovery_v1/recovery_confirmation_v2/runs/confirmation_001/dev/evaluation/gpu1_1790343704904034001/episodes/66/LOCAL_s44/TRACE.jsonl,bca4d03d36916a9586166e3e863b697b566b605648996ba3dde0beb43293e9a9,projects/qwen35_indoor_nav/research/continuation_memory_v1/strong_backbone_recovery_v1/recovery_confirmation_v2/runs/confirmation_001/dev/evaluation/gpu1_1790343704904034001/episodes/66/COMPLETE.json
confirmation_dev,67,r1Q1Z4BcV1o,NATIVE,0.0,0.0,85,projects/qwen35_indoor_nav/research/continuation_memory_v1/strong_backbone_recovery_v1/recovery_confirmation_v2/runs/confirmation_001/dev/evaluation/gpu1_1790343704904034001/episodes/67/NATIVE/TRACE.jsonl,6c31f4b8b08445bf17627cdbc3be3a7feee57079fcdd305b19660f9976290470,projects/qwen35_indoor_nav/research/continuation_memory_v1/strong_backbone_recovery_v1/recovery_confirmation_v2/runs/confirmation_001/dev/evaluation/gpu1_1790343704904034001/episodes/67/COMPLETE.json
confirmation_dev,67,r1Q1Z4BcV1o,LOCAL_s42,0.0,0.0,85,projects/qwen35_indoor_nav/research/continuation_memory_v1/strong_backbone_recovery_v1/recovery_confirmation_v2/runs/confirmation_001/dev/evaluation/gpu1_1790343704904034001/episodes/67/LOCAL_s42/TRACE.jsonl,72cf8db4c12a6301027ba5a4db501b4658158eb5cae31ba6164b81b09ecc9bea,projects/qwen35_indoor_nav/research/continuation_memory_v1/strong_backbone_recovery_v1/recovery_confirmation_v2/runs/confirmation_001/dev/evaluation/gpu1_1790343704904034001/episodes/67/COMPLETE.json
confirmation_dev,67,r1Q1Z4BcV1o,CONCAT_s43,1.0,0.8915691976321952,70,projects/qwen35_indoor_nav/research/continuation_memory_v1/strong_backbone_recovery_v1/recovery_confirmation_v2/runs/confirmation_001/dev/evaluation/gpu1_1790343704904034001/episodes/67/CONCAT_s43/TRACE.jsonl,a4fb3bb666c447714e136f9c714a04efdb4689d1870568b8f5b28596cf897c16,projects/qwen35_indoor_nav/research/continuation_memory_v1/strong_backbone_recovery_v1/recovery_confirmation_v2/runs/confirmation_001/dev/evaluation/gpu1_1790343704904034001/episodes/67/COMPLETE.json
confirmation_dev,67,r1Q1Z4BcV1o,LOCAL_s43,1.0,0.8915691976321952,70,projects/qwen35_indoor_nav/research/continuation_memory_v1/strong_backbone_recovery_v1/recovery_confirmation_v2/runs/confirmation_001/dev/evaluation/gpu1_1790343704904034001/episodes/67/LOCAL_s43/TRACE.jsonl,34e35109f05485d756b34a644eb51cc5a85a0440646d9769d2076b461cc4289d,projects/qwen35_indoor_nav/research/continuation_memory_v1/strong_backbone_recovery_v1/recovery_confirmation_v2/runs/confirmation_001/dev/evaluation/gpu1_1790343704904034001/episodes/67/COMPLETE.json
confirmation_dev,67,r1Q1Z4BcV1o,CONCAT_s44,1.0,0.8915691976321952,70,projects/qwen35_indoor_nav/research/continuation_memory_v1/strong_backbone_recovery_v1/recovery_confirmation_v2/runs/confirmation_001/dev/evaluation/gpu1_1790343704904034001/episodes/67/CONCAT_s44/TRACE.jsonl,08df37282594428971dbda0643ee2d5b10dfae3b4ccaca88496523f55c1e4869,projects/qwen35_indoor_nav/research/continuation_memory_v1/strong_backbone_recovery_v1/recovery_confirmation_v2/runs/confirmation_001/dev/evaluation/gpu1_1790343704904034001/episodes/67/COMPLETE.json
confirmation_dev,67,r1Q1Z4BcV1o,LOCAL_s44,1.0,0.8915691976321952,70,projects/qwen35_indoor_nav/research/continuation_memory_v1/strong_backbone_recovery_v1/recovery_confirmation_v2/runs/confirmation_001/dev/evaluation/gpu1_1790343704904034001/episodes/67/LOCAL_s44/TRACE.jsonl,3819806af665bc007ab2d85e782d2b7e929fc64960fe31363fae0457cf9e1039,projects/qwen35_indoor_nav/research/continuation_memory_v1/strong_backbone_recovery_v1/recovery_confirmation_v2/runs/confirmation_001/dev/evaluation/gpu1_1790343704904034001/episodes/67/COMPLETE.json
confirmation_dev,67,r1Q1Z4BcV1o,CONCAT_s42,0.0,0.0,85,projects/qwen35_indoor_nav/research/continuation_memory_v1/strong_backbone_recovery_v1/recovery_confirmation_v2/runs/confirmation_001/dev/evaluation/gpu1_1790343704904034001/episodes/67/CONCAT_s42/TRACE.jsonl,0a2035078c9be582fc42f18e8885a258ccd4fecf323776c4557710737a9d975d,projects/qwen35_indoor_nav/research/continuation_memory_v1/strong_backbone_recovery_v1/recovery_confirmation_v2/runs/confirmation_001/dev/evaluation/gpu1_1790343704904034001/episodes/67/COMPLETE.json
confirmation_dev,68,uNb9QFRL6hY,NATIVE,0.0,0.0,182,projects/qwen35_indoor_nav/research/continuation_memory_v1/strong_backbone_recovery_v1/recovery_confirmation_v2/runs/confirmation_001/dev/evaluation/gpu1_1790343704904034001/episodes/68/NATIVE/TRACE.jsonl,f6a738ff0d318ef093554e71b1c47deb84ef945ee535eb837fed3591ba9025ee,projects/qwen35_indoor_nav/research/continuation_memory_v1/strong_backbone_recovery_v1/recovery_confirmation_v2/runs/confirmation_001/dev/evaluation/gpu1_1790343704904034001/episodes/68/COMPLETE.json
confirmation_dev,68,uNb9QFRL6hY,CONCAT_s43,0.0,0.0,133,projects/qwen35_indoor_nav/research/continuation_memory_v1/strong_backbone_recovery_v1/recovery_confirmation_v2/runs/confirmation_001/dev/evaluation/gpu1_1790343704904034001/episodes/68/CONCAT_s43/TRACE.jsonl,6f16419534e00518a39157245a7430135a7e4b2183c0c446b888509bb5ab2b86,projects/qwen35_indoor_nav/research/continuation_memory_v1/strong_backbone_recovery_v1/recovery_confirmation_v2/runs/confirmation_001/dev/evaluation/gpu1_1790343704904034001/episodes/68/COMPLETE.json
confirmation_dev,68,uNb9QFRL6hY,LOCAL_s43,1.0,0.4749386360700543,203,projects/qwen35_indoor_nav/research/continuation_memory_v1/strong_backbone_recovery_v1/recovery_confirmation_v2/runs/confirmation_001/dev/evaluation/gpu1_1790343704904034001/episodes/68/LOCAL_s43/TRACE.jsonl,4c3710ff5bc3abe225c720a7624d2547422a920a82bd4466bd5fa1102b53e486,projects/qwen35_indoor_nav/research/continuation_memory_v1/strong_backbone_recovery_v1/recovery_confirmation_v2/runs/confirmation_001/dev/evaluation/gpu1_1790343704904034001/episodes/68/COMPLETE.json
confirmation_dev,68,uNb9QFRL6hY,CONCAT_s44,0.0,0.0,113,projects/qwen35_indoor_nav/research/continuation_memory_v1/strong_backbone_recovery_v1/recovery_confirmation_v2/runs/confirmation_001/dev/evaluation/gpu1_1790343704904034001/episodes/68/CONCAT_s44/TRACE.jsonl,6b6c178fbcd1648bc1cbd02a7af33b5514147a91ab9f5e1abee6f644ae6a680e,projects/qwen35_indoor_nav/research/continuation_memory_v1/strong_backbone_recovery_v1/recovery_confirmation_v2/runs/confirmation_001/dev/evaluation/gpu1_1790343704904034001/episodes/68/COMPLETE.json
confirmation_dev,68,uNb9QFRL6hY,LOCAL_s44,1.0,0.4804920132586476,201,projects/qwen35_indoor_nav/research/continuation_memory_v1/strong_backbone_recovery_v1/recovery_confirmation_v2/runs/confirmation_001/dev/evaluation/gpu1_1790343704904034001/episodes/68/LOCAL_s44/TRACE.jsonl,ded40f81a6aca2d169d99b531ca3024846d8c5fc9bec3f794aa403346aa86160,projects/qwen35_indoor_nav/research/continuation_memory_v1/strong_backbone_recovery_v1/recovery_confirmation_v2/runs/confirmation_001/dev/evaluation/gpu1_1790343704904034001/episodes/68/COMPLETE.json
confirmation_dev,68,uNb9QFRL6hY,CONCAT_s42,0.0,0.0,157,projects/qwen35_indoor_nav/research/continuation_memory_v1/strong_backbone_recovery_v1/recovery_confirmation_v2/runs/confirmation_001/dev/evaluation/gpu1_1790343704904034001/episodes/68/CONCAT_s42/TRACE.jsonl,dd9d337bc9620d5fb6bc88aa494af2e1632690e68e48ca47d925724ffc87a134,projects/qwen35_indoor_nav/research/continuation_memory_v1/strong_backbone_recovery_v1/recovery_confirmation_v2/runs/confirmation_001/dev/evaluation/gpu1_1790343704904034001/episodes/68/COMPLETE.json
confirmation_dev,68,uNb9QFRL6hY,LOCAL_s42,0.0,0.0,164,projects/qwen35_indoor_nav/research/continuation_memory_v1/strong_backbone_recovery_v1/recovery_confirmation_v2/runs/confirmation_001/dev/evaluation/gpu1_1790343704904034001/episodes/68/LOCAL_s42/TRACE.jsonl,d08959be16136696d509c87ff49509023ee799af7bf313876041af00b0716ef5,projects/qwen35_indoor_nav/research/continuation_memory_v1/strong_backbone_recovery_v1/recovery_confirmation_v2/runs/confirmation_001/dev/evaluation/gpu1_1790343704904034001/episodes/68/COMPLETE.json
confirmation_dev,79,r1Q1Z4BcV1o,NATIVE,0.0,0.0,78,projects/qwen35_indoor_nav/research/continuation_memory_v1/strong_backbone_recovery_v1/recovery_confirmation_v2/runs/confirmation_001/dev/evaluation/gpu1_1790343704904034001/episodes/79/NATIVE/TRACE.jsonl,a5e90f2ea3d795bf53e7191eb67265549f3e7e775e4fb996793ee63265886d12,projects/qwen35_indoor_nav/research/continuation_memory_v1/strong_backbone_recovery_v1/recovery_confirmation_v2/runs/confirmation_001/dev/evaluation/gpu1_1790343704904034001/episodes/79/COMPLETE.json
confirmation_dev,79,r1Q1Z4BcV1o,LOCAL_s42,0.0,0.0,78,projects/qwen35_indoor_nav/research/continuation_memory_v1/strong_backbone_recovery_v1/recovery_confirmation_v2/runs/confirmation_001/dev/evaluation/gpu1_1790343704904034001/episodes/79/LOCAL_s42/TRACE.jsonl,7b4b850af700669982ed47554890a7826a0faa2062613a0e54c8ef8a212ee6fe,projects/qwen35_indoor_nav/research/continuation_memory_v1/strong_backbone_recovery_v1/recovery_confirmation_v2/runs/confirmation_001/dev/evaluation/gpu1_1790343704904034001/episodes/79/COMPLETE.json
confirmation_dev,79,r1Q1Z4BcV1o,CONCAT_s43,0.0,0.0,78,projects/qwen35_indoor_nav/research/continuation_memory_v1/strong_backbone_recovery_v1/recovery_confirmation_v2/runs/confirmation_001/dev/evaluation/gpu1_1790343704904034001/episodes/79/CONCAT_s43/TRACE.jsonl,82afe9f6791bcdb445adf1a7024159b60036a95ed56a8f7a0de5936eabd14c87,projects/qwen35_indoor_nav/research/continuation_memory_v1/strong_backbone_recovery_v1/recovery_confirmation_v2/runs/confirmation_001/dev/evaluation/gpu1_1790343704904034001/episodes/79/COMPLETE.json
confirmation_dev,79,r1Q1Z4BcV1o,LOCAL_s43,0.0,0.0,78,projects/qwen35_indoor_nav/research/continuation_memory_v1/strong_backbone_recovery_v1/recovery_confirmation_v2/runs/confirmation_001/dev/evaluation/gpu1_1790343704904034001/episodes/79/LOCAL_s43/TRACE.jsonl,d0895b76c3276b7768d0031e49e57309ee34639a29a5788fc7261eb749ac9add,projects/qwen35_indoor_nav/research/continuation_memory_v1/strong_backbone_recovery_v1/recovery_confirmation_v2/runs/confirmation_001/dev/evaluation/gpu1_1790343704904034001/episodes/79/COMPLETE.json
confirmation_dev,79,r1Q1Z4BcV1o,CONCAT_s44,0.0,0.0,78,projects/qwen35_indoor_nav/research/continuation_memory_v1/strong_backbone_recovery_v1/recovery_confirmation_v2/runs/confirmation_001/dev/evaluation/gpu1_1790343704904034001/episodes/79/CONCAT_s44/TRACE.jsonl,42841a321f2671cc5b59f9298d98e30a7807e0128ce303deba6b4b16fa04c955,projects/qwen35_indoor_nav/research/continuation_memory_v1/strong_backbone_recovery_v1/recovery_confirmation_v2/runs/confirmation_001/dev/evaluation/gpu1_1790343704904034001/episodes/79/COMPLETE.json
confirmation_dev,79,r1Q1Z4BcV1o,LOCAL_s44,0.0,0.0,78,projects/qwen35_indoor_nav/research/continuation_memory_v1/strong_backbone_recovery_v1/recovery_confirmation_v2/runs/confirmation_001/dev/evaluation/gpu1_1790343704904034001/episodes/79/LOCAL_s44/TRACE.jsonl,3a22c3b6cceeda748506ebd7ac2036b1288d534dc2ab17278c6a9db787d92389,projects/qwen35_indoor_nav/research/continuation_memory_v1/strong_backbone_recovery_v1/recovery_confirmation_v2/runs/confirmation_001/dev/evaluation/gpu1_1790343704904034001/episodes/79/COMPLETE.json
confirmation_dev,79,r1Q1Z4BcV1o,CONCAT_s42,0.0,0.0,78,projects/qwen35_indoor_nav/research/continuation_memory_v1/strong_backbone_recovery_v1/recovery_confirmation_v2/runs/confirmation_001/dev/evaluation/gpu1_1790343704904034001/episodes/79/CONCAT_s42/TRACE.jsonl,e1a98077456d3a879e30ce6e6f675bb91d9affa9fc2a98da585ea860b65d8971,projects/qwen35_indoor_nav/research/continuation_memory_v1/strong_backbone_recovery_v1/recovery_confirmation_v2/runs/confirmation_001/dev/evaluation/gpu1_1790343704904034001/episodes/79/COMPLETE.json
confirmation_dev,87,17DRP5sb8fy,NATIVE,0.0,0.0,500,projects/qwen35_indoor_nav/research/continuation_memory_v1/strong_backbone_recovery_v1/recovery_confirmation_v2/runs/confirmation_001/dev/evaluation/gpu1_1790343704904034001/episodes/87/NATIVE/TRACE.jsonl,cabf0f39f633ac67201c61655a1e3bb7b0b36c288c6934404de4100797fa6665,projects/qwen35_indoor_nav/research/continuation_memory_v1/strong_backbone_recovery_v1/recovery_confirmation_v2/runs/confirmation_001/dev/evaluation/gpu1_1790343704904034001/episodes/87/COMPLETE.json
confirmation_dev,87,17DRP5sb8fy,LOCAL_s43,0.0,0.0,500,projects/qwen35_indoor_nav/research/continuation_memory_v1/strong_backbone_recovery_v1/recovery_confirmation_v2/runs/confirmation_001/dev/evaluation/gpu1_1790343704904034001/episodes/87/LOCAL_s43/TRACE.jsonl,9542645943ce0aadf618155fd9bf63bf19945d949ec0e0059df84a0e9cb173b1,projects/qwen35_indoor_nav/research/continuation_memory_v1/strong_backbone_recovery_v1/recovery_confirmation_v2/runs/confirmation_001/dev/evaluation/gpu1_1790343704904034001/episodes/87/COMPLETE.json
confirmation_dev,87,17DRP5sb8fy,CONCAT_s44,0.0,0.0,361,projects/qwen35_indoor_nav/research/continuation_memory_v1/strong_backbone_recovery_v1/recovery_confirmation_v2/runs/confirmation_001/dev/evaluation/gpu1_1790343704904034001/episodes/87/CONCAT_s44/TRACE.jsonl,e347b8112d37bc4b6e378df3e73733a70ed5ed070af1f5951faed7be951fcd98,projects/qwen35_indoor_nav/research/continuation_memory_v1/strong_backbone_recovery_v1/recovery_confirmation_v2/runs/confirmation_001/dev/evaluation/gpu1_1790343704904034001/episodes/87/COMPLETE.json
confirmation_dev,87,17DRP5sb8fy,LOCAL_s44,0.0,0.0,500,projects/qwen35_indoor_nav/research/continuation_memory_v1/strong_backbone_recovery_v1/recovery_confirmation_v2/runs/confirmation_001/dev/evaluation/gpu1_1790343704904034001/episodes/87/LOCAL_s44/TRACE.jsonl,d6906a1d0dcd9c4c1a57a74f843787c507a276c738eb14e76156fa95c00ada41,projects/qwen35_indoor_nav/research/continuation_memory_v1/strong_backbone_recovery_v1/recovery_confirmation_v2/runs/confirmation_001/dev/evaluation/gpu1_1790343704904034001/episodes/87/COMPLETE.json
confirmation_dev,87,17DRP5sb8fy,CONCAT_s42,1.0,0.4090607771245835,269,projects/qwen35_indoor_nav/research/continuation_memory_v1/strong_backbone_recovery_v1/recovery_confirmation_v2/runs/confirmation_001/dev/evaluation/gpu1_1790343704904034001/episodes/87/CONCAT_s42/TRACE.jsonl,15053196dda732269df40f70235715475974ccc31ace2178838a9800b98deabc,projects/qwen35_indoor_nav/research/continuation_memory_v1/strong_backbone_recovery_v1/recovery_confirmation_v2/runs/confirmation_001/dev/evaluation/gpu1_1790343704904034001/episodes/87/COMPLETE.json
confirmation_dev,87,17DRP5sb8fy,LOCAL_s42,0.0,0.0,286,projects/qwen35_indoor_nav/research/continuation_memory_v1/strong_backbone_recovery_v1/recovery_confirmation_v2/runs/confirmation_001/dev/evaluation/gpu1_1790343704904034001/episodes/87/LOCAL_s42/TRACE.jsonl,73c637037f2c6e53abfb1705c262552a944b430abe7f89f7efb1fec9872bb3dc,projects/qwen35_indoor_nav/research/continuation_memory_v1/strong_backbone_recovery_v1/recovery_confirmation_v2/runs/confirmation_001/dev/evaluation/gpu1_1790343704904034001/episodes/87/COMPLETE.json
confirmation_dev,87,17DRP5sb8fy,CONCAT_s43,0.0,0.0,500,projects/qwen35_indoor_nav/research/continuation_memory_v1/strong_backbone_recovery_v1/recovery_confirmation_v2/runs/confirmation_001/dev/evaluation/gpu1_1790343704904034001/episodes/87/CONCAT_s43/TRACE.jsonl,f0261b103389c5d37c553be8c4b80eb1aa2d2efbf2da63c53553cc4f409f0734,projects/qwen35_indoor_nav/research/continuation_memory_v1/strong_backbone_recovery_v1/recovery_confirmation_v2/runs/confirmation_001/dev/evaluation/gpu1_1790343704904034001/episodes/87/COMPLETE.json
confirmation_dev,95,r1Q1Z4BcV1o,NATIVE,0.0,0.0,136,projects/qwen35_indoor_nav/research/continuation_memory_v1/strong_backbone_recovery_v1/recovery_confirmation_v2/runs/confirmation_001/dev/evaluation/gpu1_1790343704904034001/episodes/95/NATIVE/TRACE.jsonl,a9acf915803936888defb1de68dc01b48ba4d47365a94320f3a355e995901cba,projects/qwen35_indoor_nav/research/continuation_memory_v1/strong_backbone_recovery_v1/recovery_confirmation_v2/runs/confirmation_001/dev/evaluation/gpu1_1790343704904034001/episodes/95/COMPLETE.json
confirmation_dev,95,r1Q1Z4BcV1o,LOCAL_s44,0.0,0.0,103,projects/qwen35_indoor_nav/research/continuation_memory_v1/strong_backbone_recovery_v1/recovery_confirmation_v2/runs/confirmation_001/dev/evaluation/gpu1_1790343704904034001/episodes/95/LOCAL_s44/TRACE.jsonl,a4d15ba1c8bfb158e633da8b2b0a25b3e6626ce7ca014d0e8d3496c414be9f49,projects/qwen35_indoor_nav/research/continuation_memory_v1/strong_backbone_recovery_v1/recovery_confirmation_v2/runs/confirmation_001/dev/evaluation/gpu1_1790343704904034001/episodes/95/COMPLETE.json
confirmation_dev,95,r1Q1Z4BcV1o,CONCAT_s42,0.0,0.0,129,projects/qwen35_indoor_nav/research/continuation_memory_v1/strong_backbone_recovery_v1/recovery_confirmation_v2/runs/confirmation_001/dev/evaluation/gpu1_1790343704904034001/episodes/95/CONCAT_s42/TRACE.jsonl,cb35bcbafe16ff76364aa3e11c2949603351c6f0b91aaef7382002a79e361cdf,projects/qwen35_indoor_nav/research/continuation_memory_v1/strong_backbone_recovery_v1/recovery_confirmation_v2/runs/confirmation_001/dev/evaluation/gpu1_1790343704904034001/episodes/95/COMPLETE.json
confirmation_dev,95,r1Q1Z4BcV1o,LOCAL_s42,0.0,0.0,136,projects/qwen35_indoor_nav/research/continuation_memory_v1/strong_backbone_recovery_v1/recovery_confirmation_v2/runs/confirmation_001/dev/evaluation/gpu1_1790343704904034001/episodes/95/LOCAL_s42/TRACE.jsonl,59db31d9f25a70a6cf2754f251de628a373efe601a7083446a75f85fb1a15db1,projects/qwen35_indoor_nav/research/continuation_memory_v1/strong_backbone_recovery_v1/recovery_confirmation_v2/runs/confirmation_001/dev/evaluation/gpu1_1790343704904034001/episodes/95/COMPLETE.json
confirmation_dev,95,r1Q1Z4BcV1o,CONCAT_s43,0.0,0.0,103,projects/qwen35_indoor_nav/research/continuation_memory_v1/strong_backbone_recovery_v1/recovery_confirmation_v2/runs/confirmation_001/dev/evaluation/gpu1_1790343704904034001/episodes/95/CONCAT_s43/TRACE.jsonl,86d8bfb4484075360892e40f1511b73a2c9c0d6371a9944ca8c8750975702a75,projects/qwen35_indoor_nav/research/continuation_memory_v1/strong_backbone_recovery_v1/recovery_confirmation_v2/runs/confirmation_001/dev/evaluation/gpu1_1790343704904034001/episodes/95/COMPLETE.json
confirmation_dev,95,r1Q1Z4BcV1o,LOCAL_s43,0.0,0.0,129,projects/qwen35_indoor_nav/research/continuation_memory_v1/strong_backbone_recovery_v1/recovery_confirmation_v2/runs/confirmation_001/dev/evaluation/gpu1_1790343704904034001/episodes/95/LOCAL_s43/TRACE.jsonl,0f235839c4ba928277939c5867a792f56706b8dfc1a8d525f5bc19535e06b929,projects/qwen35_indoor_nav/research/continuation_memory_v1/strong_backbone_recovery_v1/recovery_confirmation_v2/runs/confirmation_001/dev/evaluation/gpu1_1790343704904034001/episodes/95/COMPLETE.json
confirmation_dev,95,r1Q1Z4BcV1o,CONCAT_s44,0.0,0.0,103,projects/qwen35_indoor_nav/research/continuation_memory_v1/strong_backbone_recovery_v1/recovery_confirmation_v2/runs/confirmation_001/dev/evaluation/gpu1_1790343704904034001/episodes/95/CONCAT_s44/TRACE.jsonl,6b38a541a646faebb1e9b4470edcf6f74a30b073aeb0adf1495786dfbd97dda5,projects/qwen35_indoor_nav/research/continuation_memory_v1/strong_backbone_recovery_v1/recovery_confirmation_v2/runs/confirmation_001/dev/evaluation/gpu1_1790343704904034001/episodes/95/COMPLETE.json
confirmation_dev,96,uNb9QFRL6hY,NATIVE,0.0,0.0,116,projects/qwen35_indoor_nav/research/continuation_memory_v1/strong_backbone_recovery_v1/recovery_confirmation_v2/runs/confirmation_001/dev/evaluation/gpu1_1790343704904034001/episodes/96/NATIVE/TRACE.jsonl,8691d141f6fdf4e562478f002ba3b4783a8efacd6e4536e2bcfbbba9d75893f6,projects/qwen35_indoor_nav/research/continuation_memory_v1/strong_backbone_recovery_v1/recovery_confirmation_v2/runs/confirmation_001/dev/evaluation/gpu1_1790343704904034001/episodes/96/COMPLETE.json
confirmation_dev,96,uNb9QFRL6hY,CONCAT_s42,0.0,0.0,181,projects/qwen35_indoor_nav/research/continuation_memory_v1/strong_backbone_recovery_v1/recovery_confirmation_v2/runs/confirmation_001/dev/evaluation/gpu1_1790343704904034001/episodes/96/CONCAT_s42/TRACE.jsonl,f271342272e9d8e5c29464dc12ac31cfde148a61fcb2ba1bbe13e475f7884588,projects/qwen35_indoor_nav/research/continuation_memory_v1/strong_backbone_recovery_v1/recovery_confirmation_v2/runs/confirmation_001/dev/evaluation/gpu1_1790343704904034001/episodes/96/COMPLETE.json
confirmation_dev,96,uNb9QFRL6hY,LOCAL_s42,0.0,0.0,500,projects/qwen35_indoor_nav/research/continuation_memory_v1/strong_backbone_recovery_v1/recovery_confirmation_v2/runs/confirmation_001/dev/evaluation/gpu1_1790343704904034001/episodes/96/LOCAL_s42/TRACE.jsonl,f4ad80db43aa50d61b5445549f7e7d13ff093db320bb0e4a75534fd594cf844a,projects/qwen35_indoor_nav/research/continuation_memory_v1/strong_backbone_recovery_v1/recovery_confirmation_v2/runs/confirmation_001/dev/evaluation/gpu1_1790343704904034001/episodes/96/COMPLETE.json
confirmation_dev,96,uNb9QFRL6hY,CONCAT_s43,0.0,0.0,181,projects/qwen35_indoor_nav/research/continuation_memory_v1/strong_backbone_recovery_v1/recovery_confirmation_v2/runs/confirmation_001/dev/evaluation/gpu1_1790343704904034001/episodes/96/CONCAT_s43/TRACE.jsonl,d797629cafd3b8fbe68637d8abd942473be84a5bb22a69976de9001d04d3b0da,projects/qwen35_indoor_nav/research/continuation_memory_v1/strong_backbone_recovery_v1/recovery_confirmation_v2/runs/confirmation_001/dev/evaluation/gpu1_1790343704904034001/episodes/96/COMPLETE.json
confirmation_dev,96,uNb9QFRL6hY,LOCAL_s43,1.0,0.24639398596232012,209,projects/qwen35_indoor_nav/research/continuation_memory_v1/strong_backbone_recovery_v1/recovery_confirmation_v2/runs/confirmation_001/dev/evaluation/gpu1_1790343704904034001/episodes/96/LOCAL_s43/TRACE.jsonl,f9170262235f7ba358961fd2bf6646c807cbcf1d54114287cc7ef3af1ca6135f,projects/qwen35_indoor_nav/research/continuation_memory_v1/strong_backbone_recovery_v1/recovery_confirmation_v2/runs/confirmation_001/dev/evaluation/gpu1_1790343704904034001/episodes/96/COMPLETE.json
confirmation_dev,96,uNb9QFRL6hY,CONCAT_s44,0.0,0.0,177,projects/qwen35_indoor_nav/research/continuation_memory_v1/strong_backbone_recovery_v1/recovery_confirmation_v2/runs/confirmation_001/dev/evaluation/gpu1_1790343704904034001/episodes/96/CONCAT_s44/TRACE.jsonl,a860717ae1a5c6c58e5d143f303e2232759993f6770a784d8f026ba80d84a91a,projects/qwen35_indoor_nav/research/continuation_memory_v1/strong_backbone_recovery_v1/recovery_confirmation_v2/runs/confirmation_001/dev/evaluation/gpu1_1790343704904034001/episodes/96/COMPLETE.json
confirmation_dev,96,uNb9QFRL6hY,LOCAL_s44,1.0,0.24639398596232012,209,projects/qwen35_indoor_nav/research/continuation_memory_v1/strong_backbone_recovery_v1/recovery_confirmation_v2/runs/confirmation_001/dev/evaluation/gpu1_1790343704904034001/episodes/96/LOCAL_s44/TRACE.jsonl,97faf2514e742545127cf9ca9ba7ed46420563d7aab9c79e82bfeadfd0110a02,projects/qwen35_indoor_nav/research/continuation_memory_v1/strong_backbone_recovery_v1/recovery_confirmation_v2/runs/confirmation_001/dev/evaluation/gpu1_1790343704904034001/episodes/96/COMPLETE.json
confirmation_dev,103,uNb9QFRL6hY,NATIVE,0.0,0.0,66,projects/qwen35_indoor_nav/research/continuation_memory_v1/strong_backbone_recovery_v1/recovery_confirmation_v2/runs/confirmation_001/dev/evaluation/gpu2_1790343704999856208/episodes/103/NATIVE/TRACE.jsonl,867cbda93fc88b87eb5eedff7c12e29d1024df3bed41d96e589898ef4d3c9022,projects/qwen35_indoor_nav/research/continuation_memory_v1/strong_backbone_recovery_v1/recovery_confirmation_v2/runs/confirmation_001/dev/evaluation/gpu2_1790343704999856208/episodes/103/COMPLETE.json
confirmation_dev,103,uNb9QFRL6hY,LOCAL_s42,0.0,0.0,75,projects/qwen35_indoor_nav/research/continuation_memory_v1/strong_backbone_recovery_v1/recovery_confirmation_v2/runs/confirmation_001/dev/evaluation/gpu2_1790343704999856208/episodes/103/LOCAL_s42/TRACE.jsonl,41b6533f50c8e4ce329fb9d52f927145fb72abf4bf8f9acaf17c74ea1e4e07ad,projects/qwen35_indoor_nav/research/continuation_memory_v1/strong_backbone_recovery_v1/recovery_confirmation_v2/runs/confirmation_001/dev/evaluation/gpu2_1790343704999856208/episodes/103/COMPLETE.json
confirmation_dev,103,uNb9QFRL6hY,CONCAT_s43,0.0,0.0,75,projects/qwen35_indoor_nav/research/continuation_memory_v1/strong_backbone_recovery_v1/recovery_confirmation_v2/runs/confirmation_001/dev/evaluation/gpu2_1790343704999856208/episodes/103/CONCAT_s43/TRACE.jsonl,24cb635ce62e348fe5b57b8f098bccba7a76d93423c9daad9e49c59854de9125,projects/qwen35_indoor_nav/research/continuation_memory_v1/strong_backbone_recovery_v1/recovery_confirmation_v2/runs/confirmation_001/dev/evaluation/gpu2_1790343704999856208/episodes/103/COMPLETE.json
confirmation_dev,103,uNb9QFRL6hY,LOCAL_s43,0.0,0.0,75,projects/qwen35_indoor_nav/research/continuation_memory_v1/strong_backbone_recovery_v1/recovery_confirmation_v2/runs/confirmation_001/dev/evaluation/gpu2_1790343704999856208/episodes/103/LOCAL_s43/TRACE.jsonl,39c7d22ae1ae5e5c970b186f73227efe02708b06ed7957acc0156ec41c2fb3b1,projects/qwen35_indoor_nav/research/continuation_memory_v1/strong_backbone_recovery_v1/recovery_confirmation_v2/runs/confirmation_001/dev/evaluation/gpu2_1790343704999856208/episodes/103/COMPLETE.json
confirmation_dev,103,uNb9QFRL6hY,CONCAT_s44,0.0,0.0,75,projects/qwen35_indoor_nav/research/continuation_memory_v1/strong_backbone_recovery_v1/recovery_confirmation_v2/runs/confirmation_001/dev/evaluation/gpu2_1790343704999856208/episodes/103/CONCAT_s44/TRACE.jsonl,569e35dc686f57eca2441b7f73a5ec73db8338e568d264b0f84cfd5a1ecc0cc8,projects/qwen35_indoor_nav/research/continuation_memory_v1/strong_backbone_recovery_v1/recovery_confirmation_v2/runs/confirmation_001/dev/evaluation/gpu2_1790343704999856208/episodes/103/COMPLETE.json
confirmation_dev,103,uNb9QFRL6hY,LOCAL_s44,0.0,0.0,75,projects/qwen35_indoor_nav/research/continuation_memory_v1/strong_backbone_recovery_v1/recovery_confirmation_v2/runs/confirmation_001/dev/evaluation/gpu2_1790343704999856208/episodes/103/LOCAL_s44/TRACE.jsonl,480295b14ec76560f47715fa39f6835bd830a9a23f7740c88e938ee90c30e4cb,projects/qwen35_indoor_nav/research/continuation_memory_v1/strong_backbone_recovery_v1/recovery_confirmation_v2/runs/confirmation_001/dev/evaluation/gpu2_1790343704999856208/episodes/103/COMPLETE.json
confirmation_dev,103,uNb9QFRL6hY,CONCAT_s42,0.0,0.0,75,projects/qwen35_indoor_nav/research/continuation_memory_v1/strong_backbone_recovery_v1/recovery_confirmation_v2/runs/confirmation_001/dev/evaluation/gpu2_1790343704999856208/episodes/103/CONCAT_s42/TRACE.jsonl,3bc1f392e2516d39892f75049a901e58f09f55f30bbd963cb1fbfe457353957a,projects/qwen35_indoor_nav/research/continuation_memory_v1/strong_backbone_recovery_v1/recovery_confirmation_v2/runs/confirmation_001/dev/evaluation/gpu2_1790343704999856208/episodes/103/COMPLETE.json
confirmation_dev,104,uNb9QFRL6hY,NATIVE,0.0,0.0,66,projects/qwen35_indoor_nav/research/continuation_memory_v1/strong_backbone_recovery_v1/recovery_confirmation_v2/runs/confirmation_001/dev/evaluation/gpu2_1790343704999856208/episodes/104/NATIVE/TRACE.jsonl,37681e85775342c1d03e127405ccc5586f133f3e48146b2fa56f1aee602010dd,projects/qwen35_indoor_nav/research/continuation_memory_v1/strong_backbone_recovery_v1/recovery_confirmation_v2/runs/confirmation_001/dev/evaluation/gpu2_1790343704999856208/episodes/104/COMPLETE.json
confirmation_dev,104,uNb9QFRL6hY,CONCAT_s43,0.0,0.0,75,projects/qwen35_indoor_nav/research/continuation_memory_v1/strong_backbone_recovery_v1/recovery_confirmation_v2/runs/confirmation_001/dev/evaluation/gpu2_1790343704999856208/episodes/104/CONCAT_s43/TRACE.jsonl,32dc8f2c283f7a1bb00d275c71595ba63bca0e48d4325f78b3643e2c4f1dd3b4,projects/qwen35_indoor_nav/research/continuation_memory_v1/strong_backbone_recovery_v1/recovery_confirmation_v2/runs/confirmation_001/dev/evaluation/gpu2_1790343704999856208/episodes/104/COMPLETE.json
confirmation_dev,104,uNb9QFRL6hY,LOCAL_s43,0.0,0.0,75,projects/qwen35_indoor_nav/research/continuation_memory_v1/strong_backbone_recovery_v1/recovery_confirmation_v2/runs/confirmation_001/dev/evaluation/gpu2_1790343704999856208/episodes/104/LOCAL_s43/TRACE.jsonl,7cab901edfcba52a387d8dc6983df7d2cd78b3b5e60197fe9cfab6ff0e356258,projects/qwen35_indoor_nav/research/continuation_memory_v1/strong_backbone_recovery_v1/recovery_confirmation_v2/runs/confirmation_001/dev/evaluation/gpu2_1790343704999856208/episodes/104/COMPLETE.json
confirmation_dev,104,uNb9QFRL6hY,CONCAT_s44,0.0,0.0,75,projects/qwen35_indoor_nav/research/continuation_memory_v1/strong_backbone_recovery_v1/recovery_confirmation_v2/runs/confirmation_001/dev/evaluation/gpu2_1790343704999856208/episodes/104/CONCAT_s44/TRACE.jsonl,031f511b70623ee06672701b0bb9df59ac96ddc7c34396671739ea8c857fff77,projects/qwen35_indoor_nav/research/continuation_memory_v1/strong_backbone_recovery_v1/recovery_confirmation_v2/runs/confirmation_001/dev/evaluation/gpu2_1790343704999856208/episodes/104/COMPLETE.json
confirmation_dev,104,uNb9QFRL6hY,LOCAL_s44,0.0,0.0,75,projects/qwen35_indoor_nav/research/continuation_memory_v1/strong_backbone_recovery_v1/recovery_confirmation_v2/runs/confirmation_001/dev/evaluation/gpu2_1790343704999856208/episodes/104/LOCAL_s44/TRACE.jsonl,7ae83391ba61cf521de57c71eb6a5e6d13bcd3632413a2d45337ec9f50c00da6,projects/qwen35_indoor_nav/research/continuation_memory_v1/strong_backbone_recovery_v1/recovery_confirmation_v2/runs/confirmation_001/dev/evaluation/gpu2_1790343704999856208/episodes/104/COMPLETE.json
confirmation_dev,104,uNb9QFRL6hY,CONCAT_s42,0.0,0.0,75,projects/qwen35_indoor_nav/research/continuation_memory_v1/strong_backbone_recovery_v1/recovery_confirmation_v2/runs/confirmation_001/dev/evaluation/gpu2_1790343704999856208/episodes/104/CONCAT_s42/TRACE.jsonl,9f96baff8c339044de345ed762315ca41fd63ce7fcafcf45af1f4db0605c2e12,projects/qwen35_indoor_nav/research/continuation_memory_v1/strong_backbone_recovery_v1/recovery_confirmation_v2/runs/confirmation_001/dev/evaluation/gpu2_1790343704999856208/episodes/104/COMPLETE.json
confirmation_dev,104,uNb9QFRL6hY,LOCAL_s42,0.0,0.0,75,projects/qwen35_indoor_nav/research/continuation_memory_v1/strong_backbone_recovery_v1/recovery_confirmation_v2/runs/confirmation_001/dev/evaluation/gpu2_1790343704999856208/episodes/104/LOCAL_s42/TRACE.jsonl,7b68e10f295c47d9705550d5042f709d2cc83cd34b1c1f07ca777f7ca4747cad,projects/qwen35_indoor_nav/research/continuation_memory_v1/strong_backbone_recovery_v1/recovery_confirmation_v2/runs/confirmation_001/dev/evaluation/gpu2_1790343704999856208/episodes/104/COMPLETE.json
confirmation_dev,117,r1Q1Z4BcV1o,NATIVE,0.0,0.0,64,projects/qwen35_indoor_nav/research/continuation_memory_v1/strong_backbone_recovery_v1/recovery_confirmation_v2/runs/confirmation_001/dev/evaluation/gpu2_1790343704999856208/episodes/117/NATIVE/TRACE.jsonl,a514209b86e0a5492486d1deac779aeef5c58730cb30a3e845fb727417e0d404,projects/qwen35_indoor_nav/research/continuation_memory_v1/strong_backbone_recovery_v1/recovery_confirmation_v2/runs/confirmation_001/dev/evaluation/gpu2_1790343704999856208/episodes/117/COMPLETE.json
confirmation_dev,117,r1Q1Z4BcV1o,LOCAL_s43,0.0,0.0,64,projects/qwen35_indoor_nav/research/continuation_memory_v1/strong_backbone_recovery_v1/recovery_confirmation_v2/runs/confirmation_001/dev/evaluation/gpu2_1790343704999856208/episodes/117/LOCAL_s43/TRACE.jsonl,54f24257987a40d70db03d0c574175f73cf9847a1859efce8117a8858f7c3ce3,projects/qwen35_indoor_nav/research/continuation_memory_v1/strong_backbone_recovery_v1/recovery_confirmation_v2/runs/confirmation_001/dev/evaluation/gpu2_1790343704999856208/episodes/117/COMPLETE.json
confirmation_dev,117,r1Q1Z4BcV1o,CONCAT_s44,0.0,0.0,64,projects/qwen35_indoor_nav/research/continuation_memory_v1/strong_backbone_recovery_v1/recovery_confirmation_v2/runs/confirmation_001/dev/evaluation/gpu2_1790343704999856208/episodes/117/CONCAT_s44/TRACE.jsonl,16c402b49cfe983a3d295d2061b3e6f17030e2c9158ad16b67ce28c9ea1f1319,projects/qwen35_indoor_nav/research/continuation_memory_v1/strong_backbone_recovery_v1/recovery_confirmation_v2/runs/confirmation_001/dev/evaluation/gpu2_1790343704999856208/episodes/117/COMPLETE.json
confirmation_dev,117,r1Q1Z4BcV1o,LOCAL_s44,0.0,0.0,64,projects/qwen35_indoor_nav/research/continuation_memory_v1/strong_backbone_recovery_v1/recovery_confirmation_v2/runs/confirmation_001/dev/evaluation/gpu2_1790343704999856208/episodes/117/LOCAL_s44/TRACE.jsonl,03d55976d5a7c6bddec33dbf86609530921ba7c7812f0f08128dc930b3f10463,projects/qwen35_indoor_nav/research/continuation_memory_v1/strong_backbone_recovery_v1/recovery_confirmation_v2/runs/confirmation_001/dev/evaluation/gpu2_1790343704999856208/episodes/117/COMPLETE.json
confirmation_dev,117,r1Q1Z4BcV1o,CONCAT_s42,0.0,0.0,64,projects/qwen35_indoor_nav/research/continuation_memory_v1/strong_backbone_recovery_v1/recovery_confirmation_v2/runs/confirmation_001/dev/evaluation/gpu2_1790343704999856208/episodes/117/CONCAT_s42/TRACE.jsonl,1c9a2a019c2ee2c19bf35db97db9e5e8dcdd06449e0e8884a85a69888b460c4c,projects/qwen35_indoor_nav/research/continuation_memory_v1/strong_backbone_recovery_v1/recovery_confirmation_v2/runs/confirmation_001/dev/evaluation/gpu2_1790343704999856208/episodes/117/COMPLETE.json
confirmation_dev,117,r1Q1Z4BcV1o,LOCAL_s42,0.0,0.0,64,projects/qwen35_indoor_nav/research/continuation_memory_v1/strong_backbone_recovery_v1/recovery_confirmation_v2/runs/confirmation_001/dev/evaluation/gpu2_1790343704999856208/episodes/117/LOCAL_s42/TRACE.jsonl,af15b53ea25a540547cf954f3333da6a441dab3ac73a978d919fa566af7976df,projects/qwen35_indoor_nav/research/continuation_memory_v1/strong_backbone_recovery_v1/recovery_confirmation_v2/runs/confirmation_001/dev/evaluation/gpu2_1790343704999856208/episodes/117/COMPLETE.json
confirmation_dev,117,r1Q1Z4BcV1o,CONCAT_s43,0.0,0.0,64,projects/qwen35_indoor_nav/research/continuation_memory_v1/strong_backbone_recovery_v1/recovery_confirmation_v2/runs/confirmation_001/dev/evaluation/gpu2_1790343704999856208/episodes/117/CONCAT_s43/TRACE.jsonl,fe00ac140022032662ed6b50aa79dcd767976c61d1f0df52e67b28501c7ec398,projects/qwen35_indoor_nav/research/continuation_memory_v1/strong_backbone_recovery_v1/recovery_confirmation_v2/runs/confirmation_001/dev/evaluation/gpu2_1790343704999856208/episodes/117/COMPLETE.json
confirmation_dev,118,uNb9QFRL6hY,NATIVE,0.0,0.0,500,projects/qwen35_indoor_nav/research/continuation_memory_v1/strong_backbone_recovery_v1/recovery_confirmation_v2/runs/confirmation_001/dev/evaluation/gpu2_1790343704999856208/episodes/118/NATIVE/TRACE.jsonl,2a3722050a7300dc30f6071e415f28ece50a56d007e4a4fd0133d30123088a17,projects/qwen35_indoor_nav/research/continuation_memory_v1/strong_backbone_recovery_v1/recovery_confirmation_v2/runs/confirmation_001/dev/evaluation/gpu2_1790343704999856208/episodes/118/COMPLETE.json
confirmation_dev,118,uNb9QFRL6hY,CONCAT_s44,0.0,0.0,193,projects/qwen35_indoor_nav/research/continuation_memory_v1/strong_backbone_recovery_v1/recovery_confirmation_v2/runs/confirmation_001/dev/evaluation/gpu2_1790343704999856208/episodes/118/CONCAT_s44/TRACE.jsonl,7fdb5b80cc3c4c58890b777b6296e779e3bd27040b0de0154c2d389801791b87,projects/qwen35_indoor_nav/research/continuation_memory_v1/strong_backbone_recovery_v1/recovery_confirmation_v2/runs/confirmation_001/dev/evaluation/gpu2_1790343704999856208/episodes/118/COMPLETE.json
confirmation_dev,118,uNb9QFRL6hY,LOCAL_s44,1.0,0.5632872922689454,149,projects/qwen35_indoor_nav/research/continuation_memory_v1/strong_backbone_recovery_v1/recovery_confirmation_v2/runs/confirmation_001/dev/evaluation/gpu2_1790343704999856208/episodes/118/LOCAL_s44/TRACE.jsonl,8c3fcea2927064c940dbea50824a2dc3017850e6aa94d0115470fa9719faf023,projects/qwen35_indoor_nav/research/continuation_memory_v1/strong_backbone_recovery_v1/recovery_confirmation_v2/runs/confirmation_001/dev/evaluation/gpu2_1790343704999856208/episodes/118/COMPLETE.json
confirmation_dev,118,uNb9QFRL6hY,CONCAT_s42,0.0,0.0,500,projects/qwen35_indoor_nav/research/continuation_memory_v1/strong_backbone_recovery_v1/recovery_confirmation_v2/runs/confirmation_001/dev/evaluation/gpu2_1790343704999856208/episodes/118/CONCAT_s42/TRACE.jsonl,bc849b5542e95f330e3a8e45aacd9b1a41c63b92647d08cbe625c5f1c06fb57a,projects/qwen35_indoor_nav/research/continuation_memory_v1/strong_backbone_recovery_v1/recovery_confirmation_v2/runs/confirmation_001/dev/evaluation/gpu2_1790343704999856208/episodes/118/COMPLETE.json
confirmation_dev,118,uNb9QFRL6hY,LOCAL_s42,0.0,0.0,106,projects/qwen35_indoor_nav/research/continuation_memory_v1/strong_backbone_recovery_v1/recovery_confirmation_v2/runs/confirmation_001/dev/evaluation/gpu2_1790343704999856208/episodes/118/LOCAL_s42/TRACE.jsonl,0ac98ad64765639e267e5b1257b154b7449e8afd2d25550102f5105ca22ccbd4,projects/qwen35_indoor_nav/research/continuation_memory_v1/strong_backbone_recovery_v1/recovery_confirmation_v2/runs/confirmation_001/dev/evaluation/gpu2_1790343704999856208/episodes/118/COMPLETE.json
confirmation_dev,118,uNb9QFRL6hY,CONCAT_s43,0.0,0.0,105,projects/qwen35_indoor_nav/research/continuation_memory_v1/strong_backbone_recovery_v1/recovery_confirmation_v2/runs/confirmation_001/dev/evaluation/gpu2_1790343704999856208/episodes/118/CONCAT_s43/TRACE.jsonl,f2e2a16f5f8177ace49c46e4b91b5f439a73bb21aaca66cacf433deb4b732560,projects/qwen35_indoor_nav/research/continuation_memory_v1/strong_backbone_recovery_v1/recovery_confirmation_v2/runs/confirmation_001/dev/evaluation/gpu2_1790343704999856208/episodes/118/COMPLETE.json
confirmation_dev,118,uNb9QFRL6hY,LOCAL_s43,0.0,0.0,106,projects/qwen35_indoor_nav/research/continuation_memory_v1/strong_backbone_recovery_v1/recovery_confirmation_v2/runs/confirmation_001/dev/evaluation/gpu2_1790343704999856208/episodes/118/LOCAL_s43/TRACE.jsonl,11d053105c310660f4ea84f2a22a1444d6e1170cc21bcc950e6769cf9124714e,projects/qwen35_indoor_nav/research/continuation_memory_v1/strong_backbone_recovery_v1/recovery_confirmation_v2/runs/confirmation_001/dev/evaluation/gpu2_1790343704999856208/episodes/118/COMPLETE.json
confirmation_dev,119,uNb9QFRL6hY,NATIVE,0.0,0.0,500,projects/qwen35_indoor_nav/research/continuation_memory_v1/strong_backbone_recovery_v1/recovery_confirmation_v2/runs/confirmation_001/dev/evaluation/gpu2_1790343704999856208/episodes/119/NATIVE/TRACE.jsonl,eda93533740d859b1433d6284603a76301d02569aacbc6cbab109e7eb1f95e4d,projects/qwen35_indoor_nav/research/continuation_memory_v1/strong_backbone_recovery_v1/recovery_confirmation_v2/runs/confirmation_001/dev/evaluation/gpu2_1790343704999856208/episodes/119/COMPLETE.json
confirmation_dev,119,uNb9QFRL6hY,LOCAL_s44,1.0,0.5632872922689454,149,projects/qwen35_indoor_nav/research/continuation_memory_v1/strong_backbone_recovery_v1/recovery_confirmation_v2/runs/confirmation_001/dev/evaluation/gpu2_1790343704999856208/episodes/119/LOCAL_s44/TRACE.jsonl,498904eb8fed639dc3c338f5ab5456af3576dd647550a0a1f891fc8865debeeb,projects/qwen35_indoor_nav/research/continuation_memory_v1/strong_backbone_recovery_v1/recovery_confirmation_v2/runs/confirmation_001/dev/evaluation/gpu2_1790343704999856208/episodes/119/COMPLETE.json
confirmation_dev,119,uNb9QFRL6hY,CONCAT_s42,0.0,0.0,500,projects/qwen35_indoor_nav/research/continuation_memory_v1/strong_backbone_recovery_v1/recovery_confirmation_v2/runs/confirmation_001/dev/evaluation/gpu2_1790343704999856208/episodes/119/CONCAT_s42/TRACE.jsonl,24a96c2fcbf96e907653baaf28aae6f9d8d24880cac4abedd642b26c7cfd7916,projects/qwen35_indoor_nav/research/continuation_memory_v1/strong_backbone_recovery_v1/recovery_confirmation_v2/runs/confirmation_001/dev/evaluation/gpu2_1790343704999856208/episodes/119/COMPLETE.json
confirmation_dev,119,uNb9QFRL6hY,LOCAL_s42,0.0,0.0,106,projects/qwen35_indoor_nav/research/continuation_memory_v1/strong_backbone_recovery_v1/recovery_confirmation_v2/runs/confirmation_001/dev/evaluation/gpu2_1790343704999856208/episodes/119/LOCAL_s42/TRACE.jsonl,fc2eee1e4d96038464aafdf913fdccbc8f49418cc6fb2a662d537fc21fc0c26e,projects/qwen35_indoor_nav/research/continuation_memory_v1/strong_backbone_recovery_v1/recovery_confirmation_v2/runs/confirmation_001/dev/evaluation/gpu2_1790343704999856208/episodes/119/COMPLETE.json
confirmation_dev,119,uNb9QFRL6hY,CONCAT_s43,0.0,0.0,105,projects/qwen35_indoor_nav/research/continuation_memory_v1/strong_backbone_recovery_v1/recovery_confirmation_v2/runs/confirmation_001/dev/evaluation/gpu2_1790343704999856208/episodes/119/CONCAT_s43/TRACE.jsonl,271c03b8a9dbe7e55332cb857bce2f17e156f9ad1bcc4529b1889cc379aaa6fe,projects/qwen35_indoor_nav/research/continuation_memory_v1/strong_backbone_recovery_v1/recovery_confirmation_v2/runs/confirmation_001/dev/evaluation/gpu2_1790343704999856208/episodes/119/COMPLETE.json
confirmation_dev,119,uNb9QFRL6hY,LOCAL_s43,0.0,0.0,106,projects/qwen35_indoor_nav/research/continuation_memory_v1/strong_backbone_recovery_v1/recovery_confirmation_v2/runs/confirmation_001/dev/evaluation/gpu2_1790343704999856208/episodes/119/LOCAL_s43/TRACE.jsonl,71649ec1fd1993179889ea84c1144cdfadbdb2eafdad52b2af149ce949eef95f,projects/qwen35_indoor_nav/research/continuation_memory_v1/strong_backbone_recovery_v1/recovery_confirmation_v2/runs/confirmation_001/dev/evaluation/gpu2_1790343704999856208/episodes/119/COMPLETE.json
confirmation_dev,119,uNb9QFRL6hY,CONCAT_s44,0.0,0.0,193,projects/qwen35_indoor_nav/research/continuation_memory_v1/strong_backbone_recovery_v1/recovery_confirmation_v2/runs/confirmation_001/dev/evaluation/gpu2_1790343704999856208/episodes/119/CONCAT_s44/TRACE.jsonl,da3b9ccfac40febe205d802357c7799dd0a8f390ce547c9e79c1f06b23eb39bb,projects/qwen35_indoor_nav/research/continuation_memory_v1/strong_backbone_recovery_v1/recovery_confirmation_v2/runs/confirmation_001/dev/evaluation/gpu2_1790343704999856208/episodes/119/COMPLETE.json
confirmation_dev,124,17DRP5sb8fy,NATIVE,0.0,0.0,500,projects/qwen35_indoor_nav/research/continuation_memory_v1/strong_backbone_recovery_v1/recovery_confirmation_v2/runs/confirmation_001/dev/evaluation/gpu2_1790343704999856208/episodes/124/NATIVE/TRACE.jsonl,3e9fd7a5f733f29e7c4b7bd65fbe5c34aa6a48a2cf86c54b59845b444e278cbb,projects/qwen35_indoor_nav/research/continuation_memory_v1/strong_backbone_recovery_v1/recovery_confirmation_v2/runs/confirmation_001/dev/evaluation/gpu2_1790343704999856208/episodes/124/COMPLETE.json
confirmation_dev,124,17DRP5sb8fy,CONCAT_s44,0.0,0.0,500,projects/qwen35_indoor_nav/research/continuation_memory_v1/strong_backbone_recovery_v1/recovery_confirmation_v2/runs/confirmation_001/dev/evaluation/gpu2_1790343704999856208/episodes/124/CONCAT_s44/TRACE.jsonl,f9245b0c40f79e2d7224c78a6a81a9aac6e6d97e81744d17f66d1b7800244126,projects/qwen35_indoor_nav/research/continuation_memory_v1/strong_backbone_recovery_v1/recovery_confirmation_v2/runs/confirmation_001/dev/evaluation/gpu2_1790343704999856208/episodes/124/COMPLETE.json
confirmation_dev,124,17DRP5sb8fy,LOCAL_s44,0.0,0.0,500,projects/qwen35_indoor_nav/research/continuation_memory_v1/strong_backbone_recovery_v1/recovery_confirmation_v2/runs/confirmation_001/dev/evaluation/gpu2_1790343704999856208/episodes/124/LOCAL_s44/TRACE.jsonl,bdecdbf4dbf2e32fa94f6b48c60fb035c1bc88e3e3f53513fd116906a2790c33,projects/qwen35_indoor_nav/research/continuation_memory_v1/strong_backbone_recovery_v1/recovery_confirmation_v2/runs/confirmation_001/dev/evaluation/gpu2_1790343704999856208/episodes/124/COMPLETE.json
confirmation_dev,124,17DRP5sb8fy,CONCAT_s42,0.0,0.0,349,projects/qwen35_indoor_nav/research/continuation_memory_v1/strong_backbone_recovery_v1/recovery_confirmation_v2/runs/confirmation_001/dev/evaluation/gpu2_1790343704999856208/episodes/124/CONCAT_s42/TRACE.jsonl,53611f31eef01dd236034fd1053085f240c470d7ba7748d766f91f1b967e9202,projects/qwen35_indoor_nav/research/continuation_memory_v1/strong_backbone_recovery_v1/recovery_confirmation_v2/runs/confirmation_001/dev/evaluation/gpu2_1790343704999856208/episodes/124/COMPLETE.json
confirmation_dev,124,17DRP5sb8fy,LOCAL_s42,0.0,0.0,500,projects/qwen35_indoor_nav/research/continuation_memory_v1/strong_backbone_recovery_v1/recovery_confirmation_v2/runs/confirmation_001/dev/evaluation/gpu2_1790343704999856208/episodes/124/LOCAL_s42/TRACE.jsonl,63fbea449feced0abf069229b767b52aea7a073b2893a172cf7df1187eb043f4,projects/qwen35_indoor_nav/research/continuation_memory_v1/strong_backbone_recovery_v1/recovery_confirmation_v2/runs/confirmation_001/dev/evaluation/gpu2_1790343704999856208/episodes/124/COMPLETE.json
confirmation_dev,124,17DRP5sb8fy,CONCAT_s43,0.0,0.0,357,projects/qwen35_indoor_nav/research/continuation_memory_v1/strong_backbone_recovery_v1/recovery_confirmation_v2/runs/confirmation_001/dev/evaluation/gpu2_1790343704999856208/episodes/124/CONCAT_s43/TRACE.jsonl,a0ee912f8ac6d1a325b3c97bd3aa9b81070fe165c99242b6b555fcddc301bb1f,projects/qwen35_indoor_nav/research/continuation_memory_v1/strong_backbone_recovery_v1/recovery_confirmation_v2/runs/confirmation_001/dev/evaluation/gpu2_1790343704999856208/episodes/124/COMPLETE.json
confirmation_dev,124,17DRP5sb8fy,LOCAL_s43,0.0,0.0,500,projects/qwen35_indoor_nav/research/continuation_memory_v1/strong_backbone_recovery_v1/recovery_confirmation_v2/runs/confirmation_001/dev/evaluation/gpu2_1790343704999856208/episodes/124/LOCAL_s43/TRACE.jsonl,974b7480436b943ee35c029a9dc099cf6ac4eb4f302c06615663f0353c0a3f9b,projects/qwen35_indoor_nav/research/continuation_memory_v1/strong_backbone_recovery_v1/recovery_confirmation_v2/runs/confirmation_001/dev/evaluation/gpu2_1790343704999856208/episodes/124/COMPLETE.json
confirmation_dev,129,uNb9QFRL6hY,NATIVE,0.0,0.0,96,projects/qwen35_indoor_nav/research/continuation_memory_v1/strong_backbone_recovery_v1/recovery_confirmation_v2/runs/confirmation_001/dev/evaluation/gpu2_1790343704999856208/episodes/129/NATIVE/TRACE.jsonl,673759dad05a8eddd1a089c83a0d3763b1e161e48ea5e1c027003504cecc280d,projects/qwen35_indoor_nav/research/continuation_memory_v1/strong_backbone_recovery_v1/recovery_confirmation_v2/runs/confirmation_001/dev/evaluation/gpu2_1790343704999856208/episodes/129/COMPLETE.json
confirmation_dev,129,uNb9QFRL6hY,LOCAL_s43,0.0,0.0,96,projects/qwen35_indoor_nav/research/continuation_memory_v1/strong_backbone_recovery_v1/recovery_confirmation_v2/runs/confirmation_001/dev/evaluation/gpu2_1790343704999856208/episodes/129/LOCAL_s43/TRACE.jsonl,52d191bf64797eb8559bfa978e1c5c21b17bb5a99151534bfa0b6b5359a7f974,projects/qwen35_indoor_nav/research/continuation_memory_v1/strong_backbone_recovery_v1/recovery_confirmation_v2/runs/confirmation_001/dev/evaluation/gpu2_1790343704999856208/episodes/129/COMPLETE.json
confirmation_dev,129,uNb9QFRL6hY,CONCAT_s44,0.0,0.0,97,projects/qwen35_indoor_nav/research/continuation_memory_v1/strong_backbone_recovery_v1/recovery_confirmation_v2/runs/confirmation_001/dev/evaluation/gpu2_1790343704999856208/episodes/129/CONCAT_s44/TRACE.jsonl,64a437a1a96a2b68e9a48ec2c6d34094b285b27470e9c466043f2c9d202f8424,projects/qwen35_indoor_nav/research/continuation_memory_v1/strong_backbone_recovery_v1/recovery_confirmation_v2/runs/confirmation_001/dev/evaluation/gpu2_1790343704999856208/episodes/129/COMPLETE.json
confirmation_dev,129,uNb9QFRL6hY,LOCAL_s44,0.0,0.0,99,projects/qwen35_indoor_nav/research/continuation_memory_v1/strong_backbone_recovery_v1/recovery_confirmation_v2/runs/confirmation_001/dev/evaluation/gpu2_1790343704999856208/episodes/129/LOCAL_s44/TRACE.jsonl,8751cb123863cbff874f98bd30e4d55011ae0c046fc0932f75cec2be3d3eb9ea,projects/qwen35_indoor_nav/research/continuation_memory_v1/strong_backbone_recovery_v1/recovery_confirmation_v2/runs/confirmation_001/dev/evaluation/gpu2_1790343704999856208/episodes/129/COMPLETE.json
confirmation_dev,129,uNb9QFRL6hY,CONCAT_s42,0.0,0.0,84,projects/qwen35_indoor_nav/research/continuation_memory_v1/strong_backbone_recovery_v1/recovery_confirmation_v2/runs/confirmation_001/dev/evaluation/gpu2_1790343704999856208/episodes/129/CONCAT_s42/TRACE.jsonl,c9943004e4af8503aa4c65178b2b23f6ef7a9f4a63eddc5785f705fcc87f8ea8,projects/qwen35_indoor_nav/research/continuation_memory_v1/strong_backbone_recovery_v1/recovery_confirmation_v2/runs/confirmation_001/dev/evaluation/gpu2_1790343704999856208/episodes/129/COMPLETE.json
confirmation_dev,129,uNb9QFRL6hY,LOCAL_s42,0.0,0.0,84,projects/qwen35_indoor_nav/research/continuation_memory_v1/strong_backbone_recovery_v1/recovery_confirmation_v2/runs/confirmation_001/dev/evaluation/gpu2_1790343704999856208/episodes/129/LOCAL_s42/TRACE.jsonl,db600c2549e337fe99dac199ba6401e5ce391ddb5b82eb67ad364710bd1b29fe,projects/qwen35_indoor_nav/research/continuation_memory_v1/strong_backbone_recovery_v1/recovery_confirmation_v2/runs/confirmation_001/dev/evaluation/gpu2_1790343704999856208/episodes/129/COMPLETE.json
confirmation_dev,129,uNb9QFRL6hY,CONCAT_s43,0.0,0.0,96,projects/qwen35_indoor_nav/research/continuation_memory_v1/strong_backbone_recovery_v1/recovery_confirmation_v2/runs/confirmation_001/dev/evaluation/gpu2_1790343704999856208/episodes/129/CONCAT_s43/TRACE.jsonl,2f5e8546e45f3864f9f26825fe81bc5cc26d44d05f5682683b6844234289b336,projects/qwen35_indoor_nav/research/continuation_memory_v1/strong_backbone_recovery_v1/recovery_confirmation_v2/runs/confirmation_001/dev/evaluation/gpu2_1790343704999856208/episodes/129/COMPLETE.json
confirmation_dev,97,uNb9QFRL6hY,NATIVE,0.0,0.0,71,projects/qwen35_indoor_nav/research/continuation_memory_v1/strong_backbone_recovery_v1/recovery_confirmation_v2/runs/confirmation_001/dev/evaluation/gpu2_1790343704999856208/episodes/97/NATIVE/TRACE.jsonl,3baec82480d5f4505d72659991fff89569b02cf08e93a7d29af13415d8b5e353,projects/qwen35_indoor_nav/research/continuation_memory_v1/strong_backbone_recovery_v1/recovery_confirmation_v2/runs/confirmation_001/dev/evaluation/gpu2_1790343704999856208/episodes/97/COMPLETE.json
confirmation_dev,97,uNb9QFRL6hY,LOCAL_s42,0.0,0.0,71,projects/qwen35_indoor_nav/research/continuation_memory_v1/strong_backbone_recovery_v1/recovery_confirmation_v2/runs/confirmation_001/dev/evaluation/gpu2_1790343704999856208/episodes/97/LOCAL_s42/TRACE.jsonl,2bda0b275bf6321d9a4d4c24d593c4cc42eeced0d7ae1899553669023b113fe9,projects/qwen35_indoor_nav/research/continuation_memory_v1/strong_backbone_recovery_v1/recovery_confirmation_v2/runs/confirmation_001/dev/evaluation/gpu2_1790343704999856208/episodes/97/COMPLETE.json
confirmation_dev,97,uNb9QFRL6hY,CONCAT_s43,0.0,0.0,71,projects/qwen35_indoor_nav/research/continuation_memory_v1/strong_backbone_recovery_v1/recovery_confirmation_v2/runs/confirmation_001/dev/evaluation/gpu2_1790343704999856208/episodes/97/CONCAT_s43/TRACE.jsonl,f56692c047089c18b7fef9d48d417fd7197d7432c2e93640694a24d11da9f7c9,projects/qwen35_indoor_nav/research/continuation_memory_v1/strong_backbone_recovery_v1/recovery_confirmation_v2/runs/confirmation_001/dev/evaluation/gpu2_1790343704999856208/episodes/97/COMPLETE.json
confirmation_dev,97,uNb9QFRL6hY,LOCAL_s43,0.0,0.0,65,projects/qwen35_indoor_nav/research/continuation_memory_v1/strong_backbone_recovery_v1/recovery_confirmation_v2/runs/confirmation_001/dev/evaluation/gpu2_1790343704999856208/episodes/97/LOCAL_s43/TRACE.jsonl,376bc518947913934ebde58ffc72e573c300ca3a91f5112ff07e32feb193be07,projects/qwen35_indoor_nav/research/continuation_memory_v1/strong_backbone_recovery_v1/recovery_confirmation_v2/runs/confirmation_001/dev/evaluation/gpu2_1790343704999856208/episodes/97/COMPLETE.json
confirmation_dev,97,uNb9QFRL6hY,CONCAT_s44,0.0,0.0,71,projects/qwen35_indoor_nav/research/continuation_memory_v1/strong_backbone_recovery_v1/recovery_confirmation_v2/runs/confirmation_001/dev/evaluation/gpu2_1790343704999856208/episodes/97/CONCAT_s44/TRACE.jsonl,a67c9f909d8fb5a385c0d822d9240cd729b22054b45d38a68d8676114e29e8a4,projects/qwen35_indoor_nav/research/continuation_memory_v1/strong_backbone_recovery_v1/recovery_confirmation_v2/runs/confirmation_001/dev/evaluation/gpu2_1790343704999856208/episodes/97/COMPLETE.json
confirmation_dev,97,uNb9QFRL6hY,LOCAL_s44,0.0,0.0,65,projects/qwen35_indoor_nav/research/continuation_memory_v1/strong_backbone_recovery_v1/recovery_confirmation_v2/runs/confirmation_001/dev/evaluation/gpu2_1790343704999856208/episodes/97/LOCAL_s44/TRACE.jsonl,57cc5cc7acce8a054259b09000f1b3041063c824b30fe1601bd48abe38e0a6eb,projects/qwen35_indoor_nav/research/continuation_memory_v1/strong_backbone_recovery_v1/recovery_confirmation_v2/runs/confirmation_001/dev/evaluation/gpu2_1790343704999856208/episodes/97/COMPLETE.json
confirmation_dev,97,uNb9QFRL6hY,CONCAT_s42,0.0,0.0,71,projects/qwen35_indoor_nav/research/continuation_memory_v1/strong_backbone_recovery_v1/recovery_confirmation_v2/runs/confirmation_001/dev/evaluation/gpu2_1790343704999856208/episodes/97/CONCAT_s42/TRACE.jsonl,fd972406abb3b18313a502b0db508cdb7a766d1beb7f627edc90abaf3e62379a,projects/qwen35_indoor_nav/research/continuation_memory_v1/strong_backbone_recovery_v1/recovery_confirmation_v2/runs/confirmation_001/dev/evaluation/gpu2_1790343704999856208/episodes/97/COMPLETE.json
confirmation_dev,130,17DRP5sb8fy,NATIVE,0.0,0.0,500,projects/qwen35_indoor_nav/research/continuation_memory_v1/strong_backbone_recovery_v1/recovery_confirmation_v2/runs/confirmation_001/dev/evaluation/gpu3_1790343705093671975/episodes/130/NATIVE/TRACE.jsonl,d448f58bb88d32c98c3ef37f8857391ea84faa38dcd078a5e9fad9977827ed45,projects/qwen35_indoor_nav/research/continuation_memory_v1/strong_backbone_recovery_v1/recovery_confirmation_v2/runs/confirmation_001/dev/evaluation/gpu3_1790343705093671975/episodes/130/COMPLETE.json
confirmation_dev,130,17DRP5sb8fy,CONCAT_s44,0.0,0.0,500,projects/qwen35_indoor_nav/research/continuation_memory_v1/strong_backbone_recovery_v1/recovery_confirmation_v2/runs/confirmation_001/dev/evaluation/gpu3_1790343705093671975/episodes/130/CONCAT_s44/TRACE.jsonl,2aa6459539cdcac18621619986a854e195d4340e5d99c400b745856b5832e27e,projects/qwen35_indoor_nav/research/continuation_memory_v1/strong_backbone_recovery_v1/recovery_confirmation_v2/runs/confirmation_001/dev/evaluation/gpu3_1790343705093671975/episodes/130/COMPLETE.json
confirmation_dev,130,17DRP5sb8fy,LOCAL_s44,0.0,0.0,500,projects/qwen35_indoor_nav/research/continuation_memory_v1/strong_backbone_recovery_v1/recovery_confirmation_v2/runs/confirmation_001/dev/evaluation/gpu3_1790343705093671975/episodes/130/LOCAL_s44/TRACE.jsonl,40e774f005a16627dc635a2ca7c34f9196969e36e04fde169e0bd3686445abf8,projects/qwen35_indoor_nav/research/continuation_memory_v1/strong_backbone_recovery_v1/recovery_confirmation_v2/runs/confirmation_001/dev/evaluation/gpu3_1790343705093671975/episodes/130/COMPLETE.json
confirmation_dev,130,17DRP5sb8fy,CONCAT_s42,0.0,0.0,500,projects/qwen35_indoor_nav/research/continuation_memory_v1/strong_backbone_recovery_v1/recovery_confirmation_v2/runs/confirmation_001/dev/evaluation/gpu3_1790343705093671975/episodes/130/CONCAT_s42/TRACE.jsonl,a5ab08420fd058b1218a23d92228373c731f3b8d78decd85f9a92abe20a75d5b,projects/qwen35_indoor_nav/research/continuation_memory_v1/strong_backbone_recovery_v1/recovery_confirmation_v2/runs/confirmation_001/dev/evaluation/gpu3_1790343705093671975/episodes/130/COMPLETE.json
confirmation_dev,130,17DRP5sb8fy,LOCAL_s42,0.0,0.0,500,projects/qwen35_indoor_nav/research/continuation_memory_v1/strong_backbone_recovery_v1/recovery_confirmation_v2/runs/confirmation_001/dev/evaluation/gpu3_1790343705093671975/episodes/130/LOCAL_s42/TRACE.jsonl,44c6d09545125fef63972a3af43c117e68c275582f50ff1e21529618c44afd8e,projects/qwen35_indoor_nav/research/continuation_memory_v1/strong_backbone_recovery_v1/recovery_confirmation_v2/runs/confirmation_001/dev/evaluation/gpu3_1790343705093671975/episodes/130/COMPLETE.json
confirmation_dev,130,17DRP5sb8fy,CONCAT_s43,0.0,0.0,500,projects/qwen35_indoor_nav/research/continuation_memory_v1/strong_backbone_recovery_v1/recovery_confirmation_v2/runs/confirmation_001/dev/evaluation/gpu3_1790343705093671975/episodes/130/CONCAT_s43/TRACE.jsonl,f82a09aa74fe76c49dd8d21c4c22dc9e0209674c41f7bb142eb02cd9dadae1c5,projects/qwen35_indoor_nav/research/continuation_memory_v1/strong_backbone_recovery_v1/recovery_confirmation_v2/runs/confirmation_001/dev/evaluation/gpu3_1790343705093671975/episodes/130/COMPLETE.json
confirmation_dev,130,17DRP5sb8fy,LOCAL_s43,0.0,0.0,500,projects/qwen35_indoor_nav/research/continuation_memory_v1/strong_backbone_recovery_v1/recovery_confirmation_v2/runs/confirmation_001/dev/evaluation/gpu3_1790343705093671975/episodes/130/LOCAL_s43/TRACE.jsonl,c40cc1c812a8e3e1e5ea2ee018ae865716c6fb28f41b9ee4c24c8f74c81d018c,projects/qwen35_indoor_nav/research/continuation_memory_v1/strong_backbone_recovery_v1/recovery_confirmation_v2/runs/confirmation_001/dev/evaluation/gpu3_1790343705093671975/episodes/130/COMPLETE.json
confirmation_dev,141,r1Q1Z4BcV1o,NATIVE,0.0,0.0,140,projects/qwen35_indoor_nav/research/continuation_memory_v1/strong_backbone_recovery_v1/recovery_confirmation_v2/runs/confirmation_001/dev/evaluation/gpu3_1790343705093671975/episodes/141/NATIVE/TRACE.jsonl,506b361f9cf27036d1caebef81194d8c3e3dde98d2f3d1de573668e879ed3605,projects/qwen35_indoor_nav/research/continuation_memory_v1/strong_backbone_recovery_v1/recovery_confirmation_v2/runs/confirmation_001/dev/evaluation/gpu3_1790343705093671975/episodes/141/COMPLETE.json
confirmation_dev,141,r1Q1Z4BcV1o,LOCAL_s43,0.0,0.0,144,projects/qwen35_indoor_nav/research/continuation_memory_v1/strong_backbone_recovery_v1/recovery_confirmation_v2/runs/confirmation_001/dev/evaluation/gpu3_1790343705093671975/episodes/141/LOCAL_s43/TRACE.jsonl,939f15de2624cf6e81436646d74dbcf0100e5354f173f54effc1f5f510630e17,projects/qwen35_indoor_nav/research/continuation_memory_v1/strong_backbone_recovery_v1/recovery_confirmation_v2/runs/confirmation_001/dev/evaluation/gpu3_1790343705093671975/episodes/141/COMPLETE.json
confirmation_dev,141,r1Q1Z4BcV1o,CONCAT_s44,0.0,0.0,161,projects/qwen35_indoor_nav/research/continuation_memory_v1/strong_backbone_recovery_v1/recovery_confirmation_v2/runs/confirmation_001/dev/evaluation/gpu3_1790343705093671975/episodes/141/CONCAT_s44/TRACE.jsonl,548bc1041fb2b01d06ef0b32329108fdefeafde544405078f9c1a9b7841a0e95,projects/qwen35_indoor_nav/research/continuation_memory_v1/strong_backbone_recovery_v1/recovery_confirmation_v2/runs/confirmation_001/dev/evaluation/gpu3_1790343705093671975/episodes/141/COMPLETE.json
confirmation_dev,141,r1Q1Z4BcV1o,LOCAL_s44,0.0,0.0,144,projects/qwen35_indoor_nav/research/continuation_memory_v1/strong_backbone_recovery_v1/recovery_confirmation_v2/runs/confirmation_001/dev/evaluation/gpu3_1790343705093671975/episodes/141/LOCAL_s44/TRACE.jsonl,c769a62770a7dfd3cb5ea2f202585e3af58792d6c6c4ac2a0e419a29b6780211,projects/qwen35_indoor_nav/research/continuation_memory_v1/strong_backbone_recovery_v1/recovery_confirmation_v2/runs/confirmation_001/dev/evaluation/gpu3_1790343705093671975/episodes/141/COMPLETE.json
confirmation_dev,141,r1Q1Z4BcV1o,CONCAT_s42,0.0,0.0,142,projects/qwen35_indoor_nav/research/continuation_memory_v1/strong_backbone_recovery_v1/recovery_confirmation_v2/runs/confirmation_001/dev/evaluation/gpu3_1790343705093671975/episodes/141/CONCAT_s42/TRACE.jsonl,d11c098bd3af56a15188f042c09bc2320fa9fa5eea41af592712e5bb65c3e8b4,projects/qwen35_indoor_nav/research/continuation_memory_v1/strong_backbone_recovery_v1/recovery_confirmation_v2/runs/confirmation_001/dev/evaluation/gpu3_1790343705093671975/episodes/141/COMPLETE.json
confirmation_dev,141,r1Q1Z4BcV1o,LOCAL_s42,0.0,0.0,130,projects/qwen35_indoor_nav/research/continuation_memory_v1/strong_backbone_recovery_v1/recovery_confirmation_v2/runs/confirmation_001/dev/evaluation/gpu3_1790343705093671975/episodes/141/LOCAL_s42/TRACE.jsonl,983f413fabb30391ff289d01bb93728ab44b5e298e71840596f53e8d13d2b2fc,projects/qwen35_indoor_nav/research/continuation_memory_v1/strong_backbone_recovery_v1/recovery_confirmation_v2/runs/confirmation_001/dev/evaluation/gpu3_1790343705093671975/episodes/141/COMPLETE.json
confirmation_dev,141,r1Q1Z4BcV1o,CONCAT_s43,0.0,0.0,146,projects/qwen35_indoor_nav/research/continuation_memory_v1/strong_backbone_recovery_v1/recovery_confirmation_v2/runs/confirmation_001/dev/evaluation/gpu3_1790343705093671975/episodes/141/CONCAT_s43/TRACE.jsonl,282cf26702cdf159987ebd2ffbdf4b0f3279cb958773ed3ab99196d1225ce250,projects/qwen35_indoor_nav/research/continuation_memory_v1/strong_backbone_recovery_v1/recovery_confirmation_v2/runs/confirmation_001/dev/evaluation/gpu3_1790343705093671975/episodes/141/COMPLETE.json
confirmation_dev,142,r1Q1Z4BcV1o,NATIVE,0.0,0.0,156,projects/qwen35_indoor_nav/research/continuation_memory_v1/strong_backbone_recovery_v1/recovery_confirmation_v2/runs/confirmation_001/dev/evaluation/gpu3_1790343705093671975/episodes/142/NATIVE/TRACE.jsonl,c2423e6d2f55fe58e61e1f5bca5cf6fe1bfc7845000a850a579c2e1deea1b4f6,projects/qwen35_indoor_nav/research/continuation_memory_v1/strong_backbone_recovery_v1/recovery_confirmation_v2/runs/confirmation_001/dev/evaluation/gpu3_1790343705093671975/episodes/142/COMPLETE.json
confirmation_dev,142,r1Q1Z4BcV1o,CONCAT_s44,0.0,0.0,157,projects/qwen35_indoor_nav/research/continuation_memory_v1/strong_backbone_recovery_v1/recovery_confirmation_v2/runs/confirmation_001/dev/evaluation/gpu3_1790343705093671975/episodes/142/CONCAT_s44/TRACE.jsonl,fab3b2f9418fddecd1ac2add67ed3ef492471d8717a9abe3ba657ec03d3d1b10,projects/qwen35_indoor_nav/research/continuation_memory_v1/strong_backbone_recovery_v1/recovery_confirmation_v2/runs/confirmation_001/dev/evaluation/gpu3_1790343705093671975/episodes/142/COMPLETE.json
confirmation_dev,142,r1Q1Z4BcV1o,LOCAL_s44,0.0,0.0,156,projects/qwen35_indoor_nav/research/continuation_memory_v1/strong_backbone_recovery_v1/recovery_confirmation_v2/runs/confirmation_001/dev/evaluation/gpu3_1790343705093671975/episodes/142/LOCAL_s44/TRACE.jsonl,5ee06a07cc62e7b94b5f6dbada43e98b03af0fe7befee02fca706df47dacbb2f,projects/qwen35_indoor_nav/research/continuation_memory_v1/strong_backbone_recovery_v1/recovery_confirmation_v2/runs/confirmation_001/dev/evaluation/gpu3_1790343705093671975/episodes/142/COMPLETE.json
confirmation_dev,142,r1Q1Z4BcV1o,CONCAT_s42,0.0,0.0,145,projects/qwen35_indoor_nav/research/continuation_memory_v1/strong_backbone_recovery_v1/recovery_confirmation_v2/runs/confirmation_001/dev/evaluation/gpu3_1790343705093671975/episodes/142/CONCAT_s42/TRACE.jsonl,c15b6a650619a5b2fb9780b9e3dcea2d5c15527472e17b6e0ac03d86f17b3c9e,projects/qwen35_indoor_nav/research/continuation_memory_v1/strong_backbone_recovery_v1/recovery_confirmation_v2/runs/confirmation_001/dev/evaluation/gpu3_1790343705093671975/episodes/142/COMPLETE.json
confirmation_dev,142,r1Q1Z4BcV1o,LOCAL_s42,0.0,0.0,170,projects/qwen35_indoor_nav/research/continuation_memory_v1/strong_backbone_recovery_v1/recovery_confirmation_v2/runs/confirmation_001/dev/evaluation/gpu3_1790343705093671975/episodes/142/LOCAL_s42/TRACE.jsonl,d24c1f657615bacc723f09d4f3cd664c8dd9bb15fc6e19e404ad62415974f744,projects/qwen35_indoor_nav/research/continuation_memory_v1/strong_backbone_recovery_v1/recovery_confirmation_v2/runs/confirmation_001/dev/evaluation/gpu3_1790343705093671975/episodes/142/COMPLETE.json
confirmation_dev,142,r1Q1Z4BcV1o,CONCAT_s43,0.0,0.0,157,projects/qwen35_indoor_nav/research/continuation_memory_v1/strong_backbone_recovery_v1/recovery_confirmation_v2/runs/confirmation_001/dev/evaluation/gpu3_1790343705093671975/episodes/142/CONCAT_s43/TRACE.jsonl,ff0e7827043efb33e6be3d7e7137d304b094e311408b8ae513c8682d8b7a8cb9,projects/qwen35_indoor_nav/research/continuation_memory_v1/strong_backbone_recovery_v1/recovery_confirmation_v2/runs/confirmation_001/dev/evaluation/gpu3_1790343705093671975/episodes/142/COMPLETE.json
confirmation_dev,142,r1Q1Z4BcV1o,LOCAL_s43,0.0,0.0,186,projects/qwen35_indoor_nav/research/continuation_memory_v1/strong_backbone_recovery_v1/recovery_confirmation_v2/runs/confirmation_001/dev/evaluation/gpu3_1790343705093671975/episodes/142/LOCAL_s43/TRACE.jsonl,b6d7317c129eb6b92d66b17cf913a352dd5ef2f89c5c4b1c555272af586edd3e,projects/qwen35_indoor_nav/research/continuation_memory_v1/strong_backbone_recovery_v1/recovery_confirmation_v2/runs/confirmation_001/dev/evaluation/gpu3_1790343705093671975/episodes/142/COMPLETE.json
confirmation_dev,143,17DRP5sb8fy,NATIVE,0.0,0.0,500,projects/qwen35_indoor_nav/research/continuation_memory_v1/strong_backbone_recovery_v1/recovery_confirmation_v2/runs/confirmation_001/dev/evaluation/gpu3_1790343705093671975/episodes/143/NATIVE/TRACE.jsonl,452fa5e11608e6ade8c0d9558cca47bb32a1f43ac3535fd9775519e5ddb4ed6e,projects/qwen35_indoor_nav/research/continuation_memory_v1/strong_backbone_recovery_v1/recovery_confirmation_v2/runs/confirmation_001/dev/evaluation/gpu3_1790343705093671975/episodes/143/COMPLETE.json
confirmation_dev,143,17DRP5sb8fy,LOCAL_s44,0.0,0.0,500,projects/qwen35_indoor_nav/research/continuation_memory_v1/strong_backbone_recovery_v1/recovery_confirmation_v2/runs/confirmation_001/dev/evaluation/gpu3_1790343705093671975/episodes/143/LOCAL_s44/TRACE.jsonl,81d16496b951f2addba9aafb664b11e23c2e4154b9aefda31e3fec59b0646e7b,projects/qwen35_indoor_nav/research/continuation_memory_v1/strong_backbone_recovery_v1/recovery_confirmation_v2/runs/confirmation_001/dev/evaluation/gpu3_1790343705093671975/episodes/143/COMPLETE.json
confirmation_dev,143,17DRP5sb8fy,CONCAT_s42,0.0,0.0,500,projects/qwen35_indoor_nav/research/continuation_memory_v1/strong_backbone_recovery_v1/recovery_confirmation_v2/runs/confirmation_001/dev/evaluation/gpu3_1790343705093671975/episodes/143/CONCAT_s42/TRACE.jsonl,37af82ab148d1120ea35ed72b08cd6a11213149154c79aaddbada63a58bde59c,projects/qwen35_indoor_nav/research/continuation_memory_v1/strong_backbone_recovery_v1/recovery_confirmation_v2/runs/confirmation_001/dev/evaluation/gpu3_1790343705093671975/episodes/143/COMPLETE.json
confirmation_dev,143,17DRP5sb8fy,LOCAL_s42,0.0,0.0,500,projects/qwen35_indoor_nav/research/continuation_memory_v1/strong_backbone_recovery_v1/recovery_confirmation_v2/runs/confirmation_001/dev/evaluation/gpu3_1790343705093671975/episodes/143/LOCAL_s42/TRACE.jsonl,7c2505a39b24b4c8d2f3c7768e945b2afe10da17863d2215acfff2a207dc63a3,projects/qwen35_indoor_nav/research/continuation_memory_v1/strong_backbone_recovery_v1/recovery_confirmation_v2/runs/confirmation_001/dev/evaluation/gpu3_1790343705093671975/episodes/143/COMPLETE.json
confirmation_dev,143,17DRP5sb8fy,CONCAT_s43,0.0,0.0,500,projects/qwen35_indoor_nav/research/continuation_memory_v1/strong_backbone_recovery_v1/recovery_confirmation_v2/runs/confirmation_001/dev/evaluation/gpu3_1790343705093671975/episodes/143/CONCAT_s43/TRACE.jsonl,27cc19ce8da4368fcd2b8c4c1d8223d0655b48701bca5b74580dbd7569ec87c9,projects/qwen35_indoor_nav/research/continuation_memory_v1/strong_backbone_recovery_v1/recovery_confirmation_v2/runs/confirmation_001/dev/evaluation/gpu3_1790343705093671975/episodes/143/COMPLETE.json
confirmation_dev,143,17DRP5sb8fy,LOCAL_s43,0.0,0.0,500,projects/qwen35_indoor_nav/research/continuation_memory_v1/strong_backbone_recovery_v1/recovery_confirmation_v2/runs/confirmation_001/dev/evaluation/gpu3_1790343705093671975/episodes/143/LOCAL_s43/TRACE.jsonl,efccd3797346081e9333258142ceb53d441ebfc8880568ccf85bdd4813d5c5a5,projects/qwen35_indoor_nav/research/continuation_memory_v1/strong_backbone_recovery_v1/recovery_confirmation_v2/runs/confirmation_001/dev/evaluation/gpu3_1790343705093671975/episodes/143/COMPLETE.json
confirmation_dev,143,17DRP5sb8fy,CONCAT_s44,0.0,0.0,500,projects/qwen35_indoor_nav/research/continuation_memory_v1/strong_backbone_recovery_v1/recovery_confirmation_v2/runs/confirmation_001/dev/evaluation/gpu3_1790343705093671975/episodes/143/CONCAT_s44/TRACE.jsonl,9edf2b02d3c15ae21e7120c2c1fdb8cca08b9c8ecb4cb406a05723b47116bbce,projects/qwen35_indoor_nav/research/continuation_memory_v1/strong_backbone_recovery_v1/recovery_confirmation_v2/runs/confirmation_001/dev/evaluation/gpu3_1790343705093671975/episodes/143/COMPLETE.json
confirmation_dev,152,8WUmhLawc2A,NATIVE,0.0,0.0,98,projects/qwen35_indoor_nav/research/continuation_memory_v1/strong_backbone_recovery_v1/recovery_confirmation_v2/runs/confirmation_001/dev/evaluation/gpu3_1790343705093671975/episodes/152/NATIVE/TRACE.jsonl,b79894999abce225784b2cd36454fb318336248ccb1579b2eb6f822699c4fdd6,projects/qwen35_indoor_nav/research/continuation_memory_v1/strong_backbone_recovery_v1/recovery_confirmation_v2/runs/confirmation_001/dev/evaluation/gpu3_1790343705093671975/episodes/152/COMPLETE.json
confirmation_dev,152,8WUmhLawc2A,CONCAT_s43,0.0,0.0,99,projects/qwen35_indoor_nav/research/continuation_memory_v1/strong_backbone_recovery_v1/recovery_confirmation_v2/runs/confirmation_001/dev/evaluation/gpu3_1790343705093671975/episodes/152/CONCAT_s43/TRACE.jsonl,4c3f6df5625e573180b788d37c1496b9e1e99806983ea3169d1deb998e224799,projects/qwen35_indoor_nav/research/continuation_memory_v1/strong_backbone_recovery_v1/recovery_confirmation_v2/runs/confirmation_001/dev/evaluation/gpu3_1790343705093671975/episodes/152/COMPLETE.json
confirmation_dev,152,8WUmhLawc2A,LOCAL_s43,0.0,0.0,99,projects/qwen35_indoor_nav/research/continuation_memory_v1/strong_backbone_recovery_v1/recovery_confirmation_v2/runs/confirmation_001/dev/evaluation/gpu3_1790343705093671975/episodes/152/LOCAL_s43/TRACE.jsonl,41a9744415d985626b156f7c41135a87bcb6a4de64a555a10404f61821a3dc36,projects/qwen35_indoor_nav/research/continuation_memory_v1/strong_backbone_recovery_v1/recovery_confirmation_v2/runs/confirmation_001/dev/evaluation/gpu3_1790343705093671975/episodes/152/COMPLETE.json
confirmation_dev,152,8WUmhLawc2A,CONCAT_s44,0.0,0.0,99,projects/qwen35_indoor_nav/research/continuation_memory_v1/strong_backbone_recovery_v1/recovery_confirmation_v2/runs/confirmation_001/dev/evaluation/gpu3_1790343705093671975/episodes/152/CONCAT_s44/TRACE.jsonl,1ca4bb8355b65ea0b71ee72b361e6912e95c0c802ca40031fca1838ebfac30c8,projects/qwen35_indoor_nav/research/continuation_memory_v1/strong_backbone_recovery_v1/recovery_confirmation_v2/runs/confirmation_001/dev/evaluation/gpu3_1790343705093671975/episodes/152/COMPLETE.json
confirmation_dev,152,8WUmhLawc2A,LOCAL_s44,0.0,0.0,99,projects/qwen35_indoor_nav/research/continuation_memory_v1/strong_backbone_recovery_v1/recovery_confirmation_v2/runs/confirmation_001/dev/evaluation/gpu3_1790343705093671975/episodes/152/LOCAL_s44/TRACE.jsonl,892728fd57b7a0f8b629ef554b20699b5ded8da5ec1355f089c2b4decc0ec899,projects/qwen35_indoor_nav/research/continuation_memory_v1/strong_backbone_recovery_v1/recovery_confirmation_v2/runs/confirmation_001/dev/evaluation/gpu3_1790343705093671975/episodes/152/COMPLETE.json
confirmation_dev,152,8WUmhLawc2A,CONCAT_s42,0.0,0.0,98,projects/qwen35_indoor_nav/research/continuation_memory_v1/strong_backbone_recovery_v1/recovery_confirmation_v2/runs/confirmation_001/dev/evaluation/gpu3_1790343705093671975/episodes/152/CONCAT_s42/TRACE.jsonl,5544e8438d120f090dcdbc6e0af39dad027c9481797ff2d21b6c35464609ff0b,projects/qwen35_indoor_nav/research/continuation_memory_v1/strong_backbone_recovery_v1/recovery_confirmation_v2/runs/confirmation_001/dev/evaluation/gpu3_1790343705093671975/episodes/152/COMPLETE.json
confirmation_dev,152,8WUmhLawc2A,LOCAL_s42,0.0,0.0,98,projects/qwen35_indoor_nav/research/continuation_memory_v1/strong_backbone_recovery_v1/recovery_confirmation_v2/runs/confirmation_001/dev/evaluation/gpu3_1790343705093671975/episodes/152/LOCAL_s42/TRACE.jsonl,f07a68836127e7b7fbda344347b09d41b4c801e3fd7f7e25b9cfe3c1ebff7b79,projects/qwen35_indoor_nav/research/continuation_memory_v1/strong_backbone_recovery_v1/recovery_confirmation_v2/runs/confirmation_001/dev/evaluation/gpu3_1790343705093671975/episodes/152/COMPLETE.json
confirmation_dev,158,uNb9QFRL6hY,NATIVE,0.0,0.0,101,projects/qwen35_indoor_nav/research/continuation_memory_v1/strong_backbone_recovery_v1/recovery_confirmation_v2/runs/confirmation_001/dev/evaluation/gpu3_1790343705093671975/episodes/158/NATIVE/TRACE.jsonl,1387b314b897c0df88a6cdea201899641d063d1d73bc1ef78a2758d4e715d531,projects/qwen35_indoor_nav/research/continuation_memory_v1/strong_backbone_recovery_v1/recovery_confirmation_v2/runs/confirmation_001/dev/evaluation/gpu3_1790343705093671975/episodes/158/COMPLETE.json
confirmation_dev,158,uNb9QFRL6hY,CONCAT_s43,0.0,0.0,109,projects/qwen35_indoor_nav/research/continuation_memory_v1/strong_backbone_recovery_v1/recovery_confirmation_v2/runs/confirmation_001/dev/evaluation/gpu3_1790343705093671975/episodes/158/CONCAT_s43/TRACE.jsonl,82ef00739adccea3adba1c647793de8194f5c0ad45a50e7cd39748225320cb4f,projects/qwen35_indoor_nav/research/continuation_memory_v1/strong_backbone_recovery_v1/recovery_confirmation_v2/runs/confirmation_001/dev/evaluation/gpu3_1790343705093671975/episodes/158/COMPLETE.json
confirmation_dev,158,uNb9QFRL6hY,LOCAL_s43,0.0,0.0,109,projects/qwen35_indoor_nav/research/continuation_memory_v1/strong_backbone_recovery_v1/recovery_confirmation_v2/runs/confirmation_001/dev/evaluation/gpu3_1790343705093671975/episodes/158/LOCAL_s43/TRACE.jsonl,d987bea597c6c608affb464e01338d278ac8184b73f9e0bd3608c576c9fe2f12,projects/qwen35_indoor_nav/research/continuation_memory_v1/strong_backbone_recovery_v1/recovery_confirmation_v2/runs/confirmation_001/dev/evaluation/gpu3_1790343705093671975/episodes/158/COMPLETE.json
confirmation_dev,158,uNb9QFRL6hY,CONCAT_s44,0.0,0.0,109,projects/qwen35_indoor_nav/research/continuation_memory_v1/strong_backbone_recovery_v1/recovery_confirmation_v2/runs/confirmation_001/dev/evaluation/gpu3_1790343705093671975/episodes/158/CONCAT_s44/TRACE.jsonl,bbdd280b516fba8a73f40865009f274fd5fac44ea97fc02568b623b1a955ff18,projects/qwen35_indoor_nav/research/continuation_memory_v1/strong_backbone_recovery_v1/recovery_confirmation_v2/runs/confirmation_001/dev/evaluation/gpu3_1790343705093671975/episodes/158/COMPLETE.json
confirmation_dev,158,uNb9QFRL6hY,LOCAL_s44,0.0,0.0,109,projects/qwen35_indoor_nav/research/continuation_memory_v1/strong_backbone_recovery_v1/recovery_confirmation_v2/runs/confirmation_001/dev/evaluation/gpu3_1790343705093671975/episodes/158/LOCAL_s44/TRACE.jsonl,17654db9d5def86d1df00a5f2c7ce4af13f672e35ad10672de652060aac34cb6,projects/qwen35_indoor_nav/research/continuation_memory_v1/strong_backbone_recovery_v1/recovery_confirmation_v2/runs/confirmation_001/dev/evaluation/gpu3_1790343705093671975/episodes/158/COMPLETE.json
confirmation_dev,158,uNb9QFRL6hY,CONCAT_s42,0.0,0.0,121,projects/qwen35_indoor_nav/research/continuation_memory_v1/strong_backbone_recovery_v1/recovery_confirmation_v2/runs/confirmation_001/dev/evaluation/gpu3_1790343705093671975/episodes/158/CONCAT_s42/TRACE.jsonl,8b428c735bfdeaaa251f7d1b4407d85bd5538232896ce80762af7902367686a5,projects/qwen35_indoor_nav/research/continuation_memory_v1/strong_backbone_recovery_v1/recovery_confirmation_v2/runs/confirmation_001/dev/evaluation/gpu3_1790343705093671975/episodes/158/COMPLETE.json
confirmation_dev,158,uNb9QFRL6hY,LOCAL_s42,0.0,0.0,103,projects/qwen35_indoor_nav/research/continuation_memory_v1/strong_backbone_recovery_v1/recovery_confirmation_v2/runs/confirmation_001/dev/evaluation/gpu3_1790343705093671975/episodes/158/LOCAL_s42/TRACE.jsonl,c2b0b0ed5fc655cce181f9ecebaef60654f1c7af90b725f9da980ce960b50a8a,projects/qwen35_indoor_nav/research/continuation_memory_v1/strong_backbone_recovery_v1/recovery_confirmation_v2/runs/confirmation_001/dev/evaluation/gpu3_1790343705093671975/episodes/158/COMPLETE.json
confirmation_dev,167,uNb9QFRL6hY,NATIVE,0.0,0.0,101,projects/qwen35_indoor_nav/research/continuation_memory_v1/strong_backbone_recovery_v1/recovery_confirmation_v2/runs/confirmation_001/dev/evaluation/gpu3_1790343705093671975/episodes/167/NATIVE/TRACE.jsonl,b71f2f7be9a95ed35cf9d0f19ca0dfcb39aaa7ea3c10f0ac1c05dc69fc14887b,projects/qwen35_indoor_nav/research/continuation_memory_v1/strong_backbone_recovery_v1/recovery_confirmation_v2/runs/confirmation_001/dev/evaluation/gpu3_1790343705093671975/episodes/167/COMPLETE.json
confirmation_dev,167,uNb9QFRL6hY,LOCAL_s44,1.0,0.4176568197980162,185,projects/qwen35_indoor_nav/research/continuation_memory_v1/strong_backbone_recovery_v1/recovery_confirmation_v2/runs/confirmation_001/dev/evaluation/gpu3_1790343705093671975/episodes/167/LOCAL_s44/TRACE.jsonl,fe866381dc0305af0279d15b28ae5bf80d6c56765117a8a9bb74bb2a97ebb669,projects/qwen35_indoor_nav/research/continuation_memory_v1/strong_backbone_recovery_v1/recovery_confirmation_v2/runs/confirmation_001/dev/evaluation/gpu3_1790343705093671975/episodes/167/COMPLETE.json
confirmation_dev,167,uNb9QFRL6hY,CONCAT_s42,1.0,0.49819848407372774,161,projects/qwen35_indoor_nav/research/continuation_memory_v1/strong_backbone_recovery_v1/recovery_confirmation_v2/runs/confirmation_001/dev/evaluation/gpu3_1790343705093671975/episodes/167/CONCAT_s42/TRACE.jsonl,c22523153ac3d1c068487b12c80886df1e3012c2cf34aede02dfd9922496d8a6,projects/qwen35_indoor_nav/research/continuation_memory_v1/strong_backbone_recovery_v1/recovery_confirmation_v2/runs/confirmation_001/dev/evaluation/gpu3_1790343705093671975/episodes/167/COMPLETE.json
confirmation_dev,167,uNb9QFRL6hY,LOCAL_s42,1.0,0.45914628006789254,171,projects/qwen35_indoor_nav/research/continuation_memory_v1/strong_backbone_recovery_v1/recovery_confirmation_v2/runs/confirmation_001/dev/evaluation/gpu3_1790343705093671975/episodes/167/LOCAL_s42/TRACE.jsonl,bb3e0b7063bfddfe292a3ce7677ebaf9ebff54f47b0b0d4bdb08abee70218da9,projects/qwen35_indoor_nav/research/continuation_memory_v1/strong_backbone_recovery_v1/recovery_confirmation_v2/runs/confirmation_001/dev/evaluation/gpu3_1790343705093671975/episodes/167/COMPLETE.json
confirmation_dev,167,uNb9QFRL6hY,CONCAT_s43,1.0,0.43602617172417213,177,projects/qwen35_indoor_nav/research/continuation_memory_v1/strong_backbone_recovery_v1/recovery_confirmation_v2/runs/confirmation_001/dev/evaluation/gpu3_1790343705093671975/episodes/167/CONCAT_s43/TRACE.jsonl,b0b72702344aa5dd7a4f640879b5782519657d9666cf5747e57ce0f9eee92ca3,projects/qwen35_indoor_nav/research/continuation_memory_v1/strong_backbone_recovery_v1/recovery_confirmation_v2/runs/confirmation_001/dev/evaluation/gpu3_1790343705093671975/episodes/167/COMPLETE.json
confirmation_dev,167,uNb9QFRL6hY,LOCAL_s43,0.0,0.0,103,projects/qwen35_indoor_nav/research/continuation_memory_v1/strong_backbone_recovery_v1/recovery_confirmation_v2/runs/confirmation_001/dev/evaluation/gpu3_1790343705093671975/episodes/167/LOCAL_s43/TRACE.jsonl,7e857a0cd201cbb3f3f7dfd4701d8452defb7f32712ea4b50efe016ee527220a,projects/qwen35_indoor_nav/research/continuation_memory_v1/strong_backbone_recovery_v1/recovery_confirmation_v2/runs/confirmation_001/dev/evaluation/gpu3_1790343705093671975/episodes/167/COMPLETE.json
confirmation_dev,167,uNb9QFRL6hY,CONCAT_s44,0.0,0.0,102,projects/qwen35_indoor_nav/research/continuation_memory_v1/strong_backbone_recovery_v1/recovery_confirmation_v2/runs/confirmation_001/dev/evaluation/gpu3_1790343705093671975/episodes/167/CONCAT_s44/TRACE.jsonl,8cb821f010a9da2d09534bc64833622fc37f400a78fcb1859d649f101ed13ef4,projects/qwen35_indoor_nav/research/continuation_memory_v1/strong_backbone_recovery_v1/recovery_confirmation_v2/runs/confirmation_001/dev/evaluation/gpu3_1790343705093671975/episodes/167/COMPLETE.json
confirmation_dev,173,uNb9QFRL6hY,NATIVE,0.0,0.0,104,projects/qwen35_indoor_nav/research/continuation_memory_v1/strong_backbone_recovery_v1/recovery_confirmation_v2/runs/confirmation_001/dev/evaluation/gpu3_1790343705093671975/episodes/173/NATIVE/TRACE.jsonl,4154887bd283b29b20f62f82657670bb3763ebd01adf082b263ece61d04d6e28,projects/qwen35_indoor_nav/research/continuation_memory_v1/strong_backbone_recovery_v1/recovery_confirmation_v2/runs/confirmation_001/dev/evaluation/gpu3_1790343705093671975/episodes/173/COMPLETE.json
confirmation_dev,173,uNb9QFRL6hY,LOCAL_s44,0.0,0.0,118,projects/qwen35_indoor_nav/research/continuation_memory_v1/strong_backbone_recovery_v1/recovery_confirmation_v2/runs/confirmation_001/dev/evaluation/gpu3_1790343705093671975/episodes/173/LOCAL_s44/TRACE.jsonl,4749a247db0219cee0d48d0484cfd769014f3a1df8fc3a1edd1cc674378ec948,projects/qwen35_indoor_nav/research/continuation_memory_v1/strong_backbone_recovery_v1/recovery_confirmation_v2/runs/confirmation_001/dev/evaluation/gpu3_1790343705093671975/episodes/173/COMPLETE.json
confirmation_dev,173,uNb9QFRL6hY,CONCAT_s42,0.0,0.0,118,projects/qwen35_indoor_nav/research/continuation_memory_v1/strong_backbone_recovery_v1/recovery_confirmation_v2/runs/confirmation_001/dev/evaluation/gpu3_1790343705093671975/episodes/173/CONCAT_s42/TRACE.jsonl,3432ad47bde730f929c9bb5dd4dbb788a359395eeba44e17f8a32063cad62940,projects/qwen35_indoor_nav/research/continuation_memory_v1/strong_backbone_recovery_v1/recovery_confirmation_v2/runs/confirmation_001/dev/evaluation/gpu3_1790343705093671975/episodes/173/COMPLETE.json
confirmation_dev,173,uNb9QFRL6hY,LOCAL_s42,0.0,0.0,118,projects/qwen35_indoor_nav/research/continuation_memory_v1/strong_backbone_recovery_v1/recovery_confirmation_v2/runs/confirmation_001/dev/evaluation/gpu3_1790343705093671975/episodes/173/LOCAL_s42/TRACE.jsonl,38ff239c92c4fb80510993ca0ecf58653bf7f97d4213282fa62cac9d2a6adab6,projects/qwen35_indoor_nav/research/continuation_memory_v1/strong_backbone_recovery_v1/recovery_confirmation_v2/runs/confirmation_001/dev/evaluation/gpu3_1790343705093671975/episodes/173/COMPLETE.json
confirmation_dev,173,uNb9QFRL6hY,CONCAT_s43,0.0,0.0,118,projects/qwen35_indoor_nav/research/continuation_memory_v1/strong_backbone_recovery_v1/recovery_confirmation_v2/runs/confirmation_001/dev/evaluation/gpu3_1790343705093671975/episodes/173/CONCAT_s43/TRACE.jsonl,4615b9b54026a458bd719655299e87348f396faa6c6d91b096d7c27e2020e9ab,projects/qwen35_indoor_nav/research/continuation_memory_v1/strong_backbone_recovery_v1/recovery_confirmation_v2/runs/confirmation_001/dev/evaluation/gpu3_1790343705093671975/episodes/173/COMPLETE.json
confirmation_dev,173,uNb9QFRL6hY,LOCAL_s43,0.0,0.0,118,projects/qwen35_indoor_nav/research/continuation_memory_v1/strong_backbone_recovery_v1/recovery_confirmation_v2/runs/confirmation_001/dev/evaluation/gpu3_1790343705093671975/episodes/173/LOCAL_s43/TRACE.jsonl,1d0732c6eb38c2b501880cd8bf226e7771935f386e70fc2806356d09aa8abe91,projects/qwen35_indoor_nav/research/continuation_memory_v1/strong_backbone_recovery_v1/recovery_confirmation_v2/runs/confirmation_001/dev/evaluation/gpu3_1790343705093671975/episodes/173/COMPLETE.json
confirmation_dev,173,uNb9QFRL6hY,CONCAT_s44,0.0,0.0,118,projects/qwen35_indoor_nav/research/continuation_memory_v1/strong_backbone_recovery_v1/recovery_confirmation_v2/runs/confirmation_001/dev/evaluation/gpu3_1790343705093671975/episodes/173/CONCAT_s44/TRACE.jsonl,76e8ea71279759a91121d1f0ff9778ab0b2ffeaf470b814d4b80994cedbe3d43,projects/qwen35_indoor_nav/research/continuation_memory_v1/strong_backbone_recovery_v1/recovery_confirmation_v2/runs/confirmation_001/dev/evaluation/gpu3_1790343705093671975/episodes/173/COMPLETE.json
confirmation_dev,302,17DRP5sb8fy,NATIVE,1.0,0.9050517447353993,68,projects/qwen35_indoor_nav/research/continuation_memory_v1/strong_backbone_recovery_v1/recovery_confirmation_v2/runs/confirmation_001/dev/evaluation/gpu4_1790343705187066181/episodes/302/NATIVE/TRACE.jsonl,5d92bf695ffcf21608ba70fecd65b841ff775b2bf8be1a15a431a7dda73f5944,projects/qwen35_indoor_nav/research/continuation_memory_v1/strong_backbone_recovery_v1/recovery_confirmation_v2/runs/confirmation_001/dev/evaluation/gpu4_1790343705187066181/episodes/302/COMPLETE.json
confirmation_dev,302,17DRP5sb8fy,CONCAT_s43,1.0,0.9050517447353993,68,projects/qwen35_indoor_nav/research/continuation_memory_v1/strong_backbone_recovery_v1/recovery_confirmation_v2/runs/confirmation_001/dev/evaluation/gpu4_1790343705187066181/episodes/302/CONCAT_s43/TRACE.jsonl,0bb37d87dfaa379b91b3c998360b2f59d991ed1450929da1dd0fabe20392e899,projects/qwen35_indoor_nav/research/continuation_memory_v1/strong_backbone_recovery_v1/recovery_confirmation_v2/runs/confirmation_001/dev/evaluation/gpu4_1790343705187066181/episodes/302/COMPLETE.json
confirmation_dev,302,17DRP5sb8fy,LOCAL_s43,1.0,0.9050517447353993,68,projects/qwen35_indoor_nav/research/continuation_memory_v1/strong_backbone_recovery_v1/recovery_confirmation_v2/runs/confirmation_001/dev/evaluation/gpu4_1790343705187066181/episodes/302/LOCAL_s43/TRACE.jsonl,a2d2b16d1f1b376b9f11f6f4b37dcc11c1065f73f3b44486bcb406374570d7b7,projects/qwen35_indoor_nav/research/continuation_memory_v1/strong_backbone_recovery_v1/recovery_confirmation_v2/runs/confirmation_001/dev/evaluation/gpu4_1790343705187066181/episodes/302/COMPLETE.json
confirmation_dev,302,17DRP5sb8fy,CONCAT_s44,1.0,0.9050517447353993,68,projects/qwen35_indoor_nav/research/continuation_memory_v1/strong_backbone_recovery_v1/recovery_confirmation_v2/runs/confirmation_001/dev/evaluation/gpu4_1790343705187066181/episodes/302/CONCAT_s44/TRACE.jsonl,c5f0cd1d38d0f3006ddf73afaae36c485fe8a2fa32a7914ccad3f8fe4fdbf908,projects/qwen35_indoor_nav/research/continuation_memory_v1/strong_backbone_recovery_v1/recovery_confirmation_v2/runs/confirmation_001/dev/evaluation/gpu4_1790343705187066181/episodes/302/COMPLETE.json
confirmation_dev,302,17DRP5sb8fy,LOCAL_s44,1.0,0.9058139686501198,72,projects/qwen35_indoor_nav/research/continuation_memory_v1/strong_backbone_recovery_v1/recovery_confirmation_v2/runs/confirmation_001/dev/evaluation/gpu4_1790343705187066181/episodes/302/LOCAL_s44/TRACE.jsonl,4906f035c87ce6c0ce803028ddda15c42964427d4405c02dcc09384403e671cf,projects/qwen35_indoor_nav/research/continuation_memory_v1/strong_backbone_recovery_v1/recovery_confirmation_v2/runs/confirmation_001/dev/evaluation/gpu4_1790343705187066181/episodes/302/COMPLETE.json
confirmation_dev,302,17DRP5sb8fy,CONCAT_s42,1.0,0.9050517447353993,68,projects/qwen35_indoor_nav/research/continuation_memory_v1/strong_backbone_recovery_v1/recovery_confirmation_v2/runs/confirmation_001/dev/evaluation/gpu4_1790343705187066181/episodes/302/CONCAT_s42/TRACE.jsonl,328717d6a59ec8aa04b71dc5f764fb4854b33079ba8ddf08ae0e2c7900ad079a,projects/qwen35_indoor_nav/research/continuation_memory_v1/strong_backbone_recovery_v1/recovery_confirmation_v2/runs/confirmation_001/dev/evaluation/gpu4_1790343705187066181/episodes/302/COMPLETE.json
confirmation_dev,302,17DRP5sb8fy,LOCAL_s42,1.0,0.9050517447353993,68,projects/qwen35_indoor_nav/research/continuation_memory_v1/strong_backbone_recovery_v1/recovery_confirmation_v2/runs/confirmation_001/dev/evaluation/gpu4_1790343705187066181/episodes/302/LOCAL_s42/TRACE.jsonl,98b343d5cb112fc633bda792899a341e1e4181a485e432f7723d1cdf84b7b3a3,projects/qwen35_indoor_nav/research/continuation_memory_v1/strong_backbone_recovery_v1/recovery_confirmation_v2/runs/confirmation_001/dev/evaluation/gpu4_1790343705187066181/episodes/302/COMPLETE.json
confirmation_dev,303,17DRP5sb8fy,NATIVE,1.0,1.0,31,projects/qwen35_indoor_nav/research/continuation_memory_v1/strong_backbone_recovery_v1/recovery_confirmation_v2/runs/confirmation_001/dev/evaluation/gpu4_1790343705187066181/episodes/303/NATIVE/TRACE.jsonl,2476c7517e551647613fa31cd033e3e33c8b16feee73cb270f8f3f7ab67fae05,projects/qwen35_indoor_nav/research/continuation_memory_v1/strong_backbone_recovery_v1/recovery_confirmation_v2/runs/confirmation_001/dev/evaluation/gpu4_1790343705187066181/episodes/303/COMPLETE.json
confirmation_dev,303,17DRP5sb8fy,LOCAL_s43,1.0,1.0,31,projects/qwen35_indoor_nav/research/continuation_memory_v1/strong_backbone_recovery_v1/recovery_confirmation_v2/runs/confirmation_001/dev/evaluation/gpu4_1790343705187066181/episodes/303/LOCAL_s43/TRACE.jsonl,71b5a7852f9eebe82be502eecf13ea7bf5a614786ae12505e3de2e0413f7e641,projects/qwen35_indoor_nav/research/continuation_memory_v1/strong_backbone_recovery_v1/recovery_confirmation_v2/runs/confirmation_001/dev/evaluation/gpu4_1790343705187066181/episodes/303/COMPLETE.json
confirmation_dev,303,17DRP5sb8fy,CONCAT_s44,1.0,1.0,31,projects/qwen35_indoor_nav/research/continuation_memory_v1/strong_backbone_recovery_v1/recovery_confirmation_v2/runs/confirmation_001/dev/evaluation/gpu4_1790343705187066181/episodes/303/CONCAT_s44/TRACE.jsonl,046235a1572082b059390671667707919f625c217192a1b16bf1807d3672d42d,projects/qwen35_indoor_nav/research/continuation_memory_v1/strong_backbone_recovery_v1/recovery_confirmation_v2/runs/confirmation_001/dev/evaluation/gpu4_1790343705187066181/episodes/303/COMPLETE.json
confirmation_dev,303,17DRP5sb8fy,LOCAL_s44,1.0,1.0,31,projects/qwen35_indoor_nav/research/continuation_memory_v1/strong_backbone_recovery_v1/recovery_confirmation_v2/runs/confirmation_001/dev/evaluation/gpu4_1790343705187066181/episodes/303/LOCAL_s44/TRACE.jsonl,4b0f744944bc20e2beb18d545e87aa77a82fd8a23c643370f4b7e89f0b24ba2e,projects/qwen35_indoor_nav/research/continuation_memory_v1/strong_backbone_recovery_v1/recovery_confirmation_v2/runs/confirmation_001/dev/evaluation/gpu4_1790343705187066181/episodes/303/COMPLETE.json
confirmation_dev,303,17DRP5sb8fy,CONCAT_s42,1.0,1.0,31,projects/qwen35_indoor_nav/research/continuation_memory_v1/strong_backbone_recovery_v1/recovery_confirmation_v2/runs/confirmation_001/dev/evaluation/gpu4_1790343705187066181/episodes/303/CONCAT_s42/TRACE.jsonl,80e6659bb621df26715946157de51ed585776b2438892647ac96c040cf1b2a2b,projects/qwen35_indoor_nav/research/continuation_memory_v1/strong_backbone_recovery_v1/recovery_confirmation_v2/runs/confirmation_001/dev/evaluation/gpu4_1790343705187066181/episodes/303/COMPLETE.json
confirmation_dev,303,17DRP5sb8fy,LOCAL_s42,1.0,1.0,31,projects/qwen35_indoor_nav/research/continuation_memory_v1/strong_backbone_recovery_v1/recovery_confirmation_v2/runs/confirmation_001/dev/evaluation/gpu4_1790343705187066181/episodes/303/LOCAL_s42/TRACE.jsonl,951660b557804e203bdf70351340ce47c7282ec816fa79d3b280705ec4679a1a,projects/qwen35_indoor_nav/research/continuation_memory_v1/strong_backbone_recovery_v1/recovery_confirmation_v2/runs/confirmation_001/dev/evaluation/gpu4_1790343705187066181/episodes/303/COMPLETE.json
confirmation_dev,303,17DRP5sb8fy,CONCAT_s43,1.0,1.0,31,projects/qwen35_indoor_nav/research/continuation_memory_v1/strong_backbone_recovery_v1/recovery_confirmation_v2/runs/confirmation_001/dev/evaluation/gpu4_1790343705187066181/episodes/303/CONCAT_s43/TRACE.jsonl,b174197e72fd727c69e3b8cf3135ef4e187118d68adcc42ba1cc0d4565b7b3c9,projects/qwen35_indoor_nav/research/continuation_memory_v1/strong_backbone_recovery_v1/recovery_confirmation_v2/runs/confirmation_001/dev/evaluation/gpu4_1790343705187066181/episodes/303/COMPLETE.json
confirmation_dev,304,uNb9QFRL6hY,NATIVE,1.0,0.918000669530402,46,projects/qwen35_indoor_nav/research/continuation_memory_v1/strong_backbone_recovery_v1/recovery_confirmation_v2/runs/confirmation_001/dev/evaluation/gpu4_1790343705187066181/episodes/304/NATIVE/TRACE.jsonl,505a6bfd82c974e0b6305a105e3a3f26b2cfaabedc2b4c5db9fbe785255b78da,projects/qwen35_indoor_nav/research/continuation_memory_v1/strong_backbone_recovery_v1/recovery_confirmation_v2/runs/confirmation_001/dev/evaluation/gpu4_1790343705187066181/episodes/304/COMPLETE.json
confirmation_dev,304,uNb9QFRL6hY,CONCAT_s44,1.0,0.918000669530402,46,projects/qwen35_indoor_nav/research/continuation_memory_v1/strong_backbone_recovery_v1/recovery_confirmation_v2/runs/confirmation_001/dev/evaluation/gpu4_1790343705187066181/episodes/304/CONCAT_s44/TRACE.jsonl,eb36ac248845b43d072e8a4875b901db92b9e551445da3d59c5eab246b39ffaa,projects/qwen35_indoor_nav/research/continuation_memory_v1/strong_backbone_recovery_v1/recovery_confirmation_v2/runs/confirmation_001/dev/evaluation/gpu4_1790343705187066181/episodes/304/COMPLETE.json
confirmation_dev,304,uNb9QFRL6hY,LOCAL_s44,1.0,0.918000669530402,46,projects/qwen35_indoor_nav/research/continuation_memory_v1/strong_backbone_recovery_v1/recovery_confirmation_v2/runs/confirmation_001/dev/evaluation/gpu4_1790343705187066181/episodes/304/LOCAL_s44/TRACE.jsonl,a29126b19e8d07abf14c23bc58c527f0b2287ad85f70f341e43fe0fee97ba1b5,projects/qwen35_indoor_nav/research/continuation_memory_v1/strong_backbone_recovery_v1/recovery_confirmation_v2/runs/confirmation_001/dev/evaluation/gpu4_1790343705187066181/episodes/304/COMPLETE.json
confirmation_dev,304,uNb9QFRL6hY,CONCAT_s42,1.0,0.918000669530402,46,projects/qwen35_indoor_nav/research/continuation_memory_v1/strong_backbone_recovery_v1/recovery_confirmation_v2/runs/confirmation_001/dev/evaluation/gpu4_1790343705187066181/episodes/304/CONCAT_s42/TRACE.jsonl,516d4478d75ce089990e29f8accc3bda27a90c571e9e8d97983680cf3bc00725,projects/qwen35_indoor_nav/research/continuation_memory_v1/strong_backbone_recovery_v1/recovery_confirmation_v2/runs/confirmation_001/dev/evaluation/gpu4_1790343705187066181/episodes/304/COMPLETE.json
confirmation_dev,304,uNb9QFRL6hY,LOCAL_s42,1.0,0.918000669530402,46,projects/qwen35_indoor_nav/research/continuation_memory_v1/strong_backbone_recovery_v1/recovery_confirmation_v2/runs/confirmation_001/dev/evaluation/gpu4_1790343705187066181/episodes/304/LOCAL_s42/TRACE.jsonl,934015805b8e8292870a84ace5bdb63a1b517dfec3b30ef84f0b7e5fd6bb22dd,projects/qwen35_indoor_nav/research/continuation_memory_v1/strong_backbone_recovery_v1/recovery_confirmation_v2/runs/confirmation_001/dev/evaluation/gpu4_1790343705187066181/episodes/304/COMPLETE.json
confirmation_dev,304,uNb9QFRL6hY,CONCAT_s43,1.0,0.918000669530402,46,projects/qwen35_indoor_nav/research/continuation_memory_v1/strong_backbone_recovery_v1/recovery_confirmation_v2/runs/confirmation_001/dev/evaluation/gpu4_1790343705187066181/episodes/304/CONCAT_s43/TRACE.jsonl,64d93ed517360a3b77a5a92b4b9df12dcca94d8becf92a6f38288e331ebad5bf,projects/qwen35_indoor_nav/research/continuation_memory_v1/strong_backbone_recovery_v1/recovery_confirmation_v2/runs/confirmation_001/dev/evaluation/gpu4_1790343705187066181/episodes/304/COMPLETE.json
confirmation_dev,304,uNb9QFRL6hY,LOCAL_s43,1.0,0.918000669530402,46,projects/qwen35_indoor_nav/research/continuation_memory_v1/strong_backbone_recovery_v1/recovery_confirmation_v2/runs/confirmation_001/dev/evaluation/gpu4_1790343705187066181/episodes/304/LOCAL_s43/TRACE.jsonl,420159273d11589577e782b352fb52c53155fbecc5369931eb229bf92710dffd,projects/qwen35_indoor_nav/research/continuation_memory_v1/strong_backbone_recovery_v1/recovery_confirmation_v2/runs/confirmation_001/dev/evaluation/gpu4_1790343705187066181/episodes/304/COMPLETE.json
confirmation_dev,305,r1Q1Z4BcV1o,NATIVE,1.0,0.9426473905647108,74,projects/qwen35_indoor_nav/research/continuation_memory_v1/strong_backbone_recovery_v1/recovery_confirmation_v2/runs/confirmation_001/dev/evaluation/gpu4_1790343705187066181/episodes/305/NATIVE/TRACE.jsonl,69308c85c41fc11037dafcf389e73007ff153500758db9f61734d77ffd4e46f2,projects/qwen35_indoor_nav/research/continuation_memory_v1/strong_backbone_recovery_v1/recovery_confirmation_v2/runs/confirmation_001/dev/evaluation/gpu4_1790343705187066181/episodes/305/COMPLETE.json
confirmation_dev,305,r1Q1Z4BcV1o,LOCAL_s44,1.0,0.9426473905647108,74,projects/qwen35_indoor_nav/research/continuation_memory_v1/strong_backbone_recovery_v1/recovery_confirmation_v2/runs/confirmation_001/dev/evaluation/gpu4_1790343705187066181/episodes/305/LOCAL_s44/TRACE.jsonl,a71b9bab6cad14c12bdc0584f5873b3af8e177bfe380080db3c3a9a8e5559922,projects/qwen35_indoor_nav/research/continuation_memory_v1/strong_backbone_recovery_v1/recovery_confirmation_v2/runs/confirmation_001/dev/evaluation/gpu4_1790343705187066181/episodes/305/COMPLETE.json
confirmation_dev,305,r1Q1Z4BcV1o,CONCAT_s42,1.0,0.9426473905647108,74,projects/qwen35_indoor_nav/research/continuation_memory_v1/strong_backbone_recovery_v1/recovery_confirmation_v2/runs/confirmation_001/dev/evaluation/gpu4_1790343705187066181/episodes/305/CONCAT_s42/TRACE.jsonl,8df069b6851505ddc2224b2f6bd2dea8e5706eb8413b2dfb900bb25dc47ec370,projects/qwen35_indoor_nav/research/continuation_memory_v1/strong_backbone_recovery_v1/recovery_confirmation_v2/runs/confirmation_001/dev/evaluation/gpu4_1790343705187066181/episodes/305/COMPLETE.json
confirmation_dev,305,r1Q1Z4BcV1o,LOCAL_s42,1.0,0.9426473905647108,74,projects/qwen35_indoor_nav/research/continuation_memory_v1/strong_backbone_recovery_v1/recovery_confirmation_v2/runs/confirmation_001/dev/evaluation/gpu4_1790343705187066181/episodes/305/LOCAL_s42/TRACE.jsonl,7d53c4bcf3943ff2e6f63beaa04837eeee8931749e7c3ba5bf0d6f5f1cd5715e,projects/qwen35_indoor_nav/research/continuation_memory_v1/strong_backbone_recovery_v1/recovery_confirmation_v2/runs/confirmation_001/dev/evaluation/gpu4_1790343705187066181/episodes/305/COMPLETE.json
confirmation_dev,305,r1Q1Z4BcV1o,CONCAT_s43,1.0,0.9426473905647108,74,projects/qwen35_indoor_nav/research/continuation_memory_v1/strong_backbone_recovery_v1/recovery_confirmation_v2/runs/confirmation_001/dev/evaluation/gpu4_1790343705187066181/episodes/305/CONCAT_s43/TRACE.jsonl,a9dc02fd44f635b8b51dd9e7706d7c338679ca788ec5abcca44699cb0e92c9a1,projects/qwen35_indoor_nav/research/continuation_memory_v1/strong_backbone_recovery_v1/recovery_confirmation_v2/runs/confirmation_001/dev/evaluation/gpu4_1790343705187066181/episodes/305/COMPLETE.json
confirmation_dev,305,r1Q1Z4BcV1o,LOCAL_s43,1.0,0.9426473905647108,74,projects/qwen35_indoor_nav/research/continuation_memory_v1/strong_backbone_recovery_v1/recovery_confirmation_v2/runs/confirmation_001/dev/evaluation/gpu4_1790343705187066181/episodes/305/LOCAL_s43/TRACE.jsonl,2620894ee86c6c8737eeb418bd5fb3898eec61ac3ee380ff1ba193427d4e31a0,projects/qwen35_indoor_nav/research/continuation_memory_v1/strong_backbone_recovery_v1/recovery_confirmation_v2/runs/confirmation_001/dev/evaluation/gpu4_1790343705187066181/episodes/305/COMPLETE.json
confirmation_dev,305,r1Q1Z4BcV1o,CONCAT_s44,1.0,0.9426473905647108,74,projects/qwen35_indoor_nav/research/continuation_memory_v1/strong_backbone_recovery_v1/recovery_confirmation_v2/runs/confirmation_001/dev/evaluation/gpu4_1790343705187066181/episodes/305/CONCAT_s44/TRACE.jsonl,84cea2d7849dea00d807dea4ebac2aa040a32aae693089140b612620791d6580,projects/qwen35_indoor_nav/research/continuation_memory_v1/strong_backbone_recovery_v1/recovery_confirmation_v2/runs/confirmation_001/dev/evaluation/gpu4_1790343705187066181/episodes/305/COMPLETE.json
confirmation_dev,306,17DRP5sb8fy,NATIVE,1.0,0.9768251466554189,39,projects/qwen35_indoor_nav/research/continuation_memory_v1/strong_backbone_recovery_v1/recovery_confirmation_v2/runs/confirmation_001/dev/evaluation/gpu4_1790343705187066181/episodes/306/NATIVE/TRACE.jsonl,6607f0017ee46af769b0f554af92ea71c7aec1ee2789420b1d4442cabb9769c5,projects/qwen35_indoor_nav/research/continuation_memory_v1/strong_backbone_recovery_v1/recovery_confirmation_v2/runs/confirmation_001/dev/evaluation/gpu4_1790343705187066181/episodes/306/COMPLETE.json
confirmation_dev,306,17DRP5sb8fy,CONCAT_s42,1.0,0.9768251466554189,39,projects/qwen35_indoor_nav/research/continuation_memory_v1/strong_backbone_recovery_v1/recovery_confirmation_v2/runs/confirmation_001/dev/evaluation/gpu4_1790343705187066181/episodes/306/CONCAT_s42/TRACE.jsonl,071ecd3cacadad36f07558b4b0b4aae5fcda9525fb20c8e11e9fe9a271f5f2f8,projects/qwen35_indoor_nav/research/continuation_memory_v1/strong_backbone_recovery_v1/recovery_confirmation_v2/runs/confirmation_001/dev/evaluation/gpu4_1790343705187066181/episodes/306/COMPLETE.json
confirmation_dev,306,17DRP5sb8fy,LOCAL_s42,1.0,0.9768251466554189,39,projects/qwen35_indoor_nav/research/continuation_memory_v1/strong_backbone_recovery_v1/recovery_confirmation_v2/runs/confirmation_001/dev/evaluation/gpu4_1790343705187066181/episodes/306/LOCAL_s42/TRACE.jsonl,b45a3a94afc63eefb8b2e277d783f052ce0428ef0708e32292d9c267202b6859,projects/qwen35_indoor_nav/research/continuation_memory_v1/strong_backbone_recovery_v1/recovery_confirmation_v2/runs/confirmation_001/dev/evaluation/gpu4_1790343705187066181/episodes/306/COMPLETE.json
confirmation_dev,306,17DRP5sb8fy,CONCAT_s43,1.0,0.9768251466554189,39,projects/qwen35_indoor_nav/research/continuation_memory_v1/strong_backbone_recovery_v1/recovery_confirmation_v2/runs/confirmation_001/dev/evaluation/gpu4_1790343705187066181/episodes/306/CONCAT_s43/TRACE.jsonl,ad9c6563a2feb270e1f60069c37191f0435f38f30c82ee3e2361e5c1943a71c2,projects/qwen35_indoor_nav/research/continuation_memory_v1/strong_backbone_recovery_v1/recovery_confirmation_v2/runs/confirmation_001/dev/evaluation/gpu4_1790343705187066181/episodes/306/COMPLETE.json
confirmation_dev,306,17DRP5sb8fy,LOCAL_s43,1.0,0.9768251466554189,39,projects/qwen35_indoor_nav/research/continuation_memory_v1/strong_backbone_recovery_v1/recovery_confirmation_v2/runs/confirmation_001/dev/evaluation/gpu4_1790343705187066181/episodes/306/LOCAL_s43/TRACE.jsonl,1657962d0c6238196b69876ebc61a067d72e9573a397d334b73a72232060e5ec,projects/qwen35_indoor_nav/research/continuation_memory_v1/strong_backbone_recovery_v1/recovery_confirmation_v2/runs/confirmation_001/dev/evaluation/gpu4_1790343705187066181/episodes/306/COMPLETE.json
confirmation_dev,306,17DRP5sb8fy,CONCAT_s44,1.0,0.9768251466554189,39,projects/qwen35_indoor_nav/research/continuation_memory_v1/strong_backbone_recovery_v1/recovery_confirmation_v2/runs/confirmation_001/dev/evaluation/gpu4_1790343705187066181/episodes/306/CONCAT_s44/TRACE.jsonl,35c0dc0e9bd7f25885de52163437b481879a85a3131a46337d69b771e31b895b,projects/qwen35_indoor_nav/research/continuation_memory_v1/strong_backbone_recovery_v1/recovery_confirmation_v2/runs/confirmation_001/dev/evaluation/gpu4_1790343705187066181/episodes/306/COMPLETE.json
confirmation_dev,306,17DRP5sb8fy,LOCAL_s44,1.0,0.9768251466554189,39,projects/qwen35_indoor_nav/research/continuation_memory_v1/strong_backbone_recovery_v1/recovery_confirmation_v2/runs/confirmation_001/dev/evaluation/gpu4_1790343705187066181/episodes/306/LOCAL_s44/TRACE.jsonl,361b069cf43df2b5c9d3eebd9a98ad47a8556492b330c8b37c280dc7b369623a,projects/qwen35_indoor_nav/research/continuation_memory_v1/strong_backbone_recovery_v1/recovery_confirmation_v2/runs/confirmation_001/dev/evaluation/gpu4_1790343705187066181/episodes/306/COMPLETE.json
confirmation_dev,307,uNb9QFRL6hY,NATIVE,1.0,0.9867288139061354,34,projects/qwen35_indoor_nav/research/continuation_memory_v1/strong_backbone_recovery_v1/recovery_confirmation_v2/runs/confirmation_001/dev/evaluation/gpu4_1790343705187066181/episodes/307/NATIVE/TRACE.jsonl,0fee456fab86e92d40a9d5a2ef37151a2c3a015c270c35a81e679f5440eea670,projects/qwen35_indoor_nav/research/continuation_memory_v1/strong_backbone_recovery_v1/recovery_confirmation_v2/runs/confirmation_001/dev/evaluation/gpu4_1790343705187066181/episodes/307/COMPLETE.json
confirmation_dev,307,uNb9QFRL6hY,LOCAL_s42,1.0,0.9867288139061354,34,projects/qwen35_indoor_nav/research/continuation_memory_v1/strong_backbone_recovery_v1/recovery_confirmation_v2/runs/confirmation_001/dev/evaluation/gpu4_1790343705187066181/episodes/307/LOCAL_s42/TRACE.jsonl,1a26bbd3e1b744ddb66bba2f9f1c12a556e368d9896c0cc172f5daee6b65243e,projects/qwen35_indoor_nav/research/continuation_memory_v1/strong_backbone_recovery_v1/recovery_confirmation_v2/runs/confirmation_001/dev/evaluation/gpu4_1790343705187066181/episodes/307/COMPLETE.json
confirmation_dev,307,uNb9QFRL6hY,CONCAT_s43,1.0,0.9867288139061354,34,projects/qwen35_indoor_nav/research/continuation_memory_v1/strong_backbone_recovery_v1/recovery_confirmation_v2/runs/confirmation_001/dev/evaluation/gpu4_1790343705187066181/episodes/307/CONCAT_s43/TRACE.jsonl,78f02b962dff467afcd281322dcdcf107ad8a795bdf06db90f38c673efecbb84,projects/qwen35_indoor_nav/research/continuation_memory_v1/strong_backbone_recovery_v1/recovery_confirmation_v2/runs/confirmation_001/dev/evaluation/gpu4_1790343705187066181/episodes/307/COMPLETE.json
confirmation_dev,307,uNb9QFRL6hY,LOCAL_s43,1.0,0.9867288139061354,34,projects/qwen35_indoor_nav/research/continuation_memory_v1/strong_backbone_recovery_v1/recovery_confirmation_v2/runs/confirmation_001/dev/evaluation/gpu4_1790343705187066181/episodes/307/LOCAL_s43/TRACE.jsonl,d79a48e4084b572945cf6aa9ae7d98ffe8d45cf92445ba2e655cfdf0333dab8c,projects/qwen35_indoor_nav/research/continuation_memory_v1/strong_backbone_recovery_v1/recovery_confirmation_v2/runs/confirmation_001/dev/evaluation/gpu4_1790343705187066181/episodes/307/COMPLETE.json
confirmation_dev,307,uNb9QFRL6hY,CONCAT_s44,1.0,0.9867288139061354,34,projects/qwen35_indoor_nav/research/continuation_memory_v1/strong_backbone_recovery_v1/recovery_confirmation_v2/runs/confirmation_001/dev/evaluation/gpu4_1790343705187066181/episodes/307/CONCAT_s44/TRACE.jsonl,f76e2b4985fd94e02293c0751bce0b67b899780bfcbbf37e7cb62a913d3063fe,projects/qwen35_indoor_nav/research/continuation_memory_v1/strong_backbone_recovery_v1/recovery_confirmation_v2/runs/confirmation_001/dev/evaluation/gpu4_1790343705187066181/episodes/307/COMPLETE.json
confirmation_dev,307,uNb9QFRL6hY,LOCAL_s44,1.0,0.9867288139061354,34,projects/qwen35_indoor_nav/research/continuation_memory_v1/strong_backbone_recovery_v1/recovery_confirmation_v2/runs/confirmation_001/dev/evaluation/gpu4_1790343705187066181/episodes/307/LOCAL_s44/TRACE.jsonl,73bb39270d8917aff452a5e2d99038d3d605a09038108e8f7f84a3bc08aad3ca,projects/qwen35_indoor_nav/research/continuation_memory_v1/strong_backbone_recovery_v1/recovery_confirmation_v2/runs/confirmation_001/dev/evaluation/gpu4_1790343705187066181/episodes/307/COMPLETE.json
confirmation_dev,307,uNb9QFRL6hY,CONCAT_s42,1.0,0.9867288139061354,34,projects/qwen35_indoor_nav/research/continuation_memory_v1/strong_backbone_recovery_v1/recovery_confirmation_v2/runs/confirmation_001/dev/evaluation/gpu4_1790343705187066181/episodes/307/CONCAT_s42/TRACE.jsonl,bc0706dcca1fdb782a29aab9949db7b7db019de9a1664bbb47859290b51ffd95,projects/qwen35_indoor_nav/research/continuation_memory_v1/strong_backbone_recovery_v1/recovery_confirmation_v2/runs/confirmation_001/dev/evaluation/gpu4_1790343705187066181/episodes/307/COMPLETE.json
confirmation_dev,308,r1Q1Z4BcV1o,NATIVE,1.0,0.92872620632523,58,projects/qwen35_indoor_nav/research/continuation_memory_v1/strong_backbone_recovery_v1/recovery_confirmation_v2/runs/confirmation_001/dev/evaluation/gpu4_1790343705187066181/episodes/308/NATIVE/TRACE.jsonl,9acea00e06a1317cc54f71043abaa3388741acee89470f5d93dc5005113182f1,projects/qwen35_indoor_nav/research/continuation_memory_v1/strong_backbone_recovery_v1/recovery_confirmation_v2/runs/confirmation_001/dev/evaluation/gpu4_1790343705187066181/episodes/308/COMPLETE.json
confirmation_dev,308,r1Q1Z4BcV1o,CONCAT_s43,1.0,0.92872620632523,58,projects/qwen35_indoor_nav/research/continuation_memory_v1/strong_backbone_recovery_v1/recovery_confirmation_v2/runs/confirmation_001/dev/evaluation/gpu4_1790343705187066181/episodes/308/CONCAT_s43/TRACE.jsonl,cfcdb92f23b50a68010076227d716eb44201cc940965b929e916441c4fe2ef7a,projects/qwen35_indoor_nav/research/continuation_memory_v1/strong_backbone_recovery_v1/recovery_confirmation_v2/runs/confirmation_001/dev/evaluation/gpu4_1790343705187066181/episodes/308/COMPLETE.json
confirmation_dev,308,r1Q1Z4BcV1o,LOCAL_s43,1.0,0.92872620632523,58,projects/qwen35_indoor_nav/research/continuation_memory_v1/strong_backbone_recovery_v1/recovery_confirmation_v2/runs/confirmation_001/dev/evaluation/gpu4_1790343705187066181/episodes/308/LOCAL_s43/TRACE.jsonl,ffbfdf26d23f855a06a1147d2694bb47962dbc69fd756c0f242f5b4e821a9e47,projects/qwen35_indoor_nav/research/continuation_memory_v1/strong_backbone_recovery_v1/recovery_confirmation_v2/runs/confirmation_001/dev/evaluation/gpu4_1790343705187066181/episodes/308/COMPLETE.json
confirmation_dev,308,r1Q1Z4BcV1o,CONCAT_s44,1.0,0.92872620632523,58,projects/qwen35_indoor_nav/research/continuation_memory_v1/strong_backbone_recovery_v1/recovery_confirmation_v2/runs/confirmation_001/dev/evaluation/gpu4_1790343705187066181/episodes/308/CONCAT_s44/TRACE.jsonl,d2a67f6d116ce4f382a6822f0646a7994634083d4e9e1c7f35a81a84884b6388,projects/qwen35_indoor_nav/research/continuation_memory_v1/strong_backbone_recovery_v1/recovery_confirmation_v2/runs/confirmation_001/dev/evaluation/gpu4_1790343705187066181/episodes/308/COMPLETE.json
confirmation_dev,308,r1Q1Z4BcV1o,LOCAL_s44,1.0,0.92872620632523,58,projects/qwen35_indoor_nav/research/continuation_memory_v1/strong_backbone_recovery_v1/recovery_confirmation_v2/runs/confirmation_001/dev/evaluation/gpu4_1790343705187066181/episodes/308/LOCAL_s44/TRACE.jsonl,6d664c88bfe6f0a20eb552367ca89885a9090aa9edee1b76b9248909a53eb9af,projects/qwen35_indoor_nav/research/continuation_memory_v1/strong_backbone_recovery_v1/recovery_confirmation_v2/runs/confirmation_001/dev/evaluation/gpu4_1790343705187066181/episodes/308/COMPLETE.json
confirmation_dev,308,r1Q1Z4BcV1o,CONCAT_s42,1.0,0.92872620632523,58,projects/qwen35_indoor_nav/research/continuation_memory_v1/strong_backbone_recovery_v1/recovery_confirmation_v2/runs/confirmation_001/dev/evaluation/gpu4_1790343705187066181/episodes/308/CONCAT_s42/TRACE.jsonl,4cdbd59070902e6c0a1acfe2c0543ded6b4cdc8a61458cee3f6ffeb08ef358c8,projects/qwen35_indoor_nav/research/continuation_memory_v1/strong_backbone_recovery_v1/recovery_confirmation_v2/runs/confirmation_001/dev/evaluation/gpu4_1790343705187066181/episodes/308/COMPLETE.json
confirmation_dev,308,r1Q1Z4BcV1o,LOCAL_s42,1.0,0.92872620632523,58,projects/qwen35_indoor_nav/research/continuation_memory_v1/strong_backbone_recovery_v1/recovery_confirmation_v2/runs/confirmation_001/dev/evaluation/gpu4_1790343705187066181/episodes/308/LOCAL_s42/TRACE.jsonl,8f5ec2062dddae9d9f0062fe82be3848c6f273b7344737154c2c9056d4ef73a3,projects/qwen35_indoor_nav/research/continuation_memory_v1/strong_backbone_recovery_v1/recovery_confirmation_v2/runs/confirmation_001/dev/evaluation/gpu4_1790343705187066181/episodes/308/COMPLETE.json
confirmation_dev,309,17DRP5sb8fy,NATIVE,1.0,0.9179824391373425,46,projects/qwen35_indoor_nav/research/continuation_memory_v1/strong_backbone_recovery_v1/recovery_confirmation_v2/runs/confirmation_001/dev/evaluation/gpu4_1790343705187066181/episodes/309/NATIVE/TRACE.jsonl,57201aa903d6a46eeff957a8fc13f361943edeb187a845fadf678506a49710cf,projects/qwen35_indoor_nav/research/continuation_memory_v1/strong_backbone_recovery_v1/recovery_confirmation_v2/runs/confirmation_001/dev/evaluation/gpu4_1790343705187066181/episodes/309/COMPLETE.json
confirmation_dev,309,17DRP5sb8fy,LOCAL_s43,1.0,0.9835525890742284,45,projects/qwen35_indoor_nav/research/continuation_memory_v1/strong_backbone_recovery_v1/recovery_confirmation_v2/runs/confirmation_001/dev/evaluation/gpu4_1790343705187066181/episodes/309/LOCAL_s43/TRACE.jsonl,5c274617a1f724288ff3b64bb11a3ead4ab78fdcf9151e232921510b7272cefb,projects/qwen35_indoor_nav/research/continuation_memory_v1/strong_backbone_recovery_v1/recovery_confirmation_v2/runs/confirmation_001/dev/evaluation/gpu4_1790343705187066181/episodes/309/COMPLETE.json
confirmation_dev,309,17DRP5sb8fy,CONCAT_s44,1.0,0.9179824391373425,46,projects/qwen35_indoor_nav/research/continuation_memory_v1/strong_backbone_recovery_v1/recovery_confirmation_v2/runs/confirmation_001/dev/evaluation/gpu4_1790343705187066181/episodes/309/CONCAT_s44/TRACE.jsonl,5452c59fe0fd16d0b8fde7450eb89318152d5dd0d9a6899468f7dd5d309f4ce3,projects/qwen35_indoor_nav/research/continuation_memory_v1/strong_backbone_recovery_v1/recovery_confirmation_v2/runs/confirmation_001/dev/evaluation/gpu4_1790343705187066181/episodes/309/COMPLETE.json
confirmation_dev,309,17DRP5sb8fy,LOCAL_s44,1.0,0.9835525890742284,45,projects/qwen35_indoor_nav/research/continuation_memory_v1/strong_backbone_recovery_v1/recovery_confirmation_v2/runs/confirmation_001/dev/evaluation/gpu4_1790343705187066181/episodes/309/LOCAL_s44/TRACE.jsonl,05a785fdecd94c49a05ef3eaeb9686c8da5dfdaf86298944c2a345a28057d1de,projects/qwen35_indoor_nav/research/continuation_memory_v1/strong_backbone_recovery_v1/recovery_confirmation_v2/runs/confirmation_001/dev/evaluation/gpu4_1790343705187066181/episodes/309/COMPLETE.json
confirmation_dev,309,17DRP5sb8fy,CONCAT_s42,1.0,0.9179824391373425,46,projects/qwen35_indoor_nav/research/continuation_memory_v1/strong_backbone_recovery_v1/recovery_confirmation_v2/runs/confirmation_001/dev/evaluation/gpu4_1790343705187066181/episodes/309/CONCAT_s42/TRACE.jsonl,ae5050aec3773ba19058e91dd9d6a35d4848d6e73b22a77d7aa1d858a3f025c9,projects/qwen35_indoor_nav/research/continuation_memory_v1/strong_backbone_recovery_v1/recovery_confirmation_v2/runs/confirmation_001/dev/evaluation/gpu4_1790343705187066181/episodes/309/COMPLETE.json
confirmation_dev,309,17DRP5sb8fy,LOCAL_s42,1.0,0.9179824391373425,46,projects/qwen35_indoor_nav/research/continuation_memory_v1/strong_backbone_recovery_v1/recovery_confirmation_v2/runs/confirmation_001/dev/evaluation/gpu4_1790343705187066181/episodes/309/LOCAL_s42/TRACE.jsonl,eecc34d55a2755aebb2159d4cb47510e5d0f29fc44661f0bdcfe2fbec3ed59b1,projects/qwen35_indoor_nav/research/continuation_memory_v1/strong_backbone_recovery_v1/recovery_confirmation_v2/runs/confirmation_001/dev/evaluation/gpu4_1790343705187066181/episodes/309/COMPLETE.json
confirmation_dev,309,17DRP5sb8fy,CONCAT_s43,1.0,0.9835525890742284,45,projects/qwen35_indoor_nav/research/continuation_memory_v1/strong_backbone_recovery_v1/recovery_confirmation_v2/runs/confirmation_001/dev/evaluation/gpu4_1790343705187066181/episodes/309/CONCAT_s43/TRACE.jsonl,cf69571a53708c679e92ef98e6f41c577b3314e2a3849b1d64a80bd548a08d88,projects/qwen35_indoor_nav/research/continuation_memory_v1/strong_backbone_recovery_v1/recovery_confirmation_v2/runs/confirmation_001/dev/evaluation/gpu4_1790343705187066181/episodes/309/COMPLETE.json
confirmation_dev,310,uNb9QFRL6hY,NATIVE,1.0,1.0,40,projects/qwen35_indoor_nav/research/continuation_memory_v1/strong_backbone_recovery_v1/recovery_confirmation_v2/runs/confirmation_001/dev/evaluation/gpu5_1790343705280197859/episodes/310/NATIVE/TRACE.jsonl,508006a1e526d750f83fead10afd2bb5438c8d1983ccbef0932ed0401a5ed7c0,projects/qwen35_indoor_nav/research/continuation_memory_v1/strong_backbone_recovery_v1/recovery_confirmation_v2/runs/confirmation_001/dev/evaluation/gpu5_1790343705280197859/episodes/310/COMPLETE.json
confirmation_dev,310,uNb9QFRL6hY,CONCAT_s44,1.0,1.0,40,projects/qwen35_indoor_nav/research/continuation_memory_v1/strong_backbone_recovery_v1/recovery_confirmation_v2/runs/confirmation_001/dev/evaluation/gpu5_1790343705280197859/episodes/310/CONCAT_s44/TRACE.jsonl,5d708804dfe0cca50d137846724729f010dd09629eb1c68902ba4419f04ee18a,projects/qwen35_indoor_nav/research/continuation_memory_v1/strong_backbone_recovery_v1/recovery_confirmation_v2/runs/confirmation_001/dev/evaluation/gpu5_1790343705280197859/episodes/310/COMPLETE.json
confirmation_dev,310,uNb9QFRL6hY,LOCAL_s44,1.0,1.0,41,projects/qwen35_indoor_nav/research/continuation_memory_v1/strong_backbone_recovery_v1/recovery_confirmation_v2/runs/confirmation_001/dev/evaluation/gpu5_1790343705280197859/episodes/310/LOCAL_s44/TRACE.jsonl,e6db6a97a614729b8975eb07020434cb7baa4a2263fd61c70252d102bcaa432c,projects/qwen35_indoor_nav/research/continuation_memory_v1/strong_backbone_recovery_v1/recovery_confirmation_v2/runs/confirmation_001/dev/evaluation/gpu5_1790343705280197859/episodes/310/COMPLETE.json
confirmation_dev,310,uNb9QFRL6hY,CONCAT_s42,1.0,1.0,40,projects/qwen35_indoor_nav/research/continuation_memory_v1/strong_backbone_recovery_v1/recovery_confirmation_v2/runs/confirmation_001/dev/evaluation/gpu5_1790343705280197859/episodes/310/CONCAT_s42/TRACE.jsonl,64a3817509c09784f52a1c79fabaf5b6a1e1daf22de2589ef8b26163a2ad6f13,projects/qwen35_indoor_nav/research/continuation_memory_v1/strong_backbone_recovery_v1/recovery_confirmation_v2/runs/confirmation_001/dev/evaluation/gpu5_1790343705280197859/episodes/310/COMPLETE.json
confirmation_dev,310,uNb9QFRL6hY,LOCAL_s42,1.0,1.0,40,projects/qwen35_indoor_nav/research/continuation_memory_v1/strong_backbone_recovery_v1/recovery_confirmation_v2/runs/confirmation_001/dev/evaluation/gpu5_1790343705280197859/episodes/310/LOCAL_s42/TRACE.jsonl,3cb353257206d399b599fadbf7d4618f2ca84d502615e9b45bc009397169adc7,projects/qwen35_indoor_nav/research/continuation_memory_v1/strong_backbone_recovery_v1/recovery_confirmation_v2/runs/confirmation_001/dev/evaluation/gpu5_1790343705280197859/episodes/310/COMPLETE.json
confirmation_dev,310,uNb9QFRL6hY,CONCAT_s43,1.0,1.0,40,projects/qwen35_indoor_nav/research/continuation_memory_v1/strong_backbone_recovery_v1/recovery_confirmation_v2/runs/confirmation_001/dev/evaluation/gpu5_1790343705280197859/episodes/310/CONCAT_s43/TRACE.jsonl,02e92ee12777b336bc0ffdd3c175e8afbf3fd7a59e1cfadc87a04ebd6e97fbc8,projects/qwen35_indoor_nav/research/continuation_memory_v1/strong_backbone_recovery_v1/recovery_confirmation_v2/runs/confirmation_001/dev/evaluation/gpu5_1790343705280197859/episodes/310/COMPLETE.json
confirmation_dev,310,uNb9QFRL6hY,LOCAL_s43,1.0,1.0,40,projects/qwen35_indoor_nav/research/continuation_memory_v1/strong_backbone_recovery_v1/recovery_confirmation_v2/runs/confirmation_001/dev/evaluation/gpu5_1790343705280197859/episodes/310/LOCAL_s43/TRACE.jsonl,1de6a3eb081d0720ab8b358258852d4947ead6c1bdcccf948283b11abbc0a3fd,projects/qwen35_indoor_nav/research/continuation_memory_v1/strong_backbone_recovery_v1/recovery_confirmation_v2/runs/confirmation_001/dev/evaluation/gpu5_1790343705280197859/episodes/310/COMPLETE.json
confirmation_dev,311,r1Q1Z4BcV1o,NATIVE,1.0,0.9290340084061157,95,projects/qwen35_indoor_nav/research/continuation_memory_v1/strong_backbone_recovery_v1/recovery_confirmation_v2/runs/confirmation_001/dev/evaluation/gpu5_1790343705280197859/episodes/311/NATIVE/TRACE.jsonl,5bcb0dcf7c13b376cb56333fd27fd8e5ac668327565ada79b419afa3962f5413,projects/qwen35_indoor_nav/research/continuation_memory_v1/strong_backbone_recovery_v1/recovery_confirmation_v2/runs/confirmation_001/dev/evaluation/gpu5_1790343705280197859/episodes/311/COMPLETE.json
confirmation_dev,311,r1Q1Z4BcV1o,LOCAL_s44,1.0,0.9290340084061157,95,projects/qwen35_indoor_nav/research/continuation_memory_v1/strong_backbone_recovery_v1/recovery_confirmation_v2/runs/confirmation_001/dev/evaluation/gpu5_1790343705280197859/episodes/311/LOCAL_s44/TRACE.jsonl,767ce83dc648bc59ea0b9ccffd54a8b3c1e13dc6d922b167d49bd246bb4039cc,projects/qwen35_indoor_nav/research/continuation_memory_v1/strong_backbone_recovery_v1/recovery_confirmation_v2/runs/confirmation_001/dev/evaluation/gpu5_1790343705280197859/episodes/311/COMPLETE.json
confirmation_dev,311,r1Q1Z4BcV1o,CONCAT_s42,1.0,0.9290340084061157,95,projects/qwen35_indoor_nav/research/continuation_memory_v1/strong_backbone_recovery_v1/recovery_confirmation_v2/runs/confirmation_001/dev/evaluation/gpu5_1790343705280197859/episodes/311/CONCAT_s42/TRACE.jsonl,2df3c662b3d44d399c277a1746cd355ddd7461a39fb2952d5571ad06553372f6,projects/qwen35_indoor_nav/research/continuation_memory_v1/strong_backbone_recovery_v1/recovery_confirmation_v2/runs/confirmation_001/dev/evaluation/gpu5_1790343705280197859/episodes/311/COMPLETE.json
confirmation_dev,311,r1Q1Z4BcV1o,LOCAL_s42,1.0,0.9290340084061157,95,projects/qwen35_indoor_nav/research/continuation_memory_v1/strong_backbone_recovery_v1/recovery_confirmation_v2/runs/confirmation_001/dev/evaluation/gpu5_1790343705280197859/episodes/311/LOCAL_s42/TRACE.jsonl,77c2acbe7d2efafcb73623b2d63bd0d8bcfdabf2c00c9eb537e3c94d6e0333f4,projects/qwen35_indoor_nav/research/continuation_memory_v1/strong_backbone_recovery_v1/recovery_confirmation_v2/runs/confirmation_001/dev/evaluation/gpu5_1790343705280197859/episodes/311/COMPLETE.json
confirmation_dev,311,r1Q1Z4BcV1o,CONCAT_s43,1.0,0.9290340084061157,95,projects/qwen35_indoor_nav/research/continuation_memory_v1/strong_backbone_recovery_v1/recovery_confirmation_v2/runs/confirmation_001/dev/evaluation/gpu5_1790343705280197859/episodes/311/CONCAT_s43/TRACE.jsonl,15c8177733ea37b839f8f23803cb8d9dd29495122b86c915e4624cd183fb445f,projects/qwen35_indoor_nav/research/continuation_memory_v1/strong_backbone_recovery_v1/recovery_confirmation_v2/runs/confirmation_001/dev/evaluation/gpu5_1790343705280197859/episodes/311/COMPLETE.json
confirmation_dev,311,r1Q1Z4BcV1o,LOCAL_s43,1.0,0.9290340084061157,95,projects/qwen35_indoor_nav/research/continuation_memory_v1/strong_backbone_recovery_v1/recovery_confirmation_v2/runs/confirmation_001/dev/evaluation/gpu5_1790343705280197859/episodes/311/LOCAL_s43/TRACE.jsonl,1125e3d272dd74ea3b5b6ccd82bd2b48d026b714c36194b807bc4951aaacffd8,projects/qwen35_indoor_nav/research/continuation_memory_v1/strong_backbone_recovery_v1/recovery_confirmation_v2/runs/confirmation_001/dev/evaluation/gpu5_1790343705280197859/episodes/311/COMPLETE.json
confirmation_dev,311,r1Q1Z4BcV1o,CONCAT_s44,1.0,0.9290340084061157,95,projects/qwen35_indoor_nav/research/continuation_memory_v1/strong_backbone_recovery_v1/recovery_confirmation_v2/runs/confirmation_001/dev/evaluation/gpu5_1790343705280197859/episodes/311/CONCAT_s44/TRACE.jsonl,04085bfd4e9980914fde5b0e815524b3482b32a77745e93ba2c7ba959724383c,projects/qwen35_indoor_nav/research/continuation_memory_v1/strong_backbone_recovery_v1/recovery_confirmation_v2/runs/confirmation_001/dev/evaluation/gpu5_1790343705280197859/episodes/311/COMPLETE.json
confirmation_dev,312,8WUmhLawc2A,NATIVE,1.0,1.0,46,projects/qwen35_indoor_nav/research/continuation_memory_v1/strong_backbone_recovery_v1/recovery_confirmation_v2/runs/confirmation_001/dev/evaluation/gpu5_1790343705280197859/episodes/312/NATIVE/TRACE.jsonl,59fdf9ebe96ac52f1d2fd84e7134d4639e691a0ed2413d72852b6f57749a941f,projects/qwen35_indoor_nav/research/continuation_memory_v1/strong_backbone_recovery_v1/recovery_confirmation_v2/runs/confirmation_001/dev/evaluation/gpu5_1790343705280197859/episodes/312/COMPLETE.json
confirmation_dev,312,8WUmhLawc2A,CONCAT_s42,1.0,1.0,46,projects/qwen35_indoor_nav/research/continuation_memory_v1/strong_backbone_recovery_v1/recovery_confirmation_v2/runs/confirmation_001/dev/evaluation/gpu5_1790343705280197859/episodes/312/CONCAT_s42/TRACE.jsonl,2bb4305f5ddc02fec21252b99f6b695c392704aad30611d1df7f2d377b4befac,projects/qwen35_indoor_nav/research/continuation_memory_v1/strong_backbone_recovery_v1/recovery_confirmation_v2/runs/confirmation_001/dev/evaluation/gpu5_1790343705280197859/episodes/312/COMPLETE.json
confirmation_dev,312,8WUmhLawc2A,LOCAL_s42,1.0,1.0,46,projects/qwen35_indoor_nav/research/continuation_memory_v1/strong_backbone_recovery_v1/recovery_confirmation_v2/runs/confirmation_001/dev/evaluation/gpu5_1790343705280197859/episodes/312/LOCAL_s42/TRACE.jsonl,9e6b203c5db4503cab72368ac1e83790448df876e8121b162cdcafa861c75ba5,projects/qwen35_indoor_nav/research/continuation_memory_v1/strong_backbone_recovery_v1/recovery_confirmation_v2/runs/confirmation_001/dev/evaluation/gpu5_1790343705280197859/episodes/312/COMPLETE.json
confirmation_dev,312,8WUmhLawc2A,CONCAT_s43,1.0,1.0,46,projects/qwen35_indoor_nav/research/continuation_memory_v1/strong_backbone_recovery_v1/recovery_confirmation_v2/runs/confirmation_001/dev/evaluation/gpu5_1790343705280197859/episodes/312/CONCAT_s43/TRACE.jsonl,eb2017b49306ea6fc9bd71e5e4145a43db2867b5ed14c99b19e25f4d2dd29e47,projects/qwen35_indoor_nav/research/continuation_memory_v1/strong_backbone_recovery_v1/recovery_confirmation_v2/runs/confirmation_001/dev/evaluation/gpu5_1790343705280197859/episodes/312/COMPLETE.json
confirmation_dev,312,8WUmhLawc2A,LOCAL_s43,1.0,1.0,46,projects/qwen35_indoor_nav/research/continuation_memory_v1/strong_backbone_recovery_v1/recovery_confirmation_v2/runs/confirmation_001/dev/evaluation/gpu5_1790343705280197859/episodes/312/LOCAL_s43/TRACE.jsonl,375e0daa6bac1165f46a918d4fd60d9354784d48321ebbeab05a47b55b684ad7,projects/qwen35_indoor_nav/research/continuation_memory_v1/strong_backbone_recovery_v1/recovery_confirmation_v2/runs/confirmation_001/dev/evaluation/gpu5_1790343705280197859/episodes/312/COMPLETE.json
confirmation_dev,312,8WUmhLawc2A,CONCAT_s44,1.0,1.0,46,projects/qwen35_indoor_nav/research/continuation_memory_v1/strong_backbone_recovery_v1/recovery_confirmation_v2/runs/confirmation_001/dev/evaluation/gpu5_1790343705280197859/episodes/312/CONCAT_s44/TRACE.jsonl,4a2ded2af75b3ecc132ae81ac13203bfca7a70fb5598cb430b324203b3b5165b,projects/qwen35_indoor_nav/research/continuation_memory_v1/strong_backbone_recovery_v1/recovery_confirmation_v2/runs/confirmation_001/dev/evaluation/gpu5_1790343705280197859/episodes/312/COMPLETE.json
confirmation_dev,312,8WUmhLawc2A,LOCAL_s44,1.0,1.0,46,projects/qwen35_indoor_nav/research/continuation_memory_v1/strong_backbone_recovery_v1/recovery_confirmation_v2/runs/confirmation_001/dev/evaluation/gpu5_1790343705280197859/episodes/312/LOCAL_s44/TRACE.jsonl,49ef2076c0d64a02170a819e35319ab24dbe82f53c83117f5f84388ee76a9725,projects/qwen35_indoor_nav/research/continuation_memory_v1/strong_backbone_recovery_v1/recovery_confirmation_v2/runs/confirmation_001/dev/evaluation/gpu5_1790343705280197859/episodes/312/COMPLETE.json
confirmation_dev,313,17DRP5sb8fy,NATIVE,1.0,1.0,34,projects/qwen35_indoor_nav/research/continuation_memory_v1/strong_backbone_recovery_v1/recovery_confirmation_v2/runs/confirmation_001/dev/evaluation/gpu5_1790343705280197859/episodes/313/NATIVE/TRACE.jsonl,796f6547b8e1768d2f906cd952e4a530323d799c05c7047b416d744e7805e1a8,projects/qwen35_indoor_nav/research/continuation_memory_v1/strong_backbone_recovery_v1/recovery_confirmation_v2/runs/confirmation_001/dev/evaluation/gpu5_1790343705280197859/episodes/313/COMPLETE.json
confirmation_dev,313,17DRP5sb8fy,LOCAL_s42,1.0,1.0,34,projects/qwen35_indoor_nav/research/continuation_memory_v1/strong_backbone_recovery_v1/recovery_confirmation_v2/runs/confirmation_001/dev/evaluation/gpu5_1790343705280197859/episodes/313/LOCAL_s42/TRACE.jsonl,a6cf6857c879da54affb756056678f7d7c37a5f1de57303e745b7b1c7172949c,projects/qwen35_indoor_nav/research/continuation_memory_v1/strong_backbone_recovery_v1/recovery_confirmation_v2/runs/confirmation_001/dev/evaluation/gpu5_1790343705280197859/episodes/313/COMPLETE.json
confirmation_dev,313,17DRP5sb8fy,CONCAT_s43,1.0,1.0,34,projects/qwen35_indoor_nav/research/continuation_memory_v1/strong_backbone_recovery_v1/recovery_confirmation_v2/runs/confirmation_001/dev/evaluation/gpu5_1790343705280197859/episodes/313/CONCAT_s43/TRACE.jsonl,25609442382ad7de083fe43abfe070543c3f90c3bfab1348229fd61f005ff08f,projects/qwen35_indoor_nav/research/continuation_memory_v1/strong_backbone_recovery_v1/recovery_confirmation_v2/runs/confirmation_001/dev/evaluation/gpu5_1790343705280197859/episodes/313/COMPLETE.json
confirmation_dev,313,17DRP5sb8fy,LOCAL_s43,1.0,1.0,34,projects/qwen35_indoor_nav/research/continuation_memory_v1/strong_backbone_recovery_v1/recovery_confirmation_v2/runs/confirmation_001/dev/evaluation/gpu5_1790343705280197859/episodes/313/LOCAL_s43/TRACE.jsonl,c825b150dcffbcd49bb630d2840153e6c9bfd3ad8362f711d52a584f26ac8d22,projects/qwen35_indoor_nav/research/continuation_memory_v1/strong_backbone_recovery_v1/recovery_confirmation_v2/runs/confirmation_001/dev/evaluation/gpu5_1790343705280197859/episodes/313/COMPLETE.json
confirmation_dev,313,17DRP5sb8fy,CONCAT_s44,1.0,1.0,34,projects/qwen35_indoor_nav/research/continuation_memory_v1/strong_backbone_recovery_v1/recovery_confirmation_v2/runs/confirmation_001/dev/evaluation/gpu5_1790343705280197859/episodes/313/CONCAT_s44/TRACE.jsonl,106239d81fa53a1f2e1e7404b61240af86eb1311cac9db53e948bccbb9ba7264,projects/qwen35_indoor_nav/research/continuation_memory_v1/strong_backbone_recovery_v1/recovery_confirmation_v2/runs/confirmation_001/dev/evaluation/gpu5_1790343705280197859/episodes/313/COMPLETE.json
confirmation_dev,313,17DRP5sb8fy,LOCAL_s44,1.0,1.0,34,projects/qwen35_indoor_nav/research/continuation_memory_v1/strong_backbone_recovery_v1/recovery_confirmation_v2/runs/confirmation_001/dev/evaluation/gpu5_1790343705280197859/episodes/313/LOCAL_s44/TRACE.jsonl,f6ffa476cbbf6a021bd1c187cee39e24704b5301b03c1c84ed84dde09e93c75c,projects/qwen35_indoor_nav/research/continuation_memory_v1/strong_backbone_recovery_v1/recovery_confirmation_v2/runs/confirmation_001/dev/evaluation/gpu5_1790343705280197859/episodes/313/COMPLETE.json
confirmation_dev,313,17DRP5sb8fy,CONCAT_s42,1.0,1.0,34,projects/qwen35_indoor_nav/research/continuation_memory_v1/strong_backbone_recovery_v1/recovery_confirmation_v2/runs/confirmation_001/dev/evaluation/gpu5_1790343705280197859/episodes/313/CONCAT_s42/TRACE.jsonl,103c52c64ade286c6ced7da6e309b5f817d9027f77b79eb8411f6f60b1ff6a5d,projects/qwen35_indoor_nav/research/continuation_memory_v1/strong_backbone_recovery_v1/recovery_confirmation_v2/runs/confirmation_001/dev/evaluation/gpu5_1790343705280197859/episodes/313/COMPLETE.json
confirmation_dev,314,17DRP5sb8fy,NATIVE,1.0,1.0,39,projects/qwen35_indoor_nav/research/continuation_memory_v1/strong_backbone_recovery_v1/recovery_confirmation_v2/runs/confirmation_001/dev/evaluation/gpu5_1790343705280197859/episodes/314/NATIVE/TRACE.jsonl,e38dcd6da43245bc658e6ed76b70bdb7612de1e0923fca6e6461dffecc5e6b4c,projects/qwen35_indoor_nav/research/continuation_memory_v1/strong_backbone_recovery_v1/recovery_confirmation_v2/runs/confirmation_001/dev/evaluation/gpu5_1790343705280197859/episodes/314/COMPLETE.json
confirmation_dev,314,17DRP5sb8fy,CONCAT_s43,1.0,1.0,39,projects/qwen35_indoor_nav/research/continuation_memory_v1/strong_backbone_recovery_v1/recovery_confirmation_v2/runs/confirmation_001/dev/evaluation/gpu5_1790343705280197859/episodes/314/CONCAT_s43/TRACE.jsonl,13f8b39e9244163b461e88bfb9c2ccc87c0e9d525b18cc3e1773b15ce4be2d22,projects/qwen35_indoor_nav/research/continuation_memory_v1/strong_backbone_recovery_v1/recovery_confirmation_v2/runs/confirmation_001/dev/evaluation/gpu5_1790343705280197859/episodes/314/COMPLETE.json
confirmation_dev,314,17DRP5sb8fy,LOCAL_s43,1.0,1.0,39,projects/qwen35_indoor_nav/research/continuation_memory_v1/strong_backbone_recovery_v1/recovery_confirmation_v2/runs/confirmation_001/dev/evaluation/gpu5_1790343705280197859/episodes/314/LOCAL_s43/TRACE.jsonl,7958cb479e5580dc9c83758f6d585067be0e4a3dfb7a6edf26ef4d7f014896fa,projects/qwen35_indoor_nav/research/continuation_memory_v1/strong_backbone_recovery_v1/recovery_confirmation_v2/runs/confirmation_001/dev/evaluation/gpu5_1790343705280197859/episodes/314/COMPLETE.json
confirmation_dev,314,17DRP5sb8fy,CONCAT_s44,1.0,1.0,39,projects/qwen35_indoor_nav/research/continuation_memory_v1/strong_backbone_recovery_v1/recovery_confirmation_v2/runs/confirmation_001/dev/evaluation/gpu5_1790343705280197859/episodes/314/CONCAT_s44/TRACE.jsonl,c6cc2ef04c414c698efa542b1f1139e50393227868682049f9eb497ca4f9ffd3,projects/qwen35_indoor_nav/research/continuation_memory_v1/strong_backbone_recovery_v1/recovery_confirmation_v2/runs/confirmation_001/dev/evaluation/gpu5_1790343705280197859/episodes/314/COMPLETE.json
confirmation_dev,314,17DRP5sb8fy,LOCAL_s44,1.0,1.0,39,projects/qwen35_indoor_nav/research/continuation_memory_v1/strong_backbone_recovery_v1/recovery_confirmation_v2/runs/confirmation_001/dev/evaluation/gpu5_1790343705280197859/episodes/314/LOCAL_s44/TRACE.jsonl,f2ff52179e0f0e7051c5b240c19e03c79fdd55a0baf206e4716883753fdc839f,projects/qwen35_indoor_nav/research/continuation_memory_v1/strong_backbone_recovery_v1/recovery_confirmation_v2/runs/confirmation_001/dev/evaluation/gpu5_1790343705280197859/episodes/314/COMPLETE.json
confirmation_dev,314,17DRP5sb8fy,CONCAT_s42,1.0,1.0,39,projects/qwen35_indoor_nav/research/continuation_memory_v1/strong_backbone_recovery_v1/recovery_confirmation_v2/runs/confirmation_001/dev/evaluation/gpu5_1790343705280197859/episodes/314/CONCAT_s42/TRACE.jsonl,2e3ced8ccbed5d0ff782f2a6d4ba75b78ac66e2bb79cb3c66849208f44c4b263,projects/qwen35_indoor_nav/research/continuation_memory_v1/strong_backbone_recovery_v1/recovery_confirmation_v2/runs/confirmation_001/dev/evaluation/gpu5_1790343705280197859/episodes/314/COMPLETE.json
confirmation_dev,314,17DRP5sb8fy,LOCAL_s42,1.0,1.0,39,projects/qwen35_indoor_nav/research/continuation_memory_v1/strong_backbone_recovery_v1/recovery_confirmation_v2/runs/confirmation_001/dev/evaluation/gpu5_1790343705280197859/episodes/314/LOCAL_s42/TRACE.jsonl,c145cc5f4f37326e8c213d82de6298a27e66b926444a559700f466b2392a6106,projects/qwen35_indoor_nav/research/continuation_memory_v1/strong_backbone_recovery_v1/recovery_confirmation_v2/runs/confirmation_001/dev/evaluation/gpu5_1790343705280197859/episodes/314/COMPLETE.json
confirmation_dev,315,17DRP5sb8fy,NATIVE,1.0,1.0,39,projects/qwen35_indoor_nav/research/continuation_memory_v1/strong_backbone_recovery_v1/recovery_confirmation_v2/runs/confirmation_001/dev/evaluation/gpu5_1790343705280197859/episodes/315/NATIVE/TRACE.jsonl,ce9c167eb63c0a5d2d3adae4485693bf5cdce32ce5e3e05cdf05312471b4c097,projects/qwen35_indoor_nav/research/continuation_memory_v1/strong_backbone_recovery_v1/recovery_confirmation_v2/runs/confirmation_001/dev/evaluation/gpu5_1790343705280197859/episodes/315/COMPLETE.json
confirmation_dev,315,17DRP5sb8fy,LOCAL_s43,1.0,0.9740368576277324,54,projects/qwen35_indoor_nav/research/continuation_memory_v1/strong_backbone_recovery_v1/recovery_confirmation_v2/runs/confirmation_001/dev/evaluation/gpu5_1790343705280197859/episodes/315/LOCAL_s43/TRACE.jsonl,e44110a4d2d1f0e930f61b4235296efa9d33e7f6317587bf1df2cd4de7196962,projects/qwen35_indoor_nav/research/continuation_memory_v1/strong_backbone_recovery_v1/recovery_confirmation_v2/runs/confirmation_001/dev/evaluation/gpu5_1790343705280197859/episodes/315/COMPLETE.json
confirmation_dev,315,17DRP5sb8fy,CONCAT_s44,1.0,1.0,39,projects/qwen35_indoor_nav/research/continuation_memory_v1/strong_backbone_recovery_v1/recovery_confirmation_v2/runs/confirmation_001/dev/evaluation/gpu5_1790343705280197859/episodes/315/CONCAT_s44/TRACE.jsonl,097f31fabaec3449b5688f2114d6ccb537833df39fadee0f7cd3907ebb49573c,projects/qwen35_indoor_nav/research/continuation_memory_v1/strong_backbone_recovery_v1/recovery_confirmation_v2/runs/confirmation_001/dev/evaluation/gpu5_1790343705280197859/episodes/315/COMPLETE.json
confirmation_dev,315,17DRP5sb8fy,LOCAL_s44,1.0,0.9740368576277324,54,projects/qwen35_indoor_nav/research/continuation_memory_v1/strong_backbone_recovery_v1/recovery_confirmation_v2/runs/confirmation_001/dev/evaluation/gpu5_1790343705280197859/episodes/315/LOCAL_s44/TRACE.jsonl,d85db0be9db82912a3506eec7d412a57433b8a9023e8052a4d5057c97fc8500c,projects/qwen35_indoor_nav/research/continuation_memory_v1/strong_backbone_recovery_v1/recovery_confirmation_v2/runs/confirmation_001/dev/evaluation/gpu5_1790343705280197859/episodes/315/COMPLETE.json
confirmation_dev,315,17DRP5sb8fy,CONCAT_s42,1.0,1.0,39,projects/qwen35_indoor_nav/research/continuation_memory_v1/strong_backbone_recovery_v1/recovery_confirmation_v2/runs/confirmation_001/dev/evaluation/gpu5_1790343705280197859/episodes/315/CONCAT_s42/TRACE.jsonl,0dc141e00f2b378fac20149e4d8d7bab73b3744d646d834fc0da6d7484f3d53c,projects/qwen35_indoor_nav/research/continuation_memory_v1/strong_backbone_recovery_v1/recovery_confirmation_v2/runs/confirmation_001/dev/evaluation/gpu5_1790343705280197859/episodes/315/COMPLETE.json
confirmation_dev,315,17DRP5sb8fy,LOCAL_s42,1.0,1.0,39,projects/qwen35_indoor_nav/research/continuation_memory_v1/strong_backbone_recovery_v1/recovery_confirmation_v2/runs/confirmation_001/dev/evaluation/gpu5_1790343705280197859/episodes/315/LOCAL_s42/TRACE.jsonl,42574046357c29a65993ba19d7382570efae1aba6d063ab674093258e8ad329e,projects/qwen35_indoor_nav/research/continuation_memory_v1/strong_backbone_recovery_v1/recovery_confirmation_v2/runs/confirmation_001/dev/evaluation/gpu5_1790343705280197859/episodes/315/COMPLETE.json
confirmation_dev,315,17DRP5sb8fy,CONCAT_s43,1.0,1.0,51,projects/qwen35_indoor_nav/research/continuation_memory_v1/strong_backbone_recovery_v1/recovery_confirmation_v2/runs/confirmation_001/dev/evaluation/gpu5_1790343705280197859/episodes/315/CONCAT_s43/TRACE.jsonl,cb141d34c53de99af03736d437361ffebfa0ef021d01d2b1809830c5b1f7e38b,projects/qwen35_indoor_nav/research/continuation_memory_v1/strong_backbone_recovery_v1/recovery_confirmation_v2/runs/confirmation_001/dev/evaluation/gpu5_1790343705280197859/episodes/315/COMPLETE.json
confirmation_dev,316,uNb9QFRL6hY,NATIVE,1.0,0.9934738027955804,52,projects/qwen35_indoor_nav/research/continuation_memory_v1/strong_backbone_recovery_v1/recovery_confirmation_v2/runs/confirmation_001/dev/evaluation/gpu5_1790343705280197859/episodes/316/NATIVE/TRACE.jsonl,f1403e99668c59feea18b3e64adcc3387eae3f22a3822c48d10eba66851ef50d,projects/qwen35_indoor_nav/research/continuation_memory_v1/strong_backbone_recovery_v1/recovery_confirmation_v2/runs/confirmation_001/dev/evaluation/gpu5_1790343705280197859/episodes/316/COMPLETE.json
confirmation_dev,316,uNb9QFRL6hY,CONCAT_s44,1.0,0.8701511994338048,59,projects/qwen35_indoor_nav/research/continuation_memory_v1/strong_backbone_recovery_v1/recovery_confirmation_v2/runs/confirmation_001/dev/evaluation/gpu5_1790343705280197859/episodes/316/CONCAT_s44/TRACE.jsonl,3994c473ff7c58fa5c6d780577c1a4531fc748980f6bf3cf5fc9d8ed8b43a9d0,projects/qwen35_indoor_nav/research/continuation_memory_v1/strong_backbone_recovery_v1/recovery_confirmation_v2/runs/confirmation_001/dev/evaluation/gpu5_1790343705280197859/episodes/316/COMPLETE.json
confirmation_dev,316,uNb9QFRL6hY,LOCAL_s44,1.0,0.8980195969576347,57,projects/qwen35_indoor_nav/research/continuation_memory_v1/strong_backbone_recovery_v1/recovery_confirmation_v2/runs/confirmation_001/dev/evaluation/gpu5_1790343705280197859/episodes/316/LOCAL_s44/TRACE.jsonl,45197b9c617c17268c33d402f4ff1222e5f533456fe7c98b14b3cffb57abb1bc,projects/qwen35_indoor_nav/research/continuation_memory_v1/strong_backbone_recovery_v1/recovery_confirmation_v2/runs/confirmation_001/dev/evaluation/gpu5_1790343705280197859/episodes/316/COMPLETE.json
confirmation_dev,316,uNb9QFRL6hY,CONCAT_s42,1.0,0.9934738027955804,52,projects/qwen35_indoor_nav/research/continuation_memory_v1/strong_backbone_recovery_v1/recovery_confirmation_v2/runs/confirmation_001/dev/evaluation/gpu5_1790343705280197859/episodes/316/CONCAT_s42/TRACE.jsonl,dfff7e9c4cc8dd768d82d861da08debd19ce89e9532d7777fd481f29fd203bde,projects/qwen35_indoor_nav/research/continuation_memory_v1/strong_backbone_recovery_v1/recovery_confirmation_v2/runs/confirmation_001/dev/evaluation/gpu5_1790343705280197859/episodes/316/COMPLETE.json
confirmation_dev,316,uNb9QFRL6hY,LOCAL_s42,1.0,0.9934738027955804,52,projects/qwen35_indoor_nav/research/continuation_memory_v1/strong_backbone_recovery_v1/recovery_confirmation_v2/runs/confirmation_001/dev/evaluation/gpu5_1790343705280197859/episodes/316/LOCAL_s42/TRACE.jsonl,0113811b7e54eba4a0b80a142535fc764664fc9b8c60964863485f55c6f98d14,projects/qwen35_indoor_nav/research/continuation_memory_v1/strong_backbone_recovery_v1/recovery_confirmation_v2/runs/confirmation_001/dev/evaluation/gpu5_1790343705280197859/episodes/316/COMPLETE.json
confirmation_dev,316,uNb9QFRL6hY,CONCAT_s43,1.0,0.9934738027955804,52,projects/qwen35_indoor_nav/research/continuation_memory_v1/strong_backbone_recovery_v1/recovery_confirmation_v2/runs/confirmation_001/dev/evaluation/gpu5_1790343705280197859/episodes/316/CONCAT_s43/TRACE.jsonl,ad8adbb5f70976aa380d338c5a00e3aeaa0fb4d3314cc6fe076211e224c4d84a,projects/qwen35_indoor_nav/research/continuation_memory_v1/strong_backbone_recovery_v1/recovery_confirmation_v2/runs/confirmation_001/dev/evaluation/gpu5_1790343705280197859/episodes/316/COMPLETE.json
confirmation_dev,316,uNb9QFRL6hY,LOCAL_s43,1.0,0.9934738027955804,52,projects/qwen35_indoor_nav/research/continuation_memory_v1/strong_backbone_recovery_v1/recovery_confirmation_v2/runs/confirmation_001/dev/evaluation/gpu5_1790343705280197859/episodes/316/LOCAL_s43/TRACE.jsonl,33f93df0272d7a48574c3a672c27f8cee0ecdb3c1ac68fd9710faf677c68966b,projects/qwen35_indoor_nav/research/continuation_memory_v1/strong_backbone_recovery_v1/recovery_confirmation_v2/runs/confirmation_001/dev/evaluation/gpu5_1790343705280197859/episodes/316/COMPLETE.json
confirmation_dev,317,8WUmhLawc2A,NATIVE,1.0,0.9126173441611499,43,projects/qwen35_indoor_nav/research/continuation_memory_v1/strong_backbone_recovery_v1/recovery_confirmation_v2/runs/confirmation_001/dev/evaluation/gpu5_1790343705280197859/episodes/317/NATIVE/TRACE.jsonl,e5585bd71613c77f39f5958e3a1c966563ee2cab93d341cbc999a4e47537eef7,projects/qwen35_indoor_nav/research/continuation_memory_v1/strong_backbone_recovery_v1/recovery_confirmation_v2/runs/confirmation_001/dev/evaluation/gpu5_1790343705280197859/episodes/317/COMPLETE.json
confirmation_dev,317,8WUmhLawc2A,LOCAL_s44,1.0,0.9126173441611499,43,projects/qwen35_indoor_nav/research/continuation_memory_v1/strong_backbone_recovery_v1/recovery_confirmation_v2/runs/confirmation_001/dev/evaluation/gpu5_1790343705280197859/episodes/317/LOCAL_s44/TRACE.jsonl,cfcf0da89d18f4f17fa4fec552985c6da084c87f273213bfb17bda53071948d4,projects/qwen35_indoor_nav/research/continuation_memory_v1/strong_backbone_recovery_v1/recovery_confirmation_v2/runs/confirmation_001/dev/evaluation/gpu5_1790343705280197859/episodes/317/COMPLETE.json
confirmation_dev,317,8WUmhLawc2A,CONCAT_s42,1.0,0.9126173441611499,43,projects/qwen35_indoor_nav/research/continuation_memory_v1/strong_backbone_recovery_v1/recovery_confirmation_v2/runs/confirmation_001/dev/evaluation/gpu5_1790343705280197859/episodes/317/CONCAT_s42/TRACE.jsonl,4e283a3f1df13e28c9b03b402b43ad8d8fdadc47051c9b07db212fd5b3c41d09,projects/qwen35_indoor_nav/research/continuation_memory_v1/strong_backbone_recovery_v1/recovery_confirmation_v2/runs/confirmation_001/dev/evaluation/gpu5_1790343705280197859/episodes/317/COMPLETE.json
confirmation_dev,317,8WUmhLawc2A,LOCAL_s42,1.0,0.9126173441611499,43,projects/qwen35_indoor_nav/research/continuation_memory_v1/strong_backbone_recovery_v1/recovery_confirmation_v2/runs/confirmation_001/dev/evaluation/gpu5_1790343705280197859/episodes/317/LOCAL_s42/TRACE.jsonl,4960cec727f2eee72b2c226c20721266a7c8220ce80f41774ebf267f94605d0e,projects/qwen35_indoor_nav/research/continuation_memory_v1/strong_backbone_recovery_v1/recovery_confirmation_v2/runs/confirmation_001/dev/evaluation/gpu5_1790343705280197859/episodes/317/COMPLETE.json
confirmation_dev,317,8WUmhLawc2A,CONCAT_s43,1.0,0.9126173441611499,43,projects/qwen35_indoor_nav/research/continuation_memory_v1/strong_backbone_recovery_v1/recovery_confirmation_v2/runs/confirmation_001/dev/evaluation/gpu5_1790343705280197859/episodes/317/CONCAT_s43/TRACE.jsonl,8ea6a7e77629940c7ded374f3730f13911ece94abf0a29df0e1d4a96bf185c78,projects/qwen35_indoor_nav/research/continuation_memory_v1/strong_backbone_recovery_v1/recovery_confirmation_v2/runs/confirmation_001/dev/evaluation/gpu5_1790343705280197859/episodes/317/COMPLETE.json
confirmation_dev,317,8WUmhLawc2A,LOCAL_s43,1.0,0.9126173441611499,43,projects/qwen35_indoor_nav/research/continuation_memory_v1/strong_backbone_recovery_v1/recovery_confirmation_v2/runs/confirmation_001/dev/evaluation/gpu5_1790343705280197859/episodes/317/LOCAL_s43/TRACE.jsonl,ad487ffbbb678695ddd27d97f6593dbca507687f0043a78361150a6cb4aee3de,projects/qwen35_indoor_nav/research/continuation_memory_v1/strong_backbone_recovery_v1/recovery_confirmation_v2/runs/confirmation_001/dev/evaluation/gpu5_1790343705280197859/episodes/317/COMPLETE.json
confirmation_dev,317,8WUmhLawc2A,CONCAT_s44,1.0,0.9126173441611499,43,projects/qwen35_indoor_nav/research/continuation_memory_v1/strong_backbone_recovery_v1/recovery_confirmation_v2/runs/confirmation_001/dev/evaluation/gpu5_1790343705280197859/episodes/317/CONCAT_s44/TRACE.jsonl,0ce6056ed6235b8d6850902e3b04171ef614fed54f4ef44a13f7429f8250eb0a,projects/qwen35_indoor_nav/research/continuation_memory_v1/strong_backbone_recovery_v1/recovery_confirmation_v2/runs/confirmation_001/dev/evaluation/gpu5_1790343705280197859/episodes/317/COMPLETE.json
confirmation_dev,318,17DRP5sb8fy,NATIVE,1.0,0.6989035926097091,38,projects/qwen35_indoor_nav/research/continuation_memory_v1/strong_backbone_recovery_v1/recovery_confirmation_v2/runs/confirmation_001/dev/evaluation/gpu6_1790343705375237791/episodes/318/NATIVE/TRACE.jsonl,3352a7f11de059aed62f16d464d77e5752f19cbf958feba56fcf3a71b4e5726a,projects/qwen35_indoor_nav/research/continuation_memory_v1/strong_backbone_recovery_v1/recovery_confirmation_v2/runs/confirmation_001/dev/evaluation/gpu6_1790343705375237791/episodes/318/COMPLETE.json
confirmation_dev,318,17DRP5sb8fy,CONCAT_s42,1.0,0.6989035926097091,38,projects/qwen35_indoor_nav/research/continuation_memory_v1/strong_backbone_recovery_v1/recovery_confirmation_v2/runs/confirmation_001/dev/evaluation/gpu6_1790343705375237791/episodes/318/CONCAT_s42/TRACE.jsonl,03ef9e18718da660334bfe5a9262f6c3466a9f4994be7f273726ab30b20be638,projects/qwen35_indoor_nav/research/continuation_memory_v1/strong_backbone_recovery_v1/recovery_confirmation_v2/runs/confirmation_001/dev/evaluation/gpu6_1790343705375237791/episodes/318/COMPLETE.json
confirmation_dev,318,17DRP5sb8fy,LOCAL_s42,1.0,0.6989035926097091,38,projects/qwen35_indoor_nav/research/continuation_memory_v1/strong_backbone_recovery_v1/recovery_confirmation_v2/runs/confirmation_001/dev/evaluation/gpu6_1790343705375237791/episodes/318/LOCAL_s42/TRACE.jsonl,3803b43ca1bd60c0b03feda4468f9ab05b2d1c039535dc939770b968fc0e4106,projects/qwen35_indoor_nav/research/continuation_memory_v1/strong_backbone_recovery_v1/recovery_confirmation_v2/runs/confirmation_001/dev/evaluation/gpu6_1790343705375237791/episodes/318/COMPLETE.json
confirmation_dev,318,17DRP5sb8fy,CONCAT_s43,1.0,0.6989035926097091,38,projects/qwen35_indoor_nav/research/continuation_memory_v1/strong_backbone_recovery_v1/recovery_confirmation_v2/runs/confirmation_001/dev/evaluation/gpu6_1790343705375237791/episodes/318/CONCAT_s43/TRACE.jsonl,db5199caa274cec46f9d7eda9659acd680ecc8b874754de2a17c018ccc2d132a,projects/qwen35_indoor_nav/research/continuation_memory_v1/strong_backbone_recovery_v1/recovery_confirmation_v2/runs/confirmation_001/dev/evaluation/gpu6_1790343705375237791/episodes/318/COMPLETE.json
confirmation_dev,318,17DRP5sb8fy,LOCAL_s43,1.0,0.6989035926097091,38,projects/qwen35_indoor_nav/research/continuation_memory_v1/strong_backbone_recovery_v1/recovery_confirmation_v2/runs/confirmation_001/dev/evaluation/gpu6_1790343705375237791/episodes/318/LOCAL_s43/TRACE.jsonl,92ab1793a9d65d1a678c9cb96a5fb66bb72d16d71e7b956adcb7694d6bbd3718,projects/qwen35_indoor_nav/research/continuation_memory_v1/strong_backbone_recovery_v1/recovery_confirmation_v2/runs/confirmation_001/dev/evaluation/gpu6_1790343705375237791/episodes/318/COMPLETE.json
confirmation_dev,318,17DRP5sb8fy,CONCAT_s44,1.0,0.6989035926097091,38,projects/qwen35_indoor_nav/research/continuation_memory_v1/strong_backbone_recovery_v1/recovery_confirmation_v2/runs/confirmation_001/dev/evaluation/gpu6_1790343705375237791/episodes/318/CONCAT_s44/TRACE.jsonl,72068e433ebfdaf380bfc0e9bd414c0beddac0ac56b7d25c7dfe0f8b7c4db02d,projects/qwen35_indoor_nav/research/continuation_memory_v1/strong_backbone_recovery_v1/recovery_confirmation_v2/runs/confirmation_001/dev/evaluation/gpu6_1790343705375237791/episodes/318/COMPLETE.json
confirmation_dev,318,17DRP5sb8fy,LOCAL_s44,1.0,0.6989035926097091,38,projects/qwen35_indoor_nav/research/continuation_memory_v1/strong_backbone_recovery_v1/recovery_confirmation_v2/runs/confirmation_001/dev/evaluation/gpu6_1790343705375237791/episodes/318/LOCAL_s44/TRACE.jsonl,c0cc0c0df294b123e3f49c13813f4d0c4bbee23d8886db7a3c498618214d8ef9,projects/qwen35_indoor_nav/research/continuation_memory_v1/strong_backbone_recovery_v1/recovery_confirmation_v2/runs/confirmation_001/dev/evaluation/gpu6_1790343705375237791/episodes/318/COMPLETE.json
confirmation_dev,319,uNb9QFRL6hY,NATIVE,1.0,0.929029385343484,59,projects/qwen35_indoor_nav/research/continuation_memory_v1/strong_backbone_recovery_v1/recovery_confirmation_v2/runs/confirmation_001/dev/evaluation/gpu6_1790343705375237791/episodes/319/NATIVE/TRACE.jsonl,de9febb7997751ca961d7af012771e54172c7bf64a4989ad8af9b646466f7061,projects/qwen35_indoor_nav/research/continuation_memory_v1/strong_backbone_recovery_v1/recovery_confirmation_v2/runs/confirmation_001/dev/evaluation/gpu6_1790343705375237791/episodes/319/COMPLETE.json
confirmation_dev,319,uNb9QFRL6hY,LOCAL_s42,1.0,0.929029385343484,59,projects/qwen35_indoor_nav/research/continuation_memory_v1/strong_backbone_recovery_v1/recovery_confirmation_v2/runs/confirmation_001/dev/evaluation/gpu6_1790343705375237791/episodes/319/LOCAL_s42/TRACE.jsonl,fd4ceab8b5d8f5bf81085054cf0c838f57d6d4d3a25dee1c68eea5cd51367bf7,projects/qwen35_indoor_nav/research/continuation_memory_v1/strong_backbone_recovery_v1/recovery_confirmation_v2/runs/confirmation_001/dev/evaluation/gpu6_1790343705375237791/episodes/319/COMPLETE.json
confirmation_dev,319,uNb9QFRL6hY,CONCAT_s43,1.0,0.929029385343484,59,projects/qwen35_indoor_nav/research/continuation_memory_v1/strong_backbone_recovery_v1/recovery_confirmation_v2/runs/confirmation_001/dev/evaluation/gpu6_1790343705375237791/episodes/319/CONCAT_s43/TRACE.jsonl,63def8df621ad4cc246f12a413959078ec9c51da0479bd61144bccfbadb44b0c,projects/qwen35_indoor_nav/research/continuation_memory_v1/strong_backbone_recovery_v1/recovery_confirmation_v2/runs/confirmation_001/dev/evaluation/gpu6_1790343705375237791/episodes/319/COMPLETE.json
confirmation_dev,319,uNb9QFRL6hY,LOCAL_s43,1.0,0.929029385343484,59,projects/qwen35_indoor_nav/research/continuation_memory_v1/strong_backbone_recovery_v1/recovery_confirmation_v2/runs/confirmation_001/dev/evaluation/gpu6_1790343705375237791/episodes/319/LOCAL_s43/TRACE.jsonl,7aa59ef65293ed6095c38afe31416eb8a611d5461efc9201872b106d31fc5b07,projects/qwen35_indoor_nav/research/continuation_memory_v1/strong_backbone_recovery_v1/recovery_confirmation_v2/runs/confirmation_001/dev/evaluation/gpu6_1790343705375237791/episodes/319/COMPLETE.json
confirmation_dev,319,uNb9QFRL6hY,CONCAT_s44,1.0,0.929029385343484,59,projects/qwen35_indoor_nav/research/continuation_memory_v1/strong_backbone_recovery_v1/recovery_confirmation_v2/runs/confirmation_001/dev/evaluation/gpu6_1790343705375237791/episodes/319/CONCAT_s44/TRACE.jsonl,7a32ecf6a70e5f194314b201628f60eb36b2bc930b87a1b79bdf9a0584f42ddd,projects/qwen35_indoor_nav/research/continuation_memory_v1/strong_backbone_recovery_v1/recovery_confirmation_v2/runs/confirmation_001/dev/evaluation/gpu6_1790343705375237791/episodes/319/COMPLETE.json
confirmation_dev,319,uNb9QFRL6hY,LOCAL_s44,1.0,0.929029385343484,59,projects/qwen35_indoor_nav/research/continuation_memory_v1/strong_backbone_recovery_v1/recovery_confirmation_v2/runs/confirmation_001/dev/evaluation/gpu6_1790343705375237791/episodes/319/LOCAL_s44/TRACE.jsonl,0e1c79b263f0b3cb893481a1f0e8b9db030cfb684e87c159b1e9d4aab9f556c8,projects/qwen35_indoor_nav/research/continuation_memory_v1/strong_backbone_recovery_v1/recovery_confirmation_v2/runs/confirmation_001/dev/evaluation/gpu6_1790343705375237791/episodes/319/COMPLETE.json
confirmation_dev,319,uNb9QFRL6hY,CONCAT_s42,1.0,0.929029385343484,59,projects/qwen35_indoor_nav/research/continuation_memory_v1/strong_backbone_recovery_v1/recovery_confirmation_v2/runs/confirmation_001/dev/evaluation/gpu6_1790343705375237791/episodes/319/CONCAT_s42/TRACE.jsonl,a46b67a3b4f23646cf672ada468515ff1bca83060e7e23b81bf4945d1f48f082,projects/qwen35_indoor_nav/research/continuation_memory_v1/strong_backbone_recovery_v1/recovery_confirmation_v2/runs/confirmation_001/dev/evaluation/gpu6_1790343705375237791/episodes/319/COMPLETE.json
confirmation_dev,320,r1Q1Z4BcV1o,NATIVE,1.0,0.8846180972831221,71,projects/qwen35_indoor_nav/research/continuation_memory_v1/strong_backbone_recovery_v1/recovery_confirmation_v2/runs/confirmation_001/dev/evaluation/gpu6_1790343705375237791/episodes/320/NATIVE/TRACE.jsonl,0a1da9970c59f381b440d01ff1dbf61cb3b0c3dd7b7229d12817296fdafc605a,projects/qwen35_indoor_nav/research/continuation_memory_v1/strong_backbone_recovery_v1/recovery_confirmation_v2/runs/confirmation_001/dev/evaluation/gpu6_1790343705375237791/episodes/320/COMPLETE.json
confirmation_dev,320,r1Q1Z4BcV1o,CONCAT_s43,1.0,0.8846180972831221,71,projects/qwen35_indoor_nav/research/continuation_memory_v1/strong_backbone_recovery_v1/recovery_confirmation_v2/runs/confirmation_001/dev/evaluation/gpu6_1790343705375237791/episodes/320/CONCAT_s43/TRACE.jsonl,d0124bbebed07e447491a913474650e0f7707a7d96b19e50442c55864d91ca00,projects/qwen35_indoor_nav/research/continuation_memory_v1/strong_backbone_recovery_v1/recovery_confirmation_v2/runs/confirmation_001/dev/evaluation/gpu6_1790343705375237791/episodes/320/COMPLETE.json
confirmation_dev,320,r1Q1Z4BcV1o,LOCAL_s43,1.0,0.8846180972831221,71,projects/qwen35_indoor_nav/research/continuation_memory_v1/strong_backbone_recovery_v1/recovery_confirmation_v2/runs/confirmation_001/dev/evaluation/gpu6_1790343705375237791/episodes/320/LOCAL_s43/TRACE.jsonl,e15f2892db578b635cf599b4ede7b59d2d20ff8e82b0173bbc95003516f960e1,projects/qwen35_indoor_nav/research/continuation_memory_v1/strong_backbone_recovery_v1/recovery_confirmation_v2/runs/confirmation_001/dev/evaluation/gpu6_1790343705375237791/episodes/320/COMPLETE.json
confirmation_dev,320,r1Q1Z4BcV1o,CONCAT_s44,1.0,0.8846180972831221,71,projects/qwen35_indoor_nav/research/continuation_memory_v1/strong_backbone_recovery_v1/recovery_confirmation_v2/runs/confirmation_001/dev/evaluation/gpu6_1790343705375237791/episodes/320/CONCAT_s44/TRACE.jsonl,677b6105bfb7e9d2ce0835a38adbc6143d6ed9dcde7632247188877f4232c5d3,projects/qwen35_indoor_nav/research/continuation_memory_v1/strong_backbone_recovery_v1/recovery_confirmation_v2/runs/confirmation_001/dev/evaluation/gpu6_1790343705375237791/episodes/320/COMPLETE.json
confirmation_dev,320,r1Q1Z4BcV1o,LOCAL_s44,1.0,0.8846180972831221,71,projects/qwen35_indoor_nav/research/continuation_memory_v1/strong_backbone_recovery_v1/recovery_confirmation_v2/runs/confirmation_001/dev/evaluation/gpu6_1790343705375237791/episodes/320/LOCAL_s44/TRACE.jsonl,8d04d0a68f3681ebd4ee1a4ec7a32bcfbceae999a3500acd4f67481013c998c5,projects/qwen35_indoor_nav/research/continuation_memory_v1/strong_backbone_recovery_v1/recovery_confirmation_v2/runs/confirmation_001/dev/evaluation/gpu6_1790343705375237791/episodes/320/COMPLETE.json
confirmation_dev,320,r1Q1Z4BcV1o,CONCAT_s42,1.0,0.8846180972831221,71,projects/qwen35_indoor_nav/research/continuation_memory_v1/strong_backbone_recovery_v1/recovery_confirmation_v2/runs/confirmation_001/dev/evaluation/gpu6_1790343705375237791/episodes/320/CONCAT_s42/TRACE.jsonl,9747f21ae548135ef7161a84fd8f73d24e4c4b7066e34b1798c5fe5a6077febd,projects/qwen35_indoor_nav/research/continuation_memory_v1/strong_backbone_recovery_v1/recovery_confirmation_v2/runs/confirmation_001/dev/evaluation/gpu6_1790343705375237791/episodes/320/COMPLETE.json
confirmation_dev,320,r1Q1Z4BcV1o,LOCAL_s42,1.0,0.8846180972831221,71,projects/qwen35_indoor_nav/research/continuation_memory_v1/strong_backbone_recovery_v1/recovery_confirmation_v2/runs/confirmation_001/dev/evaluation/gpu6_1790343705375237791/episodes/320/LOCAL_s42/TRACE.jsonl,1465f5d522070784c6d1ed5e018f04ce369f33a481ae9cea40ca5c772ae6873b,projects/qwen35_indoor_nav/research/continuation_memory_v1/strong_backbone_recovery_v1/recovery_confirmation_v2/runs/confirmation_001/dev/evaluation/gpu6_1790343705375237791/episodes/320/COMPLETE.json
confirmation_dev,321,8WUmhLawc2A,NATIVE,1.0,1.0,57,projects/qwen35_indoor_nav/research/continuation_memory_v1/strong_backbone_recovery_v1/recovery_confirmation_v2/runs/confirmation_001/dev/evaluation/gpu6_1790343705375237791/episodes/321/NATIVE/TRACE.jsonl,b74044e2b078d4e9ffe483414badcb040c165ad8a13530614daa34753e744d17,projects/qwen35_indoor_nav/research/continuation_memory_v1/strong_backbone_recovery_v1/recovery_confirmation_v2/runs/confirmation_001/dev/evaluation/gpu6_1790343705375237791/episodes/321/COMPLETE.json
confirmation_dev,321,8WUmhLawc2A,LOCAL_s43,1.0,1.0,57,projects/qwen35_indoor_nav/research/continuation_memory_v1/strong_backbone_recovery_v1/recovery_confirmation_v2/runs/confirmation_001/dev/evaluation/gpu6_1790343705375237791/episodes/321/LOCAL_s43/TRACE.jsonl,4744059d56d1a06fb6025e9730920432a1b98f7891f6a55fdc46a3788e3f3d05,projects/qwen35_indoor_nav/research/continuation_memory_v1/strong_backbone_recovery_v1/recovery_confirmation_v2/runs/confirmation_001/dev/evaluation/gpu6_1790343705375237791/episodes/321/COMPLETE.json
confirmation_dev,321,8WUmhLawc2A,CONCAT_s44,1.0,1.0,57,projects/qwen35_indoor_nav/research/continuation_memory_v1/strong_backbone_recovery_v1/recovery_confirmation_v2/runs/confirmation_001/dev/evaluation/gpu6_1790343705375237791/episodes/321/CONCAT_s44/TRACE.jsonl,1b78151f55ed5b1822e9fe378391a7ffac12d755fbf12158eae1b3ebbca40606,projects/qwen35_indoor_nav/research/continuation_memory_v1/strong_backbone_recovery_v1/recovery_confirmation_v2/runs/confirmation_001/dev/evaluation/gpu6_1790343705375237791/episodes/321/COMPLETE.json
confirmation_dev,321,8WUmhLawc2A,LOCAL_s44,1.0,1.0,57,projects/qwen35_indoor_nav/research/continuation_memory_v1/strong_backbone_recovery_v1/recovery_confirmation_v2/runs/confirmation_001/dev/evaluation/gpu6_1790343705375237791/episodes/321/LOCAL_s44/TRACE.jsonl,6ec3484b414cde6ba7d9e8cdd53e26867325ba0c387ff6cd070819e0b7b7b3f6,projects/qwen35_indoor_nav/research/continuation_memory_v1/strong_backbone_recovery_v1/recovery_confirmation_v2/runs/confirmation_001/dev/evaluation/gpu6_1790343705375237791/episodes/321/COMPLETE.json
confirmation_dev,321,8WUmhLawc2A,CONCAT_s42,1.0,1.0,57,projects/qwen35_indoor_nav/research/continuation_memory_v1/strong_backbone_recovery_v1/recovery_confirmation_v2/runs/confirmation_001/dev/evaluation/gpu6_1790343705375237791/episodes/321/CONCAT_s42/TRACE.jsonl,d80d06758ac571c1e513dc0b8928010a31ba7282dbbf97da7f2f9c5d479a0203,projects/qwen35_indoor_nav/research/continuation_memory_v1/strong_backbone_recovery_v1/recovery_confirmation_v2/runs/confirmation_001/dev/evaluation/gpu6_1790343705375237791/episodes/321/COMPLETE.json
confirmation_dev,321,8WUmhLawc2A,LOCAL_s42,1.0,1.0,57,projects/qwen35_indoor_nav/research/continuation_memory_v1/strong_backbone_recovery_v1/recovery_confirmation_v2/runs/confirmation_001/dev/evaluation/gpu6_1790343705375237791/episodes/321/LOCAL_s42/TRACE.jsonl,466af51ad7fbb74aef2957e25a83bf434ade97b73e2fd8e51d2aeac80646dc28,projects/qwen35_indoor_nav/research/continuation_memory_v1/strong_backbone_recovery_v1/recovery_confirmation_v2/runs/confirmation_001/dev/evaluation/gpu6_1790343705375237791/episodes/321/COMPLETE.json
confirmation_dev,321,8WUmhLawc2A,CONCAT_s43,1.0,1.0,57,projects/qwen35_indoor_nav/research/continuation_memory_v1/strong_backbone_recovery_v1/recovery_confirmation_v2/runs/confirmation_001/dev/evaluation/gpu6_1790343705375237791/episodes/321/CONCAT_s43/TRACE.jsonl,9bb470f3a2dc2aee7ab800bb8b4d639862c946664b74f33773119b6d03a28836,projects/qwen35_indoor_nav/research/continuation_memory_v1/strong_backbone_recovery_v1/recovery_confirmation_v2/runs/confirmation_001/dev/evaluation/gpu6_1790343705375237791/episodes/321/COMPLETE.json
confirmation_dev,322,uNb9QFRL6hY,NATIVE,1.0,0.9782214054156043,56,projects/qwen35_indoor_nav/research/continuation_memory_v1/strong_backbone_recovery_v1/recovery_confirmation_v2/runs/confirmation_001/dev/evaluation/gpu6_1790343705375237791/episodes/322/NATIVE/TRACE.jsonl,423a3867e69b78c35b708eb94269ebd8c6f52d961b8f1d7405025035e03805c2,projects/qwen35_indoor_nav/research/continuation_memory_v1/strong_backbone_recovery_v1/recovery_confirmation_v2/runs/confirmation_001/dev/evaluation/gpu6_1790343705375237791/episodes/322/COMPLETE.json
confirmation_dev,322,uNb9QFRL6hY,CONCAT_s44,1.0,0.9782214054156043,56,projects/qwen35_indoor_nav/research/continuation_memory_v1/strong_backbone_recovery_v1/recovery_confirmation_v2/runs/confirmation_001/dev/evaluation/gpu6_1790343705375237791/episodes/322/CONCAT_s44/TRACE.jsonl,c49c749e1a9cf38a951329825348da75005dfae09ffc1bc74e49ea4da1243461,projects/qwen35_indoor_nav/research/continuation_memory_v1/strong_backbone_recovery_v1/recovery_confirmation_v2/runs/confirmation_001/dev/evaluation/gpu6_1790343705375237791/episodes/322/COMPLETE.json
confirmation_dev,322,uNb9QFRL6hY,LOCAL_s44,1.0,0.9782214054156043,56,projects/qwen35_indoor_nav/research/continuation_memory_v1/strong_backbone_recovery_v1/recovery_confirmation_v2/runs/confirmation_001/dev/evaluation/gpu6_1790343705375237791/episodes/322/LOCAL_s44/TRACE.jsonl,635e3177aad35db6198e223baebbc38ff9dbef77ba0acccfc41f7f792e06e190,projects/qwen35_indoor_nav/research/continuation_memory_v1/strong_backbone_recovery_v1/recovery_confirmation_v2/runs/confirmation_001/dev/evaluation/gpu6_1790343705375237791/episodes/322/COMPLETE.json
confirmation_dev,322,uNb9QFRL6hY,CONCAT_s42,1.0,0.9782214054156043,56,projects/qwen35_indoor_nav/research/continuation_memory_v1/strong_backbone_recovery_v1/recovery_confirmation_v2/runs/confirmation_001/dev/evaluation/gpu6_1790343705375237791/episodes/322/CONCAT_s42/TRACE.jsonl,6ea46d289353e6e5e061b958b9628b0ec2a51234e9f5e69e31a94d61e1159ec0,projects/qwen35_indoor_nav/research/continuation_memory_v1/strong_backbone_recovery_v1/recovery_confirmation_v2/runs/confirmation_001/dev/evaluation/gpu6_1790343705375237791/episodes/322/COMPLETE.json
confirmation_dev,322,uNb9QFRL6hY,LOCAL_s42,1.0,0.9782214054156043,56,projects/qwen35_indoor_nav/research/continuation_memory_v1/strong_backbone_recovery_v1/recovery_confirmation_v2/runs/confirmation_001/dev/evaluation/gpu6_1790343705375237791/episodes/322/LOCAL_s42/TRACE.jsonl,02a50312fcffe49c3ca7ea8bc51f9dc763d2a3da5bc5d45b894646d7dfaab8c6,projects/qwen35_indoor_nav/research/continuation_memory_v1/strong_backbone_recovery_v1/recovery_confirmation_v2/runs/confirmation_001/dev/evaluation/gpu6_1790343705375237791/episodes/322/COMPLETE.json
confirmation_dev,322,uNb9QFRL6hY,CONCAT_s43,1.0,0.9782214054156043,56,projects/qwen35_indoor_nav/research/continuation_memory_v1/strong_backbone_recovery_v1/recovery_confirmation_v2/runs/confirmation_001/dev/evaluation/gpu6_1790343705375237791/episodes/322/CONCAT_s43/TRACE.jsonl,dee0937a5092c727cad7561a5da5ed6c702ec9c4ff03958d07c2a6b76eeef5b2,projects/qwen35_indoor_nav/research/continuation_memory_v1/strong_backbone_recovery_v1/recovery_confirmation_v2/runs/confirmation_001/dev/evaluation/gpu6_1790343705375237791/episodes/322/COMPLETE.json
confirmation_dev,322,uNb9QFRL6hY,LOCAL_s43,1.0,0.9782214054156043,56,projects/qwen35_indoor_nav/research/continuation_memory_v1/strong_backbone_recovery_v1/recovery_confirmation_v2/runs/confirmation_001/dev/evaluation/gpu6_1790343705375237791/episodes/322/LOCAL_s43/TRACE.jsonl,2b3fc55da21fd69c47cadae97a7d26cee6df705471d873514dc3c2f71b198524,projects/qwen35_indoor_nav/research/continuation_memory_v1/strong_backbone_recovery_v1/recovery_confirmation_v2/runs/confirmation_001/dev/evaluation/gpu6_1790343705375237791/episodes/322/COMPLETE.json
confirmation_dev,323,8WUmhLawc2A,NATIVE,1.0,1.0,70,projects/qwen35_indoor_nav/research/continuation_memory_v1/strong_backbone_recovery_v1/recovery_confirmation_v2/runs/confirmation_001/dev/evaluation/gpu6_1790343705375237791/episodes/323/NATIVE/TRACE.jsonl,a912772a1f3d73b0aa221ccbf7cd4015a9b31b006f7a837b439522d30e58780c,projects/qwen35_indoor_nav/research/continuation_memory_v1/strong_backbone_recovery_v1/recovery_confirmation_v2/runs/confirmation_001/dev/evaluation/gpu6_1790343705375237791/episodes/323/COMPLETE.json
confirmation_dev,323,8WUmhLawc2A,LOCAL_s44,1.0,1.0,70,projects/qwen35_indoor_nav/research/continuation_memory_v1/strong_backbone_recovery_v1/recovery_confirmation_v2/runs/confirmation_001/dev/evaluation/gpu6_1790343705375237791/episodes/323/LOCAL_s44/TRACE.jsonl,960ce927d52d650c082f27235331e5541b60d789c3eb6f1cfcae76a11ddf4235,projects/qwen35_indoor_nav/research/continuation_memory_v1/strong_backbone_recovery_v1/recovery_confirmation_v2/runs/confirmation_001/dev/evaluation/gpu6_1790343705375237791/episodes/323/COMPLETE.json
confirmation_dev,323,8WUmhLawc2A,CONCAT_s42,1.0,1.0,70,projects/qwen35_indoor_nav/research/continuation_memory_v1/strong_backbone_recovery_v1/recovery_confirmation_v2/runs/confirmation_001/dev/evaluation/gpu6_1790343705375237791/episodes/323/CONCAT_s42/TRACE.jsonl,d025cfe0a72e3eaf80f672bca4b6f1f00c196b0b2a786e7bca312923e45a3e3f,projects/qwen35_indoor_nav/research/continuation_memory_v1/strong_backbone_recovery_v1/recovery_confirmation_v2/runs/confirmation_001/dev/evaluation/gpu6_1790343705375237791/episodes/323/COMPLETE.json
confirmation_dev,323,8WUmhLawc2A,LOCAL_s42,1.0,1.0,70,projects/qwen35_indoor_nav/research/continuation_memory_v1/strong_backbone_recovery_v1/recovery_confirmation_v2/runs/confirmation_001/dev/evaluation/gpu6_1790343705375237791/episodes/323/LOCAL_s42/TRACE.jsonl,e55bc549d9850e91e30567c25db7cce671b83a4eed9668a0d37c69f935eae4f9,projects/qwen35_indoor_nav/research/continuation_memory_v1/strong_backbone_recovery_v1/recovery_confirmation_v2/runs/confirmation_001/dev/evaluation/gpu6_1790343705375237791/episodes/323/COMPLETE.json
confirmation_dev,323,8WUmhLawc2A,CONCAT_s43,1.0,1.0,70,projects/qwen35_indoor_nav/research/continuation_memory_v1/strong_backbone_recovery_v1/recovery_confirmation_v2/runs/confirmation_001/dev/evaluation/gpu6_1790343705375237791/episodes/323/CONCAT_s43/TRACE.jsonl,0447baa2218be7ff97b93d81d6ffe6fd0aca1c5bb1030f6e0275305b68ec9971,projects/qwen35_indoor_nav/research/continuation_memory_v1/strong_backbone_recovery_v1/recovery_confirmation_v2/runs/confirmation_001/dev/evaluation/gpu6_1790343705375237791/episodes/323/COMPLETE.json
confirmation_dev,323,8WUmhLawc2A,LOCAL_s43,1.0,1.0,70,projects/qwen35_indoor_nav/research/continuation_memory_v1/strong_backbone_recovery_v1/recovery_confirmation_v2/runs/confirmation_001/dev/evaluation/gpu6_1790343705375237791/episodes/323/LOCAL_s43/TRACE.jsonl,66fc20036f73cb03e6111f95e6720e595a5e8b2c27cb8b2c1e8300757a9f0a38,projects/qwen35_indoor_nav/research/continuation_memory_v1/strong_backbone_recovery_v1/recovery_confirmation_v2/runs/confirmation_001/dev/evaluation/gpu6_1790343705375237791/episodes/323/COMPLETE.json
confirmation_dev,323,8WUmhLawc2A,CONCAT_s44,1.0,1.0,70,projects/qwen35_indoor_nav/research/continuation_memory_v1/strong_backbone_recovery_v1/recovery_confirmation_v2/runs/confirmation_001/dev/evaluation/gpu6_1790343705375237791/episodes/323/CONCAT_s44/TRACE.jsonl,12d882f5615d82442ac5d6182813bb3d212530739ecce705d0e31d34438bd492,projects/qwen35_indoor_nav/research/continuation_memory_v1/strong_backbone_recovery_v1/recovery_confirmation_v2/runs/confirmation_001/dev/evaluation/gpu6_1790343705375237791/episodes/323/COMPLETE.json
confirmation_dev,324,uNb9QFRL6hY,NATIVE,1.0,0.46491809821367397,86,projects/qwen35_indoor_nav/research/continuation_memory_v1/strong_backbone_recovery_v1/recovery_confirmation_v2/runs/confirmation_001/dev/evaluation/gpu6_1790343705375237791/episodes/324/NATIVE/TRACE.jsonl,9208068d44f69d4a9e75219f66ea2845d85e55674d79f0c91b32771691be977c,projects/qwen35_indoor_nav/research/continuation_memory_v1/strong_backbone_recovery_v1/recovery_confirmation_v2/runs/confirmation_001/dev/evaluation/gpu6_1790343705375237791/episodes/324/COMPLETE.json
confirmation_dev,324,uNb9QFRL6hY,CONCAT_s42,1.0,0.551472029521504,74,projects/qwen35_indoor_nav/research/continuation_memory_v1/strong_backbone_recovery_v1/recovery_confirmation_v2/runs/confirmation_001/dev/evaluation/gpu6_1790343705375237791/episodes/324/CONCAT_s42/TRACE.jsonl,81083a35e930ac5e9009ccad9111cea23d996b9ff2121a09b4e8ad60012f7fc9,projects/qwen35_indoor_nav/research/continuation_memory_v1/strong_backbone_recovery_v1/recovery_confirmation_v2/runs/confirmation_001/dev/evaluation/gpu6_1790343705375237791/episodes/324/COMPLETE.json
confirmation_dev,324,uNb9QFRL6hY,LOCAL_s42,1.0,0.551472029521504,74,projects/qwen35_indoor_nav/research/continuation_memory_v1/strong_backbone_recovery_v1/recovery_confirmation_v2/runs/confirmation_001/dev/evaluation/gpu6_1790343705375237791/episodes/324/LOCAL_s42/TRACE.jsonl,3d22d7c68922801915031a982d84994d45836b41d1a4b720e68ab7095688b84a,projects/qwen35_indoor_nav/research/continuation_memory_v1/strong_backbone_recovery_v1/recovery_confirmation_v2/runs/confirmation_001/dev/evaluation/gpu6_1790343705375237791/episodes/324/COMPLETE.json
confirmation_dev,324,uNb9QFRL6hY,CONCAT_s43,1.0,0.46491809821367397,86,projects/qwen35_indoor_nav/research/continuation_memory_v1/strong_backbone_recovery_v1/recovery_confirmation_v2/runs/confirmation_001/dev/evaluation/gpu6_1790343705375237791/episodes/324/CONCAT_s43/TRACE.jsonl,d71e0b1fb6650609de5e53ab6ba34f8d9bc0c33498394fe913a1255cc745680d,projects/qwen35_indoor_nav/research/continuation_memory_v1/strong_backbone_recovery_v1/recovery_confirmation_v2/runs/confirmation_001/dev/evaluation/gpu6_1790343705375237791/episodes/324/COMPLETE.json
confirmation_dev,324,uNb9QFRL6hY,LOCAL_s43,1.0,0.5126951870506569,81,projects/qwen35_indoor_nav/research/continuation_memory_v1/strong_backbone_recovery_v1/recovery_confirmation_v2/runs/confirmation_001/dev/evaluation/gpu6_1790343705375237791/episodes/324/LOCAL_s43/TRACE.jsonl,9b432c6958f3ace5b144c25eca876dd337a3d8b5e75b11f9f71ff3dbe5a849a2,projects/qwen35_indoor_nav/research/continuation_memory_v1/strong_backbone_recovery_v1/recovery_confirmation_v2/runs/confirmation_001/dev/evaluation/gpu6_1790343705375237791/episodes/324/COMPLETE.json
confirmation_dev,324,uNb9QFRL6hY,CONCAT_s44,1.0,0.46491809821367397,86,projects/qwen35_indoor_nav/research/continuation_memory_v1/strong_backbone_recovery_v1/recovery_confirmation_v2/runs/confirmation_001/dev/evaluation/gpu6_1790343705375237791/episodes/324/CONCAT_s44/TRACE.jsonl,5a6cd7637fa5ddde471a27b153168266563a9ee662f04ea936d429d8486bd6d6,projects/qwen35_indoor_nav/research/continuation_memory_v1/strong_backbone_recovery_v1/recovery_confirmation_v2/runs/confirmation_001/dev/evaluation/gpu6_1790343705375237791/episodes/324/COMPLETE.json
confirmation_dev,324,uNb9QFRL6hY,LOCAL_s44,1.0,0.5826678481498418,73,projects/qwen35_indoor_nav/research/continuation_memory_v1/strong_backbone_recovery_v1/recovery_confirmation_v2/runs/confirmation_001/dev/evaluation/gpu6_1790343705375237791/episodes/324/LOCAL_s44/TRACE.jsonl,8bd05884691e8034b1fb607705883cd482ff1c461902e9c86da9f03d93b5717c,projects/qwen35_indoor_nav/research/continuation_memory_v1/strong_backbone_recovery_v1/recovery_confirmation_v2/runs/confirmation_001/dev/evaluation/gpu6_1790343705375237791/episodes/324/COMPLETE.json
confirmation_dev,325,8WUmhLawc2A,NATIVE,1.0,1.0,38,projects/qwen35_indoor_nav/research/continuation_memory_v1/strong_backbone_recovery_v1/recovery_confirmation_v2/runs/confirmation_001/dev/evaluation/gpu6_1790343705375237791/episodes/325/NATIVE/TRACE.jsonl,4c1a05d453dea56df7dfbf05b7bcd9b323e39086bd829c58e0a02b3b69d65a7e,projects/qwen35_indoor_nav/research/continuation_memory_v1/strong_backbone_recovery_v1/recovery_confirmation_v2/runs/confirmation_001/dev/evaluation/gpu6_1790343705375237791/episodes/325/COMPLETE.json
confirmation_dev,325,8WUmhLawc2A,LOCAL_s42,1.0,1.0,38,projects/qwen35_indoor_nav/research/continuation_memory_v1/strong_backbone_recovery_v1/recovery_confirmation_v2/runs/confirmation_001/dev/evaluation/gpu6_1790343705375237791/episodes/325/LOCAL_s42/TRACE.jsonl,9c4087cc21abb5fdfb51b6f4f4ddc907cac637c89edfc940c30dc44a139b1f51,projects/qwen35_indoor_nav/research/continuation_memory_v1/strong_backbone_recovery_v1/recovery_confirmation_v2/runs/confirmation_001/dev/evaluation/gpu6_1790343705375237791/episodes/325/COMPLETE.json
confirmation_dev,325,8WUmhLawc2A,CONCAT_s43,1.0,1.0,38,projects/qwen35_indoor_nav/research/continuation_memory_v1/strong_backbone_recovery_v1/recovery_confirmation_v2/runs/confirmation_001/dev/evaluation/gpu6_1790343705375237791/episodes/325/CONCAT_s43/TRACE.jsonl,2db0116b149e394d11fc466c6bc5112149a031222603d9e02e546bf38a7628e2,projects/qwen35_indoor_nav/research/continuation_memory_v1/strong_backbone_recovery_v1/recovery_confirmation_v2/runs/confirmation_001/dev/evaluation/gpu6_1790343705375237791/episodes/325/COMPLETE.json
confirmation_dev,325,8WUmhLawc2A,LOCAL_s43,0.0,0.0,34,projects/qwen35_indoor_nav/research/continuation_memory_v1/strong_backbone_recovery_v1/recovery_confirmation_v2/runs/confirmation_001/dev/evaluation/gpu6_1790343705375237791/episodes/325/LOCAL_s43/TRACE.jsonl,1d4f5f55e9d008344cf428678bff9e226220730cfa135759d5c58f2f18a2191a,projects/qwen35_indoor_nav/research/continuation_memory_v1/strong_backbone_recovery_v1/recovery_confirmation_v2/runs/confirmation_001/dev/evaluation/gpu6_1790343705375237791/episodes/325/COMPLETE.json
confirmation_dev,325,8WUmhLawc2A,CONCAT_s44,1.0,1.0,38,projects/qwen35_indoor_nav/research/continuation_memory_v1/strong_backbone_recovery_v1/recovery_confirmation_v2/runs/confirmation_001/dev/evaluation/gpu6_1790343705375237791/episodes/325/CONCAT_s44/TRACE.jsonl,5e894c093110d8c8929dd5a9a135697553bddfb87f4aef5ef9183511fea1a828,projects/qwen35_indoor_nav/research/continuation_memory_v1/strong_backbone_recovery_v1/recovery_confirmation_v2/runs/confirmation_001/dev/evaluation/gpu6_1790343705375237791/episodes/325/COMPLETE.json
confirmation_dev,325,8WUmhLawc2A,LOCAL_s44,0.0,0.0,35,projects/qwen35_indoor_nav/research/continuation_memory_v1/strong_backbone_recovery_v1/recovery_confirmation_v2/runs/confirmation_001/dev/evaluation/gpu6_1790343705375237791/episodes/325/LOCAL_s44/TRACE.jsonl,009ba2621ee4839aec64b5094a623c54960c9276388282ce7ca8ae519f79f58c,projects/qwen35_indoor_nav/research/continuation_memory_v1/strong_backbone_recovery_v1/recovery_confirmation_v2/runs/confirmation_001/dev/evaluation/gpu6_1790343705375237791/episodes/325/COMPLETE.json
confirmation_dev,325,8WUmhLawc2A,CONCAT_s42,1.0,1.0,38,projects/qwen35_indoor_nav/research/continuation_memory_v1/strong_backbone_recovery_v1/recovery_confirmation_v2/runs/confirmation_001/dev/evaluation/gpu6_1790343705375237791/episodes/325/CONCAT_s42/TRACE.jsonl,b19bc586a4554835a3e813478077352bddcb1b35311d75f723b681d4c80e0b3f,projects/qwen35_indoor_nav/research/continuation_memory_v1/strong_backbone_recovery_v1/recovery_confirmation_v2/runs/confirmation_001/dev/evaluation/gpu6_1790343705375237791/episodes/325/COMPLETE.json
confirmation_dev,326,8WUmhLawc2A,NATIVE,1.0,0.9167995508625947,54,projects/qwen35_indoor_nav/research/continuation_memory_v1/strong_backbone_recovery_v1/recovery_confirmation_v2/runs/confirmation_001/dev/evaluation/gpu7_1790343705471126453/episodes/326/NATIVE/TRACE.jsonl,dac935ddc448af7089335d3ef0b86b38d589215cb731a833cb114c24e78f9daa,projects/qwen35_indoor_nav/research/continuation_memory_v1/strong_backbone_recovery_v1/recovery_confirmation_v2/runs/confirmation_001/dev/evaluation/gpu7_1790343705471126453/episodes/326/COMPLETE.json
confirmation_dev,326,8WUmhLawc2A,CONCAT_s43,1.0,0.9167995508625947,54,projects/qwen35_indoor_nav/research/continuation_memory_v1/strong_backbone_recovery_v1/recovery_confirmation_v2/runs/confirmation_001/dev/evaluation/gpu7_1790343705471126453/episodes/326/CONCAT_s43/TRACE.jsonl,eb5e73ab7d06af7a3693f06e0d091daa1fdb36f16b989b383e0ab2ae58aadfe9,projects/qwen35_indoor_nav/research/continuation_memory_v1/strong_backbone_recovery_v1/recovery_confirmation_v2/runs/confirmation_001/dev/evaluation/gpu7_1790343705471126453/episodes/326/COMPLETE.json
confirmation_dev,326,8WUmhLawc2A,LOCAL_s43,1.0,0.9167995508625947,54,projects/qwen35_indoor_nav/research/continuation_memory_v1/strong_backbone_recovery_v1/recovery_confirmation_v2/runs/confirmation_001/dev/evaluation/gpu7_1790343705471126453/episodes/326/LOCAL_s43/TRACE.jsonl,c6636dadfc4a3ef9f75a91a366a44be34f51935e73819c93489bbaa07b960482,projects/qwen35_indoor_nav/research/continuation_memory_v1/strong_backbone_recovery_v1/recovery_confirmation_v2/runs/confirmation_001/dev/evaluation/gpu7_1790343705471126453/episodes/326/COMPLETE.json
confirmation_dev,326,8WUmhLawc2A,CONCAT_s44,1.0,0.9167995508625947,54,projects/qwen35_indoor_nav/research/continuation_memory_v1/strong_backbone_recovery_v1/recovery_confirmation_v2/runs/confirmation_001/dev/evaluation/gpu7_1790343705471126453/episodes/326/CONCAT_s44/TRACE.jsonl,754c8888e467cbda9f944f471d7df803cd02da63ef22d6271bb9528d8168d804,projects/qwen35_indoor_nav/research/continuation_memory_v1/strong_backbone_recovery_v1/recovery_confirmation_v2/runs/confirmation_001/dev/evaluation/gpu7_1790343705471126453/episodes/326/COMPLETE.json
confirmation_dev,326,8WUmhLawc2A,LOCAL_s44,1.0,0.9167995508625947,54,projects/qwen35_indoor_nav/research/continuation_memory_v1/strong_backbone_recovery_v1/recovery_confirmation_v2/runs/confirmation_001/dev/evaluation/gpu7_1790343705471126453/episodes/326/LOCAL_s44/TRACE.jsonl,3fdfbb52f11502ef8d639a78197a449892ad106271309f9ccaabed3dc9696458,projects/qwen35_indoor_nav/research/continuation_memory_v1/strong_backbone_recovery_v1/recovery_confirmation_v2/runs/confirmation_001/dev/evaluation/gpu7_1790343705471126453/episodes/326/COMPLETE.json
confirmation_dev,326,8WUmhLawc2A,CONCAT_s42,1.0,0.9167995508625947,54,projects/qwen35_indoor_nav/research/continuation_memory_v1/strong_backbone_recovery_v1/recovery_confirmation_v2/runs/confirmation_001/dev/evaluation/gpu7_1790343705471126453/episodes/326/CONCAT_s42/TRACE.jsonl,35a63ae9b435b299b8e33e500dfe79763da549874b826828df82057889986cef,projects/qwen35_indoor_nav/research/continuation_memory_v1/strong_backbone_recovery_v1/recovery_confirmation_v2/runs/confirmation_001/dev/evaluation/gpu7_1790343705471126453/episodes/326/COMPLETE.json
confirmation_dev,326,8WUmhLawc2A,LOCAL_s42,1.0,0.9167995508625947,54,projects/qwen35_indoor_nav/research/continuation_memory_v1/strong_backbone_recovery_v1/recovery_confirmation_v2/runs/confirmation_001/dev/evaluation/gpu7_1790343705471126453/episodes/326/LOCAL_s42/TRACE.jsonl,4e450631565b7e827983f2b422968622a8dadecaf0791c05f1b7ea0f46115fb1,projects/qwen35_indoor_nav/research/continuation_memory_v1/strong_backbone_recovery_v1/recovery_confirmation_v2/runs/confirmation_001/dev/evaluation/gpu7_1790343705471126453/episodes/326/COMPLETE.json
confirmation_dev,327,17DRP5sb8fy,NATIVE,1.0,0.820190638698276,43,projects/qwen35_indoor_nav/research/continuation_memory_v1/strong_backbone_recovery_v1/recovery_confirmation_v2/runs/confirmation_001/dev/evaluation/gpu7_1790343705471126453/episodes/327/NATIVE/TRACE.jsonl,ba667b0182941a03bd4cae14db864997702c6516358b2a575571cdabf8c30dbf,projects/qwen35_indoor_nav/research/continuation_memory_v1/strong_backbone_recovery_v1/recovery_confirmation_v2/runs/confirmation_001/dev/evaluation/gpu7_1790343705471126453/episodes/327/COMPLETE.json
confirmation_dev,327,17DRP5sb8fy,LOCAL_s43,1.0,0.820190638698276,43,projects/qwen35_indoor_nav/research/continuation_memory_v1/strong_backbone_recovery_v1/recovery_confirmation_v2/runs/confirmation_001/dev/evaluation/gpu7_1790343705471126453/episodes/327/LOCAL_s43/TRACE.jsonl,00f6e3bb0acacf44f91c5b15978398e48f2c50070432f29ffbf1c2bea1fc56ec,projects/qwen35_indoor_nav/research/continuation_memory_v1/strong_backbone_recovery_v1/recovery_confirmation_v2/runs/confirmation_001/dev/evaluation/gpu7_1790343705471126453/episodes/327/COMPLETE.json
confirmation_dev,327,17DRP5sb8fy,CONCAT_s44,1.0,0.820190638698276,43,projects/qwen35_indoor_nav/research/continuation_memory_v1/strong_backbone_recovery_v1/recovery_confirmation_v2/runs/confirmation_001/dev/evaluation/gpu7_1790343705471126453/episodes/327/CONCAT_s44/TRACE.jsonl,accdf53d4d72c98b4f66b76d47f1680cca41569d7ce1f364914e41f0c9053e81,projects/qwen35_indoor_nav/research/continuation_memory_v1/strong_backbone_recovery_v1/recovery_confirmation_v2/runs/confirmation_001/dev/evaluation/gpu7_1790343705471126453/episodes/327/COMPLETE.json
confirmation_dev,327,17DRP5sb8fy,LOCAL_s44,1.0,0.820190638698276,43,projects/qwen35_indoor_nav/research/continuation_memory_v1/strong_backbone_recovery_v1/recovery_confirmation_v2/runs/confirmation_001/dev/evaluation/gpu7_1790343705471126453/episodes/327/LOCAL_s44/TRACE.jsonl,26a3332b8f55190fb184d954dffa7d778357278463ea667b89c37ecdd9ae12d0,projects/qwen35_indoor_nav/research/continuation_memory_v1/strong_backbone_recovery_v1/recovery_confirmation_v2/runs/confirmation_001/dev/evaluation/gpu7_1790343705471126453/episodes/327/COMPLETE.json
confirmation_dev,327,17DRP5sb8fy,CONCAT_s42,1.0,0.8201905821083509,44,projects/qwen35_indoor_nav/research/continuation_memory_v1/strong_backbone_recovery_v1/recovery_confirmation_v2/runs/confirmation_001/dev/evaluation/gpu7_1790343705471126453/episodes/327/CONCAT_s42/TRACE.jsonl,2132b53699a7c18aad46fbb6a390a3371d238cea8d04bc942b3ee594591b5704,projects/qwen35_indoor_nav/research/continuation_memory_v1/strong_backbone_recovery_v1/recovery_confirmation_v2/runs/confirmation_001/dev/evaluation/gpu7_1790343705471126453/episodes/327/COMPLETE.json
confirmation_dev,327,17DRP5sb8fy,LOCAL_s42,1.0,0.820190638698276,43,projects/qwen35_indoor_nav/research/continuation_memory_v1/strong_backbone_recovery_v1/recovery_confirmation_v2/runs/confirmation_001/dev/evaluation/gpu7_1790343705471126453/episodes/327/LOCAL_s42/TRACE.jsonl,bda01adb37f186c9e09a4eeca246c588dcf61c8f28c1396def8edf17d8ed6205,projects/qwen35_indoor_nav/research/continuation_memory_v1/strong_backbone_recovery_v1/recovery_confirmation_v2/runs/confirmation_001/dev/evaluation/gpu7_1790343705471126453/episodes/327/COMPLETE.json
confirmation_dev,327,17DRP5sb8fy,CONCAT_s43,1.0,0.8555607420711087,43,projects/qwen35_indoor_nav/research/continuation_memory_v1/strong_backbone_recovery_v1/recovery_confirmation_v2/runs/confirmation_001/dev/evaluation/gpu7_1790343705471126453/episodes/327/CONCAT_s43/TRACE.jsonl,6adbd33f1685ac468b043b47a82437641b82bd1823ff306c8de659ee235cf3ab,projects/qwen35_indoor_nav/research/continuation_memory_v1/strong_backbone_recovery_v1/recovery_confirmation_v2/runs/confirmation_001/dev/evaluation/gpu7_1790343705471126453/episodes/327/COMPLETE.json
confirmation_dev,328,r1Q1Z4BcV1o,NATIVE,1.0,0.980671462066461,51,projects/qwen35_indoor_nav/research/continuation_memory_v1/strong_backbone_recovery_v1/recovery_confirmation_v2/runs/confirmation_001/dev/evaluation/gpu7_1790343705471126453/episodes/328/NATIVE/TRACE.jsonl,941efe7e29b3ce2666a95215118710c0db6eeb270797cf5059d03781aa91578b,projects/qwen35_indoor_nav/research/continuation_memory_v1/strong_backbone_recovery_v1/recovery_confirmation_v2/runs/confirmation_001/dev/evaluation/gpu7_1790343705471126453/episodes/328/COMPLETE.json
confirmation_dev,328,r1Q1Z4BcV1o,CONCAT_s44,1.0,0.980671462066461,51,projects/qwen35_indoor_nav/research/continuation_memory_v1/strong_backbone_recovery_v1/recovery_confirmation_v2/runs/confirmation_001/dev/evaluation/gpu7_1790343705471126453/episodes/328/CONCAT_s44/TRACE.jsonl,546ae07340f4c6d79a03d2b4ec8ae6f72c69beb9f762234ab982e42466a19ad1,projects/qwen35_indoor_nav/research/continuation_memory_v1/strong_backbone_recovery_v1/recovery_confirmation_v2/runs/confirmation_001/dev/evaluation/gpu7_1790343705471126453/episodes/328/COMPLETE.json
confirmation_dev,328,r1Q1Z4BcV1o,LOCAL_s44,1.0,0.980671462066461,51,projects/qwen35_indoor_nav/research/continuation_memory_v1/strong_backbone_recovery_v1/recovery_confirmation_v2/runs/confirmation_001/dev/evaluation/gpu7_1790343705471126453/episodes/328/LOCAL_s44/TRACE.jsonl,3c665bf20f9b4576a7eabf5ba5b5b979fcceb4fefc4b61e8361d4115846a2117,projects/qwen35_indoor_nav/research/continuation_memory_v1/strong_backbone_recovery_v1/recovery_confirmation_v2/runs/confirmation_001/dev/evaluation/gpu7_1790343705471126453/episodes/328/COMPLETE.json
confirmation_dev,328,r1Q1Z4BcV1o,CONCAT_s42,1.0,0.980671462066461,51,projects/qwen35_indoor_nav/research/continuation_memory_v1/strong_backbone_recovery_v1/recovery_confirmation_v2/runs/confirmation_001/dev/evaluation/gpu7_1790343705471126453/episodes/328/CONCAT_s42/TRACE.jsonl,ba98e4e0b606895ea390552c75737bbafd52cbe90ceaf182ab1d46c88818d75f,projects/qwen35_indoor_nav/research/continuation_memory_v1/strong_backbone_recovery_v1/recovery_confirmation_v2/runs/confirmation_001/dev/evaluation/gpu7_1790343705471126453/episodes/328/COMPLETE.json
confirmation_dev,328,r1Q1Z4BcV1o,LOCAL_s42,1.0,0.980671462066461,51,projects/qwen35_indoor_nav/research/continuation_memory_v1/strong_backbone_recovery_v1/recovery_confirmation_v2/runs/confirmation_001/dev/evaluation/gpu7_1790343705471126453/episodes/328/LOCAL_s42/TRACE.jsonl,715a39d43ec493f3c4fcb04138a0e0ecea87669c828ab821510bfa10638a1201,projects/qwen35_indoor_nav/research/continuation_memory_v1/strong_backbone_recovery_v1/recovery_confirmation_v2/runs/confirmation_001/dev/evaluation/gpu7_1790343705471126453/episodes/328/COMPLETE.json
confirmation_dev,328,r1Q1Z4BcV1o,CONCAT_s43,1.0,0.980671462066461,51,projects/qwen35_indoor_nav/research/continuation_memory_v1/strong_backbone_recovery_v1/recovery_confirmation_v2/runs/confirmation_001/dev/evaluation/gpu7_1790343705471126453/episodes/328/CONCAT_s43/TRACE.jsonl,9c57b6d9f6b655b2a5237ae197c7e9837e0d2ae874c28c5c8b7159a09f02deb4,projects/qwen35_indoor_nav/research/continuation_memory_v1/strong_backbone_recovery_v1/recovery_confirmation_v2/runs/confirmation_001/dev/evaluation/gpu7_1790343705471126453/episodes/328/COMPLETE.json
confirmation_dev,328,r1Q1Z4BcV1o,LOCAL_s43,1.0,0.980671462066461,51,projects/qwen35_indoor_nav/research/continuation_memory_v1/strong_backbone_recovery_v1/recovery_confirmation_v2/runs/confirmation_001/dev/evaluation/gpu7_1790343705471126453/episodes/328/LOCAL_s43/TRACE.jsonl,fd9d7f37873fcbdb8f45372659c529b71f2f10cd3bf8ac8e0077f3ec9fb9f91c,projects/qwen35_indoor_nav/research/continuation_memory_v1/strong_backbone_recovery_v1/recovery_confirmation_v2/runs/confirmation_001/dev/evaluation/gpu7_1790343705471126453/episodes/328/COMPLETE.json
confirmation_dev,329,r1Q1Z4BcV1o,NATIVE,1.0,0.9879184759173659,62,projects/qwen35_indoor_nav/research/continuation_memory_v1/strong_backbone_recovery_v1/recovery_confirmation_v2/runs/confirmation_001/dev/evaluation/gpu7_1790343705471126453/episodes/329/NATIVE/TRACE.jsonl,1ae5de69ca28275a1e0f7f9b06519296b08ac6b9faea17a2a6529a4a46d96ec4,projects/qwen35_indoor_nav/research/continuation_memory_v1/strong_backbone_recovery_v1/recovery_confirmation_v2/runs/confirmation_001/dev/evaluation/gpu7_1790343705471126453/episodes/329/COMPLETE.json
confirmation_dev,329,r1Q1Z4BcV1o,LOCAL_s44,1.0,0.9879184759173659,62,projects/qwen35_indoor_nav/research/continuation_memory_v1/strong_backbone_recovery_v1/recovery_confirmation_v2/runs/confirmation_001/dev/evaluation/gpu7_1790343705471126453/episodes/329/LOCAL_s44/TRACE.jsonl,d9ac7a4eb634519c7b06cfbb3dc9deeed400a0ca1dd6bc82658be2544d310093,projects/qwen35_indoor_nav/research/continuation_memory_v1/strong_backbone_recovery_v1/recovery_confirmation_v2/runs/confirmation_001/dev/evaluation/gpu7_1790343705471126453/episodes/329/COMPLETE.json
confirmation_dev,329,r1Q1Z4BcV1o,CONCAT_s42,1.0,0.9879184759173659,62,projects/qwen35_indoor_nav/research/continuation_memory_v1/strong_backbone_recovery_v1/recovery_confirmation_v2/runs/confirmation_001/dev/evaluation/gpu7_1790343705471126453/episodes/329/CONCAT_s42/TRACE.jsonl,67b8fceba244fa388c08f9210dc14e8c6cd7540df65e08b7648f8e1df163e163,projects/qwen35_indoor_nav/research/continuation_memory_v1/strong_backbone_recovery_v1/recovery_confirmation_v2/runs/confirmation_001/dev/evaluation/gpu7_1790343705471126453/episodes/329/COMPLETE.json
confirmation_dev,329,r1Q1Z4BcV1o,LOCAL_s42,1.0,0.9879184759173659,62,projects/qwen35_indoor_nav/research/continuation_memory_v1/strong_backbone_recovery_v1/recovery_confirmation_v2/runs/confirmation_001/dev/evaluation/gpu7_1790343705471126453/episodes/329/LOCAL_s42/TRACE.jsonl,f068545cafcdaa357f282f1b33e0fd2012b24d4d2c04cd063b0246e844d2b606,projects/qwen35_indoor_nav/research/continuation_memory_v1/strong_backbone_recovery_v1/recovery_confirmation_v2/runs/confirmation_001/dev/evaluation/gpu7_1790343705471126453/episodes/329/COMPLETE.json
confirmation_dev,329,r1Q1Z4BcV1o,CONCAT_s43,1.0,0.9879184759173659,62,projects/qwen35_indoor_nav/research/continuation_memory_v1/strong_backbone_recovery_v1/recovery_confirmation_v2/runs/confirmation_001/dev/evaluation/gpu7_1790343705471126453/episodes/329/CONCAT_s43/TRACE.jsonl,5bf9986918c868fb9c4c38fe3c06527d4e3867d849819b1894b4bf22cd9174fd,projects/qwen35_indoor_nav/research/continuation_memory_v1/strong_backbone_recovery_v1/recovery_confirmation_v2/runs/confirmation_001/dev/evaluation/gpu7_1790343705471126453/episodes/329/COMPLETE.json
confirmation_dev,329,r1Q1Z4BcV1o,LOCAL_s43,1.0,0.9879184759173659,62,projects/qwen35_indoor_nav/research/continuation_memory_v1/strong_backbone_recovery_v1/recovery_confirmation_v2/runs/confirmation_001/dev/evaluation/gpu7_1790343705471126453/episodes/329/LOCAL_s43/TRACE.jsonl,96aac02d25d53524053670bd765c4533c71d99f957e38d739fab67e0fc5265fb,projects/qwen35_indoor_nav/research/continuation_memory_v1/strong_backbone_recovery_v1/recovery_confirmation_v2/runs/confirmation_001/dev/evaluation/gpu7_1790343705471126453/episodes/329/COMPLETE.json
confirmation_dev,329,r1Q1Z4BcV1o,CONCAT_s44,1.0,0.9879184759173659,62,projects/qwen35_indoor_nav/research/continuation_memory_v1/strong_backbone_recovery_v1/recovery_confirmation_v2/runs/confirmation_001/dev/evaluation/gpu7_1790343705471126453/episodes/329/CONCAT_s44/TRACE.jsonl,ff27763cc287ca547b73bb3116f671af35e90d955105037bcdba612f659ba687,projects/qwen35_indoor_nav/research/continuation_memory_v1/strong_backbone_recovery_v1/recovery_confirmation_v2/runs/confirmation_001/dev/evaluation/gpu7_1790343705471126453/episodes/329/COMPLETE.json
confirmation_dev,330,17DRP5sb8fy,NATIVE,1.0,0.9850142698669908,44,projects/qwen35_indoor_nav/research/continuation_memory_v1/strong_backbone_recovery_v1/recovery_confirmation_v2/runs/confirmation_001/dev/evaluation/gpu7_1790343705471126453/episodes/330/NATIVE/TRACE.jsonl,1d617ce7843caa155a23955142a81ea9987999a6747b8dae5ddbb142bceacace,projects/qwen35_indoor_nav/research/continuation_memory_v1/strong_backbone_recovery_v1/recovery_confirmation_v2/runs/confirmation_001/dev/evaluation/gpu7_1790343705471126453/episodes/330/COMPLETE.json
confirmation_dev,330,17DRP5sb8fy,CONCAT_s42,1.0,0.9850142698669908,44,projects/qwen35_indoor_nav/research/continuation_memory_v1/strong_backbone_recovery_v1/recovery_confirmation_v2/runs/confirmation_001/dev/evaluation/gpu7_1790343705471126453/episodes/330/CONCAT_s42/TRACE.jsonl,9cad6402cc30c31cb9f32c4b73bca7b276f92a4b7691bb9fed31e0a1d0af1a14,projects/qwen35_indoor_nav/research/continuation_memory_v1/strong_backbone_recovery_v1/recovery_confirmation_v2/runs/confirmation_001/dev/evaluation/gpu7_1790343705471126453/episodes/330/COMPLETE.json
confirmation_dev,330,17DRP5sb8fy,LOCAL_s42,1.0,0.9850142698669908,44,projects/qwen35_indoor_nav/research/continuation_memory_v1/strong_backbone_recovery_v1/recovery_confirmation_v2/runs/confirmation_001/dev/evaluation/gpu7_1790343705471126453/episodes/330/LOCAL_s42/TRACE.jsonl,70eb4073bc15ed46b31486695027f04674aeb1f8f3285dfe59bd56f954479718,projects/qwen35_indoor_nav/research/continuation_memory_v1/strong_backbone_recovery_v1/recovery_confirmation_v2/runs/confirmation_001/dev/evaluation/gpu7_1790343705471126453/episodes/330/COMPLETE.json
confirmation_dev,330,17DRP5sb8fy,CONCAT_s43,1.0,0.9850142698669908,44,projects/qwen35_indoor_nav/research/continuation_memory_v1/strong_backbone_recovery_v1/recovery_confirmation_v2/runs/confirmation_001/dev/evaluation/gpu7_1790343705471126453/episodes/330/CONCAT_s43/TRACE.jsonl,078f01f37b9349e80ff4edcfe92b2a529791220f10e2b211d2ece34428b9f2d3,projects/qwen35_indoor_nav/research/continuation_memory_v1/strong_backbone_recovery_v1/recovery_confirmation_v2/runs/confirmation_001/dev/evaluation/gpu7_1790343705471126453/episodes/330/COMPLETE.json
confirmation_dev,330,17DRP5sb8fy,LOCAL_s43,1.0,0.9850142698669908,44,projects/qwen35_indoor_nav/research/continuation_memory_v1/strong_backbone_recovery_v1/recovery_confirmation_v2/runs/confirmation_001/dev/evaluation/gpu7_1790343705471126453/episodes/330/LOCAL_s43/TRACE.jsonl,17058c1c070ee29a9ca96b79adffcc4bef3f1d52b9979f0ce1f187e4b4ce4ed6,projects/qwen35_indoor_nav/research/continuation_memory_v1/strong_backbone_recovery_v1/recovery_confirmation_v2/runs/confirmation_001/dev/evaluation/gpu7_1790343705471126453/episodes/330/COMPLETE.json
confirmation_dev,330,17DRP5sb8fy,CONCAT_s44,1.0,0.9850142698669908,44,projects/qwen35_indoor_nav/research/continuation_memory_v1/strong_backbone_recovery_v1/recovery_confirmation_v2/runs/confirmation_001/dev/evaluation/gpu7_1790343705471126453/episodes/330/CONCAT_s44/TRACE.jsonl,221e0168ac6cdc79db8039045cb7c08ebbdda21d060c74ab32ac5cf6123b4cf6,projects/qwen35_indoor_nav/research/continuation_memory_v1/strong_backbone_recovery_v1/recovery_confirmation_v2/runs/confirmation_001/dev/evaluation/gpu7_1790343705471126453/episodes/330/COMPLETE.json
confirmation_dev,330,17DRP5sb8fy,LOCAL_s44,1.0,0.9850142698669908,44,projects/qwen35_indoor_nav/research/continuation_memory_v1/strong_backbone_recovery_v1/recovery_confirmation_v2/runs/confirmation_001/dev/evaluation/gpu7_1790343705471126453/episodes/330/LOCAL_s44/TRACE.jsonl,4e5c95d83db09a98dcb0155b8329afd0368ed58881b15fbba7c9d4b400b2cf9b,projects/qwen35_indoor_nav/research/continuation_memory_v1/strong_backbone_recovery_v1/recovery_confirmation_v2/runs/confirmation_001/dev/evaluation/gpu7_1790343705471126453/episodes/330/COMPLETE.json
confirmation_dev,331,8WUmhLawc2A,NATIVE,1.0,0.9395973275583973,42,projects/qwen35_indoor_nav/research/continuation_memory_v1/strong_backbone_recovery_v1/recovery_confirmation_v2/runs/confirmation_001/dev/evaluation/gpu7_1790343705471126453/episodes/331/NATIVE/TRACE.jsonl,b43f8a39eabcf6801a3f1b98124150c2a0eb93d72a6d4841c8de49d8f553750f,projects/qwen35_indoor_nav/research/continuation_memory_v1/strong_backbone_recovery_v1/recovery_confirmation_v2/runs/confirmation_001/dev/evaluation/gpu7_1790343705471126453/episodes/331/COMPLETE.json
confirmation_dev,331,8WUmhLawc2A,LOCAL_s42,1.0,0.9395973275583973,42,projects/qwen35_indoor_nav/research/continuation_memory_v1/strong_backbone_recovery_v1/recovery_confirmation_v2/runs/confirmation_001/dev/evaluation/gpu7_1790343705471126453/episodes/331/LOCAL_s42/TRACE.jsonl,ce66d8254e875f3a5dab985e6b4a73c4646c35a08bf61d13ebf5a85cae18edd1,projects/qwen35_indoor_nav/research/continuation_memory_v1/strong_backbone_recovery_v1/recovery_confirmation_v2/runs/confirmation_001/dev/evaluation/gpu7_1790343705471126453/episodes/331/COMPLETE.json
confirmation_dev,331,8WUmhLawc2A,CONCAT_s43,1.0,0.9395973275583973,42,projects/qwen35_indoor_nav/research/continuation_memory_v1/strong_backbone_recovery_v1/recovery_confirmation_v2/runs/confirmation_001/dev/evaluation/gpu7_1790343705471126453/episodes/331/CONCAT_s43/TRACE.jsonl,296418dec062e4a984e7560c7ae982d701d2f459b448f6f88ea3ed8b961c77be,projects/qwen35_indoor_nav/research/continuation_memory_v1/strong_backbone_recovery_v1/recovery_confirmation_v2/runs/confirmation_001/dev/evaluation/gpu7_1790343705471126453/episodes/331/COMPLETE.json
confirmation_dev,331,8WUmhLawc2A,LOCAL_s43,1.0,0.9395973275583973,42,projects/qwen35_indoor_nav/research/continuation_memory_v1/strong_backbone_recovery_v1/recovery_confirmation_v2/runs/confirmation_001/dev/evaluation/gpu7_1790343705471126453/episodes/331/LOCAL_s43/TRACE.jsonl,eea239b5c733db93d55490002e2bc9696392cc0ed460a53480c96fa49419f54f,projects/qwen35_indoor_nav/research/continuation_memory_v1/strong_backbone_recovery_v1/recovery_confirmation_v2/runs/confirmation_001/dev/evaluation/gpu7_1790343705471126453/episodes/331/COMPLETE.json
confirmation_dev,331,8WUmhLawc2A,CONCAT_s44,1.0,0.9395973275583973,42,projects/qwen35_indoor_nav/research/continuation_memory_v1/strong_backbone_recovery_v1/recovery_confirmation_v2/runs/confirmation_001/dev/evaluation/gpu7_1790343705471126453/episodes/331/CONCAT_s44/TRACE.jsonl,f9e00309585f353b550ad44fa11b6a7d57d346e718b22c6ecbaa08c06ad08f6b,projects/qwen35_indoor_nav/research/continuation_memory_v1/strong_backbone_recovery_v1/recovery_confirmation_v2/runs/confirmation_001/dev/evaluation/gpu7_1790343705471126453/episodes/331/COMPLETE.json
confirmation_dev,331,8WUmhLawc2A,LOCAL_s44,1.0,0.9395973275583973,42,projects/qwen35_indoor_nav/research/continuation_memory_v1/strong_backbone_recovery_v1/recovery_confirmation_v2/runs/confirmation_001/dev/evaluation/gpu7_1790343705471126453/episodes/331/LOCAL_s44/TRACE.jsonl,639b6868bfac61ead143486031f9ff11b092fa0d94abe104296d6816d225a61a,projects/qwen35_indoor_nav/research/continuation_memory_v1/strong_backbone_recovery_v1/recovery_confirmation_v2/runs/confirmation_001/dev/evaluation/gpu7_1790343705471126453/episodes/331/COMPLETE.json
confirmation_dev,331,8WUmhLawc2A,CONCAT_s42,1.0,0.9395973275583973,42,projects/qwen35_indoor_nav/research/continuation_memory_v1/strong_backbone_recovery_v1/recovery_confirmation_v2/runs/confirmation_001/dev/evaluation/gpu7_1790343705471126453/episodes/331/CONCAT_s42/TRACE.jsonl,b098ca78b73e77869eddf16e41776a913e61726ceec661c33d747eb182e33c39,projects/qwen35_indoor_nav/research/continuation_memory_v1/strong_backbone_recovery_v1/recovery_confirmation_v2/runs/confirmation_001/dev/evaluation/gpu7_1790343705471126453/episodes/331/COMPLETE.json
confirmation_dev,332,r1Q1Z4BcV1o,NATIVE,1.0,0.9586675524732516,80,projects/qwen35_indoor_nav/research/continuation_memory_v1/strong_backbone_recovery_v1/recovery_confirmation_v2/runs/confirmation_001/dev/evaluation/gpu7_1790343705471126453/episodes/332/NATIVE/TRACE.jsonl,52ea9948bbd08001650466e89ee7cdb073a63dca0195d35a97194036560bb235,projects/qwen35_indoor_nav/research/continuation_memory_v1/strong_backbone_recovery_v1/recovery_confirmation_v2/runs/confirmation_001/dev/evaluation/gpu7_1790343705471126453/episodes/332/COMPLETE.json
confirmation_dev,332,r1Q1Z4BcV1o,CONCAT_s43,1.0,0.9586675524732516,80,projects/qwen35_indoor_nav/research/continuation_memory_v1/strong_backbone_recovery_v1/recovery_confirmation_v2/runs/confirmation_001/dev/evaluation/gpu7_1790343705471126453/episodes/332/CONCAT_s43/TRACE.jsonl,44141c6d294be627f29316ba53c6d619f6df56ac6a81aa7d688ea7f27ef556ad,projects/qwen35_indoor_nav/research/continuation_memory_v1/strong_backbone_recovery_v1/recovery_confirmation_v2/runs/confirmation_001/dev/evaluation/gpu7_1790343705471126453/episodes/332/COMPLETE.json
confirmation_dev,332,r1Q1Z4BcV1o,LOCAL_s43,1.0,0.9948326397761068,77,projects/qwen35_indoor_nav/research/continuation_memory_v1/strong_backbone_recovery_v1/recovery_confirmation_v2/runs/confirmation_001/dev/evaluation/gpu7_1790343705471126453/episodes/332/LOCAL_s43/TRACE.jsonl,7f5a4e517135c5fea45a2eb9dd8491a3026a6897521f0c2c74ed18b113eb9d87,projects/qwen35_indoor_nav/research/continuation_memory_v1/strong_backbone_recovery_v1/recovery_confirmation_v2/runs/confirmation_001/dev/evaluation/gpu7_1790343705471126453/episodes/332/COMPLETE.json
confirmation_dev,332,r1Q1Z4BcV1o,CONCAT_s44,1.0,0.9586675524732516,80,projects/qwen35_indoor_nav/research/continuation_memory_v1/strong_backbone_recovery_v1/recovery_confirmation_v2/runs/confirmation_001/dev/evaluation/gpu7_1790343705471126453/episodes/332/CONCAT_s44/TRACE.jsonl,31c92dc0105b48701ce5cddb74b527cfffcc1310ed842cb62815154329e3ffe5,projects/qwen35_indoor_nav/research/continuation_memory_v1/strong_backbone_recovery_v1/recovery_confirmation_v2/runs/confirmation_001/dev/evaluation/gpu7_1790343705471126453/episodes/332/COMPLETE.json
confirmation_dev,332,r1Q1Z4BcV1o,LOCAL_s44,1.0,0.9948326397761068,77,projects/qwen35_indoor_nav/research/continuation_memory_v1/strong_backbone_recovery_v1/recovery_confirmation_v2/runs/confirmation_001/dev/evaluation/gpu7_1790343705471126453/episodes/332/LOCAL_s44/TRACE.jsonl,988f0399aaaec8715e21329250265525063e39ff162c92b4a8872a9a974a31a1,projects/qwen35_indoor_nav/research/continuation_memory_v1/strong_backbone_recovery_v1/recovery_confirmation_v2/runs/confirmation_001/dev/evaluation/gpu7_1790343705471126453/episodes/332/COMPLETE.json
confirmation_dev,332,r1Q1Z4BcV1o,CONCAT_s42,1.0,0.9586675524732516,80,projects/qwen35_indoor_nav/research/continuation_memory_v1/strong_backbone_recovery_v1/recovery_confirmation_v2/runs/confirmation_001/dev/evaluation/gpu7_1790343705471126453/episodes/332/CONCAT_s42/TRACE.jsonl,680b3abb3bf9cc78416ab6c222abf98b2b0817df305d3233d12c7f29acf4bfbd,projects/qwen35_indoor_nav/research/continuation_memory_v1/strong_backbone_recovery_v1/recovery_confirmation_v2/runs/confirmation_001/dev/evaluation/gpu7_1790343705471126453/episodes/332/COMPLETE.json
confirmation_dev,332,r1Q1Z4BcV1o,LOCAL_s42,1.0,0.9587092217249767,80,projects/qwen35_indoor_nav/research/continuation_memory_v1/strong_backbone_recovery_v1/recovery_confirmation_v2/runs/confirmation_001/dev/evaluation/gpu7_1790343705471126453/episodes/332/LOCAL_s42/TRACE.jsonl,eba200146340379cf6462642ec6d151186b4cf610f02600b0bbcb1a7daaf2b21,projects/qwen35_indoor_nav/research/continuation_memory_v1/strong_backbone_recovery_v1/recovery_confirmation_v2/runs/confirmation_001/dev/evaluation/gpu7_1790343705471126453/episodes/332/COMPLETE.json
confirmation_dev,333,8WUmhLawc2A,NATIVE,1.0,1.0,51,projects/qwen35_indoor_nav/research/continuation_memory_v1/strong_backbone_recovery_v1/recovery_confirmation_v2/runs/confirmation_001/dev/evaluation/gpu7_1790343705471126453/episodes/333/NATIVE/TRACE.jsonl,7f1623efc8cab9f58b0f6319755ad06f2de1d15993686a5ee7ba545c4c175581,projects/qwen35_indoor_nav/research/continuation_memory_v1/strong_backbone_recovery_v1/recovery_confirmation_v2/runs/confirmation_001/dev/evaluation/gpu7_1790343705471126453/episodes/333/COMPLETE.json
confirmation_dev,333,8WUmhLawc2A,LOCAL_s43,1.0,1.0,51,projects/qwen35_indoor_nav/research/continuation_memory_v1/strong_backbone_recovery_v1/recovery_confirmation_v2/runs/confirmation_001/dev/evaluation/gpu7_1790343705471126453/episodes/333/LOCAL_s43/TRACE.jsonl,d37a2589878ee468b423349eebfdd67e5ff0a62204cf29d818f1a496a2e61cb6,projects/qwen35_indoor_nav/research/continuation_memory_v1/strong_backbone_recovery_v1/recovery_confirmation_v2/runs/confirmation_001/dev/evaluation/gpu7_1790343705471126453/episodes/333/COMPLETE.json
confirmation_dev,333,8WUmhLawc2A,CONCAT_s44,1.0,1.0,51,projects/qwen35_indoor_nav/research/continuation_memory_v1/strong_backbone_recovery_v1/recovery_confirmation_v2/runs/confirmation_001/dev/evaluation/gpu7_1790343705471126453/episodes/333/CONCAT_s44/TRACE.jsonl,7a1492cb94823d313378ec4d21ff3960c6dbcc0e8511f8bd5458b242f7feab23,projects/qwen35_indoor_nav/research/continuation_memory_v1/strong_backbone_recovery_v1/recovery_confirmation_v2/runs/confirmation_001/dev/evaluation/gpu7_1790343705471126453/episodes/333/COMPLETE.json
confirmation_dev,333,8WUmhLawc2A,LOCAL_s44,1.0,1.0,51,projects/qwen35_indoor_nav/research/continuation_memory_v1/strong_backbone_recovery_v1/recovery_confirmation_v2/runs/confirmation_001/dev/evaluation/gpu7_1790343705471126453/episodes/333/LOCAL_s44/TRACE.jsonl,04af5f0700d5a874ee33eedccd2c4d501881ae53c8309f28fc106da4de96dd48,projects/qwen35_indoor_nav/research/continuation_memory_v1/strong_backbone_recovery_v1/recovery_confirmation_v2/runs/confirmation_001/dev/evaluation/gpu7_1790343705471126453/episodes/333/COMPLETE.json
confirmation_dev,333,8WUmhLawc2A,CONCAT_s42,1.0,1.0,51,projects/qwen35_indoor_nav/research/continuation_memory_v1/strong_backbone_recovery_v1/recovery_confirmation_v2/runs/confirmation_001/dev/evaluation/gpu7_1790343705471126453/episodes/333/CONCAT_s42/TRACE.jsonl,1cea6aab8ab363ffeb01c4daf0284eb6326aa53be2ab5cce868fc50c02a9d4f6,projects/qwen35_indoor_nav/research/continuation_memory_v1/strong_backbone_recovery_v1/recovery_confirmation_v2/runs/confirmation_001/dev/evaluation/gpu7_1790343705471126453/episodes/333/COMPLETE.json
confirmation_dev,333,8WUmhLawc2A,LOCAL_s42,1.0,1.0,51,projects/qwen35_indoor_nav/research/continuation_memory_v1/strong_backbone_recovery_v1/recovery_confirmation_v2/runs/confirmation_001/dev/evaluation/gpu7_1790343705471126453/episodes/333/LOCAL_s42/TRACE.jsonl,e3bf5e51b5acc7a8610866773e5214f80acfcb4fa1e916b0b0a1c503560f9e69,projects/qwen35_indoor_nav/research/continuation_memory_v1/strong_backbone_recovery_v1/recovery_confirmation_v2/runs/confirmation_001/dev/evaluation/gpu7_1790343705471126453/episodes/333/COMPLETE.json
confirmation_dev,333,8WUmhLawc2A,CONCAT_s43,1.0,1.0,51,projects/qwen35_indoor_nav/research/continuation_memory_v1/strong_backbone_recovery_v1/recovery_confirmation_v2/runs/confirmation_001/dev/evaluation/gpu7_1790343705471126453/episodes/333/CONCAT_s43/TRACE.jsonl,a2dca12f0284e22ea57abb034a955ab2481aea4c70738bda591a29b4c3c08dfa,projects/qwen35_indoor_nav/research/continuation_memory_v1/strong_backbone_recovery_v1/recovery_confirmation_v2/runs/confirmation_001/dev/evaluation/gpu7_1790343705471126453/episodes/333/COMPLETE.json
confirmation_unseen_partial,10,2azQ1b91cZZ,NATIVE,1.0,0.8623698365812458,34,projects/qwen35_indoor_nav/research/continuation_memory_v1/strong_backbone_recovery_v1/recovery_confirmation_v2/runs/confirmation_001/unseen/evaluation/gpu1_1790348658273888174/episodes/10/NATIVE/TRACE.jsonl,63301960250fa157d78d667538dc6f506d4ea190b66cf86b03cbc3dcf975d38b,projects/qwen35_indoor_nav/research/continuation_memory_v1/strong_backbone_recovery_v1/recovery_confirmation_v2/runs/confirmation_001/unseen/evaluation/gpu1_1790348658273888174/episodes/10/COMPLETE.json
confirmation_unseen_partial,10,2azQ1b91cZZ,CONCAT_s44,1.0,0.8623698365812458,34,projects/qwen35_indoor_nav/research/continuation_memory_v1/strong_backbone_recovery_v1/recovery_confirmation_v2/runs/confirmation_001/unseen/evaluation/gpu1_1790348658273888174/episodes/10/CONCAT_s44/TRACE.jsonl,944eef5d2085670afb5eba942ef63b5b456d61479088f4c552a608849716d0b0,projects/qwen35_indoor_nav/research/continuation_memory_v1/strong_backbone_recovery_v1/recovery_confirmation_v2/runs/confirmation_001/unseen/evaluation/gpu1_1790348658273888174/episodes/10/COMPLETE.json
confirmation_unseen_partial,10,2azQ1b91cZZ,LOCAL_s44,1.0,0.8623698365812458,34,projects/qwen35_indoor_nav/research/continuation_memory_v1/strong_backbone_recovery_v1/recovery_confirmation_v2/runs/confirmation_001/unseen/evaluation/gpu1_1790348658273888174/episodes/10/LOCAL_s44/TRACE.jsonl,a8f3c921b97cdbef1a6bd9d35512d56aa13f14950e2941c1eb32105a58e58f59,projects/qwen35_indoor_nav/research/continuation_memory_v1/strong_backbone_recovery_v1/recovery_confirmation_v2/runs/confirmation_001/unseen/evaluation/gpu1_1790348658273888174/episodes/10/COMPLETE.json
confirmation_unseen_partial,10,2azQ1b91cZZ,CONCAT_s42,1.0,0.8623698365812458,34,projects/qwen35_indoor_nav/research/continuation_memory_v1/strong_backbone_recovery_v1/recovery_confirmation_v2/runs/confirmation_001/unseen/evaluation/gpu1_1790348658273888174/episodes/10/CONCAT_s42/TRACE.jsonl,d532e4ebb4271628901f9d8a695bd532588a73bd34751d65a57977124445efe2,projects/qwen35_indoor_nav/research/continuation_memory_v1/strong_backbone_recovery_v1/recovery_confirmation_v2/runs/confirmation_001/unseen/evaluation/gpu1_1790348658273888174/episodes/10/COMPLETE.json
confirmation_unseen_partial,10,2azQ1b91cZZ,LOCAL_s42,1.0,0.8623698365812458,34,projects/qwen35_indoor_nav/research/continuation_memory_v1/strong_backbone_recovery_v1/recovery_confirmation_v2/runs/confirmation_001/unseen/evaluation/gpu1_1790348658273888174/episodes/10/LOCAL_s42/TRACE.jsonl,12dd1e980debdd496c378adb1aa01f31f4d4c4bf9e1fc484550fc0a29a97bca1,projects/qwen35_indoor_nav/research/continuation_memory_v1/strong_backbone_recovery_v1/recovery_confirmation_v2/runs/confirmation_001/unseen/evaluation/gpu1_1790348658273888174/episodes/10/COMPLETE.json
confirmation_unseen_partial,10,2azQ1b91cZZ,CONCAT_s43,1.0,0.8623698365812458,34,projects/qwen35_indoor_nav/research/continuation_memory_v1/strong_backbone_recovery_v1/recovery_confirmation_v2/runs/confirmation_001/unseen/evaluation/gpu1_1790348658273888174/episodes/10/CONCAT_s43/TRACE.jsonl,7496b01ab65ed7ea89972086e393f2366ce413846fa57c26d1660b95dcba90ca,projects/qwen35_indoor_nav/research/continuation_memory_v1/strong_backbone_recovery_v1/recovery_confirmation_v2/runs/confirmation_001/unseen/evaluation/gpu1_1790348658273888174/episodes/10/COMPLETE.json
confirmation_unseen_partial,10,2azQ1b91cZZ,LOCAL_s43,1.0,0.8623698365812458,34,projects/qwen35_indoor_nav/research/continuation_memory_v1/strong_backbone_recovery_v1/recovery_confirmation_v2/runs/confirmation_001/unseen/evaluation/gpu1_1790348658273888174/episodes/10/LOCAL_s43/TRACE.jsonl,56d5dbca09f3f847b3e346a9c51f2e1408f55759a7462bf284aba62296c04d65,projects/qwen35_indoor_nav/research/continuation_memory_v1/strong_backbone_recovery_v1/recovery_confirmation_v2/runs/confirmation_001/unseen/evaluation/gpu1_1790348658273888174/episodes/10/COMPLETE.json
confirmation_unseen_partial,11,8194nk5LbLH,NATIVE,0.0,0.0,64,projects/qwen35_indoor_nav/research/continuation_memory_v1/strong_backbone_recovery_v1/recovery_confirmation_v2/runs/confirmation_001/unseen/evaluation/gpu1_1790348658273888174/episodes/11/NATIVE/TRACE.jsonl,30162df80da7439222e0fed0555116f25ab7b172756a17002b98edc20f485f33,projects/qwen35_indoor_nav/research/continuation_memory_v1/strong_backbone_recovery_v1/recovery_confirmation_v2/runs/confirmation_001/unseen/evaluation/gpu1_1790348658273888174/episodes/11/COMPLETE.json
confirmation_unseen_partial,11,8194nk5LbLH,LOCAL_s44,0.0,0.0,62,projects/qwen35_indoor_nav/research/continuation_memory_v1/strong_backbone_recovery_v1/recovery_confirmation_v2/runs/confirmation_001/unseen/evaluation/gpu1_1790348658273888174/episodes/11/LOCAL_s44/TRACE.jsonl,2f90ad6b6a03790c064840e4140b5255adc200c9143b4d4ccfc6fdad752e1a06,projects/qwen35_indoor_nav/research/continuation_memory_v1/strong_backbone_recovery_v1/recovery_confirmation_v2/runs/confirmation_001/unseen/evaluation/gpu1_1790348658273888174/episodes/11/COMPLETE.json
confirmation_unseen_partial,11,8194nk5LbLH,CONCAT_s42,0.0,0.0,63,projects/qwen35_indoor_nav/research/continuation_memory_v1/strong_backbone_recovery_v1/recovery_confirmation_v2/runs/confirmation_001/unseen/evaluation/gpu1_1790348658273888174/episodes/11/CONCAT_s42/TRACE.jsonl,3ebe1fe8258386e8c81042603adcbb723386066517f8455a853f7a7ec962e756,projects/qwen35_indoor_nav/research/continuation_memory_v1/strong_backbone_recovery_v1/recovery_confirmation_v2/runs/confirmation_001/unseen/evaluation/gpu1_1790348658273888174/episodes/11/COMPLETE.json
confirmation_unseen_partial,11,8194nk5LbLH,LOCAL_s42,0.0,0.0,62,projects/qwen35_indoor_nav/research/continuation_memory_v1/strong_backbone_recovery_v1/recovery_confirmation_v2/runs/confirmation_001/unseen/evaluation/gpu1_1790348658273888174/episodes/11/LOCAL_s42/TRACE.jsonl,0d584df61a41a88468dd148c00ac58417046eee7b3797449c93d70bd375c43f2,projects/qwen35_indoor_nav/research/continuation_memory_v1/strong_backbone_recovery_v1/recovery_confirmation_v2/runs/confirmation_001/unseen/evaluation/gpu1_1790348658273888174/episodes/11/COMPLETE.json
confirmation_unseen_partial,11,8194nk5LbLH,CONCAT_s43,0.0,0.0,63,projects/qwen35_indoor_nav/research/continuation_memory_v1/strong_backbone_recovery_v1/recovery_confirmation_v2/runs/confirmation_001/unseen/evaluation/gpu1_1790348658273888174/episodes/11/CONCAT_s43/TRACE.jsonl,09b7993423a42890bb968bfdd7af38d3e297680ea62611d6d2de1a4b2323f259,projects/qwen35_indoor_nav/research/continuation_memory_v1/strong_backbone_recovery_v1/recovery_confirmation_v2/runs/confirmation_001/unseen/evaluation/gpu1_1790348658273888174/episodes/11/COMPLETE.json
confirmation_unseen_partial,11,8194nk5LbLH,LOCAL_s43,0.0,0.0,62,projects/qwen35_indoor_nav/research/continuation_memory_v1/strong_backbone_recovery_v1/recovery_confirmation_v2/runs/confirmation_001/unseen/evaluation/gpu1_1790348658273888174/episodes/11/LOCAL_s43/TRACE.jsonl,477f770ceecbb397d515afc7930a2ad69fb0550054a9bb9392dfdba88e6e6240,projects/qwen35_indoor_nav/research/continuation_memory_v1/strong_backbone_recovery_v1/recovery_confirmation_v2/runs/confirmation_001/unseen/evaluation/gpu1_1790348658273888174/episodes/11/COMPLETE.json
confirmation_unseen_partial,11,8194nk5LbLH,CONCAT_s44,0.0,0.0,62,projects/qwen35_indoor_nav/research/continuation_memory_v1/strong_backbone_recovery_v1/recovery_confirmation_v2/runs/confirmation_001/unseen/evaluation/gpu1_1790348658273888174/episodes/11/CONCAT_s44/TRACE.jsonl,0f6ea745e18406bfb8e79661fcf93beda497226d89e68d439cfef76f59ef303e,projects/qwen35_indoor_nav/research/continuation_memory_v1/strong_backbone_recovery_v1/recovery_confirmation_v2/runs/confirmation_001/unseen/evaluation/gpu1_1790348658273888174/episodes/11/COMPLETE.json
confirmation_unseen_partial,12,QUCTc6BB5sX,NATIVE,0.0,0.0,49,projects/qwen35_indoor_nav/research/continuation_memory_v1/strong_backbone_recovery_v1/recovery_confirmation_v2/runs/confirmation_001/unseen/evaluation/gpu1_1790348658273888174/episodes/12/NATIVE/TRACE.jsonl,5720a95d06d0ae1eb9c14204446c3888ea17ed71eb6d0f1731aa2015899e8ad9,projects/qwen35_indoor_nav/research/continuation_memory_v1/strong_backbone_recovery_v1/recovery_confirmation_v2/runs/confirmation_001/unseen/evaluation/gpu1_1790348658273888174/episodes/12/COMPLETE.json
confirmation_unseen_partial,12,QUCTc6BB5sX,CONCAT_s42,0.0,0.0,49,projects/qwen35_indoor_nav/research/continuation_memory_v1/strong_backbone_recovery_v1/recovery_confirmation_v2/runs/confirmation_001/unseen/evaluation/gpu1_1790348658273888174/episodes/12/CONCAT_s42/TRACE.jsonl,c981413d68be25af5b7dc5eac13f433c53f865227b6c012b5db7b13aebdfe2be,projects/qwen35_indoor_nav/research/continuation_memory_v1/strong_backbone_recovery_v1/recovery_confirmation_v2/runs/confirmation_001/unseen/evaluation/gpu1_1790348658273888174/episodes/12/COMPLETE.json
confirmation_unseen_partial,12,QUCTc6BB5sX,LOCAL_s42,0.0,0.0,49,projects/qwen35_indoor_nav/research/continuation_memory_v1/strong_backbone_recovery_v1/recovery_confirmation_v2/runs/confirmation_001/unseen/evaluation/gpu1_1790348658273888174/episodes/12/LOCAL_s42/TRACE.jsonl,8b83395421beecb76f225466b02be8fbce33442a46dd68a12679fcf2bdc531c2,projects/qwen35_indoor_nav/research/continuation_memory_v1/strong_backbone_recovery_v1/recovery_confirmation_v2/runs/confirmation_001/unseen/evaluation/gpu1_1790348658273888174/episodes/12/COMPLETE.json
confirmation_unseen_partial,12,QUCTc6BB5sX,CONCAT_s43,0.0,0.0,49,projects/qwen35_indoor_nav/research/continuation_memory_v1/strong_backbone_recovery_v1/recovery_confirmation_v2/runs/confirmation_001/unseen/evaluation/gpu1_1790348658273888174/episodes/12/CONCAT_s43/TRACE.jsonl,715a127fa4b61b429d3b020835131aceb57dcb70332130354e111949d68b3d6f,projects/qwen35_indoor_nav/research/continuation_memory_v1/strong_backbone_recovery_v1/recovery_confirmation_v2/runs/confirmation_001/unseen/evaluation/gpu1_1790348658273888174/episodes/12/COMPLETE.json
confirmation_unseen_partial,12,QUCTc6BB5sX,LOCAL_s43,0.0,0.0,49,projects/qwen35_indoor_nav/research/continuation_memory_v1/strong_backbone_recovery_v1/recovery_confirmation_v2/runs/confirmation_001/unseen/evaluation/gpu1_1790348658273888174/episodes/12/LOCAL_s43/TRACE.jsonl,e697bd4a752a847ac517e374a46bb1e0a2c98a0b96dcb0aa40c571ce06487464,projects/qwen35_indoor_nav/research/continuation_memory_v1/strong_backbone_recovery_v1/recovery_confirmation_v2/runs/confirmation_001/unseen/evaluation/gpu1_1790348658273888174/episodes/12/COMPLETE.json
confirmation_unseen_partial,12,QUCTc6BB5sX,CONCAT_s44,0.0,0.0,49,projects/qwen35_indoor_nav/research/continuation_memory_v1/strong_backbone_recovery_v1/recovery_confirmation_v2/runs/confirmation_001/unseen/evaluation/gpu1_1790348658273888174/episodes/12/CONCAT_s44/TRACE.jsonl,8dd109b17dbe3cc1ce7d44f709a34f5449781682b9879c043f3a472cde06e28e,projects/qwen35_indoor_nav/research/continuation_memory_v1/strong_backbone_recovery_v1/recovery_confirmation_v2/runs/confirmation_001/unseen/evaluation/gpu1_1790348658273888174/episodes/12/COMPLETE.json
confirmation_unseen_partial,12,QUCTc6BB5sX,LOCAL_s44,0.0,0.0,49,projects/qwen35_indoor_nav/research/continuation_memory_v1/strong_backbone_recovery_v1/recovery_confirmation_v2/runs/confirmation_001/unseen/evaluation/gpu1_1790348658273888174/episodes/12/LOCAL_s44/TRACE.jsonl,f15be306728c0a914dbfc19e474b19396b7e16cd07b6f35a5b2561d5b2a6fdc6,projects/qwen35_indoor_nav/research/continuation_memory_v1/strong_backbone_recovery_v1/recovery_confirmation_v2/runs/confirmation_001/unseen/evaluation/gpu1_1790348658273888174/episodes/12/COMPLETE.json
confirmation_unseen_partial,13,TbHJrupSAjP,NATIVE,0.0,0.0,60,projects/qwen35_indoor_nav/research/continuation_memory_v1/strong_backbone_recovery_v1/recovery_confirmation_v2/runs/confirmation_001/unseen/evaluation/gpu1_1790348658273888174/episodes/13/NATIVE/TRACE.jsonl,403b39bbb840c7cc869631ac2e04c16c01733cffb2a82a66bb792cfd6eee7cf0,projects/qwen35_indoor_nav/research/continuation_memory_v1/strong_backbone_recovery_v1/recovery_confirmation_v2/runs/confirmation_001/unseen/evaluation/gpu1_1790348658273888174/episodes/13/COMPLETE.json
confirmation_unseen_partial,13,TbHJrupSAjP,LOCAL_s42,0.0,0.0,60,projects/qwen35_indoor_nav/research/continuation_memory_v1/strong_backbone_recovery_v1/recovery_confirmation_v2/runs/confirmation_001/unseen/evaluation/gpu1_1790348658273888174/episodes/13/LOCAL_s42/TRACE.jsonl,8236b22cd4ba93f58f65de15dd2c82ab18de9ae341d5a81ca3a55bab3dc57a42,projects/qwen35_indoor_nav/research/continuation_memory_v1/strong_backbone_recovery_v1/recovery_confirmation_v2/runs/confirmation_001/unseen/evaluation/gpu1_1790348658273888174/episodes/13/COMPLETE.json
confirmation_unseen_partial,13,TbHJrupSAjP,CONCAT_s43,0.0,0.0,60,projects/qwen35_indoor_nav/research/continuation_memory_v1/strong_backbone_recovery_v1/recovery_confirmation_v2/runs/confirmation_001/unseen/evaluation/gpu1_1790348658273888174/episodes/13/CONCAT_s43/TRACE.jsonl,05c96a76e39aa79e36c33925b0ac60648f658e28375da40e705d70b27ea98d9e,projects/qwen35_indoor_nav/research/continuation_memory_v1/strong_backbone_recovery_v1/recovery_confirmation_v2/runs/confirmation_001/unseen/evaluation/gpu1_1790348658273888174/episodes/13/COMPLETE.json
confirmation_unseen_partial,13,TbHJrupSAjP,LOCAL_s43,0.0,0.0,60,projects/qwen35_indoor_nav/research/continuation_memory_v1/strong_backbone_recovery_v1/recovery_confirmation_v2/runs/confirmation_001/unseen/evaluation/gpu1_1790348658273888174/episodes/13/LOCAL_s43/TRACE.jsonl,c79208692423d092a6e93562fdd4509768b8d0ba5ecc164fbab1798481756b03,projects/qwen35_indoor_nav/research/continuation_memory_v1/strong_backbone_recovery_v1/recovery_confirmation_v2/runs/confirmation_001/unseen/evaluation/gpu1_1790348658273888174/episodes/13/COMPLETE.json
confirmation_unseen_partial,13,TbHJrupSAjP,CONCAT_s44,0.0,0.0,60,projects/qwen35_indoor_nav/research/continuation_memory_v1/strong_backbone_recovery_v1/recovery_confirmation_v2/runs/confirmation_001/unseen/evaluation/gpu1_1790348658273888174/episodes/13/CONCAT_s44/TRACE.jsonl,3f15add90b3ab93540046077707e6b3b919cb26d27930ad44e0df85a8bdfd7ed,projects/qwen35_indoor_nav/research/continuation_memory_v1/strong_backbone_recovery_v1/recovery_confirmation_v2/runs/confirmation_001/unseen/evaluation/gpu1_1790348658273888174/episodes/13/COMPLETE.json
confirmation_unseen_partial,13,TbHJrupSAjP,LOCAL_s44,0.0,0.0,60,projects/qwen35_indoor_nav/research/continuation_memory_v1/strong_backbone_recovery_v1/recovery_confirmation_v2/runs/confirmation_001/unseen/evaluation/gpu1_1790348658273888174/episodes/13/LOCAL_s44/TRACE.jsonl,1b3e1e55e1559ebc52802ce071a91e174806901b3a19ddd5c2a1a96372828e99,projects/qwen35_indoor_nav/research/continuation_memory_v1/strong_backbone_recovery_v1/recovery_confirmation_v2/runs/confirmation_001/unseen/evaluation/gpu1_1790348658273888174/episodes/13/COMPLETE.json
confirmation_unseen_partial,13,TbHJrupSAjP,CONCAT_s42,0.0,0.0,87,projects/qwen35_indoor_nav/research/continuation_memory_v1/strong_backbone_recovery_v1/recovery_confirmation_v2/runs/confirmation_001/unseen/evaluation/gpu1_1790348658273888174/episodes/13/CONCAT_s42/TRACE.jsonl,861247393250bba3a15c67a1ffd7f122255eef3a5cec102725ea9b5534eaa02e,projects/qwen35_indoor_nav/research/continuation_memory_v1/strong_backbone_recovery_v1/recovery_confirmation_v2/runs/confirmation_001/unseen/evaluation/gpu1_1790348658273888174/episodes/13/COMPLETE.json
confirmation_unseen_partial,14,X7HyMhZNoso,NATIVE,1.0,0.9845054823933272,42,projects/qwen35_indoor_nav/research/continuation_memory_v1/strong_backbone_recovery_v1/recovery_confirmation_v2/runs/confirmation_001/unseen/evaluation/gpu1_1790348658273888174/episodes/14/NATIVE/TRACE.jsonl,1f12ee88fef3a5ca0804cd862bbdd314147047b004c4030d13f2548291055b3d,projects/qwen35_indoor_nav/research/continuation_memory_v1/strong_backbone_recovery_v1/recovery_confirmation_v2/runs/confirmation_001/unseen/evaluation/gpu1_1790348658273888174/episodes/14/COMPLETE.json
confirmation_unseen_partial,14,X7HyMhZNoso,CONCAT_s43,1.0,0.9845054823933272,42,projects/qwen35_indoor_nav/research/continuation_memory_v1/strong_backbone_recovery_v1/recovery_confirmation_v2/runs/confirmation_001/unseen/evaluation/gpu1_1790348658273888174/episodes/14/CONCAT_s43/TRACE.jsonl,e1d238331e4ee2224a87b8f33ec0ed8bcc6ea7e5a4c905d4e8e61a9c706b276c,projects/qwen35_indoor_nav/research/continuation_memory_v1/strong_backbone_recovery_v1/recovery_confirmation_v2/runs/confirmation_001/unseen/evaluation/gpu1_1790348658273888174/episodes/14/COMPLETE.json
confirmation_unseen_partial,14,X7HyMhZNoso,LOCAL_s43,1.0,0.9845054823933272,42,projects/qwen35_indoor_nav/research/continuation_memory_v1/strong_backbone_recovery_v1/recovery_confirmation_v2/runs/confirmation_001/unseen/evaluation/gpu1_1790348658273888174/episodes/14/LOCAL_s43/TRACE.jsonl,ca255defd31b6580537433fa414a5b4fa744267077869a26755d8f82aa8f929d,projects/qwen35_indoor_nav/research/continuation_memory_v1/strong_backbone_recovery_v1/recovery_confirmation_v2/runs/confirmation_001/unseen/evaluation/gpu1_1790348658273888174/episodes/14/COMPLETE.json
confirmation_unseen_partial,14,X7HyMhZNoso,CONCAT_s44,1.0,0.9845054823933272,42,projects/qwen35_indoor_nav/research/continuation_memory_v1/strong_backbone_recovery_v1/recovery_confirmation_v2/runs/confirmation_001/unseen/evaluation/gpu1_1790348658273888174/episodes/14/CONCAT_s44/TRACE.jsonl,2204d8e89da6fa2df718b0bac2d4657cfa1406c6fb2330da9a5b36e635802802,projects/qwen35_indoor_nav/research/continuation_memory_v1/strong_backbone_recovery_v1/recovery_confirmation_v2/runs/confirmation_001/unseen/evaluation/gpu1_1790348658273888174/episodes/14/COMPLETE.json
confirmation_unseen_partial,14,X7HyMhZNoso,LOCAL_s44,1.0,0.9845054823933272,42,projects/qwen35_indoor_nav/research/continuation_memory_v1/strong_backbone_recovery_v1/recovery_confirmation_v2/runs/confirmation_001/unseen/evaluation/gpu1_1790348658273888174/episodes/14/LOCAL_s44/TRACE.jsonl,88a255b87c560a775c61299c021275ab82a5e91e8879c8eb6ff1ddcdc1f931e8,projects/qwen35_indoor_nav/research/continuation_memory_v1/strong_backbone_recovery_v1/recovery_confirmation_v2/runs/confirmation_001/unseen/evaluation/gpu1_1790348658273888174/episodes/14/COMPLETE.json
confirmation_unseen_partial,14,X7HyMhZNoso,CONCAT_s42,1.0,0.9845054823933272,42,projects/qwen35_indoor_nav/research/continuation_memory_v1/strong_backbone_recovery_v1/recovery_confirmation_v2/runs/confirmation_001/unseen/evaluation/gpu1_1790348658273888174/episodes/14/CONCAT_s42/TRACE.jsonl,0a1db6a9bbfe952324e57973d52be59bc2c6fbe1347ebfde0fc93a667959ff32,projects/qwen35_indoor_nav/research/continuation_memory_v1/strong_backbone_recovery_v1/recovery_confirmation_v2/runs/confirmation_001/unseen/evaluation/gpu1_1790348658273888174/episodes/14/COMPLETE.json
confirmation_unseen_partial,14,X7HyMhZNoso,LOCAL_s42,1.0,0.9845054823933272,42,projects/qwen35_indoor_nav/research/continuation_memory_v1/strong_backbone_recovery_v1/recovery_confirmation_v2/runs/confirmation_001/unseen/evaluation/gpu1_1790348658273888174/episodes/14/LOCAL_s42/TRACE.jsonl,2e75a43cc64e5a4b20704bf47a87b8cd3a2eeca2ed84e47c1b2e3ecdf74892b0,projects/qwen35_indoor_nav/research/continuation_memory_v1/strong_backbone_recovery_v1/recovery_confirmation_v2/runs/confirmation_001/unseen/evaluation/gpu1_1790348658273888174/episodes/14/COMPLETE.json
confirmation_unseen_partial,15,Z6MFQCViBuw,NATIVE,0.0,0.0,74,projects/qwen35_indoor_nav/research/continuation_memory_v1/strong_backbone_recovery_v1/recovery_confirmation_v2/runs/confirmation_001/unseen/evaluation/gpu1_1790348658273888174/episodes/15/NATIVE/TRACE.jsonl,66468554c06f1e1e9b191182ffa79e091c6bf26225e00d2743a675bb5d707eb8,projects/qwen35_indoor_nav/research/continuation_memory_v1/strong_backbone_recovery_v1/recovery_confirmation_v2/runs/confirmation_001/unseen/evaluation/gpu1_1790348658273888174/episodes/15/COMPLETE.json
confirmation_unseen_partial,15,Z6MFQCViBuw,LOCAL_s43,0.0,0.0,43,projects/qwen35_indoor_nav/research/continuation_memory_v1/strong_backbone_recovery_v1/recovery_confirmation_v2/runs/confirmation_001/unseen/evaluation/gpu1_1790348658273888174/episodes/15/LOCAL_s43/TRACE.jsonl,88cd7fba5f7946419cfa0aabb58811e1b58e8d593a8917fa064c1cf7053a150e,projects/qwen35_indoor_nav/research/continuation_memory_v1/strong_backbone_recovery_v1/recovery_confirmation_v2/runs/confirmation_001/unseen/evaluation/gpu1_1790348658273888174/episodes/15/COMPLETE.json
confirmation_unseen_partial,15,Z6MFQCViBuw,CONCAT_s44,0.0,0.0,74,projects/qwen35_indoor_nav/research/continuation_memory_v1/strong_backbone_recovery_v1/recovery_confirmation_v2/runs/confirmation_001/unseen/evaluation/gpu1_1790348658273888174/episodes/15/CONCAT_s44/TRACE.jsonl,769b1515d4a3b259f3fa4fb98a468446ec9c4fc3eae602c7f9582214e8046a31,projects/qwen35_indoor_nav/research/continuation_memory_v1/strong_backbone_recovery_v1/recovery_confirmation_v2/runs/confirmation_001/unseen/evaluation/gpu1_1790348658273888174/episodes/15/COMPLETE.json
confirmation_unseen_partial,15,Z6MFQCViBuw,LOCAL_s44,0.0,0.0,43,projects/qwen35_indoor_nav/research/continuation_memory_v1/strong_backbone_recovery_v1/recovery_confirmation_v2/runs/confirmation_001/unseen/evaluation/gpu1_1790348658273888174/episodes/15/LOCAL_s44/TRACE.jsonl,81c7acc271dd99c3c40f6f1e6ba38bdd31fb306a106ef4da17595649135de357,projects/qwen35_indoor_nav/research/continuation_memory_v1/strong_backbone_recovery_v1/recovery_confirmation_v2/runs/confirmation_001/unseen/evaluation/gpu1_1790348658273888174/episodes/15/COMPLETE.json
confirmation_unseen_partial,15,Z6MFQCViBuw,CONCAT_s42,0.0,0.0,74,projects/qwen35_indoor_nav/research/continuation_memory_v1/strong_backbone_recovery_v1/recovery_confirmation_v2/runs/confirmation_001/unseen/evaluation/gpu1_1790348658273888174/episodes/15/CONCAT_s42/TRACE.jsonl,67190b7e4539837331f3f93f76a022e1ec60f2935c91f9fc2612d921fa50e1da,projects/qwen35_indoor_nav/research/continuation_memory_v1/strong_backbone_recovery_v1/recovery_confirmation_v2/runs/confirmation_001/unseen/evaluation/gpu1_1790348658273888174/episodes/15/COMPLETE.json
confirmation_unseen_partial,15,Z6MFQCViBuw,LOCAL_s42,0.0,0.0,74,projects/qwen35_indoor_nav/research/continuation_memory_v1/strong_backbone_recovery_v1/recovery_confirmation_v2/runs/confirmation_001/unseen/evaluation/gpu1_1790348658273888174/episodes/15/LOCAL_s42/TRACE.jsonl,b031e0c56580603ac40ac32658e3a53bb5784081269e85817f7b10fe1ccbd524,projects/qwen35_indoor_nav/research/continuation_memory_v1/strong_backbone_recovery_v1/recovery_confirmation_v2/runs/confirmation_001/unseen/evaluation/gpu1_1790348658273888174/episodes/15/COMPLETE.json
confirmation_unseen_partial,15,Z6MFQCViBuw,CONCAT_s43,0.0,0.0,74,projects/qwen35_indoor_nav/research/continuation_memory_v1/strong_backbone_recovery_v1/recovery_confirmation_v2/runs/confirmation_001/unseen/evaluation/gpu1_1790348658273888174/episodes/15/CONCAT_s43/TRACE.jsonl,f7fcab6cdc490791788a671f81a3dede6bce976b44e1ccbbc195852f0b3d8a29,projects/qwen35_indoor_nav/research/continuation_memory_v1/strong_backbone_recovery_v1/recovery_confirmation_v2/runs/confirmation_001/unseen/evaluation/gpu1_1790348658273888174/episodes/15/COMPLETE.json
confirmation_unseen_partial,8,x8F5xyUWy9e,NATIVE,0.0,0.0,70,projects/qwen35_indoor_nav/research/continuation_memory_v1/strong_backbone_recovery_v1/recovery_confirmation_v2/runs/confirmation_001/unseen/evaluation/gpu1_1790348658273888174/episodes/8/NATIVE/TRACE.jsonl,2334df5e0c25915e153e277ed53251e43ba1e5e2a3b4ba42f70262ca55fcceee,projects/qwen35_indoor_nav/research/continuation_memory_v1/strong_backbone_recovery_v1/recovery_confirmation_v2/runs/confirmation_001/unseen/evaluation/gpu1_1790348658273888174/episodes/8/COMPLETE.json
confirmation_unseen_partial,8,x8F5xyUWy9e,CONCAT_s43,0.0,0.0,74,projects/qwen35_indoor_nav/research/continuation_memory_v1/strong_backbone_recovery_v1/recovery_confirmation_v2/runs/confirmation_001/unseen/evaluation/gpu1_1790348658273888174/episodes/8/CONCAT_s43/TRACE.jsonl,2a43415ed7dfc1091e8f3d3bc29c38463be7abb93eaebf3db1ce8559aefef480,projects/qwen35_indoor_nav/research/continuation_memory_v1/strong_backbone_recovery_v1/recovery_confirmation_v2/runs/confirmation_001/unseen/evaluation/gpu1_1790348658273888174/episodes/8/COMPLETE.json
confirmation_unseen_partial,8,x8F5xyUWy9e,LOCAL_s43,0.0,0.0,55,projects/qwen35_indoor_nav/research/continuation_memory_v1/strong_backbone_recovery_v1/recovery_confirmation_v2/runs/confirmation_001/unseen/evaluation/gpu1_1790348658273888174/episodes/8/LOCAL_s43/TRACE.jsonl,ae42cca1886cafb3afd854c0b60f8f7094edca49c95f5048dee8e9771ef6a820,projects/qwen35_indoor_nav/research/continuation_memory_v1/strong_backbone_recovery_v1/recovery_confirmation_v2/runs/confirmation_001/unseen/evaluation/gpu1_1790348658273888174/episodes/8/COMPLETE.json
confirmation_unseen_partial,8,x8F5xyUWy9e,CONCAT_s44,0.0,0.0,74,projects/qwen35_indoor_nav/research/continuation_memory_v1/strong_backbone_recovery_v1/recovery_confirmation_v2/runs/confirmation_001/unseen/evaluation/gpu1_1790348658273888174/episodes/8/CONCAT_s44/TRACE.jsonl,b3282cc2da5809d87bb3e14e5b32b8aea2f20c593a6ffcf7fc2467849446a300,projects/qwen35_indoor_nav/research/continuation_memory_v1/strong_backbone_recovery_v1/recovery_confirmation_v2/runs/confirmation_001/unseen/evaluation/gpu1_1790348658273888174/episodes/8/COMPLETE.json
confirmation_unseen_partial,8,x8F5xyUWy9e,LOCAL_s44,0.0,0.0,55,projects/qwen35_indoor_nav/research/continuation_memory_v1/strong_backbone_recovery_v1/recovery_confirmation_v2/runs/confirmation_001/unseen/evaluation/gpu1_1790348658273888174/episodes/8/LOCAL_s44/TRACE.jsonl,1bccb8429cd392a397d22a4e48748f5a9f3d6ca7a56605933099cdda93a640c3,projects/qwen35_indoor_nav/research/continuation_memory_v1/strong_backbone_recovery_v1/recovery_confirmation_v2/runs/confirmation_001/unseen/evaluation/gpu1_1790348658273888174/episodes/8/COMPLETE.json
confirmation_unseen_partial,8,x8F5xyUWy9e,CONCAT_s42,0.0,0.0,70,projects/qwen35_indoor_nav/research/continuation_memory_v1/strong_backbone_recovery_v1/recovery_confirmation_v2/runs/confirmation_001/unseen/evaluation/gpu1_1790348658273888174/episodes/8/CONCAT_s42/TRACE.jsonl,7a02d4dbae7852b03763231bd8a2919dde200dec34d17931b0fdfd388c0645e8,projects/qwen35_indoor_nav/research/continuation_memory_v1/strong_backbone_recovery_v1/recovery_confirmation_v2/runs/confirmation_001/unseen/evaluation/gpu1_1790348658273888174/episodes/8/COMPLETE.json
confirmation_unseen_partial,8,x8F5xyUWy9e,LOCAL_s42,0.0,0.0,70,projects/qwen35_indoor_nav/research/continuation_memory_v1/strong_backbone_recovery_v1/recovery_confirmation_v2/runs/confirmation_001/unseen/evaluation/gpu1_1790348658273888174/episodes/8/LOCAL_s42/TRACE.jsonl,04c784f540afb28152d0fb4c0afffc6827414b011ae366bc2293faaf6a9acaed,projects/qwen35_indoor_nav/research/continuation_memory_v1/strong_backbone_recovery_v1/recovery_confirmation_v2/runs/confirmation_001/unseen/evaluation/gpu1_1790348658273888174/episodes/8/COMPLETE.json
confirmation_unseen_partial,9,zsNo4HB9uLZ,NATIVE,1.0,0.8026522205609699,54,projects/qwen35_indoor_nav/research/continuation_memory_v1/strong_backbone_recovery_v1/recovery_confirmation_v2/runs/confirmation_001/unseen/evaluation/gpu1_1790348658273888174/episodes/9/NATIVE/TRACE.jsonl,6e39c435a3a9802fc24f89bc64628f593205226b2cb7d200d60c98caaa202725,projects/qwen35_indoor_nav/research/continuation_memory_v1/strong_backbone_recovery_v1/recovery_confirmation_v2/runs/confirmation_001/unseen/evaluation/gpu1_1790348658273888174/episodes/9/COMPLETE.json
confirmation_unseen_partial,9,zsNo4HB9uLZ,LOCAL_s43,1.0,0.8026522205609699,54,projects/qwen35_indoor_nav/research/continuation_memory_v1/strong_backbone_recovery_v1/recovery_confirmation_v2/runs/confirmation_001/unseen/evaluation/gpu1_1790348658273888174/episodes/9/LOCAL_s43/TRACE.jsonl,a8857a9a8d448841fca6cbb6ea96563df3e53ee6f2ddb8c750a906b33db5839f,projects/qwen35_indoor_nav/research/continuation_memory_v1/strong_backbone_recovery_v1/recovery_confirmation_v2/runs/confirmation_001/unseen/evaluation/gpu1_1790348658273888174/episodes/9/COMPLETE.json
confirmation_unseen_partial,9,zsNo4HB9uLZ,CONCAT_s44,1.0,0.8026522205609699,54,projects/qwen35_indoor_nav/research/continuation_memory_v1/strong_backbone_recovery_v1/recovery_confirmation_v2/runs/confirmation_001/unseen/evaluation/gpu1_1790348658273888174/episodes/9/CONCAT_s44/TRACE.jsonl,224ce032ded11b55ff30f45b11355d012d5f88815723a0aa4736948cf68937a8,projects/qwen35_indoor_nav/research/continuation_memory_v1/strong_backbone_recovery_v1/recovery_confirmation_v2/runs/confirmation_001/unseen/evaluation/gpu1_1790348658273888174/episodes/9/COMPLETE.json
confirmation_unseen_partial,9,zsNo4HB9uLZ,LOCAL_s44,1.0,0.913511773597748,49,projects/qwen35_indoor_nav/research/continuation_memory_v1/strong_backbone_recovery_v1/recovery_confirmation_v2/runs/confirmation_001/unseen/evaluation/gpu1_1790348658273888174/episodes/9/LOCAL_s44/TRACE.jsonl,9bb648448418a01f2154d41c6d00b059a0e8e6babf5359962c864e1b1114d1ee,projects/qwen35_indoor_nav/research/continuation_memory_v1/strong_backbone_recovery_v1/recovery_confirmation_v2/runs/confirmation_001/unseen/evaluation/gpu1_1790348658273888174/episodes/9/COMPLETE.json
confirmation_unseen_partial,9,zsNo4HB9uLZ,CONCAT_s42,1.0,0.8026522205609699,54,projects/qwen35_indoor_nav/research/continuation_memory_v1/strong_backbone_recovery_v1/recovery_confirmation_v2/runs/confirmation_001/unseen/evaluation/gpu1_1790348658273888174/episodes/9/CONCAT_s42/TRACE.jsonl,5956cfb158dc2ec136ca049ee9549fbd41e974cbadb1e0492bfb9c17dbc88e81,projects/qwen35_indoor_nav/research/continuation_memory_v1/strong_backbone_recovery_v1/recovery_confirmation_v2/runs/confirmation_001/unseen/evaluation/gpu1_1790348658273888174/episodes/9/COMPLETE.json
confirmation_unseen_partial,9,zsNo4HB9uLZ,LOCAL_s42,1.0,0.8026522205609699,54,projects/qwen35_indoor_nav/research/continuation_memory_v1/strong_backbone_recovery_v1/recovery_confirmation_v2/runs/confirmation_001/unseen/evaluation/gpu1_1790348658273888174/episodes/9/LOCAL_s42/TRACE.jsonl,3b25328b682c513dc177a48f46e4ceb9d904acb2b88503a3437e580b98c28716,projects/qwen35_indoor_nav/research/continuation_memory_v1/strong_backbone_recovery_v1/recovery_confirmation_v2/runs/confirmation_001/unseen/evaluation/gpu1_1790348658273888174/episodes/9/COMPLETE.json
confirmation_unseen_partial,9,zsNo4HB9uLZ,CONCAT_s43,1.0,0.8026522205609699,54,projects/qwen35_indoor_nav/research/continuation_memory_v1/strong_backbone_recovery_v1/recovery_confirmation_v2/runs/confirmation_001/unseen/evaluation/gpu1_1790348658273888174/episodes/9/CONCAT_s43/TRACE.jsonl,e6495ef0781dba9fd5ee03e027a64deab80a3c7b137b609e6e449f0985a6c621,projects/qwen35_indoor_nav/research/continuation_memory_v1/strong_backbone_recovery_v1/recovery_confirmation_v2/runs/confirmation_001/unseen/evaluation/gpu1_1790348658273888174/episodes/9/COMPLETE.json
confirmation_unseen_partial,16,oLBMNvg9in8,NATIVE,0.0,0.0,87,projects/qwen35_indoor_nav/research/continuation_memory_v1/strong_backbone_recovery_v1/recovery_confirmation_v2/runs/confirmation_001/unseen/evaluation/gpu2_1790348658423117554/episodes/16/NATIVE/TRACE.jsonl,8bda6097a00713a345b2b79cc32df71f11c8bd312e3ed5f03edfe5b6b7dd5c68,projects/qwen35_indoor_nav/research/continuation_memory_v1/strong_backbone_recovery_v1/recovery_confirmation_v2/runs/confirmation_001/unseen/evaluation/gpu2_1790348658423117554/episodes/16/COMPLETE.json
confirmation_unseen_partial,16,oLBMNvg9in8,CONCAT_s44,0.0,0.0,72,projects/qwen35_indoor_nav/research/continuation_memory_v1/strong_backbone_recovery_v1/recovery_confirmation_v2/runs/confirmation_001/unseen/evaluation/gpu2_1790348658423117554/episodes/16/CONCAT_s44/TRACE.jsonl,a5f47e54062506af06239879380d1e09504640af30e8425ec7dfd6dd25aaa706,projects/qwen35_indoor_nav/research/continuation_memory_v1/strong_backbone_recovery_v1/recovery_confirmation_v2/runs/confirmation_001/unseen/evaluation/gpu2_1790348658423117554/episodes/16/COMPLETE.json
confirmation_unseen_partial,16,oLBMNvg9in8,LOCAL_s44,0.0,0.0,69,projects/qwen35_indoor_nav/research/continuation_memory_v1/strong_backbone_recovery_v1/recovery_confirmation_v2/runs/confirmation_001/unseen/evaluation/gpu2_1790348658423117554/episodes/16/LOCAL_s44/TRACE.jsonl,4b1e9fba83a52af29d62f9a293f1b0ce1bd34252bac09499a4653fbb9554ed7d,projects/qwen35_indoor_nav/research/continuation_memory_v1/strong_backbone_recovery_v1/recovery_confirmation_v2/runs/confirmation_001/unseen/evaluation/gpu2_1790348658423117554/episodes/16/COMPLETE.json
confirmation_unseen_partial,16,oLBMNvg9in8,CONCAT_s42,0.0,0.0,72,projects/qwen35_indoor_nav/research/continuation_memory_v1/strong_backbone_recovery_v1/recovery_confirmation_v2/runs/confirmation_001/unseen/evaluation/gpu2_1790348658423117554/episodes/16/CONCAT_s42/TRACE.jsonl,fb9a1281a139e8fe4d055c2044ee2ce4d0d0934962f0e2daeca53e74daa52955,projects/qwen35_indoor_nav/research/continuation_memory_v1/strong_backbone_recovery_v1/recovery_confirmation_v2/runs/confirmation_001/unseen/evaluation/gpu2_1790348658423117554/episodes/16/COMPLETE.json
confirmation_unseen_partial,16,oLBMNvg9in8,LOCAL_s42,0.0,0.0,72,projects/qwen35_indoor_nav/research/continuation_memory_v1/strong_backbone_recovery_v1/recovery_confirmation_v2/runs/confirmation_001/unseen/evaluation/gpu2_1790348658423117554/episodes/16/LOCAL_s42/TRACE.jsonl,9ebe2e9fbe436576b5ae60d0f47aa9d4c3bd087633c8e8c917fa823a4f801531,projects/qwen35_indoor_nav/research/continuation_memory_v1/strong_backbone_recovery_v1/recovery_confirmation_v2/runs/confirmation_001/unseen/evaluation/gpu2_1790348658423117554/episodes/16/COMPLETE.json
confirmation_unseen_partial,16,oLBMNvg9in8,CONCAT_s43,0.0,0.0,72,projects/qwen35_indoor_nav/research/continuation_memory_v1/strong_backbone_recovery_v1/recovery_confirmation_v2/runs/confirmation_001/unseen/evaluation/gpu2_1790348658423117554/episodes/16/CONCAT_s43/TRACE.jsonl,eac783d15724a335b4d330029031a0ef3b6c766c9a539e6c31e4ab213bdf372e,projects/qwen35_indoor_nav/research/continuation_memory_v1/strong_backbone_recovery_v1/recovery_confirmation_v2/runs/confirmation_001/unseen/evaluation/gpu2_1790348658423117554/episodes/16/COMPLETE.json
confirmation_unseen_partial,16,oLBMNvg9in8,LOCAL_s43,1.0,0.6660860295307588,106,projects/qwen35_indoor_nav/research/continuation_memory_v1/strong_backbone_recovery_v1/recovery_confirmation_v2/runs/confirmation_001/unseen/evaluation/gpu2_1790348658423117554/episodes/16/LOCAL_s43/TRACE.jsonl,2ddad712acd6829c7ba8fdc07875796a48d48148571433a54f1ffc75a4e159a2,projects/qwen35_indoor_nav/research/continuation_memory_v1/strong_backbone_recovery_v1/recovery_confirmation_v2/runs/confirmation_001/unseen/evaluation/gpu2_1790348658423117554/episodes/16/COMPLETE.json
confirmation_unseen_partial,17,pLe4wQe7qrG,NATIVE,0.0,0.0,48,projects/qwen35_indoor_nav/research/continuation_memory_v1/strong_backbone_recovery_v1/recovery_confirmation_v2/runs/confirmation_001/unseen/evaluation/gpu2_1790348658423117554/episodes/17/NATIVE/TRACE.jsonl,5a78bb3f42edbeafbffbf01355098b80458482a65fca0613080c60df088188e2,projects/qwen35_indoor_nav/research/continuation_memory_v1/strong_backbone_recovery_v1/recovery_confirmation_v2/runs/confirmation_001/unseen/evaluation/gpu2_1790348658423117554/episodes/17/COMPLETE.json
confirmation_unseen_partial,17,pLe4wQe7qrG,LOCAL_s44,0.0,0.0,46,projects/qwen35_indoor_nav/research/continuation_memory_v1/strong_backbone_recovery_v1/recovery_confirmation_v2/runs/confirmation_001/unseen/evaluation/gpu2_1790348658423117554/episodes/17/LOCAL_s44/TRACE.jsonl,15247c7791846ee3532da9e951059af5977b37f845c02663956ba5821a1079f3,projects/qwen35_indoor_nav/research/continuation_memory_v1/strong_backbone_recovery_v1/recovery_confirmation_v2/runs/confirmation_001/unseen/evaluation/gpu2_1790348658423117554/episodes/17/COMPLETE.json
confirmation_unseen_partial,17,pLe4wQe7qrG,CONCAT_s42,0.0,0.0,46,projects/qwen35_indoor_nav/research/continuation_memory_v1/strong_backbone_recovery_v1/recovery_confirmation_v2/runs/confirmation_001/unseen/evaluation/gpu2_1790348658423117554/episodes/17/CONCAT_s42/TRACE.jsonl,47420b4e1fad82bf25bb910c3606ccd115f4a5d466930efff3e46e9e560c7e59,projects/qwen35_indoor_nav/research/continuation_memory_v1/strong_backbone_recovery_v1/recovery_confirmation_v2/runs/confirmation_001/unseen/evaluation/gpu2_1790348658423117554/episodes/17/COMPLETE.json
confirmation_unseen_partial,17,pLe4wQe7qrG,LOCAL_s42,0.0,0.0,46,projects/qwen35_indoor_nav/research/continuation_memory_v1/strong_backbone_recovery_v1/recovery_confirmation_v2/runs/confirmation_001/unseen/evaluation/gpu2_1790348658423117554/episodes/17/LOCAL_s42/TRACE.jsonl,8b8c6e67a263abc045c1c9de020f94de4bab9fbef87e07706b4b2680be44485d,projects/qwen35_indoor_nav/research/continuation_memory_v1/strong_backbone_recovery_v1/recovery_confirmation_v2/runs/confirmation_001/unseen/evaluation/gpu2_1790348658423117554/episodes/17/COMPLETE.json
confirmation_unseen_partial,17,pLe4wQe7qrG,CONCAT_s43,0.0,0.0,46,projects/qwen35_indoor_nav/research/continuation_memory_v1/strong_backbone_recovery_v1/recovery_confirmation_v2/runs/confirmation_001/unseen/evaluation/gpu2_1790348658423117554/episodes/17/CONCAT_s43/TRACE.jsonl,4d67e105cfba1c5e157e11412cd9382c2f9eaff062f09be434939deec6dd3e1d,projects/qwen35_indoor_nav/research/continuation_memory_v1/strong_backbone_recovery_v1/recovery_confirmation_v2/runs/confirmation_001/unseen/evaluation/gpu2_1790348658423117554/episodes/17/COMPLETE.json
confirmation_unseen_partial,17,pLe4wQe7qrG,LOCAL_s43,0.0,0.0,46,projects/qwen35_indoor_nav/research/continuation_memory_v1/strong_backbone_recovery_v1/recovery_confirmation_v2/runs/confirmation_001/unseen/evaluation/gpu2_1790348658423117554/episodes/17/LOCAL_s43/TRACE.jsonl,40ae9caeaa5da8ede10a8f87be6e60afd5256de84afdc24699f5a2f9de4d392a,projects/qwen35_indoor_nav/research/continuation_memory_v1/strong_backbone_recovery_v1/recovery_confirmation_v2/runs/confirmation_001/unseen/evaluation/gpu2_1790348658423117554/episodes/17/COMPLETE.json
confirmation_unseen_partial,17,pLe4wQe7qrG,CONCAT_s44,0.0,0.0,46,projects/qwen35_indoor_nav/research/continuation_memory_v1/strong_backbone_recovery_v1/recovery_confirmation_v2/runs/confirmation_001/unseen/evaluation/gpu2_1790348658423117554/episodes/17/CONCAT_s44/TRACE.jsonl,ab639f8ffb0c3d9e918e91d651421dcaf7c88e754aa91edb5888ade7d373b5d5,projects/qwen35_indoor_nav/research/continuation_memory_v1/strong_backbone_recovery_v1/recovery_confirmation_v2/runs/confirmation_001/unseen/evaluation/gpu2_1790348658423117554/episodes/17/COMPLETE.json
confirmation_unseen_partial,18,x8F5xyUWy9e,NATIVE,1.0,0.966138771315369,55,projects/qwen35_indoor_nav/research/continuation_memory_v1/strong_backbone_recovery_v1/recovery_confirmation_v2/runs/confirmation_001/unseen/evaluation/gpu2_1790348658423117554/episodes/18/NATIVE/TRACE.jsonl,e7e247dc741081879d028b5c55f91968e32e94bbb237267c425fd510b2e76fb4,projects/qwen35_indoor_nav/research/continuation_memory_v1/strong_backbone_recovery_v1/recovery_confirmation_v2/runs/confirmation_001/unseen/evaluation/gpu2_1790348658423117554/episodes/18/COMPLETE.json
confirmation_unseen_partial,18,x8F5xyUWy9e,CONCAT_s42,1.0,0.966138771315369,55,projects/qwen35_indoor_nav/research/continuation_memory_v1/strong_backbone_recovery_v1/recovery_confirmation_v2/runs/confirmation_001/unseen/evaluation/gpu2_1790348658423117554/episodes/18/CONCAT_s42/TRACE.jsonl,4444c27aee1c09517e2e05625b094a04b605df34eab10ef8e3ab11e97bf1b3d2,projects/qwen35_indoor_nav/research/continuation_memory_v1/strong_backbone_recovery_v1/recovery_confirmation_v2/runs/confirmation_001/unseen/evaluation/gpu2_1790348658423117554/episodes/18/COMPLETE.json
confirmation_unseen_partial,18,x8F5xyUWy9e,LOCAL_s42,1.0,0.966138771315369,55,projects/qwen35_indoor_nav/research/continuation_memory_v1/strong_backbone_recovery_v1/recovery_confirmation_v2/runs/confirmation_001/unseen/evaluation/gpu2_1790348658423117554/episodes/18/LOCAL_s42/TRACE.jsonl,0f56803ecfb85fffa0ce61fc8aee5f8f08c0d02aa92713e35255689884e9ca57,projects/qwen35_indoor_nav/research/continuation_memory_v1/strong_backbone_recovery_v1/recovery_confirmation_v2/runs/confirmation_001/unseen/evaluation/gpu2_1790348658423117554/episodes/18/COMPLETE.json
confirmation_unseen_partial,18,x8F5xyUWy9e,CONCAT_s43,1.0,0.966138771315369,55,projects/qwen35_indoor_nav/research/continuation_memory_v1/strong_backbone_recovery_v1/recovery_confirmation_v2/runs/confirmation_001/unseen/evaluation/gpu2_1790348658423117554/episodes/18/CONCAT_s43/TRACE.jsonl,1852fbb5b9d37b59ec46d5b254eac092afff4fdf6884a7d8bc499e9e45897fea,projects/qwen35_indoor_nav/research/continuation_memory_v1/strong_backbone_recovery_v1/recovery_confirmation_v2/runs/confirmation_001/unseen/evaluation/gpu2_1790348658423117554/episodes/18/COMPLETE.json
confirmation_unseen_partial,18,x8F5xyUWy9e,LOCAL_s43,1.0,0.9660452730619653,55,projects/qwen35_indoor_nav/research/continuation_memory_v1/strong_backbone_recovery_v1/recovery_confirmation_v2/runs/confirmation_001/unseen/evaluation/gpu2_1790348658423117554/episodes/18/LOCAL_s43/TRACE.jsonl,f33831f7142fe8581da7389f437d80821f73c930ea5ef317b86856230e7b2c6d,projects/qwen35_indoor_nav/research/continuation_memory_v1/strong_backbone_recovery_v1/recovery_confirmation_v2/runs/confirmation_001/unseen/evaluation/gpu2_1790348658423117554/episodes/18/COMPLETE.json
confirmation_unseen_partial,18,x8F5xyUWy9e,CONCAT_s44,1.0,0.966138771315369,55,projects/qwen35_indoor_nav/research/continuation_memory_v1/strong_backbone_recovery_v1/recovery_confirmation_v2/runs/confirmation_001/unseen/evaluation/gpu2_1790348658423117554/episodes/18/CONCAT_s44/TRACE.jsonl,500524e7f496a30af61e8b06b2e102de2c093619fbd22bb7e105eede04bf906c,projects/qwen35_indoor_nav/research/continuation_memory_v1/strong_backbone_recovery_v1/recovery_confirmation_v2/runs/confirmation_001/unseen/evaluation/gpu2_1790348658423117554/episodes/18/COMPLETE.json
confirmation_unseen_partial,18,x8F5xyUWy9e,LOCAL_s44,1.0,0.966138771315369,55,projects/qwen35_indoor_nav/research/continuation_memory_v1/strong_backbone_recovery_v1/recovery_confirmation_v2/runs/confirmation_001/unseen/evaluation/gpu2_1790348658423117554/episodes/18/LOCAL_s44/TRACE.jsonl,8caf631727da9f1c7c6ab099f5167feaf842be17663e055948b3445ac48cc633,projects/qwen35_indoor_nav/research/continuation_memory_v1/strong_backbone_recovery_v1/recovery_confirmation_v2/runs/confirmation_001/unseen/evaluation/gpu2_1790348658423117554/episodes/18/COMPLETE.json
confirmation_unseen_partial,19,zsNo4HB9uLZ,NATIVE,1.0,0.9862668335399789,70,projects/qwen35_indoor_nav/research/continuation_memory_v1/strong_backbone_recovery_v1/recovery_confirmation_v2/runs/confirmation_001/unseen/evaluation/gpu2_1790348658423117554/episodes/19/NATIVE/TRACE.jsonl,1dac3882ebdb34210472e6f5d410b868bc6a06d9f2f50536242b45444320afc1,projects/qwen35_indoor_nav/research/continuation_memory_v1/strong_backbone_recovery_v1/recovery_confirmation_v2/runs/confirmation_001/unseen/evaluation/gpu2_1790348658423117554/episodes/19/COMPLETE.json
confirmation_unseen_partial,19,zsNo4HB9uLZ,LOCAL_s42,1.0,0.8327520354391215,79,projects/qwen35_indoor_nav/research/continuation_memory_v1/strong_backbone_recovery_v1/recovery_confirmation_v2/runs/confirmation_001/unseen/evaluation/gpu2_1790348658423117554/episodes/19/LOCAL_s42/TRACE.jsonl,f3c34e33ba485e93a41a9b33d14c4e967db21491cd7fa2cbed55e3e8c9e2184d,projects/qwen35_indoor_nav/research/continuation_memory_v1/strong_backbone_recovery_v1/recovery_confirmation_v2/runs/confirmation_001/unseen/evaluation/gpu2_1790348658423117554/episodes/19/COMPLETE.json
confirmation_unseen_partial,19,zsNo4HB9uLZ,CONCAT_s43,1.0,0.9862668335399789,70,projects/qwen35_indoor_nav/research/continuation_memory_v1/strong_backbone_recovery_v1/recovery_confirmation_v2/runs/confirmation_001/unseen/evaluation/gpu2_1790348658423117554/episodes/19/CONCAT_s43/TRACE.jsonl,33b90feee2c425a17cbcb470d4f98ba661627f29409b9dd46e770b330d9d3485,projects/qwen35_indoor_nav/research/continuation_memory_v1/strong_backbone_recovery_v1/recovery_confirmation_v2/runs/confirmation_001/unseen/evaluation/gpu2_1790348658423117554/episodes/19/COMPLETE.json
confirmation_unseen_partial,19,zsNo4HB9uLZ,LOCAL_s43,1.0,0.9862668335399789,70,projects/qwen35_indoor_nav/research/continuation_memory_v1/strong_backbone_recovery_v1/recovery_confirmation_v2/runs/confirmation_001/unseen/evaluation/gpu2_1790348658423117554/episodes/19/LOCAL_s43/TRACE.jsonl,0c76772ba3819ac3a3e3c39a3590059dba26b50928447829de16dd763bf73a96,projects/qwen35_indoor_nav/research/continuation_memory_v1/strong_backbone_recovery_v1/recovery_confirmation_v2/runs/confirmation_001/unseen/evaluation/gpu2_1790348658423117554/episodes/19/COMPLETE.json
confirmation_unseen_partial,19,zsNo4HB9uLZ,CONCAT_s44,1.0,0.9862668335399789,70,projects/qwen35_indoor_nav/research/continuation_memory_v1/strong_backbone_recovery_v1/recovery_confirmation_v2/runs/confirmation_001/unseen/evaluation/gpu2_1790348658423117554/episodes/19/CONCAT_s44/TRACE.jsonl,09c7bbc99523adaca358a60ba749035dd47d6bdc832d4307a6f27f705ca7612c,projects/qwen35_indoor_nav/research/continuation_memory_v1/strong_backbone_recovery_v1/recovery_confirmation_v2/runs/confirmation_001/unseen/evaluation/gpu2_1790348658423117554/episodes/19/COMPLETE.json
confirmation_unseen_partial,19,zsNo4HB9uLZ,LOCAL_s44,1.0,0.9862668118659775,70,projects/qwen35_indoor_nav/research/continuation_memory_v1/strong_backbone_recovery_v1/recovery_confirmation_v2/runs/confirmation_001/unseen/evaluation/gpu2_1790348658423117554/episodes/19/LOCAL_s44/TRACE.jsonl,703e86cf9c40ef0394ac9643e70b9e2d6237c40b0720a766b35ac89091277bf1,projects/qwen35_indoor_nav/research/continuation_memory_v1/strong_backbone_recovery_v1/recovery_confirmation_v2/runs/confirmation_001/unseen/evaluation/gpu2_1790348658423117554/episodes/19/COMPLETE.json
confirmation_unseen_partial,19,zsNo4HB9uLZ,CONCAT_s42,1.0,0.9291704917938923,71,projects/qwen35_indoor_nav/research/continuation_memory_v1/strong_backbone_recovery_v1/recovery_confirmation_v2/runs/confirmation_001/unseen/evaluation/gpu2_1790348658423117554/episodes/19/CONCAT_s42/TRACE.jsonl,8886a07e96ab4aed3817fd2a168f9403ae0dac5dfcbad4c7cf520ab0396828ef,projects/qwen35_indoor_nav/research/continuation_memory_v1/strong_backbone_recovery_v1/recovery_confirmation_v2/runs/confirmation_001/unseen/evaluation/gpu2_1790348658423117554/episodes/19/COMPLETE.json
confirmation_unseen_partial,20,2azQ1b91cZZ,NATIVE,0.0,0.0,47,projects/qwen35_indoor_nav/research/continuation_memory_v1/strong_backbone_recovery_v1/recovery_confirmation_v2/runs/confirmation_001/unseen/evaluation/gpu2_1790348658423117554/episodes/20/NATIVE/TRACE.jsonl,2615aa7a84cb926be207368660cd9d6f04cfd9b3a0e5fd0f6db9496945c5454d,projects/qwen35_indoor_nav/research/continuation_memory_v1/strong_backbone_recovery_v1/recovery_confirmation_v2/runs/confirmation_001/unseen/evaluation/gpu2_1790348658423117554/episodes/20/COMPLETE.json
confirmation_unseen_partial,20,2azQ1b91cZZ,CONCAT_s43,0.0,0.0,47,projects/qwen35_indoor_nav/research/continuation_memory_v1/strong_backbone_recovery_v1/recovery_confirmation_v2/runs/confirmation_001/unseen/evaluation/gpu2_1790348658423117554/episodes/20/CONCAT_s43/TRACE.jsonl,6281a6acd2b646e64cb89011ac1ea1d287e02976f168c26729fdb1fd4dee1cb8,projects/qwen35_indoor_nav/research/continuation_memory_v1/strong_backbone_recovery_v1/recovery_confirmation_v2/runs/confirmation_001/unseen/evaluation/gpu2_1790348658423117554/episodes/20/COMPLETE.json
confirmation_unseen_partial,20,2azQ1b91cZZ,LOCAL_s43,0.0,0.0,47,projects/qwen35_indoor_nav/research/continuation_memory_v1/strong_backbone_recovery_v1/recovery_confirmation_v2/runs/confirmation_001/unseen/evaluation/gpu2_1790348658423117554/episodes/20/LOCAL_s43/TRACE.jsonl,bab2be3771b4f8d727cd5ddc7ddc9f036c1a9215f03873ee3c86ac66510f8451,projects/qwen35_indoor_nav/research/continuation_memory_v1/strong_backbone_recovery_v1/recovery_confirmation_v2/runs/confirmation_001/unseen/evaluation/gpu2_1790348658423117554/episodes/20/COMPLETE.json
confirmation_unseen_partial,20,2azQ1b91cZZ,CONCAT_s44,0.0,0.0,47,projects/qwen35_indoor_nav/research/continuation_memory_v1/strong_backbone_recovery_v1/recovery_confirmation_v2/runs/confirmation_001/unseen/evaluation/gpu2_1790348658423117554/episodes/20/CONCAT_s44/TRACE.jsonl,fd751d66ed83d0925075b1952c44b37f24f7f5bbedf5dfc7f4e0be8567972c02,projects/qwen35_indoor_nav/research/continuation_memory_v1/strong_backbone_recovery_v1/recovery_confirmation_v2/runs/confirmation_001/unseen/evaluation/gpu2_1790348658423117554/episodes/20/COMPLETE.json
confirmation_unseen_partial,20,2azQ1b91cZZ,LOCAL_s44,0.0,0.0,47,projects/qwen35_indoor_nav/research/continuation_memory_v1/strong_backbone_recovery_v1/recovery_confirmation_v2/runs/confirmation_001/unseen/evaluation/gpu2_1790348658423117554/episodes/20/LOCAL_s44/TRACE.jsonl,320486fc5ecec071b7b3acaed26412d1fa19eff543a0718ed0df27387e0dd43f,projects/qwen35_indoor_nav/research/continuation_memory_v1/strong_backbone_recovery_v1/recovery_confirmation_v2/runs/confirmation_001/unseen/evaluation/gpu2_1790348658423117554/episodes/20/COMPLETE.json
confirmation_unseen_partial,20,2azQ1b91cZZ,CONCAT_s42,0.0,0.0,47,projects/qwen35_indoor_nav/research/continuation_memory_v1/strong_backbone_recovery_v1/recovery_confirmation_v2/runs/confirmation_001/unseen/evaluation/gpu2_1790348658423117554/episodes/20/CONCAT_s42/TRACE.jsonl,ed9a2ea68675b08e16af483f37dfebf478ec84a6d309e457b5896bbf85dc8728,projects/qwen35_indoor_nav/research/continuation_memory_v1/strong_backbone_recovery_v1/recovery_confirmation_v2/runs/confirmation_001/unseen/evaluation/gpu2_1790348658423117554/episodes/20/COMPLETE.json
confirmation_unseen_partial,20,2azQ1b91cZZ,LOCAL_s42,0.0,0.0,47,projects/qwen35_indoor_nav/research/continuation_memory_v1/strong_backbone_recovery_v1/recovery_confirmation_v2/runs/confirmation_001/unseen/evaluation/gpu2_1790348658423117554/episodes/20/LOCAL_s42/TRACE.jsonl,41f78c718bbb4940c13a5e205d66908a58527d65537b4ae7b68c98b92c143be8,projects/qwen35_indoor_nav/research/continuation_memory_v1/strong_backbone_recovery_v1/recovery_confirmation_v2/runs/confirmation_001/unseen/evaluation/gpu2_1790348658423117554/episodes/20/COMPLETE.json
confirmation_unseen_partial,21,8194nk5LbLH,NATIVE,0.0,0.0,69,projects/qwen35_indoor_nav/research/continuation_memory_v1/strong_backbone_recovery_v1/recovery_confirmation_v2/runs/confirmation_001/unseen/evaluation/gpu2_1790348658423117554/episodes/21/NATIVE/TRACE.jsonl,7677e8c9872686636779eb9a0a66d73b965848d5477be77ebbd576fd254f555c,projects/qwen35_indoor_nav/research/continuation_memory_v1/strong_backbone_recovery_v1/recovery_confirmation_v2/runs/confirmation_001/unseen/evaluation/gpu2_1790348658423117554/episodes/21/COMPLETE.json
confirmation_unseen_partial,21,8194nk5LbLH,LOCAL_s43,0.0,0.0,77,projects/qwen35_indoor_nav/research/continuation_memory_v1/strong_backbone_recovery_v1/recovery_confirmation_v2/runs/confirmation_001/unseen/evaluation/gpu2_1790348658423117554/episodes/21/LOCAL_s43/TRACE.jsonl,03bb10b00fc74ddadc470edc80113ec42705b3be26cee93f56e361c2bb2f8450,projects/qwen35_indoor_nav/research/continuation_memory_v1/strong_backbone_recovery_v1/recovery_confirmation_v2/runs/confirmation_001/unseen/evaluation/gpu2_1790348658423117554/episodes/21/COMPLETE.json
confirmation_unseen_partial,21,8194nk5LbLH,CONCAT_s44,0.0,0.0,74,projects/qwen35_indoor_nav/research/continuation_memory_v1/strong_backbone_recovery_v1/recovery_confirmation_v2/runs/confirmation_001/unseen/evaluation/gpu2_1790348658423117554/episodes/21/CONCAT_s44/TRACE.jsonl,11c9928942c4495a0c14626a2fa10eb7c6a5f5d7d5212cfae9408fdce4e7891f,projects/qwen35_indoor_nav/research/continuation_memory_v1/strong_backbone_recovery_v1/recovery_confirmation_v2/runs/confirmation_001/unseen/evaluation/gpu2_1790348658423117554/episodes/21/COMPLETE.json
confirmation_unseen_partial,21,8194nk5LbLH,LOCAL_s44,0.0,0.0,73,projects/qwen35_indoor_nav/research/continuation_memory_v1/strong_backbone_recovery_v1/recovery_confirmation_v2/runs/confirmation_001/unseen/evaluation/gpu2_1790348658423117554/episodes/21/LOCAL_s44/TRACE.jsonl,96200fcf746c0a7acd7b4500f200e5b029a615c93baf5cbaf090f1b0c711d41d,projects/qwen35_indoor_nav/research/continuation_memory_v1/strong_backbone_recovery_v1/recovery_confirmation_v2/runs/confirmation_001/unseen/evaluation/gpu2_1790348658423117554/episodes/21/COMPLETE.json
confirmation_unseen_partial,21,8194nk5LbLH,CONCAT_s42,0.0,0.0,79,projects/qwen35_indoor_nav/research/continuation_memory_v1/strong_backbone_recovery_v1/recovery_confirmation_v2/runs/confirmation_001/unseen/evaluation/gpu2_1790348658423117554/episodes/21/CONCAT_s42/TRACE.jsonl,18e36223325dcb5d4e0780129030a0e9bdcba8972e982754e87af36c0869bf58,projects/qwen35_indoor_nav/research/continuation_memory_v1/strong_backbone_recovery_v1/recovery_confirmation_v2/runs/confirmation_001/unseen/evaluation/gpu2_1790348658423117554/episodes/21/COMPLETE.json
confirmation_unseen_partial,21,8194nk5LbLH,LOCAL_s42,0.0,0.0,77,projects/qwen35_indoor_nav/research/continuation_memory_v1/strong_backbone_recovery_v1/recovery_confirmation_v2/runs/confirmation_001/unseen/evaluation/gpu2_1790348658423117554/episodes/21/LOCAL_s42/TRACE.jsonl,7137ea2ef0c8ca061bd5da9641fbd39da70ba57b82030483ec793234b26ad3e2,projects/qwen35_indoor_nav/research/continuation_memory_v1/strong_backbone_recovery_v1/recovery_confirmation_v2/runs/confirmation_001/unseen/evaluation/gpu2_1790348658423117554/episodes/21/COMPLETE.json
confirmation_unseen_partial,21,8194nk5LbLH,CONCAT_s43,0.0,0.0,74,projects/qwen35_indoor_nav/research/continuation_memory_v1/strong_backbone_recovery_v1/recovery_confirmation_v2/runs/confirmation_001/unseen/evaluation/gpu2_1790348658423117554/episodes/21/CONCAT_s43/TRACE.jsonl,1a85a3fbe7df081364598801936b8905ab8e845954cd06048e23db2f5c983203,projects/qwen35_indoor_nav/research/continuation_memory_v1/strong_backbone_recovery_v1/recovery_confirmation_v2/runs/confirmation_001/unseen/evaluation/gpu2_1790348658423117554/episodes/21/COMPLETE.json
confirmation_unseen_partial,22,QUCTc6BB5sX,NATIVE,1.0,0.8284260370901381,64,projects/qwen35_indoor_nav/research/continuation_memory_v1/strong_backbone_recovery_v1/recovery_confirmation_v2/runs/confirmation_001/unseen/evaluation/gpu2_1790348658423117554/episodes/22/NATIVE/TRACE.jsonl,72326f0aa4dd42e8a91568d70c615a0c67ac20a46206dbda5aba6a91667876d1,projects/qwen35_indoor_nav/research/continuation_memory_v1/strong_backbone_recovery_v1/recovery_confirmation_v2/runs/confirmation_001/unseen/evaluation/gpu2_1790348658423117554/episodes/22/COMPLETE.json
confirmation_unseen_partial,22,QUCTc6BB5sX,CONCAT_s44,1.0,0.8284260370901381,64,projects/qwen35_indoor_nav/research/continuation_memory_v1/strong_backbone_recovery_v1/recovery_confirmation_v2/runs/confirmation_001/unseen/evaluation/gpu2_1790348658423117554/episodes/22/CONCAT_s44/TRACE.jsonl,d05d9d3b688af2c872eab12c9d28184faa5b2c5558edb3b8e1b162c43843fbc5,projects/qwen35_indoor_nav/research/continuation_memory_v1/strong_backbone_recovery_v1/recovery_confirmation_v2/runs/confirmation_001/unseen/evaluation/gpu2_1790348658423117554/episodes/22/COMPLETE.json
confirmation_unseen_partial,22,QUCTc6BB5sX,LOCAL_s44,1.0,0.8284260370901381,64,projects/qwen35_indoor_nav/research/continuation_memory_v1/strong_backbone_recovery_v1/recovery_confirmation_v2/runs/confirmation_001/unseen/evaluation/gpu2_1790348658423117554/episodes/22/LOCAL_s44/TRACE.jsonl,7fb667dbd53b76a34bc4482295e2daf39487162c1ca4336447624adbe822555e,projects/qwen35_indoor_nav/research/continuation_memory_v1/strong_backbone_recovery_v1/recovery_confirmation_v2/runs/confirmation_001/unseen/evaluation/gpu2_1790348658423117554/episodes/22/COMPLETE.json
confirmation_unseen_partial,22,QUCTc6BB5sX,CONCAT_s42,0.0,0.0,79,projects/qwen35_indoor_nav/research/continuation_memory_v1/strong_backbone_recovery_v1/recovery_confirmation_v2/runs/confirmation_001/unseen/evaluation/gpu2_1790348658423117554/episodes/22/CONCAT_s42/TRACE.jsonl,674420e64ffa8cfa580e7633a24b110f93635d01ce1ed1944af7538835616e29,projects/qwen35_indoor_nav/research/continuation_memory_v1/strong_backbone_recovery_v1/recovery_confirmation_v2/runs/confirmation_001/unseen/evaluation/gpu2_1790348658423117554/episodes/22/COMPLETE.json
confirmation_unseen_partial,22,QUCTc6BB5sX,LOCAL_s42,0.0,0.0,77,projects/qwen35_indoor_nav/research/continuation_memory_v1/strong_backbone_recovery_v1/recovery_confirmation_v2/runs/confirmation_001/unseen/evaluation/gpu2_1790348658423117554/episodes/22/LOCAL_s42/TRACE.jsonl,1cac0cdbf114c07e8a535cae53aed6468c733ae2816c9d8e6b89024ebd5297d6,projects/qwen35_indoor_nav/research/continuation_memory_v1/strong_backbone_recovery_v1/recovery_confirmation_v2/runs/confirmation_001/unseen/evaluation/gpu2_1790348658423117554/episodes/22/COMPLETE.json
confirmation_unseen_partial,22,QUCTc6BB5sX,CONCAT_s43,1.0,0.8284259963148967,64,projects/qwen35_indoor_nav/research/continuation_memory_v1/strong_backbone_recovery_v1/recovery_confirmation_v2/runs/confirmation_001/unseen/evaluation/gpu2_1790348658423117554/episodes/22/CONCAT_s43/TRACE.jsonl,5203b6d9a67710e98f1ad0a2687422dda5fff39b47da0edafe09dfd3fd4cbabf,projects/qwen35_indoor_nav/research/continuation_memory_v1/strong_backbone_recovery_v1/recovery_confirmation_v2/runs/confirmation_001/unseen/evaluation/gpu2_1790348658423117554/episodes/22/COMPLETE.json
confirmation_unseen_partial,22,QUCTc6BB5sX,LOCAL_s43,1.0,0.6866675942022789,73,projects/qwen35_indoor_nav/research/continuation_memory_v1/strong_backbone_recovery_v1/recovery_confirmation_v2/runs/confirmation_001/unseen/evaluation/gpu2_1790348658423117554/episodes/22/LOCAL_s43/TRACE.jsonl,2cd06ec4633edba2e3fac3f5dd821fd56167be2a7764bc4d68c0ed46b8479a96,projects/qwen35_indoor_nav/research/continuation_memory_v1/strong_backbone_recovery_v1/recovery_confirmation_v2/runs/confirmation_001/unseen/evaluation/gpu2_1790348658423117554/episodes/22/COMPLETE.json
confirmation_unseen_partial,23,TbHJrupSAjP,NATIVE,1.0,1.0,41,projects/qwen35_indoor_nav/research/continuation_memory_v1/strong_backbone_recovery_v1/recovery_confirmation_v2/runs/confirmation_001/unseen/evaluation/gpu2_1790348658423117554/episodes/23/NATIVE/TRACE.jsonl,fb8a1203d6143fc9cb203a22b93257285eaf1044e914d30c3711e3173c136106,projects/qwen35_indoor_nav/research/continuation_memory_v1/strong_backbone_recovery_v1/recovery_confirmation_v2/runs/confirmation_001/unseen/evaluation/gpu2_1790348658423117554/episodes/23/COMPLETE.json
confirmation_unseen_partial,23,TbHJrupSAjP,LOCAL_s44,1.0,1.0,41,projects/qwen35_indoor_nav/research/continuation_memory_v1/strong_backbone_recovery_v1/recovery_confirmation_v2/runs/confirmation_001/unseen/evaluation/gpu2_1790348658423117554/episodes/23/LOCAL_s44/TRACE.jsonl,9211bc93826b027c604b671d06b1917ee766c38a4598f9a1bbfbf91c75b43814,projects/qwen35_indoor_nav/research/continuation_memory_v1/strong_backbone_recovery_v1/recovery_confirmation_v2/runs/confirmation_001/unseen/evaluation/gpu2_1790348658423117554/episodes/23/COMPLETE.json
confirmation_unseen_partial,23,TbHJrupSAjP,CONCAT_s42,1.0,1.0,43,projects/qwen35_indoor_nav/research/continuation_memory_v1/strong_backbone_recovery_v1/recovery_confirmation_v2/runs/confirmation_001/unseen/evaluation/gpu2_1790348658423117554/episodes/23/CONCAT_s42/TRACE.jsonl,693d0f55537043938126ab28d53208dba009606f336731e8f7e8dce506faf680,projects/qwen35_indoor_nav/research/continuation_memory_v1/strong_backbone_recovery_v1/recovery_confirmation_v2/runs/confirmation_001/unseen/evaluation/gpu2_1790348658423117554/episodes/23/COMPLETE.json
confirmation_unseen_partial,23,TbHJrupSAjP,LOCAL_s42,1.0,1.0,41,projects/qwen35_indoor_nav/research/continuation_memory_v1/strong_backbone_recovery_v1/recovery_confirmation_v2/runs/confirmation_001/unseen/evaluation/gpu2_1790348658423117554/episodes/23/LOCAL_s42/TRACE.jsonl,4e8b1f08d63355c9779de660ba78abe2de2203986a041b6397d3e9540e1f8108,projects/qwen35_indoor_nav/research/continuation_memory_v1/strong_backbone_recovery_v1/recovery_confirmation_v2/runs/confirmation_001/unseen/evaluation/gpu2_1790348658423117554/episodes/23/COMPLETE.json
confirmation_unseen_partial,23,TbHJrupSAjP,CONCAT_s43,1.0,1.0,43,projects/qwen35_indoor_nav/research/continuation_memory_v1/strong_backbone_recovery_v1/recovery_confirmation_v2/runs/confirmation_001/unseen/evaluation/gpu2_1790348658423117554/episodes/23/CONCAT_s43/TRACE.jsonl,b5919ec48f9b9766ad1167eee9d776d39b1d4575644fa68342c89243282aee6e,projects/qwen35_indoor_nav/research/continuation_memory_v1/strong_backbone_recovery_v1/recovery_confirmation_v2/runs/confirmation_001/unseen/evaluation/gpu2_1790348658423117554/episodes/23/COMPLETE.json
confirmation_unseen_partial,23,TbHJrupSAjP,LOCAL_s43,1.0,1.0,41,projects/qwen35_indoor_nav/research/continuation_memory_v1/strong_backbone_recovery_v1/recovery_confirmation_v2/runs/confirmation_001/unseen/evaluation/gpu2_1790348658423117554/episodes/23/LOCAL_s43/TRACE.jsonl,bd5efbeb719332c782923a9518cc4e4ed1d3d146dfc5f15cd078f32a4956c233,projects/qwen35_indoor_nav/research/continuation_memory_v1/strong_backbone_recovery_v1/recovery_confirmation_v2/runs/confirmation_001/unseen/evaluation/gpu2_1790348658423117554/episodes/23/COMPLETE.json
confirmation_unseen_partial,23,TbHJrupSAjP,CONCAT_s44,1.0,1.0,43,projects/qwen35_indoor_nav/research/continuation_memory_v1/strong_backbone_recovery_v1/recovery_confirmation_v2/runs/confirmation_001/unseen/evaluation/gpu2_1790348658423117554/episodes/23/CONCAT_s44/TRACE.jsonl,95af682ab915898f76d49376a2ca7e1d1483ecab576bce0f4e20d8125a76a319,projects/qwen35_indoor_nav/research/continuation_memory_v1/strong_backbone_recovery_v1/recovery_confirmation_v2/runs/confirmation_001/unseen/evaluation/gpu2_1790348658423117554/episodes/23/COMPLETE.json
confirmation_unseen_partial,40,QUCTc6BB5sX,NATIVE,1.0,0.9630934743097553,54,projects/qwen35_indoor_nav/research/continuation_memory_v1/strong_backbone_recovery_v1/recovery_confirmation_v2/runs/confirmation_001/unseen/evaluation/gpu5_1790348658871361317/episodes/40/NATIVE/TRACE.jsonl,4bd5ccd30bef69dbc458378efe41557ca17b46f8eb8c7c40803a96a30f8f2560,projects/qwen35_indoor_nav/research/continuation_memory_v1/strong_backbone_recovery_v1/recovery_confirmation_v2/runs/confirmation_001/unseen/evaluation/gpu5_1790348658871361317/episodes/40/COMPLETE.json
confirmation_unseen_partial,40,QUCTc6BB5sX,CONCAT_s44,1.0,0.9630934743097553,54,projects/qwen35_indoor_nav/research/continuation_memory_v1/strong_backbone_recovery_v1/recovery_confirmation_v2/runs/confirmation_001/unseen/evaluation/gpu5_1790348658871361317/episodes/40/CONCAT_s44/TRACE.jsonl,ec83306ae504d647cffc96684ffd35290398cb709ac1e77885da60e1fa62fccc,projects/qwen35_indoor_nav/research/continuation_memory_v1/strong_backbone_recovery_v1/recovery_confirmation_v2/runs/confirmation_001/unseen/evaluation/gpu5_1790348658871361317/episodes/40/COMPLETE.json
confirmation_unseen_partial,40,QUCTc6BB5sX,LOCAL_s44,1.0,0.9630934743097553,54,projects/qwen35_indoor_nav/research/continuation_memory_v1/strong_backbone_recovery_v1/recovery_confirmation_v2/runs/confirmation_001/unseen/evaluation/gpu5_1790348658871361317/episodes/40/LOCAL_s44/TRACE.jsonl,30dd54bd342b6c7b9c778c90f24a071f6391e8d9a937f506bd408273f2fe6524,projects/qwen35_indoor_nav/research/continuation_memory_v1/strong_backbone_recovery_v1/recovery_confirmation_v2/runs/confirmation_001/unseen/evaluation/gpu5_1790348658871361317/episodes/40/COMPLETE.json
confirmation_unseen_partial,40,QUCTc6BB5sX,CONCAT_s42,1.0,0.9630934743097553,54,projects/qwen35_indoor_nav/research/continuation_memory_v1/strong_backbone_recovery_v1/recovery_confirmation_v2/runs/confirmation_001/unseen/evaluation/gpu5_1790348658871361317/episodes/40/CONCAT_s42/TRACE.jsonl,e2af0488c7032bf9cc9bc9834ef4e8bb0b5f33a2a05c702d062642e61eebfc78,projects/qwen35_indoor_nav/research/continuation_memory_v1/strong_backbone_recovery_v1/recovery_confirmation_v2/runs/confirmation_001/unseen/evaluation/gpu5_1790348658871361317/episodes/40/COMPLETE.json
confirmation_unseen_partial,40,QUCTc6BB5sX,LOCAL_s42,1.0,0.9630934743097553,54,projects/qwen35_indoor_nav/research/continuation_memory_v1/strong_backbone_recovery_v1/recovery_confirmation_v2/runs/confirmation_001/unseen/evaluation/gpu5_1790348658871361317/episodes/40/LOCAL_s42/TRACE.jsonl,66d905ae848ddc6f7b7236a2707808b284102beb2bf5d85f27ddb9484eb1939a,projects/qwen35_indoor_nav/research/continuation_memory_v1/strong_backbone_recovery_v1/recovery_confirmation_v2/runs/confirmation_001/unseen/evaluation/gpu5_1790348658871361317/episodes/40/COMPLETE.json
confirmation_unseen_partial,40,QUCTc6BB5sX,CONCAT_s43,1.0,0.9630934743097553,54,projects/qwen35_indoor_nav/research/continuation_memory_v1/strong_backbone_recovery_v1/recovery_confirmation_v2/runs/confirmation_001/unseen/evaluation/gpu5_1790348658871361317/episodes/40/CONCAT_s43/TRACE.jsonl,f4b790d8d42c347b8ad5c0b05b6bd4f58fcb78cfd73839cb37ca5b1bb75de1f3,projects/qwen35_indoor_nav/research/continuation_memory_v1/strong_backbone_recovery_v1/recovery_confirmation_v2/runs/confirmation_001/unseen/evaluation/gpu5_1790348658871361317/episodes/40/COMPLETE.json
confirmation_unseen_partial,40,QUCTc6BB5sX,LOCAL_s43,1.0,0.9630934743097553,54,projects/qwen35_indoor_nav/research/continuation_memory_v1/strong_backbone_recovery_v1/recovery_confirmation_v2/runs/confirmation_001/unseen/evaluation/gpu5_1790348658871361317/episodes/40/LOCAL_s43/TRACE.jsonl,b444f6115814a11b5623585933702140236d1b554d4f498ccfdaa22909469084,projects/qwen35_indoor_nav/research/continuation_memory_v1/strong_backbone_recovery_v1/recovery_confirmation_v2/runs/confirmation_001/unseen/evaluation/gpu5_1790348658871361317/episodes/40/COMPLETE.json
confirmation_unseen_partial,41,TbHJrupSAjP,NATIVE,1.0,0.8877898242790044,58,projects/qwen35_indoor_nav/research/continuation_memory_v1/strong_backbone_recovery_v1/recovery_confirmation_v2/runs/confirmation_001/unseen/evaluation/gpu5_1790348658871361317/episodes/41/NATIVE/TRACE.jsonl,e387e1089df774c462c64565aa3883628afb39021c713a2771d358c9c1cc9dd8,projects/qwen35_indoor_nav/research/continuation_memory_v1/strong_backbone_recovery_v1/recovery_confirmation_v2/runs/confirmation_001/unseen/evaluation/gpu5_1790348658871361317/episodes/41/COMPLETE.json
confirmation_unseen_partial,41,TbHJrupSAjP,LOCAL_s44,1.0,0.7998618157941294,58,projects/qwen35_indoor_nav/research/continuation_memory_v1/strong_backbone_recovery_v1/recovery_confirmation_v2/runs/confirmation_001/unseen/evaluation/gpu5_1790348658871361317/episodes/41/LOCAL_s44/TRACE.jsonl,fc098ab15fbc43c16fdc286f909093a08e6c2b92d5293e358df79001ecb05098,projects/qwen35_indoor_nav/research/continuation_memory_v1/strong_backbone_recovery_v1/recovery_confirmation_v2/runs/confirmation_001/unseen/evaluation/gpu5_1790348658871361317/episodes/41/COMPLETE.json
confirmation_unseen_partial,41,TbHJrupSAjP,CONCAT_s42,1.0,0.7998618157941294,58,projects/qwen35_indoor_nav/research/continuation_memory_v1/strong_backbone_recovery_v1/recovery_confirmation_v2/runs/confirmation_001/unseen/evaluation/gpu5_1790348658871361317/episodes/41/CONCAT_s42/TRACE.jsonl,69d4eb578c54dd8f04a50346a5daa222e82f29ae7671416bdfd0bb68819614a1,projects/qwen35_indoor_nav/research/continuation_memory_v1/strong_backbone_recovery_v1/recovery_confirmation_v2/runs/confirmation_001/unseen/evaluation/gpu5_1790348658871361317/episodes/41/COMPLETE.json
confirmation_unseen_partial,41,TbHJrupSAjP,LOCAL_s42,1.0,0.7998618157941294,58,projects/qwen35_indoor_nav/research/continuation_memory_v1/strong_backbone_recovery_v1/recovery_confirmation_v2/runs/confirmation_001/unseen/evaluation/gpu5_1790348658871361317/episodes/41/LOCAL_s42/TRACE.jsonl,8aff6d9e241312692a158292f445b115722f0141ca3c4fc1083a12101ead6439,projects/qwen35_indoor_nav/research/continuation_memory_v1/strong_backbone_recovery_v1/recovery_confirmation_v2/runs/confirmation_001/unseen/evaluation/gpu5_1790348658871361317/episodes/41/COMPLETE.json
confirmation_unseen_partial,41,TbHJrupSAjP,CONCAT_s43,1.0,0.7998618157941294,58,projects/qwen35_indoor_nav/research/continuation_memory_v1/strong_backbone_recovery_v1/recovery_confirmation_v2/runs/confirmation_001/unseen/evaluation/gpu5_1790348658871361317/episodes/41/CONCAT_s43/TRACE.jsonl,c43b95ea6c438139dbe861adc7a2bffb2ab3128a8f48c050729d2adcc34baa87,projects/qwen35_indoor_nav/research/continuation_memory_v1/strong_backbone_recovery_v1/recovery_confirmation_v2/runs/confirmation_001/unseen/evaluation/gpu5_1790348658871361317/episodes/41/COMPLETE.json
confirmation_unseen_partial,41,TbHJrupSAjP,LOCAL_s43,1.0,0.7998618157941294,58,projects/qwen35_indoor_nav/research/continuation_memory_v1/strong_backbone_recovery_v1/recovery_confirmation_v2/runs/confirmation_001/unseen/evaluation/gpu5_1790348658871361317/episodes/41/LOCAL_s43/TRACE.jsonl,3fa69b7e440a619d262c4517bfe86278a68a07ac904f69566f43590652ce1e4a,projects/qwen35_indoor_nav/research/continuation_memory_v1/strong_backbone_recovery_v1/recovery_confirmation_v2/runs/confirmation_001/unseen/evaluation/gpu5_1790348658871361317/episodes/41/COMPLETE.json
confirmation_unseen_partial,41,TbHJrupSAjP,CONCAT_s44,1.0,0.7998618157941294,58,projects/qwen35_indoor_nav/research/continuation_memory_v1/strong_backbone_recovery_v1/recovery_confirmation_v2/runs/confirmation_001/unseen/evaluation/gpu5_1790348658871361317/episodes/41/CONCAT_s44/TRACE.jsonl,0d3aac0ed38c5205f503cbe0202ee5567ec23b41da234db2f590e215a5529703,projects/qwen35_indoor_nav/research/continuation_memory_v1/strong_backbone_recovery_v1/recovery_confirmation_v2/runs/confirmation_001/unseen/evaluation/gpu5_1790348658871361317/episodes/41/COMPLETE.json
confirmation_unseen_partial,42,X7HyMhZNoso,NATIVE,0.0,0.0,82,projects/qwen35_indoor_nav/research/continuation_memory_v1/strong_backbone_recovery_v1/recovery_confirmation_v2/runs/confirmation_001/unseen/evaluation/gpu5_1790348658871361317/episodes/42/NATIVE/TRACE.jsonl,59acc76f62262ac541efb5b20abb1eaaf03a0b58dd11537b69a3579572c671b7,projects/qwen35_indoor_nav/research/continuation_memory_v1/strong_backbone_recovery_v1/recovery_confirmation_v2/runs/confirmation_001/unseen/evaluation/gpu5_1790348658871361317/episodes/42/COMPLETE.json
confirmation_unseen_partial,42,X7HyMhZNoso,CONCAT_s42,0.0,0.0,82,projects/qwen35_indoor_nav/research/continuation_memory_v1/strong_backbone_recovery_v1/recovery_confirmation_v2/runs/confirmation_001/unseen/evaluation/gpu5_1790348658871361317/episodes/42/CONCAT_s42/TRACE.jsonl,4ea816078ade3e35817e0c3a6cf573966d1f5f0aadf075e065049cc3134095e6,projects/qwen35_indoor_nav/research/continuation_memory_v1/strong_backbone_recovery_v1/recovery_confirmation_v2/runs/confirmation_001/unseen/evaluation/gpu5_1790348658871361317/episodes/42/COMPLETE.json
confirmation_unseen_partial,42,X7HyMhZNoso,LOCAL_s42,0.0,0.0,74,projects/qwen35_indoor_nav/research/continuation_memory_v1/strong_backbone_recovery_v1/recovery_confirmation_v2/runs/confirmation_001/unseen/evaluation/gpu5_1790348658871361317/episodes/42/LOCAL_s42/TRACE.jsonl,9cd2bc4ae67ebd94e9c53482e4df2558e5951a63154b263c940fe3608f4f051e,projects/qwen35_indoor_nav/research/continuation_memory_v1/strong_backbone_recovery_v1/recovery_confirmation_v2/runs/confirmation_001/unseen/evaluation/gpu5_1790348658871361317/episodes/42/COMPLETE.json
confirmation_unseen_partial,42,X7HyMhZNoso,CONCAT_s43,0.0,0.0,74,projects/qwen35_indoor_nav/research/continuation_memory_v1/strong_backbone_recovery_v1/recovery_confirmation_v2/runs/confirmation_001/unseen/evaluation/gpu5_1790348658871361317/episodes/42/CONCAT_s43/TRACE.jsonl,e72998821c1af4fcfcedf3d15ca08646a327b99a8f807754adb83147d700e3b9,projects/qwen35_indoor_nav/research/continuation_memory_v1/strong_backbone_recovery_v1/recovery_confirmation_v2/runs/confirmation_001/unseen/evaluation/gpu5_1790348658871361317/episodes/42/COMPLETE.json
confirmation_unseen_partial,42,X7HyMhZNoso,LOCAL_s43,0.0,0.0,105,projects/qwen35_indoor_nav/research/continuation_memory_v1/strong_backbone_recovery_v1/recovery_confirmation_v2/runs/confirmation_001/unseen/evaluation/gpu5_1790348658871361317/episodes/42/LOCAL_s43/TRACE.jsonl,5aeca7913de60a048585c66148794171e6a19347e225747c96b64a2730f87535,projects/qwen35_indoor_nav/research/continuation_memory_v1/strong_backbone_recovery_v1/recovery_confirmation_v2/runs/confirmation_001/unseen/evaluation/gpu5_1790348658871361317/episodes/42/COMPLETE.json
confirmation_unseen_partial,42,X7HyMhZNoso,CONCAT_s44,0.0,0.0,74,projects/qwen35_indoor_nav/research/continuation_memory_v1/strong_backbone_recovery_v1/recovery_confirmation_v2/runs/confirmation_001/unseen/evaluation/gpu5_1790348658871361317/episodes/42/CONCAT_s44/TRACE.jsonl,1299423c6421e8e2b38d4129264a74d3d76bad8ae0bcdc4038eaf51f46e6ec78,projects/qwen35_indoor_nav/research/continuation_memory_v1/strong_backbone_recovery_v1/recovery_confirmation_v2/runs/confirmation_001/unseen/evaluation/gpu5_1790348658871361317/episodes/42/COMPLETE.json
confirmation_unseen_partial,42,X7HyMhZNoso,LOCAL_s44,0.0,0.0,105,projects/qwen35_indoor_nav/research/continuation_memory_v1/strong_backbone_recovery_v1/recovery_confirmation_v2/runs/confirmation_001/unseen/evaluation/gpu5_1790348658871361317/episodes/42/LOCAL_s44/TRACE.jsonl,a899c4bb59cc3c0d93e0ed3bb681fec1e3d25e41f6ce8888dfe4e254729dc83c,projects/qwen35_indoor_nav/research/continuation_memory_v1/strong_backbone_recovery_v1/recovery_confirmation_v2/runs/confirmation_001/unseen/evaluation/gpu5_1790348658871361317/episodes/42/COMPLETE.json
confirmation_unseen_partial,43,Z6MFQCViBuw,NATIVE,1.0,0.9496567384509217,96,projects/qwen35_indoor_nav/research/continuation_memory_v1/strong_backbone_recovery_v1/recovery_confirmation_v2/runs/confirmation_001/unseen/evaluation/gpu5_1790348658871361317/episodes/43/NATIVE/TRACE.jsonl,933b4141c841bcc18f18c3ddbcca9ac8a26389720fc99380fd1de42470322916,projects/qwen35_indoor_nav/research/continuation_memory_v1/strong_backbone_recovery_v1/recovery_confirmation_v2/runs/confirmation_001/unseen/evaluation/gpu5_1790348658871361317/episodes/43/COMPLETE.json
confirmation_unseen_partial,43,Z6MFQCViBuw,LOCAL_s42,1.0,0.9496567384509217,96,projects/qwen35_indoor_nav/research/continuation_memory_v1/strong_backbone_recovery_v1/recovery_confirmation_v2/runs/confirmation_001/unseen/evaluation/gpu5_1790348658871361317/episodes/43/LOCAL_s42/TRACE.jsonl,9ee05e37a0e5c4e303f75c6c67e6fe3487a4ceee27bf5a33ef369351826e0aff,projects/qwen35_indoor_nav/research/continuation_memory_v1/strong_backbone_recovery_v1/recovery_confirmation_v2/runs/confirmation_001/unseen/evaluation/gpu5_1790348658871361317/episodes/43/COMPLETE.json
confirmation_unseen_partial,43,Z6MFQCViBuw,CONCAT_s43,1.0,0.9496567384509217,96,projects/qwen35_indoor_nav/research/continuation_memory_v1/strong_backbone_recovery_v1/recovery_confirmation_v2/runs/confirmation_001/unseen/evaluation/gpu5_1790348658871361317/episodes/43/CONCAT_s43/TRACE.jsonl,008a04dc99d570a97512a7985017b8931ab8e26867755f0d7e342c82ce2ae544,projects/qwen35_indoor_nav/research/continuation_memory_v1/strong_backbone_recovery_v1/recovery_confirmation_v2/runs/confirmation_001/unseen/evaluation/gpu5_1790348658871361317/episodes/43/COMPLETE.json
confirmation_unseen_partial,43,Z6MFQCViBuw,LOCAL_s43,1.0,0.9484418167369341,99,projects/qwen35_indoor_nav/research/continuation_memory_v1/strong_backbone_recovery_v1/recovery_confirmation_v2/runs/confirmation_001/unseen/evaluation/gpu5_1790348658871361317/episodes/43/LOCAL_s43/TRACE.jsonl,f53384a2fbfddcdd7da5ebf3741410ad0f7b84a91e515db6dc077168c37aba30,projects/qwen35_indoor_nav/research/continuation_memory_v1/strong_backbone_recovery_v1/recovery_confirmation_v2/runs/confirmation_001/unseen/evaluation/gpu5_1790348658871361317/episodes/43/COMPLETE.json
confirmation_unseen_partial,43,Z6MFQCViBuw,CONCAT_s44,1.0,0.9496567384509217,96,projects/qwen35_indoor_nav/research/continuation_memory_v1/strong_backbone_recovery_v1/recovery_confirmation_v2/runs/confirmation_001/unseen/evaluation/gpu5_1790348658871361317/episodes/43/CONCAT_s44/TRACE.jsonl,e40738ab461b30433d1bdc4d992992238ab68fcfccc413266a7e203ce3c9ccea,projects/qwen35_indoor_nav/research/continuation_memory_v1/strong_backbone_recovery_v1/recovery_confirmation_v2/runs/confirmation_001/unseen/evaluation/gpu5_1790348658871361317/episodes/43/COMPLETE.json
confirmation_unseen_partial,43,Z6MFQCViBuw,LOCAL_s44,1.0,0.9484418167369341,99,projects/qwen35_indoor_nav/research/continuation_memory_v1/strong_backbone_recovery_v1/recovery_confirmation_v2/runs/confirmation_001/unseen/evaluation/gpu5_1790348658871361317/episodes/43/LOCAL_s44/TRACE.jsonl,4446f9d91bd6bd81e168514e19046db217028e1ae7d5a28c5999eade653680ae,projects/qwen35_indoor_nav/research/continuation_memory_v1/strong_backbone_recovery_v1/recovery_confirmation_v2/runs/confirmation_001/unseen/evaluation/gpu5_1790348658871361317/episodes/43/COMPLETE.json
confirmation_unseen_partial,43,Z6MFQCViBuw,CONCAT_s42,1.0,0.9496567384509217,96,projects/qwen35_indoor_nav/research/continuation_memory_v1/strong_backbone_recovery_v1/recovery_confirmation_v2/runs/confirmation_001/unseen/evaluation/gpu5_1790348658871361317/episodes/43/CONCAT_s42/TRACE.jsonl,a0690a8a74ae451f4958bf5a6b6efeda0c990ed696aa55698767040d15caefd7,projects/qwen35_indoor_nav/research/continuation_memory_v1/strong_backbone_recovery_v1/recovery_confirmation_v2/runs/confirmation_001/unseen/evaluation/gpu5_1790348658871361317/episodes/43/COMPLETE.json
confirmation_unseen_partial,44,oLBMNvg9in8,NATIVE,1.0,1.0,28,projects/qwen35_indoor_nav/research/continuation_memory_v1/strong_backbone_recovery_v1/recovery_confirmation_v2/runs/confirmation_001/unseen/evaluation/gpu5_1790348658871361317/episodes/44/NATIVE/TRACE.jsonl,d5d06c4502f106101eca3e74ca79b5857fdf509315f49a0f9815fc3285e1f96f,projects/qwen35_indoor_nav/research/continuation_memory_v1/strong_backbone_recovery_v1/recovery_confirmation_v2/runs/confirmation_001/unseen/evaluation/gpu5_1790348658871361317/episodes/44/COMPLETE.json
confirmation_unseen_partial,44,oLBMNvg9in8,CONCAT_s43,1.0,1.0,28,projects/qwen35_indoor_nav/research/continuation_memory_v1/strong_backbone_recovery_v1/recovery_confirmation_v2/runs/confirmation_001/unseen/evaluation/gpu5_1790348658871361317/episodes/44/CONCAT_s43/TRACE.jsonl,47bfb7e1604f3bcef21a46e8cd418b3786f2ebaff9f567aa112de3cabacdd005,projects/qwen35_indoor_nav/research/continuation_memory_v1/strong_backbone_recovery_v1/recovery_confirmation_v2/runs/confirmation_001/unseen/evaluation/gpu5_1790348658871361317/episodes/44/COMPLETE.json
confirmation_unseen_partial,44,oLBMNvg9in8,LOCAL_s43,1.0,0.830917110340166,49,projects/qwen35_indoor_nav/research/continuation_memory_v1/strong_backbone_recovery_v1/recovery_confirmation_v2/runs/confirmation_001/unseen/evaluation/gpu5_1790348658871361317/episodes/44/LOCAL_s43/TRACE.jsonl,eee8f4f048562d6eb344b3af8afb009f1a6998673dbece01655024f1f625327d,projects/qwen35_indoor_nav/research/continuation_memory_v1/strong_backbone_recovery_v1/recovery_confirmation_v2/runs/confirmation_001/unseen/evaluation/gpu5_1790348658871361317/episodes/44/COMPLETE.json
confirmation_unseen_partial,44,oLBMNvg9in8,CONCAT_s44,1.0,1.0,28,projects/qwen35_indoor_nav/research/continuation_memory_v1/strong_backbone_recovery_v1/recovery_confirmation_v2/runs/confirmation_001/unseen/evaluation/gpu5_1790348658871361317/episodes/44/CONCAT_s44/TRACE.jsonl,e0d28ef9ade74a11e6a8c6d3c09f7f9530b1245507282e64294c71d684268c76,projects/qwen35_indoor_nav/research/continuation_memory_v1/strong_backbone_recovery_v1/recovery_confirmation_v2/runs/confirmation_001/unseen/evaluation/gpu5_1790348658871361317/episodes/44/COMPLETE.json
confirmation_unseen_partial,44,oLBMNvg9in8,LOCAL_s44,1.0,0.830917110340166,49,projects/qwen35_indoor_nav/research/continuation_memory_v1/strong_backbone_recovery_v1/recovery_confirmation_v2/runs/confirmation_001/unseen/evaluation/gpu5_1790348658871361317/episodes/44/LOCAL_s44/TRACE.jsonl,3aa6b1c7b4c2ee707817ec274e9274122e5ea6f0368f8f8f19b004e0a87386d0,projects/qwen35_indoor_nav/research/continuation_memory_v1/strong_backbone_recovery_v1/recovery_confirmation_v2/runs/confirmation_001/unseen/evaluation/gpu5_1790348658871361317/episodes/44/COMPLETE.json
confirmation_unseen_partial,44,oLBMNvg9in8,CONCAT_s42,1.0,1.0,28,projects/qwen35_indoor_nav/research/continuation_memory_v1/strong_backbone_recovery_v1/recovery_confirmation_v2/runs/confirmation_001/unseen/evaluation/gpu5_1790348658871361317/episodes/44/CONCAT_s42/TRACE.jsonl,8d24e41b5a40b25d03ce007486be07fa25a4cefb9b2fbf5a8776d997b89329c8,projects/qwen35_indoor_nav/research/continuation_memory_v1/strong_backbone_recovery_v1/recovery_confirmation_v2/runs/confirmation_001/unseen/evaluation/gpu5_1790348658871361317/episodes/44/COMPLETE.json
confirmation_unseen_partial,44,oLBMNvg9in8,LOCAL_s42,1.0,1.0,28,projects/qwen35_indoor_nav/research/continuation_memory_v1/strong_backbone_recovery_v1/recovery_confirmation_v2/runs/confirmation_001/unseen/evaluation/gpu5_1790348658871361317/episodes/44/LOCAL_s42/TRACE.jsonl,d0ef1ce13f76ea5bc52343d654d286e9974c0a5cc6d7d77f337ebe2f54f693ea,projects/qwen35_indoor_nav/research/continuation_memory_v1/strong_backbone_recovery_v1/recovery_confirmation_v2/runs/confirmation_001/unseen/evaluation/gpu5_1790348658871361317/episodes/44/COMPLETE.json
confirmation_unseen_partial,45,x8F5xyUWy9e,NATIVE,1.0,1.0,36,projects/qwen35_indoor_nav/research/continuation_memory_v1/strong_backbone_recovery_v1/recovery_confirmation_v2/runs/confirmation_001/unseen/evaluation/gpu5_1790348658871361317/episodes/45/NATIVE/TRACE.jsonl,e5d5f3c961b8ca8512bf8e9a85916a605376f55c5cee3cd08081eafcb2f3c9f1,projects/qwen35_indoor_nav/research/continuation_memory_v1/strong_backbone_recovery_v1/recovery_confirmation_v2/runs/confirmation_001/unseen/evaluation/gpu5_1790348658871361317/episodes/45/COMPLETE.json
confirmation_unseen_partial,45,x8F5xyUWy9e,LOCAL_s43,1.0,1.0,36,projects/qwen35_indoor_nav/research/continuation_memory_v1/strong_backbone_recovery_v1/recovery_confirmation_v2/runs/confirmation_001/unseen/evaluation/gpu5_1790348658871361317/episodes/45/LOCAL_s43/TRACE.jsonl,b0fe2c5b5e132c9ae2a2d3fb14ff5ae9b04e70f1f72627ea452881978832f17a,projects/qwen35_indoor_nav/research/continuation_memory_v1/strong_backbone_recovery_v1/recovery_confirmation_v2/runs/confirmation_001/unseen/evaluation/gpu5_1790348658871361317/episodes/45/COMPLETE.json
confirmation_unseen_partial,45,x8F5xyUWy9e,CONCAT_s44,1.0,1.0,36,projects/qwen35_indoor_nav/research/continuation_memory_v1/strong_backbone_recovery_v1/recovery_confirmation_v2/runs/confirmation_001/unseen/evaluation/gpu5_1790348658871361317/episodes/45/CONCAT_s44/TRACE.jsonl,b54772c6b6e990f3ea92d06a87760c1b2a12366b84de3694d039bc4191e77d9e,projects/qwen35_indoor_nav/research/continuation_memory_v1/strong_backbone_recovery_v1/recovery_confirmation_v2/runs/confirmation_001/unseen/evaluation/gpu5_1790348658871361317/episodes/45/COMPLETE.json
confirmation_unseen_partial,45,x8F5xyUWy9e,LOCAL_s44,1.0,1.0,36,projects/qwen35_indoor_nav/research/continuation_memory_v1/strong_backbone_recovery_v1/recovery_confirmation_v2/runs/confirmation_001/unseen/evaluation/gpu5_1790348658871361317/episodes/45/LOCAL_s44/TRACE.jsonl,5c9256719a954b0094e59d01f5788e3e879e5fdf11701c87ec2e7ee3b95bf02e,projects/qwen35_indoor_nav/research/continuation_memory_v1/strong_backbone_recovery_v1/recovery_confirmation_v2/runs/confirmation_001/unseen/evaluation/gpu5_1790348658871361317/episodes/45/COMPLETE.json
confirmation_unseen_partial,45,x8F5xyUWy9e,CONCAT_s42,1.0,1.0,36,projects/qwen35_indoor_nav/research/continuation_memory_v1/strong_backbone_recovery_v1/recovery_confirmation_v2/runs/confirmation_001/unseen/evaluation/gpu5_1790348658871361317/episodes/45/CONCAT_s42/TRACE.jsonl,6c46ca853853b1bf15e64808742dc3978557156510e17194bd8e4fcd1347730e,projects/qwen35_indoor_nav/research/continuation_memory_v1/strong_backbone_recovery_v1/recovery_confirmation_v2/runs/confirmation_001/unseen/evaluation/gpu5_1790348658871361317/episodes/45/COMPLETE.json
confirmation_unseen_partial,45,x8F5xyUWy9e,LOCAL_s42,1.0,1.0,36,projects/qwen35_indoor_nav/research/continuation_memory_v1/strong_backbone_recovery_v1/recovery_confirmation_v2/runs/confirmation_001/unseen/evaluation/gpu5_1790348658871361317/episodes/45/LOCAL_s42/TRACE.jsonl,41d63f64ca2b14e69b5aff69a0a2b7725d997706e0dc946d26b62cb74e3bc431,projects/qwen35_indoor_nav/research/continuation_memory_v1/strong_backbone_recovery_v1/recovery_confirmation_v2/runs/confirmation_001/unseen/evaluation/gpu5_1790348658871361317/episodes/45/COMPLETE.json
confirmation_unseen_partial,45,x8F5xyUWy9e,CONCAT_s43,1.0,1.0,36,projects/qwen35_indoor_nav/research/continuation_memory_v1/strong_backbone_recovery_v1/recovery_confirmation_v2/runs/confirmation_001/unseen/evaluation/gpu5_1790348658871361317/episodes/45/CONCAT_s43/TRACE.jsonl,ceb12e717aeb09f65975dbd85c0a255bcb9b4eca148a84b6d3d47d28b337c3f8,projects/qwen35_indoor_nav/research/continuation_memory_v1/strong_backbone_recovery_v1/recovery_confirmation_v2/runs/confirmation_001/unseen/evaluation/gpu5_1790348658871361317/episodes/45/COMPLETE.json
confirmation_unseen_partial,46,zsNo4HB9uLZ,NATIVE,0.0,0.0,36,projects/qwen35_indoor_nav/research/continuation_memory_v1/strong_backbone_recovery_v1/recovery_confirmation_v2/runs/confirmation_001/unseen/evaluation/gpu5_1790348658871361317/episodes/46/NATIVE/TRACE.jsonl,06337f2ead2e4f9b0be1c82256bf1baee109937908c350b816d6953b701c9dc9,projects/qwen35_indoor_nav/research/continuation_memory_v1/strong_backbone_recovery_v1/recovery_confirmation_v2/runs/confirmation_001/unseen/evaluation/gpu5_1790348658871361317/episodes/46/COMPLETE.json
confirmation_unseen_partial,46,zsNo4HB9uLZ,CONCAT_s44,0.0,0.0,36,projects/qwen35_indoor_nav/research/continuation_memory_v1/strong_backbone_recovery_v1/recovery_confirmation_v2/runs/confirmation_001/unseen/evaluation/gpu5_1790348658871361317/episodes/46/CONCAT_s44/TRACE.jsonl,13f809343fa6ac3243effe5993ef067e52df21094cd680133946e72febd49b5e,projects/qwen35_indoor_nav/research/continuation_memory_v1/strong_backbone_recovery_v1/recovery_confirmation_v2/runs/confirmation_001/unseen/evaluation/gpu5_1790348658871361317/episodes/46/COMPLETE.json
confirmation_unseen_partial,46,zsNo4HB9uLZ,LOCAL_s44,0.0,0.0,33,projects/qwen35_indoor_nav/research/continuation_memory_v1/strong_backbone_recovery_v1/recovery_confirmation_v2/runs/confirmation_001/unseen/evaluation/gpu5_1790348658871361317/episodes/46/LOCAL_s44/TRACE.jsonl,e2461aab9b3e9f0a2528b19d7f0f8c0d7ffdf0c54697e44677cae22bd2f36f42,projects/qwen35_indoor_nav/research/continuation_memory_v1/strong_backbone_recovery_v1/recovery_confirmation_v2/runs/confirmation_001/unseen/evaluation/gpu5_1790348658871361317/episodes/46/COMPLETE.json
confirmation_unseen_partial,46,zsNo4HB9uLZ,CONCAT_s42,0.0,0.0,36,projects/qwen35_indoor_nav/research/continuation_memory_v1/strong_backbone_recovery_v1/recovery_confirmation_v2/runs/confirmation_001/unseen/evaluation/gpu5_1790348658871361317/episodes/46/CONCAT_s42/TRACE.jsonl,4fa2ef05408b9096177311a1aabb0adb0beebd062ba4e5870abad2eac097238e,projects/qwen35_indoor_nav/research/continuation_memory_v1/strong_backbone_recovery_v1/recovery_confirmation_v2/runs/confirmation_001/unseen/evaluation/gpu5_1790348658871361317/episodes/46/COMPLETE.json
confirmation_unseen_partial,46,zsNo4HB9uLZ,LOCAL_s42,0.0,0.0,33,projects/qwen35_indoor_nav/research/continuation_memory_v1/strong_backbone_recovery_v1/recovery_confirmation_v2/runs/confirmation_001/unseen/evaluation/gpu5_1790348658871361317/episodes/46/LOCAL_s42/TRACE.jsonl,d6bd3f7d78bd4089a9302c62e1c12c6e2e54f41b8bf1aba420b465171e9b0e39,projects/qwen35_indoor_nav/research/continuation_memory_v1/strong_backbone_recovery_v1/recovery_confirmation_v2/runs/confirmation_001/unseen/evaluation/gpu5_1790348658871361317/episodes/46/COMPLETE.json
confirmation_unseen_partial,46,zsNo4HB9uLZ,CONCAT_s43,0.0,0.0,36,projects/qwen35_indoor_nav/research/continuation_memory_v1/strong_backbone_recovery_v1/recovery_confirmation_v2/runs/confirmation_001/unseen/evaluation/gpu5_1790348658871361317/episodes/46/CONCAT_s43/TRACE.jsonl,f522fe2136c9b23832af753385c83efb86aba64bd17cef0f9ef554a942f79ab3,projects/qwen35_indoor_nav/research/continuation_memory_v1/strong_backbone_recovery_v1/recovery_confirmation_v2/runs/confirmation_001/unseen/evaluation/gpu5_1790348658871361317/episodes/46/COMPLETE.json
confirmation_unseen_partial,46,zsNo4HB9uLZ,LOCAL_s43,1.0,1.0,38,projects/qwen35_indoor_nav/research/continuation_memory_v1/strong_backbone_recovery_v1/recovery_confirmation_v2/runs/confirmation_001/unseen/evaluation/gpu5_1790348658871361317/episodes/46/LOCAL_s43/TRACE.jsonl,e950f8da3d2ddd3f66710e5d2654e9d5a2c6d5747382e3ed6dd410bbcf4d3f96,projects/qwen35_indoor_nav/research/continuation_memory_v1/strong_backbone_recovery_v1/recovery_confirmation_v2/runs/confirmation_001/unseen/evaluation/gpu5_1790348658871361317/episodes/46/COMPLETE.json
confirmation_unseen_partial,47,2azQ1b91cZZ,NATIVE,1.0,0.8751974631378543,70,projects/qwen35_indoor_nav/research/continuation_memory_v1/strong_backbone_recovery_v1/recovery_confirmation_v2/runs/confirmation_001/unseen/evaluation/gpu5_1790348658871361317/episodes/47/NATIVE/TRACE.jsonl,62a31a8ab1554149ae0563853da345d48a8cd5f64ac9e8ee0af62e596b026f4c,projects/qwen35_indoor_nav/research/continuation_memory_v1/strong_backbone_recovery_v1/recovery_confirmation_v2/runs/confirmation_001/unseen/evaluation/gpu5_1790348658871361317/episodes/47/COMPLETE.json
confirmation_unseen_partial,47,2azQ1b91cZZ,LOCAL_s44,1.0,0.8418914256524073,77,projects/qwen35_indoor_nav/research/continuation_memory_v1/strong_backbone_recovery_v1/recovery_confirmation_v2/runs/confirmation_001/unseen/evaluation/gpu5_1790348658871361317/episodes/47/LOCAL_s44/TRACE.jsonl,e000fdf9ee0f333101c1ef6ca70527af4c54eeec7d05315dfeb2847748191842,projects/qwen35_indoor_nav/research/continuation_memory_v1/strong_backbone_recovery_v1/recovery_confirmation_v2/runs/confirmation_001/unseen/evaluation/gpu5_1790348658871361317/episodes/47/COMPLETE.json
confirmation_unseen_partial,47,2azQ1b91cZZ,CONCAT_s42,1.0,0.8751974631378543,70,projects/qwen35_indoor_nav/research/continuation_memory_v1/strong_backbone_recovery_v1/recovery_confirmation_v2/runs/confirmation_001/unseen/evaluation/gpu5_1790348658871361317/episodes/47/CONCAT_s42/TRACE.jsonl,877d6371b73042c8789f8e91b898404de192c86e286f1e35a974b832f56bbba0,projects/qwen35_indoor_nav/research/continuation_memory_v1/strong_backbone_recovery_v1/recovery_confirmation_v2/runs/confirmation_001/unseen/evaluation/gpu5_1790348658871361317/episodes/47/COMPLETE.json
confirmation_unseen_partial,47,2azQ1b91cZZ,LOCAL_s42,1.0,0.8751974631378543,70,projects/qwen35_indoor_nav/research/continuation_memory_v1/strong_backbone_recovery_v1/recovery_confirmation_v2/runs/confirmation_001/unseen/evaluation/gpu5_1790348658871361317/episodes/47/LOCAL_s42/TRACE.jsonl,32996df1a84cff30d5dab8d5ac6568296a38d3075d9441e90f365a927f101bcd,projects/qwen35_indoor_nav/research/continuation_memory_v1/strong_backbone_recovery_v1/recovery_confirmation_v2/runs/confirmation_001/unseen/evaluation/gpu5_1790348658871361317/episodes/47/COMPLETE.json
confirmation_unseen_partial,47,2azQ1b91cZZ,CONCAT_s43,1.0,0.8751974631378543,70,projects/qwen35_indoor_nav/research/continuation_memory_v1/strong_backbone_recovery_v1/recovery_confirmation_v2/runs/confirmation_001/unseen/evaluation/gpu5_1790348658871361317/episodes/47/CONCAT_s43/TRACE.jsonl,7e37aaec21ce6a468d5426896aa8fb96c878482dae4ade85c2d6879567ff7b87,projects/qwen35_indoor_nav/research/continuation_memory_v1/strong_backbone_recovery_v1/recovery_confirmation_v2/runs/confirmation_001/unseen/evaluation/gpu5_1790348658871361317/episodes/47/COMPLETE.json
confirmation_unseen_partial,47,2azQ1b91cZZ,LOCAL_s43,1.0,0.8418914256524073,77,projects/qwen35_indoor_nav/research/continuation_memory_v1/strong_backbone_recovery_v1/recovery_confirmation_v2/runs/confirmation_001/unseen/evaluation/gpu5_1790348658871361317/episodes/47/LOCAL_s43/TRACE.jsonl,a90d2585a7d9aa6b3fdfd96b7d68dc376bbc234828eb56b8d5137f67a16116a3,projects/qwen35_indoor_nav/research/continuation_memory_v1/strong_backbone_recovery_v1/recovery_confirmation_v2/runs/confirmation_001/unseen/evaluation/gpu5_1790348658871361317/episodes/47/COMPLETE.json
confirmation_unseen_partial,47,2azQ1b91cZZ,CONCAT_s44,1.0,0.8751974631378543,70,projects/qwen35_indoor_nav/research/continuation_memory_v1/strong_backbone_recovery_v1/recovery_confirmation_v2/runs/confirmation_001/unseen/evaluation/gpu5_1790348658871361317/episodes/47/CONCAT_s44/TRACE.jsonl,e2b97947cdddd7a50d75828969c68b520193e8c6e9db463f72ca87256b247bb4,projects/qwen35_indoor_nav/research/continuation_memory_v1/strong_backbone_recovery_v1/recovery_confirmation_v2/runs/confirmation_001/unseen/evaluation/gpu5_1790348658871361317/episodes/47/COMPLETE.json
confirmation_unseen_partial,48,QUCTc6BB5sX,NATIVE,0.0,0.0,84,projects/qwen35_indoor_nav/research/continuation_memory_v1/strong_backbone_recovery_v1/recovery_confirmation_v2/runs/confirmation_001/unseen/evaluation/gpu6_1790348659019746236/episodes/48/NATIVE/TRACE.jsonl,57308bbc52005ff3eb671c28d5d3b6349ece5931569a16489dd3b942aab35ff4,projects/qwen35_indoor_nav/research/continuation_memory_v1/strong_backbone_recovery_v1/recovery_confirmation_v2/runs/confirmation_001/unseen/evaluation/gpu6_1790348659019746236/episodes/48/COMPLETE.json
confirmation_unseen_partial,48,QUCTc6BB5sX,CONCAT_s42,0.0,0.0,95,projects/qwen35_indoor_nav/research/continuation_memory_v1/strong_backbone_recovery_v1/recovery_confirmation_v2/runs/confirmation_001/unseen/evaluation/gpu6_1790348659019746236/episodes/48/CONCAT_s42/TRACE.jsonl,7fae5b0cb3a65cc3c809afc75463f3abd7df4ff7deb9e1bf4730b84e6bfb04c8,projects/qwen35_indoor_nav/research/continuation_memory_v1/strong_backbone_recovery_v1/recovery_confirmation_v2/runs/confirmation_001/unseen/evaluation/gpu6_1790348659019746236/episodes/48/COMPLETE.json
confirmation_unseen_partial,48,QUCTc6BB5sX,LOCAL_s42,0.0,0.0,81,projects/qwen35_indoor_nav/research/continuation_memory_v1/strong_backbone_recovery_v1/recovery_confirmation_v2/runs/confirmation_001/unseen/evaluation/gpu6_1790348659019746236/episodes/48/LOCAL_s42/TRACE.jsonl,b86fa239e6496bc517ce0bae65aac55484f0ebb29c9fe11577f049e64e1fd30e,projects/qwen35_indoor_nav/research/continuation_memory_v1/strong_backbone_recovery_v1/recovery_confirmation_v2/runs/confirmation_001/unseen/evaluation/gpu6_1790348659019746236/episodes/48/COMPLETE.json
confirmation_unseen_partial,48,QUCTc6BB5sX,CONCAT_s43,0.0,0.0,86,projects/qwen35_indoor_nav/research/continuation_memory_v1/strong_backbone_recovery_v1/recovery_confirmation_v2/runs/confirmation_001/unseen/evaluation/gpu6_1790348659019746236/episodes/48/CONCAT_s43/TRACE.jsonl,8c6b092ff07f2a71101cff1e07a928e2fd8d79421779017498b437383a5438fa,projects/qwen35_indoor_nav/research/continuation_memory_v1/strong_backbone_recovery_v1/recovery_confirmation_v2/runs/confirmation_001/unseen/evaluation/gpu6_1790348659019746236/episodes/48/COMPLETE.json
confirmation_unseen_partial,48,QUCTc6BB5sX,LOCAL_s43,0.0,0.0,85,projects/qwen35_indoor_nav/research/continuation_memory_v1/strong_backbone_recovery_v1/recovery_confirmation_v2/runs/confirmation_001/unseen/evaluation/gpu6_1790348659019746236/episodes/48/LOCAL_s43/TRACE.jsonl,04af56ae64b6e543bfd85fb50e9a1d7e140e98334defb3943c62332935c3a110,projects/qwen35_indoor_nav/research/continuation_memory_v1/strong_backbone_recovery_v1/recovery_confirmation_v2/runs/confirmation_001/unseen/evaluation/gpu6_1790348659019746236/episodes/48/COMPLETE.json
confirmation_unseen_partial,48,QUCTc6BB5sX,CONCAT_s44,0.0,0.0,77,projects/qwen35_indoor_nav/research/continuation_memory_v1/strong_backbone_recovery_v1/recovery_confirmation_v2/runs/confirmation_001/unseen/evaluation/gpu6_1790348659019746236/episodes/48/CONCAT_s44/TRACE.jsonl,cc2a4f65ee77b76a1a3206e5319f38d9e1e6e1eea89e683250c4b66e58120ace,projects/qwen35_indoor_nav/research/continuation_memory_v1/strong_backbone_recovery_v1/recovery_confirmation_v2/runs/confirmation_001/unseen/evaluation/gpu6_1790348659019746236/episodes/48/COMPLETE.json
confirmation_unseen_partial,48,QUCTc6BB5sX,LOCAL_s44,0.0,0.0,69,projects/qwen35_indoor_nav/research/continuation_memory_v1/strong_backbone_recovery_v1/recovery_confirmation_v2/runs/confirmation_001/unseen/evaluation/gpu6_1790348659019746236/episodes/48/LOCAL_s44/TRACE.jsonl,f4cc872932adfdeeca797286e60afe284f6a8d395752dc2cdf3e0ce8f3650035,projects/qwen35_indoor_nav/research/continuation_memory_v1/strong_backbone_recovery_v1/recovery_confirmation_v2/runs/confirmation_001/unseen/evaluation/gpu6_1790348659019746236/episodes/48/COMPLETE.json
confirmation_unseen_partial,49,TbHJrupSAjP,NATIVE,0.0,0.0,96,projects/qwen35_indoor_nav/research/continuation_memory_v1/strong_backbone_recovery_v1/recovery_confirmation_v2/runs/confirmation_001/unseen/evaluation/gpu6_1790348659019746236/episodes/49/NATIVE/TRACE.jsonl,5ed87102c45eb5f1bfcfaf5e256d33d8503addcf26bb718b5fd93b2e4352a60d,projects/qwen35_indoor_nav/research/continuation_memory_v1/strong_backbone_recovery_v1/recovery_confirmation_v2/runs/confirmation_001/unseen/evaluation/gpu6_1790348659019746236/episodes/49/COMPLETE.json
confirmation_unseen_partial,49,TbHJrupSAjP,LOCAL_s42,0.0,0.0,85,projects/qwen35_indoor_nav/research/continuation_memory_v1/strong_backbone_recovery_v1/recovery_confirmation_v2/runs/confirmation_001/unseen/evaluation/gpu6_1790348659019746236/episodes/49/LOCAL_s42/TRACE.jsonl,2e4b0c86c8ade652fc75f682da6727c8536bc561f67e920aacc7b93ac58905da,projects/qwen35_indoor_nav/research/continuation_memory_v1/strong_backbone_recovery_v1/recovery_confirmation_v2/runs/confirmation_001/unseen/evaluation/gpu6_1790348659019746236/episodes/49/COMPLETE.json
confirmation_unseen_partial,49,TbHJrupSAjP,CONCAT_s43,0.0,0.0,94,projects/qwen35_indoor_nav/research/continuation_memory_v1/strong_backbone_recovery_v1/recovery_confirmation_v2/runs/confirmation_001/unseen/evaluation/gpu6_1790348659019746236/episodes/49/CONCAT_s43/TRACE.jsonl,a41a1b5bdf9bed73d521fa2c97e4d4b225fccb2d133cdb411514e348fc5fecb3,projects/qwen35_indoor_nav/research/continuation_memory_v1/strong_backbone_recovery_v1/recovery_confirmation_v2/runs/confirmation_001/unseen/evaluation/gpu6_1790348659019746236/episodes/49/COMPLETE.json
confirmation_unseen_partial,49,TbHJrupSAjP,LOCAL_s43,0.0,0.0,85,projects/qwen35_indoor_nav/research/continuation_memory_v1/strong_backbone_recovery_v1/recovery_confirmation_v2/runs/confirmation_001/unseen/evaluation/gpu6_1790348659019746236/episodes/49/LOCAL_s43/TRACE.jsonl,bde76316c6505c4edc979f76d9a3ff44a52cc562d5c98f1eb1cbe7976fb21711,projects/qwen35_indoor_nav/research/continuation_memory_v1/strong_backbone_recovery_v1/recovery_confirmation_v2/runs/confirmation_001/unseen/evaluation/gpu6_1790348659019746236/episodes/49/COMPLETE.json
confirmation_unseen_partial,49,TbHJrupSAjP,CONCAT_s44,0.0,0.0,101,projects/qwen35_indoor_nav/research/continuation_memory_v1/strong_backbone_recovery_v1/recovery_confirmation_v2/runs/confirmation_001/unseen/evaluation/gpu6_1790348659019746236/episodes/49/CONCAT_s44/TRACE.jsonl,25bfd059477e37d7e1ee50440e67471e19f2f48bdb77c0877b50b563e5b0d5c7,projects/qwen35_indoor_nav/research/continuation_memory_v1/strong_backbone_recovery_v1/recovery_confirmation_v2/runs/confirmation_001/unseen/evaluation/gpu6_1790348659019746236/episodes/49/COMPLETE.json
confirmation_unseen_partial,49,TbHJrupSAjP,LOCAL_s44,0.0,0.0,85,projects/qwen35_indoor_nav/research/continuation_memory_v1/strong_backbone_recovery_v1/recovery_confirmation_v2/runs/confirmation_001/unseen/evaluation/gpu6_1790348659019746236/episodes/49/LOCAL_s44/TRACE.jsonl,40febe3358ea2212c7a8920ab3c45f902e34727e0f584c7928229645201d5374,projects/qwen35_indoor_nav/research/continuation_memory_v1/strong_backbone_recovery_v1/recovery_confirmation_v2/runs/confirmation_001/unseen/evaluation/gpu6_1790348659019746236/episodes/49/COMPLETE.json
confirmation_unseen_partial,49,TbHJrupSAjP,CONCAT_s42,0.0,0.0,82,projects/qwen35_indoor_nav/research/continuation_memory_v1/strong_backbone_recovery_v1/recovery_confirmation_v2/runs/confirmation_001/unseen/evaluation/gpu6_1790348659019746236/episodes/49/CONCAT_s42/TRACE.jsonl,0036069b9d80a97c87ff932a0e2fca9a3845af2eb4494f7fa0a1e54c1f87be74,projects/qwen35_indoor_nav/research/continuation_memory_v1/strong_backbone_recovery_v1/recovery_confirmation_v2/runs/confirmation_001/unseen/evaluation/gpu6_1790348659019746236/episodes/49/COMPLETE.json
confirmation_unseen_partial,50,X7HyMhZNoso,NATIVE,1.0,0.9493586286724562,46,projects/qwen35_indoor_nav/research/continuation_memory_v1/strong_backbone_recovery_v1/recovery_confirmation_v2/runs/confirmation_001/unseen/evaluation/gpu6_1790348659019746236/episodes/50/NATIVE/TRACE.jsonl,dee896e310545f3f35f979f2557312e96ada2bec4e840287987e0c8a8a09adeb,projects/qwen35_indoor_nav/research/continuation_memory_v1/strong_backbone_recovery_v1/recovery_confirmation_v2/runs/confirmation_001/unseen/evaluation/gpu6_1790348659019746236/episodes/50/COMPLETE.json
confirmation_unseen_partial,50,X7HyMhZNoso,CONCAT_s43,1.0,0.9493586286724562,46,projects/qwen35_indoor_nav/research/continuation_memory_v1/strong_backbone_recovery_v1/recovery_confirmation_v2/runs/confirmation_001/unseen/evaluation/gpu6_1790348659019746236/episodes/50/CONCAT_s43/TRACE.jsonl,c13b5eba11e685f1a1dda6313d2ef15bbfa443d599b59fd08fdae6a9253140d0,projects/qwen35_indoor_nav/research/continuation_memory_v1/strong_backbone_recovery_v1/recovery_confirmation_v2/runs/confirmation_001/unseen/evaluation/gpu6_1790348659019746236/episodes/50/COMPLETE.json
confirmation_unseen_partial,50,X7HyMhZNoso,LOCAL_s43,1.0,0.9493586286724562,46,projects/qwen35_indoor_nav/research/continuation_memory_v1/strong_backbone_recovery_v1/recovery_confirmation_v2/runs/confirmation_001/unseen/evaluation/gpu6_1790348659019746236/episodes/50/LOCAL_s43/TRACE.jsonl,e56e93ba96c72614e33189d2451f443082a364ee13b64029427f3ce205af9ff8,projects/qwen35_indoor_nav/research/continuation_memory_v1/strong_backbone_recovery_v1/recovery_confirmation_v2/runs/confirmation_001/unseen/evaluation/gpu6_1790348659019746236/episodes/50/COMPLETE.json
confirmation_unseen_partial,50,X7HyMhZNoso,CONCAT_s44,1.0,0.9493586286724562,46,projects/qwen35_indoor_nav/research/continuation_memory_v1/strong_backbone_recovery_v1/recovery_confirmation_v2/runs/confirmation_001/unseen/evaluation/gpu6_1790348659019746236/episodes/50/CONCAT_s44/TRACE.jsonl,ce2eec8593c2f7921314c26edbf2e41fdd5be2b80ed332aafed77a011e5ad953,projects/qwen35_indoor_nav/research/continuation_memory_v1/strong_backbone_recovery_v1/recovery_confirmation_v2/runs/confirmation_001/unseen/evaluation/gpu6_1790348659019746236/episodes/50/COMPLETE.json
confirmation_unseen_partial,50,X7HyMhZNoso,LOCAL_s44,1.0,0.9493586286724562,46,projects/qwen35_indoor_nav/research/continuation_memory_v1/strong_backbone_recovery_v1/recovery_confirmation_v2/runs/confirmation_001/unseen/evaluation/gpu6_1790348659019746236/episodes/50/LOCAL_s44/TRACE.jsonl,12f011894acbd4f905a3c1015cf3a57e8d5b5e5cdb9ced1e16b071f68394cdcc,projects/qwen35_indoor_nav/research/continuation_memory_v1/strong_backbone_recovery_v1/recovery_confirmation_v2/runs/confirmation_001/unseen/evaluation/gpu6_1790348659019746236/episodes/50/COMPLETE.json
confirmation_unseen_partial,50,X7HyMhZNoso,CONCAT_s42,1.0,0.9493586286724562,46,projects/qwen35_indoor_nav/research/continuation_memory_v1/strong_backbone_recovery_v1/recovery_confirmation_v2/runs/confirmation_001/unseen/evaluation/gpu6_1790348659019746236/episodes/50/CONCAT_s42/TRACE.jsonl,2c49a39f2ee57da43d74b86306a0edd168a9f7dd212286c1cc21f229957438f0,projects/qwen35_indoor_nav/research/continuation_memory_v1/strong_backbone_recovery_v1/recovery_confirmation_v2/runs/confirmation_001/unseen/evaluation/gpu6_1790348659019746236/episodes/50/COMPLETE.json
confirmation_unseen_partial,50,X7HyMhZNoso,LOCAL_s42,1.0,0.9820951752294709,44,projects/qwen35_indoor_nav/research/continuation_memory_v1/strong_backbone_recovery_v1/recovery_confirmation_v2/runs/confirmation_001/unseen/evaluation/gpu6_1790348659019746236/episodes/50/LOCAL_s42/TRACE.jsonl,daa69c78c9e12faa4bc8c9183622e26c5864f74d187dd7a91278de1f7786c211,projects/qwen35_indoor_nav/research/continuation_memory_v1/strong_backbone_recovery_v1/recovery_confirmation_v2/runs/confirmation_001/unseen/evaluation/gpu6_1790348659019746236/episodes/50/COMPLETE.json
confirmation_unseen_partial,51,Z6MFQCViBuw,NATIVE,0.0,0.0,82,projects/qwen35_indoor_nav/research/continuation_memory_v1/strong_backbone_recovery_v1/recovery_confirmation_v2/runs/confirmation_001/unseen/evaluation/gpu6_1790348659019746236/episodes/51/NATIVE/TRACE.jsonl,9fb0c9f1b779c78d97c35b19333d0567ff801cb31ed17b144fceb9992e6e41de,projects/qwen35_indoor_nav/research/continuation_memory_v1/strong_backbone_recovery_v1/recovery_confirmation_v2/runs/confirmation_001/unseen/evaluation/gpu6_1790348659019746236/episodes/51/COMPLETE.json
confirmation_unseen_partial,51,Z6MFQCViBuw,LOCAL_s43,0.0,0.0,82,projects/qwen35_indoor_nav/research/continuation_memory_v1/strong_backbone_recovery_v1/recovery_confirmation_v2/runs/confirmation_001/unseen/evaluation/gpu6_1790348659019746236/episodes/51/LOCAL_s43/TRACE.jsonl,830afb664e4d57f0ea28ff5fab008cbb44ed10def933af7dcb1a215f04d33918,projects/qwen35_indoor_nav/research/continuation_memory_v1/strong_backbone_recovery_v1/recovery_confirmation_v2/runs/confirmation_001/unseen/evaluation/gpu6_1790348659019746236/episodes/51/COMPLETE.json
confirmation_unseen_partial,51,Z6MFQCViBuw,CONCAT_s44,0.0,0.0,82,projects/qwen35_indoor_nav/research/continuation_memory_v1/strong_backbone_recovery_v1/recovery_confirmation_v2/runs/confirmation_001/unseen/evaluation/gpu6_1790348659019746236/episodes/51/CONCAT_s44/TRACE.jsonl,2cb3507cd3d3cb24aacc94da6ad02ce9af85b807ef1fb54a7c4de1d84faf1090,projects/qwen35_indoor_nav/research/continuation_memory_v1/strong_backbone_recovery_v1/recovery_confirmation_v2/runs/confirmation_001/unseen/evaluation/gpu6_1790348659019746236/episodes/51/COMPLETE.json
confirmation_unseen_partial,51,Z6MFQCViBuw,LOCAL_s44,0.0,0.0,82,projects/qwen35_indoor_nav/research/continuation_memory_v1/strong_backbone_recovery_v1/recovery_confirmation_v2/runs/confirmation_001/unseen/evaluation/gpu6_1790348659019746236/episodes/51/LOCAL_s44/TRACE.jsonl,7403187290e1ae61d47e074ae60a8c4f2a80d4d986b643f01bd6082637758e77,projects/qwen35_indoor_nav/research/continuation_memory_v1/strong_backbone_recovery_v1/recovery_confirmation_v2/runs/confirmation_001/unseen/evaluation/gpu6_1790348659019746236/episodes/51/COMPLETE.json
confirmation_unseen_partial,51,Z6MFQCViBuw,CONCAT_s42,0.0,0.0,82,projects/qwen35_indoor_nav/research/continuation_memory_v1/strong_backbone_recovery_v1/recovery_confirmation_v2/runs/confirmation_001/unseen/evaluation/gpu6_1790348659019746236/episodes/51/CONCAT_s42/TRACE.jsonl,2c0c09757d51a44ba83dfc86f92fcf31d8b557208f150cf2f7c15ea5375e638c,projects/qwen35_indoor_nav/research/continuation_memory_v1/strong_backbone_recovery_v1/recovery_confirmation_v2/runs/confirmation_001/unseen/evaluation/gpu6_1790348659019746236/episodes/51/COMPLETE.json
confirmation_unseen_partial,51,Z6MFQCViBuw,LOCAL_s42,0.0,0.0,82,projects/qwen35_indoor_nav/research/continuation_memory_v1/strong_backbone_recovery_v1/recovery_confirmation_v2/runs/confirmation_001/unseen/evaluation/gpu6_1790348659019746236/episodes/51/LOCAL_s42/TRACE.jsonl,88dff8b08f173dfa2633bd5a8114d8a41eb40d8a0a8ec9bf2a9309afb20cf4ac,projects/qwen35_indoor_nav/research/continuation_memory_v1/strong_backbone_recovery_v1/recovery_confirmation_v2/runs/confirmation_001/unseen/evaluation/gpu6_1790348659019746236/episodes/51/COMPLETE.json
confirmation_unseen_partial,51,Z6MFQCViBuw,CONCAT_s43,0.0,0.0,82,projects/qwen35_indoor_nav/research/continuation_memory_v1/strong_backbone_recovery_v1/recovery_confirmation_v2/runs/confirmation_001/unseen/evaluation/gpu6_1790348659019746236/episodes/51/CONCAT_s43/TRACE.jsonl,b23d217dae424c19bdcd0f7a5f2fbf3484f7aac21f56d7ccbdfafa456f42018d,projects/qwen35_indoor_nav/research/continuation_memory_v1/strong_backbone_recovery_v1/recovery_confirmation_v2/runs/confirmation_001/unseen/evaluation/gpu6_1790348659019746236/episodes/51/COMPLETE.json
confirmation_unseen_partial,52,oLBMNvg9in8,NATIVE,1.0,0.4760849349457287,120,projects/qwen35_indoor_nav/research/continuation_memory_v1/strong_backbone_recovery_v1/recovery_confirmation_v2/runs/confirmation_001/unseen/evaluation/gpu6_1790348659019746236/episodes/52/NATIVE/TRACE.jsonl,03e3fad1e11400f84120fa994b3e95e05a8113aac6e9d54b2b789bb132f9bb71,projects/qwen35_indoor_nav/research/continuation_memory_v1/strong_backbone_recovery_v1/recovery_confirmation_v2/runs/confirmation_001/unseen/evaluation/gpu6_1790348659019746236/episodes/52/COMPLETE.json
confirmation_unseen_partial,52,oLBMNvg9in8,CONCAT_s44,0.0,0.0,101,projects/qwen35_indoor_nav/research/continuation_memory_v1/strong_backbone_recovery_v1/recovery_confirmation_v2/runs/confirmation_001/unseen/evaluation/gpu6_1790348659019746236/episodes/52/CONCAT_s44/TRACE.jsonl,42f83fb61b81f190b54bd37a752e8c07ae82e6ef1b87677bf6a2e33b06a297de,projects/qwen35_indoor_nav/research/continuation_memory_v1/strong_backbone_recovery_v1/recovery_confirmation_v2/runs/confirmation_001/unseen/evaluation/gpu6_1790348659019746236/episodes/52/COMPLETE.json
confirmation_unseen_partial,52,oLBMNvg9in8,LOCAL_s44,0.0,0.0,89,projects/qwen35_indoor_nav/research/continuation_memory_v1/strong_backbone_recovery_v1/recovery_confirmation_v2/runs/confirmation_001/unseen/evaluation/gpu6_1790348659019746236/episodes/52/LOCAL_s44/TRACE.jsonl,fed8e717706ae920fa26a0502f4e8c8fe9c8d1baa44de075a70499c6ef0eba2c,projects/qwen35_indoor_nav/research/continuation_memory_v1/strong_backbone_recovery_v1/recovery_confirmation_v2/runs/confirmation_001/unseen/evaluation/gpu6_1790348659019746236/episodes/52/COMPLETE.json
confirmation_unseen_partial,52,oLBMNvg9in8,CONCAT_s42,1.0,0.5137671779751877,113,projects/qwen35_indoor_nav/research/continuation_memory_v1/strong_backbone_recovery_v1/recovery_confirmation_v2/runs/confirmation_001/unseen/evaluation/gpu6_1790348659019746236/episodes/52/CONCAT_s42/TRACE.jsonl,b1a102b5e621048084d82381afd6c4fc6ba7262775e08ec78efbedd99cfff936,projects/qwen35_indoor_nav/research/continuation_memory_v1/strong_backbone_recovery_v1/recovery_confirmation_v2/runs/confirmation_001/unseen/evaluation/gpu6_1790348659019746236/episodes/52/COMPLETE.json
confirmation_unseen_partial,52,oLBMNvg9in8,LOCAL_s42,0.0,0.0,105,projects/qwen35_indoor_nav/research/continuation_memory_v1/strong_backbone_recovery_v1/recovery_confirmation_v2/runs/confirmation_001/unseen/evaluation/gpu6_1790348659019746236/episodes/52/LOCAL_s42/TRACE.jsonl,b57b365415a3a62da3b52cfcc77cef8b0c59eade956b2b32565b2377f3353ccc,projects/qwen35_indoor_nav/research/continuation_memory_v1/strong_backbone_recovery_v1/recovery_confirmation_v2/runs/confirmation_001/unseen/evaluation/gpu6_1790348659019746236/episodes/52/COMPLETE.json
confirmation_unseen_partial,52,oLBMNvg9in8,CONCAT_s43,1.0,0.5137671779751877,113,projects/qwen35_indoor_nav/research/continuation_memory_v1/strong_backbone_recovery_v1/recovery_confirmation_v2/runs/confirmation_001/unseen/evaluation/gpu6_1790348659019746236/episodes/52/CONCAT_s43/TRACE.jsonl,e48c76f7de106abe9e7fab191c0e396385397a302987d10a4481201ff740494b,projects/qwen35_indoor_nav/research/continuation_memory_v1/strong_backbone_recovery_v1/recovery_confirmation_v2/runs/confirmation_001/unseen/evaluation/gpu6_1790348659019746236/episodes/52/COMPLETE.json
confirmation_unseen_partial,52,oLBMNvg9in8,LOCAL_s43,0.0,0.0,89,projects/qwen35_indoor_nav/research/continuation_memory_v1/strong_backbone_recovery_v1/recovery_confirmation_v2/runs/confirmation_001/unseen/evaluation/gpu6_1790348659019746236/episodes/52/LOCAL_s43/TRACE.jsonl,51408cc66b5947fd3afa5c09ccc78964389469a79f159c435352cdcf444cab7b,projects/qwen35_indoor_nav/research/continuation_memory_v1/strong_backbone_recovery_v1/recovery_confirmation_v2/runs/confirmation_001/unseen/evaluation/gpu6_1790348659019746236/episodes/52/COMPLETE.json
confirmation_unseen_partial,53,x8F5xyUWy9e,NATIVE,1.0,0.7910912570559837,82,projects/qwen35_indoor_nav/research/continuation_memory_v1/strong_backbone_recovery_v1/recovery_confirmation_v2/runs/confirmation_001/unseen/evaluation/gpu6_1790348659019746236/episodes/53/NATIVE/TRACE.jsonl,9f21c6235e0f9531cc3f9a07212df714a66f6a8bfe2f17aef45d1a732cd73ee8,projects/qwen35_indoor_nav/research/continuation_memory_v1/strong_backbone_recovery_v1/recovery_confirmation_v2/runs/confirmation_001/unseen/evaluation/gpu6_1790348659019746236/episodes/53/COMPLETE.json
confirmation_unseen_partial,53,x8F5xyUWy9e,LOCAL_s44,1.0,0.8386945718447425,79,projects/qwen35_indoor_nav/research/continuation_memory_v1/strong_backbone_recovery_v1/recovery_confirmation_v2/runs/confirmation_001/unseen/evaluation/gpu6_1790348659019746236/episodes/53/LOCAL_s44/TRACE.jsonl,dc09082326be3bec870ed7e1470d1bad15b2e287758708ce3387343a2b38545a,projects/qwen35_indoor_nav/research/continuation_memory_v1/strong_backbone_recovery_v1/recovery_confirmation_v2/runs/confirmation_001/unseen/evaluation/gpu6_1790348659019746236/episodes/53/COMPLETE.json
confirmation_unseen_partial,53,x8F5xyUWy9e,CONCAT_s42,1.0,1.0,55,projects/qwen35_indoor_nav/research/continuation_memory_v1/strong_backbone_recovery_v1/recovery_confirmation_v2/runs/confirmation_001/unseen/evaluation/gpu6_1790348659019746236/episodes/53/CONCAT_s42/TRACE.jsonl,04873d6bcae53191316a9e7db50964ece39152507aad277d50d3fec8d16d8d92,projects/qwen35_indoor_nav/research/continuation_memory_v1/strong_backbone_recovery_v1/recovery_confirmation_v2/runs/confirmation_001/unseen/evaluation/gpu6_1790348659019746236/episodes/53/COMPLETE.json
confirmation_unseen_partial,53,x8F5xyUWy9e,LOCAL_s42,1.0,1.0,55,projects/qwen35_indoor_nav/research/continuation_memory_v1/strong_backbone_recovery_v1/recovery_confirmation_v2/runs/confirmation_001/unseen/evaluation/gpu6_1790348659019746236/episodes/53/LOCAL_s42/TRACE.jsonl,28f683f9102b7b9956ea5b5be9bff82f32039870723ab61d294585377df8908a,projects/qwen35_indoor_nav/research/continuation_memory_v1/strong_backbone_recovery_v1/recovery_confirmation_v2/runs/confirmation_001/unseen/evaluation/gpu6_1790348659019746236/episodes/53/COMPLETE.json
confirmation_unseen_partial,53,x8F5xyUWy9e,CONCAT_s43,1.0,0.7910912570559837,82,projects/qwen35_indoor_nav/research/continuation_memory_v1/strong_backbone_recovery_v1/recovery_confirmation_v2/runs/confirmation_001/unseen/evaluation/gpu6_1790348659019746236/episodes/53/CONCAT_s43/TRACE.jsonl,82186b153bae567d1f7ae7cddcd4dde0f357650e75e63ffa7feb7bf6982a6d20,projects/qwen35_indoor_nav/research/continuation_memory_v1/strong_backbone_recovery_v1/recovery_confirmation_v2/runs/confirmation_001/unseen/evaluation/gpu6_1790348659019746236/episodes/53/COMPLETE.json
confirmation_unseen_partial,53,x8F5xyUWy9e,LOCAL_s43,1.0,0.7763794582577932,86,projects/qwen35_indoor_nav/research/continuation_memory_v1/strong_backbone_recovery_v1/recovery_confirmation_v2/runs/confirmation_001/unseen/evaluation/gpu6_1790348659019746236/episodes/53/LOCAL_s43/TRACE.jsonl,cbd1eff675e73a9fc0f2e14ffca7fe1bfb2df799e06c68fdfd34a09e1f3ff3aa,projects/qwen35_indoor_nav/research/continuation_memory_v1/strong_backbone_recovery_v1/recovery_confirmation_v2/runs/confirmation_001/unseen/evaluation/gpu6_1790348659019746236/episodes/53/COMPLETE.json
confirmation_unseen_partial,53,x8F5xyUWy9e,CONCAT_s44,1.0,0.8386945718447425,79,projects/qwen35_indoor_nav/research/continuation_memory_v1/strong_backbone_recovery_v1/recovery_confirmation_v2/runs/confirmation_001/unseen/evaluation/gpu6_1790348659019746236/episodes/53/CONCAT_s44/TRACE.jsonl,8f1bd175b4b502840be4338bb613918f63c3ce28dbf436254a9c54fa62577017,projects/qwen35_indoor_nav/research/continuation_memory_v1/strong_backbone_recovery_v1/recovery_confirmation_v2/runs/confirmation_001/unseen/evaluation/gpu6_1790348659019746236/episodes/53/COMPLETE.json
confirmation_unseen_partial,54,zsNo4HB9uLZ,NATIVE,1.0,0.9486963983974129,60,projects/qwen35_indoor_nav/research/continuation_memory_v1/strong_backbone_recovery_v1/recovery_confirmation_v2/runs/confirmation_001/unseen/evaluation/gpu6_1790348659019746236/episodes/54/NATIVE/TRACE.jsonl,ecca7afac839174e28e53c7e7619332d6e678866de23556f72f9c4e337e80c30,projects/qwen35_indoor_nav/research/continuation_memory_v1/strong_backbone_recovery_v1/recovery_confirmation_v2/runs/confirmation_001/unseen/evaluation/gpu6_1790348659019746236/episodes/54/COMPLETE.json
confirmation_unseen_partial,54,zsNo4HB9uLZ,CONCAT_s42,1.0,0.9486963983974129,60,projects/qwen35_indoor_nav/research/continuation_memory_v1/strong_backbone_recovery_v1/recovery_confirmation_v2/runs/confirmation_001/unseen/evaluation/gpu6_1790348659019746236/episodes/54/CONCAT_s42/TRACE.jsonl,a5fba8586d49dc2b488844a71935c5b297b76aa1334a1201b73a61c6565e0770,projects/qwen35_indoor_nav/research/continuation_memory_v1/strong_backbone_recovery_v1/recovery_confirmation_v2/runs/confirmation_001/unseen/evaluation/gpu6_1790348659019746236/episodes/54/COMPLETE.json
confirmation_unseen_partial,54,zsNo4HB9uLZ,LOCAL_s42,1.0,1.0,49,projects/qwen35_indoor_nav/research/continuation_memory_v1/strong_backbone_recovery_v1/recovery_confirmation_v2/runs/confirmation_001/unseen/evaluation/gpu6_1790348659019746236/episodes/54/LOCAL_s42/TRACE.jsonl,af46afe3afc65d5bb7bf8ecf54235dd1395b7deb80e9b9c9db1b1a6aef1925ce,projects/qwen35_indoor_nav/research/continuation_memory_v1/strong_backbone_recovery_v1/recovery_confirmation_v2/runs/confirmation_001/unseen/evaluation/gpu6_1790348659019746236/episodes/54/COMPLETE.json
confirmation_unseen_partial,54,zsNo4HB9uLZ,CONCAT_s43,1.0,0.9486963983974129,60,projects/qwen35_indoor_nav/research/continuation_memory_v1/strong_backbone_recovery_v1/recovery_confirmation_v2/runs/confirmation_001/unseen/evaluation/gpu6_1790348659019746236/episodes/54/CONCAT_s43/TRACE.jsonl,3a58e9a9051611d0f2a0a348636bc41fdead0d22bcd5969adeb591b5f32588af,projects/qwen35_indoor_nav/research/continuation_memory_v1/strong_backbone_recovery_v1/recovery_confirmation_v2/runs/confirmation_001/unseen/evaluation/gpu6_1790348659019746236/episodes/54/COMPLETE.json
confirmation_unseen_partial,54,zsNo4HB9uLZ,LOCAL_s43,1.0,1.0,49,projects/qwen35_indoor_nav/research/continuation_memory_v1/strong_backbone_recovery_v1/recovery_confirmation_v2/runs/confirmation_001/unseen/evaluation/gpu6_1790348659019746236/episodes/54/LOCAL_s43/TRACE.jsonl,b8e8b574392bfa76cf0bae127ae97d29e3fda69d5b1c1e1d13e488ae4fec3741,projects/qwen35_indoor_nav/research/continuation_memory_v1/strong_backbone_recovery_v1/recovery_confirmation_v2/runs/confirmation_001/unseen/evaluation/gpu6_1790348659019746236/episodes/54/COMPLETE.json
confirmation_unseen_partial,54,zsNo4HB9uLZ,CONCAT_s44,1.0,0.9486963983974129,60,projects/qwen35_indoor_nav/research/continuation_memory_v1/strong_backbone_recovery_v1/recovery_confirmation_v2/runs/confirmation_001/unseen/evaluation/gpu6_1790348659019746236/episodes/54/CONCAT_s44/TRACE.jsonl,8b7cb8ba2f9bebab4a27ce49e89e582edc57473b77b990b54aab1b1d0b914274,projects/qwen35_indoor_nav/research/continuation_memory_v1/strong_backbone_recovery_v1/recovery_confirmation_v2/runs/confirmation_001/unseen/evaluation/gpu6_1790348659019746236/episodes/54/COMPLETE.json
confirmation_unseen_partial,54,zsNo4HB9uLZ,LOCAL_s44,1.0,1.0,49,projects/qwen35_indoor_nav/research/continuation_memory_v1/strong_backbone_recovery_v1/recovery_confirmation_v2/runs/confirmation_001/unseen/evaluation/gpu6_1790348659019746236/episodes/54/LOCAL_s44/TRACE.jsonl,35c31a1ec157f84cd15e1d196cff0fa3fea0476dc1abcc692e4a2bd5efda8942,projects/qwen35_indoor_nav/research/continuation_memory_v1/strong_backbone_recovery_v1/recovery_confirmation_v2/runs/confirmation_001/unseen/evaluation/gpu6_1790348659019746236/episodes/54/COMPLETE.json
confirmation_unseen_partial,55,2azQ1b91cZZ,NATIVE,0.0,0.0,58,projects/qwen35_indoor_nav/research/continuation_memory_v1/strong_backbone_recovery_v1/recovery_confirmation_v2/runs/confirmation_001/unseen/evaluation/gpu6_1790348659019746236/episodes/55/NATIVE/TRACE.jsonl,36cd37690f6c85bc7a87558e01332568db17dd2121060e59c773f7f10c364205,projects/qwen35_indoor_nav/research/continuation_memory_v1/strong_backbone_recovery_v1/recovery_confirmation_v2/runs/confirmation_001/unseen/evaluation/gpu6_1790348659019746236/episodes/55/COMPLETE.json
confirmation_unseen_partial,55,2azQ1b91cZZ,LOCAL_s42,0.0,0.0,67,projects/qwen35_indoor_nav/research/continuation_memory_v1/strong_backbone_recovery_v1/recovery_confirmation_v2/runs/confirmation_001/unseen/evaluation/gpu6_1790348659019746236/episodes/55/LOCAL_s42/TRACE.jsonl,598d83ffa953a58b086556c82bc3c8809096598868ee265bda6656fc5b9eaed7,projects/qwen35_indoor_nav/research/continuation_memory_v1/strong_backbone_recovery_v1/recovery_confirmation_v2/runs/confirmation_001/unseen/evaluation/gpu6_1790348659019746236/episodes/55/COMPLETE.json
confirmation_unseen_partial,55,2azQ1b91cZZ,CONCAT_s43,0.0,0.0,58,projects/qwen35_indoor_nav/research/continuation_memory_v1/strong_backbone_recovery_v1/recovery_confirmation_v2/runs/confirmation_001/unseen/evaluation/gpu6_1790348659019746236/episodes/55/CONCAT_s43/TRACE.jsonl,ab38e3ee8c62879585ce0e9d7b09ce3a0b75b3ecc7431edab66db7c91e9a0f35,projects/qwen35_indoor_nav/research/continuation_memory_v1/strong_backbone_recovery_v1/recovery_confirmation_v2/runs/confirmation_001/unseen/evaluation/gpu6_1790348659019746236/episodes/55/COMPLETE.json
confirmation_unseen_partial,55,2azQ1b91cZZ,LOCAL_s43,0.0,0.0,58,projects/qwen35_indoor_nav/research/continuation_memory_v1/strong_backbone_recovery_v1/recovery_confirmation_v2/runs/confirmation_001/unseen/evaluation/gpu6_1790348659019746236/episodes/55/LOCAL_s43/TRACE.jsonl,3ad16de668753791a14f6895955fb7ba6452de0752584654b4f41ada05226fbe,projects/qwen35_indoor_nav/research/continuation_memory_v1/strong_backbone_recovery_v1/recovery_confirmation_v2/runs/confirmation_001/unseen/evaluation/gpu6_1790348659019746236/episodes/55/COMPLETE.json
confirmation_unseen_partial,55,2azQ1b91cZZ,CONCAT_s44,0.0,0.0,58,projects/qwen35_indoor_nav/research/continuation_memory_v1/strong_backbone_recovery_v1/recovery_confirmation_v2/runs/confirmation_001/unseen/evaluation/gpu6_1790348659019746236/episodes/55/CONCAT_s44/TRACE.jsonl,d947de4d2d92a256c9465d01cd49c37714218a22600798909b83ae6a155f363f,projects/qwen35_indoor_nav/research/continuation_memory_v1/strong_backbone_recovery_v1/recovery_confirmation_v2/runs/confirmation_001/unseen/evaluation/gpu6_1790348659019746236/episodes/55/COMPLETE.json
confirmation_unseen_partial,55,2azQ1b91cZZ,LOCAL_s44,0.0,0.0,58,projects/qwen35_indoor_nav/research/continuation_memory_v1/strong_backbone_recovery_v1/recovery_confirmation_v2/runs/confirmation_001/unseen/evaluation/gpu6_1790348659019746236/episodes/55/LOCAL_s44/TRACE.jsonl,7dfae3239197e26ad2ef496c6136638fd9a224ba8b67c104a92478530e7ce93a,projects/qwen35_indoor_nav/research/continuation_memory_v1/strong_backbone_recovery_v1/recovery_confirmation_v2/runs/confirmation_001/unseen/evaluation/gpu6_1790348659019746236/episodes/55/COMPLETE.json
confirmation_unseen_partial,55,2azQ1b91cZZ,CONCAT_s42,0.0,0.0,67,projects/qwen35_indoor_nav/research/continuation_memory_v1/strong_backbone_recovery_v1/recovery_confirmation_v2/runs/confirmation_001/unseen/evaluation/gpu6_1790348659019746236/episodes/55/CONCAT_s42/TRACE.jsonl,d6ae235917afceec63e7d944405534d95748efeca3b214adc5cf1fe520e4360f,projects/qwen35_indoor_nav/research/continuation_memory_v1/strong_backbone_recovery_v1/recovery_confirmation_v2/runs/confirmation_001/unseen/evaluation/gpu6_1790348659019746236/episodes/55/COMPLETE.json
confirmation_unseen_partial,56,QUCTc6BB5sX,NATIVE,1.0,1.0,48,projects/qwen35_indoor_nav/research/continuation_memory_v1/strong_backbone_recovery_v1/recovery_confirmation_v2/runs/confirmation_001/unseen/evaluation/gpu7_1790348659170222808/episodes/56/NATIVE/TRACE.jsonl,246ca27a310754e0df03491338709eaf3a7c40629ad85ba8567c67e14526ea26,projects/qwen35_indoor_nav/research/continuation_memory_v1/strong_backbone_recovery_v1/recovery_confirmation_v2/runs/confirmation_001/unseen/evaluation/gpu7_1790348659170222808/episodes/56/COMPLETE.json
confirmation_unseen_partial,56,QUCTc6BB5sX,CONCAT_s43,1.0,1.0,48,projects/qwen35_indoor_nav/research/continuation_memory_v1/strong_backbone_recovery_v1/recovery_confirmation_v2/runs/confirmation_001/unseen/evaluation/gpu7_1790348659170222808/episodes/56/CONCAT_s43/TRACE.jsonl,ef1ace5c98c2d6ef007edd93a89d2a749c0873b406ad1ebccc92823cb0f0ef00,projects/qwen35_indoor_nav/research/continuation_memory_v1/strong_backbone_recovery_v1/recovery_confirmation_v2/runs/confirmation_001/unseen/evaluation/gpu7_1790348659170222808/episodes/56/COMPLETE.json
confirmation_unseen_partial,56,QUCTc6BB5sX,LOCAL_s43,1.0,1.0,45,projects/qwen35_indoor_nav/research/continuation_memory_v1/strong_backbone_recovery_v1/recovery_confirmation_v2/runs/confirmation_001/unseen/evaluation/gpu7_1790348659170222808/episodes/56/LOCAL_s43/TRACE.jsonl,fce06417c7704aa43c8fc3db48f3fd41e18d99561d404d541df74f87745a7cc2,projects/qwen35_indoor_nav/research/continuation_memory_v1/strong_backbone_recovery_v1/recovery_confirmation_v2/runs/confirmation_001/unseen/evaluation/gpu7_1790348659170222808/episodes/56/COMPLETE.json
confirmation_unseen_partial,56,QUCTc6BB5sX,CONCAT_s44,1.0,1.0,48,projects/qwen35_indoor_nav/research/continuation_memory_v1/strong_backbone_recovery_v1/recovery_confirmation_v2/runs/confirmation_001/unseen/evaluation/gpu7_1790348659170222808/episodes/56/CONCAT_s44/TRACE.jsonl,3c9dcdc0adf227617e61a30d437f25b339c9ce6c4348062917682a8686403771,projects/qwen35_indoor_nav/research/continuation_memory_v1/strong_backbone_recovery_v1/recovery_confirmation_v2/runs/confirmation_001/unseen/evaluation/gpu7_1790348659170222808/episodes/56/COMPLETE.json
confirmation_unseen_partial,56,QUCTc6BB5sX,LOCAL_s44,1.0,1.0,48,projects/qwen35_indoor_nav/research/continuation_memory_v1/strong_backbone_recovery_v1/recovery_confirmation_v2/runs/confirmation_001/unseen/evaluation/gpu7_1790348659170222808/episodes/56/LOCAL_s44/TRACE.jsonl,ab193d52b89bb0d5533f799ae344b64e53cda210055454a9087f4133981e3669,projects/qwen35_indoor_nav/research/continuation_memory_v1/strong_backbone_recovery_v1/recovery_confirmation_v2/runs/confirmation_001/unseen/evaluation/gpu7_1790348659170222808/episodes/56/COMPLETE.json
confirmation_unseen_partial,56,QUCTc6BB5sX,CONCAT_s42,1.0,1.0,48,projects/qwen35_indoor_nav/research/continuation_memory_v1/strong_backbone_recovery_v1/recovery_confirmation_v2/runs/confirmation_001/unseen/evaluation/gpu7_1790348659170222808/episodes/56/CONCAT_s42/TRACE.jsonl,91d6d2e564751a69de1c154c66c38a0586385d9bf848d432b0288c62e19d0201,projects/qwen35_indoor_nav/research/continuation_memory_v1/strong_backbone_recovery_v1/recovery_confirmation_v2/runs/confirmation_001/unseen/evaluation/gpu7_1790348659170222808/episodes/56/COMPLETE.json
confirmation_unseen_partial,56,QUCTc6BB5sX,LOCAL_s42,1.0,1.0,48,projects/qwen35_indoor_nav/research/continuation_memory_v1/strong_backbone_recovery_v1/recovery_confirmation_v2/runs/confirmation_001/unseen/evaluation/gpu7_1790348659170222808/episodes/56/LOCAL_s42/TRACE.jsonl,cb0246937b4a7212258d036dc484152af98202a3a92f5e341186d1c5b119b696,projects/qwen35_indoor_nav/research/continuation_memory_v1/strong_backbone_recovery_v1/recovery_confirmation_v2/runs/confirmation_001/unseen/evaluation/gpu7_1790348659170222808/episodes/56/COMPLETE.json
confirmation_unseen_partial,57,TbHJrupSAjP,NATIVE,1.0,1.0,41,projects/qwen35_indoor_nav/research/continuation_memory_v1/strong_backbone_recovery_v1/recovery_confirmation_v2/runs/confirmation_001/unseen/evaluation/gpu7_1790348659170222808/episodes/57/NATIVE/TRACE.jsonl,7a62242f91da66f9a90c77248e8a7ac4a3d867a4ff2cb4712ef6e26b8a7c36fc,projects/qwen35_indoor_nav/research/continuation_memory_v1/strong_backbone_recovery_v1/recovery_confirmation_v2/runs/confirmation_001/unseen/evaluation/gpu7_1790348659170222808/episodes/57/COMPLETE.json
confirmation_unseen_partial,57,TbHJrupSAjP,LOCAL_s43,1.0,1.0,41,projects/qwen35_indoor_nav/research/continuation_memory_v1/strong_backbone_recovery_v1/recovery_confirmation_v2/runs/confirmation_001/unseen/evaluation/gpu7_1790348659170222808/episodes/57/LOCAL_s43/TRACE.jsonl,4fca35ffdb479a20b0ec97444ee84312befcb628deeee9bc6b14173d1322b004,projects/qwen35_indoor_nav/research/continuation_memory_v1/strong_backbone_recovery_v1/recovery_confirmation_v2/runs/confirmation_001/unseen/evaluation/gpu7_1790348659170222808/episodes/57/COMPLETE.json
confirmation_unseen_partial,57,TbHJrupSAjP,CONCAT_s44,1.0,1.0,41,projects/qwen35_indoor_nav/research/continuation_memory_v1/strong_backbone_recovery_v1/recovery_confirmation_v2/runs/confirmation_001/unseen/evaluation/gpu7_1790348659170222808/episodes/57/CONCAT_s44/TRACE.jsonl,04ba91342feefea23cff90d39c2b31ccc90a4eaef227a9e45c9da41f79587181,projects/qwen35_indoor_nav/research/continuation_memory_v1/strong_backbone_recovery_v1/recovery_confirmation_v2/runs/confirmation_001/unseen/evaluation/gpu7_1790348659170222808/episodes/57/COMPLETE.json
confirmation_unseen_partial,57,TbHJrupSAjP,LOCAL_s44,1.0,1.0,41,projects/qwen35_indoor_nav/research/continuation_memory_v1/strong_backbone_recovery_v1/recovery_confirmation_v2/runs/confirmation_001/unseen/evaluation/gpu7_1790348659170222808/episodes/57/LOCAL_s44/TRACE.jsonl,e52e99c1ef972e28a8383df02034687fcb542d2e012ab327cbfc69bb13d131ce,projects/qwen35_indoor_nav/research/continuation_memory_v1/strong_backbone_recovery_v1/recovery_confirmation_v2/runs/confirmation_001/unseen/evaluation/gpu7_1790348659170222808/episodes/57/COMPLETE.json
confirmation_unseen_partial,57,TbHJrupSAjP,CONCAT_s42,1.0,1.0,41,projects/qwen35_indoor_nav/research/continuation_memory_v1/strong_backbone_recovery_v1/recovery_confirmation_v2/runs/confirmation_001/unseen/evaluation/gpu7_1790348659170222808/episodes/57/CONCAT_s42/TRACE.jsonl,028736fea8d57cb2f6c21d74a46979cdea33f6f0e2ebda0b2260b9134b3e7352,projects/qwen35_indoor_nav/research/continuation_memory_v1/strong_backbone_recovery_v1/recovery_confirmation_v2/runs/confirmation_001/unseen/evaluation/gpu7_1790348659170222808/episodes/57/COMPLETE.json
confirmation_unseen_partial,57,TbHJrupSAjP,LOCAL_s42,1.0,1.0,41,projects/qwen35_indoor_nav/research/continuation_memory_v1/strong_backbone_recovery_v1/recovery_confirmation_v2/runs/confirmation_001/unseen/evaluation/gpu7_1790348659170222808/episodes/57/LOCAL_s42/TRACE.jsonl,08a012f4e44dd672baa97c54723b742d46a65b08bd8321537b5f9e863a1f6cb7,projects/qwen35_indoor_nav/research/continuation_memory_v1/strong_backbone_recovery_v1/recovery_confirmation_v2/runs/confirmation_001/unseen/evaluation/gpu7_1790348659170222808/episodes/57/COMPLETE.json
confirmation_unseen_partial,57,TbHJrupSAjP,CONCAT_s43,1.0,1.0,41,projects/qwen35_indoor_nav/research/continuation_memory_v1/strong_backbone_recovery_v1/recovery_confirmation_v2/runs/confirmation_001/unseen/evaluation/gpu7_1790348659170222808/episodes/57/CONCAT_s43/TRACE.jsonl,3382508c8756037f0b547fd4edaaca25e213b35bc08a96f4e5cb910f71b145f5,projects/qwen35_indoor_nav/research/continuation_memory_v1/strong_backbone_recovery_v1/recovery_confirmation_v2/runs/confirmation_001/unseen/evaluation/gpu7_1790348659170222808/episodes/57/COMPLETE.json
confirmation_unseen_partial,58,X7HyMhZNoso,NATIVE,1.0,0.8440698182163403,57,projects/qwen35_indoor_nav/research/continuation_memory_v1/strong_backbone_recovery_v1/recovery_confirmation_v2/runs/confirmation_001/unseen/evaluation/gpu7_1790348659170222808/episodes/58/NATIVE/TRACE.jsonl,e72f297c020638e64de3c54803e989995dceba284aa31da27ebefa26e2cf5835,projects/qwen35_indoor_nav/research/continuation_memory_v1/strong_backbone_recovery_v1/recovery_confirmation_v2/runs/confirmation_001/unseen/evaluation/gpu7_1790348659170222808/episodes/58/COMPLETE.json
confirmation_unseen_partial,58,X7HyMhZNoso,CONCAT_s44,1.0,0.8253499778672919,59,projects/qwen35_indoor_nav/research/continuation_memory_v1/strong_backbone_recovery_v1/recovery_confirmation_v2/runs/confirmation_001/unseen/evaluation/gpu7_1790348659170222808/episodes/58/CONCAT_s44/TRACE.jsonl,d583611120b785b9a0ce9908bc3a50957b3a0dfd7f0075267b77bd1cde533a65,projects/qwen35_indoor_nav/research/continuation_memory_v1/strong_backbone_recovery_v1/recovery_confirmation_v2/runs/confirmation_001/unseen/evaluation/gpu7_1790348659170222808/episodes/58/COMPLETE.json
confirmation_unseen_partial,58,X7HyMhZNoso,LOCAL_s44,1.0,0.8253499778672919,59,projects/qwen35_indoor_nav/research/continuation_memory_v1/strong_backbone_recovery_v1/recovery_confirmation_v2/runs/confirmation_001/unseen/evaluation/gpu7_1790348659170222808/episodes/58/LOCAL_s44/TRACE.jsonl,8af5aab5acebcc18e428a8d6ee86f3db31b0ff9d668d92099da622fe9e6670b4,projects/qwen35_indoor_nav/research/continuation_memory_v1/strong_backbone_recovery_v1/recovery_confirmation_v2/runs/confirmation_001/unseen/evaluation/gpu7_1790348659170222808/episodes/58/COMPLETE.json
confirmation_unseen_partial,58,X7HyMhZNoso,CONCAT_s42,1.0,0.8253499778672919,59,projects/qwen35_indoor_nav/research/continuation_memory_v1/strong_backbone_recovery_v1/recovery_confirmation_v2/runs/confirmation_001/unseen/evaluation/gpu7_1790348659170222808/episodes/58/CONCAT_s42/TRACE.jsonl,a282af9a26f23ec3a7277370d8a7ed57e899713737b33615b6df323e764de956,projects/qwen35_indoor_nav/research/continuation_memory_v1/strong_backbone_recovery_v1/recovery_confirmation_v2/runs/confirmation_001/unseen/evaluation/gpu7_1790348659170222808/episodes/58/COMPLETE.json
confirmation_unseen_partial,58,X7HyMhZNoso,LOCAL_s42,1.0,0.8253499778672919,59,projects/qwen35_indoor_nav/research/continuation_memory_v1/strong_backbone_recovery_v1/recovery_confirmation_v2/runs/confirmation_001/unseen/evaluation/gpu7_1790348659170222808/episodes/58/LOCAL_s42/TRACE.jsonl,a9b4063edd66c9d2a504c393acd3f06f7027b091f0d55f7a1ae30bee880e891d,projects/qwen35_indoor_nav/research/continuation_memory_v1/strong_backbone_recovery_v1/recovery_confirmation_v2/runs/confirmation_001/unseen/evaluation/gpu7_1790348659170222808/episodes/58/COMPLETE.json
confirmation_unseen_partial,58,X7HyMhZNoso,CONCAT_s43,1.0,0.8253499778672919,59,projects/qwen35_indoor_nav/research/continuation_memory_v1/strong_backbone_recovery_v1/recovery_confirmation_v2/runs/confirmation_001/unseen/evaluation/gpu7_1790348659170222808/episodes/58/CONCAT_s43/TRACE.jsonl,efb106b07a3b78493042a84864fe04530d4d1a63e6f57073ccfbe2ee324d1dec,projects/qwen35_indoor_nav/research/continuation_memory_v1/strong_backbone_recovery_v1/recovery_confirmation_v2/runs/confirmation_001/unseen/evaluation/gpu7_1790348659170222808/episodes/58/COMPLETE.json
confirmation_unseen_partial,58,X7HyMhZNoso,LOCAL_s43,1.0,0.8253499778672919,59,projects/qwen35_indoor_nav/research/continuation_memory_v1/strong_backbone_recovery_v1/recovery_confirmation_v2/runs/confirmation_001/unseen/evaluation/gpu7_1790348659170222808/episodes/58/LOCAL_s43/TRACE.jsonl,855a229a7b249ccea2fc1017ef8ccbe6397f7404bb16aaae41dc564046afbfac,projects/qwen35_indoor_nav/research/continuation_memory_v1/strong_backbone_recovery_v1/recovery_confirmation_v2/runs/confirmation_001/unseen/evaluation/gpu7_1790348659170222808/episodes/58/COMPLETE.json
confirmation_unseen_partial,59,Z6MFQCViBuw,NATIVE,1.0,0.9771904254608579,82,projects/qwen35_indoor_nav/research/continuation_memory_v1/strong_backbone_recovery_v1/recovery_confirmation_v2/runs/confirmation_001/unseen/evaluation/gpu7_1790348659170222808/episodes/59/NATIVE/TRACE.jsonl,8d808891bf89fe23eff6e8a21770ac83a87a368a39d8c320fa1b270841d8d55d,projects/qwen35_indoor_nav/research/continuation_memory_v1/strong_backbone_recovery_v1/recovery_confirmation_v2/runs/confirmation_001/unseen/evaluation/gpu7_1790348659170222808/episodes/59/COMPLETE.json
confirmation_unseen_partial,59,Z6MFQCViBuw,LOCAL_s44,1.0,1.0,78,projects/qwen35_indoor_nav/research/continuation_memory_v1/strong_backbone_recovery_v1/recovery_confirmation_v2/runs/confirmation_001/unseen/evaluation/gpu7_1790348659170222808/episodes/59/LOCAL_s44/TRACE.jsonl,16718aebc007512762a15bc018549a434e2edfb5b7d72cd4085090e30a53f72d,projects/qwen35_indoor_nav/research/continuation_memory_v1/strong_backbone_recovery_v1/recovery_confirmation_v2/runs/confirmation_001/unseen/evaluation/gpu7_1790348659170222808/episodes/59/COMPLETE.json
confirmation_unseen_partial,59,Z6MFQCViBuw,CONCAT_s42,1.0,0.9771904254608579,82,projects/qwen35_indoor_nav/research/continuation_memory_v1/strong_backbone_recovery_v1/recovery_confirmation_v2/runs/confirmation_001/unseen/evaluation/gpu7_1790348659170222808/episodes/59/CONCAT_s42/TRACE.jsonl,4299a4b53fb487d62d94e3d22a38698c785d8d962e5886b47788ee9cc95b95af,projects/qwen35_indoor_nav/research/continuation_memory_v1/strong_backbone_recovery_v1/recovery_confirmation_v2/runs/confirmation_001/unseen/evaluation/gpu7_1790348659170222808/episodes/59/COMPLETE.json
confirmation_unseen_partial,59,Z6MFQCViBuw,LOCAL_s42,1.0,0.9771904254608579,82,projects/qwen35_indoor_nav/research/continuation_memory_v1/strong_backbone_recovery_v1/recovery_confirmation_v2/runs/confirmation_001/unseen/evaluation/gpu7_1790348659170222808/episodes/59/LOCAL_s42/TRACE.jsonl,511baf71a5e97d837f6a91e951adf3fda4a05f17ae0c1a986f90c315c722852d,projects/qwen35_indoor_nav/research/continuation_memory_v1/strong_backbone_recovery_v1/recovery_confirmation_v2/runs/confirmation_001/unseen/evaluation/gpu7_1790348659170222808/episodes/59/COMPLETE.json
confirmation_unseen_partial,59,Z6MFQCViBuw,CONCAT_s43,1.0,0.9771904254608579,82,projects/qwen35_indoor_nav/research/continuation_memory_v1/strong_backbone_recovery_v1/recovery_confirmation_v2/runs/confirmation_001/unseen/evaluation/gpu7_1790348659170222808/episodes/59/CONCAT_s43/TRACE.jsonl,006fb3c326f00a4e0477da5985cd7e0e89d79c4f07faf52b625e4606d24b0ba2,projects/qwen35_indoor_nav/research/continuation_memory_v1/strong_backbone_recovery_v1/recovery_confirmation_v2/runs/confirmation_001/unseen/evaluation/gpu7_1790348659170222808/episodes/59/COMPLETE.json
confirmation_unseen_partial,59,Z6MFQCViBuw,LOCAL_s43,1.0,1.0,78,projects/qwen35_indoor_nav/research/continuation_memory_v1/strong_backbone_recovery_v1/recovery_confirmation_v2/runs/confirmation_001/unseen/evaluation/gpu7_1790348659170222808/episodes/59/LOCAL_s43/TRACE.jsonl,200a4d70adedae9fb1ffa789fa4c2145edfe71b356d2a69670f0cb4e2578b75f,projects/qwen35_indoor_nav/research/continuation_memory_v1/strong_backbone_recovery_v1/recovery_confirmation_v2/runs/confirmation_001/unseen/evaluation/gpu7_1790348659170222808/episodes/59/COMPLETE.json
confirmation_unseen_partial,59,Z6MFQCViBuw,CONCAT_s44,1.0,1.0,78,projects/qwen35_indoor_nav/research/continuation_memory_v1/strong_backbone_recovery_v1/recovery_confirmation_v2/runs/confirmation_001/unseen/evaluation/gpu7_1790348659170222808/episodes/59/CONCAT_s44/TRACE.jsonl,6328fcce268e4786c3f352f70787581bd1680e16c25c063c8fbee4423b82eb52,projects/qwen35_indoor_nav/research/continuation_memory_v1/strong_backbone_recovery_v1/recovery_confirmation_v2/runs/confirmation_001/unseen/evaluation/gpu7_1790348659170222808/episodes/59/COMPLETE.json
confirmation_unseen_partial,60,oLBMNvg9in8,NATIVE,1.0,0.9098099735195466,47,projects/qwen35_indoor_nav/research/continuation_memory_v1/strong_backbone_recovery_v1/recovery_confirmation_v2/runs/confirmation_001/unseen/evaluation/gpu7_1790348659170222808/episodes/60/NATIVE/TRACE.jsonl,dc59dc6e0c185fb6e0766410d31fc42e37d40e73eb325cbe69a8b4f159215e42,projects/qwen35_indoor_nav/research/continuation_memory_v1/strong_backbone_recovery_v1/recovery_confirmation_v2/runs/confirmation_001/unseen/evaluation/gpu7_1790348659170222808/episodes/60/COMPLETE.json
confirmation_unseen_partial,60,oLBMNvg9in8,CONCAT_s42,1.0,0.943802242558069,48,projects/qwen35_indoor_nav/research/continuation_memory_v1/strong_backbone_recovery_v1/recovery_confirmation_v2/runs/confirmation_001/unseen/evaluation/gpu7_1790348659170222808/episodes/60/CONCAT_s42/TRACE.jsonl,380cbc11f2f0b082f21e554d0d9295d7d3ecaa5adef6e72f155ec1dfa323b49c,projects/qwen35_indoor_nav/research/continuation_memory_v1/strong_backbone_recovery_v1/recovery_confirmation_v2/runs/confirmation_001/unseen/evaluation/gpu7_1790348659170222808/episodes/60/COMPLETE.json
confirmation_unseen_partial,60,oLBMNvg9in8,LOCAL_s42,1.0,0.8778633708129346,50,projects/qwen35_indoor_nav/research/continuation_memory_v1/strong_backbone_recovery_v1/recovery_confirmation_v2/runs/confirmation_001/unseen/evaluation/gpu7_1790348659170222808/episodes/60/LOCAL_s42/TRACE.jsonl,aae5611e1e50ff2d4b8dbfa8241f1c56606c2078d0faf58b38fe9fd56b691c54,projects/qwen35_indoor_nav/research/continuation_memory_v1/strong_backbone_recovery_v1/recovery_confirmation_v2/runs/confirmation_001/unseen/evaluation/gpu7_1790348659170222808/episodes/60/COMPLETE.json
confirmation_unseen_partial,60,oLBMNvg9in8,CONCAT_s43,1.0,0.943802242558069,48,projects/qwen35_indoor_nav/research/continuation_memory_v1/strong_backbone_recovery_v1/recovery_confirmation_v2/runs/confirmation_001/unseen/evaluation/gpu7_1790348659170222808/episodes/60/CONCAT_s43/TRACE.jsonl,05bfa03353c7f13f8402f4fc723461bdd0362d1dc110e8294398e83baccdadcb,projects/qwen35_indoor_nav/research/continuation_memory_v1/strong_backbone_recovery_v1/recovery_confirmation_v2/runs/confirmation_001/unseen/evaluation/gpu7_1790348659170222808/episodes/60/COMPLETE.json
confirmation_unseen_partial,60,oLBMNvg9in8,LOCAL_s43,1.0,0.943802242558069,48,projects/qwen35_indoor_nav/research/continuation_memory_v1/strong_backbone_recovery_v1/recovery_confirmation_v2/runs/confirmation_001/unseen/evaluation/gpu7_1790348659170222808/episodes/60/LOCAL_s43/TRACE.jsonl,10de5d443a1d0e31d6504c19e3fbcdf6419fbce1cf128f928686c2952afdfaa5,projects/qwen35_indoor_nav/research/continuation_memory_v1/strong_backbone_recovery_v1/recovery_confirmation_v2/runs/confirmation_001/unseen/evaluation/gpu7_1790348659170222808/episodes/60/COMPLETE.json
confirmation_unseen_partial,60,oLBMNvg9in8,CONCAT_s44,1.0,0.943802242558069,48,projects/qwen35_indoor_nav/research/continuation_memory_v1/strong_backbone_recovery_v1/recovery_confirmation_v2/runs/confirmation_001/unseen/evaluation/gpu7_1790348659170222808/episodes/60/CONCAT_s44/TRACE.jsonl,02871ab4cf8e8860a43aa2ee01524ba69ae1783ba73216d0dc82b3117685f94a,projects/qwen35_indoor_nav/research/continuation_memory_v1/strong_backbone_recovery_v1/recovery_confirmation_v2/runs/confirmation_001/unseen/evaluation/gpu7_1790348659170222808/episodes/60/COMPLETE.json
confirmation_unseen_partial,60,oLBMNvg9in8,LOCAL_s44,1.0,0.943802242558069,48,projects/qwen35_indoor_nav/research/continuation_memory_v1/strong_backbone_recovery_v1/recovery_confirmation_v2/runs/confirmation_001/unseen/evaluation/gpu7_1790348659170222808/episodes/60/LOCAL_s44/TRACE.jsonl,3fc50ccd4b468ccd5772ad6bc5e31f7305d1448b6bb163c159803097665881ff,projects/qwen35_indoor_nav/research/continuation_memory_v1/strong_backbone_recovery_v1/recovery_confirmation_v2/runs/confirmation_001/unseen/evaluation/gpu7_1790348659170222808/episodes/60/COMPLETE.json
confirmation_unseen_partial,61,x8F5xyUWy9e,NATIVE,0.0,0.0,34,projects/qwen35_indoor_nav/research/continuation_memory_v1/strong_backbone_recovery_v1/recovery_confirmation_v2/runs/confirmation_001/unseen/evaluation/gpu7_1790348659170222808/episodes/61/NATIVE/TRACE.jsonl,e75452dfc13f32c48feaf33e3c3e1ecb3e76291fee5ce3b2a8035dcb967ef345,projects/qwen35_indoor_nav/research/continuation_memory_v1/strong_backbone_recovery_v1/recovery_confirmation_v2/runs/confirmation_001/unseen/evaluation/gpu7_1790348659170222808/episodes/61/COMPLETE.json
confirmation_unseen_partial,61,x8F5xyUWy9e,LOCAL_s42,0.0,0.0,38,projects/qwen35_indoor_nav/research/continuation_memory_v1/strong_backbone_recovery_v1/recovery_confirmation_v2/runs/confirmation_001/unseen/evaluation/gpu7_1790348659170222808/episodes/61/LOCAL_s42/TRACE.jsonl,7c886f855f8372d35dbfda3ebe5a166e2089d947b59f7c016527bdfbdb4569e3,projects/qwen35_indoor_nav/research/continuation_memory_v1/strong_backbone_recovery_v1/recovery_confirmation_v2/runs/confirmation_001/unseen/evaluation/gpu7_1790348659170222808/episodes/61/COMPLETE.json
confirmation_unseen_partial,61,x8F5xyUWy9e,CONCAT_s43,0.0,0.0,38,projects/qwen35_indoor_nav/research/continuation_memory_v1/strong_backbone_recovery_v1/recovery_confirmation_v2/runs/confirmation_001/unseen/evaluation/gpu7_1790348659170222808/episodes/61/CONCAT_s43/TRACE.jsonl,7040cd595362c23c937b4e9457c606dc721d85a82f4741ce89135d8d4d294a7e,projects/qwen35_indoor_nav/research/continuation_memory_v1/strong_backbone_recovery_v1/recovery_confirmation_v2/runs/confirmation_001/unseen/evaluation/gpu7_1790348659170222808/episodes/61/COMPLETE.json
confirmation_unseen_partial,61,x8F5xyUWy9e,LOCAL_s43,0.0,0.0,38,projects/qwen35_indoor_nav/research/continuation_memory_v1/strong_backbone_recovery_v1/recovery_confirmation_v2/runs/confirmation_001/unseen/evaluation/gpu7_1790348659170222808/episodes/61/LOCAL_s43/TRACE.jsonl,b5d6fa2e024589629c46538c431d13424e1dcc0f7243b4c5075db0b68f6f5ac3,projects/qwen35_indoor_nav/research/continuation_memory_v1/strong_backbone_recovery_v1/recovery_confirmation_v2/runs/confirmation_001/unseen/evaluation/gpu7_1790348659170222808/episodes/61/COMPLETE.json
confirmation_unseen_partial,61,x8F5xyUWy9e,CONCAT_s44,0.0,0.0,38,projects/qwen35_indoor_nav/research/continuation_memory_v1/strong_backbone_recovery_v1/recovery_confirmation_v2/runs/confirmation_001/unseen/evaluation/gpu7_1790348659170222808/episodes/61/CONCAT_s44/TRACE.jsonl,8dbdf5c4fdd50df68b211f57f3c32afc12b850bd787f954b7fc9deef8799cc96,projects/qwen35_indoor_nav/research/continuation_memory_v1/strong_backbone_recovery_v1/recovery_confirmation_v2/runs/confirmation_001/unseen/evaluation/gpu7_1790348659170222808/episodes/61/COMPLETE.json
confirmation_unseen_partial,61,x8F5xyUWy9e,LOCAL_s44,0.0,0.0,38,projects/qwen35_indoor_nav/research/continuation_memory_v1/strong_backbone_recovery_v1/recovery_confirmation_v2/runs/confirmation_001/unseen/evaluation/gpu7_1790348659170222808/episodes/61/LOCAL_s44/TRACE.jsonl,dbf6680e47049d3693607b4da6593aea788b5bd321e8ecf02896caa3ac68f64e,projects/qwen35_indoor_nav/research/continuation_memory_v1/strong_backbone_recovery_v1/recovery_confirmation_v2/runs/confirmation_001/unseen/evaluation/gpu7_1790348659170222808/episodes/61/COMPLETE.json
confirmation_unseen_partial,61,x8F5xyUWy9e,CONCAT_s42,0.0,0.0,38,projects/qwen35_indoor_nav/research/continuation_memory_v1/strong_backbone_recovery_v1/recovery_confirmation_v2/runs/confirmation_001/unseen/evaluation/gpu7_1790348659170222808/episodes/61/CONCAT_s42/TRACE.jsonl,d704fc01d0fe6ca60e566357aaaca2011a1bf014a063afaf408c856bc86a42a0,projects/qwen35_indoor_nav/research/continuation_memory_v1/strong_backbone_recovery_v1/recovery_confirmation_v2/runs/confirmation_001/unseen/evaluation/gpu7_1790348659170222808/episodes/61/COMPLETE.json
confirmation_unseen_partial,62,zsNo4HB9uLZ,NATIVE,1.0,0.9735845232690877,50,projects/qwen35_indoor_nav/research/continuation_memory_v1/strong_backbone_recovery_v1/recovery_confirmation_v2/runs/confirmation_001/unseen/evaluation/gpu7_1790348659170222808/episodes/62/NATIVE/TRACE.jsonl,50ab8368987e7aee08d4790ed5bec7ceb72b62237063e7720ab4437ede8b94e0,projects/qwen35_indoor_nav/research/continuation_memory_v1/strong_backbone_recovery_v1/recovery_confirmation_v2/runs/confirmation_001/unseen/evaluation/gpu7_1790348659170222808/episodes/62/COMPLETE.json
confirmation_unseen_partial,62,zsNo4HB9uLZ,CONCAT_s43,1.0,0.9735845232690877,50,projects/qwen35_indoor_nav/research/continuation_memory_v1/strong_backbone_recovery_v1/recovery_confirmation_v2/runs/confirmation_001/unseen/evaluation/gpu7_1790348659170222808/episodes/62/CONCAT_s43/TRACE.jsonl,c26453ba259e6875d7f14c66ebbfb7668fd1de736d8cbe5db0820b3f6c763341,projects/qwen35_indoor_nav/research/continuation_memory_v1/strong_backbone_recovery_v1/recovery_confirmation_v2/runs/confirmation_001/unseen/evaluation/gpu7_1790348659170222808/episodes/62/COMPLETE.json
confirmation_unseen_partial,62,zsNo4HB9uLZ,LOCAL_s43,1.0,0.9735845232690877,50,projects/qwen35_indoor_nav/research/continuation_memory_v1/strong_backbone_recovery_v1/recovery_confirmation_v2/runs/confirmation_001/unseen/evaluation/gpu7_1790348659170222808/episodes/62/LOCAL_s43/TRACE.jsonl,cd2ba355ac1b14cab74c1d8615916b23a5b44108bfe79119557db74b464f992a,projects/qwen35_indoor_nav/research/continuation_memory_v1/strong_backbone_recovery_v1/recovery_confirmation_v2/runs/confirmation_001/unseen/evaluation/gpu7_1790348659170222808/episodes/62/COMPLETE.json
confirmation_unseen_partial,62,zsNo4HB9uLZ,CONCAT_s44,1.0,0.9735845232690877,50,projects/qwen35_indoor_nav/research/continuation_memory_v1/strong_backbone_recovery_v1/recovery_confirmation_v2/runs/confirmation_001/unseen/evaluation/gpu7_1790348659170222808/episodes/62/CONCAT_s44/TRACE.jsonl,36f44f8cb0eea943be9a4f9468df7aa93920dc41d8eb95402c90755191e52a44,projects/qwen35_indoor_nav/research/continuation_memory_v1/strong_backbone_recovery_v1/recovery_confirmation_v2/runs/confirmation_001/unseen/evaluation/gpu7_1790348659170222808/episodes/62/COMPLETE.json
confirmation_unseen_partial,62,zsNo4HB9uLZ,LOCAL_s44,1.0,0.9735845402535217,51,projects/qwen35_indoor_nav/research/continuation_memory_v1/strong_backbone_recovery_v1/recovery_confirmation_v2/runs/confirmation_001/unseen/evaluation/gpu7_1790348659170222808/episodes/62/LOCAL_s44/TRACE.jsonl,4642fadcfffeb2abd85bdaf260a1093cd189d750045f8fb096563384dc6f7042,projects/qwen35_indoor_nav/research/continuation_memory_v1/strong_backbone_recovery_v1/recovery_confirmation_v2/runs/confirmation_001/unseen/evaluation/gpu7_1790348659170222808/episodes/62/COMPLETE.json
confirmation_unseen_partial,62,zsNo4HB9uLZ,CONCAT_s42,1.0,0.9735845232690877,50,projects/qwen35_indoor_nav/research/continuation_memory_v1/strong_backbone_recovery_v1/recovery_confirmation_v2/runs/confirmation_001/unseen/evaluation/gpu7_1790348659170222808/episodes/62/CONCAT_s42/TRACE.jsonl,c8696607f760a7fe1fc8187e1e0aaac14b44d8fd14e6a95c99296982f154bbcd,projects/qwen35_indoor_nav/research/continuation_memory_v1/strong_backbone_recovery_v1/recovery_confirmation_v2/runs/confirmation_001/unseen/evaluation/gpu7_1790348659170222808/episodes/62/COMPLETE.json
confirmation_unseen_partial,62,zsNo4HB9uLZ,LOCAL_s42,1.0,0.9735845232690877,50,projects/qwen35_indoor_nav/research/continuation_memory_v1/strong_backbone_recovery_v1/recovery_confirmation_v2/runs/confirmation_001/unseen/evaluation/gpu7_1790348659170222808/episodes/62/LOCAL_s42/TRACE.jsonl,240cf30884b14f2b666d7eed4c45e7dced4982771ba6d0d2450dc2e9f1de4741,projects/qwen35_indoor_nav/research/continuation_memory_v1/strong_backbone_recovery_v1/recovery_confirmation_v2/runs/confirmation_001/unseen/evaluation/gpu7_1790348659170222808/episodes/62/COMPLETE.json
confirmation_unseen_partial,63,2azQ1b91cZZ,NATIVE,1.0,0.8891212344169617,34,projects/qwen35_indoor_nav/research/continuation_memory_v1/strong_backbone_recovery_v1/recovery_confirmation_v2/runs/confirmation_001/unseen/evaluation/gpu7_1790348659170222808/episodes/63/NATIVE/TRACE.jsonl,d8ee1d49e9b5ae544f451d385832b0ba245282a682afe047abaa6d57bac19025,projects/qwen35_indoor_nav/research/continuation_memory_v1/strong_backbone_recovery_v1/recovery_confirmation_v2/runs/confirmation_001/unseen/evaluation/gpu7_1790348659170222808/episodes/63/COMPLETE.json
confirmation_unseen_partial,63,2azQ1b91cZZ,LOCAL_s43,1.0,0.8891212344169617,34,projects/qwen35_indoor_nav/research/continuation_memory_v1/strong_backbone_recovery_v1/recovery_confirmation_v2/runs/confirmation_001/unseen/evaluation/gpu7_1790348659170222808/episodes/63/LOCAL_s43/TRACE.jsonl,307cb925f7b6dcdae376d05085e3e688b33cfd3056972c9bdeac10517eca731f,projects/qwen35_indoor_nav/research/continuation_memory_v1/strong_backbone_recovery_v1/recovery_confirmation_v2/runs/confirmation_001/unseen/evaluation/gpu7_1790348659170222808/episodes/63/COMPLETE.json
confirmation_unseen_partial,63,2azQ1b91cZZ,CONCAT_s44,1.0,0.8891212344169617,34,projects/qwen35_indoor_nav/research/continuation_memory_v1/strong_backbone_recovery_v1/recovery_confirmation_v2/runs/confirmation_001/unseen/evaluation/gpu7_1790348659170222808/episodes/63/CONCAT_s44/TRACE.jsonl,8b75a4ff44169893c801065f98ad5387287b47738206fd8da55060f6f60b9c30,projects/qwen35_indoor_nav/research/continuation_memory_v1/strong_backbone_recovery_v1/recovery_confirmation_v2/runs/confirmation_001/unseen/evaluation/gpu7_1790348659170222808/episodes/63/COMPLETE.json
confirmation_unseen_partial,63,2azQ1b91cZZ,LOCAL_s44,0.0,0.0,45,projects/qwen35_indoor_nav/research/continuation_memory_v1/strong_backbone_recovery_v1/recovery_confirmation_v2/runs/confirmation_001/unseen/evaluation/gpu7_1790348659170222808/episodes/63/LOCAL_s44/TRACE.jsonl,3b86904b164026ce87cd34056cca07371adba958d323307e5fb5df77d94c31aa,projects/qwen35_indoor_nav/research/continuation_memory_v1/strong_backbone_recovery_v1/recovery_confirmation_v2/runs/confirmation_001/unseen/evaluation/gpu7_1790348659170222808/episodes/63/COMPLETE.json
confirmation_unseen_partial,63,2azQ1b91cZZ,CONCAT_s42,1.0,0.8891212344169617,34,projects/qwen35_indoor_nav/research/continuation_memory_v1/strong_backbone_recovery_v1/recovery_confirmation_v2/runs/confirmation_001/unseen/evaluation/gpu7_1790348659170222808/episodes/63/CONCAT_s42/TRACE.jsonl,7df45d341ca8c2616ce226f4e60d6922f8db20e38f1ffc3989ae0fa31f18f3b4,projects/qwen35_indoor_nav/research/continuation_memory_v1/strong_backbone_recovery_v1/recovery_confirmation_v2/runs/confirmation_001/unseen/evaluation/gpu7_1790348659170222808/episodes/63/COMPLETE.json
confirmation_unseen_partial,63,2azQ1b91cZZ,LOCAL_s42,1.0,0.8891212344169617,34,projects/qwen35_indoor_nav/research/continuation_memory_v1/strong_backbone_recovery_v1/recovery_confirmation_v2/runs/confirmation_001/unseen/evaluation/gpu7_1790348659170222808/episodes/63/LOCAL_s42/TRACE.jsonl,c67b72c5e61cd2febc7e935c865b0cd90d6a01d12407c396f46e9dd08943295c,projects/qwen35_indoor_nav/research/continuation_memory_v1/strong_backbone_recovery_v1/recovery_confirmation_v2/runs/confirmation_001/unseen/evaluation/gpu7_1790348659170222808/episodes/63/COMPLETE.json
confirmation_unseen_partial,63,2azQ1b91cZZ,CONCAT_s43,1.0,0.8891212344169617,34,projects/qwen35_indoor_nav/research/continuation_memory_v1/strong_backbone_recovery_v1/recovery_confirmation_v2/runs/confirmation_001/unseen/evaluation/gpu7_1790348659170222808/episodes/63/CONCAT_s43/TRACE.jsonl,b421124f4bffa9389c9ff0e99f7f154446d5e602e2b7764c98e9e36bc604eb0c,projects/qwen35_indoor_nav/research/continuation_memory_v1/strong_backbone_recovery_v1/recovery_confirmation_v2/runs/confirmation_001/unseen/evaluation/gpu7_1790348659170222808/episodes/63/COMPLETE.json
