WARNING: Logging before InitGoogleLogging() is written to STDERR
I0918 21:20:42.666172 1593316 ManagedContainerBase.cpp:19] ManagedContainerBase::convertFilenameToJSON : Filename : default changed to proposed JSON configuration filename : default.scene_dataset_config.json
I0918 21:20:42.666210 1593316 AttributesManagerBase.h:283] AttributesManager<T>::createFromJsonOrDefaultInternal  (Dataset) : Proposing JSON name : default.scene_dataset_config.json from original name : default | This file  does not exist.
I0918 21:20:42.666317 1593316 AssetAttributesManager.cpp:117] Asset attributes (capsule3DSolid : capsule3DSolid_hemiRings_4_cylRings_1_segments_12_halfLen_0.75_useTexCoords_false_useTangents_false) created and registered.
I0918 21:20:42.666350 1593316 AssetAttributesManager.cpp:117] Asset attributes (capsule3DWireframe : capsule3DWireframe_hemiRings_8_cylRings_1_segments_16_halfLen_1) created and registered.
I0918 21:20:42.666378 1593316 AssetAttributesManager.cpp:117] Asset attributes (coneSolid : coneSolid_segments_12_halfLen_1.25_rings_1_useTexCoords_false_useTangents_false_capEnd_true) created and registered.
I0918 21:20:42.666394 1593316 AssetAttributesManager.cpp:117] Asset attributes (coneWireframe : coneWireframe_segments_32_halfLen_1.25) created and registered.
I0918 21:20:42.666404 1593316 AssetAttributesManager.cpp:117] Asset attributes (cubeSolid : cubeSolid) created and registered.
I0918 21:20:42.666410 1593316 AssetAttributesManager.cpp:117] Asset attributes (cubeWireframe : cubeWireframe) created and registered.
I0918 21:20:42.666431 1593316 AssetAttributesManager.cpp:117] Asset attributes (cylinderSolid : cylinderSolid_rings_1_segments_12_halfLen_1_useTexCoords_false_useTangents_false_capEnds_true) created and registered.
I0918 21:20:42.666450 1593316 AssetAttributesManager.cpp:117] Asset attributes (cylinderWireframe : cylinderWireframe_rings_1_segments_32_halfLen_1) created and registered.
I0918 21:20:42.666461 1593316 AssetAttributesManager.cpp:117] Asset attributes (icosphereSolid : icosphereSolid_subdivs_1) created and registered.
I0918 21:20:42.666471 1593316 AssetAttributesManager.cpp:117] Asset attributes (icosphereWireframe : icosphereWireframe_subdivs_1) created and registered.
I0918 21:20:42.666483 1593316 AssetAttributesManager.cpp:117] Asset attributes (uvSphereSolid : uvSphereSolid_rings_8_segments_16_useTexCoords_false_useTangents_false) created and registered.
I0918 21:20:42.666495 1593316 AssetAttributesManager.cpp:117] Asset attributes (uvSphereWireframe : uvSphereWireframe_rings_16_segments_32) created and registered.
I0918 21:20:42.666500 1593316 AssetAttributesManager.cpp:105] AssetAttributesManager::buildCtorFuncPtrMaps : Built default primitive asset templates : 12
I0918 21:20:42.666916 1593316 SceneDatasetAttributesManager.cpp:23] File (default) not found, so new default dataset attributes created and registered.
I0918 21:20:42.666918 1593316 MetadataMediator.cpp:47] MetadataMediator::createDataset : Dataset default successfully created.
I0918 21:20:42.669582 1593316 AttributesManagerBase.h:283] AttributesManager<T>::createFromJsonOrDefaultInternal  (Physics Manager) : Proposing JSON name : ./data/default.physics_config.json from original name : ./data/default.physics_config.json | This file  does not exist.
I0918 21:20:42.669597 1593316 PhysicsAttributesManager.cpp:27] File (./data/default.physics_config.json) not found, so new default physics manager attributes created and registered.
I0918 21:20:42.669600 1593316 AbstractObjectAttributesManagerBase.h:175] AbstractObjectAttributesManager<T>::createObject  (Stage) : Making attributes with handle : /mnt/data_nas/deeprobotics/daiyang/vla/third_party/ETP-R1/data/scene_datasets/mp3d/82sE5b5pLXE/82sE5b5pLXE.glb
I0918 21:20:42.669605 1593316 ManagedContainerBase.cpp:19] ManagedContainerBase::convertFilenameToJSON : Filename : /mnt/data_nas/deeprobotics/daiyang/vla/third_party/ETP-R1/data/scene_datasets/mp3d/82sE5b5pLXE/82sE5b5pLXE.glb changed to proposed JSON configuration filename : /mnt/data_nas/deeprobotics/daiyang/vla/third_party/ETP-R1/data/scene_datasets/mp3d/82sE5b5pLXE/82sE5b5pLXE.stage_config.json
I0918 21:20:42.669620 1593316 AttributesManagerBase.h:283] AttributesManager<T>::createFromJsonOrDefaultInternal  (Stage) : Proposing JSON name : /mnt/data_nas/deeprobotics/daiyang/vla/third_party/ETP-R1/data/scene_datasets/mp3d/82sE5b5pLXE/82sE5b5pLXE.stage_config.json from original name : /mnt/data_nas/deeprobotics/daiyang/vla/third_party/ETP-R1/data/scene_datasets/mp3d/82sE5b5pLXE/82sE5b5pLXE.glb | This file  does not exist.
I0918 21:20:42.669670 1593316 AbstractObjectAttributesManagerBase.h:181] AbstractObjectAttributesManager<T>::createObject  (Stage) : Done making attributes with handle : /mnt/data_nas/deeprobotics/daiyang/vla/third_party/ETP-R1/data/scene_datasets/mp3d/82sE5b5pLXE/82sE5b5pLXE.glb
I0918 21:20:42.669672 1593316 AbstractObjectAttributesManagerBase.h:188] File (/mnt/data_nas/deeprobotics/daiyang/vla/third_party/ETP-R1/data/scene_datasets/mp3d/82sE5b5pLXE/82sE5b5pLXE.glb) exists but is not a recognized config filename extension, so new default Stage attributes created and registered.
I0918 21:20:42.669682 1593316 Simulator.cpp:156] Loading navmesh from /mnt/data_nas/deeprobotics/daiyang/vla/third_party/ETP-R1/data/scene_datasets/mp3d/82sE5b5pLXE/82sE5b5pLXE.navmesh
I0918 21:20:42.670703 1593316 Simulator.cpp:158] Loaded.
I0918 21:20:42.670718 1593316 SceneGraph.h:93] Created DrawableGroup: 
Renderer: NVIDIA GeForce RTX 5090/PCIe/SSE2 by NVIDIA Corporation
OpenGL version: 4.6.0 NVIDIA 580.126.09
Using optional features:
    GL_ARB_ES2_compatibility
    GL_ARB_direct_state_access
    GL_ARB_get_texture_sub_image
    GL_ARB_invalidate_subdata
    GL_ARB_multi_bind
    GL_ARB_robustness
    GL_ARB_separate_shader_objects
    GL_ARB_texture_filter_anisotropic
    GL_ARB_texture_storage
    GL_ARB_texture_storage_multisample
    GL_ARB_vertex_array_object
    GL_KHR_debug
Using driver workarounds:
    no-forward-compatible-core-context
    nv-egl-incorrect-gl11-function-pointers
    no-layout-qualifiers-on-old-glsl
    nv-zero-context-profile-mask
    nv-implementation-color-read-format-dsa-broken
    nv-cubemap-inconsistent-compressed-image-size
    nv-cubemap-broken-full-compressed-image-query
    nv-compressed-block-size-in-bits
I0918 21:20:42.963783 1593316 ResourceManager.cpp:234] ResourceManager::loadStage : Not loading semantic mesh
I0918 21:20:42.963804 1593316 ResourceManager.cpp:262] ResourceManager::loadStage : start load render asset /mnt/data_nas/deeprobotics/daiyang/vla/third_party/ETP-R1/data/scene_datasets/mp3d/82sE5b5pLXE/82sE5b5pLXE.glb.
I0918 21:20:42.963807 1593316 ResourceManager.cpp:569] ResourceManager::loadStageInternal : Attempting to load stage /mnt/data_nas/deeprobotics/daiyang/vla/third_party/ETP-R1/data/scene_datasets/mp3d/82sE5b5pLXE/82sE5b5pLXE.glb 
I0918 21:20:42.963851 1593316 ResourceManager.cpp:1119] Importing Basis files as BC7 for 82sE5b5pLXE.glb
W0918 21:20:45.529991 1593316 Simulator.cpp:248] :
---
 The active scene does not contain semantic annotations. 
---
I0918 21:20:45.566604 1593316 simulator.py:213] Loaded navmesh /mnt/data_nas/deeprobotics/daiyang/vla/third_party/ETP-R1/data/scene_datasets/mp3d/82sE5b5pLXE/82sE5b5pLXE.navmesh
I0918 21:21:53.437688 1593316 PhysicsManager.cpp:33] Deconstructing PhysicsManager
I0918 21:21:53.437724 1593316 SemanticScene.h:41] Deconstructing SemanticScene
I0918 21:21:53.439015 1593316 SceneManager.h:25] Deconstructing SceneManager
I0918 21:21:53.439023 1593316 SceneGraph.h:26] Deconstructing SceneGraph
I0918 21:21:53.439213 1593316 Sensor.h:87] Deconstructing Sensor
I0918 21:21:53.443624 1593316 Renderer.cpp:34] Deconstructing Renderer
I0918 21:21:53.443648 1593316 WindowlessContext.h:17] Deconstructing WindowlessContext
I0918 21:21:53.456033 1593316 ManagedContainerBase.cpp:19] ManagedContainerBase::convertFilenameToJSON : Filename : default changed to proposed JSON configuration filename : default.scene_dataset_config.json
I0918 21:21:53.456059 1593316 AttributesManagerBase.h:283] AttributesManager<T>::createFromJsonOrDefaultInternal  (Dataset) : Proposing JSON name : default.scene_dataset_config.json from original name : default | This file  does not exist.
I0918 21:21:53.456193 1593316 AssetAttributesManager.cpp:117] Asset attributes (capsule3DSolid : capsule3DSolid_hemiRings_4_cylRings_1_segments_12_halfLen_0.75_useTexCoords_false_useTangents_false) created and registered.
I0918 21:21:53.456220 1593316 AssetAttributesManager.cpp:117] Asset attributes (capsule3DWireframe : capsule3DWireframe_hemiRings_8_cylRings_1_segments_16_halfLen_1) created and registered.
I0918 21:21:53.456244 1593316 AssetAttributesManager.cpp:117] Asset attributes (coneSolid : coneSolid_segments_12_halfLen_1.25_rings_1_useTexCoords_false_useTangents_false_capEnd_true) created and registered.
I0918 21:21:53.456259 1593316 AssetAttributesManager.cpp:117] Asset attributes (coneWireframe : coneWireframe_segments_32_halfLen_1.25) created and registered.
I0918 21:21:53.456275 1593316 AssetAttributesManager.cpp:117] Asset attributes (cubeSolid : cubeSolid) created and registered.
I0918 21:21:53.456281 1593316 AssetAttributesManager.cpp:117] Asset attributes (cubeWireframe : cubeWireframe) created and registered.
I0918 21:21:53.456300 1593316 AssetAttributesManager.cpp:117] Asset attributes (cylinderSolid : cylinderSolid_rings_1_segments_12_halfLen_1_useTexCoords_false_useTangents_false_capEnds_true) created and registered.
I0918 21:21:53.456318 1593316 AssetAttributesManager.cpp:117] Asset attributes (cylinderWireframe : cylinderWireframe_rings_1_segments_32_halfLen_1) created and registered.
I0918 21:21:53.456331 1593316 AssetAttributesManager.cpp:117] Asset attributes (icosphereSolid : icosphereSolid_subdivs_1) created and registered.
I0918 21:21:53.456341 1593316 AssetAttributesManager.cpp:117] Asset attributes (icosphereWireframe : icosphereWireframe_subdivs_1) created and registered.
I0918 21:21:53.456354 1593316 AssetAttributesManager.cpp:117] Asset attributes (uvSphereSolid : uvSphereSolid_rings_8_segments_16_useTexCoords_false_useTangents_false) created and registered.
I0918 21:21:53.456368 1593316 AssetAttributesManager.cpp:117] Asset attributes (uvSphereWireframe : uvSphereWireframe_rings_16_segments_32) created and registered.
I0918 21:21:53.456375 1593316 AssetAttributesManager.cpp:105] AssetAttributesManager::buildCtorFuncPtrMaps : Built default primitive asset templates : 12
I0918 21:21:53.456789 1593316 SceneDatasetAttributesManager.cpp:23] File (default) not found, so new default dataset attributes created and registered.
I0918 21:21:53.456791 1593316 MetadataMediator.cpp:47] MetadataMediator::createDataset : Dataset default successfully created.
I0918 21:21:53.456992 1593316 AttributesManagerBase.h:283] AttributesManager<T>::createFromJsonOrDefaultInternal  (Physics Manager) : Proposing JSON name : ./data/default.physics_config.json from original name : ./data/default.physics_config.json | This file  does not exist.
I0918 21:21:53.457005 1593316 PhysicsAttributesManager.cpp:27] File (./data/default.physics_config.json) not found, so new default physics manager attributes created and registered.
I0918 21:21:53.457008 1593316 AbstractObjectAttributesManagerBase.h:175] AbstractObjectAttributesManager<T>::createObject  (Stage) : Making attributes with handle : /mnt/data_nas/deeprobotics/daiyang/vla/third_party/ETP-R1/data/scene_datasets/mp3d/B6ByNegPMKs/B6ByNegPMKs.glb
I0918 21:21:53.457012 1593316 ManagedContainerBase.cpp:19] ManagedContainerBase::convertFilenameToJSON : Filename : /mnt/data_nas/deeprobotics/daiyang/vla/third_party/ETP-R1/data/scene_datasets/mp3d/B6ByNegPMKs/B6ByNegPMKs.glb changed to proposed JSON configuration filename : /mnt/data_nas/deeprobotics/daiyang/vla/third_party/ETP-R1/data/scene_datasets/mp3d/B6ByNegPMKs/B6ByNegPMKs.stage_config.json
I0918 21:21:53.457032 1593316 AttributesManagerBase.h:283] AttributesManager<T>::createFromJsonOrDefaultInternal  (Stage) : Proposing JSON name : /mnt/data_nas/deeprobotics/daiyang/vla/third_party/ETP-R1/data/scene_datasets/mp3d/B6ByNegPMKs/B6ByNegPMKs.stage_config.json from original name : /mnt/data_nas/deeprobotics/daiyang/vla/third_party/ETP-R1/data/scene_datasets/mp3d/B6ByNegPMKs/B6ByNegPMKs.glb | This file  does not exist.
I0918 21:21:53.457083 1593316 AbstractObjectAttributesManagerBase.h:181] AbstractObjectAttributesManager<T>::createObject  (Stage) : Done making attributes with handle : /mnt/data_nas/deeprobotics/daiyang/vla/third_party/ETP-R1/data/scene_datasets/mp3d/B6ByNegPMKs/B6ByNegPMKs.glb
I0918 21:21:53.457085 1593316 AbstractObjectAttributesManagerBase.h:188] File (/mnt/data_nas/deeprobotics/daiyang/vla/third_party/ETP-R1/data/scene_datasets/mp3d/B6ByNegPMKs/B6ByNegPMKs.glb) exists but is not a recognized config filename extension, so new default Stage attributes created and registered.
I0918 21:21:53.457090 1593316 Simulator.cpp:156] Loading navmesh from /mnt/data_nas/deeprobotics/daiyang/vla/third_party/ETP-R1/data/scene_datasets/mp3d/B6ByNegPMKs/B6ByNegPMKs.navmesh
I0918 21:21:53.458796 1593316 Simulator.cpp:158] Loaded.
I0918 21:21:53.458803 1593316 SceneGraph.h:93] Created DrawableGroup: 
Renderer: NVIDIA GeForce RTX 5090/PCIe/SSE2 by NVIDIA Corporation
OpenGL version: 4.6.0 NVIDIA 580.126.09
Using optional features:
    GL_ARB_ES2_compatibility
    GL_ARB_direct_state_access
    GL_ARB_get_texture_sub_image
    GL_ARB_invalidate_subdata
    GL_ARB_multi_bind
    GL_ARB_robustness
    GL_ARB_separate_shader_objects
    GL_ARB_texture_filter_anisotropic
    GL_ARB_texture_storage
    GL_ARB_texture_storage_multisample
    GL_ARB_vertex_array_object
    GL_KHR_debug
Using driver workarounds:
    no-forward-compatible-core-context
    nv-egl-incorrect-gl11-function-pointers
    no-layout-qualifiers-on-old-glsl
    nv-zero-context-profile-mask
    nv-implementation-color-read-format-dsa-broken
    nv-cubemap-inconsistent-compressed-image-size
    nv-cubemap-broken-full-compressed-image-query
    nv-compressed-block-size-in-bits
I0918 21:21:53.462527 1593316 ResourceManager.cpp:234] ResourceManager::loadStage : Not loading semantic mesh
I0918 21:21:53.462535 1593316 ResourceManager.cpp:262] ResourceManager::loadStage : start load render asset /mnt/data_nas/deeprobotics/daiyang/vla/third_party/ETP-R1/data/scene_datasets/mp3d/B6ByNegPMKs/B6ByNegPMKs.glb.
I0918 21:21:53.462538 1593316 ResourceManager.cpp:569] ResourceManager::loadStageInternal : Attempting to load stage /mnt/data_nas/deeprobotics/daiyang/vla/third_party/ETP-R1/data/scene_datasets/mp3d/B6ByNegPMKs/B6ByNegPMKs.glb 
I0918 21:21:53.462554 1593316 ResourceManager.cpp:1119] Importing Basis files as BC7 for B6ByNegPMKs.glb
W0918 21:22:03.477631 1593316 Simulator.cpp:248] :
---
 The active scene does not contain semantic annotations. 
---
I0918 21:22:03.677924 1593316 simulator.py:213] Loaded navmesh /mnt/data_nas/deeprobotics/daiyang/vla/third_party/ETP-R1/data/scene_datasets/mp3d/B6ByNegPMKs/B6ByNegPMKs.navmesh
I0918 21:24:31.320957 1593316 PhysicsManager.cpp:33] Deconstructing PhysicsManager
I0918 21:24:31.321015 1593316 SemanticScene.h:41] Deconstructing SemanticScene
I0918 21:24:31.337225 1593316 SceneManager.h:25] Deconstructing SceneManager
I0918 21:24:31.337246 1593316 SceneGraph.h:26] Deconstructing SceneGraph
I0918 21:24:31.337765 1593316 Sensor.h:87] Deconstructing Sensor
I0918 21:24:31.363013 1593316 Renderer.cpp:34] Deconstructing Renderer
I0918 21:24:31.363051 1593316 WindowlessContext.h:17] Deconstructing WindowlessContext
I0918 21:24:31.392342 1593316 ManagedContainerBase.cpp:19] ManagedContainerBase::convertFilenameToJSON : Filename : default changed to proposed JSON configuration filename : default.scene_dataset_config.json
I0918 21:24:31.392372 1593316 AttributesManagerBase.h:283] AttributesManager<T>::createFromJsonOrDefaultInternal  (Dataset) : Proposing JSON name : default.scene_dataset_config.json from original name : default | This file  does not exist.
I0918 21:24:31.392478 1593316 AssetAttributesManager.cpp:117] Asset attributes (capsule3DSolid : capsule3DSolid_hemiRings_4_cylRings_1_segments_12_halfLen_0.75_useTexCoords_false_useTangents_false) created and registered.
I0918 21:24:31.392508 1593316 AssetAttributesManager.cpp:117] Asset attributes (capsule3DWireframe : capsule3DWireframe_hemiRings_8_cylRings_1_segments_16_halfLen_1) created and registered.
I0918 21:24:31.392536 1593316 AssetAttributesManager.cpp:117] Asset attributes (coneSolid : coneSolid_segments_12_halfLen_1.25_rings_1_useTexCoords_false_useTangents_false_capEnd_true) created and registered.
I0918 21:24:31.392551 1593316 AssetAttributesManager.cpp:117] Asset attributes (coneWireframe : coneWireframe_segments_32_halfLen_1.25) created and registered.
I0918 21:24:31.392560 1593316 AssetAttributesManager.cpp:117] Asset attributes (cubeSolid : cubeSolid) created and registered.
I0918 21:24:31.392567 1593316 AssetAttributesManager.cpp:117] Asset attributes (cubeWireframe : cubeWireframe) created and registered.
I0918 21:24:31.392587 1593316 AssetAttributesManager.cpp:117] Asset attributes (cylinderSolid : cylinderSolid_rings_1_segments_12_halfLen_1_useTexCoords_false_useTangents_false_capEnds_true) created and registered.
I0918 21:24:31.392606 1593316 AssetAttributesManager.cpp:117] Asset attributes (cylinderWireframe : cylinderWireframe_rings_1_segments_32_halfLen_1) created and registered.
I0918 21:24:31.392617 1593316 AssetAttributesManager.cpp:117] Asset attributes (icosphereSolid : icosphereSolid_subdivs_1) created and registered.
I0918 21:24:31.392627 1593316 AssetAttributesManager.cpp:117] Asset attributes (icosphereWireframe : icosphereWireframe_subdivs_1) created and registered.
I0918 21:24:31.392640 1593316 AssetAttributesManager.cpp:117] Asset attributes (uvSphereSolid : uvSphereSolid_rings_8_segments_16_useTexCoords_false_useTangents_false) created and registered.
I0918 21:24:31.392653 1593316 AssetAttributesManager.cpp:117] Asset attributes (uvSphereWireframe : uvSphereWireframe_rings_16_segments_32) created and registered.
I0918 21:24:31.392659 1593316 AssetAttributesManager.cpp:105] AssetAttributesManager::buildCtorFuncPtrMaps : Built default primitive asset templates : 12
I0918 21:24:31.393064 1593316 SceneDatasetAttributesManager.cpp:23] File (default) not found, so new default dataset attributes created and registered.
I0918 21:24:31.393067 1593316 MetadataMediator.cpp:47] MetadataMediator::createDataset : Dataset default successfully created.
I0918 21:24:31.394101 1593316 AttributesManagerBase.h:283] AttributesManager<T>::createFromJsonOrDefaultInternal  (Physics Manager) : Proposing JSON name : ./data/default.physics_config.json from original name : ./data/default.physics_config.json | This file  does not exist.
I0918 21:24:31.394116 1593316 PhysicsAttributesManager.cpp:27] File (./data/default.physics_config.json) not found, so new default physics manager attributes created and registered.
I0918 21:24:31.394119 1593316 AbstractObjectAttributesManagerBase.h:175] AbstractObjectAttributesManager<T>::createObject  (Stage) : Making attributes with handle : /mnt/data_nas/deeprobotics/daiyang/vla/third_party/ETP-R1/data/scene_datasets/mp3d/PuKPg4mmafe/PuKPg4mmafe.glb
I0918 21:24:31.394124 1593316 ManagedContainerBase.cpp:19] ManagedContainerBase::convertFilenameToJSON : Filename : /mnt/data_nas/deeprobotics/daiyang/vla/third_party/ETP-R1/data/scene_datasets/mp3d/PuKPg4mmafe/PuKPg4mmafe.glb changed to proposed JSON configuration filename : /mnt/data_nas/deeprobotics/daiyang/vla/third_party/ETP-R1/data/scene_datasets/mp3d/PuKPg4mmafe/PuKPg4mmafe.stage_config.json
I0918 21:24:31.398518 1593316 AttributesManagerBase.h:283] AttributesManager<T>::createFromJsonOrDefaultInternal  (Stage) : Proposing JSON name : /mnt/data_nas/deeprobotics/daiyang/vla/third_party/ETP-R1/data/scene_datasets/mp3d/PuKPg4mmafe/PuKPg4mmafe.stage_config.json from original name : /mnt/data_nas/deeprobotics/daiyang/vla/third_party/ETP-R1/data/scene_datasets/mp3d/PuKPg4mmafe/PuKPg4mmafe.glb | This file  does not exist.
I0918 21:24:31.402295 1593316 AbstractObjectAttributesManagerBase.h:181] AbstractObjectAttributesManager<T>::createObject  (Stage) : Done making attributes with handle : /mnt/data_nas/deeprobotics/daiyang/vla/third_party/ETP-R1/data/scene_datasets/mp3d/PuKPg4mmafe/PuKPg4mmafe.glb
I0918 21:24:31.402298 1593316 AbstractObjectAttributesManagerBase.h:188] File (/mnt/data_nas/deeprobotics/daiyang/vla/third_party/ETP-R1/data/scene_datasets/mp3d/PuKPg4mmafe/PuKPg4mmafe.glb) exists but is not a recognized config filename extension, so new default Stage attributes created and registered.
I0918 21:24:31.402308 1593316 Simulator.cpp:156] Loading navmesh from /mnt/data_nas/deeprobotics/daiyang/vla/third_party/ETP-R1/data/scene_datasets/mp3d/PuKPg4mmafe/PuKPg4mmafe.navmesh
I0918 21:24:31.405746 1593316 Simulator.cpp:158] Loaded.
I0918 21:24:31.405755 1593316 SceneGraph.h:93] Created DrawableGroup: 
Renderer: NVIDIA GeForce RTX 5090/PCIe/SSE2 by NVIDIA Corporation
OpenGL version: 4.6.0 NVIDIA 580.126.09
Using optional features:
    GL_ARB_ES2_compatibility
    GL_ARB_direct_state_access
    GL_ARB_get_texture_sub_image
    GL_ARB_invalidate_subdata
    GL_ARB_multi_bind
    GL_ARB_robustness
    GL_ARB_separate_shader_objects
    GL_ARB_texture_filter_anisotropic
    GL_ARB_texture_storage
    GL_ARB_texture_storage_multisample
    GL_ARB_vertex_array_object
    GL_KHR_debug
Using driver workarounds:
    no-forward-compatible-core-context
    nv-egl-incorrect-gl11-function-pointers
    no-layout-qualifiers-on-old-glsl
    nv-zero-context-profile-mask
    nv-implementation-color-read-format-dsa-broken
    nv-cubemap-inconsistent-compressed-image-size
    nv-cubemap-broken-full-compressed-image-query
    nv-compressed-block-size-in-bits
I0918 21:24:31.409544 1593316 ResourceManager.cpp:234] ResourceManager::loadStage : Not loading semantic mesh
I0918 21:24:31.409554 1593316 ResourceManager.cpp:262] ResourceManager::loadStage : start load render asset /mnt/data_nas/deeprobotics/daiyang/vla/third_party/ETP-R1/data/scene_datasets/mp3d/PuKPg4mmafe/PuKPg4mmafe.glb.
I0918 21:24:31.409557 1593316 ResourceManager.cpp:569] ResourceManager::loadStageInternal : Attempting to load stage /mnt/data_nas/deeprobotics/daiyang/vla/third_party/ETP-R1/data/scene_datasets/mp3d/PuKPg4mmafe/PuKPg4mmafe.glb 
I0918 21:24:31.409575 1593316 ResourceManager.cpp:1119] Importing Basis files as BC7 for PuKPg4mmafe.glb
W0918 21:24:36.314016 1593316 Simulator.cpp:248] :
---
 The active scene does not contain semantic annotations. 
---
I0918 21:24:36.336012 1593316 simulator.py:213] Loaded navmesh /mnt/data_nas/deeprobotics/daiyang/vla/third_party/ETP-R1/data/scene_datasets/mp3d/PuKPg4mmafe/PuKPg4mmafe.navmesh
I0918 21:25:43.774712 1593316 PhysicsManager.cpp:33] Deconstructing PhysicsManager
I0918 21:25:43.774785 1593316 SemanticScene.h:41] Deconstructing SemanticScene
I0918 21:25:43.776046 1593316 SceneManager.h:25] Deconstructing SceneManager
I0918 21:25:43.776053 1593316 SceneGraph.h:26] Deconstructing SceneGraph
I0918 21:25:43.776338 1593316 Sensor.h:87] Deconstructing Sensor
I0918 21:25:43.782339 1593316 Renderer.cpp:34] Deconstructing Renderer
I0918 21:25:43.782367 1593316 WindowlessContext.h:17] Deconstructing WindowlessContext
I0918 21:25:43.795799 1593316 ManagedContainerBase.cpp:19] ManagedContainerBase::convertFilenameToJSON : Filename : default changed to proposed JSON configuration filename : default.scene_dataset_config.json
I0918 21:25:43.795822 1593316 AttributesManagerBase.h:283] AttributesManager<T>::createFromJsonOrDefaultInternal  (Dataset) : Proposing JSON name : default.scene_dataset_config.json from original name : default | This file  does not exist.
I0918 21:25:43.795940 1593316 AssetAttributesManager.cpp:117] Asset attributes (capsule3DSolid : capsule3DSolid_hemiRings_4_cylRings_1_segments_12_halfLen_0.75_useTexCoords_false_useTangents_false) created and registered.
I0918 21:25:43.795966 1593316 AssetAttributesManager.cpp:117] Asset attributes (capsule3DWireframe : capsule3DWireframe_hemiRings_8_cylRings_1_segments_16_halfLen_1) created and registered.
I0918 21:25:43.795989 1593316 AssetAttributesManager.cpp:117] Asset attributes (coneSolid : coneSolid_segments_12_halfLen_1.25_rings_1_useTexCoords_false_useTangents_false_capEnd_true) created and registered.
I0918 21:25:43.796005 1593316 AssetAttributesManager.cpp:117] Asset attributes (coneWireframe : coneWireframe_segments_32_halfLen_1.25) created and registered.
I0918 21:25:43.796025 1593316 AssetAttributesManager.cpp:117] Asset attributes (cubeSolid : cubeSolid) created and registered.
I0918 21:25:43.796031 1593316 AssetAttributesManager.cpp:117] Asset attributes (cubeWireframe : cubeWireframe) created and registered.
I0918 21:25:43.796051 1593316 AssetAttributesManager.cpp:117] Asset attributes (cylinderSolid : cylinderSolid_rings_1_segments_12_halfLen_1_useTexCoords_false_useTangents_false_capEnds_true) created and registered.
I0918 21:25:43.796069 1593316 AssetAttributesManager.cpp:117] Asset attributes (cylinderWireframe : cylinderWireframe_rings_1_segments_32_halfLen_1) created and registered.
I0918 21:25:43.796087 1593316 AssetAttributesManager.cpp:117] Asset attributes (icosphereSolid : icosphereSolid_subdivs_1) created and registered.
I0918 21:25:43.796096 1593316 AssetAttributesManager.cpp:117] Asset attributes (icosphereWireframe : icosphereWireframe_subdivs_1) created and registered.
I0918 21:25:43.796113 1593316 AssetAttributesManager.cpp:117] Asset attributes (uvSphereSolid : uvSphereSolid_rings_8_segments_16_useTexCoords_false_useTangents_false) created and registered.
I0918 21:25:43.796125 1593316 AssetAttributesManager.cpp:117] Asset attributes (uvSphereWireframe : uvSphereWireframe_rings_16_segments_32) created and registered.
I0918 21:25:43.796136 1593316 AssetAttributesManager.cpp:105] AssetAttributesManager::buildCtorFuncPtrMaps : Built default primitive asset templates : 12
I0918 21:25:43.796557 1593316 SceneDatasetAttributesManager.cpp:23] File (default) not found, so new default dataset attributes created and registered.
I0918 21:25:43.796561 1593316 MetadataMediator.cpp:47] MetadataMediator::createDataset : Dataset default successfully created.
I0918 21:25:43.796754 1593316 AttributesManagerBase.h:283] AttributesManager<T>::createFromJsonOrDefaultInternal  (Physics Manager) : Proposing JSON name : ./data/default.physics_config.json from original name : ./data/default.physics_config.json | This file  does not exist.
I0918 21:25:43.796766 1593316 PhysicsAttributesManager.cpp:27] File (./data/default.physics_config.json) not found, so new default physics manager attributes created and registered.
I0918 21:25:43.796769 1593316 AbstractObjectAttributesManagerBase.h:175] AbstractObjectAttributesManager<T>::createObject  (Stage) : Making attributes with handle : /mnt/data_nas/deeprobotics/daiyang/vla/third_party/ETP-R1/data/scene_datasets/mp3d/XcA2TqTSSAj/XcA2TqTSSAj.glb
I0918 21:25:43.796773 1593316 ManagedContainerBase.cpp:19] ManagedContainerBase::convertFilenameToJSON : Filename : /mnt/data_nas/deeprobotics/daiyang/vla/third_party/ETP-R1/data/scene_datasets/mp3d/XcA2TqTSSAj/XcA2TqTSSAj.glb changed to proposed JSON configuration filename : /mnt/data_nas/deeprobotics/daiyang/vla/third_party/ETP-R1/data/scene_datasets/mp3d/XcA2TqTSSAj/XcA2TqTSSAj.stage_config.json
I0918 21:25:43.796788 1593316 AttributesManagerBase.h:283] AttributesManager<T>::createFromJsonOrDefaultInternal  (Stage) : Proposing JSON name : /mnt/data_nas/deeprobotics/daiyang/vla/third_party/ETP-R1/data/scene_datasets/mp3d/XcA2TqTSSAj/XcA2TqTSSAj.stage_config.json from original name : /mnt/data_nas/deeprobotics/daiyang/vla/third_party/ETP-R1/data/scene_datasets/mp3d/XcA2TqTSSAj/XcA2TqTSSAj.glb | This file  does not exist.
I0918 21:25:43.796835 1593316 AbstractObjectAttributesManagerBase.h:181] AbstractObjectAttributesManager<T>::createObject  (Stage) : Done making attributes with handle : /mnt/data_nas/deeprobotics/daiyang/vla/third_party/ETP-R1/data/scene_datasets/mp3d/XcA2TqTSSAj/XcA2TqTSSAj.glb
I0918 21:25:43.796837 1593316 AbstractObjectAttributesManagerBase.h:188] File (/mnt/data_nas/deeprobotics/daiyang/vla/third_party/ETP-R1/data/scene_datasets/mp3d/XcA2TqTSSAj/XcA2TqTSSAj.glb) exists but is not a recognized config filename extension, so new default Stage attributes created and registered.
I0918 21:25:43.796842 1593316 Simulator.cpp:156] Loading navmesh from /mnt/data_nas/deeprobotics/daiyang/vla/third_party/ETP-R1/data/scene_datasets/mp3d/XcA2TqTSSAj/XcA2TqTSSAj.navmesh
I0918 21:25:43.797845 1593316 Simulator.cpp:158] Loaded.
I0918 21:25:43.797852 1593316 SceneGraph.h:93] Created DrawableGroup: 
Renderer: NVIDIA GeForce RTX 5090/PCIe/SSE2 by NVIDIA Corporation
OpenGL version: 4.6.0 NVIDIA 580.126.09
Using optional features:
    GL_ARB_ES2_compatibility
    GL_ARB_direct_state_access
    GL_ARB_get_texture_sub_image
    GL_ARB_invalidate_subdata
    GL_ARB_multi_bind
    GL_ARB_robustness
    GL_ARB_separate_shader_objects
    GL_ARB_texture_filter_anisotropic
    GL_ARB_texture_storage
    GL_ARB_texture_storage_multisample
    GL_ARB_vertex_array_object
    GL_KHR_debug
Using driver workarounds:
    no-forward-compatible-core-context
    nv-egl-incorrect-gl11-function-pointers
    no-layout-qualifiers-on-old-glsl
    nv-zero-context-profile-mask
    nv-implementation-color-read-format-dsa-broken
    nv-cubemap-inconsistent-compressed-image-size
    nv-cubemap-broken-full-compressed-image-query
    nv-compressed-block-size-in-bits
I0918 21:25:43.801622 1593316 ResourceManager.cpp:234] ResourceManager::loadStage : Not loading semantic mesh
I0918 21:25:43.801631 1593316 ResourceManager.cpp:262] ResourceManager::loadStage : start load render asset /mnt/data_nas/deeprobotics/daiyang/vla/third_party/ETP-R1/data/scene_datasets/mp3d/XcA2TqTSSAj/XcA2TqTSSAj.glb.
I0918 21:25:43.801633 1593316 ResourceManager.cpp:569] ResourceManager::loadStageInternal : Attempting to load stage /mnt/data_nas/deeprobotics/daiyang/vla/third_party/ETP-R1/data/scene_datasets/mp3d/XcA2TqTSSAj/XcA2TqTSSAj.glb 
I0918 21:25:43.801651 1593316 ResourceManager.cpp:1119] Importing Basis files as BC7 for XcA2TqTSSAj.glb
W0918 21:25:45.765993 1593316 Simulator.cpp:248] :
---
 The active scene does not contain semantic annotations. 
---
I0918 21:25:45.814563 1593316 simulator.py:213] Loaded navmesh /mnt/data_nas/deeprobotics/daiyang/vla/third_party/ETP-R1/data/scene_datasets/mp3d/XcA2TqTSSAj/XcA2TqTSSAj.navmesh
I0918 21:29:01.499300 1593316 PhysicsManager.cpp:33] Deconstructing PhysicsManager
I0918 21:29:01.499356 1593316 SemanticScene.h:41] Deconstructing SemanticScene
I0918 21:29:01.501844 1593316 SceneManager.h:25] Deconstructing SceneManager
I0918 21:29:01.501855 1593316 SceneGraph.h:26] Deconstructing SceneGraph
I0918 21:29:01.502419 1593316 Sensor.h:87] Deconstructing Sensor
I0918 21:29:01.506073 1593316 Renderer.cpp:34] Deconstructing Renderer
I0918 21:29:01.506101 1593316 WindowlessContext.h:17] Deconstructing WindowlessContext
I0918 21:29:01.513564 1593316 ManagedContainerBase.cpp:19] ManagedContainerBase::convertFilenameToJSON : Filename : default changed to proposed JSON configuration filename : default.scene_dataset_config.json
I0918 21:29:01.513584 1593316 AttributesManagerBase.h:283] AttributesManager<T>::createFromJsonOrDefaultInternal  (Dataset) : Proposing JSON name : default.scene_dataset_config.json from original name : default | This file  does not exist.
I0918 21:29:01.513703 1593316 AssetAttributesManager.cpp:117] Asset attributes (capsule3DSolid : capsule3DSolid_hemiRings_4_cylRings_1_segments_12_halfLen_0.75_useTexCoords_false_useTangents_false) created and registered.
I0918 21:29:01.513731 1593316 AssetAttributesManager.cpp:117] Asset attributes (capsule3DWireframe : capsule3DWireframe_hemiRings_8_cylRings_1_segments_16_halfLen_1) created and registered.
I0918 21:29:01.513754 1593316 AssetAttributesManager.cpp:117] Asset attributes (coneSolid : coneSolid_segments_12_halfLen_1.25_rings_1_useTexCoords_false_useTangents_false_capEnd_true) created and registered.
I0918 21:29:01.513768 1593316 AssetAttributesManager.cpp:117] Asset attributes (coneWireframe : coneWireframe_segments_32_halfLen_1.25) created and registered.
I0918 21:29:01.513778 1593316 AssetAttributesManager.cpp:117] Asset attributes (cubeSolid : cubeSolid) created and registered.
I0918 21:29:01.513784 1593316 AssetAttributesManager.cpp:117] Asset attributes (cubeWireframe : cubeWireframe) created and registered.
I0918 21:29:01.513803 1593316 AssetAttributesManager.cpp:117] Asset attributes (cylinderSolid : cylinderSolid_rings_1_segments_12_halfLen_1_useTexCoords_false_useTangents_false_capEnds_true) created and registered.
I0918 21:29:01.513826 1593316 AssetAttributesManager.cpp:117] Asset attributes (cylinderWireframe : cylinderWireframe_rings_1_segments_32_halfLen_1) created and registered.
I0918 21:29:01.513839 1593316 AssetAttributesManager.cpp:117] Asset attributes (icosphereSolid : icosphereSolid_subdivs_1) created and registered.
I0918 21:29:01.513846 1593316 AssetAttributesManager.cpp:117] Asset attributes (icosphereWireframe : icosphereWireframe_subdivs_1) created and registered.
I0918 21:29:01.513861 1593316 AssetAttributesManager.cpp:117] Asset attributes (uvSphereSolid : uvSphereSolid_rings_8_segments_16_useTexCoords_false_useTangents_false) created and registered.
I0918 21:29:01.513873 1593316 AssetAttributesManager.cpp:117] Asset attributes (uvSphereWireframe : uvSphereWireframe_rings_16_segments_32) created and registered.
I0918 21:29:01.513880 1593316 AssetAttributesManager.cpp:105] AssetAttributesManager::buildCtorFuncPtrMaps : Built default primitive asset templates : 12
I0918 21:29:01.514278 1593316 SceneDatasetAttributesManager.cpp:23] File (default) not found, so new default dataset attributes created and registered.
I0918 21:29:01.514281 1593316 MetadataMediator.cpp:47] MetadataMediator::createDataset : Dataset default successfully created.
I0918 21:29:01.514468 1593316 AttributesManagerBase.h:283] AttributesManager<T>::createFromJsonOrDefaultInternal  (Physics Manager) : Proposing JSON name : ./data/default.physics_config.json from original name : ./data/default.physics_config.json | This file  does not exist.
I0918 21:29:01.514480 1593316 PhysicsAttributesManager.cpp:27] File (./data/default.physics_config.json) not found, so new default physics manager attributes created and registered.
I0918 21:29:01.514483 1593316 AbstractObjectAttributesManagerBase.h:175] AbstractObjectAttributesManager<T>::createObject  (Stage) : Making attributes with handle : /mnt/data_nas/deeprobotics/daiyang/vla/third_party/ETP-R1/data/scene_datasets/mp3d/aayBHfsNo7d/aayBHfsNo7d.glb
I0918 21:29:01.514487 1593316 ManagedContainerBase.cpp:19] ManagedContainerBase::convertFilenameToJSON : Filename : /mnt/data_nas/deeprobotics/daiyang/vla/third_party/ETP-R1/data/scene_datasets/mp3d/aayBHfsNo7d/aayBHfsNo7d.glb changed to proposed JSON configuration filename : /mnt/data_nas/deeprobotics/daiyang/vla/third_party/ETP-R1/data/scene_datasets/mp3d/aayBHfsNo7d/aayBHfsNo7d.stage_config.json
I0918 21:29:01.514498 1593316 AttributesManagerBase.h:283] AttributesManager<T>::createFromJsonOrDefaultInternal  (Stage) : Proposing JSON name : /mnt/data_nas/deeprobotics/daiyang/vla/third_party/ETP-R1/data/scene_datasets/mp3d/aayBHfsNo7d/aayBHfsNo7d.stage_config.json from original name : /mnt/data_nas/deeprobotics/daiyang/vla/third_party/ETP-R1/data/scene_datasets/mp3d/aayBHfsNo7d/aayBHfsNo7d.glb | This file  does not exist.
I0918 21:29:01.514544 1593316 AbstractObjectAttributesManagerBase.h:181] AbstractObjectAttributesManager<T>::createObject  (Stage) : Done making attributes with handle : /mnt/data_nas/deeprobotics/daiyang/vla/third_party/ETP-R1/data/scene_datasets/mp3d/aayBHfsNo7d/aayBHfsNo7d.glb
I0918 21:29:01.514546 1593316 AbstractObjectAttributesManagerBase.h:188] File (/mnt/data_nas/deeprobotics/daiyang/vla/third_party/ETP-R1/data/scene_datasets/mp3d/aayBHfsNo7d/aayBHfsNo7d.glb) exists but is not a recognized config filename extension, so new default Stage attributes created and registered.
I0918 21:29:01.514551 1593316 Simulator.cpp:156] Loading navmesh from /mnt/data_nas/deeprobotics/daiyang/vla/third_party/ETP-R1/data/scene_datasets/mp3d/aayBHfsNo7d/aayBHfsNo7d.navmesh
I0918 21:29:01.515509 1593316 Simulator.cpp:158] Loaded.
I0918 21:29:01.515516 1593316 SceneGraph.h:93] Created DrawableGroup: 
Renderer: NVIDIA GeForce RTX 5090/PCIe/SSE2 by NVIDIA Corporation
OpenGL version: 4.6.0 NVIDIA 580.126.09
Using optional features:
    GL_ARB_ES2_compatibility
    GL_ARB_direct_state_access
    GL_ARB_get_texture_sub_image
    GL_ARB_invalidate_subdata
    GL_ARB_multi_bind
    GL_ARB_robustness
    GL_ARB_separate_shader_objects
    GL_ARB_texture_filter_anisotropic
    GL_ARB_texture_storage
    GL_ARB_texture_storage_multisample
    GL_ARB_vertex_array_object
    GL_KHR_debug
Using driver workarounds:
    no-forward-compatible-core-context
    nv-egl-incorrect-gl11-function-pointers
    no-layout-qualifiers-on-old-glsl
    nv-zero-context-profile-mask
    nv-implementation-color-read-format-dsa-broken
    nv-cubemap-inconsistent-compressed-image-size
    nv-cubemap-broken-full-compressed-image-query
    nv-compressed-block-size-in-bits
I0918 21:29:01.519125 1593316 ResourceManager.cpp:234] ResourceManager::loadStage : Not loading semantic mesh
I0918 21:29:01.519134 1593316 ResourceManager.cpp:262] ResourceManager::loadStage : start load render asset /mnt/data_nas/deeprobotics/daiyang/vla/third_party/ETP-R1/data/scene_datasets/mp3d/aayBHfsNo7d/aayBHfsNo7d.glb.
I0918 21:29:01.519136 1593316 ResourceManager.cpp:569] ResourceManager::loadStageInternal : Attempting to load stage /mnt/data_nas/deeprobotics/daiyang/vla/third_party/ETP-R1/data/scene_datasets/mp3d/aayBHfsNo7d/aayBHfsNo7d.glb 
I0918 21:29:01.519150 1593316 ResourceManager.cpp:1119] Importing Basis files as BC7 for aayBHfsNo7d.glb
W0918 21:29:03.089129 1593316 Simulator.cpp:248] :
---
 The active scene does not contain semantic annotations. 
---
I0918 21:29:03.131277 1593316 simulator.py:213] Loaded navmesh /mnt/data_nas/deeprobotics/daiyang/vla/third_party/ETP-R1/data/scene_datasets/mp3d/aayBHfsNo7d/aayBHfsNo7d.navmesh
I0918 21:29:36.131313 1593316 PhysicsManager.cpp:33] Deconstructing PhysicsManager
I0918 21:29:36.131348 1593316 SemanticScene.h:41] Deconstructing SemanticScene
I0918 21:29:36.132978 1593316 SceneManager.h:25] Deconstructing SceneManager
I0918 21:29:36.132987 1593316 SceneGraph.h:26] Deconstructing SceneGraph
I0918 21:29:36.133164 1593316 Sensor.h:87] Deconstructing Sensor
I0918 21:29:36.135026 1593316 Renderer.cpp:34] Deconstructing Renderer
I0918 21:29:36.135047 1593316 WindowlessContext.h:17] Deconstructing WindowlessContext
I0918 21:29:36.141151 1593316 ManagedContainerBase.cpp:19] ManagedContainerBase::convertFilenameToJSON : Filename : default changed to proposed JSON configuration filename : default.scene_dataset_config.json
I0918 21:29:36.141170 1593316 AttributesManagerBase.h:283] AttributesManager<T>::createFromJsonOrDefaultInternal  (Dataset) : Proposing JSON name : default.scene_dataset_config.json from original name : default | This file  does not exist.
I0918 21:29:36.141278 1593316 AssetAttributesManager.cpp:117] Asset attributes (capsule3DSolid : capsule3DSolid_hemiRings_4_cylRings_1_segments_12_halfLen_0.75_useTexCoords_false_useTangents_false) created and registered.
I0918 21:29:36.141304 1593316 AssetAttributesManager.cpp:117] Asset attributes (capsule3DWireframe : capsule3DWireframe_hemiRings_8_cylRings_1_segments_16_halfLen_1) created and registered.
I0918 21:29:36.141327 1593316 AssetAttributesManager.cpp:117] Asset attributes (coneSolid : coneSolid_segments_12_halfLen_1.25_rings_1_useTexCoords_false_useTangents_false_capEnd_true) created and registered.
I0918 21:29:36.141341 1593316 AssetAttributesManager.cpp:117] Asset attributes (coneWireframe : coneWireframe_segments_32_halfLen_1.25) created and registered.
I0918 21:29:36.141350 1593316 AssetAttributesManager.cpp:117] Asset attributes (cubeSolid : cubeSolid) created and registered.
I0918 21:29:36.141357 1593316 AssetAttributesManager.cpp:117] Asset attributes (cubeWireframe : cubeWireframe) created and registered.
I0918 21:29:36.141378 1593316 AssetAttributesManager.cpp:117] Asset attributes (cylinderSolid : cylinderSolid_rings_1_segments_12_halfLen_1_useTexCoords_false_useTangents_false_capEnds_true) created and registered.
I0918 21:29:36.141396 1593316 AssetAttributesManager.cpp:117] Asset attributes (cylinderWireframe : cylinderWireframe_rings_1_segments_32_halfLen_1) created and registered.
I0918 21:29:36.141407 1593316 AssetAttributesManager.cpp:117] Asset attributes (icosphereSolid : icosphereSolid_subdivs_1) created and registered.
I0918 21:29:36.141422 1593316 AssetAttributesManager.cpp:117] Asset attributes (icosphereWireframe : icosphereWireframe_subdivs_1) created and registered.
I0918 21:29:36.141436 1593316 AssetAttributesManager.cpp:117] Asset attributes (uvSphereSolid : uvSphereSolid_rings_8_segments_16_useTexCoords_false_useTangents_false) created and registered.
I0918 21:29:36.141449 1593316 AssetAttributesManager.cpp:117] Asset attributes (uvSphereWireframe : uvSphereWireframe_rings_16_segments_32) created and registered.
I0918 21:29:36.141455 1593316 AssetAttributesManager.cpp:105] AssetAttributesManager::buildCtorFuncPtrMaps : Built default primitive asset templates : 12
I0918 21:29:36.141852 1593316 SceneDatasetAttributesManager.cpp:23] File (default) not found, so new default dataset attributes created and registered.
I0918 21:29:36.141855 1593316 MetadataMediator.cpp:47] MetadataMediator::createDataset : Dataset default successfully created.
I0918 21:29:36.142040 1593316 AttributesManagerBase.h:283] AttributesManager<T>::createFromJsonOrDefaultInternal  (Physics Manager) : Proposing JSON name : ./data/default.physics_config.json from original name : ./data/default.physics_config.json | This file  does not exist.
I0918 21:29:36.142050 1593316 PhysicsAttributesManager.cpp:27] File (./data/default.physics_config.json) not found, so new default physics manager attributes created and registered.
I0918 21:29:36.142053 1593316 AbstractObjectAttributesManagerBase.h:175] AbstractObjectAttributesManager<T>::createObject  (Stage) : Making attributes with handle : /mnt/data_nas/deeprobotics/daiyang/vla/third_party/ETP-R1/data/scene_datasets/mp3d/82sE5b5pLXE/82sE5b5pLXE.glb
I0918 21:29:36.142057 1593316 ManagedContainerBase.cpp:19] ManagedContainerBase::convertFilenameToJSON : Filename : /mnt/data_nas/deeprobotics/daiyang/vla/third_party/ETP-R1/data/scene_datasets/mp3d/82sE5b5pLXE/82sE5b5pLXE.glb changed to proposed JSON configuration filename : /mnt/data_nas/deeprobotics/daiyang/vla/third_party/ETP-R1/data/scene_datasets/mp3d/82sE5b5pLXE/82sE5b5pLXE.stage_config.json
I0918 21:29:36.142068 1593316 AttributesManagerBase.h:283] AttributesManager<T>::createFromJsonOrDefaultInternal  (Stage) : Proposing JSON name : /mnt/data_nas/deeprobotics/daiyang/vla/third_party/ETP-R1/data/scene_datasets/mp3d/82sE5b5pLXE/82sE5b5pLXE.stage_config.json from original name : /mnt/data_nas/deeprobotics/daiyang/vla/third_party/ETP-R1/data/scene_datasets/mp3d/82sE5b5pLXE/82sE5b5pLXE.glb | This file  does not exist.
I0918 21:29:36.142114 1593316 AbstractObjectAttributesManagerBase.h:181] AbstractObjectAttributesManager<T>::createObject  (Stage) : Done making attributes with handle : /mnt/data_nas/deeprobotics/daiyang/vla/third_party/ETP-R1/data/scene_datasets/mp3d/82sE5b5pLXE/82sE5b5pLXE.glb
I0918 21:29:36.142117 1593316 AbstractObjectAttributesManagerBase.h:188] File (/mnt/data_nas/deeprobotics/daiyang/vla/third_party/ETP-R1/data/scene_datasets/mp3d/82sE5b5pLXE/82sE5b5pLXE.glb) exists but is not a recognized config filename extension, so new default Stage attributes created and registered.
I0918 21:29:36.142122 1593316 Simulator.cpp:156] Loading navmesh from /mnt/data_nas/deeprobotics/daiyang/vla/third_party/ETP-R1/data/scene_datasets/mp3d/82sE5b5pLXE/82sE5b5pLXE.navmesh
I0918 21:29:36.143132 1593316 Simulator.cpp:158] Loaded.
I0918 21:29:36.143139 1593316 SceneGraph.h:93] Created DrawableGroup: 
Renderer: NVIDIA GeForce RTX 5090/PCIe/SSE2 by NVIDIA Corporation
OpenGL version: 4.6.0 NVIDIA 580.126.09
Using optional features:
    GL_ARB_ES2_compatibility
    GL_ARB_direct_state_access
    GL_ARB_get_texture_sub_image
    GL_ARB_invalidate_subdata
    GL_ARB_multi_bind
    GL_ARB_robustness
    GL_ARB_separate_shader_objects
    GL_ARB_texture_filter_anisotropic
    GL_ARB_texture_storage
    GL_ARB_texture_storage_multisample
    GL_ARB_vertex_array_object
    GL_KHR_debug
Using driver workarounds:
    no-forward-compatible-core-context
    nv-egl-incorrect-gl11-function-pointers
    no-layout-qualifiers-on-old-glsl
    nv-zero-context-profile-mask
    nv-implementation-color-read-format-dsa-broken
    nv-cubemap-inconsistent-compressed-image-size
    nv-cubemap-broken-full-compressed-image-query
    nv-compressed-block-size-in-bits
I0918 21:29:36.146678 1593316 ResourceManager.cpp:234] ResourceManager::loadStage : Not loading semantic mesh
I0918 21:29:36.146687 1593316 ResourceManager.cpp:262] ResourceManager::loadStage : start load render asset /mnt/data_nas/deeprobotics/daiyang/vla/third_party/ETP-R1/data/scene_datasets/mp3d/82sE5b5pLXE/82sE5b5pLXE.glb.
I0918 21:29:36.146688 1593316 ResourceManager.cpp:569] ResourceManager::loadStageInternal : Attempting to load stage /mnt/data_nas/deeprobotics/daiyang/vla/third_party/ETP-R1/data/scene_datasets/mp3d/82sE5b5pLXE/82sE5b5pLXE.glb 
I0918 21:29:36.146703 1593316 ResourceManager.cpp:1119] Importing Basis files as BC7 for 82sE5b5pLXE.glb
W0918 21:29:38.256338 1593316 Simulator.cpp:248] :
---
 The active scene does not contain semantic annotations. 
---
I0918 21:29:38.293008 1593316 simulator.py:213] Loaded navmesh /mnt/data_nas/deeprobotics/daiyang/vla/third_party/ETP-R1/data/scene_datasets/mp3d/82sE5b5pLXE/82sE5b5pLXE.navmesh
I0918 21:29:52.006572 1593316 PhysicsManager.cpp:33] Deconstructing PhysicsManager
I0918 21:29:52.006623 1593316 SemanticScene.h:41] Deconstructing SemanticScene
I0918 21:29:52.007968 1593316 SceneManager.h:25] Deconstructing SceneManager
I0918 21:29:52.007977 1593316 SceneGraph.h:26] Deconstructing SceneGraph
I0918 21:29:52.008267 1593316 Sensor.h:87] Deconstructing Sensor
I0918 21:29:52.011250 1593316 Renderer.cpp:34] Deconstructing Renderer
I0918 21:29:52.011278 1593316 WindowlessContext.h:17] Deconstructing WindowlessContext
I0918 21:29:52.016873 1593316 ManagedContainerBase.cpp:19] ManagedContainerBase::convertFilenameToJSON : Filename : default changed to proposed JSON configuration filename : default.scene_dataset_config.json
I0918 21:29:52.016889 1593316 AttributesManagerBase.h:283] AttributesManager<T>::createFromJsonOrDefaultInternal  (Dataset) : Proposing JSON name : default.scene_dataset_config.json from original name : default | This file  does not exist.
I0918 21:29:52.016989 1593316 AssetAttributesManager.cpp:117] Asset attributes (capsule3DSolid : capsule3DSolid_hemiRings_4_cylRings_1_segments_12_halfLen_0.75_useTexCoords_false_useTangents_false) created and registered.
I0918 21:29:52.017015 1593316 AssetAttributesManager.cpp:117] Asset attributes (capsule3DWireframe : capsule3DWireframe_hemiRings_8_cylRings_1_segments_16_halfLen_1) created and registered.
I0918 21:29:52.017038 1593316 AssetAttributesManager.cpp:117] Asset attributes (coneSolid : coneSolid_segments_12_halfLen_1.25_rings_1_useTexCoords_false_useTangents_false_capEnd_true) created and registered.
I0918 21:29:52.017052 1593316 AssetAttributesManager.cpp:117] Asset attributes (coneWireframe : coneWireframe_segments_32_halfLen_1.25) created and registered.
I0918 21:29:52.017060 1593316 AssetAttributesManager.cpp:117] Asset attributes (cubeSolid : cubeSolid) created and registered.
I0918 21:29:52.017066 1593316 AssetAttributesManager.cpp:117] Asset attributes (cubeWireframe : cubeWireframe) created and registered.
I0918 21:29:52.017086 1593316 AssetAttributesManager.cpp:117] Asset attributes (cylinderSolid : cylinderSolid_rings_1_segments_12_halfLen_1_useTexCoords_false_useTangents_false_capEnds_true) created and registered.
I0918 21:29:52.017102 1593316 AssetAttributesManager.cpp:117] Asset attributes (cylinderWireframe : cylinderWireframe_rings_1_segments_32_halfLen_1) created and registered.
I0918 21:29:52.017114 1593316 AssetAttributesManager.cpp:117] Asset attributes (icosphereSolid : icosphereSolid_subdivs_1) created and registered.
I0918 21:29:52.017123 1593316 AssetAttributesManager.cpp:117] Asset attributes (icosphereWireframe : icosphereWireframe_subdivs_1) created and registered.
I0918 21:29:52.017136 1593316 AssetAttributesManager.cpp:117] Asset attributes (uvSphereSolid : uvSphereSolid_rings_8_segments_16_useTexCoords_false_useTangents_false) created and registered.
I0918 21:29:52.017148 1593316 AssetAttributesManager.cpp:117] Asset attributes (uvSphereWireframe : uvSphereWireframe_rings_16_segments_32) created and registered.
I0918 21:29:52.017160 1593316 AssetAttributesManager.cpp:105] AssetAttributesManager::buildCtorFuncPtrMaps : Built default primitive asset templates : 12
I0918 21:29:52.017555 1593316 SceneDatasetAttributesManager.cpp:23] File (default) not found, so new default dataset attributes created and registered.
I0918 21:29:52.017557 1593316 MetadataMediator.cpp:47] MetadataMediator::createDataset : Dataset default successfully created.
I0918 21:29:52.017735 1593316 AttributesManagerBase.h:283] AttributesManager<T>::createFromJsonOrDefaultInternal  (Physics Manager) : Proposing JSON name : ./data/default.physics_config.json from original name : ./data/default.physics_config.json | This file  does not exist.
I0918 21:29:52.017745 1593316 PhysicsAttributesManager.cpp:27] File (./data/default.physics_config.json) not found, so new default physics manager attributes created and registered.
I0918 21:29:52.017748 1593316 AbstractObjectAttributesManagerBase.h:175] AbstractObjectAttributesManager<T>::createObject  (Stage) : Making attributes with handle : /mnt/data_nas/deeprobotics/daiyang/vla/third_party/ETP-R1/data/scene_datasets/mp3d/B6ByNegPMKs/B6ByNegPMKs.glb
I0918 21:29:52.017752 1593316 ManagedContainerBase.cpp:19] ManagedContainerBase::convertFilenameToJSON : Filename : /mnt/data_nas/deeprobotics/daiyang/vla/third_party/ETP-R1/data/scene_datasets/mp3d/B6ByNegPMKs/B6ByNegPMKs.glb changed to proposed JSON configuration filename : /mnt/data_nas/deeprobotics/daiyang/vla/third_party/ETP-R1/data/scene_datasets/mp3d/B6ByNegPMKs/B6ByNegPMKs.stage_config.json
I0918 21:29:52.018623 1593316 AttributesManagerBase.h:283] AttributesManager<T>::createFromJsonOrDefaultInternal  (Stage) : Proposing JSON name : /mnt/data_nas/deeprobotics/daiyang/vla/third_party/ETP-R1/data/scene_datasets/mp3d/B6ByNegPMKs/B6ByNegPMKs.stage_config.json from original name : /mnt/data_nas/deeprobotics/daiyang/vla/third_party/ETP-R1/data/scene_datasets/mp3d/B6ByNegPMKs/B6ByNegPMKs.glb | This file  does not exist.
I0918 21:29:52.018671 1593316 AbstractObjectAttributesManagerBase.h:181] AbstractObjectAttributesManager<T>::createObject  (Stage) : Done making attributes with handle : /mnt/data_nas/deeprobotics/daiyang/vla/third_party/ETP-R1/data/scene_datasets/mp3d/B6ByNegPMKs/B6ByNegPMKs.glb
I0918 21:29:52.018673 1593316 AbstractObjectAttributesManagerBase.h:188] File (/mnt/data_nas/deeprobotics/daiyang/vla/third_party/ETP-R1/data/scene_datasets/mp3d/B6ByNegPMKs/B6ByNegPMKs.glb) exists but is not a recognized config filename extension, so new default Stage attributes created and registered.
I0918 21:29:52.018677 1593316 Simulator.cpp:156] Loading navmesh from /mnt/data_nas/deeprobotics/daiyang/vla/third_party/ETP-R1/data/scene_datasets/mp3d/B6ByNegPMKs/B6ByNegPMKs.navmesh
I0918 21:29:52.020102 1593316 Simulator.cpp:158] Loaded.
I0918 21:29:52.020109 1593316 SceneGraph.h:93] Created DrawableGroup: 
Renderer: NVIDIA GeForce RTX 5090/PCIe/SSE2 by NVIDIA Corporation
OpenGL version: 4.6.0 NVIDIA 580.126.09
Using optional features:
    GL_ARB_ES2_compatibility
    GL_ARB_direct_state_access
    GL_ARB_get_texture_sub_image
    GL_ARB_invalidate_subdata
    GL_ARB_multi_bind
    GL_ARB_robustness
    GL_ARB_separate_shader_objects
    GL_ARB_texture_filter_anisotropic
    GL_ARB_texture_storage
    GL_ARB_texture_storage_multisample
    GL_ARB_vertex_array_object
    GL_KHR_debug
Using driver workarounds:
    no-forward-compatible-core-context
    nv-egl-incorrect-gl11-function-pointers
    no-layout-qualifiers-on-old-glsl
    nv-zero-context-profile-mask
    nv-implementation-color-read-format-dsa-broken
    nv-cubemap-inconsistent-compressed-image-size
    nv-cubemap-broken-full-compressed-image-query
    nv-compressed-block-size-in-bits
I0918 21:29:52.023728 1593316 ResourceManager.cpp:234] ResourceManager::loadStage : Not loading semantic mesh
I0918 21:29:52.023741 1593316 ResourceManager.cpp:262] ResourceManager::loadStage : start load render asset /mnt/data_nas/deeprobotics/daiyang/vla/third_party/ETP-R1/data/scene_datasets/mp3d/B6ByNegPMKs/B6ByNegPMKs.glb.
I0918 21:29:52.023747 1593316 ResourceManager.cpp:569] ResourceManager::loadStageInternal : Attempting to load stage /mnt/data_nas/deeprobotics/daiyang/vla/third_party/ETP-R1/data/scene_datasets/mp3d/B6ByNegPMKs/B6ByNegPMKs.glb 
I0918 21:29:52.023763 1593316 ResourceManager.cpp:1119] Importing Basis files as BC7 for B6ByNegPMKs.glb
W0918 21:30:01.677999 1593316 Simulator.cpp:248] :
---
 The active scene does not contain semantic annotations. 
---
I0918 21:30:01.882906 1593316 simulator.py:213] Loaded navmesh /mnt/data_nas/deeprobotics/daiyang/vla/third_party/ETP-R1/data/scene_datasets/mp3d/B6ByNegPMKs/B6ByNegPMKs.navmesh
I0918 21:31:20.347626 1593316 PhysicsManager.cpp:33] Deconstructing PhysicsManager
I0918 21:31:20.347674 1593316 SemanticScene.h:41] Deconstructing SemanticScene
I0918 21:31:20.366911 1593316 SceneManager.h:25] Deconstructing SceneManager
I0918 21:31:20.366930 1593316 SceneGraph.h:26] Deconstructing SceneGraph
I0918 21:31:20.367507 1593316 Sensor.h:87] Deconstructing Sensor
I0918 21:31:20.384127 1593316 Renderer.cpp:34] Deconstructing Renderer
I0918 21:31:20.384176 1593316 WindowlessContext.h:17] Deconstructing WindowlessContext
I0918 21:31:20.396332 1593316 ManagedContainerBase.cpp:19] ManagedContainerBase::convertFilenameToJSON : Filename : default changed to proposed JSON configuration filename : default.scene_dataset_config.json
I0918 21:31:20.396363 1593316 AttributesManagerBase.h:283] AttributesManager<T>::createFromJsonOrDefaultInternal  (Dataset) : Proposing JSON name : default.scene_dataset_config.json from original name : default | This file  does not exist.
I0918 21:31:20.396516 1593316 AssetAttributesManager.cpp:117] Asset attributes (capsule3DSolid : capsule3DSolid_hemiRings_4_cylRings_1_segments_12_halfLen_0.75_useTexCoords_false_useTangents_false) created and registered.
I0918 21:31:20.396548 1593316 AssetAttributesManager.cpp:117] Asset attributes (capsule3DWireframe : capsule3DWireframe_hemiRings_8_cylRings_1_segments_16_halfLen_1) created and registered.
I0918 21:31:20.396571 1593316 AssetAttributesManager.cpp:117] Asset attributes (coneSolid : coneSolid_segments_12_halfLen_1.25_rings_1_useTexCoords_false_useTangents_false_capEnd_true) created and registered.
I0918 21:31:20.396587 1593316 AssetAttributesManager.cpp:117] Asset attributes (coneWireframe : coneWireframe_segments_32_halfLen_1.25) created and registered.
I0918 21:31:20.396596 1593316 AssetAttributesManager.cpp:117] Asset attributes (cubeSolid : cubeSolid) created and registered.
I0918 21:31:20.396603 1593316 AssetAttributesManager.cpp:117] Asset attributes (cubeWireframe : cubeWireframe) created and registered.
I0918 21:31:20.396623 1593316 AssetAttributesManager.cpp:117] Asset attributes (cylinderSolid : cylinderSolid_rings_1_segments_12_halfLen_1_useTexCoords_false_useTangents_false_capEnds_true) created and registered.
I0918 21:31:20.396641 1593316 AssetAttributesManager.cpp:117] Asset attributes (cylinderWireframe : cylinderWireframe_rings_1_segments_32_halfLen_1) created and registered.
I0918 21:31:20.396651 1593316 AssetAttributesManager.cpp:117] Asset attributes (icosphereSolid : icosphereSolid_subdivs_1) created and registered.
I0918 21:31:20.396660 1593316 AssetAttributesManager.cpp:117] Asset attributes (icosphereWireframe : icosphereWireframe_subdivs_1) created and registered.
I0918 21:31:20.396675 1593316 AssetAttributesManager.cpp:117] Asset attributes (uvSphereSolid : uvSphereSolid_rings_8_segments_16_useTexCoords_false_useTangents_false) created and registered.
I0918 21:31:20.396687 1593316 AssetAttributesManager.cpp:117] Asset attributes (uvSphereWireframe : uvSphereWireframe_rings_16_segments_32) created and registered.
I0918 21:31:20.396694 1593316 AssetAttributesManager.cpp:105] AssetAttributesManager::buildCtorFuncPtrMaps : Built default primitive asset templates : 12
I0918 21:31:20.397100 1593316 SceneDatasetAttributesManager.cpp:23] File (default) not found, so new default dataset attributes created and registered.
I0918 21:31:20.397112 1593316 MetadataMediator.cpp:47] MetadataMediator::createDataset : Dataset default successfully created.
I0918 21:31:20.397321 1593316 AttributesManagerBase.h:283] AttributesManager<T>::createFromJsonOrDefaultInternal  (Physics Manager) : Proposing JSON name : ./data/default.physics_config.json from original name : ./data/default.physics_config.json | This file  does not exist.
I0918 21:31:20.397333 1593316 PhysicsAttributesManager.cpp:27] File (./data/default.physics_config.json) not found, so new default physics manager attributes created and registered.
I0918 21:31:20.397336 1593316 AbstractObjectAttributesManagerBase.h:175] AbstractObjectAttributesManager<T>::createObject  (Stage) : Making attributes with handle : /mnt/data_nas/deeprobotics/daiyang/vla/third_party/ETP-R1/data/scene_datasets/mp3d/PuKPg4mmafe/PuKPg4mmafe.glb
I0918 21:31:20.397339 1593316 ManagedContainerBase.cpp:19] ManagedContainerBase::convertFilenameToJSON : Filename : /mnt/data_nas/deeprobotics/daiyang/vla/third_party/ETP-R1/data/scene_datasets/mp3d/PuKPg4mmafe/PuKPg4mmafe.glb changed to proposed JSON configuration filename : /mnt/data_nas/deeprobotics/daiyang/vla/third_party/ETP-R1/data/scene_datasets/mp3d/PuKPg4mmafe/PuKPg4mmafe.stage_config.json
I0918 21:31:20.397353 1593316 AttributesManagerBase.h:283] AttributesManager<T>::createFromJsonOrDefaultInternal  (Stage) : Proposing JSON name : /mnt/data_nas/deeprobotics/daiyang/vla/third_party/ETP-R1/data/scene_datasets/mp3d/PuKPg4mmafe/PuKPg4mmafe.stage_config.json from original name : /mnt/data_nas/deeprobotics/daiyang/vla/third_party/ETP-R1/data/scene_datasets/mp3d/PuKPg4mmafe/PuKPg4mmafe.glb | This file  does not exist.
I0918 21:31:20.397404 1593316 AbstractObjectAttributesManagerBase.h:181] AbstractObjectAttributesManager<T>::createObject  (Stage) : Done making attributes with handle : /mnt/data_nas/deeprobotics/daiyang/vla/third_party/ETP-R1/data/scene_datasets/mp3d/PuKPg4mmafe/PuKPg4mmafe.glb
I0918 21:31:20.397405 1593316 AbstractObjectAttributesManagerBase.h:188] File (/mnt/data_nas/deeprobotics/daiyang/vla/third_party/ETP-R1/data/scene_datasets/mp3d/PuKPg4mmafe/PuKPg4mmafe.glb) exists but is not a recognized config filename extension, so new default Stage attributes created and registered.
I0918 21:31:20.397410 1593316 Simulator.cpp:156] Loading navmesh from /mnt/data_nas/deeprobotics/daiyang/vla/third_party/ETP-R1/data/scene_datasets/mp3d/PuKPg4mmafe/PuKPg4mmafe.navmesh
I0918 21:31:20.398605 1593316 Simulator.cpp:158] Loaded.
I0918 21:31:20.398613 1593316 SceneGraph.h:93] Created DrawableGroup: 
Renderer: NVIDIA GeForce RTX 5090/PCIe/SSE2 by NVIDIA Corporation
OpenGL version: 4.6.0 NVIDIA 580.126.09
Using optional features:
    GL_ARB_ES2_compatibility
    GL_ARB_direct_state_access
    GL_ARB_get_texture_sub_image
    GL_ARB_invalidate_subdata
    GL_ARB_multi_bind
    GL_ARB_robustness
    GL_ARB_separate_shader_objects
    GL_ARB_texture_filter_anisotropic
    GL_ARB_texture_storage
    GL_ARB_texture_storage_multisample
    GL_ARB_vertex_array_object
    GL_KHR_debug
Using driver workarounds:
    no-forward-compatible-core-context
    nv-egl-incorrect-gl11-function-pointers
    no-layout-qualifiers-on-old-glsl
    nv-zero-context-profile-mask
    nv-implementation-color-read-format-dsa-broken
    nv-cubemap-inconsistent-compressed-image-size
    nv-cubemap-broken-full-compressed-image-query
    nv-compressed-block-size-in-bits
I0918 21:31:20.402182 1593316 ResourceManager.cpp:234] ResourceManager::loadStage : Not loading semantic mesh
I0918 21:31:20.402191 1593316 ResourceManager.cpp:262] ResourceManager::loadStage : start load render asset /mnt/data_nas/deeprobotics/daiyang/vla/third_party/ETP-R1/data/scene_datasets/mp3d/PuKPg4mmafe/PuKPg4mmafe.glb.
I0918 21:31:20.402194 1593316 ResourceManager.cpp:569] ResourceManager::loadStageInternal : Attempting to load stage /mnt/data_nas/deeprobotics/daiyang/vla/third_party/ETP-R1/data/scene_datasets/mp3d/PuKPg4mmafe/PuKPg4mmafe.glb 
I0918 21:31:20.402208 1593316 ResourceManager.cpp:1119] Importing Basis files as BC7 for PuKPg4mmafe.glb
W0918 21:31:25.048679 1593316 Simulator.cpp:248] :
---
 The active scene does not contain semantic annotations. 
---
I0918 21:31:25.069807 1593316 simulator.py:213] Loaded navmesh /mnt/data_nas/deeprobotics/daiyang/vla/third_party/ETP-R1/data/scene_datasets/mp3d/PuKPg4mmafe/PuKPg4mmafe.navmesh
I0918 21:31:44.913877 1593316 PhysicsManager.cpp:33] Deconstructing PhysicsManager
I0918 21:31:44.913915 1593316 SemanticScene.h:41] Deconstructing SemanticScene
I0918 21:31:44.914582 1593316 SceneManager.h:25] Deconstructing SceneManager
I0918 21:31:44.914587 1593316 SceneGraph.h:26] Deconstructing SceneGraph
I0918 21:31:44.914743 1593316 Sensor.h:87] Deconstructing Sensor
I0918 21:31:44.918009 1593316 Renderer.cpp:34] Deconstructing Renderer
I0918 21:31:44.918035 1593316 WindowlessContext.h:17] Deconstructing WindowlessContext
I0918 21:31:44.933691 1593316 ManagedContainerBase.cpp:19] ManagedContainerBase::convertFilenameToJSON : Filename : default changed to proposed JSON configuration filename : default.scene_dataset_config.json
I0918 21:31:44.933715 1593316 AttributesManagerBase.h:283] AttributesManager<T>::createFromJsonOrDefaultInternal  (Dataset) : Proposing JSON name : default.scene_dataset_config.json from original name : default | This file  does not exist.
I0918 21:31:44.933797 1593316 AssetAttributesManager.cpp:117] Asset attributes (capsule3DSolid : capsule3DSolid_hemiRings_4_cylRings_1_segments_12_halfLen_0.75_useTexCoords_false_useTangents_false) created and registered.
I0918 21:31:44.933825 1593316 AssetAttributesManager.cpp:117] Asset attributes (capsule3DWireframe : capsule3DWireframe_hemiRings_8_cylRings_1_segments_16_halfLen_1) created and registered.
I0918 21:31:44.933847 1593316 AssetAttributesManager.cpp:117] Asset attributes (coneSolid : coneSolid_segments_12_halfLen_1.25_rings_1_useTexCoords_false_useTangents_false_capEnd_true) created and registered.
I0918 21:31:44.933861 1593316 AssetAttributesManager.cpp:117] Asset attributes (coneWireframe : coneWireframe_segments_32_halfLen_1.25) created and registered.
I0918 21:31:44.933871 1593316 AssetAttributesManager.cpp:117] Asset attributes (cubeSolid : cubeSolid) created and registered.
I0918 21:31:44.933877 1593316 AssetAttributesManager.cpp:117] Asset attributes (cubeWireframe : cubeWireframe) created and registered.
I0918 21:31:44.933895 1593316 AssetAttributesManager.cpp:117] Asset attributes (cylinderSolid : cylinderSolid_rings_1_segments_12_halfLen_1_useTexCoords_false_useTangents_false_capEnds_true) created and registered.
I0918 21:31:44.933912 1593316 AssetAttributesManager.cpp:117] Asset attributes (cylinderWireframe : cylinderWireframe_rings_1_segments_32_halfLen_1) created and registered.
I0918 21:31:44.933923 1593316 AssetAttributesManager.cpp:117] Asset attributes (icosphereSolid : icosphereSolid_subdivs_1) created and registered.
I0918 21:31:44.933933 1593316 AssetAttributesManager.cpp:117] Asset attributes (icosphereWireframe : icosphereWireframe_subdivs_1) created and registered.
I0918 21:31:44.933945 1593316 AssetAttributesManager.cpp:117] Asset attributes (uvSphereSolid : uvSphereSolid_rings_8_segments_16_useTexCoords_false_useTangents_false) created and registered.
I0918 21:31:44.933959 1593316 AssetAttributesManager.cpp:117] Asset attributes (uvSphereWireframe : uvSphereWireframe_rings_16_segments_32) created and registered.
I0918 21:31:44.933965 1593316 AssetAttributesManager.cpp:105] AssetAttributesManager::buildCtorFuncPtrMaps : Built default primitive asset templates : 12
I0918 21:31:44.934376 1593316 SceneDatasetAttributesManager.cpp:23] File (default) not found, so new default dataset attributes created and registered.
I0918 21:31:44.934377 1593316 MetadataMediator.cpp:47] MetadataMediator::createDataset : Dataset default successfully created.
I0918 21:31:44.934607 1593316 AttributesManagerBase.h:283] AttributesManager<T>::createFromJsonOrDefaultInternal  (Physics Manager) : Proposing JSON name : ./data/default.physics_config.json from original name : ./data/default.physics_config.json | This file  does not exist.
I0918 21:31:44.934631 1593316 PhysicsAttributesManager.cpp:27] File (./data/default.physics_config.json) not found, so new default physics manager attributes created and registered.
I0918 21:31:44.934635 1593316 AbstractObjectAttributesManagerBase.h:175] AbstractObjectAttributesManager<T>::createObject  (Stage) : Making attributes with handle : /mnt/data_nas/deeprobotics/daiyang/vla/third_party/ETP-R1/data/scene_datasets/mp3d/XcA2TqTSSAj/XcA2TqTSSAj.glb
I0918 21:31:44.934640 1593316 ManagedContainerBase.cpp:19] ManagedContainerBase::convertFilenameToJSON : Filename : /mnt/data_nas/deeprobotics/daiyang/vla/third_party/ETP-R1/data/scene_datasets/mp3d/XcA2TqTSSAj/XcA2TqTSSAj.glb changed to proposed JSON configuration filename : /mnt/data_nas/deeprobotics/daiyang/vla/third_party/ETP-R1/data/scene_datasets/mp3d/XcA2TqTSSAj/XcA2TqTSSAj.stage_config.json
I0918 21:31:44.934659 1593316 AttributesManagerBase.h:283] AttributesManager<T>::createFromJsonOrDefaultInternal  (Stage) : Proposing JSON name : /mnt/data_nas/deeprobotics/daiyang/vla/third_party/ETP-R1/data/scene_datasets/mp3d/XcA2TqTSSAj/XcA2TqTSSAj.stage_config.json from original name : /mnt/data_nas/deeprobotics/daiyang/vla/third_party/ETP-R1/data/scene_datasets/mp3d/XcA2TqTSSAj/XcA2TqTSSAj.glb | This file  does not exist.
I0918 21:31:44.934731 1593316 AbstractObjectAttributesManagerBase.h:181] AbstractObjectAttributesManager<T>::createObject  (Stage) : Done making attributes with handle : /mnt/data_nas/deeprobotics/daiyang/vla/third_party/ETP-R1/data/scene_datasets/mp3d/XcA2TqTSSAj/XcA2TqTSSAj.glb
I0918 21:31:44.934733 1593316 AbstractObjectAttributesManagerBase.h:188] File (/mnt/data_nas/deeprobotics/daiyang/vla/third_party/ETP-R1/data/scene_datasets/mp3d/XcA2TqTSSAj/XcA2TqTSSAj.glb) exists but is not a recognized config filename extension, so new default Stage attributes created and registered.
I0918 21:31:44.934739 1593316 Simulator.cpp:156] Loading navmesh from /mnt/data_nas/deeprobotics/daiyang/vla/third_party/ETP-R1/data/scene_datasets/mp3d/XcA2TqTSSAj/XcA2TqTSSAj.navmesh
I0918 21:31:44.935829 1593316 Simulator.cpp:158] Loaded.
I0918 21:31:44.935838 1593316 SceneGraph.h:93] Created DrawableGroup: 
Renderer: NVIDIA GeForce RTX 5090/PCIe/SSE2 by NVIDIA Corporation
OpenGL version: 4.6.0 NVIDIA 580.126.09
Using optional features:
    GL_ARB_ES2_compatibility
    GL_ARB_direct_state_access
    GL_ARB_get_texture_sub_image
    GL_ARB_invalidate_subdata
    GL_ARB_multi_bind
    GL_ARB_robustness
    GL_ARB_separate_shader_objects
    GL_ARB_texture_filter_anisotropic
    GL_ARB_texture_storage
    GL_ARB_texture_storage_multisample
    GL_ARB_vertex_array_object
    GL_KHR_debug
Using driver workarounds:
    no-forward-compatible-core-context
    nv-egl-incorrect-gl11-function-pointers
    no-layout-qualifiers-on-old-glsl
    nv-zero-context-profile-mask
    nv-implementation-color-read-format-dsa-broken
    nv-cubemap-inconsistent-compressed-image-size
    nv-cubemap-broken-full-compressed-image-query
    nv-compressed-block-size-in-bits
I0918 21:31:44.939611 1593316 ResourceManager.cpp:234] ResourceManager::loadStage : Not loading semantic mesh
I0918 21:31:44.939620 1593316 ResourceManager.cpp:262] ResourceManager::loadStage : start load render asset /mnt/data_nas/deeprobotics/daiyang/vla/third_party/ETP-R1/data/scene_datasets/mp3d/XcA2TqTSSAj/XcA2TqTSSAj.glb.
I0918 21:31:44.939623 1593316 ResourceManager.cpp:569] ResourceManager::loadStageInternal : Attempting to load stage /mnt/data_nas/deeprobotics/daiyang/vla/third_party/ETP-R1/data/scene_datasets/mp3d/XcA2TqTSSAj/XcA2TqTSSAj.glb 
I0918 21:31:44.939638 1593316 ResourceManager.cpp:1119] Importing Basis files as BC7 for XcA2TqTSSAj.glb
W0918 21:31:46.879982 1593316 Simulator.cpp:248] :
---
 The active scene does not contain semantic annotations. 
---
I0918 21:31:46.933516 1593316 simulator.py:213] Loaded navmesh /mnt/data_nas/deeprobotics/daiyang/vla/third_party/ETP-R1/data/scene_datasets/mp3d/XcA2TqTSSAj/XcA2TqTSSAj.navmesh
I0918 21:32:11.166214 1593316 PhysicsManager.cpp:33] Deconstructing PhysicsManager
I0918 21:32:11.166251 1593316 SemanticScene.h:41] Deconstructing SemanticScene
I0918 21:32:11.168408 1593316 SceneManager.h:25] Deconstructing SceneManager
I0918 21:32:11.168418 1593316 SceneGraph.h:26] Deconstructing SceneGraph
I0918 21:32:11.168923 1593316 Sensor.h:87] Deconstructing Sensor
I0918 21:32:11.171638 1593316 Renderer.cpp:34] Deconstructing Renderer
I0918 21:32:11.171657 1593316 WindowlessContext.h:17] Deconstructing WindowlessContext
I0918 21:32:11.178844 1593316 ManagedContainerBase.cpp:19] ManagedContainerBase::convertFilenameToJSON : Filename : default changed to proposed JSON configuration filename : default.scene_dataset_config.json
I0918 21:32:11.178860 1593316 AttributesManagerBase.h:283] AttributesManager<T>::createFromJsonOrDefaultInternal  (Dataset) : Proposing JSON name : default.scene_dataset_config.json from original name : default | This file  does not exist.
I0918 21:32:11.178987 1593316 AssetAttributesManager.cpp:117] Asset attributes (capsule3DSolid : capsule3DSolid_hemiRings_4_cylRings_1_segments_12_halfLen_0.75_useTexCoords_false_useTangents_false) created and registered.
I0918 21:32:11.179013 1593316 AssetAttributesManager.cpp:117] Asset attributes (capsule3DWireframe : capsule3DWireframe_hemiRings_8_cylRings_1_segments_16_halfLen_1) created and registered.
I0918 21:32:11.179035 1593316 AssetAttributesManager.cpp:117] Asset attributes (coneSolid : coneSolid_segments_12_halfLen_1.25_rings_1_useTexCoords_false_useTangents_false_capEnd_true) created and registered.
I0918 21:32:11.179049 1593316 AssetAttributesManager.cpp:117] Asset attributes (coneWireframe : coneWireframe_segments_32_halfLen_1.25) created and registered.
I0918 21:32:11.179059 1593316 AssetAttributesManager.cpp:117] Asset attributes (cubeSolid : cubeSolid) created and registered.
I0918 21:32:11.179064 1593316 AssetAttributesManager.cpp:117] Asset attributes (cubeWireframe : cubeWireframe) created and registered.
I0918 21:32:11.179085 1593316 AssetAttributesManager.cpp:117] Asset attributes (cylinderSolid : cylinderSolid_rings_1_segments_12_halfLen_1_useTexCoords_false_useTangents_false_capEnds_true) created and registered.
I0918 21:32:11.179100 1593316 AssetAttributesManager.cpp:117] Asset attributes (cylinderWireframe : cylinderWireframe_rings_1_segments_32_halfLen_1) created and registered.
I0918 21:32:11.179111 1593316 AssetAttributesManager.cpp:117] Asset attributes (icosphereSolid : icosphereSolid_subdivs_1) created and registered.
I0918 21:32:11.179119 1593316 AssetAttributesManager.cpp:117] Asset attributes (icosphereWireframe : icosphereWireframe_subdivs_1) created and registered.
I0918 21:32:11.179133 1593316 AssetAttributesManager.cpp:117] Asset attributes (uvSphereSolid : uvSphereSolid_rings_8_segments_16_useTexCoords_false_useTangents_false) created and registered.
I0918 21:32:11.179147 1593316 AssetAttributesManager.cpp:117] Asset attributes (uvSphereWireframe : uvSphereWireframe_rings_16_segments_32) created and registered.
I0918 21:32:11.179153 1593316 AssetAttributesManager.cpp:105] AssetAttributesManager::buildCtorFuncPtrMaps : Built default primitive asset templates : 12
I0918 21:32:11.179551 1593316 SceneDatasetAttributesManager.cpp:23] File (default) not found, so new default dataset attributes created and registered.
I0918 21:32:11.179553 1593316 MetadataMediator.cpp:47] MetadataMediator::createDataset : Dataset default successfully created.
I0918 21:32:11.179729 1593316 AttributesManagerBase.h:283] AttributesManager<T>::createFromJsonOrDefaultInternal  (Physics Manager) : Proposing JSON name : ./data/default.physics_config.json from original name : ./data/default.physics_config.json | This file  does not exist.
I0918 21:32:11.179739 1593316 PhysicsAttributesManager.cpp:27] File (./data/default.physics_config.json) not found, so new default physics manager attributes created and registered.
I0918 21:32:11.179742 1593316 AbstractObjectAttributesManagerBase.h:175] AbstractObjectAttributesManager<T>::createObject  (Stage) : Making attributes with handle : /mnt/data_nas/deeprobotics/daiyang/vla/third_party/ETP-R1/data/scene_datasets/mp3d/aayBHfsNo7d/aayBHfsNo7d.glb
I0918 21:32:11.179750 1593316 ManagedContainerBase.cpp:19] ManagedContainerBase::convertFilenameToJSON : Filename : /mnt/data_nas/deeprobotics/daiyang/vla/third_party/ETP-R1/data/scene_datasets/mp3d/aayBHfsNo7d/aayBHfsNo7d.glb changed to proposed JSON configuration filename : /mnt/data_nas/deeprobotics/daiyang/vla/third_party/ETP-R1/data/scene_datasets/mp3d/aayBHfsNo7d/aayBHfsNo7d.stage_config.json
I0918 21:32:11.179762 1593316 AttributesManagerBase.h:283] AttributesManager<T>::createFromJsonOrDefaultInternal  (Stage) : Proposing JSON name : /mnt/data_nas/deeprobotics/daiyang/vla/third_party/ETP-R1/data/scene_datasets/mp3d/aayBHfsNo7d/aayBHfsNo7d.stage_config.json from original name : /mnt/data_nas/deeprobotics/daiyang/vla/third_party/ETP-R1/data/scene_datasets/mp3d/aayBHfsNo7d/aayBHfsNo7d.glb | This file  does not exist.
I0918 21:32:11.179808 1593316 AbstractObjectAttributesManagerBase.h:181] AbstractObjectAttributesManager<T>::createObject  (Stage) : Done making attributes with handle : /mnt/data_nas/deeprobotics/daiyang/vla/third_party/ETP-R1/data/scene_datasets/mp3d/aayBHfsNo7d/aayBHfsNo7d.glb
I0918 21:32:11.179811 1593316 AbstractObjectAttributesManagerBase.h:188] File (/mnt/data_nas/deeprobotics/daiyang/vla/third_party/ETP-R1/data/scene_datasets/mp3d/aayBHfsNo7d/aayBHfsNo7d.glb) exists but is not a recognized config filename extension, so new default Stage attributes created and registered.
I0918 21:32:11.179814 1593316 Simulator.cpp:156] Loading navmesh from /mnt/data_nas/deeprobotics/daiyang/vla/third_party/ETP-R1/data/scene_datasets/mp3d/aayBHfsNo7d/aayBHfsNo7d.navmesh
I0918 21:32:11.180764 1593316 Simulator.cpp:158] Loaded.
I0918 21:32:11.180771 1593316 SceneGraph.h:93] Created DrawableGroup: 
Renderer: NVIDIA GeForce RTX 5090/PCIe/SSE2 by NVIDIA Corporation
OpenGL version: 4.6.0 NVIDIA 580.126.09
Using optional features:
    GL_ARB_ES2_compatibility
    GL_ARB_direct_state_access
    GL_ARB_get_texture_sub_image
    GL_ARB_invalidate_subdata
    GL_ARB_multi_bind
    GL_ARB_robustness
    GL_ARB_separate_shader_objects
    GL_ARB_texture_filter_anisotropic
    GL_ARB_texture_storage
    GL_ARB_texture_storage_multisample
    GL_ARB_vertex_array_object
    GL_KHR_debug
Using driver workarounds:
    no-forward-compatible-core-context
    nv-egl-incorrect-gl11-function-pointers
    no-layout-qualifiers-on-old-glsl
    nv-zero-context-profile-mask
    nv-implementation-color-read-format-dsa-broken
    nv-cubemap-inconsistent-compressed-image-size
    nv-cubemap-broken-full-compressed-image-query
    nv-compressed-block-size-in-bits
I0918 21:32:11.184139 1593316 ResourceManager.cpp:234] ResourceManager::loadStage : Not loading semantic mesh
I0918 21:32:11.184147 1593316 ResourceManager.cpp:262] ResourceManager::loadStage : start load render asset /mnt/data_nas/deeprobotics/daiyang/vla/third_party/ETP-R1/data/scene_datasets/mp3d/aayBHfsNo7d/aayBHfsNo7d.glb.
I0918 21:32:11.184149 1593316 ResourceManager.cpp:569] ResourceManager::loadStageInternal : Attempting to load stage /mnt/data_nas/deeprobotics/daiyang/vla/third_party/ETP-R1/data/scene_datasets/mp3d/aayBHfsNo7d/aayBHfsNo7d.glb 
I0918 21:32:11.184162 1593316 ResourceManager.cpp:1119] Importing Basis files as BC7 for aayBHfsNo7d.glb
W0918 21:32:12.809420 1593316 Simulator.cpp:248] :
---
 The active scene does not contain semantic annotations. 
---
I0918 21:32:12.849873 1593316 simulator.py:213] Loaded navmesh /mnt/data_nas/deeprobotics/daiyang/vla/third_party/ETP-R1/data/scene_datasets/mp3d/aayBHfsNo7d/aayBHfsNo7d.navmesh
I0918 21:32:38.920147 1593316 PhysicsManager.cpp:33] Deconstructing PhysicsManager
I0918 21:32:38.920193 1593316 SemanticScene.h:41] Deconstructing SemanticScene
I0918 21:32:38.921993 1593316 SceneManager.h:25] Deconstructing SceneManager
I0918 21:32:38.922001 1593316 SceneGraph.h:26] Deconstructing SceneGraph
I0918 21:32:38.922175 1593316 Sensor.h:87] Deconstructing Sensor
I0918 21:32:38.924202 1593316 Renderer.cpp:34] Deconstructing Renderer
I0918 21:32:38.924223 1593316 WindowlessContext.h:17] Deconstructing WindowlessContext
I0918 21:32:38.930497 1593316 ManagedContainerBase.cpp:19] ManagedContainerBase::convertFilenameToJSON : Filename : default changed to proposed JSON configuration filename : default.scene_dataset_config.json
I0918 21:32:38.930516 1593316 AttributesManagerBase.h:283] AttributesManager<T>::createFromJsonOrDefaultInternal  (Dataset) : Proposing JSON name : default.scene_dataset_config.json from original name : default | This file  does not exist.
I0918 21:32:38.930652 1593316 AssetAttributesManager.cpp:117] Asset attributes (capsule3DSolid : capsule3DSolid_hemiRings_4_cylRings_1_segments_12_halfLen_0.75_useTexCoords_false_useTangents_false) created and registered.
I0918 21:32:38.930678 1593316 AssetAttributesManager.cpp:117] Asset attributes (capsule3DWireframe : capsule3DWireframe_hemiRings_8_cylRings_1_segments_16_halfLen_1) created and registered.
I0918 21:32:38.930701 1593316 AssetAttributesManager.cpp:117] Asset attributes (coneSolid : coneSolid_segments_12_halfLen_1.25_rings_1_useTexCoords_false_useTangents_false_capEnd_true) created and registered.
I0918 21:32:38.930714 1593316 AssetAttributesManager.cpp:117] Asset attributes (coneWireframe : coneWireframe_segments_32_halfLen_1.25) created and registered.
I0918 21:32:38.930723 1593316 AssetAttributesManager.cpp:117] Asset attributes (cubeSolid : cubeSolid) created and registered.
I0918 21:32:38.930729 1593316 AssetAttributesManager.cpp:117] Asset attributes (cubeWireframe : cubeWireframe) created and registered.
I0918 21:32:38.930748 1593316 AssetAttributesManager.cpp:117] Asset attributes (cylinderSolid : cylinderSolid_rings_1_segments_12_halfLen_1_useTexCoords_false_useTangents_false_capEnds_true) created and registered.
I0918 21:32:38.930765 1593316 AssetAttributesManager.cpp:117] Asset attributes (cylinderWireframe : cylinderWireframe_rings_1_segments_32_halfLen_1) created and registered.
I0918 21:32:38.930776 1593316 AssetAttributesManager.cpp:117] Asset attributes (icosphereSolid : icosphereSolid_subdivs_1) created and registered.
I0918 21:32:38.930784 1593316 AssetAttributesManager.cpp:117] Asset attributes (icosphereWireframe : icosphereWireframe_subdivs_1) created and registered.
I0918 21:32:38.930797 1593316 AssetAttributesManager.cpp:117] Asset attributes (uvSphereSolid : uvSphereSolid_rings_8_segments_16_useTexCoords_false_useTangents_false) created and registered.
I0918 21:32:38.930809 1593316 AssetAttributesManager.cpp:117] Asset attributes (uvSphereWireframe : uvSphereWireframe_rings_16_segments_32) created and registered.
I0918 21:32:38.930815 1593316 AssetAttributesManager.cpp:105] AssetAttributesManager::buildCtorFuncPtrMaps : Built default primitive asset templates : 12
I0918 21:32:38.931206 1593316 SceneDatasetAttributesManager.cpp:23] File (default) not found, so new default dataset attributes created and registered.
I0918 21:32:38.931208 1593316 MetadataMediator.cpp:47] MetadataMediator::createDataset : Dataset default successfully created.
I0918 21:32:38.931397 1593316 AttributesManagerBase.h:283] AttributesManager<T>::createFromJsonOrDefaultInternal  (Physics Manager) : Proposing JSON name : ./data/default.physics_config.json from original name : ./data/default.physics_config.json | This file  does not exist.
I0918 21:32:38.931407 1593316 PhysicsAttributesManager.cpp:27] File (./data/default.physics_config.json) not found, so new default physics manager attributes created and registered.
I0918 21:32:38.931411 1593316 AbstractObjectAttributesManagerBase.h:175] AbstractObjectAttributesManager<T>::createObject  (Stage) : Making attributes with handle : /mnt/data_nas/deeprobotics/daiyang/vla/third_party/ETP-R1/data/scene_datasets/mp3d/82sE5b5pLXE/82sE5b5pLXE.glb
I0918 21:32:38.931414 1593316 ManagedContainerBase.cpp:19] ManagedContainerBase::convertFilenameToJSON : Filename : /mnt/data_nas/deeprobotics/daiyang/vla/third_party/ETP-R1/data/scene_datasets/mp3d/82sE5b5pLXE/82sE5b5pLXE.glb changed to proposed JSON configuration filename : /mnt/data_nas/deeprobotics/daiyang/vla/third_party/ETP-R1/data/scene_datasets/mp3d/82sE5b5pLXE/82sE5b5pLXE.stage_config.json
I0918 21:32:38.932338 1593316 AttributesManagerBase.h:283] AttributesManager<T>::createFromJsonOrDefaultInternal  (Stage) : Proposing JSON name : /mnt/data_nas/deeprobotics/daiyang/vla/third_party/ETP-R1/data/scene_datasets/mp3d/82sE5b5pLXE/82sE5b5pLXE.stage_config.json from original name : /mnt/data_nas/deeprobotics/daiyang/vla/third_party/ETP-R1/data/scene_datasets/mp3d/82sE5b5pLXE/82sE5b5pLXE.glb | This file  does not exist.
I0918 21:32:38.932386 1593316 AbstractObjectAttributesManagerBase.h:181] AbstractObjectAttributesManager<T>::createObject  (Stage) : Done making attributes with handle : /mnt/data_nas/deeprobotics/daiyang/vla/third_party/ETP-R1/data/scene_datasets/mp3d/82sE5b5pLXE/82sE5b5pLXE.glb
I0918 21:32:38.932389 1593316 AbstractObjectAttributesManagerBase.h:188] File (/mnt/data_nas/deeprobotics/daiyang/vla/third_party/ETP-R1/data/scene_datasets/mp3d/82sE5b5pLXE/82sE5b5pLXE.glb) exists but is not a recognized config filename extension, so new default Stage attributes created and registered.
I0918 21:32:38.932394 1593316 Simulator.cpp:156] Loading navmesh from /mnt/data_nas/deeprobotics/daiyang/vla/third_party/ETP-R1/data/scene_datasets/mp3d/82sE5b5pLXE/82sE5b5pLXE.navmesh
I0918 21:32:38.933406 1593316 Simulator.cpp:158] Loaded.
I0918 21:32:38.933413 1593316 SceneGraph.h:93] Created DrawableGroup: 
Renderer: NVIDIA GeForce RTX 5090/PCIe/SSE2 by NVIDIA Corporation
OpenGL version: 4.6.0 NVIDIA 580.126.09
Using optional features:
    GL_ARB_ES2_compatibility
    GL_ARB_direct_state_access
    GL_ARB_get_texture_sub_image
    GL_ARB_invalidate_subdata
    GL_ARB_multi_bind
    GL_ARB_robustness
    GL_ARB_separate_shader_objects
    GL_ARB_texture_filter_anisotropic
    GL_ARB_texture_storage
    GL_ARB_texture_storage_multisample
    GL_ARB_vertex_array_object
    GL_KHR_debug
Using driver workarounds:
    no-forward-compatible-core-context
    nv-egl-incorrect-gl11-function-pointers
    no-layout-qualifiers-on-old-glsl
    nv-zero-context-profile-mask
    nv-implementation-color-read-format-dsa-broken
    nv-cubemap-inconsistent-compressed-image-size
    nv-cubemap-broken-full-compressed-image-query
    nv-compressed-block-size-in-bits
I0918 21:32:38.937037 1593316 ResourceManager.cpp:234] ResourceManager::loadStage : Not loading semantic mesh
I0918 21:32:38.937047 1593316 ResourceManager.cpp:262] ResourceManager::loadStage : start load render asset /mnt/data_nas/deeprobotics/daiyang/vla/third_party/ETP-R1/data/scene_datasets/mp3d/82sE5b5pLXE/82sE5b5pLXE.glb.
I0918 21:32:38.937048 1593316 ResourceManager.cpp:569] ResourceManager::loadStageInternal : Attempting to load stage /mnt/data_nas/deeprobotics/daiyang/vla/third_party/ETP-R1/data/scene_datasets/mp3d/82sE5b5pLXE/82sE5b5pLXE.glb 
I0918 21:32:38.937063 1593316 ResourceManager.cpp:1119] Importing Basis files as BC7 for 82sE5b5pLXE.glb
W0918 21:32:40.940896 1593316 Simulator.cpp:248] :
---
 The active scene does not contain semantic annotations. 
---
I0918 21:32:40.977029 1593316 simulator.py:213] Loaded navmesh /mnt/data_nas/deeprobotics/daiyang/vla/third_party/ETP-R1/data/scene_datasets/mp3d/82sE5b5pLXE/82sE5b5pLXE.navmesh
I0918 21:32:41.175541 1593316 Simulator.cpp:49] Deconstructing Simulator
I0918 21:32:41.175681 1593316 Simulator.cpp:49] Deconstructing Simulator
I0918 21:32:41.175885 1593316 Simulator.cpp:49] Deconstructing Simulator
I0918 21:32:41.176013 1593316 Simulator.cpp:49] Deconstructing Simulator
I0918 21:32:41.176111 1593316 Simulator.cpp:49] Deconstructing Simulator
I0918 21:32:41.176194 1593316 Simulator.cpp:49] Deconstructing Simulator
I0918 21:32:41.176280 1593316 Simulator.cpp:49] Deconstructing Simulator
I0918 21:32:41.176357 1593316 Simulator.cpp:49] Deconstructing Simulator
I0918 21:32:41.176470 1593316 Simulator.cpp:49] Deconstructing Simulator
I0918 21:34:28.878604 1593316 PhysicsManager.cpp:33] Deconstructing PhysicsManager
I0918 21:34:28.878664 1593316 SemanticScene.h:41] Deconstructing SemanticScene
I0918 21:34:28.880065 1593316 SceneManager.h:25] Deconstructing SceneManager
I0918 21:34:28.880080 1593316 SceneGraph.h:26] Deconstructing SceneGraph
I0918 21:34:28.880326 1593316 Sensor.h:87] Deconstructing Sensor
I0918 21:34:28.883500 1593316 Renderer.cpp:34] Deconstructing Renderer
I0918 21:34:28.883523 1593316 WindowlessContext.h:17] Deconstructing WindowlessContext
I0918 21:34:28.890013 1593316 ManagedContainerBase.cpp:19] ManagedContainerBase::convertFilenameToJSON : Filename : default changed to proposed JSON configuration filename : default.scene_dataset_config.json
I0918 21:34:28.890033 1593316 AttributesManagerBase.h:283] AttributesManager<T>::createFromJsonOrDefaultInternal  (Dataset) : Proposing JSON name : default.scene_dataset_config.json from original name : default | This file  does not exist.
I0918 21:34:28.890187 1593316 AssetAttributesManager.cpp:117] Asset attributes (capsule3DSolid : capsule3DSolid_hemiRings_4_cylRings_1_segments_12_halfLen_0.75_useTexCoords_false_useTangents_false) created and registered.
I0918 21:34:28.890233 1593316 AssetAttributesManager.cpp:117] Asset attributes (capsule3DWireframe : capsule3DWireframe_hemiRings_8_cylRings_1_segments_16_halfLen_1) created and registered.
I0918 21:34:28.890256 1593316 AssetAttributesManager.cpp:117] Asset attributes (coneSolid : coneSolid_segments_12_halfLen_1.25_rings_1_useTexCoords_false_useTangents_false_capEnd_true) created and registered.
I0918 21:34:28.890277 1593316 AssetAttributesManager.cpp:117] Asset attributes (coneWireframe : coneWireframe_segments_32_halfLen_1.25) created and registered.
I0918 21:34:28.890287 1593316 AssetAttributesManager.cpp:117] Asset attributes (cubeSolid : cubeSolid) created and registered.
I0918 21:34:28.890295 1593316 AssetAttributesManager.cpp:117] Asset attributes (cubeWireframe : cubeWireframe) created and registered.
I0918 21:34:28.890316 1593316 AssetAttributesManager.cpp:117] Asset attributes (cylinderSolid : cylinderSolid_rings_1_segments_12_halfLen_1_useTexCoords_false_useTangents_false_capEnds_true) created and registered.
I0918 21:34:28.890333 1593316 AssetAttributesManager.cpp:117] Asset attributes (cylinderWireframe : cylinderWireframe_rings_1_segments_32_halfLen_1) created and registered.
I0918 21:34:28.890344 1593316 AssetAttributesManager.cpp:117] Asset attributes (icosphereSolid : icosphereSolid_subdivs_1) created and registered.
I0918 21:34:28.890353 1593316 AssetAttributesManager.cpp:117] Asset attributes (icosphereWireframe : icosphereWireframe_subdivs_1) created and registered.
I0918 21:34:28.890368 1593316 AssetAttributesManager.cpp:117] Asset attributes (uvSphereSolid : uvSphereSolid_rings_8_segments_16_useTexCoords_false_useTangents_false) created and registered.
I0918 21:34:28.890380 1593316 AssetAttributesManager.cpp:117] Asset attributes (uvSphereWireframe : uvSphereWireframe_rings_16_segments_32) created and registered.
I0918 21:34:28.890386 1593316 AssetAttributesManager.cpp:105] AssetAttributesManager::buildCtorFuncPtrMaps : Built default primitive asset templates : 12
I0918 21:34:28.890834 1593316 SceneDatasetAttributesManager.cpp:23] File (default) not found, so new default dataset attributes created and registered.
I0918 21:34:28.890836 1593316 MetadataMediator.cpp:47] MetadataMediator::createDataset : Dataset default successfully created.
I0918 21:34:28.891129 1593316 AttributesManagerBase.h:283] AttributesManager<T>::createFromJsonOrDefaultInternal  (Physics Manager) : Proposing JSON name : ./data/default.physics_config.json from original name : ./data/default.physics_config.json | This file  does not exist.
I0918 21:34:28.891142 1593316 PhysicsAttributesManager.cpp:27] File (./data/default.physics_config.json) not found, so new default physics manager attributes created and registered.
I0918 21:34:28.891145 1593316 AbstractObjectAttributesManagerBase.h:175] AbstractObjectAttributesManager<T>::createObject  (Stage) : Making attributes with handle : /mnt/data_nas/deeprobotics/daiyang/vla/third_party/ETP-R1/data/scene_datasets/mp3d/B6ByNegPMKs/B6ByNegPMKs.glb
I0918 21:34:28.891150 1593316 ManagedContainerBase.cpp:19] ManagedContainerBase::convertFilenameToJSON : Filename : /mnt/data_nas/deeprobotics/daiyang/vla/third_party/ETP-R1/data/scene_datasets/mp3d/B6ByNegPMKs/B6ByNegPMKs.glb changed to proposed JSON configuration filename : /mnt/data_nas/deeprobotics/daiyang/vla/third_party/ETP-R1/data/scene_datasets/mp3d/B6ByNegPMKs/B6ByNegPMKs.stage_config.json
I0918 21:34:28.891165 1593316 AttributesManagerBase.h:283] AttributesManager<T>::createFromJsonOrDefaultInternal  (Stage) : Proposing JSON name : /mnt/data_nas/deeprobotics/daiyang/vla/third_party/ETP-R1/data/scene_datasets/mp3d/B6ByNegPMKs/B6ByNegPMKs.stage_config.json from original name : /mnt/data_nas/deeprobotics/daiyang/vla/third_party/ETP-R1/data/scene_datasets/mp3d/B6ByNegPMKs/B6ByNegPMKs.glb | This file  does not exist.
I0918 21:34:28.891228 1593316 AbstractObjectAttributesManagerBase.h:181] AbstractObjectAttributesManager<T>::createObject  (Stage) : Done making attributes with handle : /mnt/data_nas/deeprobotics/daiyang/vla/third_party/ETP-R1/data/scene_datasets/mp3d/B6ByNegPMKs/B6ByNegPMKs.glb
I0918 21:34:28.891230 1593316 AbstractObjectAttributesManagerBase.h:188] File (/mnt/data_nas/deeprobotics/daiyang/vla/third_party/ETP-R1/data/scene_datasets/mp3d/B6ByNegPMKs/B6ByNegPMKs.glb) exists but is not a recognized config filename extension, so new default Stage attributes created and registered.
I0918 21:34:28.891235 1593316 Simulator.cpp:156] Loading navmesh from /mnt/data_nas/deeprobotics/daiyang/vla/third_party/ETP-R1/data/scene_datasets/mp3d/B6ByNegPMKs/B6ByNegPMKs.navmesh
I0918 21:34:28.892776 1593316 Simulator.cpp:158] Loaded.
I0918 21:34:28.892784 1593316 SceneGraph.h:93] Created DrawableGroup: 
Renderer: NVIDIA GeForce RTX 5090/PCIe/SSE2 by NVIDIA Corporation
OpenGL version: 4.6.0 NVIDIA 580.126.09
Using optional features:
    GL_ARB_ES2_compatibility
    GL_ARB_direct_state_access
    GL_ARB_get_texture_sub_image
    GL_ARB_invalidate_subdata
    GL_ARB_multi_bind
    GL_ARB_robustness
    GL_ARB_separate_shader_objects
    GL_ARB_texture_filter_anisotropic
    GL_ARB_texture_storage
    GL_ARB_texture_storage_multisample
    GL_ARB_vertex_array_object
    GL_KHR_debug
Using driver workarounds:
    no-forward-compatible-core-context
    nv-egl-incorrect-gl11-function-pointers
    no-layout-qualifiers-on-old-glsl
    nv-zero-context-profile-mask
    nv-implementation-color-read-format-dsa-broken
    nv-cubemap-inconsistent-compressed-image-size
    nv-cubemap-broken-full-compressed-image-query
    nv-compressed-block-size-in-bits
I0918 21:34:28.896420 1593316 ResourceManager.cpp:234] ResourceManager::loadStage : Not loading semantic mesh
I0918 21:34:28.896428 1593316 ResourceManager.cpp:262] ResourceManager::loadStage : start load render asset /mnt/data_nas/deeprobotics/daiyang/vla/third_party/ETP-R1/data/scene_datasets/mp3d/B6ByNegPMKs/B6ByNegPMKs.glb.
I0918 21:34:28.896430 1593316 ResourceManager.cpp:569] ResourceManager::loadStageInternal : Attempting to load stage /mnt/data_nas/deeprobotics/daiyang/vla/third_party/ETP-R1/data/scene_datasets/mp3d/B6ByNegPMKs/B6ByNegPMKs.glb 
I0918 21:34:28.896445 1593316 ResourceManager.cpp:1119] Importing Basis files as BC7 for B6ByNegPMKs.glb
W0918 21:34:38.599007 1593316 Simulator.cpp:248] :
---
 The active scene does not contain semantic annotations. 
---
I0918 21:34:38.796910 1593316 simulator.py:213] Loaded navmesh /mnt/data_nas/deeprobotics/daiyang/vla/third_party/ETP-R1/data/scene_datasets/mp3d/B6ByNegPMKs/B6ByNegPMKs.navmesh
I0918 21:35:05.909469 1593316 PhysicsManager.cpp:33] Deconstructing PhysicsManager
I0918 21:35:05.909510 1593316 SemanticScene.h:41] Deconstructing SemanticScene
I0918 21:35:05.924136 1593316 SceneManager.h:25] Deconstructing SceneManager
I0918 21:35:05.924149 1593316 SceneGraph.h:26] Deconstructing SceneGraph
I0918 21:35:05.924562 1593316 Sensor.h:87] Deconstructing Sensor
I0918 21:35:05.936570 1593316 Renderer.cpp:34] Deconstructing Renderer
I0918 21:35:05.936601 1593316 WindowlessContext.h:17] Deconstructing WindowlessContext
I0918 21:35:05.945487 1593316 ManagedContainerBase.cpp:19] ManagedContainerBase::convertFilenameToJSON : Filename : default changed to proposed JSON configuration filename : default.scene_dataset_config.json
I0918 21:35:05.945510 1593316 AttributesManagerBase.h:283] AttributesManager<T>::createFromJsonOrDefaultInternal  (Dataset) : Proposing JSON name : default.scene_dataset_config.json from original name : default | This file  does not exist.
I0918 21:35:05.945643 1593316 AssetAttributesManager.cpp:117] Asset attributes (capsule3DSolid : capsule3DSolid_hemiRings_4_cylRings_1_segments_12_halfLen_0.75_useTexCoords_false_useTangents_false) created and registered.
I0918 21:35:05.945672 1593316 AssetAttributesManager.cpp:117] Asset attributes (capsule3DWireframe : capsule3DWireframe_hemiRings_8_cylRings_1_segments_16_halfLen_1) created and registered.
I0918 21:35:05.945694 1593316 AssetAttributesManager.cpp:117] Asset attributes (coneSolid : coneSolid_segments_12_halfLen_1.25_rings_1_useTexCoords_false_useTangents_false_capEnd_true) created and registered.
I0918 21:35:05.945708 1593316 AssetAttributesManager.cpp:117] Asset attributes (coneWireframe : coneWireframe_segments_32_halfLen_1.25) created and registered.
I0918 21:35:05.945717 1593316 AssetAttributesManager.cpp:117] Asset attributes (cubeSolid : cubeSolid) created and registered.
I0918 21:35:05.945724 1593316 AssetAttributesManager.cpp:117] Asset attributes (cubeWireframe : cubeWireframe) created and registered.
I0918 21:35:05.945744 1593316 AssetAttributesManager.cpp:117] Asset attributes (cylinderSolid : cylinderSolid_rings_1_segments_12_halfLen_1_useTexCoords_false_useTangents_false_capEnds_true) created and registered.
I0918 21:35:05.945760 1593316 AssetAttributesManager.cpp:117] Asset attributes (cylinderWireframe : cylinderWireframe_rings_1_segments_32_halfLen_1) created and registered.
I0918 21:35:05.945771 1593316 AssetAttributesManager.cpp:117] Asset attributes (icosphereSolid : icosphereSolid_subdivs_1) created and registered.
I0918 21:35:05.945781 1593316 AssetAttributesManager.cpp:117] Asset attributes (icosphereWireframe : icosphereWireframe_subdivs_1) created and registered.
I0918 21:35:05.945796 1593316 AssetAttributesManager.cpp:117] Asset attributes (uvSphereSolid : uvSphereSolid_rings_8_segments_16_useTexCoords_false_useTangents_false) created and registered.
I0918 21:35:05.945807 1593316 AssetAttributesManager.cpp:117] Asset attributes (uvSphereWireframe : uvSphereWireframe_rings_16_segments_32) created and registered.
I0918 21:35:05.945814 1593316 AssetAttributesManager.cpp:105] AssetAttributesManager::buildCtorFuncPtrMaps : Built default primitive asset templates : 12
I0918 21:35:05.946215 1593316 SceneDatasetAttributesManager.cpp:23] File (default) not found, so new default dataset attributes created and registered.
I0918 21:35:05.946218 1593316 MetadataMediator.cpp:47] MetadataMediator::createDataset : Dataset default successfully created.
I0918 21:35:05.946419 1593316 AttributesManagerBase.h:283] AttributesManager<T>::createFromJsonOrDefaultInternal  (Physics Manager) : Proposing JSON name : ./data/default.physics_config.json from original name : ./data/default.physics_config.json | This file  does not exist.
I0918 21:35:05.946430 1593316 PhysicsAttributesManager.cpp:27] File (./data/default.physics_config.json) not found, so new default physics manager attributes created and registered.
I0918 21:35:05.946434 1593316 AbstractObjectAttributesManagerBase.h:175] AbstractObjectAttributesManager<T>::createObject  (Stage) : Making attributes with handle : /mnt/data_nas/deeprobotics/daiyang/vla/third_party/ETP-R1/data/scene_datasets/mp3d/PuKPg4mmafe/PuKPg4mmafe.glb
I0918 21:35:05.946437 1593316 ManagedContainerBase.cpp:19] ManagedContainerBase::convertFilenameToJSON : Filename : /mnt/data_nas/deeprobotics/daiyang/vla/third_party/ETP-R1/data/scene_datasets/mp3d/PuKPg4mmafe/PuKPg4mmafe.glb changed to proposed JSON configuration filename : /mnt/data_nas/deeprobotics/daiyang/vla/third_party/ETP-R1/data/scene_datasets/mp3d/PuKPg4mmafe/PuKPg4mmafe.stage_config.json
I0918 21:35:05.946448 1593316 AttributesManagerBase.h:283] AttributesManager<T>::createFromJsonOrDefaultInternal  (Stage) : Proposing JSON name : /mnt/data_nas/deeprobotics/daiyang/vla/third_party/ETP-R1/data/scene_datasets/mp3d/PuKPg4mmafe/PuKPg4mmafe.stage_config.json from original name : /mnt/data_nas/deeprobotics/daiyang/vla/third_party/ETP-R1/data/scene_datasets/mp3d/PuKPg4mmafe/PuKPg4mmafe.glb | This file  does not exist.
I0918 21:35:05.946501 1593316 AbstractObjectAttributesManagerBase.h:181] AbstractObjectAttributesManager<T>::createObject  (Stage) : Done making attributes with handle : /mnt/data_nas/deeprobotics/daiyang/vla/third_party/ETP-R1/data/scene_datasets/mp3d/PuKPg4mmafe/PuKPg4mmafe.glb
I0918 21:35:05.946502 1593316 AbstractObjectAttributesManagerBase.h:188] File (/mnt/data_nas/deeprobotics/daiyang/vla/third_party/ETP-R1/data/scene_datasets/mp3d/PuKPg4mmafe/PuKPg4mmafe.glb) exists but is not a recognized config filename extension, so new default Stage attributes created and registered.
I0918 21:35:05.946507 1593316 Simulator.cpp:156] Loading navmesh from /mnt/data_nas/deeprobotics/daiyang/vla/third_party/ETP-R1/data/scene_datasets/mp3d/PuKPg4mmafe/PuKPg4mmafe.navmesh
I0918 21:35:05.947772 1593316 Simulator.cpp:158] Loaded.
I0918 21:35:05.947781 1593316 SceneGraph.h:93] Created DrawableGroup: 
Renderer: NVIDIA GeForce RTX 5090/PCIe/SSE2 by NVIDIA Corporation
OpenGL version: 4.6.0 NVIDIA 580.126.09
Using optional features:
    GL_ARB_ES2_compatibility
    GL_ARB_direct_state_access
    GL_ARB_get_texture_sub_image
    GL_ARB_invalidate_subdata
    GL_ARB_multi_bind
    GL_ARB_robustness
    GL_ARB_separate_shader_objects
    GL_ARB_texture_filter_anisotropic
    GL_ARB_texture_storage
    GL_ARB_texture_storage_multisample
    GL_ARB_vertex_array_object
    GL_KHR_debug
Using driver workarounds:
    no-forward-compatible-core-context
    nv-egl-incorrect-gl11-function-pointers
    no-layout-qualifiers-on-old-glsl
    nv-zero-context-profile-mask
    nv-implementation-color-read-format-dsa-broken
    nv-cubemap-inconsistent-compressed-image-size
    nv-cubemap-broken-full-compressed-image-query
    nv-compressed-block-size-in-bits
I0918 21:35:05.951309 1593316 ResourceManager.cpp:234] ResourceManager::loadStage : Not loading semantic mesh
I0918 21:35:05.951318 1593316 ResourceManager.cpp:262] ResourceManager::loadStage : start load render asset /mnt/data_nas/deeprobotics/daiyang/vla/third_party/ETP-R1/data/scene_datasets/mp3d/PuKPg4mmafe/PuKPg4mmafe.glb.
I0918 21:35:05.951320 1593316 ResourceManager.cpp:569] ResourceManager::loadStageInternal : Attempting to load stage /mnt/data_nas/deeprobotics/daiyang/vla/third_party/ETP-R1/data/scene_datasets/mp3d/PuKPg4mmafe/PuKPg4mmafe.glb 
I0918 21:35:05.951335 1593316 ResourceManager.cpp:1119] Importing Basis files as BC7 for PuKPg4mmafe.glb
W0918 21:35:10.611302 1593316 Simulator.cpp:248] :
---
 The active scene does not contain semantic annotations. 
---
I0918 21:35:10.631935 1593316 simulator.py:213] Loaded navmesh /mnt/data_nas/deeprobotics/daiyang/vla/third_party/ETP-R1/data/scene_datasets/mp3d/PuKPg4mmafe/PuKPg4mmafe.navmesh
I0918 21:36:07.431417 1593316 PhysicsManager.cpp:33] Deconstructing PhysicsManager
I0918 21:36:07.431459 1593316 SemanticScene.h:41] Deconstructing SemanticScene
I0918 21:36:07.432142 1593316 SceneManager.h:25] Deconstructing SceneManager
I0918 21:36:07.432147 1593316 SceneGraph.h:26] Deconstructing SceneGraph
I0918 21:36:07.432336 1593316 Sensor.h:87] Deconstructing Sensor
I0918 21:36:07.437112 1593316 Renderer.cpp:34] Deconstructing Renderer
I0918 21:36:07.437137 1593316 WindowlessContext.h:17] Deconstructing WindowlessContext
I0918 21:36:07.452962 1593316 ManagedContainerBase.cpp:19] ManagedContainerBase::convertFilenameToJSON : Filename : default changed to proposed JSON configuration filename : default.scene_dataset_config.json
I0918 21:36:07.452984 1593316 AttributesManagerBase.h:283] AttributesManager<T>::createFromJsonOrDefaultInternal  (Dataset) : Proposing JSON name : default.scene_dataset_config.json from original name : default | This file  does not exist.
I0918 21:36:07.453091 1593316 AssetAttributesManager.cpp:117] Asset attributes (capsule3DSolid : capsule3DSolid_hemiRings_4_cylRings_1_segments_12_halfLen_0.75_useTexCoords_false_useTangents_false) created and registered.
I0918 21:36:07.453125 1593316 AssetAttributesManager.cpp:117] Asset attributes (capsule3DWireframe : capsule3DWireframe_hemiRings_8_cylRings_1_segments_16_halfLen_1) created and registered.
I0918 21:36:07.453148 1593316 AssetAttributesManager.cpp:117] Asset attributes (coneSolid : coneSolid_segments_12_halfLen_1.25_rings_1_useTexCoords_false_useTangents_false_capEnd_true) created and registered.
I0918 21:36:07.453163 1593316 AssetAttributesManager.cpp:117] Asset attributes (coneWireframe : coneWireframe_segments_32_halfLen_1.25) created and registered.
I0918 21:36:07.453172 1593316 AssetAttributesManager.cpp:117] Asset attributes (cubeSolid : cubeSolid) created and registered.
I0918 21:36:07.453178 1593316 AssetAttributesManager.cpp:117] Asset attributes (cubeWireframe : cubeWireframe) created and registered.
I0918 21:36:07.453198 1593316 AssetAttributesManager.cpp:117] Asset attributes (cylinderSolid : cylinderSolid_rings_1_segments_12_halfLen_1_useTexCoords_false_useTangents_false_capEnds_true) created and registered.
I0918 21:36:07.453217 1593316 AssetAttributesManager.cpp:117] Asset attributes (cylinderWireframe : cylinderWireframe_rings_1_segments_32_halfLen_1) created and registered.
I0918 21:36:07.453228 1593316 AssetAttributesManager.cpp:117] Asset attributes (icosphereSolid : icosphereSolid_subdivs_1) created and registered.
I0918 21:36:07.453238 1593316 AssetAttributesManager.cpp:117] Asset attributes (icosphereWireframe : icosphereWireframe_subdivs_1) created and registered.
I0918 21:36:07.453251 1593316 AssetAttributesManager.cpp:117] Asset attributes (uvSphereSolid : uvSphereSolid_rings_8_segments_16_useTexCoords_false_useTangents_false) created and registered.
I0918 21:36:07.453264 1593316 AssetAttributesManager.cpp:117] Asset attributes (uvSphereWireframe : uvSphereWireframe_rings_16_segments_32) created and registered.
I0918 21:36:07.453275 1593316 AssetAttributesManager.cpp:105] AssetAttributesManager::buildCtorFuncPtrMaps : Built default primitive asset templates : 12
I0918 21:36:07.453680 1593316 SceneDatasetAttributesManager.cpp:23] File (default) not found, so new default dataset attributes created and registered.
I0918 21:36:07.453683 1593316 MetadataMediator.cpp:47] MetadataMediator::createDataset : Dataset default successfully created.
I0918 21:36:07.453881 1593316 AttributesManagerBase.h:283] AttributesManager<T>::createFromJsonOrDefaultInternal  (Physics Manager) : Proposing JSON name : ./data/default.physics_config.json from original name : ./data/default.physics_config.json | This file  does not exist.
I0918 21:36:07.453893 1593316 PhysicsAttributesManager.cpp:27] File (./data/default.physics_config.json) not found, so new default physics manager attributes created and registered.
I0918 21:36:07.453896 1593316 AbstractObjectAttributesManagerBase.h:175] AbstractObjectAttributesManager<T>::createObject  (Stage) : Making attributes with handle : /mnt/data_nas/deeprobotics/daiyang/vla/third_party/ETP-R1/data/scene_datasets/mp3d/XcA2TqTSSAj/XcA2TqTSSAj.glb
I0918 21:36:07.453900 1593316 ManagedContainerBase.cpp:19] ManagedContainerBase::convertFilenameToJSON : Filename : /mnt/data_nas/deeprobotics/daiyang/vla/third_party/ETP-R1/data/scene_datasets/mp3d/XcA2TqTSSAj/XcA2TqTSSAj.glb changed to proposed JSON configuration filename : /mnt/data_nas/deeprobotics/daiyang/vla/third_party/ETP-R1/data/scene_datasets/mp3d/XcA2TqTSSAj/XcA2TqTSSAj.stage_config.json
I0918 21:36:07.453913 1593316 AttributesManagerBase.h:283] AttributesManager<T>::createFromJsonOrDefaultInternal  (Stage) : Proposing JSON name : /mnt/data_nas/deeprobotics/daiyang/vla/third_party/ETP-R1/data/scene_datasets/mp3d/XcA2TqTSSAj/XcA2TqTSSAj.stage_config.json from original name : /mnt/data_nas/deeprobotics/daiyang/vla/third_party/ETP-R1/data/scene_datasets/mp3d/XcA2TqTSSAj/XcA2TqTSSAj.glb | This file  does not exist.
I0918 21:36:07.453959 1593316 AbstractObjectAttributesManagerBase.h:181] AbstractObjectAttributesManager<T>::createObject  (Stage) : Done making attributes with handle : /mnt/data_nas/deeprobotics/daiyang/vla/third_party/ETP-R1/data/scene_datasets/mp3d/XcA2TqTSSAj/XcA2TqTSSAj.glb
I0918 21:36:07.453964 1593316 AbstractObjectAttributesManagerBase.h:188] File (/mnt/data_nas/deeprobotics/daiyang/vla/third_party/ETP-R1/data/scene_datasets/mp3d/XcA2TqTSSAj/XcA2TqTSSAj.glb) exists but is not a recognized config filename extension, so new default Stage attributes created and registered.
I0918 21:36:07.453969 1593316 Simulator.cpp:156] Loading navmesh from /mnt/data_nas/deeprobotics/daiyang/vla/third_party/ETP-R1/data/scene_datasets/mp3d/XcA2TqTSSAj/XcA2TqTSSAj.navmesh
I0918 21:36:07.455258 1593316 Simulator.cpp:158] Loaded.
I0918 21:36:07.455265 1593316 SceneGraph.h:93] Created DrawableGroup: 
Renderer: NVIDIA GeForce RTX 5090/PCIe/SSE2 by NVIDIA Corporation
OpenGL version: 4.6.0 NVIDIA 580.126.09
Using optional features:
    GL_ARB_ES2_compatibility
    GL_ARB_direct_state_access
    GL_ARB_get_texture_sub_image
    GL_ARB_invalidate_subdata
    GL_ARB_multi_bind
    GL_ARB_robustness
    GL_ARB_separate_shader_objects
    GL_ARB_texture_filter_anisotropic
    GL_ARB_texture_storage
    GL_ARB_texture_storage_multisample
    GL_ARB_vertex_array_object
    GL_KHR_debug
Using driver workarounds:
    no-forward-compatible-core-context
    nv-egl-incorrect-gl11-function-pointers
    no-layout-qualifiers-on-old-glsl
    nv-zero-context-profile-mask
    nv-implementation-color-read-format-dsa-broken
    nv-cubemap-inconsistent-compressed-image-size
    nv-cubemap-broken-full-compressed-image-query
    nv-compressed-block-size-in-bits
I0918 21:36:07.458846 1593316 ResourceManager.cpp:234] ResourceManager::loadStage : Not loading semantic mesh
I0918 21:36:07.458855 1593316 ResourceManager.cpp:262] ResourceManager::loadStage : start load render asset /mnt/data_nas/deeprobotics/daiyang/vla/third_party/ETP-R1/data/scene_datasets/mp3d/XcA2TqTSSAj/XcA2TqTSSAj.glb.
I0918 21:36:07.458858 1593316 ResourceManager.cpp:569] ResourceManager::loadStageInternal : Attempting to load stage /mnt/data_nas/deeprobotics/daiyang/vla/third_party/ETP-R1/data/scene_datasets/mp3d/XcA2TqTSSAj/XcA2TqTSSAj.glb 
I0918 21:36:07.458873 1593316 ResourceManager.cpp:1119] Importing Basis files as BC7 for XcA2TqTSSAj.glb
W0918 21:36:09.436587 1593316 Simulator.cpp:248] :
---
 The active scene does not contain semantic annotations. 
---
I0918 21:36:09.509853 1593316 simulator.py:213] Loaded navmesh /mnt/data_nas/deeprobotics/daiyang/vla/third_party/ETP-R1/data/scene_datasets/mp3d/XcA2TqTSSAj/XcA2TqTSSAj.navmesh
I0918 21:36:22.240556 1593316 PhysicsManager.cpp:33] Deconstructing PhysicsManager
I0918 21:36:22.240614 1593316 SemanticScene.h:41] Deconstructing SemanticScene
I0918 21:36:22.242738 1593316 SceneManager.h:25] Deconstructing SceneManager
I0918 21:36:22.242748 1593316 SceneGraph.h:26] Deconstructing SceneGraph
I0918 21:36:22.243279 1593316 Sensor.h:87] Deconstructing Sensor
I0918 21:36:22.246161 1593316 Renderer.cpp:34] Deconstructing Renderer
I0918 21:36:22.246184 1593316 WindowlessContext.h:17] Deconstructing WindowlessContext
I0918 21:36:22.253099 1593316 ManagedContainerBase.cpp:19] ManagedContainerBase::convertFilenameToJSON : Filename : default changed to proposed JSON configuration filename : default.scene_dataset_config.json
I0918 21:36:22.253116 1593316 AttributesManagerBase.h:283] AttributesManager<T>::createFromJsonOrDefaultInternal  (Dataset) : Proposing JSON name : default.scene_dataset_config.json from original name : default | This file  does not exist.
I0918 21:36:22.253260 1593316 AssetAttributesManager.cpp:117] Asset attributes (capsule3DSolid : capsule3DSolid_hemiRings_4_cylRings_1_segments_12_halfLen_0.75_useTexCoords_false_useTangents_false) created and registered.
I0918 21:36:22.253293 1593316 AssetAttributesManager.cpp:117] Asset attributes (capsule3DWireframe : capsule3DWireframe_hemiRings_8_cylRings_1_segments_16_halfLen_1) created and registered.
I0918 21:36:22.253316 1593316 AssetAttributesManager.cpp:117] Asset attributes (coneSolid : coneSolid_segments_12_halfLen_1.25_rings_1_useTexCoords_false_useTangents_false_capEnd_true) created and registered.
I0918 21:36:22.253336 1593316 AssetAttributesManager.cpp:117] Asset attributes (coneWireframe : coneWireframe_segments_32_halfLen_1.25) created and registered.
I0918 21:36:22.253345 1593316 AssetAttributesManager.cpp:117] Asset attributes (cubeSolid : cubeSolid) created and registered.
I0918 21:36:22.253352 1593316 AssetAttributesManager.cpp:117] Asset attributes (cubeWireframe : cubeWireframe) created and registered.
I0918 21:36:22.253371 1593316 AssetAttributesManager.cpp:117] Asset attributes (cylinderSolid : cylinderSolid_rings_1_segments_12_halfLen_1_useTexCoords_false_useTangents_false_capEnds_true) created and registered.
I0918 21:36:22.253388 1593316 AssetAttributesManager.cpp:117] Asset attributes (cylinderWireframe : cylinderWireframe_rings_1_segments_32_halfLen_1) created and registered.
I0918 21:36:22.253399 1593316 AssetAttributesManager.cpp:117] Asset attributes (icosphereSolid : icosphereSolid_subdivs_1) created and registered.
I0918 21:36:22.253407 1593316 AssetAttributesManager.cpp:117] Asset attributes (icosphereWireframe : icosphereWireframe_subdivs_1) created and registered.
I0918 21:36:22.253422 1593316 AssetAttributesManager.cpp:117] Asset attributes (uvSphereSolid : uvSphereSolid_rings_8_segments_16_useTexCoords_false_useTangents_false) created and registered.
I0918 21:36:22.253435 1593316 AssetAttributesManager.cpp:117] Asset attributes (uvSphereWireframe : uvSphereWireframe_rings_16_segments_32) created and registered.
I0918 21:36:22.253441 1593316 AssetAttributesManager.cpp:105] AssetAttributesManager::buildCtorFuncPtrMaps : Built default primitive asset templates : 12
I0918 21:36:22.253846 1593316 SceneDatasetAttributesManager.cpp:23] File (default) not found, so new default dataset attributes created and registered.
I0918 21:36:22.253849 1593316 MetadataMediator.cpp:47] MetadataMediator::createDataset : Dataset default successfully created.
I0918 21:36:22.254045 1593316 AttributesManagerBase.h:283] AttributesManager<T>::createFromJsonOrDefaultInternal  (Physics Manager) : Proposing JSON name : ./data/default.physics_config.json from original name : ./data/default.physics_config.json | This file  does not exist.
I0918 21:36:22.254055 1593316 PhysicsAttributesManager.cpp:27] File (./data/default.physics_config.json) not found, so new default physics manager attributes created and registered.
I0918 21:36:22.254058 1593316 AbstractObjectAttributesManagerBase.h:175] AbstractObjectAttributesManager<T>::createObject  (Stage) : Making attributes with handle : /mnt/data_nas/deeprobotics/daiyang/vla/third_party/ETP-R1/data/scene_datasets/mp3d/aayBHfsNo7d/aayBHfsNo7d.glb
I0918 21:36:22.254062 1593316 ManagedContainerBase.cpp:19] ManagedContainerBase::convertFilenameToJSON : Filename : /mnt/data_nas/deeprobotics/daiyang/vla/third_party/ETP-R1/data/scene_datasets/mp3d/aayBHfsNo7d/aayBHfsNo7d.glb changed to proposed JSON configuration filename : /mnt/data_nas/deeprobotics/daiyang/vla/third_party/ETP-R1/data/scene_datasets/mp3d/aayBHfsNo7d/aayBHfsNo7d.stage_config.json
I0918 21:36:22.255008 1593316 AttributesManagerBase.h:283] AttributesManager<T>::createFromJsonOrDefaultInternal  (Stage) : Proposing JSON name : /mnt/data_nas/deeprobotics/daiyang/vla/third_party/ETP-R1/data/scene_datasets/mp3d/aayBHfsNo7d/aayBHfsNo7d.stage_config.json from original name : /mnt/data_nas/deeprobotics/daiyang/vla/third_party/ETP-R1/data/scene_datasets/mp3d/aayBHfsNo7d/aayBHfsNo7d.glb | This file  does not exist.
I0918 21:36:22.255056 1593316 AbstractObjectAttributesManagerBase.h:181] AbstractObjectAttributesManager<T>::createObject  (Stage) : Done making attributes with handle : /mnt/data_nas/deeprobotics/daiyang/vla/third_party/ETP-R1/data/scene_datasets/mp3d/aayBHfsNo7d/aayBHfsNo7d.glb
I0918 21:36:22.255059 1593316 AbstractObjectAttributesManagerBase.h:188] File (/mnt/data_nas/deeprobotics/daiyang/vla/third_party/ETP-R1/data/scene_datasets/mp3d/aayBHfsNo7d/aayBHfsNo7d.glb) exists but is not a recognized config filename extension, so new default Stage attributes created and registered.
I0918 21:36:22.255066 1593316 Simulator.cpp:156] Loading navmesh from /mnt/data_nas/deeprobotics/daiyang/vla/third_party/ETP-R1/data/scene_datasets/mp3d/aayBHfsNo7d/aayBHfsNo7d.navmesh
I0918 21:36:22.256292 1593316 Simulator.cpp:158] Loaded.
I0918 21:36:22.256299 1593316 SceneGraph.h:93] Created DrawableGroup: 
Renderer: NVIDIA GeForce RTX 5090/PCIe/SSE2 by NVIDIA Corporation
OpenGL version: 4.6.0 NVIDIA 580.126.09
Using optional features:
    GL_ARB_ES2_compatibility
    GL_ARB_direct_state_access
    GL_ARB_get_texture_sub_image
    GL_ARB_invalidate_subdata
    GL_ARB_multi_bind
    GL_ARB_robustness
    GL_ARB_separate_shader_objects
    GL_ARB_texture_filter_anisotropic
    GL_ARB_texture_storage
    GL_ARB_texture_storage_multisample
    GL_ARB_vertex_array_object
    GL_KHR_debug
Using driver workarounds:
    no-forward-compatible-core-context
    nv-egl-incorrect-gl11-function-pointers
    no-layout-qualifiers-on-old-glsl
    nv-zero-context-profile-mask
    nv-implementation-color-read-format-dsa-broken
    nv-cubemap-inconsistent-compressed-image-size
    nv-cubemap-broken-full-compressed-image-query
    nv-compressed-block-size-in-bits
I0918 21:36:22.259809 1593316 ResourceManager.cpp:234] ResourceManager::loadStage : Not loading semantic mesh
I0918 21:36:22.259819 1593316 ResourceManager.cpp:262] ResourceManager::loadStage : start load render asset /mnt/data_nas/deeprobotics/daiyang/vla/third_party/ETP-R1/data/scene_datasets/mp3d/aayBHfsNo7d/aayBHfsNo7d.glb.
I0918 21:36:22.259820 1593316 ResourceManager.cpp:569] ResourceManager::loadStageInternal : Attempting to load stage /mnt/data_nas/deeprobotics/daiyang/vla/third_party/ETP-R1/data/scene_datasets/mp3d/aayBHfsNo7d/aayBHfsNo7d.glb 
I0918 21:36:22.259835 1593316 ResourceManager.cpp:1119] Importing Basis files as BC7 for aayBHfsNo7d.glb
W0918 21:36:23.817793 1593316 Simulator.cpp:248] :
---
 The active scene does not contain semantic annotations. 
---
I0918 21:36:23.859896 1593316 simulator.py:213] Loaded navmesh /mnt/data_nas/deeprobotics/daiyang/vla/third_party/ETP-R1/data/scene_datasets/mp3d/aayBHfsNo7d/aayBHfsNo7d.navmesh
I0918 21:36:56.547266 1593316 PhysicsManager.cpp:33] Deconstructing PhysicsManager
I0918 21:36:56.547312 1593316 SemanticScene.h:41] Deconstructing SemanticScene
I0918 21:36:56.549188 1593316 SceneManager.h:25] Deconstructing SceneManager
I0918 21:36:56.549198 1593316 SceneGraph.h:26] Deconstructing SceneGraph
I0918 21:36:56.549389 1593316 Sensor.h:87] Deconstructing Sensor
I0918 21:36:56.551391 1593316 Renderer.cpp:34] Deconstructing Renderer
I0918 21:36:56.551410 1593316 WindowlessContext.h:17] Deconstructing WindowlessContext
I0918 21:36:56.557178 1593316 ManagedContainerBase.cpp:19] ManagedContainerBase::convertFilenameToJSON : Filename : default changed to proposed JSON configuration filename : default.scene_dataset_config.json
I0918 21:36:56.557194 1593316 AttributesManagerBase.h:283] AttributesManager<T>::createFromJsonOrDefaultInternal  (Dataset) : Proposing JSON name : default.scene_dataset_config.json from original name : default | This file  does not exist.
I0918 21:36:56.557366 1593316 AssetAttributesManager.cpp:117] Asset attributes (capsule3DSolid : capsule3DSolid_hemiRings_4_cylRings_1_segments_12_halfLen_0.75_useTexCoords_false_useTangents_false) created and registered.
I0918 21:36:56.557392 1593316 AssetAttributesManager.cpp:117] Asset attributes (capsule3DWireframe : capsule3DWireframe_hemiRings_8_cylRings_1_segments_16_halfLen_1) created and registered.
I0918 21:36:56.557415 1593316 AssetAttributesManager.cpp:117] Asset attributes (coneSolid : coneSolid_segments_12_halfLen_1.25_rings_1_useTexCoords_false_useTangents_false_capEnd_true) created and registered.
I0918 21:36:56.557428 1593316 AssetAttributesManager.cpp:117] Asset attributes (coneWireframe : coneWireframe_segments_32_halfLen_1.25) created and registered.
I0918 21:36:56.557437 1593316 AssetAttributesManager.cpp:117] Asset attributes (cubeSolid : cubeSolid) created and registered.
I0918 21:36:56.557451 1593316 AssetAttributesManager.cpp:117] Asset attributes (cubeWireframe : cubeWireframe) created and registered.
I0918 21:36:56.557469 1593316 AssetAttributesManager.cpp:117] Asset attributes (cylinderSolid : cylinderSolid_rings_1_segments_12_halfLen_1_useTexCoords_false_useTangents_false_capEnds_true) created and registered.
I0918 21:36:56.557485 1593316 AssetAttributesManager.cpp:117] Asset attributes (cylinderWireframe : cylinderWireframe_rings_1_segments_32_halfLen_1) created and registered.
I0918 21:36:56.557497 1593316 AssetAttributesManager.cpp:117] Asset attributes (icosphereSolid : icosphereSolid_subdivs_1) created and registered.
I0918 21:36:56.557504 1593316 AssetAttributesManager.cpp:117] Asset attributes (icosphereWireframe : icosphereWireframe_subdivs_1) created and registered.
I0918 21:36:56.557518 1593316 AssetAttributesManager.cpp:117] Asset attributes (uvSphereSolid : uvSphereSolid_rings_8_segments_16_useTexCoords_false_useTangents_false) created and registered.
I0918 21:36:56.557530 1593316 AssetAttributesManager.cpp:117] Asset attributes (uvSphereWireframe : uvSphereWireframe_rings_16_segments_32) created and registered.
I0918 21:36:56.557536 1593316 AssetAttributesManager.cpp:105] AssetAttributesManager::buildCtorFuncPtrMaps : Built default primitive asset templates : 12
I0918 21:36:56.557927 1593316 SceneDatasetAttributesManager.cpp:23] File (default) not found, so new default dataset attributes created and registered.
I0918 21:36:56.557930 1593316 MetadataMediator.cpp:47] MetadataMediator::createDataset : Dataset default successfully created.
I0918 21:36:56.558110 1593316 AttributesManagerBase.h:283] AttributesManager<T>::createFromJsonOrDefaultInternal  (Physics Manager) : Proposing JSON name : ./data/default.physics_config.json from original name : ./data/default.physics_config.json | This file  does not exist.
I0918 21:36:56.558122 1593316 PhysicsAttributesManager.cpp:27] File (./data/default.physics_config.json) not found, so new default physics manager attributes created and registered.
I0918 21:36:56.558125 1593316 AbstractObjectAttributesManagerBase.h:175] AbstractObjectAttributesManager<T>::createObject  (Stage) : Making attributes with handle : /mnt/data_nas/deeprobotics/daiyang/vla/third_party/ETP-R1/data/scene_datasets/mp3d/82sE5b5pLXE/82sE5b5pLXE.glb
I0918 21:36:56.558128 1593316 ManagedContainerBase.cpp:19] ManagedContainerBase::convertFilenameToJSON : Filename : /mnt/data_nas/deeprobotics/daiyang/vla/third_party/ETP-R1/data/scene_datasets/mp3d/82sE5b5pLXE/82sE5b5pLXE.glb changed to proposed JSON configuration filename : /mnt/data_nas/deeprobotics/daiyang/vla/third_party/ETP-R1/data/scene_datasets/mp3d/82sE5b5pLXE/82sE5b5pLXE.stage_config.json
I0918 21:36:56.558140 1593316 AttributesManagerBase.h:283] AttributesManager<T>::createFromJsonOrDefaultInternal  (Stage) : Proposing JSON name : /mnt/data_nas/deeprobotics/daiyang/vla/third_party/ETP-R1/data/scene_datasets/mp3d/82sE5b5pLXE/82sE5b5pLXE.stage_config.json from original name : /mnt/data_nas/deeprobotics/daiyang/vla/third_party/ETP-R1/data/scene_datasets/mp3d/82sE5b5pLXE/82sE5b5pLXE.glb | This file  does not exist.
I0918 21:36:56.558185 1593316 AbstractObjectAttributesManagerBase.h:181] AbstractObjectAttributesManager<T>::createObject  (Stage) : Done making attributes with handle : /mnt/data_nas/deeprobotics/daiyang/vla/third_party/ETP-R1/data/scene_datasets/mp3d/82sE5b5pLXE/82sE5b5pLXE.glb
I0918 21:36:56.558187 1593316 AbstractObjectAttributesManagerBase.h:188] File (/mnt/data_nas/deeprobotics/daiyang/vla/third_party/ETP-R1/data/scene_datasets/mp3d/82sE5b5pLXE/82sE5b5pLXE.glb) exists but is not a recognized config filename extension, so new default Stage attributes created and registered.
I0918 21:36:56.558192 1593316 Simulator.cpp:156] Loading navmesh from /mnt/data_nas/deeprobotics/daiyang/vla/third_party/ETP-R1/data/scene_datasets/mp3d/82sE5b5pLXE/82sE5b5pLXE.navmesh
I0918 21:36:56.560556 1593316 Simulator.cpp:158] Loaded.
I0918 21:36:56.560563 1593316 SceneGraph.h:93] Created DrawableGroup: 
Renderer: NVIDIA GeForce RTX 5090/PCIe/SSE2 by NVIDIA Corporation
OpenGL version: 4.6.0 NVIDIA 580.126.09
Using optional features:
    GL_ARB_ES2_compatibility
    GL_ARB_direct_state_access
    GL_ARB_get_texture_sub_image
    GL_ARB_invalidate_subdata
    GL_ARB_multi_bind
    GL_ARB_robustness
    GL_ARB_separate_shader_objects
    GL_ARB_texture_filter_anisotropic
    GL_ARB_texture_storage
    GL_ARB_texture_storage_multisample
    GL_ARB_vertex_array_object
    GL_KHR_debug
Using driver workarounds:
    no-forward-compatible-core-context
    nv-egl-incorrect-gl11-function-pointers
    no-layout-qualifiers-on-old-glsl
    nv-zero-context-profile-mask
    nv-implementation-color-read-format-dsa-broken
    nv-cubemap-inconsistent-compressed-image-size
    nv-cubemap-broken-full-compressed-image-query
    nv-compressed-block-size-in-bits
I0918 21:36:56.564038 1593316 ResourceManager.cpp:234] ResourceManager::loadStage : Not loading semantic mesh
I0918 21:36:56.564047 1593316 ResourceManager.cpp:262] ResourceManager::loadStage : start load render asset /mnt/data_nas/deeprobotics/daiyang/vla/third_party/ETP-R1/data/scene_datasets/mp3d/82sE5b5pLXE/82sE5b5pLXE.glb.
I0918 21:36:56.564049 1593316 ResourceManager.cpp:569] ResourceManager::loadStageInternal : Attempting to load stage /mnt/data_nas/deeprobotics/daiyang/vla/third_party/ETP-R1/data/scene_datasets/mp3d/82sE5b5pLXE/82sE5b5pLXE.glb 
I0918 21:36:56.564064 1593316 ResourceManager.cpp:1119] Importing Basis files as BC7 for 82sE5b5pLXE.glb
W0918 21:36:58.561442 1593316 Simulator.cpp:248] :
---
 The active scene does not contain semantic annotations. 
---
I0918 21:36:58.598066 1593316 simulator.py:213] Loaded navmesh /mnt/data_nas/deeprobotics/daiyang/vla/third_party/ETP-R1/data/scene_datasets/mp3d/82sE5b5pLXE/82sE5b5pLXE.navmesh
I0918 21:37:46.112779 1593316 PhysicsManager.cpp:33] Deconstructing PhysicsManager
I0918 21:37:46.112831 1593316 SemanticScene.h:41] Deconstructing SemanticScene
I0918 21:37:46.114132 1593316 SceneManager.h:25] Deconstructing SceneManager
I0918 21:37:46.114140 1593316 SceneGraph.h:26] Deconstructing SceneGraph
I0918 21:37:46.114421 1593316 Sensor.h:87] Deconstructing Sensor
I0918 21:37:46.117496 1593316 Renderer.cpp:34] Deconstructing Renderer
I0918 21:37:46.117520 1593316 WindowlessContext.h:17] Deconstructing WindowlessContext
I0918 21:37:46.122331 1593316 ManagedContainerBase.cpp:19] ManagedContainerBase::convertFilenameToJSON : Filename : default changed to proposed JSON configuration filename : default.scene_dataset_config.json
I0918 21:37:46.122367 1593316 AttributesManagerBase.h:283] AttributesManager<T>::createFromJsonOrDefaultInternal  (Dataset) : Proposing JSON name : default.scene_dataset_config.json from original name : default | This file  does not exist.
I0918 21:37:46.122645 1593316 AssetAttributesManager.cpp:117] Asset attributes (capsule3DSolid : capsule3DSolid_hemiRings_4_cylRings_1_segments_12_halfLen_0.75_useTexCoords_false_useTangents_false) created and registered.
I0918 21:37:46.122681 1593316 AssetAttributesManager.cpp:117] Asset attributes (capsule3DWireframe : capsule3DWireframe_hemiRings_8_cylRings_1_segments_16_halfLen_1) created and registered.
I0918 21:37:46.122705 1593316 AssetAttributesManager.cpp:117] Asset attributes (coneSolid : coneSolid_segments_12_halfLen_1.25_rings_1_useTexCoords_false_useTangents_false_capEnd_true) created and registered.
I0918 21:37:46.122720 1593316 AssetAttributesManager.cpp:117] Asset attributes (coneWireframe : coneWireframe_segments_32_halfLen_1.25) created and registered.
I0918 21:37:46.122730 1593316 AssetAttributesManager.cpp:117] Asset attributes (cubeSolid : cubeSolid) created and registered.
I0918 21:37:46.122737 1593316 AssetAttributesManager.cpp:117] Asset attributes (cubeWireframe : cubeWireframe) created and registered.
I0918 21:37:46.122757 1593316 AssetAttributesManager.cpp:117] Asset attributes (cylinderSolid : cylinderSolid_rings_1_segments_12_halfLen_1_useTexCoords_false_useTangents_false_capEnds_true) created and registered.
I0918 21:37:46.122776 1593316 AssetAttributesManager.cpp:117] Asset attributes (cylinderWireframe : cylinderWireframe_rings_1_segments_32_halfLen_1) created and registered.
I0918 21:37:46.122799 1593316 AssetAttributesManager.cpp:117] Asset attributes (icosphereSolid : icosphereSolid_subdivs_1) created and registered.
I0918 21:37:46.122809 1593316 AssetAttributesManager.cpp:117] Asset attributes (icosphereWireframe : icosphereWireframe_subdivs_1) created and registered.
I0918 21:37:46.122824 1593316 AssetAttributesManager.cpp:117] Asset attributes (uvSphereSolid : uvSphereSolid_rings_8_segments_16_useTexCoords_false_useTangents_false) created and registered.
I0918 21:37:46.122838 1593316 AssetAttributesManager.cpp:117] Asset attributes (uvSphereWireframe : uvSphereWireframe_rings_16_segments_32) created and registered.
I0918 21:37:46.122846 1593316 AssetAttributesManager.cpp:105] AssetAttributesManager::buildCtorFuncPtrMaps : Built default primitive asset templates : 12
I0918 21:37:46.123289 1593316 SceneDatasetAttributesManager.cpp:23] File (default) not found, so new default dataset attributes created and registered.
I0918 21:37:46.123292 1593316 MetadataMediator.cpp:47] MetadataMediator::createDataset : Dataset default successfully created.
I0918 21:37:46.123520 1593316 AttributesManagerBase.h:283] AttributesManager<T>::createFromJsonOrDefaultInternal  (Physics Manager) : Proposing JSON name : ./data/default.physics_config.json from original name : ./data/default.physics_config.json | This file  does not exist.
I0918 21:37:46.123531 1593316 PhysicsAttributesManager.cpp:27] File (./data/default.physics_config.json) not found, so new default physics manager attributes created and registered.
I0918 21:37:46.123535 1593316 AbstractObjectAttributesManagerBase.h:175] AbstractObjectAttributesManager<T>::createObject  (Stage) : Making attributes with handle : /mnt/data_nas/deeprobotics/daiyang/vla/third_party/ETP-R1/data/scene_datasets/mp3d/B6ByNegPMKs/B6ByNegPMKs.glb
I0918 21:37:46.123538 1593316 ManagedContainerBase.cpp:19] ManagedContainerBase::convertFilenameToJSON : Filename : /mnt/data_nas/deeprobotics/daiyang/vla/third_party/ETP-R1/data/scene_datasets/mp3d/B6ByNegPMKs/B6ByNegPMKs.glb changed to proposed JSON configuration filename : /mnt/data_nas/deeprobotics/daiyang/vla/third_party/ETP-R1/data/scene_datasets/mp3d/B6ByNegPMKs/B6ByNegPMKs.stage_config.json
I0918 21:37:46.123551 1593316 AttributesManagerBase.h:283] AttributesManager<T>::createFromJsonOrDefaultInternal  (Stage) : Proposing JSON name : /mnt/data_nas/deeprobotics/daiyang/vla/third_party/ETP-R1/data/scene_datasets/mp3d/B6ByNegPMKs/B6ByNegPMKs.stage_config.json from original name : /mnt/data_nas/deeprobotics/daiyang/vla/third_party/ETP-R1/data/scene_datasets/mp3d/B6ByNegPMKs/B6ByNegPMKs.glb | This file  does not exist.
I0918 21:37:46.123602 1593316 AbstractObjectAttributesManagerBase.h:181] AbstractObjectAttributesManager<T>::createObject  (Stage) : Done making attributes with handle : /mnt/data_nas/deeprobotics/daiyang/vla/third_party/ETP-R1/data/scene_datasets/mp3d/B6ByNegPMKs/B6ByNegPMKs.glb
I0918 21:37:46.123605 1593316 AbstractObjectAttributesManagerBase.h:188] File (/mnt/data_nas/deeprobotics/daiyang/vla/third_party/ETP-R1/data/scene_datasets/mp3d/B6ByNegPMKs/B6ByNegPMKs.glb) exists but is not a recognized config filename extension, so new default Stage attributes created and registered.
I0918 21:37:46.123610 1593316 Simulator.cpp:156] Loading navmesh from /mnt/data_nas/deeprobotics/daiyang/vla/third_party/ETP-R1/data/scene_datasets/mp3d/B6ByNegPMKs/B6ByNegPMKs.navmesh
I0918 21:37:46.125247 1593316 Simulator.cpp:158] Loaded.
I0918 21:37:46.125257 1593316 SceneGraph.h:93] Created DrawableGroup: 
Renderer: NVIDIA GeForce RTX 5090/PCIe/SSE2 by NVIDIA Corporation
OpenGL version: 4.6.0 NVIDIA 580.126.09
Using optional features:
    GL_ARB_ES2_compatibility
    GL_ARB_direct_state_access
    GL_ARB_get_texture_sub_image
    GL_ARB_invalidate_subdata
    GL_ARB_multi_bind
    GL_ARB_robustness
    GL_ARB_separate_shader_objects
    GL_ARB_texture_filter_anisotropic
    GL_ARB_texture_storage
    GL_ARB_texture_storage_multisample
    GL_ARB_vertex_array_object
    GL_KHR_debug
Using driver workarounds:
    no-forward-compatible-core-context
    nv-egl-incorrect-gl11-function-pointers
    no-layout-qualifiers-on-old-glsl
    nv-zero-context-profile-mask
    nv-implementation-color-read-format-dsa-broken
    nv-cubemap-inconsistent-compressed-image-size
    nv-cubemap-broken-full-compressed-image-query
    nv-compressed-block-size-in-bits
I0918 21:37:46.130116 1593316 ResourceManager.cpp:234] ResourceManager::loadStage : Not loading semantic mesh
I0918 21:37:46.130128 1593316 ResourceManager.cpp:262] ResourceManager::loadStage : start load render asset /mnt/data_nas/deeprobotics/daiyang/vla/third_party/ETP-R1/data/scene_datasets/mp3d/B6ByNegPMKs/B6ByNegPMKs.glb.
I0918 21:37:46.130131 1593316 ResourceManager.cpp:569] ResourceManager::loadStageInternal : Attempting to load stage /mnt/data_nas/deeprobotics/daiyang/vla/third_party/ETP-R1/data/scene_datasets/mp3d/B6ByNegPMKs/B6ByNegPMKs.glb 
I0918 21:37:46.130154 1593316 ResourceManager.cpp:1119] Importing Basis files as BC7 for B6ByNegPMKs.glb
W0918 21:37:55.794142 1593316 Simulator.cpp:248] :
---
 The active scene does not contain semantic annotations. 
---
I0918 21:37:56.000214 1593316 simulator.py:213] Loaded navmesh /mnt/data_nas/deeprobotics/daiyang/vla/third_party/ETP-R1/data/scene_datasets/mp3d/B6ByNegPMKs/B6ByNegPMKs.navmesh
I0918 21:41:27.387895 1593316 PhysicsManager.cpp:33] Deconstructing PhysicsManager
I0918 21:41:27.387955 1593316 SemanticScene.h:41] Deconstructing SemanticScene
I0918 21:41:27.405143 1593316 SceneManager.h:25] Deconstructing SceneManager
I0918 21:41:27.405164 1593316 SceneGraph.h:26] Deconstructing SceneGraph
I0918 21:41:27.405637 1593316 Sensor.h:87] Deconstructing Sensor
I0918 21:41:27.420665 1593316 Renderer.cpp:34] Deconstructing Renderer
I0918 21:41:27.420696 1593316 WindowlessContext.h:17] Deconstructing WindowlessContext
I0918 21:41:27.446218 1593316 ManagedContainerBase.cpp:19] ManagedContainerBase::convertFilenameToJSON : Filename : default changed to proposed JSON configuration filename : default.scene_dataset_config.json
I0918 21:41:27.446244 1593316 AttributesManagerBase.h:283] AttributesManager<T>::createFromJsonOrDefaultInternal  (Dataset) : Proposing JSON name : default.scene_dataset_config.json from original name : default | This file  does not exist.
I0918 21:41:27.446352 1593316 AssetAttributesManager.cpp:117] Asset attributes (capsule3DSolid : capsule3DSolid_hemiRings_4_cylRings_1_segments_12_halfLen_0.75_useTexCoords_false_useTangents_false) created and registered.
I0918 21:41:27.446382 1593316 AssetAttributesManager.cpp:117] Asset attributes (capsule3DWireframe : capsule3DWireframe_hemiRings_8_cylRings_1_segments_16_halfLen_1) created and registered.
I0918 21:41:27.446406 1593316 AssetAttributesManager.cpp:117] Asset attributes (coneSolid : coneSolid_segments_12_halfLen_1.25_rings_1_useTexCoords_false_useTangents_false_capEnd_true) created and registered.
I0918 21:41:27.446421 1593316 AssetAttributesManager.cpp:117] Asset attributes (coneWireframe : coneWireframe_segments_32_halfLen_1.25) created and registered.
I0918 21:41:27.446431 1593316 AssetAttributesManager.cpp:117] Asset attributes (cubeSolid : cubeSolid) created and registered.
I0918 21:41:27.446437 1593316 AssetAttributesManager.cpp:117] Asset attributes (cubeWireframe : cubeWireframe) created and registered.
I0918 21:41:27.446457 1593316 AssetAttributesManager.cpp:117] Asset attributes (cylinderSolid : cylinderSolid_rings_1_segments_12_halfLen_1_useTexCoords_false_useTangents_false_capEnds_true) created and registered.
I0918 21:41:27.446475 1593316 AssetAttributesManager.cpp:117] Asset attributes (cylinderWireframe : cylinderWireframe_rings_1_segments_32_halfLen_1) created and registered.
I0918 21:41:27.446486 1593316 AssetAttributesManager.cpp:117] Asset attributes (icosphereSolid : icosphereSolid_subdivs_1) created and registered.
I0918 21:41:27.446496 1593316 AssetAttributesManager.cpp:117] Asset attributes (icosphereWireframe : icosphereWireframe_subdivs_1) created and registered.
I0918 21:41:27.446518 1593316 AssetAttributesManager.cpp:117] Asset attributes (uvSphereSolid : uvSphereSolid_rings_8_segments_16_useTexCoords_false_useTangents_false) created and registered.
I0918 21:41:27.446532 1593316 AssetAttributesManager.cpp:117] Asset attributes (uvSphereWireframe : uvSphereWireframe_rings_16_segments_32) created and registered.
I0918 21:41:27.446537 1593316 AssetAttributesManager.cpp:105] AssetAttributesManager::buildCtorFuncPtrMaps : Built default primitive asset templates : 12
I0918 21:41:27.446940 1593316 SceneDatasetAttributesManager.cpp:23] File (default) not found, so new default dataset attributes created and registered.
I0918 21:41:27.446942 1593316 MetadataMediator.cpp:47] MetadataMediator::createDataset : Dataset default successfully created.
I0918 21:41:27.447146 1593316 AttributesManagerBase.h:283] AttributesManager<T>::createFromJsonOrDefaultInternal  (Physics Manager) : Proposing JSON name : ./data/default.physics_config.json from original name : ./data/default.physics_config.json | This file  does not exist.
I0918 21:41:27.447157 1593316 PhysicsAttributesManager.cpp:27] File (./data/default.physics_config.json) not found, so new default physics manager attributes created and registered.
I0918 21:41:27.447160 1593316 AbstractObjectAttributesManagerBase.h:175] AbstractObjectAttributesManager<T>::createObject  (Stage) : Making attributes with handle : /mnt/data_nas/deeprobotics/daiyang/vla/third_party/ETP-R1/data/scene_datasets/mp3d/PuKPg4mmafe/PuKPg4mmafe.glb
I0918 21:41:27.447165 1593316 ManagedContainerBase.cpp:19] ManagedContainerBase::convertFilenameToJSON : Filename : /mnt/data_nas/deeprobotics/daiyang/vla/third_party/ETP-R1/data/scene_datasets/mp3d/PuKPg4mmafe/PuKPg4mmafe.glb changed to proposed JSON configuration filename : /mnt/data_nas/deeprobotics/daiyang/vla/third_party/ETP-R1/data/scene_datasets/mp3d/PuKPg4mmafe/PuKPg4mmafe.stage_config.json
I0918 21:41:27.447177 1593316 AttributesManagerBase.h:283] AttributesManager<T>::createFromJsonOrDefaultInternal  (Stage) : Proposing JSON name : /mnt/data_nas/deeprobotics/daiyang/vla/third_party/ETP-R1/data/scene_datasets/mp3d/PuKPg4mmafe/PuKPg4mmafe.stage_config.json from original name : /mnt/data_nas/deeprobotics/daiyang/vla/third_party/ETP-R1/data/scene_datasets/mp3d/PuKPg4mmafe/PuKPg4mmafe.glb | This file  does not exist.
I0918 21:41:27.447227 1593316 AbstractObjectAttributesManagerBase.h:181] AbstractObjectAttributesManager<T>::createObject  (Stage) : Done making attributes with handle : /mnt/data_nas/deeprobotics/daiyang/vla/third_party/ETP-R1/data/scene_datasets/mp3d/PuKPg4mmafe/PuKPg4mmafe.glb
I0918 21:41:27.447228 1593316 AbstractObjectAttributesManagerBase.h:188] File (/mnt/data_nas/deeprobotics/daiyang/vla/third_party/ETP-R1/data/scene_datasets/mp3d/PuKPg4mmafe/PuKPg4mmafe.glb) exists but is not a recognized config filename extension, so new default Stage attributes created and registered.
I0918 21:41:27.447233 1593316 Simulator.cpp:156] Loading navmesh from /mnt/data_nas/deeprobotics/daiyang/vla/third_party/ETP-R1/data/scene_datasets/mp3d/PuKPg4mmafe/PuKPg4mmafe.navmesh
I0918 21:41:27.448496 1593316 Simulator.cpp:158] Loaded.
I0918 21:41:27.448505 1593316 SceneGraph.h:93] Created DrawableGroup: 
Renderer: NVIDIA GeForce RTX 5090/PCIe/SSE2 by NVIDIA Corporation
OpenGL version: 4.6.0 NVIDIA 580.126.09
Using optional features:
    GL_ARB_ES2_compatibility
    GL_ARB_direct_state_access
    GL_ARB_get_texture_sub_image
    GL_ARB_invalidate_subdata
    GL_ARB_multi_bind
    GL_ARB_robustness
    GL_ARB_separate_shader_objects
    GL_ARB_texture_filter_anisotropic
    GL_ARB_texture_storage
    GL_ARB_texture_storage_multisample
    GL_ARB_vertex_array_object
    GL_KHR_debug
Using driver workarounds:
    no-forward-compatible-core-context
    nv-egl-incorrect-gl11-function-pointers
    no-layout-qualifiers-on-old-glsl
    nv-zero-context-profile-mask
    nv-implementation-color-read-format-dsa-broken
    nv-cubemap-inconsistent-compressed-image-size
    nv-cubemap-broken-full-compressed-image-query
    nv-compressed-block-size-in-bits
I0918 21:41:27.452190 1593316 ResourceManager.cpp:234] ResourceManager::loadStage : Not loading semantic mesh
I0918 21:41:27.452198 1593316 ResourceManager.cpp:262] ResourceManager::loadStage : start load render asset /mnt/data_nas/deeprobotics/daiyang/vla/third_party/ETP-R1/data/scene_datasets/mp3d/PuKPg4mmafe/PuKPg4mmafe.glb.
I0918 21:41:27.452201 1593316 ResourceManager.cpp:569] ResourceManager::loadStageInternal : Attempting to load stage /mnt/data_nas/deeprobotics/daiyang/vla/third_party/ETP-R1/data/scene_datasets/mp3d/PuKPg4mmafe/PuKPg4mmafe.glb 
I0918 21:41:27.452219 1593316 ResourceManager.cpp:1119] Importing Basis files as BC7 for PuKPg4mmafe.glb
W0918 21:41:32.309675 1593316 Simulator.cpp:248] :
---
 The active scene does not contain semantic annotations. 
---
I0918 21:41:32.334009 1593316 simulator.py:213] Loaded navmesh /mnt/data_nas/deeprobotics/daiyang/vla/third_party/ETP-R1/data/scene_datasets/mp3d/PuKPg4mmafe/PuKPg4mmafe.navmesh
I0918 21:45:10.144871 1593316 PhysicsManager.cpp:33] Deconstructing PhysicsManager
I0918 21:45:10.144929 1593316 SemanticScene.h:41] Deconstructing SemanticScene
I0918 21:45:10.146049 1593316 SceneManager.h:25] Deconstructing SceneManager
I0918 21:45:10.146054 1593316 SceneGraph.h:26] Deconstructing SceneGraph
I0918 21:45:10.146318 1593316 Sensor.h:87] Deconstructing Sensor
I0918 21:45:10.151773 1593316 Renderer.cpp:34] Deconstructing Renderer
I0918 21:45:10.151800 1593316 WindowlessContext.h:17] Deconstructing WindowlessContext
I0918 21:45:10.167825 1593316 ManagedContainerBase.cpp:19] ManagedContainerBase::convertFilenameToJSON : Filename : default changed to proposed JSON configuration filename : default.scene_dataset_config.json
I0918 21:45:10.167850 1593316 AttributesManagerBase.h:283] AttributesManager<T>::createFromJsonOrDefaultInternal  (Dataset) : Proposing JSON name : default.scene_dataset_config.json from original name : default | This file  does not exist.
I0918 21:45:10.167980 1593316 AssetAttributesManager.cpp:117] Asset attributes (capsule3DSolid : capsule3DSolid_hemiRings_4_cylRings_1_segments_12_halfLen_0.75_useTexCoords_false_useTangents_false) created and registered.
I0918 21:45:10.168008 1593316 AssetAttributesManager.cpp:117] Asset attributes (capsule3DWireframe : capsule3DWireframe_hemiRings_8_cylRings_1_segments_16_halfLen_1) created and registered.
I0918 21:45:10.168031 1593316 AssetAttributesManager.cpp:117] Asset attributes (coneSolid : coneSolid_segments_12_halfLen_1.25_rings_1_useTexCoords_false_useTangents_false_capEnd_true) created and registered.
I0918 21:45:10.168047 1593316 AssetAttributesManager.cpp:117] Asset attributes (coneWireframe : coneWireframe_segments_32_halfLen_1.25) created and registered.
I0918 21:45:10.168057 1593316 AssetAttributesManager.cpp:117] Asset attributes (cubeSolid : cubeSolid) created and registered.
I0918 21:45:10.168063 1593316 AssetAttributesManager.cpp:117] Asset attributes (cubeWireframe : cubeWireframe) created and registered.
I0918 21:45:10.168084 1593316 AssetAttributesManager.cpp:117] Asset attributes (cylinderSolid : cylinderSolid_rings_1_segments_12_halfLen_1_useTexCoords_false_useTangents_false_capEnds_true) created and registered.
I0918 21:45:10.168102 1593316 AssetAttributesManager.cpp:117] Asset attributes (cylinderWireframe : cylinderWireframe_rings_1_segments_32_halfLen_1) created and registered.
I0918 21:45:10.168114 1593316 AssetAttributesManager.cpp:117] Asset attributes (icosphereSolid : icosphereSolid_subdivs_1) created and registered.
I0918 21:45:10.168124 1593316 AssetAttributesManager.cpp:117] Asset attributes (icosphereWireframe : icosphereWireframe_subdivs_1) created and registered.
I0918 21:45:10.168139 1593316 AssetAttributesManager.cpp:117] Asset attributes (uvSphereSolid : uvSphereSolid_rings_8_segments_16_useTexCoords_false_useTangents_false) created and registered.
I0918 21:45:10.168154 1593316 AssetAttributesManager.cpp:117] Asset attributes (uvSphereWireframe : uvSphereWireframe_rings_16_segments_32) created and registered.
I0918 21:45:10.168160 1593316 AssetAttributesManager.cpp:105] AssetAttributesManager::buildCtorFuncPtrMaps : Built default primitive asset templates : 12
I0918 21:45:10.168581 1593316 SceneDatasetAttributesManager.cpp:23] File (default) not found, so new default dataset attributes created and registered.
I0918 21:45:10.168586 1593316 MetadataMediator.cpp:47] MetadataMediator::createDataset : Dataset default successfully created.
I0918 21:45:10.169664 1593316 AttributesManagerBase.h:283] AttributesManager<T>::createFromJsonOrDefaultInternal  (Physics Manager) : Proposing JSON name : ./data/default.physics_config.json from original name : ./data/default.physics_config.json | This file  does not exist.
I0918 21:45:10.169677 1593316 PhysicsAttributesManager.cpp:27] File (./data/default.physics_config.json) not found, so new default physics manager attributes created and registered.
I0918 21:45:10.169680 1593316 AbstractObjectAttributesManagerBase.h:175] AbstractObjectAttributesManager<T>::createObject  (Stage) : Making attributes with handle : /mnt/data_nas/deeprobotics/daiyang/vla/third_party/ETP-R1/data/scene_datasets/mp3d/XcA2TqTSSAj/XcA2TqTSSAj.glb
I0918 21:45:10.169684 1593316 ManagedContainerBase.cpp:19] ManagedContainerBase::convertFilenameToJSON : Filename : /mnt/data_nas/deeprobotics/daiyang/vla/third_party/ETP-R1/data/scene_datasets/mp3d/XcA2TqTSSAj/XcA2TqTSSAj.glb changed to proposed JSON configuration filename : /mnt/data_nas/deeprobotics/daiyang/vla/third_party/ETP-R1/data/scene_datasets/mp3d/XcA2TqTSSAj/XcA2TqTSSAj.stage_config.json
I0918 21:45:10.172943 1593316 AttributesManagerBase.h:283] AttributesManager<T>::createFromJsonOrDefaultInternal  (Stage) : Proposing JSON name : /mnt/data_nas/deeprobotics/daiyang/vla/third_party/ETP-R1/data/scene_datasets/mp3d/XcA2TqTSSAj/XcA2TqTSSAj.stage_config.json from original name : /mnt/data_nas/deeprobotics/daiyang/vla/third_party/ETP-R1/data/scene_datasets/mp3d/XcA2TqTSSAj/XcA2TqTSSAj.glb | This file  does not exist.
I0918 21:45:10.172992 1593316 AbstractObjectAttributesManagerBase.h:181] AbstractObjectAttributesManager<T>::createObject  (Stage) : Done making attributes with handle : /mnt/data_nas/deeprobotics/daiyang/vla/third_party/ETP-R1/data/scene_datasets/mp3d/XcA2TqTSSAj/XcA2TqTSSAj.glb
I0918 21:45:10.172994 1593316 AbstractObjectAttributesManagerBase.h:188] File (/mnt/data_nas/deeprobotics/daiyang/vla/third_party/ETP-R1/data/scene_datasets/mp3d/XcA2TqTSSAj/XcA2TqTSSAj.glb) exists but is not a recognized config filename extension, so new default Stage attributes created and registered.
I0918 21:45:10.172999 1593316 Simulator.cpp:156] Loading navmesh from /mnt/data_nas/deeprobotics/daiyang/vla/third_party/ETP-R1/data/scene_datasets/mp3d/XcA2TqTSSAj/XcA2TqTSSAj.navmesh
I0918 21:45:10.175348 1593316 Simulator.cpp:158] Loaded.
I0918 21:45:10.175355 1593316 SceneGraph.h:93] Created DrawableGroup: 
Renderer: NVIDIA GeForce RTX 5090/PCIe/SSE2 by NVIDIA Corporation
OpenGL version: 4.6.0 NVIDIA 580.126.09
Using optional features:
    GL_ARB_ES2_compatibility
    GL_ARB_direct_state_access
    GL_ARB_get_texture_sub_image
    GL_ARB_invalidate_subdata
    GL_ARB_multi_bind
    GL_ARB_robustness
    GL_ARB_separate_shader_objects
    GL_ARB_texture_filter_anisotropic
    GL_ARB_texture_storage
    GL_ARB_texture_storage_multisample
    GL_ARB_vertex_array_object
    GL_KHR_debug
Using driver workarounds:
    no-forward-compatible-core-context
    nv-egl-incorrect-gl11-function-pointers
    no-layout-qualifiers-on-old-glsl
    nv-zero-context-profile-mask
    nv-implementation-color-read-format-dsa-broken
    nv-cubemap-inconsistent-compressed-image-size
    nv-cubemap-broken-full-compressed-image-query
    nv-compressed-block-size-in-bits
I0918 21:45:10.178974 1593316 ResourceManager.cpp:234] ResourceManager::loadStage : Not loading semantic mesh
I0918 21:45:10.178982 1593316 ResourceManager.cpp:262] ResourceManager::loadStage : start load render asset /mnt/data_nas/deeprobotics/daiyang/vla/third_party/ETP-R1/data/scene_datasets/mp3d/XcA2TqTSSAj/XcA2TqTSSAj.glb.
I0918 21:45:10.178984 1593316 ResourceManager.cpp:569] ResourceManager::loadStageInternal : Attempting to load stage /mnt/data_nas/deeprobotics/daiyang/vla/third_party/ETP-R1/data/scene_datasets/mp3d/XcA2TqTSSAj/XcA2TqTSSAj.glb 
I0918 21:45:10.179005 1593316 ResourceManager.cpp:1119] Importing Basis files as BC7 for XcA2TqTSSAj.glb
W0918 21:45:12.142005 1593316 Simulator.cpp:248] :
---
 The active scene does not contain semantic annotations. 
---
I0918 21:45:12.192108 1593316 simulator.py:213] Loaded navmesh /mnt/data_nas/deeprobotics/daiyang/vla/third_party/ETP-R1/data/scene_datasets/mp3d/XcA2TqTSSAj/XcA2TqTSSAj.navmesh
I0918 21:48:45.471275 1593316 PhysicsManager.cpp:33] Deconstructing PhysicsManager
I0918 21:48:45.471333 1593316 SemanticScene.h:41] Deconstructing SemanticScene
I0918 21:48:45.475245 1593316 SceneManager.h:25] Deconstructing SceneManager
I0918 21:48:45.475257 1593316 SceneGraph.h:26] Deconstructing SceneGraph
I0918 21:48:45.475880 1593316 Sensor.h:87] Deconstructing Sensor
I0918 21:48:45.480268 1593316 Renderer.cpp:34] Deconstructing Renderer
I0918 21:48:45.480300 1593316 WindowlessContext.h:17] Deconstructing WindowlessContext
I0918 21:48:45.487489 1593316 ManagedContainerBase.cpp:19] ManagedContainerBase::convertFilenameToJSON : Filename : default changed to proposed JSON configuration filename : default.scene_dataset_config.json
I0918 21:48:45.487509 1593316 AttributesManagerBase.h:283] AttributesManager<T>::createFromJsonOrDefaultInternal  (Dataset) : Proposing JSON name : default.scene_dataset_config.json from original name : default | This file  does not exist.
I0918 21:48:45.487726 1593316 AssetAttributesManager.cpp:117] Asset attributes (capsule3DSolid : capsule3DSolid_hemiRings_4_cylRings_1_segments_12_halfLen_0.75_useTexCoords_false_useTangents_false) created and registered.
I0918 21:48:45.487756 1593316 AssetAttributesManager.cpp:117] Asset attributes (capsule3DWireframe : capsule3DWireframe_hemiRings_8_cylRings_1_segments_16_halfLen_1) created and registered.
I0918 21:48:45.487780 1593316 AssetAttributesManager.cpp:117] Asset attributes (coneSolid : coneSolid_segments_12_halfLen_1.25_rings_1_useTexCoords_false_useTangents_false_capEnd_true) created and registered.
I0918 21:48:45.487794 1593316 AssetAttributesManager.cpp:117] Asset attributes (coneWireframe : coneWireframe_segments_32_halfLen_1.25) created and registered.
I0918 21:48:45.487804 1593316 AssetAttributesManager.cpp:117] Asset attributes (cubeSolid : cubeSolid) created and registered.
I0918 21:48:45.487811 1593316 AssetAttributesManager.cpp:117] Asset attributes (cubeWireframe : cubeWireframe) created and registered.
I0918 21:48:45.487833 1593316 AssetAttributesManager.cpp:117] Asset attributes (cylinderSolid : cylinderSolid_rings_1_segments_12_halfLen_1_useTexCoords_false_useTangents_false_capEnds_true) created and registered.
I0918 21:48:45.487849 1593316 AssetAttributesManager.cpp:117] Asset attributes (cylinderWireframe : cylinderWireframe_rings_1_segments_32_halfLen_1) created and registered.
I0918 21:48:45.487861 1593316 AssetAttributesManager.cpp:117] Asset attributes (icosphereSolid : icosphereSolid_subdivs_1) created and registered.
I0918 21:48:45.487871 1593316 AssetAttributesManager.cpp:117] Asset attributes (icosphereWireframe : icosphereWireframe_subdivs_1) created and registered.
I0918 21:48:45.487887 1593316 AssetAttributesManager.cpp:117] Asset attributes (uvSphereSolid : uvSphereSolid_rings_8_segments_16_useTexCoords_false_useTangents_false) created and registered.
I0918 21:48:45.487902 1593316 AssetAttributesManager.cpp:117] Asset attributes (uvSphereWireframe : uvSphereWireframe_rings_16_segments_32) created and registered.
I0918 21:48:45.487910 1593316 AssetAttributesManager.cpp:105] AssetAttributesManager::buildCtorFuncPtrMaps : Built default primitive asset templates : 12
I0918 21:48:45.488327 1593316 SceneDatasetAttributesManager.cpp:23] File (default) not found, so new default dataset attributes created and registered.
I0918 21:48:45.488329 1593316 MetadataMediator.cpp:47] MetadataMediator::createDataset : Dataset default successfully created.
I0918 21:48:45.488543 1593316 AttributesManagerBase.h:283] AttributesManager<T>::createFromJsonOrDefaultInternal  (Physics Manager) : Proposing JSON name : ./data/default.physics_config.json from original name : ./data/default.physics_config.json | This file  does not exist.
I0918 21:48:45.488557 1593316 PhysicsAttributesManager.cpp:27] File (./data/default.physics_config.json) not found, so new default physics manager attributes created and registered.
I0918 21:48:45.488559 1593316 AbstractObjectAttributesManagerBase.h:175] AbstractObjectAttributesManager<T>::createObject  (Stage) : Making attributes with handle : /mnt/data_nas/deeprobotics/daiyang/vla/third_party/ETP-R1/data/scene_datasets/mp3d/aayBHfsNo7d/aayBHfsNo7d.glb
I0918 21:48:45.488564 1593316 ManagedContainerBase.cpp:19] ManagedContainerBase::convertFilenameToJSON : Filename : /mnt/data_nas/deeprobotics/daiyang/vla/third_party/ETP-R1/data/scene_datasets/mp3d/aayBHfsNo7d/aayBHfsNo7d.glb changed to proposed JSON configuration filename : /mnt/data_nas/deeprobotics/daiyang/vla/third_party/ETP-R1/data/scene_datasets/mp3d/aayBHfsNo7d/aayBHfsNo7d.stage_config.json
I0918 21:48:45.488576 1593316 AttributesManagerBase.h:283] AttributesManager<T>::createFromJsonOrDefaultInternal  (Stage) : Proposing JSON name : /mnt/data_nas/deeprobotics/daiyang/vla/third_party/ETP-R1/data/scene_datasets/mp3d/aayBHfsNo7d/aayBHfsNo7d.stage_config.json from original name : /mnt/data_nas/deeprobotics/daiyang/vla/third_party/ETP-R1/data/scene_datasets/mp3d/aayBHfsNo7d/aayBHfsNo7d.glb | This file  does not exist.
I0918 21:48:45.488628 1593316 AbstractObjectAttributesManagerBase.h:181] AbstractObjectAttributesManager<T>::createObject  (Stage) : Done making attributes with handle : /mnt/data_nas/deeprobotics/daiyang/vla/third_party/ETP-R1/data/scene_datasets/mp3d/aayBHfsNo7d/aayBHfsNo7d.glb
I0918 21:48:45.488631 1593316 AbstractObjectAttributesManagerBase.h:188] File (/mnt/data_nas/deeprobotics/daiyang/vla/third_party/ETP-R1/data/scene_datasets/mp3d/aayBHfsNo7d/aayBHfsNo7d.glb) exists but is not a recognized config filename extension, so new default Stage attributes created and registered.
I0918 21:48:45.488636 1593316 Simulator.cpp:156] Loading navmesh from /mnt/data_nas/deeprobotics/daiyang/vla/third_party/ETP-R1/data/scene_datasets/mp3d/aayBHfsNo7d/aayBHfsNo7d.navmesh
I0918 21:48:45.490111 1593316 Simulator.cpp:158] Loaded.
I0918 21:48:45.490120 1593316 SceneGraph.h:93] Created DrawableGroup: 
Renderer: NVIDIA GeForce RTX 5090/PCIe/SSE2 by NVIDIA Corporation
OpenGL version: 4.6.0 NVIDIA 580.126.09
Using optional features:
    GL_ARB_ES2_compatibility
    GL_ARB_direct_state_access
    GL_ARB_get_texture_sub_image
    GL_ARB_invalidate_subdata
    GL_ARB_multi_bind
    GL_ARB_robustness
    GL_ARB_separate_shader_objects
    GL_ARB_texture_filter_anisotropic
    GL_ARB_texture_storage
    GL_ARB_texture_storage_multisample
    GL_ARB_vertex_array_object
    GL_KHR_debug
Using driver workarounds:
    no-forward-compatible-core-context
    nv-egl-incorrect-gl11-function-pointers
    no-layout-qualifiers-on-old-glsl
    nv-zero-context-profile-mask
    nv-implementation-color-read-format-dsa-broken
    nv-cubemap-inconsistent-compressed-image-size
    nv-cubemap-broken-full-compressed-image-query
    nv-compressed-block-size-in-bits
I0918 21:48:45.493979 1593316 ResourceManager.cpp:234] ResourceManager::loadStage : Not loading semantic mesh
I0918 21:48:45.493988 1593316 ResourceManager.cpp:262] ResourceManager::loadStage : start load render asset /mnt/data_nas/deeprobotics/daiyang/vla/third_party/ETP-R1/data/scene_datasets/mp3d/aayBHfsNo7d/aayBHfsNo7d.glb.
I0918 21:48:45.493989 1593316 ResourceManager.cpp:569] ResourceManager::loadStageInternal : Attempting to load stage /mnt/data_nas/deeprobotics/daiyang/vla/third_party/ETP-R1/data/scene_datasets/mp3d/aayBHfsNo7d/aayBHfsNo7d.glb 
I0918 21:48:45.494009 1593316 ResourceManager.cpp:1119] Importing Basis files as BC7 for aayBHfsNo7d.glb
W0918 21:48:47.066701 1593316 Simulator.cpp:248] :
---
 The active scene does not contain semantic annotations. 
---
I0918 21:48:47.108912 1593316 simulator.py:213] Loaded navmesh /mnt/data_nas/deeprobotics/daiyang/vla/third_party/ETP-R1/data/scene_datasets/mp3d/aayBHfsNo7d/aayBHfsNo7d.navmesh
I0918 21:49:18.810779 1593316 PhysicsManager.cpp:33] Deconstructing PhysicsManager
I0918 21:49:18.810819 1593316 SemanticScene.h:41] Deconstructing SemanticScene
I0918 21:49:18.812784 1593316 SceneManager.h:25] Deconstructing SceneManager
I0918 21:49:18.812793 1593316 SceneGraph.h:26] Deconstructing SceneGraph
I0918 21:49:18.813001 1593316 Sensor.h:87] Deconstructing Sensor
I0918 21:49:18.815049 1593316 Renderer.cpp:34] Deconstructing Renderer
I0918 21:49:18.815073 1593316 WindowlessContext.h:17] Deconstructing WindowlessContext
I0918 21:49:18.821513 1593316 ManagedContainerBase.cpp:19] ManagedContainerBase::convertFilenameToJSON : Filename : default changed to proposed JSON configuration filename : default.scene_dataset_config.json
I0918 21:49:18.821530 1593316 AttributesManagerBase.h:283] AttributesManager<T>::createFromJsonOrDefaultInternal  (Dataset) : Proposing JSON name : default.scene_dataset_config.json from original name : default | This file  does not exist.
I0918 21:49:18.821656 1593316 AssetAttributesManager.cpp:117] Asset attributes (capsule3DSolid : capsule3DSolid_hemiRings_4_cylRings_1_segments_12_halfLen_0.75_useTexCoords_false_useTangents_false) created and registered.
I0918 21:49:18.821682 1593316 AssetAttributesManager.cpp:117] Asset attributes (capsule3DWireframe : capsule3DWireframe_hemiRings_8_cylRings_1_segments_16_halfLen_1) created and registered.
I0918 21:49:18.821705 1593316 AssetAttributesManager.cpp:117] Asset attributes (coneSolid : coneSolid_segments_12_halfLen_1.25_rings_1_useTexCoords_false_useTangents_false_capEnd_true) created and registered.
I0918 21:49:18.821720 1593316 AssetAttributesManager.cpp:117] Asset attributes (coneWireframe : coneWireframe_segments_32_halfLen_1.25) created and registered.
I0918 21:49:18.821729 1593316 AssetAttributesManager.cpp:117] Asset attributes (cubeSolid : cubeSolid) created and registered.
I0918 21:49:18.821735 1593316 AssetAttributesManager.cpp:117] Asset attributes (cubeWireframe : cubeWireframe) created and registered.
I0918 21:49:18.821755 1593316 AssetAttributesManager.cpp:117] Asset attributes (cylinderSolid : cylinderSolid_rings_1_segments_12_halfLen_1_useTexCoords_false_useTangents_false_capEnds_true) created and registered.
I0918 21:49:18.821771 1593316 AssetAttributesManager.cpp:117] Asset attributes (cylinderWireframe : cylinderWireframe_rings_1_segments_32_halfLen_1) created and registered.
I0918 21:49:18.821784 1593316 AssetAttributesManager.cpp:117] Asset attributes (icosphereSolid : icosphereSolid_subdivs_1) created and registered.
I0918 21:49:18.821792 1593316 AssetAttributesManager.cpp:117] Asset attributes (icosphereWireframe : icosphereWireframe_subdivs_1) created and registered.
I0918 21:49:18.821805 1593316 AssetAttributesManager.cpp:117] Asset attributes (uvSphereSolid : uvSphereSolid_rings_8_segments_16_useTexCoords_false_useTangents_false) created and registered.
I0918 21:49:18.821818 1593316 AssetAttributesManager.cpp:117] Asset attributes (uvSphereWireframe : uvSphereWireframe_rings_16_segments_32) created and registered.
I0918 21:49:18.821825 1593316 AssetAttributesManager.cpp:105] AssetAttributesManager::buildCtorFuncPtrMaps : Built default primitive asset templates : 12
I0918 21:49:18.822214 1593316 SceneDatasetAttributesManager.cpp:23] File (default) not found, so new default dataset attributes created and registered.
I0918 21:49:18.822216 1593316 MetadataMediator.cpp:47] MetadataMediator::createDataset : Dataset default successfully created.
I0918 21:49:18.822402 1593316 AttributesManagerBase.h:283] AttributesManager<T>::createFromJsonOrDefaultInternal  (Physics Manager) : Proposing JSON name : ./data/default.physics_config.json from original name : ./data/default.physics_config.json | This file  does not exist.
I0918 21:49:18.822413 1593316 PhysicsAttributesManager.cpp:27] File (./data/default.physics_config.json) not found, so new default physics manager attributes created and registered.
I0918 21:49:18.822422 1593316 AbstractObjectAttributesManagerBase.h:175] AbstractObjectAttributesManager<T>::createObject  (Stage) : Making attributes with handle : /mnt/data_nas/deeprobotics/daiyang/vla/third_party/ETP-R1/data/scene_datasets/mp3d/82sE5b5pLXE/82sE5b5pLXE.glb
I0918 21:49:18.822427 1593316 ManagedContainerBase.cpp:19] ManagedContainerBase::convertFilenameToJSON : Filename : /mnt/data_nas/deeprobotics/daiyang/vla/third_party/ETP-R1/data/scene_datasets/mp3d/82sE5b5pLXE/82sE5b5pLXE.glb changed to proposed JSON configuration filename : /mnt/data_nas/deeprobotics/daiyang/vla/third_party/ETP-R1/data/scene_datasets/mp3d/82sE5b5pLXE/82sE5b5pLXE.stage_config.json
I0918 21:49:18.822438 1593316 AttributesManagerBase.h:283] AttributesManager<T>::createFromJsonOrDefaultInternal  (Stage) : Proposing JSON name : /mnt/data_nas/deeprobotics/daiyang/vla/third_party/ETP-R1/data/scene_datasets/mp3d/82sE5b5pLXE/82sE5b5pLXE.stage_config.json from original name : /mnt/data_nas/deeprobotics/daiyang/vla/third_party/ETP-R1/data/scene_datasets/mp3d/82sE5b5pLXE/82sE5b5pLXE.glb | This file  does not exist.
I0918 21:49:18.822481 1593316 AbstractObjectAttributesManagerBase.h:181] AbstractObjectAttributesManager<T>::createObject  (Stage) : Done making attributes with handle : /mnt/data_nas/deeprobotics/daiyang/vla/third_party/ETP-R1/data/scene_datasets/mp3d/82sE5b5pLXE/82sE5b5pLXE.glb
I0918 21:49:18.822484 1593316 AbstractObjectAttributesManagerBase.h:188] File (/mnt/data_nas/deeprobotics/daiyang/vla/third_party/ETP-R1/data/scene_datasets/mp3d/82sE5b5pLXE/82sE5b5pLXE.glb) exists but is not a recognized config filename extension, so new default Stage attributes created and registered.
I0918 21:49:18.822489 1593316 Simulator.cpp:156] Loading navmesh from /mnt/data_nas/deeprobotics/daiyang/vla/third_party/ETP-R1/data/scene_datasets/mp3d/82sE5b5pLXE/82sE5b5pLXE.navmesh
I0918 21:49:18.823716 1593316 Simulator.cpp:158] Loaded.
I0918 21:49:18.823724 1593316 SceneGraph.h:93] Created DrawableGroup: 
Renderer: NVIDIA GeForce RTX 5090/PCIe/SSE2 by NVIDIA Corporation
OpenGL version: 4.6.0 NVIDIA 580.126.09
Using optional features:
    GL_ARB_ES2_compatibility
    GL_ARB_direct_state_access
    GL_ARB_get_texture_sub_image
    GL_ARB_invalidate_subdata
    GL_ARB_multi_bind
    GL_ARB_robustness
    GL_ARB_separate_shader_objects
    GL_ARB_texture_filter_anisotropic
    GL_ARB_texture_storage
    GL_ARB_texture_storage_multisample
    GL_ARB_vertex_array_object
    GL_KHR_debug
Using driver workarounds:
    no-forward-compatible-core-context
    nv-egl-incorrect-gl11-function-pointers
    no-layout-qualifiers-on-old-glsl
    nv-zero-context-profile-mask
    nv-implementation-color-read-format-dsa-broken
    nv-cubemap-inconsistent-compressed-image-size
    nv-cubemap-broken-full-compressed-image-query
    nv-compressed-block-size-in-bits
I0918 21:49:18.827204 1593316 ResourceManager.cpp:234] ResourceManager::loadStage : Not loading semantic mesh
I0918 21:49:18.827212 1593316 ResourceManager.cpp:262] ResourceManager::loadStage : start load render asset /mnt/data_nas/deeprobotics/daiyang/vla/third_party/ETP-R1/data/scene_datasets/mp3d/82sE5b5pLXE/82sE5b5pLXE.glb.
I0918 21:49:18.827214 1593316 ResourceManager.cpp:569] ResourceManager::loadStageInternal : Attempting to load stage /mnt/data_nas/deeprobotics/daiyang/vla/third_party/ETP-R1/data/scene_datasets/mp3d/82sE5b5pLXE/82sE5b5pLXE.glb 
I0918 21:49:18.827229 1593316 ResourceManager.cpp:1119] Importing Basis files as BC7 for 82sE5b5pLXE.glb
W0918 21:49:20.888943 1593316 Simulator.cpp:248] :
---
 The active scene does not contain semantic annotations. 
---
I0918 21:49:20.932343 1593316 simulator.py:213] Loaded navmesh /mnt/data_nas/deeprobotics/daiyang/vla/third_party/ETP-R1/data/scene_datasets/mp3d/82sE5b5pLXE/82sE5b5pLXE.navmesh
I0918 21:50:00.811590 1593316 PhysicsManager.cpp:33] Deconstructing PhysicsManager
I0918 21:50:00.811630 1593316 SemanticScene.h:41] Deconstructing SemanticScene
I0918 21:50:00.813129 1593316 SceneManager.h:25] Deconstructing SceneManager
I0918 21:50:00.813143 1593316 SceneGraph.h:26] Deconstructing SceneGraph
I0918 21:50:00.813407 1593316 Sensor.h:87] Deconstructing Sensor
I0918 21:50:00.816522 1593316 Renderer.cpp:34] Deconstructing Renderer
I0918 21:50:00.816556 1593316 WindowlessContext.h:17] Deconstructing WindowlessContext
I0918 21:50:00.821457 1593316 ManagedContainerBase.cpp:19] ManagedContainerBase::convertFilenameToJSON : Filename : default changed to proposed JSON configuration filename : default.scene_dataset_config.json
I0918 21:50:00.821475 1593316 AttributesManagerBase.h:283] AttributesManager<T>::createFromJsonOrDefaultInternal  (Dataset) : Proposing JSON name : default.scene_dataset_config.json from original name : default | This file  does not exist.
I0918 21:50:00.821772 1593316 AssetAttributesManager.cpp:117] Asset attributes (capsule3DSolid : capsule3DSolid_hemiRings_4_cylRings_1_segments_12_halfLen_0.75_useTexCoords_false_useTangents_false) created and registered.
I0918 21:50:00.821799 1593316 AssetAttributesManager.cpp:117] Asset attributes (capsule3DWireframe : capsule3DWireframe_hemiRings_8_cylRings_1_segments_16_halfLen_1) created and registered.
I0918 21:50:00.821823 1593316 AssetAttributesManager.cpp:117] Asset attributes (coneSolid : coneSolid_segments_12_halfLen_1.25_rings_1_useTexCoords_false_useTangents_false_capEnd_true) created and registered.
I0918 21:50:00.821838 1593316 AssetAttributesManager.cpp:117] Asset attributes (coneWireframe : coneWireframe_segments_32_halfLen_1.25) created and registered.
I0918 21:50:00.821846 1593316 AssetAttributesManager.cpp:117] Asset attributes (cubeSolid : cubeSolid) created and registered.
I0918 21:50:00.821853 1593316 AssetAttributesManager.cpp:117] Asset attributes (cubeWireframe : cubeWireframe) created and registered.
I0918 21:50:00.821872 1593316 AssetAttributesManager.cpp:117] Asset attributes (cylinderSolid : cylinderSolid_rings_1_segments_12_halfLen_1_useTexCoords_false_useTangents_false_capEnds_true) created and registered.
I0918 21:50:00.821889 1593316 AssetAttributesManager.cpp:117] Asset attributes (cylinderWireframe : cylinderWireframe_rings_1_segments_32_halfLen_1) created and registered.
I0918 21:50:00.821902 1593316 AssetAttributesManager.cpp:117] Asset attributes (icosphereSolid : icosphereSolid_subdivs_1) created and registered.
I0918 21:50:00.821910 1593316 AssetAttributesManager.cpp:117] Asset attributes (icosphereWireframe : icosphereWireframe_subdivs_1) created and registered.
I0918 21:50:00.821925 1593316 AssetAttributesManager.cpp:117] Asset attributes (uvSphereSolid : uvSphereSolid_rings_8_segments_16_useTexCoords_false_useTangents_false) created and registered.
I0918 21:50:00.821938 1593316 AssetAttributesManager.cpp:117] Asset attributes (uvSphereWireframe : uvSphereWireframe_rings_16_segments_32) created and registered.
I0918 21:50:00.821944 1593316 AssetAttributesManager.cpp:105] AssetAttributesManager::buildCtorFuncPtrMaps : Built default primitive asset templates : 12
I0918 21:50:00.822352 1593316 SceneDatasetAttributesManager.cpp:23] File (default) not found, so new default dataset attributes created and registered.
I0918 21:50:00.822355 1593316 MetadataMediator.cpp:47] MetadataMediator::createDataset : Dataset default successfully created.
I0918 21:50:00.822542 1593316 AttributesManagerBase.h:283] AttributesManager<T>::createFromJsonOrDefaultInternal  (Physics Manager) : Proposing JSON name : ./data/default.physics_config.json from original name : ./data/default.physics_config.json | This file  does not exist.
I0918 21:50:00.822556 1593316 PhysicsAttributesManager.cpp:27] File (./data/default.physics_config.json) not found, so new default physics manager attributes created and registered.
I0918 21:50:00.822558 1593316 AbstractObjectAttributesManagerBase.h:175] AbstractObjectAttributesManager<T>::createObject  (Stage) : Making attributes with handle : /mnt/data_nas/deeprobotics/daiyang/vla/third_party/ETP-R1/data/scene_datasets/mp3d/B6ByNegPMKs/B6ByNegPMKs.glb
I0918 21:50:00.822563 1593316 ManagedContainerBase.cpp:19] ManagedContainerBase::convertFilenameToJSON : Filename : /mnt/data_nas/deeprobotics/daiyang/vla/third_party/ETP-R1/data/scene_datasets/mp3d/B6ByNegPMKs/B6ByNegPMKs.glb changed to proposed JSON configuration filename : /mnt/data_nas/deeprobotics/daiyang/vla/third_party/ETP-R1/data/scene_datasets/mp3d/B6ByNegPMKs/B6ByNegPMKs.stage_config.json
I0918 21:50:00.822582 1593316 AttributesManagerBase.h:283] AttributesManager<T>::createFromJsonOrDefaultInternal  (Stage) : Proposing JSON name : /mnt/data_nas/deeprobotics/daiyang/vla/third_party/ETP-R1/data/scene_datasets/mp3d/B6ByNegPMKs/B6ByNegPMKs.stage_config.json from original name : /mnt/data_nas/deeprobotics/daiyang/vla/third_party/ETP-R1/data/scene_datasets/mp3d/B6ByNegPMKs/B6ByNegPMKs.glb | This file  does not exist.
I0918 21:50:00.822628 1593316 AbstractObjectAttributesManagerBase.h:181] AbstractObjectAttributesManager<T>::createObject  (Stage) : Done making attributes with handle : /mnt/data_nas/deeprobotics/daiyang/vla/third_party/ETP-R1/data/scene_datasets/mp3d/B6ByNegPMKs/B6ByNegPMKs.glb
I0918 21:50:00.822630 1593316 AbstractObjectAttributesManagerBase.h:188] File (/mnt/data_nas/deeprobotics/daiyang/vla/third_party/ETP-R1/data/scene_datasets/mp3d/B6ByNegPMKs/B6ByNegPMKs.glb) exists but is not a recognized config filename extension, so new default Stage attributes created and registered.
I0918 21:50:00.822635 1593316 Simulator.cpp:156] Loading navmesh from /mnt/data_nas/deeprobotics/daiyang/vla/third_party/ETP-R1/data/scene_datasets/mp3d/B6ByNegPMKs/B6ByNegPMKs.navmesh
I0918 21:50:00.824205 1593316 Simulator.cpp:158] Loaded.
I0918 21:50:00.824215 1593316 SceneGraph.h:93] Created DrawableGroup: 
Renderer: NVIDIA GeForce RTX 5090/PCIe/SSE2 by NVIDIA Corporation
OpenGL version: 4.6.0 NVIDIA 580.126.09
Using optional features:
    GL_ARB_ES2_compatibility
    GL_ARB_direct_state_access
    GL_ARB_get_texture_sub_image
    GL_ARB_invalidate_subdata
    GL_ARB_multi_bind
    GL_ARB_robustness
    GL_ARB_separate_shader_objects
    GL_ARB_texture_filter_anisotropic
    GL_ARB_texture_storage
    GL_ARB_texture_storage_multisample
    GL_ARB_vertex_array_object
    GL_KHR_debug
Using driver workarounds:
    no-forward-compatible-core-context
    nv-egl-incorrect-gl11-function-pointers
    no-layout-qualifiers-on-old-glsl
    nv-zero-context-profile-mask
    nv-implementation-color-read-format-dsa-broken
    nv-cubemap-inconsistent-compressed-image-size
    nv-cubemap-broken-full-compressed-image-query
    nv-compressed-block-size-in-bits
I0918 21:50:00.827922 1593316 ResourceManager.cpp:234] ResourceManager::loadStage : Not loading semantic mesh
I0918 21:50:00.827930 1593316 ResourceManager.cpp:262] ResourceManager::loadStage : start load render asset /mnt/data_nas/deeprobotics/daiyang/vla/third_party/ETP-R1/data/scene_datasets/mp3d/B6ByNegPMKs/B6ByNegPMKs.glb.
I0918 21:50:00.827932 1593316 ResourceManager.cpp:569] ResourceManager::loadStageInternal : Attempting to load stage /mnt/data_nas/deeprobotics/daiyang/vla/third_party/ETP-R1/data/scene_datasets/mp3d/B6ByNegPMKs/B6ByNegPMKs.glb 
I0918 21:50:00.827950 1593316 ResourceManager.cpp:1119] Importing Basis files as BC7 for B6ByNegPMKs.glb
W0918 21:50:10.492780 1593316 Simulator.cpp:248] :
---
 The active scene does not contain semantic annotations. 
---
I0918 21:50:10.691388 1593316 simulator.py:213] Loaded navmesh /mnt/data_nas/deeprobotics/daiyang/vla/third_party/ETP-R1/data/scene_datasets/mp3d/B6ByNegPMKs/B6ByNegPMKs.navmesh
I0918 21:51:30.988236 1593316 PhysicsManager.cpp:33] Deconstructing PhysicsManager
I0918 21:51:30.988294 1593316 SemanticScene.h:41] Deconstructing SemanticScene
I0918 21:51:31.008553 1593316 SceneManager.h:25] Deconstructing SceneManager
I0918 21:51:31.008579 1593316 SceneGraph.h:26] Deconstructing SceneGraph
I0918 21:51:31.009133 1593316 Sensor.h:87] Deconstructing Sensor
I0918 21:51:31.029425 1593316 Renderer.cpp:34] Deconstructing Renderer
I0918 21:51:31.029488 1593316 WindowlessContext.h:17] Deconstructing WindowlessContext
I0918 21:51:31.054108 1593316 ManagedContainerBase.cpp:19] ManagedContainerBase::convertFilenameToJSON : Filename : default changed to proposed JSON configuration filename : default.scene_dataset_config.json
I0918 21:51:31.054157 1593316 AttributesManagerBase.h:283] AttributesManager<T>::createFromJsonOrDefaultInternal  (Dataset) : Proposing JSON name : default.scene_dataset_config.json from original name : default | This file  does not exist.
I0918 21:51:31.054279 1593316 AssetAttributesManager.cpp:117] Asset attributes (capsule3DSolid : capsule3DSolid_hemiRings_4_cylRings_1_segments_12_halfLen_0.75_useTexCoords_false_useTangents_false) created and registered.
I0918 21:51:31.054320 1593316 AssetAttributesManager.cpp:117] Asset attributes (capsule3DWireframe : capsule3DWireframe_hemiRings_8_cylRings_1_segments_16_halfLen_1) created and registered.
I0918 21:51:31.054355 1593316 AssetAttributesManager.cpp:117] Asset attributes (coneSolid : coneSolid_segments_12_halfLen_1.25_rings_1_useTexCoords_false_useTangents_false_capEnd_true) created and registered.
I0918 21:51:31.054378 1593316 AssetAttributesManager.cpp:117] Asset attributes (coneWireframe : coneWireframe_segments_32_halfLen_1.25) created and registered.
I0918 21:51:31.054389 1593316 AssetAttributesManager.cpp:117] Asset attributes (cubeSolid : cubeSolid) created and registered.
I0918 21:51:31.054399 1593316 AssetAttributesManager.cpp:117] Asset attributes (cubeWireframe : cubeWireframe) created and registered.
I0918 21:51:31.054427 1593316 AssetAttributesManager.cpp:117] Asset attributes (cylinderSolid : cylinderSolid_rings_1_segments_12_halfLen_1_useTexCoords_false_useTangents_false_capEnds_true) created and registered.
I0918 21:51:31.054452 1593316 AssetAttributesManager.cpp:117] Asset attributes (cylinderWireframe : cylinderWireframe_rings_1_segments_32_halfLen_1) created and registered.
I0918 21:51:31.054467 1593316 AssetAttributesManager.cpp:117] Asset attributes (icosphereSolid : icosphereSolid_subdivs_1) created and registered.
I0918 21:51:31.054479 1593316 AssetAttributesManager.cpp:117] Asset attributes (icosphereWireframe : icosphereWireframe_subdivs_1) created and registered.
I0918 21:51:31.054499 1593316 AssetAttributesManager.cpp:117] Asset attributes (uvSphereSolid : uvSphereSolid_rings_8_segments_16_useTexCoords_false_useTangents_false) created and registered.
I0918 21:51:31.054519 1593316 AssetAttributesManager.cpp:117] Asset attributes (uvSphereWireframe : uvSphereWireframe_rings_16_segments_32) created and registered.
I0918 21:51:31.054528 1593316 AssetAttributesManager.cpp:105] AssetAttributesManager::buildCtorFuncPtrMaps : Built default primitive asset templates : 12
I0918 21:51:31.055164 1593316 SceneDatasetAttributesManager.cpp:23] File (default) not found, so new default dataset attributes created and registered.
I0918 21:51:31.055167 1593316 MetadataMediator.cpp:47] MetadataMediator::createDataset : Dataset default successfully created.
I0918 21:51:31.056335 1593316 AttributesManagerBase.h:283] AttributesManager<T>::createFromJsonOrDefaultInternal  (Physics Manager) : Proposing JSON name : ./data/default.physics_config.json from original name : ./data/default.physics_config.json | This file  does not exist.
I0918 21:51:31.056353 1593316 PhysicsAttributesManager.cpp:27] File (./data/default.physics_config.json) not found, so new default physics manager attributes created and registered.
I0918 21:51:31.056358 1593316 AbstractObjectAttributesManagerBase.h:175] AbstractObjectAttributesManager<T>::createObject  (Stage) : Making attributes with handle : /mnt/data_nas/deeprobotics/daiyang/vla/third_party/ETP-R1/data/scene_datasets/mp3d/PuKPg4mmafe/PuKPg4mmafe.glb
I0918 21:51:31.056363 1593316 ManagedContainerBase.cpp:19] ManagedContainerBase::convertFilenameToJSON : Filename : /mnt/data_nas/deeprobotics/daiyang/vla/third_party/ETP-R1/data/scene_datasets/mp3d/PuKPg4mmafe/PuKPg4mmafe.glb changed to proposed JSON configuration filename : /mnt/data_nas/deeprobotics/daiyang/vla/third_party/ETP-R1/data/scene_datasets/mp3d/PuKPg4mmafe/PuKPg4mmafe.stage_config.json
I0918 21:51:31.059674 1593316 AttributesManagerBase.h:283] AttributesManager<T>::createFromJsonOrDefaultInternal  (Stage) : Proposing JSON name : /mnt/data_nas/deeprobotics/daiyang/vla/third_party/ETP-R1/data/scene_datasets/mp3d/PuKPg4mmafe/PuKPg4mmafe.stage_config.json from original name : /mnt/data_nas/deeprobotics/daiyang/vla/third_party/ETP-R1/data/scene_datasets/mp3d/PuKPg4mmafe/PuKPg4mmafe.glb | This file  does not exist.
I0918 21:51:31.059765 1593316 AbstractObjectAttributesManagerBase.h:181] AbstractObjectAttributesManager<T>::createObject  (Stage) : Done making attributes with handle : /mnt/data_nas/deeprobotics/daiyang/vla/third_party/ETP-R1/data/scene_datasets/mp3d/PuKPg4mmafe/PuKPg4mmafe.glb
I0918 21:51:31.059768 1593316 AbstractObjectAttributesManagerBase.h:188] File (/mnt/data_nas/deeprobotics/daiyang/vla/third_party/ETP-R1/data/scene_datasets/mp3d/PuKPg4mmafe/PuKPg4mmafe.glb) exists but is not a recognized config filename extension, so new default Stage attributes created and registered.
I0918 21:51:31.059777 1593316 Simulator.cpp:156] Loading navmesh from /mnt/data_nas/deeprobotics/daiyang/vla/third_party/ETP-R1/data/scene_datasets/mp3d/PuKPg4mmafe/PuKPg4mmafe.navmesh
I0918 21:51:31.062701 1593316 Simulator.cpp:158] Loaded.
I0918 21:51:31.062716 1593316 SceneGraph.h:93] Created DrawableGroup: 
Renderer: NVIDIA GeForce RTX 5090/PCIe/SSE2 by NVIDIA Corporation
OpenGL version: 4.6.0 NVIDIA 580.126.09
Using optional features:
    GL_ARB_ES2_compatibility
    GL_ARB_direct_state_access
    GL_ARB_get_texture_sub_image
    GL_ARB_invalidate_subdata
    GL_ARB_multi_bind
    GL_ARB_robustness
    GL_ARB_separate_shader_objects
    GL_ARB_texture_filter_anisotropic
    GL_ARB_texture_storage
    GL_ARB_texture_storage_multisample
    GL_ARB_vertex_array_object
    GL_KHR_debug
Using driver workarounds:
    no-forward-compatible-core-context
    nv-egl-incorrect-gl11-function-pointers
    no-layout-qualifiers-on-old-glsl
    nv-zero-context-profile-mask
    nv-implementation-color-read-format-dsa-broken
    nv-cubemap-inconsistent-compressed-image-size
    nv-cubemap-broken-full-compressed-image-query
    nv-compressed-block-size-in-bits
I0918 21:51:31.067056 1593316 ResourceManager.cpp:234] ResourceManager::loadStage : Not loading semantic mesh
I0918 21:51:31.067066 1593316 ResourceManager.cpp:262] ResourceManager::loadStage : start load render asset /mnt/data_nas/deeprobotics/daiyang/vla/third_party/ETP-R1/data/scene_datasets/mp3d/PuKPg4mmafe/PuKPg4mmafe.glb.
I0918 21:51:31.067070 1593316 ResourceManager.cpp:569] ResourceManager::loadStageInternal : Attempting to load stage /mnt/data_nas/deeprobotics/daiyang/vla/third_party/ETP-R1/data/scene_datasets/mp3d/PuKPg4mmafe/PuKPg4mmafe.glb 
I0918 21:51:31.067090 1593316 ResourceManager.cpp:1119] Importing Basis files as BC7 for PuKPg4mmafe.glb
W0918 21:51:35.774792 1593316 Simulator.cpp:248] :
---
 The active scene does not contain semantic annotations. 
---
I0918 21:51:35.795537 1593316 simulator.py:213] Loaded navmesh /mnt/data_nas/deeprobotics/daiyang/vla/third_party/ETP-R1/data/scene_datasets/mp3d/PuKPg4mmafe/PuKPg4mmafe.navmesh
I0918 21:53:15.430526 1593316 PhysicsManager.cpp:33] Deconstructing PhysicsManager
I0918 21:53:15.430586 1593316 SemanticScene.h:41] Deconstructing SemanticScene
I0918 21:53:15.431457 1593316 SceneManager.h:25] Deconstructing SceneManager
I0918 21:53:15.431463 1593316 SceneGraph.h:26] Deconstructing SceneGraph
I0918 21:53:15.431713 1593316 Sensor.h:87] Deconstructing Sensor
I0918 21:53:15.439621 1593316 Renderer.cpp:34] Deconstructing Renderer
I0918 21:53:15.439646 1593316 WindowlessContext.h:17] Deconstructing WindowlessContext
I0918 21:53:15.453922 1593316 ManagedContainerBase.cpp:19] ManagedContainerBase::convertFilenameToJSON : Filename : default changed to proposed JSON configuration filename : default.scene_dataset_config.json
I0918 21:53:15.453941 1593316 AttributesManagerBase.h:283] AttributesManager<T>::createFromJsonOrDefaultInternal  (Dataset) : Proposing JSON name : default.scene_dataset_config.json from original name : default | This file  does not exist.
I0918 21:53:15.454085 1593316 AssetAttributesManager.cpp:117] Asset attributes (capsule3DSolid : capsule3DSolid_hemiRings_4_cylRings_1_segments_12_halfLen_0.75_useTexCoords_false_useTangents_false) created and registered.
I0918 21:53:15.454118 1593316 AssetAttributesManager.cpp:117] Asset attributes (capsule3DWireframe : capsule3DWireframe_hemiRings_8_cylRings_1_segments_16_halfLen_1) created and registered.
I0918 21:53:15.454139 1593316 AssetAttributesManager.cpp:117] Asset attributes (coneSolid : coneSolid_segments_12_halfLen_1.25_rings_1_useTexCoords_false_useTangents_false_capEnd_true) created and registered.
I0918 21:53:15.454154 1593316 AssetAttributesManager.cpp:117] Asset attributes (coneWireframe : coneWireframe_segments_32_halfLen_1.25) created and registered.
I0918 21:53:15.454164 1593316 AssetAttributesManager.cpp:117] Asset attributes (cubeSolid : cubeSolid) created and registered.
I0918 21:53:15.454170 1593316 AssetAttributesManager.cpp:117] Asset attributes (cubeWireframe : cubeWireframe) created and registered.
I0918 21:53:15.454190 1593316 AssetAttributesManager.cpp:117] Asset attributes (cylinderSolid : cylinderSolid_rings_1_segments_12_halfLen_1_useTexCoords_false_useTangents_false_capEnds_true) created and registered.
I0918 21:53:15.454207 1593316 AssetAttributesManager.cpp:117] Asset attributes (cylinderWireframe : cylinderWireframe_rings_1_segments_32_halfLen_1) created and registered.
I0918 21:53:15.454218 1593316 AssetAttributesManager.cpp:117] Asset attributes (icosphereSolid : icosphereSolid_subdivs_1) created and registered.
I0918 21:53:15.454226 1593316 AssetAttributesManager.cpp:117] Asset attributes (icosphereWireframe : icosphereWireframe_subdivs_1) created and registered.
I0918 21:53:15.454241 1593316 AssetAttributesManager.cpp:117] Asset attributes (uvSphereSolid : uvSphereSolid_rings_8_segments_16_useTexCoords_false_useTangents_false) created and registered.
I0918 21:53:15.454253 1593316 AssetAttributesManager.cpp:117] Asset attributes (uvSphereWireframe : uvSphereWireframe_rings_16_segments_32) created and registered.
I0918 21:53:15.454259 1593316 AssetAttributesManager.cpp:105] AssetAttributesManager::buildCtorFuncPtrMaps : Built default primitive asset templates : 12
I0918 21:53:15.454662 1593316 SceneDatasetAttributesManager.cpp:23] File (default) not found, so new default dataset attributes created and registered.
I0918 21:53:15.454665 1593316 MetadataMediator.cpp:47] MetadataMediator::createDataset : Dataset default successfully created.
I0918 21:53:15.454849 1593316 AttributesManagerBase.h:283] AttributesManager<T>::createFromJsonOrDefaultInternal  (Physics Manager) : Proposing JSON name : ./data/default.physics_config.json from original name : ./data/default.physics_config.json | This file  does not exist.
I0918 21:53:15.454859 1593316 PhysicsAttributesManager.cpp:27] File (./data/default.physics_config.json) not found, so new default physics manager attributes created and registered.
I0918 21:53:15.454862 1593316 AbstractObjectAttributesManagerBase.h:175] AbstractObjectAttributesManager<T>::createObject  (Stage) : Making attributes with handle : /mnt/data_nas/deeprobotics/daiyang/vla/third_party/ETP-R1/data/scene_datasets/mp3d/XcA2TqTSSAj/XcA2TqTSSAj.glb
I0918 21:53:15.454867 1593316 ManagedContainerBase.cpp:19] ManagedContainerBase::convertFilenameToJSON : Filename : /mnt/data_nas/deeprobotics/daiyang/vla/third_party/ETP-R1/data/scene_datasets/mp3d/XcA2TqTSSAj/XcA2TqTSSAj.glb changed to proposed JSON configuration filename : /mnt/data_nas/deeprobotics/daiyang/vla/third_party/ETP-R1/data/scene_datasets/mp3d/XcA2TqTSSAj/XcA2TqTSSAj.stage_config.json
I0918 21:53:15.454880 1593316 AttributesManagerBase.h:283] AttributesManager<T>::createFromJsonOrDefaultInternal  (Stage) : Proposing JSON name : /mnt/data_nas/deeprobotics/daiyang/vla/third_party/ETP-R1/data/scene_datasets/mp3d/XcA2TqTSSAj/XcA2TqTSSAj.stage_config.json from original name : /mnt/data_nas/deeprobotics/daiyang/vla/third_party/ETP-R1/data/scene_datasets/mp3d/XcA2TqTSSAj/XcA2TqTSSAj.glb | This file  does not exist.
I0918 21:53:15.454927 1593316 AbstractObjectAttributesManagerBase.h:181] AbstractObjectAttributesManager<T>::createObject  (Stage) : Done making attributes with handle : /mnt/data_nas/deeprobotics/daiyang/vla/third_party/ETP-R1/data/scene_datasets/mp3d/XcA2TqTSSAj/XcA2TqTSSAj.glb
I0918 21:53:15.454931 1593316 AbstractObjectAttributesManagerBase.h:188] File (/mnt/data_nas/deeprobotics/daiyang/vla/third_party/ETP-R1/data/scene_datasets/mp3d/XcA2TqTSSAj/XcA2TqTSSAj.glb) exists but is not a recognized config filename extension, so new default Stage attributes created and registered.
I0918 21:53:15.454936 1593316 Simulator.cpp:156] Loading navmesh from /mnt/data_nas/deeprobotics/daiyang/vla/third_party/ETP-R1/data/scene_datasets/mp3d/XcA2TqTSSAj/XcA2TqTSSAj.navmesh
I0918 21:53:15.456103 1593316 Simulator.cpp:158] Loaded.
I0918 21:53:15.456111 1593316 SceneGraph.h:93] Created DrawableGroup: 
Renderer: NVIDIA GeForce RTX 5090/PCIe/SSE2 by NVIDIA Corporation
OpenGL version: 4.6.0 NVIDIA 580.126.09
Using optional features:
    GL_ARB_ES2_compatibility
    GL_ARB_direct_state_access
    GL_ARB_get_texture_sub_image
    GL_ARB_invalidate_subdata
    GL_ARB_multi_bind
    GL_ARB_robustness
    GL_ARB_separate_shader_objects
    GL_ARB_texture_filter_anisotropic
    GL_ARB_texture_storage
    GL_ARB_texture_storage_multisample
    GL_ARB_vertex_array_object
    GL_KHR_debug
Using driver workarounds:
    no-forward-compatible-core-context
    nv-egl-incorrect-gl11-function-pointers
    no-layout-qualifiers-on-old-glsl
    nv-zero-context-profile-mask
    nv-implementation-color-read-format-dsa-broken
    nv-cubemap-inconsistent-compressed-image-size
    nv-cubemap-broken-full-compressed-image-query
    nv-compressed-block-size-in-bits
I0918 21:53:15.460186 1593316 ResourceManager.cpp:234] ResourceManager::loadStage : Not loading semantic mesh
I0918 21:53:15.460197 1593316 ResourceManager.cpp:262] ResourceManager::loadStage : start load render asset /mnt/data_nas/deeprobotics/daiyang/vla/third_party/ETP-R1/data/scene_datasets/mp3d/XcA2TqTSSAj/XcA2TqTSSAj.glb.
I0918 21:53:15.460201 1593316 ResourceManager.cpp:569] ResourceManager::loadStageInternal : Attempting to load stage /mnt/data_nas/deeprobotics/daiyang/vla/third_party/ETP-R1/data/scene_datasets/mp3d/XcA2TqTSSAj/XcA2TqTSSAj.glb 
I0918 21:53:15.460218 1593316 ResourceManager.cpp:1119] Importing Basis files as BC7 for XcA2TqTSSAj.glb
W0918 21:53:17.428429 1593316 Simulator.cpp:248] :
---
 The active scene does not contain semantic annotations. 
---
I0918 21:53:17.477144 1593316 simulator.py:213] Loaded navmesh /mnt/data_nas/deeprobotics/daiyang/vla/third_party/ETP-R1/data/scene_datasets/mp3d/XcA2TqTSSAj/XcA2TqTSSAj.navmesh
I0918 21:56:42.645726 1593316 PhysicsManager.cpp:33] Deconstructing PhysicsManager
I0918 21:56:42.645779 1593316 SemanticScene.h:41] Deconstructing SemanticScene
I0918 21:56:42.649201 1593316 SceneManager.h:25] Deconstructing SceneManager
I0918 21:56:42.649212 1593316 SceneGraph.h:26] Deconstructing SceneGraph
I0918 21:56:42.649843 1593316 Sensor.h:87] Deconstructing Sensor
I0918 21:56:42.653995 1593316 Renderer.cpp:34] Deconstructing Renderer
I0918 21:56:42.654022 1593316 WindowlessContext.h:17] Deconstructing WindowlessContext
I0918 21:56:42.661266 1593316 ManagedContainerBase.cpp:19] ManagedContainerBase::convertFilenameToJSON : Filename : default changed to proposed JSON configuration filename : default.scene_dataset_config.json
I0918 21:56:42.661289 1593316 AttributesManagerBase.h:283] AttributesManager<T>::createFromJsonOrDefaultInternal  (Dataset) : Proposing JSON name : default.scene_dataset_config.json from original name : default | This file  does not exist.
I0918 21:56:42.661459 1593316 AssetAttributesManager.cpp:117] Asset attributes (capsule3DSolid : capsule3DSolid_hemiRings_4_cylRings_1_segments_12_halfLen_0.75_useTexCoords_false_useTangents_false) created and registered.
I0918 21:56:42.661491 1593316 AssetAttributesManager.cpp:117] Asset attributes (capsule3DWireframe : capsule3DWireframe_hemiRings_8_cylRings_1_segments_16_halfLen_1) created and registered.
I0918 21:56:42.661517 1593316 AssetAttributesManager.cpp:117] Asset attributes (coneSolid : coneSolid_segments_12_halfLen_1.25_rings_1_useTexCoords_false_useTangents_false_capEnd_true) created and registered.
I0918 21:56:42.661538 1593316 AssetAttributesManager.cpp:117] Asset attributes (coneWireframe : coneWireframe_segments_32_halfLen_1.25) created and registered.
I0918 21:56:42.661547 1593316 AssetAttributesManager.cpp:117] Asset attributes (cubeSolid : cubeSolid) created and registered.
I0918 21:56:42.661554 1593316 AssetAttributesManager.cpp:117] Asset attributes (cubeWireframe : cubeWireframe) created and registered.
I0918 21:56:42.661574 1593316 AssetAttributesManager.cpp:117] Asset attributes (cylinderSolid : cylinderSolid_rings_1_segments_12_halfLen_1_useTexCoords_false_useTangents_false_capEnds_true) created and registered.
I0918 21:56:42.661592 1593316 AssetAttributesManager.cpp:117] Asset attributes (cylinderWireframe : cylinderWireframe_rings_1_segments_32_halfLen_1) created and registered.
I0918 21:56:42.661603 1593316 AssetAttributesManager.cpp:117] Asset attributes (icosphereSolid : icosphereSolid_subdivs_1) created and registered.
I0918 21:56:42.661612 1593316 AssetAttributesManager.cpp:117] Asset attributes (icosphereWireframe : icosphereWireframe_subdivs_1) created and registered.
I0918 21:56:42.661628 1593316 AssetAttributesManager.cpp:117] Asset attributes (uvSphereSolid : uvSphereSolid_rings_8_segments_16_useTexCoords_false_useTangents_false) created and registered.
I0918 21:56:42.661641 1593316 AssetAttributesManager.cpp:117] Asset attributes (uvSphereWireframe : uvSphereWireframe_rings_16_segments_32) created and registered.
I0918 21:56:42.661648 1593316 AssetAttributesManager.cpp:105] AssetAttributesManager::buildCtorFuncPtrMaps : Built default primitive asset templates : 12
I0918 21:56:42.662056 1593316 SceneDatasetAttributesManager.cpp:23] File (default) not found, so new default dataset attributes created and registered.
I0918 21:56:42.662058 1593316 MetadataMediator.cpp:47] MetadataMediator::createDataset : Dataset default successfully created.
I0918 21:56:42.662267 1593316 AttributesManagerBase.h:283] AttributesManager<T>::createFromJsonOrDefaultInternal  (Physics Manager) : Proposing JSON name : ./data/default.physics_config.json from original name : ./data/default.physics_config.json | This file  does not exist.
I0918 21:56:42.662284 1593316 PhysicsAttributesManager.cpp:27] File (./data/default.physics_config.json) not found, so new default physics manager attributes created and registered.
I0918 21:56:42.662287 1593316 AbstractObjectAttributesManagerBase.h:175] AbstractObjectAttributesManager<T>::createObject  (Stage) : Making attributes with handle : /mnt/data_nas/deeprobotics/daiyang/vla/third_party/ETP-R1/data/scene_datasets/mp3d/aayBHfsNo7d/aayBHfsNo7d.glb
I0918 21:56:42.662292 1593316 ManagedContainerBase.cpp:19] ManagedContainerBase::convertFilenameToJSON : Filename : /mnt/data_nas/deeprobotics/daiyang/vla/third_party/ETP-R1/data/scene_datasets/mp3d/aayBHfsNo7d/aayBHfsNo7d.glb changed to proposed JSON configuration filename : /mnt/data_nas/deeprobotics/daiyang/vla/third_party/ETP-R1/data/scene_datasets/mp3d/aayBHfsNo7d/aayBHfsNo7d.stage_config.json
I0918 21:56:42.662303 1593316 AttributesManagerBase.h:283] AttributesManager<T>::createFromJsonOrDefaultInternal  (Stage) : Proposing JSON name : /mnt/data_nas/deeprobotics/daiyang/vla/third_party/ETP-R1/data/scene_datasets/mp3d/aayBHfsNo7d/aayBHfsNo7d.stage_config.json from original name : /mnt/data_nas/deeprobotics/daiyang/vla/third_party/ETP-R1/data/scene_datasets/mp3d/aayBHfsNo7d/aayBHfsNo7d.glb | This file  does not exist.
I0918 21:56:42.662351 1593316 AbstractObjectAttributesManagerBase.h:181] AbstractObjectAttributesManager<T>::createObject  (Stage) : Done making attributes with handle : /mnt/data_nas/deeprobotics/daiyang/vla/third_party/ETP-R1/data/scene_datasets/mp3d/aayBHfsNo7d/aayBHfsNo7d.glb
I0918 21:56:42.662352 1593316 AbstractObjectAttributesManagerBase.h:188] File (/mnt/data_nas/deeprobotics/daiyang/vla/third_party/ETP-R1/data/scene_datasets/mp3d/aayBHfsNo7d/aayBHfsNo7d.glb) exists but is not a recognized config filename extension, so new default Stage attributes created and registered.
I0918 21:56:42.662359 1593316 Simulator.cpp:156] Loading navmesh from /mnt/data_nas/deeprobotics/daiyang/vla/third_party/ETP-R1/data/scene_datasets/mp3d/aayBHfsNo7d/aayBHfsNo7d.navmesh
I0918 21:56:42.663367 1593316 Simulator.cpp:158] Loaded.
I0918 21:56:42.663375 1593316 SceneGraph.h:93] Created DrawableGroup: 
Renderer: NVIDIA GeForce RTX 5090/PCIe/SSE2 by NVIDIA Corporation
OpenGL version: 4.6.0 NVIDIA 580.126.09
Using optional features:
    GL_ARB_ES2_compatibility
    GL_ARB_direct_state_access
    GL_ARB_get_texture_sub_image
    GL_ARB_invalidate_subdata
    GL_ARB_multi_bind
    GL_ARB_robustness
    GL_ARB_separate_shader_objects
    GL_ARB_texture_filter_anisotropic
    GL_ARB_texture_storage
    GL_ARB_texture_storage_multisample
    GL_ARB_vertex_array_object
    GL_KHR_debug
Using driver workarounds:
    no-forward-compatible-core-context
    nv-egl-incorrect-gl11-function-pointers
    no-layout-qualifiers-on-old-glsl
    nv-zero-context-profile-mask
    nv-implementation-color-read-format-dsa-broken
    nv-cubemap-inconsistent-compressed-image-size
    nv-cubemap-broken-full-compressed-image-query
    nv-compressed-block-size-in-bits
I0918 21:56:42.667068 1593316 ResourceManager.cpp:234] ResourceManager::loadStage : Not loading semantic mesh
I0918 21:56:42.667078 1593316 ResourceManager.cpp:262] ResourceManager::loadStage : start load render asset /mnt/data_nas/deeprobotics/daiyang/vla/third_party/ETP-R1/data/scene_datasets/mp3d/aayBHfsNo7d/aayBHfsNo7d.glb.
I0918 21:56:42.667080 1593316 ResourceManager.cpp:569] ResourceManager::loadStageInternal : Attempting to load stage /mnt/data_nas/deeprobotics/daiyang/vla/third_party/ETP-R1/data/scene_datasets/mp3d/aayBHfsNo7d/aayBHfsNo7d.glb 
I0918 21:56:42.667096 1593316 ResourceManager.cpp:1119] Importing Basis files as BC7 for aayBHfsNo7d.glb
W0918 21:56:44.246286 1593316 Simulator.cpp:248] :
---
 The active scene does not contain semantic annotations. 
---
I0918 21:56:44.287742 1593316 simulator.py:213] Loaded navmesh /mnt/data_nas/deeprobotics/daiyang/vla/third_party/ETP-R1/data/scene_datasets/mp3d/aayBHfsNo7d/aayBHfsNo7d.navmesh
I0918 21:58:04.886498 1593316 PhysicsManager.cpp:33] Deconstructing PhysicsManager
I0918 21:58:04.886549 1593316 SemanticScene.h:41] Deconstructing SemanticScene
I0918 21:58:04.889070 1593316 SceneManager.h:25] Deconstructing SceneManager
I0918 21:58:04.889078 1593316 SceneGraph.h:26] Deconstructing SceneGraph
I0918 21:58:04.889287 1593316 Sensor.h:87] Deconstructing Sensor
I0918 21:58:04.892913 1593316 Renderer.cpp:34] Deconstructing Renderer
I0918 21:58:04.892933 1593316 WindowlessContext.h:17] Deconstructing WindowlessContext
I0918 21:58:04.913336 1593316 ManagedContainerBase.cpp:19] ManagedContainerBase::convertFilenameToJSON : Filename : default changed to proposed JSON configuration filename : default.scene_dataset_config.json
I0918 21:58:04.913360 1593316 AttributesManagerBase.h:283] AttributesManager<T>::createFromJsonOrDefaultInternal  (Dataset) : Proposing JSON name : default.scene_dataset_config.json from original name : default | This file  does not exist.
I0918 21:58:04.913532 1593316 AssetAttributesManager.cpp:117] Asset attributes (capsule3DSolid : capsule3DSolid_hemiRings_4_cylRings_1_segments_12_halfLen_0.75_useTexCoords_false_useTangents_false) created and registered.
I0918 21:58:04.913564 1593316 AssetAttributesManager.cpp:117] Asset attributes (capsule3DWireframe : capsule3DWireframe_hemiRings_8_cylRings_1_segments_16_halfLen_1) created and registered.
I0918 21:58:04.913592 1593316 AssetAttributesManager.cpp:117] Asset attributes (coneSolid : coneSolid_segments_12_halfLen_1.25_rings_1_useTexCoords_false_useTangents_false_capEnd_true) created and registered.
I0918 21:58:04.913610 1593316 AssetAttributesManager.cpp:117] Asset attributes (coneWireframe : coneWireframe_segments_32_halfLen_1.25) created and registered.
I0918 21:58:04.913622 1593316 AssetAttributesManager.cpp:117] Asset attributes (cubeSolid : cubeSolid) created and registered.
I0918 21:58:04.913640 1593316 AssetAttributesManager.cpp:117] Asset attributes (cubeWireframe : cubeWireframe) created and registered.
I0918 21:58:04.913664 1593316 AssetAttributesManager.cpp:117] Asset attributes (cylinderSolid : cylinderSolid_rings_1_segments_12_halfLen_1_useTexCoords_false_useTangents_false_capEnds_true) created and registered.
I0918 21:58:04.913687 1593316 AssetAttributesManager.cpp:117] Asset attributes (cylinderWireframe : cylinderWireframe_rings_1_segments_32_halfLen_1) created and registered.
I0918 21:58:04.913702 1593316 AssetAttributesManager.cpp:117] Asset attributes (icosphereSolid : icosphereSolid_subdivs_1) created and registered.
I0918 21:58:04.913712 1593316 AssetAttributesManager.cpp:117] Asset attributes (icosphereWireframe : icosphereWireframe_subdivs_1) created and registered.
I0918 21:58:04.913728 1593316 AssetAttributesManager.cpp:117] Asset attributes (uvSphereSolid : uvSphereSolid_rings_8_segments_16_useTexCoords_false_useTangents_false) created and registered.
I0918 21:58:04.913746 1593316 AssetAttributesManager.cpp:117] Asset attributes (uvSphereWireframe : uvSphereWireframe_rings_16_segments_32) created and registered.
I0918 21:58:04.913754 1593316 AssetAttributesManager.cpp:105] AssetAttributesManager::buildCtorFuncPtrMaps : Built default primitive asset templates : 12
I0918 21:58:04.914252 1593316 SceneDatasetAttributesManager.cpp:23] File (default) not found, so new default dataset attributes created and registered.
I0918 21:58:04.914255 1593316 MetadataMediator.cpp:47] MetadataMediator::createDataset : Dataset default successfully created.
I0918 21:58:04.914490 1593316 AttributesManagerBase.h:283] AttributesManager<T>::createFromJsonOrDefaultInternal  (Physics Manager) : Proposing JSON name : ./data/default.physics_config.json from original name : ./data/default.physics_config.json | This file  does not exist.
I0918 21:58:04.914505 1593316 PhysicsAttributesManager.cpp:27] File (./data/default.physics_config.json) not found, so new default physics manager attributes created and registered.
I0918 21:58:04.914508 1593316 AbstractObjectAttributesManagerBase.h:175] AbstractObjectAttributesManager<T>::createObject  (Stage) : Making attributes with handle : /mnt/data_nas/deeprobotics/daiyang/vla/third_party/ETP-R1/data/scene_datasets/mp3d/82sE5b5pLXE/82sE5b5pLXE.glb
I0918 21:58:04.914512 1593316 ManagedContainerBase.cpp:19] ManagedContainerBase::convertFilenameToJSON : Filename : /mnt/data_nas/deeprobotics/daiyang/vla/third_party/ETP-R1/data/scene_datasets/mp3d/82sE5b5pLXE/82sE5b5pLXE.glb changed to proposed JSON configuration filename : /mnt/data_nas/deeprobotics/daiyang/vla/third_party/ETP-R1/data/scene_datasets/mp3d/82sE5b5pLXE/82sE5b5pLXE.stage_config.json
I0918 21:58:04.914530 1593316 AttributesManagerBase.h:283] AttributesManager<T>::createFromJsonOrDefaultInternal  (Stage) : Proposing JSON name : /mnt/data_nas/deeprobotics/daiyang/vla/third_party/ETP-R1/data/scene_datasets/mp3d/82sE5b5pLXE/82sE5b5pLXE.stage_config.json from original name : /mnt/data_nas/deeprobotics/daiyang/vla/third_party/ETP-R1/data/scene_datasets/mp3d/82sE5b5pLXE/82sE5b5pLXE.glb | This file  does not exist.
I0918 21:58:04.914587 1593316 AbstractObjectAttributesManagerBase.h:181] AbstractObjectAttributesManager<T>::createObject  (Stage) : Done making attributes with handle : /mnt/data_nas/deeprobotics/daiyang/vla/third_party/ETP-R1/data/scene_datasets/mp3d/82sE5b5pLXE/82sE5b5pLXE.glb
I0918 21:58:04.914588 1593316 AbstractObjectAttributesManagerBase.h:188] File (/mnt/data_nas/deeprobotics/daiyang/vla/third_party/ETP-R1/data/scene_datasets/mp3d/82sE5b5pLXE/82sE5b5pLXE.glb) exists but is not a recognized config filename extension, so new default Stage attributes created and registered.
I0918 21:58:04.914594 1593316 Simulator.cpp:156] Loading navmesh from /mnt/data_nas/deeprobotics/daiyang/vla/third_party/ETP-R1/data/scene_datasets/mp3d/82sE5b5pLXE/82sE5b5pLXE.navmesh
I0918 21:58:04.915624 1593316 Simulator.cpp:158] Loaded.
I0918 21:58:04.915633 1593316 SceneGraph.h:93] Created DrawableGroup: 
Renderer: NVIDIA GeForce RTX 5090/PCIe/SSE2 by NVIDIA Corporation
OpenGL version: 4.6.0 NVIDIA 580.126.09
Using optional features:
    GL_ARB_ES2_compatibility
    GL_ARB_direct_state_access
    GL_ARB_get_texture_sub_image
    GL_ARB_invalidate_subdata
    GL_ARB_multi_bind
    GL_ARB_robustness
    GL_ARB_separate_shader_objects
    GL_ARB_texture_filter_anisotropic
    GL_ARB_texture_storage
    GL_ARB_texture_storage_multisample
    GL_ARB_vertex_array_object
    GL_KHR_debug
Using driver workarounds:
    no-forward-compatible-core-context
    nv-egl-incorrect-gl11-function-pointers
    no-layout-qualifiers-on-old-glsl
    nv-zero-context-profile-mask
    nv-implementation-color-read-format-dsa-broken
    nv-cubemap-inconsistent-compressed-image-size
    nv-cubemap-broken-full-compressed-image-query
    nv-compressed-block-size-in-bits
I0918 21:58:04.920109 1593316 ResourceManager.cpp:234] ResourceManager::loadStage : Not loading semantic mesh
I0918 21:58:04.920120 1593316 ResourceManager.cpp:262] ResourceManager::loadStage : start load render asset /mnt/data_nas/deeprobotics/daiyang/vla/third_party/ETP-R1/data/scene_datasets/mp3d/82sE5b5pLXE/82sE5b5pLXE.glb.
I0918 21:58:04.920123 1593316 ResourceManager.cpp:569] ResourceManager::loadStageInternal : Attempting to load stage /mnt/data_nas/deeprobotics/daiyang/vla/third_party/ETP-R1/data/scene_datasets/mp3d/82sE5b5pLXE/82sE5b5pLXE.glb 
I0918 21:58:04.920143 1593316 ResourceManager.cpp:1119] Importing Basis files as BC7 for 82sE5b5pLXE.glb
W0918 21:58:07.048367 1593316 Simulator.cpp:248] :
---
 The active scene does not contain semantic annotations. 
---
I0918 21:58:07.085649 1593316 simulator.py:213] Loaded navmesh /mnt/data_nas/deeprobotics/daiyang/vla/third_party/ETP-R1/data/scene_datasets/mp3d/82sE5b5pLXE/82sE5b5pLXE.navmesh
I0918 21:58:35.508317 1593316 PhysicsManager.cpp:33] Deconstructing PhysicsManager
I0918 21:58:35.508378 1593316 SemanticScene.h:41] Deconstructing SemanticScene
I0918 21:58:35.510000 1593316 SceneManager.h:25] Deconstructing SceneManager
I0918 21:58:35.510010 1593316 SceneGraph.h:26] Deconstructing SceneGraph
I0918 21:58:35.510324 1593316 Sensor.h:87] Deconstructing Sensor
I0918 21:58:35.513690 1593316 Renderer.cpp:34] Deconstructing Renderer
I0918 21:58:35.513717 1593316 WindowlessContext.h:17] Deconstructing WindowlessContext
I0918 21:58:35.518608 1593316 ManagedContainerBase.cpp:19] ManagedContainerBase::convertFilenameToJSON : Filename : default changed to proposed JSON configuration filename : default.scene_dataset_config.json
I0918 21:58:35.518626 1593316 AttributesManagerBase.h:283] AttributesManager<T>::createFromJsonOrDefaultInternal  (Dataset) : Proposing JSON name : default.scene_dataset_config.json from original name : default | This file  does not exist.
I0918 21:58:35.518841 1593316 AssetAttributesManager.cpp:117] Asset attributes (capsule3DSolid : capsule3DSolid_hemiRings_4_cylRings_1_segments_12_halfLen_0.75_useTexCoords_false_useTangents_false) created and registered.
I0918 21:58:35.518869 1593316 AssetAttributesManager.cpp:117] Asset attributes (capsule3DWireframe : capsule3DWireframe_hemiRings_8_cylRings_1_segments_16_halfLen_1) created and registered.
I0918 21:58:35.518894 1593316 AssetAttributesManager.cpp:117] Asset attributes (coneSolid : coneSolid_segments_12_halfLen_1.25_rings_1_useTexCoords_false_useTangents_false_capEnd_true) created and registered.
I0918 21:58:35.518908 1593316 AssetAttributesManager.cpp:117] Asset attributes (coneWireframe : coneWireframe_segments_32_halfLen_1.25) created and registered.
I0918 21:58:35.518918 1593316 AssetAttributesManager.cpp:117] Asset attributes (cubeSolid : cubeSolid) created and registered.
I0918 21:58:35.518923 1593316 AssetAttributesManager.cpp:117] Asset attributes (cubeWireframe : cubeWireframe) created and registered.
I0918 21:58:35.518944 1593316 AssetAttributesManager.cpp:117] Asset attributes (cylinderSolid : cylinderSolid_rings_1_segments_12_halfLen_1_useTexCoords_false_useTangents_false_capEnds_true) created and registered.
I0918 21:58:35.518960 1593316 AssetAttributesManager.cpp:117] Asset attributes (cylinderWireframe : cylinderWireframe_rings_1_segments_32_halfLen_1) created and registered.
I0918 21:58:35.518978 1593316 AssetAttributesManager.cpp:117] Asset attributes (icosphereSolid : icosphereSolid_subdivs_1) created and registered.
I0918 21:58:35.518988 1593316 AssetAttributesManager.cpp:117] Asset attributes (icosphereWireframe : icosphereWireframe_subdivs_1) created and registered.
I0918 21:58:35.519003 1593316 AssetAttributesManager.cpp:117] Asset attributes (uvSphereSolid : uvSphereSolid_rings_8_segments_16_useTexCoords_false_useTangents_false) created and registered.
I0918 21:58:35.519016 1593316 AssetAttributesManager.cpp:117] Asset attributes (uvSphereWireframe : uvSphereWireframe_rings_16_segments_32) created and registered.
I0918 21:58:35.519023 1593316 AssetAttributesManager.cpp:105] AssetAttributesManager::buildCtorFuncPtrMaps : Built default primitive asset templates : 12
I0918 21:58:35.519438 1593316 SceneDatasetAttributesManager.cpp:23] File (default) not found, so new default dataset attributes created and registered.
I0918 21:58:35.519440 1593316 MetadataMediator.cpp:47] MetadataMediator::createDataset : Dataset default successfully created.
I0918 21:58:35.519654 1593316 AttributesManagerBase.h:283] AttributesManager<T>::createFromJsonOrDefaultInternal  (Physics Manager) : Proposing JSON name : ./data/default.physics_config.json from original name : ./data/default.physics_config.json | This file  does not exist.
I0918 21:58:35.519666 1593316 PhysicsAttributesManager.cpp:27] File (./data/default.physics_config.json) not found, so new default physics manager attributes created and registered.
I0918 21:58:35.519670 1593316 AbstractObjectAttributesManagerBase.h:175] AbstractObjectAttributesManager<T>::createObject  (Stage) : Making attributes with handle : /mnt/data_nas/deeprobotics/daiyang/vla/third_party/ETP-R1/data/scene_datasets/mp3d/B6ByNegPMKs/B6ByNegPMKs.glb
I0918 21:58:35.519675 1593316 ManagedContainerBase.cpp:19] ManagedContainerBase::convertFilenameToJSON : Filename : /mnt/data_nas/deeprobotics/daiyang/vla/third_party/ETP-R1/data/scene_datasets/mp3d/B6ByNegPMKs/B6ByNegPMKs.glb changed to proposed JSON configuration filename : /mnt/data_nas/deeprobotics/daiyang/vla/third_party/ETP-R1/data/scene_datasets/mp3d/B6ByNegPMKs/B6ByNegPMKs.stage_config.json
I0918 21:58:35.520545 1593316 AttributesManagerBase.h:283] AttributesManager<T>::createFromJsonOrDefaultInternal  (Stage) : Proposing JSON name : /mnt/data_nas/deeprobotics/daiyang/vla/third_party/ETP-R1/data/scene_datasets/mp3d/B6ByNegPMKs/B6ByNegPMKs.stage_config.json from original name : /mnt/data_nas/deeprobotics/daiyang/vla/third_party/ETP-R1/data/scene_datasets/mp3d/B6ByNegPMKs/B6ByNegPMKs.glb | This file  does not exist.
I0918 21:58:35.520596 1593316 AbstractObjectAttributesManagerBase.h:181] AbstractObjectAttributesManager<T>::createObject  (Stage) : Done making attributes with handle : /mnt/data_nas/deeprobotics/daiyang/vla/third_party/ETP-R1/data/scene_datasets/mp3d/B6ByNegPMKs/B6ByNegPMKs.glb
I0918 21:58:35.520597 1593316 AbstractObjectAttributesManagerBase.h:188] File (/mnt/data_nas/deeprobotics/daiyang/vla/third_party/ETP-R1/data/scene_datasets/mp3d/B6ByNegPMKs/B6ByNegPMKs.glb) exists but is not a recognized config filename extension, so new default Stage attributes created and registered.
I0918 21:58:35.520603 1593316 Simulator.cpp:156] Loading navmesh from /mnt/data_nas/deeprobotics/daiyang/vla/third_party/ETP-R1/data/scene_datasets/mp3d/B6ByNegPMKs/B6ByNegPMKs.navmesh
I0918 21:58:35.522003 1593316 Simulator.cpp:158] Loaded.
I0918 21:58:35.522012 1593316 SceneGraph.h:93] Created DrawableGroup: 
Renderer: NVIDIA GeForce RTX 5090/PCIe/SSE2 by NVIDIA Corporation
OpenGL version: 4.6.0 NVIDIA 580.126.09
Using optional features:
    GL_ARB_ES2_compatibility
    GL_ARB_direct_state_access
    GL_ARB_get_texture_sub_image
    GL_ARB_invalidate_subdata
    GL_ARB_multi_bind
    GL_ARB_robustness
    GL_ARB_separate_shader_objects
    GL_ARB_texture_filter_anisotropic
    GL_ARB_texture_storage
    GL_ARB_texture_storage_multisample
    GL_ARB_vertex_array_object
    GL_KHR_debug
Using driver workarounds:
    no-forward-compatible-core-context
    nv-egl-incorrect-gl11-function-pointers
    no-layout-qualifiers-on-old-glsl
    nv-zero-context-profile-mask
    nv-implementation-color-read-format-dsa-broken
    nv-cubemap-inconsistent-compressed-image-size
    nv-cubemap-broken-full-compressed-image-query
    nv-compressed-block-size-in-bits
I0918 21:58:35.536229 1593316 ResourceManager.cpp:234] ResourceManager::loadStage : Not loading semantic mesh
I0918 21:58:35.536245 1593316 ResourceManager.cpp:262] ResourceManager::loadStage : start load render asset /mnt/data_nas/deeprobotics/daiyang/vla/third_party/ETP-R1/data/scene_datasets/mp3d/B6ByNegPMKs/B6ByNegPMKs.glb.
I0918 21:58:35.536247 1593316 ResourceManager.cpp:569] ResourceManager::loadStageInternal : Attempting to load stage /mnt/data_nas/deeprobotics/daiyang/vla/third_party/ETP-R1/data/scene_datasets/mp3d/B6ByNegPMKs/B6ByNegPMKs.glb 
I0918 21:58:35.536275 1593316 ResourceManager.cpp:1119] Importing Basis files as BC7 for B6ByNegPMKs.glb
W0918 21:58:45.498036 1593316 Simulator.cpp:248] :
---
 The active scene does not contain semantic annotations. 
---
I0918 21:58:45.699716 1593316 simulator.py:213] Loaded navmesh /mnt/data_nas/deeprobotics/daiyang/vla/third_party/ETP-R1/data/scene_datasets/mp3d/B6ByNegPMKs/B6ByNegPMKs.navmesh
I0918 22:00:45.446394 1593316 PhysicsManager.cpp:33] Deconstructing PhysicsManager
I0918 22:00:45.446455 1593316 SemanticScene.h:41] Deconstructing SemanticScene
I0918 22:00:45.462808 1593316 SceneManager.h:25] Deconstructing SceneManager
I0918 22:00:45.462829 1593316 SceneGraph.h:26] Deconstructing SceneGraph
I0918 22:00:45.463336 1593316 Sensor.h:87] Deconstructing Sensor
I0918 22:00:45.477877 1593316 Renderer.cpp:34] Deconstructing Renderer
I0918 22:00:45.477911 1593316 WindowlessContext.h:17] Deconstructing WindowlessContext
I0918 22:00:45.497238 1593316 ManagedContainerBase.cpp:19] ManagedContainerBase::convertFilenameToJSON : Filename : default changed to proposed JSON configuration filename : default.scene_dataset_config.json
I0918 22:00:45.497262 1593316 AttributesManagerBase.h:283] AttributesManager<T>::createFromJsonOrDefaultInternal  (Dataset) : Proposing JSON name : default.scene_dataset_config.json from original name : default | This file  does not exist.
I0918 22:00:45.497411 1593316 AssetAttributesManager.cpp:117] Asset attributes (capsule3DSolid : capsule3DSolid_hemiRings_4_cylRings_1_segments_12_halfLen_0.75_useTexCoords_false_useTangents_false) created and registered.
I0918 22:00:45.497438 1593316 AssetAttributesManager.cpp:117] Asset attributes (capsule3DWireframe : capsule3DWireframe_hemiRings_8_cylRings_1_segments_16_halfLen_1) created and registered.
I0918 22:00:45.497462 1593316 AssetAttributesManager.cpp:117] Asset attributes (coneSolid : coneSolid_segments_12_halfLen_1.25_rings_1_useTexCoords_false_useTangents_false_capEnd_true) created and registered.
I0918 22:00:45.497475 1593316 AssetAttributesManager.cpp:117] Asset attributes (coneWireframe : coneWireframe_segments_32_halfLen_1.25) created and registered.
I0918 22:00:45.497485 1593316 AssetAttributesManager.cpp:117] Asset attributes (cubeSolid : cubeSolid) created and registered.
I0918 22:00:45.497491 1593316 AssetAttributesManager.cpp:117] Asset attributes (cubeWireframe : cubeWireframe) created and registered.
I0918 22:00:45.497511 1593316 AssetAttributesManager.cpp:117] Asset attributes (cylinderSolid : cylinderSolid_rings_1_segments_12_halfLen_1_useTexCoords_false_useTangents_false_capEnds_true) created and registered.
I0918 22:00:45.497529 1593316 AssetAttributesManager.cpp:117] Asset attributes (cylinderWireframe : cylinderWireframe_rings_1_segments_32_halfLen_1) created and registered.
I0918 22:00:45.497539 1593316 AssetAttributesManager.cpp:117] Asset attributes (icosphereSolid : icosphereSolid_subdivs_1) created and registered.
I0918 22:00:45.497548 1593316 AssetAttributesManager.cpp:117] Asset attributes (icosphereWireframe : icosphereWireframe_subdivs_1) created and registered.
I0918 22:00:45.497570 1593316 AssetAttributesManager.cpp:117] Asset attributes (uvSphereSolid : uvSphereSolid_rings_8_segments_16_useTexCoords_false_useTangents_false) created and registered.
I0918 22:00:45.497582 1593316 AssetAttributesManager.cpp:117] Asset attributes (uvSphereWireframe : uvSphereWireframe_rings_16_segments_32) created and registered.
I0918 22:00:45.497589 1593316 AssetAttributesManager.cpp:105] AssetAttributesManager::buildCtorFuncPtrMaps : Built default primitive asset templates : 12
I0918 22:00:45.497987 1593316 SceneDatasetAttributesManager.cpp:23] File (default) not found, so new default dataset attributes created and registered.
I0918 22:00:45.497988 1593316 MetadataMediator.cpp:47] MetadataMediator::createDataset : Dataset default successfully created.
I0918 22:00:45.498181 1593316 AttributesManagerBase.h:283] AttributesManager<T>::createFromJsonOrDefaultInternal  (Physics Manager) : Proposing JSON name : ./data/default.physics_config.json from original name : ./data/default.physics_config.json | This file  does not exist.
I0918 22:00:45.498193 1593316 PhysicsAttributesManager.cpp:27] File (./data/default.physics_config.json) not found, so new default physics manager attributes created and registered.
I0918 22:00:45.498196 1593316 AbstractObjectAttributesManagerBase.h:175] AbstractObjectAttributesManager<T>::createObject  (Stage) : Making attributes with handle : /mnt/data_nas/deeprobotics/daiyang/vla/third_party/ETP-R1/data/scene_datasets/mp3d/PuKPg4mmafe/PuKPg4mmafe.glb
I0918 22:00:45.498200 1593316 ManagedContainerBase.cpp:19] ManagedContainerBase::convertFilenameToJSON : Filename : /mnt/data_nas/deeprobotics/daiyang/vla/third_party/ETP-R1/data/scene_datasets/mp3d/PuKPg4mmafe/PuKPg4mmafe.glb changed to proposed JSON configuration filename : /mnt/data_nas/deeprobotics/daiyang/vla/third_party/ETP-R1/data/scene_datasets/mp3d/PuKPg4mmafe/PuKPg4mmafe.stage_config.json
I0918 22:00:45.498212 1593316 AttributesManagerBase.h:283] AttributesManager<T>::createFromJsonOrDefaultInternal  (Stage) : Proposing JSON name : /mnt/data_nas/deeprobotics/daiyang/vla/third_party/ETP-R1/data/scene_datasets/mp3d/PuKPg4mmafe/PuKPg4mmafe.stage_config.json from original name : /mnt/data_nas/deeprobotics/daiyang/vla/third_party/ETP-R1/data/scene_datasets/mp3d/PuKPg4mmafe/PuKPg4mmafe.glb | This file  does not exist.
I0918 22:00:45.498260 1593316 AbstractObjectAttributesManagerBase.h:181] AbstractObjectAttributesManager<T>::createObject  (Stage) : Done making attributes with handle : /mnt/data_nas/deeprobotics/daiyang/vla/third_party/ETP-R1/data/scene_datasets/mp3d/PuKPg4mmafe/PuKPg4mmafe.glb
I0918 22:00:45.498262 1593316 AbstractObjectAttributesManagerBase.h:188] File (/mnt/data_nas/deeprobotics/daiyang/vla/third_party/ETP-R1/data/scene_datasets/mp3d/PuKPg4mmafe/PuKPg4mmafe.glb) exists but is not a recognized config filename extension, so new default Stage attributes created and registered.
I0918 22:00:45.498267 1593316 Simulator.cpp:156] Loading navmesh from /mnt/data_nas/deeprobotics/daiyang/vla/third_party/ETP-R1/data/scene_datasets/mp3d/PuKPg4mmafe/PuKPg4mmafe.navmesh
I0918 22:00:45.499368 1593316 Simulator.cpp:158] Loaded.
I0918 22:00:45.499378 1593316 SceneGraph.h:93] Created DrawableGroup: 
Renderer: NVIDIA GeForce RTX 5090/PCIe/SSE2 by NVIDIA Corporation
OpenGL version: 4.6.0 NVIDIA 580.126.09
Using optional features:
    GL_ARB_ES2_compatibility
    GL_ARB_direct_state_access
    GL_ARB_get_texture_sub_image
    GL_ARB_invalidate_subdata
    GL_ARB_multi_bind
    GL_ARB_robustness
    GL_ARB_separate_shader_objects
    GL_ARB_texture_filter_anisotropic
    GL_ARB_texture_storage
    GL_ARB_texture_storage_multisample
    GL_ARB_vertex_array_object
    GL_KHR_debug
Using driver workarounds:
    no-forward-compatible-core-context
    nv-egl-incorrect-gl11-function-pointers
    no-layout-qualifiers-on-old-glsl
    nv-zero-context-profile-mask
    nv-implementation-color-read-format-dsa-broken
    nv-cubemap-inconsistent-compressed-image-size
    nv-cubemap-broken-full-compressed-image-query
    nv-compressed-block-size-in-bits
I0918 22:00:45.503105 1593316 ResourceManager.cpp:234] ResourceManager::loadStage : Not loading semantic mesh
I0918 22:00:45.503115 1593316 ResourceManager.cpp:262] ResourceManager::loadStage : start load render asset /mnt/data_nas/deeprobotics/daiyang/vla/third_party/ETP-R1/data/scene_datasets/mp3d/PuKPg4mmafe/PuKPg4mmafe.glb.
I0918 22:00:45.503118 1593316 ResourceManager.cpp:569] ResourceManager::loadStageInternal : Attempting to load stage /mnt/data_nas/deeprobotics/daiyang/vla/third_party/ETP-R1/data/scene_datasets/mp3d/PuKPg4mmafe/PuKPg4mmafe.glb 
I0918 22:00:45.503134 1593316 ResourceManager.cpp:1119] Importing Basis files as BC7 for PuKPg4mmafe.glb
W0918 22:00:50.177651 1593316 Simulator.cpp:248] :
---
 The active scene does not contain semantic annotations. 
---
I0918 22:00:50.198262 1593316 simulator.py:213] Loaded navmesh /mnt/data_nas/deeprobotics/daiyang/vla/third_party/ETP-R1/data/scene_datasets/mp3d/PuKPg4mmafe/PuKPg4mmafe.navmesh
I0918 22:01:36.188874 1593316 PhysicsManager.cpp:33] Deconstructing PhysicsManager
I0918 22:01:36.188916 1593316 SemanticScene.h:41] Deconstructing SemanticScene
I0918 22:01:36.189692 1593316 SceneManager.h:25] Deconstructing SceneManager
I0918 22:01:36.189697 1593316 SceneGraph.h:26] Deconstructing SceneGraph
I0918 22:01:36.189904 1593316 Sensor.h:87] Deconstructing Sensor
I0918 22:01:36.194311 1593316 Renderer.cpp:34] Deconstructing Renderer
I0918 22:01:36.194339 1593316 WindowlessContext.h:17] Deconstructing WindowlessContext
I0918 22:01:36.210112 1593316 ManagedContainerBase.cpp:19] ManagedContainerBase::convertFilenameToJSON : Filename : default changed to proposed JSON configuration filename : default.scene_dataset_config.json
I0918 22:01:36.210132 1593316 AttributesManagerBase.h:283] AttributesManager<T>::createFromJsonOrDefaultInternal  (Dataset) : Proposing JSON name : default.scene_dataset_config.json from original name : default | This file  does not exist.
I0918 22:01:36.210299 1593316 AssetAttributesManager.cpp:117] Asset attributes (capsule3DSolid : capsule3DSolid_hemiRings_4_cylRings_1_segments_12_halfLen_0.75_useTexCoords_false_useTangents_false) created and registered.
I0918 22:01:36.210325 1593316 AssetAttributesManager.cpp:117] Asset attributes (capsule3DWireframe : capsule3DWireframe_hemiRings_8_cylRings_1_segments_16_halfLen_1) created and registered.
I0918 22:01:36.210348 1593316 AssetAttributesManager.cpp:117] Asset attributes (coneSolid : coneSolid_segments_12_halfLen_1.25_rings_1_useTexCoords_false_useTangents_false_capEnd_true) created and registered.
I0918 22:01:36.210362 1593316 AssetAttributesManager.cpp:117] Asset attributes (coneWireframe : coneWireframe_segments_32_halfLen_1.25) created and registered.
I0918 22:01:36.210371 1593316 AssetAttributesManager.cpp:117] Asset attributes (cubeSolid : cubeSolid) created and registered.
I0918 22:01:36.210378 1593316 AssetAttributesManager.cpp:117] Asset attributes (cubeWireframe : cubeWireframe) created and registered.
I0918 22:01:36.210397 1593316 AssetAttributesManager.cpp:117] Asset attributes (cylinderSolid : cylinderSolid_rings_1_segments_12_halfLen_1_useTexCoords_false_useTangents_false_capEnds_true) created and registered.
I0918 22:01:36.210413 1593316 AssetAttributesManager.cpp:117] Asset attributes (cylinderWireframe : cylinderWireframe_rings_1_segments_32_halfLen_1) created and registered.
I0918 22:01:36.210424 1593316 AssetAttributesManager.cpp:117] Asset attributes (icosphereSolid : icosphereSolid_subdivs_1) created and registered.
I0918 22:01:36.210433 1593316 AssetAttributesManager.cpp:117] Asset attributes (icosphereWireframe : icosphereWireframe_subdivs_1) created and registered.
I0918 22:01:36.210446 1593316 AssetAttributesManager.cpp:117] Asset attributes (uvSphereSolid : uvSphereSolid_rings_8_segments_16_useTexCoords_false_useTangents_false) created and registered.
I0918 22:01:36.210459 1593316 AssetAttributesManager.cpp:117] Asset attributes (uvSphereWireframe : uvSphereWireframe_rings_16_segments_32) created and registered.
I0918 22:01:36.210465 1593316 AssetAttributesManager.cpp:105] AssetAttributesManager::buildCtorFuncPtrMaps : Built default primitive asset templates : 12
I0918 22:01:36.210868 1593316 SceneDatasetAttributesManager.cpp:23] File (default) not found, so new default dataset attributes created and registered.
I0918 22:01:36.210870 1593316 MetadataMediator.cpp:47] MetadataMediator::createDataset : Dataset default successfully created.
I0918 22:01:36.211053 1593316 AttributesManagerBase.h:283] AttributesManager<T>::createFromJsonOrDefaultInternal  (Physics Manager) : Proposing JSON name : ./data/default.physics_config.json from original name : ./data/default.physics_config.json | This file  does not exist.
I0918 22:01:36.211066 1593316 PhysicsAttributesManager.cpp:27] File (./data/default.physics_config.json) not found, so new default physics manager attributes created and registered.
I0918 22:01:36.211068 1593316 AbstractObjectAttributesManagerBase.h:175] AbstractObjectAttributesManager<T>::createObject  (Stage) : Making attributes with handle : /mnt/data_nas/deeprobotics/daiyang/vla/third_party/ETP-R1/data/scene_datasets/mp3d/XcA2TqTSSAj/XcA2TqTSSAj.glb
I0918 22:01:36.211072 1593316 ManagedContainerBase.cpp:19] ManagedContainerBase::convertFilenameToJSON : Filename : /mnt/data_nas/deeprobotics/daiyang/vla/third_party/ETP-R1/data/scene_datasets/mp3d/XcA2TqTSSAj/XcA2TqTSSAj.glb changed to proposed JSON configuration filename : /mnt/data_nas/deeprobotics/daiyang/vla/third_party/ETP-R1/data/scene_datasets/mp3d/XcA2TqTSSAj/XcA2TqTSSAj.stage_config.json
I0918 22:01:36.211086 1593316 AttributesManagerBase.h:283] AttributesManager<T>::createFromJsonOrDefaultInternal  (Stage) : Proposing JSON name : /mnt/data_nas/deeprobotics/daiyang/vla/third_party/ETP-R1/data/scene_datasets/mp3d/XcA2TqTSSAj/XcA2TqTSSAj.stage_config.json from original name : /mnt/data_nas/deeprobotics/daiyang/vla/third_party/ETP-R1/data/scene_datasets/mp3d/XcA2TqTSSAj/XcA2TqTSSAj.glb | This file  does not exist.
I0918 22:01:36.211133 1593316 AbstractObjectAttributesManagerBase.h:181] AbstractObjectAttributesManager<T>::createObject  (Stage) : Done making attributes with handle : /mnt/data_nas/deeprobotics/daiyang/vla/third_party/ETP-R1/data/scene_datasets/mp3d/XcA2TqTSSAj/XcA2TqTSSAj.glb
I0918 22:01:36.211135 1593316 AbstractObjectAttributesManagerBase.h:188] File (/mnt/data_nas/deeprobotics/daiyang/vla/third_party/ETP-R1/data/scene_datasets/mp3d/XcA2TqTSSAj/XcA2TqTSSAj.glb) exists but is not a recognized config filename extension, so new default Stage attributes created and registered.
I0918 22:01:36.211140 1593316 Simulator.cpp:156] Loading navmesh from /mnt/data_nas/deeprobotics/daiyang/vla/third_party/ETP-R1/data/scene_datasets/mp3d/XcA2TqTSSAj/XcA2TqTSSAj.navmesh
I0918 22:01:36.212189 1593316 Simulator.cpp:158] Loaded.
I0918 22:01:36.212196 1593316 SceneGraph.h:93] Created DrawableGroup: 
Renderer: NVIDIA GeForce RTX 5090/PCIe/SSE2 by NVIDIA Corporation
OpenGL version: 4.6.0 NVIDIA 580.126.09
Using optional features:
    GL_ARB_ES2_compatibility
    GL_ARB_direct_state_access
    GL_ARB_get_texture_sub_image
    GL_ARB_invalidate_subdata
    GL_ARB_multi_bind
    GL_ARB_robustness
    GL_ARB_separate_shader_objects
    GL_ARB_texture_filter_anisotropic
    GL_ARB_texture_storage
    GL_ARB_texture_storage_multisample
    GL_ARB_vertex_array_object
    GL_KHR_debug
Using driver workarounds:
    no-forward-compatible-core-context
    nv-egl-incorrect-gl11-function-pointers
    no-layout-qualifiers-on-old-glsl
    nv-zero-context-profile-mask
    nv-implementation-color-read-format-dsa-broken
    nv-cubemap-inconsistent-compressed-image-size
    nv-cubemap-broken-full-compressed-image-query
    nv-compressed-block-size-in-bits
I0918 22:01:36.215763 1593316 ResourceManager.cpp:234] ResourceManager::loadStage : Not loading semantic mesh
I0918 22:01:36.215772 1593316 ResourceManager.cpp:262] ResourceManager::loadStage : start load render asset /mnt/data_nas/deeprobotics/daiyang/vla/third_party/ETP-R1/data/scene_datasets/mp3d/XcA2TqTSSAj/XcA2TqTSSAj.glb.
I0918 22:01:36.215775 1593316 ResourceManager.cpp:569] ResourceManager::loadStageInternal : Attempting to load stage /mnt/data_nas/deeprobotics/daiyang/vla/third_party/ETP-R1/data/scene_datasets/mp3d/XcA2TqTSSAj/XcA2TqTSSAj.glb 
I0918 22:01:36.215793 1593316 ResourceManager.cpp:1119] Importing Basis files as BC7 for XcA2TqTSSAj.glb
W0918 22:01:38.253371 1593316 Simulator.cpp:248] :
---
 The active scene does not contain semantic annotations. 
---
I0918 22:01:38.302480 1593316 simulator.py:213] Loaded navmesh /mnt/data_nas/deeprobotics/daiyang/vla/third_party/ETP-R1/data/scene_datasets/mp3d/XcA2TqTSSAj/XcA2TqTSSAj.navmesh
I0918 22:04:56.360529 1593316 PhysicsManager.cpp:33] Deconstructing PhysicsManager
I0918 22:04:56.360592 1593316 SemanticScene.h:41] Deconstructing SemanticScene
I0918 22:04:56.363976 1593316 SceneManager.h:25] Deconstructing SceneManager
I0918 22:04:56.363987 1593316 SceneGraph.h:26] Deconstructing SceneGraph
I0918 22:04:56.364629 1593316 Sensor.h:87] Deconstructing Sensor
I0918 22:04:56.369565 1593316 Renderer.cpp:34] Deconstructing Renderer
I0918 22:04:56.369586 1593316 WindowlessContext.h:17] Deconstructing WindowlessContext
I0918 22:04:56.378082 1593316 ManagedContainerBase.cpp:19] ManagedContainerBase::convertFilenameToJSON : Filename : default changed to proposed JSON configuration filename : default.scene_dataset_config.json
I0918 22:04:56.378103 1593316 AttributesManagerBase.h:283] AttributesManager<T>::createFromJsonOrDefaultInternal  (Dataset) : Proposing JSON name : default.scene_dataset_config.json from original name : default | This file  does not exist.
I0918 22:04:56.378391 1593316 AssetAttributesManager.cpp:117] Asset attributes (capsule3DSolid : capsule3DSolid_hemiRings_4_cylRings_1_segments_12_halfLen_0.75_useTexCoords_false_useTangents_false) created and registered.
I0918 22:04:56.378430 1593316 AssetAttributesManager.cpp:117] Asset attributes (capsule3DWireframe : capsule3DWireframe_hemiRings_8_cylRings_1_segments_16_halfLen_1) created and registered.
I0918 22:04:56.378465 1593316 AssetAttributesManager.cpp:117] Asset attributes (coneSolid : coneSolid_segments_12_halfLen_1.25_rings_1_useTexCoords_false_useTangents_false_capEnd_true) created and registered.
I0918 22:04:56.378489 1593316 AssetAttributesManager.cpp:117] Asset attributes (coneWireframe : coneWireframe_segments_32_halfLen_1.25) created and registered.
I0918 22:04:56.378500 1593316 AssetAttributesManager.cpp:117] Asset attributes (cubeSolid : cubeSolid) created and registered.
I0918 22:04:56.378510 1593316 AssetAttributesManager.cpp:117] Asset attributes (cubeWireframe : cubeWireframe) created and registered.
I0918 22:04:56.378542 1593316 AssetAttributesManager.cpp:117] Asset attributes (cylinderSolid : cylinderSolid_rings_1_segments_12_halfLen_1_useTexCoords_false_useTangents_false_capEnds_true) created and registered.
I0918 22:04:56.378571 1593316 AssetAttributesManager.cpp:117] Asset attributes (cylinderWireframe : cylinderWireframe_rings_1_segments_32_halfLen_1) created and registered.
I0918 22:04:56.378587 1593316 AssetAttributesManager.cpp:117] Asset attributes (icosphereSolid : icosphereSolid_subdivs_1) created and registered.
I0918 22:04:56.378599 1593316 AssetAttributesManager.cpp:117] Asset attributes (icosphereWireframe : icosphereWireframe_subdivs_1) created and registered.
I0918 22:04:56.378620 1593316 AssetAttributesManager.cpp:117] Asset attributes (uvSphereSolid : uvSphereSolid_rings_8_segments_16_useTexCoords_false_useTangents_false) created and registered.
I0918 22:04:56.378639 1593316 AssetAttributesManager.cpp:117] Asset attributes (uvSphereWireframe : uvSphereWireframe_rings_16_segments_32) created and registered.
I0918 22:04:56.378649 1593316 AssetAttributesManager.cpp:105] AssetAttributesManager::buildCtorFuncPtrMaps : Built default primitive asset templates : 12
I0918 22:04:56.379311 1593316 SceneDatasetAttributesManager.cpp:23] File (default) not found, so new default dataset attributes created and registered.
I0918 22:04:56.379314 1593316 MetadataMediator.cpp:47] MetadataMediator::createDataset : Dataset default successfully created.
I0918 22:04:56.379565 1593316 AttributesManagerBase.h:283] AttributesManager<T>::createFromJsonOrDefaultInternal  (Physics Manager) : Proposing JSON name : ./data/default.physics_config.json from original name : ./data/default.physics_config.json | This file  does not exist.
I0918 22:04:56.379583 1593316 PhysicsAttributesManager.cpp:27] File (./data/default.physics_config.json) not found, so new default physics manager attributes created and registered.
I0918 22:04:56.379587 1593316 AbstractObjectAttributesManagerBase.h:175] AbstractObjectAttributesManager<T>::createObject  (Stage) : Making attributes with handle : /mnt/data_nas/deeprobotics/daiyang/vla/third_party/ETP-R1/data/scene_datasets/mp3d/aayBHfsNo7d/aayBHfsNo7d.glb
I0918 22:04:56.379593 1593316 ManagedContainerBase.cpp:19] ManagedContainerBase::convertFilenameToJSON : Filename : /mnt/data_nas/deeprobotics/daiyang/vla/third_party/ETP-R1/data/scene_datasets/mp3d/aayBHfsNo7d/aayBHfsNo7d.glb changed to proposed JSON configuration filename : /mnt/data_nas/deeprobotics/daiyang/vla/third_party/ETP-R1/data/scene_datasets/mp3d/aayBHfsNo7d/aayBHfsNo7d.stage_config.json
I0918 22:04:56.379609 1593316 AttributesManagerBase.h:283] AttributesManager<T>::createFromJsonOrDefaultInternal  (Stage) : Proposing JSON name : /mnt/data_nas/deeprobotics/daiyang/vla/third_party/ETP-R1/data/scene_datasets/mp3d/aayBHfsNo7d/aayBHfsNo7d.stage_config.json from original name : /mnt/data_nas/deeprobotics/daiyang/vla/third_party/ETP-R1/data/scene_datasets/mp3d/aayBHfsNo7d/aayBHfsNo7d.glb | This file  does not exist.
I0918 22:04:56.379683 1593316 AbstractObjectAttributesManagerBase.h:181] AbstractObjectAttributesManager<T>::createObject  (Stage) : Done making attributes with handle : /mnt/data_nas/deeprobotics/daiyang/vla/third_party/ETP-R1/data/scene_datasets/mp3d/aayBHfsNo7d/aayBHfsNo7d.glb
I0918 22:04:56.379685 1593316 AbstractObjectAttributesManagerBase.h:188] File (/mnt/data_nas/deeprobotics/daiyang/vla/third_party/ETP-R1/data/scene_datasets/mp3d/aayBHfsNo7d/aayBHfsNo7d.glb) exists but is not a recognized config filename extension, so new default Stage attributes created and registered.
I0918 22:04:56.379691 1593316 Simulator.cpp:156] Loading navmesh from /mnt/data_nas/deeprobotics/daiyang/vla/third_party/ETP-R1/data/scene_datasets/mp3d/aayBHfsNo7d/aayBHfsNo7d.navmesh
I0918 22:04:56.380609 1593316 Simulator.cpp:158] Loaded.
I0918 22:04:56.380618 1593316 SceneGraph.h:93] Created DrawableGroup: 
Renderer: NVIDIA GeForce RTX 5090/PCIe/SSE2 by NVIDIA Corporation
OpenGL version: 4.6.0 NVIDIA 580.126.09
Using optional features:
    GL_ARB_ES2_compatibility
    GL_ARB_direct_state_access
    GL_ARB_get_texture_sub_image
    GL_ARB_invalidate_subdata
    GL_ARB_multi_bind
    GL_ARB_robustness
    GL_ARB_separate_shader_objects
    GL_ARB_texture_filter_anisotropic
    GL_ARB_texture_storage
    GL_ARB_texture_storage_multisample
    GL_ARB_vertex_array_object
    GL_KHR_debug
Using driver workarounds:
    no-forward-compatible-core-context
    nv-egl-incorrect-gl11-function-pointers
    no-layout-qualifiers-on-old-glsl
    nv-zero-context-profile-mask
    nv-implementation-color-read-format-dsa-broken
    nv-cubemap-inconsistent-compressed-image-size
    nv-cubemap-broken-full-compressed-image-query
    nv-compressed-block-size-in-bits
I0918 22:04:56.384912 1593316 ResourceManager.cpp:234] ResourceManager::loadStage : Not loading semantic mesh
I0918 22:04:56.384923 1593316 ResourceManager.cpp:262] ResourceManager::loadStage : start load render asset /mnt/data_nas/deeprobotics/daiyang/vla/third_party/ETP-R1/data/scene_datasets/mp3d/aayBHfsNo7d/aayBHfsNo7d.glb.
I0918 22:04:56.384927 1593316 ResourceManager.cpp:569] ResourceManager::loadStageInternal : Attempting to load stage /mnt/data_nas/deeprobotics/daiyang/vla/third_party/ETP-R1/data/scene_datasets/mp3d/aayBHfsNo7d/aayBHfsNo7d.glb 
I0918 22:04:56.384946 1593316 ResourceManager.cpp:1119] Importing Basis files as BC7 for aayBHfsNo7d.glb
W0918 22:04:58.041752 1593316 Simulator.cpp:248] :
---
 The active scene does not contain semantic annotations. 
---
I0918 22:04:58.083567 1593316 simulator.py:213] Loaded navmesh /mnt/data_nas/deeprobotics/daiyang/vla/third_party/ETP-R1/data/scene_datasets/mp3d/aayBHfsNo7d/aayBHfsNo7d.navmesh
I0918 22:05:39.264604 1593316 PhysicsManager.cpp:33] Deconstructing PhysicsManager
I0918 22:05:39.264673 1593316 SemanticScene.h:41] Deconstructing SemanticScene
I0918 22:05:39.267805 1593316 SceneManager.h:25] Deconstructing SceneManager
I0918 22:05:39.267817 1593316 SceneGraph.h:26] Deconstructing SceneGraph
I0918 22:05:39.268105 1593316 Sensor.h:87] Deconstructing Sensor
I0918 22:05:39.271236 1593316 Renderer.cpp:34] Deconstructing Renderer
I0918 22:05:39.271260 1593316 WindowlessContext.h:17] Deconstructing WindowlessContext
I0918 22:05:39.278491 1593316 ManagedContainerBase.cpp:19] ManagedContainerBase::convertFilenameToJSON : Filename : default changed to proposed JSON configuration filename : default.scene_dataset_config.json
I0918 22:05:39.278509 1593316 AttributesManagerBase.h:283] AttributesManager<T>::createFromJsonOrDefaultInternal  (Dataset) : Proposing JSON name : default.scene_dataset_config.json from original name : default | This file  does not exist.
I0918 22:05:39.278738 1593316 AssetAttributesManager.cpp:117] Asset attributes (capsule3DSolid : capsule3DSolid_hemiRings_4_cylRings_1_segments_12_halfLen_0.75_useTexCoords_false_useTangents_false) created and registered.
I0918 22:05:39.278779 1593316 AssetAttributesManager.cpp:117] Asset attributes (capsule3DWireframe : capsule3DWireframe_hemiRings_8_cylRings_1_segments_16_halfLen_1) created and registered.
I0918 22:05:39.278813 1593316 AssetAttributesManager.cpp:117] Asset attributes (coneSolid : coneSolid_segments_12_halfLen_1.25_rings_1_useTexCoords_false_useTangents_false_capEnd_true) created and registered.
I0918 22:05:39.278836 1593316 AssetAttributesManager.cpp:117] Asset attributes (coneWireframe : coneWireframe_segments_32_halfLen_1.25) created and registered.
I0918 22:05:39.278848 1593316 AssetAttributesManager.cpp:117] Asset attributes (cubeSolid : cubeSolid) created and registered.
I0918 22:05:39.278857 1593316 AssetAttributesManager.cpp:117] Asset attributes (cubeWireframe : cubeWireframe) created and registered.
I0918 22:05:39.278887 1593316 AssetAttributesManager.cpp:117] Asset attributes (cylinderSolid : cylinderSolid_rings_1_segments_12_halfLen_1_useTexCoords_false_useTangents_false_capEnds_true) created and registered.
I0918 22:05:39.278914 1593316 AssetAttributesManager.cpp:117] Asset attributes (cylinderWireframe : cylinderWireframe_rings_1_segments_32_halfLen_1) created and registered.
I0918 22:05:39.278930 1593316 AssetAttributesManager.cpp:117] Asset attributes (icosphereSolid : icosphereSolid_subdivs_1) created and registered.
I0918 22:05:39.278944 1593316 AssetAttributesManager.cpp:117] Asset attributes (icosphereWireframe : icosphereWireframe_subdivs_1) created and registered.
I0918 22:05:39.278963 1593316 AssetAttributesManager.cpp:117] Asset attributes (uvSphereSolid : uvSphereSolid_rings_8_segments_16_useTexCoords_false_useTangents_false) created and registered.
I0918 22:05:39.278982 1593316 AssetAttributesManager.cpp:117] Asset attributes (uvSphereWireframe : uvSphereWireframe_rings_16_segments_32) created and registered.
I0918 22:05:39.278990 1593316 AssetAttributesManager.cpp:105] AssetAttributesManager::buildCtorFuncPtrMaps : Built default primitive asset templates : 12
I0918 22:05:39.279647 1593316 SceneDatasetAttributesManager.cpp:23] File (default) not found, so new default dataset attributes created and registered.
I0918 22:05:39.279650 1593316 MetadataMediator.cpp:47] MetadataMediator::createDataset : Dataset default successfully created.
I0918 22:05:39.279893 1593316 AttributesManagerBase.h:283] AttributesManager<T>::createFromJsonOrDefaultInternal  (Physics Manager) : Proposing JSON name : ./data/default.physics_config.json from original name : ./data/default.physics_config.json | This file  does not exist.
I0918 22:05:39.279909 1593316 PhysicsAttributesManager.cpp:27] File (./data/default.physics_config.json) not found, so new default physics manager attributes created and registered.
I0918 22:05:39.279922 1593316 AbstractObjectAttributesManagerBase.h:175] AbstractObjectAttributesManager<T>::createObject  (Stage) : Making attributes with handle : /mnt/data_nas/deeprobotics/daiyang/vla/third_party/ETP-R1/data/scene_datasets/mp3d/82sE5b5pLXE/82sE5b5pLXE.glb
I0918 22:05:39.279928 1593316 ManagedContainerBase.cpp:19] ManagedContainerBase::convertFilenameToJSON : Filename : /mnt/data_nas/deeprobotics/daiyang/vla/third_party/ETP-R1/data/scene_datasets/mp3d/82sE5b5pLXE/82sE5b5pLXE.glb changed to proposed JSON configuration filename : /mnt/data_nas/deeprobotics/daiyang/vla/third_party/ETP-R1/data/scene_datasets/mp3d/82sE5b5pLXE/82sE5b5pLXE.stage_config.json
I0918 22:05:39.280795 1593316 AttributesManagerBase.h:283] AttributesManager<T>::createFromJsonOrDefaultInternal  (Stage) : Proposing JSON name : /mnt/data_nas/deeprobotics/daiyang/vla/third_party/ETP-R1/data/scene_datasets/mp3d/82sE5b5pLXE/82sE5b5pLXE.stage_config.json from original name : /mnt/data_nas/deeprobotics/daiyang/vla/third_party/ETP-R1/data/scene_datasets/mp3d/82sE5b5pLXE/82sE5b5pLXE.glb | This file  does not exist.
I0918 22:05:39.280867 1593316 AbstractObjectAttributesManagerBase.h:181] AbstractObjectAttributesManager<T>::createObject  (Stage) : Done making attributes with handle : /mnt/data_nas/deeprobotics/daiyang/vla/third_party/ETP-R1/data/scene_datasets/mp3d/82sE5b5pLXE/82sE5b5pLXE.glb
I0918 22:05:39.280870 1593316 AbstractObjectAttributesManagerBase.h:188] File (/mnt/data_nas/deeprobotics/daiyang/vla/third_party/ETP-R1/data/scene_datasets/mp3d/82sE5b5pLXE/82sE5b5pLXE.glb) exists but is not a recognized config filename extension, so new default Stage attributes created and registered.
I0918 22:05:39.280877 1593316 Simulator.cpp:156] Loading navmesh from /mnt/data_nas/deeprobotics/daiyang/vla/third_party/ETP-R1/data/scene_datasets/mp3d/82sE5b5pLXE/82sE5b5pLXE.navmesh
I0918 22:05:39.281916 1593316 Simulator.cpp:158] Loaded.
I0918 22:05:39.281925 1593316 SceneGraph.h:93] Created DrawableGroup: 
Renderer: NVIDIA GeForce RTX 5090/PCIe/SSE2 by NVIDIA Corporation
OpenGL version: 4.6.0 NVIDIA 580.126.09
Using optional features:
    GL_ARB_ES2_compatibility
    GL_ARB_direct_state_access
    GL_ARB_get_texture_sub_image
    GL_ARB_invalidate_subdata
    GL_ARB_multi_bind
    GL_ARB_robustness
    GL_ARB_separate_shader_objects
    GL_ARB_texture_filter_anisotropic
    GL_ARB_texture_storage
    GL_ARB_texture_storage_multisample
    GL_ARB_vertex_array_object
    GL_KHR_debug
Using driver workarounds:
    no-forward-compatible-core-context
    nv-egl-incorrect-gl11-function-pointers
    no-layout-qualifiers-on-old-glsl
    nv-zero-context-profile-mask
    nv-implementation-color-read-format-dsa-broken
    nv-cubemap-inconsistent-compressed-image-size
    nv-cubemap-broken-full-compressed-image-query
    nv-compressed-block-size-in-bits
I0918 22:05:39.286125 1593316 ResourceManager.cpp:234] ResourceManager::loadStage : Not loading semantic mesh
I0918 22:05:39.286136 1593316 ResourceManager.cpp:262] ResourceManager::loadStage : start load render asset /mnt/data_nas/deeprobotics/daiyang/vla/third_party/ETP-R1/data/scene_datasets/mp3d/82sE5b5pLXE/82sE5b5pLXE.glb.
I0918 22:05:39.286140 1593316 ResourceManager.cpp:569] ResourceManager::loadStageInternal : Attempting to load stage /mnt/data_nas/deeprobotics/daiyang/vla/third_party/ETP-R1/data/scene_datasets/mp3d/82sE5b5pLXE/82sE5b5pLXE.glb 
I0918 22:05:39.286158 1593316 ResourceManager.cpp:1119] Importing Basis files as BC7 for 82sE5b5pLXE.glb
W0918 22:05:41.380688 1593316 Simulator.cpp:248] :
---
 The active scene does not contain semantic annotations. 
---
I0918 22:05:41.417585 1593316 simulator.py:213] Loaded navmesh /mnt/data_nas/deeprobotics/daiyang/vla/third_party/ETP-R1/data/scene_datasets/mp3d/82sE5b5pLXE/82sE5b5pLXE.navmesh
I0918 22:09:32.257059 1593316 PhysicsManager.cpp:33] Deconstructing PhysicsManager
I0918 22:09:32.257117 1593316 SemanticScene.h:41] Deconstructing SemanticScene
I0918 22:09:32.258929 1593316 SceneManager.h:25] Deconstructing SceneManager
I0918 22:09:32.258940 1593316 SceneGraph.h:26] Deconstructing SceneGraph
I0918 22:09:32.259239 1593316 Sensor.h:87] Deconstructing Sensor
I0918 22:09:32.263909 1593316 Renderer.cpp:34] Deconstructing Renderer
I0918 22:09:32.263935 1593316 WindowlessContext.h:17] Deconstructing WindowlessContext
I0918 22:09:32.270423 1593316 ManagedContainerBase.cpp:19] ManagedContainerBase::convertFilenameToJSON : Filename : default changed to proposed JSON configuration filename : default.scene_dataset_config.json
I0918 22:09:32.270442 1593316 AttributesManagerBase.h:283] AttributesManager<T>::createFromJsonOrDefaultInternal  (Dataset) : Proposing JSON name : default.scene_dataset_config.json from original name : default | This file  does not exist.
I0918 22:09:32.270588 1593316 AssetAttributesManager.cpp:117] Asset attributes (capsule3DSolid : capsule3DSolid_hemiRings_4_cylRings_1_segments_12_halfLen_0.75_useTexCoords_false_useTangents_false) created and registered.
I0918 22:09:32.270617 1593316 AssetAttributesManager.cpp:117] Asset attributes (capsule3DWireframe : capsule3DWireframe_hemiRings_8_cylRings_1_segments_16_halfLen_1) created and registered.
I0918 22:09:32.270639 1593316 AssetAttributesManager.cpp:117] Asset attributes (coneSolid : coneSolid_segments_12_halfLen_1.25_rings_1_useTexCoords_false_useTangents_false_capEnd_true) created and registered.
I0918 22:09:32.270655 1593316 AssetAttributesManager.cpp:117] Asset attributes (coneWireframe : coneWireframe_segments_32_halfLen_1.25) created and registered.
I0918 22:09:32.270665 1593316 AssetAttributesManager.cpp:117] Asset attributes (cubeSolid : cubeSolid) created and registered.
I0918 22:09:32.270671 1593316 AssetAttributesManager.cpp:117] Asset attributes (cubeWireframe : cubeWireframe) created and registered.
I0918 22:09:32.270691 1593316 AssetAttributesManager.cpp:117] Asset attributes (cylinderSolid : cylinderSolid_rings_1_segments_12_halfLen_1_useTexCoords_false_useTangents_false_capEnds_true) created and registered.
I0918 22:09:32.270709 1593316 AssetAttributesManager.cpp:117] Asset attributes (cylinderWireframe : cylinderWireframe_rings_1_segments_32_halfLen_1) created and registered.
I0918 22:09:32.270721 1593316 AssetAttributesManager.cpp:117] Asset attributes (icosphereSolid : icosphereSolid_subdivs_1) created and registered.
I0918 22:09:32.270730 1593316 AssetAttributesManager.cpp:117] Asset attributes (icosphereWireframe : icosphereWireframe_subdivs_1) created and registered.
I0918 22:09:32.270744 1593316 AssetAttributesManager.cpp:117] Asset attributes (uvSphereSolid : uvSphereSolid_rings_8_segments_16_useTexCoords_false_useTangents_false) created and registered.
I0918 22:09:32.270757 1593316 AssetAttributesManager.cpp:117] Asset attributes (uvSphereWireframe : uvSphereWireframe_rings_16_segments_32) created and registered.
I0918 22:09:32.270764 1593316 AssetAttributesManager.cpp:105] AssetAttributesManager::buildCtorFuncPtrMaps : Built default primitive asset templates : 12
I0918 22:09:32.271180 1593316 SceneDatasetAttributesManager.cpp:23] File (default) not found, so new default dataset attributes created and registered.
I0918 22:09:32.271183 1593316 MetadataMediator.cpp:47] MetadataMediator::createDataset : Dataset default successfully created.
I0918 22:09:32.271409 1593316 AttributesManagerBase.h:283] AttributesManager<T>::createFromJsonOrDefaultInternal  (Physics Manager) : Proposing JSON name : ./data/default.physics_config.json from original name : ./data/default.physics_config.json | This file  does not exist.
I0918 22:09:32.271422 1593316 PhysicsAttributesManager.cpp:27] File (./data/default.physics_config.json) not found, so new default physics manager attributes created and registered.
I0918 22:09:32.271426 1593316 AbstractObjectAttributesManagerBase.h:175] AbstractObjectAttributesManager<T>::createObject  (Stage) : Making attributes with handle : /mnt/data_nas/deeprobotics/daiyang/vla/third_party/ETP-R1/data/scene_datasets/mp3d/B6ByNegPMKs/B6ByNegPMKs.glb
I0918 22:09:32.271430 1593316 ManagedContainerBase.cpp:19] ManagedContainerBase::convertFilenameToJSON : Filename : /mnt/data_nas/deeprobotics/daiyang/vla/third_party/ETP-R1/data/scene_datasets/mp3d/B6ByNegPMKs/B6ByNegPMKs.glb changed to proposed JSON configuration filename : /mnt/data_nas/deeprobotics/daiyang/vla/third_party/ETP-R1/data/scene_datasets/mp3d/B6ByNegPMKs/B6ByNegPMKs.stage_config.json
I0918 22:09:32.271447 1593316 AttributesManagerBase.h:283] AttributesManager<T>::createFromJsonOrDefaultInternal  (Stage) : Proposing JSON name : /mnt/data_nas/deeprobotics/daiyang/vla/third_party/ETP-R1/data/scene_datasets/mp3d/B6ByNegPMKs/B6ByNegPMKs.stage_config.json from original name : /mnt/data_nas/deeprobotics/daiyang/vla/third_party/ETP-R1/data/scene_datasets/mp3d/B6ByNegPMKs/B6ByNegPMKs.glb | This file  does not exist.
I0918 22:09:32.271500 1593316 AbstractObjectAttributesManagerBase.h:181] AbstractObjectAttributesManager<T>::createObject  (Stage) : Done making attributes with handle : /mnt/data_nas/deeprobotics/daiyang/vla/third_party/ETP-R1/data/scene_datasets/mp3d/B6ByNegPMKs/B6ByNegPMKs.glb
I0918 22:09:32.271502 1593316 AbstractObjectAttributesManagerBase.h:188] File (/mnt/data_nas/deeprobotics/daiyang/vla/third_party/ETP-R1/data/scene_datasets/mp3d/B6ByNegPMKs/B6ByNegPMKs.glb) exists but is not a recognized config filename extension, so new default Stage attributes created and registered.
I0918 22:09:32.271507 1593316 Simulator.cpp:156] Loading navmesh from /mnt/data_nas/deeprobotics/daiyang/vla/third_party/ETP-R1/data/scene_datasets/mp3d/B6ByNegPMKs/B6ByNegPMKs.navmesh
I0918 22:09:32.272858 1593316 Simulator.cpp:158] Loaded.
I0918 22:09:32.272867 1593316 SceneGraph.h:93] Created DrawableGroup: 
Renderer: NVIDIA GeForce RTX 5090/PCIe/SSE2 by NVIDIA Corporation
OpenGL version: 4.6.0 NVIDIA 580.126.09
Using optional features:
    GL_ARB_ES2_compatibility
    GL_ARB_direct_state_access
    GL_ARB_get_texture_sub_image
    GL_ARB_invalidate_subdata
    GL_ARB_multi_bind
    GL_ARB_robustness
    GL_ARB_separate_shader_objects
    GL_ARB_texture_filter_anisotropic
    GL_ARB_texture_storage
    GL_ARB_texture_storage_multisample
    GL_ARB_vertex_array_object
    GL_KHR_debug
Using driver workarounds:
    no-forward-compatible-core-context
    nv-egl-incorrect-gl11-function-pointers
    no-layout-qualifiers-on-old-glsl
    nv-zero-context-profile-mask
    nv-implementation-color-read-format-dsa-broken
    nv-cubemap-inconsistent-compressed-image-size
    nv-cubemap-broken-full-compressed-image-query
    nv-compressed-block-size-in-bits
I0918 22:09:32.276895 1593316 ResourceManager.cpp:234] ResourceManager::loadStage : Not loading semantic mesh
I0918 22:09:32.276904 1593316 ResourceManager.cpp:262] ResourceManager::loadStage : start load render asset /mnt/data_nas/deeprobotics/daiyang/vla/third_party/ETP-R1/data/scene_datasets/mp3d/B6ByNegPMKs/B6ByNegPMKs.glb.
I0918 22:09:32.276907 1593316 ResourceManager.cpp:569] ResourceManager::loadStageInternal : Attempting to load stage /mnt/data_nas/deeprobotics/daiyang/vla/third_party/ETP-R1/data/scene_datasets/mp3d/B6ByNegPMKs/B6ByNegPMKs.glb 
I0918 22:09:32.276924 1593316 ResourceManager.cpp:1119] Importing Basis files as BC7 for B6ByNegPMKs.glb
W0918 22:09:42.082815 1593316 Simulator.cpp:248] :
---
 The active scene does not contain semantic annotations. 
---
I0918 22:09:42.324921 1593316 simulator.py:213] Loaded navmesh /mnt/data_nas/deeprobotics/daiyang/vla/third_party/ETP-R1/data/scene_datasets/mp3d/B6ByNegPMKs/B6ByNegPMKs.navmesh
I0918 22:11:34.085592 1593316 PhysicsManager.cpp:33] Deconstructing PhysicsManager
I0918 22:11:34.085649 1593316 SemanticScene.h:41] Deconstructing SemanticScene
I0918 22:11:34.102838 1593316 SceneManager.h:25] Deconstructing SceneManager
I0918 22:11:34.102860 1593316 SceneGraph.h:26] Deconstructing SceneGraph
I0918 22:11:34.103332 1593316 Sensor.h:87] Deconstructing Sensor
I0918 22:11:34.118392 1593316 Renderer.cpp:34] Deconstructing Renderer
I0918 22:11:34.118425 1593316 WindowlessContext.h:17] Deconstructing WindowlessContext
I0918 22:11:34.153707 1593316 ManagedContainerBase.cpp:19] ManagedContainerBase::convertFilenameToJSON : Filename : default changed to proposed JSON configuration filename : default.scene_dataset_config.json
I0918 22:11:34.153746 1593316 AttributesManagerBase.h:283] AttributesManager<T>::createFromJsonOrDefaultInternal  (Dataset) : Proposing JSON name : default.scene_dataset_config.json from original name : default | This file  does not exist.
I0918 22:11:34.154019 1593316 AssetAttributesManager.cpp:117] Asset attributes (capsule3DSolid : capsule3DSolid_hemiRings_4_cylRings_1_segments_12_halfLen_0.75_useTexCoords_false_useTangents_false) created and registered.
I0918 22:11:34.154048 1593316 AssetAttributesManager.cpp:117] Asset attributes (capsule3DWireframe : capsule3DWireframe_hemiRings_8_cylRings_1_segments_16_halfLen_1) created and registered.
I0918 22:11:34.154072 1593316 AssetAttributesManager.cpp:117] Asset attributes (coneSolid : coneSolid_segments_12_halfLen_1.25_rings_1_useTexCoords_false_useTangents_false_capEnd_true) created and registered.
I0918 22:11:34.154088 1593316 AssetAttributesManager.cpp:117] Asset attributes (coneWireframe : coneWireframe_segments_32_halfLen_1.25) created and registered.
I0918 22:11:34.154096 1593316 AssetAttributesManager.cpp:117] Asset attributes (cubeSolid : cubeSolid) created and registered.
I0918 22:11:34.154103 1593316 AssetAttributesManager.cpp:117] Asset attributes (cubeWireframe : cubeWireframe) created and registered.
I0918 22:11:34.154124 1593316 AssetAttributesManager.cpp:117] Asset attributes (cylinderSolid : cylinderSolid_rings_1_segments_12_halfLen_1_useTexCoords_false_useTangents_false_capEnds_true) created and registered.
I0918 22:11:34.154140 1593316 AssetAttributesManager.cpp:117] Asset attributes (cylinderWireframe : cylinderWireframe_rings_1_segments_32_halfLen_1) created and registered.
I0918 22:11:34.154152 1593316 AssetAttributesManager.cpp:117] Asset attributes (icosphereSolid : icosphereSolid_subdivs_1) created and registered.
I0918 22:11:34.154162 1593316 AssetAttributesManager.cpp:117] Asset attributes (icosphereWireframe : icosphereWireframe_subdivs_1) created and registered.
I0918 22:11:34.154175 1593316 AssetAttributesManager.cpp:117] Asset attributes (uvSphereSolid : uvSphereSolid_rings_8_segments_16_useTexCoords_false_useTangents_false) created and registered.
I0918 22:11:34.154189 1593316 AssetAttributesManager.cpp:117] Asset attributes (uvSphereWireframe : uvSphereWireframe_rings_16_segments_32) created and registered.
I0918 22:11:34.154196 1593316 AssetAttributesManager.cpp:105] AssetAttributesManager::buildCtorFuncPtrMaps : Built default primitive asset templates : 12
I0918 22:11:34.154608 1593316 SceneDatasetAttributesManager.cpp:23] File (default) not found, so new default dataset attributes created and registered.
I0918 22:11:34.154611 1593316 MetadataMediator.cpp:47] MetadataMediator::createDataset : Dataset default successfully created.
I0918 22:11:34.154808 1593316 AttributesManagerBase.h:283] AttributesManager<T>::createFromJsonOrDefaultInternal  (Physics Manager) : Proposing JSON name : ./data/default.physics_config.json from original name : ./data/default.physics_config.json | This file  does not exist.
I0918 22:11:34.154819 1593316 PhysicsAttributesManager.cpp:27] File (./data/default.physics_config.json) not found, so new default physics manager attributes created and registered.
I0918 22:11:34.154822 1593316 AbstractObjectAttributesManagerBase.h:175] AbstractObjectAttributesManager<T>::createObject  (Stage) : Making attributes with handle : /mnt/data_nas/deeprobotics/daiyang/vla/third_party/ETP-R1/data/scene_datasets/mp3d/PuKPg4mmafe/PuKPg4mmafe.glb
I0918 22:11:34.154826 1593316 ManagedContainerBase.cpp:19] ManagedContainerBase::convertFilenameToJSON : Filename : /mnt/data_nas/deeprobotics/daiyang/vla/third_party/ETP-R1/data/scene_datasets/mp3d/PuKPg4mmafe/PuKPg4mmafe.glb changed to proposed JSON configuration filename : /mnt/data_nas/deeprobotics/daiyang/vla/third_party/ETP-R1/data/scene_datasets/mp3d/PuKPg4mmafe/PuKPg4mmafe.stage_config.json
I0918 22:11:34.154840 1593316 AttributesManagerBase.h:283] AttributesManager<T>::createFromJsonOrDefaultInternal  (Stage) : Proposing JSON name : /mnt/data_nas/deeprobotics/daiyang/vla/third_party/ETP-R1/data/scene_datasets/mp3d/PuKPg4mmafe/PuKPg4mmafe.stage_config.json from original name : /mnt/data_nas/deeprobotics/daiyang/vla/third_party/ETP-R1/data/scene_datasets/mp3d/PuKPg4mmafe/PuKPg4mmafe.glb | This file  does not exist.
I0918 22:11:34.154892 1593316 AbstractObjectAttributesManagerBase.h:181] AbstractObjectAttributesManager<T>::createObject  (Stage) : Done making attributes with handle : /mnt/data_nas/deeprobotics/daiyang/vla/third_party/ETP-R1/data/scene_datasets/mp3d/PuKPg4mmafe/PuKPg4mmafe.glb
I0918 22:11:34.154894 1593316 AbstractObjectAttributesManagerBase.h:188] File (/mnt/data_nas/deeprobotics/daiyang/vla/third_party/ETP-R1/data/scene_datasets/mp3d/PuKPg4mmafe/PuKPg4mmafe.glb) exists but is not a recognized config filename extension, so new default Stage attributes created and registered.
I0918 22:11:34.154899 1593316 Simulator.cpp:156] Loading navmesh from /mnt/data_nas/deeprobotics/daiyang/vla/third_party/ETP-R1/data/scene_datasets/mp3d/PuKPg4mmafe/PuKPg4mmafe.navmesh
I0918 22:11:34.155952 1593316 Simulator.cpp:158] Loaded.
I0918 22:11:34.155962 1593316 SceneGraph.h:93] Created DrawableGroup: 
Renderer: NVIDIA GeForce RTX 5090/PCIe/SSE2 by NVIDIA Corporation
OpenGL version: 4.6.0 NVIDIA 580.126.09
Using optional features:
    GL_ARB_ES2_compatibility
    GL_ARB_direct_state_access
    GL_ARB_get_texture_sub_image
    GL_ARB_invalidate_subdata
    GL_ARB_multi_bind
    GL_ARB_robustness
    GL_ARB_separate_shader_objects
    GL_ARB_texture_filter_anisotropic
    GL_ARB_texture_storage
    GL_ARB_texture_storage_multisample
    GL_ARB_vertex_array_object
    GL_KHR_debug
Using driver workarounds:
    no-forward-compatible-core-context
    nv-egl-incorrect-gl11-function-pointers
    no-layout-qualifiers-on-old-glsl
    nv-zero-context-profile-mask
    nv-implementation-color-read-format-dsa-broken
    nv-cubemap-inconsistent-compressed-image-size
    nv-cubemap-broken-full-compressed-image-query
    nv-compressed-block-size-in-bits
I0918 22:11:34.159737 1593316 ResourceManager.cpp:234] ResourceManager::loadStage : Not loading semantic mesh
I0918 22:11:34.159746 1593316 ResourceManager.cpp:262] ResourceManager::loadStage : start load render asset /mnt/data_nas/deeprobotics/daiyang/vla/third_party/ETP-R1/data/scene_datasets/mp3d/PuKPg4mmafe/PuKPg4mmafe.glb.
I0918 22:11:34.159749 1593316 ResourceManager.cpp:569] ResourceManager::loadStageInternal : Attempting to load stage /mnt/data_nas/deeprobotics/daiyang/vla/third_party/ETP-R1/data/scene_datasets/mp3d/PuKPg4mmafe/PuKPg4mmafe.glb 
I0918 22:11:34.159765 1593316 ResourceManager.cpp:1119] Importing Basis files as BC7 for PuKPg4mmafe.glb
W0918 22:11:39.042824 1593316 Simulator.cpp:248] :
---
 The active scene does not contain semantic annotations. 
---
I0918 22:11:39.063536 1593316 simulator.py:213] Loaded navmesh /mnt/data_nas/deeprobotics/daiyang/vla/third_party/ETP-R1/data/scene_datasets/mp3d/PuKPg4mmafe/PuKPg4mmafe.navmesh
I0918 22:15:07.858479 1593316 PhysicsManager.cpp:33] Deconstructing PhysicsManager
I0918 22:15:07.858536 1593316 SemanticScene.h:41] Deconstructing SemanticScene
I0918 22:15:07.859467 1593316 SceneManager.h:25] Deconstructing SceneManager
I0918 22:15:07.859472 1593316 SceneGraph.h:26] Deconstructing SceneGraph
I0918 22:15:07.859754 1593316 Sensor.h:87] Deconstructing Sensor
I0918 22:15:07.867034 1593316 Renderer.cpp:34] Deconstructing Renderer
I0918 22:15:07.867065 1593316 WindowlessContext.h:17] Deconstructing WindowlessContext
I0918 22:15:07.906899 1593316 ManagedContainerBase.cpp:19] ManagedContainerBase::convertFilenameToJSON : Filename : default changed to proposed JSON configuration filename : default.scene_dataset_config.json
I0918 22:15:07.906925 1593316 AttributesManagerBase.h:283] AttributesManager<T>::createFromJsonOrDefaultInternal  (Dataset) : Proposing JSON name : default.scene_dataset_config.json from original name : default | This file  does not exist.
I0918 22:15:07.907125 1593316 AssetAttributesManager.cpp:117] Asset attributes (capsule3DSolid : capsule3DSolid_hemiRings_4_cylRings_1_segments_12_halfLen_0.75_useTexCoords_false_useTangents_false) created and registered.
I0918 22:15:07.907158 1593316 AssetAttributesManager.cpp:117] Asset attributes (capsule3DWireframe : capsule3DWireframe_hemiRings_8_cylRings_1_segments_16_halfLen_1) created and registered.
I0918 22:15:07.907182 1593316 AssetAttributesManager.cpp:117] Asset attributes (coneSolid : coneSolid_segments_12_halfLen_1.25_rings_1_useTexCoords_false_useTangents_false_capEnd_true) created and registered.
I0918 22:15:07.907196 1593316 AssetAttributesManager.cpp:117] Asset attributes (coneWireframe : coneWireframe_segments_32_halfLen_1.25) created and registered.
I0918 22:15:07.907207 1593316 AssetAttributesManager.cpp:117] Asset attributes (cubeSolid : cubeSolid) created and registered.
I0918 22:15:07.907213 1593316 AssetAttributesManager.cpp:117] Asset attributes (cubeWireframe : cubeWireframe) created and registered.
I0918 22:15:07.907233 1593316 AssetAttributesManager.cpp:117] Asset attributes (cylinderSolid : cylinderSolid_rings_1_segments_12_halfLen_1_useTexCoords_false_useTangents_false_capEnds_true) created and registered.
I0918 22:15:07.907249 1593316 AssetAttributesManager.cpp:117] Asset attributes (cylinderWireframe : cylinderWireframe_rings_1_segments_32_halfLen_1) created and registered.
I0918 22:15:07.907260 1593316 AssetAttributesManager.cpp:117] Asset attributes (icosphereSolid : icosphereSolid_subdivs_1) created and registered.
I0918 22:15:07.907275 1593316 AssetAttributesManager.cpp:117] Asset attributes (icosphereWireframe : icosphereWireframe_subdivs_1) created and registered.
I0918 22:15:07.907290 1593316 AssetAttributesManager.cpp:117] Asset attributes (uvSphereSolid : uvSphereSolid_rings_8_segments_16_useTexCoords_false_useTangents_false) created and registered.
I0918 22:15:07.907303 1593316 AssetAttributesManager.cpp:117] Asset attributes (uvSphereWireframe : uvSphereWireframe_rings_16_segments_32) created and registered.
I0918 22:15:07.907310 1593316 AssetAttributesManager.cpp:105] AssetAttributesManager::buildCtorFuncPtrMaps : Built default primitive asset templates : 12
I0918 22:15:07.907708 1593316 SceneDatasetAttributesManager.cpp:23] File (default) not found, so new default dataset attributes created and registered.
I0918 22:15:07.907711 1593316 MetadataMediator.cpp:47] MetadataMediator::createDataset : Dataset default successfully created.
I0918 22:15:07.907909 1593316 AttributesManagerBase.h:283] AttributesManager<T>::createFromJsonOrDefaultInternal  (Physics Manager) : Proposing JSON name : ./data/default.physics_config.json from original name : ./data/default.physics_config.json | This file  does not exist.
I0918 22:15:07.907922 1593316 PhysicsAttributesManager.cpp:27] File (./data/default.physics_config.json) not found, so new default physics manager attributes created and registered.
I0918 22:15:07.907925 1593316 AbstractObjectAttributesManagerBase.h:175] AbstractObjectAttributesManager<T>::createObject  (Stage) : Making attributes with handle : /mnt/data_nas/deeprobotics/daiyang/vla/third_party/ETP-R1/data/scene_datasets/mp3d/aayBHfsNo7d/aayBHfsNo7d.glb
I0918 22:15:07.907929 1593316 ManagedContainerBase.cpp:19] ManagedContainerBase::convertFilenameToJSON : Filename : /mnt/data_nas/deeprobotics/daiyang/vla/third_party/ETP-R1/data/scene_datasets/mp3d/aayBHfsNo7d/aayBHfsNo7d.glb changed to proposed JSON configuration filename : /mnt/data_nas/deeprobotics/daiyang/vla/third_party/ETP-R1/data/scene_datasets/mp3d/aayBHfsNo7d/aayBHfsNo7d.stage_config.json
I0918 22:15:07.907941 1593316 AttributesManagerBase.h:283] AttributesManager<T>::createFromJsonOrDefaultInternal  (Stage) : Proposing JSON name : /mnt/data_nas/deeprobotics/daiyang/vla/third_party/ETP-R1/data/scene_datasets/mp3d/aayBHfsNo7d/aayBHfsNo7d.stage_config.json from original name : /mnt/data_nas/deeprobotics/daiyang/vla/third_party/ETP-R1/data/scene_datasets/mp3d/aayBHfsNo7d/aayBHfsNo7d.glb | This file  does not exist.
I0918 22:15:07.907989 1593316 AbstractObjectAttributesManagerBase.h:181] AbstractObjectAttributesManager<T>::createObject  (Stage) : Done making attributes with handle : /mnt/data_nas/deeprobotics/daiyang/vla/third_party/ETP-R1/data/scene_datasets/mp3d/aayBHfsNo7d/aayBHfsNo7d.glb
I0918 22:15:07.907994 1593316 AbstractObjectAttributesManagerBase.h:188] File (/mnt/data_nas/deeprobotics/daiyang/vla/third_party/ETP-R1/data/scene_datasets/mp3d/aayBHfsNo7d/aayBHfsNo7d.glb) exists but is not a recognized config filename extension, so new default Stage attributes created and registered.
I0918 22:15:07.907998 1593316 Simulator.cpp:156] Loading navmesh from /mnt/data_nas/deeprobotics/daiyang/vla/third_party/ETP-R1/data/scene_datasets/mp3d/aayBHfsNo7d/aayBHfsNo7d.navmesh
I0918 22:15:07.909013 1593316 Simulator.cpp:158] Loaded.
I0918 22:15:07.909021 1593316 SceneGraph.h:93] Created DrawableGroup: 
Renderer: NVIDIA GeForce RTX 5090/PCIe/SSE2 by NVIDIA Corporation
OpenGL version: 4.6.0 NVIDIA 580.126.09
Using optional features:
    GL_ARB_ES2_compatibility
    GL_ARB_direct_state_access
    GL_ARB_get_texture_sub_image
    GL_ARB_invalidate_subdata
    GL_ARB_multi_bind
    GL_ARB_robustness
    GL_ARB_separate_shader_objects
    GL_ARB_texture_filter_anisotropic
    GL_ARB_texture_storage
    GL_ARB_texture_storage_multisample
    GL_ARB_vertex_array_object
    GL_KHR_debug
Using driver workarounds:
    no-forward-compatible-core-context
    nv-egl-incorrect-gl11-function-pointers
    no-layout-qualifiers-on-old-glsl
    nv-zero-context-profile-mask
    nv-implementation-color-read-format-dsa-broken
    nv-cubemap-inconsistent-compressed-image-size
    nv-cubemap-broken-full-compressed-image-query
    nv-compressed-block-size-in-bits
I0918 22:15:07.913142 1593316 ResourceManager.cpp:234] ResourceManager::loadStage : Not loading semantic mesh
I0918 22:15:07.913152 1593316 ResourceManager.cpp:262] ResourceManager::loadStage : start load render asset /mnt/data_nas/deeprobotics/daiyang/vla/third_party/ETP-R1/data/scene_datasets/mp3d/aayBHfsNo7d/aayBHfsNo7d.glb.
I0918 22:15:07.913154 1593316 ResourceManager.cpp:569] ResourceManager::loadStageInternal : Attempting to load stage /mnt/data_nas/deeprobotics/daiyang/vla/third_party/ETP-R1/data/scene_datasets/mp3d/aayBHfsNo7d/aayBHfsNo7d.glb 
I0918 22:15:07.913170 1593316 ResourceManager.cpp:1119] Importing Basis files as BC7 for aayBHfsNo7d.glb
W0918 22:15:09.483459 1593316 Simulator.cpp:248] :
---
 The active scene does not contain semantic annotations. 
---
I0918 22:15:09.525719 1593316 simulator.py:213] Loaded navmesh /mnt/data_nas/deeprobotics/daiyang/vla/third_party/ETP-R1/data/scene_datasets/mp3d/aayBHfsNo7d/aayBHfsNo7d.navmesh
I0918 22:15:49.779299 1593316 PhysicsManager.cpp:33] Deconstructing PhysicsManager
I0918 22:15:49.779352 1593316 SemanticScene.h:41] Deconstructing SemanticScene
I0918 22:15:49.781749 1593316 SceneManager.h:25] Deconstructing SceneManager
I0918 22:15:49.781757 1593316 SceneGraph.h:26] Deconstructing SceneGraph
I0918 22:15:49.782534 1593316 Sensor.h:87] Deconstructing Sensor
I0918 22:15:49.785420 1593316 Renderer.cpp:34] Deconstructing Renderer
I0918 22:15:49.785442 1593316 WindowlessContext.h:17] Deconstructing WindowlessContext
I0918 22:15:49.796597 1593316 ManagedContainerBase.cpp:19] ManagedContainerBase::convertFilenameToJSON : Filename : default changed to proposed JSON configuration filename : default.scene_dataset_config.json
I0918 22:15:49.796613 1593316 AttributesManagerBase.h:283] AttributesManager<T>::createFromJsonOrDefaultInternal  (Dataset) : Proposing JSON name : default.scene_dataset_config.json from original name : default | This file  does not exist.
I0918 22:15:49.796852 1593316 AssetAttributesManager.cpp:117] Asset attributes (capsule3DSolid : capsule3DSolid_hemiRings_4_cylRings_1_segments_12_halfLen_0.75_useTexCoords_false_useTangents_false) created and registered.
I0918 22:15:49.796878 1593316 AssetAttributesManager.cpp:117] Asset attributes (capsule3DWireframe : capsule3DWireframe_hemiRings_8_cylRings_1_segments_16_halfLen_1) created and registered.
I0918 22:15:49.796902 1593316 AssetAttributesManager.cpp:117] Asset attributes (coneSolid : coneSolid_segments_12_halfLen_1.25_rings_1_useTexCoords_false_useTangents_false_capEnd_true) created and registered.
I0918 22:15:49.796921 1593316 AssetAttributesManager.cpp:117] Asset attributes (coneWireframe : coneWireframe_segments_32_halfLen_1.25) created and registered.
I0918 22:15:49.796929 1593316 AssetAttributesManager.cpp:117] Asset attributes (cubeSolid : cubeSolid) created and registered.
I0918 22:15:49.796936 1593316 AssetAttributesManager.cpp:117] Asset attributes (cubeWireframe : cubeWireframe) created and registered.
I0918 22:15:49.796955 1593316 AssetAttributesManager.cpp:117] Asset attributes (cylinderSolid : cylinderSolid_rings_1_segments_12_halfLen_1_useTexCoords_false_useTangents_false_capEnds_true) created and registered.
I0918 22:15:49.796972 1593316 AssetAttributesManager.cpp:117] Asset attributes (cylinderWireframe : cylinderWireframe_rings_1_segments_32_halfLen_1) created and registered.
I0918 22:15:49.796983 1593316 AssetAttributesManager.cpp:117] Asset attributes (icosphereSolid : icosphereSolid_subdivs_1) created and registered.
I0918 22:15:49.796991 1593316 AssetAttributesManager.cpp:117] Asset attributes (icosphereWireframe : icosphereWireframe_subdivs_1) created and registered.
I0918 22:15:49.797004 1593316 AssetAttributesManager.cpp:117] Asset attributes (uvSphereSolid : uvSphereSolid_rings_8_segments_16_useTexCoords_false_useTangents_false) created and registered.
I0918 22:15:49.797017 1593316 AssetAttributesManager.cpp:117] Asset attributes (uvSphereWireframe : uvSphereWireframe_rings_16_segments_32) created and registered.
I0918 22:15:49.797024 1593316 AssetAttributesManager.cpp:105] AssetAttributesManager::buildCtorFuncPtrMaps : Built default primitive asset templates : 12
I0918 22:15:49.797423 1593316 SceneDatasetAttributesManager.cpp:23] File (default) not found, so new default dataset attributes created and registered.
I0918 22:15:49.797425 1593316 MetadataMediator.cpp:47] MetadataMediator::createDataset : Dataset default successfully created.
I0918 22:15:49.797608 1593316 AttributesManagerBase.h:283] AttributesManager<T>::createFromJsonOrDefaultInternal  (Physics Manager) : Proposing JSON name : ./data/default.physics_config.json from original name : ./data/default.physics_config.json | This file  does not exist.
I0918 22:15:49.797621 1593316 PhysicsAttributesManager.cpp:27] File (./data/default.physics_config.json) not found, so new default physics manager attributes created and registered.
I0918 22:15:49.797623 1593316 AbstractObjectAttributesManagerBase.h:175] AbstractObjectAttributesManager<T>::createObject  (Stage) : Making attributes with handle : /mnt/data_nas/deeprobotics/daiyang/vla/third_party/ETP-R1/data/scene_datasets/mp3d/82sE5b5pLXE/82sE5b5pLXE.glb
I0918 22:15:49.797626 1593316 ManagedContainerBase.cpp:19] ManagedContainerBase::convertFilenameToJSON : Filename : /mnt/data_nas/deeprobotics/daiyang/vla/third_party/ETP-R1/data/scene_datasets/mp3d/82sE5b5pLXE/82sE5b5pLXE.glb changed to proposed JSON configuration filename : /mnt/data_nas/deeprobotics/daiyang/vla/third_party/ETP-R1/data/scene_datasets/mp3d/82sE5b5pLXE/82sE5b5pLXE.stage_config.json
I0918 22:15:49.798473 1593316 AttributesManagerBase.h:283] AttributesManager<T>::createFromJsonOrDefaultInternal  (Stage) : Proposing JSON name : /mnt/data_nas/deeprobotics/daiyang/vla/third_party/ETP-R1/data/scene_datasets/mp3d/82sE5b5pLXE/82sE5b5pLXE.stage_config.json from original name : /mnt/data_nas/deeprobotics/daiyang/vla/third_party/ETP-R1/data/scene_datasets/mp3d/82sE5b5pLXE/82sE5b5pLXE.glb | This file  does not exist.
I0918 22:15:49.798522 1593316 AbstractObjectAttributesManagerBase.h:181] AbstractObjectAttributesManager<T>::createObject  (Stage) : Done making attributes with handle : /mnt/data_nas/deeprobotics/daiyang/vla/third_party/ETP-R1/data/scene_datasets/mp3d/82sE5b5pLXE/82sE5b5pLXE.glb
I0918 22:15:49.798524 1593316 AbstractObjectAttributesManagerBase.h:188] File (/mnt/data_nas/deeprobotics/daiyang/vla/third_party/ETP-R1/data/scene_datasets/mp3d/82sE5b5pLXE/82sE5b5pLXE.glb) exists but is not a recognized config filename extension, so new default Stage attributes created and registered.
I0918 22:15:49.798532 1593316 Simulator.cpp:156] Loading navmesh from /mnt/data_nas/deeprobotics/daiyang/vla/third_party/ETP-R1/data/scene_datasets/mp3d/82sE5b5pLXE/82sE5b5pLXE.navmesh
I0918 22:15:49.799744 1593316 Simulator.cpp:158] Loaded.
I0918 22:15:49.799750 1593316 SceneGraph.h:93] Created DrawableGroup: 
Renderer: NVIDIA GeForce RTX 5090/PCIe/SSE2 by NVIDIA Corporation
OpenGL version: 4.6.0 NVIDIA 580.126.09
Using optional features:
    GL_ARB_ES2_compatibility
    GL_ARB_direct_state_access
    GL_ARB_get_texture_sub_image
    GL_ARB_invalidate_subdata
    GL_ARB_multi_bind
    GL_ARB_robustness
    GL_ARB_separate_shader_objects
    GL_ARB_texture_filter_anisotropic
    GL_ARB_texture_storage
    GL_ARB_texture_storage_multisample
    GL_ARB_vertex_array_object
    GL_KHR_debug
Using driver workarounds:
    no-forward-compatible-core-context
    nv-egl-incorrect-gl11-function-pointers
    no-layout-qualifiers-on-old-glsl
    nv-zero-context-profile-mask
    nv-implementation-color-read-format-dsa-broken
    nv-cubemap-inconsistent-compressed-image-size
    nv-cubemap-broken-full-compressed-image-query
    nv-compressed-block-size-in-bits
I0918 22:15:49.803314 1593316 ResourceManager.cpp:234] ResourceManager::loadStage : Not loading semantic mesh
I0918 22:15:49.803323 1593316 ResourceManager.cpp:262] ResourceManager::loadStage : start load render asset /mnt/data_nas/deeprobotics/daiyang/vla/third_party/ETP-R1/data/scene_datasets/mp3d/82sE5b5pLXE/82sE5b5pLXE.glb.
I0918 22:15:49.803324 1593316 ResourceManager.cpp:569] ResourceManager::loadStageInternal : Attempting to load stage /mnt/data_nas/deeprobotics/daiyang/vla/third_party/ETP-R1/data/scene_datasets/mp3d/82sE5b5pLXE/82sE5b5pLXE.glb 
I0918 22:15:49.803339 1593316 ResourceManager.cpp:1119] Importing Basis files as BC7 for 82sE5b5pLXE.glb
W0918 22:15:51.827528 1593316 Simulator.cpp:248] :
---
 The active scene does not contain semantic annotations. 
---
I0918 22:15:51.869634 1593316 simulator.py:213] Loaded navmesh /mnt/data_nas/deeprobotics/daiyang/vla/third_party/ETP-R1/data/scene_datasets/mp3d/82sE5b5pLXE/82sE5b5pLXE.navmesh
I0918 22:16:59.316848 1593316 PhysicsManager.cpp:33] Deconstructing PhysicsManager
I0918 22:16:59.316903 1593316 SemanticScene.h:41] Deconstructing SemanticScene
I0918 22:16:59.318612 1593316 SceneManager.h:25] Deconstructing SceneManager
I0918 22:16:59.318621 1593316 SceneGraph.h:26] Deconstructing SceneGraph
I0918 22:16:59.318882 1593316 Sensor.h:87] Deconstructing Sensor
I0918 22:16:59.322319 1593316 Renderer.cpp:34] Deconstructing Renderer
I0918 22:16:59.322342 1593316 WindowlessContext.h:17] Deconstructing WindowlessContext
I0918 22:16:59.328768 1593316 ManagedContainerBase.cpp:19] ManagedContainerBase::convertFilenameToJSON : Filename : default changed to proposed JSON configuration filename : default.scene_dataset_config.json
I0918 22:16:59.328786 1593316 AttributesManagerBase.h:283] AttributesManager<T>::createFromJsonOrDefaultInternal  (Dataset) : Proposing JSON name : default.scene_dataset_config.json from original name : default | This file  does not exist.
I0918 22:16:59.329114 1593316 AssetAttributesManager.cpp:117] Asset attributes (capsule3DSolid : capsule3DSolid_hemiRings_4_cylRings_1_segments_12_halfLen_0.75_useTexCoords_false_useTangents_false) created and registered.
I0918 22:16:59.329154 1593316 AssetAttributesManager.cpp:117] Asset attributes (capsule3DWireframe : capsule3DWireframe_hemiRings_8_cylRings_1_segments_16_halfLen_1) created and registered.
I0918 22:16:59.329190 1593316 AssetAttributesManager.cpp:117] Asset attributes (coneSolid : coneSolid_segments_12_halfLen_1.25_rings_1_useTexCoords_false_useTangents_false_capEnd_true) created and registered.
I0918 22:16:59.329213 1593316 AssetAttributesManager.cpp:117] Asset attributes (coneWireframe : coneWireframe_segments_32_halfLen_1.25) created and registered.
I0918 22:16:59.329226 1593316 AssetAttributesManager.cpp:117] Asset attributes (cubeSolid : cubeSolid) created and registered.
I0918 22:16:59.329241 1593316 AssetAttributesManager.cpp:117] Asset attributes (cubeWireframe : cubeWireframe) created and registered.
I0918 22:16:59.329279 1593316 AssetAttributesManager.cpp:117] Asset attributes (cylinderSolid : cylinderSolid_rings_1_segments_12_halfLen_1_useTexCoords_false_useTangents_false_capEnds_true) created and registered.
I0918 22:16:59.329308 1593316 AssetAttributesManager.cpp:117] Asset attributes (cylinderWireframe : cylinderWireframe_rings_1_segments_32_halfLen_1) created and registered.
I0918 22:16:59.329324 1593316 AssetAttributesManager.cpp:117] Asset attributes (icosphereSolid : icosphereSolid_subdivs_1) created and registered.
I0918 22:16:59.329334 1593316 AssetAttributesManager.cpp:117] Asset attributes (icosphereWireframe : icosphereWireframe_subdivs_1) created and registered.
I0918 22:16:59.329355 1593316 AssetAttributesManager.cpp:117] Asset attributes (uvSphereSolid : uvSphereSolid_rings_8_segments_16_useTexCoords_false_useTangents_false) created and registered.
I0918 22:16:59.329375 1593316 AssetAttributesManager.cpp:117] Asset attributes (uvSphereWireframe : uvSphereWireframe_rings_16_segments_32) created and registered.
I0918 22:16:59.329384 1593316 AssetAttributesManager.cpp:105] AssetAttributesManager::buildCtorFuncPtrMaps : Built default primitive asset templates : 12
I0918 22:16:59.330037 1593316 SceneDatasetAttributesManager.cpp:23] File (default) not found, so new default dataset attributes created and registered.
I0918 22:16:59.330040 1593316 MetadataMediator.cpp:47] MetadataMediator::createDataset : Dataset default successfully created.
I0918 22:16:59.330281 1593316 AttributesManagerBase.h:283] AttributesManager<T>::createFromJsonOrDefaultInternal  (Physics Manager) : Proposing JSON name : ./data/default.physics_config.json from original name : ./data/default.physics_config.json | This file  does not exist.
I0918 22:16:59.330296 1593316 PhysicsAttributesManager.cpp:27] File (./data/default.physics_config.json) not found, so new default physics manager attributes created and registered.
I0918 22:16:59.330300 1593316 AbstractObjectAttributesManagerBase.h:175] AbstractObjectAttributesManager<T>::createObject  (Stage) : Making attributes with handle : /mnt/data_nas/deeprobotics/daiyang/vla/third_party/ETP-R1/data/scene_datasets/mp3d/B6ByNegPMKs/B6ByNegPMKs.glb
I0918 22:16:59.330305 1593316 ManagedContainerBase.cpp:19] ManagedContainerBase::convertFilenameToJSON : Filename : /mnt/data_nas/deeprobotics/daiyang/vla/third_party/ETP-R1/data/scene_datasets/mp3d/B6ByNegPMKs/B6ByNegPMKs.glb changed to proposed JSON configuration filename : /mnt/data_nas/deeprobotics/daiyang/vla/third_party/ETP-R1/data/scene_datasets/mp3d/B6ByNegPMKs/B6ByNegPMKs.stage_config.json
I0918 22:16:59.330322 1593316 AttributesManagerBase.h:283] AttributesManager<T>::createFromJsonOrDefaultInternal  (Stage) : Proposing JSON name : /mnt/data_nas/deeprobotics/daiyang/vla/third_party/ETP-R1/data/scene_datasets/mp3d/B6ByNegPMKs/B6ByNegPMKs.stage_config.json from original name : /mnt/data_nas/deeprobotics/daiyang/vla/third_party/ETP-R1/data/scene_datasets/mp3d/B6ByNegPMKs/B6ByNegPMKs.glb | This file  does not exist.
I0918 22:16:59.330394 1593316 AbstractObjectAttributesManagerBase.h:181] AbstractObjectAttributesManager<T>::createObject  (Stage) : Done making attributes with handle : /mnt/data_nas/deeprobotics/daiyang/vla/third_party/ETP-R1/data/scene_datasets/mp3d/B6ByNegPMKs/B6ByNegPMKs.glb
I0918 22:16:59.330395 1593316 AbstractObjectAttributesManagerBase.h:188] File (/mnt/data_nas/deeprobotics/daiyang/vla/third_party/ETP-R1/data/scene_datasets/mp3d/B6ByNegPMKs/B6ByNegPMKs.glb) exists but is not a recognized config filename extension, so new default Stage attributes created and registered.
I0918 22:16:59.330402 1593316 Simulator.cpp:156] Loading navmesh from /mnt/data_nas/deeprobotics/daiyang/vla/third_party/ETP-R1/data/scene_datasets/mp3d/B6ByNegPMKs/B6ByNegPMKs.navmesh
I0918 22:16:59.331832 1593316 Simulator.cpp:158] Loaded.
I0918 22:16:59.331843 1593316 SceneGraph.h:93] Created DrawableGroup: 
Renderer: NVIDIA GeForce RTX 5090/PCIe/SSE2 by NVIDIA Corporation
OpenGL version: 4.6.0 NVIDIA 580.126.09
Using optional features:
    GL_ARB_ES2_compatibility
    GL_ARB_direct_state_access
    GL_ARB_get_texture_sub_image
    GL_ARB_invalidate_subdata
    GL_ARB_multi_bind
    GL_ARB_robustness
    GL_ARB_separate_shader_objects
    GL_ARB_texture_filter_anisotropic
    GL_ARB_texture_storage
    GL_ARB_texture_storage_multisample
    GL_ARB_vertex_array_object
    GL_KHR_debug
Using driver workarounds:
    no-forward-compatible-core-context
    nv-egl-incorrect-gl11-function-pointers
    no-layout-qualifiers-on-old-glsl
    nv-zero-context-profile-mask
    nv-implementation-color-read-format-dsa-broken
    nv-cubemap-inconsistent-compressed-image-size
    nv-cubemap-broken-full-compressed-image-query
    nv-compressed-block-size-in-bits
I0918 22:16:59.335999 1593316 ResourceManager.cpp:234] ResourceManager::loadStage : Not loading semantic mesh
I0918 22:16:59.336009 1593316 ResourceManager.cpp:262] ResourceManager::loadStage : start load render asset /mnt/data_nas/deeprobotics/daiyang/vla/third_party/ETP-R1/data/scene_datasets/mp3d/B6ByNegPMKs/B6ByNegPMKs.glb.
I0918 22:16:59.336012 1593316 ResourceManager.cpp:569] ResourceManager::loadStageInternal : Attempting to load stage /mnt/data_nas/deeprobotics/daiyang/vla/third_party/ETP-R1/data/scene_datasets/mp3d/B6ByNegPMKs/B6ByNegPMKs.glb 
I0918 22:16:59.336030 1593316 ResourceManager.cpp:1119] Importing Basis files as BC7 for B6ByNegPMKs.glb
W0918 22:17:09.163601 1593316 Simulator.cpp:248] :
---
 The active scene does not contain semantic annotations. 
---
I0918 22:17:09.368567 1593316 simulator.py:213] Loaded navmesh /mnt/data_nas/deeprobotics/daiyang/vla/third_party/ETP-R1/data/scene_datasets/mp3d/B6ByNegPMKs/B6ByNegPMKs.navmesh
I0918 22:17:46.488832 1593316 PhysicsManager.cpp:33] Deconstructing PhysicsManager
I0918 22:17:46.488903 1593316 SemanticScene.h:41] Deconstructing SemanticScene
I0918 22:17:46.504853 1593316 SceneManager.h:25] Deconstructing SceneManager
I0918 22:17:46.504873 1593316 SceneGraph.h:26] Deconstructing SceneGraph
I0918 22:17:46.505373 1593316 Sensor.h:87] Deconstructing Sensor
I0918 22:17:46.519878 1593316 Renderer.cpp:34] Deconstructing Renderer
I0918 22:17:46.519917 1593316 WindowlessContext.h:17] Deconstructing WindowlessContext
I0918 22:17:46.533465 1593316 ManagedContainerBase.cpp:19] ManagedContainerBase::convertFilenameToJSON : Filename : default changed to proposed JSON configuration filename : default.scene_dataset_config.json
I0918 22:17:46.533488 1593316 AttributesManagerBase.h:283] AttributesManager<T>::createFromJsonOrDefaultInternal  (Dataset) : Proposing JSON name : default.scene_dataset_config.json from original name : default | This file  does not exist.
I0918 22:17:46.533618 1593316 AssetAttributesManager.cpp:117] Asset attributes (capsule3DSolid : capsule3DSolid_hemiRings_4_cylRings_1_segments_12_halfLen_0.75_useTexCoords_false_useTangents_false) created and registered.
I0918 22:17:46.533644 1593316 AssetAttributesManager.cpp:117] Asset attributes (capsule3DWireframe : capsule3DWireframe_hemiRings_8_cylRings_1_segments_16_halfLen_1) created and registered.
I0918 22:17:46.533667 1593316 AssetAttributesManager.cpp:117] Asset attributes (coneSolid : coneSolid_segments_12_halfLen_1.25_rings_1_useTexCoords_false_useTangents_false_capEnd_true) created and registered.
I0918 22:17:46.533682 1593316 AssetAttributesManager.cpp:117] Asset attributes (coneWireframe : coneWireframe_segments_32_halfLen_1.25) created and registered.
I0918 22:17:46.533691 1593316 AssetAttributesManager.cpp:117] Asset attributes (cubeSolid : cubeSolid) created and registered.
I0918 22:17:46.533699 1593316 AssetAttributesManager.cpp:117] Asset attributes (cubeWireframe : cubeWireframe) created and registered.
I0918 22:17:46.533717 1593316 AssetAttributesManager.cpp:117] Asset attributes (cylinderSolid : cylinderSolid_rings_1_segments_12_halfLen_1_useTexCoords_false_useTangents_false_capEnds_true) created and registered.
I0918 22:17:46.533735 1593316 AssetAttributesManager.cpp:117] Asset attributes (cylinderWireframe : cylinderWireframe_rings_1_segments_32_halfLen_1) created and registered.
I0918 22:17:46.533754 1593316 AssetAttributesManager.cpp:117] Asset attributes (icosphereSolid : icosphereSolid_subdivs_1) created and registered.
I0918 22:17:46.533763 1593316 AssetAttributesManager.cpp:117] Asset attributes (icosphereWireframe : icosphereWireframe_subdivs_1) created and registered.
I0918 22:17:46.533777 1593316 AssetAttributesManager.cpp:117] Asset attributes (uvSphereSolid : uvSphereSolid_rings_8_segments_16_useTexCoords_false_useTangents_false) created and registered.
I0918 22:17:46.533790 1593316 AssetAttributesManager.cpp:117] Asset attributes (uvSphereWireframe : uvSphereWireframe_rings_16_segments_32) created and registered.
I0918 22:17:46.533797 1593316 AssetAttributesManager.cpp:105] AssetAttributesManager::buildCtorFuncPtrMaps : Built default primitive asset templates : 12
I0918 22:17:46.534202 1593316 SceneDatasetAttributesManager.cpp:23] File (default) not found, so new default dataset attributes created and registered.
I0918 22:17:46.534205 1593316 MetadataMediator.cpp:47] MetadataMediator::createDataset : Dataset default successfully created.
I0918 22:17:46.534402 1593316 AttributesManagerBase.h:283] AttributesManager<T>::createFromJsonOrDefaultInternal  (Physics Manager) : Proposing JSON name : ./data/default.physics_config.json from original name : ./data/default.physics_config.json | This file  does not exist.
I0918 22:17:46.534415 1593316 PhysicsAttributesManager.cpp:27] File (./data/default.physics_config.json) not found, so new default physics manager attributes created and registered.
I0918 22:17:46.534418 1593316 AbstractObjectAttributesManagerBase.h:175] AbstractObjectAttributesManager<T>::createObject  (Stage) : Making attributes with handle : /mnt/data_nas/deeprobotics/daiyang/vla/third_party/ETP-R1/data/scene_datasets/mp3d/PuKPg4mmafe/PuKPg4mmafe.glb
I0918 22:17:46.534421 1593316 ManagedContainerBase.cpp:19] ManagedContainerBase::convertFilenameToJSON : Filename : /mnt/data_nas/deeprobotics/daiyang/vla/third_party/ETP-R1/data/scene_datasets/mp3d/PuKPg4mmafe/PuKPg4mmafe.glb changed to proposed JSON configuration filename : /mnt/data_nas/deeprobotics/daiyang/vla/third_party/ETP-R1/data/scene_datasets/mp3d/PuKPg4mmafe/PuKPg4mmafe.stage_config.json
I0918 22:17:46.534435 1593316 AttributesManagerBase.h:283] AttributesManager<T>::createFromJsonOrDefaultInternal  (Stage) : Proposing JSON name : /mnt/data_nas/deeprobotics/daiyang/vla/third_party/ETP-R1/data/scene_datasets/mp3d/PuKPg4mmafe/PuKPg4mmafe.stage_config.json from original name : /mnt/data_nas/deeprobotics/daiyang/vla/third_party/ETP-R1/data/scene_datasets/mp3d/PuKPg4mmafe/PuKPg4mmafe.glb | This file  does not exist.
I0918 22:17:46.534482 1593316 AbstractObjectAttributesManagerBase.h:181] AbstractObjectAttributesManager<T>::createObject  (Stage) : Done making attributes with handle : /mnt/data_nas/deeprobotics/daiyang/vla/third_party/ETP-R1/data/scene_datasets/mp3d/PuKPg4mmafe/PuKPg4mmafe.glb
I0918 22:17:46.534484 1593316 AbstractObjectAttributesManagerBase.h:188] File (/mnt/data_nas/deeprobotics/daiyang/vla/third_party/ETP-R1/data/scene_datasets/mp3d/PuKPg4mmafe/PuKPg4mmafe.glb) exists but is not a recognized config filename extension, so new default Stage attributes created and registered.
I0918 22:17:46.534488 1593316 Simulator.cpp:156] Loading navmesh from /mnt/data_nas/deeprobotics/daiyang/vla/third_party/ETP-R1/data/scene_datasets/mp3d/PuKPg4mmafe/PuKPg4mmafe.navmesh
I0918 22:17:46.543603 1593316 Simulator.cpp:158] Loaded.
I0918 22:17:46.543614 1593316 SceneGraph.h:93] Created DrawableGroup: 
Renderer: NVIDIA GeForce RTX 5090/PCIe/SSE2 by NVIDIA Corporation
OpenGL version: 4.6.0 NVIDIA 580.126.09
Using optional features:
    GL_ARB_ES2_compatibility
    GL_ARB_direct_state_access
    GL_ARB_get_texture_sub_image
    GL_ARB_invalidate_subdata
    GL_ARB_multi_bind
    GL_ARB_robustness
    GL_ARB_separate_shader_objects
    GL_ARB_texture_filter_anisotropic
    GL_ARB_texture_storage
    GL_ARB_texture_storage_multisample
    GL_ARB_vertex_array_object
    GL_KHR_debug
Using driver workarounds:
    no-forward-compatible-core-context
    nv-egl-incorrect-gl11-function-pointers
    no-layout-qualifiers-on-old-glsl
    nv-zero-context-profile-mask
    nv-implementation-color-read-format-dsa-broken
    nv-cubemap-inconsistent-compressed-image-size
    nv-cubemap-broken-full-compressed-image-query
    nv-compressed-block-size-in-bits
I0918 22:17:46.547351 1593316 ResourceManager.cpp:234] ResourceManager::loadStage : Not loading semantic mesh
I0918 22:17:46.547359 1593316 ResourceManager.cpp:262] ResourceManager::loadStage : start load render asset /mnt/data_nas/deeprobotics/daiyang/vla/third_party/ETP-R1/data/scene_datasets/mp3d/PuKPg4mmafe/PuKPg4mmafe.glb.
I0918 22:17:46.547362 1593316 ResourceManager.cpp:569] ResourceManager::loadStageInternal : Attempting to load stage /mnt/data_nas/deeprobotics/daiyang/vla/third_party/ETP-R1/data/scene_datasets/mp3d/PuKPg4mmafe/PuKPg4mmafe.glb 
I0918 22:17:46.547379 1593316 ResourceManager.cpp:1119] Importing Basis files as BC7 for PuKPg4mmafe.glb
W0918 22:17:51.273566 1593316 Simulator.cpp:248] :
---
 The active scene does not contain semantic annotations. 
---
I0918 22:17:51.295047 1593316 simulator.py:213] Loaded navmesh /mnt/data_nas/deeprobotics/daiyang/vla/third_party/ETP-R1/data/scene_datasets/mp3d/PuKPg4mmafe/PuKPg4mmafe.navmesh
I0918 22:18:32.964094 1593316 PhysicsManager.cpp:33] Deconstructing PhysicsManager
I0918 22:18:32.964140 1593316 SemanticScene.h:41] Deconstructing SemanticScene
I0918 22:18:32.965057 1593316 SceneManager.h:25] Deconstructing SceneManager
I0918 22:18:32.965065 1593316 SceneGraph.h:26] Deconstructing SceneGraph
I0918 22:18:32.965327 1593316 Sensor.h:87] Deconstructing Sensor
I0918 22:18:32.970283 1593316 Renderer.cpp:34] Deconstructing Renderer
I0918 22:18:32.970311 1593316 WindowlessContext.h:17] Deconstructing WindowlessContext
I0918 22:18:32.982215 1593316 ManagedContainerBase.cpp:19] ManagedContainerBase::convertFilenameToJSON : Filename : default changed to proposed JSON configuration filename : default.scene_dataset_config.json
I0918 22:18:32.982237 1593316 AttributesManagerBase.h:283] AttributesManager<T>::createFromJsonOrDefaultInternal  (Dataset) : Proposing JSON name : default.scene_dataset_config.json from original name : default | This file  does not exist.
I0918 22:18:32.982447 1593316 AssetAttributesManager.cpp:117] Asset attributes (capsule3DSolid : capsule3DSolid_hemiRings_4_cylRings_1_segments_12_halfLen_0.75_useTexCoords_false_useTangents_false) created and registered.
I0918 22:18:32.982474 1593316 AssetAttributesManager.cpp:117] Asset attributes (capsule3DWireframe : capsule3DWireframe_hemiRings_8_cylRings_1_segments_16_halfLen_1) created and registered.
I0918 22:18:32.982496 1593316 AssetAttributesManager.cpp:117] Asset attributes (coneSolid : coneSolid_segments_12_halfLen_1.25_rings_1_useTexCoords_false_useTangents_false_capEnd_true) created and registered.
I0918 22:18:32.982511 1593316 AssetAttributesManager.cpp:117] Asset attributes (coneWireframe : coneWireframe_segments_32_halfLen_1.25) created and registered.
I0918 22:18:32.982520 1593316 AssetAttributesManager.cpp:117] Asset attributes (cubeSolid : cubeSolid) created and registered.
I0918 22:18:32.982527 1593316 AssetAttributesManager.cpp:117] Asset attributes (cubeWireframe : cubeWireframe) created and registered.
I0918 22:18:32.982546 1593316 AssetAttributesManager.cpp:117] Asset attributes (cylinderSolid : cylinderSolid_rings_1_segments_12_halfLen_1_useTexCoords_false_useTangents_false_capEnds_true) created and registered.
I0918 22:18:32.982563 1593316 AssetAttributesManager.cpp:117] Asset attributes (cylinderWireframe : cylinderWireframe_rings_1_segments_32_halfLen_1) created and registered.
I0918 22:18:32.982576 1593316 AssetAttributesManager.cpp:117] Asset attributes (icosphereSolid : icosphereSolid_subdivs_1) created and registered.
I0918 22:18:32.982585 1593316 AssetAttributesManager.cpp:117] Asset attributes (icosphereWireframe : icosphereWireframe_subdivs_1) created and registered.
I0918 22:18:32.982606 1593316 AssetAttributesManager.cpp:117] Asset attributes (uvSphereSolid : uvSphereSolid_rings_8_segments_16_useTexCoords_false_useTangents_false) created and registered.
I0918 22:18:32.982620 1593316 AssetAttributesManager.cpp:117] Asset attributes (uvSphereWireframe : uvSphereWireframe_rings_16_segments_32) created and registered.
I0918 22:18:32.982626 1593316 AssetAttributesManager.cpp:105] AssetAttributesManager::buildCtorFuncPtrMaps : Built default primitive asset templates : 12
I0918 22:18:32.983019 1593316 SceneDatasetAttributesManager.cpp:23] File (default) not found, so new default dataset attributes created and registered.
I0918 22:18:32.983022 1593316 MetadataMediator.cpp:47] MetadataMediator::createDataset : Dataset default successfully created.
I0918 22:18:32.983218 1593316 AttributesManagerBase.h:283] AttributesManager<T>::createFromJsonOrDefaultInternal  (Physics Manager) : Proposing JSON name : ./data/default.physics_config.json from original name : ./data/default.physics_config.json | This file  does not exist.
I0918 22:18:32.983230 1593316 PhysicsAttributesManager.cpp:27] File (./data/default.physics_config.json) not found, so new default physics manager attributes created and registered.
I0918 22:18:32.983233 1593316 AbstractObjectAttributesManagerBase.h:175] AbstractObjectAttributesManager<T>::createObject  (Stage) : Making attributes with handle : /mnt/data_nas/deeprobotics/daiyang/vla/third_party/ETP-R1/data/scene_datasets/mp3d/aayBHfsNo7d/aayBHfsNo7d.glb
I0918 22:18:32.983237 1593316 ManagedContainerBase.cpp:19] ManagedContainerBase::convertFilenameToJSON : Filename : /mnt/data_nas/deeprobotics/daiyang/vla/third_party/ETP-R1/data/scene_datasets/mp3d/aayBHfsNo7d/aayBHfsNo7d.glb changed to proposed JSON configuration filename : /mnt/data_nas/deeprobotics/daiyang/vla/third_party/ETP-R1/data/scene_datasets/mp3d/aayBHfsNo7d/aayBHfsNo7d.stage_config.json
I0918 22:18:32.983250 1593316 AttributesManagerBase.h:283] AttributesManager<T>::createFromJsonOrDefaultInternal  (Stage) : Proposing JSON name : /mnt/data_nas/deeprobotics/daiyang/vla/third_party/ETP-R1/data/scene_datasets/mp3d/aayBHfsNo7d/aayBHfsNo7d.stage_config.json from original name : /mnt/data_nas/deeprobotics/daiyang/vla/third_party/ETP-R1/data/scene_datasets/mp3d/aayBHfsNo7d/aayBHfsNo7d.glb | This file  does not exist.
I0918 22:18:32.983304 1593316 AbstractObjectAttributesManagerBase.h:181] AbstractObjectAttributesManager<T>::createObject  (Stage) : Done making attributes with handle : /mnt/data_nas/deeprobotics/daiyang/vla/third_party/ETP-R1/data/scene_datasets/mp3d/aayBHfsNo7d/aayBHfsNo7d.glb
I0918 22:18:32.983305 1593316 AbstractObjectAttributesManagerBase.h:188] File (/mnt/data_nas/deeprobotics/daiyang/vla/third_party/ETP-R1/data/scene_datasets/mp3d/aayBHfsNo7d/aayBHfsNo7d.glb) exists but is not a recognized config filename extension, so new default Stage attributes created and registered.
I0918 22:18:32.983310 1593316 Simulator.cpp:156] Loading navmesh from /mnt/data_nas/deeprobotics/daiyang/vla/third_party/ETP-R1/data/scene_datasets/mp3d/aayBHfsNo7d/aayBHfsNo7d.navmesh
I0918 22:18:32.984076 1593316 Simulator.cpp:158] Loaded.
I0918 22:18:32.984084 1593316 SceneGraph.h:93] Created DrawableGroup: 
Renderer: NVIDIA GeForce RTX 5090/PCIe/SSE2 by NVIDIA Corporation
OpenGL version: 4.6.0 NVIDIA 580.126.09
Using optional features:
    GL_ARB_ES2_compatibility
    GL_ARB_direct_state_access
    GL_ARB_get_texture_sub_image
    GL_ARB_invalidate_subdata
    GL_ARB_multi_bind
    GL_ARB_robustness
    GL_ARB_separate_shader_objects
    GL_ARB_texture_filter_anisotropic
    GL_ARB_texture_storage
    GL_ARB_texture_storage_multisample
    GL_ARB_vertex_array_object
    GL_KHR_debug
Using driver workarounds:
    no-forward-compatible-core-context
    nv-egl-incorrect-gl11-function-pointers
    no-layout-qualifiers-on-old-glsl
    nv-zero-context-profile-mask
    nv-implementation-color-read-format-dsa-broken
    nv-cubemap-inconsistent-compressed-image-size
    nv-cubemap-broken-full-compressed-image-query
    nv-compressed-block-size-in-bits
I0918 22:18:32.987847 1593316 ResourceManager.cpp:234] ResourceManager::loadStage : Not loading semantic mesh
I0918 22:18:32.987856 1593316 ResourceManager.cpp:262] ResourceManager::loadStage : start load render asset /mnt/data_nas/deeprobotics/daiyang/vla/third_party/ETP-R1/data/scene_datasets/mp3d/aayBHfsNo7d/aayBHfsNo7d.glb.
I0918 22:18:32.987859 1593316 ResourceManager.cpp:569] ResourceManager::loadStageInternal : Attempting to load stage /mnt/data_nas/deeprobotics/daiyang/vla/third_party/ETP-R1/data/scene_datasets/mp3d/aayBHfsNo7d/aayBHfsNo7d.glb 
I0918 22:18:32.987874 1593316 ResourceManager.cpp:1119] Importing Basis files as BC7 for aayBHfsNo7d.glb
W0918 22:18:34.583978 1593316 Simulator.cpp:248] :
---
 The active scene does not contain semantic annotations. 
---
I0918 22:18:34.626706 1593316 simulator.py:213] Loaded navmesh /mnt/data_nas/deeprobotics/daiyang/vla/third_party/ETP-R1/data/scene_datasets/mp3d/aayBHfsNo7d/aayBHfsNo7d.navmesh
I0918 22:18:57.987854 1593316 PhysicsManager.cpp:33] Deconstructing PhysicsManager
I0918 22:18:57.987900 1593316 SemanticScene.h:41] Deconstructing SemanticScene
I0918 22:18:57.990161 1593316 SceneManager.h:25] Deconstructing SceneManager
I0918 22:18:57.990170 1593316 SceneGraph.h:26] Deconstructing SceneGraph
I0918 22:18:57.990707 1593316 Sensor.h:87] Deconstructing Sensor
I0918 22:18:57.992643 1593316 Renderer.cpp:34] Deconstructing Renderer
I0918 22:18:57.992660 1593316 WindowlessContext.h:17] Deconstructing WindowlessContext
I0918 22:18:57.998952 1593316 ManagedContainerBase.cpp:19] ManagedContainerBase::convertFilenameToJSON : Filename : default changed to proposed JSON configuration filename : default.scene_dataset_config.json
I0918 22:18:57.998968 1593316 AttributesManagerBase.h:283] AttributesManager<T>::createFromJsonOrDefaultInternal  (Dataset) : Proposing JSON name : default.scene_dataset_config.json from original name : default | This file  does not exist.
I0918 22:18:57.999208 1593316 AssetAttributesManager.cpp:117] Asset attributes (capsule3DSolid : capsule3DSolid_hemiRings_4_cylRings_1_segments_12_halfLen_0.75_useTexCoords_false_useTangents_false) created and registered.
I0918 22:18:57.999236 1593316 AssetAttributesManager.cpp:117] Asset attributes (capsule3DWireframe : capsule3DWireframe_hemiRings_8_cylRings_1_segments_16_halfLen_1) created and registered.
I0918 22:18:57.999258 1593316 AssetAttributesManager.cpp:117] Asset attributes (coneSolid : coneSolid_segments_12_halfLen_1.25_rings_1_useTexCoords_false_useTangents_false_capEnd_true) created and registered.
I0918 22:18:57.999279 1593316 AssetAttributesManager.cpp:117] Asset attributes (coneWireframe : coneWireframe_segments_32_halfLen_1.25) created and registered.
I0918 22:18:57.999287 1593316 AssetAttributesManager.cpp:117] Asset attributes (cubeSolid : cubeSolid) created and registered.
I0918 22:18:57.999293 1593316 AssetAttributesManager.cpp:117] Asset attributes (cubeWireframe : cubeWireframe) created and registered.
I0918 22:18:57.999313 1593316 AssetAttributesManager.cpp:117] Asset attributes (cylinderSolid : cylinderSolid_rings_1_segments_12_halfLen_1_useTexCoords_false_useTangents_false_capEnds_true) created and registered.
I0918 22:18:57.999329 1593316 AssetAttributesManager.cpp:117] Asset attributes (cylinderWireframe : cylinderWireframe_rings_1_segments_32_halfLen_1) created and registered.
I0918 22:18:57.999341 1593316 AssetAttributesManager.cpp:117] Asset attributes (icosphereSolid : icosphereSolid_subdivs_1) created and registered.
I0918 22:18:57.999349 1593316 AssetAttributesManager.cpp:117] Asset attributes (icosphereWireframe : icosphereWireframe_subdivs_1) created and registered.
I0918 22:18:57.999362 1593316 AssetAttributesManager.cpp:117] Asset attributes (uvSphereSolid : uvSphereSolid_rings_8_segments_16_useTexCoords_false_useTangents_false) created and registered.
I0918 22:18:57.999374 1593316 AssetAttributesManager.cpp:117] Asset attributes (uvSphereWireframe : uvSphereWireframe_rings_16_segments_32) created and registered.
I0918 22:18:57.999385 1593316 AssetAttributesManager.cpp:105] AssetAttributesManager::buildCtorFuncPtrMaps : Built default primitive asset templates : 12
I0918 22:18:57.999776 1593316 SceneDatasetAttributesManager.cpp:23] File (default) not found, so new default dataset attributes created and registered.
I0918 22:18:57.999778 1593316 MetadataMediator.cpp:47] MetadataMediator::createDataset : Dataset default successfully created.
I0918 22:18:57.999956 1593316 AttributesManagerBase.h:283] AttributesManager<T>::createFromJsonOrDefaultInternal  (Physics Manager) : Proposing JSON name : ./data/default.physics_config.json from original name : ./data/default.physics_config.json | This file  does not exist.
I0918 22:18:57.999967 1593316 PhysicsAttributesManager.cpp:27] File (./data/default.physics_config.json) not found, so new default physics manager attributes created and registered.
I0918 22:18:57.999971 1593316 AbstractObjectAttributesManagerBase.h:175] AbstractObjectAttributesManager<T>::createObject  (Stage) : Making attributes with handle : /mnt/data_nas/deeprobotics/daiyang/vla/third_party/ETP-R1/data/scene_datasets/mp3d/82sE5b5pLXE/82sE5b5pLXE.glb
I0918 22:18:57.999974 1593316 ManagedContainerBase.cpp:19] ManagedContainerBase::convertFilenameToJSON : Filename : /mnt/data_nas/deeprobotics/daiyang/vla/third_party/ETP-R1/data/scene_datasets/mp3d/82sE5b5pLXE/82sE5b5pLXE.glb changed to proposed JSON configuration filename : /mnt/data_nas/deeprobotics/daiyang/vla/third_party/ETP-R1/data/scene_datasets/mp3d/82sE5b5pLXE/82sE5b5pLXE.stage_config.json
I0918 22:18:58.001387 1593316 AttributesManagerBase.h:283] AttributesManager<T>::createFromJsonOrDefaultInternal  (Stage) : Proposing JSON name : /mnt/data_nas/deeprobotics/daiyang/vla/third_party/ETP-R1/data/scene_datasets/mp3d/82sE5b5pLXE/82sE5b5pLXE.stage_config.json from original name : /mnt/data_nas/deeprobotics/daiyang/vla/third_party/ETP-R1/data/scene_datasets/mp3d/82sE5b5pLXE/82sE5b5pLXE.glb | This file  does not exist.
I0918 22:18:58.001433 1593316 AbstractObjectAttributesManagerBase.h:181] AbstractObjectAttributesManager<T>::createObject  (Stage) : Done making attributes with handle : /mnt/data_nas/deeprobotics/daiyang/vla/third_party/ETP-R1/data/scene_datasets/mp3d/82sE5b5pLXE/82sE5b5pLXE.glb
I0918 22:18:58.001435 1593316 AbstractObjectAttributesManagerBase.h:188] File (/mnt/data_nas/deeprobotics/daiyang/vla/third_party/ETP-R1/data/scene_datasets/mp3d/82sE5b5pLXE/82sE5b5pLXE.glb) exists but is not a recognized config filename extension, so new default Stage attributes created and registered.
I0918 22:18:58.001441 1593316 Simulator.cpp:156] Loading navmesh from /mnt/data_nas/deeprobotics/daiyang/vla/third_party/ETP-R1/data/scene_datasets/mp3d/82sE5b5pLXE/82sE5b5pLXE.navmesh
I0918 22:18:58.003892 1593316 Simulator.cpp:158] Loaded.
I0918 22:18:58.003899 1593316 SceneGraph.h:93] Created DrawableGroup: 
Renderer: NVIDIA GeForce RTX 5090/PCIe/SSE2 by NVIDIA Corporation
OpenGL version: 4.6.0 NVIDIA 580.126.09
Using optional features:
    GL_ARB_ES2_compatibility
    GL_ARB_direct_state_access
    GL_ARB_get_texture_sub_image
    GL_ARB_invalidate_subdata
    GL_ARB_multi_bind
    GL_ARB_robustness
    GL_ARB_separate_shader_objects
    GL_ARB_texture_filter_anisotropic
    GL_ARB_texture_storage
    GL_ARB_texture_storage_multisample
    GL_ARB_vertex_array_object
    GL_KHR_debug
Using driver workarounds:
    no-forward-compatible-core-context
    nv-egl-incorrect-gl11-function-pointers
    no-layout-qualifiers-on-old-glsl
    nv-zero-context-profile-mask
    nv-implementation-color-read-format-dsa-broken
    nv-cubemap-inconsistent-compressed-image-size
    nv-cubemap-broken-full-compressed-image-query
    nv-compressed-block-size-in-bits
I0918 22:18:58.007396 1593316 ResourceManager.cpp:234] ResourceManager::loadStage : Not loading semantic mesh
I0918 22:18:58.007404 1593316 ResourceManager.cpp:262] ResourceManager::loadStage : start load render asset /mnt/data_nas/deeprobotics/daiyang/vla/third_party/ETP-R1/data/scene_datasets/mp3d/82sE5b5pLXE/82sE5b5pLXE.glb.
I0918 22:18:58.007406 1593316 ResourceManager.cpp:569] ResourceManager::loadStageInternal : Attempting to load stage /mnt/data_nas/deeprobotics/daiyang/vla/third_party/ETP-R1/data/scene_datasets/mp3d/82sE5b5pLXE/82sE5b5pLXE.glb 
I0918 22:18:58.007424 1593316 ResourceManager.cpp:1119] Importing Basis files as BC7 for 82sE5b5pLXE.glb
W0918 22:19:00.073751 1593316 Simulator.cpp:248] :
---
 The active scene does not contain semantic annotations. 
---
I0918 22:19:00.112363 1593316 simulator.py:213] Loaded navmesh /mnt/data_nas/deeprobotics/daiyang/vla/third_party/ETP-R1/data/scene_datasets/mp3d/82sE5b5pLXE/82sE5b5pLXE.navmesh
I0918 22:20:06.638830 1593316 PhysicsManager.cpp:33] Deconstructing PhysicsManager
I0918 22:20:06.638883 1593316 SemanticScene.h:41] Deconstructing SemanticScene
I0918 22:20:06.640482 1593316 SceneManager.h:25] Deconstructing SceneManager
I0918 22:20:06.640491 1593316 SceneGraph.h:26] Deconstructing SceneGraph
I0918 22:20:06.640730 1593316 Sensor.h:87] Deconstructing Sensor
I0918 22:20:06.643903 1593316 Renderer.cpp:34] Deconstructing Renderer
I0918 22:20:06.643923 1593316 WindowlessContext.h:17] Deconstructing WindowlessContext
I0918 22:20:06.650466 1593316 ManagedContainerBase.cpp:19] ManagedContainerBase::convertFilenameToJSON : Filename : default changed to proposed JSON configuration filename : default.scene_dataset_config.json
I0918 22:20:06.650482 1593316 AttributesManagerBase.h:283] AttributesManager<T>::createFromJsonOrDefaultInternal  (Dataset) : Proposing JSON name : default.scene_dataset_config.json from original name : default | This file  does not exist.
I0918 22:20:06.650712 1593316 AssetAttributesManager.cpp:117] Asset attributes (capsule3DSolid : capsule3DSolid_hemiRings_4_cylRings_1_segments_12_halfLen_0.75_useTexCoords_false_useTangents_false) created and registered.
I0918 22:20:06.650738 1593316 AssetAttributesManager.cpp:117] Asset attributes (capsule3DWireframe : capsule3DWireframe_hemiRings_8_cylRings_1_segments_16_halfLen_1) created and registered.
I0918 22:20:06.650760 1593316 AssetAttributesManager.cpp:117] Asset attributes (coneSolid : coneSolid_segments_12_halfLen_1.25_rings_1_useTexCoords_false_useTangents_false_capEnd_true) created and registered.
I0918 22:20:06.650774 1593316 AssetAttributesManager.cpp:117] Asset attributes (coneWireframe : coneWireframe_segments_32_halfLen_1.25) created and registered.
I0918 22:20:06.650784 1593316 AssetAttributesManager.cpp:117] Asset attributes (cubeSolid : cubeSolid) created and registered.
I0918 22:20:06.650789 1593316 AssetAttributesManager.cpp:117] Asset attributes (cubeWireframe : cubeWireframe) created and registered.
I0918 22:20:06.650807 1593316 AssetAttributesManager.cpp:117] Asset attributes (cylinderSolid : cylinderSolid_rings_1_segments_12_halfLen_1_useTexCoords_false_useTangents_false_capEnds_true) created and registered.
I0918 22:20:06.650825 1593316 AssetAttributesManager.cpp:117] Asset attributes (cylinderWireframe : cylinderWireframe_rings_1_segments_32_halfLen_1) created and registered.
I0918 22:20:06.650836 1593316 AssetAttributesManager.cpp:117] Asset attributes (icosphereSolid : icosphereSolid_subdivs_1) created and registered.
I0918 22:20:06.650844 1593316 AssetAttributesManager.cpp:117] Asset attributes (icosphereWireframe : icosphereWireframe_subdivs_1) created and registered.
I0918 22:20:06.650858 1593316 AssetAttributesManager.cpp:117] Asset attributes (uvSphereSolid : uvSphereSolid_rings_8_segments_16_useTexCoords_false_useTangents_false) created and registered.
I0918 22:20:06.650872 1593316 AssetAttributesManager.cpp:117] Asset attributes (uvSphereWireframe : uvSphereWireframe_rings_16_segments_32) created and registered.
I0918 22:20:06.650878 1593316 AssetAttributesManager.cpp:105] AssetAttributesManager::buildCtorFuncPtrMaps : Built default primitive asset templates : 12
I0918 22:20:06.651276 1593316 SceneDatasetAttributesManager.cpp:23] File (default) not found, so new default dataset attributes created and registered.
I0918 22:20:06.651279 1593316 MetadataMediator.cpp:47] MetadataMediator::createDataset : Dataset default successfully created.
I0918 22:20:06.651464 1593316 AttributesManagerBase.h:283] AttributesManager<T>::createFromJsonOrDefaultInternal  (Physics Manager) : Proposing JSON name : ./data/default.physics_config.json from original name : ./data/default.physics_config.json | This file  does not exist.
I0918 22:20:06.651475 1593316 PhysicsAttributesManager.cpp:27] File (./data/default.physics_config.json) not found, so new default physics manager attributes created and registered.
I0918 22:20:06.651479 1593316 AbstractObjectAttributesManagerBase.h:175] AbstractObjectAttributesManager<T>::createObject  (Stage) : Making attributes with handle : /mnt/data_nas/deeprobotics/daiyang/vla/third_party/ETP-R1/data/scene_datasets/mp3d/B6ByNegPMKs/B6ByNegPMKs.glb
I0918 22:20:06.651484 1593316 ManagedContainerBase.cpp:19] ManagedContainerBase::convertFilenameToJSON : Filename : /mnt/data_nas/deeprobotics/daiyang/vla/third_party/ETP-R1/data/scene_datasets/mp3d/B6ByNegPMKs/B6ByNegPMKs.glb changed to proposed JSON configuration filename : /mnt/data_nas/deeprobotics/daiyang/vla/third_party/ETP-R1/data/scene_datasets/mp3d/B6ByNegPMKs/B6ByNegPMKs.stage_config.json
I0918 22:20:06.651495 1593316 AttributesManagerBase.h:283] AttributesManager<T>::createFromJsonOrDefaultInternal  (Stage) : Proposing JSON name : /mnt/data_nas/deeprobotics/daiyang/vla/third_party/ETP-R1/data/scene_datasets/mp3d/B6ByNegPMKs/B6ByNegPMKs.stage_config.json from original name : /mnt/data_nas/deeprobotics/daiyang/vla/third_party/ETP-R1/data/scene_datasets/mp3d/B6ByNegPMKs/B6ByNegPMKs.glb | This file  does not exist.
I0918 22:20:06.651540 1593316 AbstractObjectAttributesManagerBase.h:181] AbstractObjectAttributesManager<T>::createObject  (Stage) : Done making attributes with handle : /mnt/data_nas/deeprobotics/daiyang/vla/third_party/ETP-R1/data/scene_datasets/mp3d/B6ByNegPMKs/B6ByNegPMKs.glb
I0918 22:20:06.651542 1593316 AbstractObjectAttributesManagerBase.h:188] File (/mnt/data_nas/deeprobotics/daiyang/vla/third_party/ETP-R1/data/scene_datasets/mp3d/B6ByNegPMKs/B6ByNegPMKs.glb) exists but is not a recognized config filename extension, so new default Stage attributes created and registered.
I0918 22:20:06.651547 1593316 Simulator.cpp:156] Loading navmesh from /mnt/data_nas/deeprobotics/daiyang/vla/third_party/ETP-R1/data/scene_datasets/mp3d/B6ByNegPMKs/B6ByNegPMKs.navmesh
I0918 22:20:06.652803 1593316 Simulator.cpp:158] Loaded.
I0918 22:20:06.652810 1593316 SceneGraph.h:93] Created DrawableGroup: 
Renderer: NVIDIA GeForce RTX 5090/PCIe/SSE2 by NVIDIA Corporation
OpenGL version: 4.6.0 NVIDIA 580.126.09
Using optional features:
    GL_ARB_ES2_compatibility
    GL_ARB_direct_state_access
    GL_ARB_get_texture_sub_image
    GL_ARB_invalidate_subdata
    GL_ARB_multi_bind
    GL_ARB_robustness
    GL_ARB_separate_shader_objects
    GL_ARB_texture_filter_anisotropic
    GL_ARB_texture_storage
    GL_ARB_texture_storage_multisample
    GL_ARB_vertex_array_object
    GL_KHR_debug
Using driver workarounds:
    no-forward-compatible-core-context
    nv-egl-incorrect-gl11-function-pointers
    no-layout-qualifiers-on-old-glsl
    nv-zero-context-profile-mask
    nv-implementation-color-read-format-dsa-broken
    nv-cubemap-inconsistent-compressed-image-size
    nv-cubemap-broken-full-compressed-image-query
    nv-compressed-block-size-in-bits
I0918 22:20:06.656348 1593316 ResourceManager.cpp:234] ResourceManager::loadStage : Not loading semantic mesh
I0918 22:20:06.656355 1593316 ResourceManager.cpp:262] ResourceManager::loadStage : start load render asset /mnt/data_nas/deeprobotics/daiyang/vla/third_party/ETP-R1/data/scene_datasets/mp3d/B6ByNegPMKs/B6ByNegPMKs.glb.
I0918 22:20:06.656358 1593316 ResourceManager.cpp:569] ResourceManager::loadStageInternal : Attempting to load stage /mnt/data_nas/deeprobotics/daiyang/vla/third_party/ETP-R1/data/scene_datasets/mp3d/B6ByNegPMKs/B6ByNegPMKs.glb 
I0918 22:20:06.656374 1593316 ResourceManager.cpp:1119] Importing Basis files as BC7 for B6ByNegPMKs.glb
W0918 22:20:16.290665 1593316 Simulator.cpp:248] :
---
 The active scene does not contain semantic annotations. 
---
I0918 22:20:16.494889 1593316 simulator.py:213] Loaded navmesh /mnt/data_nas/deeprobotics/daiyang/vla/third_party/ETP-R1/data/scene_datasets/mp3d/B6ByNegPMKs/B6ByNegPMKs.navmesh
I0918 22:20:53.827394 1593316 PhysicsManager.cpp:33] Deconstructing PhysicsManager
I0918 22:20:53.827440 1593316 SemanticScene.h:41] Deconstructing SemanticScene
I0918 22:20:53.844388 1593316 SceneManager.h:25] Deconstructing SceneManager
I0918 22:20:53.844411 1593316 SceneGraph.h:26] Deconstructing SceneGraph
I0918 22:20:53.844977 1593316 Sensor.h:87] Deconstructing Sensor
I0918 22:20:53.859392 1593316 Renderer.cpp:34] Deconstructing Renderer
I0918 22:20:53.859431 1593316 WindowlessContext.h:17] Deconstructing WindowlessContext
I0918 22:20:53.885813 1593316 ManagedContainerBase.cpp:19] ManagedContainerBase::convertFilenameToJSON : Filename : default changed to proposed JSON configuration filename : default.scene_dataset_config.json
I0918 22:20:53.885848 1593316 AttributesManagerBase.h:283] AttributesManager<T>::createFromJsonOrDefaultInternal  (Dataset) : Proposing JSON name : default.scene_dataset_config.json from original name : default | This file  does not exist.
I0918 22:20:53.886039 1593316 AssetAttributesManager.cpp:117] Asset attributes (capsule3DSolid : capsule3DSolid_hemiRings_4_cylRings_1_segments_12_halfLen_0.75_useTexCoords_false_useTangents_false) created and registered.
I0918 22:20:53.886080 1593316 AssetAttributesManager.cpp:117] Asset attributes (capsule3DWireframe : capsule3DWireframe_hemiRings_8_cylRings_1_segments_16_halfLen_1) created and registered.
I0918 22:20:53.886116 1593316 AssetAttributesManager.cpp:117] Asset attributes (coneSolid : coneSolid_segments_12_halfLen_1.25_rings_1_useTexCoords_false_useTangents_false_capEnd_true) created and registered.
I0918 22:20:53.886139 1593316 AssetAttributesManager.cpp:117] Asset attributes (coneWireframe : coneWireframe_segments_32_halfLen_1.25) created and registered.
I0918 22:20:53.886152 1593316 AssetAttributesManager.cpp:117] Asset attributes (cubeSolid : cubeSolid) created and registered.
I0918 22:20:53.886161 1593316 AssetAttributesManager.cpp:117] Asset attributes (cubeWireframe : cubeWireframe) created and registered.
I0918 22:20:53.886193 1593316 AssetAttributesManager.cpp:117] Asset attributes (cylinderSolid : cylinderSolid_rings_1_segments_12_halfLen_1_useTexCoords_false_useTangents_false_capEnds_true) created and registered.
I0918 22:20:53.886219 1593316 AssetAttributesManager.cpp:117] Asset attributes (cylinderWireframe : cylinderWireframe_rings_1_segments_32_halfLen_1) created and registered.
I0918 22:20:53.886235 1593316 AssetAttributesManager.cpp:117] Asset attributes (icosphereSolid : icosphereSolid_subdivs_1) created and registered.
I0918 22:20:53.886248 1593316 AssetAttributesManager.cpp:117] Asset attributes (icosphereWireframe : icosphereWireframe_subdivs_1) created and registered.
I0918 22:20:53.886278 1593316 AssetAttributesManager.cpp:117] Asset attributes (uvSphereSolid : uvSphereSolid_rings_8_segments_16_useTexCoords_false_useTangents_false) created and registered.
I0918 22:20:53.886301 1593316 AssetAttributesManager.cpp:117] Asset attributes (uvSphereWireframe : uvSphereWireframe_rings_16_segments_32) created and registered.
I0918 22:20:53.886310 1593316 AssetAttributesManager.cpp:105] AssetAttributesManager::buildCtorFuncPtrMaps : Built default primitive asset templates : 12
I0918 22:20:53.886976 1593316 SceneDatasetAttributesManager.cpp:23] File (default) not found, so new default dataset attributes created and registered.
I0918 22:20:53.886979 1593316 MetadataMediator.cpp:47] MetadataMediator::createDataset : Dataset default successfully created.
I0918 22:20:53.887224 1593316 AttributesManagerBase.h:283] AttributesManager<T>::createFromJsonOrDefaultInternal  (Physics Manager) : Proposing JSON name : ./data/default.physics_config.json from original name : ./data/default.physics_config.json | This file  does not exist.
I0918 22:20:53.887240 1593316 PhysicsAttributesManager.cpp:27] File (./data/default.physics_config.json) not found, so new default physics manager attributes created and registered.
I0918 22:20:53.887255 1593316 AbstractObjectAttributesManagerBase.h:175] AbstractObjectAttributesManager<T>::createObject  (Stage) : Making attributes with handle : /mnt/data_nas/deeprobotics/daiyang/vla/third_party/ETP-R1/data/scene_datasets/mp3d/PuKPg4mmafe/PuKPg4mmafe.glb
I0918 22:20:53.887261 1593316 ManagedContainerBase.cpp:19] ManagedContainerBase::convertFilenameToJSON : Filename : /mnt/data_nas/deeprobotics/daiyang/vla/third_party/ETP-R1/data/scene_datasets/mp3d/PuKPg4mmafe/PuKPg4mmafe.glb changed to proposed JSON configuration filename : /mnt/data_nas/deeprobotics/daiyang/vla/third_party/ETP-R1/data/scene_datasets/mp3d/PuKPg4mmafe/PuKPg4mmafe.stage_config.json
I0918 22:20:53.887287 1593316 AttributesManagerBase.h:283] AttributesManager<T>::createFromJsonOrDefaultInternal  (Stage) : Proposing JSON name : /mnt/data_nas/deeprobotics/daiyang/vla/third_party/ETP-R1/data/scene_datasets/mp3d/PuKPg4mmafe/PuKPg4mmafe.stage_config.json from original name : /mnt/data_nas/deeprobotics/daiyang/vla/third_party/ETP-R1/data/scene_datasets/mp3d/PuKPg4mmafe/PuKPg4mmafe.glb | This file  does not exist.
I0918 22:20:53.887357 1593316 AbstractObjectAttributesManagerBase.h:181] AbstractObjectAttributesManager<T>::createObject  (Stage) : Done making attributes with handle : /mnt/data_nas/deeprobotics/daiyang/vla/third_party/ETP-R1/data/scene_datasets/mp3d/PuKPg4mmafe/PuKPg4mmafe.glb
I0918 22:20:53.887360 1593316 AbstractObjectAttributesManagerBase.h:188] File (/mnt/data_nas/deeprobotics/daiyang/vla/third_party/ETP-R1/data/scene_datasets/mp3d/PuKPg4mmafe/PuKPg4mmafe.glb) exists but is not a recognized config filename extension, so new default Stage attributes created and registered.
I0918 22:20:53.887367 1593316 Simulator.cpp:156] Loading navmesh from /mnt/data_nas/deeprobotics/daiyang/vla/third_party/ETP-R1/data/scene_datasets/mp3d/PuKPg4mmafe/PuKPg4mmafe.navmesh
I0918 22:20:53.889094 1593316 Simulator.cpp:158] Loaded.
I0918 22:20:53.889107 1593316 SceneGraph.h:93] Created DrawableGroup: 
Renderer: NVIDIA GeForce RTX 5090/PCIe/SSE2 by NVIDIA Corporation
OpenGL version: 4.6.0 NVIDIA 580.126.09
Using optional features:
    GL_ARB_ES2_compatibility
    GL_ARB_direct_state_access
    GL_ARB_get_texture_sub_image
    GL_ARB_invalidate_subdata
    GL_ARB_multi_bind
    GL_ARB_robustness
    GL_ARB_separate_shader_objects
    GL_ARB_texture_filter_anisotropic
    GL_ARB_texture_storage
    GL_ARB_texture_storage_multisample
    GL_ARB_vertex_array_object
    GL_KHR_debug
Using driver workarounds:
    no-forward-compatible-core-context
    nv-egl-incorrect-gl11-function-pointers
    no-layout-qualifiers-on-old-glsl
    nv-zero-context-profile-mask
    nv-implementation-color-read-format-dsa-broken
    nv-cubemap-inconsistent-compressed-image-size
    nv-cubemap-broken-full-compressed-image-query
    nv-compressed-block-size-in-bits
I0918 22:20:53.893534 1593316 ResourceManager.cpp:234] ResourceManager::loadStage : Not loading semantic mesh
I0918 22:20:53.893544 1593316 ResourceManager.cpp:262] ResourceManager::loadStage : start load render asset /mnt/data_nas/deeprobotics/daiyang/vla/third_party/ETP-R1/data/scene_datasets/mp3d/PuKPg4mmafe/PuKPg4mmafe.glb.
I0918 22:20:53.893548 1593316 ResourceManager.cpp:569] ResourceManager::loadStageInternal : Attempting to load stage /mnt/data_nas/deeprobotics/daiyang/vla/third_party/ETP-R1/data/scene_datasets/mp3d/PuKPg4mmafe/PuKPg4mmafe.glb 
I0918 22:20:53.893571 1593316 ResourceManager.cpp:1119] Importing Basis files as BC7 for PuKPg4mmafe.glb
W0918 22:20:58.704228 1593316 Simulator.cpp:248] :
---
 The active scene does not contain semantic annotations. 
---
I0918 22:20:58.726643 1593316 simulator.py:213] Loaded navmesh /mnt/data_nas/deeprobotics/daiyang/vla/third_party/ETP-R1/data/scene_datasets/mp3d/PuKPg4mmafe/PuKPg4mmafe.navmesh
I0918 22:21:42.996304 1593316 PhysicsManager.cpp:33] Deconstructing PhysicsManager
I0918 22:21:42.996358 1593316 SemanticScene.h:41] Deconstructing SemanticScene
I0918 22:21:42.997320 1593316 SceneManager.h:25] Deconstructing SceneManager
I0918 22:21:42.997329 1593316 SceneGraph.h:26] Deconstructing SceneGraph
I0918 22:21:42.997620 1593316 Sensor.h:87] Deconstructing Sensor
I0918 22:21:43.003804 1593316 Renderer.cpp:34] Deconstructing Renderer
I0918 22:21:43.003852 1593316 WindowlessContext.h:17] Deconstructing WindowlessContext
I0918 22:21:43.019683 1593316 ManagedContainerBase.cpp:19] ManagedContainerBase::convertFilenameToJSON : Filename : default changed to proposed JSON configuration filename : default.scene_dataset_config.json
I0918 22:21:43.019707 1593316 AttributesManagerBase.h:283] AttributesManager<T>::createFromJsonOrDefaultInternal  (Dataset) : Proposing JSON name : default.scene_dataset_config.json from original name : default | This file  does not exist.
I0918 22:21:43.019907 1593316 AssetAttributesManager.cpp:117] Asset attributes (capsule3DSolid : capsule3DSolid_hemiRings_4_cylRings_1_segments_12_halfLen_0.75_useTexCoords_false_useTangents_false) created and registered.
I0918 22:21:43.019934 1593316 AssetAttributesManager.cpp:117] Asset attributes (capsule3DWireframe : capsule3DWireframe_hemiRings_8_cylRings_1_segments_16_halfLen_1) created and registered.
I0918 22:21:43.019958 1593316 AssetAttributesManager.cpp:117] Asset attributes (coneSolid : coneSolid_segments_12_halfLen_1.25_rings_1_useTexCoords_false_useTangents_false_capEnd_true) created and registered.
I0918 22:21:43.019974 1593316 AssetAttributesManager.cpp:117] Asset attributes (coneWireframe : coneWireframe_segments_32_halfLen_1.25) created and registered.
I0918 22:21:43.019984 1593316 AssetAttributesManager.cpp:117] Asset attributes (cubeSolid : cubeSolid) created and registered.
I0918 22:21:43.019991 1593316 AssetAttributesManager.cpp:117] Asset attributes (cubeWireframe : cubeWireframe) created and registered.
I0918 22:21:43.020012 1593316 AssetAttributesManager.cpp:117] Asset attributes (cylinderSolid : cylinderSolid_rings_1_segments_12_halfLen_1_useTexCoords_false_useTangents_false_capEnds_true) created and registered.
I0918 22:21:43.020030 1593316 AssetAttributesManager.cpp:117] Asset attributes (cylinderWireframe : cylinderWireframe_rings_1_segments_32_halfLen_1) created and registered.
I0918 22:21:43.020042 1593316 AssetAttributesManager.cpp:117] Asset attributes (icosphereSolid : icosphereSolid_subdivs_1) created and registered.
I0918 22:21:43.020053 1593316 AssetAttributesManager.cpp:117] Asset attributes (icosphereWireframe : icosphereWireframe_subdivs_1) created and registered.
I0918 22:21:43.020071 1593316 AssetAttributesManager.cpp:117] Asset attributes (uvSphereSolid : uvSphereSolid_rings_8_segments_16_useTexCoords_false_useTangents_false) created and registered.
I0918 22:21:43.020087 1593316 AssetAttributesManager.cpp:117] Asset attributes (uvSphereWireframe : uvSphereWireframe_rings_16_segments_32) created and registered.
I0918 22:21:43.020094 1593316 AssetAttributesManager.cpp:105] AssetAttributesManager::buildCtorFuncPtrMaps : Built default primitive asset templates : 12
I0918 22:21:43.020536 1593316 SceneDatasetAttributesManager.cpp:23] File (default) not found, so new default dataset attributes created and registered.
I0918 22:21:43.020538 1593316 MetadataMediator.cpp:47] MetadataMediator::createDataset : Dataset default successfully created.
I0918 22:21:43.020764 1593316 AttributesManagerBase.h:283] AttributesManager<T>::createFromJsonOrDefaultInternal  (Physics Manager) : Proposing JSON name : ./data/default.physics_config.json from original name : ./data/default.physics_config.json | This file  does not exist.
I0918 22:21:43.020778 1593316 PhysicsAttributesManager.cpp:27] File (./data/default.physics_config.json) not found, so new default physics manager attributes created and registered.
I0918 22:21:43.020781 1593316 AbstractObjectAttributesManagerBase.h:175] AbstractObjectAttributesManager<T>::createObject  (Stage) : Making attributes with handle : /mnt/data_nas/deeprobotics/daiyang/vla/third_party/ETP-R1/data/scene_datasets/mp3d/aayBHfsNo7d/aayBHfsNo7d.glb
I0918 22:21:43.020785 1593316 ManagedContainerBase.cpp:19] ManagedContainerBase::convertFilenameToJSON : Filename : /mnt/data_nas/deeprobotics/daiyang/vla/third_party/ETP-R1/data/scene_datasets/mp3d/aayBHfsNo7d/aayBHfsNo7d.glb changed to proposed JSON configuration filename : /mnt/data_nas/deeprobotics/daiyang/vla/third_party/ETP-R1/data/scene_datasets/mp3d/aayBHfsNo7d/aayBHfsNo7d.stage_config.json
I0918 22:21:43.020808 1593316 AttributesManagerBase.h:283] AttributesManager<T>::createFromJsonOrDefaultInternal  (Stage) : Proposing JSON name : /mnt/data_nas/deeprobotics/daiyang/vla/third_party/ETP-R1/data/scene_datasets/mp3d/aayBHfsNo7d/aayBHfsNo7d.stage_config.json from original name : /mnt/data_nas/deeprobotics/daiyang/vla/third_party/ETP-R1/data/scene_datasets/mp3d/aayBHfsNo7d/aayBHfsNo7d.glb | This file  does not exist.
I0918 22:21:43.020859 1593316 AbstractObjectAttributesManagerBase.h:181] AbstractObjectAttributesManager<T>::createObject  (Stage) : Done making attributes with handle : /mnt/data_nas/deeprobotics/daiyang/vla/third_party/ETP-R1/data/scene_datasets/mp3d/aayBHfsNo7d/aayBHfsNo7d.glb
I0918 22:21:43.020860 1593316 AbstractObjectAttributesManagerBase.h:188] File (/mnt/data_nas/deeprobotics/daiyang/vla/third_party/ETP-R1/data/scene_datasets/mp3d/aayBHfsNo7d/aayBHfsNo7d.glb) exists but is not a recognized config filename extension, so new default Stage attributes created and registered.
I0918 22:21:43.020866 1593316 Simulator.cpp:156] Loading navmesh from /mnt/data_nas/deeprobotics/daiyang/vla/third_party/ETP-R1/data/scene_datasets/mp3d/aayBHfsNo7d/aayBHfsNo7d.navmesh
I0918 22:21:43.021644 1593316 Simulator.cpp:158] Loaded.
I0918 22:21:43.021652 1593316 SceneGraph.h:93] Created DrawableGroup: 
Renderer: NVIDIA GeForce RTX 5090/PCIe/SSE2 by NVIDIA Corporation
OpenGL version: 4.6.0 NVIDIA 580.126.09
Using optional features:
    GL_ARB_ES2_compatibility
    GL_ARB_direct_state_access
    GL_ARB_get_texture_sub_image
    GL_ARB_invalidate_subdata
    GL_ARB_multi_bind
    GL_ARB_robustness
    GL_ARB_separate_shader_objects
    GL_ARB_texture_filter_anisotropic
    GL_ARB_texture_storage
    GL_ARB_texture_storage_multisample
    GL_ARB_vertex_array_object
    GL_KHR_debug
Using driver workarounds:
    no-forward-compatible-core-context
    nv-egl-incorrect-gl11-function-pointers
    no-layout-qualifiers-on-old-glsl
    nv-zero-context-profile-mask
    nv-implementation-color-read-format-dsa-broken
    nv-cubemap-inconsistent-compressed-image-size
    nv-cubemap-broken-full-compressed-image-query
    nv-compressed-block-size-in-bits
I0918 22:21:43.025455 1593316 ResourceManager.cpp:234] ResourceManager::loadStage : Not loading semantic mesh
I0918 22:21:43.025463 1593316 ResourceManager.cpp:262] ResourceManager::loadStage : start load render asset /mnt/data_nas/deeprobotics/daiyang/vla/third_party/ETP-R1/data/scene_datasets/mp3d/aayBHfsNo7d/aayBHfsNo7d.glb.
I0918 22:21:43.025465 1593316 ResourceManager.cpp:569] ResourceManager::loadStageInternal : Attempting to load stage /mnt/data_nas/deeprobotics/daiyang/vla/third_party/ETP-R1/data/scene_datasets/mp3d/aayBHfsNo7d/aayBHfsNo7d.glb 
I0918 22:21:43.025482 1593316 ResourceManager.cpp:1119] Importing Basis files as BC7 for aayBHfsNo7d.glb
W0918 22:21:44.603825 1593316 Simulator.cpp:248] :
---
 The active scene does not contain semantic annotations. 
---
I0918 22:21:44.644761 1593316 simulator.py:213] Loaded navmesh /mnt/data_nas/deeprobotics/daiyang/vla/third_party/ETP-R1/data/scene_datasets/mp3d/aayBHfsNo7d/aayBHfsNo7d.navmesh
I0918 22:23:03.670691 1593316 PhysicsManager.cpp:33] Deconstructing PhysicsManager
I0918 22:23:03.670750 1593316 SemanticScene.h:41] Deconstructing SemanticScene
I0918 22:23:03.673560 1593316 SceneManager.h:25] Deconstructing SceneManager
I0918 22:23:03.673569 1593316 SceneGraph.h:26] Deconstructing SceneGraph
I0918 22:23:03.674139 1593316 Sensor.h:87] Deconstructing Sensor
I0918 22:23:03.676806 1593316 Renderer.cpp:34] Deconstructing Renderer
I0918 22:23:03.676829 1593316 WindowlessContext.h:17] Deconstructing WindowlessContext
I0918 22:23:03.683697 1593316 ManagedContainerBase.cpp:19] ManagedContainerBase::convertFilenameToJSON : Filename : default changed to proposed JSON configuration filename : default.scene_dataset_config.json
I0918 22:23:03.683725 1593316 AttributesManagerBase.h:283] AttributesManager<T>::createFromJsonOrDefaultInternal  (Dataset) : Proposing JSON name : default.scene_dataset_config.json from original name : default | This file  does not exist.
I0918 22:23:03.683911 1593316 AssetAttributesManager.cpp:117] Asset attributes (capsule3DSolid : capsule3DSolid_hemiRings_4_cylRings_1_segments_12_halfLen_0.75_useTexCoords_false_useTangents_false) created and registered.
I0918 22:23:03.683952 1593316 AssetAttributesManager.cpp:117] Asset attributes (capsule3DWireframe : capsule3DWireframe_hemiRings_8_cylRings_1_segments_16_halfLen_1) created and registered.
I0918 22:23:03.683988 1593316 AssetAttributesManager.cpp:117] Asset attributes (coneSolid : coneSolid_segments_12_halfLen_1.25_rings_1_useTexCoords_false_useTangents_false_capEnd_true) created and registered.
I0918 22:23:03.684011 1593316 AssetAttributesManager.cpp:117] Asset attributes (coneWireframe : coneWireframe_segments_32_halfLen_1.25) created and registered.
I0918 22:23:03.684024 1593316 AssetAttributesManager.cpp:117] Asset attributes (cubeSolid : cubeSolid) created and registered.
I0918 22:23:03.684033 1593316 AssetAttributesManager.cpp:117] Asset attributes (cubeWireframe : cubeWireframe) created and registered.
I0918 22:23:03.684064 1593316 AssetAttributesManager.cpp:117] Asset attributes (cylinderSolid : cylinderSolid_rings_1_segments_12_halfLen_1_useTexCoords_false_useTangents_false_capEnds_true) created and registered.
I0918 22:23:03.684091 1593316 AssetAttributesManager.cpp:117] Asset attributes (cylinderWireframe : cylinderWireframe_rings_1_segments_32_halfLen_1) created and registered.
I0918 22:23:03.684108 1593316 AssetAttributesManager.cpp:117] Asset attributes (icosphereSolid : icosphereSolid_subdivs_1) created and registered.
I0918 22:23:03.684121 1593316 AssetAttributesManager.cpp:117] Asset attributes (icosphereWireframe : icosphereWireframe_subdivs_1) created and registered.
I0918 22:23:03.684141 1593316 AssetAttributesManager.cpp:117] Asset attributes (uvSphereSolid : uvSphereSolid_rings_8_segments_16_useTexCoords_false_useTangents_false) created and registered.
I0918 22:23:03.684162 1593316 AssetAttributesManager.cpp:117] Asset attributes (uvSphereWireframe : uvSphereWireframe_rings_16_segments_32) created and registered.
I0918 22:23:03.684171 1593316 AssetAttributesManager.cpp:105] AssetAttributesManager::buildCtorFuncPtrMaps : Built default primitive asset templates : 12
I0918 22:23:03.684846 1593316 SceneDatasetAttributesManager.cpp:23] File (default) not found, so new default dataset attributes created and registered.
I0918 22:23:03.684850 1593316 MetadataMediator.cpp:47] MetadataMediator::createDataset : Dataset default successfully created.
I0918 22:23:03.686020 1593316 AttributesManagerBase.h:283] AttributesManager<T>::createFromJsonOrDefaultInternal  (Physics Manager) : Proposing JSON name : ./data/default.physics_config.json from original name : ./data/default.physics_config.json | This file  does not exist.
I0918 22:23:03.686038 1593316 PhysicsAttributesManager.cpp:27] File (./data/default.physics_config.json) not found, so new default physics manager attributes created and registered.
I0918 22:23:03.686043 1593316 AbstractObjectAttributesManagerBase.h:175] AbstractObjectAttributesManager<T>::createObject  (Stage) : Making attributes with handle : /mnt/data_nas/deeprobotics/daiyang/vla/third_party/ETP-R1/data/scene_datasets/mp3d/82sE5b5pLXE/82sE5b5pLXE.glb
I0918 22:23:03.686049 1593316 ManagedContainerBase.cpp:19] ManagedContainerBase::convertFilenameToJSON : Filename : /mnt/data_nas/deeprobotics/daiyang/vla/third_party/ETP-R1/data/scene_datasets/mp3d/82sE5b5pLXE/82sE5b5pLXE.glb changed to proposed JSON configuration filename : /mnt/data_nas/deeprobotics/daiyang/vla/third_party/ETP-R1/data/scene_datasets/mp3d/82sE5b5pLXE/82sE5b5pLXE.stage_config.json
I0918 22:23:03.689373 1593316 AttributesManagerBase.h:283] AttributesManager<T>::createFromJsonOrDefaultInternal  (Stage) : Proposing JSON name : /mnt/data_nas/deeprobotics/daiyang/vla/third_party/ETP-R1/data/scene_datasets/mp3d/82sE5b5pLXE/82sE5b5pLXE.stage_config.json from original name : /mnt/data_nas/deeprobotics/daiyang/vla/third_party/ETP-R1/data/scene_datasets/mp3d/82sE5b5pLXE/82sE5b5pLXE.glb | This file  does not exist.
I0918 22:23:03.689455 1593316 AbstractObjectAttributesManagerBase.h:181] AbstractObjectAttributesManager<T>::createObject  (Stage) : Done making attributes with handle : /mnt/data_nas/deeprobotics/daiyang/vla/third_party/ETP-R1/data/scene_datasets/mp3d/82sE5b5pLXE/82sE5b5pLXE.glb
I0918 22:23:03.689457 1593316 AbstractObjectAttributesManagerBase.h:188] File (/mnt/data_nas/deeprobotics/daiyang/vla/third_party/ETP-R1/data/scene_datasets/mp3d/82sE5b5pLXE/82sE5b5pLXE.glb) exists but is not a recognized config filename extension, so new default Stage attributes created and registered.
I0918 22:23:03.689464 1593316 Simulator.cpp:156] Loading navmesh from /mnt/data_nas/deeprobotics/daiyang/vla/third_party/ETP-R1/data/scene_datasets/mp3d/82sE5b5pLXE/82sE5b5pLXE.navmesh
I0918 22:23:03.690593 1593316 Simulator.cpp:158] Loaded.
I0918 22:23:03.690601 1593316 SceneGraph.h:93] Created DrawableGroup: 
Renderer: NVIDIA GeForce RTX 5090/PCIe/SSE2 by NVIDIA Corporation
OpenGL version: 4.6.0 NVIDIA 580.126.09
Using optional features:
    GL_ARB_ES2_compatibility
    GL_ARB_direct_state_access
    GL_ARB_get_texture_sub_image
    GL_ARB_invalidate_subdata
    GL_ARB_multi_bind
    GL_ARB_robustness
    GL_ARB_separate_shader_objects
    GL_ARB_texture_filter_anisotropic
    GL_ARB_texture_storage
    GL_ARB_texture_storage_multisample
    GL_ARB_vertex_array_object
    GL_KHR_debug
Using driver workarounds:
    no-forward-compatible-core-context
    nv-egl-incorrect-gl11-function-pointers
    no-layout-qualifiers-on-old-glsl
    nv-zero-context-profile-mask
    nv-implementation-color-read-format-dsa-broken
    nv-cubemap-inconsistent-compressed-image-size
    nv-cubemap-broken-full-compressed-image-query
    nv-compressed-block-size-in-bits
I0918 22:23:03.695001 1593316 ResourceManager.cpp:234] ResourceManager::loadStage : Not loading semantic mesh
I0918 22:23:03.695013 1593316 ResourceManager.cpp:262] ResourceManager::loadStage : start load render asset /mnt/data_nas/deeprobotics/daiyang/vla/third_party/ETP-R1/data/scene_datasets/mp3d/82sE5b5pLXE/82sE5b5pLXE.glb.
I0918 22:23:03.695016 1593316 ResourceManager.cpp:569] ResourceManager::loadStageInternal : Attempting to load stage /mnt/data_nas/deeprobotics/daiyang/vla/third_party/ETP-R1/data/scene_datasets/mp3d/82sE5b5pLXE/82sE5b5pLXE.glb 
I0918 22:23:03.695037 1593316 ResourceManager.cpp:1119] Importing Basis files as BC7 for 82sE5b5pLXE.glb
W0918 22:23:05.826614 1593316 Simulator.cpp:248] :
---
 The active scene does not contain semantic annotations. 
---
I0918 22:23:05.863466 1593316 simulator.py:213] Loaded navmesh /mnt/data_nas/deeprobotics/daiyang/vla/third_party/ETP-R1/data/scene_datasets/mp3d/82sE5b5pLXE/82sE5b5pLXE.navmesh
I0918 22:24:22.050333 1593316 PhysicsManager.cpp:33] Deconstructing PhysicsManager
I0918 22:24:22.050398 1593316 SemanticScene.h:41] Deconstructing SemanticScene
I0918 22:24:22.052683 1593316 SceneManager.h:25] Deconstructing SceneManager
I0918 22:24:22.052704 1593316 SceneGraph.h:26] Deconstructing SceneGraph
I0918 22:24:22.053001 1593316 Sensor.h:87] Deconstructing Sensor
I0918 22:24:22.057389 1593316 Renderer.cpp:34] Deconstructing Renderer
I0918 22:24:22.057416 1593316 WindowlessContext.h:17] Deconstructing WindowlessContext
I0918 22:24:22.062983 1593316 ManagedContainerBase.cpp:19] ManagedContainerBase::convertFilenameToJSON : Filename : default changed to proposed JSON configuration filename : default.scene_dataset_config.json
I0918 22:24:22.063000 1593316 AttributesManagerBase.h:283] AttributesManager<T>::createFromJsonOrDefaultInternal  (Dataset) : Proposing JSON name : default.scene_dataset_config.json from original name : default | This file  does not exist.
I0918 22:24:22.063221 1593316 AssetAttributesManager.cpp:117] Asset attributes (capsule3DSolid : capsule3DSolid_hemiRings_4_cylRings_1_segments_12_halfLen_0.75_useTexCoords_false_useTangents_false) created and registered.
I0918 22:24:22.063256 1593316 AssetAttributesManager.cpp:117] Asset attributes (capsule3DWireframe : capsule3DWireframe_hemiRings_8_cylRings_1_segments_16_halfLen_1) created and registered.
I0918 22:24:22.063287 1593316 AssetAttributesManager.cpp:117] Asset attributes (coneSolid : coneSolid_segments_12_halfLen_1.25_rings_1_useTexCoords_false_useTangents_false_capEnd_true) created and registered.
I0918 22:24:22.063302 1593316 AssetAttributesManager.cpp:117] Asset attributes (coneWireframe : coneWireframe_segments_32_halfLen_1.25) created and registered.
I0918 22:24:22.063313 1593316 AssetAttributesManager.cpp:117] Asset attributes (cubeSolid : cubeSolid) created and registered.
I0918 22:24:22.063319 1593316 AssetAttributesManager.cpp:117] Asset attributes (cubeWireframe : cubeWireframe) created and registered.
I0918 22:24:22.063340 1593316 AssetAttributesManager.cpp:117] Asset attributes (cylinderSolid : cylinderSolid_rings_1_segments_12_halfLen_1_useTexCoords_false_useTangents_false_capEnds_true) created and registered.
I0918 22:24:22.063357 1593316 AssetAttributesManager.cpp:117] Asset attributes (cylinderWireframe : cylinderWireframe_rings_1_segments_32_halfLen_1) created and registered.
I0918 22:24:22.063369 1593316 AssetAttributesManager.cpp:117] Asset attributes (icosphereSolid : icosphereSolid_subdivs_1) created and registered.
I0918 22:24:22.063378 1593316 AssetAttributesManager.cpp:117] Asset attributes (icosphereWireframe : icosphereWireframe_subdivs_1) created and registered.
I0918 22:24:22.063393 1593316 AssetAttributesManager.cpp:117] Asset attributes (uvSphereSolid : uvSphereSolid_rings_8_segments_16_useTexCoords_false_useTangents_false) created and registered.
I0918 22:24:22.063407 1593316 AssetAttributesManager.cpp:117] Asset attributes (uvSphereWireframe : uvSphereWireframe_rings_16_segments_32) created and registered.
I0918 22:24:22.063414 1593316 AssetAttributesManager.cpp:105] AssetAttributesManager::buildCtorFuncPtrMaps : Built default primitive asset templates : 12
I0918 22:24:22.063831 1593316 SceneDatasetAttributesManager.cpp:23] File (default) not found, so new default dataset attributes created and registered.
I0918 22:24:22.063833 1593316 MetadataMediator.cpp:47] MetadataMediator::createDataset : Dataset default successfully created.
I0918 22:24:22.064037 1593316 AttributesManagerBase.h:283] AttributesManager<T>::createFromJsonOrDefaultInternal  (Physics Manager) : Proposing JSON name : ./data/default.physics_config.json from original name : ./data/default.physics_config.json | This file  does not exist.
I0918 22:24:22.064051 1593316 PhysicsAttributesManager.cpp:27] File (./data/default.physics_config.json) not found, so new default physics manager attributes created and registered.
I0918 22:24:22.064055 1593316 AbstractObjectAttributesManagerBase.h:175] AbstractObjectAttributesManager<T>::createObject  (Stage) : Making attributes with handle : /mnt/data_nas/deeprobotics/daiyang/vla/third_party/ETP-R1/data/scene_datasets/mp3d/B6ByNegPMKs/B6ByNegPMKs.glb
I0918 22:24:22.064060 1593316 ManagedContainerBase.cpp:19] ManagedContainerBase::convertFilenameToJSON : Filename : /mnt/data_nas/deeprobotics/daiyang/vla/third_party/ETP-R1/data/scene_datasets/mp3d/B6ByNegPMKs/B6ByNegPMKs.glb changed to proposed JSON configuration filename : /mnt/data_nas/deeprobotics/daiyang/vla/third_party/ETP-R1/data/scene_datasets/mp3d/B6ByNegPMKs/B6ByNegPMKs.stage_config.json
I0918 22:24:22.064072 1593316 AttributesManagerBase.h:283] AttributesManager<T>::createFromJsonOrDefaultInternal  (Stage) : Proposing JSON name : /mnt/data_nas/deeprobotics/daiyang/vla/third_party/ETP-R1/data/scene_datasets/mp3d/B6ByNegPMKs/B6ByNegPMKs.stage_config.json from original name : /mnt/data_nas/deeprobotics/daiyang/vla/third_party/ETP-R1/data/scene_datasets/mp3d/B6ByNegPMKs/B6ByNegPMKs.glb | This file  does not exist.
I0918 22:24:22.064121 1593316 AbstractObjectAttributesManagerBase.h:181] AbstractObjectAttributesManager<T>::createObject  (Stage) : Done making attributes with handle : /mnt/data_nas/deeprobotics/daiyang/vla/third_party/ETP-R1/data/scene_datasets/mp3d/B6ByNegPMKs/B6ByNegPMKs.glb
I0918 22:24:22.064124 1593316 AbstractObjectAttributesManagerBase.h:188] File (/mnt/data_nas/deeprobotics/daiyang/vla/third_party/ETP-R1/data/scene_datasets/mp3d/B6ByNegPMKs/B6ByNegPMKs.glb) exists but is not a recognized config filename extension, so new default Stage attributes created and registered.
I0918 22:24:22.064129 1593316 Simulator.cpp:156] Loading navmesh from /mnt/data_nas/deeprobotics/daiyang/vla/third_party/ETP-R1/data/scene_datasets/mp3d/B6ByNegPMKs/B6ByNegPMKs.navmesh
I0918 22:24:22.065412 1593316 Simulator.cpp:158] Loaded.
I0918 22:24:22.065420 1593316 SceneGraph.h:93] Created DrawableGroup: 
Renderer: NVIDIA GeForce RTX 5090/PCIe/SSE2 by NVIDIA Corporation
OpenGL version: 4.6.0 NVIDIA 580.126.09
Using optional features:
    GL_ARB_ES2_compatibility
    GL_ARB_direct_state_access
    GL_ARB_get_texture_sub_image
    GL_ARB_invalidate_subdata
    GL_ARB_multi_bind
    GL_ARB_robustness
    GL_ARB_separate_shader_objects
    GL_ARB_texture_filter_anisotropic
    GL_ARB_texture_storage
    GL_ARB_texture_storage_multisample
    GL_ARB_vertex_array_object
    GL_KHR_debug
Using driver workarounds:
    no-forward-compatible-core-context
    nv-egl-incorrect-gl11-function-pointers
    no-layout-qualifiers-on-old-glsl
    nv-zero-context-profile-mask
    nv-implementation-color-read-format-dsa-broken
    nv-cubemap-inconsistent-compressed-image-size
    nv-cubemap-broken-full-compressed-image-query
    nv-compressed-block-size-in-bits
I0918 22:24:22.069129 1593316 ResourceManager.cpp:234] ResourceManager::loadStage : Not loading semantic mesh
I0918 22:24:22.069137 1593316 ResourceManager.cpp:262] ResourceManager::loadStage : start load render asset /mnt/data_nas/deeprobotics/daiyang/vla/third_party/ETP-R1/data/scene_datasets/mp3d/B6ByNegPMKs/B6ByNegPMKs.glb.
I0918 22:24:22.069140 1593316 ResourceManager.cpp:569] ResourceManager::loadStageInternal : Attempting to load stage /mnt/data_nas/deeprobotics/daiyang/vla/third_party/ETP-R1/data/scene_datasets/mp3d/B6ByNegPMKs/B6ByNegPMKs.glb 
I0918 22:24:22.069157 1593316 ResourceManager.cpp:1119] Importing Basis files as BC7 for B6ByNegPMKs.glb
W0918 22:24:31.638100 1593316 Simulator.cpp:248] :
---
 The active scene does not contain semantic annotations. 
---
I0918 22:24:31.838750 1593316 simulator.py:213] Loaded navmesh /mnt/data_nas/deeprobotics/daiyang/vla/third_party/ETP-R1/data/scene_datasets/mp3d/B6ByNegPMKs/B6ByNegPMKs.navmesh
I0918 22:25:50.078758 1593316 PhysicsManager.cpp:33] Deconstructing PhysicsManager
I0918 22:25:50.078810 1593316 SemanticScene.h:41] Deconstructing SemanticScene
I0918 22:25:50.096273 1593316 SceneManager.h:25] Deconstructing SceneManager
I0918 22:25:50.096292 1593316 SceneGraph.h:26] Deconstructing SceneGraph
I0918 22:25:50.096880 1593316 Sensor.h:87] Deconstructing Sensor
I0918 22:25:50.112905 1593316 Renderer.cpp:34] Deconstructing Renderer
I0918 22:25:50.112939 1593316 WindowlessContext.h:17] Deconstructing WindowlessContext
I0918 22:25:50.139038 1593316 ManagedContainerBase.cpp:19] ManagedContainerBase::convertFilenameToJSON : Filename : default changed to proposed JSON configuration filename : default.scene_dataset_config.json
I0918 22:25:50.139067 1593316 AttributesManagerBase.h:283] AttributesManager<T>::createFromJsonOrDefaultInternal  (Dataset) : Proposing JSON name : default.scene_dataset_config.json from original name : default | This file  does not exist.
I0918 22:25:50.139328 1593316 AssetAttributesManager.cpp:117] Asset attributes (capsule3DSolid : capsule3DSolid_hemiRings_4_cylRings_1_segments_12_halfLen_0.75_useTexCoords_false_useTangents_false) created and registered.
I0918 22:25:50.139374 1593316 AssetAttributesManager.cpp:117] Asset attributes (capsule3DWireframe : capsule3DWireframe_hemiRings_8_cylRings_1_segments_16_halfLen_1) created and registered.
I0918 22:25:50.139411 1593316 AssetAttributesManager.cpp:117] Asset attributes (coneSolid : coneSolid_segments_12_halfLen_1.25_rings_1_useTexCoords_false_useTangents_false_capEnd_true) created and registered.
I0918 22:25:50.139442 1593316 AssetAttributesManager.cpp:117] Asset attributes (coneWireframe : coneWireframe_segments_32_halfLen_1.25) created and registered.
I0918 22:25:50.139456 1593316 AssetAttributesManager.cpp:117] Asset attributes (cubeSolid : cubeSolid) created and registered.
I0918 22:25:50.139465 1593316 AssetAttributesManager.cpp:117] Asset attributes (cubeWireframe : cubeWireframe) created and registered.
I0918 22:25:50.139496 1593316 AssetAttributesManager.cpp:117] Asset attributes (cylinderSolid : cylinderSolid_rings_1_segments_12_halfLen_1_useTexCoords_false_useTangents_false_capEnds_true) created and registered.
I0918 22:25:50.139520 1593316 AssetAttributesManager.cpp:117] Asset attributes (cylinderWireframe : cylinderWireframe_rings_1_segments_32_halfLen_1) created and registered.
I0918 22:25:50.139535 1593316 AssetAttributesManager.cpp:117] Asset attributes (icosphereSolid : icosphereSolid_subdivs_1) created and registered.
I0918 22:25:50.139549 1593316 AssetAttributesManager.cpp:117] Asset attributes (icosphereWireframe : icosphereWireframe_subdivs_1) created and registered.
I0918 22:25:50.139568 1593316 AssetAttributesManager.cpp:117] Asset attributes (uvSphereSolid : uvSphereSolid_rings_8_segments_16_useTexCoords_false_useTangents_false) created and registered.
I0918 22:25:50.139588 1593316 AssetAttributesManager.cpp:117] Asset attributes (uvSphereWireframe : uvSphereWireframe_rings_16_segments_32) created and registered.
I0918 22:25:50.139597 1593316 AssetAttributesManager.cpp:105] AssetAttributesManager::buildCtorFuncPtrMaps : Built default primitive asset templates : 12
I0918 22:25:50.140180 1593316 SceneDatasetAttributesManager.cpp:23] File (default) not found, so new default dataset attributes created and registered.
I0918 22:25:50.140185 1593316 MetadataMediator.cpp:47] MetadataMediator::createDataset : Dataset default successfully created.
I0918 22:25:50.140409 1593316 AttributesManagerBase.h:283] AttributesManager<T>::createFromJsonOrDefaultInternal  (Physics Manager) : Proposing JSON name : ./data/default.physics_config.json from original name : ./data/default.physics_config.json | This file  does not exist.
I0918 22:25:50.140429 1593316 PhysicsAttributesManager.cpp:27] File (./data/default.physics_config.json) not found, so new default physics manager attributes created and registered.
I0918 22:25:50.140434 1593316 AbstractObjectAttributesManagerBase.h:175] AbstractObjectAttributesManager<T>::createObject  (Stage) : Making attributes with handle : /mnt/data_nas/deeprobotics/daiyang/vla/third_party/ETP-R1/data/scene_datasets/mp3d/PuKPg4mmafe/PuKPg4mmafe.glb
I0918 22:25:50.140439 1593316 ManagedContainerBase.cpp:19] ManagedContainerBase::convertFilenameToJSON : Filename : /mnt/data_nas/deeprobotics/daiyang/vla/third_party/ETP-R1/data/scene_datasets/mp3d/PuKPg4mmafe/PuKPg4mmafe.glb changed to proposed JSON configuration filename : /mnt/data_nas/deeprobotics/daiyang/vla/third_party/ETP-R1/data/scene_datasets/mp3d/PuKPg4mmafe/PuKPg4mmafe.stage_config.json
I0918 22:25:50.140458 1593316 AttributesManagerBase.h:283] AttributesManager<T>::createFromJsonOrDefaultInternal  (Stage) : Proposing JSON name : /mnt/data_nas/deeprobotics/daiyang/vla/third_party/ETP-R1/data/scene_datasets/mp3d/PuKPg4mmafe/PuKPg4mmafe.stage_config.json from original name : /mnt/data_nas/deeprobotics/daiyang/vla/third_party/ETP-R1/data/scene_datasets/mp3d/PuKPg4mmafe/PuKPg4mmafe.glb | This file  does not exist.
I0918 22:25:50.140539 1593316 AbstractObjectAttributesManagerBase.h:181] AbstractObjectAttributesManager<T>::createObject  (Stage) : Done making attributes with handle : /mnt/data_nas/deeprobotics/daiyang/vla/third_party/ETP-R1/data/scene_datasets/mp3d/PuKPg4mmafe/PuKPg4mmafe.glb
I0918 22:25:50.140542 1593316 AbstractObjectAttributesManagerBase.h:188] File (/mnt/data_nas/deeprobotics/daiyang/vla/third_party/ETP-R1/data/scene_datasets/mp3d/PuKPg4mmafe/PuKPg4mmafe.glb) exists but is not a recognized config filename extension, so new default Stage attributes created and registered.
I0918 22:25:50.140555 1593316 Simulator.cpp:156] Loading navmesh from /mnt/data_nas/deeprobotics/daiyang/vla/third_party/ETP-R1/data/scene_datasets/mp3d/PuKPg4mmafe/PuKPg4mmafe.navmesh
I0918 22:25:50.141640 1593316 Simulator.cpp:158] Loaded.
I0918 22:25:50.141656 1593316 SceneGraph.h:93] Created DrawableGroup: 
Renderer: NVIDIA GeForce RTX 5090/PCIe/SSE2 by NVIDIA Corporation
OpenGL version: 4.6.0 NVIDIA 580.126.09
Using optional features:
    GL_ARB_ES2_compatibility
    GL_ARB_direct_state_access
    GL_ARB_get_texture_sub_image
    GL_ARB_invalidate_subdata
    GL_ARB_multi_bind
    GL_ARB_robustness
    GL_ARB_separate_shader_objects
    GL_ARB_texture_filter_anisotropic
    GL_ARB_texture_storage
    GL_ARB_texture_storage_multisample
    GL_ARB_vertex_array_object
    GL_KHR_debug
Using driver workarounds:
    no-forward-compatible-core-context
    nv-egl-incorrect-gl11-function-pointers
    no-layout-qualifiers-on-old-glsl
    nv-zero-context-profile-mask
    nv-implementation-color-read-format-dsa-broken
    nv-cubemap-inconsistent-compressed-image-size
    nv-cubemap-broken-full-compressed-image-query
    nv-compressed-block-size-in-bits
I0918 22:25:50.157363 1593316 ResourceManager.cpp:234] ResourceManager::loadStage : Not loading semantic mesh
I0918 22:25:50.157372 1593316 ResourceManager.cpp:262] ResourceManager::loadStage : start load render asset /mnt/data_nas/deeprobotics/daiyang/vla/third_party/ETP-R1/data/scene_datasets/mp3d/PuKPg4mmafe/PuKPg4mmafe.glb.
I0918 22:25:50.157374 1593316 ResourceManager.cpp:569] ResourceManager::loadStageInternal : Attempting to load stage /mnt/data_nas/deeprobotics/daiyang/vla/third_party/ETP-R1/data/scene_datasets/mp3d/PuKPg4mmafe/PuKPg4mmafe.glb 
I0918 22:25:50.157392 1593316 ResourceManager.cpp:1119] Importing Basis files as BC7 for PuKPg4mmafe.glb
W0918 22:25:54.976176 1593316 Simulator.cpp:248] :
---
 The active scene does not contain semantic annotations. 
---
I0918 22:25:54.996841 1593316 simulator.py:213] Loaded navmesh /mnt/data_nas/deeprobotics/daiyang/vla/third_party/ETP-R1/data/scene_datasets/mp3d/PuKPg4mmafe/PuKPg4mmafe.navmesh
I0918 22:29:46.675089 1593316 PhysicsManager.cpp:33] Deconstructing PhysicsManager
I0918 22:29:46.675153 1593316 SemanticScene.h:41] Deconstructing SemanticScene
I0918 22:29:46.676513 1593316 SceneManager.h:25] Deconstructing SceneManager
I0918 22:29:46.676524 1593316 SceneGraph.h:26] Deconstructing SceneGraph
I0918 22:29:46.676854 1593316 Sensor.h:87] Deconstructing Sensor
I0918 22:29:46.685279 1593316 Renderer.cpp:34] Deconstructing Renderer
I0918 22:29:46.685302 1593316 WindowlessContext.h:17] Deconstructing WindowlessContext
I0918 22:29:46.697913 1593316 ManagedContainerBase.cpp:19] ManagedContainerBase::convertFilenameToJSON : Filename : default changed to proposed JSON configuration filename : default.scene_dataset_config.json
I0918 22:29:46.697935 1593316 AttributesManagerBase.h:283] AttributesManager<T>::createFromJsonOrDefaultInternal  (Dataset) : Proposing JSON name : default.scene_dataset_config.json from original name : default | This file  does not exist.
I0918 22:29:46.698079 1593316 AssetAttributesManager.cpp:117] Asset attributes (capsule3DSolid : capsule3DSolid_hemiRings_4_cylRings_1_segments_12_halfLen_0.75_useTexCoords_false_useTangents_false) created and registered.
I0918 22:29:46.698107 1593316 AssetAttributesManager.cpp:117] Asset attributes (capsule3DWireframe : capsule3DWireframe_hemiRings_8_cylRings_1_segments_16_halfLen_1) created and registered.
I0918 22:29:46.698129 1593316 AssetAttributesManager.cpp:117] Asset attributes (coneSolid : coneSolid_segments_12_halfLen_1.25_rings_1_useTexCoords_false_useTangents_false_capEnd_true) created and registered.
I0918 22:29:46.698144 1593316 AssetAttributesManager.cpp:117] Asset attributes (coneWireframe : coneWireframe_segments_32_halfLen_1.25) created and registered.
I0918 22:29:46.698153 1593316 AssetAttributesManager.cpp:117] Asset attributes (cubeSolid : cubeSolid) created and registered.
I0918 22:29:46.698166 1593316 AssetAttributesManager.cpp:117] Asset attributes (cubeWireframe : cubeWireframe) created and registered.
I0918 22:29:46.698186 1593316 AssetAttributesManager.cpp:117] Asset attributes (cylinderSolid : cylinderSolid_rings_1_segments_12_halfLen_1_useTexCoords_false_useTangents_false_capEnds_true) created and registered.
I0918 22:29:46.698203 1593316 AssetAttributesManager.cpp:117] Asset attributes (cylinderWireframe : cylinderWireframe_rings_1_segments_32_halfLen_1) created and registered.
I0918 22:29:46.698215 1593316 AssetAttributesManager.cpp:117] Asset attributes (icosphereSolid : icosphereSolid_subdivs_1) created and registered.
I0918 22:29:46.698225 1593316 AssetAttributesManager.cpp:117] Asset attributes (icosphereWireframe : icosphereWireframe_subdivs_1) created and registered.
I0918 22:29:46.698239 1593316 AssetAttributesManager.cpp:117] Asset attributes (uvSphereSolid : uvSphereSolid_rings_8_segments_16_useTexCoords_false_useTangents_false) created and registered.
I0918 22:29:46.698251 1593316 AssetAttributesManager.cpp:117] Asset attributes (uvSphereWireframe : uvSphereWireframe_rings_16_segments_32) created and registered.
I0918 22:29:46.698258 1593316 AssetAttributesManager.cpp:105] AssetAttributesManager::buildCtorFuncPtrMaps : Built default primitive asset templates : 12
I0918 22:29:46.698661 1593316 SceneDatasetAttributesManager.cpp:23] File (default) not found, so new default dataset attributes created and registered.
I0918 22:29:46.698664 1593316 MetadataMediator.cpp:47] MetadataMediator::createDataset : Dataset default successfully created.
I0918 22:29:46.698863 1593316 AttributesManagerBase.h:283] AttributesManager<T>::createFromJsonOrDefaultInternal  (Physics Manager) : Proposing JSON name : ./data/default.physics_config.json from original name : ./data/default.physics_config.json | This file  does not exist.
I0918 22:29:46.698875 1593316 PhysicsAttributesManager.cpp:27] File (./data/default.physics_config.json) not found, so new default physics manager attributes created and registered.
I0918 22:29:46.698879 1593316 AbstractObjectAttributesManagerBase.h:175] AbstractObjectAttributesManager<T>::createObject  (Stage) : Making attributes with handle : /mnt/data_nas/deeprobotics/daiyang/vla/third_party/ETP-R1/data/scene_datasets/mp3d/aayBHfsNo7d/aayBHfsNo7d.glb
I0918 22:29:46.698882 1593316 ManagedContainerBase.cpp:19] ManagedContainerBase::convertFilenameToJSON : Filename : /mnt/data_nas/deeprobotics/daiyang/vla/third_party/ETP-R1/data/scene_datasets/mp3d/aayBHfsNo7d/aayBHfsNo7d.glb changed to proposed JSON configuration filename : /mnt/data_nas/deeprobotics/daiyang/vla/third_party/ETP-R1/data/scene_datasets/mp3d/aayBHfsNo7d/aayBHfsNo7d.stage_config.json
I0918 22:29:46.698896 1593316 AttributesManagerBase.h:283] AttributesManager<T>::createFromJsonOrDefaultInternal  (Stage) : Proposing JSON name : /mnt/data_nas/deeprobotics/daiyang/vla/third_party/ETP-R1/data/scene_datasets/mp3d/aayBHfsNo7d/aayBHfsNo7d.stage_config.json from original name : /mnt/data_nas/deeprobotics/daiyang/vla/third_party/ETP-R1/data/scene_datasets/mp3d/aayBHfsNo7d/aayBHfsNo7d.glb | This file  does not exist.
I0918 22:29:46.698944 1593316 AbstractObjectAttributesManagerBase.h:181] AbstractObjectAttributesManager<T>::createObject  (Stage) : Done making attributes with handle : /mnt/data_nas/deeprobotics/daiyang/vla/third_party/ETP-R1/data/scene_datasets/mp3d/aayBHfsNo7d/aayBHfsNo7d.glb
I0918 22:29:46.698946 1593316 AbstractObjectAttributesManagerBase.h:188] File (/mnt/data_nas/deeprobotics/daiyang/vla/third_party/ETP-R1/data/scene_datasets/mp3d/aayBHfsNo7d/aayBHfsNo7d.glb) exists but is not a recognized config filename extension, so new default Stage attributes created and registered.
I0918 22:29:46.698951 1593316 Simulator.cpp:156] Loading navmesh from /mnt/data_nas/deeprobotics/daiyang/vla/third_party/ETP-R1/data/scene_datasets/mp3d/aayBHfsNo7d/aayBHfsNo7d.navmesh
I0918 22:29:46.699687 1593316 Simulator.cpp:158] Loaded.
I0918 22:29:46.699694 1593316 SceneGraph.h:93] Created DrawableGroup: 
Renderer: NVIDIA GeForce RTX 5090/PCIe/SSE2 by NVIDIA Corporation
OpenGL version: 4.6.0 NVIDIA 580.126.09
Using optional features:
    GL_ARB_ES2_compatibility
    GL_ARB_direct_state_access
    GL_ARB_get_texture_sub_image
    GL_ARB_invalidate_subdata
    GL_ARB_multi_bind
    GL_ARB_robustness
    GL_ARB_separate_shader_objects
    GL_ARB_texture_filter_anisotropic
    GL_ARB_texture_storage
    GL_ARB_texture_storage_multisample
    GL_ARB_vertex_array_object
    GL_KHR_debug
Using driver workarounds:
    no-forward-compatible-core-context
    nv-egl-incorrect-gl11-function-pointers
    no-layout-qualifiers-on-old-glsl
    nv-zero-context-profile-mask
    nv-implementation-color-read-format-dsa-broken
    nv-cubemap-inconsistent-compressed-image-size
    nv-cubemap-broken-full-compressed-image-query
    nv-compressed-block-size-in-bits
I0918 22:29:46.703390 1593316 ResourceManager.cpp:234] ResourceManager::loadStage : Not loading semantic mesh
I0918 22:29:46.703399 1593316 ResourceManager.cpp:262] ResourceManager::loadStage : start load render asset /mnt/data_nas/deeprobotics/daiyang/vla/third_party/ETP-R1/data/scene_datasets/mp3d/aayBHfsNo7d/aayBHfsNo7d.glb.
I0918 22:29:46.703401 1593316 ResourceManager.cpp:569] ResourceManager::loadStageInternal : Attempting to load stage /mnt/data_nas/deeprobotics/daiyang/vla/third_party/ETP-R1/data/scene_datasets/mp3d/aayBHfsNo7d/aayBHfsNo7d.glb 
I0918 22:29:46.703416 1593316 ResourceManager.cpp:1119] Importing Basis files as BC7 for aayBHfsNo7d.glb
W0918 22:29:48.285092 1593316 Simulator.cpp:248] :
---
 The active scene does not contain semantic annotations. 
---
I0918 22:29:48.327391 1593316 simulator.py:213] Loaded navmesh /mnt/data_nas/deeprobotics/daiyang/vla/third_party/ETP-R1/data/scene_datasets/mp3d/aayBHfsNo7d/aayBHfsNo7d.navmesh
I0918 22:30:17.902683 1593316 PhysicsManager.cpp:33] Deconstructing PhysicsManager
I0918 22:30:17.902727 1593316 SemanticScene.h:41] Deconstructing SemanticScene
I0918 22:30:17.904942 1593316 SceneManager.h:25] Deconstructing SceneManager
I0918 22:30:17.904951 1593316 SceneGraph.h:26] Deconstructing SceneGraph
I0918 22:30:17.905485 1593316 Sensor.h:87] Deconstructing Sensor
I0918 22:30:17.907600 1593316 Renderer.cpp:34] Deconstructing Renderer
I0918 22:30:17.907620 1593316 WindowlessContext.h:17] Deconstructing WindowlessContext
I0918 22:30:17.914300 1593316 ManagedContainerBase.cpp:19] ManagedContainerBase::convertFilenameToJSON : Filename : default changed to proposed JSON configuration filename : default.scene_dataset_config.json
I0918 22:30:17.914316 1593316 AttributesManagerBase.h:283] AttributesManager<T>::createFromJsonOrDefaultInternal  (Dataset) : Proposing JSON name : default.scene_dataset_config.json from original name : default | This file  does not exist.
I0918 22:30:17.914384 1593316 AssetAttributesManager.cpp:117] Asset attributes (capsule3DSolid : capsule3DSolid_hemiRings_4_cylRings_1_segments_12_halfLen_0.75_useTexCoords_false_useTangents_false) created and registered.
I0918 22:30:17.914412 1593316 AssetAttributesManager.cpp:117] Asset attributes (capsule3DWireframe : capsule3DWireframe_hemiRings_8_cylRings_1_segments_16_halfLen_1) created and registered.
I0918 22:30:17.914434 1593316 AssetAttributesManager.cpp:117] Asset attributes (coneSolid : coneSolid_segments_12_halfLen_1.25_rings_1_useTexCoords_false_useTangents_false_capEnd_true) created and registered.
I0918 22:30:17.914448 1593316 AssetAttributesManager.cpp:117] Asset attributes (coneWireframe : coneWireframe_segments_32_halfLen_1.25) created and registered.
I0918 22:30:17.914456 1593316 AssetAttributesManager.cpp:117] Asset attributes (cubeSolid : cubeSolid) created and registered.
I0918 22:30:17.914462 1593316 AssetAttributesManager.cpp:117] Asset attributes (cubeWireframe : cubeWireframe) created and registered.
I0918 22:30:17.914481 1593316 AssetAttributesManager.cpp:117] Asset attributes (cylinderSolid : cylinderSolid_rings_1_segments_12_halfLen_1_useTexCoords_false_useTangents_false_capEnds_true) created and registered.
I0918 22:30:17.914500 1593316 AssetAttributesManager.cpp:117] Asset attributes (cylinderWireframe : cylinderWireframe_rings_1_segments_32_halfLen_1) created and registered.
I0918 22:30:17.914516 1593316 AssetAttributesManager.cpp:117] Asset attributes (icosphereSolid : icosphereSolid_subdivs_1) created and registered.
I0918 22:30:17.914525 1593316 AssetAttributesManager.cpp:117] Asset attributes (icosphereWireframe : icosphereWireframe_subdivs_1) created and registered.
I0918 22:30:17.914539 1593316 AssetAttributesManager.cpp:117] Asset attributes (uvSphereSolid : uvSphereSolid_rings_8_segments_16_useTexCoords_false_useTangents_false) created and registered.
I0918 22:30:17.914552 1593316 AssetAttributesManager.cpp:117] Asset attributes (uvSphereWireframe : uvSphereWireframe_rings_16_segments_32) created and registered.
I0918 22:30:17.914559 1593316 AssetAttributesManager.cpp:105] AssetAttributesManager::buildCtorFuncPtrMaps : Built default primitive asset templates : 12
I0918 22:30:17.914959 1593316 SceneDatasetAttributesManager.cpp:23] File (default) not found, so new default dataset attributes created and registered.
I0918 22:30:17.914961 1593316 MetadataMediator.cpp:47] MetadataMediator::createDataset : Dataset default successfully created.
I0918 22:30:17.915144 1593316 AttributesManagerBase.h:283] AttributesManager<T>::createFromJsonOrDefaultInternal  (Physics Manager) : Proposing JSON name : ./data/default.physics_config.json from original name : ./data/default.physics_config.json | This file  does not exist.
I0918 22:30:17.915156 1593316 PhysicsAttributesManager.cpp:27] File (./data/default.physics_config.json) not found, so new default physics manager attributes created and registered.
I0918 22:30:17.915159 1593316 AbstractObjectAttributesManagerBase.h:175] AbstractObjectAttributesManager<T>::createObject  (Stage) : Making attributes with handle : /mnt/data_nas/deeprobotics/daiyang/vla/third_party/ETP-R1/data/scene_datasets/mp3d/82sE5b5pLXE/82sE5b5pLXE.glb
I0918 22:30:17.915163 1593316 ManagedContainerBase.cpp:19] ManagedContainerBase::convertFilenameToJSON : Filename : /mnt/data_nas/deeprobotics/daiyang/vla/third_party/ETP-R1/data/scene_datasets/mp3d/82sE5b5pLXE/82sE5b5pLXE.glb changed to proposed JSON configuration filename : /mnt/data_nas/deeprobotics/daiyang/vla/third_party/ETP-R1/data/scene_datasets/mp3d/82sE5b5pLXE/82sE5b5pLXE.stage_config.json
I0918 22:30:17.916090 1593316 AttributesManagerBase.h:283] AttributesManager<T>::createFromJsonOrDefaultInternal  (Stage) : Proposing JSON name : /mnt/data_nas/deeprobotics/daiyang/vla/third_party/ETP-R1/data/scene_datasets/mp3d/82sE5b5pLXE/82sE5b5pLXE.stage_config.json from original name : /mnt/data_nas/deeprobotics/daiyang/vla/third_party/ETP-R1/data/scene_datasets/mp3d/82sE5b5pLXE/82sE5b5pLXE.glb | This file  does not exist.
I0918 22:30:17.916138 1593316 AbstractObjectAttributesManagerBase.h:181] AbstractObjectAttributesManager<T>::createObject  (Stage) : Done making attributes with handle : /mnt/data_nas/deeprobotics/daiyang/vla/third_party/ETP-R1/data/scene_datasets/mp3d/82sE5b5pLXE/82sE5b5pLXE.glb
I0918 22:30:17.916141 1593316 AbstractObjectAttributesManagerBase.h:188] File (/mnt/data_nas/deeprobotics/daiyang/vla/third_party/ETP-R1/data/scene_datasets/mp3d/82sE5b5pLXE/82sE5b5pLXE.glb) exists but is not a recognized config filename extension, so new default Stage attributes created and registered.
I0918 22:30:17.916145 1593316 Simulator.cpp:156] Loading navmesh from /mnt/data_nas/deeprobotics/daiyang/vla/third_party/ETP-R1/data/scene_datasets/mp3d/82sE5b5pLXE/82sE5b5pLXE.navmesh
I0918 22:30:17.917155 1593316 Simulator.cpp:158] Loaded.
I0918 22:30:17.917160 1593316 SceneGraph.h:93] Created DrawableGroup: 
Renderer: NVIDIA GeForce RTX 5090/PCIe/SSE2 by NVIDIA Corporation
OpenGL version: 4.6.0 NVIDIA 580.126.09
Using optional features:
    GL_ARB_ES2_compatibility
    GL_ARB_direct_state_access
    GL_ARB_get_texture_sub_image
    GL_ARB_invalidate_subdata
    GL_ARB_multi_bind
    GL_ARB_robustness
    GL_ARB_separate_shader_objects
    GL_ARB_texture_filter_anisotropic
    GL_ARB_texture_storage
    GL_ARB_texture_storage_multisample
    GL_ARB_vertex_array_object
    GL_KHR_debug
Using driver workarounds:
    no-forward-compatible-core-context
    nv-egl-incorrect-gl11-function-pointers
    no-layout-qualifiers-on-old-glsl
    nv-zero-context-profile-mask
    nv-implementation-color-read-format-dsa-broken
    nv-cubemap-inconsistent-compressed-image-size
    nv-cubemap-broken-full-compressed-image-query
    nv-compressed-block-size-in-bits
I0918 22:30:17.920912 1593316 ResourceManager.cpp:234] ResourceManager::loadStage : Not loading semantic mesh
I0918 22:30:17.920920 1593316 ResourceManager.cpp:262] ResourceManager::loadStage : start load render asset /mnt/data_nas/deeprobotics/daiyang/vla/third_party/ETP-R1/data/scene_datasets/mp3d/82sE5b5pLXE/82sE5b5pLXE.glb.
I0918 22:30:17.920922 1593316 ResourceManager.cpp:569] ResourceManager::loadStageInternal : Attempting to load stage /mnt/data_nas/deeprobotics/daiyang/vla/third_party/ETP-R1/data/scene_datasets/mp3d/82sE5b5pLXE/82sE5b5pLXE.glb 
I0918 22:30:17.920940 1593316 ResourceManager.cpp:1119] Importing Basis files as BC7 for 82sE5b5pLXE.glb
W0918 22:30:19.938738 1593316 Simulator.cpp:248] :
---
 The active scene does not contain semantic annotations. 
---
I0918 22:30:19.976451 1593316 simulator.py:213] Loaded navmesh /mnt/data_nas/deeprobotics/daiyang/vla/third_party/ETP-R1/data/scene_datasets/mp3d/82sE5b5pLXE/82sE5b5pLXE.navmesh
I0918 22:33:33.330651 1593316 PhysicsManager.cpp:33] Deconstructing PhysicsManager
I0918 22:33:33.330714 1593316 SemanticScene.h:41] Deconstructing SemanticScene
I0918 22:33:33.332464 1593316 SceneManager.h:25] Deconstructing SceneManager
I0918 22:33:33.332474 1593316 SceneGraph.h:26] Deconstructing SceneGraph
I0918 22:33:33.332748 1593316 Sensor.h:87] Deconstructing Sensor
I0918 22:33:33.336481 1593316 Renderer.cpp:34] Deconstructing Renderer
I0918 22:33:33.336503 1593316 WindowlessContext.h:17] Deconstructing WindowlessContext
I0918 22:33:33.343112 1593316 ManagedContainerBase.cpp:19] ManagedContainerBase::convertFilenameToJSON : Filename : default changed to proposed JSON configuration filename : default.scene_dataset_config.json
I0918 22:33:33.343130 1593316 AttributesManagerBase.h:283] AttributesManager<T>::createFromJsonOrDefaultInternal  (Dataset) : Proposing JSON name : default.scene_dataset_config.json from original name : default | This file  does not exist.
I0918 22:33:33.343397 1593316 AssetAttributesManager.cpp:117] Asset attributes (capsule3DSolid : capsule3DSolid_hemiRings_4_cylRings_1_segments_12_halfLen_0.75_useTexCoords_false_useTangents_false) created and registered.
I0918 22:33:33.343425 1593316 AssetAttributesManager.cpp:117] Asset attributes (capsule3DWireframe : capsule3DWireframe_hemiRings_8_cylRings_1_segments_16_halfLen_1) created and registered.
I0918 22:33:33.343448 1593316 AssetAttributesManager.cpp:117] Asset attributes (coneSolid : coneSolid_segments_12_halfLen_1.25_rings_1_useTexCoords_false_useTangents_false_capEnd_true) created and registered.
I0918 22:33:33.343462 1593316 AssetAttributesManager.cpp:117] Asset attributes (coneWireframe : coneWireframe_segments_32_halfLen_1.25) created and registered.
I0918 22:33:33.343472 1593316 AssetAttributesManager.cpp:117] Asset attributes (cubeSolid : cubeSolid) created and registered.
I0918 22:33:33.343478 1593316 AssetAttributesManager.cpp:117] Asset attributes (cubeWireframe : cubeWireframe) created and registered.
I0918 22:33:33.343497 1593316 AssetAttributesManager.cpp:117] Asset attributes (cylinderSolid : cylinderSolid_rings_1_segments_12_halfLen_1_useTexCoords_false_useTangents_false_capEnds_true) created and registered.
I0918 22:33:33.343515 1593316 AssetAttributesManager.cpp:117] Asset attributes (cylinderWireframe : cylinderWireframe_rings_1_segments_32_halfLen_1) created and registered.
I0918 22:33:33.343526 1593316 AssetAttributesManager.cpp:117] Asset attributes (icosphereSolid : icosphereSolid_subdivs_1) created and registered.
I0918 22:33:33.343535 1593316 AssetAttributesManager.cpp:117] Asset attributes (icosphereWireframe : icosphereWireframe_subdivs_1) created and registered.
I0918 22:33:33.343554 1593316 AssetAttributesManager.cpp:117] Asset attributes (uvSphereSolid : uvSphereSolid_rings_8_segments_16_useTexCoords_false_useTangents_false) created and registered.
I0918 22:33:33.343568 1593316 AssetAttributesManager.cpp:117] Asset attributes (uvSphereWireframe : uvSphereWireframe_rings_16_segments_32) created and registered.
I0918 22:33:33.343575 1593316 AssetAttributesManager.cpp:105] AssetAttributesManager::buildCtorFuncPtrMaps : Built default primitive asset templates : 12
I0918 22:33:33.343976 1593316 SceneDatasetAttributesManager.cpp:23] File (default) not found, so new default dataset attributes created and registered.
I0918 22:33:33.343978 1593316 MetadataMediator.cpp:47] MetadataMediator::createDataset : Dataset default successfully created.
I0918 22:33:33.344158 1593316 AttributesManagerBase.h:283] AttributesManager<T>::createFromJsonOrDefaultInternal  (Physics Manager) : Proposing JSON name : ./data/default.physics_config.json from original name : ./data/default.physics_config.json | This file  does not exist.
I0918 22:33:33.344168 1593316 PhysicsAttributesManager.cpp:27] File (./data/default.physics_config.json) not found, so new default physics manager attributes created and registered.
I0918 22:33:33.344172 1593316 AbstractObjectAttributesManagerBase.h:175] AbstractObjectAttributesManager<T>::createObject  (Stage) : Making attributes with handle : /mnt/data_nas/deeprobotics/daiyang/vla/third_party/ETP-R1/data/scene_datasets/mp3d/B6ByNegPMKs/B6ByNegPMKs.glb
I0918 22:33:33.344175 1593316 ManagedContainerBase.cpp:19] ManagedContainerBase::convertFilenameToJSON : Filename : /mnt/data_nas/deeprobotics/daiyang/vla/third_party/ETP-R1/data/scene_datasets/mp3d/B6ByNegPMKs/B6ByNegPMKs.glb changed to proposed JSON configuration filename : /mnt/data_nas/deeprobotics/daiyang/vla/third_party/ETP-R1/data/scene_datasets/mp3d/B6ByNegPMKs/B6ByNegPMKs.stage_config.json
I0918 22:33:33.344187 1593316 AttributesManagerBase.h:283] AttributesManager<T>::createFromJsonOrDefaultInternal  (Stage) : Proposing JSON name : /mnt/data_nas/deeprobotics/daiyang/vla/third_party/ETP-R1/data/scene_datasets/mp3d/B6ByNegPMKs/B6ByNegPMKs.stage_config.json from original name : /mnt/data_nas/deeprobotics/daiyang/vla/third_party/ETP-R1/data/scene_datasets/mp3d/B6ByNegPMKs/B6ByNegPMKs.glb | This file  does not exist.
I0918 22:33:33.344231 1593316 AbstractObjectAttributesManagerBase.h:181] AbstractObjectAttributesManager<T>::createObject  (Stage) : Done making attributes with handle : /mnt/data_nas/deeprobotics/daiyang/vla/third_party/ETP-R1/data/scene_datasets/mp3d/B6ByNegPMKs/B6ByNegPMKs.glb
I0918 22:33:33.344233 1593316 AbstractObjectAttributesManagerBase.h:188] File (/mnt/data_nas/deeprobotics/daiyang/vla/third_party/ETP-R1/data/scene_datasets/mp3d/B6ByNegPMKs/B6ByNegPMKs.glb) exists but is not a recognized config filename extension, so new default Stage attributes created and registered.
I0918 22:33:33.344238 1593316 Simulator.cpp:156] Loading navmesh from /mnt/data_nas/deeprobotics/daiyang/vla/third_party/ETP-R1/data/scene_datasets/mp3d/B6ByNegPMKs/B6ByNegPMKs.navmesh
I0918 22:33:33.345532 1593316 Simulator.cpp:158] Loaded.
I0918 22:33:33.345541 1593316 SceneGraph.h:93] Created DrawableGroup: 
Renderer: NVIDIA GeForce RTX 5090/PCIe/SSE2 by NVIDIA Corporation
OpenGL version: 4.6.0 NVIDIA 580.126.09
Using optional features:
    GL_ARB_ES2_compatibility
    GL_ARB_direct_state_access
    GL_ARB_get_texture_sub_image
    GL_ARB_invalidate_subdata
    GL_ARB_multi_bind
    GL_ARB_robustness
    GL_ARB_separate_shader_objects
    GL_ARB_texture_filter_anisotropic
    GL_ARB_texture_storage
    GL_ARB_texture_storage_multisample
    GL_ARB_vertex_array_object
    GL_KHR_debug
Using driver workarounds:
    no-forward-compatible-core-context
    nv-egl-incorrect-gl11-function-pointers
    no-layout-qualifiers-on-old-glsl
    nv-zero-context-profile-mask
    nv-implementation-color-read-format-dsa-broken
    nv-cubemap-inconsistent-compressed-image-size
    nv-cubemap-broken-full-compressed-image-query
    nv-compressed-block-size-in-bits
I0918 22:33:33.349182 1593316 ResourceManager.cpp:234] ResourceManager::loadStage : Not loading semantic mesh
I0918 22:33:33.349190 1593316 ResourceManager.cpp:262] ResourceManager::loadStage : start load render asset /mnt/data_nas/deeprobotics/daiyang/vla/third_party/ETP-R1/data/scene_datasets/mp3d/B6ByNegPMKs/B6ByNegPMKs.glb.
I0918 22:33:33.349192 1593316 ResourceManager.cpp:569] ResourceManager::loadStageInternal : Attempting to load stage /mnt/data_nas/deeprobotics/daiyang/vla/third_party/ETP-R1/data/scene_datasets/mp3d/B6ByNegPMKs/B6ByNegPMKs.glb 
I0918 22:33:33.349208 1593316 ResourceManager.cpp:1119] Importing Basis files as BC7 for B6ByNegPMKs.glb
W0918 22:33:43.135572 1593316 Simulator.cpp:248] :
---
 The active scene does not contain semantic annotations. 
---
I0918 22:33:43.347163 1593316 simulator.py:213] Loaded navmesh /mnt/data_nas/deeprobotics/daiyang/vla/third_party/ETP-R1/data/scene_datasets/mp3d/B6ByNegPMKs/B6ByNegPMKs.navmesh
I0918 22:35:24.884943 1593316 PhysicsManager.cpp:33] Deconstructing PhysicsManager
I0918 22:35:24.884990 1593316 SemanticScene.h:41] Deconstructing SemanticScene
I0918 22:35:24.902189 1593316 SceneManager.h:25] Deconstructing SceneManager
I0918 22:35:24.902209 1593316 SceneGraph.h:26] Deconstructing SceneGraph
I0918 22:35:24.902745 1593316 Sensor.h:87] Deconstructing Sensor
I0918 22:35:24.916787 1593316 Renderer.cpp:34] Deconstructing Renderer
I0918 22:35:24.916824 1593316 WindowlessContext.h:17] Deconstructing WindowlessContext
I0918 22:35:24.945071 1593316 ManagedContainerBase.cpp:19] ManagedContainerBase::convertFilenameToJSON : Filename : default changed to proposed JSON configuration filename : default.scene_dataset_config.json
I0918 22:35:24.945096 1593316 AttributesManagerBase.h:283] AttributesManager<T>::createFromJsonOrDefaultInternal  (Dataset) : Proposing JSON name : default.scene_dataset_config.json from original name : default | This file  does not exist.
I0918 22:35:24.945339 1593316 AssetAttributesManager.cpp:117] Asset attributes (capsule3DSolid : capsule3DSolid_hemiRings_4_cylRings_1_segments_12_halfLen_0.75_useTexCoords_false_useTangents_false) created and registered.
I0918 22:35:24.945367 1593316 AssetAttributesManager.cpp:117] Asset attributes (capsule3DWireframe : capsule3DWireframe_hemiRings_8_cylRings_1_segments_16_halfLen_1) created and registered.
I0918 22:35:24.945392 1593316 AssetAttributesManager.cpp:117] Asset attributes (coneSolid : coneSolid_segments_12_halfLen_1.25_rings_1_useTexCoords_false_useTangents_false_capEnd_true) created and registered.
I0918 22:35:24.945407 1593316 AssetAttributesManager.cpp:117] Asset attributes (coneWireframe : coneWireframe_segments_32_halfLen_1.25) created and registered.
I0918 22:35:24.945416 1593316 AssetAttributesManager.cpp:117] Asset attributes (cubeSolid : cubeSolid) created and registered.
I0918 22:35:24.945425 1593316 AssetAttributesManager.cpp:117] Asset attributes (cubeWireframe : cubeWireframe) created and registered.
I0918 22:35:24.945444 1593316 AssetAttributesManager.cpp:117] Asset attributes (cylinderSolid : cylinderSolid_rings_1_segments_12_halfLen_1_useTexCoords_false_useTangents_false_capEnds_true) created and registered.
I0918 22:35:24.945461 1593316 AssetAttributesManager.cpp:117] Asset attributes (cylinderWireframe : cylinderWireframe_rings_1_segments_32_halfLen_1) created and registered.
I0918 22:35:24.945472 1593316 AssetAttributesManager.cpp:117] Asset attributes (icosphereSolid : icosphereSolid_subdivs_1) created and registered.
I0918 22:35:24.945480 1593316 AssetAttributesManager.cpp:117] Asset attributes (icosphereWireframe : icosphereWireframe_subdivs_1) created and registered.
I0918 22:35:24.945495 1593316 AssetAttributesManager.cpp:117] Asset attributes (uvSphereSolid : uvSphereSolid_rings_8_segments_16_useTexCoords_false_useTangents_false) created and registered.
I0918 22:35:24.945509 1593316 AssetAttributesManager.cpp:117] Asset attributes (uvSphereWireframe : uvSphereWireframe_rings_16_segments_32) created and registered.
I0918 22:35:24.945524 1593316 AssetAttributesManager.cpp:105] AssetAttributesManager::buildCtorFuncPtrMaps : Built default primitive asset templates : 12
I0918 22:35:24.945935 1593316 SceneDatasetAttributesManager.cpp:23] File (default) not found, so new default dataset attributes created and registered.
I0918 22:35:24.945936 1593316 MetadataMediator.cpp:47] MetadataMediator::createDataset : Dataset default successfully created.
I0918 22:35:24.946138 1593316 AttributesManagerBase.h:283] AttributesManager<T>::createFromJsonOrDefaultInternal  (Physics Manager) : Proposing JSON name : ./data/default.physics_config.json from original name : ./data/default.physics_config.json | This file  does not exist.
I0918 22:35:24.946149 1593316 PhysicsAttributesManager.cpp:27] File (./data/default.physics_config.json) not found, so new default physics manager attributes created and registered.
I0918 22:35:24.946152 1593316 AbstractObjectAttributesManagerBase.h:175] AbstractObjectAttributesManager<T>::createObject  (Stage) : Making attributes with handle : /mnt/data_nas/deeprobotics/daiyang/vla/third_party/ETP-R1/data/scene_datasets/mp3d/PuKPg4mmafe/PuKPg4mmafe.glb
I0918 22:35:24.946156 1593316 ManagedContainerBase.cpp:19] ManagedContainerBase::convertFilenameToJSON : Filename : /mnt/data_nas/deeprobotics/daiyang/vla/third_party/ETP-R1/data/scene_datasets/mp3d/PuKPg4mmafe/PuKPg4mmafe.glb changed to proposed JSON configuration filename : /mnt/data_nas/deeprobotics/daiyang/vla/third_party/ETP-R1/data/scene_datasets/mp3d/PuKPg4mmafe/PuKPg4mmafe.stage_config.json
I0918 22:35:24.946170 1593316 AttributesManagerBase.h:283] AttributesManager<T>::createFromJsonOrDefaultInternal  (Stage) : Proposing JSON name : /mnt/data_nas/deeprobotics/daiyang/vla/third_party/ETP-R1/data/scene_datasets/mp3d/PuKPg4mmafe/PuKPg4mmafe.stage_config.json from original name : /mnt/data_nas/deeprobotics/daiyang/vla/third_party/ETP-R1/data/scene_datasets/mp3d/PuKPg4mmafe/PuKPg4mmafe.glb | This file  does not exist.
I0918 22:35:24.946218 1593316 AbstractObjectAttributesManagerBase.h:181] AbstractObjectAttributesManager<T>::createObject  (Stage) : Done making attributes with handle : /mnt/data_nas/deeprobotics/daiyang/vla/third_party/ETP-R1/data/scene_datasets/mp3d/PuKPg4mmafe/PuKPg4mmafe.glb
I0918 22:35:24.946219 1593316 AbstractObjectAttributesManagerBase.h:188] File (/mnt/data_nas/deeprobotics/daiyang/vla/third_party/ETP-R1/data/scene_datasets/mp3d/PuKPg4mmafe/PuKPg4mmafe.glb) exists but is not a recognized config filename extension, so new default Stage attributes created and registered.
I0918 22:35:24.946224 1593316 Simulator.cpp:156] Loading navmesh from /mnt/data_nas/deeprobotics/daiyang/vla/third_party/ETP-R1/data/scene_datasets/mp3d/PuKPg4mmafe/PuKPg4mmafe.navmesh
I0918 22:35:24.947189 1593316 Simulator.cpp:158] Loaded.
I0918 22:35:24.947201 1593316 SceneGraph.h:93] Created DrawableGroup: 
Renderer: NVIDIA GeForce RTX 5090/PCIe/SSE2 by NVIDIA Corporation
OpenGL version: 4.6.0 NVIDIA 580.126.09
Using optional features:
    GL_ARB_ES2_compatibility
    GL_ARB_direct_state_access
    GL_ARB_get_texture_sub_image
    GL_ARB_invalidate_subdata
    GL_ARB_multi_bind
    GL_ARB_robustness
    GL_ARB_separate_shader_objects
    GL_ARB_texture_filter_anisotropic
    GL_ARB_texture_storage
    GL_ARB_texture_storage_multisample
    GL_ARB_vertex_array_object
    GL_KHR_debug
Using driver workarounds:
    no-forward-compatible-core-context
    nv-egl-incorrect-gl11-function-pointers
    no-layout-qualifiers-on-old-glsl
    nv-zero-context-profile-mask
    nv-implementation-color-read-format-dsa-broken
    nv-cubemap-inconsistent-compressed-image-size
    nv-cubemap-broken-full-compressed-image-query
    nv-compressed-block-size-in-bits
I0918 22:35:24.950985 1593316 ResourceManager.cpp:234] ResourceManager::loadStage : Not loading semantic mesh
I0918 22:35:24.950994 1593316 ResourceManager.cpp:262] ResourceManager::loadStage : start load render asset /mnt/data_nas/deeprobotics/daiyang/vla/third_party/ETP-R1/data/scene_datasets/mp3d/PuKPg4mmafe/PuKPg4mmafe.glb.
I0918 22:35:24.950997 1593316 ResourceManager.cpp:569] ResourceManager::loadStageInternal : Attempting to load stage /mnt/data_nas/deeprobotics/daiyang/vla/third_party/ETP-R1/data/scene_datasets/mp3d/PuKPg4mmafe/PuKPg4mmafe.glb 
I0918 22:35:24.951020 1593316 ResourceManager.cpp:1119] Importing Basis files as BC7 for PuKPg4mmafe.glb
W0918 22:35:29.667799 1593316 Simulator.cpp:248] :
---
 The active scene does not contain semantic annotations. 
---
I0918 22:35:29.689047 1593316 simulator.py:213] Loaded navmesh /mnt/data_nas/deeprobotics/daiyang/vla/third_party/ETP-R1/data/scene_datasets/mp3d/PuKPg4mmafe/PuKPg4mmafe.navmesh
I0918 22:37:22.542171 1593316 PhysicsManager.cpp:33] Deconstructing PhysicsManager
I0918 22:37:22.542227 1593316 SemanticScene.h:41] Deconstructing SemanticScene
I0918 22:37:22.543264 1593316 SceneManager.h:25] Deconstructing SceneManager
I0918 22:37:22.543274 1593316 SceneGraph.h:26] Deconstructing SceneGraph
I0918 22:37:22.543557 1593316 Sensor.h:87] Deconstructing Sensor
I0918 22:37:22.549530 1593316 Renderer.cpp:34] Deconstructing Renderer
I0918 22:37:22.549556 1593316 WindowlessContext.h:17] Deconstructing WindowlessContext
I0918 22:37:22.562736 1593316 ManagedContainerBase.cpp:19] ManagedContainerBase::convertFilenameToJSON : Filename : default changed to proposed JSON configuration filename : default.scene_dataset_config.json
I0918 22:37:22.562753 1593316 AttributesManagerBase.h:283] AttributesManager<T>::createFromJsonOrDefaultInternal  (Dataset) : Proposing JSON name : default.scene_dataset_config.json from original name : default | This file  does not exist.
I0918 22:37:22.562935 1593316 AssetAttributesManager.cpp:117] Asset attributes (capsule3DSolid : capsule3DSolid_hemiRings_4_cylRings_1_segments_12_halfLen_0.75_useTexCoords_false_useTangents_false) created and registered.
I0918 22:37:22.562963 1593316 AssetAttributesManager.cpp:117] Asset attributes (capsule3DWireframe : capsule3DWireframe_hemiRings_8_cylRings_1_segments_16_halfLen_1) created and registered.
I0918 22:37:22.562984 1593316 AssetAttributesManager.cpp:117] Asset attributes (coneSolid : coneSolid_segments_12_halfLen_1.25_rings_1_useTexCoords_false_useTangents_false_capEnd_true) created and registered.
I0918 22:37:22.562999 1593316 AssetAttributesManager.cpp:117] Asset attributes (coneWireframe : coneWireframe_segments_32_halfLen_1.25) created and registered.
I0918 22:37:22.563009 1593316 AssetAttributesManager.cpp:117] Asset attributes (cubeSolid : cubeSolid) created and registered.
I0918 22:37:22.563014 1593316 AssetAttributesManager.cpp:117] Asset attributes (cubeWireframe : cubeWireframe) created and registered.
I0918 22:37:22.563033 1593316 AssetAttributesManager.cpp:117] Asset attributes (cylinderSolid : cylinderSolid_rings_1_segments_12_halfLen_1_useTexCoords_false_useTangents_false_capEnds_true) created and registered.
I0918 22:37:22.563050 1593316 AssetAttributesManager.cpp:117] Asset attributes (cylinderWireframe : cylinderWireframe_rings_1_segments_32_halfLen_1) created and registered.
I0918 22:37:22.563061 1593316 AssetAttributesManager.cpp:117] Asset attributes (icosphereSolid : icosphereSolid_subdivs_1) created and registered.
I0918 22:37:22.563069 1593316 AssetAttributesManager.cpp:117] Asset attributes (icosphereWireframe : icosphereWireframe_subdivs_1) created and registered.
I0918 22:37:22.563084 1593316 AssetAttributesManager.cpp:117] Asset attributes (uvSphereSolid : uvSphereSolid_rings_8_segments_16_useTexCoords_false_useTangents_false) created and registered.
I0918 22:37:22.563097 1593316 AssetAttributesManager.cpp:117] Asset attributes (uvSphereWireframe : uvSphereWireframe_rings_16_segments_32) created and registered.
I0918 22:37:22.563103 1593316 AssetAttributesManager.cpp:105] AssetAttributesManager::buildCtorFuncPtrMaps : Built default primitive asset templates : 12
I0918 22:37:22.563508 1593316 SceneDatasetAttributesManager.cpp:23] File (default) not found, so new default dataset attributes created and registered.
I0918 22:37:22.563511 1593316 MetadataMediator.cpp:47] MetadataMediator::createDataset : Dataset default successfully created.
I0918 22:37:22.563705 1593316 AttributesManagerBase.h:283] AttributesManager<T>::createFromJsonOrDefaultInternal  (Physics Manager) : Proposing JSON name : ./data/default.physics_config.json from original name : ./data/default.physics_config.json | This file  does not exist.
I0918 22:37:22.563717 1593316 PhysicsAttributesManager.cpp:27] File (./data/default.physics_config.json) not found, so new default physics manager attributes created and registered.
I0918 22:37:22.563720 1593316 AbstractObjectAttributesManagerBase.h:175] AbstractObjectAttributesManager<T>::createObject  (Stage) : Making attributes with handle : /mnt/data_nas/deeprobotics/daiyang/vla/third_party/ETP-R1/data/scene_datasets/mp3d/aayBHfsNo7d/aayBHfsNo7d.glb
I0918 22:37:22.563723 1593316 ManagedContainerBase.cpp:19] ManagedContainerBase::convertFilenameToJSON : Filename : /mnt/data_nas/deeprobotics/daiyang/vla/third_party/ETP-R1/data/scene_datasets/mp3d/aayBHfsNo7d/aayBHfsNo7d.glb changed to proposed JSON configuration filename : /mnt/data_nas/deeprobotics/daiyang/vla/third_party/ETP-R1/data/scene_datasets/mp3d/aayBHfsNo7d/aayBHfsNo7d.stage_config.json
I0918 22:37:22.563735 1593316 AttributesManagerBase.h:283] AttributesManager<T>::createFromJsonOrDefaultInternal  (Stage) : Proposing JSON name : /mnt/data_nas/deeprobotics/daiyang/vla/third_party/ETP-R1/data/scene_datasets/mp3d/aayBHfsNo7d/aayBHfsNo7d.stage_config.json from original name : /mnt/data_nas/deeprobotics/daiyang/vla/third_party/ETP-R1/data/scene_datasets/mp3d/aayBHfsNo7d/aayBHfsNo7d.glb | This file  does not exist.
I0918 22:37:22.563782 1593316 AbstractObjectAttributesManagerBase.h:181] AbstractObjectAttributesManager<T>::createObject  (Stage) : Done making attributes with handle : /mnt/data_nas/deeprobotics/daiyang/vla/third_party/ETP-R1/data/scene_datasets/mp3d/aayBHfsNo7d/aayBHfsNo7d.glb
I0918 22:37:22.563784 1593316 AbstractObjectAttributesManagerBase.h:188] File (/mnt/data_nas/deeprobotics/daiyang/vla/third_party/ETP-R1/data/scene_datasets/mp3d/aayBHfsNo7d/aayBHfsNo7d.glb) exists but is not a recognized config filename extension, so new default Stage attributes created and registered.
I0918 22:37:22.563788 1593316 Simulator.cpp:156] Loading navmesh from /mnt/data_nas/deeprobotics/daiyang/vla/third_party/ETP-R1/data/scene_datasets/mp3d/aayBHfsNo7d/aayBHfsNo7d.navmesh
I0918 22:37:22.564739 1593316 Simulator.cpp:158] Loaded.
I0918 22:37:22.564747 1593316 SceneGraph.h:93] Created DrawableGroup: 
Renderer: NVIDIA GeForce RTX 5090/PCIe/SSE2 by NVIDIA Corporation
OpenGL version: 4.6.0 NVIDIA 580.126.09
Using optional features:
    GL_ARB_ES2_compatibility
    GL_ARB_direct_state_access
    GL_ARB_get_texture_sub_image
    GL_ARB_invalidate_subdata
    GL_ARB_multi_bind
    GL_ARB_robustness
    GL_ARB_separate_shader_objects
    GL_ARB_texture_filter_anisotropic
    GL_ARB_texture_storage
    GL_ARB_texture_storage_multisample
    GL_ARB_vertex_array_object
    GL_KHR_debug
Using driver workarounds:
    no-forward-compatible-core-context
    nv-egl-incorrect-gl11-function-pointers
    no-layout-qualifiers-on-old-glsl
    nv-zero-context-profile-mask
    nv-implementation-color-read-format-dsa-broken
    nv-cubemap-inconsistent-compressed-image-size
    nv-cubemap-broken-full-compressed-image-query
    nv-compressed-block-size-in-bits
I0918 22:37:22.568470 1593316 ResourceManager.cpp:234] ResourceManager::loadStage : Not loading semantic mesh
I0918 22:37:22.568480 1593316 ResourceManager.cpp:262] ResourceManager::loadStage : start load render asset /mnt/data_nas/deeprobotics/daiyang/vla/third_party/ETP-R1/data/scene_datasets/mp3d/aayBHfsNo7d/aayBHfsNo7d.glb.
I0918 22:37:22.568481 1593316 ResourceManager.cpp:569] ResourceManager::loadStageInternal : Attempting to load stage /mnt/data_nas/deeprobotics/daiyang/vla/third_party/ETP-R1/data/scene_datasets/mp3d/aayBHfsNo7d/aayBHfsNo7d.glb 
I0918 22:37:22.568497 1593316 ResourceManager.cpp:1119] Importing Basis files as BC7 for aayBHfsNo7d.glb
W0918 22:37:24.163213 1593316 Simulator.cpp:248] :
---
 The active scene does not contain semantic annotations. 
---
I0918 22:37:24.204790 1593316 simulator.py:213] Loaded navmesh /mnt/data_nas/deeprobotics/daiyang/vla/third_party/ETP-R1/data/scene_datasets/mp3d/aayBHfsNo7d/aayBHfsNo7d.navmesh
I0918 22:37:38.264634 1593316 PhysicsManager.cpp:33] Deconstructing PhysicsManager
I0918 22:37:38.264676 1593316 SemanticScene.h:41] Deconstructing SemanticScene
I0918 22:37:38.266942 1593316 SceneManager.h:25] Deconstructing SceneManager
I0918 22:37:38.266952 1593316 SceneGraph.h:26] Deconstructing SceneGraph
I0918 22:37:38.267525 1593316 Sensor.h:87] Deconstructing Sensor
I0918 22:37:38.270215 1593316 Renderer.cpp:34] Deconstructing Renderer
I0918 22:37:38.270241 1593316 WindowlessContext.h:17] Deconstructing WindowlessContext
I0918 22:37:38.277268 1593316 ManagedContainerBase.cpp:19] ManagedContainerBase::convertFilenameToJSON : Filename : default changed to proposed JSON configuration filename : default.scene_dataset_config.json
I0918 22:37:38.277294 1593316 AttributesManagerBase.h:283] AttributesManager<T>::createFromJsonOrDefaultInternal  (Dataset) : Proposing JSON name : default.scene_dataset_config.json from original name : default | This file  does not exist.
I0918 22:37:38.277474 1593316 AssetAttributesManager.cpp:117] Asset attributes (capsule3DSolid : capsule3DSolid_hemiRings_4_cylRings_1_segments_12_halfLen_0.75_useTexCoords_false_useTangents_false) created and registered.
I0918 22:37:38.277503 1593316 AssetAttributesManager.cpp:117] Asset attributes (capsule3DWireframe : capsule3DWireframe_hemiRings_8_cylRings_1_segments_16_halfLen_1) created and registered.
I0918 22:37:38.277524 1593316 AssetAttributesManager.cpp:117] Asset attributes (coneSolid : coneSolid_segments_12_halfLen_1.25_rings_1_useTexCoords_false_useTangents_false_capEnd_true) created and registered.
I0918 22:37:38.277539 1593316 AssetAttributesManager.cpp:117] Asset attributes (coneWireframe : coneWireframe_segments_32_halfLen_1.25) created and registered.
I0918 22:37:38.277547 1593316 AssetAttributesManager.cpp:117] Asset attributes (cubeSolid : cubeSolid) created and registered.
I0918 22:37:38.277554 1593316 AssetAttributesManager.cpp:117] Asset attributes (cubeWireframe : cubeWireframe) created and registered.
I0918 22:37:38.277573 1593316 AssetAttributesManager.cpp:117] Asset attributes (cylinderSolid : cylinderSolid_rings_1_segments_12_halfLen_1_useTexCoords_false_useTangents_false_capEnds_true) created and registered.
I0918 22:37:38.277590 1593316 AssetAttributesManager.cpp:117] Asset attributes (cylinderWireframe : cylinderWireframe_rings_1_segments_32_halfLen_1) created and registered.
I0918 22:37:38.277602 1593316 AssetAttributesManager.cpp:117] Asset attributes (icosphereSolid : icosphereSolid_subdivs_1) created and registered.
I0918 22:37:38.277611 1593316 AssetAttributesManager.cpp:117] Asset attributes (icosphereWireframe : icosphereWireframe_subdivs_1) created and registered.
I0918 22:37:38.277624 1593316 AssetAttributesManager.cpp:117] Asset attributes (uvSphereSolid : uvSphereSolid_rings_8_segments_16_useTexCoords_false_useTangents_false) created and registered.
I0918 22:37:38.277637 1593316 AssetAttributesManager.cpp:117] Asset attributes (uvSphereWireframe : uvSphereWireframe_rings_16_segments_32) created and registered.
I0918 22:37:38.277643 1593316 AssetAttributesManager.cpp:105] AssetAttributesManager::buildCtorFuncPtrMaps : Built default primitive asset templates : 12
I0918 22:37:38.278043 1593316 SceneDatasetAttributesManager.cpp:23] File (default) not found, so new default dataset attributes created and registered.
I0918 22:37:38.278045 1593316 MetadataMediator.cpp:47] MetadataMediator::createDataset : Dataset default successfully created.
I0918 22:37:38.278256 1593316 AttributesManagerBase.h:283] AttributesManager<T>::createFromJsonOrDefaultInternal  (Physics Manager) : Proposing JSON name : ./data/default.physics_config.json from original name : ./data/default.physics_config.json | This file  does not exist.
I0918 22:37:38.278277 1593316 PhysicsAttributesManager.cpp:27] File (./data/default.physics_config.json) not found, so new default physics manager attributes created and registered.
I0918 22:37:38.278290 1593316 AbstractObjectAttributesManagerBase.h:175] AbstractObjectAttributesManager<T>::createObject  (Stage) : Making attributes with handle : /mnt/data_nas/deeprobotics/daiyang/vla/third_party/ETP-R1/data/scene_datasets/mp3d/82sE5b5pLXE/82sE5b5pLXE.glb
I0918 22:37:38.278295 1593316 ManagedContainerBase.cpp:19] ManagedContainerBase::convertFilenameToJSON : Filename : /mnt/data_nas/deeprobotics/daiyang/vla/third_party/ETP-R1/data/scene_datasets/mp3d/82sE5b5pLXE/82sE5b5pLXE.glb changed to proposed JSON configuration filename : /mnt/data_nas/deeprobotics/daiyang/vla/third_party/ETP-R1/data/scene_datasets/mp3d/82sE5b5pLXE/82sE5b5pLXE.stage_config.json
I0918 22:37:38.279079 1593316 AttributesManagerBase.h:283] AttributesManager<T>::createFromJsonOrDefaultInternal  (Stage) : Proposing JSON name : /mnt/data_nas/deeprobotics/daiyang/vla/third_party/ETP-R1/data/scene_datasets/mp3d/82sE5b5pLXE/82sE5b5pLXE.stage_config.json from original name : /mnt/data_nas/deeprobotics/daiyang/vla/third_party/ETP-R1/data/scene_datasets/mp3d/82sE5b5pLXE/82sE5b5pLXE.glb | This file  does not exist.
I0918 22:37:38.279126 1593316 AbstractObjectAttributesManagerBase.h:181] AbstractObjectAttributesManager<T>::createObject  (Stage) : Done making attributes with handle : /mnt/data_nas/deeprobotics/daiyang/vla/third_party/ETP-R1/data/scene_datasets/mp3d/82sE5b5pLXE/82sE5b5pLXE.glb
I0918 22:37:38.279129 1593316 AbstractObjectAttributesManagerBase.h:188] File (/mnt/data_nas/deeprobotics/daiyang/vla/third_party/ETP-R1/data/scene_datasets/mp3d/82sE5b5pLXE/82sE5b5pLXE.glb) exists but is not a recognized config filename extension, so new default Stage attributes created and registered.
I0918 22:37:38.279134 1593316 Simulator.cpp:156] Loading navmesh from /mnt/data_nas/deeprobotics/daiyang/vla/third_party/ETP-R1/data/scene_datasets/mp3d/82sE5b5pLXE/82sE5b5pLXE.navmesh
I0918 22:37:38.280386 1593316 Simulator.cpp:158] Loaded.
I0918 22:37:38.280395 1593316 SceneGraph.h:93] Created DrawableGroup: 
Renderer: NVIDIA GeForce RTX 5090/PCIe/SSE2 by NVIDIA Corporation
OpenGL version: 4.6.0 NVIDIA 580.126.09
Using optional features:
    GL_ARB_ES2_compatibility
    GL_ARB_direct_state_access
    GL_ARB_get_texture_sub_image
    GL_ARB_invalidate_subdata
    GL_ARB_multi_bind
    GL_ARB_robustness
    GL_ARB_separate_shader_objects
    GL_ARB_texture_filter_anisotropic
    GL_ARB_texture_storage
    GL_ARB_texture_storage_multisample
    GL_ARB_vertex_array_object
    GL_KHR_debug
Using driver workarounds:
    no-forward-compatible-core-context
    nv-egl-incorrect-gl11-function-pointers
    no-layout-qualifiers-on-old-glsl
    nv-zero-context-profile-mask
    nv-implementation-color-read-format-dsa-broken
    nv-cubemap-inconsistent-compressed-image-size
    nv-cubemap-broken-full-compressed-image-query
    nv-compressed-block-size-in-bits
I0918 22:37:38.284176 1593316 ResourceManager.cpp:234] ResourceManager::loadStage : Not loading semantic mesh
I0918 22:37:38.284185 1593316 ResourceManager.cpp:262] ResourceManager::loadStage : start load render asset /mnt/data_nas/deeprobotics/daiyang/vla/third_party/ETP-R1/data/scene_datasets/mp3d/82sE5b5pLXE/82sE5b5pLXE.glb.
I0918 22:37:38.284188 1593316 ResourceManager.cpp:569] ResourceManager::loadStageInternal : Attempting to load stage /mnt/data_nas/deeprobotics/daiyang/vla/third_party/ETP-R1/data/scene_datasets/mp3d/82sE5b5pLXE/82sE5b5pLXE.glb 
I0918 22:37:38.284205 1593316 ResourceManager.cpp:1119] Importing Basis files as BC7 for 82sE5b5pLXE.glb
W0918 22:37:40.447228 1593316 Simulator.cpp:248] :
---
 The active scene does not contain semantic annotations. 
---
I0918 22:37:40.484993 1593316 simulator.py:213] Loaded navmesh /mnt/data_nas/deeprobotics/daiyang/vla/third_party/ETP-R1/data/scene_datasets/mp3d/82sE5b5pLXE/82sE5b5pLXE.navmesh
I0918 22:38:37.344488 1593316 PhysicsManager.cpp:33] Deconstructing PhysicsManager
I0918 22:38:37.344544 1593316 SemanticScene.h:41] Deconstructing SemanticScene
I0918 22:38:37.346138 1593316 SceneManager.h:25] Deconstructing SceneManager
I0918 22:38:37.346148 1593316 SceneGraph.h:26] Deconstructing SceneGraph
I0918 22:38:37.346408 1593316 Sensor.h:87] Deconstructing Sensor
I0918 22:38:37.349861 1593316 Renderer.cpp:34] Deconstructing Renderer
I0918 22:38:37.349885 1593316 WindowlessContext.h:17] Deconstructing WindowlessContext
I0918 22:38:37.354585 1593316 ManagedContainerBase.cpp:19] ManagedContainerBase::convertFilenameToJSON : Filename : default changed to proposed JSON configuration filename : default.scene_dataset_config.json
I0918 22:38:37.354602 1593316 AttributesManagerBase.h:283] AttributesManager<T>::createFromJsonOrDefaultInternal  (Dataset) : Proposing JSON name : default.scene_dataset_config.json from original name : default | This file  does not exist.
I0918 22:38:37.354804 1593316 AssetAttributesManager.cpp:117] Asset attributes (capsule3DSolid : capsule3DSolid_hemiRings_4_cylRings_1_segments_12_halfLen_0.75_useTexCoords_false_useTangents_false) created and registered.
I0918 22:38:37.354831 1593316 AssetAttributesManager.cpp:117] Asset attributes (capsule3DWireframe : capsule3DWireframe_hemiRings_8_cylRings_1_segments_16_halfLen_1) created and registered.
I0918 22:38:37.354854 1593316 AssetAttributesManager.cpp:117] Asset attributes (coneSolid : coneSolid_segments_12_halfLen_1.25_rings_1_useTexCoords_false_useTangents_false_capEnd_true) created and registered.
I0918 22:38:37.354869 1593316 AssetAttributesManager.cpp:117] Asset attributes (coneWireframe : coneWireframe_segments_32_halfLen_1.25) created and registered.
I0918 22:38:37.354878 1593316 AssetAttributesManager.cpp:117] Asset attributes (cubeSolid : cubeSolid) created and registered.
I0918 22:38:37.354885 1593316 AssetAttributesManager.cpp:117] Asset attributes (cubeWireframe : cubeWireframe) created and registered.
I0918 22:38:37.354904 1593316 AssetAttributesManager.cpp:117] Asset attributes (cylinderSolid : cylinderSolid_rings_1_segments_12_halfLen_1_useTexCoords_false_useTangents_false_capEnds_true) created and registered.
I0918 22:38:37.354921 1593316 AssetAttributesManager.cpp:117] Asset attributes (cylinderWireframe : cylinderWireframe_rings_1_segments_32_halfLen_1) created and registered.
I0918 22:38:37.354933 1593316 AssetAttributesManager.cpp:117] Asset attributes (icosphereSolid : icosphereSolid_subdivs_1) created and registered.
I0918 22:38:37.354941 1593316 AssetAttributesManager.cpp:117] Asset attributes (icosphereWireframe : icosphereWireframe_subdivs_1) created and registered.
I0918 22:38:37.354954 1593316 AssetAttributesManager.cpp:117] Asset attributes (uvSphereSolid : uvSphereSolid_rings_8_segments_16_useTexCoords_false_useTangents_false) created and registered.
I0918 22:38:37.354967 1593316 AssetAttributesManager.cpp:117] Asset attributes (uvSphereWireframe : uvSphereWireframe_rings_16_segments_32) created and registered.
I0918 22:38:37.354974 1593316 AssetAttributesManager.cpp:105] AssetAttributesManager::buildCtorFuncPtrMaps : Built default primitive asset templates : 12
I0918 22:38:37.355368 1593316 SceneDatasetAttributesManager.cpp:23] File (default) not found, so new default dataset attributes created and registered.
I0918 22:38:37.355370 1593316 MetadataMediator.cpp:47] MetadataMediator::createDataset : Dataset default successfully created.
I0918 22:38:37.355542 1593316 AttributesManagerBase.h:283] AttributesManager<T>::createFromJsonOrDefaultInternal  (Physics Manager) : Proposing JSON name : ./data/default.physics_config.json from original name : ./data/default.physics_config.json | This file  does not exist.
I0918 22:38:37.355553 1593316 PhysicsAttributesManager.cpp:27] File (./data/default.physics_config.json) not found, so new default physics manager attributes created and registered.
I0918 22:38:37.355556 1593316 AbstractObjectAttributesManagerBase.h:175] AbstractObjectAttributesManager<T>::createObject  (Stage) : Making attributes with handle : /mnt/data_nas/deeprobotics/daiyang/vla/third_party/ETP-R1/data/scene_datasets/mp3d/B6ByNegPMKs/B6ByNegPMKs.glb
I0918 22:38:37.355561 1593316 ManagedContainerBase.cpp:19] ManagedContainerBase::convertFilenameToJSON : Filename : /mnt/data_nas/deeprobotics/daiyang/vla/third_party/ETP-R1/data/scene_datasets/mp3d/B6ByNegPMKs/B6ByNegPMKs.glb changed to proposed JSON configuration filename : /mnt/data_nas/deeprobotics/daiyang/vla/third_party/ETP-R1/data/scene_datasets/mp3d/B6ByNegPMKs/B6ByNegPMKs.stage_config.json
I0918 22:38:37.355577 1593316 AttributesManagerBase.h:283] AttributesManager<T>::createFromJsonOrDefaultInternal  (Stage) : Proposing JSON name : /mnt/data_nas/deeprobotics/daiyang/vla/third_party/ETP-R1/data/scene_datasets/mp3d/B6ByNegPMKs/B6ByNegPMKs.stage_config.json from original name : /mnt/data_nas/deeprobotics/daiyang/vla/third_party/ETP-R1/data/scene_datasets/mp3d/B6ByNegPMKs/B6ByNegPMKs.glb | This file  does not exist.
I0918 22:38:37.355623 1593316 AbstractObjectAttributesManagerBase.h:181] AbstractObjectAttributesManager<T>::createObject  (Stage) : Done making attributes with handle : /mnt/data_nas/deeprobotics/daiyang/vla/third_party/ETP-R1/data/scene_datasets/mp3d/B6ByNegPMKs/B6ByNegPMKs.glb
I0918 22:38:37.355625 1593316 AbstractObjectAttributesManagerBase.h:188] File (/mnt/data_nas/deeprobotics/daiyang/vla/third_party/ETP-R1/data/scene_datasets/mp3d/B6ByNegPMKs/B6ByNegPMKs.glb) exists but is not a recognized config filename extension, so new default Stage attributes created and registered.
I0918 22:38:37.355629 1593316 Simulator.cpp:156] Loading navmesh from /mnt/data_nas/deeprobotics/daiyang/vla/third_party/ETP-R1/data/scene_datasets/mp3d/B6ByNegPMKs/B6ByNegPMKs.navmesh
I0918 22:38:37.356916 1593316 Simulator.cpp:158] Loaded.
I0918 22:38:37.356923 1593316 SceneGraph.h:93] Created DrawableGroup: 
Renderer: NVIDIA GeForce RTX 5090/PCIe/SSE2 by NVIDIA Corporation
OpenGL version: 4.6.0 NVIDIA 580.126.09
Using optional features:
    GL_ARB_ES2_compatibility
    GL_ARB_direct_state_access
    GL_ARB_get_texture_sub_image
    GL_ARB_invalidate_subdata
    GL_ARB_multi_bind
    GL_ARB_robustness
    GL_ARB_separate_shader_objects
    GL_ARB_texture_filter_anisotropic
    GL_ARB_texture_storage
    GL_ARB_texture_storage_multisample
    GL_ARB_vertex_array_object
    GL_KHR_debug
Using driver workarounds:
    no-forward-compatible-core-context
    nv-egl-incorrect-gl11-function-pointers
    no-layout-qualifiers-on-old-glsl
    nv-zero-context-profile-mask
    nv-implementation-color-read-format-dsa-broken
    nv-cubemap-inconsistent-compressed-image-size
    nv-cubemap-broken-full-compressed-image-query
    nv-compressed-block-size-in-bits
I0918 22:38:37.360450 1593316 ResourceManager.cpp:234] ResourceManager::loadStage : Not loading semantic mesh
I0918 22:38:37.360457 1593316 ResourceManager.cpp:262] ResourceManager::loadStage : start load render asset /mnt/data_nas/deeprobotics/daiyang/vla/third_party/ETP-R1/data/scene_datasets/mp3d/B6ByNegPMKs/B6ByNegPMKs.glb.
I0918 22:38:37.360460 1593316 ResourceManager.cpp:569] ResourceManager::loadStageInternal : Attempting to load stage /mnt/data_nas/deeprobotics/daiyang/vla/third_party/ETP-R1/data/scene_datasets/mp3d/B6ByNegPMKs/B6ByNegPMKs.glb 
I0918 22:38:37.360476 1593316 ResourceManager.cpp:1119] Importing Basis files as BC7 for B6ByNegPMKs.glb
W0918 22:38:47.134434 1593316 Simulator.cpp:248] :
---
 The active scene does not contain semantic annotations. 
---
I0918 22:38:47.349507 1593316 simulator.py:213] Loaded navmesh /mnt/data_nas/deeprobotics/daiyang/vla/third_party/ETP-R1/data/scene_datasets/mp3d/B6ByNegPMKs/B6ByNegPMKs.navmesh
I0918 22:39:38.816975 1593316 PhysicsManager.cpp:33] Deconstructing PhysicsManager
I0918 22:39:38.817018 1593316 SemanticScene.h:41] Deconstructing SemanticScene
I0918 22:39:38.834019 1593316 SceneManager.h:25] Deconstructing SceneManager
I0918 22:39:38.834051 1593316 SceneGraph.h:26] Deconstructing SceneGraph
I0918 22:39:38.834522 1593316 Sensor.h:87] Deconstructing Sensor
I0918 22:39:38.846547 1593316 Renderer.cpp:34] Deconstructing Renderer
I0918 22:39:38.846580 1593316 WindowlessContext.h:17] Deconstructing WindowlessContext
I0918 22:39:38.865969 1593316 ManagedContainerBase.cpp:19] ManagedContainerBase::convertFilenameToJSON : Filename : default changed to proposed JSON configuration filename : default.scene_dataset_config.json
I0918 22:39:38.866000 1593316 AttributesManagerBase.h:283] AttributesManager<T>::createFromJsonOrDefaultInternal  (Dataset) : Proposing JSON name : default.scene_dataset_config.json from original name : default | This file  does not exist.
I0918 22:39:38.866140 1593316 AssetAttributesManager.cpp:117] Asset attributes (capsule3DSolid : capsule3DSolid_hemiRings_4_cylRings_1_segments_12_halfLen_0.75_useTexCoords_false_useTangents_false) created and registered.
I0918 22:39:38.866168 1593316 AssetAttributesManager.cpp:117] Asset attributes (capsule3DWireframe : capsule3DWireframe_hemiRings_8_cylRings_1_segments_16_halfLen_1) created and registered.
I0918 22:39:38.866189 1593316 AssetAttributesManager.cpp:117] Asset attributes (coneSolid : coneSolid_segments_12_halfLen_1.25_rings_1_useTexCoords_false_useTangents_false_capEnd_true) created and registered.
I0918 22:39:38.866204 1593316 AssetAttributesManager.cpp:117] Asset attributes (coneWireframe : coneWireframe_segments_32_halfLen_1.25) created and registered.
I0918 22:39:38.866214 1593316 AssetAttributesManager.cpp:117] Asset attributes (cubeSolid : cubeSolid) created and registered.
I0918 22:39:38.866220 1593316 AssetAttributesManager.cpp:117] Asset attributes (cubeWireframe : cubeWireframe) created and registered.
I0918 22:39:38.866238 1593316 AssetAttributesManager.cpp:117] Asset attributes (cylinderSolid : cylinderSolid_rings_1_segments_12_halfLen_1_useTexCoords_false_useTangents_false_capEnds_true) created and registered.
I0918 22:39:38.866256 1593316 AssetAttributesManager.cpp:117] Asset attributes (cylinderWireframe : cylinderWireframe_rings_1_segments_32_halfLen_1) created and registered.
I0918 22:39:38.866267 1593316 AssetAttributesManager.cpp:117] Asset attributes (icosphereSolid : icosphereSolid_subdivs_1) created and registered.
I0918 22:39:38.866282 1593316 AssetAttributesManager.cpp:117] Asset attributes (icosphereWireframe : icosphereWireframe_subdivs_1) created and registered.
I0918 22:39:38.866297 1593316 AssetAttributesManager.cpp:117] Asset attributes (uvSphereSolid : uvSphereSolid_rings_8_segments_16_useTexCoords_false_useTangents_false) created and registered.
I0918 22:39:38.866308 1593316 AssetAttributesManager.cpp:117] Asset attributes (uvSphereWireframe : uvSphereWireframe_rings_16_segments_32) created and registered.
I0918 22:39:38.866315 1593316 AssetAttributesManager.cpp:105] AssetAttributesManager::buildCtorFuncPtrMaps : Built default primitive asset templates : 12
I0918 22:39:38.866711 1593316 SceneDatasetAttributesManager.cpp:23] File (default) not found, so new default dataset attributes created and registered.
I0918 22:39:38.866714 1593316 MetadataMediator.cpp:47] MetadataMediator::createDataset : Dataset default successfully created.
I0918 22:39:38.866902 1593316 AttributesManagerBase.h:283] AttributesManager<T>::createFromJsonOrDefaultInternal  (Physics Manager) : Proposing JSON name : ./data/default.physics_config.json from original name : ./data/default.physics_config.json | This file  does not exist.
I0918 22:39:38.866914 1593316 PhysicsAttributesManager.cpp:27] File (./data/default.physics_config.json) not found, so new default physics manager attributes created and registered.
I0918 22:39:38.866917 1593316 AbstractObjectAttributesManagerBase.h:175] AbstractObjectAttributesManager<T>::createObject  (Stage) : Making attributes with handle : /mnt/data_nas/deeprobotics/daiyang/vla/third_party/ETP-R1/data/scene_datasets/mp3d/PuKPg4mmafe/PuKPg4mmafe.glb
I0918 22:39:38.866920 1593316 ManagedContainerBase.cpp:19] ManagedContainerBase::convertFilenameToJSON : Filename : /mnt/data_nas/deeprobotics/daiyang/vla/third_party/ETP-R1/data/scene_datasets/mp3d/PuKPg4mmafe/PuKPg4mmafe.glb changed to proposed JSON configuration filename : /mnt/data_nas/deeprobotics/daiyang/vla/third_party/ETP-R1/data/scene_datasets/mp3d/PuKPg4mmafe/PuKPg4mmafe.stage_config.json
I0918 22:39:38.866933 1593316 AttributesManagerBase.h:283] AttributesManager<T>::createFromJsonOrDefaultInternal  (Stage) : Proposing JSON name : /mnt/data_nas/deeprobotics/daiyang/vla/third_party/ETP-R1/data/scene_datasets/mp3d/PuKPg4mmafe/PuKPg4mmafe.stage_config.json from original name : /mnt/data_nas/deeprobotics/daiyang/vla/third_party/ETP-R1/data/scene_datasets/mp3d/PuKPg4mmafe/PuKPg4mmafe.glb | This file  does not exist.
I0918 22:39:38.866984 1593316 AbstractObjectAttributesManagerBase.h:181] AbstractObjectAttributesManager<T>::createObject  (Stage) : Done making attributes with handle : /mnt/data_nas/deeprobotics/daiyang/vla/third_party/ETP-R1/data/scene_datasets/mp3d/PuKPg4mmafe/PuKPg4mmafe.glb
I0918 22:39:38.866986 1593316 AbstractObjectAttributesManagerBase.h:188] File (/mnt/data_nas/deeprobotics/daiyang/vla/third_party/ETP-R1/data/scene_datasets/mp3d/PuKPg4mmafe/PuKPg4mmafe.glb) exists but is not a recognized config filename extension, so new default Stage attributes created and registered.
I0918 22:39:38.866991 1593316 Simulator.cpp:156] Loading navmesh from /mnt/data_nas/deeprobotics/daiyang/vla/third_party/ETP-R1/data/scene_datasets/mp3d/PuKPg4mmafe/PuKPg4mmafe.navmesh
I0918 22:39:38.873044 1593316 Simulator.cpp:158] Loaded.
I0918 22:39:38.873052 1593316 SceneGraph.h:93] Created DrawableGroup: 
Renderer: NVIDIA GeForce RTX 5090/PCIe/SSE2 by NVIDIA Corporation
OpenGL version: 4.6.0 NVIDIA 580.126.09
Using optional features:
    GL_ARB_ES2_compatibility
    GL_ARB_direct_state_access
    GL_ARB_get_texture_sub_image
    GL_ARB_invalidate_subdata
    GL_ARB_multi_bind
    GL_ARB_robustness
    GL_ARB_separate_shader_objects
    GL_ARB_texture_filter_anisotropic
    GL_ARB_texture_storage
    GL_ARB_texture_storage_multisample
    GL_ARB_vertex_array_object
    GL_KHR_debug
Using driver workarounds:
    no-forward-compatible-core-context
    nv-egl-incorrect-gl11-function-pointers
    no-layout-qualifiers-on-old-glsl
    nv-zero-context-profile-mask
    nv-implementation-color-read-format-dsa-broken
    nv-cubemap-inconsistent-compressed-image-size
    nv-cubemap-broken-full-compressed-image-query
    nv-compressed-block-size-in-bits
I0918 22:39:38.876793 1593316 ResourceManager.cpp:234] ResourceManager::loadStage : Not loading semantic mesh
I0918 22:39:38.876803 1593316 ResourceManager.cpp:262] ResourceManager::loadStage : start load render asset /mnt/data_nas/deeprobotics/daiyang/vla/third_party/ETP-R1/data/scene_datasets/mp3d/PuKPg4mmafe/PuKPg4mmafe.glb.
I0918 22:39:38.876806 1593316 ResourceManager.cpp:569] ResourceManager::loadStageInternal : Attempting to load stage /mnt/data_nas/deeprobotics/daiyang/vla/third_party/ETP-R1/data/scene_datasets/mp3d/PuKPg4mmafe/PuKPg4mmafe.glb 
I0918 22:39:38.876822 1593316 ResourceManager.cpp:1119] Importing Basis files as BC7 for PuKPg4mmafe.glb
W0918 22:39:43.584372 1593316 Simulator.cpp:248] :
---
 The active scene does not contain semantic annotations. 
---
I0918 22:39:43.605159 1593316 simulator.py:213] Loaded navmesh /mnt/data_nas/deeprobotics/daiyang/vla/third_party/ETP-R1/data/scene_datasets/mp3d/PuKPg4mmafe/PuKPg4mmafe.navmesh
I0918 22:39:43.964176 1593316 Simulator.cpp:49] Deconstructing Simulator
I0918 22:39:43.964351 1593316 Simulator.cpp:49] Deconstructing Simulator
I0918 22:39:43.964490 1593316 Simulator.cpp:49] Deconstructing Simulator
I0918 22:39:43.964655 1593316 Simulator.cpp:49] Deconstructing Simulator
I0918 22:39:43.964848 1593316 Simulator.cpp:49] Deconstructing Simulator
I0918 22:39:43.964967 1593316 Simulator.cpp:49] Deconstructing Simulator
I0918 22:39:43.965075 1593316 Simulator.cpp:49] Deconstructing Simulator
I0918 22:39:43.965179 1593316 Simulator.cpp:49] Deconstructing Simulator
I0918 22:39:43.965322 1593316 Simulator.cpp:49] Deconstructing Simulator
I0918 22:39:43.965442 1593316 Simulator.cpp:49] Deconstructing Simulator
I0918 22:39:43.965560 1593316 Simulator.cpp:49] Deconstructing Simulator
I0918 22:39:43.965657 1593316 Simulator.cpp:49] Deconstructing Simulator
I0918 22:39:43.965750 1593316 Simulator.cpp:49] Deconstructing Simulator
I0918 22:39:43.965838 1593316 Simulator.cpp:49] Deconstructing Simulator
I0918 22:39:43.965939 1593316 Simulator.cpp:49] Deconstructing Simulator
I0918 22:39:43.966030 1593316 Simulator.cpp:49] Deconstructing Simulator
I0918 22:39:43.966218 1593316 Simulator.cpp:49] Deconstructing Simulator
I0918 22:39:43.966310 1593316 Simulator.cpp:49] Deconstructing Simulator
I0918 22:39:43.966401 1593316 Simulator.cpp:49] Deconstructing Simulator
I0918 22:39:43.966557 1593316 Simulator.cpp:49] Deconstructing Simulator
I0918 22:39:43.966637 1593316 Simulator.cpp:49] Deconstructing Simulator
I0918 22:39:43.966717 1593316 Simulator.cpp:49] Deconstructing Simulator
I0918 22:39:43.966843 1593316 Simulator.cpp:49] Deconstructing Simulator
I0918 22:39:43.966948 1593316 Simulator.cpp:49] Deconstructing Simulator
I0918 22:39:43.967101 1593316 Simulator.cpp:49] Deconstructing Simulator
I0918 22:39:43.967186 1593316 Simulator.cpp:49] Deconstructing Simulator
I0918 22:39:43.967281 1593316 Simulator.cpp:49] Deconstructing Simulator
I0918 22:39:43.967391 1593316 Simulator.cpp:49] Deconstructing Simulator
I0918 22:39:43.967509 1593316 Simulator.cpp:49] Deconstructing Simulator
I0918 22:39:43.967603 1593316 Simulator.cpp:49] Deconstructing Simulator
I0918 22:39:43.967700 1593316 Simulator.cpp:49] Deconstructing Simulator
I0918 22:39:43.967782 1593316 Simulator.cpp:49] Deconstructing Simulator
I0918 22:39:43.967902 1593316 Simulator.cpp:49] Deconstructing Simulator
I0918 22:39:43.967980 1593316 Simulator.cpp:49] Deconstructing Simulator
I0918 22:39:43.968063 1593316 Simulator.cpp:49] Deconstructing Simulator
I0918 22:39:43.968135 1593316 Simulator.cpp:49] Deconstructing Simulator
I0918 22:39:43.968232 1593316 Simulator.cpp:49] Deconstructing Simulator
I0918 22:39:43.968366 1593316 Simulator.cpp:49] Deconstructing Simulator
I0918 22:39:43.968466 1593316 Simulator.cpp:49] Deconstructing Simulator
I0918 22:39:43.968540 1593316 Simulator.cpp:49] Deconstructing Simulator
I0918 22:39:43.968629 1593316 Simulator.cpp:49] Deconstructing Simulator
I0918 22:39:43.968706 1593316 Simulator.cpp:49] Deconstructing Simulator
I0918 22:42:57.347962 1593316 PhysicsManager.cpp:33] Deconstructing PhysicsManager
I0918 22:42:57.348016 1593316 SemanticScene.h:41] Deconstructing SemanticScene
I0918 22:42:57.349098 1593316 SceneManager.h:25] Deconstructing SceneManager
I0918 22:42:57.349103 1593316 SceneGraph.h:26] Deconstructing SceneGraph
I0918 22:42:57.349404 1593316 Sensor.h:87] Deconstructing Sensor
I0918 22:42:57.355506 1593316 Renderer.cpp:34] Deconstructing Renderer
I0918 22:42:57.355535 1593316 WindowlessContext.h:17] Deconstructing WindowlessContext
I0918 22:42:57.368093 1593316 ManagedContainerBase.cpp:19] ManagedContainerBase::convertFilenameToJSON : Filename : default changed to proposed JSON configuration filename : default.scene_dataset_config.json
I0918 22:42:57.368113 1593316 AttributesManagerBase.h:283] AttributesManager<T>::createFromJsonOrDefaultInternal  (Dataset) : Proposing JSON name : default.scene_dataset_config.json from original name : default | This file  does not exist.
I0918 22:42:57.368204 1593316 AssetAttributesManager.cpp:117] Asset attributes (capsule3DSolid : capsule3DSolid_hemiRings_4_cylRings_1_segments_12_halfLen_0.75_useTexCoords_false_useTangents_false) created and registered.
I0918 22:42:57.368240 1593316 AssetAttributesManager.cpp:117] Asset attributes (capsule3DWireframe : capsule3DWireframe_hemiRings_8_cylRings_1_segments_16_halfLen_1) created and registered.
I0918 22:42:57.368263 1593316 AssetAttributesManager.cpp:117] Asset attributes (coneSolid : coneSolid_segments_12_halfLen_1.25_rings_1_useTexCoords_false_useTangents_false_capEnd_true) created and registered.
I0918 22:42:57.368294 1593316 AssetAttributesManager.cpp:117] Asset attributes (coneWireframe : coneWireframe_segments_32_halfLen_1.25) created and registered.
I0918 22:42:57.368312 1593316 AssetAttributesManager.cpp:117] Asset attributes (cubeSolid : cubeSolid) created and registered.
I0918 22:42:57.368320 1593316 AssetAttributesManager.cpp:117] Asset attributes (cubeWireframe : cubeWireframe) created and registered.
I0918 22:42:57.368340 1593316 AssetAttributesManager.cpp:117] Asset attributes (cylinderSolid : cylinderSolid_rings_1_segments_12_halfLen_1_useTexCoords_false_useTangents_false_capEnds_true) created and registered.
I0918 22:42:57.368366 1593316 AssetAttributesManager.cpp:117] Asset attributes (cylinderWireframe : cylinderWireframe_rings_1_segments_32_halfLen_1) created and registered.
I0918 22:42:57.368377 1593316 AssetAttributesManager.cpp:117] Asset attributes (icosphereSolid : icosphereSolid_subdivs_1) created and registered.
I0918 22:42:57.368402 1593316 AssetAttributesManager.cpp:117] Asset attributes (icosphereWireframe : icosphereWireframe_subdivs_1) created and registered.
I0918 22:42:57.368429 1593316 AssetAttributesManager.cpp:117] Asset attributes (uvSphereSolid : uvSphereSolid_rings_8_segments_16_useTexCoords_false_useTangents_false) created and registered.
I0918 22:42:57.368443 1593316 AssetAttributesManager.cpp:117] Asset attributes (uvSphereWireframe : uvSphereWireframe_rings_16_segments_32) created and registered.
I0918 22:42:57.368464 1593316 AssetAttributesManager.cpp:105] AssetAttributesManager::buildCtorFuncPtrMaps : Built default primitive asset templates : 12
I0918 22:42:57.369104 1593316 SceneDatasetAttributesManager.cpp:23] File (default) not found, so new default dataset attributes created and registered.
I0918 22:42:57.369107 1593316 MetadataMediator.cpp:47] MetadataMediator::createDataset : Dataset default successfully created.
I0918 22:42:57.369371 1593316 AttributesManagerBase.h:283] AttributesManager<T>::createFromJsonOrDefaultInternal  (Physics Manager) : Proposing JSON name : ./data/default.physics_config.json from original name : ./data/default.physics_config.json | This file  does not exist.
I0918 22:42:57.369383 1593316 PhysicsAttributesManager.cpp:27] File (./data/default.physics_config.json) not found, so new default physics manager attributes created and registered.
I0918 22:42:57.369387 1593316 AbstractObjectAttributesManagerBase.h:175] AbstractObjectAttributesManager<T>::createObject  (Stage) : Making attributes with handle : /mnt/data_nas/deeprobotics/daiyang/vla/third_party/ETP-R1/data/scene_datasets/mp3d/aayBHfsNo7d/aayBHfsNo7d.glb
I0918 22:42:57.369391 1593316 ManagedContainerBase.cpp:19] ManagedContainerBase::convertFilenameToJSON : Filename : /mnt/data_nas/deeprobotics/daiyang/vla/third_party/ETP-R1/data/scene_datasets/mp3d/aayBHfsNo7d/aayBHfsNo7d.glb changed to proposed JSON configuration filename : /mnt/data_nas/deeprobotics/daiyang/vla/third_party/ETP-R1/data/scene_datasets/mp3d/aayBHfsNo7d/aayBHfsNo7d.stage_config.json
I0918 22:42:57.369405 1593316 AttributesManagerBase.h:283] AttributesManager<T>::createFromJsonOrDefaultInternal  (Stage) : Proposing JSON name : /mnt/data_nas/deeprobotics/daiyang/vla/third_party/ETP-R1/data/scene_datasets/mp3d/aayBHfsNo7d/aayBHfsNo7d.stage_config.json from original name : /mnt/data_nas/deeprobotics/daiyang/vla/third_party/ETP-R1/data/scene_datasets/mp3d/aayBHfsNo7d/aayBHfsNo7d.glb | This file  does not exist.
I0918 22:42:57.369462 1593316 AbstractObjectAttributesManagerBase.h:181] AbstractObjectAttributesManager<T>::createObject  (Stage) : Done making attributes with handle : /mnt/data_nas/deeprobotics/daiyang/vla/third_party/ETP-R1/data/scene_datasets/mp3d/aayBHfsNo7d/aayBHfsNo7d.glb
I0918 22:42:57.369464 1593316 AbstractObjectAttributesManagerBase.h:188] File (/mnt/data_nas/deeprobotics/daiyang/vla/third_party/ETP-R1/data/scene_datasets/mp3d/aayBHfsNo7d/aayBHfsNo7d.glb) exists but is not a recognized config filename extension, so new default Stage attributes created and registered.
I0918 22:42:57.369469 1593316 Simulator.cpp:156] Loading navmesh from /mnt/data_nas/deeprobotics/daiyang/vla/third_party/ETP-R1/data/scene_datasets/mp3d/aayBHfsNo7d/aayBHfsNo7d.navmesh
I0918 22:42:57.370335 1593316 Simulator.cpp:158] Loaded.
I0918 22:42:57.370342 1593316 SceneGraph.h:93] Created DrawableGroup: 
Renderer: NVIDIA GeForce RTX 5090/PCIe/SSE2 by NVIDIA Corporation
OpenGL version: 4.6.0 NVIDIA 580.126.09
Using optional features:
    GL_ARB_ES2_compatibility
    GL_ARB_direct_state_access
    GL_ARB_get_texture_sub_image
    GL_ARB_invalidate_subdata
    GL_ARB_multi_bind
    GL_ARB_robustness
    GL_ARB_separate_shader_objects
    GL_ARB_texture_filter_anisotropic
    GL_ARB_texture_storage
    GL_ARB_texture_storage_multisample
    GL_ARB_vertex_array_object
    GL_KHR_debug
Using driver workarounds:
    no-forward-compatible-core-context
    nv-egl-incorrect-gl11-function-pointers
    no-layout-qualifiers-on-old-glsl
    nv-zero-context-profile-mask
    nv-implementation-color-read-format-dsa-broken
    nv-cubemap-inconsistent-compressed-image-size
    nv-cubemap-broken-full-compressed-image-query
    nv-compressed-block-size-in-bits
I0918 22:42:57.374142 1593316 ResourceManager.cpp:234] ResourceManager::loadStage : Not loading semantic mesh
I0918 22:42:57.374151 1593316 ResourceManager.cpp:262] ResourceManager::loadStage : start load render asset /mnt/data_nas/deeprobotics/daiyang/vla/third_party/ETP-R1/data/scene_datasets/mp3d/aayBHfsNo7d/aayBHfsNo7d.glb.
I0918 22:42:57.374154 1593316 ResourceManager.cpp:569] ResourceManager::loadStageInternal : Attempting to load stage /mnt/data_nas/deeprobotics/daiyang/vla/third_party/ETP-R1/data/scene_datasets/mp3d/aayBHfsNo7d/aayBHfsNo7d.glb 
I0918 22:42:57.374169 1593316 ResourceManager.cpp:1119] Importing Basis files as BC7 for aayBHfsNo7d.glb
W0918 22:42:58.965566 1593316 Simulator.cpp:248] :
---
 The active scene does not contain semantic annotations. 
---
I0918 22:42:59.008487 1593316 simulator.py:213] Loaded navmesh /mnt/data_nas/deeprobotics/daiyang/vla/third_party/ETP-R1/data/scene_datasets/mp3d/aayBHfsNo7d/aayBHfsNo7d.navmesh
I0918 22:43:13.572129 1593316 PhysicsManager.cpp:33] Deconstructing PhysicsManager
I0918 22:43:13.572173 1593316 SemanticScene.h:41] Deconstructing SemanticScene
I0918 22:43:13.575134 1593316 SceneManager.h:25] Deconstructing SceneManager
I0918 22:43:13.575146 1593316 SceneGraph.h:26] Deconstructing SceneGraph
I0918 22:43:13.575810 1593316 Sensor.h:87] Deconstructing Sensor
I0918 22:43:13.577847 1593316 Renderer.cpp:34] Deconstructing Renderer
I0918 22:43:13.577869 1593316 WindowlessContext.h:17] Deconstructing WindowlessContext
I0918 22:43:13.584734 1593316 ManagedContainerBase.cpp:19] ManagedContainerBase::convertFilenameToJSON : Filename : default changed to proposed JSON configuration filename : default.scene_dataset_config.json
I0918 22:43:13.584753 1593316 AttributesManagerBase.h:283] AttributesManager<T>::createFromJsonOrDefaultInternal  (Dataset) : Proposing JSON name : default.scene_dataset_config.json from original name : default | This file  does not exist.
I0918 22:43:13.584827 1593316 AssetAttributesManager.cpp:117] Asset attributes (capsule3DSolid : capsule3DSolid_hemiRings_4_cylRings_1_segments_12_halfLen_0.75_useTexCoords_false_useTangents_false) created and registered.
I0918 22:43:13.584966 1593316 AssetAttributesManager.cpp:117] Asset attributes (capsule3DWireframe : capsule3DWireframe_hemiRings_8_cylRings_1_segments_16_halfLen_1) created and registered.
I0918 22:43:13.584990 1593316 AssetAttributesManager.cpp:117] Asset attributes (coneSolid : coneSolid_segments_12_halfLen_1.25_rings_1_useTexCoords_false_useTangents_false_capEnd_true) created and registered.
I0918 22:43:13.585598 1593316 AssetAttributesManager.cpp:117] Asset attributes (coneWireframe : coneWireframe_segments_32_halfLen_1.25) created and registered.
I0918 22:43:13.585609 1593316 AssetAttributesManager.cpp:117] Asset attributes (cubeSolid : cubeSolid) created and registered.
I0918 22:43:13.585616 1593316 AssetAttributesManager.cpp:117] Asset attributes (cubeWireframe : cubeWireframe) created and registered.
I0918 22:43:13.585636 1593316 AssetAttributesManager.cpp:117] Asset attributes (cylinderSolid : cylinderSolid_rings_1_segments_12_halfLen_1_useTexCoords_false_useTangents_false_capEnds_true) created and registered.
I0918 22:43:13.585654 1593316 AssetAttributesManager.cpp:117] Asset attributes (cylinderWireframe : cylinderWireframe_rings_1_segments_32_halfLen_1) created and registered.
I0918 22:43:13.585664 1593316 AssetAttributesManager.cpp:117] Asset attributes (icosphereSolid : icosphereSolid_subdivs_1) created and registered.
I0918 22:43:13.585680 1593316 AssetAttributesManager.cpp:117] Asset attributes (icosphereWireframe : icosphereWireframe_subdivs_1) created and registered.
I0918 22:43:13.585692 1593316 AssetAttributesManager.cpp:117] Asset attributes (uvSphereSolid : uvSphereSolid_rings_8_segments_16_useTexCoords_false_useTangents_false) created and registered.
I0918 22:43:13.585704 1593316 AssetAttributesManager.cpp:117] Asset attributes (uvSphereWireframe : uvSphereWireframe_rings_16_segments_32) created and registered.
I0918 22:43:13.585711 1593316 AssetAttributesManager.cpp:105] AssetAttributesManager::buildCtorFuncPtrMaps : Built default primitive asset templates : 12
I0918 22:43:13.586110 1593316 SceneDatasetAttributesManager.cpp:23] File (default) not found, so new default dataset attributes created and registered.
I0918 22:43:13.586112 1593316 MetadataMediator.cpp:47] MetadataMediator::createDataset : Dataset default successfully created.
I0918 22:43:13.586299 1593316 AttributesManagerBase.h:283] AttributesManager<T>::createFromJsonOrDefaultInternal  (Physics Manager) : Proposing JSON name : ./data/default.physics_config.json from original name : ./data/default.physics_config.json | This file  does not exist.
I0918 22:43:13.586311 1593316 PhysicsAttributesManager.cpp:27] File (./data/default.physics_config.json) not found, so new default physics manager attributes created and registered.
I0918 22:43:13.586314 1593316 AbstractObjectAttributesManagerBase.h:175] AbstractObjectAttributesManager<T>::createObject  (Stage) : Making attributes with handle : /mnt/data_nas/deeprobotics/daiyang/vla/third_party/ETP-R1/data/scene_datasets/mp3d/82sE5b5pLXE/82sE5b5pLXE.glb
I0918 22:43:13.586318 1593316 ManagedContainerBase.cpp:19] ManagedContainerBase::convertFilenameToJSON : Filename : /mnt/data_nas/deeprobotics/daiyang/vla/third_party/ETP-R1/data/scene_datasets/mp3d/82sE5b5pLXE/82sE5b5pLXE.glb changed to proposed JSON configuration filename : /mnt/data_nas/deeprobotics/daiyang/vla/third_party/ETP-R1/data/scene_datasets/mp3d/82sE5b5pLXE/82sE5b5pLXE.stage_config.json
I0918 22:43:13.587357 1593316 AttributesManagerBase.h:283] AttributesManager<T>::createFromJsonOrDefaultInternal  (Stage) : Proposing JSON name : /mnt/data_nas/deeprobotics/daiyang/vla/third_party/ETP-R1/data/scene_datasets/mp3d/82sE5b5pLXE/82sE5b5pLXE.stage_config.json from original name : /mnt/data_nas/deeprobotics/daiyang/vla/third_party/ETP-R1/data/scene_datasets/mp3d/82sE5b5pLXE/82sE5b5pLXE.glb | This file  does not exist.
I0918 22:43:13.587404 1593316 AbstractObjectAttributesManagerBase.h:181] AbstractObjectAttributesManager<T>::createObject  (Stage) : Done making attributes with handle : /mnt/data_nas/deeprobotics/daiyang/vla/third_party/ETP-R1/data/scene_datasets/mp3d/82sE5b5pLXE/82sE5b5pLXE.glb
I0918 22:43:13.587406 1593316 AbstractObjectAttributesManagerBase.h:188] File (/mnt/data_nas/deeprobotics/daiyang/vla/third_party/ETP-R1/data/scene_datasets/mp3d/82sE5b5pLXE/82sE5b5pLXE.glb) exists but is not a recognized config filename extension, so new default Stage attributes created and registered.
I0918 22:43:13.587410 1593316 Simulator.cpp:156] Loading navmesh from /mnt/data_nas/deeprobotics/daiyang/vla/third_party/ETP-R1/data/scene_datasets/mp3d/82sE5b5pLXE/82sE5b5pLXE.navmesh
I0918 22:43:13.588727 1593316 Simulator.cpp:158] Loaded.
I0918 22:43:13.588734 1593316 SceneGraph.h:93] Created DrawableGroup: 
Renderer: NVIDIA GeForce RTX 5090/PCIe/SSE2 by NVIDIA Corporation
OpenGL version: 4.6.0 NVIDIA 580.126.09
Using optional features:
    GL_ARB_ES2_compatibility
    GL_ARB_direct_state_access
    GL_ARB_get_texture_sub_image
    GL_ARB_invalidate_subdata
    GL_ARB_multi_bind
    GL_ARB_robustness
    GL_ARB_separate_shader_objects
    GL_ARB_texture_filter_anisotropic
    GL_ARB_texture_storage
    GL_ARB_texture_storage_multisample
    GL_ARB_vertex_array_object
    GL_KHR_debug
Using driver workarounds:
    no-forward-compatible-core-context
    nv-egl-incorrect-gl11-function-pointers
    no-layout-qualifiers-on-old-glsl
    nv-zero-context-profile-mask
    nv-implementation-color-read-format-dsa-broken
    nv-cubemap-inconsistent-compressed-image-size
    nv-cubemap-broken-full-compressed-image-query
    nv-compressed-block-size-in-bits
I0918 22:43:13.592621 1593316 ResourceManager.cpp:234] ResourceManager::loadStage : Not loading semantic mesh
I0918 22:43:13.592633 1593316 ResourceManager.cpp:262] ResourceManager::loadStage : start load render asset /mnt/data_nas/deeprobotics/daiyang/vla/third_party/ETP-R1/data/scene_datasets/mp3d/82sE5b5pLXE/82sE5b5pLXE.glb.
I0918 22:43:13.592635 1593316 ResourceManager.cpp:569] ResourceManager::loadStageInternal : Attempting to load stage /mnt/data_nas/deeprobotics/daiyang/vla/third_party/ETP-R1/data/scene_datasets/mp3d/82sE5b5pLXE/82sE5b5pLXE.glb 
I0918 22:43:13.592655 1593316 ResourceManager.cpp:1119] Importing Basis files as BC7 for 82sE5b5pLXE.glb
W0918 22:43:15.646051 1593316 Simulator.cpp:248] :
---
 The active scene does not contain semantic annotations. 
---
I0918 22:43:15.683763 1593316 simulator.py:213] Loaded navmesh /mnt/data_nas/deeprobotics/daiyang/vla/third_party/ETP-R1/data/scene_datasets/mp3d/82sE5b5pLXE/82sE5b5pLXE.navmesh
I0918 22:44:32.843184 1593316 PhysicsManager.cpp:33] Deconstructing PhysicsManager
I0918 22:44:32.843247 1593316 SemanticScene.h:41] Deconstructing SemanticScene
I0918 22:44:32.845479 1593316 SceneManager.h:25] Deconstructing SceneManager
I0918 22:44:32.845489 1593316 SceneGraph.h:26] Deconstructing SceneGraph
I0918 22:44:32.845824 1593316 Sensor.h:87] Deconstructing Sensor
I0918 22:44:32.850032 1593316 Renderer.cpp:34] Deconstructing Renderer
I0918 22:44:32.850059 1593316 WindowlessContext.h:17] Deconstructing WindowlessContext
I0918 22:44:32.856895 1593316 ManagedContainerBase.cpp:19] ManagedContainerBase::convertFilenameToJSON : Filename : default changed to proposed JSON configuration filename : default.scene_dataset_config.json
I0918 22:44:32.856914 1593316 AttributesManagerBase.h:283] AttributesManager<T>::createFromJsonOrDefaultInternal  (Dataset) : Proposing JSON name : default.scene_dataset_config.json from original name : default | This file  does not exist.
I0918 22:44:32.857401 1593316 AssetAttributesManager.cpp:117] Asset attributes (capsule3DSolid : capsule3DSolid_hemiRings_4_cylRings_1_segments_12_halfLen_0.75_useTexCoords_false_useTangents_false) created and registered.
I0918 22:44:32.857429 1593316 AssetAttributesManager.cpp:117] Asset attributes (capsule3DWireframe : capsule3DWireframe_hemiRings_8_cylRings_1_segments_16_halfLen_1) created and registered.
I0918 22:44:32.857453 1593316 AssetAttributesManager.cpp:117] Asset attributes (coneSolid : coneSolid_segments_12_halfLen_1.25_rings_1_useTexCoords_false_useTangents_false_capEnd_true) created and registered.
I0918 22:44:32.857467 1593316 AssetAttributesManager.cpp:117] Asset attributes (coneWireframe : coneWireframe_segments_32_halfLen_1.25) created and registered.
I0918 22:44:32.857476 1593316 AssetAttributesManager.cpp:117] Asset attributes (cubeSolid : cubeSolid) created and registered.
I0918 22:44:32.857482 1593316 AssetAttributesManager.cpp:117] Asset attributes (cubeWireframe : cubeWireframe) created and registered.
I0918 22:44:32.857503 1593316 AssetAttributesManager.cpp:117] Asset attributes (cylinderSolid : cylinderSolid_rings_1_segments_12_halfLen_1_useTexCoords_false_useTangents_false_capEnds_true) created and registered.
I0918 22:44:32.857522 1593316 AssetAttributesManager.cpp:117] Asset attributes (cylinderWireframe : cylinderWireframe_rings_1_segments_32_halfLen_1) created and registered.
I0918 22:44:32.857532 1593316 AssetAttributesManager.cpp:117] Asset attributes (icosphereSolid : icosphereSolid_subdivs_1) created and registered.
I0918 22:44:32.857540 1593316 AssetAttributesManager.cpp:117] Asset attributes (icosphereWireframe : icosphereWireframe_subdivs_1) created and registered.
I0918 22:44:32.857554 1593316 AssetAttributesManager.cpp:117] Asset attributes (uvSphereSolid : uvSphereSolid_rings_8_segments_16_useTexCoords_false_useTangents_false) created and registered.
I0918 22:44:32.857573 1593316 AssetAttributesManager.cpp:117] Asset attributes (uvSphereWireframe : uvSphereWireframe_rings_16_segments_32) created and registered.
I0918 22:44:32.857578 1593316 AssetAttributesManager.cpp:105] AssetAttributesManager::buildCtorFuncPtrMaps : Built default primitive asset templates : 12
I0918 22:44:32.857985 1593316 SceneDatasetAttributesManager.cpp:23] File (default) not found, so new default dataset attributes created and registered.
I0918 22:44:32.857986 1593316 MetadataMediator.cpp:47] MetadataMediator::createDataset : Dataset default successfully created.
I0918 22:44:32.858181 1593316 AttributesManagerBase.h:283] AttributesManager<T>::createFromJsonOrDefaultInternal  (Physics Manager) : Proposing JSON name : ./data/default.physics_config.json from original name : ./data/default.physics_config.json | This file  does not exist.
I0918 22:44:32.858191 1593316 PhysicsAttributesManager.cpp:27] File (./data/default.physics_config.json) not found, so new default physics manager attributes created and registered.
I0918 22:44:32.858194 1593316 AbstractObjectAttributesManagerBase.h:175] AbstractObjectAttributesManager<T>::createObject  (Stage) : Making attributes with handle : /mnt/data_nas/deeprobotics/daiyang/vla/third_party/ETP-R1/data/scene_datasets/mp3d/B6ByNegPMKs/B6ByNegPMKs.glb
I0918 22:44:32.858198 1593316 ManagedContainerBase.cpp:19] ManagedContainerBase::convertFilenameToJSON : Filename : /mnt/data_nas/deeprobotics/daiyang/vla/third_party/ETP-R1/data/scene_datasets/mp3d/B6ByNegPMKs/B6ByNegPMKs.glb changed to proposed JSON configuration filename : /mnt/data_nas/deeprobotics/daiyang/vla/third_party/ETP-R1/data/scene_datasets/mp3d/B6ByNegPMKs/B6ByNegPMKs.stage_config.json
I0918 22:44:32.858211 1593316 AttributesManagerBase.h:283] AttributesManager<T>::createFromJsonOrDefaultInternal  (Stage) : Proposing JSON name : /mnt/data_nas/deeprobotics/daiyang/vla/third_party/ETP-R1/data/scene_datasets/mp3d/B6ByNegPMKs/B6ByNegPMKs.stage_config.json from original name : /mnt/data_nas/deeprobotics/daiyang/vla/third_party/ETP-R1/data/scene_datasets/mp3d/B6ByNegPMKs/B6ByNegPMKs.glb | This file  does not exist.
I0918 22:44:32.858258 1593316 AbstractObjectAttributesManagerBase.h:181] AbstractObjectAttributesManager<T>::createObject  (Stage) : Done making attributes with handle : /mnt/data_nas/deeprobotics/daiyang/vla/third_party/ETP-R1/data/scene_datasets/mp3d/B6ByNegPMKs/B6ByNegPMKs.glb
I0918 22:44:32.858259 1593316 AbstractObjectAttributesManagerBase.h:188] File (/mnt/data_nas/deeprobotics/daiyang/vla/third_party/ETP-R1/data/scene_datasets/mp3d/B6ByNegPMKs/B6ByNegPMKs.glb) exists but is not a recognized config filename extension, so new default Stage attributes created and registered.
I0918 22:44:32.858263 1593316 Simulator.cpp:156] Loading navmesh from /mnt/data_nas/deeprobotics/daiyang/vla/third_party/ETP-R1/data/scene_datasets/mp3d/B6ByNegPMKs/B6ByNegPMKs.navmesh
I0918 22:44:32.859616 1593316 Simulator.cpp:158] Loaded.
I0918 22:44:32.859625 1593316 SceneGraph.h:93] Created DrawableGroup: 
Renderer: NVIDIA GeForce RTX 5090/PCIe/SSE2 by NVIDIA Corporation
OpenGL version: 4.6.0 NVIDIA 580.126.09
Using optional features:
    GL_ARB_ES2_compatibility
    GL_ARB_direct_state_access
    GL_ARB_get_texture_sub_image
    GL_ARB_invalidate_subdata
    GL_ARB_multi_bind
    GL_ARB_robustness
    GL_ARB_separate_shader_objects
    GL_ARB_texture_filter_anisotropic
    GL_ARB_texture_storage
    GL_ARB_texture_storage_multisample
    GL_ARB_vertex_array_object
    GL_KHR_debug
Using driver workarounds:
    no-forward-compatible-core-context
    nv-egl-incorrect-gl11-function-pointers
    no-layout-qualifiers-on-old-glsl
    nv-zero-context-profile-mask
    nv-implementation-color-read-format-dsa-broken
    nv-cubemap-inconsistent-compressed-image-size
    nv-cubemap-broken-full-compressed-image-query
    nv-compressed-block-size-in-bits
I0918 22:44:32.863374 1593316 ResourceManager.cpp:234] ResourceManager::loadStage : Not loading semantic mesh
I0918 22:44:32.863384 1593316 ResourceManager.cpp:262] ResourceManager::loadStage : start load render asset /mnt/data_nas/deeprobotics/daiyang/vla/third_party/ETP-R1/data/scene_datasets/mp3d/B6ByNegPMKs/B6ByNegPMKs.glb.
I0918 22:44:32.863389 1593316 ResourceManager.cpp:569] ResourceManager::loadStageInternal : Attempting to load stage /mnt/data_nas/deeprobotics/daiyang/vla/third_party/ETP-R1/data/scene_datasets/mp3d/B6ByNegPMKs/B6ByNegPMKs.glb 
I0918 22:44:32.863405 1593316 ResourceManager.cpp:1119] Importing Basis files as BC7 for B6ByNegPMKs.glb
W0918 22:44:42.569933 1593316 Simulator.cpp:248] :
---
 The active scene does not contain semantic annotations. 
---
I0918 22:44:42.776433 1593316 simulator.py:213] Loaded navmesh /mnt/data_nas/deeprobotics/daiyang/vla/third_party/ETP-R1/data/scene_datasets/mp3d/B6ByNegPMKs/B6ByNegPMKs.navmesh
I0918 22:45:23.360018 1593316 PhysicsManager.cpp:33] Deconstructing PhysicsManager
I0918 22:45:23.360075 1593316 SemanticScene.h:41] Deconstructing SemanticScene
I0918 22:45:23.375974 1593316 SceneManager.h:25] Deconstructing SceneManager
I0918 22:45:23.375993 1593316 SceneGraph.h:26] Deconstructing SceneGraph
I0918 22:45:23.376649 1593316 Sensor.h:87] Deconstructing Sensor
I0918 22:45:23.391327 1593316 Renderer.cpp:34] Deconstructing Renderer
I0918 22:45:23.391360 1593316 WindowlessContext.h:17] Deconstructing WindowlessContext
I0918 22:45:23.524824 1593316 ManagedContainerBase.cpp:19] ManagedContainerBase::convertFilenameToJSON : Filename : default changed to proposed JSON configuration filename : default.scene_dataset_config.json
I0918 22:45:23.524866 1593316 AttributesManagerBase.h:283] AttributesManager<T>::createFromJsonOrDefaultInternal  (Dataset) : Proposing JSON name : default.scene_dataset_config.json from original name : default | This file  does not exist.
I0918 22:45:23.525045 1593316 AssetAttributesManager.cpp:117] Asset attributes (capsule3DSolid : capsule3DSolid_hemiRings_4_cylRings_1_segments_12_halfLen_0.75_useTexCoords_false_useTangents_false) created and registered.
I0918 22:45:23.525077 1593316 AssetAttributesManager.cpp:117] Asset attributes (capsule3DWireframe : capsule3DWireframe_hemiRings_8_cylRings_1_segments_16_halfLen_1) created and registered.
I0918 22:45:23.525105 1593316 AssetAttributesManager.cpp:117] Asset attributes (coneSolid : coneSolid_segments_12_halfLen_1.25_rings_1_useTexCoords_false_useTangents_false_capEnd_true) created and registered.
I0918 22:45:23.525120 1593316 AssetAttributesManager.cpp:117] Asset attributes (coneWireframe : coneWireframe_segments_32_halfLen_1.25) created and registered.
I0918 22:45:23.525131 1593316 AssetAttributesManager.cpp:117] Asset attributes (cubeSolid : cubeSolid) created and registered.
I0918 22:45:23.525138 1593316 AssetAttributesManager.cpp:117] Asset attributes (cubeWireframe : cubeWireframe) created and registered.
I0918 22:45:23.525159 1593316 AssetAttributesManager.cpp:117] Asset attributes (cylinderSolid : cylinderSolid_rings_1_segments_12_halfLen_1_useTexCoords_false_useTangents_false_capEnds_true) created and registered.
I0918 22:45:23.525177 1593316 AssetAttributesManager.cpp:117] Asset attributes (cylinderWireframe : cylinderWireframe_rings_1_segments_32_halfLen_1) created and registered.
I0918 22:45:23.525189 1593316 AssetAttributesManager.cpp:117] Asset attributes (icosphereSolid : icosphereSolid_subdivs_1) created and registered.
I0918 22:45:23.525199 1593316 AssetAttributesManager.cpp:117] Asset attributes (icosphereWireframe : icosphereWireframe_subdivs_1) created and registered.
I0918 22:45:23.525214 1593316 AssetAttributesManager.cpp:117] Asset attributes (uvSphereSolid : uvSphereSolid_rings_8_segments_16_useTexCoords_false_useTangents_false) created and registered.
I0918 22:45:23.525228 1593316 AssetAttributesManager.cpp:117] Asset attributes (uvSphereWireframe : uvSphereWireframe_rings_16_segments_32) created and registered.
I0918 22:45:23.525234 1593316 AssetAttributesManager.cpp:105] AssetAttributesManager::buildCtorFuncPtrMaps : Built default primitive asset templates : 12
I0918 22:45:23.525662 1593316 SceneDatasetAttributesManager.cpp:23] File (default) not found, so new default dataset attributes created and registered.
I0918 22:45:23.525673 1593316 MetadataMediator.cpp:47] MetadataMediator::createDataset : Dataset default successfully created.
I0918 22:45:23.525898 1593316 AttributesManagerBase.h:283] AttributesManager<T>::createFromJsonOrDefaultInternal  (Physics Manager) : Proposing JSON name : ./data/default.physics_config.json from original name : ./data/default.physics_config.json | This file  does not exist.
I0918 22:45:23.525910 1593316 PhysicsAttributesManager.cpp:27] File (./data/default.physics_config.json) not found, so new default physics manager attributes created and registered.
I0918 22:45:23.525913 1593316 AbstractObjectAttributesManagerBase.h:175] AbstractObjectAttributesManager<T>::createObject  (Stage) : Making attributes with handle : /mnt/data_nas/deeprobotics/daiyang/vla/third_party/ETP-R1/data/scene_datasets/mp3d/PuKPg4mmafe/PuKPg4mmafe.glb
I0918 22:45:23.525918 1593316 ManagedContainerBase.cpp:19] ManagedContainerBase::convertFilenameToJSON : Filename : /mnt/data_nas/deeprobotics/daiyang/vla/third_party/ETP-R1/data/scene_datasets/mp3d/PuKPg4mmafe/PuKPg4mmafe.glb changed to proposed JSON configuration filename : /mnt/data_nas/deeprobotics/daiyang/vla/third_party/ETP-R1/data/scene_datasets/mp3d/PuKPg4mmafe/PuKPg4mmafe.stage_config.json
I0918 22:45:23.525930 1593316 AttributesManagerBase.h:283] AttributesManager<T>::createFromJsonOrDefaultInternal  (Stage) : Proposing JSON name : /mnt/data_nas/deeprobotics/daiyang/vla/third_party/ETP-R1/data/scene_datasets/mp3d/PuKPg4mmafe/PuKPg4mmafe.stage_config.json from original name : /mnt/data_nas/deeprobotics/daiyang/vla/third_party/ETP-R1/data/scene_datasets/mp3d/PuKPg4mmafe/PuKPg4mmafe.glb | This file  does not exist.
I0918 22:45:23.525981 1593316 AbstractObjectAttributesManagerBase.h:181] AbstractObjectAttributesManager<T>::createObject  (Stage) : Done making attributes with handle : /mnt/data_nas/deeprobotics/daiyang/vla/third_party/ETP-R1/data/scene_datasets/mp3d/PuKPg4mmafe/PuKPg4mmafe.glb
I0918 22:45:23.525983 1593316 AbstractObjectAttributesManagerBase.h:188] File (/mnt/data_nas/deeprobotics/daiyang/vla/third_party/ETP-R1/data/scene_datasets/mp3d/PuKPg4mmafe/PuKPg4mmafe.glb) exists but is not a recognized config filename extension, so new default Stage attributes created and registered.
I0918 22:45:23.525988 1593316 Simulator.cpp:156] Loading navmesh from /mnt/data_nas/deeprobotics/daiyang/vla/third_party/ETP-R1/data/scene_datasets/mp3d/PuKPg4mmafe/PuKPg4mmafe.navmesh
I0918 22:45:23.527020 1593316 Simulator.cpp:158] Loaded.
I0918 22:45:23.527027 1593316 SceneGraph.h:93] Created DrawableGroup: 
Renderer: NVIDIA GeForce RTX 5090/PCIe/SSE2 by NVIDIA Corporation
OpenGL version: 4.6.0 NVIDIA 580.126.09
Using optional features:
    GL_ARB_ES2_compatibility
    GL_ARB_direct_state_access
    GL_ARB_get_texture_sub_image
    GL_ARB_invalidate_subdata
    GL_ARB_multi_bind
    GL_ARB_robustness
    GL_ARB_separate_shader_objects
    GL_ARB_texture_filter_anisotropic
    GL_ARB_texture_storage
    GL_ARB_texture_storage_multisample
    GL_ARB_vertex_array_object
    GL_KHR_debug
Using driver workarounds:
    no-forward-compatible-core-context
    nv-egl-incorrect-gl11-function-pointers
    no-layout-qualifiers-on-old-glsl
    nv-zero-context-profile-mask
    nv-implementation-color-read-format-dsa-broken
    nv-cubemap-inconsistent-compressed-image-size
    nv-cubemap-broken-full-compressed-image-query
    nv-compressed-block-size-in-bits
I0918 22:45:23.530896 1593316 ResourceManager.cpp:234] ResourceManager::loadStage : Not loading semantic mesh
I0918 22:45:23.530905 1593316 ResourceManager.cpp:262] ResourceManager::loadStage : start load render asset /mnt/data_nas/deeprobotics/daiyang/vla/third_party/ETP-R1/data/scene_datasets/mp3d/PuKPg4mmafe/PuKPg4mmafe.glb.
I0918 22:45:23.530908 1593316 ResourceManager.cpp:569] ResourceManager::loadStageInternal : Attempting to load stage /mnt/data_nas/deeprobotics/daiyang/vla/third_party/ETP-R1/data/scene_datasets/mp3d/PuKPg4mmafe/PuKPg4mmafe.glb 
I0918 22:45:23.530930 1593316 ResourceManager.cpp:1119] Importing Basis files as BC7 for PuKPg4mmafe.glb
W0918 22:45:28.260911 1593316 Simulator.cpp:248] :
---
 The active scene does not contain semantic annotations. 
---
I0918 22:45:28.282423 1593316 simulator.py:213] Loaded navmesh /mnt/data_nas/deeprobotics/daiyang/vla/third_party/ETP-R1/data/scene_datasets/mp3d/PuKPg4mmafe/PuKPg4mmafe.navmesh
I0918 22:48:43.752259 1593316 PhysicsManager.cpp:33] Deconstructing PhysicsManager
I0918 22:48:43.752326 1593316 SemanticScene.h:41] Deconstructing SemanticScene
I0918 22:48:43.753651 1593316 SceneManager.h:25] Deconstructing SceneManager
I0918 22:48:43.753656 1593316 SceneGraph.h:26] Deconstructing SceneGraph
I0918 22:48:43.754006 1593316 Sensor.h:87] Deconstructing Sensor
I0918 22:48:43.760044 1593316 Renderer.cpp:34] Deconstructing Renderer
I0918 22:48:43.760074 1593316 WindowlessContext.h:17] Deconstructing WindowlessContext
I0918 22:48:43.773613 1593316 ManagedContainerBase.cpp:19] ManagedContainerBase::convertFilenameToJSON : Filename : default changed to proposed JSON configuration filename : default.scene_dataset_config.json
I0918 22:48:43.773634 1593316 AttributesManagerBase.h:283] AttributesManager<T>::createFromJsonOrDefaultInternal  (Dataset) : Proposing JSON name : default.scene_dataset_config.json from original name : default | This file  does not exist.
I0918 22:48:43.773782 1593316 AssetAttributesManager.cpp:117] Asset attributes (capsule3DSolid : capsule3DSolid_hemiRings_4_cylRings_1_segments_12_halfLen_0.75_useTexCoords_false_useTangents_false) created and registered.
I0918 22:48:43.774005 1593316 AssetAttributesManager.cpp:117] Asset attributes (capsule3DWireframe : capsule3DWireframe_hemiRings_8_cylRings_1_segments_16_halfLen_1) created and registered.
I0918 22:48:43.774030 1593316 AssetAttributesManager.cpp:117] Asset attributes (coneSolid : coneSolid_segments_12_halfLen_1.25_rings_1_useTexCoords_false_useTangents_false_capEnd_true) created and registered.
I0918 22:48:43.774045 1593316 AssetAttributesManager.cpp:117] Asset attributes (coneWireframe : coneWireframe_segments_32_halfLen_1.25) created and registered.
I0918 22:48:43.774055 1593316 AssetAttributesManager.cpp:117] Asset attributes (cubeSolid : cubeSolid) created and registered.
I0918 22:48:43.774061 1593316 AssetAttributesManager.cpp:117] Asset attributes (cubeWireframe : cubeWireframe) created and registered.
I0918 22:48:43.774082 1593316 AssetAttributesManager.cpp:117] Asset attributes (cylinderSolid : cylinderSolid_rings_1_segments_12_halfLen_1_useTexCoords_false_useTangents_false_capEnds_true) created and registered.
I0918 22:48:43.774098 1593316 AssetAttributesManager.cpp:117] Asset attributes (cylinderWireframe : cylinderWireframe_rings_1_segments_32_halfLen_1) created and registered.
I0918 22:48:43.774111 1593316 AssetAttributesManager.cpp:117] Asset attributes (icosphereSolid : icosphereSolid_subdivs_1) created and registered.
I0918 22:48:43.774118 1593316 AssetAttributesManager.cpp:117] Asset attributes (icosphereWireframe : icosphereWireframe_subdivs_1) created and registered.
I0918 22:48:43.774132 1593316 AssetAttributesManager.cpp:117] Asset attributes (uvSphereSolid : uvSphereSolid_rings_8_segments_16_useTexCoords_false_useTangents_false) created and registered.
I0918 22:48:43.774144 1593316 AssetAttributesManager.cpp:117] Asset attributes (uvSphereWireframe : uvSphereWireframe_rings_16_segments_32) created and registered.
I0918 22:48:43.774150 1593316 AssetAttributesManager.cpp:105] AssetAttributesManager::buildCtorFuncPtrMaps : Built default primitive asset templates : 12
I0918 22:48:43.774564 1593316 SceneDatasetAttributesManager.cpp:23] File (default) not found, so new default dataset attributes created and registered.
I0918 22:48:43.774566 1593316 MetadataMediator.cpp:47] MetadataMediator::createDataset : Dataset default successfully created.
I0918 22:48:43.774760 1593316 AttributesManagerBase.h:283] AttributesManager<T>::createFromJsonOrDefaultInternal  (Physics Manager) : Proposing JSON name : ./data/default.physics_config.json from original name : ./data/default.physics_config.json | This file  does not exist.
I0918 22:48:43.774778 1593316 PhysicsAttributesManager.cpp:27] File (./data/default.physics_config.json) not found, so new default physics manager attributes created and registered.
I0918 22:48:43.774781 1593316 AbstractObjectAttributesManagerBase.h:175] AbstractObjectAttributesManager<T>::createObject  (Stage) : Making attributes with handle : /mnt/data_nas/deeprobotics/daiyang/vla/third_party/ETP-R1/data/scene_datasets/mp3d/aayBHfsNo7d/aayBHfsNo7d.glb
I0918 22:48:43.774785 1593316 ManagedContainerBase.cpp:19] ManagedContainerBase::convertFilenameToJSON : Filename : /mnt/data_nas/deeprobotics/daiyang/vla/third_party/ETP-R1/data/scene_datasets/mp3d/aayBHfsNo7d/aayBHfsNo7d.glb changed to proposed JSON configuration filename : /mnt/data_nas/deeprobotics/daiyang/vla/third_party/ETP-R1/data/scene_datasets/mp3d/aayBHfsNo7d/aayBHfsNo7d.stage_config.json
I0918 22:48:43.774797 1593316 AttributesManagerBase.h:283] AttributesManager<T>::createFromJsonOrDefaultInternal  (Stage) : Proposing JSON name : /mnt/data_nas/deeprobotics/daiyang/vla/third_party/ETP-R1/data/scene_datasets/mp3d/aayBHfsNo7d/aayBHfsNo7d.stage_config.json from original name : /mnt/data_nas/deeprobotics/daiyang/vla/third_party/ETP-R1/data/scene_datasets/mp3d/aayBHfsNo7d/aayBHfsNo7d.glb | This file  does not exist.
I0918 22:48:43.774847 1593316 AbstractObjectAttributesManagerBase.h:181] AbstractObjectAttributesManager<T>::createObject  (Stage) : Done making attributes with handle : /mnt/data_nas/deeprobotics/daiyang/vla/third_party/ETP-R1/data/scene_datasets/mp3d/aayBHfsNo7d/aayBHfsNo7d.glb
I0918 22:48:43.774847 1593316 AbstractObjectAttributesManagerBase.h:188] File (/mnt/data_nas/deeprobotics/daiyang/vla/third_party/ETP-R1/data/scene_datasets/mp3d/aayBHfsNo7d/aayBHfsNo7d.glb) exists but is not a recognized config filename extension, so new default Stage attributes created and registered.
I0918 22:48:43.774852 1593316 Simulator.cpp:156] Loading navmesh from /mnt/data_nas/deeprobotics/daiyang/vla/third_party/ETP-R1/data/scene_datasets/mp3d/aayBHfsNo7d/aayBHfsNo7d.navmesh
I0918 22:48:43.775605 1593316 Simulator.cpp:158] Loaded.
I0918 22:48:43.775615 1593316 SceneGraph.h:93] Created DrawableGroup: 
Renderer: NVIDIA GeForce RTX 5090/PCIe/SSE2 by NVIDIA Corporation
OpenGL version: 4.6.0 NVIDIA 580.126.09
Using optional features:
    GL_ARB_ES2_compatibility
    GL_ARB_direct_state_access
    GL_ARB_get_texture_sub_image
    GL_ARB_invalidate_subdata
    GL_ARB_multi_bind
    GL_ARB_robustness
    GL_ARB_separate_shader_objects
    GL_ARB_texture_filter_anisotropic
    GL_ARB_texture_storage
    GL_ARB_texture_storage_multisample
    GL_ARB_vertex_array_object
    GL_KHR_debug
Using driver workarounds:
    no-forward-compatible-core-context
    nv-egl-incorrect-gl11-function-pointers
    no-layout-qualifiers-on-old-glsl
    nv-zero-context-profile-mask
    nv-implementation-color-read-format-dsa-broken
    nv-cubemap-inconsistent-compressed-image-size
    nv-cubemap-broken-full-compressed-image-query
    nv-compressed-block-size-in-bits
I0918 22:48:43.779322 1593316 ResourceManager.cpp:234] ResourceManager::loadStage : Not loading semantic mesh
I0918 22:48:43.779330 1593316 ResourceManager.cpp:262] ResourceManager::loadStage : start load render asset /mnt/data_nas/deeprobotics/daiyang/vla/third_party/ETP-R1/data/scene_datasets/mp3d/aayBHfsNo7d/aayBHfsNo7d.glb.
I0918 22:48:43.779332 1593316 ResourceManager.cpp:569] ResourceManager::loadStageInternal : Attempting to load stage /mnt/data_nas/deeprobotics/daiyang/vla/third_party/ETP-R1/data/scene_datasets/mp3d/aayBHfsNo7d/aayBHfsNo7d.glb 
I0918 22:48:43.779348 1593316 ResourceManager.cpp:1119] Importing Basis files as BC7 for aayBHfsNo7d.glb
W0918 22:48:45.411972 1593316 Simulator.cpp:248] :
---
 The active scene does not contain semantic annotations. 
---
I0918 22:48:45.455289 1593316 simulator.py:213] Loaded navmesh /mnt/data_nas/deeprobotics/daiyang/vla/third_party/ETP-R1/data/scene_datasets/mp3d/aayBHfsNo7d/aayBHfsNo7d.navmesh
I0918 22:49:20.328444 1593316 PhysicsManager.cpp:33] Deconstructing PhysicsManager
I0918 22:49:20.328490 1593316 SemanticScene.h:41] Deconstructing SemanticScene
I0918 22:49:20.332249 1593316 SceneManager.h:25] Deconstructing SceneManager
I0918 22:49:20.332261 1593316 SceneGraph.h:26] Deconstructing SceneGraph
I0918 22:49:20.332868 1593316 Sensor.h:87] Deconstructing Sensor
I0918 22:49:20.336247 1593316 Renderer.cpp:34] Deconstructing Renderer
I0918 22:49:20.336311 1593316 WindowlessContext.h:17] Deconstructing WindowlessContext
I0918 22:49:20.342940 1593316 ManagedContainerBase.cpp:19] ManagedContainerBase::convertFilenameToJSON : Filename : default changed to proposed JSON configuration filename : default.scene_dataset_config.json
I0918 22:49:20.342962 1593316 AttributesManagerBase.h:283] AttributesManager<T>::createFromJsonOrDefaultInternal  (Dataset) : Proposing JSON name : default.scene_dataset_config.json from original name : default | This file  does not exist.
I0918 22:49:20.343626 1593316 AssetAttributesManager.cpp:117] Asset attributes (capsule3DSolid : capsule3DSolid_hemiRings_4_cylRings_1_segments_12_halfLen_0.75_useTexCoords_false_useTangents_false) created and registered.
I0918 22:49:20.343657 1593316 AssetAttributesManager.cpp:117] Asset attributes (capsule3DWireframe : capsule3DWireframe_hemiRings_8_cylRings_1_segments_16_halfLen_1) created and registered.
I0918 22:49:20.343680 1593316 AssetAttributesManager.cpp:117] Asset attributes (coneSolid : coneSolid_segments_12_halfLen_1.25_rings_1_useTexCoords_false_useTangents_false_capEnd_true) created and registered.
I0918 22:49:20.343695 1593316 AssetAttributesManager.cpp:117] Asset attributes (coneWireframe : coneWireframe_segments_32_halfLen_1.25) created and registered.
I0918 22:49:20.343704 1593316 AssetAttributesManager.cpp:117] Asset attributes (cubeSolid : cubeSolid) created and registered.
I0918 22:49:20.343711 1593316 AssetAttributesManager.cpp:117] Asset attributes (cubeWireframe : cubeWireframe) created and registered.
I0918 22:49:20.343734 1593316 AssetAttributesManager.cpp:117] Asset attributes (cylinderSolid : cylinderSolid_rings_1_segments_12_halfLen_1_useTexCoords_false_useTangents_false_capEnds_true) created and registered.
I0918 22:49:20.343750 1593316 AssetAttributesManager.cpp:117] Asset attributes (cylinderWireframe : cylinderWireframe_rings_1_segments_32_halfLen_1) created and registered.
I0918 22:49:20.343761 1593316 AssetAttributesManager.cpp:117] Asset attributes (icosphereSolid : icosphereSolid_subdivs_1) created and registered.
I0918 22:49:20.343770 1593316 AssetAttributesManager.cpp:117] Asset attributes (icosphereWireframe : icosphereWireframe_subdivs_1) created and registered.
I0918 22:49:20.343783 1593316 AssetAttributesManager.cpp:117] Asset attributes (uvSphereSolid : uvSphereSolid_rings_8_segments_16_useTexCoords_false_useTangents_false) created and registered.
I0918 22:49:20.343796 1593316 AssetAttributesManager.cpp:117] Asset attributes (uvSphereWireframe : uvSphereWireframe_rings_16_segments_32) created and registered.
I0918 22:49:20.343803 1593316 AssetAttributesManager.cpp:105] AssetAttributesManager::buildCtorFuncPtrMaps : Built default primitive asset templates : 12
I0918 22:49:20.344237 1593316 SceneDatasetAttributesManager.cpp:23] File (default) not found, so new default dataset attributes created and registered.
I0918 22:49:20.344239 1593316 MetadataMediator.cpp:47] MetadataMediator::createDataset : Dataset default successfully created.
I0918 22:49:20.344452 1593316 AttributesManagerBase.h:283] AttributesManager<T>::createFromJsonOrDefaultInternal  (Physics Manager) : Proposing JSON name : ./data/default.physics_config.json from original name : ./data/default.physics_config.json | This file  does not exist.
I0918 22:49:20.344465 1593316 PhysicsAttributesManager.cpp:27] File (./data/default.physics_config.json) not found, so new default physics manager attributes created and registered.
I0918 22:49:20.344468 1593316 AbstractObjectAttributesManagerBase.h:175] AbstractObjectAttributesManager<T>::createObject  (Stage) : Making attributes with handle : /mnt/data_nas/deeprobotics/daiyang/vla/third_party/ETP-R1/data/scene_datasets/mp3d/82sE5b5pLXE/82sE5b5pLXE.glb
I0918 22:49:20.344481 1593316 ManagedContainerBase.cpp:19] ManagedContainerBase::convertFilenameToJSON : Filename : /mnt/data_nas/deeprobotics/daiyang/vla/third_party/ETP-R1/data/scene_datasets/mp3d/82sE5b5pLXE/82sE5b5pLXE.glb changed to proposed JSON configuration filename : /mnt/data_nas/deeprobotics/daiyang/vla/third_party/ETP-R1/data/scene_datasets/mp3d/82sE5b5pLXE/82sE5b5pLXE.stage_config.json
I0918 22:49:20.345321 1593316 AttributesManagerBase.h:283] AttributesManager<T>::createFromJsonOrDefaultInternal  (Stage) : Proposing JSON name : /mnt/data_nas/deeprobotics/daiyang/vla/third_party/ETP-R1/data/scene_datasets/mp3d/82sE5b5pLXE/82sE5b5pLXE.stage_config.json from original name : /mnt/data_nas/deeprobotics/daiyang/vla/third_party/ETP-R1/data/scene_datasets/mp3d/82sE5b5pLXE/82sE5b5pLXE.glb | This file  does not exist.
I0918 22:49:20.345376 1593316 AbstractObjectAttributesManagerBase.h:181] AbstractObjectAttributesManager<T>::createObject  (Stage) : Done making attributes with handle : /mnt/data_nas/deeprobotics/daiyang/vla/third_party/ETP-R1/data/scene_datasets/mp3d/82sE5b5pLXE/82sE5b5pLXE.glb
I0918 22:49:20.345377 1593316 AbstractObjectAttributesManagerBase.h:188] File (/mnt/data_nas/deeprobotics/daiyang/vla/third_party/ETP-R1/data/scene_datasets/mp3d/82sE5b5pLXE/82sE5b5pLXE.glb) exists but is not a recognized config filename extension, so new default Stage attributes created and registered.
I0918 22:49:20.345382 1593316 Simulator.cpp:156] Loading navmesh from /mnt/data_nas/deeprobotics/daiyang/vla/third_party/ETP-R1/data/scene_datasets/mp3d/82sE5b5pLXE/82sE5b5pLXE.navmesh
I0918 22:49:20.346787 1593316 Simulator.cpp:158] Loaded.
I0918 22:49:20.346796 1593316 SceneGraph.h:93] Created DrawableGroup: 
Renderer: NVIDIA GeForce RTX 5090/PCIe/SSE2 by NVIDIA Corporation
OpenGL version: 4.6.0 NVIDIA 580.126.09
Using optional features:
    GL_ARB_ES2_compatibility
    GL_ARB_direct_state_access
    GL_ARB_get_texture_sub_image
    GL_ARB_invalidate_subdata
    GL_ARB_multi_bind
    GL_ARB_robustness
    GL_ARB_separate_shader_objects
    GL_ARB_texture_filter_anisotropic
    GL_ARB_texture_storage
    GL_ARB_texture_storage_multisample
    GL_ARB_vertex_array_object
    GL_KHR_debug
Using driver workarounds:
    no-forward-compatible-core-context
    nv-egl-incorrect-gl11-function-pointers
    no-layout-qualifiers-on-old-glsl
    nv-zero-context-profile-mask
    nv-implementation-color-read-format-dsa-broken
    nv-cubemap-inconsistent-compressed-image-size
    nv-cubemap-broken-full-compressed-image-query
    nv-compressed-block-size-in-bits
I0918 22:49:20.357926 1593316 ResourceManager.cpp:234] ResourceManager::loadStage : Not loading semantic mesh
I0918 22:49:20.357939 1593316 ResourceManager.cpp:262] ResourceManager::loadStage : start load render asset /mnt/data_nas/deeprobotics/daiyang/vla/third_party/ETP-R1/data/scene_datasets/mp3d/82sE5b5pLXE/82sE5b5pLXE.glb.
I0918 22:49:20.357942 1593316 ResourceManager.cpp:569] ResourceManager::loadStageInternal : Attempting to load stage /mnt/data_nas/deeprobotics/daiyang/vla/third_party/ETP-R1/data/scene_datasets/mp3d/82sE5b5pLXE/82sE5b5pLXE.glb 
I0918 22:49:20.357971 1593316 ResourceManager.cpp:1119] Importing Basis files as BC7 for 82sE5b5pLXE.glb
W0918 22:49:22.476284 1593316 Simulator.cpp:248] :
---
 The active scene does not contain semantic annotations. 
---
I0918 22:49:22.513691 1593316 simulator.py:213] Loaded navmesh /mnt/data_nas/deeprobotics/daiyang/vla/third_party/ETP-R1/data/scene_datasets/mp3d/82sE5b5pLXE/82sE5b5pLXE.navmesh
I0918 22:51:13.689548 1593316 PhysicsManager.cpp:33] Deconstructing PhysicsManager
I0918 22:51:13.689626 1593316 SemanticScene.h:41] Deconstructing SemanticScene
I0918 22:51:13.692119 1593316 SceneManager.h:25] Deconstructing SceneManager
I0918 22:51:13.692127 1593316 SceneGraph.h:26] Deconstructing SceneGraph
I0918 22:51:13.692540 1593316 Sensor.h:87] Deconstructing Sensor
I0918 22:51:13.697815 1593316 Renderer.cpp:34] Deconstructing Renderer
I0918 22:51:13.697851 1593316 WindowlessContext.h:17] Deconstructing WindowlessContext
I0918 22:51:13.704344 1593316 ManagedContainerBase.cpp:19] ManagedContainerBase::convertFilenameToJSON : Filename : default changed to proposed JSON configuration filename : default.scene_dataset_config.json
I0918 22:51:13.704361 1593316 AttributesManagerBase.h:283] AttributesManager<T>::createFromJsonOrDefaultInternal  (Dataset) : Proposing JSON name : default.scene_dataset_config.json from original name : default | This file  does not exist.
I0918 22:51:13.704859 1593316 AssetAttributesManager.cpp:117] Asset attributes (capsule3DSolid : capsule3DSolid_hemiRings_4_cylRings_1_segments_12_halfLen_0.75_useTexCoords_false_useTangents_false) created and registered.
I0918 22:51:13.704888 1593316 AssetAttributesManager.cpp:117] Asset attributes (capsule3DWireframe : capsule3DWireframe_hemiRings_8_cylRings_1_segments_16_halfLen_1) created and registered.
I0918 22:51:13.704911 1593316 AssetAttributesManager.cpp:117] Asset attributes (coneSolid : coneSolid_segments_12_halfLen_1.25_rings_1_useTexCoords_false_useTangents_false_capEnd_true) created and registered.
I0918 22:51:13.704926 1593316 AssetAttributesManager.cpp:117] Asset attributes (coneWireframe : coneWireframe_segments_32_halfLen_1.25) created and registered.
I0918 22:51:13.704934 1593316 AssetAttributesManager.cpp:117] Asset attributes (cubeSolid : cubeSolid) created and registered.
I0918 22:51:13.704942 1593316 AssetAttributesManager.cpp:117] Asset attributes (cubeWireframe : cubeWireframe) created and registered.
I0918 22:51:13.704962 1593316 AssetAttributesManager.cpp:117] Asset attributes (cylinderSolid : cylinderSolid_rings_1_segments_12_halfLen_1_useTexCoords_false_useTangents_false_capEnds_true) created and registered.
I0918 22:51:13.704979 1593316 AssetAttributesManager.cpp:117] Asset attributes (cylinderWireframe : cylinderWireframe_rings_1_segments_32_halfLen_1) created and registered.
I0918 22:51:13.704991 1593316 AssetAttributesManager.cpp:117] Asset attributes (icosphereSolid : icosphereSolid_subdivs_1) created and registered.
I0918 22:51:13.704999 1593316 AssetAttributesManager.cpp:117] Asset attributes (icosphereWireframe : icosphereWireframe_subdivs_1) created and registered.
I0918 22:51:13.705013 1593316 AssetAttributesManager.cpp:117] Asset attributes (uvSphereSolid : uvSphereSolid_rings_8_segments_16_useTexCoords_false_useTangents_false) created and registered.
I0918 22:51:13.705026 1593316 AssetAttributesManager.cpp:117] Asset attributes (uvSphereWireframe : uvSphereWireframe_rings_16_segments_32) created and registered.
I0918 22:51:13.705034 1593316 AssetAttributesManager.cpp:105] AssetAttributesManager::buildCtorFuncPtrMaps : Built default primitive asset templates : 12
I0918 22:51:13.705446 1593316 SceneDatasetAttributesManager.cpp:23] File (default) not found, so new default dataset attributes created and registered.
I0918 22:51:13.705448 1593316 MetadataMediator.cpp:47] MetadataMediator::createDataset : Dataset default successfully created.
I0918 22:51:13.705693 1593316 AttributesManagerBase.h:283] AttributesManager<T>::createFromJsonOrDefaultInternal  (Physics Manager) : Proposing JSON name : ./data/default.physics_config.json from original name : ./data/default.physics_config.json | This file  does not exist.
I0918 22:51:13.705705 1593316 PhysicsAttributesManager.cpp:27] File (./data/default.physics_config.json) not found, so new default physics manager attributes created and registered.
I0918 22:51:13.705709 1593316 AbstractObjectAttributesManagerBase.h:175] AbstractObjectAttributesManager<T>::createObject  (Stage) : Making attributes with handle : /mnt/data_nas/deeprobotics/daiyang/vla/third_party/ETP-R1/data/scene_datasets/mp3d/B6ByNegPMKs/B6ByNegPMKs.glb
I0918 22:51:13.705714 1593316 ManagedContainerBase.cpp:19] ManagedContainerBase::convertFilenameToJSON : Filename : /mnt/data_nas/deeprobotics/daiyang/vla/third_party/ETP-R1/data/scene_datasets/mp3d/B6ByNegPMKs/B6ByNegPMKs.glb changed to proposed JSON configuration filename : /mnt/data_nas/deeprobotics/daiyang/vla/third_party/ETP-R1/data/scene_datasets/mp3d/B6ByNegPMKs/B6ByNegPMKs.stage_config.json
I0918 22:51:13.705732 1593316 AttributesManagerBase.h:283] AttributesManager<T>::createFromJsonOrDefaultInternal  (Stage) : Proposing JSON name : /mnt/data_nas/deeprobotics/daiyang/vla/third_party/ETP-R1/data/scene_datasets/mp3d/B6ByNegPMKs/B6ByNegPMKs.stage_config.json from original name : /mnt/data_nas/deeprobotics/daiyang/vla/third_party/ETP-R1/data/scene_datasets/mp3d/B6ByNegPMKs/B6ByNegPMKs.glb | This file  does not exist.
I0918 22:51:13.705782 1593316 AbstractObjectAttributesManagerBase.h:181] AbstractObjectAttributesManager<T>::createObject  (Stage) : Done making attributes with handle : /mnt/data_nas/deeprobotics/daiyang/vla/third_party/ETP-R1/data/scene_datasets/mp3d/B6ByNegPMKs/B6ByNegPMKs.glb
I0918 22:51:13.705785 1593316 AbstractObjectAttributesManagerBase.h:188] File (/mnt/data_nas/deeprobotics/daiyang/vla/third_party/ETP-R1/data/scene_datasets/mp3d/B6ByNegPMKs/B6ByNegPMKs.glb) exists but is not a recognized config filename extension, so new default Stage attributes created and registered.
I0918 22:51:13.705789 1593316 Simulator.cpp:156] Loading navmesh from /mnt/data_nas/deeprobotics/daiyang/vla/third_party/ETP-R1/data/scene_datasets/mp3d/B6ByNegPMKs/B6ByNegPMKs.navmesh
I0918 22:51:13.707116 1593316 Simulator.cpp:158] Loaded.
I0918 22:51:13.707125 1593316 SceneGraph.h:93] Created DrawableGroup: 
Renderer: NVIDIA GeForce RTX 5090/PCIe/SSE2 by NVIDIA Corporation
OpenGL version: 4.6.0 NVIDIA 580.126.09
Using optional features:
    GL_ARB_ES2_compatibility
    GL_ARB_direct_state_access
    GL_ARB_get_texture_sub_image
    GL_ARB_invalidate_subdata
    GL_ARB_multi_bind
    GL_ARB_robustness
    GL_ARB_separate_shader_objects
    GL_ARB_texture_filter_anisotropic
    GL_ARB_texture_storage
    GL_ARB_texture_storage_multisample
    GL_ARB_vertex_array_object
    GL_KHR_debug
Using driver workarounds:
    no-forward-compatible-core-context
    nv-egl-incorrect-gl11-function-pointers
    no-layout-qualifiers-on-old-glsl
    nv-zero-context-profile-mask
    nv-implementation-color-read-format-dsa-broken
    nv-cubemap-inconsistent-compressed-image-size
    nv-cubemap-broken-full-compressed-image-query
    nv-compressed-block-size-in-bits
I0918 22:51:13.710988 1593316 ResourceManager.cpp:234] ResourceManager::loadStage : Not loading semantic mesh
I0918 22:51:13.710997 1593316 ResourceManager.cpp:262] ResourceManager::loadStage : start load render asset /mnt/data_nas/deeprobotics/daiyang/vla/third_party/ETP-R1/data/scene_datasets/mp3d/B6ByNegPMKs/B6ByNegPMKs.glb.
I0918 22:51:13.710999 1593316 ResourceManager.cpp:569] ResourceManager::loadStageInternal : Attempting to load stage /mnt/data_nas/deeprobotics/daiyang/vla/third_party/ETP-R1/data/scene_datasets/mp3d/B6ByNegPMKs/B6ByNegPMKs.glb 
I0918 22:51:13.711016 1593316 ResourceManager.cpp:1119] Importing Basis files as BC7 for B6ByNegPMKs.glb
W0918 22:51:23.393755 1593316 Simulator.cpp:248] :
---
 The active scene does not contain semantic annotations. 
---
I0918 22:51:23.604083 1593316 simulator.py:213] Loaded navmesh /mnt/data_nas/deeprobotics/daiyang/vla/third_party/ETP-R1/data/scene_datasets/mp3d/B6ByNegPMKs/B6ByNegPMKs.navmesh
I0918 22:52:02.017423 1593316 PhysicsManager.cpp:33] Deconstructing PhysicsManager
I0918 22:52:02.017468 1593316 SemanticScene.h:41] Deconstructing SemanticScene
I0918 22:52:02.041584 1593316 SceneManager.h:25] Deconstructing SceneManager
I0918 22:52:02.041617 1593316 SceneGraph.h:26] Deconstructing SceneGraph
I0918 22:52:02.042171 1593316 Sensor.h:87] Deconstructing Sensor
I0918 22:52:02.056223 1593316 Renderer.cpp:34] Deconstructing Renderer
I0918 22:52:02.056257 1593316 WindowlessContext.h:17] Deconstructing WindowlessContext
I0918 22:52:02.078966 1593316 ManagedContainerBase.cpp:19] ManagedContainerBase::convertFilenameToJSON : Filename : default changed to proposed JSON configuration filename : default.scene_dataset_config.json
I0918 22:52:02.078995 1593316 AttributesManagerBase.h:283] AttributesManager<T>::createFromJsonOrDefaultInternal  (Dataset) : Proposing JSON name : default.scene_dataset_config.json from original name : default | This file  does not exist.
I0918 22:52:02.079289 1593316 AssetAttributesManager.cpp:117] Asset attributes (capsule3DSolid : capsule3DSolid_hemiRings_4_cylRings_1_segments_12_halfLen_0.75_useTexCoords_false_useTangents_false) created and registered.
I0918 22:52:02.079317 1593316 AssetAttributesManager.cpp:117] Asset attributes (capsule3DWireframe : capsule3DWireframe_hemiRings_8_cylRings_1_segments_16_halfLen_1) created and registered.
I0918 22:52:02.079342 1593316 AssetAttributesManager.cpp:117] Asset attributes (coneSolid : coneSolid_segments_12_halfLen_1.25_rings_1_useTexCoords_false_useTangents_false_capEnd_true) created and registered.
I0918 22:52:02.079357 1593316 AssetAttributesManager.cpp:117] Asset attributes (coneWireframe : coneWireframe_segments_32_halfLen_1.25) created and registered.
I0918 22:52:02.079367 1593316 AssetAttributesManager.cpp:117] Asset attributes (cubeSolid : cubeSolid) created and registered.
I0918 22:52:02.079375 1593316 AssetAttributesManager.cpp:117] Asset attributes (cubeWireframe : cubeWireframe) created and registered.
I0918 22:52:02.079396 1593316 AssetAttributesManager.cpp:117] Asset attributes (cylinderSolid : cylinderSolid_rings_1_segments_12_halfLen_1_useTexCoords_false_useTangents_false_capEnds_true) created and registered.
I0918 22:52:02.079412 1593316 AssetAttributesManager.cpp:117] Asset attributes (cylinderWireframe : cylinderWireframe_rings_1_segments_32_halfLen_1) created and registered.
I0918 22:52:02.079425 1593316 AssetAttributesManager.cpp:117] Asset attributes (icosphereSolid : icosphereSolid_subdivs_1) created and registered.
I0918 22:52:02.079434 1593316 AssetAttributesManager.cpp:117] Asset attributes (icosphereWireframe : icosphereWireframe_subdivs_1) created and registered.
I0918 22:52:02.079448 1593316 AssetAttributesManager.cpp:117] Asset attributes (uvSphereSolid : uvSphereSolid_rings_8_segments_16_useTexCoords_false_useTangents_false) created and registered.
I0918 22:52:02.079463 1593316 AssetAttributesManager.cpp:117] Asset attributes (uvSphereWireframe : uvSphereWireframe_rings_16_segments_32) created and registered.
I0918 22:52:02.079470 1593316 AssetAttributesManager.cpp:105] AssetAttributesManager::buildCtorFuncPtrMaps : Built default primitive asset templates : 12
I0918 22:52:02.079895 1593316 SceneDatasetAttributesManager.cpp:23] File (default) not found, so new default dataset attributes created and registered.
I0918 22:52:02.079900 1593316 MetadataMediator.cpp:47] MetadataMediator::createDataset : Dataset default successfully created.
I0918 22:52:02.080113 1593316 AttributesManagerBase.h:283] AttributesManager<T>::createFromJsonOrDefaultInternal  (Physics Manager) : Proposing JSON name : ./data/default.physics_config.json from original name : ./data/default.physics_config.json | This file  does not exist.
I0918 22:52:02.080127 1593316 PhysicsAttributesManager.cpp:27] File (./data/default.physics_config.json) not found, so new default physics manager attributes created and registered.
I0918 22:52:02.080129 1593316 AbstractObjectAttributesManagerBase.h:175] AbstractObjectAttributesManager<T>::createObject  (Stage) : Making attributes with handle : /mnt/data_nas/deeprobotics/daiyang/vla/third_party/ETP-R1/data/scene_datasets/mp3d/PuKPg4mmafe/PuKPg4mmafe.glb
I0918 22:52:02.080133 1593316 ManagedContainerBase.cpp:19] ManagedContainerBase::convertFilenameToJSON : Filename : /mnt/data_nas/deeprobotics/daiyang/vla/third_party/ETP-R1/data/scene_datasets/mp3d/PuKPg4mmafe/PuKPg4mmafe.glb changed to proposed JSON configuration filename : /mnt/data_nas/deeprobotics/daiyang/vla/third_party/ETP-R1/data/scene_datasets/mp3d/PuKPg4mmafe/PuKPg4mmafe.stage_config.json
I0918 22:52:02.080147 1593316 AttributesManagerBase.h:283] AttributesManager<T>::createFromJsonOrDefaultInternal  (Stage) : Proposing JSON name : /mnt/data_nas/deeprobotics/daiyang/vla/third_party/ETP-R1/data/scene_datasets/mp3d/PuKPg4mmafe/PuKPg4mmafe.stage_config.json from original name : /mnt/data_nas/deeprobotics/daiyang/vla/third_party/ETP-R1/data/scene_datasets/mp3d/PuKPg4mmafe/PuKPg4mmafe.glb | This file  does not exist.
I0918 22:52:02.080204 1593316 AbstractObjectAttributesManagerBase.h:181] AbstractObjectAttributesManager<T>::createObject  (Stage) : Done making attributes with handle : /mnt/data_nas/deeprobotics/daiyang/vla/third_party/ETP-R1/data/scene_datasets/mp3d/PuKPg4mmafe/PuKPg4mmafe.glb
I0918 22:52:02.080205 1593316 AbstractObjectAttributesManagerBase.h:188] File (/mnt/data_nas/deeprobotics/daiyang/vla/third_party/ETP-R1/data/scene_datasets/mp3d/PuKPg4mmafe/PuKPg4mmafe.glb) exists but is not a recognized config filename extension, so new default Stage attributes created and registered.
I0918 22:52:02.080210 1593316 Simulator.cpp:156] Loading navmesh from /mnt/data_nas/deeprobotics/daiyang/vla/third_party/ETP-R1/data/scene_datasets/mp3d/PuKPg4mmafe/PuKPg4mmafe.navmesh
I0918 22:52:02.081246 1593316 Simulator.cpp:158] Loaded.
I0918 22:52:02.081257 1593316 SceneGraph.h:93] Created DrawableGroup: 
Renderer: NVIDIA GeForce RTX 5090/PCIe/SSE2 by NVIDIA Corporation
OpenGL version: 4.6.0 NVIDIA 580.126.09
Using optional features:
    GL_ARB_ES2_compatibility
    GL_ARB_direct_state_access
    GL_ARB_get_texture_sub_image
    GL_ARB_invalidate_subdata
    GL_ARB_multi_bind
    GL_ARB_robustness
    GL_ARB_separate_shader_objects
    GL_ARB_texture_filter_anisotropic
    GL_ARB_texture_storage
    GL_ARB_texture_storage_multisample
    GL_ARB_vertex_array_object
    GL_KHR_debug
Using driver workarounds:
    no-forward-compatible-core-context
    nv-egl-incorrect-gl11-function-pointers
    no-layout-qualifiers-on-old-glsl
    nv-zero-context-profile-mask
    nv-implementation-color-read-format-dsa-broken
    nv-cubemap-inconsistent-compressed-image-size
    nv-cubemap-broken-full-compressed-image-query
    nv-compressed-block-size-in-bits
I0918 22:52:02.085278 1593316 ResourceManager.cpp:234] ResourceManager::loadStage : Not loading semantic mesh
I0918 22:52:02.085289 1593316 ResourceManager.cpp:262] ResourceManager::loadStage : start load render asset /mnt/data_nas/deeprobotics/daiyang/vla/third_party/ETP-R1/data/scene_datasets/mp3d/PuKPg4mmafe/PuKPg4mmafe.glb.
I0918 22:52:02.085290 1593316 ResourceManager.cpp:569] ResourceManager::loadStageInternal : Attempting to load stage /mnt/data_nas/deeprobotics/daiyang/vla/third_party/ETP-R1/data/scene_datasets/mp3d/PuKPg4mmafe/PuKPg4mmafe.glb 
I0918 22:52:02.085309 1593316 ResourceManager.cpp:1119] Importing Basis files as BC7 for PuKPg4mmafe.glb
W0918 22:52:06.892823 1593316 Simulator.cpp:248] :
---
 The active scene does not contain semantic annotations. 
---
I0918 22:52:06.913277 1593316 simulator.py:213] Loaded navmesh /mnt/data_nas/deeprobotics/daiyang/vla/third_party/ETP-R1/data/scene_datasets/mp3d/PuKPg4mmafe/PuKPg4mmafe.navmesh
I0918 22:53:48.458878 1593316 PhysicsManager.cpp:33] Deconstructing PhysicsManager
I0918 22:53:48.458938 1593316 SemanticScene.h:41] Deconstructing SemanticScene
I0918 22:53:48.460108 1593316 SceneManager.h:25] Deconstructing SceneManager
I0918 22:53:48.460114 1593316 SceneGraph.h:26] Deconstructing SceneGraph
I0918 22:53:48.460515 1593316 Sensor.h:87] Deconstructing Sensor
I0918 22:53:48.467422 1593316 Renderer.cpp:34] Deconstructing Renderer
I0918 22:53:48.467451 1593316 WindowlessContext.h:17] Deconstructing WindowlessContext
I0918 22:53:48.482134 1593316 ManagedContainerBase.cpp:19] ManagedContainerBase::convertFilenameToJSON : Filename : default changed to proposed JSON configuration filename : default.scene_dataset_config.json
I0918 22:53:48.482157 1593316 AttributesManagerBase.h:283] AttributesManager<T>::createFromJsonOrDefaultInternal  (Dataset) : Proposing JSON name : default.scene_dataset_config.json from original name : default | This file  does not exist.
I0918 22:53:48.482585 1593316 AssetAttributesManager.cpp:117] Asset attributes (capsule3DSolid : capsule3DSolid_hemiRings_4_cylRings_1_segments_12_halfLen_0.75_useTexCoords_false_useTangents_false) created and registered.
I0918 22:53:48.482613 1593316 AssetAttributesManager.cpp:117] Asset attributes (capsule3DWireframe : capsule3DWireframe_hemiRings_8_cylRings_1_segments_16_halfLen_1) created and registered.
I0918 22:53:48.482643 1593316 AssetAttributesManager.cpp:117] Asset attributes (coneSolid : coneSolid_segments_12_halfLen_1.25_rings_1_useTexCoords_false_useTangents_false_capEnd_true) created and registered.
I0918 22:53:48.482658 1593316 AssetAttributesManager.cpp:117] Asset attributes (coneWireframe : coneWireframe_segments_32_halfLen_1.25) created and registered.
I0918 22:53:48.482667 1593316 AssetAttributesManager.cpp:117] Asset attributes (cubeSolid : cubeSolid) created and registered.
I0918 22:53:48.482674 1593316 AssetAttributesManager.cpp:117] Asset attributes (cubeWireframe : cubeWireframe) created and registered.
I0918 22:53:48.482694 1593316 AssetAttributesManager.cpp:117] Asset attributes (cylinderSolid : cylinderSolid_rings_1_segments_12_halfLen_1_useTexCoords_false_useTangents_false_capEnds_true) created and registered.
I0918 22:53:48.482713 1593316 AssetAttributesManager.cpp:117] Asset attributes (cylinderWireframe : cylinderWireframe_rings_1_segments_32_halfLen_1) created and registered.
I0918 22:53:48.482725 1593316 AssetAttributesManager.cpp:117] Asset attributes (icosphereSolid : icosphereSolid_subdivs_1) created and registered.
I0918 22:53:48.482734 1593316 AssetAttributesManager.cpp:117] Asset attributes (icosphereWireframe : icosphereWireframe_subdivs_1) created and registered.
I0918 22:53:48.482749 1593316 AssetAttributesManager.cpp:117] Asset attributes (uvSphereSolid : uvSphereSolid_rings_8_segments_16_useTexCoords_false_useTangents_false) created and registered.
I0918 22:53:48.482764 1593316 AssetAttributesManager.cpp:117] Asset attributes (uvSphereWireframe : uvSphereWireframe_rings_16_segments_32) created and registered.
I0918 22:53:48.482771 1593316 AssetAttributesManager.cpp:105] AssetAttributesManager::buildCtorFuncPtrMaps : Built default primitive asset templates : 12
I0918 22:53:48.483196 1593316 SceneDatasetAttributesManager.cpp:23] File (default) not found, so new default dataset attributes created and registered.
I0918 22:53:48.483197 1593316 MetadataMediator.cpp:47] MetadataMediator::createDataset : Dataset default successfully created.
I0918 22:53:48.483410 1593316 AttributesManagerBase.h:283] AttributesManager<T>::createFromJsonOrDefaultInternal  (Physics Manager) : Proposing JSON name : ./data/default.physics_config.json from original name : ./data/default.physics_config.json | This file  does not exist.
I0918 22:53:48.483423 1593316 PhysicsAttributesManager.cpp:27] File (./data/default.physics_config.json) not found, so new default physics manager attributes created and registered.
I0918 22:53:48.483426 1593316 AbstractObjectAttributesManagerBase.h:175] AbstractObjectAttributesManager<T>::createObject  (Stage) : Making attributes with handle : /mnt/data_nas/deeprobotics/daiyang/vla/third_party/ETP-R1/data/scene_datasets/mp3d/aayBHfsNo7d/aayBHfsNo7d.glb
I0918 22:53:48.483431 1593316 ManagedContainerBase.cpp:19] ManagedContainerBase::convertFilenameToJSON : Filename : /mnt/data_nas/deeprobotics/daiyang/vla/third_party/ETP-R1/data/scene_datasets/mp3d/aayBHfsNo7d/aayBHfsNo7d.glb changed to proposed JSON configuration filename : /mnt/data_nas/deeprobotics/daiyang/vla/third_party/ETP-R1/data/scene_datasets/mp3d/aayBHfsNo7d/aayBHfsNo7d.stage_config.json
I0918 22:53:48.483443 1593316 AttributesManagerBase.h:283] AttributesManager<T>::createFromJsonOrDefaultInternal  (Stage) : Proposing JSON name : /mnt/data_nas/deeprobotics/daiyang/vla/third_party/ETP-R1/data/scene_datasets/mp3d/aayBHfsNo7d/aayBHfsNo7d.stage_config.json from original name : /mnt/data_nas/deeprobotics/daiyang/vla/third_party/ETP-R1/data/scene_datasets/mp3d/aayBHfsNo7d/aayBHfsNo7d.glb | This file  does not exist.
I0918 22:53:48.483493 1593316 AbstractObjectAttributesManagerBase.h:181] AbstractObjectAttributesManager<T>::createObject  (Stage) : Done making attributes with handle : /mnt/data_nas/deeprobotics/daiyang/vla/third_party/ETP-R1/data/scene_datasets/mp3d/aayBHfsNo7d/aayBHfsNo7d.glb
I0918 22:53:48.483500 1593316 AbstractObjectAttributesManagerBase.h:188] File (/mnt/data_nas/deeprobotics/daiyang/vla/third_party/ETP-R1/data/scene_datasets/mp3d/aayBHfsNo7d/aayBHfsNo7d.glb) exists but is not a recognized config filename extension, so new default Stage attributes created and registered.
I0918 22:53:48.483505 1593316 Simulator.cpp:156] Loading navmesh from /mnt/data_nas/deeprobotics/daiyang/vla/third_party/ETP-R1/data/scene_datasets/mp3d/aayBHfsNo7d/aayBHfsNo7d.navmesh
I0918 22:53:48.484371 1593316 Simulator.cpp:158] Loaded.
I0918 22:53:48.484380 1593316 SceneGraph.h:93] Created DrawableGroup: 
Renderer: NVIDIA GeForce RTX 5090/PCIe/SSE2 by NVIDIA Corporation
OpenGL version: 4.6.0 NVIDIA 580.126.09
Using optional features:
    GL_ARB_ES2_compatibility
    GL_ARB_direct_state_access
    GL_ARB_get_texture_sub_image
    GL_ARB_invalidate_subdata
    GL_ARB_multi_bind
    GL_ARB_robustness
    GL_ARB_separate_shader_objects
    GL_ARB_texture_filter_anisotropic
    GL_ARB_texture_storage
    GL_ARB_texture_storage_multisample
    GL_ARB_vertex_array_object
    GL_KHR_debug
Using driver workarounds:
    no-forward-compatible-core-context
    nv-egl-incorrect-gl11-function-pointers
    no-layout-qualifiers-on-old-glsl
    nv-zero-context-profile-mask
    nv-implementation-color-read-format-dsa-broken
    nv-cubemap-inconsistent-compressed-image-size
    nv-cubemap-broken-full-compressed-image-query
    nv-compressed-block-size-in-bits
I0918 22:53:48.488219 1593316 ResourceManager.cpp:234] ResourceManager::loadStage : Not loading semantic mesh
I0918 22:53:48.488227 1593316 ResourceManager.cpp:262] ResourceManager::loadStage : start load render asset /mnt/data_nas/deeprobotics/daiyang/vla/third_party/ETP-R1/data/scene_datasets/mp3d/aayBHfsNo7d/aayBHfsNo7d.glb.
I0918 22:53:48.488230 1593316 ResourceManager.cpp:569] ResourceManager::loadStageInternal : Attempting to load stage /mnt/data_nas/deeprobotics/daiyang/vla/third_party/ETP-R1/data/scene_datasets/mp3d/aayBHfsNo7d/aayBHfsNo7d.glb 
I0918 22:53:48.488247 1593316 ResourceManager.cpp:1119] Importing Basis files as BC7 for aayBHfsNo7d.glb
W0918 22:53:50.161864 1593316 Simulator.cpp:248] :
---
 The active scene does not contain semantic annotations. 
---
I0918 22:53:50.204080 1593316 simulator.py:213] Loaded navmesh /mnt/data_nas/deeprobotics/daiyang/vla/third_party/ETP-R1/data/scene_datasets/mp3d/aayBHfsNo7d/aayBHfsNo7d.navmesh
I0918 22:54:33.787985 1593316 PhysicsManager.cpp:33] Deconstructing PhysicsManager
I0918 22:54:33.788043 1593316 SemanticScene.h:41] Deconstructing SemanticScene
I0918 22:54:33.791939 1593316 SceneManager.h:25] Deconstructing SceneManager
I0918 22:54:33.791951 1593316 SceneGraph.h:26] Deconstructing SceneGraph
I0918 22:54:33.792716 1593316 Sensor.h:87] Deconstructing Sensor
I0918 22:54:33.796453 1593316 Renderer.cpp:34] Deconstructing Renderer
I0918 22:54:33.796484 1593316 WindowlessContext.h:17] Deconstructing WindowlessContext
I0918 22:54:33.803007 1593316 ManagedContainerBase.cpp:19] ManagedContainerBase::convertFilenameToJSON : Filename : default changed to proposed JSON configuration filename : default.scene_dataset_config.json
I0918 22:54:33.803025 1593316 AttributesManagerBase.h:283] AttributesManager<T>::createFromJsonOrDefaultInternal  (Dataset) : Proposing JSON name : default.scene_dataset_config.json from original name : default | This file  does not exist.
I0918 22:54:33.803325 1593316 AssetAttributesManager.cpp:117] Asset attributes (capsule3DSolid : capsule3DSolid_hemiRings_4_cylRings_1_segments_12_halfLen_0.75_useTexCoords_false_useTangents_false) created and registered.
I0918 22:54:33.803355 1593316 AssetAttributesManager.cpp:117] Asset attributes (capsule3DWireframe : capsule3DWireframe_hemiRings_8_cylRings_1_segments_16_halfLen_1) created and registered.
I0918 22:54:33.803378 1593316 AssetAttributesManager.cpp:117] Asset attributes (coneSolid : coneSolid_segments_12_halfLen_1.25_rings_1_useTexCoords_false_useTangents_false_capEnd_true) created and registered.
I0918 22:54:33.803552 1593316 AssetAttributesManager.cpp:117] Asset attributes (coneWireframe : coneWireframe_segments_32_halfLen_1.25) created and registered.
I0918 22:54:33.803568 1593316 AssetAttributesManager.cpp:117] Asset attributes (cubeSolid : cubeSolid) created and registered.
I0918 22:54:33.803576 1593316 AssetAttributesManager.cpp:117] Asset attributes (cubeWireframe : cubeWireframe) created and registered.
I0918 22:54:33.803828 1593316 AssetAttributesManager.cpp:117] Asset attributes (cylinderSolid : cylinderSolid_rings_1_segments_12_halfLen_1_useTexCoords_false_useTangents_false_capEnds_true) created and registered.
I0918 22:54:33.803846 1593316 AssetAttributesManager.cpp:117] Asset attributes (cylinderWireframe : cylinderWireframe_rings_1_segments_32_halfLen_1) created and registered.
I0918 22:54:33.803858 1593316 AssetAttributesManager.cpp:117] Asset attributes (icosphereSolid : icosphereSolid_subdivs_1) created and registered.
I0918 22:54:33.803869 1593316 AssetAttributesManager.cpp:117] Asset attributes (icosphereWireframe : icosphereWireframe_subdivs_1) created and registered.
I0918 22:54:33.803882 1593316 AssetAttributesManager.cpp:117] Asset attributes (uvSphereSolid : uvSphereSolid_rings_8_segments_16_useTexCoords_false_useTangents_false) created and registered.
I0918 22:54:33.803895 1593316 AssetAttributesManager.cpp:117] Asset attributes (uvSphereWireframe : uvSphereWireframe_rings_16_segments_32) created and registered.
I0918 22:54:33.803902 1593316 AssetAttributesManager.cpp:105] AssetAttributesManager::buildCtorFuncPtrMaps : Built default primitive asset templates : 12
I0918 22:54:33.804355 1593316 SceneDatasetAttributesManager.cpp:23] File (default) not found, so new default dataset attributes created and registered.
I0918 22:54:33.804358 1593316 MetadataMediator.cpp:47] MetadataMediator::createDataset : Dataset default successfully created.
I0918 22:54:33.804582 1593316 AttributesManagerBase.h:283] AttributesManager<T>::createFromJsonOrDefaultInternal  (Physics Manager) : Proposing JSON name : ./data/default.physics_config.json from original name : ./data/default.physics_config.json | This file  does not exist.
I0918 22:54:33.804596 1593316 PhysicsAttributesManager.cpp:27] File (./data/default.physics_config.json) not found, so new default physics manager attributes created and registered.
I0918 22:54:33.804600 1593316 AbstractObjectAttributesManagerBase.h:175] AbstractObjectAttributesManager<T>::createObject  (Stage) : Making attributes with handle : /mnt/data_nas/deeprobotics/daiyang/vla/third_party/ETP-R1/data/scene_datasets/mp3d/82sE5b5pLXE/82sE5b5pLXE.glb
I0918 22:54:33.804605 1593316 ManagedContainerBase.cpp:19] ManagedContainerBase::convertFilenameToJSON : Filename : /mnt/data_nas/deeprobotics/daiyang/vla/third_party/ETP-R1/data/scene_datasets/mp3d/82sE5b5pLXE/82sE5b5pLXE.glb changed to proposed JSON configuration filename : /mnt/data_nas/deeprobotics/daiyang/vla/third_party/ETP-R1/data/scene_datasets/mp3d/82sE5b5pLXE/82sE5b5pLXE.stage_config.json
I0918 22:54:33.805406 1593316 AttributesManagerBase.h:283] AttributesManager<T>::createFromJsonOrDefaultInternal  (Stage) : Proposing JSON name : /mnt/data_nas/deeprobotics/daiyang/vla/third_party/ETP-R1/data/scene_datasets/mp3d/82sE5b5pLXE/82sE5b5pLXE.stage_config.json from original name : /mnt/data_nas/deeprobotics/daiyang/vla/third_party/ETP-R1/data/scene_datasets/mp3d/82sE5b5pLXE/82sE5b5pLXE.glb | This file  does not exist.
I0918 22:54:33.805461 1593316 AbstractObjectAttributesManagerBase.h:181] AbstractObjectAttributesManager<T>::createObject  (Stage) : Done making attributes with handle : /mnt/data_nas/deeprobotics/daiyang/vla/third_party/ETP-R1/data/scene_datasets/mp3d/82sE5b5pLXE/82sE5b5pLXE.glb
I0918 22:54:33.805464 1593316 AbstractObjectAttributesManagerBase.h:188] File (/mnt/data_nas/deeprobotics/daiyang/vla/third_party/ETP-R1/data/scene_datasets/mp3d/82sE5b5pLXE/82sE5b5pLXE.glb) exists but is not a recognized config filename extension, so new default Stage attributes created and registered.
I0918 22:54:33.805469 1593316 Simulator.cpp:156] Loading navmesh from /mnt/data_nas/deeprobotics/daiyang/vla/third_party/ETP-R1/data/scene_datasets/mp3d/82sE5b5pLXE/82sE5b5pLXE.navmesh
I0918 22:54:33.806488 1593316 Simulator.cpp:158] Loaded.
I0918 22:54:33.806496 1593316 SceneGraph.h:93] Created DrawableGroup: 
Renderer: NVIDIA GeForce RTX 5090/PCIe/SSE2 by NVIDIA Corporation
OpenGL version: 4.6.0 NVIDIA 580.126.09
Using optional features:
    GL_ARB_ES2_compatibility
    GL_ARB_direct_state_access
    GL_ARB_get_texture_sub_image
    GL_ARB_invalidate_subdata
    GL_ARB_multi_bind
    GL_ARB_robustness
    GL_ARB_separate_shader_objects
    GL_ARB_texture_filter_anisotropic
    GL_ARB_texture_storage
    GL_ARB_texture_storage_multisample
    GL_ARB_vertex_array_object
    GL_KHR_debug
Using driver workarounds:
    no-forward-compatible-core-context
    nv-egl-incorrect-gl11-function-pointers
    no-layout-qualifiers-on-old-glsl
    nv-zero-context-profile-mask
    nv-implementation-color-read-format-dsa-broken
    nv-cubemap-inconsistent-compressed-image-size
    nv-cubemap-broken-full-compressed-image-query
    nv-compressed-block-size-in-bits
I0918 22:54:33.810577 1593316 ResourceManager.cpp:234] ResourceManager::loadStage : Not loading semantic mesh
I0918 22:54:33.810586 1593316 ResourceManager.cpp:262] ResourceManager::loadStage : start load render asset /mnt/data_nas/deeprobotics/daiyang/vla/third_party/ETP-R1/data/scene_datasets/mp3d/82sE5b5pLXE/82sE5b5pLXE.glb.
I0918 22:54:33.810588 1593316 ResourceManager.cpp:569] ResourceManager::loadStageInternal : Attempting to load stage /mnt/data_nas/deeprobotics/daiyang/vla/third_party/ETP-R1/data/scene_datasets/mp3d/82sE5b5pLXE/82sE5b5pLXE.glb 
I0918 22:54:33.810606 1593316 ResourceManager.cpp:1119] Importing Basis files as BC7 for 82sE5b5pLXE.glb
W0918 22:54:35.921460 1593316 Simulator.cpp:248] :
---
 The active scene does not contain semantic annotations. 
---
I0918 22:54:35.960617 1593316 simulator.py:213] Loaded navmesh /mnt/data_nas/deeprobotics/daiyang/vla/third_party/ETP-R1/data/scene_datasets/mp3d/82sE5b5pLXE/82sE5b5pLXE.navmesh
I0918 22:56:45.147048 1593316 PhysicsManager.cpp:33] Deconstructing PhysicsManager
I0918 22:56:45.147107 1593316 SemanticScene.h:41] Deconstructing SemanticScene
I0918 22:56:45.149327 1593316 SceneManager.h:25] Deconstructing SceneManager
I0918 22:56:45.149336 1593316 SceneGraph.h:26] Deconstructing SceneGraph
I0918 22:56:45.149667 1593316 Sensor.h:87] Deconstructing Sensor
I0918 22:56:45.155201 1593316 Renderer.cpp:34] Deconstructing Renderer
I0918 22:56:45.155254 1593316 WindowlessContext.h:17] Deconstructing WindowlessContext
I0918 22:56:45.162659 1593316 ManagedContainerBase.cpp:19] ManagedContainerBase::convertFilenameToJSON : Filename : default changed to proposed JSON configuration filename : default.scene_dataset_config.json
I0918 22:56:45.162684 1593316 AttributesManagerBase.h:283] AttributesManager<T>::createFromJsonOrDefaultInternal  (Dataset) : Proposing JSON name : default.scene_dataset_config.json from original name : default | This file  does not exist.
I0918 22:56:45.163482 1593316 AssetAttributesManager.cpp:117] Asset attributes (capsule3DSolid : capsule3DSolid_hemiRings_4_cylRings_1_segments_12_halfLen_0.75_useTexCoords_false_useTangents_false) created and registered.
I0918 22:56:45.163511 1593316 AssetAttributesManager.cpp:117] Asset attributes (capsule3DWireframe : capsule3DWireframe_hemiRings_8_cylRings_1_segments_16_halfLen_1) created and registered.
I0918 22:56:45.163533 1593316 AssetAttributesManager.cpp:117] Asset attributes (coneSolid : coneSolid_segments_12_halfLen_1.25_rings_1_useTexCoords_false_useTangents_false_capEnd_true) created and registered.
I0918 22:56:45.163548 1593316 AssetAttributesManager.cpp:117] Asset attributes (coneWireframe : coneWireframe_segments_32_halfLen_1.25) created and registered.
I0918 22:56:45.163558 1593316 AssetAttributesManager.cpp:117] Asset attributes (cubeSolid : cubeSolid) created and registered.
I0918 22:56:45.163565 1593316 AssetAttributesManager.cpp:117] Asset attributes (cubeWireframe : cubeWireframe) created and registered.
I0918 22:56:45.163585 1593316 AssetAttributesManager.cpp:117] Asset attributes (cylinderSolid : cylinderSolid_rings_1_segments_12_halfLen_1_useTexCoords_false_useTangents_false_capEnds_true) created and registered.
I0918 22:56:45.163611 1593316 AssetAttributesManager.cpp:117] Asset attributes (cylinderWireframe : cylinderWireframe_rings_1_segments_32_halfLen_1) created and registered.
I0918 22:56:45.163625 1593316 AssetAttributesManager.cpp:117] Asset attributes (icosphereSolid : icosphereSolid_subdivs_1) created and registered.
I0918 22:56:45.163633 1593316 AssetAttributesManager.cpp:117] Asset attributes (icosphereWireframe : icosphereWireframe_subdivs_1) created and registered.
I0918 22:56:45.163647 1593316 AssetAttributesManager.cpp:117] Asset attributes (uvSphereSolid : uvSphereSolid_rings_8_segments_16_useTexCoords_false_useTangents_false) created and registered.
I0918 22:56:45.163661 1593316 AssetAttributesManager.cpp:117] Asset attributes (uvSphereWireframe : uvSphereWireframe_rings_16_segments_32) created and registered.
I0918 22:56:45.163668 1593316 AssetAttributesManager.cpp:105] AssetAttributesManager::buildCtorFuncPtrMaps : Built default primitive asset templates : 12
I0918 22:56:45.164115 1593316 SceneDatasetAttributesManager.cpp:23] File (default) not found, so new default dataset attributes created and registered.
I0918 22:56:45.164117 1593316 MetadataMediator.cpp:47] MetadataMediator::createDataset : Dataset default successfully created.
I0918 22:56:45.164340 1593316 AttributesManagerBase.h:283] AttributesManager<T>::createFromJsonOrDefaultInternal  (Physics Manager) : Proposing JSON name : ./data/default.physics_config.json from original name : ./data/default.physics_config.json | This file  does not exist.
I0918 22:56:45.164351 1593316 PhysicsAttributesManager.cpp:27] File (./data/default.physics_config.json) not found, so new default physics manager attributes created and registered.
I0918 22:56:45.164354 1593316 AbstractObjectAttributesManagerBase.h:175] AbstractObjectAttributesManager<T>::createObject  (Stage) : Making attributes with handle : /mnt/data_nas/deeprobotics/daiyang/vla/third_party/ETP-R1/data/scene_datasets/mp3d/B6ByNegPMKs/B6ByNegPMKs.glb
I0918 22:56:45.164358 1593316 ManagedContainerBase.cpp:19] ManagedContainerBase::convertFilenameToJSON : Filename : /mnt/data_nas/deeprobotics/daiyang/vla/third_party/ETP-R1/data/scene_datasets/mp3d/B6ByNegPMKs/B6ByNegPMKs.glb changed to proposed JSON configuration filename : /mnt/data_nas/deeprobotics/daiyang/vla/third_party/ETP-R1/data/scene_datasets/mp3d/B6ByNegPMKs/B6ByNegPMKs.stage_config.json
I0918 22:56:45.164371 1593316 AttributesManagerBase.h:283] AttributesManager<T>::createFromJsonOrDefaultInternal  (Stage) : Proposing JSON name : /mnt/data_nas/deeprobotics/daiyang/vla/third_party/ETP-R1/data/scene_datasets/mp3d/B6ByNegPMKs/B6ByNegPMKs.stage_config.json from original name : /mnt/data_nas/deeprobotics/daiyang/vla/third_party/ETP-R1/data/scene_datasets/mp3d/B6ByNegPMKs/B6ByNegPMKs.glb | This file  does not exist.
I0918 22:56:45.164422 1593316 AbstractObjectAttributesManagerBase.h:181] AbstractObjectAttributesManager<T>::createObject  (Stage) : Done making attributes with handle : /mnt/data_nas/deeprobotics/daiyang/vla/third_party/ETP-R1/data/scene_datasets/mp3d/B6ByNegPMKs/B6ByNegPMKs.glb
I0918 22:56:45.164423 1593316 AbstractObjectAttributesManagerBase.h:188] File (/mnt/data_nas/deeprobotics/daiyang/vla/third_party/ETP-R1/data/scene_datasets/mp3d/B6ByNegPMKs/B6ByNegPMKs.glb) exists but is not a recognized config filename extension, so new default Stage attributes created and registered.
I0918 22:56:45.164428 1593316 Simulator.cpp:156] Loading navmesh from /mnt/data_nas/deeprobotics/daiyang/vla/third_party/ETP-R1/data/scene_datasets/mp3d/B6ByNegPMKs/B6ByNegPMKs.navmesh
I0918 22:56:45.166095 1593316 Simulator.cpp:158] Loaded.
I0918 22:56:45.166102 1593316 SceneGraph.h:93] Created DrawableGroup: 
Renderer: NVIDIA GeForce RTX 5090/PCIe/SSE2 by NVIDIA Corporation
OpenGL version: 4.6.0 NVIDIA 580.126.09
Using optional features:
    GL_ARB_ES2_compatibility
    GL_ARB_direct_state_access
    GL_ARB_get_texture_sub_image
    GL_ARB_invalidate_subdata
    GL_ARB_multi_bind
    GL_ARB_robustness
    GL_ARB_separate_shader_objects
    GL_ARB_texture_filter_anisotropic
    GL_ARB_texture_storage
    GL_ARB_texture_storage_multisample
    GL_ARB_vertex_array_object
    GL_KHR_debug
Using driver workarounds:
    no-forward-compatible-core-context
    nv-egl-incorrect-gl11-function-pointers
    no-layout-qualifiers-on-old-glsl
    nv-zero-context-profile-mask
    nv-implementation-color-read-format-dsa-broken
    nv-cubemap-inconsistent-compressed-image-size
    nv-cubemap-broken-full-compressed-image-query
    nv-compressed-block-size-in-bits
I0918 22:56:45.169878 1593316 ResourceManager.cpp:234] ResourceManager::loadStage : Not loading semantic mesh
I0918 22:56:45.169888 1593316 ResourceManager.cpp:262] ResourceManager::loadStage : start load render asset /mnt/data_nas/deeprobotics/daiyang/vla/third_party/ETP-R1/data/scene_datasets/mp3d/B6ByNegPMKs/B6ByNegPMKs.glb.
I0918 22:56:45.169889 1593316 ResourceManager.cpp:569] ResourceManager::loadStageInternal : Attempting to load stage /mnt/data_nas/deeprobotics/daiyang/vla/third_party/ETP-R1/data/scene_datasets/mp3d/B6ByNegPMKs/B6ByNegPMKs.glb 
I0918 22:56:45.169905 1593316 ResourceManager.cpp:1119] Importing Basis files as BC7 for B6ByNegPMKs.glb
W0918 22:56:54.852460 1593316 Simulator.cpp:248] :
---
 The active scene does not contain semantic annotations. 
---
I0918 22:56:55.051204 1593316 simulator.py:213] Loaded navmesh /mnt/data_nas/deeprobotics/daiyang/vla/third_party/ETP-R1/data/scene_datasets/mp3d/B6ByNegPMKs/B6ByNegPMKs.navmesh
I0918 22:58:19.126629 1593316 PhysicsManager.cpp:33] Deconstructing PhysicsManager
I0918 22:58:19.126691 1593316 SemanticScene.h:41] Deconstructing SemanticScene
I0918 22:58:19.149956 1593316 SceneManager.h:25] Deconstructing SceneManager
I0918 22:58:19.149993 1593316 SceneGraph.h:26] Deconstructing SceneGraph
I0918 22:58:19.150736 1593316 Sensor.h:87] Deconstructing Sensor
I0918 22:58:19.170652 1593316 Renderer.cpp:34] Deconstructing Renderer
I0918 22:58:19.170709 1593316 WindowlessContext.h:17] Deconstructing WindowlessContext
I0918 22:58:19.190755 1593316 ManagedContainerBase.cpp:19] ManagedContainerBase::convertFilenameToJSON : Filename : default changed to proposed JSON configuration filename : default.scene_dataset_config.json
I0918 22:58:19.190789 1593316 AttributesManagerBase.h:283] AttributesManager<T>::createFromJsonOrDefaultInternal  (Dataset) : Proposing JSON name : default.scene_dataset_config.json from original name : default | This file  does not exist.
I0918 22:58:19.191315 1593316 AssetAttributesManager.cpp:117] Asset attributes (capsule3DSolid : capsule3DSolid_hemiRings_4_cylRings_1_segments_12_halfLen_0.75_useTexCoords_false_useTangents_false) created and registered.
I0918 22:58:19.191345 1593316 AssetAttributesManager.cpp:117] Asset attributes (capsule3DWireframe : capsule3DWireframe_hemiRings_8_cylRings_1_segments_16_halfLen_1) created and registered.
I0918 22:58:19.191371 1593316 AssetAttributesManager.cpp:117] Asset attributes (coneSolid : coneSolid_segments_12_halfLen_1.25_rings_1_useTexCoords_false_useTangents_false_capEnd_true) created and registered.
I0918 22:58:19.191387 1593316 AssetAttributesManager.cpp:117] Asset attributes (coneWireframe : coneWireframe_segments_32_halfLen_1.25) created and registered.
I0918 22:58:19.191397 1593316 AssetAttributesManager.cpp:117] Asset attributes (cubeSolid : cubeSolid) created and registered.
I0918 22:58:19.191404 1593316 AssetAttributesManager.cpp:117] Asset attributes (cubeWireframe : cubeWireframe) created and registered.
I0918 22:58:19.191425 1593316 AssetAttributesManager.cpp:117] Asset attributes (cylinderSolid : cylinderSolid_rings_1_segments_12_halfLen_1_useTexCoords_false_useTangents_false_capEnds_true) created and registered.
I0918 22:58:19.191444 1593316 AssetAttributesManager.cpp:117] Asset attributes (cylinderWireframe : cylinderWireframe_rings_1_segments_32_halfLen_1) created and registered.
I0918 22:58:19.191457 1593316 AssetAttributesManager.cpp:117] Asset attributes (icosphereSolid : icosphereSolid_subdivs_1) created and registered.
I0918 22:58:19.191478 1593316 AssetAttributesManager.cpp:117] Asset attributes (icosphereWireframe : icosphereWireframe_subdivs_1) created and registered.
I0918 22:58:19.191494 1593316 AssetAttributesManager.cpp:117] Asset attributes (uvSphereSolid : uvSphereSolid_rings_8_segments_16_useTexCoords_false_useTangents_false) created and registered.
I0918 22:58:19.191511 1593316 AssetAttributesManager.cpp:117] Asset attributes (uvSphereWireframe : uvSphereWireframe_rings_16_segments_32) created and registered.
I0918 22:58:19.191520 1593316 AssetAttributesManager.cpp:105] AssetAttributesManager::buildCtorFuncPtrMaps : Built default primitive asset templates : 12
I0918 22:58:19.191964 1593316 SceneDatasetAttributesManager.cpp:23] File (default) not found, so new default dataset attributes created and registered.
I0918 22:58:19.191967 1593316 MetadataMediator.cpp:47] MetadataMediator::createDataset : Dataset default successfully created.
I0918 22:58:19.192214 1593316 AttributesManagerBase.h:283] AttributesManager<T>::createFromJsonOrDefaultInternal  (Physics Manager) : Proposing JSON name : ./data/default.physics_config.json from original name : ./data/default.physics_config.json | This file  does not exist.
I0918 22:58:19.192229 1593316 PhysicsAttributesManager.cpp:27] File (./data/default.physics_config.json) not found, so new default physics manager attributes created and registered.
I0918 22:58:19.192233 1593316 AbstractObjectAttributesManagerBase.h:175] AbstractObjectAttributesManager<T>::createObject  (Stage) : Making attributes with handle : /mnt/data_nas/deeprobotics/daiyang/vla/third_party/ETP-R1/data/scene_datasets/mp3d/PuKPg4mmafe/PuKPg4mmafe.glb
I0918 22:58:19.192237 1593316 ManagedContainerBase.cpp:19] ManagedContainerBase::convertFilenameToJSON : Filename : /mnt/data_nas/deeprobotics/daiyang/vla/third_party/ETP-R1/data/scene_datasets/mp3d/PuKPg4mmafe/PuKPg4mmafe.glb changed to proposed JSON configuration filename : /mnt/data_nas/deeprobotics/daiyang/vla/third_party/ETP-R1/data/scene_datasets/mp3d/PuKPg4mmafe/PuKPg4mmafe.stage_config.json
I0918 22:58:19.192252 1593316 AttributesManagerBase.h:283] AttributesManager<T>::createFromJsonOrDefaultInternal  (Stage) : Proposing JSON name : /mnt/data_nas/deeprobotics/daiyang/vla/third_party/ETP-R1/data/scene_datasets/mp3d/PuKPg4mmafe/PuKPg4mmafe.stage_config.json from original name : /mnt/data_nas/deeprobotics/daiyang/vla/third_party/ETP-R1/data/scene_datasets/mp3d/PuKPg4mmafe/PuKPg4mmafe.glb | This file  does not exist.
I0918 22:58:19.192312 1593316 AbstractObjectAttributesManagerBase.h:181] AbstractObjectAttributesManager<T>::createObject  (Stage) : Done making attributes with handle : /mnt/data_nas/deeprobotics/daiyang/vla/third_party/ETP-R1/data/scene_datasets/mp3d/PuKPg4mmafe/PuKPg4mmafe.glb
I0918 22:58:19.192314 1593316 AbstractObjectAttributesManagerBase.h:188] File (/mnt/data_nas/deeprobotics/daiyang/vla/third_party/ETP-R1/data/scene_datasets/mp3d/PuKPg4mmafe/PuKPg4mmafe.glb) exists but is not a recognized config filename extension, so new default Stage attributes created and registered.
I0918 22:58:19.192319 1593316 Simulator.cpp:156] Loading navmesh from /mnt/data_nas/deeprobotics/daiyang/vla/third_party/ETP-R1/data/scene_datasets/mp3d/PuKPg4mmafe/PuKPg4mmafe.navmesh
I0918 22:58:19.193462 1593316 Simulator.cpp:158] Loaded.
I0918 22:58:19.193471 1593316 SceneGraph.h:93] Created DrawableGroup: 
Renderer: NVIDIA GeForce RTX 5090/PCIe/SSE2 by NVIDIA Corporation
OpenGL version: 4.6.0 NVIDIA 580.126.09
Using optional features:
    GL_ARB_ES2_compatibility
    GL_ARB_direct_state_access
    GL_ARB_get_texture_sub_image
    GL_ARB_invalidate_subdata
    GL_ARB_multi_bind
    GL_ARB_robustness
    GL_ARB_separate_shader_objects
    GL_ARB_texture_filter_anisotropic
    GL_ARB_texture_storage
    GL_ARB_texture_storage_multisample
    GL_ARB_vertex_array_object
    GL_KHR_debug
Using driver workarounds:
    no-forward-compatible-core-context
    nv-egl-incorrect-gl11-function-pointers
    no-layout-qualifiers-on-old-glsl
    nv-zero-context-profile-mask
    nv-implementation-color-read-format-dsa-broken
    nv-cubemap-inconsistent-compressed-image-size
    nv-cubemap-broken-full-compressed-image-query
    nv-compressed-block-size-in-bits
I0918 22:58:19.197801 1593316 ResourceManager.cpp:234] ResourceManager::loadStage : Not loading semantic mesh
I0918 22:58:19.197811 1593316 ResourceManager.cpp:262] ResourceManager::loadStage : start load render asset /mnt/data_nas/deeprobotics/daiyang/vla/third_party/ETP-R1/data/scene_datasets/mp3d/PuKPg4mmafe/PuKPg4mmafe.glb.
I0918 22:58:19.197813 1593316 ResourceManager.cpp:569] ResourceManager::loadStageInternal : Attempting to load stage /mnt/data_nas/deeprobotics/daiyang/vla/third_party/ETP-R1/data/scene_datasets/mp3d/PuKPg4mmafe/PuKPg4mmafe.glb 
I0918 22:58:19.197832 1593316 ResourceManager.cpp:1119] Importing Basis files as BC7 for PuKPg4mmafe.glb
W0918 22:58:23.873777 1593316 Simulator.cpp:248] :
---
 The active scene does not contain semantic annotations. 
---
I0918 22:58:23.895063 1593316 simulator.py:213] Loaded navmesh /mnt/data_nas/deeprobotics/daiyang/vla/third_party/ETP-R1/data/scene_datasets/mp3d/PuKPg4mmafe/PuKPg4mmafe.navmesh
I0918 23:00:08.939285 1593316 PhysicsManager.cpp:33] Deconstructing PhysicsManager
I0918 23:00:08.939334 1593316 SemanticScene.h:41] Deconstructing SemanticScene
I0918 23:00:08.940469 1593316 SceneManager.h:25] Deconstructing SceneManager
I0918 23:00:08.940479 1593316 SceneGraph.h:26] Deconstructing SceneGraph
I0918 23:00:08.940793 1593316 Sensor.h:87] Deconstructing Sensor
I0918 23:00:08.946820 1593316 Renderer.cpp:34] Deconstructing Renderer
I0918 23:00:08.946849 1593316 WindowlessContext.h:17] Deconstructing WindowlessContext
I0918 23:00:08.964262 1593316 ManagedContainerBase.cpp:19] ManagedContainerBase::convertFilenameToJSON : Filename : default changed to proposed JSON configuration filename : default.scene_dataset_config.json
I0918 23:00:08.964289 1593316 AttributesManagerBase.h:283] AttributesManager<T>::createFromJsonOrDefaultInternal  (Dataset) : Proposing JSON name : default.scene_dataset_config.json from original name : default | This file  does not exist.
I0918 23:00:08.964828 1593316 AssetAttributesManager.cpp:117] Asset attributes (capsule3DSolid : capsule3DSolid_hemiRings_4_cylRings_1_segments_12_halfLen_0.75_useTexCoords_false_useTangents_false) created and registered.
I0918 23:00:08.964855 1593316 AssetAttributesManager.cpp:117] Asset attributes (capsule3DWireframe : capsule3DWireframe_hemiRings_8_cylRings_1_segments_16_halfLen_1) created and registered.
I0918 23:00:08.964879 1593316 AssetAttributesManager.cpp:117] Asset attributes (coneSolid : coneSolid_segments_12_halfLen_1.25_rings_1_useTexCoords_false_useTangents_false_capEnd_true) created and registered.
I0918 23:00:08.964892 1593316 AssetAttributesManager.cpp:117] Asset attributes (coneWireframe : coneWireframe_segments_32_halfLen_1.25) created and registered.
I0918 23:00:08.964901 1593316 AssetAttributesManager.cpp:117] Asset attributes (cubeSolid : cubeSolid) created and registered.
I0918 23:00:08.964907 1593316 AssetAttributesManager.cpp:117] Asset attributes (cubeWireframe : cubeWireframe) created and registered.
I0918 23:00:08.964926 1593316 AssetAttributesManager.cpp:117] Asset attributes (cylinderSolid : cylinderSolid_rings_1_segments_12_halfLen_1_useTexCoords_false_useTangents_false_capEnds_true) created and registered.
I0918 23:00:08.964944 1593316 AssetAttributesManager.cpp:117] Asset attributes (cylinderWireframe : cylinderWireframe_rings_1_segments_32_halfLen_1) created and registered.
I0918 23:00:08.964956 1593316 AssetAttributesManager.cpp:117] Asset attributes (icosphereSolid : icosphereSolid_subdivs_1) created and registered.
I0918 23:00:08.964964 1593316 AssetAttributesManager.cpp:117] Asset attributes (icosphereWireframe : icosphereWireframe_subdivs_1) created and registered.
I0918 23:00:08.964978 1593316 AssetAttributesManager.cpp:117] Asset attributes (uvSphereSolid : uvSphereSolid_rings_8_segments_16_useTexCoords_false_useTangents_false) created and registered.
I0918 23:00:08.964996 1593316 AssetAttributesManager.cpp:117] Asset attributes (uvSphereWireframe : uvSphereWireframe_rings_16_segments_32) created and registered.
I0918 23:00:08.965003 1593316 AssetAttributesManager.cpp:105] AssetAttributesManager::buildCtorFuncPtrMaps : Built default primitive asset templates : 12
I0918 23:00:08.965420 1593316 SceneDatasetAttributesManager.cpp:23] File (default) not found, so new default dataset attributes created and registered.
I0918 23:00:08.965422 1593316 MetadataMediator.cpp:47] MetadataMediator::createDataset : Dataset default successfully created.
I0918 23:00:08.965619 1593316 AttributesManagerBase.h:283] AttributesManager<T>::createFromJsonOrDefaultInternal  (Physics Manager) : Proposing JSON name : ./data/default.physics_config.json from original name : ./data/default.physics_config.json | This file  does not exist.
I0918 23:00:08.965631 1593316 PhysicsAttributesManager.cpp:27] File (./data/default.physics_config.json) not found, so new default physics manager attributes created and registered.
I0918 23:00:08.965634 1593316 AbstractObjectAttributesManagerBase.h:175] AbstractObjectAttributesManager<T>::createObject  (Stage) : Making attributes with handle : /mnt/data_nas/deeprobotics/daiyang/vla/third_party/ETP-R1/data/scene_datasets/mp3d/aayBHfsNo7d/aayBHfsNo7d.glb
I0918 23:00:08.965639 1593316 ManagedContainerBase.cpp:19] ManagedContainerBase::convertFilenameToJSON : Filename : /mnt/data_nas/deeprobotics/daiyang/vla/third_party/ETP-R1/data/scene_datasets/mp3d/aayBHfsNo7d/aayBHfsNo7d.glb changed to proposed JSON configuration filename : /mnt/data_nas/deeprobotics/daiyang/vla/third_party/ETP-R1/data/scene_datasets/mp3d/aayBHfsNo7d/aayBHfsNo7d.stage_config.json
I0918 23:00:08.965651 1593316 AttributesManagerBase.h:283] AttributesManager<T>::createFromJsonOrDefaultInternal  (Stage) : Proposing JSON name : /mnt/data_nas/deeprobotics/daiyang/vla/third_party/ETP-R1/data/scene_datasets/mp3d/aayBHfsNo7d/aayBHfsNo7d.stage_config.json from original name : /mnt/data_nas/deeprobotics/daiyang/vla/third_party/ETP-R1/data/scene_datasets/mp3d/aayBHfsNo7d/aayBHfsNo7d.glb | This file  does not exist.
I0918 23:00:08.965699 1593316 AbstractObjectAttributesManagerBase.h:181] AbstractObjectAttributesManager<T>::createObject  (Stage) : Done making attributes with handle : /mnt/data_nas/deeprobotics/daiyang/vla/third_party/ETP-R1/data/scene_datasets/mp3d/aayBHfsNo7d/aayBHfsNo7d.glb
I0918 23:00:08.965701 1593316 AbstractObjectAttributesManagerBase.h:188] File (/mnt/data_nas/deeprobotics/daiyang/vla/third_party/ETP-R1/data/scene_datasets/mp3d/aayBHfsNo7d/aayBHfsNo7d.glb) exists but is not a recognized config filename extension, so new default Stage attributes created and registered.
I0918 23:00:08.965705 1593316 Simulator.cpp:156] Loading navmesh from /mnt/data_nas/deeprobotics/daiyang/vla/third_party/ETP-R1/data/scene_datasets/mp3d/aayBHfsNo7d/aayBHfsNo7d.navmesh
I0918 23:00:08.966637 1593316 Simulator.cpp:158] Loaded.
I0918 23:00:08.966645 1593316 SceneGraph.h:93] Created DrawableGroup: 
Renderer: NVIDIA GeForce RTX 5090/PCIe/SSE2 by NVIDIA Corporation
OpenGL version: 4.6.0 NVIDIA 580.126.09
Using optional features:
    GL_ARB_ES2_compatibility
    GL_ARB_direct_state_access
    GL_ARB_get_texture_sub_image
    GL_ARB_invalidate_subdata
    GL_ARB_multi_bind
    GL_ARB_robustness
    GL_ARB_separate_shader_objects
    GL_ARB_texture_filter_anisotropic
    GL_ARB_texture_storage
    GL_ARB_texture_storage_multisample
    GL_ARB_vertex_array_object
    GL_KHR_debug
Using driver workarounds:
    no-forward-compatible-core-context
    nv-egl-incorrect-gl11-function-pointers
    no-layout-qualifiers-on-old-glsl
    nv-zero-context-profile-mask
    nv-implementation-color-read-format-dsa-broken
    nv-cubemap-inconsistent-compressed-image-size
    nv-cubemap-broken-full-compressed-image-query
    nv-compressed-block-size-in-bits
I0918 23:00:08.970371 1593316 ResourceManager.cpp:234] ResourceManager::loadStage : Not loading semantic mesh
I0918 23:00:08.970378 1593316 ResourceManager.cpp:262] ResourceManager::loadStage : start load render asset /mnt/data_nas/deeprobotics/daiyang/vla/third_party/ETP-R1/data/scene_datasets/mp3d/aayBHfsNo7d/aayBHfsNo7d.glb.
I0918 23:00:08.970384 1593316 ResourceManager.cpp:569] ResourceManager::loadStageInternal : Attempting to load stage /mnt/data_nas/deeprobotics/daiyang/vla/third_party/ETP-R1/data/scene_datasets/mp3d/aayBHfsNo7d/aayBHfsNo7d.glb 
I0918 23:00:08.970400 1593316 ResourceManager.cpp:1119] Importing Basis files as BC7 for aayBHfsNo7d.glb
W0918 23:00:10.558678 1593316 Simulator.cpp:248] :
---
 The active scene does not contain semantic annotations. 
---
I0918 23:00:10.600056 1593316 simulator.py:213] Loaded navmesh /mnt/data_nas/deeprobotics/daiyang/vla/third_party/ETP-R1/data/scene_datasets/mp3d/aayBHfsNo7d/aayBHfsNo7d.navmesh
I0918 23:00:38.188046 1593316 PhysicsManager.cpp:33] Deconstructing PhysicsManager
I0918 23:00:38.188087 1593316 SemanticScene.h:41] Deconstructing SemanticScene
I0918 23:00:38.190474 1593316 SceneManager.h:25] Deconstructing SceneManager
I0918 23:00:38.190482 1593316 SceneGraph.h:26] Deconstructing SceneGraph
I0918 23:00:38.191069 1593316 Sensor.h:87] Deconstructing Sensor
I0918 23:00:38.193374 1593316 Renderer.cpp:34] Deconstructing Renderer
I0918 23:00:38.193395 1593316 WindowlessContext.h:17] Deconstructing WindowlessContext
I0918 23:00:38.200024 1593316 ManagedContainerBase.cpp:19] ManagedContainerBase::convertFilenameToJSON : Filename : default changed to proposed JSON configuration filename : default.scene_dataset_config.json
I0918 23:00:38.200043 1593316 AttributesManagerBase.h:283] AttributesManager<T>::createFromJsonOrDefaultInternal  (Dataset) : Proposing JSON name : default.scene_dataset_config.json from original name : default | This file  does not exist.
I0918 23:00:38.200919 1593316 AssetAttributesManager.cpp:117] Asset attributes (capsule3DSolid : capsule3DSolid_hemiRings_4_cylRings_1_segments_12_halfLen_0.75_useTexCoords_false_useTangents_false) created and registered.
I0918 23:00:38.200953 1593316 AssetAttributesManager.cpp:117] Asset attributes (capsule3DWireframe : capsule3DWireframe_hemiRings_8_cylRings_1_segments_16_halfLen_1) created and registered.
I0918 23:00:38.200976 1593316 AssetAttributesManager.cpp:117] Asset attributes (coneSolid : coneSolid_segments_12_halfLen_1.25_rings_1_useTexCoords_false_useTangents_false_capEnd_true) created and registered.
I0918 23:00:38.200991 1593316 AssetAttributesManager.cpp:117] Asset attributes (coneWireframe : coneWireframe_segments_32_halfLen_1.25) created and registered.
I0918 23:00:38.201000 1593316 AssetAttributesManager.cpp:117] Asset attributes (cubeSolid : cubeSolid) created and registered.
I0918 23:00:38.201007 1593316 AssetAttributesManager.cpp:117] Asset attributes (cubeWireframe : cubeWireframe) created and registered.
I0918 23:00:38.201026 1593316 AssetAttributesManager.cpp:117] Asset attributes (cylinderSolid : cylinderSolid_rings_1_segments_12_halfLen_1_useTexCoords_false_useTangents_false_capEnds_true) created and registered.
I0918 23:00:38.201043 1593316 AssetAttributesManager.cpp:117] Asset attributes (cylinderWireframe : cylinderWireframe_rings_1_segments_32_halfLen_1) created and registered.
I0918 23:00:38.201054 1593316 AssetAttributesManager.cpp:117] Asset attributes (icosphereSolid : icosphereSolid_subdivs_1) created and registered.
I0918 23:00:38.201063 1593316 AssetAttributesManager.cpp:117] Asset attributes (icosphereWireframe : icosphereWireframe_subdivs_1) created and registered.
I0918 23:00:38.201076 1593316 AssetAttributesManager.cpp:117] Asset attributes (uvSphereSolid : uvSphereSolid_rings_8_segments_16_useTexCoords_false_useTangents_false) created and registered.
I0918 23:00:38.201090 1593316 AssetAttributesManager.cpp:117] Asset attributes (uvSphereWireframe : uvSphereWireframe_rings_16_segments_32) created and registered.
I0918 23:00:38.201097 1593316 AssetAttributesManager.cpp:105] AssetAttributesManager::buildCtorFuncPtrMaps : Built default primitive asset templates : 12
I0918 23:00:38.201514 1593316 SceneDatasetAttributesManager.cpp:23] File (default) not found, so new default dataset attributes created and registered.
I0918 23:00:38.201522 1593316 MetadataMediator.cpp:47] MetadataMediator::createDataset : Dataset default successfully created.
I0918 23:00:38.201723 1593316 AttributesManagerBase.h:283] AttributesManager<T>::createFromJsonOrDefaultInternal  (Physics Manager) : Proposing JSON name : ./data/default.physics_config.json from original name : ./data/default.physics_config.json | This file  does not exist.
I0918 23:00:38.201736 1593316 PhysicsAttributesManager.cpp:27] File (./data/default.physics_config.json) not found, so new default physics manager attributes created and registered.
I0918 23:00:38.201740 1593316 AbstractObjectAttributesManagerBase.h:175] AbstractObjectAttributesManager<T>::createObject  (Stage) : Making attributes with handle : /mnt/data_nas/deeprobotics/daiyang/vla/third_party/ETP-R1/data/scene_datasets/mp3d/82sE5b5pLXE/82sE5b5pLXE.glb
I0918 23:00:38.201745 1593316 ManagedContainerBase.cpp:19] ManagedContainerBase::convertFilenameToJSON : Filename : /mnt/data_nas/deeprobotics/daiyang/vla/third_party/ETP-R1/data/scene_datasets/mp3d/82sE5b5pLXE/82sE5b5pLXE.glb changed to proposed JSON configuration filename : /mnt/data_nas/deeprobotics/daiyang/vla/third_party/ETP-R1/data/scene_datasets/mp3d/82sE5b5pLXE/82sE5b5pLXE.stage_config.json
I0918 23:00:38.202630 1593316 AttributesManagerBase.h:283] AttributesManager<T>::createFromJsonOrDefaultInternal  (Stage) : Proposing JSON name : /mnt/data_nas/deeprobotics/daiyang/vla/third_party/ETP-R1/data/scene_datasets/mp3d/82sE5b5pLXE/82sE5b5pLXE.stage_config.json from original name : /mnt/data_nas/deeprobotics/daiyang/vla/third_party/ETP-R1/data/scene_datasets/mp3d/82sE5b5pLXE/82sE5b5pLXE.glb | This file  does not exist.
I0918 23:00:38.202680 1593316 AbstractObjectAttributesManagerBase.h:181] AbstractObjectAttributesManager<T>::createObject  (Stage) : Done making attributes with handle : /mnt/data_nas/deeprobotics/daiyang/vla/third_party/ETP-R1/data/scene_datasets/mp3d/82sE5b5pLXE/82sE5b5pLXE.glb
I0918 23:00:38.202682 1593316 AbstractObjectAttributesManagerBase.h:188] File (/mnt/data_nas/deeprobotics/daiyang/vla/third_party/ETP-R1/data/scene_datasets/mp3d/82sE5b5pLXE/82sE5b5pLXE.glb) exists but is not a recognized config filename extension, so new default Stage attributes created and registered.
I0918 23:00:38.202687 1593316 Simulator.cpp:156] Loading navmesh from /mnt/data_nas/deeprobotics/daiyang/vla/third_party/ETP-R1/data/scene_datasets/mp3d/82sE5b5pLXE/82sE5b5pLXE.navmesh
I0918 23:00:38.203758 1593316 Simulator.cpp:158] Loaded.
I0918 23:00:38.203765 1593316 SceneGraph.h:93] Created DrawableGroup: 
Renderer: NVIDIA GeForce RTX 5090/PCIe/SSE2 by NVIDIA Corporation
OpenGL version: 4.6.0 NVIDIA 580.126.09
Using optional features:
    GL_ARB_ES2_compatibility
    GL_ARB_direct_state_access
    GL_ARB_get_texture_sub_image
    GL_ARB_invalidate_subdata
    GL_ARB_multi_bind
    GL_ARB_robustness
    GL_ARB_separate_shader_objects
    GL_ARB_texture_filter_anisotropic
    GL_ARB_texture_storage
    GL_ARB_texture_storage_multisample
    GL_ARB_vertex_array_object
    GL_KHR_debug
Using driver workarounds:
    no-forward-compatible-core-context
    nv-egl-incorrect-gl11-function-pointers
    no-layout-qualifiers-on-old-glsl
    nv-zero-context-profile-mask
    nv-implementation-color-read-format-dsa-broken
    nv-cubemap-inconsistent-compressed-image-size
    nv-cubemap-broken-full-compressed-image-query
    nv-compressed-block-size-in-bits
I0918 23:00:38.207522 1593316 ResourceManager.cpp:234] ResourceManager::loadStage : Not loading semantic mesh
I0918 23:00:38.207530 1593316 ResourceManager.cpp:262] ResourceManager::loadStage : start load render asset /mnt/data_nas/deeprobotics/daiyang/vla/third_party/ETP-R1/data/scene_datasets/mp3d/82sE5b5pLXE/82sE5b5pLXE.glb.
I0918 23:00:38.207532 1593316 ResourceManager.cpp:569] ResourceManager::loadStageInternal : Attempting to load stage /mnt/data_nas/deeprobotics/daiyang/vla/third_party/ETP-R1/data/scene_datasets/mp3d/82sE5b5pLXE/82sE5b5pLXE.glb 
I0918 23:00:38.207551 1593316 ResourceManager.cpp:1119] Importing Basis files as BC7 for 82sE5b5pLXE.glb
W0918 23:00:40.255733 1593316 Simulator.cpp:248] :
---
 The active scene does not contain semantic annotations. 
---
I0918 23:00:40.295728 1593316 simulator.py:213] Loaded navmesh /mnt/data_nas/deeprobotics/daiyang/vla/third_party/ETP-R1/data/scene_datasets/mp3d/82sE5b5pLXE/82sE5b5pLXE.navmesh
I0918 23:03:50.140260 1593316 PhysicsManager.cpp:33] Deconstructing PhysicsManager
I0918 23:03:50.140337 1593316 SemanticScene.h:41] Deconstructing SemanticScene
I0918 23:03:50.142818 1593316 SceneManager.h:25] Deconstructing SceneManager
I0918 23:03:50.142829 1593316 SceneGraph.h:26] Deconstructing SceneGraph
I0918 23:03:50.143258 1593316 Sensor.h:87] Deconstructing Sensor
I0918 23:03:50.153561 1593316 Renderer.cpp:34] Deconstructing Renderer
I0918 23:03:50.153600 1593316 WindowlessContext.h:17] Deconstructing WindowlessContext
I0918 23:03:50.169479 1593316 ManagedContainerBase.cpp:19] ManagedContainerBase::convertFilenameToJSON : Filename : default changed to proposed JSON configuration filename : default.scene_dataset_config.json
I0918 23:03:50.169499 1593316 AttributesManagerBase.h:283] AttributesManager<T>::createFromJsonOrDefaultInternal  (Dataset) : Proposing JSON name : default.scene_dataset_config.json from original name : default | This file  does not exist.
I0918 23:03:50.170038 1593316 AssetAttributesManager.cpp:117] Asset attributes (capsule3DSolid : capsule3DSolid_hemiRings_4_cylRings_1_segments_12_halfLen_0.75_useTexCoords_false_useTangents_false) created and registered.
I0918 23:03:50.170068 1593316 AssetAttributesManager.cpp:117] Asset attributes (capsule3DWireframe : capsule3DWireframe_hemiRings_8_cylRings_1_segments_16_halfLen_1) created and registered.
I0918 23:03:50.170091 1593316 AssetAttributesManager.cpp:117] Asset attributes (coneSolid : coneSolid_segments_12_halfLen_1.25_rings_1_useTexCoords_false_useTangents_false_capEnd_true) created and registered.
I0918 23:03:50.170107 1593316 AssetAttributesManager.cpp:117] Asset attributes (coneWireframe : coneWireframe_segments_32_halfLen_1.25) created and registered.
I0918 23:03:50.170117 1593316 AssetAttributesManager.cpp:117] Asset attributes (cubeSolid : cubeSolid) created and registered.
I0918 23:03:50.170125 1593316 AssetAttributesManager.cpp:117] Asset attributes (cubeWireframe : cubeWireframe) created and registered.
I0918 23:03:50.170145 1593316 AssetAttributesManager.cpp:117] Asset attributes (cylinderSolid : cylinderSolid_rings_1_segments_12_halfLen_1_useTexCoords_false_useTangents_false_capEnds_true) created and registered.
I0918 23:03:50.170163 1593316 AssetAttributesManager.cpp:117] Asset attributes (cylinderWireframe : cylinderWireframe_rings_1_segments_32_halfLen_1) created and registered.
I0918 23:03:50.170176 1593316 AssetAttributesManager.cpp:117] Asset attributes (icosphereSolid : icosphereSolid_subdivs_1) created and registered.
I0918 23:03:50.170184 1593316 AssetAttributesManager.cpp:117] Asset attributes (icosphereWireframe : icosphereWireframe_subdivs_1) created and registered.
I0918 23:03:50.170197 1593316 AssetAttributesManager.cpp:117] Asset attributes (uvSphereSolid : uvSphereSolid_rings_8_segments_16_useTexCoords_false_useTangents_false) created and registered.
I0918 23:03:50.170210 1593316 AssetAttributesManager.cpp:117] Asset attributes (uvSphereWireframe : uvSphereWireframe_rings_16_segments_32) created and registered.
I0918 23:03:50.170217 1593316 AssetAttributesManager.cpp:105] AssetAttributesManager::buildCtorFuncPtrMaps : Built default primitive asset templates : 12
I0918 23:03:50.170650 1593316 SceneDatasetAttributesManager.cpp:23] File (default) not found, so new default dataset attributes created and registered.
I0918 23:03:50.170651 1593316 MetadataMediator.cpp:47] MetadataMediator::createDataset : Dataset default successfully created.
I0918 23:03:50.170884 1593316 AttributesManagerBase.h:283] AttributesManager<T>::createFromJsonOrDefaultInternal  (Physics Manager) : Proposing JSON name : ./data/default.physics_config.json from original name : ./data/default.physics_config.json | This file  does not exist.
I0918 23:03:50.170902 1593316 PhysicsAttributesManager.cpp:27] File (./data/default.physics_config.json) not found, so new default physics manager attributes created and registered.
I0918 23:03:50.170907 1593316 AbstractObjectAttributesManagerBase.h:175] AbstractObjectAttributesManager<T>::createObject  (Stage) : Making attributes with handle : /mnt/data_nas/deeprobotics/daiyang/vla/third_party/ETP-R1/data/scene_datasets/mp3d/B6ByNegPMKs/B6ByNegPMKs.glb
I0918 23:03:50.170910 1593316 ManagedContainerBase.cpp:19] ManagedContainerBase::convertFilenameToJSON : Filename : /mnt/data_nas/deeprobotics/daiyang/vla/third_party/ETP-R1/data/scene_datasets/mp3d/B6ByNegPMKs/B6ByNegPMKs.glb changed to proposed JSON configuration filename : /mnt/data_nas/deeprobotics/daiyang/vla/third_party/ETP-R1/data/scene_datasets/mp3d/B6ByNegPMKs/B6ByNegPMKs.stage_config.json
I0918 23:03:50.170923 1593316 AttributesManagerBase.h:283] AttributesManager<T>::createFromJsonOrDefaultInternal  (Stage) : Proposing JSON name : /mnt/data_nas/deeprobotics/daiyang/vla/third_party/ETP-R1/data/scene_datasets/mp3d/B6ByNegPMKs/B6ByNegPMKs.stage_config.json from original name : /mnt/data_nas/deeprobotics/daiyang/vla/third_party/ETP-R1/data/scene_datasets/mp3d/B6ByNegPMKs/B6ByNegPMKs.glb | This file  does not exist.
I0918 23:03:50.170979 1593316 AbstractObjectAttributesManagerBase.h:181] AbstractObjectAttributesManager<T>::createObject  (Stage) : Done making attributes with handle : /mnt/data_nas/deeprobotics/daiyang/vla/third_party/ETP-R1/data/scene_datasets/mp3d/B6ByNegPMKs/B6ByNegPMKs.glb
I0918 23:03:50.170980 1593316 AbstractObjectAttributesManagerBase.h:188] File (/mnt/data_nas/deeprobotics/daiyang/vla/third_party/ETP-R1/data/scene_datasets/mp3d/B6ByNegPMKs/B6ByNegPMKs.glb) exists but is not a recognized config filename extension, so new default Stage attributes created and registered.
I0918 23:03:50.170984 1593316 Simulator.cpp:156] Loading navmesh from /mnt/data_nas/deeprobotics/daiyang/vla/third_party/ETP-R1/data/scene_datasets/mp3d/B6ByNegPMKs/B6ByNegPMKs.navmesh
I0918 23:03:50.172461 1593316 Simulator.cpp:158] Loaded.
I0918 23:03:50.172472 1593316 SceneGraph.h:93] Created DrawableGroup: 
Renderer: NVIDIA GeForce RTX 5090/PCIe/SSE2 by NVIDIA Corporation
OpenGL version: 4.6.0 NVIDIA 580.126.09
Using optional features:
    GL_ARB_ES2_compatibility
    GL_ARB_direct_state_access
    GL_ARB_get_texture_sub_image
    GL_ARB_invalidate_subdata
    GL_ARB_multi_bind
    GL_ARB_robustness
    GL_ARB_separate_shader_objects
    GL_ARB_texture_filter_anisotropic
    GL_ARB_texture_storage
    GL_ARB_texture_storage_multisample
    GL_ARB_vertex_array_object
    GL_KHR_debug
Using driver workarounds:
    no-forward-compatible-core-context
    nv-egl-incorrect-gl11-function-pointers
    no-layout-qualifiers-on-old-glsl
    nv-zero-context-profile-mask
    nv-implementation-color-read-format-dsa-broken
    nv-cubemap-inconsistent-compressed-image-size
    nv-cubemap-broken-full-compressed-image-query
    nv-compressed-block-size-in-bits
I0918 23:03:50.182582 1593316 ResourceManager.cpp:234] ResourceManager::loadStage : Not loading semantic mesh
I0918 23:03:50.182591 1593316 ResourceManager.cpp:262] ResourceManager::loadStage : start load render asset /mnt/data_nas/deeprobotics/daiyang/vla/third_party/ETP-R1/data/scene_datasets/mp3d/B6ByNegPMKs/B6ByNegPMKs.glb.
I0918 23:03:50.182593 1593316 ResourceManager.cpp:569] ResourceManager::loadStageInternal : Attempting to load stage /mnt/data_nas/deeprobotics/daiyang/vla/third_party/ETP-R1/data/scene_datasets/mp3d/B6ByNegPMKs/B6ByNegPMKs.glb 
I0918 23:03:50.182612 1593316 ResourceManager.cpp:1119] Importing Basis files as BC7 for B6ByNegPMKs.glb
W0918 23:04:00.037308 1593316 Simulator.cpp:248] :
---
 The active scene does not contain semantic annotations. 
---
I0918 23:04:00.238924 1593316 simulator.py:213] Loaded navmesh /mnt/data_nas/deeprobotics/daiyang/vla/third_party/ETP-R1/data/scene_datasets/mp3d/B6ByNegPMKs/B6ByNegPMKs.navmesh
I0918 23:04:28.765062 1593316 PhysicsManager.cpp:33] Deconstructing PhysicsManager
I0918 23:04:28.765118 1593316 SemanticScene.h:41] Deconstructing SemanticScene
I0918 23:04:28.785990 1593316 SceneManager.h:25] Deconstructing SceneManager
I0918 23:04:28.786010 1593316 SceneGraph.h:26] Deconstructing SceneGraph
I0918 23:04:28.786638 1593316 Sensor.h:87] Deconstructing Sensor
I0918 23:04:28.804224 1593316 Renderer.cpp:34] Deconstructing Renderer
I0918 23:04:28.804275 1593316 WindowlessContext.h:17] Deconstructing WindowlessContext
I0918 23:04:28.822638 1593316 ManagedContainerBase.cpp:19] ManagedContainerBase::convertFilenameToJSON : Filename : default changed to proposed JSON configuration filename : default.scene_dataset_config.json
I0918 23:04:28.822662 1593316 AttributesManagerBase.h:283] AttributesManager<T>::createFromJsonOrDefaultInternal  (Dataset) : Proposing JSON name : default.scene_dataset_config.json from original name : default | This file  does not exist.
I0918 23:04:28.823055 1593316 AssetAttributesManager.cpp:117] Asset attributes (capsule3DSolid : capsule3DSolid_hemiRings_4_cylRings_1_segments_12_halfLen_0.75_useTexCoords_false_useTangents_false) created and registered.
I0918 23:04:28.823086 1593316 AssetAttributesManager.cpp:117] Asset attributes (capsule3DWireframe : capsule3DWireframe_hemiRings_8_cylRings_1_segments_16_halfLen_1) created and registered.
I0918 23:04:28.823110 1593316 AssetAttributesManager.cpp:117] Asset attributes (coneSolid : coneSolid_segments_12_halfLen_1.25_rings_1_useTexCoords_false_useTangents_false_capEnd_true) created and registered.
I0918 23:04:28.823125 1593316 AssetAttributesManager.cpp:117] Asset attributes (coneWireframe : coneWireframe_segments_32_halfLen_1.25) created and registered.
I0918 23:04:28.823137 1593316 AssetAttributesManager.cpp:117] Asset attributes (cubeSolid : cubeSolid) created and registered.
I0918 23:04:28.823144 1593316 AssetAttributesManager.cpp:117] Asset attributes (cubeWireframe : cubeWireframe) created and registered.
I0918 23:04:28.823164 1593316 AssetAttributesManager.cpp:117] Asset attributes (cylinderSolid : cylinderSolid_rings_1_segments_12_halfLen_1_useTexCoords_false_useTangents_false_capEnds_true) created and registered.
I0918 23:04:28.823182 1593316 AssetAttributesManager.cpp:117] Asset attributes (cylinderWireframe : cylinderWireframe_rings_1_segments_32_halfLen_1) created and registered.
I0918 23:04:28.823199 1593316 AssetAttributesManager.cpp:117] Asset attributes (icosphereSolid : icosphereSolid_subdivs_1) created and registered.
I0918 23:04:28.823210 1593316 AssetAttributesManager.cpp:117] Asset attributes (icosphereWireframe : icosphereWireframe_subdivs_1) created and registered.
I0918 23:04:28.823225 1593316 AssetAttributesManager.cpp:117] Asset attributes (uvSphereSolid : uvSphereSolid_rings_8_segments_16_useTexCoords_false_useTangents_false) created and registered.
I0918 23:04:28.823239 1593316 AssetAttributesManager.cpp:117] Asset attributes (uvSphereWireframe : uvSphereWireframe_rings_16_segments_32) created and registered.
I0918 23:04:28.823248 1593316 AssetAttributesManager.cpp:105] AssetAttributesManager::buildCtorFuncPtrMaps : Built default primitive asset templates : 12
I0918 23:04:28.823683 1593316 SceneDatasetAttributesManager.cpp:23] File (default) not found, so new default dataset attributes created and registered.
I0918 23:04:28.823685 1593316 MetadataMediator.cpp:47] MetadataMediator::createDataset : Dataset default successfully created.
I0918 23:04:28.823920 1593316 AttributesManagerBase.h:283] AttributesManager<T>::createFromJsonOrDefaultInternal  (Physics Manager) : Proposing JSON name : ./data/default.physics_config.json from original name : ./data/default.physics_config.json | This file  does not exist.
I0918 23:04:28.823933 1593316 PhysicsAttributesManager.cpp:27] File (./data/default.physics_config.json) not found, so new default physics manager attributes created and registered.
I0918 23:04:28.823936 1593316 AbstractObjectAttributesManagerBase.h:175] AbstractObjectAttributesManager<T>::createObject  (Stage) : Making attributes with handle : /mnt/data_nas/deeprobotics/daiyang/vla/third_party/ETP-R1/data/scene_datasets/mp3d/PuKPg4mmafe/PuKPg4mmafe.glb
I0918 23:04:28.823947 1593316 ManagedContainerBase.cpp:19] ManagedContainerBase::convertFilenameToJSON : Filename : /mnt/data_nas/deeprobotics/daiyang/vla/third_party/ETP-R1/data/scene_datasets/mp3d/PuKPg4mmafe/PuKPg4mmafe.glb changed to proposed JSON configuration filename : /mnt/data_nas/deeprobotics/daiyang/vla/third_party/ETP-R1/data/scene_datasets/mp3d/PuKPg4mmafe/PuKPg4mmafe.stage_config.json
I0918 23:04:28.823962 1593316 AttributesManagerBase.h:283] AttributesManager<T>::createFromJsonOrDefaultInternal  (Stage) : Proposing JSON name : /mnt/data_nas/deeprobotics/daiyang/vla/third_party/ETP-R1/data/scene_datasets/mp3d/PuKPg4mmafe/PuKPg4mmafe.stage_config.json from original name : /mnt/data_nas/deeprobotics/daiyang/vla/third_party/ETP-R1/data/scene_datasets/mp3d/PuKPg4mmafe/PuKPg4mmafe.glb | This file  does not exist.
I0918 23:04:28.824014 1593316 AbstractObjectAttributesManagerBase.h:181] AbstractObjectAttributesManager<T>::createObject  (Stage) : Done making attributes with handle : /mnt/data_nas/deeprobotics/daiyang/vla/third_party/ETP-R1/data/scene_datasets/mp3d/PuKPg4mmafe/PuKPg4mmafe.glb
I0918 23:04:28.824015 1593316 AbstractObjectAttributesManagerBase.h:188] File (/mnt/data_nas/deeprobotics/daiyang/vla/third_party/ETP-R1/data/scene_datasets/mp3d/PuKPg4mmafe/PuKPg4mmafe.glb) exists but is not a recognized config filename extension, so new default Stage attributes created and registered.
I0918 23:04:28.824020 1593316 Simulator.cpp:156] Loading navmesh from /mnt/data_nas/deeprobotics/daiyang/vla/third_party/ETP-R1/data/scene_datasets/mp3d/PuKPg4mmafe/PuKPg4mmafe.navmesh
I0918 23:04:28.825069 1593316 Simulator.cpp:158] Loaded.
I0918 23:04:28.825078 1593316 SceneGraph.h:93] Created DrawableGroup: 
Renderer: NVIDIA GeForce RTX 5090/PCIe/SSE2 by NVIDIA Corporation
OpenGL version: 4.6.0 NVIDIA 580.126.09
Using optional features:
    GL_ARB_ES2_compatibility
    GL_ARB_direct_state_access
    GL_ARB_get_texture_sub_image
    GL_ARB_invalidate_subdata
    GL_ARB_multi_bind
    GL_ARB_robustness
    GL_ARB_separate_shader_objects
    GL_ARB_texture_filter_anisotropic
    GL_ARB_texture_storage
    GL_ARB_texture_storage_multisample
    GL_ARB_vertex_array_object
    GL_KHR_debug
Using driver workarounds:
    no-forward-compatible-core-context
    nv-egl-incorrect-gl11-function-pointers
    no-layout-qualifiers-on-old-glsl
    nv-zero-context-profile-mask
    nv-implementation-color-read-format-dsa-broken
    nv-cubemap-inconsistent-compressed-image-size
    nv-cubemap-broken-full-compressed-image-query
    nv-compressed-block-size-in-bits
I0918 23:04:28.829210 1593316 ResourceManager.cpp:234] ResourceManager::loadStage : Not loading semantic mesh
I0918 23:04:28.829221 1593316 ResourceManager.cpp:262] ResourceManager::loadStage : start load render asset /mnt/data_nas/deeprobotics/daiyang/vla/third_party/ETP-R1/data/scene_datasets/mp3d/PuKPg4mmafe/PuKPg4mmafe.glb.
I0918 23:04:28.829223 1593316 ResourceManager.cpp:569] ResourceManager::loadStageInternal : Attempting to load stage /mnt/data_nas/deeprobotics/daiyang/vla/third_party/ETP-R1/data/scene_datasets/mp3d/PuKPg4mmafe/PuKPg4mmafe.glb 
I0918 23:04:28.829241 1593316 ResourceManager.cpp:1119] Importing Basis files as BC7 for PuKPg4mmafe.glb
W0918 23:04:33.586901 1593316 Simulator.cpp:248] :
---
 The active scene does not contain semantic annotations. 
---
I0918 23:04:33.607810 1593316 simulator.py:213] Loaded navmesh /mnt/data_nas/deeprobotics/daiyang/vla/third_party/ETP-R1/data/scene_datasets/mp3d/PuKPg4mmafe/PuKPg4mmafe.navmesh
I0918 23:06:26.063130 1593316 PhysicsManager.cpp:33] Deconstructing PhysicsManager
I0918 23:06:26.063184 1593316 SemanticScene.h:41] Deconstructing SemanticScene
I0918 23:06:26.064409 1593316 SceneManager.h:25] Deconstructing SceneManager
I0918 23:06:26.064414 1593316 SceneGraph.h:26] Deconstructing SceneGraph
I0918 23:06:26.064764 1593316 Sensor.h:87] Deconstructing Sensor
I0918 23:06:26.073508 1593316 Renderer.cpp:34] Deconstructing Renderer
I0918 23:06:26.073549 1593316 WindowlessContext.h:17] Deconstructing WindowlessContext
I0918 23:06:26.091184 1593316 ManagedContainerBase.cpp:19] ManagedContainerBase::convertFilenameToJSON : Filename : default changed to proposed JSON configuration filename : default.scene_dataset_config.json
I0918 23:06:26.091208 1593316 AttributesManagerBase.h:283] AttributesManager<T>::createFromJsonOrDefaultInternal  (Dataset) : Proposing JSON name : default.scene_dataset_config.json from original name : default | This file  does not exist.
I0918 23:06:26.091636 1593316 AssetAttributesManager.cpp:117] Asset attributes (capsule3DSolid : capsule3DSolid_hemiRings_4_cylRings_1_segments_12_halfLen_0.75_useTexCoords_false_useTangents_false) created and registered.
I0918 23:06:26.091667 1593316 AssetAttributesManager.cpp:117] Asset attributes (capsule3DWireframe : capsule3DWireframe_hemiRings_8_cylRings_1_segments_16_halfLen_1) created and registered.
I0918 23:06:26.091691 1593316 AssetAttributesManager.cpp:117] Asset attributes (coneSolid : coneSolid_segments_12_halfLen_1.25_rings_1_useTexCoords_false_useTangents_false_capEnd_true) created and registered.
I0918 23:06:26.091707 1593316 AssetAttributesManager.cpp:117] Asset attributes (coneWireframe : coneWireframe_segments_32_halfLen_1.25) created and registered.
I0918 23:06:26.091717 1593316 AssetAttributesManager.cpp:117] Asset attributes (cubeSolid : cubeSolid) created and registered.
I0918 23:06:26.091723 1593316 AssetAttributesManager.cpp:117] Asset attributes (cubeWireframe : cubeWireframe) created and registered.
I0918 23:06:26.091744 1593316 AssetAttributesManager.cpp:117] Asset attributes (cylinderSolid : cylinderSolid_rings_1_segments_12_halfLen_1_useTexCoords_false_useTangents_false_capEnds_true) created and registered.
I0918 23:06:26.091763 1593316 AssetAttributesManager.cpp:117] Asset attributes (cylinderWireframe : cylinderWireframe_rings_1_segments_32_halfLen_1) created and registered.
I0918 23:06:26.091774 1593316 AssetAttributesManager.cpp:117] Asset attributes (icosphereSolid : icosphereSolid_subdivs_1) created and registered.
I0918 23:06:26.091784 1593316 AssetAttributesManager.cpp:117] Asset attributes (icosphereWireframe : icosphereWireframe_subdivs_1) created and registered.
I0918 23:06:26.091799 1593316 AssetAttributesManager.cpp:117] Asset attributes (uvSphereSolid : uvSphereSolid_rings_8_segments_16_useTexCoords_false_useTangents_false) created and registered.
I0918 23:06:26.091815 1593316 AssetAttributesManager.cpp:117] Asset attributes (uvSphereWireframe : uvSphereWireframe_rings_16_segments_32) created and registered.
I0918 23:06:26.091822 1593316 AssetAttributesManager.cpp:105] AssetAttributesManager::buildCtorFuncPtrMaps : Built default primitive asset templates : 12
I0918 23:06:26.092265 1593316 SceneDatasetAttributesManager.cpp:23] File (default) not found, so new default dataset attributes created and registered.
I0918 23:06:26.092267 1593316 MetadataMediator.cpp:47] MetadataMediator::createDataset : Dataset default successfully created.
I0918 23:06:26.092514 1593316 AttributesManagerBase.h:283] AttributesManager<T>::createFromJsonOrDefaultInternal  (Physics Manager) : Proposing JSON name : ./data/default.physics_config.json from original name : ./data/default.physics_config.json | This file  does not exist.
I0918 23:06:26.092526 1593316 PhysicsAttributesManager.cpp:27] File (./data/default.physics_config.json) not found, so new default physics manager attributes created and registered.
I0918 23:06:26.092530 1593316 AbstractObjectAttributesManagerBase.h:175] AbstractObjectAttributesManager<T>::createObject  (Stage) : Making attributes with handle : /mnt/data_nas/deeprobotics/daiyang/vla/third_party/ETP-R1/data/scene_datasets/mp3d/aayBHfsNo7d/aayBHfsNo7d.glb
I0918 23:06:26.092535 1593316 ManagedContainerBase.cpp:19] ManagedContainerBase::convertFilenameToJSON : Filename : /mnt/data_nas/deeprobotics/daiyang/vla/third_party/ETP-R1/data/scene_datasets/mp3d/aayBHfsNo7d/aayBHfsNo7d.glb changed to proposed JSON configuration filename : /mnt/data_nas/deeprobotics/daiyang/vla/third_party/ETP-R1/data/scene_datasets/mp3d/aayBHfsNo7d/aayBHfsNo7d.stage_config.json
I0918 23:06:26.092552 1593316 AttributesManagerBase.h:283] AttributesManager<T>::createFromJsonOrDefaultInternal  (Stage) : Proposing JSON name : /mnt/data_nas/deeprobotics/daiyang/vla/third_party/ETP-R1/data/scene_datasets/mp3d/aayBHfsNo7d/aayBHfsNo7d.stage_config.json from original name : /mnt/data_nas/deeprobotics/daiyang/vla/third_party/ETP-R1/data/scene_datasets/mp3d/aayBHfsNo7d/aayBHfsNo7d.glb | This file  does not exist.
I0918 23:06:26.092602 1593316 AbstractObjectAttributesManagerBase.h:181] AbstractObjectAttributesManager<T>::createObject  (Stage) : Done making attributes with handle : /mnt/data_nas/deeprobotics/daiyang/vla/third_party/ETP-R1/data/scene_datasets/mp3d/aayBHfsNo7d/aayBHfsNo7d.glb
I0918 23:06:26.092604 1593316 AbstractObjectAttributesManagerBase.h:188] File (/mnt/data_nas/deeprobotics/daiyang/vla/third_party/ETP-R1/data/scene_datasets/mp3d/aayBHfsNo7d/aayBHfsNo7d.glb) exists but is not a recognized config filename extension, so new default Stage attributes created and registered.
I0918 23:06:26.092609 1593316 Simulator.cpp:156] Loading navmesh from /mnt/data_nas/deeprobotics/daiyang/vla/third_party/ETP-R1/data/scene_datasets/mp3d/aayBHfsNo7d/aayBHfsNo7d.navmesh
I0918 23:06:26.093525 1593316 Simulator.cpp:158] Loaded.
I0918 23:06:26.093534 1593316 SceneGraph.h:93] Created DrawableGroup: 
Renderer: NVIDIA GeForce RTX 5090/PCIe/SSE2 by NVIDIA Corporation
OpenGL version: 4.6.0 NVIDIA 580.126.09
Using optional features:
    GL_ARB_ES2_compatibility
    GL_ARB_direct_state_access
    GL_ARB_get_texture_sub_image
    GL_ARB_invalidate_subdata
    GL_ARB_multi_bind
    GL_ARB_robustness
    GL_ARB_separate_shader_objects
    GL_ARB_texture_filter_anisotropic
    GL_ARB_texture_storage
    GL_ARB_texture_storage_multisample
    GL_ARB_vertex_array_object
    GL_KHR_debug
Using driver workarounds:
    no-forward-compatible-core-context
    nv-egl-incorrect-gl11-function-pointers
    no-layout-qualifiers-on-old-glsl
    nv-zero-context-profile-mask
    nv-implementation-color-read-format-dsa-broken
    nv-cubemap-inconsistent-compressed-image-size
    nv-cubemap-broken-full-compressed-image-query
    nv-compressed-block-size-in-bits
I0918 23:06:26.097479 1593316 ResourceManager.cpp:234] ResourceManager::loadStage : Not loading semantic mesh
I0918 23:06:26.097489 1593316 ResourceManager.cpp:262] ResourceManager::loadStage : start load render asset /mnt/data_nas/deeprobotics/daiyang/vla/third_party/ETP-R1/data/scene_datasets/mp3d/aayBHfsNo7d/aayBHfsNo7d.glb.
I0918 23:06:26.097492 1593316 ResourceManager.cpp:569] ResourceManager::loadStageInternal : Attempting to load stage /mnt/data_nas/deeprobotics/daiyang/vla/third_party/ETP-R1/data/scene_datasets/mp3d/aayBHfsNo7d/aayBHfsNo7d.glb 
I0918 23:06:26.097512 1593316 ResourceManager.cpp:1119] Importing Basis files as BC7 for aayBHfsNo7d.glb
W0918 23:06:27.761938 1593316 Simulator.cpp:248] :
---
 The active scene does not contain semantic annotations. 
---
I0918 23:06:27.803442 1593316 simulator.py:213] Loaded navmesh /mnt/data_nas/deeprobotics/daiyang/vla/third_party/ETP-R1/data/scene_datasets/mp3d/aayBHfsNo7d/aayBHfsNo7d.navmesh
I0918 23:06:58.435288 1593316 PhysicsManager.cpp:33] Deconstructing PhysicsManager
I0918 23:06:58.435333 1593316 SemanticScene.h:41] Deconstructing SemanticScene
I0918 23:06:58.438019 1593316 SceneManager.h:25] Deconstructing SceneManager
I0918 23:06:58.438030 1593316 SceneGraph.h:26] Deconstructing SceneGraph
I0918 23:06:58.438659 1593316 Sensor.h:87] Deconstructing Sensor
I0918 23:06:58.441581 1593316 Renderer.cpp:34] Deconstructing Renderer
I0918 23:06:58.441605 1593316 WindowlessContext.h:17] Deconstructing WindowlessContext
I0918 23:06:58.448233 1593316 ManagedContainerBase.cpp:19] ManagedContainerBase::convertFilenameToJSON : Filename : default changed to proposed JSON configuration filename : default.scene_dataset_config.json
I0918 23:06:58.448251 1593316 AttributesManagerBase.h:283] AttributesManager<T>::createFromJsonOrDefaultInternal  (Dataset) : Proposing JSON name : default.scene_dataset_config.json from original name : default | This file  does not exist.
I0918 23:06:58.448868 1593316 AssetAttributesManager.cpp:117] Asset attributes (capsule3DSolid : capsule3DSolid_hemiRings_4_cylRings_1_segments_12_halfLen_0.75_useTexCoords_false_useTangents_false) created and registered.
I0918 23:06:58.448896 1593316 AssetAttributesManager.cpp:117] Asset attributes (capsule3DWireframe : capsule3DWireframe_hemiRings_8_cylRings_1_segments_16_halfLen_1) created and registered.
I0918 23:06:58.448920 1593316 AssetAttributesManager.cpp:117] Asset attributes (coneSolid : coneSolid_segments_12_halfLen_1.25_rings_1_useTexCoords_false_useTangents_false_capEnd_true) created and registered.
I0918 23:06:58.448935 1593316 AssetAttributesManager.cpp:117] Asset attributes (coneWireframe : coneWireframe_segments_32_halfLen_1.25) created and registered.
I0918 23:06:58.448943 1593316 AssetAttributesManager.cpp:117] Asset attributes (cubeSolid : cubeSolid) created and registered.
I0918 23:06:58.448949 1593316 AssetAttributesManager.cpp:117] Asset attributes (cubeWireframe : cubeWireframe) created and registered.
I0918 23:06:58.448968 1593316 AssetAttributesManager.cpp:117] Asset attributes (cylinderSolid : cylinderSolid_rings_1_segments_12_halfLen_1_useTexCoords_false_useTangents_false_capEnds_true) created and registered.
I0918 23:06:58.448987 1593316 AssetAttributesManager.cpp:117] Asset attributes (cylinderWireframe : cylinderWireframe_rings_1_segments_32_halfLen_1) created and registered.
I0918 23:06:58.448997 1593316 AssetAttributesManager.cpp:117] Asset attributes (icosphereSolid : icosphereSolid_subdivs_1) created and registered.
I0918 23:06:58.449007 1593316 AssetAttributesManager.cpp:117] Asset attributes (icosphereWireframe : icosphereWireframe_subdivs_1) created and registered.
I0918 23:06:58.449019 1593316 AssetAttributesManager.cpp:117] Asset attributes (uvSphereSolid : uvSphereSolid_rings_8_segments_16_useTexCoords_false_useTangents_false) created and registered.
I0918 23:06:58.449033 1593316 AssetAttributesManager.cpp:117] Asset attributes (uvSphereWireframe : uvSphereWireframe_rings_16_segments_32) created and registered.
I0918 23:06:58.449039 1593316 AssetAttributesManager.cpp:105] AssetAttributesManager::buildCtorFuncPtrMaps : Built default primitive asset templates : 12
I0918 23:06:58.449455 1593316 SceneDatasetAttributesManager.cpp:23] File (default) not found, so new default dataset attributes created and registered.
I0918 23:06:58.449457 1593316 MetadataMediator.cpp:47] MetadataMediator::createDataset : Dataset default successfully created.
I0918 23:06:58.449654 1593316 AttributesManagerBase.h:283] AttributesManager<T>::createFromJsonOrDefaultInternal  (Physics Manager) : Proposing JSON name : ./data/default.physics_config.json from original name : ./data/default.physics_config.json | This file  does not exist.
I0918 23:06:58.449666 1593316 PhysicsAttributesManager.cpp:27] File (./data/default.physics_config.json) not found, so new default physics manager attributes created and registered.
I0918 23:06:58.449669 1593316 AbstractObjectAttributesManagerBase.h:175] AbstractObjectAttributesManager<T>::createObject  (Stage) : Making attributes with handle : /mnt/data_nas/deeprobotics/daiyang/vla/third_party/ETP-R1/data/scene_datasets/mp3d/82sE5b5pLXE/82sE5b5pLXE.glb
I0918 23:06:58.449673 1593316 ManagedContainerBase.cpp:19] ManagedContainerBase::convertFilenameToJSON : Filename : /mnt/data_nas/deeprobotics/daiyang/vla/third_party/ETP-R1/data/scene_datasets/mp3d/82sE5b5pLXE/82sE5b5pLXE.glb changed to proposed JSON configuration filename : /mnt/data_nas/deeprobotics/daiyang/vla/third_party/ETP-R1/data/scene_datasets/mp3d/82sE5b5pLXE/82sE5b5pLXE.stage_config.json
I0918 23:06:58.450824 1593316 AttributesManagerBase.h:283] AttributesManager<T>::createFromJsonOrDefaultInternal  (Stage) : Proposing JSON name : /mnt/data_nas/deeprobotics/daiyang/vla/third_party/ETP-R1/data/scene_datasets/mp3d/82sE5b5pLXE/82sE5b5pLXE.stage_config.json from original name : /mnt/data_nas/deeprobotics/daiyang/vla/third_party/ETP-R1/data/scene_datasets/mp3d/82sE5b5pLXE/82sE5b5pLXE.glb | This file  does not exist.
I0918 23:06:58.450877 1593316 AbstractObjectAttributesManagerBase.h:181] AbstractObjectAttributesManager<T>::createObject  (Stage) : Done making attributes with handle : /mnt/data_nas/deeprobotics/daiyang/vla/third_party/ETP-R1/data/scene_datasets/mp3d/82sE5b5pLXE/82sE5b5pLXE.glb
I0918 23:06:58.450879 1593316 AbstractObjectAttributesManagerBase.h:188] File (/mnt/data_nas/deeprobotics/daiyang/vla/third_party/ETP-R1/data/scene_datasets/mp3d/82sE5b5pLXE/82sE5b5pLXE.glb) exists but is not a recognized config filename extension, so new default Stage attributes created and registered.
I0918 23:06:58.450884 1593316 Simulator.cpp:156] Loading navmesh from /mnt/data_nas/deeprobotics/daiyang/vla/third_party/ETP-R1/data/scene_datasets/mp3d/82sE5b5pLXE/82sE5b5pLXE.navmesh
I0918 23:06:58.451887 1593316 Simulator.cpp:158] Loaded.
I0918 23:06:58.451894 1593316 SceneGraph.h:93] Created DrawableGroup: 
Renderer: NVIDIA GeForce RTX 5090/PCIe/SSE2 by NVIDIA Corporation
OpenGL version: 4.6.0 NVIDIA 580.126.09
Using optional features:
    GL_ARB_ES2_compatibility
    GL_ARB_direct_state_access
    GL_ARB_get_texture_sub_image
    GL_ARB_invalidate_subdata
    GL_ARB_multi_bind
    GL_ARB_robustness
    GL_ARB_separate_shader_objects
    GL_ARB_texture_filter_anisotropic
    GL_ARB_texture_storage
    GL_ARB_texture_storage_multisample
    GL_ARB_vertex_array_object
    GL_KHR_debug
Using driver workarounds:
    no-forward-compatible-core-context
    nv-egl-incorrect-gl11-function-pointers
    no-layout-qualifiers-on-old-glsl
    nv-zero-context-profile-mask
    nv-implementation-color-read-format-dsa-broken
    nv-cubemap-inconsistent-compressed-image-size
    nv-cubemap-broken-full-compressed-image-query
    nv-compressed-block-size-in-bits
I0918 23:06:58.456342 1593316 ResourceManager.cpp:234] ResourceManager::loadStage : Not loading semantic mesh
I0918 23:06:58.456351 1593316 ResourceManager.cpp:262] ResourceManager::loadStage : start load render asset /mnt/data_nas/deeprobotics/daiyang/vla/third_party/ETP-R1/data/scene_datasets/mp3d/82sE5b5pLXE/82sE5b5pLXE.glb.
I0918 23:06:58.456354 1593316 ResourceManager.cpp:569] ResourceManager::loadStageInternal : Attempting to load stage /mnt/data_nas/deeprobotics/daiyang/vla/third_party/ETP-R1/data/scene_datasets/mp3d/82sE5b5pLXE/82sE5b5pLXE.glb 
I0918 23:06:58.456374 1593316 ResourceManager.cpp:1119] Importing Basis files as BC7 for 82sE5b5pLXE.glb
W0918 23:07:00.677850 1593316 Simulator.cpp:248] :
---
 The active scene does not contain semantic annotations. 
---
I0918 23:07:00.715646 1593316 simulator.py:213] Loaded navmesh /mnt/data_nas/deeprobotics/daiyang/vla/third_party/ETP-R1/data/scene_datasets/mp3d/82sE5b5pLXE/82sE5b5pLXE.navmesh
I0918 23:10:03.612179 1593316 PhysicsManager.cpp:33] Deconstructing PhysicsManager
I0918 23:10:03.612243 1593316 SemanticScene.h:41] Deconstructing SemanticScene
I0918 23:10:03.614372 1593316 SceneManager.h:25] Deconstructing SceneManager
I0918 23:10:03.614382 1593316 SceneGraph.h:26] Deconstructing SceneGraph
I0918 23:10:03.614693 1593316 Sensor.h:87] Deconstructing Sensor
I0918 23:10:03.619272 1593316 Renderer.cpp:34] Deconstructing Renderer
I0918 23:10:03.619302 1593316 WindowlessContext.h:17] Deconstructing WindowlessContext
I0918 23:10:03.624008 1593316 ManagedContainerBase.cpp:19] ManagedContainerBase::convertFilenameToJSON : Filename : default changed to proposed JSON configuration filename : default.scene_dataset_config.json
I0918 23:10:03.624027 1593316 AttributesManagerBase.h:283] AttributesManager<T>::createFromJsonOrDefaultInternal  (Dataset) : Proposing JSON name : default.scene_dataset_config.json from original name : default | This file  does not exist.
I0918 23:10:03.624701 1593316 AssetAttributesManager.cpp:117] Asset attributes (capsule3DSolid : capsule3DSolid_hemiRings_4_cylRings_1_segments_12_halfLen_0.75_useTexCoords_false_useTangents_false) created and registered.
I0918 23:10:03.624729 1593316 AssetAttributesManager.cpp:117] Asset attributes (capsule3DWireframe : capsule3DWireframe_hemiRings_8_cylRings_1_segments_16_halfLen_1) created and registered.
I0918 23:10:03.624758 1593316 AssetAttributesManager.cpp:117] Asset attributes (coneSolid : coneSolid_segments_12_halfLen_1.25_rings_1_useTexCoords_false_useTangents_false_capEnd_true) created and registered.
I0918 23:10:03.624771 1593316 AssetAttributesManager.cpp:117] Asset attributes (coneWireframe : coneWireframe_segments_32_halfLen_1.25) created and registered.
I0918 23:10:03.624780 1593316 AssetAttributesManager.cpp:117] Asset attributes (cubeSolid : cubeSolid) created and registered.
I0918 23:10:03.624786 1593316 AssetAttributesManager.cpp:117] Asset attributes (cubeWireframe : cubeWireframe) created and registered.
I0918 23:10:03.624806 1593316 AssetAttributesManager.cpp:117] Asset attributes (cylinderSolid : cylinderSolid_rings_1_segments_12_halfLen_1_useTexCoords_false_useTangents_false_capEnds_true) created and registered.
I0918 23:10:03.624823 1593316 AssetAttributesManager.cpp:117] Asset attributes (cylinderWireframe : cylinderWireframe_rings_1_segments_32_halfLen_1) created and registered.
I0918 23:10:03.624835 1593316 AssetAttributesManager.cpp:117] Asset attributes (icosphereSolid : icosphereSolid_subdivs_1) created and registered.
I0918 23:10:03.624843 1593316 AssetAttributesManager.cpp:117] Asset attributes (icosphereWireframe : icosphereWireframe_subdivs_1) created and registered.
I0918 23:10:03.624856 1593316 AssetAttributesManager.cpp:117] Asset attributes (uvSphereSolid : uvSphereSolid_rings_8_segments_16_useTexCoords_false_useTangents_false) created and registered.
I0918 23:10:03.624868 1593316 AssetAttributesManager.cpp:117] Asset attributes (uvSphereWireframe : uvSphereWireframe_rings_16_segments_32) created and registered.
I0918 23:10:03.624876 1593316 AssetAttributesManager.cpp:105] AssetAttributesManager::buildCtorFuncPtrMaps : Built default primitive asset templates : 12
I0918 23:10:03.625286 1593316 SceneDatasetAttributesManager.cpp:23] File (default) not found, so new default dataset attributes created and registered.
I0918 23:10:03.625288 1593316 MetadataMediator.cpp:47] MetadataMediator::createDataset : Dataset default successfully created.
I0918 23:10:03.625487 1593316 AttributesManagerBase.h:283] AttributesManager<T>::createFromJsonOrDefaultInternal  (Physics Manager) : Proposing JSON name : ./data/default.physics_config.json from original name : ./data/default.physics_config.json | This file  does not exist.
I0918 23:10:03.625499 1593316 PhysicsAttributesManager.cpp:27] File (./data/default.physics_config.json) not found, so new default physics manager attributes created and registered.
I0918 23:10:03.625502 1593316 AbstractObjectAttributesManagerBase.h:175] AbstractObjectAttributesManager<T>::createObject  (Stage) : Making attributes with handle : /mnt/data_nas/deeprobotics/daiyang/vla/third_party/ETP-R1/data/scene_datasets/mp3d/B6ByNegPMKs/B6ByNegPMKs.glb
I0918 23:10:03.625507 1593316 ManagedContainerBase.cpp:19] ManagedContainerBase::convertFilenameToJSON : Filename : /mnt/data_nas/deeprobotics/daiyang/vla/third_party/ETP-R1/data/scene_datasets/mp3d/B6ByNegPMKs/B6ByNegPMKs.glb changed to proposed JSON configuration filename : /mnt/data_nas/deeprobotics/daiyang/vla/third_party/ETP-R1/data/scene_datasets/mp3d/B6ByNegPMKs/B6ByNegPMKs.stage_config.json
I0918 23:10:03.625519 1593316 AttributesManagerBase.h:283] AttributesManager<T>::createFromJsonOrDefaultInternal  (Stage) : Proposing JSON name : /mnt/data_nas/deeprobotics/daiyang/vla/third_party/ETP-R1/data/scene_datasets/mp3d/B6ByNegPMKs/B6ByNegPMKs.stage_config.json from original name : /mnt/data_nas/deeprobotics/daiyang/vla/third_party/ETP-R1/data/scene_datasets/mp3d/B6ByNegPMKs/B6ByNegPMKs.glb | This file  does not exist.
I0918 23:10:03.625566 1593316 AbstractObjectAttributesManagerBase.h:181] AbstractObjectAttributesManager<T>::createObject  (Stage) : Done making attributes with handle : /mnt/data_nas/deeprobotics/daiyang/vla/third_party/ETP-R1/data/scene_datasets/mp3d/B6ByNegPMKs/B6ByNegPMKs.glb
I0918 23:10:03.625571 1593316 AbstractObjectAttributesManagerBase.h:188] File (/mnt/data_nas/deeprobotics/daiyang/vla/third_party/ETP-R1/data/scene_datasets/mp3d/B6ByNegPMKs/B6ByNegPMKs.glb) exists but is not a recognized config filename extension, so new default Stage attributes created and registered.
I0918 23:10:03.625576 1593316 Simulator.cpp:156] Loading navmesh from /mnt/data_nas/deeprobotics/daiyang/vla/third_party/ETP-R1/data/scene_datasets/mp3d/B6ByNegPMKs/B6ByNegPMKs.navmesh
I0918 23:10:03.626904 1593316 Simulator.cpp:158] Loaded.
I0918 23:10:03.626914 1593316 SceneGraph.h:93] Created DrawableGroup: 
Renderer: NVIDIA GeForce RTX 5090/PCIe/SSE2 by NVIDIA Corporation
OpenGL version: 4.6.0 NVIDIA 580.126.09
Using optional features:
    GL_ARB_ES2_compatibility
    GL_ARB_direct_state_access
    GL_ARB_get_texture_sub_image
    GL_ARB_invalidate_subdata
    GL_ARB_multi_bind
    GL_ARB_robustness
    GL_ARB_separate_shader_objects
    GL_ARB_texture_filter_anisotropic
    GL_ARB_texture_storage
    GL_ARB_texture_storage_multisample
    GL_ARB_vertex_array_object
    GL_KHR_debug
Using driver workarounds:
    no-forward-compatible-core-context
    nv-egl-incorrect-gl11-function-pointers
    no-layout-qualifiers-on-old-glsl
    nv-zero-context-profile-mask
    nv-implementation-color-read-format-dsa-broken
    nv-cubemap-inconsistent-compressed-image-size
    nv-cubemap-broken-full-compressed-image-query
    nv-compressed-block-size-in-bits
I0918 23:10:03.630501 1593316 ResourceManager.cpp:234] ResourceManager::loadStage : Not loading semantic mesh
I0918 23:10:03.630509 1593316 ResourceManager.cpp:262] ResourceManager::loadStage : start load render asset /mnt/data_nas/deeprobotics/daiyang/vla/third_party/ETP-R1/data/scene_datasets/mp3d/B6ByNegPMKs/B6ByNegPMKs.glb.
I0918 23:10:03.630511 1593316 ResourceManager.cpp:569] ResourceManager::loadStageInternal : Attempting to load stage /mnt/data_nas/deeprobotics/daiyang/vla/third_party/ETP-R1/data/scene_datasets/mp3d/B6ByNegPMKs/B6ByNegPMKs.glb 
I0918 23:10:03.630527 1593316 ResourceManager.cpp:1119] Importing Basis files as BC7 for B6ByNegPMKs.glb
W0918 23:10:13.515672 1593316 Simulator.cpp:248] :
---
 The active scene does not contain semantic annotations. 
---
I0918 23:10:13.716210 1593316 simulator.py:213] Loaded navmesh /mnt/data_nas/deeprobotics/daiyang/vla/third_party/ETP-R1/data/scene_datasets/mp3d/B6ByNegPMKs/B6ByNegPMKs.navmesh
I0918 23:11:31.042029 1593316 PhysicsManager.cpp:33] Deconstructing PhysicsManager
I0918 23:11:31.042073 1593316 SemanticScene.h:41] Deconstructing SemanticScene
I0918 23:11:31.062867 1593316 SceneManager.h:25] Deconstructing SceneManager
I0918 23:11:31.062887 1593316 SceneGraph.h:26] Deconstructing SceneGraph
I0918 23:11:31.063454 1593316 Sensor.h:87] Deconstructing Sensor
I0918 23:11:31.082201 1593316 Renderer.cpp:34] Deconstructing Renderer
I0918 23:11:31.082242 1593316 WindowlessContext.h:17] Deconstructing WindowlessContext
I0918 23:11:31.104004 1593316 ManagedContainerBase.cpp:19] ManagedContainerBase::convertFilenameToJSON : Filename : default changed to proposed JSON configuration filename : default.scene_dataset_config.json
I0918 23:11:31.104030 1593316 AttributesManagerBase.h:283] AttributesManager<T>::createFromJsonOrDefaultInternal  (Dataset) : Proposing JSON name : default.scene_dataset_config.json from original name : default | This file  does not exist.
I0918 23:11:31.104372 1593316 AssetAttributesManager.cpp:117] Asset attributes (capsule3DSolid : capsule3DSolid_hemiRings_4_cylRings_1_segments_12_halfLen_0.75_useTexCoords_false_useTangents_false) created and registered.
I0918 23:11:31.104401 1593316 AssetAttributesManager.cpp:117] Asset attributes (capsule3DWireframe : capsule3DWireframe_hemiRings_8_cylRings_1_segments_16_halfLen_1) created and registered.
I0918 23:11:31.104426 1593316 AssetAttributesManager.cpp:117] Asset attributes (coneSolid : coneSolid_segments_12_halfLen_1.25_rings_1_useTexCoords_false_useTangents_false_capEnd_true) created and registered.
I0918 23:11:31.104441 1593316 AssetAttributesManager.cpp:117] Asset attributes (coneWireframe : coneWireframe_segments_32_halfLen_1.25) created and registered.
I0918 23:11:31.104460 1593316 AssetAttributesManager.cpp:117] Asset attributes (cubeSolid : cubeSolid) created and registered.
I0918 23:11:31.104465 1593316 AssetAttributesManager.cpp:117] Asset attributes (cubeWireframe : cubeWireframe) created and registered.
I0918 23:11:31.104486 1593316 AssetAttributesManager.cpp:117] Asset attributes (cylinderSolid : cylinderSolid_rings_1_segments_12_halfLen_1_useTexCoords_false_useTangents_false_capEnds_true) created and registered.
I0918 23:11:31.104504 1593316 AssetAttributesManager.cpp:117] Asset attributes (cylinderWireframe : cylinderWireframe_rings_1_segments_32_halfLen_1) created and registered.
I0918 23:11:31.104516 1593316 AssetAttributesManager.cpp:117] Asset attributes (icosphereSolid : icosphereSolid_subdivs_1) created and registered.
I0918 23:11:31.104524 1593316 AssetAttributesManager.cpp:117] Asset attributes (icosphereWireframe : icosphereWireframe_subdivs_1) created and registered.
I0918 23:11:31.104540 1593316 AssetAttributesManager.cpp:117] Asset attributes (uvSphereSolid : uvSphereSolid_rings_8_segments_16_useTexCoords_false_useTangents_false) created and registered.
I0918 23:11:31.104553 1593316 AssetAttributesManager.cpp:117] Asset attributes (uvSphereWireframe : uvSphereWireframe_rings_16_segments_32) created and registered.
I0918 23:11:31.104560 1593316 AssetAttributesManager.cpp:105] AssetAttributesManager::buildCtorFuncPtrMaps : Built default primitive asset templates : 12
I0918 23:11:31.104992 1593316 SceneDatasetAttributesManager.cpp:23] File (default) not found, so new default dataset attributes created and registered.
I0918 23:11:31.104995 1593316 MetadataMediator.cpp:47] MetadataMediator::createDataset : Dataset default successfully created.
I0918 23:11:31.105219 1593316 AttributesManagerBase.h:283] AttributesManager<T>::createFromJsonOrDefaultInternal  (Physics Manager) : Proposing JSON name : ./data/default.physics_config.json from original name : ./data/default.physics_config.json | This file  does not exist.
I0918 23:11:31.105234 1593316 PhysicsAttributesManager.cpp:27] File (./data/default.physics_config.json) not found, so new default physics manager attributes created and registered.
I0918 23:11:31.105237 1593316 AbstractObjectAttributesManagerBase.h:175] AbstractObjectAttributesManager<T>::createObject  (Stage) : Making attributes with handle : /mnt/data_nas/deeprobotics/daiyang/vla/third_party/ETP-R1/data/scene_datasets/mp3d/PuKPg4mmafe/PuKPg4mmafe.glb
I0918 23:11:31.105242 1593316 ManagedContainerBase.cpp:19] ManagedContainerBase::convertFilenameToJSON : Filename : /mnt/data_nas/deeprobotics/daiyang/vla/third_party/ETP-R1/data/scene_datasets/mp3d/PuKPg4mmafe/PuKPg4mmafe.glb changed to proposed JSON configuration filename : /mnt/data_nas/deeprobotics/daiyang/vla/third_party/ETP-R1/data/scene_datasets/mp3d/PuKPg4mmafe/PuKPg4mmafe.stage_config.json
I0918 23:11:31.105254 1593316 AttributesManagerBase.h:283] AttributesManager<T>::createFromJsonOrDefaultInternal  (Stage) : Proposing JSON name : /mnt/data_nas/deeprobotics/daiyang/vla/third_party/ETP-R1/data/scene_datasets/mp3d/PuKPg4mmafe/PuKPg4mmafe.stage_config.json from original name : /mnt/data_nas/deeprobotics/daiyang/vla/third_party/ETP-R1/data/scene_datasets/mp3d/PuKPg4mmafe/PuKPg4mmafe.glb | This file  does not exist.
I0918 23:11:31.105309 1593316 AbstractObjectAttributesManagerBase.h:181] AbstractObjectAttributesManager<T>::createObject  (Stage) : Done making attributes with handle : /mnt/data_nas/deeprobotics/daiyang/vla/third_party/ETP-R1/data/scene_datasets/mp3d/PuKPg4mmafe/PuKPg4mmafe.glb
I0918 23:11:31.105311 1593316 AbstractObjectAttributesManagerBase.h:188] File (/mnt/data_nas/deeprobotics/daiyang/vla/third_party/ETP-R1/data/scene_datasets/mp3d/PuKPg4mmafe/PuKPg4mmafe.glb) exists but is not a recognized config filename extension, so new default Stage attributes created and registered.
I0918 23:11:31.105316 1593316 Simulator.cpp:156] Loading navmesh from /mnt/data_nas/deeprobotics/daiyang/vla/third_party/ETP-R1/data/scene_datasets/mp3d/PuKPg4mmafe/PuKPg4mmafe.navmesh
I0918 23:11:31.106498 1593316 Simulator.cpp:158] Loaded.
I0918 23:11:31.106508 1593316 SceneGraph.h:93] Created DrawableGroup: 
Renderer: NVIDIA GeForce RTX 5090/PCIe/SSE2 by NVIDIA Corporation
OpenGL version: 4.6.0 NVIDIA 580.126.09
Using optional features:
    GL_ARB_ES2_compatibility
    GL_ARB_direct_state_access
    GL_ARB_get_texture_sub_image
    GL_ARB_invalidate_subdata
    GL_ARB_multi_bind
    GL_ARB_robustness
    GL_ARB_separate_shader_objects
    GL_ARB_texture_filter_anisotropic
    GL_ARB_texture_storage
    GL_ARB_texture_storage_multisample
    GL_ARB_vertex_array_object
    GL_KHR_debug
Using driver workarounds:
    no-forward-compatible-core-context
    nv-egl-incorrect-gl11-function-pointers
    no-layout-qualifiers-on-old-glsl
    nv-zero-context-profile-mask
    nv-implementation-color-read-format-dsa-broken
    nv-cubemap-inconsistent-compressed-image-size
    nv-cubemap-broken-full-compressed-image-query
    nv-compressed-block-size-in-bits
I0918 23:11:31.110484 1593316 ResourceManager.cpp:234] ResourceManager::loadStage : Not loading semantic mesh
I0918 23:11:31.110494 1593316 ResourceManager.cpp:262] ResourceManager::loadStage : start load render asset /mnt/data_nas/deeprobotics/daiyang/vla/third_party/ETP-R1/data/scene_datasets/mp3d/PuKPg4mmafe/PuKPg4mmafe.glb.
I0918 23:11:31.110497 1593316 ResourceManager.cpp:569] ResourceManager::loadStageInternal : Attempting to load stage /mnt/data_nas/deeprobotics/daiyang/vla/third_party/ETP-R1/data/scene_datasets/mp3d/PuKPg4mmafe/PuKPg4mmafe.glb 
I0918 23:11:31.110515 1593316 ResourceManager.cpp:1119] Importing Basis files as BC7 for PuKPg4mmafe.glb
W0918 23:11:35.841380 1593316 Simulator.cpp:248] :
---
 The active scene does not contain semantic annotations. 
---
I0918 23:11:35.863222 1593316 simulator.py:213] Loaded navmesh /mnt/data_nas/deeprobotics/daiyang/vla/third_party/ETP-R1/data/scene_datasets/mp3d/PuKPg4mmafe/PuKPg4mmafe.navmesh
I0918 23:14:40.923261 1593316 PhysicsManager.cpp:33] Deconstructing PhysicsManager
I0918 23:14:40.923333 1593316 SemanticScene.h:41] Deconstructing SemanticScene
I0918 23:14:40.924605 1593316 SceneManager.h:25] Deconstructing SceneManager
I0918 23:14:40.924611 1593316 SceneGraph.h:26] Deconstructing SceneGraph
I0918 23:14:40.924942 1593316 Sensor.h:87] Deconstructing Sensor
I0918 23:14:40.935753 1593316 Renderer.cpp:34] Deconstructing Renderer
I0918 23:14:40.935786 1593316 WindowlessContext.h:17] Deconstructing WindowlessContext
I0918 23:14:40.948132 1593316 ManagedContainerBase.cpp:19] ManagedContainerBase::convertFilenameToJSON : Filename : default changed to proposed JSON configuration filename : default.scene_dataset_config.json
I0918 23:14:40.948153 1593316 AttributesManagerBase.h:283] AttributesManager<T>::createFromJsonOrDefaultInternal  (Dataset) : Proposing JSON name : default.scene_dataset_config.json from original name : default | This file  does not exist.
I0918 23:14:40.948319 1593316 AssetAttributesManager.cpp:117] Asset attributes (capsule3DSolid : capsule3DSolid_hemiRings_4_cylRings_1_segments_12_halfLen_0.75_useTexCoords_false_useTangents_false) created and registered.
I0918 23:14:40.948349 1593316 AssetAttributesManager.cpp:117] Asset attributes (capsule3DWireframe : capsule3DWireframe_hemiRings_8_cylRings_1_segments_16_halfLen_1) created and registered.
I0918 23:14:40.948374 1593316 AssetAttributesManager.cpp:117] Asset attributes (coneSolid : coneSolid_segments_12_halfLen_1.25_rings_1_useTexCoords_false_useTangents_false_capEnd_true) created and registered.
I0918 23:14:40.948390 1593316 AssetAttributesManager.cpp:117] Asset attributes (coneWireframe : coneWireframe_segments_32_halfLen_1.25) created and registered.
I0918 23:14:40.948398 1593316 AssetAttributesManager.cpp:117] Asset attributes (cubeSolid : cubeSolid) created and registered.
I0918 23:14:40.948405 1593316 AssetAttributesManager.cpp:117] Asset attributes (cubeWireframe : cubeWireframe) created and registered.
I0918 23:14:40.948426 1593316 AssetAttributesManager.cpp:117] Asset attributes (cylinderSolid : cylinderSolid_rings_1_segments_12_halfLen_1_useTexCoords_false_useTangents_false_capEnds_true) created and registered.
I0918 23:14:40.948451 1593316 AssetAttributesManager.cpp:117] Asset attributes (cylinderWireframe : cylinderWireframe_rings_1_segments_32_halfLen_1) created and registered.
I0918 23:14:40.948463 1593316 AssetAttributesManager.cpp:117] Asset attributes (icosphereSolid : icosphereSolid_subdivs_1) created and registered.
I0918 23:14:40.948472 1593316 AssetAttributesManager.cpp:117] Asset attributes (icosphereWireframe : icosphereWireframe_subdivs_1) created and registered.
I0918 23:14:40.948487 1593316 AssetAttributesManager.cpp:117] Asset attributes (uvSphereSolid : uvSphereSolid_rings_8_segments_16_useTexCoords_false_useTangents_false) created and registered.
I0918 23:14:40.948500 1593316 AssetAttributesManager.cpp:117] Asset attributes (uvSphereWireframe : uvSphereWireframe_rings_16_segments_32) created and registered.
I0918 23:14:40.948508 1593316 AssetAttributesManager.cpp:105] AssetAttributesManager::buildCtorFuncPtrMaps : Built default primitive asset templates : 12
I0918 23:14:40.948930 1593316 SceneDatasetAttributesManager.cpp:23] File (default) not found, so new default dataset attributes created and registered.
I0918 23:14:40.948932 1593316 MetadataMediator.cpp:47] MetadataMediator::createDataset : Dataset default successfully created.
I0918 23:14:40.949170 1593316 AttributesManagerBase.h:283] AttributesManager<T>::createFromJsonOrDefaultInternal  (Physics Manager) : Proposing JSON name : ./data/default.physics_config.json from original name : ./data/default.physics_config.json | This file  does not exist.
I0918 23:14:40.949183 1593316 PhysicsAttributesManager.cpp:27] File (./data/default.physics_config.json) not found, so new default physics manager attributes created and registered.
I0918 23:14:40.949187 1593316 AbstractObjectAttributesManagerBase.h:175] AbstractObjectAttributesManager<T>::createObject  (Stage) : Making attributes with handle : /mnt/data_nas/deeprobotics/daiyang/vla/third_party/ETP-R1/data/scene_datasets/mp3d/aayBHfsNo7d/aayBHfsNo7d.glb
I0918 23:14:40.949191 1593316 ManagedContainerBase.cpp:19] ManagedContainerBase::convertFilenameToJSON : Filename : /mnt/data_nas/deeprobotics/daiyang/vla/third_party/ETP-R1/data/scene_datasets/mp3d/aayBHfsNo7d/aayBHfsNo7d.glb changed to proposed JSON configuration filename : /mnt/data_nas/deeprobotics/daiyang/vla/third_party/ETP-R1/data/scene_datasets/mp3d/aayBHfsNo7d/aayBHfsNo7d.stage_config.json
I0918 23:14:40.949203 1593316 AttributesManagerBase.h:283] AttributesManager<T>::createFromJsonOrDefaultInternal  (Stage) : Proposing JSON name : /mnt/data_nas/deeprobotics/daiyang/vla/third_party/ETP-R1/data/scene_datasets/mp3d/aayBHfsNo7d/aayBHfsNo7d.stage_config.json from original name : /mnt/data_nas/deeprobotics/daiyang/vla/third_party/ETP-R1/data/scene_datasets/mp3d/aayBHfsNo7d/aayBHfsNo7d.glb | This file  does not exist.
I0918 23:14:40.949254 1593316 AbstractObjectAttributesManagerBase.h:181] AbstractObjectAttributesManager<T>::createObject  (Stage) : Done making attributes with handle : /mnt/data_nas/deeprobotics/daiyang/vla/third_party/ETP-R1/data/scene_datasets/mp3d/aayBHfsNo7d/aayBHfsNo7d.glb
I0918 23:14:40.949255 1593316 AbstractObjectAttributesManagerBase.h:188] File (/mnt/data_nas/deeprobotics/daiyang/vla/third_party/ETP-R1/data/scene_datasets/mp3d/aayBHfsNo7d/aayBHfsNo7d.glb) exists but is not a recognized config filename extension, so new default Stage attributes created and registered.
I0918 23:14:40.949260 1593316 Simulator.cpp:156] Loading navmesh from /mnt/data_nas/deeprobotics/daiyang/vla/third_party/ETP-R1/data/scene_datasets/mp3d/aayBHfsNo7d/aayBHfsNo7d.navmesh
I0918 23:14:40.950021 1593316 Simulator.cpp:158] Loaded.
I0918 23:14:40.950028 1593316 SceneGraph.h:93] Created DrawableGroup: 
Renderer: NVIDIA GeForce RTX 5090/PCIe/SSE2 by NVIDIA Corporation
OpenGL version: 4.6.0 NVIDIA 580.126.09
Using optional features:
    GL_ARB_ES2_compatibility
    GL_ARB_direct_state_access
    GL_ARB_get_texture_sub_image
    GL_ARB_invalidate_subdata
    GL_ARB_multi_bind
    GL_ARB_robustness
    GL_ARB_separate_shader_objects
    GL_ARB_texture_filter_anisotropic
    GL_ARB_texture_storage
    GL_ARB_texture_storage_multisample
    GL_ARB_vertex_array_object
    GL_KHR_debug
Using driver workarounds:
    no-forward-compatible-core-context
    nv-egl-incorrect-gl11-function-pointers
    no-layout-qualifiers-on-old-glsl
    nv-zero-context-profile-mask
    nv-implementation-color-read-format-dsa-broken
    nv-cubemap-inconsistent-compressed-image-size
    nv-cubemap-broken-full-compressed-image-query
    nv-compressed-block-size-in-bits
I0918 23:14:40.953922 1593316 ResourceManager.cpp:234] ResourceManager::loadStage : Not loading semantic mesh
I0918 23:14:40.953933 1593316 ResourceManager.cpp:262] ResourceManager::loadStage : start load render asset /mnt/data_nas/deeprobotics/daiyang/vla/third_party/ETP-R1/data/scene_datasets/mp3d/aayBHfsNo7d/aayBHfsNo7d.glb.
I0918 23:14:40.953934 1593316 ResourceManager.cpp:569] ResourceManager::loadStageInternal : Attempting to load stage /mnt/data_nas/deeprobotics/daiyang/vla/third_party/ETP-R1/data/scene_datasets/mp3d/aayBHfsNo7d/aayBHfsNo7d.glb 
I0918 23:14:40.953951 1593316 ResourceManager.cpp:1119] Importing Basis files as BC7 for aayBHfsNo7d.glb
W0918 23:14:42.637029 1593316 Simulator.cpp:248] :
---
 The active scene does not contain semantic annotations. 
---
I0918 23:14:42.679851 1593316 simulator.py:213] Loaded navmesh /mnt/data_nas/deeprobotics/daiyang/vla/third_party/ETP-R1/data/scene_datasets/mp3d/aayBHfsNo7d/aayBHfsNo7d.navmesh
I0918 23:17:42.481709 1593316 PhysicsManager.cpp:33] Deconstructing PhysicsManager
I0918 23:17:42.481777 1593316 SemanticScene.h:41] Deconstructing SemanticScene
I0918 23:17:42.485683 1593316 SceneManager.h:25] Deconstructing SceneManager
I0918 23:17:42.485697 1593316 SceneGraph.h:26] Deconstructing SceneGraph
I0918 23:17:42.486415 1593316 Sensor.h:87] Deconstructing Sensor
I0918 23:17:42.490495 1593316 Renderer.cpp:34] Deconstructing Renderer
I0918 23:17:42.490523 1593316 WindowlessContext.h:17] Deconstructing WindowlessContext
I0918 23:17:42.496632 1593316 ManagedContainerBase.cpp:19] ManagedContainerBase::convertFilenameToJSON : Filename : default changed to proposed JSON configuration filename : default.scene_dataset_config.json
I0918 23:17:42.496651 1593316 AttributesManagerBase.h:283] AttributesManager<T>::createFromJsonOrDefaultInternal  (Dataset) : Proposing JSON name : default.scene_dataset_config.json from original name : default | This file  does not exist.
I0918 23:17:42.497287 1593316 AssetAttributesManager.cpp:117] Asset attributes (capsule3DSolid : capsule3DSolid_hemiRings_4_cylRings_1_segments_12_halfLen_0.75_useTexCoords_false_useTangents_false) created and registered.
I0918 23:17:42.497318 1593316 AssetAttributesManager.cpp:117] Asset attributes (capsule3DWireframe : capsule3DWireframe_hemiRings_8_cylRings_1_segments_16_halfLen_1) created and registered.
I0918 23:17:42.497340 1593316 AssetAttributesManager.cpp:117] Asset attributes (coneSolid : coneSolid_segments_12_halfLen_1.25_rings_1_useTexCoords_false_useTangents_false_capEnd_true) created and registered.
I0918 23:17:42.497355 1593316 AssetAttributesManager.cpp:117] Asset attributes (coneWireframe : coneWireframe_segments_32_halfLen_1.25) created and registered.
I0918 23:17:42.497365 1593316 AssetAttributesManager.cpp:117] Asset attributes (cubeSolid : cubeSolid) created and registered.
I0918 23:17:42.497371 1593316 AssetAttributesManager.cpp:117] Asset attributes (cubeWireframe : cubeWireframe) created and registered.
I0918 23:17:42.497390 1593316 AssetAttributesManager.cpp:117] Asset attributes (cylinderSolid : cylinderSolid_rings_1_segments_12_halfLen_1_useTexCoords_false_useTangents_false_capEnds_true) created and registered.
I0918 23:17:42.497408 1593316 AssetAttributesManager.cpp:117] Asset attributes (cylinderWireframe : cylinderWireframe_rings_1_segments_32_halfLen_1) created and registered.
I0918 23:17:42.497419 1593316 AssetAttributesManager.cpp:117] Asset attributes (icosphereSolid : icosphereSolid_subdivs_1) created and registered.
I0918 23:17:42.497434 1593316 AssetAttributesManager.cpp:117] Asset attributes (icosphereWireframe : icosphereWireframe_subdivs_1) created and registered.
I0918 23:17:42.497448 1593316 AssetAttributesManager.cpp:117] Asset attributes (uvSphereSolid : uvSphereSolid_rings_8_segments_16_useTexCoords_false_useTangents_false) created and registered.
I0918 23:17:42.497462 1593316 AssetAttributesManager.cpp:117] Asset attributes (uvSphereWireframe : uvSphereWireframe_rings_16_segments_32) created and registered.
I0918 23:17:42.497468 1593316 AssetAttributesManager.cpp:105] AssetAttributesManager::buildCtorFuncPtrMaps : Built default primitive asset templates : 12
I0918 23:17:42.497881 1593316 SceneDatasetAttributesManager.cpp:23] File (default) not found, so new default dataset attributes created and registered.
I0918 23:17:42.497884 1593316 MetadataMediator.cpp:47] MetadataMediator::createDataset : Dataset default successfully created.
I0918 23:17:42.499123 1593316 AttributesManagerBase.h:283] AttributesManager<T>::createFromJsonOrDefaultInternal  (Physics Manager) : Proposing JSON name : ./data/default.physics_config.json from original name : ./data/default.physics_config.json | This file  does not exist.
I0918 23:17:42.499138 1593316 PhysicsAttributesManager.cpp:27] File (./data/default.physics_config.json) not found, so new default physics manager attributes created and registered.
I0918 23:17:42.499141 1593316 AbstractObjectAttributesManagerBase.h:175] AbstractObjectAttributesManager<T>::createObject  (Stage) : Making attributes with handle : /mnt/data_nas/deeprobotics/daiyang/vla/third_party/ETP-R1/data/scene_datasets/mp3d/82sE5b5pLXE/82sE5b5pLXE.glb
I0918 23:17:42.499146 1593316 ManagedContainerBase.cpp:19] ManagedContainerBase::convertFilenameToJSON : Filename : /mnt/data_nas/deeprobotics/daiyang/vla/third_party/ETP-R1/data/scene_datasets/mp3d/82sE5b5pLXE/82sE5b5pLXE.glb changed to proposed JSON configuration filename : /mnt/data_nas/deeprobotics/daiyang/vla/third_party/ETP-R1/data/scene_datasets/mp3d/82sE5b5pLXE/82sE5b5pLXE.stage_config.json
I0918 23:17:42.502941 1593316 AttributesManagerBase.h:283] AttributesManager<T>::createFromJsonOrDefaultInternal  (Stage) : Proposing JSON name : /mnt/data_nas/deeprobotics/daiyang/vla/third_party/ETP-R1/data/scene_datasets/mp3d/82sE5b5pLXE/82sE5b5pLXE.stage_config.json from original name : /mnt/data_nas/deeprobotics/daiyang/vla/third_party/ETP-R1/data/scene_datasets/mp3d/82sE5b5pLXE/82sE5b5pLXE.glb | This file  does not exist.
I0918 23:17:42.502995 1593316 AbstractObjectAttributesManagerBase.h:181] AbstractObjectAttributesManager<T>::createObject  (Stage) : Done making attributes with handle : /mnt/data_nas/deeprobotics/daiyang/vla/third_party/ETP-R1/data/scene_datasets/mp3d/82sE5b5pLXE/82sE5b5pLXE.glb
I0918 23:17:42.502996 1593316 AbstractObjectAttributesManagerBase.h:188] File (/mnt/data_nas/deeprobotics/daiyang/vla/third_party/ETP-R1/data/scene_datasets/mp3d/82sE5b5pLXE/82sE5b5pLXE.glb) exists but is not a recognized config filename extension, so new default Stage attributes created and registered.
I0918 23:17:42.503001 1593316 Simulator.cpp:156] Loading navmesh from /mnt/data_nas/deeprobotics/daiyang/vla/third_party/ETP-R1/data/scene_datasets/mp3d/82sE5b5pLXE/82sE5b5pLXE.navmesh
I0918 23:17:42.504009 1593316 Simulator.cpp:158] Loaded.
I0918 23:17:42.504017 1593316 SceneGraph.h:93] Created DrawableGroup: 
Renderer: NVIDIA GeForce RTX 5090/PCIe/SSE2 by NVIDIA Corporation
OpenGL version: 4.6.0 NVIDIA 580.126.09
Using optional features:
    GL_ARB_ES2_compatibility
    GL_ARB_direct_state_access
    GL_ARB_get_texture_sub_image
    GL_ARB_invalidate_subdata
    GL_ARB_multi_bind
    GL_ARB_robustness
    GL_ARB_separate_shader_objects
    GL_ARB_texture_filter_anisotropic
    GL_ARB_texture_storage
    GL_ARB_texture_storage_multisample
    GL_ARB_vertex_array_object
    GL_KHR_debug
Using driver workarounds:
    no-forward-compatible-core-context
    nv-egl-incorrect-gl11-function-pointers
    no-layout-qualifiers-on-old-glsl
    nv-zero-context-profile-mask
    nv-implementation-color-read-format-dsa-broken
    nv-cubemap-inconsistent-compressed-image-size
    nv-cubemap-broken-full-compressed-image-query
    nv-compressed-block-size-in-bits
I0918 23:17:42.507841 1593316 ResourceManager.cpp:234] ResourceManager::loadStage : Not loading semantic mesh
I0918 23:17:42.507850 1593316 ResourceManager.cpp:262] ResourceManager::loadStage : start load render asset /mnt/data_nas/deeprobotics/daiyang/vla/third_party/ETP-R1/data/scene_datasets/mp3d/82sE5b5pLXE/82sE5b5pLXE.glb.
I0918 23:17:42.507853 1593316 ResourceManager.cpp:569] ResourceManager::loadStageInternal : Attempting to load stage /mnt/data_nas/deeprobotics/daiyang/vla/third_party/ETP-R1/data/scene_datasets/mp3d/82sE5b5pLXE/82sE5b5pLXE.glb 
I0918 23:17:42.507867 1593316 ResourceManager.cpp:1119] Importing Basis files as BC7 for 82sE5b5pLXE.glb
W0918 23:17:44.647198 1593316 Simulator.cpp:248] :
---
 The active scene does not contain semantic annotations. 
---
I0918 23:17:44.684607 1593316 simulator.py:213] Loaded navmesh /mnt/data_nas/deeprobotics/daiyang/vla/third_party/ETP-R1/data/scene_datasets/mp3d/82sE5b5pLXE/82sE5b5pLXE.navmesh
I0918 23:18:56.063222 1593316 PhysicsManager.cpp:33] Deconstructing PhysicsManager
I0918 23:18:56.063311 1593316 SemanticScene.h:41] Deconstructing SemanticScene
I0918 23:18:56.065487 1593316 SceneManager.h:25] Deconstructing SceneManager
I0918 23:18:56.065497 1593316 SceneGraph.h:26] Deconstructing SceneGraph
I0918 23:18:56.065816 1593316 Sensor.h:87] Deconstructing Sensor
I0918 23:18:56.071758 1593316 Renderer.cpp:34] Deconstructing Renderer
I0918 23:18:56.071784 1593316 WindowlessContext.h:17] Deconstructing WindowlessContext
I0918 23:18:56.080466 1593316 ManagedContainerBase.cpp:19] ManagedContainerBase::convertFilenameToJSON : Filename : default changed to proposed JSON configuration filename : default.scene_dataset_config.json
I0918 23:18:56.080483 1593316 AttributesManagerBase.h:283] AttributesManager<T>::createFromJsonOrDefaultInternal  (Dataset) : Proposing JSON name : default.scene_dataset_config.json from original name : default | This file  does not exist.
I0918 23:18:56.081038 1593316 AssetAttributesManager.cpp:117] Asset attributes (capsule3DSolid : capsule3DSolid_hemiRings_4_cylRings_1_segments_12_halfLen_0.75_useTexCoords_false_useTangents_false) created and registered.
I0918 23:18:56.081066 1593316 AssetAttributesManager.cpp:117] Asset attributes (capsule3DWireframe : capsule3DWireframe_hemiRings_8_cylRings_1_segments_16_halfLen_1) created and registered.
I0918 23:18:56.081089 1593316 AssetAttributesManager.cpp:117] Asset attributes (coneSolid : coneSolid_segments_12_halfLen_1.25_rings_1_useTexCoords_false_useTangents_false_capEnd_true) created and registered.
I0918 23:18:56.081104 1593316 AssetAttributesManager.cpp:117] Asset attributes (coneWireframe : coneWireframe_segments_32_halfLen_1.25) created and registered.
I0918 23:18:56.081113 1593316 AssetAttributesManager.cpp:117] Asset attributes (cubeSolid : cubeSolid) created and registered.
I0918 23:18:56.081120 1593316 AssetAttributesManager.cpp:117] Asset attributes (cubeWireframe : cubeWireframe) created and registered.
I0918 23:18:56.081138 1593316 AssetAttributesManager.cpp:117] Asset attributes (cylinderSolid : cylinderSolid_rings_1_segments_12_halfLen_1_useTexCoords_false_useTangents_false_capEnds_true) created and registered.
I0918 23:18:56.081156 1593316 AssetAttributesManager.cpp:117] Asset attributes (cylinderWireframe : cylinderWireframe_rings_1_segments_32_halfLen_1) created and registered.
I0918 23:18:56.081166 1593316 AssetAttributesManager.cpp:117] Asset attributes (icosphereSolid : icosphereSolid_subdivs_1) created and registered.
I0918 23:18:56.081175 1593316 AssetAttributesManager.cpp:117] Asset attributes (icosphereWireframe : icosphereWireframe_subdivs_1) created and registered.
I0918 23:18:56.081189 1593316 AssetAttributesManager.cpp:117] Asset attributes (uvSphereSolid : uvSphereSolid_rings_8_segments_16_useTexCoords_false_useTangents_false) created and registered.
I0918 23:18:56.081208 1593316 AssetAttributesManager.cpp:117] Asset attributes (uvSphereWireframe : uvSphereWireframe_rings_16_segments_32) created and registered.
I0918 23:18:56.081215 1593316 AssetAttributesManager.cpp:105] AssetAttributesManager::buildCtorFuncPtrMaps : Built default primitive asset templates : 12
I0918 23:18:56.081622 1593316 SceneDatasetAttributesManager.cpp:23] File (default) not found, so new default dataset attributes created and registered.
I0918 23:18:56.081624 1593316 MetadataMediator.cpp:47] MetadataMediator::createDataset : Dataset default successfully created.
I0918 23:18:56.081830 1593316 AttributesManagerBase.h:283] AttributesManager<T>::createFromJsonOrDefaultInternal  (Physics Manager) : Proposing JSON name : ./data/default.physics_config.json from original name : ./data/default.physics_config.json | This file  does not exist.
I0918 23:18:56.081840 1593316 PhysicsAttributesManager.cpp:27] File (./data/default.physics_config.json) not found, so new default physics manager attributes created and registered.
I0918 23:18:56.081844 1593316 AbstractObjectAttributesManagerBase.h:175] AbstractObjectAttributesManager<T>::createObject  (Stage) : Making attributes with handle : /mnt/data_nas/deeprobotics/daiyang/vla/third_party/ETP-R1/data/scene_datasets/mp3d/B6ByNegPMKs/B6ByNegPMKs.glb
I0918 23:18:56.081847 1593316 ManagedContainerBase.cpp:19] ManagedContainerBase::convertFilenameToJSON : Filename : /mnt/data_nas/deeprobotics/daiyang/vla/third_party/ETP-R1/data/scene_datasets/mp3d/B6ByNegPMKs/B6ByNegPMKs.glb changed to proposed JSON configuration filename : /mnt/data_nas/deeprobotics/daiyang/vla/third_party/ETP-R1/data/scene_datasets/mp3d/B6ByNegPMKs/B6ByNegPMKs.stage_config.json
I0918 23:18:56.081861 1593316 AttributesManagerBase.h:283] AttributesManager<T>::createFromJsonOrDefaultInternal  (Stage) : Proposing JSON name : /mnt/data_nas/deeprobotics/daiyang/vla/third_party/ETP-R1/data/scene_datasets/mp3d/B6ByNegPMKs/B6ByNegPMKs.stage_config.json from original name : /mnt/data_nas/deeprobotics/daiyang/vla/third_party/ETP-R1/data/scene_datasets/mp3d/B6ByNegPMKs/B6ByNegPMKs.glb | This file  does not exist.
I0918 23:18:56.081907 1593316 AbstractObjectAttributesManagerBase.h:181] AbstractObjectAttributesManager<T>::createObject  (Stage) : Done making attributes with handle : /mnt/data_nas/deeprobotics/daiyang/vla/third_party/ETP-R1/data/scene_datasets/mp3d/B6ByNegPMKs/B6ByNegPMKs.glb
I0918 23:18:56.081909 1593316 AbstractObjectAttributesManagerBase.h:188] File (/mnt/data_nas/deeprobotics/daiyang/vla/third_party/ETP-R1/data/scene_datasets/mp3d/B6ByNegPMKs/B6ByNegPMKs.glb) exists but is not a recognized config filename extension, so new default Stage attributes created and registered.
I0918 23:18:56.081914 1593316 Simulator.cpp:156] Loading navmesh from /mnt/data_nas/deeprobotics/daiyang/vla/third_party/ETP-R1/data/scene_datasets/mp3d/B6ByNegPMKs/B6ByNegPMKs.navmesh
I0918 23:18:56.083137 1593316 Simulator.cpp:158] Loaded.
I0918 23:18:56.083144 1593316 SceneGraph.h:93] Created DrawableGroup: 
Renderer: NVIDIA GeForce RTX 5090/PCIe/SSE2 by NVIDIA Corporation
OpenGL version: 4.6.0 NVIDIA 580.126.09
Using optional features:
    GL_ARB_ES2_compatibility
    GL_ARB_direct_state_access
    GL_ARB_get_texture_sub_image
    GL_ARB_invalidate_subdata
    GL_ARB_multi_bind
    GL_ARB_robustness
    GL_ARB_separate_shader_objects
    GL_ARB_texture_filter_anisotropic
    GL_ARB_texture_storage
    GL_ARB_texture_storage_multisample
    GL_ARB_vertex_array_object
    GL_KHR_debug
Using driver workarounds:
    no-forward-compatible-core-context
    nv-egl-incorrect-gl11-function-pointers
    no-layout-qualifiers-on-old-glsl
    nv-zero-context-profile-mask
    nv-implementation-color-read-format-dsa-broken
    nv-cubemap-inconsistent-compressed-image-size
    nv-cubemap-broken-full-compressed-image-query
    nv-compressed-block-size-in-bits
I0918 23:18:56.094478 1593316 ResourceManager.cpp:234] ResourceManager::loadStage : Not loading semantic mesh
I0918 23:18:56.094486 1593316 ResourceManager.cpp:262] ResourceManager::loadStage : start load render asset /mnt/data_nas/deeprobotics/daiyang/vla/third_party/ETP-R1/data/scene_datasets/mp3d/B6ByNegPMKs/B6ByNegPMKs.glb.
I0918 23:18:56.094492 1593316 ResourceManager.cpp:569] ResourceManager::loadStageInternal : Attempting to load stage /mnt/data_nas/deeprobotics/daiyang/vla/third_party/ETP-R1/data/scene_datasets/mp3d/B6ByNegPMKs/B6ByNegPMKs.glb 
I0918 23:18:56.094509 1593316 ResourceManager.cpp:1119] Importing Basis files as BC7 for B6ByNegPMKs.glb
W0918 23:19:05.865453 1593316 Simulator.cpp:248] :
---
 The active scene does not contain semantic annotations. 
---
I0918 23:19:06.068727 1593316 simulator.py:213] Loaded navmesh /mnt/data_nas/deeprobotics/daiyang/vla/third_party/ETP-R1/data/scene_datasets/mp3d/B6ByNegPMKs/B6ByNegPMKs.navmesh
I0918 23:20:28.403831 1593316 PhysicsManager.cpp:33] Deconstructing PhysicsManager
I0918 23:20:28.403888 1593316 SemanticScene.h:41] Deconstructing SemanticScene
I0918 23:20:28.429943 1593316 SceneManager.h:25] Deconstructing SceneManager
I0918 23:20:28.429984 1593316 SceneGraph.h:26] Deconstructing SceneGraph
I0918 23:20:28.430572 1593316 Sensor.h:87] Deconstructing Sensor
I0918 23:20:28.450554 1593316 Renderer.cpp:34] Deconstructing Renderer
I0918 23:20:28.450590 1593316 WindowlessContext.h:17] Deconstructing WindowlessContext
I0918 23:20:28.469447 1593316 ManagedContainerBase.cpp:19] ManagedContainerBase::convertFilenameToJSON : Filename : default changed to proposed JSON configuration filename : default.scene_dataset_config.json
I0918 23:20:28.469475 1593316 AttributesManagerBase.h:283] AttributesManager<T>::createFromJsonOrDefaultInternal  (Dataset) : Proposing JSON name : default.scene_dataset_config.json from original name : default | This file  does not exist.
I0918 23:20:28.469729 1593316 AssetAttributesManager.cpp:117] Asset attributes (capsule3DSolid : capsule3DSolid_hemiRings_4_cylRings_1_segments_12_halfLen_0.75_useTexCoords_false_useTangents_false) created and registered.
I0918 23:20:28.469756 1593316 AssetAttributesManager.cpp:117] Asset attributes (capsule3DWireframe : capsule3DWireframe_hemiRings_8_cylRings_1_segments_16_halfLen_1) created and registered.
I0918 23:20:28.469779 1593316 AssetAttributesManager.cpp:117] Asset attributes (coneSolid : coneSolid_segments_12_halfLen_1.25_rings_1_useTexCoords_false_useTangents_false_capEnd_true) created and registered.
I0918 23:20:28.469794 1593316 AssetAttributesManager.cpp:117] Asset attributes (coneWireframe : coneWireframe_segments_32_halfLen_1.25) created and registered.
I0918 23:20:28.469805 1593316 AssetAttributesManager.cpp:117] Asset attributes (cubeSolid : cubeSolid) created and registered.
I0918 23:20:28.469811 1593316 AssetAttributesManager.cpp:117] Asset attributes (cubeWireframe : cubeWireframe) created and registered.
I0918 23:20:28.469830 1593316 AssetAttributesManager.cpp:117] Asset attributes (cylinderSolid : cylinderSolid_rings_1_segments_12_halfLen_1_useTexCoords_false_useTangents_false_capEnds_true) created and registered.
I0918 23:20:28.469847 1593316 AssetAttributesManager.cpp:117] Asset attributes (cylinderWireframe : cylinderWireframe_rings_1_segments_32_halfLen_1) created and registered.
I0918 23:20:28.469864 1593316 AssetAttributesManager.cpp:117] Asset attributes (icosphereSolid : icosphereSolid_subdivs_1) created and registered.
I0918 23:20:28.469873 1593316 AssetAttributesManager.cpp:117] Asset attributes (icosphereWireframe : icosphereWireframe_subdivs_1) created and registered.
I0918 23:20:28.469889 1593316 AssetAttributesManager.cpp:117] Asset attributes (uvSphereSolid : uvSphereSolid_rings_8_segments_16_useTexCoords_false_useTangents_false) created and registered.
I0918 23:20:28.469903 1593316 AssetAttributesManager.cpp:117] Asset attributes (uvSphereWireframe : uvSphereWireframe_rings_16_segments_32) created and registered.
I0918 23:20:28.469913 1593316 AssetAttributesManager.cpp:105] AssetAttributesManager::buildCtorFuncPtrMaps : Built default primitive asset templates : 12
I0918 23:20:28.470319 1593316 SceneDatasetAttributesManager.cpp:23] File (default) not found, so new default dataset attributes created and registered.
I0918 23:20:28.470332 1593316 MetadataMediator.cpp:47] MetadataMediator::createDataset : Dataset default successfully created.
I0918 23:20:28.470539 1593316 AttributesManagerBase.h:283] AttributesManager<T>::createFromJsonOrDefaultInternal  (Physics Manager) : Proposing JSON name : ./data/default.physics_config.json from original name : ./data/default.physics_config.json | This file  does not exist.
I0918 23:20:28.470552 1593316 PhysicsAttributesManager.cpp:27] File (./data/default.physics_config.json) not found, so new default physics manager attributes created and registered.
I0918 23:20:28.470556 1593316 AbstractObjectAttributesManagerBase.h:175] AbstractObjectAttributesManager<T>::createObject  (Stage) : Making attributes with handle : /mnt/data_nas/deeprobotics/daiyang/vla/third_party/ETP-R1/data/scene_datasets/mp3d/PuKPg4mmafe/PuKPg4mmafe.glb
I0918 23:20:28.470561 1593316 ManagedContainerBase.cpp:19] ManagedContainerBase::convertFilenameToJSON : Filename : /mnt/data_nas/deeprobotics/daiyang/vla/third_party/ETP-R1/data/scene_datasets/mp3d/PuKPg4mmafe/PuKPg4mmafe.glb changed to proposed JSON configuration filename : /mnt/data_nas/deeprobotics/daiyang/vla/third_party/ETP-R1/data/scene_datasets/mp3d/PuKPg4mmafe/PuKPg4mmafe.stage_config.json
I0918 23:20:28.470577 1593316 AttributesManagerBase.h:283] AttributesManager<T>::createFromJsonOrDefaultInternal  (Stage) : Proposing JSON name : /mnt/data_nas/deeprobotics/daiyang/vla/third_party/ETP-R1/data/scene_datasets/mp3d/PuKPg4mmafe/PuKPg4mmafe.stage_config.json from original name : /mnt/data_nas/deeprobotics/daiyang/vla/third_party/ETP-R1/data/scene_datasets/mp3d/PuKPg4mmafe/PuKPg4mmafe.glb | This file  does not exist.
I0918 23:20:28.470628 1593316 AbstractObjectAttributesManagerBase.h:181] AbstractObjectAttributesManager<T>::createObject  (Stage) : Done making attributes with handle : /mnt/data_nas/deeprobotics/daiyang/vla/third_party/ETP-R1/data/scene_datasets/mp3d/PuKPg4mmafe/PuKPg4mmafe.glb
I0918 23:20:28.470628 1593316 AbstractObjectAttributesManagerBase.h:188] File (/mnt/data_nas/deeprobotics/daiyang/vla/third_party/ETP-R1/data/scene_datasets/mp3d/PuKPg4mmafe/PuKPg4mmafe.glb) exists but is not a recognized config filename extension, so new default Stage attributes created and registered.
I0918 23:20:28.470633 1593316 Simulator.cpp:156] Loading navmesh from /mnt/data_nas/deeprobotics/daiyang/vla/third_party/ETP-R1/data/scene_datasets/mp3d/PuKPg4mmafe/PuKPg4mmafe.navmesh
I0918 23:20:28.471625 1593316 Simulator.cpp:158] Loaded.
I0918 23:20:28.471634 1593316 SceneGraph.h:93] Created DrawableGroup: 
Renderer: NVIDIA GeForce RTX 5090/PCIe/SSE2 by NVIDIA Corporation
OpenGL version: 4.6.0 NVIDIA 580.126.09
Using optional features:
    GL_ARB_ES2_compatibility
    GL_ARB_direct_state_access
    GL_ARB_get_texture_sub_image
    GL_ARB_invalidate_subdata
    GL_ARB_multi_bind
    GL_ARB_robustness
    GL_ARB_separate_shader_objects
    GL_ARB_texture_filter_anisotropic
    GL_ARB_texture_storage
    GL_ARB_texture_storage_multisample
    GL_ARB_vertex_array_object
    GL_KHR_debug
Using driver workarounds:
    no-forward-compatible-core-context
    nv-egl-incorrect-gl11-function-pointers
    no-layout-qualifiers-on-old-glsl
    nv-zero-context-profile-mask
    nv-implementation-color-read-format-dsa-broken
    nv-cubemap-inconsistent-compressed-image-size
    nv-cubemap-broken-full-compressed-image-query
    nv-compressed-block-size-in-bits
I0918 23:20:28.475601 1593316 ResourceManager.cpp:234] ResourceManager::loadStage : Not loading semantic mesh
I0918 23:20:28.475610 1593316 ResourceManager.cpp:262] ResourceManager::loadStage : start load render asset /mnt/data_nas/deeprobotics/daiyang/vla/third_party/ETP-R1/data/scene_datasets/mp3d/PuKPg4mmafe/PuKPg4mmafe.glb.
I0918 23:20:28.475612 1593316 ResourceManager.cpp:569] ResourceManager::loadStageInternal : Attempting to load stage /mnt/data_nas/deeprobotics/daiyang/vla/third_party/ETP-R1/data/scene_datasets/mp3d/PuKPg4mmafe/PuKPg4mmafe.glb 
I0918 23:20:28.475633 1593316 ResourceManager.cpp:1119] Importing Basis files as BC7 for PuKPg4mmafe.glb
W0918 23:20:33.176292 1593316 Simulator.cpp:248] :
---
 The active scene does not contain semantic annotations. 
---
I0918 23:20:33.203041 1593316 simulator.py:213] Loaded navmesh /mnt/data_nas/deeprobotics/daiyang/vla/third_party/ETP-R1/data/scene_datasets/mp3d/PuKPg4mmafe/PuKPg4mmafe.navmesh
I0918 23:23:40.257416 1593316 PhysicsManager.cpp:33] Deconstructing PhysicsManager
I0918 23:23:40.257474 1593316 SemanticScene.h:41] Deconstructing SemanticScene
I0918 23:23:40.258697 1593316 SceneManager.h:25] Deconstructing SceneManager
I0918 23:23:40.258704 1593316 SceneGraph.h:26] Deconstructing SceneGraph
I0918 23:23:40.259056 1593316 Sensor.h:87] Deconstructing Sensor
I0918 23:23:40.267055 1593316 Renderer.cpp:34] Deconstructing Renderer
I0918 23:23:40.267087 1593316 WindowlessContext.h:17] Deconstructing WindowlessContext
I0918 23:23:40.282043 1593316 ManagedContainerBase.cpp:19] ManagedContainerBase::convertFilenameToJSON : Filename : default changed to proposed JSON configuration filename : default.scene_dataset_config.json
I0918 23:23:40.282065 1593316 AttributesManagerBase.h:283] AttributesManager<T>::createFromJsonOrDefaultInternal  (Dataset) : Proposing JSON name : default.scene_dataset_config.json from original name : default | This file  does not exist.
I0918 23:23:40.282292 1593316 AssetAttributesManager.cpp:117] Asset attributes (capsule3DSolid : capsule3DSolid_hemiRings_4_cylRings_1_segments_12_halfLen_0.75_useTexCoords_false_useTangents_false) created and registered.
I0918 23:23:40.282321 1593316 AssetAttributesManager.cpp:117] Asset attributes (capsule3DWireframe : capsule3DWireframe_hemiRings_8_cylRings_1_segments_16_halfLen_1) created and registered.
I0918 23:23:40.282346 1593316 AssetAttributesManager.cpp:117] Asset attributes (coneSolid : coneSolid_segments_12_halfLen_1.25_rings_1_useTexCoords_false_useTangents_false_capEnd_true) created and registered.
I0918 23:23:40.282361 1593316 AssetAttributesManager.cpp:117] Asset attributes (coneWireframe : coneWireframe_segments_32_halfLen_1.25) created and registered.
I0918 23:23:40.282370 1593316 AssetAttributesManager.cpp:117] Asset attributes (cubeSolid : cubeSolid) created and registered.
I0918 23:23:40.282377 1593316 AssetAttributesManager.cpp:117] Asset attributes (cubeWireframe : cubeWireframe) created and registered.
I0918 23:23:40.282397 1593316 AssetAttributesManager.cpp:117] Asset attributes (cylinderSolid : cylinderSolid_rings_1_segments_12_halfLen_1_useTexCoords_false_useTangents_false_capEnds_true) created and registered.
I0918 23:23:40.282415 1593316 AssetAttributesManager.cpp:117] Asset attributes (cylinderWireframe : cylinderWireframe_rings_1_segments_32_halfLen_1) created and registered.
I0918 23:23:40.282428 1593316 AssetAttributesManager.cpp:117] Asset attributes (icosphereSolid : icosphereSolid_subdivs_1) created and registered.
I0918 23:23:40.282436 1593316 AssetAttributesManager.cpp:117] Asset attributes (icosphereWireframe : icosphereWireframe_subdivs_1) created and registered.
I0918 23:23:40.282451 1593316 AssetAttributesManager.cpp:117] Asset attributes (uvSphereSolid : uvSphereSolid_rings_8_segments_16_useTexCoords_false_useTangents_false) created and registered.
I0918 23:23:40.282464 1593316 AssetAttributesManager.cpp:117] Asset attributes (uvSphereWireframe : uvSphereWireframe_rings_16_segments_32) created and registered.
I0918 23:23:40.282472 1593316 AssetAttributesManager.cpp:105] AssetAttributesManager::buildCtorFuncPtrMaps : Built default primitive asset templates : 12
I0918 23:23:40.282894 1593316 SceneDatasetAttributesManager.cpp:23] File (default) not found, so new default dataset attributes created and registered.
I0918 23:23:40.282897 1593316 MetadataMediator.cpp:47] MetadataMediator::createDataset : Dataset default successfully created.
I0918 23:23:40.283129 1593316 AttributesManagerBase.h:283] AttributesManager<T>::createFromJsonOrDefaultInternal  (Physics Manager) : Proposing JSON name : ./data/default.physics_config.json from original name : ./data/default.physics_config.json | This file  does not exist.
I0918 23:23:40.283149 1593316 PhysicsAttributesManager.cpp:27] File (./data/default.physics_config.json) not found, so new default physics manager attributes created and registered.
I0918 23:23:40.283154 1593316 AbstractObjectAttributesManagerBase.h:175] AbstractObjectAttributesManager<T>::createObject  (Stage) : Making attributes with handle : /mnt/data_nas/deeprobotics/daiyang/vla/third_party/ETP-R1/data/scene_datasets/mp3d/aayBHfsNo7d/aayBHfsNo7d.glb
I0918 23:23:40.283157 1593316 ManagedContainerBase.cpp:19] ManagedContainerBase::convertFilenameToJSON : Filename : /mnt/data_nas/deeprobotics/daiyang/vla/third_party/ETP-R1/data/scene_datasets/mp3d/aayBHfsNo7d/aayBHfsNo7d.glb changed to proposed JSON configuration filename : /mnt/data_nas/deeprobotics/daiyang/vla/third_party/ETP-R1/data/scene_datasets/mp3d/aayBHfsNo7d/aayBHfsNo7d.stage_config.json
I0918 23:23:40.283170 1593316 AttributesManagerBase.h:283] AttributesManager<T>::createFromJsonOrDefaultInternal  (Stage) : Proposing JSON name : /mnt/data_nas/deeprobotics/daiyang/vla/third_party/ETP-R1/data/scene_datasets/mp3d/aayBHfsNo7d/aayBHfsNo7d.stage_config.json from original name : /mnt/data_nas/deeprobotics/daiyang/vla/third_party/ETP-R1/data/scene_datasets/mp3d/aayBHfsNo7d/aayBHfsNo7d.glb | This file  does not exist.
I0918 23:23:40.283221 1593316 AbstractObjectAttributesManagerBase.h:181] AbstractObjectAttributesManager<T>::createObject  (Stage) : Done making attributes with handle : /mnt/data_nas/deeprobotics/daiyang/vla/third_party/ETP-R1/data/scene_datasets/mp3d/aayBHfsNo7d/aayBHfsNo7d.glb
I0918 23:23:40.283223 1593316 AbstractObjectAttributesManagerBase.h:188] File (/mnt/data_nas/deeprobotics/daiyang/vla/third_party/ETP-R1/data/scene_datasets/mp3d/aayBHfsNo7d/aayBHfsNo7d.glb) exists but is not a recognized config filename extension, so new default Stage attributes created and registered.
I0918 23:23:40.283229 1593316 Simulator.cpp:156] Loading navmesh from /mnt/data_nas/deeprobotics/daiyang/vla/third_party/ETP-R1/data/scene_datasets/mp3d/aayBHfsNo7d/aayBHfsNo7d.navmesh
I0918 23:23:40.284044 1593316 Simulator.cpp:158] Loaded.
I0918 23:23:40.284053 1593316 SceneGraph.h:93] Created DrawableGroup: 
Renderer: NVIDIA GeForce RTX 5090/PCIe/SSE2 by NVIDIA Corporation
OpenGL version: 4.6.0 NVIDIA 580.126.09
Using optional features:
    GL_ARB_ES2_compatibility
    GL_ARB_direct_state_access
    GL_ARB_get_texture_sub_image
    GL_ARB_invalidate_subdata
    GL_ARB_multi_bind
    GL_ARB_robustness
    GL_ARB_separate_shader_objects
    GL_ARB_texture_filter_anisotropic
    GL_ARB_texture_storage
    GL_ARB_texture_storage_multisample
    GL_ARB_vertex_array_object
    GL_KHR_debug
Using driver workarounds:
    no-forward-compatible-core-context
    nv-egl-incorrect-gl11-function-pointers
    no-layout-qualifiers-on-old-glsl
    nv-zero-context-profile-mask
    nv-implementation-color-read-format-dsa-broken
    nv-cubemap-inconsistent-compressed-image-size
    nv-cubemap-broken-full-compressed-image-query
    nv-compressed-block-size-in-bits
I0918 23:23:40.288054 1593316 ResourceManager.cpp:234] ResourceManager::loadStage : Not loading semantic mesh
I0918 23:23:40.288064 1593316 ResourceManager.cpp:262] ResourceManager::loadStage : start load render asset /mnt/data_nas/deeprobotics/daiyang/vla/third_party/ETP-R1/data/scene_datasets/mp3d/aayBHfsNo7d/aayBHfsNo7d.glb.
I0918 23:23:40.288065 1593316 ResourceManager.cpp:569] ResourceManager::loadStageInternal : Attempting to load stage /mnt/data_nas/deeprobotics/daiyang/vla/third_party/ETP-R1/data/scene_datasets/mp3d/aayBHfsNo7d/aayBHfsNo7d.glb 
I0918 23:23:40.288085 1593316 ResourceManager.cpp:1119] Importing Basis files as BC7 for aayBHfsNo7d.glb
W0918 23:23:41.869102 1593316 Simulator.cpp:248] :
---
 The active scene does not contain semantic annotations. 
---
I0918 23:23:41.914228 1593316 simulator.py:213] Loaded navmesh /mnt/data_nas/deeprobotics/daiyang/vla/third_party/ETP-R1/data/scene_datasets/mp3d/aayBHfsNo7d/aayBHfsNo7d.navmesh
I0918 23:24:58.130959 1593316 PhysicsManager.cpp:33] Deconstructing PhysicsManager
I0918 23:24:58.131000 1593316 SemanticScene.h:41] Deconstructing SemanticScene
I0918 23:24:58.133534 1593316 SceneManager.h:25] Deconstructing SceneManager
I0918 23:24:58.133544 1593316 SceneGraph.h:26] Deconstructing SceneGraph
I0918 23:24:58.134083 1593316 Sensor.h:87] Deconstructing Sensor
I0918 23:24:58.136513 1593316 Renderer.cpp:34] Deconstructing Renderer
I0918 23:24:58.136535 1593316 WindowlessContext.h:17] Deconstructing WindowlessContext
I0918 23:24:58.143522 1593316 ManagedContainerBase.cpp:19] ManagedContainerBase::convertFilenameToJSON : Filename : default changed to proposed JSON configuration filename : default.scene_dataset_config.json
I0918 23:24:58.143540 1593316 AttributesManagerBase.h:283] AttributesManager<T>::createFromJsonOrDefaultInternal  (Dataset) : Proposing JSON name : default.scene_dataset_config.json from original name : default | This file  does not exist.
I0918 23:24:58.143610 1593316 AssetAttributesManager.cpp:117] Asset attributes (capsule3DSolid : capsule3DSolid_hemiRings_4_cylRings_1_segments_12_halfLen_0.75_useTexCoords_false_useTangents_false) created and registered.
I0918 23:24:58.143636 1593316 AssetAttributesManager.cpp:117] Asset attributes (capsule3DWireframe : capsule3DWireframe_hemiRings_8_cylRings_1_segments_16_halfLen_1) created and registered.
I0918 23:24:58.143658 1593316 AssetAttributesManager.cpp:117] Asset attributes (coneSolid : coneSolid_segments_12_halfLen_1.25_rings_1_useTexCoords_false_useTangents_false_capEnd_true) created and registered.
I0918 23:24:58.143673 1593316 AssetAttributesManager.cpp:117] Asset attributes (coneWireframe : coneWireframe_segments_32_halfLen_1.25) created and registered.
I0918 23:24:58.143682 1593316 AssetAttributesManager.cpp:117] Asset attributes (cubeSolid : cubeSolid) created and registered.
I0918 23:24:58.143687 1593316 AssetAttributesManager.cpp:117] Asset attributes (cubeWireframe : cubeWireframe) created and registered.
I0918 23:24:58.143707 1593316 AssetAttributesManager.cpp:117] Asset attributes (cylinderSolid : cylinderSolid_rings_1_segments_12_halfLen_1_useTexCoords_false_useTangents_false_capEnds_true) created and registered.
I0918 23:24:58.143723 1593316 AssetAttributesManager.cpp:117] Asset attributes (cylinderWireframe : cylinderWireframe_rings_1_segments_32_halfLen_1) created and registered.
I0918 23:24:58.143735 1593316 AssetAttributesManager.cpp:117] Asset attributes (icosphereSolid : icosphereSolid_subdivs_1) created and registered.
I0918 23:24:58.143743 1593316 AssetAttributesManager.cpp:117] Asset attributes (icosphereWireframe : icosphereWireframe_subdivs_1) created and registered.
I0918 23:24:58.143757 1593316 AssetAttributesManager.cpp:117] Asset attributes (uvSphereSolid : uvSphereSolid_rings_8_segments_16_useTexCoords_false_useTangents_false) created and registered.
I0918 23:24:58.143770 1593316 AssetAttributesManager.cpp:117] Asset attributes (uvSphereWireframe : uvSphereWireframe_rings_16_segments_32) created and registered.
I0918 23:24:58.143776 1593316 AssetAttributesManager.cpp:105] AssetAttributesManager::buildCtorFuncPtrMaps : Built default primitive asset templates : 12
I0918 23:24:58.144171 1593316 SceneDatasetAttributesManager.cpp:23] File (default) not found, so new default dataset attributes created and registered.
I0918 23:24:58.144173 1593316 MetadataMediator.cpp:47] MetadataMediator::createDataset : Dataset default successfully created.
I0918 23:24:58.145293 1593316 AttributesManagerBase.h:283] AttributesManager<T>::createFromJsonOrDefaultInternal  (Physics Manager) : Proposing JSON name : ./data/default.physics_config.json from original name : ./data/default.physics_config.json | This file  does not exist.
I0918 23:24:58.145306 1593316 PhysicsAttributesManager.cpp:27] File (./data/default.physics_config.json) not found, so new default physics manager attributes created and registered.
I0918 23:24:58.145309 1593316 AbstractObjectAttributesManagerBase.h:175] AbstractObjectAttributesManager<T>::createObject  (Stage) : Making attributes with handle : /mnt/data_nas/deeprobotics/daiyang/vla/third_party/ETP-R1/data/scene_datasets/mp3d/82sE5b5pLXE/82sE5b5pLXE.glb
I0918 23:24:58.145319 1593316 ManagedContainerBase.cpp:19] ManagedContainerBase::convertFilenameToJSON : Filename : /mnt/data_nas/deeprobotics/daiyang/vla/third_party/ETP-R1/data/scene_datasets/mp3d/82sE5b5pLXE/82sE5b5pLXE.glb changed to proposed JSON configuration filename : /mnt/data_nas/deeprobotics/daiyang/vla/third_party/ETP-R1/data/scene_datasets/mp3d/82sE5b5pLXE/82sE5b5pLXE.stage_config.json
I0918 23:24:58.148042 1593316 AttributesManagerBase.h:283] AttributesManager<T>::createFromJsonOrDefaultInternal  (Stage) : Proposing JSON name : /mnt/data_nas/deeprobotics/daiyang/vla/third_party/ETP-R1/data/scene_datasets/mp3d/82sE5b5pLXE/82sE5b5pLXE.stage_config.json from original name : /mnt/data_nas/deeprobotics/daiyang/vla/third_party/ETP-R1/data/scene_datasets/mp3d/82sE5b5pLXE/82sE5b5pLXE.glb | This file  does not exist.
I0918 23:24:58.148092 1593316 AbstractObjectAttributesManagerBase.h:181] AbstractObjectAttributesManager<T>::createObject  (Stage) : Done making attributes with handle : /mnt/data_nas/deeprobotics/daiyang/vla/third_party/ETP-R1/data/scene_datasets/mp3d/82sE5b5pLXE/82sE5b5pLXE.glb
I0918 23:24:58.148093 1593316 AbstractObjectAttributesManagerBase.h:188] File (/mnt/data_nas/deeprobotics/daiyang/vla/third_party/ETP-R1/data/scene_datasets/mp3d/82sE5b5pLXE/82sE5b5pLXE.glb) exists but is not a recognized config filename extension, so new default Stage attributes created and registered.
I0918 23:24:58.148098 1593316 Simulator.cpp:156] Loading navmesh from /mnt/data_nas/deeprobotics/daiyang/vla/third_party/ETP-R1/data/scene_datasets/mp3d/82sE5b5pLXE/82sE5b5pLXE.navmesh
I0918 23:24:58.152958 1593316 Simulator.cpp:158] Loaded.
I0918 23:24:58.152966 1593316 SceneGraph.h:93] Created DrawableGroup: 
Renderer: NVIDIA GeForce RTX 5090/PCIe/SSE2 by NVIDIA Corporation
OpenGL version: 4.6.0 NVIDIA 580.126.09
Using optional features:
    GL_ARB_ES2_compatibility
    GL_ARB_direct_state_access
    GL_ARB_get_texture_sub_image
    GL_ARB_invalidate_subdata
    GL_ARB_multi_bind
    GL_ARB_robustness
    GL_ARB_separate_shader_objects
    GL_ARB_texture_filter_anisotropic
    GL_ARB_texture_storage
    GL_ARB_texture_storage_multisample
    GL_ARB_vertex_array_object
    GL_KHR_debug
Using driver workarounds:
    no-forward-compatible-core-context
    nv-egl-incorrect-gl11-function-pointers
    no-layout-qualifiers-on-old-glsl
    nv-zero-context-profile-mask
    nv-implementation-color-read-format-dsa-broken
    nv-cubemap-inconsistent-compressed-image-size
    nv-cubemap-broken-full-compressed-image-query
    nv-compressed-block-size-in-bits
I0918 23:24:58.156708 1593316 ResourceManager.cpp:234] ResourceManager::loadStage : Not loading semantic mesh
I0918 23:24:58.156716 1593316 ResourceManager.cpp:262] ResourceManager::loadStage : start load render asset /mnt/data_nas/deeprobotics/daiyang/vla/third_party/ETP-R1/data/scene_datasets/mp3d/82sE5b5pLXE/82sE5b5pLXE.glb.
I0918 23:24:58.156718 1593316 ResourceManager.cpp:569] ResourceManager::loadStageInternal : Attempting to load stage /mnt/data_nas/deeprobotics/daiyang/vla/third_party/ETP-R1/data/scene_datasets/mp3d/82sE5b5pLXE/82sE5b5pLXE.glb 
I0918 23:24:58.156734 1593316 ResourceManager.cpp:1119] Importing Basis files as BC7 for 82sE5b5pLXE.glb
W0918 23:25:00.176848 1593316 Simulator.cpp:248] :
---
 The active scene does not contain semantic annotations. 
---
I0918 23:25:00.214669 1593316 simulator.py:213] Loaded navmesh /mnt/data_nas/deeprobotics/daiyang/vla/third_party/ETP-R1/data/scene_datasets/mp3d/82sE5b5pLXE/82sE5b5pLXE.navmesh
I0918 23:26:10.923750 1593316 PhysicsManager.cpp:33] Deconstructing PhysicsManager
I0918 23:26:10.923808 1593316 SemanticScene.h:41] Deconstructing SemanticScene
I0918 23:26:10.925853 1593316 SceneManager.h:25] Deconstructing SceneManager
I0918 23:26:10.925863 1593316 SceneGraph.h:26] Deconstructing SceneGraph
I0918 23:26:10.926211 1593316 Sensor.h:87] Deconstructing Sensor
I0918 23:26:10.931181 1593316 Renderer.cpp:34] Deconstructing Renderer
I0918 23:26:10.931214 1593316 WindowlessContext.h:17] Deconstructing WindowlessContext
I0918 23:26:10.937530 1593316 ManagedContainerBase.cpp:19] ManagedContainerBase::convertFilenameToJSON : Filename : default changed to proposed JSON configuration filename : default.scene_dataset_config.json
I0918 23:26:10.937548 1593316 AttributesManagerBase.h:283] AttributesManager<T>::createFromJsonOrDefaultInternal  (Dataset) : Proposing JSON name : default.scene_dataset_config.json from original name : default | This file  does not exist.
I0918 23:26:10.938160 1593316 AssetAttributesManager.cpp:117] Asset attributes (capsule3DSolid : capsule3DSolid_hemiRings_4_cylRings_1_segments_12_halfLen_0.75_useTexCoords_false_useTangents_false) created and registered.
I0918 23:26:10.938190 1593316 AssetAttributesManager.cpp:117] Asset attributes (capsule3DWireframe : capsule3DWireframe_hemiRings_8_cylRings_1_segments_16_halfLen_1) created and registered.
I0918 23:26:10.938212 1593316 AssetAttributesManager.cpp:117] Asset attributes (coneSolid : coneSolid_segments_12_halfLen_1.25_rings_1_useTexCoords_false_useTangents_false_capEnd_true) created and registered.
I0918 23:26:10.938227 1593316 AssetAttributesManager.cpp:117] Asset attributes (coneWireframe : coneWireframe_segments_32_halfLen_1.25) created and registered.
I0918 23:26:10.938236 1593316 AssetAttributesManager.cpp:117] Asset attributes (cubeSolid : cubeSolid) created and registered.
I0918 23:26:10.938242 1593316 AssetAttributesManager.cpp:117] Asset attributes (cubeWireframe : cubeWireframe) created and registered.
I0918 23:26:10.938262 1593316 AssetAttributesManager.cpp:117] Asset attributes (cylinderSolid : cylinderSolid_rings_1_segments_12_halfLen_1_useTexCoords_false_useTangents_false_capEnds_true) created and registered.
I0918 23:26:10.938284 1593316 AssetAttributesManager.cpp:117] Asset attributes (cylinderWireframe : cylinderWireframe_rings_1_segments_32_halfLen_1) created and registered.
I0918 23:26:10.938297 1593316 AssetAttributesManager.cpp:117] Asset attributes (icosphereSolid : icosphereSolid_subdivs_1) created and registered.
I0918 23:26:10.938305 1593316 AssetAttributesManager.cpp:117] Asset attributes (icosphereWireframe : icosphereWireframe_subdivs_1) created and registered.
I0918 23:26:10.938319 1593316 AssetAttributesManager.cpp:117] Asset attributes (uvSphereSolid : uvSphereSolid_rings_8_segments_16_useTexCoords_false_useTangents_false) created and registered.
I0918 23:26:10.938333 1593316 AssetAttributesManager.cpp:117] Asset attributes (uvSphereWireframe : uvSphereWireframe_rings_16_segments_32) created and registered.
I0918 23:26:10.938339 1593316 AssetAttributesManager.cpp:105] AssetAttributesManager::buildCtorFuncPtrMaps : Built default primitive asset templates : 12
I0918 23:26:10.938750 1593316 SceneDatasetAttributesManager.cpp:23] File (default) not found, so new default dataset attributes created and registered.
I0918 23:26:10.938752 1593316 MetadataMediator.cpp:47] MetadataMediator::createDataset : Dataset default successfully created.
I0918 23:26:10.938963 1593316 AttributesManagerBase.h:283] AttributesManager<T>::createFromJsonOrDefaultInternal  (Physics Manager) : Proposing JSON name : ./data/default.physics_config.json from original name : ./data/default.physics_config.json | This file  does not exist.
I0918 23:26:10.938977 1593316 PhysicsAttributesManager.cpp:27] File (./data/default.physics_config.json) not found, so new default physics manager attributes created and registered.
I0918 23:26:10.938980 1593316 AbstractObjectAttributesManagerBase.h:175] AbstractObjectAttributesManager<T>::createObject  (Stage) : Making attributes with handle : /mnt/data_nas/deeprobotics/daiyang/vla/third_party/ETP-R1/data/scene_datasets/mp3d/B6ByNegPMKs/B6ByNegPMKs.glb
I0918 23:26:10.938985 1593316 ManagedContainerBase.cpp:19] ManagedContainerBase::convertFilenameToJSON : Filename : /mnt/data_nas/deeprobotics/daiyang/vla/third_party/ETP-R1/data/scene_datasets/mp3d/B6ByNegPMKs/B6ByNegPMKs.glb changed to proposed JSON configuration filename : /mnt/data_nas/deeprobotics/daiyang/vla/third_party/ETP-R1/data/scene_datasets/mp3d/B6ByNegPMKs/B6ByNegPMKs.stage_config.json
I0918 23:26:10.939002 1593316 AttributesManagerBase.h:283] AttributesManager<T>::createFromJsonOrDefaultInternal  (Stage) : Proposing JSON name : /mnt/data_nas/deeprobotics/daiyang/vla/third_party/ETP-R1/data/scene_datasets/mp3d/B6ByNegPMKs/B6ByNegPMKs.stage_config.json from original name : /mnt/data_nas/deeprobotics/daiyang/vla/third_party/ETP-R1/data/scene_datasets/mp3d/B6ByNegPMKs/B6ByNegPMKs.glb | This file  does not exist.
I0918 23:26:10.939051 1593316 AbstractObjectAttributesManagerBase.h:181] AbstractObjectAttributesManager<T>::createObject  (Stage) : Done making attributes with handle : /mnt/data_nas/deeprobotics/daiyang/vla/third_party/ETP-R1/data/scene_datasets/mp3d/B6ByNegPMKs/B6ByNegPMKs.glb
I0918 23:26:10.939054 1593316 AbstractObjectAttributesManagerBase.h:188] File (/mnt/data_nas/deeprobotics/daiyang/vla/third_party/ETP-R1/data/scene_datasets/mp3d/B6ByNegPMKs/B6ByNegPMKs.glb) exists but is not a recognized config filename extension, so new default Stage attributes created and registered.
I0918 23:26:10.939059 1593316 Simulator.cpp:156] Loading navmesh from /mnt/data_nas/deeprobotics/daiyang/vla/third_party/ETP-R1/data/scene_datasets/mp3d/B6ByNegPMKs/B6ByNegPMKs.navmesh
I0918 23:26:10.940318 1593316 Simulator.cpp:158] Loaded.
I0918 23:26:10.940328 1593316 SceneGraph.h:93] Created DrawableGroup: 
Renderer: NVIDIA GeForce RTX 5090/PCIe/SSE2 by NVIDIA Corporation
OpenGL version: 4.6.0 NVIDIA 580.126.09
Using optional features:
    GL_ARB_ES2_compatibility
    GL_ARB_direct_state_access
    GL_ARB_get_texture_sub_image
    GL_ARB_invalidate_subdata
    GL_ARB_multi_bind
    GL_ARB_robustness
    GL_ARB_separate_shader_objects
    GL_ARB_texture_filter_anisotropic
    GL_ARB_texture_storage
    GL_ARB_texture_storage_multisample
    GL_ARB_vertex_array_object
    GL_KHR_debug
Using driver workarounds:
    no-forward-compatible-core-context
    nv-egl-incorrect-gl11-function-pointers
    no-layout-qualifiers-on-old-glsl
    nv-zero-context-profile-mask
    nv-implementation-color-read-format-dsa-broken
    nv-cubemap-inconsistent-compressed-image-size
    nv-cubemap-broken-full-compressed-image-query
    nv-compressed-block-size-in-bits
I0918 23:26:10.944547 1593316 ResourceManager.cpp:234] ResourceManager::loadStage : Not loading semantic mesh
I0918 23:26:10.944555 1593316 ResourceManager.cpp:262] ResourceManager::loadStage : start load render asset /mnt/data_nas/deeprobotics/daiyang/vla/third_party/ETP-R1/data/scene_datasets/mp3d/B6ByNegPMKs/B6ByNegPMKs.glb.
I0918 23:26:10.944558 1593316 ResourceManager.cpp:569] ResourceManager::loadStageInternal : Attempting to load stage /mnt/data_nas/deeprobotics/daiyang/vla/third_party/ETP-R1/data/scene_datasets/mp3d/B6ByNegPMKs/B6ByNegPMKs.glb 
I0918 23:26:10.944574 1593316 ResourceManager.cpp:1119] Importing Basis files as BC7 for B6ByNegPMKs.glb
W0918 23:26:20.816005 1593316 Simulator.cpp:248] :
---
 The active scene does not contain semantic annotations. 
---
I0918 23:26:21.015982 1593316 simulator.py:213] Loaded navmesh /mnt/data_nas/deeprobotics/daiyang/vla/third_party/ETP-R1/data/scene_datasets/mp3d/B6ByNegPMKs/B6ByNegPMKs.navmesh
I0918 23:26:41.269685 1593316 PhysicsManager.cpp:33] Deconstructing PhysicsManager
I0918 23:26:41.269730 1593316 SemanticScene.h:41] Deconstructing SemanticScene
I0918 23:26:41.286111 1593316 SceneManager.h:25] Deconstructing SceneManager
I0918 23:26:41.286135 1593316 SceneGraph.h:26] Deconstructing SceneGraph
I0918 23:26:41.286698 1593316 Sensor.h:87] Deconstructing Sensor
I0918 23:26:41.302695 1593316 Renderer.cpp:34] Deconstructing Renderer
I0918 23:26:41.302732 1593316 WindowlessContext.h:17] Deconstructing WindowlessContext
I0918 23:26:41.331136 1593316 ManagedContainerBase.cpp:19] ManagedContainerBase::convertFilenameToJSON : Filename : default changed to proposed JSON configuration filename : default.scene_dataset_config.json
I0918 23:26:41.331169 1593316 AttributesManagerBase.h:283] AttributesManager<T>::createFromJsonOrDefaultInternal  (Dataset) : Proposing JSON name : default.scene_dataset_config.json from original name : default | This file  does not exist.
I0918 23:26:41.331374 1593316 AssetAttributesManager.cpp:117] Asset attributes (capsule3DSolid : capsule3DSolid_hemiRings_4_cylRings_1_segments_12_halfLen_0.75_useTexCoords_false_useTangents_false) created and registered.
I0918 23:26:41.331403 1593316 AssetAttributesManager.cpp:117] Asset attributes (capsule3DWireframe : capsule3DWireframe_hemiRings_8_cylRings_1_segments_16_halfLen_1) created and registered.
I0918 23:26:41.331424 1593316 AssetAttributesManager.cpp:117] Asset attributes (coneSolid : coneSolid_segments_12_halfLen_1.25_rings_1_useTexCoords_false_useTangents_false_capEnd_true) created and registered.
I0918 23:26:41.331439 1593316 AssetAttributesManager.cpp:117] Asset attributes (coneWireframe : coneWireframe_segments_32_halfLen_1.25) created and registered.
I0918 23:26:41.331449 1593316 AssetAttributesManager.cpp:117] Asset attributes (cubeSolid : cubeSolid) created and registered.
I0918 23:26:41.331455 1593316 AssetAttributesManager.cpp:117] Asset attributes (cubeWireframe : cubeWireframe) created and registered.
I0918 23:26:41.331473 1593316 AssetAttributesManager.cpp:117] Asset attributes (cylinderSolid : cylinderSolid_rings_1_segments_12_halfLen_1_useTexCoords_false_useTangents_false_capEnds_true) created and registered.
I0918 23:26:41.331492 1593316 AssetAttributesManager.cpp:117] Asset attributes (cylinderWireframe : cylinderWireframe_rings_1_segments_32_halfLen_1) created and registered.
I0918 23:26:41.331504 1593316 AssetAttributesManager.cpp:117] Asset attributes (icosphereSolid : icosphereSolid_subdivs_1) created and registered.
I0918 23:26:41.331513 1593316 AssetAttributesManager.cpp:117] Asset attributes (icosphereWireframe : icosphereWireframe_subdivs_1) created and registered.
I0918 23:26:41.331528 1593316 AssetAttributesManager.cpp:117] Asset attributes (uvSphereSolid : uvSphereSolid_rings_8_segments_16_useTexCoords_false_useTangents_false) created and registered.
I0918 23:26:41.331542 1593316 AssetAttributesManager.cpp:117] Asset attributes (uvSphereWireframe : uvSphereWireframe_rings_16_segments_32) created and registered.
I0918 23:26:41.331548 1593316 AssetAttributesManager.cpp:105] AssetAttributesManager::buildCtorFuncPtrMaps : Built default primitive asset templates : 12
I0918 23:26:41.331949 1593316 SceneDatasetAttributesManager.cpp:23] File (default) not found, so new default dataset attributes created and registered.
I0918 23:26:41.331951 1593316 MetadataMediator.cpp:47] MetadataMediator::createDataset : Dataset default successfully created.
I0918 23:26:41.332157 1593316 AttributesManagerBase.h:283] AttributesManager<T>::createFromJsonOrDefaultInternal  (Physics Manager) : Proposing JSON name : ./data/default.physics_config.json from original name : ./data/default.physics_config.json | This file  does not exist.
I0918 23:26:41.332168 1593316 PhysicsAttributesManager.cpp:27] File (./data/default.physics_config.json) not found, so new default physics manager attributes created and registered.
I0918 23:26:41.332172 1593316 AbstractObjectAttributesManagerBase.h:175] AbstractObjectAttributesManager<T>::createObject  (Stage) : Making attributes with handle : /mnt/data_nas/deeprobotics/daiyang/vla/third_party/ETP-R1/data/scene_datasets/mp3d/PuKPg4mmafe/PuKPg4mmafe.glb
I0918 23:26:41.332176 1593316 ManagedContainerBase.cpp:19] ManagedContainerBase::convertFilenameToJSON : Filename : /mnt/data_nas/deeprobotics/daiyang/vla/third_party/ETP-R1/data/scene_datasets/mp3d/PuKPg4mmafe/PuKPg4mmafe.glb changed to proposed JSON configuration filename : /mnt/data_nas/deeprobotics/daiyang/vla/third_party/ETP-R1/data/scene_datasets/mp3d/PuKPg4mmafe/PuKPg4mmafe.stage_config.json
I0918 23:26:41.332191 1593316 AttributesManagerBase.h:283] AttributesManager<T>::createFromJsonOrDefaultInternal  (Stage) : Proposing JSON name : /mnt/data_nas/deeprobotics/daiyang/vla/third_party/ETP-R1/data/scene_datasets/mp3d/PuKPg4mmafe/PuKPg4mmafe.stage_config.json from original name : /mnt/data_nas/deeprobotics/daiyang/vla/third_party/ETP-R1/data/scene_datasets/mp3d/PuKPg4mmafe/PuKPg4mmafe.glb | This file  does not exist.
I0918 23:26:41.332244 1593316 AbstractObjectAttributesManagerBase.h:181] AbstractObjectAttributesManager<T>::createObject  (Stage) : Done making attributes with handle : /mnt/data_nas/deeprobotics/daiyang/vla/third_party/ETP-R1/data/scene_datasets/mp3d/PuKPg4mmafe/PuKPg4mmafe.glb
I0918 23:26:41.332247 1593316 AbstractObjectAttributesManagerBase.h:188] File (/mnt/data_nas/deeprobotics/daiyang/vla/third_party/ETP-R1/data/scene_datasets/mp3d/PuKPg4mmafe/PuKPg4mmafe.glb) exists but is not a recognized config filename extension, so new default Stage attributes created and registered.
I0918 23:26:41.332252 1593316 Simulator.cpp:156] Loading navmesh from /mnt/data_nas/deeprobotics/daiyang/vla/third_party/ETP-R1/data/scene_datasets/mp3d/PuKPg4mmafe/PuKPg4mmafe.navmesh
I0918 23:26:41.333535 1593316 Simulator.cpp:158] Loaded.
I0918 23:26:41.333544 1593316 SceneGraph.h:93] Created DrawableGroup: 
Renderer: NVIDIA GeForce RTX 5090/PCIe/SSE2 by NVIDIA Corporation
OpenGL version: 4.6.0 NVIDIA 580.126.09
Using optional features:
    GL_ARB_ES2_compatibility
    GL_ARB_direct_state_access
    GL_ARB_get_texture_sub_image
    GL_ARB_invalidate_subdata
    GL_ARB_multi_bind
    GL_ARB_robustness
    GL_ARB_separate_shader_objects
    GL_ARB_texture_filter_anisotropic
    GL_ARB_texture_storage
    GL_ARB_texture_storage_multisample
    GL_ARB_vertex_array_object
    GL_KHR_debug
Using driver workarounds:
    no-forward-compatible-core-context
    nv-egl-incorrect-gl11-function-pointers
    no-layout-qualifiers-on-old-glsl
    nv-zero-context-profile-mask
    nv-implementation-color-read-format-dsa-broken
    nv-cubemap-inconsistent-compressed-image-size
    nv-cubemap-broken-full-compressed-image-query
    nv-compressed-block-size-in-bits
I0918 23:26:41.337486 1593316 ResourceManager.cpp:234] ResourceManager::loadStage : Not loading semantic mesh
I0918 23:26:41.337495 1593316 ResourceManager.cpp:262] ResourceManager::loadStage : start load render asset /mnt/data_nas/deeprobotics/daiyang/vla/third_party/ETP-R1/data/scene_datasets/mp3d/PuKPg4mmafe/PuKPg4mmafe.glb.
I0918 23:26:41.337498 1593316 ResourceManager.cpp:569] ResourceManager::loadStageInternal : Attempting to load stage /mnt/data_nas/deeprobotics/daiyang/vla/third_party/ETP-R1/data/scene_datasets/mp3d/PuKPg4mmafe/PuKPg4mmafe.glb 
I0918 23:26:41.337515 1593316 ResourceManager.cpp:1119] Importing Basis files as BC7 for PuKPg4mmafe.glb
W0918 23:26:46.006548 1593316 Simulator.cpp:248] :
---
 The active scene does not contain semantic annotations. 
---
I0918 23:26:46.027797 1593316 simulator.py:213] Loaded navmesh /mnt/data_nas/deeprobotics/daiyang/vla/third_party/ETP-R1/data/scene_datasets/mp3d/PuKPg4mmafe/PuKPg4mmafe.navmesh
I0918 23:29:28.221803 1593316 PhysicsManager.cpp:33] Deconstructing PhysicsManager
I0918 23:29:28.221879 1593316 SemanticScene.h:41] Deconstructing SemanticScene
I0918 23:29:28.223124 1593316 SceneManager.h:25] Deconstructing SceneManager
I0918 23:29:28.223130 1593316 SceneGraph.h:26] Deconstructing SceneGraph
I0918 23:29:28.223474 1593316 Sensor.h:87] Deconstructing Sensor
I0918 23:29:28.232007 1593316 Renderer.cpp:34] Deconstructing Renderer
I0918 23:29:28.232035 1593316 WindowlessContext.h:17] Deconstructing WindowlessContext
I0918 23:29:28.247156 1593316 ManagedContainerBase.cpp:19] ManagedContainerBase::convertFilenameToJSON : Filename : default changed to proposed JSON configuration filename : default.scene_dataset_config.json
I0918 23:29:28.247193 1593316 AttributesManagerBase.h:283] AttributesManager<T>::createFromJsonOrDefaultInternal  (Dataset) : Proposing JSON name : default.scene_dataset_config.json from original name : default | This file  does not exist.
I0918 23:29:28.247805 1593316 AssetAttributesManager.cpp:117] Asset attributes (capsule3DSolid : capsule3DSolid_hemiRings_4_cylRings_1_segments_12_halfLen_0.75_useTexCoords_false_useTangents_false) created and registered.
I0918 23:29:28.247843 1593316 AssetAttributesManager.cpp:117] Asset attributes (capsule3DWireframe : capsule3DWireframe_hemiRings_8_cylRings_1_segments_16_halfLen_1) created and registered.
I0918 23:29:28.247866 1593316 AssetAttributesManager.cpp:117] Asset attributes (coneSolid : coneSolid_segments_12_halfLen_1.25_rings_1_useTexCoords_false_useTangents_false_capEnd_true) created and registered.
I0918 23:29:28.247881 1593316 AssetAttributesManager.cpp:117] Asset attributes (coneWireframe : coneWireframe_segments_32_halfLen_1.25) created and registered.
I0918 23:29:28.247890 1593316 AssetAttributesManager.cpp:117] Asset attributes (cubeSolid : cubeSolid) created and registered.
I0918 23:29:28.247898 1593316 AssetAttributesManager.cpp:117] Asset attributes (cubeWireframe : cubeWireframe) created and registered.
I0918 23:29:28.247918 1593316 AssetAttributesManager.cpp:117] Asset attributes (cylinderSolid : cylinderSolid_rings_1_segments_12_halfLen_1_useTexCoords_false_useTangents_false_capEnds_true) created and registered.
I0918 23:29:28.247937 1593316 AssetAttributesManager.cpp:117] Asset attributes (cylinderWireframe : cylinderWireframe_rings_1_segments_32_halfLen_1) created and registered.
I0918 23:29:28.247951 1593316 AssetAttributesManager.cpp:117] Asset attributes (icosphereSolid : icosphereSolid_subdivs_1) created and registered.
I0918 23:29:28.247960 1593316 AssetAttributesManager.cpp:117] Asset attributes (icosphereWireframe : icosphereWireframe_subdivs_1) created and registered.
I0918 23:29:28.247974 1593316 AssetAttributesManager.cpp:117] Asset attributes (uvSphereSolid : uvSphereSolid_rings_8_segments_16_useTexCoords_false_useTangents_false) created and registered.
I0918 23:29:28.247989 1593316 AssetAttributesManager.cpp:117] Asset attributes (uvSphereWireframe : uvSphereWireframe_rings_16_segments_32) created and registered.
I0918 23:29:28.247997 1593316 AssetAttributesManager.cpp:105] AssetAttributesManager::buildCtorFuncPtrMaps : Built default primitive asset templates : 12
I0918 23:29:28.248438 1593316 SceneDatasetAttributesManager.cpp:23] File (default) not found, so new default dataset attributes created and registered.
I0918 23:29:28.248440 1593316 MetadataMediator.cpp:47] MetadataMediator::createDataset : Dataset default successfully created.
I0918 23:29:28.248672 1593316 AttributesManagerBase.h:283] AttributesManager<T>::createFromJsonOrDefaultInternal  (Physics Manager) : Proposing JSON name : ./data/default.physics_config.json from original name : ./data/default.physics_config.json | This file  does not exist.
I0918 23:29:28.248687 1593316 PhysicsAttributesManager.cpp:27] File (./data/default.physics_config.json) not found, so new default physics manager attributes created and registered.
I0918 23:29:28.248689 1593316 AbstractObjectAttributesManagerBase.h:175] AbstractObjectAttributesManager<T>::createObject  (Stage) : Making attributes with handle : /mnt/data_nas/deeprobotics/daiyang/vla/third_party/ETP-R1/data/scene_datasets/mp3d/aayBHfsNo7d/aayBHfsNo7d.glb
I0918 23:29:28.248694 1593316 ManagedContainerBase.cpp:19] ManagedContainerBase::convertFilenameToJSON : Filename : /mnt/data_nas/deeprobotics/daiyang/vla/third_party/ETP-R1/data/scene_datasets/mp3d/aayBHfsNo7d/aayBHfsNo7d.glb changed to proposed JSON configuration filename : /mnt/data_nas/deeprobotics/daiyang/vla/third_party/ETP-R1/data/scene_datasets/mp3d/aayBHfsNo7d/aayBHfsNo7d.stage_config.json
I0918 23:29:28.248706 1593316 AttributesManagerBase.h:283] AttributesManager<T>::createFromJsonOrDefaultInternal  (Stage) : Proposing JSON name : /mnt/data_nas/deeprobotics/daiyang/vla/third_party/ETP-R1/data/scene_datasets/mp3d/aayBHfsNo7d/aayBHfsNo7d.stage_config.json from original name : /mnt/data_nas/deeprobotics/daiyang/vla/third_party/ETP-R1/data/scene_datasets/mp3d/aayBHfsNo7d/aayBHfsNo7d.glb | This file  does not exist.
I0918 23:29:28.248756 1593316 AbstractObjectAttributesManagerBase.h:181] AbstractObjectAttributesManager<T>::createObject  (Stage) : Done making attributes with handle : /mnt/data_nas/deeprobotics/daiyang/vla/third_party/ETP-R1/data/scene_datasets/mp3d/aayBHfsNo7d/aayBHfsNo7d.glb
I0918 23:29:28.248761 1593316 AbstractObjectAttributesManagerBase.h:188] File (/mnt/data_nas/deeprobotics/daiyang/vla/third_party/ETP-R1/data/scene_datasets/mp3d/aayBHfsNo7d/aayBHfsNo7d.glb) exists but is not a recognized config filename extension, so new default Stage attributes created and registered.
I0918 23:29:28.248766 1593316 Simulator.cpp:156] Loading navmesh from /mnt/data_nas/deeprobotics/daiyang/vla/third_party/ETP-R1/data/scene_datasets/mp3d/aayBHfsNo7d/aayBHfsNo7d.navmesh
I0918 23:29:28.249593 1593316 Simulator.cpp:158] Loaded.
I0918 23:29:28.249603 1593316 SceneGraph.h:93] Created DrawableGroup: 
Renderer: NVIDIA GeForce RTX 5090/PCIe/SSE2 by NVIDIA Corporation
OpenGL version: 4.6.0 NVIDIA 580.126.09
Using optional features:
    GL_ARB_ES2_compatibility
    GL_ARB_direct_state_access
    GL_ARB_get_texture_sub_image
    GL_ARB_invalidate_subdata
    GL_ARB_multi_bind
    GL_ARB_robustness
    GL_ARB_separate_shader_objects
    GL_ARB_texture_filter_anisotropic
    GL_ARB_texture_storage
    GL_ARB_texture_storage_multisample
    GL_ARB_vertex_array_object
    GL_KHR_debug
Using driver workarounds:
    no-forward-compatible-core-context
    nv-egl-incorrect-gl11-function-pointers
    no-layout-qualifiers-on-old-glsl
    nv-zero-context-profile-mask
    nv-implementation-color-read-format-dsa-broken
    nv-cubemap-inconsistent-compressed-image-size
    nv-cubemap-broken-full-compressed-image-query
    nv-compressed-block-size-in-bits
I0918 23:29:28.254011 1593316 ResourceManager.cpp:234] ResourceManager::loadStage : Not loading semantic mesh
I0918 23:29:28.254022 1593316 ResourceManager.cpp:262] ResourceManager::loadStage : start load render asset /mnt/data_nas/deeprobotics/daiyang/vla/third_party/ETP-R1/data/scene_datasets/mp3d/aayBHfsNo7d/aayBHfsNo7d.glb.
I0918 23:29:28.254024 1593316 ResourceManager.cpp:569] ResourceManager::loadStageInternal : Attempting to load stage /mnt/data_nas/deeprobotics/daiyang/vla/third_party/ETP-R1/data/scene_datasets/mp3d/aayBHfsNo7d/aayBHfsNo7d.glb 
I0918 23:29:28.254045 1593316 ResourceManager.cpp:1119] Importing Basis files as BC7 for aayBHfsNo7d.glb
W0918 23:29:29.872715 1593316 Simulator.cpp:248] :
---
 The active scene does not contain semantic annotations. 
---
I0918 23:29:29.914371 1593316 simulator.py:213] Loaded navmesh /mnt/data_nas/deeprobotics/daiyang/vla/third_party/ETP-R1/data/scene_datasets/mp3d/aayBHfsNo7d/aayBHfsNo7d.navmesh
I0918 23:31:26.058426 1593316 PhysicsManager.cpp:33] Deconstructing PhysicsManager
I0918 23:31:26.058471 1593316 SemanticScene.h:41] Deconstructing SemanticScene
I0918 23:31:26.062079 1593316 SceneManager.h:25] Deconstructing SceneManager
I0918 23:31:26.062090 1593316 SceneGraph.h:26] Deconstructing SceneGraph
I0918 23:31:26.062687 1593316 Sensor.h:87] Deconstructing Sensor
I0918 23:31:26.068441 1593316 Renderer.cpp:34] Deconstructing Renderer
I0918 23:31:26.068470 1593316 WindowlessContext.h:17] Deconstructing WindowlessContext
I0918 23:31:26.074864 1593316 ManagedContainerBase.cpp:19] ManagedContainerBase::convertFilenameToJSON : Filename : default changed to proposed JSON configuration filename : default.scene_dataset_config.json
I0918 23:31:26.074882 1593316 AttributesManagerBase.h:283] AttributesManager<T>::createFromJsonOrDefaultInternal  (Dataset) : Proposing JSON name : default.scene_dataset_config.json from original name : default | This file  does not exist.
I0918 23:31:26.075382 1593316 AssetAttributesManager.cpp:117] Asset attributes (capsule3DSolid : capsule3DSolid_hemiRings_4_cylRings_1_segments_12_halfLen_0.75_useTexCoords_false_useTangents_false) created and registered.
I0918 23:31:26.075410 1593316 AssetAttributesManager.cpp:117] Asset attributes (capsule3DWireframe : capsule3DWireframe_hemiRings_8_cylRings_1_segments_16_halfLen_1) created and registered.
I0918 23:31:26.075435 1593316 AssetAttributesManager.cpp:117] Asset attributes (coneSolid : coneSolid_segments_12_halfLen_1.25_rings_1_useTexCoords_false_useTangents_false_capEnd_true) created and registered.
I0918 23:31:26.075449 1593316 AssetAttributesManager.cpp:117] Asset attributes (coneWireframe : coneWireframe_segments_32_halfLen_1.25) created and registered.
I0918 23:31:26.075466 1593316 AssetAttributesManager.cpp:117] Asset attributes (cubeSolid : cubeSolid) created and registered.
I0918 23:31:26.075474 1593316 AssetAttributesManager.cpp:117] Asset attributes (cubeWireframe : cubeWireframe) created and registered.
I0918 23:31:26.075493 1593316 AssetAttributesManager.cpp:117] Asset attributes (cylinderSolid : cylinderSolid_rings_1_segments_12_halfLen_1_useTexCoords_false_useTangents_false_capEnds_true) created and registered.
I0918 23:31:26.075510 1593316 AssetAttributesManager.cpp:117] Asset attributes (cylinderWireframe : cylinderWireframe_rings_1_segments_32_halfLen_1) created and registered.
I0918 23:31:26.075526 1593316 AssetAttributesManager.cpp:117] Asset attributes (icosphereSolid : icosphereSolid_subdivs_1) created and registered.
I0918 23:31:26.075536 1593316 AssetAttributesManager.cpp:117] Asset attributes (icosphereWireframe : icosphereWireframe_subdivs_1) created and registered.
I0918 23:31:26.075551 1593316 AssetAttributesManager.cpp:117] Asset attributes (uvSphereSolid : uvSphereSolid_rings_8_segments_16_useTexCoords_false_useTangents_false) created and registered.
I0918 23:31:26.075563 1593316 AssetAttributesManager.cpp:117] Asset attributes (uvSphereWireframe : uvSphereWireframe_rings_16_segments_32) created and registered.
I0918 23:31:26.075572 1593316 AssetAttributesManager.cpp:105] AssetAttributesManager::buildCtorFuncPtrMaps : Built default primitive asset templates : 12
I0918 23:31:26.075984 1593316 SceneDatasetAttributesManager.cpp:23] File (default) not found, so new default dataset attributes created and registered.
I0918 23:31:26.075986 1593316 MetadataMediator.cpp:47] MetadataMediator::createDataset : Dataset default successfully created.
I0918 23:31:26.077170 1593316 AttributesManagerBase.h:283] AttributesManager<T>::createFromJsonOrDefaultInternal  (Physics Manager) : Proposing JSON name : ./data/default.physics_config.json from original name : ./data/default.physics_config.json | This file  does not exist.
I0918 23:31:26.077186 1593316 PhysicsAttributesManager.cpp:27] File (./data/default.physics_config.json) not found, so new default physics manager attributes created and registered.
I0918 23:31:26.077190 1593316 AbstractObjectAttributesManagerBase.h:175] AbstractObjectAttributesManager<T>::createObject  (Stage) : Making attributes with handle : /mnt/data_nas/deeprobotics/daiyang/vla/third_party/ETP-R1/data/scene_datasets/mp3d/82sE5b5pLXE/82sE5b5pLXE.glb
I0918 23:31:26.077194 1593316 ManagedContainerBase.cpp:19] ManagedContainerBase::convertFilenameToJSON : Filename : /mnt/data_nas/deeprobotics/daiyang/vla/third_party/ETP-R1/data/scene_datasets/mp3d/82sE5b5pLXE/82sE5b5pLXE.glb changed to proposed JSON configuration filename : /mnt/data_nas/deeprobotics/daiyang/vla/third_party/ETP-R1/data/scene_datasets/mp3d/82sE5b5pLXE/82sE5b5pLXE.stage_config.json
I0918 23:31:26.081238 1593316 AttributesManagerBase.h:283] AttributesManager<T>::createFromJsonOrDefaultInternal  (Stage) : Proposing JSON name : /mnt/data_nas/deeprobotics/daiyang/vla/third_party/ETP-R1/data/scene_datasets/mp3d/82sE5b5pLXE/82sE5b5pLXE.stage_config.json from original name : /mnt/data_nas/deeprobotics/daiyang/vla/third_party/ETP-R1/data/scene_datasets/mp3d/82sE5b5pLXE/82sE5b5pLXE.glb | This file  does not exist.
I0918 23:31:26.081290 1593316 AbstractObjectAttributesManagerBase.h:181] AbstractObjectAttributesManager<T>::createObject  (Stage) : Done making attributes with handle : /mnt/data_nas/deeprobotics/daiyang/vla/third_party/ETP-R1/data/scene_datasets/mp3d/82sE5b5pLXE/82sE5b5pLXE.glb
I0918 23:31:26.081292 1593316 AbstractObjectAttributesManagerBase.h:188] File (/mnt/data_nas/deeprobotics/daiyang/vla/third_party/ETP-R1/data/scene_datasets/mp3d/82sE5b5pLXE/82sE5b5pLXE.glb) exists but is not a recognized config filename extension, so new default Stage attributes created and registered.
I0918 23:31:26.081298 1593316 Simulator.cpp:156] Loading navmesh from /mnt/data_nas/deeprobotics/daiyang/vla/third_party/ETP-R1/data/scene_datasets/mp3d/82sE5b5pLXE/82sE5b5pLXE.navmesh
I0918 23:31:26.083763 1593316 Simulator.cpp:158] Loaded.
I0918 23:31:26.083771 1593316 SceneGraph.h:93] Created DrawableGroup: 
Renderer: NVIDIA GeForce RTX 5090/PCIe/SSE2 by NVIDIA Corporation
OpenGL version: 4.6.0 NVIDIA 580.126.09
Using optional features:
    GL_ARB_ES2_compatibility
    GL_ARB_direct_state_access
    GL_ARB_get_texture_sub_image
    GL_ARB_invalidate_subdata
    GL_ARB_multi_bind
    GL_ARB_robustness
    GL_ARB_separate_shader_objects
    GL_ARB_texture_filter_anisotropic
    GL_ARB_texture_storage
    GL_ARB_texture_storage_multisample
    GL_ARB_vertex_array_object
    GL_KHR_debug
Using driver workarounds:
    no-forward-compatible-core-context
    nv-egl-incorrect-gl11-function-pointers
    no-layout-qualifiers-on-old-glsl
    nv-zero-context-profile-mask
    nv-implementation-color-read-format-dsa-broken
    nv-cubemap-inconsistent-compressed-image-size
    nv-cubemap-broken-full-compressed-image-query
    nv-compressed-block-size-in-bits
I0918 23:31:26.088027 1593316 ResourceManager.cpp:234] ResourceManager::loadStage : Not loading semantic mesh
I0918 23:31:26.088037 1593316 ResourceManager.cpp:262] ResourceManager::loadStage : start load render asset /mnt/data_nas/deeprobotics/daiyang/vla/third_party/ETP-R1/data/scene_datasets/mp3d/82sE5b5pLXE/82sE5b5pLXE.glb.
I0918 23:31:26.088039 1593316 ResourceManager.cpp:569] ResourceManager::loadStageInternal : Attempting to load stage /mnt/data_nas/deeprobotics/daiyang/vla/third_party/ETP-R1/data/scene_datasets/mp3d/82sE5b5pLXE/82sE5b5pLXE.glb 
I0918 23:31:26.088056 1593316 ResourceManager.cpp:1119] Importing Basis files as BC7 for 82sE5b5pLXE.glb
W0918 23:31:28.213478 1593316 Simulator.cpp:248] :
---
 The active scene does not contain semantic annotations. 
---
I0918 23:31:28.251882 1593316 simulator.py:213] Loaded navmesh /mnt/data_nas/deeprobotics/daiyang/vla/third_party/ETP-R1/data/scene_datasets/mp3d/82sE5b5pLXE/82sE5b5pLXE.navmesh
I0918 23:32:22.495532 1593316 PhysicsManager.cpp:33] Deconstructing PhysicsManager
I0918 23:32:22.495595 1593316 SemanticScene.h:41] Deconstructing SemanticScene
I0918 23:32:22.497386 1593316 SceneManager.h:25] Deconstructing SceneManager
I0918 23:32:22.497394 1593316 SceneGraph.h:26] Deconstructing SceneGraph
I0918 23:32:22.497709 1593316 Sensor.h:87] Deconstructing Sensor
I0918 23:32:22.502382 1593316 Renderer.cpp:34] Deconstructing Renderer
I0918 23:32:22.502409 1593316 WindowlessContext.h:17] Deconstructing WindowlessContext
I0918 23:32:22.507836 1593316 ManagedContainerBase.cpp:19] ManagedContainerBase::convertFilenameToJSON : Filename : default changed to proposed JSON configuration filename : default.scene_dataset_config.json
I0918 23:32:22.507853 1593316 AttributesManagerBase.h:283] AttributesManager<T>::createFromJsonOrDefaultInternal  (Dataset) : Proposing JSON name : default.scene_dataset_config.json from original name : default | This file  does not exist.
I0918 23:32:22.508564 1593316 AssetAttributesManager.cpp:117] Asset attributes (capsule3DSolid : capsule3DSolid_hemiRings_4_cylRings_1_segments_12_halfLen_0.75_useTexCoords_false_useTangents_false) created and registered.
I0918 23:32:22.508592 1593316 AssetAttributesManager.cpp:117] Asset attributes (capsule3DWireframe : capsule3DWireframe_hemiRings_8_cylRings_1_segments_16_halfLen_1) created and registered.
I0918 23:32:22.508615 1593316 AssetAttributesManager.cpp:117] Asset attributes (coneSolid : coneSolid_segments_12_halfLen_1.25_rings_1_useTexCoords_false_useTangents_false_capEnd_true) created and registered.
I0918 23:32:22.508630 1593316 AssetAttributesManager.cpp:117] Asset attributes (coneWireframe : coneWireframe_segments_32_halfLen_1.25) created and registered.
I0918 23:32:22.508638 1593316 AssetAttributesManager.cpp:117] Asset attributes (cubeSolid : cubeSolid) created and registered.
I0918 23:32:22.508646 1593316 AssetAttributesManager.cpp:117] Asset attributes (cubeWireframe : cubeWireframe) created and registered.
I0918 23:32:22.508669 1593316 AssetAttributesManager.cpp:117] Asset attributes (cylinderSolid : cylinderSolid_rings_1_segments_12_halfLen_1_useTexCoords_false_useTangents_false_capEnds_true) created and registered.
I0918 23:32:22.508687 1593316 AssetAttributesManager.cpp:117] Asset attributes (cylinderWireframe : cylinderWireframe_rings_1_segments_32_halfLen_1) created and registered.
I0918 23:32:22.508698 1593316 AssetAttributesManager.cpp:117] Asset attributes (icosphereSolid : icosphereSolid_subdivs_1) created and registered.
I0918 23:32:22.508708 1593316 AssetAttributesManager.cpp:117] Asset attributes (icosphereWireframe : icosphereWireframe_subdivs_1) created and registered.
I0918 23:32:22.508721 1593316 AssetAttributesManager.cpp:117] Asset attributes (uvSphereSolid : uvSphereSolid_rings_8_segments_16_useTexCoords_false_useTangents_false) created and registered.
I0918 23:32:22.508733 1593316 AssetAttributesManager.cpp:117] Asset attributes (uvSphereWireframe : uvSphereWireframe_rings_16_segments_32) created and registered.
I0918 23:32:22.508740 1593316 AssetAttributesManager.cpp:105] AssetAttributesManager::buildCtorFuncPtrMaps : Built default primitive asset templates : 12
I0918 23:32:22.509141 1593316 SceneDatasetAttributesManager.cpp:23] File (default) not found, so new default dataset attributes created and registered.
I0918 23:32:22.509143 1593316 MetadataMediator.cpp:47] MetadataMediator::createDataset : Dataset default successfully created.
I0918 23:32:22.509351 1593316 AttributesManagerBase.h:283] AttributesManager<T>::createFromJsonOrDefaultInternal  (Physics Manager) : Proposing JSON name : ./data/default.physics_config.json from original name : ./data/default.physics_config.json | This file  does not exist.
I0918 23:32:22.509362 1593316 PhysicsAttributesManager.cpp:27] File (./data/default.physics_config.json) not found, so new default physics manager attributes created and registered.
I0918 23:32:22.509366 1593316 AbstractObjectAttributesManagerBase.h:175] AbstractObjectAttributesManager<T>::createObject  (Stage) : Making attributes with handle : /mnt/data_nas/deeprobotics/daiyang/vla/third_party/ETP-R1/data/scene_datasets/mp3d/B6ByNegPMKs/B6ByNegPMKs.glb
I0918 23:32:22.509371 1593316 ManagedContainerBase.cpp:19] ManagedContainerBase::convertFilenameToJSON : Filename : /mnt/data_nas/deeprobotics/daiyang/vla/third_party/ETP-R1/data/scene_datasets/mp3d/B6ByNegPMKs/B6ByNegPMKs.glb changed to proposed JSON configuration filename : /mnt/data_nas/deeprobotics/daiyang/vla/third_party/ETP-R1/data/scene_datasets/mp3d/B6ByNegPMKs/B6ByNegPMKs.stage_config.json
I0918 23:32:22.509383 1593316 AttributesManagerBase.h:283] AttributesManager<T>::createFromJsonOrDefaultInternal  (Stage) : Proposing JSON name : /mnt/data_nas/deeprobotics/daiyang/vla/third_party/ETP-R1/data/scene_datasets/mp3d/B6ByNegPMKs/B6ByNegPMKs.stage_config.json from original name : /mnt/data_nas/deeprobotics/daiyang/vla/third_party/ETP-R1/data/scene_datasets/mp3d/B6ByNegPMKs/B6ByNegPMKs.glb | This file  does not exist.
I0918 23:32:22.509431 1593316 AbstractObjectAttributesManagerBase.h:181] AbstractObjectAttributesManager<T>::createObject  (Stage) : Done making attributes with handle : /mnt/data_nas/deeprobotics/daiyang/vla/third_party/ETP-R1/data/scene_datasets/mp3d/B6ByNegPMKs/B6ByNegPMKs.glb
I0918 23:32:22.509433 1593316 AbstractObjectAttributesManagerBase.h:188] File (/mnt/data_nas/deeprobotics/daiyang/vla/third_party/ETP-R1/data/scene_datasets/mp3d/B6ByNegPMKs/B6ByNegPMKs.glb) exists but is not a recognized config filename extension, so new default Stage attributes created and registered.
I0918 23:32:22.509438 1593316 Simulator.cpp:156] Loading navmesh from /mnt/data_nas/deeprobotics/daiyang/vla/third_party/ETP-R1/data/scene_datasets/mp3d/B6ByNegPMKs/B6ByNegPMKs.navmesh
I0918 23:32:22.510751 1593316 Simulator.cpp:158] Loaded.
I0918 23:32:22.510761 1593316 SceneGraph.h:93] Created DrawableGroup: 
Renderer: NVIDIA GeForce RTX 5090/PCIe/SSE2 by NVIDIA Corporation
OpenGL version: 4.6.0 NVIDIA 580.126.09
Using optional features:
    GL_ARB_ES2_compatibility
    GL_ARB_direct_state_access
    GL_ARB_get_texture_sub_image
    GL_ARB_invalidate_subdata
    GL_ARB_multi_bind
    GL_ARB_robustness
    GL_ARB_separate_shader_objects
    GL_ARB_texture_filter_anisotropic
    GL_ARB_texture_storage
    GL_ARB_texture_storage_multisample
    GL_ARB_vertex_array_object
    GL_KHR_debug
Using driver workarounds:
    no-forward-compatible-core-context
    nv-egl-incorrect-gl11-function-pointers
    no-layout-qualifiers-on-old-glsl
    nv-zero-context-profile-mask
    nv-implementation-color-read-format-dsa-broken
    nv-cubemap-inconsistent-compressed-image-size
    nv-cubemap-broken-full-compressed-image-query
    nv-compressed-block-size-in-bits
I0918 23:32:22.520571 1593316 ResourceManager.cpp:234] ResourceManager::loadStage : Not loading semantic mesh
I0918 23:32:22.520581 1593316 ResourceManager.cpp:262] ResourceManager::loadStage : start load render asset /mnt/data_nas/deeprobotics/daiyang/vla/third_party/ETP-R1/data/scene_datasets/mp3d/B6ByNegPMKs/B6ByNegPMKs.glb.
I0918 23:32:22.520583 1593316 ResourceManager.cpp:569] ResourceManager::loadStageInternal : Attempting to load stage /mnt/data_nas/deeprobotics/daiyang/vla/third_party/ETP-R1/data/scene_datasets/mp3d/B6ByNegPMKs/B6ByNegPMKs.glb 
I0918 23:32:22.520601 1593316 ResourceManager.cpp:1119] Importing Basis files as BC7 for B6ByNegPMKs.glb
W0918 23:32:32.482363 1593316 Simulator.cpp:248] :
---
 The active scene does not contain semantic annotations. 
---
I0918 23:32:32.718471 1593316 simulator.py:213] Loaded navmesh /mnt/data_nas/deeprobotics/daiyang/vla/third_party/ETP-R1/data/scene_datasets/mp3d/B6ByNegPMKs/B6ByNegPMKs.navmesh
I0918 23:33:00.742815 1593316 PhysicsManager.cpp:33] Deconstructing PhysicsManager
I0918 23:33:00.742872 1593316 SemanticScene.h:41] Deconstructing SemanticScene
I0918 23:33:00.763842 1593316 SceneManager.h:25] Deconstructing SceneManager
I0918 23:33:00.763862 1593316 SceneGraph.h:26] Deconstructing SceneGraph
I0918 23:33:00.764465 1593316 Sensor.h:87] Deconstructing Sensor
I0918 23:33:00.789361 1593316 Renderer.cpp:34] Deconstructing Renderer
I0918 23:33:00.789405 1593316 WindowlessContext.h:17] Deconstructing WindowlessContext
I0918 23:33:00.812355 1593316 ManagedContainerBase.cpp:19] ManagedContainerBase::convertFilenameToJSON : Filename : default changed to proposed JSON configuration filename : default.scene_dataset_config.json
I0918 23:33:00.812383 1593316 AttributesManagerBase.h:283] AttributesManager<T>::createFromJsonOrDefaultInternal  (Dataset) : Proposing JSON name : default.scene_dataset_config.json from original name : default | This file  does not exist.
I0918 23:33:00.812723 1593316 AssetAttributesManager.cpp:117] Asset attributes (capsule3DSolid : capsule3DSolid_hemiRings_4_cylRings_1_segments_12_halfLen_0.75_useTexCoords_false_useTangents_false) created and registered.
I0918 23:33:00.812753 1593316 AssetAttributesManager.cpp:117] Asset attributes (capsule3DWireframe : capsule3DWireframe_hemiRings_8_cylRings_1_segments_16_halfLen_1) created and registered.
I0918 23:33:00.812777 1593316 AssetAttributesManager.cpp:117] Asset attributes (coneSolid : coneSolid_segments_12_halfLen_1.25_rings_1_useTexCoords_false_useTangents_false_capEnd_true) created and registered.
I0918 23:33:00.812793 1593316 AssetAttributesManager.cpp:117] Asset attributes (coneWireframe : coneWireframe_segments_32_halfLen_1.25) created and registered.
I0918 23:33:00.812803 1593316 AssetAttributesManager.cpp:117] Asset attributes (cubeSolid : cubeSolid) created and registered.
I0918 23:33:00.812809 1593316 AssetAttributesManager.cpp:117] Asset attributes (cubeWireframe : cubeWireframe) created and registered.
I0918 23:33:00.812829 1593316 AssetAttributesManager.cpp:117] Asset attributes (cylinderSolid : cylinderSolid_rings_1_segments_12_halfLen_1_useTexCoords_false_useTangents_false_capEnds_true) created and registered.
I0918 23:33:00.812848 1593316 AssetAttributesManager.cpp:117] Asset attributes (cylinderWireframe : cylinderWireframe_rings_1_segments_32_halfLen_1) created and registered.
I0918 23:33:00.812860 1593316 AssetAttributesManager.cpp:117] Asset attributes (icosphereSolid : icosphereSolid_subdivs_1) created and registered.
I0918 23:33:00.812877 1593316 AssetAttributesManager.cpp:117] Asset attributes (icosphereWireframe : icosphereWireframe_subdivs_1) created and registered.
I0918 23:33:00.812892 1593316 AssetAttributesManager.cpp:117] Asset attributes (uvSphereSolid : uvSphereSolid_rings_8_segments_16_useTexCoords_false_useTangents_false) created and registered.
I0918 23:33:00.812906 1593316 AssetAttributesManager.cpp:117] Asset attributes (uvSphereWireframe : uvSphereWireframe_rings_16_segments_32) created and registered.
I0918 23:33:00.812914 1593316 AssetAttributesManager.cpp:105] AssetAttributesManager::buildCtorFuncPtrMaps : Built default primitive asset templates : 12
I0918 23:33:00.813336 1593316 SceneDatasetAttributesManager.cpp:23] File (default) not found, so new default dataset attributes created and registered.
I0918 23:33:00.813339 1593316 MetadataMediator.cpp:47] MetadataMediator::createDataset : Dataset default successfully created.
I0918 23:33:00.813562 1593316 AttributesManagerBase.h:283] AttributesManager<T>::createFromJsonOrDefaultInternal  (Physics Manager) : Proposing JSON name : ./data/default.physics_config.json from original name : ./data/default.physics_config.json | This file  does not exist.
I0918 23:33:00.813577 1593316 PhysicsAttributesManager.cpp:27] File (./data/default.physics_config.json) not found, so new default physics manager attributes created and registered.
I0918 23:33:00.813581 1593316 AbstractObjectAttributesManagerBase.h:175] AbstractObjectAttributesManager<T>::createObject  (Stage) : Making attributes with handle : /mnt/data_nas/deeprobotics/daiyang/vla/third_party/ETP-R1/data/scene_datasets/mp3d/aayBHfsNo7d/aayBHfsNo7d.glb
I0918 23:33:00.813586 1593316 ManagedContainerBase.cpp:19] ManagedContainerBase::convertFilenameToJSON : Filename : /mnt/data_nas/deeprobotics/daiyang/vla/third_party/ETP-R1/data/scene_datasets/mp3d/aayBHfsNo7d/aayBHfsNo7d.glb changed to proposed JSON configuration filename : /mnt/data_nas/deeprobotics/daiyang/vla/third_party/ETP-R1/data/scene_datasets/mp3d/aayBHfsNo7d/aayBHfsNo7d.stage_config.json
I0918 23:33:00.813599 1593316 AttributesManagerBase.h:283] AttributesManager<T>::createFromJsonOrDefaultInternal  (Stage) : Proposing JSON name : /mnt/data_nas/deeprobotics/daiyang/vla/third_party/ETP-R1/data/scene_datasets/mp3d/aayBHfsNo7d/aayBHfsNo7d.stage_config.json from original name : /mnt/data_nas/deeprobotics/daiyang/vla/third_party/ETP-R1/data/scene_datasets/mp3d/aayBHfsNo7d/aayBHfsNo7d.glb | This file  does not exist.
I0918 23:33:00.813651 1593316 AbstractObjectAttributesManagerBase.h:181] AbstractObjectAttributesManager<T>::createObject  (Stage) : Done making attributes with handle : /mnt/data_nas/deeprobotics/daiyang/vla/third_party/ETP-R1/data/scene_datasets/mp3d/aayBHfsNo7d/aayBHfsNo7d.glb
I0918 23:33:00.813652 1593316 AbstractObjectAttributesManagerBase.h:188] File (/mnt/data_nas/deeprobotics/daiyang/vla/third_party/ETP-R1/data/scene_datasets/mp3d/aayBHfsNo7d/aayBHfsNo7d.glb) exists but is not a recognized config filename extension, so new default Stage attributes created and registered.
I0918 23:33:00.813658 1593316 Simulator.cpp:156] Loading navmesh from /mnt/data_nas/deeprobotics/daiyang/vla/third_party/ETP-R1/data/scene_datasets/mp3d/aayBHfsNo7d/aayBHfsNo7d.navmesh
I0918 23:33:00.814486 1593316 Simulator.cpp:158] Loaded.
I0918 23:33:00.814494 1593316 SceneGraph.h:93] Created DrawableGroup: 
Renderer: NVIDIA GeForce RTX 5090/PCIe/SSE2 by NVIDIA Corporation
OpenGL version: 4.6.0 NVIDIA 580.126.09
Using optional features:
    GL_ARB_ES2_compatibility
    GL_ARB_direct_state_access
    GL_ARB_get_texture_sub_image
    GL_ARB_invalidate_subdata
    GL_ARB_multi_bind
    GL_ARB_robustness
    GL_ARB_separate_shader_objects
    GL_ARB_texture_filter_anisotropic
    GL_ARB_texture_storage
    GL_ARB_texture_storage_multisample
    GL_ARB_vertex_array_object
    GL_KHR_debug
Using driver workarounds:
    no-forward-compatible-core-context
    nv-egl-incorrect-gl11-function-pointers
    no-layout-qualifiers-on-old-glsl
    nv-zero-context-profile-mask
    nv-implementation-color-read-format-dsa-broken
    nv-cubemap-inconsistent-compressed-image-size
    nv-cubemap-broken-full-compressed-image-query
    nv-compressed-block-size-in-bits
I0918 23:33:00.818419 1593316 ResourceManager.cpp:234] ResourceManager::loadStage : Not loading semantic mesh
I0918 23:33:00.818429 1593316 ResourceManager.cpp:262] ResourceManager::loadStage : start load render asset /mnt/data_nas/deeprobotics/daiyang/vla/third_party/ETP-R1/data/scene_datasets/mp3d/aayBHfsNo7d/aayBHfsNo7d.glb.
I0918 23:33:00.818431 1593316 ResourceManager.cpp:569] ResourceManager::loadStageInternal : Attempting to load stage /mnt/data_nas/deeprobotics/daiyang/vla/third_party/ETP-R1/data/scene_datasets/mp3d/aayBHfsNo7d/aayBHfsNo7d.glb 
I0918 23:33:00.818449 1593316 ResourceManager.cpp:1119] Importing Basis files as BC7 for aayBHfsNo7d.glb
W0918 23:33:02.408196 1593316 Simulator.cpp:248] :
---
 The active scene does not contain semantic annotations. 
---
I0918 23:33:02.450211 1593316 simulator.py:213] Loaded navmesh /mnt/data_nas/deeprobotics/daiyang/vla/third_party/ETP-R1/data/scene_datasets/mp3d/aayBHfsNo7d/aayBHfsNo7d.navmesh
I0918 23:33:02.687009 1593316 Simulator.cpp:49] Deconstructing Simulator
I0918 23:33:02.687201 1593316 Simulator.cpp:49] Deconstructing Simulator
I0918 23:33:02.687440 1593316 Simulator.cpp:49] Deconstructing Simulator
I0918 23:33:02.687718 1593316 Simulator.cpp:49] Deconstructing Simulator
I0918 23:33:02.687898 1593316 Simulator.cpp:49] Deconstructing Simulator
I0918 23:33:02.688102 1593316 Simulator.cpp:49] Deconstructing Simulator
I0918 23:33:02.688295 1593316 Simulator.cpp:49] Deconstructing Simulator
I0918 23:33:02.688477 1593316 Simulator.cpp:49] Deconstructing Simulator
I0918 23:33:02.688603 1593316 Simulator.cpp:49] Deconstructing Simulator
I0918 23:33:02.688768 1593316 Simulator.cpp:49] Deconstructing Simulator
I0918 23:33:02.688922 1593316 Simulator.cpp:49] Deconstructing Simulator
I0918 23:33:02.689031 1593316 Simulator.cpp:49] Deconstructing Simulator
I0918 23:33:02.689157 1593316 Simulator.cpp:49] Deconstructing Simulator
I0918 23:33:02.689379 1593316 Simulator.cpp:49] Deconstructing Simulator
I0918 23:33:02.689517 1593316 Simulator.cpp:49] Deconstructing Simulator
I0918 23:33:02.689651 1593316 Simulator.cpp:49] Deconstructing Simulator
I0918 23:33:02.689755 1593316 Simulator.cpp:49] Deconstructing Simulator
I0918 23:33:02.689901 1593316 Simulator.cpp:49] Deconstructing Simulator
I0918 23:33:02.690048 1593316 Simulator.cpp:49] Deconstructing Simulator
I0918 23:33:02.690173 1593316 Simulator.cpp:49] Deconstructing Simulator
I0918 23:33:02.690296 1593316 Simulator.cpp:49] Deconstructing Simulator
I0918 23:33:02.690402 1593316 Simulator.cpp:49] Deconstructing Simulator
I0918 23:33:02.690598 1593316 Simulator.cpp:49] Deconstructing Simulator
I0918 23:33:02.690721 1593316 Simulator.cpp:49] Deconstructing Simulator
I0918 23:33:02.690836 1593316 Simulator.cpp:49] Deconstructing Simulator
I0918 23:33:02.690960 1593316 Simulator.cpp:49] Deconstructing Simulator
I0918 23:33:02.691089 1593316 Simulator.cpp:49] Deconstructing Simulator
I0918 23:33:02.691191 1593316 Simulator.cpp:49] Deconstructing Simulator
I0918 23:33:02.691324 1593316 Simulator.cpp:49] Deconstructing Simulator
I0918 23:33:02.691437 1593316 Simulator.cpp:49] Deconstructing Simulator
I0918 23:33:02.691555 1593316 Simulator.cpp:49] Deconstructing Simulator
I0918 23:33:02.691666 1593316 Simulator.cpp:49] Deconstructing Simulator
I0918 23:33:27.895987 1593316 PhysicsManager.cpp:33] Deconstructing PhysicsManager
I0918 23:33:27.896030 1593316 SemanticScene.h:41] Deconstructing SemanticScene
I0918 23:33:27.898960 1593316 SceneManager.h:25] Deconstructing SceneManager
I0918 23:33:27.898972 1593316 SceneGraph.h:26] Deconstructing SceneGraph
I0918 23:33:27.899240 1593316 Sensor.h:87] Deconstructing Sensor
I0918 23:33:27.902191 1593316 Renderer.cpp:34] Deconstructing Renderer
I0918 23:33:27.902220 1593316 WindowlessContext.h:17] Deconstructing WindowlessContext
I0918 23:33:27.908119 1593316 ManagedContainerBase.cpp:19] ManagedContainerBase::convertFilenameToJSON : Filename : default changed to proposed JSON configuration filename : default.scene_dataset_config.json
I0918 23:33:27.908138 1593316 AttributesManagerBase.h:283] AttributesManager<T>::createFromJsonOrDefaultInternal  (Dataset) : Proposing JSON name : default.scene_dataset_config.json from original name : default | This file  does not exist.
I0918 23:33:27.908216 1593316 AssetAttributesManager.cpp:117] Asset attributes (capsule3DSolid : capsule3DSolid_hemiRings_4_cylRings_1_segments_12_halfLen_0.75_useTexCoords_false_useTangents_false) created and registered.
I0918 23:33:27.908252 1593316 AssetAttributesManager.cpp:117] Asset attributes (capsule3DWireframe : capsule3DWireframe_hemiRings_8_cylRings_1_segments_16_halfLen_1) created and registered.
I0918 23:33:27.908281 1593316 AssetAttributesManager.cpp:117] Asset attributes (coneSolid : coneSolid_segments_12_halfLen_1.25_rings_1_useTexCoords_false_useTangents_false_capEnd_true) created and registered.
I0918 23:33:27.908298 1593316 AssetAttributesManager.cpp:117] Asset attributes (coneWireframe : coneWireframe_segments_32_halfLen_1.25) created and registered.
I0918 23:33:27.908308 1593316 AssetAttributesManager.cpp:117] Asset attributes (cubeSolid : cubeSolid) created and registered.
I0918 23:33:27.908316 1593316 AssetAttributesManager.cpp:117] Asset attributes (cubeWireframe : cubeWireframe) created and registered.
I0918 23:33:27.908336 1593316 AssetAttributesManager.cpp:117] Asset attributes (cylinderSolid : cylinderSolid_rings_1_segments_12_halfLen_1_useTexCoords_false_useTangents_false_capEnds_true) created and registered.
I0918 23:33:27.908357 1593316 AssetAttributesManager.cpp:117] Asset attributes (cylinderWireframe : cylinderWireframe_rings_1_segments_32_halfLen_1) created and registered.
I0918 23:33:27.908365 1593316 AssetAttributesManager.cpp:117] Asset attributes (icosphereSolid : icosphereSolid_subdivs_1) created and registered.
I0918 23:33:27.908377 1593316 AssetAttributesManager.cpp:117] Asset attributes (icosphereWireframe : icosphereWireframe_subdivs_1) created and registered.
I0918 23:33:27.908393 1593316 AssetAttributesManager.cpp:117] Asset attributes (uvSphereSolid : uvSphereSolid_rings_8_segments_16_useTexCoords_false_useTangents_false) created and registered.
I0918 23:33:27.908406 1593316 AssetAttributesManager.cpp:117] Asset attributes (uvSphereWireframe : uvSphereWireframe_rings_16_segments_32) created and registered.
I0918 23:33:27.908412 1593316 AssetAttributesManager.cpp:105] AssetAttributesManager::buildCtorFuncPtrMaps : Built default primitive asset templates : 12
I0918 23:33:27.909402 1593316 SceneDatasetAttributesManager.cpp:23] File (default) not found, so new default dataset attributes created and registered.
I0918 23:33:27.909404 1593316 MetadataMediator.cpp:47] MetadataMediator::createDataset : Dataset default successfully created.
I0918 23:33:27.909668 1593316 AttributesManagerBase.h:283] AttributesManager<T>::createFromJsonOrDefaultInternal  (Physics Manager) : Proposing JSON name : ./data/default.physics_config.json from original name : ./data/default.physics_config.json | This file  does not exist.
I0918 23:33:27.909683 1593316 PhysicsAttributesManager.cpp:27] File (./data/default.physics_config.json) not found, so new default physics manager attributes created and registered.
I0918 23:33:27.909687 1593316 AbstractObjectAttributesManagerBase.h:175] AbstractObjectAttributesManager<T>::createObject  (Stage) : Making attributes with handle : /mnt/data_nas/deeprobotics/daiyang/vla/third_party/ETP-R1/data/scene_datasets/mp3d/82sE5b5pLXE/82sE5b5pLXE.glb
I0918 23:33:27.909691 1593316 ManagedContainerBase.cpp:19] ManagedContainerBase::convertFilenameToJSON : Filename : /mnt/data_nas/deeprobotics/daiyang/vla/third_party/ETP-R1/data/scene_datasets/mp3d/82sE5b5pLXE/82sE5b5pLXE.glb changed to proposed JSON configuration filename : /mnt/data_nas/deeprobotics/daiyang/vla/third_party/ETP-R1/data/scene_datasets/mp3d/82sE5b5pLXE/82sE5b5pLXE.stage_config.json
I0918 23:33:27.909709 1593316 AttributesManagerBase.h:283] AttributesManager<T>::createFromJsonOrDefaultInternal  (Stage) : Proposing JSON name : /mnt/data_nas/deeprobotics/daiyang/vla/third_party/ETP-R1/data/scene_datasets/mp3d/82sE5b5pLXE/82sE5b5pLXE.stage_config.json from original name : /mnt/data_nas/deeprobotics/daiyang/vla/third_party/ETP-R1/data/scene_datasets/mp3d/82sE5b5pLXE/82sE5b5pLXE.glb | This file  does not exist.
I0918 23:33:27.909758 1593316 AbstractObjectAttributesManagerBase.h:181] AbstractObjectAttributesManager<T>::createObject  (Stage) : Done making attributes with handle : /mnt/data_nas/deeprobotics/daiyang/vla/third_party/ETP-R1/data/scene_datasets/mp3d/82sE5b5pLXE/82sE5b5pLXE.glb
I0918 23:33:27.909760 1593316 AbstractObjectAttributesManagerBase.h:188] File (/mnt/data_nas/deeprobotics/daiyang/vla/third_party/ETP-R1/data/scene_datasets/mp3d/82sE5b5pLXE/82sE5b5pLXE.glb) exists but is not a recognized config filename extension, so new default Stage attributes created and registered.
I0918 23:33:27.909765 1593316 Simulator.cpp:156] Loading navmesh from /mnt/data_nas/deeprobotics/daiyang/vla/third_party/ETP-R1/data/scene_datasets/mp3d/82sE5b5pLXE/82sE5b5pLXE.navmesh
I0918 23:33:27.910686 1593316 Simulator.cpp:158] Loaded.
I0918 23:33:27.910693 1593316 SceneGraph.h:93] Created DrawableGroup: 
Renderer: NVIDIA GeForce RTX 5090/PCIe/SSE2 by NVIDIA Corporation
OpenGL version: 4.6.0 NVIDIA 580.126.09
Using optional features:
    GL_ARB_ES2_compatibility
    GL_ARB_direct_state_access
    GL_ARB_get_texture_sub_image
    GL_ARB_invalidate_subdata
    GL_ARB_multi_bind
    GL_ARB_robustness
    GL_ARB_separate_shader_objects
    GL_ARB_texture_filter_anisotropic
    GL_ARB_texture_storage
    GL_ARB_texture_storage_multisample
    GL_ARB_vertex_array_object
    GL_KHR_debug
Using driver workarounds:
    no-forward-compatible-core-context
    nv-egl-incorrect-gl11-function-pointers
    no-layout-qualifiers-on-old-glsl
    nv-zero-context-profile-mask
    nv-implementation-color-read-format-dsa-broken
    nv-cubemap-inconsistent-compressed-image-size
    nv-cubemap-broken-full-compressed-image-query
    nv-compressed-block-size-in-bits
I0918 23:33:27.914528 1593316 ResourceManager.cpp:234] ResourceManager::loadStage : Not loading semantic mesh
I0918 23:33:27.914536 1593316 ResourceManager.cpp:262] ResourceManager::loadStage : start load render asset /mnt/data_nas/deeprobotics/daiyang/vla/third_party/ETP-R1/data/scene_datasets/mp3d/82sE5b5pLXE/82sE5b5pLXE.glb.
I0918 23:33:27.914539 1593316 ResourceManager.cpp:569] ResourceManager::loadStageInternal : Attempting to load stage /mnt/data_nas/deeprobotics/daiyang/vla/third_party/ETP-R1/data/scene_datasets/mp3d/82sE5b5pLXE/82sE5b5pLXE.glb 
I0918 23:33:27.914556 1593316 ResourceManager.cpp:1119] Importing Basis files as BC7 for 82sE5b5pLXE.glb
W0918 23:33:30.025996 1593316 Simulator.cpp:248] :
---
 The active scene does not contain semantic annotations. 
---
I0918 23:33:30.066581 1593316 simulator.py:213] Loaded navmesh /mnt/data_nas/deeprobotics/daiyang/vla/third_party/ETP-R1/data/scene_datasets/mp3d/82sE5b5pLXE/82sE5b5pLXE.navmesh
I0918 23:34:01.152113 1593316 PhysicsManager.cpp:33] Deconstructing PhysicsManager
I0918 23:34:01.152165 1593316 SemanticScene.h:41] Deconstructing SemanticScene
I0918 23:34:01.154983 1593316 SceneManager.h:25] Deconstructing SceneManager
I0918 23:34:01.154994 1593316 SceneGraph.h:26] Deconstructing SceneGraph
I0918 23:34:01.155452 1593316 Sensor.h:87] Deconstructing Sensor
I0918 23:34:01.159724 1593316 Renderer.cpp:34] Deconstructing Renderer
I0918 23:34:01.159754 1593316 WindowlessContext.h:17] Deconstructing WindowlessContext
I0918 23:34:01.165879 1593316 ManagedContainerBase.cpp:19] ManagedContainerBase::convertFilenameToJSON : Filename : default changed to proposed JSON configuration filename : default.scene_dataset_config.json
I0918 23:34:01.165895 1593316 AttributesManagerBase.h:283] AttributesManager<T>::createFromJsonOrDefaultInternal  (Dataset) : Proposing JSON name : default.scene_dataset_config.json from original name : default | This file  does not exist.
I0918 23:34:01.165982 1593316 AssetAttributesManager.cpp:117] Asset attributes (capsule3DSolid : capsule3DSolid_hemiRings_4_cylRings_1_segments_12_halfLen_0.75_useTexCoords_false_useTangents_false) created and registered.
I0918 23:34:01.166157 1593316 AssetAttributesManager.cpp:117] Asset attributes (capsule3DWireframe : capsule3DWireframe_hemiRings_8_cylRings_1_segments_16_halfLen_1) created and registered.
I0918 23:34:01.166179 1593316 AssetAttributesManager.cpp:117] Asset attributes (coneSolid : coneSolid_segments_12_halfLen_1.25_rings_1_useTexCoords_false_useTangents_false_capEnd_true) created and registered.
I0918 23:34:01.166195 1593316 AssetAttributesManager.cpp:117] Asset attributes (coneWireframe : coneWireframe_segments_32_halfLen_1.25) created and registered.
I0918 23:34:01.166205 1593316 AssetAttributesManager.cpp:117] Asset attributes (cubeSolid : cubeSolid) created and registered.
I0918 23:34:01.166257 1593316 AssetAttributesManager.cpp:117] Asset attributes (cubeWireframe : cubeWireframe) created and registered.
I0918 23:34:01.166286 1593316 AssetAttributesManager.cpp:117] Asset attributes (cylinderSolid : cylinderSolid_rings_1_segments_12_halfLen_1_useTexCoords_false_useTangents_false_capEnds_true) created and registered.
I0918 23:34:01.166304 1593316 AssetAttributesManager.cpp:117] Asset attributes (cylinderWireframe : cylinderWireframe_rings_1_segments_32_halfLen_1) created and registered.
I0918 23:34:01.166316 1593316 AssetAttributesManager.cpp:117] Asset attributes (icosphereSolid : icosphereSolid_subdivs_1) created and registered.
I0918 23:34:01.166325 1593316 AssetAttributesManager.cpp:117] Asset attributes (icosphereWireframe : icosphereWireframe_subdivs_1) created and registered.
I0918 23:34:01.166339 1593316 AssetAttributesManager.cpp:117] Asset attributes (uvSphereSolid : uvSphereSolid_rings_8_segments_16_useTexCoords_false_useTangents_false) created and registered.
I0918 23:34:01.166352 1593316 AssetAttributesManager.cpp:117] Asset attributes (uvSphereWireframe : uvSphereWireframe_rings_16_segments_32) created and registered.
I0918 23:34:01.166358 1593316 AssetAttributesManager.cpp:105] AssetAttributesManager::buildCtorFuncPtrMaps : Built default primitive asset templates : 12
I0918 23:34:01.167573 1593316 SceneDatasetAttributesManager.cpp:23] File (default) not found, so new default dataset attributes created and registered.
I0918 23:34:01.167577 1593316 MetadataMediator.cpp:47] MetadataMediator::createDataset : Dataset default successfully created.
I0918 23:34:01.169138 1593316 AttributesManagerBase.h:283] AttributesManager<T>::createFromJsonOrDefaultInternal  (Physics Manager) : Proposing JSON name : ./data/default.physics_config.json from original name : ./data/default.physics_config.json | This file  does not exist.
I0918 23:34:01.169152 1593316 PhysicsAttributesManager.cpp:27] File (./data/default.physics_config.json) not found, so new default physics manager attributes created and registered.
I0918 23:34:01.169155 1593316 AbstractObjectAttributesManagerBase.h:175] AbstractObjectAttributesManager<T>::createObject  (Stage) : Making attributes with handle : /mnt/data_nas/deeprobotics/daiyang/vla/third_party/ETP-R1/data/scene_datasets/mp3d/B6ByNegPMKs/B6ByNegPMKs.glb
I0918 23:34:01.169162 1593316 ManagedContainerBase.cpp:19] ManagedContainerBase::convertFilenameToJSON : Filename : /mnt/data_nas/deeprobotics/daiyang/vla/third_party/ETP-R1/data/scene_datasets/mp3d/B6ByNegPMKs/B6ByNegPMKs.glb changed to proposed JSON configuration filename : /mnt/data_nas/deeprobotics/daiyang/vla/third_party/ETP-R1/data/scene_datasets/mp3d/B6ByNegPMKs/B6ByNegPMKs.stage_config.json
I0918 23:34:01.170467 1593316 AttributesManagerBase.h:283] AttributesManager<T>::createFromJsonOrDefaultInternal  (Stage) : Proposing JSON name : /mnt/data_nas/deeprobotics/daiyang/vla/third_party/ETP-R1/data/scene_datasets/mp3d/B6ByNegPMKs/B6ByNegPMKs.stage_config.json from original name : /mnt/data_nas/deeprobotics/daiyang/vla/third_party/ETP-R1/data/scene_datasets/mp3d/B6ByNegPMKs/B6ByNegPMKs.glb | This file  does not exist.
I0918 23:34:01.170521 1593316 AbstractObjectAttributesManagerBase.h:181] AbstractObjectAttributesManager<T>::createObject  (Stage) : Done making attributes with handle : /mnt/data_nas/deeprobotics/daiyang/vla/third_party/ETP-R1/data/scene_datasets/mp3d/B6ByNegPMKs/B6ByNegPMKs.glb
I0918 23:34:01.170523 1593316 AbstractObjectAttributesManagerBase.h:188] File (/mnt/data_nas/deeprobotics/daiyang/vla/third_party/ETP-R1/data/scene_datasets/mp3d/B6ByNegPMKs/B6ByNegPMKs.glb) exists but is not a recognized config filename extension, so new default Stage attributes created and registered.
I0918 23:34:01.170529 1593316 Simulator.cpp:156] Loading navmesh from /mnt/data_nas/deeprobotics/daiyang/vla/third_party/ETP-R1/data/scene_datasets/mp3d/B6ByNegPMKs/B6ByNegPMKs.navmesh
I0918 23:34:01.172119 1593316 Simulator.cpp:158] Loaded.
I0918 23:34:01.172128 1593316 SceneGraph.h:93] Created DrawableGroup: 
Renderer: NVIDIA GeForce RTX 5090/PCIe/SSE2 by NVIDIA Corporation
OpenGL version: 4.6.0 NVIDIA 580.126.09
Using optional features:
    GL_ARB_ES2_compatibility
    GL_ARB_direct_state_access
    GL_ARB_get_texture_sub_image
    GL_ARB_invalidate_subdata
    GL_ARB_multi_bind
    GL_ARB_robustness
    GL_ARB_separate_shader_objects
    GL_ARB_texture_filter_anisotropic
    GL_ARB_texture_storage
    GL_ARB_texture_storage_multisample
    GL_ARB_vertex_array_object
    GL_KHR_debug
Using driver workarounds:
    no-forward-compatible-core-context
    nv-egl-incorrect-gl11-function-pointers
    no-layout-qualifiers-on-old-glsl
    nv-zero-context-profile-mask
    nv-implementation-color-read-format-dsa-broken
    nv-cubemap-inconsistent-compressed-image-size
    nv-cubemap-broken-full-compressed-image-query
    nv-compressed-block-size-in-bits
I0918 23:34:01.176069 1593316 ResourceManager.cpp:234] ResourceManager::loadStage : Not loading semantic mesh
I0918 23:34:01.176077 1593316 ResourceManager.cpp:262] ResourceManager::loadStage : start load render asset /mnt/data_nas/deeprobotics/daiyang/vla/third_party/ETP-R1/data/scene_datasets/mp3d/B6ByNegPMKs/B6ByNegPMKs.glb.
I0918 23:34:01.176079 1593316 ResourceManager.cpp:569] ResourceManager::loadStageInternal : Attempting to load stage /mnt/data_nas/deeprobotics/daiyang/vla/third_party/ETP-R1/data/scene_datasets/mp3d/B6ByNegPMKs/B6ByNegPMKs.glb 
I0918 23:34:01.176095 1593316 ResourceManager.cpp:1119] Importing Basis files as BC7 for B6ByNegPMKs.glb
W0918 23:34:11.184132 1593316 Simulator.cpp:248] :
---
 The active scene does not contain semantic annotations. 
---
I0918 23:34:11.383227 1593316 simulator.py:213] Loaded navmesh /mnt/data_nas/deeprobotics/daiyang/vla/third_party/ETP-R1/data/scene_datasets/mp3d/B6ByNegPMKs/B6ByNegPMKs.navmesh
I0918 23:35:14.219265 1593316 PhysicsManager.cpp:33] Deconstructing PhysicsManager
I0918 23:35:14.219343 1593316 SemanticScene.h:41] Deconstructing SemanticScene
I0918 23:35:14.248808 1593316 SceneManager.h:25] Deconstructing SceneManager
I0918 23:35:14.248847 1593316 SceneGraph.h:26] Deconstructing SceneGraph
I0918 23:35:14.250010 1593316 Sensor.h:87] Deconstructing Sensor
I0918 23:35:14.289448 1593316 Renderer.cpp:34] Deconstructing Renderer
I0918 23:35:14.289516 1593316 WindowlessContext.h:17] Deconstructing WindowlessContext
I0918 23:35:14.300572 1593316 ManagedContainerBase.cpp:19] ManagedContainerBase::convertFilenameToJSON : Filename : default changed to proposed JSON configuration filename : default.scene_dataset_config.json
I0918 23:35:14.300606 1593316 AttributesManagerBase.h:283] AttributesManager<T>::createFromJsonOrDefaultInternal  (Dataset) : Proposing JSON name : default.scene_dataset_config.json from original name : default | This file  does not exist.
I0918 23:35:14.300786 1593316 AssetAttributesManager.cpp:117] Asset attributes (capsule3DSolid : capsule3DSolid_hemiRings_4_cylRings_1_segments_12_halfLen_0.75_useTexCoords_false_useTangents_false) created and registered.
I0918 23:35:14.300839 1593316 AssetAttributesManager.cpp:117] Asset attributes (capsule3DWireframe : capsule3DWireframe_hemiRings_8_cylRings_1_segments_16_halfLen_1) created and registered.
I0918 23:35:14.301718 1593316 AssetAttributesManager.cpp:117] Asset attributes (coneSolid : coneSolid_segments_12_halfLen_1.25_rings_1_useTexCoords_false_useTangents_false_capEnd_true) created and registered.
I0918 23:35:14.301761 1593316 AssetAttributesManager.cpp:117] Asset attributes (coneWireframe : coneWireframe_segments_32_halfLen_1.25) created and registered.
I0918 23:35:14.301781 1593316 AssetAttributesManager.cpp:117] Asset attributes (cubeSolid : cubeSolid) created and registered.
I0918 23:35:14.301792 1593316 AssetAttributesManager.cpp:117] Asset attributes (cubeWireframe : cubeWireframe) created and registered.
I0918 23:35:14.301826 1593316 AssetAttributesManager.cpp:117] Asset attributes (cylinderSolid : cylinderSolid_rings_1_segments_12_halfLen_1_useTexCoords_false_useTangents_false_capEnds_true) created and registered.
I0918 23:35:14.301858 1593316 AssetAttributesManager.cpp:117] Asset attributes (cylinderWireframe : cylinderWireframe_rings_1_segments_32_halfLen_1) created and registered.
I0918 23:35:14.301877 1593316 AssetAttributesManager.cpp:117] Asset attributes (icosphereSolid : icosphereSolid_subdivs_1) created and registered.
I0918 23:35:14.301890 1593316 AssetAttributesManager.cpp:117] Asset attributes (icosphereWireframe : icosphereWireframe_subdivs_1) created and registered.
I0918 23:35:14.301911 1593316 AssetAttributesManager.cpp:117] Asset attributes (uvSphereSolid : uvSphereSolid_rings_8_segments_16_useTexCoords_false_useTangents_false) created and registered.
I0918 23:35:14.301932 1593316 AssetAttributesManager.cpp:117] Asset attributes (uvSphereWireframe : uvSphereWireframe_rings_16_segments_32) created and registered.
I0918 23:35:14.301941 1593316 AssetAttributesManager.cpp:105] AssetAttributesManager::buildCtorFuncPtrMaps : Built default primitive asset templates : 12
I0918 23:35:14.302688 1593316 SceneDatasetAttributesManager.cpp:23] File (default) not found, so new default dataset attributes created and registered.
I0918 23:35:14.302695 1593316 MetadataMediator.cpp:47] MetadataMediator::createDataset : Dataset default successfully created.
I0918 23:35:14.303027 1593316 AttributesManagerBase.h:283] AttributesManager<T>::createFromJsonOrDefaultInternal  (Physics Manager) : Proposing JSON name : ./data/default.physics_config.json from original name : ./data/default.physics_config.json | This file  does not exist.
I0918 23:35:14.303052 1593316 PhysicsAttributesManager.cpp:27] File (./data/default.physics_config.json) not found, so new default physics manager attributes created and registered.
I0918 23:35:14.303058 1593316 AbstractObjectAttributesManagerBase.h:175] AbstractObjectAttributesManager<T>::createObject  (Stage) : Making attributes with handle : /mnt/data_nas/deeprobotics/daiyang/vla/third_party/ETP-R1/data/scene_datasets/mp3d/aayBHfsNo7d/aayBHfsNo7d.glb
I0918 23:35:14.303066 1593316 ManagedContainerBase.cpp:19] ManagedContainerBase::convertFilenameToJSON : Filename : /mnt/data_nas/deeprobotics/daiyang/vla/third_party/ETP-R1/data/scene_datasets/mp3d/aayBHfsNo7d/aayBHfsNo7d.glb changed to proposed JSON configuration filename : /mnt/data_nas/deeprobotics/daiyang/vla/third_party/ETP-R1/data/scene_datasets/mp3d/aayBHfsNo7d/aayBHfsNo7d.stage_config.json
I0918 23:35:14.303084 1593316 AttributesManagerBase.h:283] AttributesManager<T>::createFromJsonOrDefaultInternal  (Stage) : Proposing JSON name : /mnt/data_nas/deeprobotics/daiyang/vla/third_party/ETP-R1/data/scene_datasets/mp3d/aayBHfsNo7d/aayBHfsNo7d.stage_config.json from original name : /mnt/data_nas/deeprobotics/daiyang/vla/third_party/ETP-R1/data/scene_datasets/mp3d/aayBHfsNo7d/aayBHfsNo7d.glb | This file  does not exist.
I0918 23:35:14.303170 1593316 AbstractObjectAttributesManagerBase.h:181] AbstractObjectAttributesManager<T>::createObject  (Stage) : Done making attributes with handle : /mnt/data_nas/deeprobotics/daiyang/vla/third_party/ETP-R1/data/scene_datasets/mp3d/aayBHfsNo7d/aayBHfsNo7d.glb
I0918 23:35:14.303174 1593316 AbstractObjectAttributesManagerBase.h:188] File (/mnt/data_nas/deeprobotics/daiyang/vla/third_party/ETP-R1/data/scene_datasets/mp3d/aayBHfsNo7d/aayBHfsNo7d.glb) exists but is not a recognized config filename extension, so new default Stage attributes created and registered.
I0918 23:35:14.303189 1593316 Simulator.cpp:156] Loading navmesh from /mnt/data_nas/deeprobotics/daiyang/vla/third_party/ETP-R1/data/scene_datasets/mp3d/aayBHfsNo7d/aayBHfsNo7d.navmesh
I0918 23:35:14.304097 1593316 Simulator.cpp:158] Loaded.
I0918 23:35:14.304113 1593316 SceneGraph.h:93] Created DrawableGroup: 
Renderer: NVIDIA GeForce RTX 5090/PCIe/SSE2 by NVIDIA Corporation
OpenGL version: 4.6.0 NVIDIA 580.126.09
Using optional features:
    GL_ARB_ES2_compatibility
    GL_ARB_direct_state_access
    GL_ARB_get_texture_sub_image
    GL_ARB_invalidate_subdata
    GL_ARB_multi_bind
    GL_ARB_robustness
    GL_ARB_separate_shader_objects
    GL_ARB_texture_filter_anisotropic
    GL_ARB_texture_storage
    GL_ARB_texture_storage_multisample
    GL_ARB_vertex_array_object
    GL_KHR_debug
Using driver workarounds:
    no-forward-compatible-core-context
    nv-egl-incorrect-gl11-function-pointers
    no-layout-qualifiers-on-old-glsl
    nv-zero-context-profile-mask
    nv-implementation-color-read-format-dsa-broken
    nv-cubemap-inconsistent-compressed-image-size
    nv-cubemap-broken-full-compressed-image-query
    nv-compressed-block-size-in-bits
I0918 23:35:14.309551 1593316 ResourceManager.cpp:234] ResourceManager::loadStage : Not loading semantic mesh
I0918 23:35:14.309567 1593316 ResourceManager.cpp:262] ResourceManager::loadStage : start load render asset /mnt/data_nas/deeprobotics/daiyang/vla/third_party/ETP-R1/data/scene_datasets/mp3d/aayBHfsNo7d/aayBHfsNo7d.glb.
I0918 23:35:14.309571 1593316 ResourceManager.cpp:569] ResourceManager::loadStageInternal : Attempting to load stage /mnt/data_nas/deeprobotics/daiyang/vla/third_party/ETP-R1/data/scene_datasets/mp3d/aayBHfsNo7d/aayBHfsNo7d.glb 
I0918 23:35:14.309597 1593316 ResourceManager.cpp:1119] Importing Basis files as BC7 for aayBHfsNo7d.glb
W0918 23:35:15.930317 1593316 Simulator.cpp:248] :
---
 The active scene does not contain semantic annotations. 
---
I0918 23:35:15.973813 1593316 simulator.py:213] Loaded navmesh /mnt/data_nas/deeprobotics/daiyang/vla/third_party/ETP-R1/data/scene_datasets/mp3d/aayBHfsNo7d/aayBHfsNo7d.navmesh
I0918 23:38:19.395391 1593316 PhysicsManager.cpp:33] Deconstructing PhysicsManager
I0918 23:38:19.395454 1593316 SemanticScene.h:41] Deconstructing SemanticScene
I0918 23:38:19.403126 1593316 SceneManager.h:25] Deconstructing SceneManager
I0918 23:38:19.403138 1593316 SceneGraph.h:26] Deconstructing SceneGraph
I0918 23:38:19.403513 1593316 Sensor.h:87] Deconstructing Sensor
I0918 23:38:19.408253 1593316 Renderer.cpp:34] Deconstructing Renderer
I0918 23:38:19.408284 1593316 WindowlessContext.h:17] Deconstructing WindowlessContext
I0918 23:38:19.415002 1593316 ManagedContainerBase.cpp:19] ManagedContainerBase::convertFilenameToJSON : Filename : default changed to proposed JSON configuration filename : default.scene_dataset_config.json
I0918 23:38:19.415041 1593316 AttributesManagerBase.h:283] AttributesManager<T>::createFromJsonOrDefaultInternal  (Dataset) : Proposing JSON name : default.scene_dataset_config.json from original name : default | This file  does not exist.
I0918 23:38:19.415124 1593316 AssetAttributesManager.cpp:117] Asset attributes (capsule3DSolid : capsule3DSolid_hemiRings_4_cylRings_1_segments_12_halfLen_0.75_useTexCoords_false_useTangents_false) created and registered.
I0918 23:38:19.415159 1593316 AssetAttributesManager.cpp:117] Asset attributes (capsule3DWireframe : capsule3DWireframe_hemiRings_8_cylRings_1_segments_16_halfLen_1) created and registered.
I0918 23:38:19.415182 1593316 AssetAttributesManager.cpp:117] Asset attributes (coneSolid : coneSolid_segments_12_halfLen_1.25_rings_1_useTexCoords_false_useTangents_false_capEnd_true) created and registered.
I0918 23:38:19.415201 1593316 AssetAttributesManager.cpp:117] Asset attributes (coneWireframe : coneWireframe_segments_32_halfLen_1.25) created and registered.
I0918 23:38:19.415639 1593316 AssetAttributesManager.cpp:117] Asset attributes (cubeSolid : cubeSolid) created and registered.
I0918 23:38:19.415647 1593316 AssetAttributesManager.cpp:117] Asset attributes (cubeWireframe : cubeWireframe) created and registered.
I0918 23:38:19.415668 1593316 AssetAttributesManager.cpp:117] Asset attributes (cylinderSolid : cylinderSolid_rings_1_segments_12_halfLen_1_useTexCoords_false_useTangents_false_capEnds_true) created and registered.
I0918 23:38:19.415686 1593316 AssetAttributesManager.cpp:117] Asset attributes (cylinderWireframe : cylinderWireframe_rings_1_segments_32_halfLen_1) created and registered.
I0918 23:38:19.415699 1593316 AssetAttributesManager.cpp:117] Asset attributes (icosphereSolid : icosphereSolid_subdivs_1) created and registered.
I0918 23:38:19.415710 1593316 AssetAttributesManager.cpp:117] Asset attributes (icosphereWireframe : icosphereWireframe_subdivs_1) created and registered.
I0918 23:38:19.415726 1593316 AssetAttributesManager.cpp:117] Asset attributes (uvSphereSolid : uvSphereSolid_rings_8_segments_16_useTexCoords_false_useTangents_false) created and registered.
I0918 23:38:19.415738 1593316 AssetAttributesManager.cpp:117] Asset attributes (uvSphereWireframe : uvSphereWireframe_rings_16_segments_32) created and registered.
I0918 23:38:19.415746 1593316 AssetAttributesManager.cpp:105] AssetAttributesManager::buildCtorFuncPtrMaps : Built default primitive asset templates : 12
I0918 23:38:19.417478 1593316 SceneDatasetAttributesManager.cpp:23] File (default) not found, so new default dataset attributes created and registered.
I0918 23:38:19.417487 1593316 MetadataMediator.cpp:47] MetadataMediator::createDataset : Dataset default successfully created.
I0918 23:38:19.417778 1593316 AttributesManagerBase.h:283] AttributesManager<T>::createFromJsonOrDefaultInternal  (Physics Manager) : Proposing JSON name : ./data/default.physics_config.json from original name : ./data/default.physics_config.json | This file  does not exist.
I0918 23:38:19.417795 1593316 PhysicsAttributesManager.cpp:27] File (./data/default.physics_config.json) not found, so new default physics manager attributes created and registered.
I0918 23:38:19.417800 1593316 AbstractObjectAttributesManagerBase.h:175] AbstractObjectAttributesManager<T>::createObject  (Stage) : Making attributes with handle : /mnt/data_nas/deeprobotics/daiyang/vla/third_party/ETP-R1/data/scene_datasets/mp3d/82sE5b5pLXE/82sE5b5pLXE.glb
I0918 23:38:19.417807 1593316 ManagedContainerBase.cpp:19] ManagedContainerBase::convertFilenameToJSON : Filename : /mnt/data_nas/deeprobotics/daiyang/vla/third_party/ETP-R1/data/scene_datasets/mp3d/82sE5b5pLXE/82sE5b5pLXE.glb changed to proposed JSON configuration filename : /mnt/data_nas/deeprobotics/daiyang/vla/third_party/ETP-R1/data/scene_datasets/mp3d/82sE5b5pLXE/82sE5b5pLXE.stage_config.json
I0918 23:38:19.417827 1593316 AttributesManagerBase.h:283] AttributesManager<T>::createFromJsonOrDefaultInternal  (Stage) : Proposing JSON name : /mnt/data_nas/deeprobotics/daiyang/vla/third_party/ETP-R1/data/scene_datasets/mp3d/82sE5b5pLXE/82sE5b5pLXE.stage_config.json from original name : /mnt/data_nas/deeprobotics/daiyang/vla/third_party/ETP-R1/data/scene_datasets/mp3d/82sE5b5pLXE/82sE5b5pLXE.glb | This file  does not exist.
I0918 23:38:19.417905 1593316 AbstractObjectAttributesManagerBase.h:181] AbstractObjectAttributesManager<T>::createObject  (Stage) : Done making attributes with handle : /mnt/data_nas/deeprobotics/daiyang/vla/third_party/ETP-R1/data/scene_datasets/mp3d/82sE5b5pLXE/82sE5b5pLXE.glb
I0918 23:38:19.417907 1593316 AbstractObjectAttributesManagerBase.h:188] File (/mnt/data_nas/deeprobotics/daiyang/vla/third_party/ETP-R1/data/scene_datasets/mp3d/82sE5b5pLXE/82sE5b5pLXE.glb) exists but is not a recognized config filename extension, so new default Stage attributes created and registered.
I0918 23:38:19.417914 1593316 Simulator.cpp:156] Loading navmesh from /mnt/data_nas/deeprobotics/daiyang/vla/third_party/ETP-R1/data/scene_datasets/mp3d/82sE5b5pLXE/82sE5b5pLXE.navmesh
I0918 23:38:19.418915 1593316 Simulator.cpp:158] Loaded.
I0918 23:38:19.418924 1593316 SceneGraph.h:93] Created DrawableGroup: 
Renderer: NVIDIA GeForce RTX 5090/PCIe/SSE2 by NVIDIA Corporation
OpenGL version: 4.6.0 NVIDIA 580.126.09
Using optional features:
    GL_ARB_ES2_compatibility
    GL_ARB_direct_state_access
    GL_ARB_get_texture_sub_image
    GL_ARB_invalidate_subdata
    GL_ARB_multi_bind
    GL_ARB_robustness
    GL_ARB_separate_shader_objects
    GL_ARB_texture_filter_anisotropic
    GL_ARB_texture_storage
    GL_ARB_texture_storage_multisample
    GL_ARB_vertex_array_object
    GL_KHR_debug
Using driver workarounds:
    no-forward-compatible-core-context
    nv-egl-incorrect-gl11-function-pointers
    no-layout-qualifiers-on-old-glsl
    nv-zero-context-profile-mask
    nv-implementation-color-read-format-dsa-broken
    nv-cubemap-inconsistent-compressed-image-size
    nv-cubemap-broken-full-compressed-image-query
    nv-compressed-block-size-in-bits
I0918 23:38:19.423947 1593316 ResourceManager.cpp:234] ResourceManager::loadStage : Not loading semantic mesh
I0918 23:38:19.423959 1593316 ResourceManager.cpp:262] ResourceManager::loadStage : start load render asset /mnt/data_nas/deeprobotics/daiyang/vla/third_party/ETP-R1/data/scene_datasets/mp3d/82sE5b5pLXE/82sE5b5pLXE.glb.
I0918 23:38:19.423961 1593316 ResourceManager.cpp:569] ResourceManager::loadStageInternal : Attempting to load stage /mnt/data_nas/deeprobotics/daiyang/vla/third_party/ETP-R1/data/scene_datasets/mp3d/82sE5b5pLXE/82sE5b5pLXE.glb 
I0918 23:38:19.423986 1593316 ResourceManager.cpp:1119] Importing Basis files as BC7 for 82sE5b5pLXE.glb
W0918 23:38:21.569919 1593316 Simulator.cpp:248] :
---
 The active scene does not contain semantic annotations. 
---
I0918 23:38:21.608994 1593316 simulator.py:213] Loaded navmesh /mnt/data_nas/deeprobotics/daiyang/vla/third_party/ETP-R1/data/scene_datasets/mp3d/82sE5b5pLXE/82sE5b5pLXE.navmesh
I0918 23:39:58.113473 1593316 PhysicsManager.cpp:33] Deconstructing PhysicsManager
I0918 23:39:58.113543 1593316 SemanticScene.h:41] Deconstructing SemanticScene
I0918 23:39:58.117187 1593316 SceneManager.h:25] Deconstructing SceneManager
I0918 23:39:58.117223 1593316 SceneGraph.h:26] Deconstructing SceneGraph
I0918 23:39:58.117854 1593316 Sensor.h:87] Deconstructing Sensor
I0918 23:39:58.125010 1593316 Renderer.cpp:34] Deconstructing Renderer
I0918 23:39:58.125042 1593316 WindowlessContext.h:17] Deconstructing WindowlessContext
I0918 23:39:58.131920 1593316 ManagedContainerBase.cpp:19] ManagedContainerBase::convertFilenameToJSON : Filename : default changed to proposed JSON configuration filename : default.scene_dataset_config.json
I0918 23:39:58.131939 1593316 AttributesManagerBase.h:283] AttributesManager<T>::createFromJsonOrDefaultInternal  (Dataset) : Proposing JSON name : default.scene_dataset_config.json from original name : default | This file  does not exist.
I0918 23:39:58.133077 1593316 AssetAttributesManager.cpp:117] Asset attributes (capsule3DSolid : capsule3DSolid_hemiRings_4_cylRings_1_segments_12_halfLen_0.75_useTexCoords_false_useTangents_false) created and registered.
I0918 23:39:58.133111 1593316 AssetAttributesManager.cpp:117] Asset attributes (capsule3DWireframe : capsule3DWireframe_hemiRings_8_cylRings_1_segments_16_halfLen_1) created and registered.
I0918 23:39:58.133134 1593316 AssetAttributesManager.cpp:117] Asset attributes (coneSolid : coneSolid_segments_12_halfLen_1.25_rings_1_useTexCoords_false_useTangents_false_capEnd_true) created and registered.
I0918 23:39:58.133152 1593316 AssetAttributesManager.cpp:117] Asset attributes (coneWireframe : coneWireframe_segments_32_halfLen_1.25) created and registered.
I0918 23:39:58.133165 1593316 AssetAttributesManager.cpp:117] Asset attributes (cubeSolid : cubeSolid) created and registered.
I0918 23:39:58.133172 1593316 AssetAttributesManager.cpp:117] Asset attributes (cubeWireframe : cubeWireframe) created and registered.
I0918 23:39:58.133193 1593316 AssetAttributesManager.cpp:117] Asset attributes (cylinderSolid : cylinderSolid_rings_1_segments_12_halfLen_1_useTexCoords_false_useTangents_false_capEnds_true) created and registered.
I0918 23:39:58.133219 1593316 AssetAttributesManager.cpp:117] Asset attributes (cylinderWireframe : cylinderWireframe_rings_1_segments_32_halfLen_1) created and registered.
I0918 23:39:58.133235 1593316 AssetAttributesManager.cpp:117] Asset attributes (icosphereSolid : icosphereSolid_subdivs_1) created and registered.
I0918 23:39:58.133244 1593316 AssetAttributesManager.cpp:117] Asset attributes (icosphereWireframe : icosphereWireframe_subdivs_1) created and registered.
I0918 23:39:58.133263 1593316 AssetAttributesManager.cpp:117] Asset attributes (uvSphereSolid : uvSphereSolid_rings_8_segments_16_useTexCoords_false_useTangents_false) created and registered.
I0918 23:39:58.133281 1593316 AssetAttributesManager.cpp:117] Asset attributes (uvSphereWireframe : uvSphereWireframe_rings_16_segments_32) created and registered.
I0918 23:39:58.133292 1593316 AssetAttributesManager.cpp:105] AssetAttributesManager::buildCtorFuncPtrMaps : Built default primitive asset templates : 12
I0918 23:39:58.133706 1593316 SceneDatasetAttributesManager.cpp:23] File (default) not found, so new default dataset attributes created and registered.
I0918 23:39:58.133708 1593316 MetadataMediator.cpp:47] MetadataMediator::createDataset : Dataset default successfully created.
I0918 23:39:58.133922 1593316 AttributesManagerBase.h:283] AttributesManager<T>::createFromJsonOrDefaultInternal  (Physics Manager) : Proposing JSON name : ./data/default.physics_config.json from original name : ./data/default.physics_config.json | This file  does not exist.
I0918 23:39:58.133934 1593316 PhysicsAttributesManager.cpp:27] File (./data/default.physics_config.json) not found, so new default physics manager attributes created and registered.
I0918 23:39:58.133936 1593316 AbstractObjectAttributesManagerBase.h:175] AbstractObjectAttributesManager<T>::createObject  (Stage) : Making attributes with handle : /mnt/data_nas/deeprobotics/daiyang/vla/third_party/ETP-R1/data/scene_datasets/mp3d/B6ByNegPMKs/B6ByNegPMKs.glb
I0918 23:39:58.133941 1593316 ManagedContainerBase.cpp:19] ManagedContainerBase::convertFilenameToJSON : Filename : /mnt/data_nas/deeprobotics/daiyang/vla/third_party/ETP-R1/data/scene_datasets/mp3d/B6ByNegPMKs/B6ByNegPMKs.glb changed to proposed JSON configuration filename : /mnt/data_nas/deeprobotics/daiyang/vla/third_party/ETP-R1/data/scene_datasets/mp3d/B6ByNegPMKs/B6ByNegPMKs.stage_config.json
I0918 23:39:58.133975 1593316 AttributesManagerBase.h:283] AttributesManager<T>::createFromJsonOrDefaultInternal  (Stage) : Proposing JSON name : /mnt/data_nas/deeprobotics/daiyang/vla/third_party/ETP-R1/data/scene_datasets/mp3d/B6ByNegPMKs/B6ByNegPMKs.stage_config.json from original name : /mnt/data_nas/deeprobotics/daiyang/vla/third_party/ETP-R1/data/scene_datasets/mp3d/B6ByNegPMKs/B6ByNegPMKs.glb | This file  does not exist.
I0918 23:39:58.134023 1593316 AbstractObjectAttributesManagerBase.h:181] AbstractObjectAttributesManager<T>::createObject  (Stage) : Done making attributes with handle : /mnt/data_nas/deeprobotics/daiyang/vla/third_party/ETP-R1/data/scene_datasets/mp3d/B6ByNegPMKs/B6ByNegPMKs.glb
I0918 23:39:58.134025 1593316 AbstractObjectAttributesManagerBase.h:188] File (/mnt/data_nas/deeprobotics/daiyang/vla/third_party/ETP-R1/data/scene_datasets/mp3d/B6ByNegPMKs/B6ByNegPMKs.glb) exists but is not a recognized config filename extension, so new default Stage attributes created and registered.
I0918 23:39:58.134029 1593316 Simulator.cpp:156] Loading navmesh from /mnt/data_nas/deeprobotics/daiyang/vla/third_party/ETP-R1/data/scene_datasets/mp3d/B6ByNegPMKs/B6ByNegPMKs.navmesh
I0918 23:39:58.135638 1593316 Simulator.cpp:158] Loaded.
I0918 23:39:58.135648 1593316 SceneGraph.h:93] Created DrawableGroup: 
Renderer: NVIDIA GeForce RTX 5090/PCIe/SSE2 by NVIDIA Corporation
OpenGL version: 4.6.0 NVIDIA 580.126.09
Using optional features:
    GL_ARB_ES2_compatibility
    GL_ARB_direct_state_access
    GL_ARB_get_texture_sub_image
    GL_ARB_invalidate_subdata
    GL_ARB_multi_bind
    GL_ARB_robustness
    GL_ARB_separate_shader_objects
    GL_ARB_texture_filter_anisotropic
    GL_ARB_texture_storage
    GL_ARB_texture_storage_multisample
    GL_ARB_vertex_array_object
    GL_KHR_debug
Using driver workarounds:
    no-forward-compatible-core-context
    nv-egl-incorrect-gl11-function-pointers
    no-layout-qualifiers-on-old-glsl
    nv-zero-context-profile-mask
    nv-implementation-color-read-format-dsa-broken
    nv-cubemap-inconsistent-compressed-image-size
    nv-cubemap-broken-full-compressed-image-query
    nv-compressed-block-size-in-bits
I0918 23:39:58.139792 1593316 ResourceManager.cpp:234] ResourceManager::loadStage : Not loading semantic mesh
I0918 23:39:58.139801 1593316 ResourceManager.cpp:262] ResourceManager::loadStage : start load render asset /mnt/data_nas/deeprobotics/daiyang/vla/third_party/ETP-R1/data/scene_datasets/mp3d/B6ByNegPMKs/B6ByNegPMKs.glb.
I0918 23:39:58.139802 1593316 ResourceManager.cpp:569] ResourceManager::loadStageInternal : Attempting to load stage /mnt/data_nas/deeprobotics/daiyang/vla/third_party/ETP-R1/data/scene_datasets/mp3d/B6ByNegPMKs/B6ByNegPMKs.glb 
I0918 23:39:58.139819 1593316 ResourceManager.cpp:1119] Importing Basis files as BC7 for B6ByNegPMKs.glb
W0918 23:40:08.046075 1593316 Simulator.cpp:248] :
---
 The active scene does not contain semantic annotations. 
---
I0918 23:40:08.249750 1593316 simulator.py:213] Loaded navmesh /mnt/data_nas/deeprobotics/daiyang/vla/third_party/ETP-R1/data/scene_datasets/mp3d/B6ByNegPMKs/B6ByNegPMKs.navmesh
I0918 23:40:55.620412 1593316 PhysicsManager.cpp:33] Deconstructing PhysicsManager
I0918 23:40:55.620477 1593316 SemanticScene.h:41] Deconstructing SemanticScene
I0918 23:40:55.637375 1593316 SceneManager.h:25] Deconstructing SceneManager
I0918 23:40:55.637398 1593316 SceneGraph.h:26] Deconstructing SceneGraph
I0918 23:40:55.638041 1593316 Sensor.h:87] Deconstructing Sensor
I0918 23:40:55.655766 1593316 Renderer.cpp:34] Deconstructing Renderer
I0918 23:40:55.655823 1593316 WindowlessContext.h:17] Deconstructing WindowlessContext
I0918 23:40:55.679502 1593316 ManagedContainerBase.cpp:19] ManagedContainerBase::convertFilenameToJSON : Filename : default changed to proposed JSON configuration filename : default.scene_dataset_config.json
I0918 23:40:55.679535 1593316 AttributesManagerBase.h:283] AttributesManager<T>::createFromJsonOrDefaultInternal  (Dataset) : Proposing JSON name : default.scene_dataset_config.json from original name : default | This file  does not exist.
I0918 23:40:55.679638 1593316 AssetAttributesManager.cpp:117] Asset attributes (capsule3DSolid : capsule3DSolid_hemiRings_4_cylRings_1_segments_12_halfLen_0.75_useTexCoords_false_useTangents_false) created and registered.
I0918 23:40:55.679668 1593316 AssetAttributesManager.cpp:117] Asset attributes (capsule3DWireframe : capsule3DWireframe_hemiRings_8_cylRings_1_segments_16_halfLen_1) created and registered.
I0918 23:40:55.679693 1593316 AssetAttributesManager.cpp:117] Asset attributes (coneSolid : coneSolid_segments_12_halfLen_1.25_rings_1_useTexCoords_false_useTangents_false_capEnd_true) created and registered.
I0918 23:40:55.679709 1593316 AssetAttributesManager.cpp:117] Asset attributes (coneWireframe : coneWireframe_segments_32_halfLen_1.25) created and registered.
I0918 23:40:55.679719 1593316 AssetAttributesManager.cpp:117] Asset attributes (cubeSolid : cubeSolid) created and registered.
I0918 23:40:55.679726 1593316 AssetAttributesManager.cpp:117] Asset attributes (cubeWireframe : cubeWireframe) created and registered.
I0918 23:40:55.679747 1593316 AssetAttributesManager.cpp:117] Asset attributes (cylinderSolid : cylinderSolid_rings_1_segments_12_halfLen_1_useTexCoords_false_useTangents_false_capEnds_true) created and registered.
I0918 23:40:55.679764 1593316 AssetAttributesManager.cpp:117] Asset attributes (cylinderWireframe : cylinderWireframe_rings_1_segments_32_halfLen_1) created and registered.
I0918 23:40:55.679777 1593316 AssetAttributesManager.cpp:117] Asset attributes (icosphereSolid : icosphereSolid_subdivs_1) created and registered.
I0918 23:40:55.679795 1593316 AssetAttributesManager.cpp:117] Asset attributes (icosphereWireframe : icosphereWireframe_subdivs_1) created and registered.
I0918 23:40:55.679809 1593316 AssetAttributesManager.cpp:117] Asset attributes (uvSphereSolid : uvSphereSolid_rings_8_segments_16_useTexCoords_false_useTangents_false) created and registered.
I0918 23:40:55.679823 1593316 AssetAttributesManager.cpp:117] Asset attributes (uvSphereWireframe : uvSphereWireframe_rings_16_segments_32) created and registered.
I0918 23:40:55.679831 1593316 AssetAttributesManager.cpp:105] AssetAttributesManager::buildCtorFuncPtrMaps : Built default primitive asset templates : 12
I0918 23:40:55.680246 1593316 SceneDatasetAttributesManager.cpp:23] File (default) not found, so new default dataset attributes created and registered.
I0918 23:40:55.680249 1593316 MetadataMediator.cpp:47] MetadataMediator::createDataset : Dataset default successfully created.
I0918 23:40:55.681298 1593316 AttributesManagerBase.h:283] AttributesManager<T>::createFromJsonOrDefaultInternal  (Physics Manager) : Proposing JSON name : ./data/default.physics_config.json from original name : ./data/default.physics_config.json | This file  does not exist.
I0918 23:40:55.681310 1593316 PhysicsAttributesManager.cpp:27] File (./data/default.physics_config.json) not found, so new default physics manager attributes created and registered.
I0918 23:40:55.681313 1593316 AbstractObjectAttributesManagerBase.h:175] AbstractObjectAttributesManager<T>::createObject  (Stage) : Making attributes with handle : /mnt/data_nas/deeprobotics/daiyang/vla/third_party/ETP-R1/data/scene_datasets/mp3d/aayBHfsNo7d/aayBHfsNo7d.glb
I0918 23:40:55.681318 1593316 ManagedContainerBase.cpp:19] ManagedContainerBase::convertFilenameToJSON : Filename : /mnt/data_nas/deeprobotics/daiyang/vla/third_party/ETP-R1/data/scene_datasets/mp3d/aayBHfsNo7d/aayBHfsNo7d.glb changed to proposed JSON configuration filename : /mnt/data_nas/deeprobotics/daiyang/vla/third_party/ETP-R1/data/scene_datasets/mp3d/aayBHfsNo7d/aayBHfsNo7d.stage_config.json
I0918 23:40:55.684041 1593316 AttributesManagerBase.h:283] AttributesManager<T>::createFromJsonOrDefaultInternal  (Stage) : Proposing JSON name : /mnt/data_nas/deeprobotics/daiyang/vla/third_party/ETP-R1/data/scene_datasets/mp3d/aayBHfsNo7d/aayBHfsNo7d.stage_config.json from original name : /mnt/data_nas/deeprobotics/daiyang/vla/third_party/ETP-R1/data/scene_datasets/mp3d/aayBHfsNo7d/aayBHfsNo7d.glb | This file  does not exist.
I0918 23:40:55.684091 1593316 AbstractObjectAttributesManagerBase.h:181] AbstractObjectAttributesManager<T>::createObject  (Stage) : Done making attributes with handle : /mnt/data_nas/deeprobotics/daiyang/vla/third_party/ETP-R1/data/scene_datasets/mp3d/aayBHfsNo7d/aayBHfsNo7d.glb
I0918 23:40:55.684093 1593316 AbstractObjectAttributesManagerBase.h:188] File (/mnt/data_nas/deeprobotics/daiyang/vla/third_party/ETP-R1/data/scene_datasets/mp3d/aayBHfsNo7d/aayBHfsNo7d.glb) exists but is not a recognized config filename extension, so new default Stage attributes created and registered.
I0918 23:40:55.684099 1593316 Simulator.cpp:156] Loading navmesh from /mnt/data_nas/deeprobotics/daiyang/vla/third_party/ETP-R1/data/scene_datasets/mp3d/aayBHfsNo7d/aayBHfsNo7d.navmesh
I0918 23:40:55.685081 1593316 Simulator.cpp:158] Loaded.
I0918 23:40:55.685088 1593316 SceneGraph.h:93] Created DrawableGroup: 
Renderer: NVIDIA GeForce RTX 5090/PCIe/SSE2 by NVIDIA Corporation
OpenGL version: 4.6.0 NVIDIA 580.126.09
Using optional features:
    GL_ARB_ES2_compatibility
    GL_ARB_direct_state_access
    GL_ARB_get_texture_sub_image
    GL_ARB_invalidate_subdata
    GL_ARB_multi_bind
    GL_ARB_robustness
    GL_ARB_separate_shader_objects
    GL_ARB_texture_filter_anisotropic
    GL_ARB_texture_storage
    GL_ARB_texture_storage_multisample
    GL_ARB_vertex_array_object
    GL_KHR_debug
Using driver workarounds:
    no-forward-compatible-core-context
    nv-egl-incorrect-gl11-function-pointers
    no-layout-qualifiers-on-old-glsl
    nv-zero-context-profile-mask
    nv-implementation-color-read-format-dsa-broken
    nv-cubemap-inconsistent-compressed-image-size
    nv-cubemap-broken-full-compressed-image-query
    nv-compressed-block-size-in-bits
I0918 23:40:55.688997 1593316 ResourceManager.cpp:234] ResourceManager::loadStage : Not loading semantic mesh
I0918 23:40:55.689006 1593316 ResourceManager.cpp:262] ResourceManager::loadStage : start load render asset /mnt/data_nas/deeprobotics/daiyang/vla/third_party/ETP-R1/data/scene_datasets/mp3d/aayBHfsNo7d/aayBHfsNo7d.glb.
I0918 23:40:55.689008 1593316 ResourceManager.cpp:569] ResourceManager::loadStageInternal : Attempting to load stage /mnt/data_nas/deeprobotics/daiyang/vla/third_party/ETP-R1/data/scene_datasets/mp3d/aayBHfsNo7d/aayBHfsNo7d.glb 
I0918 23:40:55.689023 1593316 ResourceManager.cpp:1119] Importing Basis files as BC7 for aayBHfsNo7d.glb
W0918 23:40:57.247263 1593316 Simulator.cpp:248] :
---
 The active scene does not contain semantic annotations. 
---
I0918 23:40:57.290945 1593316 simulator.py:213] Loaded navmesh /mnt/data_nas/deeprobotics/daiyang/vla/third_party/ETP-R1/data/scene_datasets/mp3d/aayBHfsNo7d/aayBHfsNo7d.navmesh
I0918 23:41:33.670883 1593316 PhysicsManager.cpp:33] Deconstructing PhysicsManager
I0918 23:41:33.670938 1593316 SemanticScene.h:41] Deconstructing SemanticScene
I0918 23:41:33.675477 1593316 SceneManager.h:25] Deconstructing SceneManager
I0918 23:41:33.675488 1593316 SceneGraph.h:26] Deconstructing SceneGraph
I0918 23:41:33.675843 1593316 Sensor.h:87] Deconstructing Sensor
I0918 23:41:33.680325 1593316 Renderer.cpp:34] Deconstructing Renderer
I0918 23:41:33.680362 1593316 WindowlessContext.h:17] Deconstructing WindowlessContext
I0918 23:41:33.687104 1593316 ManagedContainerBase.cpp:19] ManagedContainerBase::convertFilenameToJSON : Filename : default changed to proposed JSON configuration filename : default.scene_dataset_config.json
I0918 23:41:33.687124 1593316 AttributesManagerBase.h:283] AttributesManager<T>::createFromJsonOrDefaultInternal  (Dataset) : Proposing JSON name : default.scene_dataset_config.json from original name : default | This file  does not exist.
I0918 23:41:33.687208 1593316 AssetAttributesManager.cpp:117] Asset attributes (capsule3DSolid : capsule3DSolid_hemiRings_4_cylRings_1_segments_12_halfLen_0.75_useTexCoords_false_useTangents_false) created and registered.
I0918 23:41:33.687537 1593316 AssetAttributesManager.cpp:117] Asset attributes (capsule3DWireframe : capsule3DWireframe_hemiRings_8_cylRings_1_segments_16_halfLen_1) created and registered.
I0918 23:41:33.687561 1593316 AssetAttributesManager.cpp:117] Asset attributes (coneSolid : coneSolid_segments_12_halfLen_1.25_rings_1_useTexCoords_false_useTangents_false_capEnd_true) created and registered.
I0918 23:41:33.687577 1593316 AssetAttributesManager.cpp:117] Asset attributes (coneWireframe : coneWireframe_segments_32_halfLen_1.25) created and registered.
I0918 23:41:33.688633 1593316 AssetAttributesManager.cpp:117] Asset attributes (cubeSolid : cubeSolid) created and registered.
I0918 23:41:33.688643 1593316 AssetAttributesManager.cpp:117] Asset attributes (cubeWireframe : cubeWireframe) created and registered.
I0918 23:41:33.688668 1593316 AssetAttributesManager.cpp:117] Asset attributes (cylinderSolid : cylinderSolid_rings_1_segments_12_halfLen_1_useTexCoords_false_useTangents_false_capEnds_true) created and registered.
I0918 23:41:33.688692 1593316 AssetAttributesManager.cpp:117] Asset attributes (cylinderWireframe : cylinderWireframe_rings_1_segments_32_halfLen_1) created and registered.
I0918 23:41:33.688705 1593316 AssetAttributesManager.cpp:117] Asset attributes (icosphereSolid : icosphereSolid_subdivs_1) created and registered.
I0918 23:41:33.688717 1593316 AssetAttributesManager.cpp:117] Asset attributes (icosphereWireframe : icosphereWireframe_subdivs_1) created and registered.
I0918 23:41:33.688732 1593316 AssetAttributesManager.cpp:117] Asset attributes (uvSphereSolid : uvSphereSolid_rings_8_segments_16_useTexCoords_false_useTangents_false) created and registered.
I0918 23:41:33.688746 1593316 AssetAttributesManager.cpp:117] Asset attributes (uvSphereWireframe : uvSphereWireframe_rings_16_segments_32) created and registered.
I0918 23:41:33.688757 1593316 AssetAttributesManager.cpp:105] AssetAttributesManager::buildCtorFuncPtrMaps : Built default primitive asset templates : 12
I0918 23:41:33.689170 1593316 SceneDatasetAttributesManager.cpp:23] File (default) not found, so new default dataset attributes created and registered.
I0918 23:41:33.689172 1593316 MetadataMediator.cpp:47] MetadataMediator::createDataset : Dataset default successfully created.
I0918 23:41:33.689394 1593316 AttributesManagerBase.h:283] AttributesManager<T>::createFromJsonOrDefaultInternal  (Physics Manager) : Proposing JSON name : ./data/default.physics_config.json from original name : ./data/default.physics_config.json | This file  does not exist.
I0918 23:41:33.689407 1593316 PhysicsAttributesManager.cpp:27] File (./data/default.physics_config.json) not found, so new default physics manager attributes created and registered.
I0918 23:41:33.689411 1593316 AbstractObjectAttributesManagerBase.h:175] AbstractObjectAttributesManager<T>::createObject  (Stage) : Making attributes with handle : /mnt/data_nas/deeprobotics/daiyang/vla/third_party/ETP-R1/data/scene_datasets/mp3d/82sE5b5pLXE/82sE5b5pLXE.glb
I0918 23:41:33.689417 1593316 ManagedContainerBase.cpp:19] ManagedContainerBase::convertFilenameToJSON : Filename : /mnt/data_nas/deeprobotics/daiyang/vla/third_party/ETP-R1/data/scene_datasets/mp3d/82sE5b5pLXE/82sE5b5pLXE.glb changed to proposed JSON configuration filename : /mnt/data_nas/deeprobotics/daiyang/vla/third_party/ETP-R1/data/scene_datasets/mp3d/82sE5b5pLXE/82sE5b5pLXE.stage_config.json
I0918 23:41:33.689429 1593316 AttributesManagerBase.h:283] AttributesManager<T>::createFromJsonOrDefaultInternal  (Stage) : Proposing JSON name : /mnt/data_nas/deeprobotics/daiyang/vla/third_party/ETP-R1/data/scene_datasets/mp3d/82sE5b5pLXE/82sE5b5pLXE.stage_config.json from original name : /mnt/data_nas/deeprobotics/daiyang/vla/third_party/ETP-R1/data/scene_datasets/mp3d/82sE5b5pLXE/82sE5b5pLXE.glb | This file  does not exist.
I0918 23:41:33.689477 1593316 AbstractObjectAttributesManagerBase.h:181] AbstractObjectAttributesManager<T>::createObject  (Stage) : Done making attributes with handle : /mnt/data_nas/deeprobotics/daiyang/vla/third_party/ETP-R1/data/scene_datasets/mp3d/82sE5b5pLXE/82sE5b5pLXE.glb
I0918 23:41:33.689479 1593316 AbstractObjectAttributesManagerBase.h:188] File (/mnt/data_nas/deeprobotics/daiyang/vla/third_party/ETP-R1/data/scene_datasets/mp3d/82sE5b5pLXE/82sE5b5pLXE.glb) exists but is not a recognized config filename extension, so new default Stage attributes created and registered.
I0918 23:41:33.689484 1593316 Simulator.cpp:156] Loading navmesh from /mnt/data_nas/deeprobotics/daiyang/vla/third_party/ETP-R1/data/scene_datasets/mp3d/82sE5b5pLXE/82sE5b5pLXE.navmesh
I0918 23:41:33.690476 1593316 Simulator.cpp:158] Loaded.
I0918 23:41:33.690485 1593316 SceneGraph.h:93] Created DrawableGroup: 
Renderer: NVIDIA GeForce RTX 5090/PCIe/SSE2 by NVIDIA Corporation
OpenGL version: 4.6.0 NVIDIA 580.126.09
Using optional features:
    GL_ARB_ES2_compatibility
    GL_ARB_direct_state_access
    GL_ARB_get_texture_sub_image
    GL_ARB_invalidate_subdata
    GL_ARB_multi_bind
    GL_ARB_robustness
    GL_ARB_separate_shader_objects
    GL_ARB_texture_filter_anisotropic
    GL_ARB_texture_storage
    GL_ARB_texture_storage_multisample
    GL_ARB_vertex_array_object
    GL_KHR_debug
Using driver workarounds:
    no-forward-compatible-core-context
    nv-egl-incorrect-gl11-function-pointers
    no-layout-qualifiers-on-old-glsl
    nv-zero-context-profile-mask
    nv-implementation-color-read-format-dsa-broken
    nv-cubemap-inconsistent-compressed-image-size
    nv-cubemap-broken-full-compressed-image-query
    nv-compressed-block-size-in-bits
I0918 23:41:33.694460 1593316 ResourceManager.cpp:234] ResourceManager::loadStage : Not loading semantic mesh
I0918 23:41:33.694469 1593316 ResourceManager.cpp:262] ResourceManager::loadStage : start load render asset /mnt/data_nas/deeprobotics/daiyang/vla/third_party/ETP-R1/data/scene_datasets/mp3d/82sE5b5pLXE/82sE5b5pLXE.glb.
I0918 23:41:33.694475 1593316 ResourceManager.cpp:569] ResourceManager::loadStageInternal : Attempting to load stage /mnt/data_nas/deeprobotics/daiyang/vla/third_party/ETP-R1/data/scene_datasets/mp3d/82sE5b5pLXE/82sE5b5pLXE.glb 
I0918 23:41:33.694494 1593316 ResourceManager.cpp:1119] Importing Basis files as BC7 for 82sE5b5pLXE.glb
W0918 23:41:35.748733 1593316 Simulator.cpp:248] :
---
 The active scene does not contain semantic annotations. 
---
I0918 23:41:35.786169 1593316 simulator.py:213] Loaded navmesh /mnt/data_nas/deeprobotics/daiyang/vla/third_party/ETP-R1/data/scene_datasets/mp3d/82sE5b5pLXE/82sE5b5pLXE.navmesh
I0918 23:42:33.306079 1593316 PhysicsManager.cpp:33] Deconstructing PhysicsManager
I0918 23:42:33.306146 1593316 SemanticScene.h:41] Deconstructing SemanticScene
I0918 23:42:33.308705 1593316 SceneManager.h:25] Deconstructing SceneManager
I0918 23:42:33.308714 1593316 SceneGraph.h:26] Deconstructing SceneGraph
I0918 23:42:33.309230 1593316 Sensor.h:87] Deconstructing Sensor
I0918 23:42:33.314841 1593316 Renderer.cpp:34] Deconstructing Renderer
I0918 23:42:33.314867 1593316 WindowlessContext.h:17] Deconstructing WindowlessContext
I0918 23:42:33.321820 1593316 ManagedContainerBase.cpp:19] ManagedContainerBase::convertFilenameToJSON : Filename : default changed to proposed JSON configuration filename : default.scene_dataset_config.json
I0918 23:42:33.321837 1593316 AttributesManagerBase.h:283] AttributesManager<T>::createFromJsonOrDefaultInternal  (Dataset) : Proposing JSON name : default.scene_dataset_config.json from original name : default | This file  does not exist.
I0918 23:42:33.322721 1593316 AssetAttributesManager.cpp:117] Asset attributes (capsule3DSolid : capsule3DSolid_hemiRings_4_cylRings_1_segments_12_halfLen_0.75_useTexCoords_false_useTangents_false) created and registered.
I0918 23:42:33.322751 1593316 AssetAttributesManager.cpp:117] Asset attributes (capsule3DWireframe : capsule3DWireframe_hemiRings_8_cylRings_1_segments_16_halfLen_1) created and registered.
I0918 23:42:33.322774 1593316 AssetAttributesManager.cpp:117] Asset attributes (coneSolid : coneSolid_segments_12_halfLen_1.25_rings_1_useTexCoords_false_useTangents_false_capEnd_true) created and registered.
I0918 23:42:33.322789 1593316 AssetAttributesManager.cpp:117] Asset attributes (coneWireframe : coneWireframe_segments_32_halfLen_1.25) created and registered.
I0918 23:42:33.322804 1593316 AssetAttributesManager.cpp:117] Asset attributes (cubeSolid : cubeSolid) created and registered.
I0918 23:42:33.322811 1593316 AssetAttributesManager.cpp:117] Asset attributes (cubeWireframe : cubeWireframe) created and registered.
I0918 23:42:33.322832 1593316 AssetAttributesManager.cpp:117] Asset attributes (cylinderSolid : cylinderSolid_rings_1_segments_12_halfLen_1_useTexCoords_false_useTangents_false_capEnds_true) created and registered.
I0918 23:42:33.322849 1593316 AssetAttributesManager.cpp:117] Asset attributes (cylinderWireframe : cylinderWireframe_rings_1_segments_32_halfLen_1) created and registered.
I0918 23:42:33.322868 1593316 AssetAttributesManager.cpp:117] Asset attributes (icosphereSolid : icosphereSolid_subdivs_1) created and registered.
I0918 23:42:33.322878 1593316 AssetAttributesManager.cpp:117] Asset attributes (icosphereWireframe : icosphereWireframe_subdivs_1) created and registered.
I0918 23:42:33.322897 1593316 AssetAttributesManager.cpp:117] Asset attributes (uvSphereSolid : uvSphereSolid_rings_8_segments_16_useTexCoords_false_useTangents_false) created and registered.
I0918 23:42:33.322911 1593316 AssetAttributesManager.cpp:117] Asset attributes (uvSphereWireframe : uvSphereWireframe_rings_16_segments_32) created and registered.
I0918 23:42:33.322919 1593316 AssetAttributesManager.cpp:105] AssetAttributesManager::buildCtorFuncPtrMaps : Built default primitive asset templates : 12
I0918 23:42:33.323357 1593316 SceneDatasetAttributesManager.cpp:23] File (default) not found, so new default dataset attributes created and registered.
I0918 23:42:33.323365 1593316 MetadataMediator.cpp:47] MetadataMediator::createDataset : Dataset default successfully created.
I0918 23:42:33.323608 1593316 AttributesManagerBase.h:283] AttributesManager<T>::createFromJsonOrDefaultInternal  (Physics Manager) : Proposing JSON name : ./data/default.physics_config.json from original name : ./data/default.physics_config.json | This file  does not exist.
I0918 23:42:33.323621 1593316 PhysicsAttributesManager.cpp:27] File (./data/default.physics_config.json) not found, so new default physics manager attributes created and registered.
I0918 23:42:33.323624 1593316 AbstractObjectAttributesManagerBase.h:175] AbstractObjectAttributesManager<T>::createObject  (Stage) : Making attributes with handle : /mnt/data_nas/deeprobotics/daiyang/vla/third_party/ETP-R1/data/scene_datasets/mp3d/B6ByNegPMKs/B6ByNegPMKs.glb
I0918 23:42:33.323629 1593316 ManagedContainerBase.cpp:19] ManagedContainerBase::convertFilenameToJSON : Filename : /mnt/data_nas/deeprobotics/daiyang/vla/third_party/ETP-R1/data/scene_datasets/mp3d/B6ByNegPMKs/B6ByNegPMKs.glb changed to proposed JSON configuration filename : /mnt/data_nas/deeprobotics/daiyang/vla/third_party/ETP-R1/data/scene_datasets/mp3d/B6ByNegPMKs/B6ByNegPMKs.stage_config.json
I0918 23:42:33.323647 1593316 AttributesManagerBase.h:283] AttributesManager<T>::createFromJsonOrDefaultInternal  (Stage) : Proposing JSON name : /mnt/data_nas/deeprobotics/daiyang/vla/third_party/ETP-R1/data/scene_datasets/mp3d/B6ByNegPMKs/B6ByNegPMKs.stage_config.json from original name : /mnt/data_nas/deeprobotics/daiyang/vla/third_party/ETP-R1/data/scene_datasets/mp3d/B6ByNegPMKs/B6ByNegPMKs.glb | This file  does not exist.
I0918 23:42:33.323696 1593316 AbstractObjectAttributesManagerBase.h:181] AbstractObjectAttributesManager<T>::createObject  (Stage) : Done making attributes with handle : /mnt/data_nas/deeprobotics/daiyang/vla/third_party/ETP-R1/data/scene_datasets/mp3d/B6ByNegPMKs/B6ByNegPMKs.glb
I0918 23:42:33.323698 1593316 AbstractObjectAttributesManagerBase.h:188] File (/mnt/data_nas/deeprobotics/daiyang/vla/third_party/ETP-R1/data/scene_datasets/mp3d/B6ByNegPMKs/B6ByNegPMKs.glb) exists but is not a recognized config filename extension, so new default Stage attributes created and registered.
I0918 23:42:33.323704 1593316 Simulator.cpp:156] Loading navmesh from /mnt/data_nas/deeprobotics/daiyang/vla/third_party/ETP-R1/data/scene_datasets/mp3d/B6ByNegPMKs/B6ByNegPMKs.navmesh
I0918 23:42:33.325103 1593316 Simulator.cpp:158] Loaded.
I0918 23:42:33.325112 1593316 SceneGraph.h:93] Created DrawableGroup: 
Renderer: NVIDIA GeForce RTX 5090/PCIe/SSE2 by NVIDIA Corporation
OpenGL version: 4.6.0 NVIDIA 580.126.09
Using optional features:
    GL_ARB_ES2_compatibility
    GL_ARB_direct_state_access
    GL_ARB_get_texture_sub_image
    GL_ARB_invalidate_subdata
    GL_ARB_multi_bind
    GL_ARB_robustness
    GL_ARB_separate_shader_objects
    GL_ARB_texture_filter_anisotropic
    GL_ARB_texture_storage
    GL_ARB_texture_storage_multisample
    GL_ARB_vertex_array_object
    GL_KHR_debug
Using driver workarounds:
    no-forward-compatible-core-context
    nv-egl-incorrect-gl11-function-pointers
    no-layout-qualifiers-on-old-glsl
    nv-zero-context-profile-mask
    nv-implementation-color-read-format-dsa-broken
    nv-cubemap-inconsistent-compressed-image-size
    nv-cubemap-broken-full-compressed-image-query
    nv-compressed-block-size-in-bits
I0918 23:42:33.329452 1593316 ResourceManager.cpp:234] ResourceManager::loadStage : Not loading semantic mesh
I0918 23:42:33.329460 1593316 ResourceManager.cpp:262] ResourceManager::loadStage : start load render asset /mnt/data_nas/deeprobotics/daiyang/vla/third_party/ETP-R1/data/scene_datasets/mp3d/B6ByNegPMKs/B6ByNegPMKs.glb.
I0918 23:42:33.329463 1593316 ResourceManager.cpp:569] ResourceManager::loadStageInternal : Attempting to load stage /mnt/data_nas/deeprobotics/daiyang/vla/third_party/ETP-R1/data/scene_datasets/mp3d/B6ByNegPMKs/B6ByNegPMKs.glb 
I0918 23:42:33.329481 1593316 ResourceManager.cpp:1119] Importing Basis files as BC7 for B6ByNegPMKs.glb
W0918 23:42:43.299049 1593316 Simulator.cpp:248] :
---
 The active scene does not contain semantic annotations. 
---
I0918 23:42:43.499813 1593316 simulator.py:213] Loaded navmesh /mnt/data_nas/deeprobotics/daiyang/vla/third_party/ETP-R1/data/scene_datasets/mp3d/B6ByNegPMKs/B6ByNegPMKs.navmesh
I0918 23:43:49.441527 1593316 PhysicsManager.cpp:33] Deconstructing PhysicsManager
I0918 23:43:49.441581 1593316 SemanticScene.h:41] Deconstructing SemanticScene
I0918 23:43:49.465286 1593316 SceneManager.h:25] Deconstructing SceneManager
I0918 23:43:49.465322 1593316 SceneGraph.h:26] Deconstructing SceneGraph
I0918 23:43:49.466020 1593316 Sensor.h:87] Deconstructing Sensor
I0918 23:43:49.488974 1593316 Renderer.cpp:34] Deconstructing Renderer
I0918 23:43:49.489023 1593316 WindowlessContext.h:17] Deconstructing WindowlessContext
I0918 23:43:49.530068 1593316 ManagedContainerBase.cpp:19] ManagedContainerBase::convertFilenameToJSON : Filename : default changed to proposed JSON configuration filename : default.scene_dataset_config.json
I0918 23:43:49.530097 1593316 AttributesManagerBase.h:283] AttributesManager<T>::createFromJsonOrDefaultInternal  (Dataset) : Proposing JSON name : default.scene_dataset_config.json from original name : default | This file  does not exist.
I0918 23:43:49.530246 1593316 AssetAttributesManager.cpp:117] Asset attributes (capsule3DSolid : capsule3DSolid_hemiRings_4_cylRings_1_segments_12_halfLen_0.75_useTexCoords_false_useTangents_false) created and registered.
I0918 23:43:49.530282 1593316 AssetAttributesManager.cpp:117] Asset attributes (capsule3DWireframe : capsule3DWireframe_hemiRings_8_cylRings_1_segments_16_halfLen_1) created and registered.
I0918 23:43:49.530308 1593316 AssetAttributesManager.cpp:117] Asset attributes (coneSolid : coneSolid_segments_12_halfLen_1.25_rings_1_useTexCoords_false_useTangents_false_capEnd_true) created and registered.
I0918 23:43:49.530324 1593316 AssetAttributesManager.cpp:117] Asset attributes (coneWireframe : coneWireframe_segments_32_halfLen_1.25) created and registered.
I0918 23:43:49.530335 1593316 AssetAttributesManager.cpp:117] Asset attributes (cubeSolid : cubeSolid) created and registered.
I0918 23:43:49.530344 1593316 AssetAttributesManager.cpp:117] Asset attributes (cubeWireframe : cubeWireframe) created and registered.
I0918 23:43:49.530365 1593316 AssetAttributesManager.cpp:117] Asset attributes (cylinderSolid : cylinderSolid_rings_1_segments_12_halfLen_1_useTexCoords_false_useTangents_false_capEnds_true) created and registered.
I0918 23:43:49.530385 1593316 AssetAttributesManager.cpp:117] Asset attributes (cylinderWireframe : cylinderWireframe_rings_1_segments_32_halfLen_1) created and registered.
I0918 23:43:49.530396 1593316 AssetAttributesManager.cpp:117] Asset attributes (icosphereSolid : icosphereSolid_subdivs_1) created and registered.
I0918 23:43:49.530408 1593316 AssetAttributesManager.cpp:117] Asset attributes (icosphereWireframe : icosphereWireframe_subdivs_1) created and registered.
I0918 23:43:49.530424 1593316 AssetAttributesManager.cpp:117] Asset attributes (uvSphereSolid : uvSphereSolid_rings_8_segments_16_useTexCoords_false_useTangents_false) created and registered.
I0918 23:43:49.530439 1593316 AssetAttributesManager.cpp:117] Asset attributes (uvSphereWireframe : uvSphereWireframe_rings_16_segments_32) created and registered.
I0918 23:43:49.530447 1593316 AssetAttributesManager.cpp:105] AssetAttributesManager::buildCtorFuncPtrMaps : Built default primitive asset templates : 12
I0918 23:43:49.530892 1593316 SceneDatasetAttributesManager.cpp:23] File (default) not found, so new default dataset attributes created and registered.
I0918 23:43:49.530895 1593316 MetadataMediator.cpp:47] MetadataMediator::createDataset : Dataset default successfully created.
I0918 23:43:49.531147 1593316 AttributesManagerBase.h:283] AttributesManager<T>::createFromJsonOrDefaultInternal  (Physics Manager) : Proposing JSON name : ./data/default.physics_config.json from original name : ./data/default.physics_config.json | This file  does not exist.
I0918 23:43:49.531169 1593316 PhysicsAttributesManager.cpp:27] File (./data/default.physics_config.json) not found, so new default physics manager attributes created and registered.
I0918 23:43:49.531173 1593316 AbstractObjectAttributesManagerBase.h:175] AbstractObjectAttributesManager<T>::createObject  (Stage) : Making attributes with handle : /mnt/data_nas/deeprobotics/daiyang/vla/third_party/ETP-R1/data/scene_datasets/mp3d/aayBHfsNo7d/aayBHfsNo7d.glb
I0918 23:43:49.531177 1593316 ManagedContainerBase.cpp:19] ManagedContainerBase::convertFilenameToJSON : Filename : /mnt/data_nas/deeprobotics/daiyang/vla/third_party/ETP-R1/data/scene_datasets/mp3d/aayBHfsNo7d/aayBHfsNo7d.glb changed to proposed JSON configuration filename : /mnt/data_nas/deeprobotics/daiyang/vla/third_party/ETP-R1/data/scene_datasets/mp3d/aayBHfsNo7d/aayBHfsNo7d.stage_config.json
I0918 23:43:49.531189 1593316 AttributesManagerBase.h:283] AttributesManager<T>::createFromJsonOrDefaultInternal  (Stage) : Proposing JSON name : /mnt/data_nas/deeprobotics/daiyang/vla/third_party/ETP-R1/data/scene_datasets/mp3d/aayBHfsNo7d/aayBHfsNo7d.stage_config.json from original name : /mnt/data_nas/deeprobotics/daiyang/vla/third_party/ETP-R1/data/scene_datasets/mp3d/aayBHfsNo7d/aayBHfsNo7d.glb | This file  does not exist.
I0918 23:43:49.531245 1593316 AbstractObjectAttributesManagerBase.h:181] AbstractObjectAttributesManager<T>::createObject  (Stage) : Done making attributes with handle : /mnt/data_nas/deeprobotics/daiyang/vla/third_party/ETP-R1/data/scene_datasets/mp3d/aayBHfsNo7d/aayBHfsNo7d.glb
I0918 23:43:49.531247 1593316 AbstractObjectAttributesManagerBase.h:188] File (/mnt/data_nas/deeprobotics/daiyang/vla/third_party/ETP-R1/data/scene_datasets/mp3d/aayBHfsNo7d/aayBHfsNo7d.glb) exists but is not a recognized config filename extension, so new default Stage attributes created and registered.
I0918 23:43:49.531252 1593316 Simulator.cpp:156] Loading navmesh from /mnt/data_nas/deeprobotics/daiyang/vla/third_party/ETP-R1/data/scene_datasets/mp3d/aayBHfsNo7d/aayBHfsNo7d.navmesh
I0918 23:43:49.532112 1593316 Simulator.cpp:158] Loaded.
I0918 23:43:49.532131 1593316 SceneGraph.h:93] Created DrawableGroup: 
Renderer: NVIDIA GeForce RTX 5090/PCIe/SSE2 by NVIDIA Corporation
OpenGL version: 4.6.0 NVIDIA 580.126.09
Using optional features:
    GL_ARB_ES2_compatibility
    GL_ARB_direct_state_access
    GL_ARB_get_texture_sub_image
    GL_ARB_invalidate_subdata
    GL_ARB_multi_bind
    GL_ARB_robustness
    GL_ARB_separate_shader_objects
    GL_ARB_texture_filter_anisotropic
    GL_ARB_texture_storage
    GL_ARB_texture_storage_multisample
    GL_ARB_vertex_array_object
    GL_KHR_debug
Using driver workarounds:
    no-forward-compatible-core-context
    nv-egl-incorrect-gl11-function-pointers
    no-layout-qualifiers-on-old-glsl
    nv-zero-context-profile-mask
    nv-implementation-color-read-format-dsa-broken
    nv-cubemap-inconsistent-compressed-image-size
    nv-cubemap-broken-full-compressed-image-query
    nv-compressed-block-size-in-bits
I0918 23:43:49.537043 1593316 ResourceManager.cpp:234] ResourceManager::loadStage : Not loading semantic mesh
I0918 23:43:49.537052 1593316 ResourceManager.cpp:262] ResourceManager::loadStage : start load render asset /mnt/data_nas/deeprobotics/daiyang/vla/third_party/ETP-R1/data/scene_datasets/mp3d/aayBHfsNo7d/aayBHfsNo7d.glb.
I0918 23:43:49.537055 1593316 ResourceManager.cpp:569] ResourceManager::loadStageInternal : Attempting to load stage /mnt/data_nas/deeprobotics/daiyang/vla/third_party/ETP-R1/data/scene_datasets/mp3d/aayBHfsNo7d/aayBHfsNo7d.glb 
I0918 23:43:49.537075 1593316 ResourceManager.cpp:1119] Importing Basis files as BC7 for aayBHfsNo7d.glb
W0918 23:43:51.179307 1593316 Simulator.cpp:248] :
---
 The active scene does not contain semantic annotations. 
---
I0918 23:43:51.222643 1593316 simulator.py:213] Loaded navmesh /mnt/data_nas/deeprobotics/daiyang/vla/third_party/ETP-R1/data/scene_datasets/mp3d/aayBHfsNo7d/aayBHfsNo7d.navmesh
I0918 23:45:27.500487 1593316 PhysicsManager.cpp:33] Deconstructing PhysicsManager
I0918 23:45:27.500563 1593316 SemanticScene.h:41] Deconstructing SemanticScene
I0918 23:45:27.504820 1593316 SceneManager.h:25] Deconstructing SceneManager
I0918 23:45:27.504834 1593316 SceneGraph.h:26] Deconstructing SceneGraph
I0918 23:45:27.505218 1593316 Sensor.h:87] Deconstructing Sensor
I0918 23:45:27.509552 1593316 Renderer.cpp:34] Deconstructing Renderer
I0918 23:45:27.509577 1593316 WindowlessContext.h:17] Deconstructing WindowlessContext
I0918 23:45:27.516052 1593316 ManagedContainerBase.cpp:19] ManagedContainerBase::convertFilenameToJSON : Filename : default changed to proposed JSON configuration filename : default.scene_dataset_config.json
I0918 23:45:27.516072 1593316 AttributesManagerBase.h:283] AttributesManager<T>::createFromJsonOrDefaultInternal  (Dataset) : Proposing JSON name : default.scene_dataset_config.json from original name : default | This file  does not exist.
I0918 23:45:27.516718 1593316 AssetAttributesManager.cpp:117] Asset attributes (capsule3DSolid : capsule3DSolid_hemiRings_4_cylRings_1_segments_12_halfLen_0.75_useTexCoords_false_useTangents_false) created and registered.
I0918 23:45:27.516749 1593316 AssetAttributesManager.cpp:117] Asset attributes (capsule3DWireframe : capsule3DWireframe_hemiRings_8_cylRings_1_segments_16_halfLen_1) created and registered.
I0918 23:45:27.516774 1593316 AssetAttributesManager.cpp:117] Asset attributes (coneSolid : coneSolid_segments_12_halfLen_1.25_rings_1_useTexCoords_false_useTangents_false_capEnd_true) created and registered.
I0918 23:45:27.516790 1593316 AssetAttributesManager.cpp:117] Asset attributes (coneWireframe : coneWireframe_segments_32_halfLen_1.25) created and registered.
I0918 23:45:27.516800 1593316 AssetAttributesManager.cpp:117] Asset attributes (cubeSolid : cubeSolid) created and registered.
I0918 23:45:27.516808 1593316 AssetAttributesManager.cpp:117] Asset attributes (cubeWireframe : cubeWireframe) created and registered.
I0918 23:45:27.516827 1593316 AssetAttributesManager.cpp:117] Asset attributes (cylinderSolid : cylinderSolid_rings_1_segments_12_halfLen_1_useTexCoords_false_useTangents_false_capEnds_true) created and registered.
I0918 23:45:27.516844 1593316 AssetAttributesManager.cpp:117] Asset attributes (cylinderWireframe : cylinderWireframe_rings_1_segments_32_halfLen_1) created and registered.
I0918 23:45:27.516855 1593316 AssetAttributesManager.cpp:117] Asset attributes (icosphereSolid : icosphereSolid_subdivs_1) created and registered.
I0918 23:45:27.516865 1593316 AssetAttributesManager.cpp:117] Asset attributes (icosphereWireframe : icosphereWireframe_subdivs_1) created and registered.
I0918 23:45:27.516877 1593316 AssetAttributesManager.cpp:117] Asset attributes (uvSphereSolid : uvSphereSolid_rings_8_segments_16_useTexCoords_false_useTangents_false) created and registered.
I0918 23:45:27.516891 1593316 AssetAttributesManager.cpp:117] Asset attributes (uvSphereWireframe : uvSphereWireframe_rings_16_segments_32) created and registered.
I0918 23:45:27.516897 1593316 AssetAttributesManager.cpp:105] AssetAttributesManager::buildCtorFuncPtrMaps : Built default primitive asset templates : 12
I0918 23:45:27.517338 1593316 SceneDatasetAttributesManager.cpp:23] File (default) not found, so new default dataset attributes created and registered.
I0918 23:45:27.517341 1593316 MetadataMediator.cpp:47] MetadataMediator::createDataset : Dataset default successfully created.
I0918 23:45:27.518409 1593316 AttributesManagerBase.h:283] AttributesManager<T>::createFromJsonOrDefaultInternal  (Physics Manager) : Proposing JSON name : ./data/default.physics_config.json from original name : ./data/default.physics_config.json | This file  does not exist.
I0918 23:45:27.518424 1593316 PhysicsAttributesManager.cpp:27] File (./data/default.physics_config.json) not found, so new default physics manager attributes created and registered.
I0918 23:45:27.518426 1593316 AbstractObjectAttributesManagerBase.h:175] AbstractObjectAttributesManager<T>::createObject  (Stage) : Making attributes with handle : /mnt/data_nas/deeprobotics/daiyang/vla/third_party/ETP-R1/data/scene_datasets/mp3d/82sE5b5pLXE/82sE5b5pLXE.glb
I0918 23:45:27.518438 1593316 ManagedContainerBase.cpp:19] ManagedContainerBase::convertFilenameToJSON : Filename : /mnt/data_nas/deeprobotics/daiyang/vla/third_party/ETP-R1/data/scene_datasets/mp3d/82sE5b5pLXE/82sE5b5pLXE.glb changed to proposed JSON configuration filename : /mnt/data_nas/deeprobotics/daiyang/vla/third_party/ETP-R1/data/scene_datasets/mp3d/82sE5b5pLXE/82sE5b5pLXE.stage_config.json
I0918 23:45:27.520964 1593316 AttributesManagerBase.h:283] AttributesManager<T>::createFromJsonOrDefaultInternal  (Stage) : Proposing JSON name : /mnt/data_nas/deeprobotics/daiyang/vla/third_party/ETP-R1/data/scene_datasets/mp3d/82sE5b5pLXE/82sE5b5pLXE.stage_config.json from original name : /mnt/data_nas/deeprobotics/daiyang/vla/third_party/ETP-R1/data/scene_datasets/mp3d/82sE5b5pLXE/82sE5b5pLXE.glb | This file  does not exist.
I0918 23:45:27.521016 1593316 AbstractObjectAttributesManagerBase.h:181] AbstractObjectAttributesManager<T>::createObject  (Stage) : Done making attributes with handle : /mnt/data_nas/deeprobotics/daiyang/vla/third_party/ETP-R1/data/scene_datasets/mp3d/82sE5b5pLXE/82sE5b5pLXE.glb
I0918 23:45:27.521019 1593316 AbstractObjectAttributesManagerBase.h:188] File (/mnt/data_nas/deeprobotics/daiyang/vla/third_party/ETP-R1/data/scene_datasets/mp3d/82sE5b5pLXE/82sE5b5pLXE.glb) exists but is not a recognized config filename extension, so new default Stage attributes created and registered.
I0918 23:45:27.521025 1593316 Simulator.cpp:156] Loading navmesh from /mnt/data_nas/deeprobotics/daiyang/vla/third_party/ETP-R1/data/scene_datasets/mp3d/82sE5b5pLXE/82sE5b5pLXE.navmesh
I0918 23:45:27.522193 1593316 Simulator.cpp:158] Loaded.
I0918 23:45:27.522233 1593316 SceneGraph.h:93] Created DrawableGroup: 
Renderer: NVIDIA GeForce RTX 5090/PCIe/SSE2 by NVIDIA Corporation
OpenGL version: 4.6.0 NVIDIA 580.126.09
Using optional features:
    GL_ARB_ES2_compatibility
    GL_ARB_direct_state_access
    GL_ARB_get_texture_sub_image
    GL_ARB_invalidate_subdata
    GL_ARB_multi_bind
    GL_ARB_robustness
    GL_ARB_separate_shader_objects
    GL_ARB_texture_filter_anisotropic
    GL_ARB_texture_storage
    GL_ARB_texture_storage_multisample
    GL_ARB_vertex_array_object
    GL_KHR_debug
Using driver workarounds:
    no-forward-compatible-core-context
    nv-egl-incorrect-gl11-function-pointers
    no-layout-qualifiers-on-old-glsl
    nv-zero-context-profile-mask
    nv-implementation-color-read-format-dsa-broken
    nv-cubemap-inconsistent-compressed-image-size
    nv-cubemap-broken-full-compressed-image-query
    nv-compressed-block-size-in-bits
I0918 23:45:27.526690 1593316 ResourceManager.cpp:234] ResourceManager::loadStage : Not loading semantic mesh
I0918 23:45:27.526698 1593316 ResourceManager.cpp:262] ResourceManager::loadStage : start load render asset /mnt/data_nas/deeprobotics/daiyang/vla/third_party/ETP-R1/data/scene_datasets/mp3d/82sE5b5pLXE/82sE5b5pLXE.glb.
I0918 23:45:27.526701 1593316 ResourceManager.cpp:569] ResourceManager::loadStageInternal : Attempting to load stage /mnt/data_nas/deeprobotics/daiyang/vla/third_party/ETP-R1/data/scene_datasets/mp3d/82sE5b5pLXE/82sE5b5pLXE.glb 
I0918 23:45:27.526726 1593316 ResourceManager.cpp:1119] Importing Basis files as BC7 for 82sE5b5pLXE.glb
W0918 23:45:29.566119 1593316 Simulator.cpp:248] :
---
 The active scene does not contain semantic annotations. 
---
I0918 23:45:29.604454 1593316 simulator.py:213] Loaded navmesh /mnt/data_nas/deeprobotics/daiyang/vla/third_party/ETP-R1/data/scene_datasets/mp3d/82sE5b5pLXE/82sE5b5pLXE.navmesh
I0918 23:47:33.788599 1593316 PhysicsManager.cpp:33] Deconstructing PhysicsManager
I0918 23:47:33.788668 1593316 SemanticScene.h:41] Deconstructing SemanticScene
I0918 23:47:33.791074 1593316 SceneManager.h:25] Deconstructing SceneManager
I0918 23:47:33.791083 1593316 SceneGraph.h:26] Deconstructing SceneGraph
I0918 23:47:33.791463 1593316 Sensor.h:87] Deconstructing Sensor
I0918 23:47:33.797804 1593316 Renderer.cpp:34] Deconstructing Renderer
I0918 23:47:33.797832 1593316 WindowlessContext.h:17] Deconstructing WindowlessContext
I0918 23:47:33.809132 1593316 ManagedContainerBase.cpp:19] ManagedContainerBase::convertFilenameToJSON : Filename : default changed to proposed JSON configuration filename : default.scene_dataset_config.json
I0918 23:47:33.809152 1593316 AttributesManagerBase.h:283] AttributesManager<T>::createFromJsonOrDefaultInternal  (Dataset) : Proposing JSON name : default.scene_dataset_config.json from original name : default | This file  does not exist.
I0918 23:47:33.810766 1593316 AssetAttributesManager.cpp:117] Asset attributes (capsule3DSolid : capsule3DSolid_hemiRings_4_cylRings_1_segments_12_halfLen_0.75_useTexCoords_false_useTangents_false) created and registered.
I0918 23:47:33.812884 1593316 AssetAttributesManager.cpp:117] Asset attributes (capsule3DWireframe : capsule3DWireframe_hemiRings_8_cylRings_1_segments_16_halfLen_1) created and registered.
I0918 23:47:33.812918 1593316 AssetAttributesManager.cpp:117] Asset attributes (coneSolid : coneSolid_segments_12_halfLen_1.25_rings_1_useTexCoords_false_useTangents_false_capEnd_true) created and registered.
I0918 23:47:33.812935 1593316 AssetAttributesManager.cpp:117] Asset attributes (coneWireframe : coneWireframe_segments_32_halfLen_1.25) created and registered.
I0918 23:47:33.812947 1593316 AssetAttributesManager.cpp:117] Asset attributes (cubeSolid : cubeSolid) created and registered.
I0918 23:47:33.812952 1593316 AssetAttributesManager.cpp:117] Asset attributes (cubeWireframe : cubeWireframe) created and registered.
I0918 23:47:33.812973 1593316 AssetAttributesManager.cpp:117] Asset attributes (cylinderSolid : cylinderSolid_rings_1_segments_12_halfLen_1_useTexCoords_false_useTangents_false_capEnds_true) created and registered.
I0918 23:47:33.812988 1593316 AssetAttributesManager.cpp:117] Asset attributes (cylinderWireframe : cylinderWireframe_rings_1_segments_32_halfLen_1) created and registered.
I0918 23:47:33.813000 1593316 AssetAttributesManager.cpp:117] Asset attributes (icosphereSolid : icosphereSolid_subdivs_1) created and registered.
I0918 23:47:33.813011 1593316 AssetAttributesManager.cpp:117] Asset attributes (icosphereWireframe : icosphereWireframe_subdivs_1) created and registered.
I0918 23:47:33.813025 1593316 AssetAttributesManager.cpp:117] Asset attributes (uvSphereSolid : uvSphereSolid_rings_8_segments_16_useTexCoords_false_useTangents_false) created and registered.
I0918 23:47:33.813040 1593316 AssetAttributesManager.cpp:117] Asset attributes (uvSphereWireframe : uvSphereWireframe_rings_16_segments_32) created and registered.
I0918 23:47:33.813046 1593316 AssetAttributesManager.cpp:105] AssetAttributesManager::buildCtorFuncPtrMaps : Built default primitive asset templates : 12
I0918 23:47:33.813494 1593316 SceneDatasetAttributesManager.cpp:23] File (default) not found, so new default dataset attributes created and registered.
I0918 23:47:33.813496 1593316 MetadataMediator.cpp:47] MetadataMediator::createDataset : Dataset default successfully created.
I0918 23:47:33.813730 1593316 AttributesManagerBase.h:283] AttributesManager<T>::createFromJsonOrDefaultInternal  (Physics Manager) : Proposing JSON name : ./data/default.physics_config.json from original name : ./data/default.physics_config.json | This file  does not exist.
I0918 23:47:33.813742 1593316 PhysicsAttributesManager.cpp:27] File (./data/default.physics_config.json) not found, so new default physics manager attributes created and registered.
I0918 23:47:33.813746 1593316 AbstractObjectAttributesManagerBase.h:175] AbstractObjectAttributesManager<T>::createObject  (Stage) : Making attributes with handle : /mnt/data_nas/deeprobotics/daiyang/vla/third_party/ETP-R1/data/scene_datasets/mp3d/B6ByNegPMKs/B6ByNegPMKs.glb
I0918 23:47:33.813751 1593316 ManagedContainerBase.cpp:19] ManagedContainerBase::convertFilenameToJSON : Filename : /mnt/data_nas/deeprobotics/daiyang/vla/third_party/ETP-R1/data/scene_datasets/mp3d/B6ByNegPMKs/B6ByNegPMKs.glb changed to proposed JSON configuration filename : /mnt/data_nas/deeprobotics/daiyang/vla/third_party/ETP-R1/data/scene_datasets/mp3d/B6ByNegPMKs/B6ByNegPMKs.stage_config.json
I0918 23:47:33.813767 1593316 AttributesManagerBase.h:283] AttributesManager<T>::createFromJsonOrDefaultInternal  (Stage) : Proposing JSON name : /mnt/data_nas/deeprobotics/daiyang/vla/third_party/ETP-R1/data/scene_datasets/mp3d/B6ByNegPMKs/B6ByNegPMKs.stage_config.json from original name : /mnt/data_nas/deeprobotics/daiyang/vla/third_party/ETP-R1/data/scene_datasets/mp3d/B6ByNegPMKs/B6ByNegPMKs.glb | This file  does not exist.
I0918 23:47:33.813817 1593316 AbstractObjectAttributesManagerBase.h:181] AbstractObjectAttributesManager<T>::createObject  (Stage) : Done making attributes with handle : /mnt/data_nas/deeprobotics/daiyang/vla/third_party/ETP-R1/data/scene_datasets/mp3d/B6ByNegPMKs/B6ByNegPMKs.glb
I0918 23:47:33.813819 1593316 AbstractObjectAttributesManagerBase.h:188] File (/mnt/data_nas/deeprobotics/daiyang/vla/third_party/ETP-R1/data/scene_datasets/mp3d/B6ByNegPMKs/B6ByNegPMKs.glb) exists but is not a recognized config filename extension, so new default Stage attributes created and registered.
I0918 23:47:33.813824 1593316 Simulator.cpp:156] Loading navmesh from /mnt/data_nas/deeprobotics/daiyang/vla/third_party/ETP-R1/data/scene_datasets/mp3d/B6ByNegPMKs/B6ByNegPMKs.navmesh
I0918 23:47:33.815110 1593316 Simulator.cpp:158] Loaded.
I0918 23:47:33.815119 1593316 SceneGraph.h:93] Created DrawableGroup: 
Renderer: NVIDIA GeForce RTX 5090/PCIe/SSE2 by NVIDIA Corporation
OpenGL version: 4.6.0 NVIDIA 580.126.09
Using optional features:
    GL_ARB_ES2_compatibility
    GL_ARB_direct_state_access
    GL_ARB_get_texture_sub_image
    GL_ARB_invalidate_subdata
    GL_ARB_multi_bind
    GL_ARB_robustness
    GL_ARB_separate_shader_objects
    GL_ARB_texture_filter_anisotropic
    GL_ARB_texture_storage
    GL_ARB_texture_storage_multisample
    GL_ARB_vertex_array_object
    GL_KHR_debug
Using driver workarounds:
    no-forward-compatible-core-context
    nv-egl-incorrect-gl11-function-pointers
    no-layout-qualifiers-on-old-glsl
    nv-zero-context-profile-mask
    nv-implementation-color-read-format-dsa-broken
    nv-cubemap-inconsistent-compressed-image-size
    nv-cubemap-broken-full-compressed-image-query
    nv-compressed-block-size-in-bits
I0918 23:47:33.824466 1593316 ResourceManager.cpp:234] ResourceManager::loadStage : Not loading semantic mesh
I0918 23:47:33.824476 1593316 ResourceManager.cpp:262] ResourceManager::loadStage : start load render asset /mnt/data_nas/deeprobotics/daiyang/vla/third_party/ETP-R1/data/scene_datasets/mp3d/B6ByNegPMKs/B6ByNegPMKs.glb.
I0918 23:47:33.824478 1593316 ResourceManager.cpp:569] ResourceManager::loadStageInternal : Attempting to load stage /mnt/data_nas/deeprobotics/daiyang/vla/third_party/ETP-R1/data/scene_datasets/mp3d/B6ByNegPMKs/B6ByNegPMKs.glb 
I0918 23:47:33.824497 1593316 ResourceManager.cpp:1119] Importing Basis files as BC7 for B6ByNegPMKs.glb
W0918 23:47:43.674886 1593316 Simulator.cpp:248] :
---
 The active scene does not contain semantic annotations. 
---
I0918 23:47:43.879700 1593316 simulator.py:213] Loaded navmesh /mnt/data_nas/deeprobotics/daiyang/vla/third_party/ETP-R1/data/scene_datasets/mp3d/B6ByNegPMKs/B6ByNegPMKs.navmesh
I0918 23:50:57.612725 1593316 PhysicsManager.cpp:33] Deconstructing PhysicsManager
I0918 23:50:57.612788 1593316 SemanticScene.h:41] Deconstructing SemanticScene
I0918 23:50:57.635159 1593316 SceneManager.h:25] Deconstructing SceneManager
I0918 23:50:57.635179 1593316 SceneGraph.h:26] Deconstructing SceneGraph
I0918 23:50:57.635910 1593316 Sensor.h:87] Deconstructing Sensor
I0918 23:50:57.679950 1593316 Renderer.cpp:34] Deconstructing Renderer
I0918 23:50:57.680007 1593316 WindowlessContext.h:17] Deconstructing WindowlessContext
I0918 23:50:57.710319 1593316 ManagedContainerBase.cpp:19] ManagedContainerBase::convertFilenameToJSON : Filename : default changed to proposed JSON configuration filename : default.scene_dataset_config.json
I0918 23:50:57.710352 1593316 AttributesManagerBase.h:283] AttributesManager<T>::createFromJsonOrDefaultInternal  (Dataset) : Proposing JSON name : default.scene_dataset_config.json from original name : default | This file  does not exist.
I0918 23:50:57.710687 1593316 AssetAttributesManager.cpp:117] Asset attributes (capsule3DSolid : capsule3DSolid_hemiRings_4_cylRings_1_segments_12_halfLen_0.75_useTexCoords_false_useTangents_false) created and registered.
I0918 23:50:57.710717 1593316 AssetAttributesManager.cpp:117] Asset attributes (capsule3DWireframe : capsule3DWireframe_hemiRings_8_cylRings_1_segments_16_halfLen_1) created and registered.
I0918 23:50:57.710741 1593316 AssetAttributesManager.cpp:117] Asset attributes (coneSolid : coneSolid_segments_12_halfLen_1.25_rings_1_useTexCoords_false_useTangents_false_capEnd_true) created and registered.
I0918 23:50:57.710755 1593316 AssetAttributesManager.cpp:117] Asset attributes (coneWireframe : coneWireframe_segments_32_halfLen_1.25) created and registered.
I0918 23:50:57.710764 1593316 AssetAttributesManager.cpp:117] Asset attributes (cubeSolid : cubeSolid) created and registered.
I0918 23:50:57.710772 1593316 AssetAttributesManager.cpp:117] Asset attributes (cubeWireframe : cubeWireframe) created and registered.
I0918 23:50:57.710791 1593316 AssetAttributesManager.cpp:117] Asset attributes (cylinderSolid : cylinderSolid_rings_1_segments_12_halfLen_1_useTexCoords_false_useTangents_false_capEnds_true) created and registered.
I0918 23:50:57.710808 1593316 AssetAttributesManager.cpp:117] Asset attributes (cylinderWireframe : cylinderWireframe_rings_1_segments_32_halfLen_1) created and registered.
I0918 23:50:57.710820 1593316 AssetAttributesManager.cpp:117] Asset attributes (icosphereSolid : icosphereSolid_subdivs_1) created and registered.
I0918 23:50:57.710830 1593316 AssetAttributesManager.cpp:117] Asset attributes (icosphereWireframe : icosphereWireframe_subdivs_1) created and registered.
I0918 23:50:57.710850 1593316 AssetAttributesManager.cpp:117] Asset attributes (uvSphereSolid : uvSphereSolid_rings_8_segments_16_useTexCoords_false_useTangents_false) created and registered.
I0918 23:50:57.710867 1593316 AssetAttributesManager.cpp:117] Asset attributes (uvSphereWireframe : uvSphereWireframe_rings_16_segments_32) created and registered.
I0918 23:50:57.710875 1593316 AssetAttributesManager.cpp:105] AssetAttributesManager::buildCtorFuncPtrMaps : Built default primitive asset templates : 12
I0918 23:50:57.711313 1593316 SceneDatasetAttributesManager.cpp:23] File (default) not found, so new default dataset attributes created and registered.
I0918 23:50:57.711316 1593316 MetadataMediator.cpp:47] MetadataMediator::createDataset : Dataset default successfully created.
I0918 23:50:57.711550 1593316 AttributesManagerBase.h:283] AttributesManager<T>::createFromJsonOrDefaultInternal  (Physics Manager) : Proposing JSON name : ./data/default.physics_config.json from original name : ./data/default.physics_config.json | This file  does not exist.
I0918 23:50:57.711565 1593316 PhysicsAttributesManager.cpp:27] File (./data/default.physics_config.json) not found, so new default physics manager attributes created and registered.
I0918 23:50:57.711568 1593316 AbstractObjectAttributesManagerBase.h:175] AbstractObjectAttributesManager<T>::createObject  (Stage) : Making attributes with handle : /mnt/data_nas/deeprobotics/daiyang/vla/third_party/ETP-R1/data/scene_datasets/mp3d/aayBHfsNo7d/aayBHfsNo7d.glb
I0918 23:50:57.711572 1593316 ManagedContainerBase.cpp:19] ManagedContainerBase::convertFilenameToJSON : Filename : /mnt/data_nas/deeprobotics/daiyang/vla/third_party/ETP-R1/data/scene_datasets/mp3d/aayBHfsNo7d/aayBHfsNo7d.glb changed to proposed JSON configuration filename : /mnt/data_nas/deeprobotics/daiyang/vla/third_party/ETP-R1/data/scene_datasets/mp3d/aayBHfsNo7d/aayBHfsNo7d.stage_config.json
I0918 23:50:57.711586 1593316 AttributesManagerBase.h:283] AttributesManager<T>::createFromJsonOrDefaultInternal  (Stage) : Proposing JSON name : /mnt/data_nas/deeprobotics/daiyang/vla/third_party/ETP-R1/data/scene_datasets/mp3d/aayBHfsNo7d/aayBHfsNo7d.stage_config.json from original name : /mnt/data_nas/deeprobotics/daiyang/vla/third_party/ETP-R1/data/scene_datasets/mp3d/aayBHfsNo7d/aayBHfsNo7d.glb | This file  does not exist.
I0918 23:50:57.711647 1593316 AbstractObjectAttributesManagerBase.h:181] AbstractObjectAttributesManager<T>::createObject  (Stage) : Done making attributes with handle : /mnt/data_nas/deeprobotics/daiyang/vla/third_party/ETP-R1/data/scene_datasets/mp3d/aayBHfsNo7d/aayBHfsNo7d.glb
I0918 23:50:57.711648 1593316 AbstractObjectAttributesManagerBase.h:188] File (/mnt/data_nas/deeprobotics/daiyang/vla/third_party/ETP-R1/data/scene_datasets/mp3d/aayBHfsNo7d/aayBHfsNo7d.glb) exists but is not a recognized config filename extension, so new default Stage attributes created and registered.
I0918 23:50:57.711652 1593316 Simulator.cpp:156] Loading navmesh from /mnt/data_nas/deeprobotics/daiyang/vla/third_party/ETP-R1/data/scene_datasets/mp3d/aayBHfsNo7d/aayBHfsNo7d.navmesh
I0918 23:50:57.713111 1593316 Simulator.cpp:158] Loaded.
I0918 23:50:57.713122 1593316 SceneGraph.h:93] Created DrawableGroup: 
Renderer: NVIDIA GeForce RTX 5090/PCIe/SSE2 by NVIDIA Corporation
OpenGL version: 4.6.0 NVIDIA 580.126.09
Using optional features:
    GL_ARB_ES2_compatibility
    GL_ARB_direct_state_access
    GL_ARB_get_texture_sub_image
    GL_ARB_invalidate_subdata
    GL_ARB_multi_bind
    GL_ARB_robustness
    GL_ARB_separate_shader_objects
    GL_ARB_texture_filter_anisotropic
    GL_ARB_texture_storage
    GL_ARB_texture_storage_multisample
    GL_ARB_vertex_array_object
    GL_KHR_debug
Using driver workarounds:
    no-forward-compatible-core-context
    nv-egl-incorrect-gl11-function-pointers
    no-layout-qualifiers-on-old-glsl
    nv-zero-context-profile-mask
    nv-implementation-color-read-format-dsa-broken
    nv-cubemap-inconsistent-compressed-image-size
    nv-cubemap-broken-full-compressed-image-query
    nv-compressed-block-size-in-bits
I0918 23:50:57.717033 1593316 ResourceManager.cpp:234] ResourceManager::loadStage : Not loading semantic mesh
I0918 23:50:57.717042 1593316 ResourceManager.cpp:262] ResourceManager::loadStage : start load render asset /mnt/data_nas/deeprobotics/daiyang/vla/third_party/ETP-R1/data/scene_datasets/mp3d/aayBHfsNo7d/aayBHfsNo7d.glb.
I0918 23:50:57.717044 1593316 ResourceManager.cpp:569] ResourceManager::loadStageInternal : Attempting to load stage /mnt/data_nas/deeprobotics/daiyang/vla/third_party/ETP-R1/data/scene_datasets/mp3d/aayBHfsNo7d/aayBHfsNo7d.glb 
I0918 23:50:57.717063 1593316 ResourceManager.cpp:1119] Importing Basis files as BC7 for aayBHfsNo7d.glb
W0918 23:50:59.416162 1593316 Simulator.cpp:248] :
---
 The active scene does not contain semantic annotations. 
---
I0918 23:50:59.457745 1593316 simulator.py:213] Loaded navmesh /mnt/data_nas/deeprobotics/daiyang/vla/third_party/ETP-R1/data/scene_datasets/mp3d/aayBHfsNo7d/aayBHfsNo7d.navmesh
I0918 23:51:28.088745 1593316 PhysicsManager.cpp:33] Deconstructing PhysicsManager
I0918 23:51:28.088784 1593316 SemanticScene.h:41] Deconstructing SemanticScene
I0918 23:51:28.091413 1593316 SceneManager.h:25] Deconstructing SceneManager
I0918 23:51:28.091421 1593316 SceneGraph.h:26] Deconstructing SceneGraph
I0918 23:51:28.091667 1593316 Sensor.h:87] Deconstructing Sensor
I0918 23:51:28.094516 1593316 Renderer.cpp:34] Deconstructing Renderer
I0918 23:51:28.094537 1593316 WindowlessContext.h:17] Deconstructing WindowlessContext
I0918 23:51:28.100384 1593316 ManagedContainerBase.cpp:19] ManagedContainerBase::convertFilenameToJSON : Filename : default changed to proposed JSON configuration filename : default.scene_dataset_config.json
I0918 23:51:28.100402 1593316 AttributesManagerBase.h:283] AttributesManager<T>::createFromJsonOrDefaultInternal  (Dataset) : Proposing JSON name : default.scene_dataset_config.json from original name : default | This file  does not exist.
I0918 23:51:28.100725 1593316 AssetAttributesManager.cpp:117] Asset attributes (capsule3DSolid : capsule3DSolid_hemiRings_4_cylRings_1_segments_12_halfLen_0.75_useTexCoords_false_useTangents_false) created and registered.
I0918 23:51:28.100755 1593316 AssetAttributesManager.cpp:117] Asset attributes (capsule3DWireframe : capsule3DWireframe_hemiRings_8_cylRings_1_segments_16_halfLen_1) created and registered.
I0918 23:51:28.100783 1593316 AssetAttributesManager.cpp:117] Asset attributes (coneSolid : coneSolid_segments_12_halfLen_1.25_rings_1_useTexCoords_false_useTangents_false_capEnd_true) created and registered.
I0918 23:51:28.100798 1593316 AssetAttributesManager.cpp:117] Asset attributes (coneWireframe : coneWireframe_segments_32_halfLen_1.25) created and registered.
I0918 23:51:28.100807 1593316 AssetAttributesManager.cpp:117] Asset attributes (cubeSolid : cubeSolid) created and registered.
I0918 23:51:28.100813 1593316 AssetAttributesManager.cpp:117] Asset attributes (cubeWireframe : cubeWireframe) created and registered.
I0918 23:51:28.100832 1593316 AssetAttributesManager.cpp:117] Asset attributes (cylinderSolid : cylinderSolid_rings_1_segments_12_halfLen_1_useTexCoords_false_useTangents_false_capEnds_true) created and registered.
I0918 23:51:28.100848 1593316 AssetAttributesManager.cpp:117] Asset attributes (cylinderWireframe : cylinderWireframe_rings_1_segments_32_halfLen_1) created and registered.
I0918 23:51:28.100859 1593316 AssetAttributesManager.cpp:117] Asset attributes (icosphereSolid : icosphereSolid_subdivs_1) created and registered.
I0918 23:51:28.100868 1593316 AssetAttributesManager.cpp:117] Asset attributes (icosphereWireframe : icosphereWireframe_subdivs_1) created and registered.
I0918 23:51:28.100883 1593316 AssetAttributesManager.cpp:117] Asset attributes (uvSphereSolid : uvSphereSolid_rings_8_segments_16_useTexCoords_false_useTangents_false) created and registered.
I0918 23:51:28.100895 1593316 AssetAttributesManager.cpp:117] Asset attributes (uvSphereWireframe : uvSphereWireframe_rings_16_segments_32) created and registered.
I0918 23:51:28.100901 1593316 AssetAttributesManager.cpp:105] AssetAttributesManager::buildCtorFuncPtrMaps : Built default primitive asset templates : 12
I0918 23:51:28.101312 1593316 SceneDatasetAttributesManager.cpp:23] File (default) not found, so new default dataset attributes created and registered.
I0918 23:51:28.101315 1593316 MetadataMediator.cpp:47] MetadataMediator::createDataset : Dataset default successfully created.
I0918 23:51:28.101511 1593316 AttributesManagerBase.h:283] AttributesManager<T>::createFromJsonOrDefaultInternal  (Physics Manager) : Proposing JSON name : ./data/default.physics_config.json from original name : ./data/default.physics_config.json | This file  does not exist.
I0918 23:51:28.101522 1593316 PhysicsAttributesManager.cpp:27] File (./data/default.physics_config.json) not found, so new default physics manager attributes created and registered.
I0918 23:51:28.101526 1593316 AbstractObjectAttributesManagerBase.h:175] AbstractObjectAttributesManager<T>::createObject  (Stage) : Making attributes with handle : /mnt/data_nas/deeprobotics/daiyang/vla/third_party/ETP-R1/data/scene_datasets/mp3d/82sE5b5pLXE/82sE5b5pLXE.glb
I0918 23:51:28.101529 1593316 ManagedContainerBase.cpp:19] ManagedContainerBase::convertFilenameToJSON : Filename : /mnt/data_nas/deeprobotics/daiyang/vla/third_party/ETP-R1/data/scene_datasets/mp3d/82sE5b5pLXE/82sE5b5pLXE.glb changed to proposed JSON configuration filename : /mnt/data_nas/deeprobotics/daiyang/vla/third_party/ETP-R1/data/scene_datasets/mp3d/82sE5b5pLXE/82sE5b5pLXE.stage_config.json
I0918 23:51:28.101542 1593316 AttributesManagerBase.h:283] AttributesManager<T>::createFromJsonOrDefaultInternal  (Stage) : Proposing JSON name : /mnt/data_nas/deeprobotics/daiyang/vla/third_party/ETP-R1/data/scene_datasets/mp3d/82sE5b5pLXE/82sE5b5pLXE.stage_config.json from original name : /mnt/data_nas/deeprobotics/daiyang/vla/third_party/ETP-R1/data/scene_datasets/mp3d/82sE5b5pLXE/82sE5b5pLXE.glb | This file  does not exist.
I0918 23:51:28.101590 1593316 AbstractObjectAttributesManagerBase.h:181] AbstractObjectAttributesManager<T>::createObject  (Stage) : Done making attributes with handle : /mnt/data_nas/deeprobotics/daiyang/vla/third_party/ETP-R1/data/scene_datasets/mp3d/82sE5b5pLXE/82sE5b5pLXE.glb
I0918 23:51:28.101593 1593316 AbstractObjectAttributesManagerBase.h:188] File (/mnt/data_nas/deeprobotics/daiyang/vla/third_party/ETP-R1/data/scene_datasets/mp3d/82sE5b5pLXE/82sE5b5pLXE.glb) exists but is not a recognized config filename extension, so new default Stage attributes created and registered.
I0918 23:51:28.101600 1593316 Simulator.cpp:156] Loading navmesh from /mnt/data_nas/deeprobotics/daiyang/vla/third_party/ETP-R1/data/scene_datasets/mp3d/82sE5b5pLXE/82sE5b5pLXE.navmesh
I0918 23:51:28.102931 1593316 Simulator.cpp:158] Loaded.
I0918 23:51:28.102943 1593316 SceneGraph.h:93] Created DrawableGroup: 
Renderer: NVIDIA GeForce RTX 5090/PCIe/SSE2 by NVIDIA Corporation
OpenGL version: 4.6.0 NVIDIA 580.126.09
Using optional features:
    GL_ARB_ES2_compatibility
    GL_ARB_direct_state_access
    GL_ARB_get_texture_sub_image
    GL_ARB_invalidate_subdata
    GL_ARB_multi_bind
    GL_ARB_robustness
    GL_ARB_separate_shader_objects
    GL_ARB_texture_filter_anisotropic
    GL_ARB_texture_storage
    GL_ARB_texture_storage_multisample
    GL_ARB_vertex_array_object
    GL_KHR_debug
Using driver workarounds:
    no-forward-compatible-core-context
    nv-egl-incorrect-gl11-function-pointers
    no-layout-qualifiers-on-old-glsl
    nv-zero-context-profile-mask
    nv-implementation-color-read-format-dsa-broken
    nv-cubemap-inconsistent-compressed-image-size
    nv-cubemap-broken-full-compressed-image-query
    nv-compressed-block-size-in-bits
I0918 23:51:28.106624 1593316 ResourceManager.cpp:234] ResourceManager::loadStage : Not loading semantic mesh
I0918 23:51:28.106632 1593316 ResourceManager.cpp:262] ResourceManager::loadStage : start load render asset /mnt/data_nas/deeprobotics/daiyang/vla/third_party/ETP-R1/data/scene_datasets/mp3d/82sE5b5pLXE/82sE5b5pLXE.glb.
I0918 23:51:28.106635 1593316 ResourceManager.cpp:569] ResourceManager::loadStageInternal : Attempting to load stage /mnt/data_nas/deeprobotics/daiyang/vla/third_party/ETP-R1/data/scene_datasets/mp3d/82sE5b5pLXE/82sE5b5pLXE.glb 
I0918 23:51:28.106652 1593316 ResourceManager.cpp:1119] Importing Basis files as BC7 for 82sE5b5pLXE.glb
W0918 23:51:30.212035 1593316 Simulator.cpp:248] :
---
 The active scene does not contain semantic annotations. 
---
I0918 23:51:30.249867 1593316 simulator.py:213] Loaded navmesh /mnt/data_nas/deeprobotics/daiyang/vla/third_party/ETP-R1/data/scene_datasets/mp3d/82sE5b5pLXE/82sE5b5pLXE.navmesh
I0918 23:51:58.783859 1593316 PhysicsManager.cpp:33] Deconstructing PhysicsManager
I0918 23:51:58.783903 1593316 SemanticScene.h:41] Deconstructing SemanticScene
I0918 23:51:58.785975 1593316 SceneManager.h:25] Deconstructing SceneManager
I0918 23:51:58.785990 1593316 SceneGraph.h:26] Deconstructing SceneGraph
I0918 23:51:58.786331 1593316 Sensor.h:87] Deconstructing Sensor
I0918 23:51:58.790341 1593316 Renderer.cpp:34] Deconstructing Renderer
I0918 23:51:58.790375 1593316 WindowlessContext.h:17] Deconstructing WindowlessContext
I0918 23:51:58.796283 1593316 ManagedContainerBase.cpp:19] ManagedContainerBase::convertFilenameToJSON : Filename : default changed to proposed JSON configuration filename : default.scene_dataset_config.json
I0918 23:51:58.796306 1593316 AttributesManagerBase.h:283] AttributesManager<T>::createFromJsonOrDefaultInternal  (Dataset) : Proposing JSON name : default.scene_dataset_config.json from original name : default | This file  does not exist.
I0918 23:51:58.797216 1593316 AssetAttributesManager.cpp:117] Asset attributes (capsule3DSolid : capsule3DSolid_hemiRings_4_cylRings_1_segments_12_halfLen_0.75_useTexCoords_false_useTangents_false) created and registered.
I0918 23:51:58.797261 1593316 AssetAttributesManager.cpp:117] Asset attributes (capsule3DWireframe : capsule3DWireframe_hemiRings_8_cylRings_1_segments_16_halfLen_1) created and registered.
I0918 23:51:58.797308 1593316 AssetAttributesManager.cpp:117] Asset attributes (coneSolid : coneSolid_segments_12_halfLen_1.25_rings_1_useTexCoords_false_useTangents_false_capEnd_true) created and registered.
I0918 23:51:58.797331 1593316 AssetAttributesManager.cpp:117] Asset attributes (coneWireframe : coneWireframe_segments_32_halfLen_1.25) created and registered.
I0918 23:51:58.797353 1593316 AssetAttributesManager.cpp:117] Asset attributes (cubeSolid : cubeSolid) created and registered.
I0918 23:51:58.797363 1593316 AssetAttributesManager.cpp:117] Asset attributes (cubeWireframe : cubeWireframe) created and registered.
I0918 23:51:58.797394 1593316 AssetAttributesManager.cpp:117] Asset attributes (cylinderSolid : cylinderSolid_rings_1_segments_12_halfLen_1_useTexCoords_false_useTangents_false_capEnds_true) created and registered.
I0918 23:51:58.797421 1593316 AssetAttributesManager.cpp:117] Asset attributes (cylinderWireframe : cylinderWireframe_rings_1_segments_32_halfLen_1) created and registered.
I0918 23:51:58.797446 1593316 AssetAttributesManager.cpp:117] Asset attributes (icosphereSolid : icosphereSolid_subdivs_1) created and registered.
I0918 23:51:58.797459 1593316 AssetAttributesManager.cpp:117] Asset attributes (icosphereWireframe : icosphereWireframe_subdivs_1) created and registered.
I0918 23:51:58.797480 1593316 AssetAttributesManager.cpp:117] Asset attributes (uvSphereSolid : uvSphereSolid_rings_8_segments_16_useTexCoords_false_useTangents_false) created and registered.
I0918 23:51:58.797500 1593316 AssetAttributesManager.cpp:117] Asset attributes (uvSphereWireframe : uvSphereWireframe_rings_16_segments_32) created and registered.
I0918 23:51:58.797509 1593316 AssetAttributesManager.cpp:105] AssetAttributesManager::buildCtorFuncPtrMaps : Built default primitive asset templates : 12
I0918 23:51:58.798192 1593316 SceneDatasetAttributesManager.cpp:23] File (default) not found, so new default dataset attributes created and registered.
I0918 23:51:58.798197 1593316 MetadataMediator.cpp:47] MetadataMediator::createDataset : Dataset default successfully created.
I0918 23:51:58.799381 1593316 AttributesManagerBase.h:283] AttributesManager<T>::createFromJsonOrDefaultInternal  (Physics Manager) : Proposing JSON name : ./data/default.physics_config.json from original name : ./data/default.physics_config.json | This file  does not exist.
I0918 23:51:58.799409 1593316 PhysicsAttributesManager.cpp:27] File (./data/default.physics_config.json) not found, so new default physics manager attributes created and registered.
I0918 23:51:58.799414 1593316 AbstractObjectAttributesManagerBase.h:175] AbstractObjectAttributesManager<T>::createObject  (Stage) : Making attributes with handle : /mnt/data_nas/deeprobotics/daiyang/vla/third_party/ETP-R1/data/scene_datasets/mp3d/B6ByNegPMKs/B6ByNegPMKs.glb
I0918 23:51:58.799422 1593316 ManagedContainerBase.cpp:19] ManagedContainerBase::convertFilenameToJSON : Filename : /mnt/data_nas/deeprobotics/daiyang/vla/third_party/ETP-R1/data/scene_datasets/mp3d/B6ByNegPMKs/B6ByNegPMKs.glb changed to proposed JSON configuration filename : /mnt/data_nas/deeprobotics/daiyang/vla/third_party/ETP-R1/data/scene_datasets/mp3d/B6ByNegPMKs/B6ByNegPMKs.stage_config.json
I0918 23:51:58.803326 1593316 AttributesManagerBase.h:283] AttributesManager<T>::createFromJsonOrDefaultInternal  (Stage) : Proposing JSON name : /mnt/data_nas/deeprobotics/daiyang/vla/third_party/ETP-R1/data/scene_datasets/mp3d/B6ByNegPMKs/B6ByNegPMKs.stage_config.json from original name : /mnt/data_nas/deeprobotics/daiyang/vla/third_party/ETP-R1/data/scene_datasets/mp3d/B6ByNegPMKs/B6ByNegPMKs.glb | This file  does not exist.
I0918 23:51:58.803423 1593316 AbstractObjectAttributesManagerBase.h:181] AbstractObjectAttributesManager<T>::createObject  (Stage) : Done making attributes with handle : /mnt/data_nas/deeprobotics/daiyang/vla/third_party/ETP-R1/data/scene_datasets/mp3d/B6ByNegPMKs/B6ByNegPMKs.glb
I0918 23:51:58.803427 1593316 AbstractObjectAttributesManagerBase.h:188] File (/mnt/data_nas/deeprobotics/daiyang/vla/third_party/ETP-R1/data/scene_datasets/mp3d/B6ByNegPMKs/B6ByNegPMKs.glb) exists but is not a recognized config filename extension, so new default Stage attributes created and registered.
I0918 23:51:58.803435 1593316 Simulator.cpp:156] Loading navmesh from /mnt/data_nas/deeprobotics/daiyang/vla/third_party/ETP-R1/data/scene_datasets/mp3d/B6ByNegPMKs/B6ByNegPMKs.navmesh
I0918 23:51:58.805145 1593316 Simulator.cpp:158] Loaded.
I0918 23:51:58.805163 1593316 SceneGraph.h:93] Created DrawableGroup: 
Renderer: NVIDIA GeForce RTX 5090/PCIe/SSE2 by NVIDIA Corporation
OpenGL version: 4.6.0 NVIDIA 580.126.09
Using optional features:
    GL_ARB_ES2_compatibility
    GL_ARB_direct_state_access
    GL_ARB_get_texture_sub_image
    GL_ARB_invalidate_subdata
    GL_ARB_multi_bind
    GL_ARB_robustness
    GL_ARB_separate_shader_objects
    GL_ARB_texture_filter_anisotropic
    GL_ARB_texture_storage
    GL_ARB_texture_storage_multisample
    GL_ARB_vertex_array_object
    GL_KHR_debug
Using driver workarounds:
    no-forward-compatible-core-context
    nv-egl-incorrect-gl11-function-pointers
    no-layout-qualifiers-on-old-glsl
    nv-zero-context-profile-mask
    nv-implementation-color-read-format-dsa-broken
    nv-cubemap-inconsistent-compressed-image-size
    nv-cubemap-broken-full-compressed-image-query
    nv-compressed-block-size-in-bits
I0918 23:51:58.809850 1593316 ResourceManager.cpp:234] ResourceManager::loadStage : Not loading semantic mesh
I0918 23:51:58.809861 1593316 ResourceManager.cpp:262] ResourceManager::loadStage : start load render asset /mnt/data_nas/deeprobotics/daiyang/vla/third_party/ETP-R1/data/scene_datasets/mp3d/B6ByNegPMKs/B6ByNegPMKs.glb.
I0918 23:51:58.809864 1593316 ResourceManager.cpp:569] ResourceManager::loadStageInternal : Attempting to load stage /mnt/data_nas/deeprobotics/daiyang/vla/third_party/ETP-R1/data/scene_datasets/mp3d/B6ByNegPMKs/B6ByNegPMKs.glb 
I0918 23:51:58.809885 1593316 ResourceManager.cpp:1119] Importing Basis files as BC7 for B6ByNegPMKs.glb
W0918 23:52:08.700449 1593316 Simulator.cpp:248] :
---
 The active scene does not contain semantic annotations. 
---
I0918 23:52:08.899698 1593316 simulator.py:213] Loaded navmesh /mnt/data_nas/deeprobotics/daiyang/vla/third_party/ETP-R1/data/scene_datasets/mp3d/B6ByNegPMKs/B6ByNegPMKs.navmesh
I0918 23:53:53.845047 1593316 PhysicsManager.cpp:33] Deconstructing PhysicsManager
I0918 23:53:53.845101 1593316 SemanticScene.h:41] Deconstructing SemanticScene
I0918 23:53:53.861869 1593316 SceneManager.h:25] Deconstructing SceneManager
I0918 23:53:53.861886 1593316 SceneGraph.h:26] Deconstructing SceneGraph
I0918 23:53:53.862497 1593316 Sensor.h:87] Deconstructing Sensor
I0918 23:53:53.881013 1593316 Renderer.cpp:34] Deconstructing Renderer
I0918 23:53:53.881042 1593316 WindowlessContext.h:17] Deconstructing WindowlessContext
I0918 23:53:53.896193 1593316 ManagedContainerBase.cpp:19] ManagedContainerBase::convertFilenameToJSON : Filename : default changed to proposed JSON configuration filename : default.scene_dataset_config.json
I0918 23:53:53.896214 1593316 AttributesManagerBase.h:283] AttributesManager<T>::createFromJsonOrDefaultInternal  (Dataset) : Proposing JSON name : default.scene_dataset_config.json from original name : default | This file  does not exist.
I0918 23:53:53.896461 1593316 AssetAttributesManager.cpp:117] Asset attributes (capsule3DSolid : capsule3DSolid_hemiRings_4_cylRings_1_segments_12_halfLen_0.75_useTexCoords_false_useTangents_false) created and registered.
I0918 23:53:53.896489 1593316 AssetAttributesManager.cpp:117] Asset attributes (capsule3DWireframe : capsule3DWireframe_hemiRings_8_cylRings_1_segments_16_halfLen_1) created and registered.
I0918 23:53:53.896512 1593316 AssetAttributesManager.cpp:117] Asset attributes (coneSolid : coneSolid_segments_12_halfLen_1.25_rings_1_useTexCoords_false_useTangents_false_capEnd_true) created and registered.
I0918 23:53:53.896528 1593316 AssetAttributesManager.cpp:117] Asset attributes (coneWireframe : coneWireframe_segments_32_halfLen_1.25) created and registered.
I0918 23:53:53.896536 1593316 AssetAttributesManager.cpp:117] Asset attributes (cubeSolid : cubeSolid) created and registered.
I0918 23:53:53.896543 1593316 AssetAttributesManager.cpp:117] Asset attributes (cubeWireframe : cubeWireframe) created and registered.
I0918 23:53:53.896564 1593316 AssetAttributesManager.cpp:117] Asset attributes (cylinderSolid : cylinderSolid_rings_1_segments_12_halfLen_1_useTexCoords_false_useTangents_false_capEnds_true) created and registered.
I0918 23:53:53.896585 1593316 AssetAttributesManager.cpp:117] Asset attributes (cylinderWireframe : cylinderWireframe_rings_1_segments_32_halfLen_1) created and registered.
I0918 23:53:53.896597 1593316 AssetAttributesManager.cpp:117] Asset attributes (icosphereSolid : icosphereSolid_subdivs_1) created and registered.
I0918 23:53:53.896607 1593316 AssetAttributesManager.cpp:117] Asset attributes (icosphereWireframe : icosphereWireframe_subdivs_1) created and registered.
I0918 23:53:53.896621 1593316 AssetAttributesManager.cpp:117] Asset attributes (uvSphereSolid : uvSphereSolid_rings_8_segments_16_useTexCoords_false_useTangents_false) created and registered.
I0918 23:53:53.896634 1593316 AssetAttributesManager.cpp:117] Asset attributes (uvSphereWireframe : uvSphereWireframe_rings_16_segments_32) created and registered.
I0918 23:53:53.896641 1593316 AssetAttributesManager.cpp:105] AssetAttributesManager::buildCtorFuncPtrMaps : Built default primitive asset templates : 12
I0918 23:53:53.897049 1593316 SceneDatasetAttributesManager.cpp:23] File (default) not found, so new default dataset attributes created and registered.
I0918 23:53:53.897051 1593316 MetadataMediator.cpp:47] MetadataMediator::createDataset : Dataset default successfully created.
I0918 23:53:53.897258 1593316 AttributesManagerBase.h:283] AttributesManager<T>::createFromJsonOrDefaultInternal  (Physics Manager) : Proposing JSON name : ./data/default.physics_config.json from original name : ./data/default.physics_config.json | This file  does not exist.
I0918 23:53:53.897275 1593316 PhysicsAttributesManager.cpp:27] File (./data/default.physics_config.json) not found, so new default physics manager attributes created and registered.
I0918 23:53:53.897279 1593316 AbstractObjectAttributesManagerBase.h:175] AbstractObjectAttributesManager<T>::createObject  (Stage) : Making attributes with handle : /mnt/data_nas/deeprobotics/daiyang/vla/third_party/ETP-R1/data/scene_datasets/mp3d/aayBHfsNo7d/aayBHfsNo7d.glb
I0918 23:53:53.897284 1593316 ManagedContainerBase.cpp:19] ManagedContainerBase::convertFilenameToJSON : Filename : /mnt/data_nas/deeprobotics/daiyang/vla/third_party/ETP-R1/data/scene_datasets/mp3d/aayBHfsNo7d/aayBHfsNo7d.glb changed to proposed JSON configuration filename : /mnt/data_nas/deeprobotics/daiyang/vla/third_party/ETP-R1/data/scene_datasets/mp3d/aayBHfsNo7d/aayBHfsNo7d.stage_config.json
I0918 23:53:53.897296 1593316 AttributesManagerBase.h:283] AttributesManager<T>::createFromJsonOrDefaultInternal  (Stage) : Proposing JSON name : /mnt/data_nas/deeprobotics/daiyang/vla/third_party/ETP-R1/data/scene_datasets/mp3d/aayBHfsNo7d/aayBHfsNo7d.stage_config.json from original name : /mnt/data_nas/deeprobotics/daiyang/vla/third_party/ETP-R1/data/scene_datasets/mp3d/aayBHfsNo7d/aayBHfsNo7d.glb | This file  does not exist.
I0918 23:53:53.897346 1593316 AbstractObjectAttributesManagerBase.h:181] AbstractObjectAttributesManager<T>::createObject  (Stage) : Done making attributes with handle : /mnt/data_nas/deeprobotics/daiyang/vla/third_party/ETP-R1/data/scene_datasets/mp3d/aayBHfsNo7d/aayBHfsNo7d.glb
I0918 23:53:53.897348 1593316 AbstractObjectAttributesManagerBase.h:188] File (/mnt/data_nas/deeprobotics/daiyang/vla/third_party/ETP-R1/data/scene_datasets/mp3d/aayBHfsNo7d/aayBHfsNo7d.glb) exists but is not a recognized config filename extension, so new default Stage attributes created and registered.
I0918 23:53:53.897353 1593316 Simulator.cpp:156] Loading navmesh from /mnt/data_nas/deeprobotics/daiyang/vla/third_party/ETP-R1/data/scene_datasets/mp3d/aayBHfsNo7d/aayBHfsNo7d.navmesh
I0918 23:53:53.898182 1593316 Simulator.cpp:158] Loaded.
I0918 23:53:53.898190 1593316 SceneGraph.h:93] Created DrawableGroup: 
Renderer: NVIDIA GeForce RTX 5090/PCIe/SSE2 by NVIDIA Corporation
OpenGL version: 4.6.0 NVIDIA 580.126.09
Using optional features:
    GL_ARB_ES2_compatibility
    GL_ARB_direct_state_access
    GL_ARB_get_texture_sub_image
    GL_ARB_invalidate_subdata
    GL_ARB_multi_bind
    GL_ARB_robustness
    GL_ARB_separate_shader_objects
    GL_ARB_texture_filter_anisotropic
    GL_ARB_texture_storage
    GL_ARB_texture_storage_multisample
    GL_ARB_vertex_array_object
    GL_KHR_debug
Using driver workarounds:
    no-forward-compatible-core-context
    nv-egl-incorrect-gl11-function-pointers
    no-layout-qualifiers-on-old-glsl
    nv-zero-context-profile-mask
    nv-implementation-color-read-format-dsa-broken
    nv-cubemap-inconsistent-compressed-image-size
    nv-cubemap-broken-full-compressed-image-query
    nv-compressed-block-size-in-bits
I0918 23:53:53.901958 1593316 ResourceManager.cpp:234] ResourceManager::loadStage : Not loading semantic mesh
I0918 23:53:53.901968 1593316 ResourceManager.cpp:262] ResourceManager::loadStage : start load render asset /mnt/data_nas/deeprobotics/daiyang/vla/third_party/ETP-R1/data/scene_datasets/mp3d/aayBHfsNo7d/aayBHfsNo7d.glb.
I0918 23:53:53.901969 1593316 ResourceManager.cpp:569] ResourceManager::loadStageInternal : Attempting to load stage /mnt/data_nas/deeprobotics/daiyang/vla/third_party/ETP-R1/data/scene_datasets/mp3d/aayBHfsNo7d/aayBHfsNo7d.glb 
I0918 23:53:53.901985 1593316 ResourceManager.cpp:1119] Importing Basis files as BC7 for aayBHfsNo7d.glb
W0918 23:53:55.462844 1593316 Simulator.cpp:248] :
---
 The active scene does not contain semantic annotations. 
---
I0918 23:53:55.503937 1593316 simulator.py:213] Loaded navmesh /mnt/data_nas/deeprobotics/daiyang/vla/third_party/ETP-R1/data/scene_datasets/mp3d/aayBHfsNo7d/aayBHfsNo7d.navmesh
I0918 23:54:30.706285 1593316 PhysicsManager.cpp:33] Deconstructing PhysicsManager
I0918 23:54:30.706315 1593316 SemanticScene.h:41] Deconstructing SemanticScene
I0918 23:54:30.708742 1593316 SceneManager.h:25] Deconstructing SceneManager
I0918 23:54:30.708751 1593316 SceneGraph.h:26] Deconstructing SceneGraph
I0918 23:54:30.708982 1593316 Sensor.h:87] Deconstructing Sensor
I0918 23:54:30.711952 1593316 Renderer.cpp:34] Deconstructing Renderer
I0918 23:54:30.711972 1593316 WindowlessContext.h:17] Deconstructing WindowlessContext
