WARNING: Logging before InitGoogleLogging() is written to STDERR
I0918 21:20:45.794955 1593317 ManagedContainerBase.cpp:19] ManagedContainerBase::convertFilenameToJSON : Filename : default changed to proposed JSON configuration filename : default.scene_dataset_config.json
I0918 21:20:45.795008 1593317 AttributesManagerBase.h:283] AttributesManager<T>::createFromJsonOrDefaultInternal  (Dataset) : Proposing JSON name : default.scene_dataset_config.json from original name : default | This file  does not exist.
I0918 21:20:45.795135 1593317 AssetAttributesManager.cpp:117] Asset attributes (capsule3DSolid : capsule3DSolid_hemiRings_4_cylRings_1_segments_12_halfLen_0.75_useTexCoords_false_useTangents_false) created and registered.
I0918 21:20:45.795186 1593317 AssetAttributesManager.cpp:117] Asset attributes (capsule3DWireframe : capsule3DWireframe_hemiRings_8_cylRings_1_segments_16_halfLen_1) created and registered.
I0918 21:20:45.795230 1593317 AssetAttributesManager.cpp:117] Asset attributes (coneSolid : coneSolid_segments_12_halfLen_1.25_rings_1_useTexCoords_false_useTangents_false_capEnd_true) created and registered.
I0918 21:20:45.795260 1593317 AssetAttributesManager.cpp:117] Asset attributes (coneWireframe : coneWireframe_segments_32_halfLen_1.25) created and registered.
I0918 21:20:45.795285 1593317 AssetAttributesManager.cpp:117] Asset attributes (cubeSolid : cubeSolid) created and registered.
I0918 21:20:45.795298 1593317 AssetAttributesManager.cpp:117] Asset attributes (cubeWireframe : cubeWireframe) created and registered.
I0918 21:20:45.795339 1593317 AssetAttributesManager.cpp:117] Asset attributes (cylinderSolid : cylinderSolid_rings_1_segments_12_halfLen_1_useTexCoords_false_useTangents_false_capEnds_true) created and registered.
I0918 21:20:45.795373 1593317 AssetAttributesManager.cpp:117] Asset attributes (cylinderWireframe : cylinderWireframe_rings_1_segments_32_halfLen_1) created and registered.
I0918 21:20:45.795387 1593317 AssetAttributesManager.cpp:117] Asset attributes (icosphereSolid : icosphereSolid_subdivs_1) created and registered.
I0918 21:20:45.795398 1593317 AssetAttributesManager.cpp:117] Asset attributes (icosphereWireframe : icosphereWireframe_subdivs_1) created and registered.
I0918 21:20:45.795421 1593317 AssetAttributesManager.cpp:117] Asset attributes (uvSphereSolid : uvSphereSolid_rings_8_segments_16_useTexCoords_false_useTangents_false) created and registered.
I0918 21:20:45.795444 1593317 AssetAttributesManager.cpp:117] Asset attributes (uvSphereWireframe : uvSphereWireframe_rings_16_segments_32) created and registered.
I0918 21:20:45.795449 1593317 AssetAttributesManager.cpp:105] AssetAttributesManager::buildCtorFuncPtrMaps : Built default primitive asset templates : 12
I0918 21:20:45.796171 1593317 SceneDatasetAttributesManager.cpp:23] File (default) not found, so new default dataset attributes created and registered.
I0918 21:20:45.796181 1593317 MetadataMediator.cpp:47] MetadataMediator::createDataset : Dataset default successfully created.
I0918 21:20:45.799536 1593317 AttributesManagerBase.h:283] AttributesManager<T>::createFromJsonOrDefaultInternal  (Physics Manager) : Proposing JSON name : ./data/default.physics_config.json from original name : ./data/default.physics_config.json | This file  does not exist.
I0918 21:20:45.799568 1593317 PhysicsAttributesManager.cpp:27] File (./data/default.physics_config.json) not found, so new default physics manager attributes created and registered.
I0918 21:20:45.799575 1593317 AbstractObjectAttributesManagerBase.h:175] AbstractObjectAttributesManager<T>::createObject  (Stage) : Making attributes with handle : /mnt/data_nas/deeprobotics/daiyang/vla/third_party/ETP-R1/data/scene_datasets/mp3d/82sE5b5pLXE/82sE5b5pLXE.glb
I0918 21:20:45.799582 1593317 ManagedContainerBase.cpp:19] ManagedContainerBase::convertFilenameToJSON : Filename : /mnt/data_nas/deeprobotics/daiyang/vla/third_party/ETP-R1/data/scene_datasets/mp3d/82sE5b5pLXE/82sE5b5pLXE.glb changed to proposed JSON configuration filename : /mnt/data_nas/deeprobotics/daiyang/vla/third_party/ETP-R1/data/scene_datasets/mp3d/82sE5b5pLXE/82sE5b5pLXE.stage_config.json
I0918 21:20:45.799607 1593317 AttributesManagerBase.h:283] AttributesManager<T>::createFromJsonOrDefaultInternal  (Stage) : Proposing JSON name : /mnt/data_nas/deeprobotics/daiyang/vla/third_party/ETP-R1/data/scene_datasets/mp3d/82sE5b5pLXE/82sE5b5pLXE.stage_config.json from original name : /mnt/data_nas/deeprobotics/daiyang/vla/third_party/ETP-R1/data/scene_datasets/mp3d/82sE5b5pLXE/82sE5b5pLXE.glb | This file  does not exist.
I0918 21:20:45.799700 1593317 AbstractObjectAttributesManagerBase.h:181] AbstractObjectAttributesManager<T>::createObject  (Stage) : Done making attributes with handle : /mnt/data_nas/deeprobotics/daiyang/vla/third_party/ETP-R1/data/scene_datasets/mp3d/82sE5b5pLXE/82sE5b5pLXE.glb
I0918 21:20:45.799705 1593317 AbstractObjectAttributesManagerBase.h:188] File (/mnt/data_nas/deeprobotics/daiyang/vla/third_party/ETP-R1/data/scene_datasets/mp3d/82sE5b5pLXE/82sE5b5pLXE.glb) exists but is not a recognized config filename extension, so new default Stage attributes created and registered.
I0918 21:20:45.799722 1593317 Simulator.cpp:156] Loading navmesh from /mnt/data_nas/deeprobotics/daiyang/vla/third_party/ETP-R1/data/scene_datasets/mp3d/82sE5b5pLXE/82sE5b5pLXE.navmesh
I0918 21:20:45.800810 1593317 Simulator.cpp:158] Loaded.
I0918 21:20:45.800839 1593317 SceneGraph.h:93] Created DrawableGroup: 
Renderer: NVIDIA GeForce RTX 5090/PCIe/SSE2 by NVIDIA Corporation
OpenGL version: 4.6.0 NVIDIA 580.126.09
Using optional features:
    GL_ARB_ES2_compatibility
    GL_ARB_direct_state_access
    GL_ARB_get_texture_sub_image
    GL_ARB_invalidate_subdata
    GL_ARB_multi_bind
    GL_ARB_robustness
    GL_ARB_separate_shader_objects
    GL_ARB_texture_filter_anisotropic
    GL_ARB_texture_storage
    GL_ARB_texture_storage_multisample
    GL_ARB_vertex_array_object
    GL_KHR_debug
Using driver workarounds:
    no-forward-compatible-core-context
    nv-egl-incorrect-gl11-function-pointers
    no-layout-qualifiers-on-old-glsl
    nv-zero-context-profile-mask
    nv-implementation-color-read-format-dsa-broken
    nv-cubemap-inconsistent-compressed-image-size
    nv-cubemap-broken-full-compressed-image-query
    nv-compressed-block-size-in-bits
I0918 21:20:46.150080 1593317 ResourceManager.cpp:234] ResourceManager::loadStage : Not loading semantic mesh
I0918 21:20:46.150097 1593317 ResourceManager.cpp:262] ResourceManager::loadStage : start load render asset /mnt/data_nas/deeprobotics/daiyang/vla/third_party/ETP-R1/data/scene_datasets/mp3d/82sE5b5pLXE/82sE5b5pLXE.glb.
I0918 21:20:46.150100 1593317 ResourceManager.cpp:569] ResourceManager::loadStageInternal : Attempting to load stage /mnt/data_nas/deeprobotics/daiyang/vla/third_party/ETP-R1/data/scene_datasets/mp3d/82sE5b5pLXE/82sE5b5pLXE.glb 
I0918 21:20:46.150125 1593317 ResourceManager.cpp:1119] Importing Basis files as BC7 for 82sE5b5pLXE.glb
W0918 21:20:48.463088 1593317 Simulator.cpp:248] :
---
 The active scene does not contain semantic annotations. 
---
I0918 21:20:48.499824 1593317 simulator.py:213] Loaded navmesh /mnt/data_nas/deeprobotics/daiyang/vla/third_party/ETP-R1/data/scene_datasets/mp3d/82sE5b5pLXE/82sE5b5pLXE.navmesh
I0918 21:22:03.940249 1593317 PhysicsManager.cpp:33] Deconstructing PhysicsManager
I0918 21:22:03.940299 1593317 SemanticScene.h:41] Deconstructing SemanticScene
I0918 21:22:03.941514 1593317 SceneManager.h:25] Deconstructing SceneManager
I0918 21:22:03.941522 1593317 SceneGraph.h:26] Deconstructing SceneGraph
I0918 21:22:03.941725 1593317 Sensor.h:87] Deconstructing Sensor
I0918 21:22:03.944742 1593317 Renderer.cpp:34] Deconstructing Renderer
I0918 21:22:03.944767 1593317 WindowlessContext.h:17] Deconstructing WindowlessContext
I0918 21:22:03.953789 1593317 ManagedContainerBase.cpp:19] ManagedContainerBase::convertFilenameToJSON : Filename : default changed to proposed JSON configuration filename : default.scene_dataset_config.json
I0918 21:22:03.953812 1593317 AttributesManagerBase.h:283] AttributesManager<T>::createFromJsonOrDefaultInternal  (Dataset) : Proposing JSON name : default.scene_dataset_config.json from original name : default | This file  does not exist.
I0918 21:22:03.953933 1593317 AssetAttributesManager.cpp:117] Asset attributes (capsule3DSolid : capsule3DSolid_hemiRings_4_cylRings_1_segments_12_halfLen_0.75_useTexCoords_false_useTangents_false) created and registered.
I0918 21:22:03.953959 1593317 AssetAttributesManager.cpp:117] Asset attributes (capsule3DWireframe : capsule3DWireframe_hemiRings_8_cylRings_1_segments_16_halfLen_1) created and registered.
I0918 21:22:03.953982 1593317 AssetAttributesManager.cpp:117] Asset attributes (coneSolid : coneSolid_segments_12_halfLen_1.25_rings_1_useTexCoords_false_useTangents_false_capEnd_true) created and registered.
I0918 21:22:03.953997 1593317 AssetAttributesManager.cpp:117] Asset attributes (coneWireframe : coneWireframe_segments_32_halfLen_1.25) created and registered.
I0918 21:22:03.954010 1593317 AssetAttributesManager.cpp:117] Asset attributes (cubeSolid : cubeSolid) created and registered.
I0918 21:22:03.954015 1593317 AssetAttributesManager.cpp:117] Asset attributes (cubeWireframe : cubeWireframe) created and registered.
I0918 21:22:03.954035 1593317 AssetAttributesManager.cpp:117] Asset attributes (cylinderSolid : cylinderSolid_rings_1_segments_12_halfLen_1_useTexCoords_false_useTangents_false_capEnds_true) created and registered.
I0918 21:22:03.954054 1593317 AssetAttributesManager.cpp:117] Asset attributes (cylinderWireframe : cylinderWireframe_rings_1_segments_32_halfLen_1) created and registered.
I0918 21:22:03.954068 1593317 AssetAttributesManager.cpp:117] Asset attributes (icosphereSolid : icosphereSolid_subdivs_1) created and registered.
I0918 21:22:03.954077 1593317 AssetAttributesManager.cpp:117] Asset attributes (icosphereWireframe : icosphereWireframe_subdivs_1) created and registered.
I0918 21:22:03.954090 1593317 AssetAttributesManager.cpp:117] Asset attributes (uvSphereSolid : uvSphereSolid_rings_8_segments_16_useTexCoords_false_useTangents_false) created and registered.
I0918 21:22:03.954105 1593317 AssetAttributesManager.cpp:117] Asset attributes (uvSphereWireframe : uvSphereWireframe_rings_16_segments_32) created and registered.
I0918 21:22:03.954114 1593317 AssetAttributesManager.cpp:105] AssetAttributesManager::buildCtorFuncPtrMaps : Built default primitive asset templates : 12
I0918 21:22:03.954526 1593317 SceneDatasetAttributesManager.cpp:23] File (default) not found, so new default dataset attributes created and registered.
I0918 21:22:03.954530 1593317 MetadataMediator.cpp:47] MetadataMediator::createDataset : Dataset default successfully created.
I0918 21:22:03.954726 1593317 AttributesManagerBase.h:283] AttributesManager<T>::createFromJsonOrDefaultInternal  (Physics Manager) : Proposing JSON name : ./data/default.physics_config.json from original name : ./data/default.physics_config.json | This file  does not exist.
I0918 21:22:03.954739 1593317 PhysicsAttributesManager.cpp:27] File (./data/default.physics_config.json) not found, so new default physics manager attributes created and registered.
I0918 21:22:03.954742 1593317 AbstractObjectAttributesManagerBase.h:175] AbstractObjectAttributesManager<T>::createObject  (Stage) : Making attributes with handle : /mnt/data_nas/deeprobotics/daiyang/vla/third_party/ETP-R1/data/scene_datasets/mp3d/B6ByNegPMKs/B6ByNegPMKs.glb
I0918 21:22:03.954746 1593317 ManagedContainerBase.cpp:19] ManagedContainerBase::convertFilenameToJSON : Filename : /mnt/data_nas/deeprobotics/daiyang/vla/third_party/ETP-R1/data/scene_datasets/mp3d/B6ByNegPMKs/B6ByNegPMKs.glb changed to proposed JSON configuration filename : /mnt/data_nas/deeprobotics/daiyang/vla/third_party/ETP-R1/data/scene_datasets/mp3d/B6ByNegPMKs/B6ByNegPMKs.stage_config.json
I0918 21:22:03.954763 1593317 AttributesManagerBase.h:283] AttributesManager<T>::createFromJsonOrDefaultInternal  (Stage) : Proposing JSON name : /mnt/data_nas/deeprobotics/daiyang/vla/third_party/ETP-R1/data/scene_datasets/mp3d/B6ByNegPMKs/B6ByNegPMKs.stage_config.json from original name : /mnt/data_nas/deeprobotics/daiyang/vla/third_party/ETP-R1/data/scene_datasets/mp3d/B6ByNegPMKs/B6ByNegPMKs.glb | This file  does not exist.
I0918 21:22:03.954815 1593317 AbstractObjectAttributesManagerBase.h:181] AbstractObjectAttributesManager<T>::createObject  (Stage) : Done making attributes with handle : /mnt/data_nas/deeprobotics/daiyang/vla/third_party/ETP-R1/data/scene_datasets/mp3d/B6ByNegPMKs/B6ByNegPMKs.glb
I0918 21:22:03.954818 1593317 AbstractObjectAttributesManagerBase.h:188] File (/mnt/data_nas/deeprobotics/daiyang/vla/third_party/ETP-R1/data/scene_datasets/mp3d/B6ByNegPMKs/B6ByNegPMKs.glb) exists but is not a recognized config filename extension, so new default Stage attributes created and registered.
I0918 21:22:03.954821 1593317 Simulator.cpp:156] Loading navmesh from /mnt/data_nas/deeprobotics/daiyang/vla/third_party/ETP-R1/data/scene_datasets/mp3d/B6ByNegPMKs/B6ByNegPMKs.navmesh
I0918 21:22:03.956171 1593317 Simulator.cpp:158] Loaded.
I0918 21:22:03.956178 1593317 SceneGraph.h:93] Created DrawableGroup: 
Renderer: NVIDIA GeForce RTX 5090/PCIe/SSE2 by NVIDIA Corporation
OpenGL version: 4.6.0 NVIDIA 580.126.09
Using optional features:
    GL_ARB_ES2_compatibility
    GL_ARB_direct_state_access
    GL_ARB_get_texture_sub_image
    GL_ARB_invalidate_subdata
    GL_ARB_multi_bind
    GL_ARB_robustness
    GL_ARB_separate_shader_objects
    GL_ARB_texture_filter_anisotropic
    GL_ARB_texture_storage
    GL_ARB_texture_storage_multisample
    GL_ARB_vertex_array_object
    GL_KHR_debug
Using driver workarounds:
    no-forward-compatible-core-context
    nv-egl-incorrect-gl11-function-pointers
    no-layout-qualifiers-on-old-glsl
    nv-zero-context-profile-mask
    nv-implementation-color-read-format-dsa-broken
    nv-cubemap-inconsistent-compressed-image-size
    nv-cubemap-broken-full-compressed-image-query
    nv-compressed-block-size-in-bits
I0918 21:22:03.959735 1593317 ResourceManager.cpp:234] ResourceManager::loadStage : Not loading semantic mesh
I0918 21:22:03.959745 1593317 ResourceManager.cpp:262] ResourceManager::loadStage : start load render asset /mnt/data_nas/deeprobotics/daiyang/vla/third_party/ETP-R1/data/scene_datasets/mp3d/B6ByNegPMKs/B6ByNegPMKs.glb.
I0918 21:22:03.959748 1593317 ResourceManager.cpp:569] ResourceManager::loadStageInternal : Attempting to load stage /mnt/data_nas/deeprobotics/daiyang/vla/third_party/ETP-R1/data/scene_datasets/mp3d/B6ByNegPMKs/B6ByNegPMKs.glb 
I0918 21:22:03.959764 1593317 ResourceManager.cpp:1119] Importing Basis files as BC7 for B6ByNegPMKs.glb
W0918 21:22:13.862394 1593317 Simulator.cpp:248] :
---
 The active scene does not contain semantic annotations. 
---
I0918 21:22:14.059419 1593317 simulator.py:213] Loaded navmesh /mnt/data_nas/deeprobotics/daiyang/vla/third_party/ETP-R1/data/scene_datasets/mp3d/B6ByNegPMKs/B6ByNegPMKs.navmesh
I0918 21:24:36.639514 1593317 PhysicsManager.cpp:33] Deconstructing PhysicsManager
I0918 21:24:36.639582 1593317 SemanticScene.h:41] Deconstructing SemanticScene
I0918 21:24:36.662276 1593317 SceneManager.h:25] Deconstructing SceneManager
I0918 21:24:36.662305 1593317 SceneGraph.h:26] Deconstructing SceneGraph
I0918 21:24:36.663002 1593317 Sensor.h:87] Deconstructing Sensor
I0918 21:24:36.691242 1593317 Renderer.cpp:34] Deconstructing Renderer
I0918 21:24:36.691298 1593317 WindowlessContext.h:17] Deconstructing WindowlessContext
I0918 21:24:36.715570 1593317 ManagedContainerBase.cpp:19] ManagedContainerBase::convertFilenameToJSON : Filename : default changed to proposed JSON configuration filename : default.scene_dataset_config.json
I0918 21:24:36.715600 1593317 AttributesManagerBase.h:283] AttributesManager<T>::createFromJsonOrDefaultInternal  (Dataset) : Proposing JSON name : default.scene_dataset_config.json from original name : default | This file  does not exist.
I0918 21:24:36.715714 1593317 AssetAttributesManager.cpp:117] Asset attributes (capsule3DSolid : capsule3DSolid_hemiRings_4_cylRings_1_segments_12_halfLen_0.75_useTexCoords_false_useTangents_false) created and registered.
I0918 21:24:36.715744 1593317 AssetAttributesManager.cpp:117] Asset attributes (capsule3DWireframe : capsule3DWireframe_hemiRings_8_cylRings_1_segments_16_halfLen_1) created and registered.
I0918 21:24:36.715776 1593317 AssetAttributesManager.cpp:117] Asset attributes (coneSolid : coneSolid_segments_12_halfLen_1.25_rings_1_useTexCoords_false_useTangents_false_capEnd_true) created and registered.
I0918 21:24:36.715791 1593317 AssetAttributesManager.cpp:117] Asset attributes (coneWireframe : coneWireframe_segments_32_halfLen_1.25) created and registered.
I0918 21:24:36.715801 1593317 AssetAttributesManager.cpp:117] Asset attributes (cubeSolid : cubeSolid) created and registered.
I0918 21:24:36.715809 1593317 AssetAttributesManager.cpp:117] Asset attributes (cubeWireframe : cubeWireframe) created and registered.
I0918 21:24:36.715830 1593317 AssetAttributesManager.cpp:117] Asset attributes (cylinderSolid : cylinderSolid_rings_1_segments_12_halfLen_1_useTexCoords_false_useTangents_false_capEnds_true) created and registered.
I0918 21:24:36.715852 1593317 AssetAttributesManager.cpp:117] Asset attributes (cylinderWireframe : cylinderWireframe_rings_1_segments_32_halfLen_1) created and registered.
I0918 21:24:36.715864 1593317 AssetAttributesManager.cpp:117] Asset attributes (icosphereSolid : icosphereSolid_subdivs_1) created and registered.
I0918 21:24:36.715874 1593317 AssetAttributesManager.cpp:117] Asset attributes (icosphereWireframe : icosphereWireframe_subdivs_1) created and registered.
I0918 21:24:36.715889 1593317 AssetAttributesManager.cpp:117] Asset attributes (uvSphereSolid : uvSphereSolid_rings_8_segments_16_useTexCoords_false_useTangents_false) created and registered.
I0918 21:24:36.715902 1593317 AssetAttributesManager.cpp:117] Asset attributes (uvSphereWireframe : uvSphereWireframe_rings_16_segments_32) created and registered.
I0918 21:24:36.715909 1593317 AssetAttributesManager.cpp:105] AssetAttributesManager::buildCtorFuncPtrMaps : Built default primitive asset templates : 12
I0918 21:24:36.716336 1593317 SceneDatasetAttributesManager.cpp:23] File (default) not found, so new default dataset attributes created and registered.
I0918 21:24:36.716339 1593317 MetadataMediator.cpp:47] MetadataMediator::createDataset : Dataset default successfully created.
I0918 21:24:36.716553 1593317 AttributesManagerBase.h:283] AttributesManager<T>::createFromJsonOrDefaultInternal  (Physics Manager) : Proposing JSON name : ./data/default.physics_config.json from original name : ./data/default.physics_config.json | This file  does not exist.
I0918 21:24:36.716566 1593317 PhysicsAttributesManager.cpp:27] File (./data/default.physics_config.json) not found, so new default physics manager attributes created and registered.
I0918 21:24:36.716570 1593317 AbstractObjectAttributesManagerBase.h:175] AbstractObjectAttributesManager<T>::createObject  (Stage) : Making attributes with handle : /mnt/data_nas/deeprobotics/daiyang/vla/third_party/ETP-R1/data/scene_datasets/mp3d/PuKPg4mmafe/PuKPg4mmafe.glb
I0918 21:24:36.716575 1593317 ManagedContainerBase.cpp:19] ManagedContainerBase::convertFilenameToJSON : Filename : /mnt/data_nas/deeprobotics/daiyang/vla/third_party/ETP-R1/data/scene_datasets/mp3d/PuKPg4mmafe/PuKPg4mmafe.glb changed to proposed JSON configuration filename : /mnt/data_nas/deeprobotics/daiyang/vla/third_party/ETP-R1/data/scene_datasets/mp3d/PuKPg4mmafe/PuKPg4mmafe.stage_config.json
I0918 21:24:36.716588 1593317 AttributesManagerBase.h:283] AttributesManager<T>::createFromJsonOrDefaultInternal  (Stage) : Proposing JSON name : /mnt/data_nas/deeprobotics/daiyang/vla/third_party/ETP-R1/data/scene_datasets/mp3d/PuKPg4mmafe/PuKPg4mmafe.stage_config.json from original name : /mnt/data_nas/deeprobotics/daiyang/vla/third_party/ETP-R1/data/scene_datasets/mp3d/PuKPg4mmafe/PuKPg4mmafe.glb | This file  does not exist.
I0918 21:24:36.716635 1593317 AbstractObjectAttributesManagerBase.h:181] AbstractObjectAttributesManager<T>::createObject  (Stage) : Done making attributes with handle : /mnt/data_nas/deeprobotics/daiyang/vla/third_party/ETP-R1/data/scene_datasets/mp3d/PuKPg4mmafe/PuKPg4mmafe.glb
I0918 21:24:36.716637 1593317 AbstractObjectAttributesManagerBase.h:188] File (/mnt/data_nas/deeprobotics/daiyang/vla/third_party/ETP-R1/data/scene_datasets/mp3d/PuKPg4mmafe/PuKPg4mmafe.glb) exists but is not a recognized config filename extension, so new default Stage attributes created and registered.
I0918 21:24:36.716645 1593317 Simulator.cpp:156] Loading navmesh from /mnt/data_nas/deeprobotics/daiyang/vla/third_party/ETP-R1/data/scene_datasets/mp3d/PuKPg4mmafe/PuKPg4mmafe.navmesh
I0918 21:24:36.717967 1593317 Simulator.cpp:158] Loaded.
I0918 21:24:36.717976 1593317 SceneGraph.h:93] Created DrawableGroup: 
Renderer: NVIDIA GeForce RTX 5090/PCIe/SSE2 by NVIDIA Corporation
OpenGL version: 4.6.0 NVIDIA 580.126.09
Using optional features:
    GL_ARB_ES2_compatibility
    GL_ARB_direct_state_access
    GL_ARB_get_texture_sub_image
    GL_ARB_invalidate_subdata
    GL_ARB_multi_bind
    GL_ARB_robustness
    GL_ARB_separate_shader_objects
    GL_ARB_texture_filter_anisotropic
    GL_ARB_texture_storage
    GL_ARB_texture_storage_multisample
    GL_ARB_vertex_array_object
    GL_KHR_debug
Using driver workarounds:
    no-forward-compatible-core-context
    nv-egl-incorrect-gl11-function-pointers
    no-layout-qualifiers-on-old-glsl
    nv-zero-context-profile-mask
    nv-implementation-color-read-format-dsa-broken
    nv-cubemap-inconsistent-compressed-image-size
    nv-cubemap-broken-full-compressed-image-query
    nv-compressed-block-size-in-bits
I0918 21:24:36.721779 1593317 ResourceManager.cpp:234] ResourceManager::loadStage : Not loading semantic mesh
I0918 21:24:36.721788 1593317 ResourceManager.cpp:262] ResourceManager::loadStage : start load render asset /mnt/data_nas/deeprobotics/daiyang/vla/third_party/ETP-R1/data/scene_datasets/mp3d/PuKPg4mmafe/PuKPg4mmafe.glb.
I0918 21:24:36.721791 1593317 ResourceManager.cpp:569] ResourceManager::loadStageInternal : Attempting to load stage /mnt/data_nas/deeprobotics/daiyang/vla/third_party/ETP-R1/data/scene_datasets/mp3d/PuKPg4mmafe/PuKPg4mmafe.glb 
I0918 21:24:36.721809 1593317 ResourceManager.cpp:1119] Importing Basis files as BC7 for PuKPg4mmafe.glb
W0918 21:24:41.403301 1593317 Simulator.cpp:248] :
---
 The active scene does not contain semantic annotations. 
---
I0918 21:24:41.423799 1593317 simulator.py:213] Loaded navmesh /mnt/data_nas/deeprobotics/daiyang/vla/third_party/ETP-R1/data/scene_datasets/mp3d/PuKPg4mmafe/PuKPg4mmafe.navmesh
I0918 21:25:37.080819 1593317 PhysicsManager.cpp:33] Deconstructing PhysicsManager
I0918 21:25:37.080871 1593317 SemanticScene.h:41] Deconstructing SemanticScene
I0918 21:25:37.081804 1593317 SceneManager.h:25] Deconstructing SceneManager
I0918 21:25:37.081808 1593317 SceneGraph.h:26] Deconstructing SceneGraph
I0918 21:25:37.082067 1593317 Sensor.h:87] Deconstructing Sensor
I0918 21:25:37.088282 1593317 Renderer.cpp:34] Deconstructing Renderer
I0918 21:25:37.088312 1593317 WindowlessContext.h:17] Deconstructing WindowlessContext
I0918 21:25:37.100244 1593317 ManagedContainerBase.cpp:19] ManagedContainerBase::convertFilenameToJSON : Filename : default changed to proposed JSON configuration filename : default.scene_dataset_config.json
I0918 21:25:37.100266 1593317 AttributesManagerBase.h:283] AttributesManager<T>::createFromJsonOrDefaultInternal  (Dataset) : Proposing JSON name : default.scene_dataset_config.json from original name : default | This file  does not exist.
I0918 21:25:37.100387 1593317 AssetAttributesManager.cpp:117] Asset attributes (capsule3DSolid : capsule3DSolid_hemiRings_4_cylRings_1_segments_12_halfLen_0.75_useTexCoords_false_useTangents_false) created and registered.
I0918 21:25:37.100414 1593317 AssetAttributesManager.cpp:117] Asset attributes (capsule3DWireframe : capsule3DWireframe_hemiRings_8_cylRings_1_segments_16_halfLen_1) created and registered.
I0918 21:25:37.100437 1593317 AssetAttributesManager.cpp:117] Asset attributes (coneSolid : coneSolid_segments_12_halfLen_1.25_rings_1_useTexCoords_false_useTangents_false_capEnd_true) created and registered.
I0918 21:25:37.100452 1593317 AssetAttributesManager.cpp:117] Asset attributes (coneWireframe : coneWireframe_segments_32_halfLen_1.25) created and registered.
I0918 21:25:37.100469 1593317 AssetAttributesManager.cpp:117] Asset attributes (cubeSolid : cubeSolid) created and registered.
I0918 21:25:37.100476 1593317 AssetAttributesManager.cpp:117] Asset attributes (cubeWireframe : cubeWireframe) created and registered.
I0918 21:25:37.100497 1593317 AssetAttributesManager.cpp:117] Asset attributes (cylinderSolid : cylinderSolid_rings_1_segments_12_halfLen_1_useTexCoords_false_useTangents_false_capEnds_true) created and registered.
I0918 21:25:37.100513 1593317 AssetAttributesManager.cpp:117] Asset attributes (cylinderWireframe : cylinderWireframe_rings_1_segments_32_halfLen_1) created and registered.
I0918 21:25:37.100535 1593317 AssetAttributesManager.cpp:117] Asset attributes (icosphereSolid : icosphereSolid_subdivs_1) created and registered.
I0918 21:25:37.100544 1593317 AssetAttributesManager.cpp:117] Asset attributes (icosphereWireframe : icosphereWireframe_subdivs_1) created and registered.
I0918 21:25:37.100564 1593317 AssetAttributesManager.cpp:117] Asset attributes (uvSphereSolid : uvSphereSolid_rings_8_segments_16_useTexCoords_false_useTangents_false) created and registered.
I0918 21:25:37.100575 1593317 AssetAttributesManager.cpp:117] Asset attributes (uvSphereWireframe : uvSphereWireframe_rings_16_segments_32) created and registered.
I0918 21:25:37.100587 1593317 AssetAttributesManager.cpp:105] AssetAttributesManager::buildCtorFuncPtrMaps : Built default primitive asset templates : 12
I0918 21:25:37.100989 1593317 SceneDatasetAttributesManager.cpp:23] File (default) not found, so new default dataset attributes created and registered.
I0918 21:25:37.100992 1593317 MetadataMediator.cpp:47] MetadataMediator::createDataset : Dataset default successfully created.
I0918 21:25:37.102035 1593317 AttributesManagerBase.h:283] AttributesManager<T>::createFromJsonOrDefaultInternal  (Physics Manager) : Proposing JSON name : ./data/default.physics_config.json from original name : ./data/default.physics_config.json | This file  does not exist.
I0918 21:25:37.102051 1593317 PhysicsAttributesManager.cpp:27] File (./data/default.physics_config.json) not found, so new default physics manager attributes created and registered.
I0918 21:25:37.102056 1593317 AbstractObjectAttributesManagerBase.h:175] AbstractObjectAttributesManager<T>::createObject  (Stage) : Making attributes with handle : /mnt/data_nas/deeprobotics/daiyang/vla/third_party/ETP-R1/data/scene_datasets/mp3d/XcA2TqTSSAj/XcA2TqTSSAj.glb
I0918 21:25:37.102059 1593317 ManagedContainerBase.cpp:19] ManagedContainerBase::convertFilenameToJSON : Filename : /mnt/data_nas/deeprobotics/daiyang/vla/third_party/ETP-R1/data/scene_datasets/mp3d/XcA2TqTSSAj/XcA2TqTSSAj.glb changed to proposed JSON configuration filename : /mnt/data_nas/deeprobotics/daiyang/vla/third_party/ETP-R1/data/scene_datasets/mp3d/XcA2TqTSSAj/XcA2TqTSSAj.stage_config.json
I0918 21:25:37.107234 1593317 AttributesManagerBase.h:283] AttributesManager<T>::createFromJsonOrDefaultInternal  (Stage) : Proposing JSON name : /mnt/data_nas/deeprobotics/daiyang/vla/third_party/ETP-R1/data/scene_datasets/mp3d/XcA2TqTSSAj/XcA2TqTSSAj.stage_config.json from original name : /mnt/data_nas/deeprobotics/daiyang/vla/third_party/ETP-R1/data/scene_datasets/mp3d/XcA2TqTSSAj/XcA2TqTSSAj.glb | This file  does not exist.
I0918 21:25:37.110513 1593317 AbstractObjectAttributesManagerBase.h:181] AbstractObjectAttributesManager<T>::createObject  (Stage) : Done making attributes with handle : /mnt/data_nas/deeprobotics/daiyang/vla/third_party/ETP-R1/data/scene_datasets/mp3d/XcA2TqTSSAj/XcA2TqTSSAj.glb
I0918 21:25:37.110515 1593317 AbstractObjectAttributesManagerBase.h:188] File (/mnt/data_nas/deeprobotics/daiyang/vla/third_party/ETP-R1/data/scene_datasets/mp3d/XcA2TqTSSAj/XcA2TqTSSAj.glb) exists but is not a recognized config filename extension, so new default Stage attributes created and registered.
I0918 21:25:37.110522 1593317 Simulator.cpp:156] Loading navmesh from /mnt/data_nas/deeprobotics/daiyang/vla/third_party/ETP-R1/data/scene_datasets/mp3d/XcA2TqTSSAj/XcA2TqTSSAj.navmesh
I0918 21:25:37.113349 1593317 Simulator.cpp:158] Loaded.
I0918 21:25:37.113358 1593317 SceneGraph.h:93] Created DrawableGroup: 
Renderer: NVIDIA GeForce RTX 5090/PCIe/SSE2 by NVIDIA Corporation
OpenGL version: 4.6.0 NVIDIA 580.126.09
Using optional features:
    GL_ARB_ES2_compatibility
    GL_ARB_direct_state_access
    GL_ARB_get_texture_sub_image
    GL_ARB_invalidate_subdata
    GL_ARB_multi_bind
    GL_ARB_robustness
    GL_ARB_separate_shader_objects
    GL_ARB_texture_filter_anisotropic
    GL_ARB_texture_storage
    GL_ARB_texture_storage_multisample
    GL_ARB_vertex_array_object
    GL_KHR_debug
Using driver workarounds:
    no-forward-compatible-core-context
    nv-egl-incorrect-gl11-function-pointers
    no-layout-qualifiers-on-old-glsl
    nv-zero-context-profile-mask
    nv-implementation-color-read-format-dsa-broken
    nv-cubemap-inconsistent-compressed-image-size
    nv-cubemap-broken-full-compressed-image-query
    nv-compressed-block-size-in-bits
I0918 21:25:37.117190 1593317 ResourceManager.cpp:234] ResourceManager::loadStage : Not loading semantic mesh
I0918 21:25:37.117199 1593317 ResourceManager.cpp:262] ResourceManager::loadStage : start load render asset /mnt/data_nas/deeprobotics/daiyang/vla/third_party/ETP-R1/data/scene_datasets/mp3d/XcA2TqTSSAj/XcA2TqTSSAj.glb.
I0918 21:25:37.117202 1593317 ResourceManager.cpp:569] ResourceManager::loadStageInternal : Attempting to load stage /mnt/data_nas/deeprobotics/daiyang/vla/third_party/ETP-R1/data/scene_datasets/mp3d/XcA2TqTSSAj/XcA2TqTSSAj.glb 
I0918 21:25:37.117219 1593317 ResourceManager.cpp:1119] Importing Basis files as BC7 for XcA2TqTSSAj.glb
W0918 21:25:39.099627 1593317 Simulator.cpp:248] :
---
 The active scene does not contain semantic annotations. 
---
I0918 21:25:39.174625 1593317 simulator.py:213] Loaded navmesh /mnt/data_nas/deeprobotics/daiyang/vla/third_party/ETP-R1/data/scene_datasets/mp3d/XcA2TqTSSAj/XcA2TqTSSAj.navmesh
I0918 21:29:03.251097 1593317 PhysicsManager.cpp:33] Deconstructing PhysicsManager
I0918 21:29:03.251166 1593317 SemanticScene.h:41] Deconstructing SemanticScene
I0918 21:29:03.255733 1593317 SceneManager.h:25] Deconstructing SceneManager
I0918 21:29:03.255767 1593317 SceneGraph.h:26] Deconstructing SceneGraph
I0918 21:29:03.256352 1593317 Sensor.h:87] Deconstructing Sensor
I0918 21:29:03.260180 1593317 Renderer.cpp:34] Deconstructing Renderer
I0918 21:29:03.260205 1593317 WindowlessContext.h:17] Deconstructing WindowlessContext
I0918 21:29:03.266860 1593317 ManagedContainerBase.cpp:19] ManagedContainerBase::convertFilenameToJSON : Filename : default changed to proposed JSON configuration filename : default.scene_dataset_config.json
I0918 21:29:03.266878 1593317 AttributesManagerBase.h:283] AttributesManager<T>::createFromJsonOrDefaultInternal  (Dataset) : Proposing JSON name : default.scene_dataset_config.json from original name : default | This file  does not exist.
I0918 21:29:03.266991 1593317 AssetAttributesManager.cpp:117] Asset attributes (capsule3DSolid : capsule3DSolid_hemiRings_4_cylRings_1_segments_12_halfLen_0.75_useTexCoords_false_useTangents_false) created and registered.
I0918 21:29:03.267019 1593317 AssetAttributesManager.cpp:117] Asset attributes (capsule3DWireframe : capsule3DWireframe_hemiRings_8_cylRings_1_segments_16_halfLen_1) created and registered.
I0918 21:29:03.267042 1593317 AssetAttributesManager.cpp:117] Asset attributes (coneSolid : coneSolid_segments_12_halfLen_1.25_rings_1_useTexCoords_false_useTangents_false_capEnd_true) created and registered.
I0918 21:29:03.267057 1593317 AssetAttributesManager.cpp:117] Asset attributes (coneWireframe : coneWireframe_segments_32_halfLen_1.25) created and registered.
I0918 21:29:03.267066 1593317 AssetAttributesManager.cpp:117] Asset attributes (cubeSolid : cubeSolid) created and registered.
I0918 21:29:03.267072 1593317 AssetAttributesManager.cpp:117] Asset attributes (cubeWireframe : cubeWireframe) created and registered.
I0918 21:29:03.267092 1593317 AssetAttributesManager.cpp:117] Asset attributes (cylinderSolid : cylinderSolid_rings_1_segments_12_halfLen_1_useTexCoords_false_useTangents_false_capEnds_true) created and registered.
I0918 21:29:03.267115 1593317 AssetAttributesManager.cpp:117] Asset attributes (cylinderWireframe : cylinderWireframe_rings_1_segments_32_halfLen_1) created and registered.
I0918 21:29:03.267127 1593317 AssetAttributesManager.cpp:117] Asset attributes (icosphereSolid : icosphereSolid_subdivs_1) created and registered.
I0918 21:29:03.267136 1593317 AssetAttributesManager.cpp:117] Asset attributes (icosphereWireframe : icosphereWireframe_subdivs_1) created and registered.
I0918 21:29:03.267149 1593317 AssetAttributesManager.cpp:117] Asset attributes (uvSphereSolid : uvSphereSolid_rings_8_segments_16_useTexCoords_false_useTangents_false) created and registered.
I0918 21:29:03.267162 1593317 AssetAttributesManager.cpp:117] Asset attributes (uvSphereWireframe : uvSphereWireframe_rings_16_segments_32) created and registered.
I0918 21:29:03.267169 1593317 AssetAttributesManager.cpp:105] AssetAttributesManager::buildCtorFuncPtrMaps : Built default primitive asset templates : 12
I0918 21:29:03.267572 1593317 SceneDatasetAttributesManager.cpp:23] File (default) not found, so new default dataset attributes created and registered.
I0918 21:29:03.267575 1593317 MetadataMediator.cpp:47] MetadataMediator::createDataset : Dataset default successfully created.
I0918 21:29:03.267768 1593317 AttributesManagerBase.h:283] AttributesManager<T>::createFromJsonOrDefaultInternal  (Physics Manager) : Proposing JSON name : ./data/default.physics_config.json from original name : ./data/default.physics_config.json | This file  does not exist.
I0918 21:29:03.267781 1593317 PhysicsAttributesManager.cpp:27] File (./data/default.physics_config.json) not found, so new default physics manager attributes created and registered.
I0918 21:29:03.267786 1593317 AbstractObjectAttributesManagerBase.h:175] AbstractObjectAttributesManager<T>::createObject  (Stage) : Making attributes with handle : /mnt/data_nas/deeprobotics/daiyang/vla/third_party/ETP-R1/data/scene_datasets/mp3d/aayBHfsNo7d/aayBHfsNo7d.glb
I0918 21:29:03.267789 1593317 ManagedContainerBase.cpp:19] ManagedContainerBase::convertFilenameToJSON : Filename : /mnt/data_nas/deeprobotics/daiyang/vla/third_party/ETP-R1/data/scene_datasets/mp3d/aayBHfsNo7d/aayBHfsNo7d.glb changed to proposed JSON configuration filename : /mnt/data_nas/deeprobotics/daiyang/vla/third_party/ETP-R1/data/scene_datasets/mp3d/aayBHfsNo7d/aayBHfsNo7d.stage_config.json
I0918 21:29:03.267802 1593317 AttributesManagerBase.h:283] AttributesManager<T>::createFromJsonOrDefaultInternal  (Stage) : Proposing JSON name : /mnt/data_nas/deeprobotics/daiyang/vla/third_party/ETP-R1/data/scene_datasets/mp3d/aayBHfsNo7d/aayBHfsNo7d.stage_config.json from original name : /mnt/data_nas/deeprobotics/daiyang/vla/third_party/ETP-R1/data/scene_datasets/mp3d/aayBHfsNo7d/aayBHfsNo7d.glb | This file  does not exist.
I0918 21:29:03.267851 1593317 AbstractObjectAttributesManagerBase.h:181] AbstractObjectAttributesManager<T>::createObject  (Stage) : Done making attributes with handle : /mnt/data_nas/deeprobotics/daiyang/vla/third_party/ETP-R1/data/scene_datasets/mp3d/aayBHfsNo7d/aayBHfsNo7d.glb
I0918 21:29:03.267854 1593317 AbstractObjectAttributesManagerBase.h:188] File (/mnt/data_nas/deeprobotics/daiyang/vla/third_party/ETP-R1/data/scene_datasets/mp3d/aayBHfsNo7d/aayBHfsNo7d.glb) exists but is not a recognized config filename extension, so new default Stage attributes created and registered.
I0918 21:29:03.267859 1593317 Simulator.cpp:156] Loading navmesh from /mnt/data_nas/deeprobotics/daiyang/vla/third_party/ETP-R1/data/scene_datasets/mp3d/aayBHfsNo7d/aayBHfsNo7d.navmesh
I0918 21:29:03.269335 1593317 Simulator.cpp:158] Loaded.
I0918 21:29:03.269343 1593317 SceneGraph.h:93] Created DrawableGroup: 
Renderer: NVIDIA GeForce RTX 5090/PCIe/SSE2 by NVIDIA Corporation
OpenGL version: 4.6.0 NVIDIA 580.126.09
Using optional features:
    GL_ARB_ES2_compatibility
    GL_ARB_direct_state_access
    GL_ARB_get_texture_sub_image
    GL_ARB_invalidate_subdata
    GL_ARB_multi_bind
    GL_ARB_robustness
    GL_ARB_separate_shader_objects
    GL_ARB_texture_filter_anisotropic
    GL_ARB_texture_storage
    GL_ARB_texture_storage_multisample
    GL_ARB_vertex_array_object
    GL_KHR_debug
Using driver workarounds:
    no-forward-compatible-core-context
    nv-egl-incorrect-gl11-function-pointers
    no-layout-qualifiers-on-old-glsl
    nv-zero-context-profile-mask
    nv-implementation-color-read-format-dsa-broken
    nv-cubemap-inconsistent-compressed-image-size
    nv-cubemap-broken-full-compressed-image-query
    nv-compressed-block-size-in-bits
I0918 21:29:03.272890 1593317 ResourceManager.cpp:234] ResourceManager::loadStage : Not loading semantic mesh
I0918 21:29:03.272898 1593317 ResourceManager.cpp:262] ResourceManager::loadStage : start load render asset /mnt/data_nas/deeprobotics/daiyang/vla/third_party/ETP-R1/data/scene_datasets/mp3d/aayBHfsNo7d/aayBHfsNo7d.glb.
I0918 21:29:03.272900 1593317 ResourceManager.cpp:569] ResourceManager::loadStageInternal : Attempting to load stage /mnt/data_nas/deeprobotics/daiyang/vla/third_party/ETP-R1/data/scene_datasets/mp3d/aayBHfsNo7d/aayBHfsNo7d.glb 
I0918 21:29:03.272915 1593317 ResourceManager.cpp:1119] Importing Basis files as BC7 for aayBHfsNo7d.glb
W0918 21:29:05.027315 1593317 Simulator.cpp:248] :
---
 The active scene does not contain semantic annotations. 
---
I0918 21:29:05.067166 1593317 simulator.py:213] Loaded navmesh /mnt/data_nas/deeprobotics/daiyang/vla/third_party/ETP-R1/data/scene_datasets/mp3d/aayBHfsNo7d/aayBHfsNo7d.navmesh
I0918 21:29:38.387450 1593317 PhysicsManager.cpp:33] Deconstructing PhysicsManager
I0918 21:29:38.387501 1593317 SemanticScene.h:41] Deconstructing SemanticScene
I0918 21:29:38.389410 1593317 SceneManager.h:25] Deconstructing SceneManager
I0918 21:29:38.389420 1593317 SceneGraph.h:26] Deconstructing SceneGraph
I0918 21:29:38.389648 1593317 Sensor.h:87] Deconstructing Sensor
I0918 21:29:38.392028 1593317 Renderer.cpp:34] Deconstructing Renderer
I0918 21:29:38.392053 1593317 WindowlessContext.h:17] Deconstructing WindowlessContext
I0918 21:29:38.398939 1593317 ManagedContainerBase.cpp:19] ManagedContainerBase::convertFilenameToJSON : Filename : default changed to proposed JSON configuration filename : default.scene_dataset_config.json
I0918 21:29:38.398958 1593317 AttributesManagerBase.h:283] AttributesManager<T>::createFromJsonOrDefaultInternal  (Dataset) : Proposing JSON name : default.scene_dataset_config.json from original name : default | This file  does not exist.
I0918 21:29:38.399075 1593317 AssetAttributesManager.cpp:117] Asset attributes (capsule3DSolid : capsule3DSolid_hemiRings_4_cylRings_1_segments_12_halfLen_0.75_useTexCoords_false_useTangents_false) created and registered.
I0918 21:29:38.399103 1593317 AssetAttributesManager.cpp:117] Asset attributes (capsule3DWireframe : capsule3DWireframe_hemiRings_8_cylRings_1_segments_16_halfLen_1) created and registered.
I0918 21:29:38.399127 1593317 AssetAttributesManager.cpp:117] Asset attributes (coneSolid : coneSolid_segments_12_halfLen_1.25_rings_1_useTexCoords_false_useTangents_false_capEnd_true) created and registered.
I0918 21:29:38.399140 1593317 AssetAttributesManager.cpp:117] Asset attributes (coneWireframe : coneWireframe_segments_32_halfLen_1.25) created and registered.
I0918 21:29:38.399149 1593317 AssetAttributesManager.cpp:117] Asset attributes (cubeSolid : cubeSolid) created and registered.
I0918 21:29:38.399155 1593317 AssetAttributesManager.cpp:117] Asset attributes (cubeWireframe : cubeWireframe) created and registered.
I0918 21:29:38.399175 1593317 AssetAttributesManager.cpp:117] Asset attributes (cylinderSolid : cylinderSolid_rings_1_segments_12_halfLen_1_useTexCoords_false_useTangents_false_capEnds_true) created and registered.
I0918 21:29:38.399194 1593317 AssetAttributesManager.cpp:117] Asset attributes (cylinderWireframe : cylinderWireframe_rings_1_segments_32_halfLen_1) created and registered.
I0918 21:29:38.399204 1593317 AssetAttributesManager.cpp:117] Asset attributes (icosphereSolid : icosphereSolid_subdivs_1) created and registered.
I0918 21:29:38.399217 1593317 AssetAttributesManager.cpp:117] Asset attributes (icosphereWireframe : icosphereWireframe_subdivs_1) created and registered.
I0918 21:29:38.399231 1593317 AssetAttributesManager.cpp:117] Asset attributes (uvSphereSolid : uvSphereSolid_rings_8_segments_16_useTexCoords_false_useTangents_false) created and registered.
I0918 21:29:38.399245 1593317 AssetAttributesManager.cpp:117] Asset attributes (uvSphereWireframe : uvSphereWireframe_rings_16_segments_32) created and registered.
I0918 21:29:38.399250 1593317 AssetAttributesManager.cpp:105] AssetAttributesManager::buildCtorFuncPtrMaps : Built default primitive asset templates : 12
I0918 21:29:38.399662 1593317 SceneDatasetAttributesManager.cpp:23] File (default) not found, so new default dataset attributes created and registered.
I0918 21:29:38.399665 1593317 MetadataMediator.cpp:47] MetadataMediator::createDataset : Dataset default successfully created.
I0918 21:29:38.399909 1593317 AttributesManagerBase.h:283] AttributesManager<T>::createFromJsonOrDefaultInternal  (Physics Manager) : Proposing JSON name : ./data/default.physics_config.json from original name : ./data/default.physics_config.json | This file  does not exist.
I0918 21:29:38.399920 1593317 PhysicsAttributesManager.cpp:27] File (./data/default.physics_config.json) not found, so new default physics manager attributes created and registered.
I0918 21:29:38.399923 1593317 AbstractObjectAttributesManagerBase.h:175] AbstractObjectAttributesManager<T>::createObject  (Stage) : Making attributes with handle : /mnt/data_nas/deeprobotics/daiyang/vla/third_party/ETP-R1/data/scene_datasets/mp3d/82sE5b5pLXE/82sE5b5pLXE.glb
I0918 21:29:38.399927 1593317 ManagedContainerBase.cpp:19] ManagedContainerBase::convertFilenameToJSON : Filename : /mnt/data_nas/deeprobotics/daiyang/vla/third_party/ETP-R1/data/scene_datasets/mp3d/82sE5b5pLXE/82sE5b5pLXE.glb changed to proposed JSON configuration filename : /mnt/data_nas/deeprobotics/daiyang/vla/third_party/ETP-R1/data/scene_datasets/mp3d/82sE5b5pLXE/82sE5b5pLXE.stage_config.json
I0918 21:29:38.399940 1593317 AttributesManagerBase.h:283] AttributesManager<T>::createFromJsonOrDefaultInternal  (Stage) : Proposing JSON name : /mnt/data_nas/deeprobotics/daiyang/vla/third_party/ETP-R1/data/scene_datasets/mp3d/82sE5b5pLXE/82sE5b5pLXE.stage_config.json from original name : /mnt/data_nas/deeprobotics/daiyang/vla/third_party/ETP-R1/data/scene_datasets/mp3d/82sE5b5pLXE/82sE5b5pLXE.glb | This file  does not exist.
I0918 21:29:38.399986 1593317 AbstractObjectAttributesManagerBase.h:181] AbstractObjectAttributesManager<T>::createObject  (Stage) : Done making attributes with handle : /mnt/data_nas/deeprobotics/daiyang/vla/third_party/ETP-R1/data/scene_datasets/mp3d/82sE5b5pLXE/82sE5b5pLXE.glb
I0918 21:29:38.399988 1593317 AbstractObjectAttributesManagerBase.h:188] File (/mnt/data_nas/deeprobotics/daiyang/vla/third_party/ETP-R1/data/scene_datasets/mp3d/82sE5b5pLXE/82sE5b5pLXE.glb) exists but is not a recognized config filename extension, so new default Stage attributes created and registered.
I0918 21:29:38.399993 1593317 Simulator.cpp:156] Loading navmesh from /mnt/data_nas/deeprobotics/daiyang/vla/third_party/ETP-R1/data/scene_datasets/mp3d/82sE5b5pLXE/82sE5b5pLXE.navmesh
I0918 21:29:38.401027 1593317 Simulator.cpp:158] Loaded.
I0918 21:29:38.401036 1593317 SceneGraph.h:93] Created DrawableGroup: 
Renderer: NVIDIA GeForce RTX 5090/PCIe/SSE2 by NVIDIA Corporation
OpenGL version: 4.6.0 NVIDIA 580.126.09
Using optional features:
    GL_ARB_ES2_compatibility
    GL_ARB_direct_state_access
    GL_ARB_get_texture_sub_image
    GL_ARB_invalidate_subdata
    GL_ARB_multi_bind
    GL_ARB_robustness
    GL_ARB_separate_shader_objects
    GL_ARB_texture_filter_anisotropic
    GL_ARB_texture_storage
    GL_ARB_texture_storage_multisample
    GL_ARB_vertex_array_object
    GL_KHR_debug
Using driver workarounds:
    no-forward-compatible-core-context
    nv-egl-incorrect-gl11-function-pointers
    no-layout-qualifiers-on-old-glsl
    nv-zero-context-profile-mask
    nv-implementation-color-read-format-dsa-broken
    nv-cubemap-inconsistent-compressed-image-size
    nv-cubemap-broken-full-compressed-image-query
    nv-compressed-block-size-in-bits
I0918 21:29:38.404649 1593317 ResourceManager.cpp:234] ResourceManager::loadStage : Not loading semantic mesh
I0918 21:29:38.404657 1593317 ResourceManager.cpp:262] ResourceManager::loadStage : start load render asset /mnt/data_nas/deeprobotics/daiyang/vla/third_party/ETP-R1/data/scene_datasets/mp3d/82sE5b5pLXE/82sE5b5pLXE.glb.
I0918 21:29:38.404659 1593317 ResourceManager.cpp:569] ResourceManager::loadStageInternal : Attempting to load stage /mnt/data_nas/deeprobotics/daiyang/vla/third_party/ETP-R1/data/scene_datasets/mp3d/82sE5b5pLXE/82sE5b5pLXE.glb 
I0918 21:29:38.404675 1593317 ResourceManager.cpp:1119] Importing Basis files as BC7 for 82sE5b5pLXE.glb
W0918 21:29:40.445777 1593317 Simulator.cpp:248] :
---
 The active scene does not contain semantic annotations. 
---
I0918 21:29:40.482234 1593317 simulator.py:213] Loaded navmesh /mnt/data_nas/deeprobotics/daiyang/vla/third_party/ETP-R1/data/scene_datasets/mp3d/82sE5b5pLXE/82sE5b5pLXE.navmesh
I0918 21:30:02.160089 1593317 PhysicsManager.cpp:33] Deconstructing PhysicsManager
I0918 21:30:02.160135 1593317 SemanticScene.h:41] Deconstructing SemanticScene
I0918 21:30:02.161592 1593317 SceneManager.h:25] Deconstructing SceneManager
I0918 21:30:02.161600 1593317 SceneGraph.h:26] Deconstructing SceneGraph
I0918 21:30:02.161864 1593317 Sensor.h:87] Deconstructing Sensor
I0918 21:30:02.164804 1593317 Renderer.cpp:34] Deconstructing Renderer
I0918 21:30:02.164839 1593317 WindowlessContext.h:17] Deconstructing WindowlessContext
I0918 21:30:02.171221 1593317 ManagedContainerBase.cpp:19] ManagedContainerBase::convertFilenameToJSON : Filename : default changed to proposed JSON configuration filename : default.scene_dataset_config.json
I0918 21:30:02.171244 1593317 AttributesManagerBase.h:283] AttributesManager<T>::createFromJsonOrDefaultInternal  (Dataset) : Proposing JSON name : default.scene_dataset_config.json from original name : default | This file  does not exist.
I0918 21:30:02.171411 1593317 AssetAttributesManager.cpp:117] Asset attributes (capsule3DSolid : capsule3DSolid_hemiRings_4_cylRings_1_segments_12_halfLen_0.75_useTexCoords_false_useTangents_false) created and registered.
I0918 21:30:02.171453 1593317 AssetAttributesManager.cpp:117] Asset attributes (capsule3DWireframe : capsule3DWireframe_hemiRings_8_cylRings_1_segments_16_halfLen_1) created and registered.
I0918 21:30:02.171490 1593317 AssetAttributesManager.cpp:117] Asset attributes (coneSolid : coneSolid_segments_12_halfLen_1.25_rings_1_useTexCoords_false_useTangents_false_capEnd_true) created and registered.
I0918 21:30:02.171512 1593317 AssetAttributesManager.cpp:117] Asset attributes (coneWireframe : coneWireframe_segments_32_halfLen_1.25) created and registered.
I0918 21:30:02.171525 1593317 AssetAttributesManager.cpp:117] Asset attributes (cubeSolid : cubeSolid) created and registered.
I0918 21:30:02.171533 1593317 AssetAttributesManager.cpp:117] Asset attributes (cubeWireframe : cubeWireframe) created and registered.
I0918 21:30:02.171566 1593317 AssetAttributesManager.cpp:117] Asset attributes (cylinderSolid : cylinderSolid_rings_1_segments_12_halfLen_1_useTexCoords_false_useTangents_false_capEnds_true) created and registered.
I0918 21:30:02.171592 1593317 AssetAttributesManager.cpp:117] Asset attributes (cylinderWireframe : cylinderWireframe_rings_1_segments_32_halfLen_1) created and registered.
I0918 21:30:02.171609 1593317 AssetAttributesManager.cpp:117] Asset attributes (icosphereSolid : icosphereSolid_subdivs_1) created and registered.
I0918 21:30:02.171622 1593317 AssetAttributesManager.cpp:117] Asset attributes (icosphereWireframe : icosphereWireframe_subdivs_1) created and registered.
I0918 21:30:02.171643 1593317 AssetAttributesManager.cpp:117] Asset attributes (uvSphereSolid : uvSphereSolid_rings_8_segments_16_useTexCoords_false_useTangents_false) created and registered.
I0918 21:30:02.171661 1593317 AssetAttributesManager.cpp:117] Asset attributes (uvSphereWireframe : uvSphereWireframe_rings_16_segments_32) created and registered.
I0918 21:30:02.171676 1593317 AssetAttributesManager.cpp:105] AssetAttributesManager::buildCtorFuncPtrMaps : Built default primitive asset templates : 12
I0918 21:30:02.172333 1593317 SceneDatasetAttributesManager.cpp:23] File (default) not found, so new default dataset attributes created and registered.
I0918 21:30:02.172336 1593317 MetadataMediator.cpp:47] MetadataMediator::createDataset : Dataset default successfully created.
I0918 21:30:02.173460 1593317 AttributesManagerBase.h:283] AttributesManager<T>::createFromJsonOrDefaultInternal  (Physics Manager) : Proposing JSON name : ./data/default.physics_config.json from original name : ./data/default.physics_config.json | This file  does not exist.
I0918 21:30:02.173482 1593317 PhysicsAttributesManager.cpp:27] File (./data/default.physics_config.json) not found, so new default physics manager attributes created and registered.
I0918 21:30:02.173487 1593317 AbstractObjectAttributesManagerBase.h:175] AbstractObjectAttributesManager<T>::createObject  (Stage) : Making attributes with handle : /mnt/data_nas/deeprobotics/daiyang/vla/third_party/ETP-R1/data/scene_datasets/mp3d/B6ByNegPMKs/B6ByNegPMKs.glb
I0918 21:30:02.173494 1593317 ManagedContainerBase.cpp:19] ManagedContainerBase::convertFilenameToJSON : Filename : /mnt/data_nas/deeprobotics/daiyang/vla/third_party/ETP-R1/data/scene_datasets/mp3d/B6ByNegPMKs/B6ByNegPMKs.glb changed to proposed JSON configuration filename : /mnt/data_nas/deeprobotics/daiyang/vla/third_party/ETP-R1/data/scene_datasets/mp3d/B6ByNegPMKs/B6ByNegPMKs.stage_config.json
I0918 21:30:02.173514 1593317 AttributesManagerBase.h:283] AttributesManager<T>::createFromJsonOrDefaultInternal  (Stage) : Proposing JSON name : /mnt/data_nas/deeprobotics/daiyang/vla/third_party/ETP-R1/data/scene_datasets/mp3d/B6ByNegPMKs/B6ByNegPMKs.stage_config.json from original name : /mnt/data_nas/deeprobotics/daiyang/vla/third_party/ETP-R1/data/scene_datasets/mp3d/B6ByNegPMKs/B6ByNegPMKs.glb | This file  does not exist.
I0918 21:30:02.173589 1593317 AbstractObjectAttributesManagerBase.h:181] AbstractObjectAttributesManager<T>::createObject  (Stage) : Done making attributes with handle : /mnt/data_nas/deeprobotics/daiyang/vla/third_party/ETP-R1/data/scene_datasets/mp3d/B6ByNegPMKs/B6ByNegPMKs.glb
I0918 21:30:02.173592 1593317 AbstractObjectAttributesManagerBase.h:188] File (/mnt/data_nas/deeprobotics/daiyang/vla/third_party/ETP-R1/data/scene_datasets/mp3d/B6ByNegPMKs/B6ByNegPMKs.glb) exists but is not a recognized config filename extension, so new default Stage attributes created and registered.
I0918 21:30:02.173600 1593317 Simulator.cpp:156] Loading navmesh from /mnt/data_nas/deeprobotics/daiyang/vla/third_party/ETP-R1/data/scene_datasets/mp3d/B6ByNegPMKs/B6ByNegPMKs.navmesh
I0918 21:30:02.175242 1593317 Simulator.cpp:158] Loaded.
I0918 21:30:02.175256 1593317 SceneGraph.h:93] Created DrawableGroup: 
Renderer: NVIDIA GeForce RTX 5090/PCIe/SSE2 by NVIDIA Corporation
OpenGL version: 4.6.0 NVIDIA 580.126.09
Using optional features:
    GL_ARB_ES2_compatibility
    GL_ARB_direct_state_access
    GL_ARB_get_texture_sub_image
    GL_ARB_invalidate_subdata
    GL_ARB_multi_bind
    GL_ARB_robustness
    GL_ARB_separate_shader_objects
    GL_ARB_texture_filter_anisotropic
    GL_ARB_texture_storage
    GL_ARB_texture_storage_multisample
    GL_ARB_vertex_array_object
    GL_KHR_debug
Using driver workarounds:
    no-forward-compatible-core-context
    nv-egl-incorrect-gl11-function-pointers
    no-layout-qualifiers-on-old-glsl
    nv-zero-context-profile-mask
    nv-implementation-color-read-format-dsa-broken
    nv-cubemap-inconsistent-compressed-image-size
    nv-cubemap-broken-full-compressed-image-query
    nv-compressed-block-size-in-bits
I0918 21:30:02.179499 1593317 ResourceManager.cpp:234] ResourceManager::loadStage : Not loading semantic mesh
I0918 21:30:02.179510 1593317 ResourceManager.cpp:262] ResourceManager::loadStage : start load render asset /mnt/data_nas/deeprobotics/daiyang/vla/third_party/ETP-R1/data/scene_datasets/mp3d/B6ByNegPMKs/B6ByNegPMKs.glb.
I0918 21:30:02.179519 1593317 ResourceManager.cpp:569] ResourceManager::loadStageInternal : Attempting to load stage /mnt/data_nas/deeprobotics/daiyang/vla/third_party/ETP-R1/data/scene_datasets/mp3d/B6ByNegPMKs/B6ByNegPMKs.glb 
I0918 21:30:02.179541 1593317 ResourceManager.cpp:1119] Importing Basis files as BC7 for B6ByNegPMKs.glb
W0918 21:30:11.839990 1593317 Simulator.cpp:248] :
---
 The active scene does not contain semantic annotations. 
---
I0918 21:30:12.030356 1593317 simulator.py:213] Loaded navmesh /mnt/data_nas/deeprobotics/daiyang/vla/third_party/ETP-R1/data/scene_datasets/mp3d/B6ByNegPMKs/B6ByNegPMKs.navmesh
I0918 21:31:05.159075 1593317 PhysicsManager.cpp:33] Deconstructing PhysicsManager
I0918 21:31:05.159111 1593317 SemanticScene.h:41] Deconstructing SemanticScene
I0918 21:31:05.174027 1593317 SceneManager.h:25] Deconstructing SceneManager
I0918 21:31:05.174041 1593317 SceneGraph.h:26] Deconstructing SceneGraph
I0918 21:31:05.174500 1593317 Sensor.h:87] Deconstructing Sensor
I0918 21:31:05.185107 1593317 Renderer.cpp:34] Deconstructing Renderer
I0918 21:31:05.185132 1593317 WindowlessContext.h:17] Deconstructing WindowlessContext
I0918 21:31:05.196080 1593317 ManagedContainerBase.cpp:19] ManagedContainerBase::convertFilenameToJSON : Filename : default changed to proposed JSON configuration filename : default.scene_dataset_config.json
I0918 21:31:05.196103 1593317 AttributesManagerBase.h:283] AttributesManager<T>::createFromJsonOrDefaultInternal  (Dataset) : Proposing JSON name : default.scene_dataset_config.json from original name : default | This file  does not exist.
I0918 21:31:05.196223 1593317 AssetAttributesManager.cpp:117] Asset attributes (capsule3DSolid : capsule3DSolid_hemiRings_4_cylRings_1_segments_12_halfLen_0.75_useTexCoords_false_useTangents_false) created and registered.
I0918 21:31:05.196250 1593317 AssetAttributesManager.cpp:117] Asset attributes (capsule3DWireframe : capsule3DWireframe_hemiRings_8_cylRings_1_segments_16_halfLen_1) created and registered.
I0918 21:31:05.196285 1593317 AssetAttributesManager.cpp:117] Asset attributes (coneSolid : coneSolid_segments_12_halfLen_1.25_rings_1_useTexCoords_false_useTangents_false_capEnd_true) created and registered.
I0918 21:31:05.196300 1593317 AssetAttributesManager.cpp:117] Asset attributes (coneWireframe : coneWireframe_segments_32_halfLen_1.25) created and registered.
I0918 21:31:05.196308 1593317 AssetAttributesManager.cpp:117] Asset attributes (cubeSolid : cubeSolid) created and registered.
I0918 21:31:05.196316 1593317 AssetAttributesManager.cpp:117] Asset attributes (cubeWireframe : cubeWireframe) created and registered.
I0918 21:31:05.196334 1593317 AssetAttributesManager.cpp:117] Asset attributes (cylinderSolid : cylinderSolid_rings_1_segments_12_halfLen_1_useTexCoords_false_useTangents_false_capEnds_true) created and registered.
I0918 21:31:05.196352 1593317 AssetAttributesManager.cpp:117] Asset attributes (cylinderWireframe : cylinderWireframe_rings_1_segments_32_halfLen_1) created and registered.
I0918 21:31:05.196363 1593317 AssetAttributesManager.cpp:117] Asset attributes (icosphereSolid : icosphereSolid_subdivs_1) created and registered.
I0918 21:31:05.196372 1593317 AssetAttributesManager.cpp:117] Asset attributes (icosphereWireframe : icosphereWireframe_subdivs_1) created and registered.
I0918 21:31:05.196385 1593317 AssetAttributesManager.cpp:117] Asset attributes (uvSphereSolid : uvSphereSolid_rings_8_segments_16_useTexCoords_false_useTangents_false) created and registered.
I0918 21:31:05.196398 1593317 AssetAttributesManager.cpp:117] Asset attributes (uvSphereWireframe : uvSphereWireframe_rings_16_segments_32) created and registered.
I0918 21:31:05.196405 1593317 AssetAttributesManager.cpp:105] AssetAttributesManager::buildCtorFuncPtrMaps : Built default primitive asset templates : 12
I0918 21:31:05.196803 1593317 SceneDatasetAttributesManager.cpp:23] File (default) not found, so new default dataset attributes created and registered.
I0918 21:31:05.196812 1593317 MetadataMediator.cpp:47] MetadataMediator::createDataset : Dataset default successfully created.
I0918 21:31:05.197844 1593317 AttributesManagerBase.h:283] AttributesManager<T>::createFromJsonOrDefaultInternal  (Physics Manager) : Proposing JSON name : ./data/default.physics_config.json from original name : ./data/default.physics_config.json | This file  does not exist.
I0918 21:31:05.197858 1593317 PhysicsAttributesManager.cpp:27] File (./data/default.physics_config.json) not found, so new default physics manager attributes created and registered.
I0918 21:31:05.197862 1593317 AbstractObjectAttributesManagerBase.h:175] AbstractObjectAttributesManager<T>::createObject  (Stage) : Making attributes with handle : /mnt/data_nas/deeprobotics/daiyang/vla/third_party/ETP-R1/data/scene_datasets/mp3d/PuKPg4mmafe/PuKPg4mmafe.glb
I0918 21:31:05.197866 1593317 ManagedContainerBase.cpp:19] ManagedContainerBase::convertFilenameToJSON : Filename : /mnt/data_nas/deeprobotics/daiyang/vla/third_party/ETP-R1/data/scene_datasets/mp3d/PuKPg4mmafe/PuKPg4mmafe.glb changed to proposed JSON configuration filename : /mnt/data_nas/deeprobotics/daiyang/vla/third_party/ETP-R1/data/scene_datasets/mp3d/PuKPg4mmafe/PuKPg4mmafe.stage_config.json
I0918 21:31:05.200600 1593317 AttributesManagerBase.h:283] AttributesManager<T>::createFromJsonOrDefaultInternal  (Stage) : Proposing JSON name : /mnt/data_nas/deeprobotics/daiyang/vla/third_party/ETP-R1/data/scene_datasets/mp3d/PuKPg4mmafe/PuKPg4mmafe.stage_config.json from original name : /mnt/data_nas/deeprobotics/daiyang/vla/third_party/ETP-R1/data/scene_datasets/mp3d/PuKPg4mmafe/PuKPg4mmafe.glb | This file  does not exist.
I0918 21:31:05.200650 1593317 AbstractObjectAttributesManagerBase.h:181] AbstractObjectAttributesManager<T>::createObject  (Stage) : Done making attributes with handle : /mnt/data_nas/deeprobotics/daiyang/vla/third_party/ETP-R1/data/scene_datasets/mp3d/PuKPg4mmafe/PuKPg4mmafe.glb
I0918 21:31:05.200652 1593317 AbstractObjectAttributesManagerBase.h:188] File (/mnt/data_nas/deeprobotics/daiyang/vla/third_party/ETP-R1/data/scene_datasets/mp3d/PuKPg4mmafe/PuKPg4mmafe.glb) exists but is not a recognized config filename extension, so new default Stage attributes created and registered.
I0918 21:31:05.200657 1593317 Simulator.cpp:156] Loading navmesh from /mnt/data_nas/deeprobotics/daiyang/vla/third_party/ETP-R1/data/scene_datasets/mp3d/PuKPg4mmafe/PuKPg4mmafe.navmesh
I0918 21:31:05.201843 1593317 Simulator.cpp:158] Loaded.
I0918 21:31:05.201853 1593317 SceneGraph.h:93] Created DrawableGroup: 
Renderer: NVIDIA GeForce RTX 5090/PCIe/SSE2 by NVIDIA Corporation
OpenGL version: 4.6.0 NVIDIA 580.126.09
Using optional features:
    GL_ARB_ES2_compatibility
    GL_ARB_direct_state_access
    GL_ARB_get_texture_sub_image
    GL_ARB_invalidate_subdata
    GL_ARB_multi_bind
    GL_ARB_robustness
    GL_ARB_separate_shader_objects
    GL_ARB_texture_filter_anisotropic
    GL_ARB_texture_storage
    GL_ARB_texture_storage_multisample
    GL_ARB_vertex_array_object
    GL_KHR_debug
Using driver workarounds:
    no-forward-compatible-core-context
    nv-egl-incorrect-gl11-function-pointers
    no-layout-qualifiers-on-old-glsl
    nv-zero-context-profile-mask
    nv-implementation-color-read-format-dsa-broken
    nv-cubemap-inconsistent-compressed-image-size
    nv-cubemap-broken-full-compressed-image-query
    nv-compressed-block-size-in-bits
I0918 21:31:05.205410 1593317 ResourceManager.cpp:234] ResourceManager::loadStage : Not loading semantic mesh
I0918 21:31:05.205418 1593317 ResourceManager.cpp:262] ResourceManager::loadStage : start load render asset /mnt/data_nas/deeprobotics/daiyang/vla/third_party/ETP-R1/data/scene_datasets/mp3d/PuKPg4mmafe/PuKPg4mmafe.glb.
I0918 21:31:05.205420 1593317 ResourceManager.cpp:569] ResourceManager::loadStageInternal : Attempting to load stage /mnt/data_nas/deeprobotics/daiyang/vla/third_party/ETP-R1/data/scene_datasets/mp3d/PuKPg4mmafe/PuKPg4mmafe.glb 
I0918 21:31:05.205436 1593317 ResourceManager.cpp:1119] Importing Basis files as BC7 for PuKPg4mmafe.glb
W0918 21:31:10.019483 1593317 Simulator.cpp:248] :
---
 The active scene does not contain semantic annotations. 
---
I0918 21:31:10.040213 1593317 simulator.py:213] Loaded navmesh /mnt/data_nas/deeprobotics/daiyang/vla/third_party/ETP-R1/data/scene_datasets/mp3d/PuKPg4mmafe/PuKPg4mmafe.navmesh
I0918 21:31:47.055778 1593317 PhysicsManager.cpp:33] Deconstructing PhysicsManager
I0918 21:31:47.055832 1593317 SemanticScene.h:41] Deconstructing SemanticScene
I0918 21:31:47.056865 1593317 SceneManager.h:25] Deconstructing SceneManager
I0918 21:31:47.056870 1593317 SceneGraph.h:26] Deconstructing SceneGraph
I0918 21:31:47.057085 1593317 Sensor.h:87] Deconstructing Sensor
I0918 21:31:47.061553 1593317 Renderer.cpp:34] Deconstructing Renderer
I0918 21:31:47.061599 1593317 WindowlessContext.h:17] Deconstructing WindowlessContext
I0918 21:31:47.075520 1593317 ManagedContainerBase.cpp:19] ManagedContainerBase::convertFilenameToJSON : Filename : default changed to proposed JSON configuration filename : default.scene_dataset_config.json
I0918 21:31:47.075541 1593317 AttributesManagerBase.h:283] AttributesManager<T>::createFromJsonOrDefaultInternal  (Dataset) : Proposing JSON name : default.scene_dataset_config.json from original name : default | This file  does not exist.
I0918 21:31:47.075665 1593317 AssetAttributesManager.cpp:117] Asset attributes (capsule3DSolid : capsule3DSolid_hemiRings_4_cylRings_1_segments_12_halfLen_0.75_useTexCoords_false_useTangents_false) created and registered.
I0918 21:31:47.075695 1593317 AssetAttributesManager.cpp:117] Asset attributes (capsule3DWireframe : capsule3DWireframe_hemiRings_8_cylRings_1_segments_16_halfLen_1) created and registered.
I0918 21:31:47.075718 1593317 AssetAttributesManager.cpp:117] Asset attributes (coneSolid : coneSolid_segments_12_halfLen_1.25_rings_1_useTexCoords_false_useTangents_false_capEnd_true) created and registered.
I0918 21:31:47.075734 1593317 AssetAttributesManager.cpp:117] Asset attributes (coneWireframe : coneWireframe_segments_32_halfLen_1.25) created and registered.
I0918 21:31:47.075743 1593317 AssetAttributesManager.cpp:117] Asset attributes (cubeSolid : cubeSolid) created and registered.
I0918 21:31:47.075750 1593317 AssetAttributesManager.cpp:117] Asset attributes (cubeWireframe : cubeWireframe) created and registered.
I0918 21:31:47.075771 1593317 AssetAttributesManager.cpp:117] Asset attributes (cylinderSolid : cylinderSolid_rings_1_segments_12_halfLen_1_useTexCoords_false_useTangents_false_capEnds_true) created and registered.
I0918 21:31:47.075788 1593317 AssetAttributesManager.cpp:117] Asset attributes (cylinderWireframe : cylinderWireframe_rings_1_segments_32_halfLen_1) created and registered.
I0918 21:31:47.075799 1593317 AssetAttributesManager.cpp:117] Asset attributes (icosphereSolid : icosphereSolid_subdivs_1) created and registered.
I0918 21:31:47.075809 1593317 AssetAttributesManager.cpp:117] Asset attributes (icosphereWireframe : icosphereWireframe_subdivs_1) created and registered.
I0918 21:31:47.075822 1593317 AssetAttributesManager.cpp:117] Asset attributes (uvSphereSolid : uvSphereSolid_rings_8_segments_16_useTexCoords_false_useTangents_false) created and registered.
I0918 21:31:47.075835 1593317 AssetAttributesManager.cpp:117] Asset attributes (uvSphereWireframe : uvSphereWireframe_rings_16_segments_32) created and registered.
I0918 21:31:47.075841 1593317 AssetAttributesManager.cpp:105] AssetAttributesManager::buildCtorFuncPtrMaps : Built default primitive asset templates : 12
I0918 21:31:47.076241 1593317 SceneDatasetAttributesManager.cpp:23] File (default) not found, so new default dataset attributes created and registered.
I0918 21:31:47.076242 1593317 MetadataMediator.cpp:47] MetadataMediator::createDataset : Dataset default successfully created.
I0918 21:31:47.077812 1593317 AttributesManagerBase.h:283] AttributesManager<T>::createFromJsonOrDefaultInternal  (Physics Manager) : Proposing JSON name : ./data/default.physics_config.json from original name : ./data/default.physics_config.json | This file  does not exist.
I0918 21:31:47.077850 1593317 PhysicsAttributesManager.cpp:27] File (./data/default.physics_config.json) not found, so new default physics manager attributes created and registered.
I0918 21:31:47.077857 1593317 AbstractObjectAttributesManagerBase.h:175] AbstractObjectAttributesManager<T>::createObject  (Stage) : Making attributes with handle : /mnt/data_nas/deeprobotics/daiyang/vla/third_party/ETP-R1/data/scene_datasets/mp3d/XcA2TqTSSAj/XcA2TqTSSAj.glb
I0918 21:31:47.077860 1593317 ManagedContainerBase.cpp:19] ManagedContainerBase::convertFilenameToJSON : Filename : /mnt/data_nas/deeprobotics/daiyang/vla/third_party/ETP-R1/data/scene_datasets/mp3d/XcA2TqTSSAj/XcA2TqTSSAj.glb changed to proposed JSON configuration filename : /mnt/data_nas/deeprobotics/daiyang/vla/third_party/ETP-R1/data/scene_datasets/mp3d/XcA2TqTSSAj/XcA2TqTSSAj.stage_config.json
I0918 21:31:47.077872 1593317 AttributesManagerBase.h:283] AttributesManager<T>::createFromJsonOrDefaultInternal  (Stage) : Proposing JSON name : /mnt/data_nas/deeprobotics/daiyang/vla/third_party/ETP-R1/data/scene_datasets/mp3d/XcA2TqTSSAj/XcA2TqTSSAj.stage_config.json from original name : /mnt/data_nas/deeprobotics/daiyang/vla/third_party/ETP-R1/data/scene_datasets/mp3d/XcA2TqTSSAj/XcA2TqTSSAj.glb | This file  does not exist.
I0918 21:31:47.077924 1593317 AbstractObjectAttributesManagerBase.h:181] AbstractObjectAttributesManager<T>::createObject  (Stage) : Done making attributes with handle : /mnt/data_nas/deeprobotics/daiyang/vla/third_party/ETP-R1/data/scene_datasets/mp3d/XcA2TqTSSAj/XcA2TqTSSAj.glb
I0918 21:31:47.077926 1593317 AbstractObjectAttributesManagerBase.h:188] File (/mnt/data_nas/deeprobotics/daiyang/vla/third_party/ETP-R1/data/scene_datasets/mp3d/XcA2TqTSSAj/XcA2TqTSSAj.glb) exists but is not a recognized config filename extension, so new default Stage attributes created and registered.
I0918 21:31:47.077934 1593317 Simulator.cpp:156] Loading navmesh from /mnt/data_nas/deeprobotics/daiyang/vla/third_party/ETP-R1/data/scene_datasets/mp3d/XcA2TqTSSAj/XcA2TqTSSAj.navmesh
I0918 21:31:47.079070 1593317 Simulator.cpp:158] Loaded.
I0918 21:31:47.079079 1593317 SceneGraph.h:93] Created DrawableGroup: 
Renderer: NVIDIA GeForce RTX 5090/PCIe/SSE2 by NVIDIA Corporation
OpenGL version: 4.6.0 NVIDIA 580.126.09
Using optional features:
    GL_ARB_ES2_compatibility
    GL_ARB_direct_state_access
    GL_ARB_get_texture_sub_image
    GL_ARB_invalidate_subdata
    GL_ARB_multi_bind
    GL_ARB_robustness
    GL_ARB_separate_shader_objects
    GL_ARB_texture_filter_anisotropic
    GL_ARB_texture_storage
    GL_ARB_texture_storage_multisample
    GL_ARB_vertex_array_object
    GL_KHR_debug
Using driver workarounds:
    no-forward-compatible-core-context
    nv-egl-incorrect-gl11-function-pointers
    no-layout-qualifiers-on-old-glsl
    nv-zero-context-profile-mask
    nv-implementation-color-read-format-dsa-broken
    nv-cubemap-inconsistent-compressed-image-size
    nv-cubemap-broken-full-compressed-image-query
    nv-compressed-block-size-in-bits
I0918 21:31:47.082809 1593317 ResourceManager.cpp:234] ResourceManager::loadStage : Not loading semantic mesh
I0918 21:31:47.082818 1593317 ResourceManager.cpp:262] ResourceManager::loadStage : start load render asset /mnt/data_nas/deeprobotics/daiyang/vla/third_party/ETP-R1/data/scene_datasets/mp3d/XcA2TqTSSAj/XcA2TqTSSAj.glb.
I0918 21:31:47.082820 1593317 ResourceManager.cpp:569] ResourceManager::loadStageInternal : Attempting to load stage /mnt/data_nas/deeprobotics/daiyang/vla/third_party/ETP-R1/data/scene_datasets/mp3d/XcA2TqTSSAj/XcA2TqTSSAj.glb 
I0918 21:31:47.082836 1593317 ResourceManager.cpp:1119] Importing Basis files as BC7 for XcA2TqTSSAj.glb
W0918 21:31:49.024631 1593317 Simulator.cpp:248] :
---
 The active scene does not contain semantic annotations. 
---
I0918 21:31:49.074692 1593317 simulator.py:213] Loaded navmesh /mnt/data_nas/deeprobotics/daiyang/vla/third_party/ETP-R1/data/scene_datasets/mp3d/XcA2TqTSSAj/XcA2TqTSSAj.navmesh
I0918 21:32:12.941715 1593317 PhysicsManager.cpp:33] Deconstructing PhysicsManager
I0918 21:32:12.941764 1593317 SemanticScene.h:41] Deconstructing SemanticScene
I0918 21:32:12.945601 1593317 SceneManager.h:25] Deconstructing SceneManager
I0918 21:32:12.945614 1593317 SceneGraph.h:26] Deconstructing SceneGraph
I0918 21:32:12.946147 1593317 Sensor.h:87] Deconstructing Sensor
I0918 21:32:12.949999 1593317 Renderer.cpp:34] Deconstructing Renderer
I0918 21:32:12.950024 1593317 WindowlessContext.h:17] Deconstructing WindowlessContext
I0918 21:32:12.957580 1593317 ManagedContainerBase.cpp:19] ManagedContainerBase::convertFilenameToJSON : Filename : default changed to proposed JSON configuration filename : default.scene_dataset_config.json
I0918 21:32:12.957597 1593317 AttributesManagerBase.h:283] AttributesManager<T>::createFromJsonOrDefaultInternal  (Dataset) : Proposing JSON name : default.scene_dataset_config.json from original name : default | This file  does not exist.
I0918 21:32:12.957729 1593317 AssetAttributesManager.cpp:117] Asset attributes (capsule3DSolid : capsule3DSolid_hemiRings_4_cylRings_1_segments_12_halfLen_0.75_useTexCoords_false_useTangents_false) created and registered.
I0918 21:32:12.957756 1593317 AssetAttributesManager.cpp:117] Asset attributes (capsule3DWireframe : capsule3DWireframe_hemiRings_8_cylRings_1_segments_16_halfLen_1) created and registered.
I0918 21:32:12.957780 1593317 AssetAttributesManager.cpp:117] Asset attributes (coneSolid : coneSolid_segments_12_halfLen_1.25_rings_1_useTexCoords_false_useTangents_false_capEnd_true) created and registered.
I0918 21:32:12.957795 1593317 AssetAttributesManager.cpp:117] Asset attributes (coneWireframe : coneWireframe_segments_32_halfLen_1.25) created and registered.
I0918 21:32:12.957805 1593317 AssetAttributesManager.cpp:117] Asset attributes (cubeSolid : cubeSolid) created and registered.
I0918 21:32:12.957811 1593317 AssetAttributesManager.cpp:117] Asset attributes (cubeWireframe : cubeWireframe) created and registered.
I0918 21:32:12.957831 1593317 AssetAttributesManager.cpp:117] Asset attributes (cylinderSolid : cylinderSolid_rings_1_segments_12_halfLen_1_useTexCoords_false_useTangents_false_capEnds_true) created and registered.
I0918 21:32:12.957849 1593317 AssetAttributesManager.cpp:117] Asset attributes (cylinderWireframe : cylinderWireframe_rings_1_segments_32_halfLen_1) created and registered.
I0918 21:32:12.957860 1593317 AssetAttributesManager.cpp:117] Asset attributes (icosphereSolid : icosphereSolid_subdivs_1) created and registered.
I0918 21:32:12.957870 1593317 AssetAttributesManager.cpp:117] Asset attributes (icosphereWireframe : icosphereWireframe_subdivs_1) created and registered.
I0918 21:32:12.957885 1593317 AssetAttributesManager.cpp:117] Asset attributes (uvSphereSolid : uvSphereSolid_rings_8_segments_16_useTexCoords_false_useTangents_false) created and registered.
I0918 21:32:12.957897 1593317 AssetAttributesManager.cpp:117] Asset attributes (uvSphereWireframe : uvSphereWireframe_rings_16_segments_32) created and registered.
I0918 21:32:12.957904 1593317 AssetAttributesManager.cpp:105] AssetAttributesManager::buildCtorFuncPtrMaps : Built default primitive asset templates : 12
I0918 21:32:12.958304 1593317 SceneDatasetAttributesManager.cpp:23] File (default) not found, so new default dataset attributes created and registered.
I0918 21:32:12.958307 1593317 MetadataMediator.cpp:47] MetadataMediator::createDataset : Dataset default successfully created.
I0918 21:32:12.958498 1593317 AttributesManagerBase.h:283] AttributesManager<T>::createFromJsonOrDefaultInternal  (Physics Manager) : Proposing JSON name : ./data/default.physics_config.json from original name : ./data/default.physics_config.json | This file  does not exist.
I0918 21:32:12.958508 1593317 PhysicsAttributesManager.cpp:27] File (./data/default.physics_config.json) not found, so new default physics manager attributes created and registered.
I0918 21:32:12.958511 1593317 AbstractObjectAttributesManagerBase.h:175] AbstractObjectAttributesManager<T>::createObject  (Stage) : Making attributes with handle : /mnt/data_nas/deeprobotics/daiyang/vla/third_party/ETP-R1/data/scene_datasets/mp3d/aayBHfsNo7d/aayBHfsNo7d.glb
I0918 21:32:12.958519 1593317 ManagedContainerBase.cpp:19] ManagedContainerBase::convertFilenameToJSON : Filename : /mnt/data_nas/deeprobotics/daiyang/vla/third_party/ETP-R1/data/scene_datasets/mp3d/aayBHfsNo7d/aayBHfsNo7d.glb changed to proposed JSON configuration filename : /mnt/data_nas/deeprobotics/daiyang/vla/third_party/ETP-R1/data/scene_datasets/mp3d/aayBHfsNo7d/aayBHfsNo7d.stage_config.json
I0918 21:32:12.958530 1593317 AttributesManagerBase.h:283] AttributesManager<T>::createFromJsonOrDefaultInternal  (Stage) : Proposing JSON name : /mnt/data_nas/deeprobotics/daiyang/vla/third_party/ETP-R1/data/scene_datasets/mp3d/aayBHfsNo7d/aayBHfsNo7d.stage_config.json from original name : /mnt/data_nas/deeprobotics/daiyang/vla/third_party/ETP-R1/data/scene_datasets/mp3d/aayBHfsNo7d/aayBHfsNo7d.glb | This file  does not exist.
I0918 21:32:12.958576 1593317 AbstractObjectAttributesManagerBase.h:181] AbstractObjectAttributesManager<T>::createObject  (Stage) : Done making attributes with handle : /mnt/data_nas/deeprobotics/daiyang/vla/third_party/ETP-R1/data/scene_datasets/mp3d/aayBHfsNo7d/aayBHfsNo7d.glb
I0918 21:32:12.958578 1593317 AbstractObjectAttributesManagerBase.h:188] File (/mnt/data_nas/deeprobotics/daiyang/vla/third_party/ETP-R1/data/scene_datasets/mp3d/aayBHfsNo7d/aayBHfsNo7d.glb) exists but is not a recognized config filename extension, so new default Stage attributes created and registered.
I0918 21:32:12.958583 1593317 Simulator.cpp:156] Loading navmesh from /mnt/data_nas/deeprobotics/daiyang/vla/third_party/ETP-R1/data/scene_datasets/mp3d/aayBHfsNo7d/aayBHfsNo7d.navmesh
I0918 21:32:12.959578 1593317 Simulator.cpp:158] Loaded.
I0918 21:32:12.959584 1593317 SceneGraph.h:93] Created DrawableGroup: 
Renderer: NVIDIA GeForce RTX 5090/PCIe/SSE2 by NVIDIA Corporation
OpenGL version: 4.6.0 NVIDIA 580.126.09
Using optional features:
    GL_ARB_ES2_compatibility
    GL_ARB_direct_state_access
    GL_ARB_get_texture_sub_image
    GL_ARB_invalidate_subdata
    GL_ARB_multi_bind
    GL_ARB_robustness
    GL_ARB_separate_shader_objects
    GL_ARB_texture_filter_anisotropic
    GL_ARB_texture_storage
    GL_ARB_texture_storage_multisample
    GL_ARB_vertex_array_object
    GL_KHR_debug
Using driver workarounds:
    no-forward-compatible-core-context
    nv-egl-incorrect-gl11-function-pointers
    no-layout-qualifiers-on-old-glsl
    nv-zero-context-profile-mask
    nv-implementation-color-read-format-dsa-broken
    nv-cubemap-inconsistent-compressed-image-size
    nv-cubemap-broken-full-compressed-image-query
    nv-compressed-block-size-in-bits
I0918 21:32:12.963173 1593317 ResourceManager.cpp:234] ResourceManager::loadStage : Not loading semantic mesh
I0918 21:32:12.963181 1593317 ResourceManager.cpp:262] ResourceManager::loadStage : start load render asset /mnt/data_nas/deeprobotics/daiyang/vla/third_party/ETP-R1/data/scene_datasets/mp3d/aayBHfsNo7d/aayBHfsNo7d.glb.
I0918 21:32:12.963183 1593317 ResourceManager.cpp:569] ResourceManager::loadStageInternal : Attempting to load stage /mnt/data_nas/deeprobotics/daiyang/vla/third_party/ETP-R1/data/scene_datasets/mp3d/aayBHfsNo7d/aayBHfsNo7d.glb 
I0918 21:32:12.963198 1593317 ResourceManager.cpp:1119] Importing Basis files as BC7 for aayBHfsNo7d.glb
W0918 21:32:14.525319 1593317 Simulator.cpp:248] :
---
 The active scene does not contain semantic annotations. 
---
I0918 21:32:14.570910 1593317 simulator.py:213] Loaded navmesh /mnt/data_nas/deeprobotics/daiyang/vla/third_party/ETP-R1/data/scene_datasets/mp3d/aayBHfsNo7d/aayBHfsNo7d.navmesh
I0918 21:32:41.239745 1593317 PhysicsManager.cpp:33] Deconstructing PhysicsManager
I0918 21:32:41.239792 1593317 SemanticScene.h:41] Deconstructing SemanticScene
I0918 21:32:41.241686 1593317 SceneManager.h:25] Deconstructing SceneManager
I0918 21:32:41.241696 1593317 SceneGraph.h:26] Deconstructing SceneGraph
I0918 21:32:41.241910 1593317 Sensor.h:87] Deconstructing Sensor
I0918 21:32:41.244140 1593317 Renderer.cpp:34] Deconstructing Renderer
I0918 21:32:41.244161 1593317 WindowlessContext.h:17] Deconstructing WindowlessContext
I0918 21:32:41.249928 1593317 ManagedContainerBase.cpp:19] ManagedContainerBase::convertFilenameToJSON : Filename : default changed to proposed JSON configuration filename : default.scene_dataset_config.json
I0918 21:32:41.249948 1593317 AttributesManagerBase.h:283] AttributesManager<T>::createFromJsonOrDefaultInternal  (Dataset) : Proposing JSON name : default.scene_dataset_config.json from original name : default | This file  does not exist.
I0918 21:32:41.250079 1593317 AssetAttributesManager.cpp:117] Asset attributes (capsule3DSolid : capsule3DSolid_hemiRings_4_cylRings_1_segments_12_halfLen_0.75_useTexCoords_false_useTangents_false) created and registered.
I0918 21:32:41.250110 1593317 AssetAttributesManager.cpp:117] Asset attributes (capsule3DWireframe : capsule3DWireframe_hemiRings_8_cylRings_1_segments_16_halfLen_1) created and registered.
I0918 21:32:41.250135 1593317 AssetAttributesManager.cpp:117] Asset attributes (coneSolid : coneSolid_segments_12_halfLen_1.25_rings_1_useTexCoords_false_useTangents_false_capEnd_true) created and registered.
I0918 21:32:41.250154 1593317 AssetAttributesManager.cpp:117] Asset attributes (coneWireframe : coneWireframe_segments_32_halfLen_1.25) created and registered.
I0918 21:32:41.250164 1593317 AssetAttributesManager.cpp:117] Asset attributes (cubeSolid : cubeSolid) created and registered.
I0918 21:32:41.250172 1593317 AssetAttributesManager.cpp:117] Asset attributes (cubeWireframe : cubeWireframe) created and registered.
I0918 21:32:41.250193 1593317 AssetAttributesManager.cpp:117] Asset attributes (cylinderSolid : cylinderSolid_rings_1_segments_12_halfLen_1_useTexCoords_false_useTangents_false_capEnds_true) created and registered.
I0918 21:32:41.250213 1593317 AssetAttributesManager.cpp:117] Asset attributes (cylinderWireframe : cylinderWireframe_rings_1_segments_32_halfLen_1) created and registered.
I0918 21:32:41.250227 1593317 AssetAttributesManager.cpp:117] Asset attributes (icosphereSolid : icosphereSolid_subdivs_1) created and registered.
I0918 21:32:41.250236 1593317 AssetAttributesManager.cpp:117] Asset attributes (icosphereWireframe : icosphereWireframe_subdivs_1) created and registered.
I0918 21:32:41.250253 1593317 AssetAttributesManager.cpp:117] Asset attributes (uvSphereSolid : uvSphereSolid_rings_8_segments_16_useTexCoords_false_useTangents_false) created and registered.
I0918 21:32:41.250267 1593317 AssetAttributesManager.cpp:117] Asset attributes (uvSphereWireframe : uvSphereWireframe_rings_16_segments_32) created and registered.
I0918 21:32:41.250278 1593317 AssetAttributesManager.cpp:105] AssetAttributesManager::buildCtorFuncPtrMaps : Built default primitive asset templates : 12
I0918 21:32:41.250676 1593317 SceneDatasetAttributesManager.cpp:23] File (default) not found, so new default dataset attributes created and registered.
I0918 21:32:41.250679 1593317 MetadataMediator.cpp:47] MetadataMediator::createDataset : Dataset default successfully created.
I0918 21:32:41.250869 1593317 AttributesManagerBase.h:283] AttributesManager<T>::createFromJsonOrDefaultInternal  (Physics Manager) : Proposing JSON name : ./data/default.physics_config.json from original name : ./data/default.physics_config.json | This file  does not exist.
I0918 21:32:41.250881 1593317 PhysicsAttributesManager.cpp:27] File (./data/default.physics_config.json) not found, so new default physics manager attributes created and registered.
I0918 21:32:41.250885 1593317 AbstractObjectAttributesManagerBase.h:175] AbstractObjectAttributesManager<T>::createObject  (Stage) : Making attributes with handle : /mnt/data_nas/deeprobotics/daiyang/vla/third_party/ETP-R1/data/scene_datasets/mp3d/82sE5b5pLXE/82sE5b5pLXE.glb
I0918 21:32:41.250890 1593317 ManagedContainerBase.cpp:19] ManagedContainerBase::convertFilenameToJSON : Filename : /mnt/data_nas/deeprobotics/daiyang/vla/third_party/ETP-R1/data/scene_datasets/mp3d/82sE5b5pLXE/82sE5b5pLXE.glb changed to proposed JSON configuration filename : /mnt/data_nas/deeprobotics/daiyang/vla/third_party/ETP-R1/data/scene_datasets/mp3d/82sE5b5pLXE/82sE5b5pLXE.stage_config.json
I0918 21:32:41.250911 1593317 AttributesManagerBase.h:283] AttributesManager<T>::createFromJsonOrDefaultInternal  (Stage) : Proposing JSON name : /mnt/data_nas/deeprobotics/daiyang/vla/third_party/ETP-R1/data/scene_datasets/mp3d/82sE5b5pLXE/82sE5b5pLXE.stage_config.json from original name : /mnt/data_nas/deeprobotics/daiyang/vla/third_party/ETP-R1/data/scene_datasets/mp3d/82sE5b5pLXE/82sE5b5pLXE.glb | This file  does not exist.
I0918 21:32:41.250967 1593317 AbstractObjectAttributesManagerBase.h:181] AbstractObjectAttributesManager<T>::createObject  (Stage) : Done making attributes with handle : /mnt/data_nas/deeprobotics/daiyang/vla/third_party/ETP-R1/data/scene_datasets/mp3d/82sE5b5pLXE/82sE5b5pLXE.glb
I0918 21:32:41.250969 1593317 AbstractObjectAttributesManagerBase.h:188] File (/mnt/data_nas/deeprobotics/daiyang/vla/third_party/ETP-R1/data/scene_datasets/mp3d/82sE5b5pLXE/82sE5b5pLXE.glb) exists but is not a recognized config filename extension, so new default Stage attributes created and registered.
I0918 21:32:41.250981 1593317 Simulator.cpp:156] Loading navmesh from /mnt/data_nas/deeprobotics/daiyang/vla/third_party/ETP-R1/data/scene_datasets/mp3d/82sE5b5pLXE/82sE5b5pLXE.navmesh
I0918 21:32:41.251986 1593317 Simulator.cpp:158] Loaded.
I0918 21:32:41.251993 1593317 SceneGraph.h:93] Created DrawableGroup: 
Renderer: NVIDIA GeForce RTX 5090/PCIe/SSE2 by NVIDIA Corporation
OpenGL version: 4.6.0 NVIDIA 580.126.09
Using optional features:
    GL_ARB_ES2_compatibility
    GL_ARB_direct_state_access
    GL_ARB_get_texture_sub_image
    GL_ARB_invalidate_subdata
    GL_ARB_multi_bind
    GL_ARB_robustness
    GL_ARB_separate_shader_objects
    GL_ARB_texture_filter_anisotropic
    GL_ARB_texture_storage
    GL_ARB_texture_storage_multisample
    GL_ARB_vertex_array_object
    GL_KHR_debug
Using driver workarounds:
    no-forward-compatible-core-context
    nv-egl-incorrect-gl11-function-pointers
    no-layout-qualifiers-on-old-glsl
    nv-zero-context-profile-mask
    nv-implementation-color-read-format-dsa-broken
    nv-cubemap-inconsistent-compressed-image-size
    nv-cubemap-broken-full-compressed-image-query
    nv-compressed-block-size-in-bits
I0918 21:32:41.255645 1593317 ResourceManager.cpp:234] ResourceManager::loadStage : Not loading semantic mesh
I0918 21:32:41.255654 1593317 ResourceManager.cpp:262] ResourceManager::loadStage : start load render asset /mnt/data_nas/deeprobotics/daiyang/vla/third_party/ETP-R1/data/scene_datasets/mp3d/82sE5b5pLXE/82sE5b5pLXE.glb.
I0918 21:32:41.255656 1593317 ResourceManager.cpp:569] ResourceManager::loadStageInternal : Attempting to load stage /mnt/data_nas/deeprobotics/daiyang/vla/third_party/ETP-R1/data/scene_datasets/mp3d/82sE5b5pLXE/82sE5b5pLXE.glb 
I0918 21:32:41.255671 1593317 ResourceManager.cpp:1119] Importing Basis files as BC7 for 82sE5b5pLXE.glb
W0918 21:32:43.292797 1593317 Simulator.cpp:248] :
---
 The active scene does not contain semantic annotations. 
---
I0918 21:32:43.329201 1593317 simulator.py:213] Loaded navmesh /mnt/data_nas/deeprobotics/daiyang/vla/third_party/ETP-R1/data/scene_datasets/mp3d/82sE5b5pLXE/82sE5b5pLXE.navmesh
I0918 21:32:43.545974 1593317 Simulator.cpp:49] Deconstructing Simulator
I0918 21:32:43.546181 1593317 Simulator.cpp:49] Deconstructing Simulator
I0918 21:32:43.546367 1593317 Simulator.cpp:49] Deconstructing Simulator
I0918 21:32:43.546551 1593317 Simulator.cpp:49] Deconstructing Simulator
I0918 21:32:43.546677 1593317 Simulator.cpp:49] Deconstructing Simulator
I0918 21:32:43.546798 1593317 Simulator.cpp:49] Deconstructing Simulator
I0918 21:32:43.546908 1593317 Simulator.cpp:49] Deconstructing Simulator
I0918 21:32:43.547019 1593317 Simulator.cpp:49] Deconstructing Simulator
I0918 21:32:43.547192 1593317 Simulator.cpp:49] Deconstructing Simulator
I0918 21:33:57.770336 1593317 PhysicsManager.cpp:33] Deconstructing PhysicsManager
I0918 21:33:57.770388 1593317 SemanticScene.h:41] Deconstructing SemanticScene
I0918 21:33:57.771971 1593317 SceneManager.h:25] Deconstructing SceneManager
I0918 21:33:57.771982 1593317 SceneGraph.h:26] Deconstructing SceneGraph
I0918 21:33:57.772230 1593317 Sensor.h:87] Deconstructing Sensor
I0918 21:33:57.775372 1593317 Renderer.cpp:34] Deconstructing Renderer
I0918 21:33:57.775395 1593317 WindowlessContext.h:17] Deconstructing WindowlessContext
I0918 21:33:57.781345 1593317 ManagedContainerBase.cpp:19] ManagedContainerBase::convertFilenameToJSON : Filename : default changed to proposed JSON configuration filename : default.scene_dataset_config.json
I0918 21:33:57.781363 1593317 AttributesManagerBase.h:283] AttributesManager<T>::createFromJsonOrDefaultInternal  (Dataset) : Proposing JSON name : default.scene_dataset_config.json from original name : default | This file  does not exist.
I0918 21:33:57.781497 1593317 AssetAttributesManager.cpp:117] Asset attributes (capsule3DSolid : capsule3DSolid_hemiRings_4_cylRings_1_segments_12_halfLen_0.75_useTexCoords_false_useTangents_false) created and registered.
I0918 21:33:57.781534 1593317 AssetAttributesManager.cpp:117] Asset attributes (capsule3DWireframe : capsule3DWireframe_hemiRings_8_cylRings_1_segments_16_halfLen_1) created and registered.
I0918 21:33:57.781558 1593317 AssetAttributesManager.cpp:117] Asset attributes (coneSolid : coneSolid_segments_12_halfLen_1.25_rings_1_useTexCoords_false_useTangents_false_capEnd_true) created and registered.
I0918 21:33:57.781574 1593317 AssetAttributesManager.cpp:117] Asset attributes (coneWireframe : coneWireframe_segments_32_halfLen_1.25) created and registered.
I0918 21:33:57.781589 1593317 AssetAttributesManager.cpp:117] Asset attributes (cubeSolid : cubeSolid) created and registered.
I0918 21:33:57.781595 1593317 AssetAttributesManager.cpp:117] Asset attributes (cubeWireframe : cubeWireframe) created and registered.
I0918 21:33:57.781616 1593317 AssetAttributesManager.cpp:117] Asset attributes (cylinderSolid : cylinderSolid_rings_1_segments_12_halfLen_1_useTexCoords_false_useTangents_false_capEnds_true) created and registered.
I0918 21:33:57.781633 1593317 AssetAttributesManager.cpp:117] Asset attributes (cylinderWireframe : cylinderWireframe_rings_1_segments_32_halfLen_1) created and registered.
I0918 21:33:57.781646 1593317 AssetAttributesManager.cpp:117] Asset attributes (icosphereSolid : icosphereSolid_subdivs_1) created and registered.
I0918 21:33:57.781656 1593317 AssetAttributesManager.cpp:117] Asset attributes (icosphereWireframe : icosphereWireframe_subdivs_1) created and registered.
I0918 21:33:57.781673 1593317 AssetAttributesManager.cpp:117] Asset attributes (uvSphereSolid : uvSphereSolid_rings_8_segments_16_useTexCoords_false_useTangents_false) created and registered.
I0918 21:33:57.781695 1593317 AssetAttributesManager.cpp:117] Asset attributes (uvSphereWireframe : uvSphereWireframe_rings_16_segments_32) created and registered.
I0918 21:33:57.781702 1593317 AssetAttributesManager.cpp:105] AssetAttributesManager::buildCtorFuncPtrMaps : Built default primitive asset templates : 12
I0918 21:33:57.782120 1593317 SceneDatasetAttributesManager.cpp:23] File (default) not found, so new default dataset attributes created and registered.
I0918 21:33:57.782123 1593317 MetadataMediator.cpp:47] MetadataMediator::createDataset : Dataset default successfully created.
I0918 21:33:57.783197 1593317 AttributesManagerBase.h:283] AttributesManager<T>::createFromJsonOrDefaultInternal  (Physics Manager) : Proposing JSON name : ./data/default.physics_config.json from original name : ./data/default.physics_config.json | This file  does not exist.
I0918 21:33:57.783214 1593317 PhysicsAttributesManager.cpp:27] File (./data/default.physics_config.json) not found, so new default physics manager attributes created and registered.
I0918 21:33:57.783218 1593317 AbstractObjectAttributesManagerBase.h:175] AbstractObjectAttributesManager<T>::createObject  (Stage) : Making attributes with handle : /mnt/data_nas/deeprobotics/daiyang/vla/third_party/ETP-R1/data/scene_datasets/mp3d/B6ByNegPMKs/B6ByNegPMKs.glb
I0918 21:33:57.783222 1593317 ManagedContainerBase.cpp:19] ManagedContainerBase::convertFilenameToJSON : Filename : /mnt/data_nas/deeprobotics/daiyang/vla/third_party/ETP-R1/data/scene_datasets/mp3d/B6ByNegPMKs/B6ByNegPMKs.glb changed to proposed JSON configuration filename : /mnt/data_nas/deeprobotics/daiyang/vla/third_party/ETP-R1/data/scene_datasets/mp3d/B6ByNegPMKs/B6ByNegPMKs.stage_config.json
I0918 21:33:57.785605 1593317 AttributesManagerBase.h:283] AttributesManager<T>::createFromJsonOrDefaultInternal  (Stage) : Proposing JSON name : /mnt/data_nas/deeprobotics/daiyang/vla/third_party/ETP-R1/data/scene_datasets/mp3d/B6ByNegPMKs/B6ByNegPMKs.stage_config.json from original name : /mnt/data_nas/deeprobotics/daiyang/vla/third_party/ETP-R1/data/scene_datasets/mp3d/B6ByNegPMKs/B6ByNegPMKs.glb | This file  does not exist.
I0918 21:33:57.785665 1593317 AbstractObjectAttributesManagerBase.h:181] AbstractObjectAttributesManager<T>::createObject  (Stage) : Done making attributes with handle : /mnt/data_nas/deeprobotics/daiyang/vla/third_party/ETP-R1/data/scene_datasets/mp3d/B6ByNegPMKs/B6ByNegPMKs.glb
I0918 21:33:57.785666 1593317 AbstractObjectAttributesManagerBase.h:188] File (/mnt/data_nas/deeprobotics/daiyang/vla/third_party/ETP-R1/data/scene_datasets/mp3d/B6ByNegPMKs/B6ByNegPMKs.glb) exists but is not a recognized config filename extension, so new default Stage attributes created and registered.
I0918 21:33:57.785672 1593317 Simulator.cpp:156] Loading navmesh from /mnt/data_nas/deeprobotics/daiyang/vla/third_party/ETP-R1/data/scene_datasets/mp3d/B6ByNegPMKs/B6ByNegPMKs.navmesh
I0918 21:33:57.787113 1593317 Simulator.cpp:158] Loaded.
I0918 21:33:57.787127 1593317 SceneGraph.h:93] Created DrawableGroup: 
Renderer: NVIDIA GeForce RTX 5090/PCIe/SSE2 by NVIDIA Corporation
OpenGL version: 4.6.0 NVIDIA 580.126.09
Using optional features:
    GL_ARB_ES2_compatibility
    GL_ARB_direct_state_access
    GL_ARB_get_texture_sub_image
    GL_ARB_invalidate_subdata
    GL_ARB_multi_bind
    GL_ARB_robustness
    GL_ARB_separate_shader_objects
    GL_ARB_texture_filter_anisotropic
    GL_ARB_texture_storage
    GL_ARB_texture_storage_multisample
    GL_ARB_vertex_array_object
    GL_KHR_debug
Using driver workarounds:
    no-forward-compatible-core-context
    nv-egl-incorrect-gl11-function-pointers
    no-layout-qualifiers-on-old-glsl
    nv-zero-context-profile-mask
    nv-implementation-color-read-format-dsa-broken
    nv-cubemap-inconsistent-compressed-image-size
    nv-cubemap-broken-full-compressed-image-query
    nv-compressed-block-size-in-bits
I0918 21:33:57.790872 1593317 ResourceManager.cpp:234] ResourceManager::loadStage : Not loading semantic mesh
I0918 21:33:57.790881 1593317 ResourceManager.cpp:262] ResourceManager::loadStage : start load render asset /mnt/data_nas/deeprobotics/daiyang/vla/third_party/ETP-R1/data/scene_datasets/mp3d/B6ByNegPMKs/B6ByNegPMKs.glb.
I0918 21:33:57.790884 1593317 ResourceManager.cpp:569] ResourceManager::loadStageInternal : Attempting to load stage /mnt/data_nas/deeprobotics/daiyang/vla/third_party/ETP-R1/data/scene_datasets/mp3d/B6ByNegPMKs/B6ByNegPMKs.glb 
I0918 21:33:57.790900 1593317 ResourceManager.cpp:1119] Importing Basis files as BC7 for B6ByNegPMKs.glb
W0918 21:34:07.673175 1593317 Simulator.cpp:248] :
---
 The active scene does not contain semantic annotations. 
---
I0918 21:34:07.868230 1593317 simulator.py:213] Loaded navmesh /mnt/data_nas/deeprobotics/daiyang/vla/third_party/ETP-R1/data/scene_datasets/mp3d/B6ByNegPMKs/B6ByNegPMKs.navmesh
I0918 21:35:10.885718 1593317 PhysicsManager.cpp:33] Deconstructing PhysicsManager
I0918 21:35:10.885766 1593317 SemanticScene.h:41] Deconstructing SemanticScene
I0918 21:35:10.902900 1593317 SceneManager.h:25] Deconstructing SceneManager
I0918 21:35:10.902918 1593317 SceneGraph.h:26] Deconstructing SceneGraph
I0918 21:35:10.903394 1593317 Sensor.h:87] Deconstructing Sensor
I0918 21:35:10.917546 1593317 Renderer.cpp:34] Deconstructing Renderer
I0918 21:35:10.917577 1593317 WindowlessContext.h:17] Deconstructing WindowlessContext
I0918 21:35:10.925650 1593317 ManagedContainerBase.cpp:19] ManagedContainerBase::convertFilenameToJSON : Filename : default changed to proposed JSON configuration filename : default.scene_dataset_config.json
I0918 21:35:10.925675 1593317 AttributesManagerBase.h:283] AttributesManager<T>::createFromJsonOrDefaultInternal  (Dataset) : Proposing JSON name : default.scene_dataset_config.json from original name : default | This file  does not exist.
I0918 21:35:10.925820 1593317 AssetAttributesManager.cpp:117] Asset attributes (capsule3DSolid : capsule3DSolid_hemiRings_4_cylRings_1_segments_12_halfLen_0.75_useTexCoords_false_useTangents_false) created and registered.
I0918 21:35:10.925850 1593317 AssetAttributesManager.cpp:117] Asset attributes (capsule3DWireframe : capsule3DWireframe_hemiRings_8_cylRings_1_segments_16_halfLen_1) created and registered.
I0918 21:35:10.925873 1593317 AssetAttributesManager.cpp:117] Asset attributes (coneSolid : coneSolid_segments_12_halfLen_1.25_rings_1_useTexCoords_false_useTangents_false_capEnd_true) created and registered.
I0918 21:35:10.925889 1593317 AssetAttributesManager.cpp:117] Asset attributes (coneWireframe : coneWireframe_segments_32_halfLen_1.25) created and registered.
I0918 21:35:10.925897 1593317 AssetAttributesManager.cpp:117] Asset attributes (cubeSolid : cubeSolid) created and registered.
I0918 21:35:10.925904 1593317 AssetAttributesManager.cpp:117] Asset attributes (cubeWireframe : cubeWireframe) created and registered.
I0918 21:35:10.925922 1593317 AssetAttributesManager.cpp:117] Asset attributes (cylinderSolid : cylinderSolid_rings_1_segments_12_halfLen_1_useTexCoords_false_useTangents_false_capEnds_true) created and registered.
I0918 21:35:10.925940 1593317 AssetAttributesManager.cpp:117] Asset attributes (cylinderWireframe : cylinderWireframe_rings_1_segments_32_halfLen_1) created and registered.
I0918 21:35:10.925952 1593317 AssetAttributesManager.cpp:117] Asset attributes (icosphereSolid : icosphereSolid_subdivs_1) created and registered.
I0918 21:35:10.925964 1593317 AssetAttributesManager.cpp:117] Asset attributes (icosphereWireframe : icosphereWireframe_subdivs_1) created and registered.
I0918 21:35:10.925985 1593317 AssetAttributesManager.cpp:117] Asset attributes (uvSphereSolid : uvSphereSolid_rings_8_segments_16_useTexCoords_false_useTangents_false) created and registered.
I0918 21:35:10.925998 1593317 AssetAttributesManager.cpp:117] Asset attributes (uvSphereWireframe : uvSphereWireframe_rings_16_segments_32) created and registered.
I0918 21:35:10.926005 1593317 AssetAttributesManager.cpp:105] AssetAttributesManager::buildCtorFuncPtrMaps : Built default primitive asset templates : 12
I0918 21:35:10.926417 1593317 SceneDatasetAttributesManager.cpp:23] File (default) not found, so new default dataset attributes created and registered.
I0918 21:35:10.926420 1593317 MetadataMediator.cpp:47] MetadataMediator::createDataset : Dataset default successfully created.
I0918 21:35:10.926625 1593317 AttributesManagerBase.h:283] AttributesManager<T>::createFromJsonOrDefaultInternal  (Physics Manager) : Proposing JSON name : ./data/default.physics_config.json from original name : ./data/default.physics_config.json | This file  does not exist.
I0918 21:35:10.926638 1593317 PhysicsAttributesManager.cpp:27] File (./data/default.physics_config.json) not found, so new default physics manager attributes created and registered.
I0918 21:35:10.926642 1593317 AbstractObjectAttributesManagerBase.h:175] AbstractObjectAttributesManager<T>::createObject  (Stage) : Making attributes with handle : /mnt/data_nas/deeprobotics/daiyang/vla/third_party/ETP-R1/data/scene_datasets/mp3d/PuKPg4mmafe/PuKPg4mmafe.glb
I0918 21:35:10.926646 1593317 ManagedContainerBase.cpp:19] ManagedContainerBase::convertFilenameToJSON : Filename : /mnt/data_nas/deeprobotics/daiyang/vla/third_party/ETP-R1/data/scene_datasets/mp3d/PuKPg4mmafe/PuKPg4mmafe.glb changed to proposed JSON configuration filename : /mnt/data_nas/deeprobotics/daiyang/vla/third_party/ETP-R1/data/scene_datasets/mp3d/PuKPg4mmafe/PuKPg4mmafe.stage_config.json
I0918 21:35:10.926658 1593317 AttributesManagerBase.h:283] AttributesManager<T>::createFromJsonOrDefaultInternal  (Stage) : Proposing JSON name : /mnt/data_nas/deeprobotics/daiyang/vla/third_party/ETP-R1/data/scene_datasets/mp3d/PuKPg4mmafe/PuKPg4mmafe.stage_config.json from original name : /mnt/data_nas/deeprobotics/daiyang/vla/third_party/ETP-R1/data/scene_datasets/mp3d/PuKPg4mmafe/PuKPg4mmafe.glb | This file  does not exist.
I0918 21:35:10.926712 1593317 AbstractObjectAttributesManagerBase.h:181] AbstractObjectAttributesManager<T>::createObject  (Stage) : Done making attributes with handle : /mnt/data_nas/deeprobotics/daiyang/vla/third_party/ETP-R1/data/scene_datasets/mp3d/PuKPg4mmafe/PuKPg4mmafe.glb
I0918 21:35:10.926714 1593317 AbstractObjectAttributesManagerBase.h:188] File (/mnt/data_nas/deeprobotics/daiyang/vla/third_party/ETP-R1/data/scene_datasets/mp3d/PuKPg4mmafe/PuKPg4mmafe.glb) exists but is not a recognized config filename extension, so new default Stage attributes created and registered.
I0918 21:35:10.926719 1593317 Simulator.cpp:156] Loading navmesh from /mnt/data_nas/deeprobotics/daiyang/vla/third_party/ETP-R1/data/scene_datasets/mp3d/PuKPg4mmafe/PuKPg4mmafe.navmesh
I0918 21:35:10.927996 1593317 Simulator.cpp:158] Loaded.
I0918 21:35:10.928005 1593317 SceneGraph.h:93] Created DrawableGroup: 
Renderer: NVIDIA GeForce RTX 5090/PCIe/SSE2 by NVIDIA Corporation
OpenGL version: 4.6.0 NVIDIA 580.126.09
Using optional features:
    GL_ARB_ES2_compatibility
    GL_ARB_direct_state_access
    GL_ARB_get_texture_sub_image
    GL_ARB_invalidate_subdata
    GL_ARB_multi_bind
    GL_ARB_robustness
    GL_ARB_separate_shader_objects
    GL_ARB_texture_filter_anisotropic
    GL_ARB_texture_storage
    GL_ARB_texture_storage_multisample
    GL_ARB_vertex_array_object
    GL_KHR_debug
Using driver workarounds:
    no-forward-compatible-core-context
    nv-egl-incorrect-gl11-function-pointers
    no-layout-qualifiers-on-old-glsl
    nv-zero-context-profile-mask
    nv-implementation-color-read-format-dsa-broken
    nv-cubemap-inconsistent-compressed-image-size
    nv-cubemap-broken-full-compressed-image-query
    nv-compressed-block-size-in-bits
I0918 21:35:10.931914 1593317 ResourceManager.cpp:234] ResourceManager::loadStage : Not loading semantic mesh
I0918 21:35:10.931923 1593317 ResourceManager.cpp:262] ResourceManager::loadStage : start load render asset /mnt/data_nas/deeprobotics/daiyang/vla/third_party/ETP-R1/data/scene_datasets/mp3d/PuKPg4mmafe/PuKPg4mmafe.glb.
I0918 21:35:10.931926 1593317 ResourceManager.cpp:569] ResourceManager::loadStageInternal : Attempting to load stage /mnt/data_nas/deeprobotics/daiyang/vla/third_party/ETP-R1/data/scene_datasets/mp3d/PuKPg4mmafe/PuKPg4mmafe.glb 
I0918 21:35:10.931943 1593317 ResourceManager.cpp:1119] Importing Basis files as BC7 for PuKPg4mmafe.glb
W0918 21:35:15.903729 1593317 Simulator.cpp:248] :
---
 The active scene does not contain semantic annotations. 
---
I0918 21:35:15.932934 1593317 simulator.py:213] Loaded navmesh /mnt/data_nas/deeprobotics/daiyang/vla/third_party/ETP-R1/data/scene_datasets/mp3d/PuKPg4mmafe/PuKPg4mmafe.navmesh
I0918 21:36:09.643155 1593317 PhysicsManager.cpp:33] Deconstructing PhysicsManager
I0918 21:36:09.643211 1593317 SemanticScene.h:41] Deconstructing SemanticScene
I0918 21:36:09.644042 1593317 SceneManager.h:25] Deconstructing SceneManager
I0918 21:36:09.644047 1593317 SceneGraph.h:26] Deconstructing SceneGraph
I0918 21:36:09.644276 1593317 Sensor.h:87] Deconstructing Sensor
I0918 21:36:09.649207 1593317 Renderer.cpp:34] Deconstructing Renderer
I0918 21:36:09.649235 1593317 WindowlessContext.h:17] Deconstructing WindowlessContext
I0918 21:36:09.665511 1593317 ManagedContainerBase.cpp:19] ManagedContainerBase::convertFilenameToJSON : Filename : default changed to proposed JSON configuration filename : default.scene_dataset_config.json
I0918 21:36:09.665536 1593317 AttributesManagerBase.h:283] AttributesManager<T>::createFromJsonOrDefaultInternal  (Dataset) : Proposing JSON name : default.scene_dataset_config.json from original name : default | This file  does not exist.
I0918 21:36:09.665715 1593317 AssetAttributesManager.cpp:117] Asset attributes (capsule3DSolid : capsule3DSolid_hemiRings_4_cylRings_1_segments_12_halfLen_0.75_useTexCoords_false_useTangents_false) created and registered.
I0918 21:36:09.665763 1593317 AssetAttributesManager.cpp:117] Asset attributes (capsule3DWireframe : capsule3DWireframe_hemiRings_8_cylRings_1_segments_16_halfLen_1) created and registered.
I0918 21:36:09.665800 1593317 AssetAttributesManager.cpp:117] Asset attributes (coneSolid : coneSolid_segments_12_halfLen_1.25_rings_1_useTexCoords_false_useTangents_false_capEnd_true) created and registered.
I0918 21:36:09.665825 1593317 AssetAttributesManager.cpp:117] Asset attributes (coneWireframe : coneWireframe_segments_32_halfLen_1.25) created and registered.
I0918 21:36:09.665838 1593317 AssetAttributesManager.cpp:117] Asset attributes (cubeSolid : cubeSolid) created and registered.
I0918 21:36:09.665848 1593317 AssetAttributesManager.cpp:117] Asset attributes (cubeWireframe : cubeWireframe) created and registered.
I0918 21:36:09.665880 1593317 AssetAttributesManager.cpp:117] Asset attributes (cylinderSolid : cylinderSolid_rings_1_segments_12_halfLen_1_useTexCoords_false_useTangents_false_capEnds_true) created and registered.
I0918 21:36:09.665910 1593317 AssetAttributesManager.cpp:117] Asset attributes (cylinderWireframe : cylinderWireframe_rings_1_segments_32_halfLen_1) created and registered.
I0918 21:36:09.665927 1593317 AssetAttributesManager.cpp:117] Asset attributes (icosphereSolid : icosphereSolid_subdivs_1) created and registered.
I0918 21:36:09.665940 1593317 AssetAttributesManager.cpp:117] Asset attributes (icosphereWireframe : icosphereWireframe_subdivs_1) created and registered.
I0918 21:36:09.665962 1593317 AssetAttributesManager.cpp:117] Asset attributes (uvSphereSolid : uvSphereSolid_rings_8_segments_16_useTexCoords_false_useTangents_false) created and registered.
I0918 21:36:09.665985 1593317 AssetAttributesManager.cpp:117] Asset attributes (uvSphereWireframe : uvSphereWireframe_rings_16_segments_32) created and registered.
I0918 21:36:09.665995 1593317 AssetAttributesManager.cpp:105] AssetAttributesManager::buildCtorFuncPtrMaps : Built default primitive asset templates : 12
I0918 21:36:09.666699 1593317 SceneDatasetAttributesManager.cpp:23] File (default) not found, so new default dataset attributes created and registered.
I0918 21:36:09.666703 1593317 MetadataMediator.cpp:47] MetadataMediator::createDataset : Dataset default successfully created.
I0918 21:36:09.666980 1593317 AttributesManagerBase.h:283] AttributesManager<T>::createFromJsonOrDefaultInternal  (Physics Manager) : Proposing JSON name : ./data/default.physics_config.json from original name : ./data/default.physics_config.json | This file  does not exist.
I0918 21:36:09.666997 1593317 PhysicsAttributesManager.cpp:27] File (./data/default.physics_config.json) not found, so new default physics manager attributes created and registered.
I0918 21:36:09.667001 1593317 AbstractObjectAttributesManagerBase.h:175] AbstractObjectAttributesManager<T>::createObject  (Stage) : Making attributes with handle : /mnt/data_nas/deeprobotics/daiyang/vla/third_party/ETP-R1/data/scene_datasets/mp3d/XcA2TqTSSAj/XcA2TqTSSAj.glb
I0918 21:36:09.667006 1593317 ManagedContainerBase.cpp:19] ManagedContainerBase::convertFilenameToJSON : Filename : /mnt/data_nas/deeprobotics/daiyang/vla/third_party/ETP-R1/data/scene_datasets/mp3d/XcA2TqTSSAj/XcA2TqTSSAj.glb changed to proposed JSON configuration filename : /mnt/data_nas/deeprobotics/daiyang/vla/third_party/ETP-R1/data/scene_datasets/mp3d/XcA2TqTSSAj/XcA2TqTSSAj.stage_config.json
I0918 21:36:09.667024 1593317 AttributesManagerBase.h:283] AttributesManager<T>::createFromJsonOrDefaultInternal  (Stage) : Proposing JSON name : /mnt/data_nas/deeprobotics/daiyang/vla/third_party/ETP-R1/data/scene_datasets/mp3d/XcA2TqTSSAj/XcA2TqTSSAj.stage_config.json from original name : /mnt/data_nas/deeprobotics/daiyang/vla/third_party/ETP-R1/data/scene_datasets/mp3d/XcA2TqTSSAj/XcA2TqTSSAj.glb | This file  does not exist.
I0918 21:36:09.667102 1593317 AbstractObjectAttributesManagerBase.h:181] AbstractObjectAttributesManager<T>::createObject  (Stage) : Done making attributes with handle : /mnt/data_nas/deeprobotics/daiyang/vla/third_party/ETP-R1/data/scene_datasets/mp3d/XcA2TqTSSAj/XcA2TqTSSAj.glb
I0918 21:36:09.667109 1593317 AbstractObjectAttributesManagerBase.h:188] File (/mnt/data_nas/deeprobotics/daiyang/vla/third_party/ETP-R1/data/scene_datasets/mp3d/XcA2TqTSSAj/XcA2TqTSSAj.glb) exists but is not a recognized config filename extension, so new default Stage attributes created and registered.
I0918 21:36:09.667116 1593317 Simulator.cpp:156] Loading navmesh from /mnt/data_nas/deeprobotics/daiyang/vla/third_party/ETP-R1/data/scene_datasets/mp3d/XcA2TqTSSAj/XcA2TqTSSAj.navmesh
I0918 21:36:09.670450 1593317 Simulator.cpp:158] Loaded.
I0918 21:36:09.670459 1593317 SceneGraph.h:93] Created DrawableGroup: 
Renderer: NVIDIA GeForce RTX 5090/PCIe/SSE2 by NVIDIA Corporation
OpenGL version: 4.6.0 NVIDIA 580.126.09
Using optional features:
    GL_ARB_ES2_compatibility
    GL_ARB_direct_state_access
    GL_ARB_get_texture_sub_image
    GL_ARB_invalidate_subdata
    GL_ARB_multi_bind
    GL_ARB_robustness
    GL_ARB_separate_shader_objects
    GL_ARB_texture_filter_anisotropic
    GL_ARB_texture_storage
    GL_ARB_texture_storage_multisample
    GL_ARB_vertex_array_object
    GL_KHR_debug
Using driver workarounds:
    no-forward-compatible-core-context
    nv-egl-incorrect-gl11-function-pointers
    no-layout-qualifiers-on-old-glsl
    nv-zero-context-profile-mask
    nv-implementation-color-read-format-dsa-broken
    nv-cubemap-inconsistent-compressed-image-size
    nv-cubemap-broken-full-compressed-image-query
    nv-compressed-block-size-in-bits
I0918 21:36:09.674853 1593317 ResourceManager.cpp:234] ResourceManager::loadStage : Not loading semantic mesh
I0918 21:36:09.674867 1593317 ResourceManager.cpp:262] ResourceManager::loadStage : start load render asset /mnt/data_nas/deeprobotics/daiyang/vla/third_party/ETP-R1/data/scene_datasets/mp3d/XcA2TqTSSAj/XcA2TqTSSAj.glb.
I0918 21:36:09.674870 1593317 ResourceManager.cpp:569] ResourceManager::loadStageInternal : Attempting to load stage /mnt/data_nas/deeprobotics/daiyang/vla/third_party/ETP-R1/data/scene_datasets/mp3d/XcA2TqTSSAj/XcA2TqTSSAj.glb 
I0918 21:36:09.674894 1593317 ResourceManager.cpp:1119] Importing Basis files as BC7 for XcA2TqTSSAj.glb
W0918 21:36:11.662154 1593317 Simulator.cpp:248] :
---
 The active scene does not contain semantic annotations. 
---
I0918 21:36:11.712495 1593317 simulator.py:213] Loaded navmesh /mnt/data_nas/deeprobotics/daiyang/vla/third_party/ETP-R1/data/scene_datasets/mp3d/XcA2TqTSSAj/XcA2TqTSSAj.navmesh
I0918 21:36:24.023381 1593317 PhysicsManager.cpp:33] Deconstructing PhysicsManager
I0918 21:36:24.023424 1593317 SemanticScene.h:41] Deconstructing SemanticScene
I0918 21:36:24.025650 1593317 SceneManager.h:25] Deconstructing SceneManager
I0918 21:36:24.025660 1593317 SceneGraph.h:26] Deconstructing SceneGraph
I0918 21:36:24.026206 1593317 Sensor.h:87] Deconstructing Sensor
I0918 21:36:24.028852 1593317 Renderer.cpp:34] Deconstructing Renderer
I0918 21:36:24.028872 1593317 WindowlessContext.h:17] Deconstructing WindowlessContext
I0918 21:36:24.035034 1593317 ManagedContainerBase.cpp:19] ManagedContainerBase::convertFilenameToJSON : Filename : default changed to proposed JSON configuration filename : default.scene_dataset_config.json
I0918 21:36:24.035053 1593317 AttributesManagerBase.h:283] AttributesManager<T>::createFromJsonOrDefaultInternal  (Dataset) : Proposing JSON name : default.scene_dataset_config.json from original name : default | This file  does not exist.
I0918 21:36:24.035228 1593317 AssetAttributesManager.cpp:117] Asset attributes (capsule3DSolid : capsule3DSolid_hemiRings_4_cylRings_1_segments_12_halfLen_0.75_useTexCoords_false_useTangents_false) created and registered.
I0918 21:36:24.035256 1593317 AssetAttributesManager.cpp:117] Asset attributes (capsule3DWireframe : capsule3DWireframe_hemiRings_8_cylRings_1_segments_16_halfLen_1) created and registered.
I0918 21:36:24.035285 1593317 AssetAttributesManager.cpp:117] Asset attributes (coneSolid : coneSolid_segments_12_halfLen_1.25_rings_1_useTexCoords_false_useTangents_false_capEnd_true) created and registered.
I0918 21:36:24.035306 1593317 AssetAttributesManager.cpp:117] Asset attributes (coneWireframe : coneWireframe_segments_32_halfLen_1.25) created and registered.
I0918 21:36:24.035315 1593317 AssetAttributesManager.cpp:117] Asset attributes (cubeSolid : cubeSolid) created and registered.
I0918 21:36:24.035321 1593317 AssetAttributesManager.cpp:117] Asset attributes (cubeWireframe : cubeWireframe) created and registered.
I0918 21:36:24.035341 1593317 AssetAttributesManager.cpp:117] Asset attributes (cylinderSolid : cylinderSolid_rings_1_segments_12_halfLen_1_useTexCoords_false_useTangents_false_capEnds_true) created and registered.
I0918 21:36:24.035359 1593317 AssetAttributesManager.cpp:117] Asset attributes (cylinderWireframe : cylinderWireframe_rings_1_segments_32_halfLen_1) created and registered.
I0918 21:36:24.035370 1593317 AssetAttributesManager.cpp:117] Asset attributes (icosphereSolid : icosphereSolid_subdivs_1) created and registered.
I0918 21:36:24.035379 1593317 AssetAttributesManager.cpp:117] Asset attributes (icosphereWireframe : icosphereWireframe_subdivs_1) created and registered.
I0918 21:36:24.035393 1593317 AssetAttributesManager.cpp:117] Asset attributes (uvSphereSolid : uvSphereSolid_rings_8_segments_16_useTexCoords_false_useTangents_false) created and registered.
I0918 21:36:24.035408 1593317 AssetAttributesManager.cpp:117] Asset attributes (uvSphereWireframe : uvSphereWireframe_rings_16_segments_32) created and registered.
I0918 21:36:24.035414 1593317 AssetAttributesManager.cpp:105] AssetAttributesManager::buildCtorFuncPtrMaps : Built default primitive asset templates : 12
I0918 21:36:24.035822 1593317 SceneDatasetAttributesManager.cpp:23] File (default) not found, so new default dataset attributes created and registered.
I0918 21:36:24.035825 1593317 MetadataMediator.cpp:47] MetadataMediator::createDataset : Dataset default successfully created.
I0918 21:36:24.036017 1593317 AttributesManagerBase.h:283] AttributesManager<T>::createFromJsonOrDefaultInternal  (Physics Manager) : Proposing JSON name : ./data/default.physics_config.json from original name : ./data/default.physics_config.json | This file  does not exist.
I0918 21:36:24.036031 1593317 PhysicsAttributesManager.cpp:27] File (./data/default.physics_config.json) not found, so new default physics manager attributes created and registered.
I0918 21:36:24.036034 1593317 AbstractObjectAttributesManagerBase.h:175] AbstractObjectAttributesManager<T>::createObject  (Stage) : Making attributes with handle : /mnt/data_nas/deeprobotics/daiyang/vla/third_party/ETP-R1/data/scene_datasets/mp3d/aayBHfsNo7d/aayBHfsNo7d.glb
I0918 21:36:24.036038 1593317 ManagedContainerBase.cpp:19] ManagedContainerBase::convertFilenameToJSON : Filename : /mnt/data_nas/deeprobotics/daiyang/vla/third_party/ETP-R1/data/scene_datasets/mp3d/aayBHfsNo7d/aayBHfsNo7d.glb changed to proposed JSON configuration filename : /mnt/data_nas/deeprobotics/daiyang/vla/third_party/ETP-R1/data/scene_datasets/mp3d/aayBHfsNo7d/aayBHfsNo7d.stage_config.json
I0918 21:36:24.036049 1593317 AttributesManagerBase.h:283] AttributesManager<T>::createFromJsonOrDefaultInternal  (Stage) : Proposing JSON name : /mnt/data_nas/deeprobotics/daiyang/vla/third_party/ETP-R1/data/scene_datasets/mp3d/aayBHfsNo7d/aayBHfsNo7d.stage_config.json from original name : /mnt/data_nas/deeprobotics/daiyang/vla/third_party/ETP-R1/data/scene_datasets/mp3d/aayBHfsNo7d/aayBHfsNo7d.glb | This file  does not exist.
I0918 21:36:24.036098 1593317 AbstractObjectAttributesManagerBase.h:181] AbstractObjectAttributesManager<T>::createObject  (Stage) : Done making attributes with handle : /mnt/data_nas/deeprobotics/daiyang/vla/third_party/ETP-R1/data/scene_datasets/mp3d/aayBHfsNo7d/aayBHfsNo7d.glb
I0918 21:36:24.036099 1593317 AbstractObjectAttributesManagerBase.h:188] File (/mnt/data_nas/deeprobotics/daiyang/vla/third_party/ETP-R1/data/scene_datasets/mp3d/aayBHfsNo7d/aayBHfsNo7d.glb) exists but is not a recognized config filename extension, so new default Stage attributes created and registered.
I0918 21:36:24.036106 1593317 Simulator.cpp:156] Loading navmesh from /mnt/data_nas/deeprobotics/daiyang/vla/third_party/ETP-R1/data/scene_datasets/mp3d/aayBHfsNo7d/aayBHfsNo7d.navmesh
I0918 21:36:24.037277 1593317 Simulator.cpp:158] Loaded.
I0918 21:36:24.037285 1593317 SceneGraph.h:93] Created DrawableGroup: 
Renderer: NVIDIA GeForce RTX 5090/PCIe/SSE2 by NVIDIA Corporation
OpenGL version: 4.6.0 NVIDIA 580.126.09
Using optional features:
    GL_ARB_ES2_compatibility
    GL_ARB_direct_state_access
    GL_ARB_get_texture_sub_image
    GL_ARB_invalidate_subdata
    GL_ARB_multi_bind
    GL_ARB_robustness
    GL_ARB_separate_shader_objects
    GL_ARB_texture_filter_anisotropic
    GL_ARB_texture_storage
    GL_ARB_texture_storage_multisample
    GL_ARB_vertex_array_object
    GL_KHR_debug
Using driver workarounds:
    no-forward-compatible-core-context
    nv-egl-incorrect-gl11-function-pointers
    no-layout-qualifiers-on-old-glsl
    nv-zero-context-profile-mask
    nv-implementation-color-read-format-dsa-broken
    nv-cubemap-inconsistent-compressed-image-size
    nv-cubemap-broken-full-compressed-image-query
    nv-compressed-block-size-in-bits
I0918 21:36:24.040900 1593317 ResourceManager.cpp:234] ResourceManager::loadStage : Not loading semantic mesh
I0918 21:36:24.040910 1593317 ResourceManager.cpp:262] ResourceManager::loadStage : start load render asset /mnt/data_nas/deeprobotics/daiyang/vla/third_party/ETP-R1/data/scene_datasets/mp3d/aayBHfsNo7d/aayBHfsNo7d.glb.
I0918 21:36:24.040912 1593317 ResourceManager.cpp:569] ResourceManager::loadStageInternal : Attempting to load stage /mnt/data_nas/deeprobotics/daiyang/vla/third_party/ETP-R1/data/scene_datasets/mp3d/aayBHfsNo7d/aayBHfsNo7d.glb 
I0918 21:36:24.040926 1593317 ResourceManager.cpp:1119] Importing Basis files as BC7 for aayBHfsNo7d.glb
W0918 21:36:25.602605 1593317 Simulator.cpp:248] :
---
 The active scene does not contain semantic annotations. 
---
I0918 21:36:25.643803 1593317 simulator.py:213] Loaded navmesh /mnt/data_nas/deeprobotics/daiyang/vla/third_party/ETP-R1/data/scene_datasets/mp3d/aayBHfsNo7d/aayBHfsNo7d.navmesh
I0918 21:36:50.076418 1593317 PhysicsManager.cpp:33] Deconstructing PhysicsManager
I0918 21:36:50.076454 1593317 SemanticScene.h:41] Deconstructing SemanticScene
I0918 21:36:50.079087 1593317 SceneManager.h:25] Deconstructing SceneManager
I0918 21:36:50.079097 1593317 SceneGraph.h:26] Deconstructing SceneGraph
I0918 21:36:50.079363 1593317 Sensor.h:87] Deconstructing Sensor
I0918 21:36:50.087293 1593317 Renderer.cpp:34] Deconstructing Renderer
I0918 21:36:50.087317 1593317 WindowlessContext.h:17] Deconstructing WindowlessContext
I0918 21:36:50.093688 1593317 ManagedContainerBase.cpp:19] ManagedContainerBase::convertFilenameToJSON : Filename : default changed to proposed JSON configuration filename : default.scene_dataset_config.json
I0918 21:36:50.093703 1593317 AttributesManagerBase.h:283] AttributesManager<T>::createFromJsonOrDefaultInternal  (Dataset) : Proposing JSON name : default.scene_dataset_config.json from original name : default | This file  does not exist.
I0918 21:36:50.093856 1593317 AssetAttributesManager.cpp:117] Asset attributes (capsule3DSolid : capsule3DSolid_hemiRings_4_cylRings_1_segments_12_halfLen_0.75_useTexCoords_false_useTangents_false) created and registered.
I0918 21:36:50.093885 1593317 AssetAttributesManager.cpp:117] Asset attributes (capsule3DWireframe : capsule3DWireframe_hemiRings_8_cylRings_1_segments_16_halfLen_1) created and registered.
I0918 21:36:50.093909 1593317 AssetAttributesManager.cpp:117] Asset attributes (coneSolid : coneSolid_segments_12_halfLen_1.25_rings_1_useTexCoords_false_useTangents_false_capEnd_true) created and registered.
I0918 21:36:50.093922 1593317 AssetAttributesManager.cpp:117] Asset attributes (coneWireframe : coneWireframe_segments_32_halfLen_1.25) created and registered.
I0918 21:36:50.093931 1593317 AssetAttributesManager.cpp:117] Asset attributes (cubeSolid : cubeSolid) created and registered.
I0918 21:36:50.093942 1593317 AssetAttributesManager.cpp:117] Asset attributes (cubeWireframe : cubeWireframe) created and registered.
I0918 21:36:50.093962 1593317 AssetAttributesManager.cpp:117] Asset attributes (cylinderSolid : cylinderSolid_rings_1_segments_12_halfLen_1_useTexCoords_false_useTangents_false_capEnds_true) created and registered.
I0918 21:36:50.093978 1593317 AssetAttributesManager.cpp:117] Asset attributes (cylinderWireframe : cylinderWireframe_rings_1_segments_32_halfLen_1) created and registered.
I0918 21:36:50.093989 1593317 AssetAttributesManager.cpp:117] Asset attributes (icosphereSolid : icosphereSolid_subdivs_1) created and registered.
I0918 21:36:50.093997 1593317 AssetAttributesManager.cpp:117] Asset attributes (icosphereWireframe : icosphereWireframe_subdivs_1) created and registered.
I0918 21:36:50.094012 1593317 AssetAttributesManager.cpp:117] Asset attributes (uvSphereSolid : uvSphereSolid_rings_8_segments_16_useTexCoords_false_useTangents_false) created and registered.
I0918 21:36:50.094024 1593317 AssetAttributesManager.cpp:117] Asset attributes (uvSphereWireframe : uvSphereWireframe_rings_16_segments_32) created and registered.
I0918 21:36:50.094030 1593317 AssetAttributesManager.cpp:105] AssetAttributesManager::buildCtorFuncPtrMaps : Built default primitive asset templates : 12
I0918 21:36:50.094434 1593317 SceneDatasetAttributesManager.cpp:23] File (default) not found, so new default dataset attributes created and registered.
I0918 21:36:50.094436 1593317 MetadataMediator.cpp:47] MetadataMediator::createDataset : Dataset default successfully created.
I0918 21:36:50.094631 1593317 AttributesManagerBase.h:283] AttributesManager<T>::createFromJsonOrDefaultInternal  (Physics Manager) : Proposing JSON name : ./data/default.physics_config.json from original name : ./data/default.physics_config.json | This file  does not exist.
I0918 21:36:50.094645 1593317 PhysicsAttributesManager.cpp:27] File (./data/default.physics_config.json) not found, so new default physics manager attributes created and registered.
I0918 21:36:50.094648 1593317 AbstractObjectAttributesManagerBase.h:175] AbstractObjectAttributesManager<T>::createObject  (Stage) : Making attributes with handle : /mnt/data_nas/deeprobotics/daiyang/vla/third_party/ETP-R1/data/scene_datasets/mp3d/82sE5b5pLXE/82sE5b5pLXE.glb
I0918 21:36:50.094653 1593317 ManagedContainerBase.cpp:19] ManagedContainerBase::convertFilenameToJSON : Filename : /mnt/data_nas/deeprobotics/daiyang/vla/third_party/ETP-R1/data/scene_datasets/mp3d/82sE5b5pLXE/82sE5b5pLXE.glb changed to proposed JSON configuration filename : /mnt/data_nas/deeprobotics/daiyang/vla/third_party/ETP-R1/data/scene_datasets/mp3d/82sE5b5pLXE/82sE5b5pLXE.stage_config.json
I0918 21:36:50.095799 1593317 AttributesManagerBase.h:283] AttributesManager<T>::createFromJsonOrDefaultInternal  (Stage) : Proposing JSON name : /mnt/data_nas/deeprobotics/daiyang/vla/third_party/ETP-R1/data/scene_datasets/mp3d/82sE5b5pLXE/82sE5b5pLXE.stage_config.json from original name : /mnt/data_nas/deeprobotics/daiyang/vla/third_party/ETP-R1/data/scene_datasets/mp3d/82sE5b5pLXE/82sE5b5pLXE.glb | This file  does not exist.
I0918 21:36:50.095849 1593317 AbstractObjectAttributesManagerBase.h:181] AbstractObjectAttributesManager<T>::createObject  (Stage) : Done making attributes with handle : /mnt/data_nas/deeprobotics/daiyang/vla/third_party/ETP-R1/data/scene_datasets/mp3d/82sE5b5pLXE/82sE5b5pLXE.glb
I0918 21:36:50.095851 1593317 AbstractObjectAttributesManagerBase.h:188] File (/mnt/data_nas/deeprobotics/daiyang/vla/third_party/ETP-R1/data/scene_datasets/mp3d/82sE5b5pLXE/82sE5b5pLXE.glb) exists but is not a recognized config filename extension, so new default Stage attributes created and registered.
I0918 21:36:50.095856 1593317 Simulator.cpp:156] Loading navmesh from /mnt/data_nas/deeprobotics/daiyang/vla/third_party/ETP-R1/data/scene_datasets/mp3d/82sE5b5pLXE/82sE5b5pLXE.navmesh
I0918 21:36:50.097532 1593317 Simulator.cpp:158] Loaded.
I0918 21:36:50.097540 1593317 SceneGraph.h:93] Created DrawableGroup: 
Renderer: NVIDIA GeForce RTX 5090/PCIe/SSE2 by NVIDIA Corporation
OpenGL version: 4.6.0 NVIDIA 580.126.09
Using optional features:
    GL_ARB_ES2_compatibility
    GL_ARB_direct_state_access
    GL_ARB_get_texture_sub_image
    GL_ARB_invalidate_subdata
    GL_ARB_multi_bind
    GL_ARB_robustness
    GL_ARB_separate_shader_objects
    GL_ARB_texture_filter_anisotropic
    GL_ARB_texture_storage
    GL_ARB_texture_storage_multisample
    GL_ARB_vertex_array_object
    GL_KHR_debug
Using driver workarounds:
    no-forward-compatible-core-context
    nv-egl-incorrect-gl11-function-pointers
    no-layout-qualifiers-on-old-glsl
    nv-zero-context-profile-mask
    nv-implementation-color-read-format-dsa-broken
    nv-cubemap-inconsistent-compressed-image-size
    nv-cubemap-broken-full-compressed-image-query
    nv-compressed-block-size-in-bits
I0918 21:36:50.101140 1593317 ResourceManager.cpp:234] ResourceManager::loadStage : Not loading semantic mesh
I0918 21:36:50.101148 1593317 ResourceManager.cpp:262] ResourceManager::loadStage : start load render asset /mnt/data_nas/deeprobotics/daiyang/vla/third_party/ETP-R1/data/scene_datasets/mp3d/82sE5b5pLXE/82sE5b5pLXE.glb.
I0918 21:36:50.101150 1593317 ResourceManager.cpp:569] ResourceManager::loadStageInternal : Attempting to load stage /mnt/data_nas/deeprobotics/daiyang/vla/third_party/ETP-R1/data/scene_datasets/mp3d/82sE5b5pLXE/82sE5b5pLXE.glb 
I0918 21:36:50.101166 1593317 ResourceManager.cpp:1119] Importing Basis files as BC7 for 82sE5b5pLXE.glb
W0918 21:36:52.137409 1593317 Simulator.cpp:248] :
---
 The active scene does not contain semantic annotations. 
---
I0918 21:36:52.175109 1593317 simulator.py:213] Loaded navmesh /mnt/data_nas/deeprobotics/daiyang/vla/third_party/ETP-R1/data/scene_datasets/mp3d/82sE5b5pLXE/82sE5b5pLXE.navmesh
I0918 21:37:56.298451 1593317 PhysicsManager.cpp:33] Deconstructing PhysicsManager
I0918 21:37:56.298497 1593317 SemanticScene.h:41] Deconstructing SemanticScene
I0918 21:37:56.299963 1593317 SceneManager.h:25] Deconstructing SceneManager
I0918 21:37:56.299971 1593317 SceneGraph.h:26] Deconstructing SceneGraph
I0918 21:37:56.300225 1593317 Sensor.h:87] Deconstructing Sensor
I0918 21:37:56.303503 1593317 Renderer.cpp:34] Deconstructing Renderer
I0918 21:37:56.303527 1593317 WindowlessContext.h:17] Deconstructing WindowlessContext
I0918 21:37:56.307981 1593317 ManagedContainerBase.cpp:19] ManagedContainerBase::convertFilenameToJSON : Filename : default changed to proposed JSON configuration filename : default.scene_dataset_config.json
I0918 21:37:56.307998 1593317 AttributesManagerBase.h:283] AttributesManager<T>::createFromJsonOrDefaultInternal  (Dataset) : Proposing JSON name : default.scene_dataset_config.json from original name : default | This file  does not exist.
I0918 21:37:56.308152 1593317 AssetAttributesManager.cpp:117] Asset attributes (capsule3DSolid : capsule3DSolid_hemiRings_4_cylRings_1_segments_12_halfLen_0.75_useTexCoords_false_useTangents_false) created and registered.
I0918 21:37:56.308179 1593317 AssetAttributesManager.cpp:117] Asset attributes (capsule3DWireframe : capsule3DWireframe_hemiRings_8_cylRings_1_segments_16_halfLen_1) created and registered.
I0918 21:37:56.308202 1593317 AssetAttributesManager.cpp:117] Asset attributes (coneSolid : coneSolid_segments_12_halfLen_1.25_rings_1_useTexCoords_false_useTangents_false_capEnd_true) created and registered.
I0918 21:37:56.308216 1593317 AssetAttributesManager.cpp:117] Asset attributes (coneWireframe : coneWireframe_segments_32_halfLen_1.25) created and registered.
I0918 21:37:56.308225 1593317 AssetAttributesManager.cpp:117] Asset attributes (cubeSolid : cubeSolid) created and registered.
I0918 21:37:56.308233 1593317 AssetAttributesManager.cpp:117] Asset attributes (cubeWireframe : cubeWireframe) created and registered.
I0918 21:37:56.308252 1593317 AssetAttributesManager.cpp:117] Asset attributes (cylinderSolid : cylinderSolid_rings_1_segments_12_halfLen_1_useTexCoords_false_useTangents_false_capEnds_true) created and registered.
I0918 21:37:56.308274 1593317 AssetAttributesManager.cpp:117] Asset attributes (cylinderWireframe : cylinderWireframe_rings_1_segments_32_halfLen_1) created and registered.
I0918 21:37:56.308290 1593317 AssetAttributesManager.cpp:117] Asset attributes (icosphereSolid : icosphereSolid_subdivs_1) created and registered.
I0918 21:37:56.308300 1593317 AssetAttributesManager.cpp:117] Asset attributes (icosphereWireframe : icosphereWireframe_subdivs_1) created and registered.
I0918 21:37:56.308313 1593317 AssetAttributesManager.cpp:117] Asset attributes (uvSphereSolid : uvSphereSolid_rings_8_segments_16_useTexCoords_false_useTangents_false) created and registered.
I0918 21:37:56.308326 1593317 AssetAttributesManager.cpp:117] Asset attributes (uvSphereWireframe : uvSphereWireframe_rings_16_segments_32) created and registered.
I0918 21:37:56.308332 1593317 AssetAttributesManager.cpp:105] AssetAttributesManager::buildCtorFuncPtrMaps : Built default primitive asset templates : 12
I0918 21:37:56.308728 1593317 SceneDatasetAttributesManager.cpp:23] File (default) not found, so new default dataset attributes created and registered.
I0918 21:37:56.308730 1593317 MetadataMediator.cpp:47] MetadataMediator::createDataset : Dataset default successfully created.
I0918 21:37:56.308931 1593317 AttributesManagerBase.h:283] AttributesManager<T>::createFromJsonOrDefaultInternal  (Physics Manager) : Proposing JSON name : ./data/default.physics_config.json from original name : ./data/default.physics_config.json | This file  does not exist.
I0918 21:37:56.308944 1593317 PhysicsAttributesManager.cpp:27] File (./data/default.physics_config.json) not found, so new default physics manager attributes created and registered.
I0918 21:37:56.308947 1593317 AbstractObjectAttributesManagerBase.h:175] AbstractObjectAttributesManager<T>::createObject  (Stage) : Making attributes with handle : /mnt/data_nas/deeprobotics/daiyang/vla/third_party/ETP-R1/data/scene_datasets/mp3d/B6ByNegPMKs/B6ByNegPMKs.glb
I0918 21:37:56.308951 1593317 ManagedContainerBase.cpp:19] ManagedContainerBase::convertFilenameToJSON : Filename : /mnt/data_nas/deeprobotics/daiyang/vla/third_party/ETP-R1/data/scene_datasets/mp3d/B6ByNegPMKs/B6ByNegPMKs.glb changed to proposed JSON configuration filename : /mnt/data_nas/deeprobotics/daiyang/vla/third_party/ETP-R1/data/scene_datasets/mp3d/B6ByNegPMKs/B6ByNegPMKs.stage_config.json
I0918 21:37:56.308964 1593317 AttributesManagerBase.h:283] AttributesManager<T>::createFromJsonOrDefaultInternal  (Stage) : Proposing JSON name : /mnt/data_nas/deeprobotics/daiyang/vla/third_party/ETP-R1/data/scene_datasets/mp3d/B6ByNegPMKs/B6ByNegPMKs.stage_config.json from original name : /mnt/data_nas/deeprobotics/daiyang/vla/third_party/ETP-R1/data/scene_datasets/mp3d/B6ByNegPMKs/B6ByNegPMKs.glb | This file  does not exist.
I0918 21:37:56.309012 1593317 AbstractObjectAttributesManagerBase.h:181] AbstractObjectAttributesManager<T>::createObject  (Stage) : Done making attributes with handle : /mnt/data_nas/deeprobotics/daiyang/vla/third_party/ETP-R1/data/scene_datasets/mp3d/B6ByNegPMKs/B6ByNegPMKs.glb
I0918 21:37:56.309015 1593317 AbstractObjectAttributesManagerBase.h:188] File (/mnt/data_nas/deeprobotics/daiyang/vla/third_party/ETP-R1/data/scene_datasets/mp3d/B6ByNegPMKs/B6ByNegPMKs.glb) exists but is not a recognized config filename extension, so new default Stage attributes created and registered.
I0918 21:37:56.309019 1593317 Simulator.cpp:156] Loading navmesh from /mnt/data_nas/deeprobotics/daiyang/vla/third_party/ETP-R1/data/scene_datasets/mp3d/B6ByNegPMKs/B6ByNegPMKs.navmesh
I0918 21:37:56.310467 1593317 Simulator.cpp:158] Loaded.
I0918 21:37:56.310477 1593317 SceneGraph.h:93] Created DrawableGroup: 
Renderer: NVIDIA GeForce RTX 5090/PCIe/SSE2 by NVIDIA Corporation
OpenGL version: 4.6.0 NVIDIA 580.126.09
Using optional features:
    GL_ARB_ES2_compatibility
    GL_ARB_direct_state_access
    GL_ARB_get_texture_sub_image
    GL_ARB_invalidate_subdata
    GL_ARB_multi_bind
    GL_ARB_robustness
    GL_ARB_separate_shader_objects
    GL_ARB_texture_filter_anisotropic
    GL_ARB_texture_storage
    GL_ARB_texture_storage_multisample
    GL_ARB_vertex_array_object
    GL_KHR_debug
Using driver workarounds:
    no-forward-compatible-core-context
    nv-egl-incorrect-gl11-function-pointers
    no-layout-qualifiers-on-old-glsl
    nv-zero-context-profile-mask
    nv-implementation-color-read-format-dsa-broken
    nv-cubemap-inconsistent-compressed-image-size
    nv-cubemap-broken-full-compressed-image-query
    nv-compressed-block-size-in-bits
I0918 21:37:56.314037 1593317 ResourceManager.cpp:234] ResourceManager::loadStage : Not loading semantic mesh
I0918 21:37:56.314045 1593317 ResourceManager.cpp:262] ResourceManager::loadStage : start load render asset /mnt/data_nas/deeprobotics/daiyang/vla/third_party/ETP-R1/data/scene_datasets/mp3d/B6ByNegPMKs/B6ByNegPMKs.glb.
I0918 21:37:56.314049 1593317 ResourceManager.cpp:569] ResourceManager::loadStageInternal : Attempting to load stage /mnt/data_nas/deeprobotics/daiyang/vla/third_party/ETP-R1/data/scene_datasets/mp3d/B6ByNegPMKs/B6ByNegPMKs.glb 
I0918 21:37:56.314065 1593317 ResourceManager.cpp:1119] Importing Basis files as BC7 for B6ByNegPMKs.glb
W0918 21:38:06.062565 1593317 Simulator.cpp:248] :
---
 The active scene does not contain semantic annotations. 
---
I0918 21:38:06.257569 1593317 simulator.py:213] Loaded navmesh /mnt/data_nas/deeprobotics/daiyang/vla/third_party/ETP-R1/data/scene_datasets/mp3d/B6ByNegPMKs/B6ByNegPMKs.navmesh
I0918 21:41:32.509359 1593317 PhysicsManager.cpp:33] Deconstructing PhysicsManager
I0918 21:41:32.509418 1593317 SemanticScene.h:41] Deconstructing SemanticScene
I0918 21:41:32.527927 1593317 SceneManager.h:25] Deconstructing SceneManager
I0918 21:41:32.527946 1593317 SceneGraph.h:26] Deconstructing SceneGraph
I0918 21:41:32.528460 1593317 Sensor.h:87] Deconstructing Sensor
I0918 21:41:32.545392 1593317 Renderer.cpp:34] Deconstructing Renderer
I0918 21:41:32.545433 1593317 WindowlessContext.h:17] Deconstructing WindowlessContext
I0918 21:41:32.567950 1593317 ManagedContainerBase.cpp:19] ManagedContainerBase::convertFilenameToJSON : Filename : default changed to proposed JSON configuration filename : default.scene_dataset_config.json
I0918 21:41:32.567975 1593317 AttributesManagerBase.h:283] AttributesManager<T>::createFromJsonOrDefaultInternal  (Dataset) : Proposing JSON name : default.scene_dataset_config.json from original name : default | This file  does not exist.
I0918 21:41:32.568085 1593317 AssetAttributesManager.cpp:117] Asset attributes (capsule3DSolid : capsule3DSolid_hemiRings_4_cylRings_1_segments_12_halfLen_0.75_useTexCoords_false_useTangents_false) created and registered.
I0918 21:41:32.568115 1593317 AssetAttributesManager.cpp:117] Asset attributes (capsule3DWireframe : capsule3DWireframe_hemiRings_8_cylRings_1_segments_16_halfLen_1) created and registered.
I0918 21:41:32.568140 1593317 AssetAttributesManager.cpp:117] Asset attributes (coneSolid : coneSolid_segments_12_halfLen_1.25_rings_1_useTexCoords_false_useTangents_false_capEnd_true) created and registered.
I0918 21:41:32.568154 1593317 AssetAttributesManager.cpp:117] Asset attributes (coneWireframe : coneWireframe_segments_32_halfLen_1.25) created and registered.
I0918 21:41:32.568164 1593317 AssetAttributesManager.cpp:117] Asset attributes (cubeSolid : cubeSolid) created and registered.
I0918 21:41:32.568171 1593317 AssetAttributesManager.cpp:117] Asset attributes (cubeWireframe : cubeWireframe) created and registered.
I0918 21:41:32.568189 1593317 AssetAttributesManager.cpp:117] Asset attributes (cylinderSolid : cylinderSolid_rings_1_segments_12_halfLen_1_useTexCoords_false_useTangents_false_capEnds_true) created and registered.
I0918 21:41:32.568207 1593317 AssetAttributesManager.cpp:117] Asset attributes (cylinderWireframe : cylinderWireframe_rings_1_segments_32_halfLen_1) created and registered.
I0918 21:41:32.568218 1593317 AssetAttributesManager.cpp:117] Asset attributes (icosphereSolid : icosphereSolid_subdivs_1) created and registered.
I0918 21:41:32.568228 1593317 AssetAttributesManager.cpp:117] Asset attributes (icosphereWireframe : icosphereWireframe_subdivs_1) created and registered.
I0918 21:41:32.568254 1593317 AssetAttributesManager.cpp:117] Asset attributes (uvSphereSolid : uvSphereSolid_rings_8_segments_16_useTexCoords_false_useTangents_false) created and registered.
I0918 21:41:32.568277 1593317 AssetAttributesManager.cpp:117] Asset attributes (uvSphereWireframe : uvSphereWireframe_rings_16_segments_32) created and registered.
I0918 21:41:32.568284 1593317 AssetAttributesManager.cpp:105] AssetAttributesManager::buildCtorFuncPtrMaps : Built default primitive asset templates : 12
I0918 21:41:32.568696 1593317 SceneDatasetAttributesManager.cpp:23] File (default) not found, so new default dataset attributes created and registered.
I0918 21:41:32.568698 1593317 MetadataMediator.cpp:47] MetadataMediator::createDataset : Dataset default successfully created.
I0918 21:41:32.568909 1593317 AttributesManagerBase.h:283] AttributesManager<T>::createFromJsonOrDefaultInternal  (Physics Manager) : Proposing JSON name : ./data/default.physics_config.json from original name : ./data/default.physics_config.json | This file  does not exist.
I0918 21:41:32.568920 1593317 PhysicsAttributesManager.cpp:27] File (./data/default.physics_config.json) not found, so new default physics manager attributes created and registered.
I0918 21:41:32.568924 1593317 AbstractObjectAttributesManagerBase.h:175] AbstractObjectAttributesManager<T>::createObject  (Stage) : Making attributes with handle : /mnt/data_nas/deeprobotics/daiyang/vla/third_party/ETP-R1/data/scene_datasets/mp3d/PuKPg4mmafe/PuKPg4mmafe.glb
I0918 21:41:32.568928 1593317 ManagedContainerBase.cpp:19] ManagedContainerBase::convertFilenameToJSON : Filename : /mnt/data_nas/deeprobotics/daiyang/vla/third_party/ETP-R1/data/scene_datasets/mp3d/PuKPg4mmafe/PuKPg4mmafe.glb changed to proposed JSON configuration filename : /mnt/data_nas/deeprobotics/daiyang/vla/third_party/ETP-R1/data/scene_datasets/mp3d/PuKPg4mmafe/PuKPg4mmafe.stage_config.json
I0918 21:41:32.568939 1593317 AttributesManagerBase.h:283] AttributesManager<T>::createFromJsonOrDefaultInternal  (Stage) : Proposing JSON name : /mnt/data_nas/deeprobotics/daiyang/vla/third_party/ETP-R1/data/scene_datasets/mp3d/PuKPg4mmafe/PuKPg4mmafe.stage_config.json from original name : /mnt/data_nas/deeprobotics/daiyang/vla/third_party/ETP-R1/data/scene_datasets/mp3d/PuKPg4mmafe/PuKPg4mmafe.glb | This file  does not exist.
I0918 21:41:32.568987 1593317 AbstractObjectAttributesManagerBase.h:181] AbstractObjectAttributesManager<T>::createObject  (Stage) : Done making attributes with handle : /mnt/data_nas/deeprobotics/daiyang/vla/third_party/ETP-R1/data/scene_datasets/mp3d/PuKPg4mmafe/PuKPg4mmafe.glb
I0918 21:41:32.568989 1593317 AbstractObjectAttributesManagerBase.h:188] File (/mnt/data_nas/deeprobotics/daiyang/vla/third_party/ETP-R1/data/scene_datasets/mp3d/PuKPg4mmafe/PuKPg4mmafe.glb) exists but is not a recognized config filename extension, so new default Stage attributes created and registered.
I0918 21:41:32.568994 1593317 Simulator.cpp:156] Loading navmesh from /mnt/data_nas/deeprobotics/daiyang/vla/third_party/ETP-R1/data/scene_datasets/mp3d/PuKPg4mmafe/PuKPg4mmafe.navmesh
I0918 21:41:32.570232 1593317 Simulator.cpp:158] Loaded.
I0918 21:41:32.570243 1593317 SceneGraph.h:93] Created DrawableGroup: 
Renderer: NVIDIA GeForce RTX 5090/PCIe/SSE2 by NVIDIA Corporation
OpenGL version: 4.6.0 NVIDIA 580.126.09
Using optional features:
    GL_ARB_ES2_compatibility
    GL_ARB_direct_state_access
    GL_ARB_get_texture_sub_image
    GL_ARB_invalidate_subdata
    GL_ARB_multi_bind
    GL_ARB_robustness
    GL_ARB_separate_shader_objects
    GL_ARB_texture_filter_anisotropic
    GL_ARB_texture_storage
    GL_ARB_texture_storage_multisample
    GL_ARB_vertex_array_object
    GL_KHR_debug
Using driver workarounds:
    no-forward-compatible-core-context
    nv-egl-incorrect-gl11-function-pointers
    no-layout-qualifiers-on-old-glsl
    nv-zero-context-profile-mask
    nv-implementation-color-read-format-dsa-broken
    nv-cubemap-inconsistent-compressed-image-size
    nv-cubemap-broken-full-compressed-image-query
    nv-compressed-block-size-in-bits
I0918 21:41:32.574259 1593317 ResourceManager.cpp:234] ResourceManager::loadStage : Not loading semantic mesh
I0918 21:41:32.574275 1593317 ResourceManager.cpp:262] ResourceManager::loadStage : start load render asset /mnt/data_nas/deeprobotics/daiyang/vla/third_party/ETP-R1/data/scene_datasets/mp3d/PuKPg4mmafe/PuKPg4mmafe.glb.
I0918 21:41:32.574278 1593317 ResourceManager.cpp:569] ResourceManager::loadStageInternal : Attempting to load stage /mnt/data_nas/deeprobotics/daiyang/vla/third_party/ETP-R1/data/scene_datasets/mp3d/PuKPg4mmafe/PuKPg4mmafe.glb 
I0918 21:41:32.574301 1593317 ResourceManager.cpp:1119] Importing Basis files as BC7 for PuKPg4mmafe.glb
W0918 21:41:37.422658 1593317 Simulator.cpp:248] :
---
 The active scene does not contain semantic annotations. 
---
I0918 21:41:37.443368 1593317 simulator.py:213] Loaded navmesh /mnt/data_nas/deeprobotics/daiyang/vla/third_party/ETP-R1/data/scene_datasets/mp3d/PuKPg4mmafe/PuKPg4mmafe.navmesh
I0918 21:45:12.336449 1593317 PhysicsManager.cpp:33] Deconstructing PhysicsManager
I0918 21:45:12.336511 1593317 SemanticScene.h:41] Deconstructing SemanticScene
I0918 21:45:12.337498 1593317 SceneManager.h:25] Deconstructing SceneManager
I0918 21:45:12.337503 1593317 SceneGraph.h:26] Deconstructing SceneGraph
I0918 21:45:12.337756 1593317 Sensor.h:87] Deconstructing Sensor
I0918 21:45:12.343290 1593317 Renderer.cpp:34] Deconstructing Renderer
I0918 21:45:12.343317 1593317 WindowlessContext.h:17] Deconstructing WindowlessContext
I0918 21:45:12.354772 1593317 ManagedContainerBase.cpp:19] ManagedContainerBase::convertFilenameToJSON : Filename : default changed to proposed JSON configuration filename : default.scene_dataset_config.json
I0918 21:45:12.354792 1593317 AttributesManagerBase.h:283] AttributesManager<T>::createFromJsonOrDefaultInternal  (Dataset) : Proposing JSON name : default.scene_dataset_config.json from original name : default | This file  does not exist.
I0918 21:45:12.354969 1593317 AssetAttributesManager.cpp:117] Asset attributes (capsule3DSolid : capsule3DSolid_hemiRings_4_cylRings_1_segments_12_halfLen_0.75_useTexCoords_false_useTangents_false) created and registered.
I0918 21:45:12.354996 1593317 AssetAttributesManager.cpp:117] Asset attributes (capsule3DWireframe : capsule3DWireframe_hemiRings_8_cylRings_1_segments_16_halfLen_1) created and registered.
I0918 21:45:12.355019 1593317 AssetAttributesManager.cpp:117] Asset attributes (coneSolid : coneSolid_segments_12_halfLen_1.25_rings_1_useTexCoords_false_useTangents_false_capEnd_true) created and registered.
I0918 21:45:12.355034 1593317 AssetAttributesManager.cpp:117] Asset attributes (coneWireframe : coneWireframe_segments_32_halfLen_1.25) created and registered.
I0918 21:45:12.355042 1593317 AssetAttributesManager.cpp:117] Asset attributes (cubeSolid : cubeSolid) created and registered.
I0918 21:45:12.355049 1593317 AssetAttributesManager.cpp:117] Asset attributes (cubeWireframe : cubeWireframe) created and registered.
I0918 21:45:12.355068 1593317 AssetAttributesManager.cpp:117] Asset attributes (cylinderSolid : cylinderSolid_rings_1_segments_12_halfLen_1_useTexCoords_false_useTangents_false_capEnds_true) created and registered.
I0918 21:45:12.355086 1593317 AssetAttributesManager.cpp:117] Asset attributes (cylinderWireframe : cylinderWireframe_rings_1_segments_32_halfLen_1) created and registered.
I0918 21:45:12.355098 1593317 AssetAttributesManager.cpp:117] Asset attributes (icosphereSolid : icosphereSolid_subdivs_1) created and registered.
I0918 21:45:12.355106 1593317 AssetAttributesManager.cpp:117] Asset attributes (icosphereWireframe : icosphereWireframe_subdivs_1) created and registered.
I0918 21:45:12.355119 1593317 AssetAttributesManager.cpp:117] Asset attributes (uvSphereSolid : uvSphereSolid_rings_8_segments_16_useTexCoords_false_useTangents_false) created and registered.
I0918 21:45:12.355132 1593317 AssetAttributesManager.cpp:117] Asset attributes (uvSphereWireframe : uvSphereWireframe_rings_16_segments_32) created and registered.
I0918 21:45:12.355139 1593317 AssetAttributesManager.cpp:105] AssetAttributesManager::buildCtorFuncPtrMaps : Built default primitive asset templates : 12
I0918 21:45:12.355556 1593317 SceneDatasetAttributesManager.cpp:23] File (default) not found, so new default dataset attributes created and registered.
I0918 21:45:12.355559 1593317 MetadataMediator.cpp:47] MetadataMediator::createDataset : Dataset default successfully created.
I0918 21:45:12.355758 1593317 AttributesManagerBase.h:283] AttributesManager<T>::createFromJsonOrDefaultInternal  (Physics Manager) : Proposing JSON name : ./data/default.physics_config.json from original name : ./data/default.physics_config.json | This file  does not exist.
I0918 21:45:12.355772 1593317 PhysicsAttributesManager.cpp:27] File (./data/default.physics_config.json) not found, so new default physics manager attributes created and registered.
I0918 21:45:12.355774 1593317 AbstractObjectAttributesManagerBase.h:175] AbstractObjectAttributesManager<T>::createObject  (Stage) : Making attributes with handle : /mnt/data_nas/deeprobotics/daiyang/vla/third_party/ETP-R1/data/scene_datasets/mp3d/XcA2TqTSSAj/XcA2TqTSSAj.glb
I0918 21:45:12.355779 1593317 ManagedContainerBase.cpp:19] ManagedContainerBase::convertFilenameToJSON : Filename : /mnt/data_nas/deeprobotics/daiyang/vla/third_party/ETP-R1/data/scene_datasets/mp3d/XcA2TqTSSAj/XcA2TqTSSAj.glb changed to proposed JSON configuration filename : /mnt/data_nas/deeprobotics/daiyang/vla/third_party/ETP-R1/data/scene_datasets/mp3d/XcA2TqTSSAj/XcA2TqTSSAj.stage_config.json
I0918 21:45:12.355791 1593317 AttributesManagerBase.h:283] AttributesManager<T>::createFromJsonOrDefaultInternal  (Stage) : Proposing JSON name : /mnt/data_nas/deeprobotics/daiyang/vla/third_party/ETP-R1/data/scene_datasets/mp3d/XcA2TqTSSAj/XcA2TqTSSAj.stage_config.json from original name : /mnt/data_nas/deeprobotics/daiyang/vla/third_party/ETP-R1/data/scene_datasets/mp3d/XcA2TqTSSAj/XcA2TqTSSAj.glb | This file  does not exist.
I0918 21:45:12.355839 1593317 AbstractObjectAttributesManagerBase.h:181] AbstractObjectAttributesManager<T>::createObject  (Stage) : Done making attributes with handle : /mnt/data_nas/deeprobotics/daiyang/vla/third_party/ETP-R1/data/scene_datasets/mp3d/XcA2TqTSSAj/XcA2TqTSSAj.glb
I0918 21:45:12.355840 1593317 AbstractObjectAttributesManagerBase.h:188] File (/mnt/data_nas/deeprobotics/daiyang/vla/third_party/ETP-R1/data/scene_datasets/mp3d/XcA2TqTSSAj/XcA2TqTSSAj.glb) exists but is not a recognized config filename extension, so new default Stage attributes created and registered.
I0918 21:45:12.355845 1593317 Simulator.cpp:156] Loading navmesh from /mnt/data_nas/deeprobotics/daiyang/vla/third_party/ETP-R1/data/scene_datasets/mp3d/XcA2TqTSSAj/XcA2TqTSSAj.navmesh
I0918 21:45:12.357431 1593317 Simulator.cpp:158] Loaded.
I0918 21:45:12.357440 1593317 SceneGraph.h:93] Created DrawableGroup: 
Renderer: NVIDIA GeForce RTX 5090/PCIe/SSE2 by NVIDIA Corporation
OpenGL version: 4.6.0 NVIDIA 580.126.09
Using optional features:
    GL_ARB_ES2_compatibility
    GL_ARB_direct_state_access
    GL_ARB_get_texture_sub_image
    GL_ARB_invalidate_subdata
    GL_ARB_multi_bind
    GL_ARB_robustness
    GL_ARB_separate_shader_objects
    GL_ARB_texture_filter_anisotropic
    GL_ARB_texture_storage
    GL_ARB_texture_storage_multisample
    GL_ARB_vertex_array_object
    GL_KHR_debug
Using driver workarounds:
    no-forward-compatible-core-context
    nv-egl-incorrect-gl11-function-pointers
    no-layout-qualifiers-on-old-glsl
    nv-zero-context-profile-mask
    nv-implementation-color-read-format-dsa-broken
    nv-cubemap-inconsistent-compressed-image-size
    nv-cubemap-broken-full-compressed-image-query
    nv-compressed-block-size-in-bits
I0918 21:45:12.361088 1593317 ResourceManager.cpp:234] ResourceManager::loadStage : Not loading semantic mesh
I0918 21:45:12.361097 1593317 ResourceManager.cpp:262] ResourceManager::loadStage : start load render asset /mnt/data_nas/deeprobotics/daiyang/vla/third_party/ETP-R1/data/scene_datasets/mp3d/XcA2TqTSSAj/XcA2TqTSSAj.glb.
I0918 21:45:12.361099 1593317 ResourceManager.cpp:569] ResourceManager::loadStageInternal : Attempting to load stage /mnt/data_nas/deeprobotics/daiyang/vla/third_party/ETP-R1/data/scene_datasets/mp3d/XcA2TqTSSAj/XcA2TqTSSAj.glb 
I0918 21:45:12.361120 1593317 ResourceManager.cpp:1119] Importing Basis files as BC7 for XcA2TqTSSAj.glb
W0918 21:45:14.338613 1593317 Simulator.cpp:248] :
---
 The active scene does not contain semantic annotations. 
---
I0918 21:45:14.388842 1593317 simulator.py:213] Loaded navmesh /mnt/data_nas/deeprobotics/daiyang/vla/third_party/ETP-R1/data/scene_datasets/mp3d/XcA2TqTSSAj/XcA2TqTSSAj.navmesh
I0918 21:48:40.104066 1593317 PhysicsManager.cpp:33] Deconstructing PhysicsManager
I0918 21:48:40.104120 1593317 SemanticScene.h:41] Deconstructing SemanticScene
I0918 21:48:40.106969 1593317 SceneManager.h:25] Deconstructing SceneManager
I0918 21:48:40.106979 1593317 SceneGraph.h:26] Deconstructing SceneGraph
I0918 21:48:40.107568 1593317 Sensor.h:87] Deconstructing Sensor
I0918 21:48:40.111635 1593317 Renderer.cpp:34] Deconstructing Renderer
I0918 21:48:40.111658 1593317 WindowlessContext.h:17] Deconstructing WindowlessContext
I0918 21:48:40.118309 1593317 ManagedContainerBase.cpp:19] ManagedContainerBase::convertFilenameToJSON : Filename : default changed to proposed JSON configuration filename : default.scene_dataset_config.json
I0918 21:48:40.118326 1593317 AttributesManagerBase.h:283] AttributesManager<T>::createFromJsonOrDefaultInternal  (Dataset) : Proposing JSON name : default.scene_dataset_config.json from original name : default | This file  does not exist.
I0918 21:48:40.118503 1593317 AssetAttributesManager.cpp:117] Asset attributes (capsule3DSolid : capsule3DSolid_hemiRings_4_cylRings_1_segments_12_halfLen_0.75_useTexCoords_false_useTangents_false) created and registered.
I0918 21:48:40.118531 1593317 AssetAttributesManager.cpp:117] Asset attributes (capsule3DWireframe : capsule3DWireframe_hemiRings_8_cylRings_1_segments_16_halfLen_1) created and registered.
I0918 21:48:40.118556 1593317 AssetAttributesManager.cpp:117] Asset attributes (coneSolid : coneSolid_segments_12_halfLen_1.25_rings_1_useTexCoords_false_useTangents_false_capEnd_true) created and registered.
I0918 21:48:40.118570 1593317 AssetAttributesManager.cpp:117] Asset attributes (coneWireframe : coneWireframe_segments_32_halfLen_1.25) created and registered.
I0918 21:48:40.118578 1593317 AssetAttributesManager.cpp:117] Asset attributes (cubeSolid : cubeSolid) created and registered.
I0918 21:48:40.118585 1593317 AssetAttributesManager.cpp:117] Asset attributes (cubeWireframe : cubeWireframe) created and registered.
I0918 21:48:40.118605 1593317 AssetAttributesManager.cpp:117] Asset attributes (cylinderSolid : cylinderSolid_rings_1_segments_12_halfLen_1_useTexCoords_false_useTangents_false_capEnds_true) created and registered.
I0918 21:48:40.118623 1593317 AssetAttributesManager.cpp:117] Asset attributes (cylinderWireframe : cylinderWireframe_rings_1_segments_32_halfLen_1) created and registered.
I0918 21:48:40.118634 1593317 AssetAttributesManager.cpp:117] Asset attributes (icosphereSolid : icosphereSolid_subdivs_1) created and registered.
I0918 21:48:40.118642 1593317 AssetAttributesManager.cpp:117] Asset attributes (icosphereWireframe : icosphereWireframe_subdivs_1) created and registered.
I0918 21:48:40.118657 1593317 AssetAttributesManager.cpp:117] Asset attributes (uvSphereSolid : uvSphereSolid_rings_8_segments_16_useTexCoords_false_useTangents_false) created and registered.
I0918 21:48:40.118669 1593317 AssetAttributesManager.cpp:117] Asset attributes (uvSphereWireframe : uvSphereWireframe_rings_16_segments_32) created and registered.
I0918 21:48:40.118676 1593317 AssetAttributesManager.cpp:105] AssetAttributesManager::buildCtorFuncPtrMaps : Built default primitive asset templates : 12
I0918 21:48:40.119078 1593317 SceneDatasetAttributesManager.cpp:23] File (default) not found, so new default dataset attributes created and registered.
I0918 21:48:40.119081 1593317 MetadataMediator.cpp:47] MetadataMediator::createDataset : Dataset default successfully created.
I0918 21:48:40.120361 1593317 AttributesManagerBase.h:283] AttributesManager<T>::createFromJsonOrDefaultInternal  (Physics Manager) : Proposing JSON name : ./data/default.physics_config.json from original name : ./data/default.physics_config.json | This file  does not exist.
I0918 21:48:40.120375 1593317 PhysicsAttributesManager.cpp:27] File (./data/default.physics_config.json) not found, so new default physics manager attributes created and registered.
I0918 21:48:40.120378 1593317 AbstractObjectAttributesManagerBase.h:175] AbstractObjectAttributesManager<T>::createObject  (Stage) : Making attributes with handle : /mnt/data_nas/deeprobotics/daiyang/vla/third_party/ETP-R1/data/scene_datasets/mp3d/aayBHfsNo7d/aayBHfsNo7d.glb
I0918 21:48:40.120383 1593317 ManagedContainerBase.cpp:19] ManagedContainerBase::convertFilenameToJSON : Filename : /mnt/data_nas/deeprobotics/daiyang/vla/third_party/ETP-R1/data/scene_datasets/mp3d/aayBHfsNo7d/aayBHfsNo7d.glb changed to proposed JSON configuration filename : /mnt/data_nas/deeprobotics/daiyang/vla/third_party/ETP-R1/data/scene_datasets/mp3d/aayBHfsNo7d/aayBHfsNo7d.stage_config.json
I0918 21:48:40.123474 1593317 AttributesManagerBase.h:283] AttributesManager<T>::createFromJsonOrDefaultInternal  (Stage) : Proposing JSON name : /mnt/data_nas/deeprobotics/daiyang/vla/third_party/ETP-R1/data/scene_datasets/mp3d/aayBHfsNo7d/aayBHfsNo7d.stage_config.json from original name : /mnt/data_nas/deeprobotics/daiyang/vla/third_party/ETP-R1/data/scene_datasets/mp3d/aayBHfsNo7d/aayBHfsNo7d.glb | This file  does not exist.
I0918 21:48:40.123524 1593317 AbstractObjectAttributesManagerBase.h:181] AbstractObjectAttributesManager<T>::createObject  (Stage) : Done making attributes with handle : /mnt/data_nas/deeprobotics/daiyang/vla/third_party/ETP-R1/data/scene_datasets/mp3d/aayBHfsNo7d/aayBHfsNo7d.glb
I0918 21:48:40.123526 1593317 AbstractObjectAttributesManagerBase.h:188] File (/mnt/data_nas/deeprobotics/daiyang/vla/third_party/ETP-R1/data/scene_datasets/mp3d/aayBHfsNo7d/aayBHfsNo7d.glb) exists but is not a recognized config filename extension, so new default Stage attributes created and registered.
I0918 21:48:40.123533 1593317 Simulator.cpp:156] Loading navmesh from /mnt/data_nas/deeprobotics/daiyang/vla/third_party/ETP-R1/data/scene_datasets/mp3d/aayBHfsNo7d/aayBHfsNo7d.navmesh
I0918 21:48:40.125380 1593317 Simulator.cpp:158] Loaded.
I0918 21:48:40.125388 1593317 SceneGraph.h:93] Created DrawableGroup: 
Renderer: NVIDIA GeForce RTX 5090/PCIe/SSE2 by NVIDIA Corporation
OpenGL version: 4.6.0 NVIDIA 580.126.09
Using optional features:
    GL_ARB_ES2_compatibility
    GL_ARB_direct_state_access
    GL_ARB_get_texture_sub_image
    GL_ARB_invalidate_subdata
    GL_ARB_multi_bind
    GL_ARB_robustness
    GL_ARB_separate_shader_objects
    GL_ARB_texture_filter_anisotropic
    GL_ARB_texture_storage
    GL_ARB_texture_storage_multisample
    GL_ARB_vertex_array_object
    GL_KHR_debug
Using driver workarounds:
    no-forward-compatible-core-context
    nv-egl-incorrect-gl11-function-pointers
    no-layout-qualifiers-on-old-glsl
    nv-zero-context-profile-mask
    nv-implementation-color-read-format-dsa-broken
    nv-cubemap-inconsistent-compressed-image-size
    nv-cubemap-broken-full-compressed-image-query
    nv-compressed-block-size-in-bits
I0918 21:48:40.129323 1593317 ResourceManager.cpp:234] ResourceManager::loadStage : Not loading semantic mesh
I0918 21:48:40.129331 1593317 ResourceManager.cpp:262] ResourceManager::loadStage : start load render asset /mnt/data_nas/deeprobotics/daiyang/vla/third_party/ETP-R1/data/scene_datasets/mp3d/aayBHfsNo7d/aayBHfsNo7d.glb.
I0918 21:48:40.129333 1593317 ResourceManager.cpp:569] ResourceManager::loadStageInternal : Attempting to load stage /mnt/data_nas/deeprobotics/daiyang/vla/third_party/ETP-R1/data/scene_datasets/mp3d/aayBHfsNo7d/aayBHfsNo7d.glb 
I0918 21:48:40.129348 1593317 ResourceManager.cpp:1119] Importing Basis files as BC7 for aayBHfsNo7d.glb
W0918 21:48:41.708914 1593317 Simulator.cpp:248] :
---
 The active scene does not contain semantic annotations. 
---
I0918 21:48:41.752633 1593317 simulator.py:213] Loaded navmesh /mnt/data_nas/deeprobotics/daiyang/vla/third_party/ETP-R1/data/scene_datasets/mp3d/aayBHfsNo7d/aayBHfsNo7d.navmesh
I0918 21:49:21.032343 1593317 PhysicsManager.cpp:33] Deconstructing PhysicsManager
I0918 21:49:21.032404 1593317 SemanticScene.h:41] Deconstructing SemanticScene
I0918 21:49:21.035281 1593317 SceneManager.h:25] Deconstructing SceneManager
I0918 21:49:21.035292 1593317 SceneGraph.h:26] Deconstructing SceneGraph
I0918 21:49:21.035552 1593317 Sensor.h:87] Deconstructing Sensor
I0918 21:49:21.038479 1593317 Renderer.cpp:34] Deconstructing Renderer
I0918 21:49:21.038501 1593317 WindowlessContext.h:17] Deconstructing WindowlessContext
I0918 21:49:21.045313 1593317 ManagedContainerBase.cpp:19] ManagedContainerBase::convertFilenameToJSON : Filename : default changed to proposed JSON configuration filename : default.scene_dataset_config.json
I0918 21:49:21.045334 1593317 AttributesManagerBase.h:283] AttributesManager<T>::createFromJsonOrDefaultInternal  (Dataset) : Proposing JSON name : default.scene_dataset_config.json from original name : default | This file  does not exist.
I0918 21:49:21.045418 1593317 AssetAttributesManager.cpp:117] Asset attributes (capsule3DSolid : capsule3DSolid_hemiRings_4_cylRings_1_segments_12_halfLen_0.75_useTexCoords_false_useTangents_false) created and registered.
I0918 21:49:21.045447 1593317 AssetAttributesManager.cpp:117] Asset attributes (capsule3DWireframe : capsule3DWireframe_hemiRings_8_cylRings_1_segments_16_halfLen_1) created and registered.
I0918 21:49:21.045472 1593317 AssetAttributesManager.cpp:117] Asset attributes (coneSolid : coneSolid_segments_12_halfLen_1.25_rings_1_useTexCoords_false_useTangents_false_capEnd_true) created and registered.
I0918 21:49:21.045491 1593317 AssetAttributesManager.cpp:117] Asset attributes (coneWireframe : coneWireframe_segments_32_halfLen_1.25) created and registered.
I0918 21:49:21.045500 1593317 AssetAttributesManager.cpp:117] Asset attributes (cubeSolid : cubeSolid) created and registered.
I0918 21:49:21.045507 1593317 AssetAttributesManager.cpp:117] Asset attributes (cubeWireframe : cubeWireframe) created and registered.
I0918 21:49:21.045527 1593317 AssetAttributesManager.cpp:117] Asset attributes (cylinderSolid : cylinderSolid_rings_1_segments_12_halfLen_1_useTexCoords_false_useTangents_false_capEnds_true) created and registered.
I0918 21:49:21.045544 1593317 AssetAttributesManager.cpp:117] Asset attributes (cylinderWireframe : cylinderWireframe_rings_1_segments_32_halfLen_1) created and registered.
I0918 21:49:21.045555 1593317 AssetAttributesManager.cpp:117] Asset attributes (icosphereSolid : icosphereSolid_subdivs_1) created and registered.
I0918 21:49:21.045564 1593317 AssetAttributesManager.cpp:117] Asset attributes (icosphereWireframe : icosphereWireframe_subdivs_1) created and registered.
I0918 21:49:21.045578 1593317 AssetAttributesManager.cpp:117] Asset attributes (uvSphereSolid : uvSphereSolid_rings_8_segments_16_useTexCoords_false_useTangents_false) created and registered.
I0918 21:49:21.045593 1593317 AssetAttributesManager.cpp:117] Asset attributes (uvSphereWireframe : uvSphereWireframe_rings_16_segments_32) created and registered.
I0918 21:49:21.045600 1593317 AssetAttributesManager.cpp:105] AssetAttributesManager::buildCtorFuncPtrMaps : Built default primitive asset templates : 12
I0918 21:49:21.046005 1593317 SceneDatasetAttributesManager.cpp:23] File (default) not found, so new default dataset attributes created and registered.
I0918 21:49:21.046006 1593317 MetadataMediator.cpp:47] MetadataMediator::createDataset : Dataset default successfully created.
I0918 21:49:21.046211 1593317 AttributesManagerBase.h:283] AttributesManager<T>::createFromJsonOrDefaultInternal  (Physics Manager) : Proposing JSON name : ./data/default.physics_config.json from original name : ./data/default.physics_config.json | This file  does not exist.
I0918 21:49:21.046222 1593317 PhysicsAttributesManager.cpp:27] File (./data/default.physics_config.json) not found, so new default physics manager attributes created and registered.
I0918 21:49:21.046231 1593317 AbstractObjectAttributesManagerBase.h:175] AbstractObjectAttributesManager<T>::createObject  (Stage) : Making attributes with handle : /mnt/data_nas/deeprobotics/daiyang/vla/third_party/ETP-R1/data/scene_datasets/mp3d/82sE5b5pLXE/82sE5b5pLXE.glb
I0918 21:49:21.046233 1593317 ManagedContainerBase.cpp:19] ManagedContainerBase::convertFilenameToJSON : Filename : /mnt/data_nas/deeprobotics/daiyang/vla/third_party/ETP-R1/data/scene_datasets/mp3d/82sE5b5pLXE/82sE5b5pLXE.glb changed to proposed JSON configuration filename : /mnt/data_nas/deeprobotics/daiyang/vla/third_party/ETP-R1/data/scene_datasets/mp3d/82sE5b5pLXE/82sE5b5pLXE.stage_config.json
I0918 21:49:21.046247 1593317 AttributesManagerBase.h:283] AttributesManager<T>::createFromJsonOrDefaultInternal  (Stage) : Proposing JSON name : /mnt/data_nas/deeprobotics/daiyang/vla/third_party/ETP-R1/data/scene_datasets/mp3d/82sE5b5pLXE/82sE5b5pLXE.stage_config.json from original name : /mnt/data_nas/deeprobotics/daiyang/vla/third_party/ETP-R1/data/scene_datasets/mp3d/82sE5b5pLXE/82sE5b5pLXE.glb | This file  does not exist.
I0918 21:49:21.046298 1593317 AbstractObjectAttributesManagerBase.h:181] AbstractObjectAttributesManager<T>::createObject  (Stage) : Done making attributes with handle : /mnt/data_nas/deeprobotics/daiyang/vla/third_party/ETP-R1/data/scene_datasets/mp3d/82sE5b5pLXE/82sE5b5pLXE.glb
I0918 21:49:21.046300 1593317 AbstractObjectAttributesManagerBase.h:188] File (/mnt/data_nas/deeprobotics/daiyang/vla/third_party/ETP-R1/data/scene_datasets/mp3d/82sE5b5pLXE/82sE5b5pLXE.glb) exists but is not a recognized config filename extension, so new default Stage attributes created and registered.
I0918 21:49:21.046304 1593317 Simulator.cpp:156] Loading navmesh from /mnt/data_nas/deeprobotics/daiyang/vla/third_party/ETP-R1/data/scene_datasets/mp3d/82sE5b5pLXE/82sE5b5pLXE.navmesh
I0918 21:49:21.047492 1593317 Simulator.cpp:158] Loaded.
I0918 21:49:21.047500 1593317 SceneGraph.h:93] Created DrawableGroup: 
Renderer: NVIDIA GeForce RTX 5090/PCIe/SSE2 by NVIDIA Corporation
OpenGL version: 4.6.0 NVIDIA 580.126.09
Using optional features:
    GL_ARB_ES2_compatibility
    GL_ARB_direct_state_access
    GL_ARB_get_texture_sub_image
    GL_ARB_invalidate_subdata
    GL_ARB_multi_bind
    GL_ARB_robustness
    GL_ARB_separate_shader_objects
    GL_ARB_texture_filter_anisotropic
    GL_ARB_texture_storage
    GL_ARB_texture_storage_multisample
    GL_ARB_vertex_array_object
    GL_KHR_debug
Using driver workarounds:
    no-forward-compatible-core-context
    nv-egl-incorrect-gl11-function-pointers
    no-layout-qualifiers-on-old-glsl
    nv-zero-context-profile-mask
    nv-implementation-color-read-format-dsa-broken
    nv-cubemap-inconsistent-compressed-image-size
    nv-cubemap-broken-full-compressed-image-query
    nv-compressed-block-size-in-bits
I0918 21:49:21.051183 1593317 ResourceManager.cpp:234] ResourceManager::loadStage : Not loading semantic mesh
I0918 21:49:21.051191 1593317 ResourceManager.cpp:262] ResourceManager::loadStage : start load render asset /mnt/data_nas/deeprobotics/daiyang/vla/third_party/ETP-R1/data/scene_datasets/mp3d/82sE5b5pLXE/82sE5b5pLXE.glb.
I0918 21:49:21.051193 1593317 ResourceManager.cpp:569] ResourceManager::loadStageInternal : Attempting to load stage /mnt/data_nas/deeprobotics/daiyang/vla/third_party/ETP-R1/data/scene_datasets/mp3d/82sE5b5pLXE/82sE5b5pLXE.glb 
I0918 21:49:21.051210 1593317 ResourceManager.cpp:1119] Importing Basis files as BC7 for 82sE5b5pLXE.glb
W0918 21:49:23.086397 1593317 Simulator.cpp:248] :
---
 The active scene does not contain semantic annotations. 
---
I0918 21:49:23.123114 1593317 simulator.py:213] Loaded navmesh /mnt/data_nas/deeprobotics/daiyang/vla/third_party/ETP-R1/data/scene_datasets/mp3d/82sE5b5pLXE/82sE5b5pLXE.navmesh
I0918 21:50:11.053507 1593317 PhysicsManager.cpp:33] Deconstructing PhysicsManager
I0918 21:50:11.053546 1593317 SemanticScene.h:41] Deconstructing SemanticScene
I0918 21:50:11.054891 1593317 SceneManager.h:25] Deconstructing SceneManager
I0918 21:50:11.054903 1593317 SceneGraph.h:26] Deconstructing SceneGraph
I0918 21:50:11.055125 1593317 Sensor.h:87] Deconstructing Sensor
I0918 21:50:11.057974 1593317 Renderer.cpp:34] Deconstructing Renderer
I0918 21:50:11.057997 1593317 WindowlessContext.h:17] Deconstructing WindowlessContext
I0918 21:50:11.062774 1593317 ManagedContainerBase.cpp:19] ManagedContainerBase::convertFilenameToJSON : Filename : default changed to proposed JSON configuration filename : default.scene_dataset_config.json
I0918 21:50:11.062791 1593317 AttributesManagerBase.h:283] AttributesManager<T>::createFromJsonOrDefaultInternal  (Dataset) : Proposing JSON name : default.scene_dataset_config.json from original name : default | This file  does not exist.
I0918 21:50:11.062956 1593317 AssetAttributesManager.cpp:117] Asset attributes (capsule3DSolid : capsule3DSolid_hemiRings_4_cylRings_1_segments_12_halfLen_0.75_useTexCoords_false_useTangents_false) created and registered.
I0918 21:50:11.062984 1593317 AssetAttributesManager.cpp:117] Asset attributes (capsule3DWireframe : capsule3DWireframe_hemiRings_8_cylRings_1_segments_16_halfLen_1) created and registered.
I0918 21:50:11.063007 1593317 AssetAttributesManager.cpp:117] Asset attributes (coneSolid : coneSolid_segments_12_halfLen_1.25_rings_1_useTexCoords_false_useTangents_false_capEnd_true) created and registered.
I0918 21:50:11.063021 1593317 AssetAttributesManager.cpp:117] Asset attributes (coneWireframe : coneWireframe_segments_32_halfLen_1.25) created and registered.
I0918 21:50:11.063030 1593317 AssetAttributesManager.cpp:117] Asset attributes (cubeSolid : cubeSolid) created and registered.
I0918 21:50:11.063037 1593317 AssetAttributesManager.cpp:117] Asset attributes (cubeWireframe : cubeWireframe) created and registered.
I0918 21:50:11.063056 1593317 AssetAttributesManager.cpp:117] Asset attributes (cylinderSolid : cylinderSolid_rings_1_segments_12_halfLen_1_useTexCoords_false_useTangents_false_capEnds_true) created and registered.
I0918 21:50:11.063073 1593317 AssetAttributesManager.cpp:117] Asset attributes (cylinderWireframe : cylinderWireframe_rings_1_segments_32_halfLen_1) created and registered.
I0918 21:50:11.063084 1593317 AssetAttributesManager.cpp:117] Asset attributes (icosphereSolid : icosphereSolid_subdivs_1) created and registered.
I0918 21:50:11.063093 1593317 AssetAttributesManager.cpp:117] Asset attributes (icosphereWireframe : icosphereWireframe_subdivs_1) created and registered.
I0918 21:50:11.063107 1593317 AssetAttributesManager.cpp:117] Asset attributes (uvSphereSolid : uvSphereSolid_rings_8_segments_16_useTexCoords_false_useTangents_false) created and registered.
I0918 21:50:11.063120 1593317 AssetAttributesManager.cpp:117] Asset attributes (uvSphereWireframe : uvSphereWireframe_rings_16_segments_32) created and registered.
I0918 21:50:11.063127 1593317 AssetAttributesManager.cpp:105] AssetAttributesManager::buildCtorFuncPtrMaps : Built default primitive asset templates : 12
I0918 21:50:11.063527 1593317 SceneDatasetAttributesManager.cpp:23] File (default) not found, so new default dataset attributes created and registered.
I0918 21:50:11.063529 1593317 MetadataMediator.cpp:47] MetadataMediator::createDataset : Dataset default successfully created.
I0918 21:50:11.063717 1593317 AttributesManagerBase.h:283] AttributesManager<T>::createFromJsonOrDefaultInternal  (Physics Manager) : Proposing JSON name : ./data/default.physics_config.json from original name : ./data/default.physics_config.json | This file  does not exist.
I0918 21:50:11.063730 1593317 PhysicsAttributesManager.cpp:27] File (./data/default.physics_config.json) not found, so new default physics manager attributes created and registered.
I0918 21:50:11.063732 1593317 AbstractObjectAttributesManagerBase.h:175] AbstractObjectAttributesManager<T>::createObject  (Stage) : Making attributes with handle : /mnt/data_nas/deeprobotics/daiyang/vla/third_party/ETP-R1/data/scene_datasets/mp3d/B6ByNegPMKs/B6ByNegPMKs.glb
I0918 21:50:11.063737 1593317 ManagedContainerBase.cpp:19] ManagedContainerBase::convertFilenameToJSON : Filename : /mnt/data_nas/deeprobotics/daiyang/vla/third_party/ETP-R1/data/scene_datasets/mp3d/B6ByNegPMKs/B6ByNegPMKs.glb changed to proposed JSON configuration filename : /mnt/data_nas/deeprobotics/daiyang/vla/third_party/ETP-R1/data/scene_datasets/mp3d/B6ByNegPMKs/B6ByNegPMKs.stage_config.json
I0918 21:50:11.063755 1593317 AttributesManagerBase.h:283] AttributesManager<T>::createFromJsonOrDefaultInternal  (Stage) : Proposing JSON name : /mnt/data_nas/deeprobotics/daiyang/vla/third_party/ETP-R1/data/scene_datasets/mp3d/B6ByNegPMKs/B6ByNegPMKs.stage_config.json from original name : /mnt/data_nas/deeprobotics/daiyang/vla/third_party/ETP-R1/data/scene_datasets/mp3d/B6ByNegPMKs/B6ByNegPMKs.glb | This file  does not exist.
I0918 21:50:11.063802 1593317 AbstractObjectAttributesManagerBase.h:181] AbstractObjectAttributesManager<T>::createObject  (Stage) : Done making attributes with handle : /mnt/data_nas/deeprobotics/daiyang/vla/third_party/ETP-R1/data/scene_datasets/mp3d/B6ByNegPMKs/B6ByNegPMKs.glb
I0918 21:50:11.063804 1593317 AbstractObjectAttributesManagerBase.h:188] File (/mnt/data_nas/deeprobotics/daiyang/vla/third_party/ETP-R1/data/scene_datasets/mp3d/B6ByNegPMKs/B6ByNegPMKs.glb) exists but is not a recognized config filename extension, so new default Stage attributes created and registered.
I0918 21:50:11.063809 1593317 Simulator.cpp:156] Loading navmesh from /mnt/data_nas/deeprobotics/daiyang/vla/third_party/ETP-R1/data/scene_datasets/mp3d/B6ByNegPMKs/B6ByNegPMKs.navmesh
I0918 21:50:11.065227 1593317 Simulator.cpp:158] Loaded.
I0918 21:50:11.065235 1593317 SceneGraph.h:93] Created DrawableGroup: 
Renderer: NVIDIA GeForce RTX 5090/PCIe/SSE2 by NVIDIA Corporation
OpenGL version: 4.6.0 NVIDIA 580.126.09
Using optional features:
    GL_ARB_ES2_compatibility
    GL_ARB_direct_state_access
    GL_ARB_get_texture_sub_image
    GL_ARB_invalidate_subdata
    GL_ARB_multi_bind
    GL_ARB_robustness
    GL_ARB_separate_shader_objects
    GL_ARB_texture_filter_anisotropic
    GL_ARB_texture_storage
    GL_ARB_texture_storage_multisample
    GL_ARB_vertex_array_object
    GL_KHR_debug
Using driver workarounds:
    no-forward-compatible-core-context
    nv-egl-incorrect-gl11-function-pointers
    no-layout-qualifiers-on-old-glsl
    nv-zero-context-profile-mask
    nv-implementation-color-read-format-dsa-broken
    nv-cubemap-inconsistent-compressed-image-size
    nv-cubemap-broken-full-compressed-image-query
    nv-compressed-block-size-in-bits
I0918 21:50:11.068780 1593317 ResourceManager.cpp:234] ResourceManager::loadStage : Not loading semantic mesh
I0918 21:50:11.068789 1593317 ResourceManager.cpp:262] ResourceManager::loadStage : start load render asset /mnt/data_nas/deeprobotics/daiyang/vla/third_party/ETP-R1/data/scene_datasets/mp3d/B6ByNegPMKs/B6ByNegPMKs.glb.
I0918 21:50:11.068791 1593317 ResourceManager.cpp:569] ResourceManager::loadStageInternal : Attempting to load stage /mnt/data_nas/deeprobotics/daiyang/vla/third_party/ETP-R1/data/scene_datasets/mp3d/B6ByNegPMKs/B6ByNegPMKs.glb 
I0918 21:50:11.068806 1593317 ResourceManager.cpp:1119] Importing Basis files as BC7 for B6ByNegPMKs.glb
W0918 21:50:20.759632 1593317 Simulator.cpp:248] :
---
 The active scene does not contain semantic annotations. 
---
I0918 21:50:20.954314 1593317 simulator.py:213] Loaded navmesh /mnt/data_nas/deeprobotics/daiyang/vla/third_party/ETP-R1/data/scene_datasets/mp3d/B6ByNegPMKs/B6ByNegPMKs.navmesh
I0918 21:51:36.035693 1593317 PhysicsManager.cpp:33] Deconstructing PhysicsManager
I0918 21:51:36.035753 1593317 SemanticScene.h:41] Deconstructing SemanticScene
I0918 21:51:36.052611 1593317 SceneManager.h:25] Deconstructing SceneManager
I0918 21:51:36.052627 1593317 SceneGraph.h:26] Deconstructing SceneGraph
I0918 21:51:36.053114 1593317 Sensor.h:87] Deconstructing Sensor
I0918 21:51:36.073494 1593317 Renderer.cpp:34] Deconstructing Renderer
I0918 21:51:36.073529 1593317 WindowlessContext.h:17] Deconstructing WindowlessContext
I0918 21:51:36.092237 1593317 ManagedContainerBase.cpp:19] ManagedContainerBase::convertFilenameToJSON : Filename : default changed to proposed JSON configuration filename : default.scene_dataset_config.json
I0918 21:51:36.092265 1593317 AttributesManagerBase.h:283] AttributesManager<T>::createFromJsonOrDefaultInternal  (Dataset) : Proposing JSON name : default.scene_dataset_config.json from original name : default | This file  does not exist.
I0918 21:51:36.092417 1593317 AssetAttributesManager.cpp:117] Asset attributes (capsule3DSolid : capsule3DSolid_hemiRings_4_cylRings_1_segments_12_halfLen_0.75_useTexCoords_false_useTangents_false) created and registered.
I0918 21:51:36.092445 1593317 AssetAttributesManager.cpp:117] Asset attributes (capsule3DWireframe : capsule3DWireframe_hemiRings_8_cylRings_1_segments_16_halfLen_1) created and registered.
I0918 21:51:36.092468 1593317 AssetAttributesManager.cpp:117] Asset attributes (coneSolid : coneSolid_segments_12_halfLen_1.25_rings_1_useTexCoords_false_useTangents_false_capEnd_true) created and registered.
I0918 21:51:36.092482 1593317 AssetAttributesManager.cpp:117] Asset attributes (coneWireframe : coneWireframe_segments_32_halfLen_1.25) created and registered.
I0918 21:51:36.092491 1593317 AssetAttributesManager.cpp:117] Asset attributes (cubeSolid : cubeSolid) created and registered.
I0918 21:51:36.092499 1593317 AssetAttributesManager.cpp:117] Asset attributes (cubeWireframe : cubeWireframe) created and registered.
I0918 21:51:36.092518 1593317 AssetAttributesManager.cpp:117] Asset attributes (cylinderSolid : cylinderSolid_rings_1_segments_12_halfLen_1_useTexCoords_false_useTangents_false_capEnds_true) created and registered.
I0918 21:51:36.092536 1593317 AssetAttributesManager.cpp:117] Asset attributes (cylinderWireframe : cylinderWireframe_rings_1_segments_32_halfLen_1) created and registered.
I0918 21:51:36.092547 1593317 AssetAttributesManager.cpp:117] Asset attributes (icosphereSolid : icosphereSolid_subdivs_1) created and registered.
I0918 21:51:36.092556 1593317 AssetAttributesManager.cpp:117] Asset attributes (icosphereWireframe : icosphereWireframe_subdivs_1) created and registered.
I0918 21:51:36.092571 1593317 AssetAttributesManager.cpp:117] Asset attributes (uvSphereSolid : uvSphereSolid_rings_8_segments_16_useTexCoords_false_useTangents_false) created and registered.
I0918 21:51:36.092585 1593317 AssetAttributesManager.cpp:117] Asset attributes (uvSphereWireframe : uvSphereWireframe_rings_16_segments_32) created and registered.
I0918 21:51:36.092592 1593317 AssetAttributesManager.cpp:105] AssetAttributesManager::buildCtorFuncPtrMaps : Built default primitive asset templates : 12
I0918 21:51:36.092998 1593317 SceneDatasetAttributesManager.cpp:23] File (default) not found, so new default dataset attributes created and registered.
I0918 21:51:36.093000 1593317 MetadataMediator.cpp:47] MetadataMediator::createDataset : Dataset default successfully created.
I0918 21:51:36.093205 1593317 AttributesManagerBase.h:283] AttributesManager<T>::createFromJsonOrDefaultInternal  (Physics Manager) : Proposing JSON name : ./data/default.physics_config.json from original name : ./data/default.physics_config.json | This file  does not exist.
I0918 21:51:36.093218 1593317 PhysicsAttributesManager.cpp:27] File (./data/default.physics_config.json) not found, so new default physics manager attributes created and registered.
I0918 21:51:36.093221 1593317 AbstractObjectAttributesManagerBase.h:175] AbstractObjectAttributesManager<T>::createObject  (Stage) : Making attributes with handle : /mnt/data_nas/deeprobotics/daiyang/vla/third_party/ETP-R1/data/scene_datasets/mp3d/PuKPg4mmafe/PuKPg4mmafe.glb
I0918 21:51:36.093225 1593317 ManagedContainerBase.cpp:19] ManagedContainerBase::convertFilenameToJSON : Filename : /mnt/data_nas/deeprobotics/daiyang/vla/third_party/ETP-R1/data/scene_datasets/mp3d/PuKPg4mmafe/PuKPg4mmafe.glb changed to proposed JSON configuration filename : /mnt/data_nas/deeprobotics/daiyang/vla/third_party/ETP-R1/data/scene_datasets/mp3d/PuKPg4mmafe/PuKPg4mmafe.stage_config.json
I0918 21:51:36.093237 1593317 AttributesManagerBase.h:283] AttributesManager<T>::createFromJsonOrDefaultInternal  (Stage) : Proposing JSON name : /mnt/data_nas/deeprobotics/daiyang/vla/third_party/ETP-R1/data/scene_datasets/mp3d/PuKPg4mmafe/PuKPg4mmafe.stage_config.json from original name : /mnt/data_nas/deeprobotics/daiyang/vla/third_party/ETP-R1/data/scene_datasets/mp3d/PuKPg4mmafe/PuKPg4mmafe.glb | This file  does not exist.
I0918 21:51:36.093292 1593317 AbstractObjectAttributesManagerBase.h:181] AbstractObjectAttributesManager<T>::createObject  (Stage) : Done making attributes with handle : /mnt/data_nas/deeprobotics/daiyang/vla/third_party/ETP-R1/data/scene_datasets/mp3d/PuKPg4mmafe/PuKPg4mmafe.glb
I0918 21:51:36.093294 1593317 AbstractObjectAttributesManagerBase.h:188] File (/mnt/data_nas/deeprobotics/daiyang/vla/third_party/ETP-R1/data/scene_datasets/mp3d/PuKPg4mmafe/PuKPg4mmafe.glb) exists but is not a recognized config filename extension, so new default Stage attributes created and registered.
I0918 21:51:36.093299 1593317 Simulator.cpp:156] Loading navmesh from /mnt/data_nas/deeprobotics/daiyang/vla/third_party/ETP-R1/data/scene_datasets/mp3d/PuKPg4mmafe/PuKPg4mmafe.navmesh
I0918 21:51:36.094549 1593317 Simulator.cpp:158] Loaded.
I0918 21:51:36.094559 1593317 SceneGraph.h:93] Created DrawableGroup: 
Renderer: NVIDIA GeForce RTX 5090/PCIe/SSE2 by NVIDIA Corporation
OpenGL version: 4.6.0 NVIDIA 580.126.09
Using optional features:
    GL_ARB_ES2_compatibility
    GL_ARB_direct_state_access
    GL_ARB_get_texture_sub_image
    GL_ARB_invalidate_subdata
    GL_ARB_multi_bind
    GL_ARB_robustness
    GL_ARB_separate_shader_objects
    GL_ARB_texture_filter_anisotropic
    GL_ARB_texture_storage
    GL_ARB_texture_storage_multisample
    GL_ARB_vertex_array_object
    GL_KHR_debug
Using driver workarounds:
    no-forward-compatible-core-context
    nv-egl-incorrect-gl11-function-pointers
    no-layout-qualifiers-on-old-glsl
    nv-zero-context-profile-mask
    nv-implementation-color-read-format-dsa-broken
    nv-cubemap-inconsistent-compressed-image-size
    nv-cubemap-broken-full-compressed-image-query
    nv-compressed-block-size-in-bits
I0918 21:51:36.098239 1593317 ResourceManager.cpp:234] ResourceManager::loadStage : Not loading semantic mesh
I0918 21:51:36.098248 1593317 ResourceManager.cpp:262] ResourceManager::loadStage : start load render asset /mnt/data_nas/deeprobotics/daiyang/vla/third_party/ETP-R1/data/scene_datasets/mp3d/PuKPg4mmafe/PuKPg4mmafe.glb.
I0918 21:51:36.098251 1593317 ResourceManager.cpp:569] ResourceManager::loadStageInternal : Attempting to load stage /mnt/data_nas/deeprobotics/daiyang/vla/third_party/ETP-R1/data/scene_datasets/mp3d/PuKPg4mmafe/PuKPg4mmafe.glb 
I0918 21:51:36.098268 1593317 ResourceManager.cpp:1119] Importing Basis files as BC7 for PuKPg4mmafe.glb
W0918 21:51:40.852938 1593317 Simulator.cpp:248] :
---
 The active scene does not contain semantic annotations. 
---
I0918 21:51:40.873147 1593317 simulator.py:213] Loaded navmesh /mnt/data_nas/deeprobotics/daiyang/vla/third_party/ETP-R1/data/scene_datasets/mp3d/PuKPg4mmafe/PuKPg4mmafe.navmesh
I0918 21:53:08.886708 1593317 PhysicsManager.cpp:33] Deconstructing PhysicsManager
I0918 21:53:08.886757 1593317 SemanticScene.h:41] Deconstructing SemanticScene
I0918 21:53:08.887655 1593317 SceneManager.h:25] Deconstructing SceneManager
I0918 21:53:08.887660 1593317 SceneGraph.h:26] Deconstructing SceneGraph
I0918 21:53:08.887887 1593317 Sensor.h:87] Deconstructing Sensor
I0918 21:53:08.892439 1593317 Renderer.cpp:34] Deconstructing Renderer
I0918 21:53:08.892463 1593317 WindowlessContext.h:17] Deconstructing WindowlessContext
I0918 21:53:08.905221 1593317 ManagedContainerBase.cpp:19] ManagedContainerBase::convertFilenameToJSON : Filename : default changed to proposed JSON configuration filename : default.scene_dataset_config.json
I0918 21:53:08.905241 1593317 AttributesManagerBase.h:283] AttributesManager<T>::createFromJsonOrDefaultInternal  (Dataset) : Proposing JSON name : default.scene_dataset_config.json from original name : default | This file  does not exist.
I0918 21:53:08.905361 1593317 AssetAttributesManager.cpp:117] Asset attributes (capsule3DSolid : capsule3DSolid_hemiRings_4_cylRings_1_segments_12_halfLen_0.75_useTexCoords_false_useTangents_false) created and registered.
I0918 21:53:08.905395 1593317 AssetAttributesManager.cpp:117] Asset attributes (capsule3DWireframe : capsule3DWireframe_hemiRings_8_cylRings_1_segments_16_halfLen_1) created and registered.
I0918 21:53:08.905418 1593317 AssetAttributesManager.cpp:117] Asset attributes (coneSolid : coneSolid_segments_12_halfLen_1.25_rings_1_useTexCoords_false_useTangents_false_capEnd_true) created and registered.
I0918 21:53:08.905433 1593317 AssetAttributesManager.cpp:117] Asset attributes (coneWireframe : coneWireframe_segments_32_halfLen_1.25) created and registered.
I0918 21:53:08.905441 1593317 AssetAttributesManager.cpp:117] Asset attributes (cubeSolid : cubeSolid) created and registered.
I0918 21:53:08.905448 1593317 AssetAttributesManager.cpp:117] Asset attributes (cubeWireframe : cubeWireframe) created and registered.
I0918 21:53:08.905468 1593317 AssetAttributesManager.cpp:117] Asset attributes (cylinderSolid : cylinderSolid_rings_1_segments_12_halfLen_1_useTexCoords_false_useTangents_false_capEnds_true) created and registered.
I0918 21:53:08.905486 1593317 AssetAttributesManager.cpp:117] Asset attributes (cylinderWireframe : cylinderWireframe_rings_1_segments_32_halfLen_1) created and registered.
I0918 21:53:08.905498 1593317 AssetAttributesManager.cpp:117] Asset attributes (icosphereSolid : icosphereSolid_subdivs_1) created and registered.
I0918 21:53:08.905506 1593317 AssetAttributesManager.cpp:117] Asset attributes (icosphereWireframe : icosphereWireframe_subdivs_1) created and registered.
I0918 21:53:08.905520 1593317 AssetAttributesManager.cpp:117] Asset attributes (uvSphereSolid : uvSphereSolid_rings_8_segments_16_useTexCoords_false_useTangents_false) created and registered.
I0918 21:53:08.905534 1593317 AssetAttributesManager.cpp:117] Asset attributes (uvSphereWireframe : uvSphereWireframe_rings_16_segments_32) created and registered.
I0918 21:53:08.905539 1593317 AssetAttributesManager.cpp:105] AssetAttributesManager::buildCtorFuncPtrMaps : Built default primitive asset templates : 12
I0918 21:53:08.905931 1593317 SceneDatasetAttributesManager.cpp:23] File (default) not found, so new default dataset attributes created and registered.
I0918 21:53:08.905933 1593317 MetadataMediator.cpp:47] MetadataMediator::createDataset : Dataset default successfully created.
I0918 21:53:08.907040 1593317 AttributesManagerBase.h:283] AttributesManager<T>::createFromJsonOrDefaultInternal  (Physics Manager) : Proposing JSON name : ./data/default.physics_config.json from original name : ./data/default.physics_config.json | This file  does not exist.
I0918 21:53:08.907059 1593317 PhysicsAttributesManager.cpp:27] File (./data/default.physics_config.json) not found, so new default physics manager attributes created and registered.
I0918 21:53:08.907063 1593317 AbstractObjectAttributesManagerBase.h:175] AbstractObjectAttributesManager<T>::createObject  (Stage) : Making attributes with handle : /mnt/data_nas/deeprobotics/daiyang/vla/third_party/ETP-R1/data/scene_datasets/mp3d/XcA2TqTSSAj/XcA2TqTSSAj.glb
I0918 21:53:08.907068 1593317 ManagedContainerBase.cpp:19] ManagedContainerBase::convertFilenameToJSON : Filename : /mnt/data_nas/deeprobotics/daiyang/vla/third_party/ETP-R1/data/scene_datasets/mp3d/XcA2TqTSSAj/XcA2TqTSSAj.glb changed to proposed JSON configuration filename : /mnt/data_nas/deeprobotics/daiyang/vla/third_party/ETP-R1/data/scene_datasets/mp3d/XcA2TqTSSAj/XcA2TqTSSAj.stage_config.json
I0918 21:53:08.910195 1593317 AttributesManagerBase.h:283] AttributesManager<T>::createFromJsonOrDefaultInternal  (Stage) : Proposing JSON name : /mnt/data_nas/deeprobotics/daiyang/vla/third_party/ETP-R1/data/scene_datasets/mp3d/XcA2TqTSSAj/XcA2TqTSSAj.stage_config.json from original name : /mnt/data_nas/deeprobotics/daiyang/vla/third_party/ETP-R1/data/scene_datasets/mp3d/XcA2TqTSSAj/XcA2TqTSSAj.glb | This file  does not exist.
I0918 21:53:08.910247 1593317 AbstractObjectAttributesManagerBase.h:181] AbstractObjectAttributesManager<T>::createObject  (Stage) : Done making attributes with handle : /mnt/data_nas/deeprobotics/daiyang/vla/third_party/ETP-R1/data/scene_datasets/mp3d/XcA2TqTSSAj/XcA2TqTSSAj.glb
I0918 21:53:08.910254 1593317 AbstractObjectAttributesManagerBase.h:188] File (/mnt/data_nas/deeprobotics/daiyang/vla/third_party/ETP-R1/data/scene_datasets/mp3d/XcA2TqTSSAj/XcA2TqTSSAj.glb) exists but is not a recognized config filename extension, so new default Stage attributes created and registered.
I0918 21:53:08.910259 1593317 Simulator.cpp:156] Loading navmesh from /mnt/data_nas/deeprobotics/daiyang/vla/third_party/ETP-R1/data/scene_datasets/mp3d/XcA2TqTSSAj/XcA2TqTSSAj.navmesh
I0918 21:53:08.912703 1593317 Simulator.cpp:158] Loaded.
I0918 21:53:08.912712 1593317 SceneGraph.h:93] Created DrawableGroup: 
Renderer: NVIDIA GeForce RTX 5090/PCIe/SSE2 by NVIDIA Corporation
OpenGL version: 4.6.0 NVIDIA 580.126.09
Using optional features:
    GL_ARB_ES2_compatibility
    GL_ARB_direct_state_access
    GL_ARB_get_texture_sub_image
    GL_ARB_invalidate_subdata
    GL_ARB_multi_bind
    GL_ARB_robustness
    GL_ARB_separate_shader_objects
    GL_ARB_texture_filter_anisotropic
    GL_ARB_texture_storage
    GL_ARB_texture_storage_multisample
    GL_ARB_vertex_array_object
    GL_KHR_debug
Using driver workarounds:
    no-forward-compatible-core-context
    nv-egl-incorrect-gl11-function-pointers
    no-layout-qualifiers-on-old-glsl
    nv-zero-context-profile-mask
    nv-implementation-color-read-format-dsa-broken
    nv-cubemap-inconsistent-compressed-image-size
    nv-cubemap-broken-full-compressed-image-query
    nv-compressed-block-size-in-bits
I0918 21:53:08.916455 1593317 ResourceManager.cpp:234] ResourceManager::loadStage : Not loading semantic mesh
I0918 21:53:08.916464 1593317 ResourceManager.cpp:262] ResourceManager::loadStage : start load render asset /mnt/data_nas/deeprobotics/daiyang/vla/third_party/ETP-R1/data/scene_datasets/mp3d/XcA2TqTSSAj/XcA2TqTSSAj.glb.
I0918 21:53:08.916467 1593317 ResourceManager.cpp:569] ResourceManager::loadStageInternal : Attempting to load stage /mnt/data_nas/deeprobotics/daiyang/vla/third_party/ETP-R1/data/scene_datasets/mp3d/XcA2TqTSSAj/XcA2TqTSSAj.glb 
I0918 21:53:08.916484 1593317 ResourceManager.cpp:1119] Importing Basis files as BC7 for XcA2TqTSSAj.glb
W0918 21:53:10.915681 1593317 Simulator.cpp:248] :
---
 The active scene does not contain semantic annotations. 
---
I0918 21:53:10.964849 1593317 simulator.py:213] Loaded navmesh /mnt/data_nas/deeprobotics/daiyang/vla/third_party/ETP-R1/data/scene_datasets/mp3d/XcA2TqTSSAj/XcA2TqTSSAj.navmesh
I0918 21:56:44.402738 1593317 PhysicsManager.cpp:33] Deconstructing PhysicsManager
I0918 21:56:44.402789 1593317 SemanticScene.h:41] Deconstructing SemanticScene
I0918 21:56:44.406008 1593317 SceneManager.h:25] Deconstructing SceneManager
I0918 21:56:44.406020 1593317 SceneGraph.h:26] Deconstructing SceneGraph
I0918 21:56:44.406720 1593317 Sensor.h:87] Deconstructing Sensor
I0918 21:56:44.410903 1593317 Renderer.cpp:34] Deconstructing Renderer
I0918 21:56:44.410928 1593317 WindowlessContext.h:17] Deconstructing WindowlessContext
I0918 21:56:44.418002 1593317 ManagedContainerBase.cpp:19] ManagedContainerBase::convertFilenameToJSON : Filename : default changed to proposed JSON configuration filename : default.scene_dataset_config.json
I0918 21:56:44.418025 1593317 AttributesManagerBase.h:283] AttributesManager<T>::createFromJsonOrDefaultInternal  (Dataset) : Proposing JSON name : default.scene_dataset_config.json from original name : default | This file  does not exist.
I0918 21:56:44.418259 1593317 AssetAttributesManager.cpp:117] Asset attributes (capsule3DSolid : capsule3DSolid_hemiRings_4_cylRings_1_segments_12_halfLen_0.75_useTexCoords_false_useTangents_false) created and registered.
I0918 21:56:44.418306 1593317 AssetAttributesManager.cpp:117] Asset attributes (capsule3DWireframe : capsule3DWireframe_hemiRings_8_cylRings_1_segments_16_halfLen_1) created and registered.
I0918 21:56:44.418344 1593317 AssetAttributesManager.cpp:117] Asset attributes (coneSolid : coneSolid_segments_12_halfLen_1.25_rings_1_useTexCoords_false_useTangents_false_capEnd_true) created and registered.
I0918 21:56:44.418373 1593317 AssetAttributesManager.cpp:117] Asset attributes (coneWireframe : coneWireframe_segments_32_halfLen_1.25) created and registered.
I0918 21:56:44.418386 1593317 AssetAttributesManager.cpp:117] Asset attributes (cubeSolid : cubeSolid) created and registered.
I0918 21:56:44.418395 1593317 AssetAttributesManager.cpp:117] Asset attributes (cubeWireframe : cubeWireframe) created and registered.
I0918 21:56:44.418426 1593317 AssetAttributesManager.cpp:117] Asset attributes (cylinderSolid : cylinderSolid_rings_1_segments_12_halfLen_1_useTexCoords_false_useTangents_false_capEnds_true) created and registered.
I0918 21:56:44.418452 1593317 AssetAttributesManager.cpp:117] Asset attributes (cylinderWireframe : cylinderWireframe_rings_1_segments_32_halfLen_1) created and registered.
I0918 21:56:44.418468 1593317 AssetAttributesManager.cpp:117] Asset attributes (icosphereSolid : icosphereSolid_subdivs_1) created and registered.
I0918 21:56:44.418479 1593317 AssetAttributesManager.cpp:117] Asset attributes (icosphereWireframe : icosphereWireframe_subdivs_1) created and registered.
I0918 21:56:44.418494 1593317 AssetAttributesManager.cpp:117] Asset attributes (uvSphereSolid : uvSphereSolid_rings_8_segments_16_useTexCoords_false_useTangents_false) created and registered.
I0918 21:56:44.418509 1593317 AssetAttributesManager.cpp:117] Asset attributes (uvSphereWireframe : uvSphereWireframe_rings_16_segments_32) created and registered.
I0918 21:56:44.418514 1593317 AssetAttributesManager.cpp:105] AssetAttributesManager::buildCtorFuncPtrMaps : Built default primitive asset templates : 12
I0918 21:56:44.418958 1593317 SceneDatasetAttributesManager.cpp:23] File (default) not found, so new default dataset attributes created and registered.
I0918 21:56:44.418962 1593317 MetadataMediator.cpp:47] MetadataMediator::createDataset : Dataset default successfully created.
I0918 21:56:44.419174 1593317 AttributesManagerBase.h:283] AttributesManager<T>::createFromJsonOrDefaultInternal  (Physics Manager) : Proposing JSON name : ./data/default.physics_config.json from original name : ./data/default.physics_config.json | This file  does not exist.
I0918 21:56:44.419188 1593317 PhysicsAttributesManager.cpp:27] File (./data/default.physics_config.json) not found, so new default physics manager attributes created and registered.
I0918 21:56:44.419193 1593317 AbstractObjectAttributesManagerBase.h:175] AbstractObjectAttributesManager<T>::createObject  (Stage) : Making attributes with handle : /mnt/data_nas/deeprobotics/daiyang/vla/third_party/ETP-R1/data/scene_datasets/mp3d/aayBHfsNo7d/aayBHfsNo7d.glb
I0918 21:56:44.419196 1593317 ManagedContainerBase.cpp:19] ManagedContainerBase::convertFilenameToJSON : Filename : /mnt/data_nas/deeprobotics/daiyang/vla/third_party/ETP-R1/data/scene_datasets/mp3d/aayBHfsNo7d/aayBHfsNo7d.glb changed to proposed JSON configuration filename : /mnt/data_nas/deeprobotics/daiyang/vla/third_party/ETP-R1/data/scene_datasets/mp3d/aayBHfsNo7d/aayBHfsNo7d.stage_config.json
I0918 21:56:44.419209 1593317 AttributesManagerBase.h:283] AttributesManager<T>::createFromJsonOrDefaultInternal  (Stage) : Proposing JSON name : /mnt/data_nas/deeprobotics/daiyang/vla/third_party/ETP-R1/data/scene_datasets/mp3d/aayBHfsNo7d/aayBHfsNo7d.stage_config.json from original name : /mnt/data_nas/deeprobotics/daiyang/vla/third_party/ETP-R1/data/scene_datasets/mp3d/aayBHfsNo7d/aayBHfsNo7d.glb | This file  does not exist.
I0918 21:56:44.419279 1593317 AbstractObjectAttributesManagerBase.h:181] AbstractObjectAttributesManager<T>::createObject  (Stage) : Done making attributes with handle : /mnt/data_nas/deeprobotics/daiyang/vla/third_party/ETP-R1/data/scene_datasets/mp3d/aayBHfsNo7d/aayBHfsNo7d.glb
I0918 21:56:44.419281 1593317 AbstractObjectAttributesManagerBase.h:188] File (/mnt/data_nas/deeprobotics/daiyang/vla/third_party/ETP-R1/data/scene_datasets/mp3d/aayBHfsNo7d/aayBHfsNo7d.glb) exists but is not a recognized config filename extension, so new default Stage attributes created and registered.
I0918 21:56:44.419292 1593317 Simulator.cpp:156] Loading navmesh from /mnt/data_nas/deeprobotics/daiyang/vla/third_party/ETP-R1/data/scene_datasets/mp3d/aayBHfsNo7d/aayBHfsNo7d.navmesh
I0918 21:56:44.420107 1593317 Simulator.cpp:158] Loaded.
I0918 21:56:44.420115 1593317 SceneGraph.h:93] Created DrawableGroup: 
Renderer: NVIDIA GeForce RTX 5090/PCIe/SSE2 by NVIDIA Corporation
OpenGL version: 4.6.0 NVIDIA 580.126.09
Using optional features:
    GL_ARB_ES2_compatibility
    GL_ARB_direct_state_access
    GL_ARB_get_texture_sub_image
    GL_ARB_invalidate_subdata
    GL_ARB_multi_bind
    GL_ARB_robustness
    GL_ARB_separate_shader_objects
    GL_ARB_texture_filter_anisotropic
    GL_ARB_texture_storage
    GL_ARB_texture_storage_multisample
    GL_ARB_vertex_array_object
    GL_KHR_debug
Using driver workarounds:
    no-forward-compatible-core-context
    nv-egl-incorrect-gl11-function-pointers
    no-layout-qualifiers-on-old-glsl
    nv-zero-context-profile-mask
    nv-implementation-color-read-format-dsa-broken
    nv-cubemap-inconsistent-compressed-image-size
    nv-cubemap-broken-full-compressed-image-query
    nv-compressed-block-size-in-bits
I0918 21:56:44.423866 1593317 ResourceManager.cpp:234] ResourceManager::loadStage : Not loading semantic mesh
I0918 21:56:44.423874 1593317 ResourceManager.cpp:262] ResourceManager::loadStage : start load render asset /mnt/data_nas/deeprobotics/daiyang/vla/third_party/ETP-R1/data/scene_datasets/mp3d/aayBHfsNo7d/aayBHfsNo7d.glb.
I0918 21:56:44.423877 1593317 ResourceManager.cpp:569] ResourceManager::loadStageInternal : Attempting to load stage /mnt/data_nas/deeprobotics/daiyang/vla/third_party/ETP-R1/data/scene_datasets/mp3d/aayBHfsNo7d/aayBHfsNo7d.glb 
I0918 21:56:44.423892 1593317 ResourceManager.cpp:1119] Importing Basis files as BC7 for aayBHfsNo7d.glb
W0918 21:56:46.015486 1593317 Simulator.cpp:248] :
---
 The active scene does not contain semantic annotations. 
---
I0918 21:56:46.056443 1593317 simulator.py:213] Loaded navmesh /mnt/data_nas/deeprobotics/daiyang/vla/third_party/ETP-R1/data/scene_datasets/mp3d/aayBHfsNo7d/aayBHfsNo7d.navmesh
I0918 21:58:07.160491 1593317 PhysicsManager.cpp:33] Deconstructing PhysicsManager
I0918 21:58:07.160532 1593317 SemanticScene.h:41] Deconstructing SemanticScene
I0918 21:58:07.162992 1593317 SceneManager.h:25] Deconstructing SceneManager
I0918 21:58:07.163000 1593317 SceneGraph.h:26] Deconstructing SceneGraph
I0918 21:58:07.163224 1593317 Sensor.h:87] Deconstructing Sensor
I0918 21:58:07.170060 1593317 Renderer.cpp:34] Deconstructing Renderer
I0918 21:58:07.170084 1593317 WindowlessContext.h:17] Deconstructing WindowlessContext
I0918 21:58:07.197386 1593317 ManagedContainerBase.cpp:19] ManagedContainerBase::convertFilenameToJSON : Filename : default changed to proposed JSON configuration filename : default.scene_dataset_config.json
I0918 21:58:07.197412 1593317 AttributesManagerBase.h:283] AttributesManager<T>::createFromJsonOrDefaultInternal  (Dataset) : Proposing JSON name : default.scene_dataset_config.json from original name : default | This file  does not exist.
I0918 21:58:07.197482 1593317 AssetAttributesManager.cpp:117] Asset attributes (capsule3DSolid : capsule3DSolid_hemiRings_4_cylRings_1_segments_12_halfLen_0.75_useTexCoords_false_useTangents_false) created and registered.
I0918 21:58:07.197510 1593317 AssetAttributesManager.cpp:117] Asset attributes (capsule3DWireframe : capsule3DWireframe_hemiRings_8_cylRings_1_segments_16_halfLen_1) created and registered.
I0918 21:58:07.197533 1593317 AssetAttributesManager.cpp:117] Asset attributes (coneSolid : coneSolid_segments_12_halfLen_1.25_rings_1_useTexCoords_false_useTangents_false_capEnd_true) created and registered.
I0918 21:58:07.197547 1593317 AssetAttributesManager.cpp:117] Asset attributes (coneWireframe : coneWireframe_segments_32_halfLen_1.25) created and registered.
I0918 21:58:07.197556 1593317 AssetAttributesManager.cpp:117] Asset attributes (cubeSolid : cubeSolid) created and registered.
I0918 21:58:07.197569 1593317 AssetAttributesManager.cpp:117] Asset attributes (cubeWireframe : cubeWireframe) created and registered.
I0918 21:58:07.197589 1593317 AssetAttributesManager.cpp:117] Asset attributes (cylinderSolid : cylinderSolid_rings_1_segments_12_halfLen_1_useTexCoords_false_useTangents_false_capEnds_true) created and registered.
I0918 21:58:07.197606 1593317 AssetAttributesManager.cpp:117] Asset attributes (cylinderWireframe : cylinderWireframe_rings_1_segments_32_halfLen_1) created and registered.
I0918 21:58:07.197618 1593317 AssetAttributesManager.cpp:117] Asset attributes (icosphereSolid : icosphereSolid_subdivs_1) created and registered.
I0918 21:58:07.197628 1593317 AssetAttributesManager.cpp:117] Asset attributes (icosphereWireframe : icosphereWireframe_subdivs_1) created and registered.
I0918 21:58:07.197640 1593317 AssetAttributesManager.cpp:117] Asset attributes (uvSphereSolid : uvSphereSolid_rings_8_segments_16_useTexCoords_false_useTangents_false) created and registered.
I0918 21:58:07.197654 1593317 AssetAttributesManager.cpp:117] Asset attributes (uvSphereWireframe : uvSphereWireframe_rings_16_segments_32) created and registered.
I0918 21:58:07.197660 1593317 AssetAttributesManager.cpp:105] AssetAttributesManager::buildCtorFuncPtrMaps : Built default primitive asset templates : 12
I0918 21:58:07.198060 1593317 SceneDatasetAttributesManager.cpp:23] File (default) not found, so new default dataset attributes created and registered.
I0918 21:58:07.198062 1593317 MetadataMediator.cpp:47] MetadataMediator::createDataset : Dataset default successfully created.
I0918 21:58:07.198259 1593317 AttributesManagerBase.h:283] AttributesManager<T>::createFromJsonOrDefaultInternal  (Physics Manager) : Proposing JSON name : ./data/default.physics_config.json from original name : ./data/default.physics_config.json | This file  does not exist.
I0918 21:58:07.198278 1593317 PhysicsAttributesManager.cpp:27] File (./data/default.physics_config.json) not found, so new default physics manager attributes created and registered.
I0918 21:58:07.198282 1593317 AbstractObjectAttributesManagerBase.h:175] AbstractObjectAttributesManager<T>::createObject  (Stage) : Making attributes with handle : /mnt/data_nas/deeprobotics/daiyang/vla/third_party/ETP-R1/data/scene_datasets/mp3d/82sE5b5pLXE/82sE5b5pLXE.glb
I0918 21:58:07.198287 1593317 ManagedContainerBase.cpp:19] ManagedContainerBase::convertFilenameToJSON : Filename : /mnt/data_nas/deeprobotics/daiyang/vla/third_party/ETP-R1/data/scene_datasets/mp3d/82sE5b5pLXE/82sE5b5pLXE.glb changed to proposed JSON configuration filename : /mnt/data_nas/deeprobotics/daiyang/vla/third_party/ETP-R1/data/scene_datasets/mp3d/82sE5b5pLXE/82sE5b5pLXE.stage_config.json
I0918 21:58:07.198299 1593317 AttributesManagerBase.h:283] AttributesManager<T>::createFromJsonOrDefaultInternal  (Stage) : Proposing JSON name : /mnt/data_nas/deeprobotics/daiyang/vla/third_party/ETP-R1/data/scene_datasets/mp3d/82sE5b5pLXE/82sE5b5pLXE.stage_config.json from original name : /mnt/data_nas/deeprobotics/daiyang/vla/third_party/ETP-R1/data/scene_datasets/mp3d/82sE5b5pLXE/82sE5b5pLXE.glb | This file  does not exist.
I0918 21:58:07.198347 1593317 AbstractObjectAttributesManagerBase.h:181] AbstractObjectAttributesManager<T>::createObject  (Stage) : Done making attributes with handle : /mnt/data_nas/deeprobotics/daiyang/vla/third_party/ETP-R1/data/scene_datasets/mp3d/82sE5b5pLXE/82sE5b5pLXE.glb
I0918 21:58:07.198349 1593317 AbstractObjectAttributesManagerBase.h:188] File (/mnt/data_nas/deeprobotics/daiyang/vla/third_party/ETP-R1/data/scene_datasets/mp3d/82sE5b5pLXE/82sE5b5pLXE.glb) exists but is not a recognized config filename extension, so new default Stage attributes created and registered.
I0918 21:58:07.198354 1593317 Simulator.cpp:156] Loading navmesh from /mnt/data_nas/deeprobotics/daiyang/vla/third_party/ETP-R1/data/scene_datasets/mp3d/82sE5b5pLXE/82sE5b5pLXE.navmesh
I0918 21:58:07.199225 1593317 Simulator.cpp:158] Loaded.
I0918 21:58:07.199234 1593317 SceneGraph.h:93] Created DrawableGroup: 
Renderer: NVIDIA GeForce RTX 5090/PCIe/SSE2 by NVIDIA Corporation
OpenGL version: 4.6.0 NVIDIA 580.126.09
Using optional features:
    GL_ARB_ES2_compatibility
    GL_ARB_direct_state_access
    GL_ARB_get_texture_sub_image
    GL_ARB_invalidate_subdata
    GL_ARB_multi_bind
    GL_ARB_robustness
    GL_ARB_separate_shader_objects
    GL_ARB_texture_filter_anisotropic
    GL_ARB_texture_storage
    GL_ARB_texture_storage_multisample
    GL_ARB_vertex_array_object
    GL_KHR_debug
Using driver workarounds:
    no-forward-compatible-core-context
    nv-egl-incorrect-gl11-function-pointers
    no-layout-qualifiers-on-old-glsl
    nv-zero-context-profile-mask
    nv-implementation-color-read-format-dsa-broken
    nv-cubemap-inconsistent-compressed-image-size
    nv-cubemap-broken-full-compressed-image-query
    nv-compressed-block-size-in-bits
I0918 21:58:07.210765 1593317 ResourceManager.cpp:234] ResourceManager::loadStage : Not loading semantic mesh
I0918 21:58:07.210775 1593317 ResourceManager.cpp:262] ResourceManager::loadStage : start load render asset /mnt/data_nas/deeprobotics/daiyang/vla/third_party/ETP-R1/data/scene_datasets/mp3d/82sE5b5pLXE/82sE5b5pLXE.glb.
I0918 21:58:07.210777 1593317 ResourceManager.cpp:569] ResourceManager::loadStageInternal : Attempting to load stage /mnt/data_nas/deeprobotics/daiyang/vla/third_party/ETP-R1/data/scene_datasets/mp3d/82sE5b5pLXE/82sE5b5pLXE.glb 
I0918 21:58:07.210798 1593317 ResourceManager.cpp:1119] Importing Basis files as BC7 for 82sE5b5pLXE.glb
W0918 21:58:09.246003 1593317 Simulator.cpp:248] :
---
 The active scene does not contain semantic annotations. 
---
I0918 21:58:09.282489 1593317 simulator.py:213] Loaded navmesh /mnt/data_nas/deeprobotics/daiyang/vla/third_party/ETP-R1/data/scene_datasets/mp3d/82sE5b5pLXE/82sE5b5pLXE.navmesh
I0918 21:58:46.036553 1593317 PhysicsManager.cpp:33] Deconstructing PhysicsManager
I0918 21:58:46.036603 1593317 SemanticScene.h:41] Deconstructing SemanticScene
I0918 21:58:46.038514 1593317 SceneManager.h:25] Deconstructing SceneManager
I0918 21:58:46.038525 1593317 SceneGraph.h:26] Deconstructing SceneGraph
I0918 21:58:46.038791 1593317 Sensor.h:87] Deconstructing Sensor
I0918 21:58:46.043090 1593317 Renderer.cpp:34] Deconstructing Renderer
I0918 21:58:46.043115 1593317 WindowlessContext.h:17] Deconstructing WindowlessContext
I0918 21:58:46.048355 1593317 ManagedContainerBase.cpp:19] ManagedContainerBase::convertFilenameToJSON : Filename : default changed to proposed JSON configuration filename : default.scene_dataset_config.json
I0918 21:58:46.048372 1593317 AttributesManagerBase.h:283] AttributesManager<T>::createFromJsonOrDefaultInternal  (Dataset) : Proposing JSON name : default.scene_dataset_config.json from original name : default | This file  does not exist.
I0918 21:58:46.048566 1593317 AssetAttributesManager.cpp:117] Asset attributes (capsule3DSolid : capsule3DSolid_hemiRings_4_cylRings_1_segments_12_halfLen_0.75_useTexCoords_false_useTangents_false) created and registered.
I0918 21:58:46.048594 1593317 AssetAttributesManager.cpp:117] Asset attributes (capsule3DWireframe : capsule3DWireframe_hemiRings_8_cylRings_1_segments_16_halfLen_1) created and registered.
I0918 21:58:46.048619 1593317 AssetAttributesManager.cpp:117] Asset attributes (coneSolid : coneSolid_segments_12_halfLen_1.25_rings_1_useTexCoords_false_useTangents_false_capEnd_true) created and registered.
I0918 21:58:46.048632 1593317 AssetAttributesManager.cpp:117] Asset attributes (coneWireframe : coneWireframe_segments_32_halfLen_1.25) created and registered.
I0918 21:58:46.048641 1593317 AssetAttributesManager.cpp:117] Asset attributes (cubeSolid : cubeSolid) created and registered.
I0918 21:58:46.048648 1593317 AssetAttributesManager.cpp:117] Asset attributes (cubeWireframe : cubeWireframe) created and registered.
I0918 21:58:46.048667 1593317 AssetAttributesManager.cpp:117] Asset attributes (cylinderSolid : cylinderSolid_rings_1_segments_12_halfLen_1_useTexCoords_false_useTangents_false_capEnds_true) created and registered.
I0918 21:58:46.048686 1593317 AssetAttributesManager.cpp:117] Asset attributes (cylinderWireframe : cylinderWireframe_rings_1_segments_32_halfLen_1) created and registered.
I0918 21:58:46.048702 1593317 AssetAttributesManager.cpp:117] Asset attributes (icosphereSolid : icosphereSolid_subdivs_1) created and registered.
I0918 21:58:46.048710 1593317 AssetAttributesManager.cpp:117] Asset attributes (icosphereWireframe : icosphereWireframe_subdivs_1) created and registered.
I0918 21:58:46.048725 1593317 AssetAttributesManager.cpp:117] Asset attributes (uvSphereSolid : uvSphereSolid_rings_8_segments_16_useTexCoords_false_useTangents_false) created and registered.
I0918 21:58:46.048738 1593317 AssetAttributesManager.cpp:117] Asset attributes (uvSphereWireframe : uvSphereWireframe_rings_16_segments_32) created and registered.
I0918 21:58:46.048745 1593317 AssetAttributesManager.cpp:105] AssetAttributesManager::buildCtorFuncPtrMaps : Built default primitive asset templates : 12
I0918 21:58:46.049145 1593317 SceneDatasetAttributesManager.cpp:23] File (default) not found, so new default dataset attributes created and registered.
I0918 21:58:46.049147 1593317 MetadataMediator.cpp:47] MetadataMediator::createDataset : Dataset default successfully created.
I0918 21:58:46.049358 1593317 AttributesManagerBase.h:283] AttributesManager<T>::createFromJsonOrDefaultInternal  (Physics Manager) : Proposing JSON name : ./data/default.physics_config.json from original name : ./data/default.physics_config.json | This file  does not exist.
I0918 21:58:46.049369 1593317 PhysicsAttributesManager.cpp:27] File (./data/default.physics_config.json) not found, so new default physics manager attributes created and registered.
I0918 21:58:46.049372 1593317 AbstractObjectAttributesManagerBase.h:175] AbstractObjectAttributesManager<T>::createObject  (Stage) : Making attributes with handle : /mnt/data_nas/deeprobotics/daiyang/vla/third_party/ETP-R1/data/scene_datasets/mp3d/B6ByNegPMKs/B6ByNegPMKs.glb
I0918 21:58:46.049376 1593317 ManagedContainerBase.cpp:19] ManagedContainerBase::convertFilenameToJSON : Filename : /mnt/data_nas/deeprobotics/daiyang/vla/third_party/ETP-R1/data/scene_datasets/mp3d/B6ByNegPMKs/B6ByNegPMKs.glb changed to proposed JSON configuration filename : /mnt/data_nas/deeprobotics/daiyang/vla/third_party/ETP-R1/data/scene_datasets/mp3d/B6ByNegPMKs/B6ByNegPMKs.stage_config.json
I0918 21:58:46.049388 1593317 AttributesManagerBase.h:283] AttributesManager<T>::createFromJsonOrDefaultInternal  (Stage) : Proposing JSON name : /mnt/data_nas/deeprobotics/daiyang/vla/third_party/ETP-R1/data/scene_datasets/mp3d/B6ByNegPMKs/B6ByNegPMKs.stage_config.json from original name : /mnt/data_nas/deeprobotics/daiyang/vla/third_party/ETP-R1/data/scene_datasets/mp3d/B6ByNegPMKs/B6ByNegPMKs.glb | This file  does not exist.
I0918 21:58:46.049434 1593317 AbstractObjectAttributesManagerBase.h:181] AbstractObjectAttributesManager<T>::createObject  (Stage) : Done making attributes with handle : /mnt/data_nas/deeprobotics/daiyang/vla/third_party/ETP-R1/data/scene_datasets/mp3d/B6ByNegPMKs/B6ByNegPMKs.glb
I0918 21:58:46.049436 1593317 AbstractObjectAttributesManagerBase.h:188] File (/mnt/data_nas/deeprobotics/daiyang/vla/third_party/ETP-R1/data/scene_datasets/mp3d/B6ByNegPMKs/B6ByNegPMKs.glb) exists but is not a recognized config filename extension, so new default Stage attributes created and registered.
I0918 21:58:46.049441 1593317 Simulator.cpp:156] Loading navmesh from /mnt/data_nas/deeprobotics/daiyang/vla/third_party/ETP-R1/data/scene_datasets/mp3d/B6ByNegPMKs/B6ByNegPMKs.navmesh
I0918 21:58:46.050631 1593317 Simulator.cpp:158] Loaded.
I0918 21:58:46.050639 1593317 SceneGraph.h:93] Created DrawableGroup: 
Renderer: NVIDIA GeForce RTX 5090/PCIe/SSE2 by NVIDIA Corporation
OpenGL version: 4.6.0 NVIDIA 580.126.09
Using optional features:
    GL_ARB_ES2_compatibility
    GL_ARB_direct_state_access
    GL_ARB_get_texture_sub_image
    GL_ARB_invalidate_subdata
    GL_ARB_multi_bind
    GL_ARB_robustness
    GL_ARB_separate_shader_objects
    GL_ARB_texture_filter_anisotropic
    GL_ARB_texture_storage
    GL_ARB_texture_storage_multisample
    GL_ARB_vertex_array_object
    GL_KHR_debug
Using driver workarounds:
    no-forward-compatible-core-context
    nv-egl-incorrect-gl11-function-pointers
    no-layout-qualifiers-on-old-glsl
    nv-zero-context-profile-mask
    nv-implementation-color-read-format-dsa-broken
    nv-cubemap-inconsistent-compressed-image-size
    nv-cubemap-broken-full-compressed-image-query
    nv-compressed-block-size-in-bits
I0918 21:58:46.054471 1593317 ResourceManager.cpp:234] ResourceManager::loadStage : Not loading semantic mesh
I0918 21:58:46.054478 1593317 ResourceManager.cpp:262] ResourceManager::loadStage : start load render asset /mnt/data_nas/deeprobotics/daiyang/vla/third_party/ETP-R1/data/scene_datasets/mp3d/B6ByNegPMKs/B6ByNegPMKs.glb.
I0918 21:58:46.054481 1593317 ResourceManager.cpp:569] ResourceManager::loadStageInternal : Attempting to load stage /mnt/data_nas/deeprobotics/daiyang/vla/third_party/ETP-R1/data/scene_datasets/mp3d/B6ByNegPMKs/B6ByNegPMKs.glb 
I0918 21:58:46.054498 1593317 ResourceManager.cpp:1119] Importing Basis files as BC7 for B6ByNegPMKs.glb
W0918 21:58:56.127725 1593317 Simulator.cpp:248] :
---
 The active scene does not contain semantic annotations. 
---
I0918 21:58:56.335723 1593317 simulator.py:213] Loaded navmesh /mnt/data_nas/deeprobotics/daiyang/vla/third_party/ETP-R1/data/scene_datasets/mp3d/B6ByNegPMKs/B6ByNegPMKs.navmesh
I0918 22:00:30.051214 1593317 PhysicsManager.cpp:33] Deconstructing PhysicsManager
I0918 22:00:30.051258 1593317 SemanticScene.h:41] Deconstructing SemanticScene
I0918 22:00:30.069109 1593317 SceneManager.h:25] Deconstructing SceneManager
I0918 22:00:30.069128 1593317 SceneGraph.h:26] Deconstructing SceneGraph
I0918 22:00:30.069672 1593317 Sensor.h:87] Deconstructing Sensor
I0918 22:00:30.085158 1593317 Renderer.cpp:34] Deconstructing Renderer
I0918 22:00:30.085196 1593317 WindowlessContext.h:17] Deconstructing WindowlessContext
I0918 22:00:30.102280 1593317 ManagedContainerBase.cpp:19] ManagedContainerBase::convertFilenameToJSON : Filename : default changed to proposed JSON configuration filename : default.scene_dataset_config.json
I0918 22:00:30.102303 1593317 AttributesManagerBase.h:283] AttributesManager<T>::createFromJsonOrDefaultInternal  (Dataset) : Proposing JSON name : default.scene_dataset_config.json from original name : default | This file  does not exist.
I0918 22:00:30.102448 1593317 AssetAttributesManager.cpp:117] Asset attributes (capsule3DSolid : capsule3DSolid_hemiRings_4_cylRings_1_segments_12_halfLen_0.75_useTexCoords_false_useTangents_false) created and registered.
I0918 22:00:30.102478 1593317 AssetAttributesManager.cpp:117] Asset attributes (capsule3DWireframe : capsule3DWireframe_hemiRings_8_cylRings_1_segments_16_halfLen_1) created and registered.
I0918 22:00:30.102500 1593317 AssetAttributesManager.cpp:117] Asset attributes (coneSolid : coneSolid_segments_12_halfLen_1.25_rings_1_useTexCoords_false_useTangents_false_capEnd_true) created and registered.
I0918 22:00:30.102516 1593317 AssetAttributesManager.cpp:117] Asset attributes (coneWireframe : coneWireframe_segments_32_halfLen_1.25) created and registered.
I0918 22:00:30.102525 1593317 AssetAttributesManager.cpp:117] Asset attributes (cubeSolid : cubeSolid) created and registered.
I0918 22:00:30.102531 1593317 AssetAttributesManager.cpp:117] Asset attributes (cubeWireframe : cubeWireframe) created and registered.
I0918 22:00:30.102552 1593317 AssetAttributesManager.cpp:117] Asset attributes (cylinderSolid : cylinderSolid_rings_1_segments_12_halfLen_1_useTexCoords_false_useTangents_false_capEnds_true) created and registered.
I0918 22:00:30.102568 1593317 AssetAttributesManager.cpp:117] Asset attributes (cylinderWireframe : cylinderWireframe_rings_1_segments_32_halfLen_1) created and registered.
I0918 22:00:30.102581 1593317 AssetAttributesManager.cpp:117] Asset attributes (icosphereSolid : icosphereSolid_subdivs_1) created and registered.
I0918 22:00:30.102591 1593317 AssetAttributesManager.cpp:117] Asset attributes (icosphereWireframe : icosphereWireframe_subdivs_1) created and registered.
I0918 22:00:30.102610 1593317 AssetAttributesManager.cpp:117] Asset attributes (uvSphereSolid : uvSphereSolid_rings_8_segments_16_useTexCoords_false_useTangents_false) created and registered.
I0918 22:00:30.102624 1593317 AssetAttributesManager.cpp:117] Asset attributes (uvSphereWireframe : uvSphereWireframe_rings_16_segments_32) created and registered.
I0918 22:00:30.102631 1593317 AssetAttributesManager.cpp:105] AssetAttributesManager::buildCtorFuncPtrMaps : Built default primitive asset templates : 12
I0918 22:00:30.103034 1593317 SceneDatasetAttributesManager.cpp:23] File (default) not found, so new default dataset attributes created and registered.
I0918 22:00:30.103037 1593317 MetadataMediator.cpp:47] MetadataMediator::createDataset : Dataset default successfully created.
I0918 22:00:30.104067 1593317 AttributesManagerBase.h:283] AttributesManager<T>::createFromJsonOrDefaultInternal  (Physics Manager) : Proposing JSON name : ./data/default.physics_config.json from original name : ./data/default.physics_config.json | This file  does not exist.
I0918 22:00:30.104081 1593317 PhysicsAttributesManager.cpp:27] File (./data/default.physics_config.json) not found, so new default physics manager attributes created and registered.
I0918 22:00:30.104085 1593317 AbstractObjectAttributesManagerBase.h:175] AbstractObjectAttributesManager<T>::createObject  (Stage) : Making attributes with handle : /mnt/data_nas/deeprobotics/daiyang/vla/third_party/ETP-R1/data/scene_datasets/mp3d/PuKPg4mmafe/PuKPg4mmafe.glb
I0918 22:00:30.104089 1593317 ManagedContainerBase.cpp:19] ManagedContainerBase::convertFilenameToJSON : Filename : /mnt/data_nas/deeprobotics/daiyang/vla/third_party/ETP-R1/data/scene_datasets/mp3d/PuKPg4mmafe/PuKPg4mmafe.glb changed to proposed JSON configuration filename : /mnt/data_nas/deeprobotics/daiyang/vla/third_party/ETP-R1/data/scene_datasets/mp3d/PuKPg4mmafe/PuKPg4mmafe.stage_config.json
I0918 22:00:30.108211 1593317 AttributesManagerBase.h:283] AttributesManager<T>::createFromJsonOrDefaultInternal  (Stage) : Proposing JSON name : /mnt/data_nas/deeprobotics/daiyang/vla/third_party/ETP-R1/data/scene_datasets/mp3d/PuKPg4mmafe/PuKPg4mmafe.stage_config.json from original name : /mnt/data_nas/deeprobotics/daiyang/vla/third_party/ETP-R1/data/scene_datasets/mp3d/PuKPg4mmafe/PuKPg4mmafe.glb | This file  does not exist.
I0918 22:00:30.108261 1593317 AbstractObjectAttributesManagerBase.h:181] AbstractObjectAttributesManager<T>::createObject  (Stage) : Done making attributes with handle : /mnt/data_nas/deeprobotics/daiyang/vla/third_party/ETP-R1/data/scene_datasets/mp3d/PuKPg4mmafe/PuKPg4mmafe.glb
I0918 22:00:30.108263 1593317 AbstractObjectAttributesManagerBase.h:188] File (/mnt/data_nas/deeprobotics/daiyang/vla/third_party/ETP-R1/data/scene_datasets/mp3d/PuKPg4mmafe/PuKPg4mmafe.glb) exists but is not a recognized config filename extension, so new default Stage attributes created and registered.
I0918 22:00:30.108278 1593317 Simulator.cpp:156] Loading navmesh from /mnt/data_nas/deeprobotics/daiyang/vla/third_party/ETP-R1/data/scene_datasets/mp3d/PuKPg4mmafe/PuKPg4mmafe.navmesh
I0918 22:00:30.110982 1593317 Simulator.cpp:158] Loaded.
I0918 22:00:30.110992 1593317 SceneGraph.h:93] Created DrawableGroup: 
Renderer: NVIDIA GeForce RTX 5090/PCIe/SSE2 by NVIDIA Corporation
OpenGL version: 4.6.0 NVIDIA 580.126.09
Using optional features:
    GL_ARB_ES2_compatibility
    GL_ARB_direct_state_access
    GL_ARB_get_texture_sub_image
    GL_ARB_invalidate_subdata
    GL_ARB_multi_bind
    GL_ARB_robustness
    GL_ARB_separate_shader_objects
    GL_ARB_texture_filter_anisotropic
    GL_ARB_texture_storage
    GL_ARB_texture_storage_multisample
    GL_ARB_vertex_array_object
    GL_KHR_debug
Using driver workarounds:
    no-forward-compatible-core-context
    nv-egl-incorrect-gl11-function-pointers
    no-layout-qualifiers-on-old-glsl
    nv-zero-context-profile-mask
    nv-implementation-color-read-format-dsa-broken
    nv-cubemap-inconsistent-compressed-image-size
    nv-cubemap-broken-full-compressed-image-query
    nv-compressed-block-size-in-bits
I0918 22:00:30.114730 1593317 ResourceManager.cpp:234] ResourceManager::loadStage : Not loading semantic mesh
I0918 22:00:30.114740 1593317 ResourceManager.cpp:262] ResourceManager::loadStage : start load render asset /mnt/data_nas/deeprobotics/daiyang/vla/third_party/ETP-R1/data/scene_datasets/mp3d/PuKPg4mmafe/PuKPg4mmafe.glb.
I0918 22:00:30.114742 1593317 ResourceManager.cpp:569] ResourceManager::loadStageInternal : Attempting to load stage /mnt/data_nas/deeprobotics/daiyang/vla/third_party/ETP-R1/data/scene_datasets/mp3d/PuKPg4mmafe/PuKPg4mmafe.glb 
I0918 22:00:30.114760 1593317 ResourceManager.cpp:1119] Importing Basis files as BC7 for PuKPg4mmafe.glb
W0918 22:00:34.983359 1593317 Simulator.cpp:248] :
---
 The active scene does not contain semantic annotations. 
---
I0918 22:00:35.003871 1593317 simulator.py:213] Loaded navmesh /mnt/data_nas/deeprobotics/daiyang/vla/third_party/ETP-R1/data/scene_datasets/mp3d/PuKPg4mmafe/PuKPg4mmafe.navmesh
I0918 22:01:38.450565 1593317 PhysicsManager.cpp:33] Deconstructing PhysicsManager
I0918 22:01:38.450628 1593317 SemanticScene.h:41] Deconstructing SemanticScene
I0918 22:01:38.451809 1593317 SceneManager.h:25] Deconstructing SceneManager
I0918 22:01:38.451815 1593317 SceneGraph.h:26] Deconstructing SceneGraph
I0918 22:01:38.452119 1593317 Sensor.h:87] Deconstructing Sensor
I0918 22:01:38.458963 1593317 Renderer.cpp:34] Deconstructing Renderer
I0918 22:01:38.458998 1593317 WindowlessContext.h:17] Deconstructing WindowlessContext
I0918 22:01:38.475095 1593317 ManagedContainerBase.cpp:19] ManagedContainerBase::convertFilenameToJSON : Filename : default changed to proposed JSON configuration filename : default.scene_dataset_config.json
I0918 22:01:38.475129 1593317 AttributesManagerBase.h:283] AttributesManager<T>::createFromJsonOrDefaultInternal  (Dataset) : Proposing JSON name : default.scene_dataset_config.json from original name : default | This file  does not exist.
I0918 22:01:38.475389 1593317 AssetAttributesManager.cpp:117] Asset attributes (capsule3DSolid : capsule3DSolid_hemiRings_4_cylRings_1_segments_12_halfLen_0.75_useTexCoords_false_useTangents_false) created and registered.
I0918 22:01:38.475418 1593317 AssetAttributesManager.cpp:117] Asset attributes (capsule3DWireframe : capsule3DWireframe_hemiRings_8_cylRings_1_segments_16_halfLen_1) created and registered.
I0918 22:01:38.475443 1593317 AssetAttributesManager.cpp:117] Asset attributes (coneSolid : coneSolid_segments_12_halfLen_1.25_rings_1_useTexCoords_false_useTangents_false_capEnd_true) created and registered.
I0918 22:01:38.475458 1593317 AssetAttributesManager.cpp:117] Asset attributes (coneWireframe : coneWireframe_segments_32_halfLen_1.25) created and registered.
I0918 22:01:38.475468 1593317 AssetAttributesManager.cpp:117] Asset attributes (cubeSolid : cubeSolid) created and registered.
I0918 22:01:38.475476 1593317 AssetAttributesManager.cpp:117] Asset attributes (cubeWireframe : cubeWireframe) created and registered.
I0918 22:01:38.475497 1593317 AssetAttributesManager.cpp:117] Asset attributes (cylinderSolid : cylinderSolid_rings_1_segments_12_halfLen_1_useTexCoords_false_useTangents_false_capEnds_true) created and registered.
I0918 22:01:38.475514 1593317 AssetAttributesManager.cpp:117] Asset attributes (cylinderWireframe : cylinderWireframe_rings_1_segments_32_halfLen_1) created and registered.
I0918 22:01:38.475525 1593317 AssetAttributesManager.cpp:117] Asset attributes (icosphereSolid : icosphereSolid_subdivs_1) created and registered.
I0918 22:01:38.475534 1593317 AssetAttributesManager.cpp:117] Asset attributes (icosphereWireframe : icosphereWireframe_subdivs_1) created and registered.
I0918 22:01:38.475549 1593317 AssetAttributesManager.cpp:117] Asset attributes (uvSphereSolid : uvSphereSolid_rings_8_segments_16_useTexCoords_false_useTangents_false) created and registered.
I0918 22:01:38.475564 1593317 AssetAttributesManager.cpp:117] Asset attributes (uvSphereWireframe : uvSphereWireframe_rings_16_segments_32) created and registered.
I0918 22:01:38.475570 1593317 AssetAttributesManager.cpp:105] AssetAttributesManager::buildCtorFuncPtrMaps : Built default primitive asset templates : 12
I0918 22:01:38.475993 1593317 SceneDatasetAttributesManager.cpp:23] File (default) not found, so new default dataset attributes created and registered.
I0918 22:01:38.475996 1593317 MetadataMediator.cpp:47] MetadataMediator::createDataset : Dataset default successfully created.
I0918 22:01:38.476214 1593317 AttributesManagerBase.h:283] AttributesManager<T>::createFromJsonOrDefaultInternal  (Physics Manager) : Proposing JSON name : ./data/default.physics_config.json from original name : ./data/default.physics_config.json | This file  does not exist.
I0918 22:01:38.476227 1593317 PhysicsAttributesManager.cpp:27] File (./data/default.physics_config.json) not found, so new default physics manager attributes created and registered.
I0918 22:01:38.476231 1593317 AbstractObjectAttributesManagerBase.h:175] AbstractObjectAttributesManager<T>::createObject  (Stage) : Making attributes with handle : /mnt/data_nas/deeprobotics/daiyang/vla/third_party/ETP-R1/data/scene_datasets/mp3d/XcA2TqTSSAj/XcA2TqTSSAj.glb
I0918 22:01:38.476235 1593317 ManagedContainerBase.cpp:19] ManagedContainerBase::convertFilenameToJSON : Filename : /mnt/data_nas/deeprobotics/daiyang/vla/third_party/ETP-R1/data/scene_datasets/mp3d/XcA2TqTSSAj/XcA2TqTSSAj.glb changed to proposed JSON configuration filename : /mnt/data_nas/deeprobotics/daiyang/vla/third_party/ETP-R1/data/scene_datasets/mp3d/XcA2TqTSSAj/XcA2TqTSSAj.stage_config.json
I0918 22:01:38.476248 1593317 AttributesManagerBase.h:283] AttributesManager<T>::createFromJsonOrDefaultInternal  (Stage) : Proposing JSON name : /mnt/data_nas/deeprobotics/daiyang/vla/third_party/ETP-R1/data/scene_datasets/mp3d/XcA2TqTSSAj/XcA2TqTSSAj.stage_config.json from original name : /mnt/data_nas/deeprobotics/daiyang/vla/third_party/ETP-R1/data/scene_datasets/mp3d/XcA2TqTSSAj/XcA2TqTSSAj.glb | This file  does not exist.
I0918 22:01:38.476307 1593317 AbstractObjectAttributesManagerBase.h:181] AbstractObjectAttributesManager<T>::createObject  (Stage) : Done making attributes with handle : /mnt/data_nas/deeprobotics/daiyang/vla/third_party/ETP-R1/data/scene_datasets/mp3d/XcA2TqTSSAj/XcA2TqTSSAj.glb
I0918 22:01:38.476310 1593317 AbstractObjectAttributesManagerBase.h:188] File (/mnt/data_nas/deeprobotics/daiyang/vla/third_party/ETP-R1/data/scene_datasets/mp3d/XcA2TqTSSAj/XcA2TqTSSAj.glb) exists but is not a recognized config filename extension, so new default Stage attributes created and registered.
I0918 22:01:38.476317 1593317 Simulator.cpp:156] Loading navmesh from /mnt/data_nas/deeprobotics/daiyang/vla/third_party/ETP-R1/data/scene_datasets/mp3d/XcA2TqTSSAj/XcA2TqTSSAj.navmesh
I0918 22:01:38.477197 1593317 Simulator.cpp:158] Loaded.
I0918 22:01:38.477206 1593317 SceneGraph.h:93] Created DrawableGroup: 
Renderer: NVIDIA GeForce RTX 5090/PCIe/SSE2 by NVIDIA Corporation
OpenGL version: 4.6.0 NVIDIA 580.126.09
Using optional features:
    GL_ARB_ES2_compatibility
    GL_ARB_direct_state_access
    GL_ARB_get_texture_sub_image
    GL_ARB_invalidate_subdata
    GL_ARB_multi_bind
    GL_ARB_robustness
    GL_ARB_separate_shader_objects
    GL_ARB_texture_filter_anisotropic
    GL_ARB_texture_storage
    GL_ARB_texture_storage_multisample
    GL_ARB_vertex_array_object
    GL_KHR_debug
Using driver workarounds:
    no-forward-compatible-core-context
    nv-egl-incorrect-gl11-function-pointers
    no-layout-qualifiers-on-old-glsl
    nv-zero-context-profile-mask
    nv-implementation-color-read-format-dsa-broken
    nv-cubemap-inconsistent-compressed-image-size
    nv-cubemap-broken-full-compressed-image-query
    nv-compressed-block-size-in-bits
I0918 22:01:38.481040 1593317 ResourceManager.cpp:234] ResourceManager::loadStage : Not loading semantic mesh
I0918 22:01:38.481050 1593317 ResourceManager.cpp:262] ResourceManager::loadStage : start load render asset /mnt/data_nas/deeprobotics/daiyang/vla/third_party/ETP-R1/data/scene_datasets/mp3d/XcA2TqTSSAj/XcA2TqTSSAj.glb.
I0918 22:01:38.481051 1593317 ResourceManager.cpp:569] ResourceManager::loadStageInternal : Attempting to load stage /mnt/data_nas/deeprobotics/daiyang/vla/third_party/ETP-R1/data/scene_datasets/mp3d/XcA2TqTSSAj/XcA2TqTSSAj.glb 
I0918 22:01:38.481073 1593317 ResourceManager.cpp:1119] Importing Basis files as BC7 for XcA2TqTSSAj.glb
W0918 22:01:40.491910 1593317 Simulator.cpp:248] :
---
 The active scene does not contain semantic annotations. 
---
I0918 22:01:40.541846 1593317 simulator.py:213] Loaded navmesh /mnt/data_nas/deeprobotics/daiyang/vla/third_party/ETP-R1/data/scene_datasets/mp3d/XcA2TqTSSAj/XcA2TqTSSAj.navmesh
I0918 22:04:58.181077 1593317 PhysicsManager.cpp:33] Deconstructing PhysicsManager
I0918 22:04:58.181129 1593317 SemanticScene.h:41] Deconstructing SemanticScene
I0918 22:04:58.184314 1593317 SceneManager.h:25] Deconstructing SceneManager
I0918 22:04:58.184324 1593317 SceneGraph.h:26] Deconstructing SceneGraph
I0918 22:04:58.184929 1593317 Sensor.h:87] Deconstructing Sensor
I0918 22:04:58.189325 1593317 Renderer.cpp:34] Deconstructing Renderer
I0918 22:04:58.189352 1593317 WindowlessContext.h:17] Deconstructing WindowlessContext
I0918 22:04:58.196314 1593317 ManagedContainerBase.cpp:19] ManagedContainerBase::convertFilenameToJSON : Filename : default changed to proposed JSON configuration filename : default.scene_dataset_config.json
I0918 22:04:58.196334 1593317 AttributesManagerBase.h:283] AttributesManager<T>::createFromJsonOrDefaultInternal  (Dataset) : Proposing JSON name : default.scene_dataset_config.json from original name : default | This file  does not exist.
I0918 22:04:58.196596 1593317 AssetAttributesManager.cpp:117] Asset attributes (capsule3DSolid : capsule3DSolid_hemiRings_4_cylRings_1_segments_12_halfLen_0.75_useTexCoords_false_useTangents_false) created and registered.
I0918 22:04:58.196624 1593317 AssetAttributesManager.cpp:117] Asset attributes (capsule3DWireframe : capsule3DWireframe_hemiRings_8_cylRings_1_segments_16_halfLen_1) created and registered.
I0918 22:04:58.196647 1593317 AssetAttributesManager.cpp:117] Asset attributes (coneSolid : coneSolid_segments_12_halfLen_1.25_rings_1_useTexCoords_false_useTangents_false_capEnd_true) created and registered.
I0918 22:04:58.196662 1593317 AssetAttributesManager.cpp:117] Asset attributes (coneWireframe : coneWireframe_segments_32_halfLen_1.25) created and registered.
I0918 22:04:58.196671 1593317 AssetAttributesManager.cpp:117] Asset attributes (cubeSolid : cubeSolid) created and registered.
I0918 22:04:58.196678 1593317 AssetAttributesManager.cpp:117] Asset attributes (cubeWireframe : cubeWireframe) created and registered.
I0918 22:04:58.196697 1593317 AssetAttributesManager.cpp:117] Asset attributes (cylinderSolid : cylinderSolid_rings_1_segments_12_halfLen_1_useTexCoords_false_useTangents_false_capEnds_true) created and registered.
I0918 22:04:58.196714 1593317 AssetAttributesManager.cpp:117] Asset attributes (cylinderWireframe : cylinderWireframe_rings_1_segments_32_halfLen_1) created and registered.
I0918 22:04:58.196727 1593317 AssetAttributesManager.cpp:117] Asset attributes (icosphereSolid : icosphereSolid_subdivs_1) created and registered.
I0918 22:04:58.196735 1593317 AssetAttributesManager.cpp:117] Asset attributes (icosphereWireframe : icosphereWireframe_subdivs_1) created and registered.
I0918 22:04:58.196749 1593317 AssetAttributesManager.cpp:117] Asset attributes (uvSphereSolid : uvSphereSolid_rings_8_segments_16_useTexCoords_false_useTangents_false) created and registered.
I0918 22:04:58.196762 1593317 AssetAttributesManager.cpp:117] Asset attributes (uvSphereWireframe : uvSphereWireframe_rings_16_segments_32) created and registered.
I0918 22:04:58.196768 1593317 AssetAttributesManager.cpp:105] AssetAttributesManager::buildCtorFuncPtrMaps : Built default primitive asset templates : 12
I0918 22:04:58.197170 1593317 SceneDatasetAttributesManager.cpp:23] File (default) not found, so new default dataset attributes created and registered.
I0918 22:04:58.197172 1593317 MetadataMediator.cpp:47] MetadataMediator::createDataset : Dataset default successfully created.
I0918 22:04:58.197378 1593317 AttributesManagerBase.h:283] AttributesManager<T>::createFromJsonOrDefaultInternal  (Physics Manager) : Proposing JSON name : ./data/default.physics_config.json from original name : ./data/default.physics_config.json | This file  does not exist.
I0918 22:04:58.197391 1593317 PhysicsAttributesManager.cpp:27] File (./data/default.physics_config.json) not found, so new default physics manager attributes created and registered.
I0918 22:04:58.197395 1593317 AbstractObjectAttributesManagerBase.h:175] AbstractObjectAttributesManager<T>::createObject  (Stage) : Making attributes with handle : /mnt/data_nas/deeprobotics/daiyang/vla/third_party/ETP-R1/data/scene_datasets/mp3d/aayBHfsNo7d/aayBHfsNo7d.glb
I0918 22:04:58.197399 1593317 ManagedContainerBase.cpp:19] ManagedContainerBase::convertFilenameToJSON : Filename : /mnt/data_nas/deeprobotics/daiyang/vla/third_party/ETP-R1/data/scene_datasets/mp3d/aayBHfsNo7d/aayBHfsNo7d.glb changed to proposed JSON configuration filename : /mnt/data_nas/deeprobotics/daiyang/vla/third_party/ETP-R1/data/scene_datasets/mp3d/aayBHfsNo7d/aayBHfsNo7d.stage_config.json
I0918 22:04:58.197412 1593317 AttributesManagerBase.h:283] AttributesManager<T>::createFromJsonOrDefaultInternal  (Stage) : Proposing JSON name : /mnt/data_nas/deeprobotics/daiyang/vla/third_party/ETP-R1/data/scene_datasets/mp3d/aayBHfsNo7d/aayBHfsNo7d.stage_config.json from original name : /mnt/data_nas/deeprobotics/daiyang/vla/third_party/ETP-R1/data/scene_datasets/mp3d/aayBHfsNo7d/aayBHfsNo7d.glb | This file  does not exist.
I0918 22:04:58.197458 1593317 AbstractObjectAttributesManagerBase.h:181] AbstractObjectAttributesManager<T>::createObject  (Stage) : Done making attributes with handle : /mnt/data_nas/deeprobotics/daiyang/vla/third_party/ETP-R1/data/scene_datasets/mp3d/aayBHfsNo7d/aayBHfsNo7d.glb
I0918 22:04:58.197459 1593317 AbstractObjectAttributesManagerBase.h:188] File (/mnt/data_nas/deeprobotics/daiyang/vla/third_party/ETP-R1/data/scene_datasets/mp3d/aayBHfsNo7d/aayBHfsNo7d.glb) exists but is not a recognized config filename extension, so new default Stage attributes created and registered.
I0918 22:04:58.197463 1593317 Simulator.cpp:156] Loading navmesh from /mnt/data_nas/deeprobotics/daiyang/vla/third_party/ETP-R1/data/scene_datasets/mp3d/aayBHfsNo7d/aayBHfsNo7d.navmesh
I0918 22:04:58.198334 1593317 Simulator.cpp:158] Loaded.
I0918 22:04:58.198342 1593317 SceneGraph.h:93] Created DrawableGroup: 
Renderer: NVIDIA GeForce RTX 5090/PCIe/SSE2 by NVIDIA Corporation
OpenGL version: 4.6.0 NVIDIA 580.126.09
Using optional features:
    GL_ARB_ES2_compatibility
    GL_ARB_direct_state_access
    GL_ARB_get_texture_sub_image
    GL_ARB_invalidate_subdata
    GL_ARB_multi_bind
    GL_ARB_robustness
    GL_ARB_separate_shader_objects
    GL_ARB_texture_filter_anisotropic
    GL_ARB_texture_storage
    GL_ARB_texture_storage_multisample
    GL_ARB_vertex_array_object
    GL_KHR_debug
Using driver workarounds:
    no-forward-compatible-core-context
    nv-egl-incorrect-gl11-function-pointers
    no-layout-qualifiers-on-old-glsl
    nv-zero-context-profile-mask
    nv-implementation-color-read-format-dsa-broken
    nv-cubemap-inconsistent-compressed-image-size
    nv-cubemap-broken-full-compressed-image-query
    nv-compressed-block-size-in-bits
I0918 22:04:58.202127 1593317 ResourceManager.cpp:234] ResourceManager::loadStage : Not loading semantic mesh
I0918 22:04:58.202135 1593317 ResourceManager.cpp:262] ResourceManager::loadStage : start load render asset /mnt/data_nas/deeprobotics/daiyang/vla/third_party/ETP-R1/data/scene_datasets/mp3d/aayBHfsNo7d/aayBHfsNo7d.glb.
I0918 22:04:58.202138 1593317 ResourceManager.cpp:569] ResourceManager::loadStageInternal : Attempting to load stage /mnt/data_nas/deeprobotics/daiyang/vla/third_party/ETP-R1/data/scene_datasets/mp3d/aayBHfsNo7d/aayBHfsNo7d.glb 
I0918 22:04:58.202155 1593317 ResourceManager.cpp:1119] Importing Basis files as BC7 for aayBHfsNo7d.glb
W0918 22:04:59.838515 1593317 Simulator.cpp:248] :
---
 The active scene does not contain semantic annotations. 
---
I0918 22:04:59.881281 1593317 simulator.py:213] Loaded navmesh /mnt/data_nas/deeprobotics/daiyang/vla/third_party/ETP-R1/data/scene_datasets/mp3d/aayBHfsNo7d/aayBHfsNo7d.navmesh
I0918 22:05:41.495669 1593317 PhysicsManager.cpp:33] Deconstructing PhysicsManager
I0918 22:05:41.495719 1593317 SemanticScene.h:41] Deconstructing SemanticScene
I0918 22:05:41.499078 1593317 SceneManager.h:25] Deconstructing SceneManager
I0918 22:05:41.499090 1593317 SceneGraph.h:26] Deconstructing SceneGraph
I0918 22:05:41.499403 1593317 Sensor.h:87] Deconstructing Sensor
I0918 22:05:41.502777 1593317 Renderer.cpp:34] Deconstructing Renderer
I0918 22:05:41.502810 1593317 WindowlessContext.h:17] Deconstructing WindowlessContext
I0918 22:05:41.509516 1593317 ManagedContainerBase.cpp:19] ManagedContainerBase::convertFilenameToJSON : Filename : default changed to proposed JSON configuration filename : default.scene_dataset_config.json
I0918 22:05:41.509537 1593317 AttributesManagerBase.h:283] AttributesManager<T>::createFromJsonOrDefaultInternal  (Dataset) : Proposing JSON name : default.scene_dataset_config.json from original name : default | This file  does not exist.
I0918 22:05:41.509820 1593317 AssetAttributesManager.cpp:117] Asset attributes (capsule3DSolid : capsule3DSolid_hemiRings_4_cylRings_1_segments_12_halfLen_0.75_useTexCoords_false_useTangents_false) created and registered.
I0918 22:05:41.509862 1593317 AssetAttributesManager.cpp:117] Asset attributes (capsule3DWireframe : capsule3DWireframe_hemiRings_8_cylRings_1_segments_16_halfLen_1) created and registered.
I0918 22:05:41.509898 1593317 AssetAttributesManager.cpp:117] Asset attributes (coneSolid : coneSolid_segments_12_halfLen_1.25_rings_1_useTexCoords_false_useTangents_false_capEnd_true) created and registered.
I0918 22:05:41.509922 1593317 AssetAttributesManager.cpp:117] Asset attributes (coneWireframe : coneWireframe_segments_32_halfLen_1.25) created and registered.
I0918 22:05:41.509934 1593317 AssetAttributesManager.cpp:117] Asset attributes (cubeSolid : cubeSolid) created and registered.
I0918 22:05:41.509943 1593317 AssetAttributesManager.cpp:117] Asset attributes (cubeWireframe : cubeWireframe) created and registered.
I0918 22:05:41.509974 1593317 AssetAttributesManager.cpp:117] Asset attributes (cylinderSolid : cylinderSolid_rings_1_segments_12_halfLen_1_useTexCoords_false_useTangents_false_capEnds_true) created and registered.
I0918 22:05:41.509999 1593317 AssetAttributesManager.cpp:117] Asset attributes (cylinderWireframe : cylinderWireframe_rings_1_segments_32_halfLen_1) created and registered.
I0918 22:05:41.510015 1593317 AssetAttributesManager.cpp:117] Asset attributes (icosphereSolid : icosphereSolid_subdivs_1) created and registered.
I0918 22:05:41.510027 1593317 AssetAttributesManager.cpp:117] Asset attributes (icosphereWireframe : icosphereWireframe_subdivs_1) created and registered.
I0918 22:05:41.510046 1593317 AssetAttributesManager.cpp:117] Asset attributes (uvSphereSolid : uvSphereSolid_rings_8_segments_16_useTexCoords_false_useTangents_false) created and registered.
I0918 22:05:41.510066 1593317 AssetAttributesManager.cpp:117] Asset attributes (uvSphereWireframe : uvSphereWireframe_rings_16_segments_32) created and registered.
I0918 22:05:41.510074 1593317 AssetAttributesManager.cpp:105] AssetAttributesManager::buildCtorFuncPtrMaps : Built default primitive asset templates : 12
I0918 22:05:41.510731 1593317 SceneDatasetAttributesManager.cpp:23] File (default) not found, so new default dataset attributes created and registered.
I0918 22:05:41.510735 1593317 MetadataMediator.cpp:47] MetadataMediator::createDataset : Dataset default successfully created.
I0918 22:05:41.510977 1593317 AttributesManagerBase.h:283] AttributesManager<T>::createFromJsonOrDefaultInternal  (Physics Manager) : Proposing JSON name : ./data/default.physics_config.json from original name : ./data/default.physics_config.json | This file  does not exist.
I0918 22:05:41.510993 1593317 PhysicsAttributesManager.cpp:27] File (./data/default.physics_config.json) not found, so new default physics manager attributes created and registered.
I0918 22:05:41.511005 1593317 AbstractObjectAttributesManagerBase.h:175] AbstractObjectAttributesManager<T>::createObject  (Stage) : Making attributes with handle : /mnt/data_nas/deeprobotics/daiyang/vla/third_party/ETP-R1/data/scene_datasets/mp3d/82sE5b5pLXE/82sE5b5pLXE.glb
I0918 22:05:41.511011 1593317 ManagedContainerBase.cpp:19] ManagedContainerBase::convertFilenameToJSON : Filename : /mnt/data_nas/deeprobotics/daiyang/vla/third_party/ETP-R1/data/scene_datasets/mp3d/82sE5b5pLXE/82sE5b5pLXE.glb changed to proposed JSON configuration filename : /mnt/data_nas/deeprobotics/daiyang/vla/third_party/ETP-R1/data/scene_datasets/mp3d/82sE5b5pLXE/82sE5b5pLXE.stage_config.json
I0918 22:05:41.511029 1593317 AttributesManagerBase.h:283] AttributesManager<T>::createFromJsonOrDefaultInternal  (Stage) : Proposing JSON name : /mnt/data_nas/deeprobotics/daiyang/vla/third_party/ETP-R1/data/scene_datasets/mp3d/82sE5b5pLXE/82sE5b5pLXE.stage_config.json from original name : /mnt/data_nas/deeprobotics/daiyang/vla/third_party/ETP-R1/data/scene_datasets/mp3d/82sE5b5pLXE/82sE5b5pLXE.glb | This file  does not exist.
I0918 22:05:41.511099 1593317 AbstractObjectAttributesManagerBase.h:181] AbstractObjectAttributesManager<T>::createObject  (Stage) : Done making attributes with handle : /mnt/data_nas/deeprobotics/daiyang/vla/third_party/ETP-R1/data/scene_datasets/mp3d/82sE5b5pLXE/82sE5b5pLXE.glb
I0918 22:05:41.511102 1593317 AbstractObjectAttributesManagerBase.h:188] File (/mnt/data_nas/deeprobotics/daiyang/vla/third_party/ETP-R1/data/scene_datasets/mp3d/82sE5b5pLXE/82sE5b5pLXE.glb) exists but is not a recognized config filename extension, so new default Stage attributes created and registered.
I0918 22:05:41.511109 1593317 Simulator.cpp:156] Loading navmesh from /mnt/data_nas/deeprobotics/daiyang/vla/third_party/ETP-R1/data/scene_datasets/mp3d/82sE5b5pLXE/82sE5b5pLXE.navmesh
I0918 22:05:41.511941 1593317 Simulator.cpp:158] Loaded.
I0918 22:05:41.511951 1593317 SceneGraph.h:93] Created DrawableGroup: 
Renderer: NVIDIA GeForce RTX 5090/PCIe/SSE2 by NVIDIA Corporation
OpenGL version: 4.6.0 NVIDIA 580.126.09
Using optional features:
    GL_ARB_ES2_compatibility
    GL_ARB_direct_state_access
    GL_ARB_get_texture_sub_image
    GL_ARB_invalidate_subdata
    GL_ARB_multi_bind
    GL_ARB_robustness
    GL_ARB_separate_shader_objects
    GL_ARB_texture_filter_anisotropic
    GL_ARB_texture_storage
    GL_ARB_texture_storage_multisample
    GL_ARB_vertex_array_object
    GL_KHR_debug
Using driver workarounds:
    no-forward-compatible-core-context
    nv-egl-incorrect-gl11-function-pointers
    no-layout-qualifiers-on-old-glsl
    nv-zero-context-profile-mask
    nv-implementation-color-read-format-dsa-broken
    nv-cubemap-inconsistent-compressed-image-size
    nv-cubemap-broken-full-compressed-image-query
    nv-compressed-block-size-in-bits
I0918 22:05:41.516356 1593317 ResourceManager.cpp:234] ResourceManager::loadStage : Not loading semantic mesh
I0918 22:05:41.516367 1593317 ResourceManager.cpp:262] ResourceManager::loadStage : start load render asset /mnt/data_nas/deeprobotics/daiyang/vla/third_party/ETP-R1/data/scene_datasets/mp3d/82sE5b5pLXE/82sE5b5pLXE.glb.
I0918 22:05:41.516371 1593317 ResourceManager.cpp:569] ResourceManager::loadStageInternal : Attempting to load stage /mnt/data_nas/deeprobotics/daiyang/vla/third_party/ETP-R1/data/scene_datasets/mp3d/82sE5b5pLXE/82sE5b5pLXE.glb 
I0918 22:05:41.516393 1593317 ResourceManager.cpp:1119] Importing Basis files as BC7 for 82sE5b5pLXE.glb
W0918 22:05:43.640511 1593317 Simulator.cpp:248] :
---
 The active scene does not contain semantic annotations. 
---
I0918 22:05:43.678432 1593317 simulator.py:213] Loaded navmesh /mnt/data_nas/deeprobotics/daiyang/vla/third_party/ETP-R1/data/scene_datasets/mp3d/82sE5b5pLXE/82sE5b5pLXE.navmesh
I0918 22:09:00.141117 1593317 PhysicsManager.cpp:33] Deconstructing PhysicsManager
I0918 22:09:00.141182 1593317 SemanticScene.h:41] Deconstructing SemanticScene
I0918 22:09:00.143486 1593317 SceneManager.h:25] Deconstructing SceneManager
I0918 22:09:00.143502 1593317 SceneGraph.h:26] Deconstructing SceneGraph
I0918 22:09:00.143827 1593317 Sensor.h:87] Deconstructing Sensor
I0918 22:09:00.148744 1593317 Renderer.cpp:34] Deconstructing Renderer
I0918 22:09:00.148772 1593317 WindowlessContext.h:17] Deconstructing WindowlessContext
I0918 22:09:00.156095 1593317 ManagedContainerBase.cpp:19] ManagedContainerBase::convertFilenameToJSON : Filename : default changed to proposed JSON configuration filename : default.scene_dataset_config.json
I0918 22:09:00.156116 1593317 AttributesManagerBase.h:283] AttributesManager<T>::createFromJsonOrDefaultInternal  (Dataset) : Proposing JSON name : default.scene_dataset_config.json from original name : default | This file  does not exist.
I0918 22:09:00.156349 1593317 AssetAttributesManager.cpp:117] Asset attributes (capsule3DSolid : capsule3DSolid_hemiRings_4_cylRings_1_segments_12_halfLen_0.75_useTexCoords_false_useTangents_false) created and registered.
I0918 22:09:00.156391 1593317 AssetAttributesManager.cpp:117] Asset attributes (capsule3DWireframe : capsule3DWireframe_hemiRings_8_cylRings_1_segments_16_halfLen_1) created and registered.
I0918 22:09:00.156427 1593317 AssetAttributesManager.cpp:117] Asset attributes (coneSolid : coneSolid_segments_12_halfLen_1.25_rings_1_useTexCoords_false_useTangents_false_capEnd_true) created and registered.
I0918 22:09:00.156450 1593317 AssetAttributesManager.cpp:117] Asset attributes (coneWireframe : coneWireframe_segments_32_halfLen_1.25) created and registered.
I0918 22:09:00.156461 1593317 AssetAttributesManager.cpp:117] Asset attributes (cubeSolid : cubeSolid) created and registered.
I0918 22:09:00.156471 1593317 AssetAttributesManager.cpp:117] Asset attributes (cubeWireframe : cubeWireframe) created and registered.
I0918 22:09:00.156502 1593317 AssetAttributesManager.cpp:117] Asset attributes (cylinderSolid : cylinderSolid_rings_1_segments_12_halfLen_1_useTexCoords_false_useTangents_false_capEnds_true) created and registered.
I0918 22:09:00.156529 1593317 AssetAttributesManager.cpp:117] Asset attributes (cylinderWireframe : cylinderWireframe_rings_1_segments_32_halfLen_1) created and registered.
I0918 22:09:00.156545 1593317 AssetAttributesManager.cpp:117] Asset attributes (icosphereSolid : icosphereSolid_subdivs_1) created and registered.
I0918 22:09:00.156559 1593317 AssetAttributesManager.cpp:117] Asset attributes (icosphereWireframe : icosphereWireframe_subdivs_1) created and registered.
I0918 22:09:00.156580 1593317 AssetAttributesManager.cpp:117] Asset attributes (uvSphereSolid : uvSphereSolid_rings_8_segments_16_useTexCoords_false_useTangents_false) created and registered.
I0918 22:09:00.156600 1593317 AssetAttributesManager.cpp:117] Asset attributes (uvSphereWireframe : uvSphereWireframe_rings_16_segments_32) created and registered.
I0918 22:09:00.156610 1593317 AssetAttributesManager.cpp:105] AssetAttributesManager::buildCtorFuncPtrMaps : Built default primitive asset templates : 12
I0918 22:09:00.157279 1593317 SceneDatasetAttributesManager.cpp:23] File (default) not found, so new default dataset attributes created and registered.
I0918 22:09:00.157284 1593317 MetadataMediator.cpp:47] MetadataMediator::createDataset : Dataset default successfully created.
I0918 22:09:00.158452 1593317 AttributesManagerBase.h:283] AttributesManager<T>::createFromJsonOrDefaultInternal  (Physics Manager) : Proposing JSON name : ./data/default.physics_config.json from original name : ./data/default.physics_config.json | This file  does not exist.
I0918 22:09:00.158491 1593317 PhysicsAttributesManager.cpp:27] File (./data/default.physics_config.json) not found, so new default physics manager attributes created and registered.
I0918 22:09:00.158499 1593317 AbstractObjectAttributesManagerBase.h:175] AbstractObjectAttributesManager<T>::createObject  (Stage) : Making attributes with handle : /mnt/data_nas/deeprobotics/daiyang/vla/third_party/ETP-R1/data/scene_datasets/mp3d/B6ByNegPMKs/B6ByNegPMKs.glb
I0918 22:09:00.158509 1593317 ManagedContainerBase.cpp:19] ManagedContainerBase::convertFilenameToJSON : Filename : /mnt/data_nas/deeprobotics/daiyang/vla/third_party/ETP-R1/data/scene_datasets/mp3d/B6ByNegPMKs/B6ByNegPMKs.glb changed to proposed JSON configuration filename : /mnt/data_nas/deeprobotics/daiyang/vla/third_party/ETP-R1/data/scene_datasets/mp3d/B6ByNegPMKs/B6ByNegPMKs.stage_config.json
I0918 22:09:00.161114 1593317 AttributesManagerBase.h:283] AttributesManager<T>::createFromJsonOrDefaultInternal  (Stage) : Proposing JSON name : /mnt/data_nas/deeprobotics/daiyang/vla/third_party/ETP-R1/data/scene_datasets/mp3d/B6ByNegPMKs/B6ByNegPMKs.stage_config.json from original name : /mnt/data_nas/deeprobotics/daiyang/vla/third_party/ETP-R1/data/scene_datasets/mp3d/B6ByNegPMKs/B6ByNegPMKs.glb | This file  does not exist.
I0918 22:09:00.161211 1593317 AbstractObjectAttributesManagerBase.h:181] AbstractObjectAttributesManager<T>::createObject  (Stage) : Done making attributes with handle : /mnt/data_nas/deeprobotics/daiyang/vla/third_party/ETP-R1/data/scene_datasets/mp3d/B6ByNegPMKs/B6ByNegPMKs.glb
I0918 22:09:00.161216 1593317 AbstractObjectAttributesManagerBase.h:188] File (/mnt/data_nas/deeprobotics/daiyang/vla/third_party/ETP-R1/data/scene_datasets/mp3d/B6ByNegPMKs/B6ByNegPMKs.glb) exists but is not a recognized config filename extension, so new default Stage attributes created and registered.
I0918 22:09:00.161224 1593317 Simulator.cpp:156] Loading navmesh from /mnt/data_nas/deeprobotics/daiyang/vla/third_party/ETP-R1/data/scene_datasets/mp3d/B6ByNegPMKs/B6ByNegPMKs.navmesh
I0918 22:09:00.162981 1593317 Simulator.cpp:158] Loaded.
I0918 22:09:00.162994 1593317 SceneGraph.h:93] Created DrawableGroup: 
Renderer: NVIDIA GeForce RTX 5090/PCIe/SSE2 by NVIDIA Corporation
OpenGL version: 4.6.0 NVIDIA 580.126.09
Using optional features:
    GL_ARB_ES2_compatibility
    GL_ARB_direct_state_access
    GL_ARB_get_texture_sub_image
    GL_ARB_invalidate_subdata
    GL_ARB_multi_bind
    GL_ARB_robustness
    GL_ARB_separate_shader_objects
    GL_ARB_texture_filter_anisotropic
    GL_ARB_texture_storage
    GL_ARB_texture_storage_multisample
    GL_ARB_vertex_array_object
    GL_KHR_debug
Using driver workarounds:
    no-forward-compatible-core-context
    nv-egl-incorrect-gl11-function-pointers
    no-layout-qualifiers-on-old-glsl
    nv-zero-context-profile-mask
    nv-implementation-color-read-format-dsa-broken
    nv-cubemap-inconsistent-compressed-image-size
    nv-cubemap-broken-full-compressed-image-query
    nv-compressed-block-size-in-bits
I0918 22:09:00.167570 1593317 ResourceManager.cpp:234] ResourceManager::loadStage : Not loading semantic mesh
I0918 22:09:00.167580 1593317 ResourceManager.cpp:262] ResourceManager::loadStage : start load render asset /mnt/data_nas/deeprobotics/daiyang/vla/third_party/ETP-R1/data/scene_datasets/mp3d/B6ByNegPMKs/B6ByNegPMKs.glb.
I0918 22:09:00.167584 1593317 ResourceManager.cpp:569] ResourceManager::loadStageInternal : Attempting to load stage /mnt/data_nas/deeprobotics/daiyang/vla/third_party/ETP-R1/data/scene_datasets/mp3d/B6ByNegPMKs/B6ByNegPMKs.glb 
I0918 22:09:00.167604 1593317 ResourceManager.cpp:1119] Importing Basis files as BC7 for B6ByNegPMKs.glb
W0918 22:09:09.982227 1593317 Simulator.cpp:248] :
---
 The active scene does not contain semantic annotations. 
---
I0918 22:09:10.234164 1593317 simulator.py:213] Loaded navmesh /mnt/data_nas/deeprobotics/daiyang/vla/third_party/ETP-R1/data/scene_datasets/mp3d/B6ByNegPMKs/B6ByNegPMKs.navmesh
I0918 22:11:39.250663 1593317 PhysicsManager.cpp:33] Deconstructing PhysicsManager
I0918 22:11:39.250710 1593317 SemanticScene.h:41] Deconstructing SemanticScene
I0918 22:11:39.268092 1593317 SceneManager.h:25] Deconstructing SceneManager
I0918 22:11:39.268110 1593317 SceneGraph.h:26] Deconstructing SceneGraph
I0918 22:11:39.268603 1593317 Sensor.h:87] Deconstructing Sensor
I0918 22:11:39.293445 1593317 Renderer.cpp:34] Deconstructing Renderer
I0918 22:11:39.293484 1593317 WindowlessContext.h:17] Deconstructing WindowlessContext
I0918 22:11:39.333508 1593317 ManagedContainerBase.cpp:19] ManagedContainerBase::convertFilenameToJSON : Filename : default changed to proposed JSON configuration filename : default.scene_dataset_config.json
I0918 22:11:39.333537 1593317 AttributesManagerBase.h:283] AttributesManager<T>::createFromJsonOrDefaultInternal  (Dataset) : Proposing JSON name : default.scene_dataset_config.json from original name : default | This file  does not exist.
I0918 22:11:39.333748 1593317 AssetAttributesManager.cpp:117] Asset attributes (capsule3DSolid : capsule3DSolid_hemiRings_4_cylRings_1_segments_12_halfLen_0.75_useTexCoords_false_useTangents_false) created and registered.
I0918 22:11:39.333777 1593317 AssetAttributesManager.cpp:117] Asset attributes (capsule3DWireframe : capsule3DWireframe_hemiRings_8_cylRings_1_segments_16_halfLen_1) created and registered.
I0918 22:11:39.333801 1593317 AssetAttributesManager.cpp:117] Asset attributes (coneSolid : coneSolid_segments_12_halfLen_1.25_rings_1_useTexCoords_false_useTangents_false_capEnd_true) created and registered.
I0918 22:11:39.333815 1593317 AssetAttributesManager.cpp:117] Asset attributes (coneWireframe : coneWireframe_segments_32_halfLen_1.25) created and registered.
I0918 22:11:39.333825 1593317 AssetAttributesManager.cpp:117] Asset attributes (cubeSolid : cubeSolid) created and registered.
I0918 22:11:39.333832 1593317 AssetAttributesManager.cpp:117] Asset attributes (cubeWireframe : cubeWireframe) created and registered.
I0918 22:11:39.333851 1593317 AssetAttributesManager.cpp:117] Asset attributes (cylinderSolid : cylinderSolid_rings_1_segments_12_halfLen_1_useTexCoords_false_useTangents_false_capEnds_true) created and registered.
I0918 22:11:39.333868 1593317 AssetAttributesManager.cpp:117] Asset attributes (cylinderWireframe : cylinderWireframe_rings_1_segments_32_halfLen_1) created and registered.
I0918 22:11:39.333880 1593317 AssetAttributesManager.cpp:117] Asset attributes (icosphereSolid : icosphereSolid_subdivs_1) created and registered.
I0918 22:11:39.333889 1593317 AssetAttributesManager.cpp:117] Asset attributes (icosphereWireframe : icosphereWireframe_subdivs_1) created and registered.
I0918 22:11:39.333904 1593317 AssetAttributesManager.cpp:117] Asset attributes (uvSphereSolid : uvSphereSolid_rings_8_segments_16_useTexCoords_false_useTangents_false) created and registered.
I0918 22:11:39.333916 1593317 AssetAttributesManager.cpp:117] Asset attributes (uvSphereWireframe : uvSphereWireframe_rings_16_segments_32) created and registered.
I0918 22:11:39.333922 1593317 AssetAttributesManager.cpp:105] AssetAttributesManager::buildCtorFuncPtrMaps : Built default primitive asset templates : 12
I0918 22:11:39.334328 1593317 SceneDatasetAttributesManager.cpp:23] File (default) not found, so new default dataset attributes created and registered.
I0918 22:11:39.334331 1593317 MetadataMediator.cpp:47] MetadataMediator::createDataset : Dataset default successfully created.
I0918 22:11:39.334534 1593317 AttributesManagerBase.h:283] AttributesManager<T>::createFromJsonOrDefaultInternal  (Physics Manager) : Proposing JSON name : ./data/default.physics_config.json from original name : ./data/default.physics_config.json | This file  does not exist.
I0918 22:11:39.334546 1593317 PhysicsAttributesManager.cpp:27] File (./data/default.physics_config.json) not found, so new default physics manager attributes created and registered.
I0918 22:11:39.334549 1593317 AbstractObjectAttributesManagerBase.h:175] AbstractObjectAttributesManager<T>::createObject  (Stage) : Making attributes with handle : /mnt/data_nas/deeprobotics/daiyang/vla/third_party/ETP-R1/data/scene_datasets/mp3d/PuKPg4mmafe/PuKPg4mmafe.glb
I0918 22:11:39.334554 1593317 ManagedContainerBase.cpp:19] ManagedContainerBase::convertFilenameToJSON : Filename : /mnt/data_nas/deeprobotics/daiyang/vla/third_party/ETP-R1/data/scene_datasets/mp3d/PuKPg4mmafe/PuKPg4mmafe.glb changed to proposed JSON configuration filename : /mnt/data_nas/deeprobotics/daiyang/vla/third_party/ETP-R1/data/scene_datasets/mp3d/PuKPg4mmafe/PuKPg4mmafe.stage_config.json
I0918 22:11:39.334568 1593317 AttributesManagerBase.h:283] AttributesManager<T>::createFromJsonOrDefaultInternal  (Stage) : Proposing JSON name : /mnt/data_nas/deeprobotics/daiyang/vla/third_party/ETP-R1/data/scene_datasets/mp3d/PuKPg4mmafe/PuKPg4mmafe.stage_config.json from original name : /mnt/data_nas/deeprobotics/daiyang/vla/third_party/ETP-R1/data/scene_datasets/mp3d/PuKPg4mmafe/PuKPg4mmafe.glb | This file  does not exist.
I0918 22:11:39.334617 1593317 AbstractObjectAttributesManagerBase.h:181] AbstractObjectAttributesManager<T>::createObject  (Stage) : Done making attributes with handle : /mnt/data_nas/deeprobotics/daiyang/vla/third_party/ETP-R1/data/scene_datasets/mp3d/PuKPg4mmafe/PuKPg4mmafe.glb
I0918 22:11:39.334619 1593317 AbstractObjectAttributesManagerBase.h:188] File (/mnt/data_nas/deeprobotics/daiyang/vla/third_party/ETP-R1/data/scene_datasets/mp3d/PuKPg4mmafe/PuKPg4mmafe.glb) exists but is not a recognized config filename extension, so new default Stage attributes created and registered.
I0918 22:11:39.334625 1593317 Simulator.cpp:156] Loading navmesh from /mnt/data_nas/deeprobotics/daiyang/vla/third_party/ETP-R1/data/scene_datasets/mp3d/PuKPg4mmafe/PuKPg4mmafe.navmesh
I0918 22:11:39.335609 1593317 Simulator.cpp:158] Loaded.
I0918 22:11:39.335619 1593317 SceneGraph.h:93] Created DrawableGroup: 
Renderer: NVIDIA GeForce RTX 5090/PCIe/SSE2 by NVIDIA Corporation
OpenGL version: 4.6.0 NVIDIA 580.126.09
Using optional features:
    GL_ARB_ES2_compatibility
    GL_ARB_direct_state_access
    GL_ARB_get_texture_sub_image
    GL_ARB_invalidate_subdata
    GL_ARB_multi_bind
    GL_ARB_robustness
    GL_ARB_separate_shader_objects
    GL_ARB_texture_filter_anisotropic
    GL_ARB_texture_storage
    GL_ARB_texture_storage_multisample
    GL_ARB_vertex_array_object
    GL_KHR_debug
Using driver workarounds:
    no-forward-compatible-core-context
    nv-egl-incorrect-gl11-function-pointers
    no-layout-qualifiers-on-old-glsl
    nv-zero-context-profile-mask
    nv-implementation-color-read-format-dsa-broken
    nv-cubemap-inconsistent-compressed-image-size
    nv-cubemap-broken-full-compressed-image-query
    nv-compressed-block-size-in-bits
I0918 22:11:39.339380 1593317 ResourceManager.cpp:234] ResourceManager::loadStage : Not loading semantic mesh
I0918 22:11:39.339389 1593317 ResourceManager.cpp:262] ResourceManager::loadStage : start load render asset /mnt/data_nas/deeprobotics/daiyang/vla/third_party/ETP-R1/data/scene_datasets/mp3d/PuKPg4mmafe/PuKPg4mmafe.glb.
I0918 22:11:39.339392 1593317 ResourceManager.cpp:569] ResourceManager::loadStageInternal : Attempting to load stage /mnt/data_nas/deeprobotics/daiyang/vla/third_party/ETP-R1/data/scene_datasets/mp3d/PuKPg4mmafe/PuKPg4mmafe.glb 
I0918 22:11:39.339409 1593317 ResourceManager.cpp:1119] Importing Basis files as BC7 for PuKPg4mmafe.glb
W0918 22:11:44.146893 1593317 Simulator.cpp:248] :
---
 The active scene does not contain semantic annotations. 
---
I0918 22:11:44.168231 1593317 simulator.py:213] Loaded navmesh /mnt/data_nas/deeprobotics/daiyang/vla/third_party/ETP-R1/data/scene_datasets/mp3d/PuKPg4mmafe/PuKPg4mmafe.navmesh
I0918 22:15:09.631783 1593317 PhysicsManager.cpp:33] Deconstructing PhysicsManager
I0918 22:15:09.631839 1593317 SemanticScene.h:41] Deconstructing SemanticScene
I0918 22:15:09.632897 1593317 SceneManager.h:25] Deconstructing SceneManager
I0918 22:15:09.632902 1593317 SceneGraph.h:26] Deconstructing SceneGraph
I0918 22:15:09.633188 1593317 Sensor.h:87] Deconstructing Sensor
I0918 22:15:09.639904 1593317 Renderer.cpp:34] Deconstructing Renderer
I0918 22:15:09.639935 1593317 WindowlessContext.h:17] Deconstructing WindowlessContext
I0918 22:15:09.653550 1593317 ManagedContainerBase.cpp:19] ManagedContainerBase::convertFilenameToJSON : Filename : default changed to proposed JSON configuration filename : default.scene_dataset_config.json
I0918 22:15:09.653568 1593317 AttributesManagerBase.h:283] AttributesManager<T>::createFromJsonOrDefaultInternal  (Dataset) : Proposing JSON name : default.scene_dataset_config.json from original name : default | This file  does not exist.
I0918 22:15:09.653733 1593317 AssetAttributesManager.cpp:117] Asset attributes (capsule3DSolid : capsule3DSolid_hemiRings_4_cylRings_1_segments_12_halfLen_0.75_useTexCoords_false_useTangents_false) created and registered.
I0918 22:15:09.653766 1593317 AssetAttributesManager.cpp:117] Asset attributes (capsule3DWireframe : capsule3DWireframe_hemiRings_8_cylRings_1_segments_16_halfLen_1) created and registered.
I0918 22:15:09.653789 1593317 AssetAttributesManager.cpp:117] Asset attributes (coneSolid : coneSolid_segments_12_halfLen_1.25_rings_1_useTexCoords_false_useTangents_false_capEnd_true) created and registered.
I0918 22:15:09.653805 1593317 AssetAttributesManager.cpp:117] Asset attributes (coneWireframe : coneWireframe_segments_32_halfLen_1.25) created and registered.
I0918 22:15:09.653813 1593317 AssetAttributesManager.cpp:117] Asset attributes (cubeSolid : cubeSolid) created and registered.
I0918 22:15:09.653820 1593317 AssetAttributesManager.cpp:117] Asset attributes (cubeWireframe : cubeWireframe) created and registered.
I0918 22:15:09.653841 1593317 AssetAttributesManager.cpp:117] Asset attributes (cylinderSolid : cylinderSolid_rings_1_segments_12_halfLen_1_useTexCoords_false_useTangents_false_capEnds_true) created and registered.
I0918 22:15:09.653858 1593317 AssetAttributesManager.cpp:117] Asset attributes (cylinderWireframe : cylinderWireframe_rings_1_segments_32_halfLen_1) created and registered.
I0918 22:15:09.653869 1593317 AssetAttributesManager.cpp:117] Asset attributes (icosphereSolid : icosphereSolid_subdivs_1) created and registered.
I0918 22:15:09.653878 1593317 AssetAttributesManager.cpp:117] Asset attributes (icosphereWireframe : icosphereWireframe_subdivs_1) created and registered.
I0918 22:15:09.653891 1593317 AssetAttributesManager.cpp:117] Asset attributes (uvSphereSolid : uvSphereSolid_rings_8_segments_16_useTexCoords_false_useTangents_false) created and registered.
I0918 22:15:09.653904 1593317 AssetAttributesManager.cpp:117] Asset attributes (uvSphereWireframe : uvSphereWireframe_rings_16_segments_32) created and registered.
I0918 22:15:09.653910 1593317 AssetAttributesManager.cpp:105] AssetAttributesManager::buildCtorFuncPtrMaps : Built default primitive asset templates : 12
I0918 22:15:09.654320 1593317 SceneDatasetAttributesManager.cpp:23] File (default) not found, so new default dataset attributes created and registered.
I0918 22:15:09.654322 1593317 MetadataMediator.cpp:47] MetadataMediator::createDataset : Dataset default successfully created.
I0918 22:15:09.654510 1593317 AttributesManagerBase.h:283] AttributesManager<T>::createFromJsonOrDefaultInternal  (Physics Manager) : Proposing JSON name : ./data/default.physics_config.json from original name : ./data/default.physics_config.json | This file  does not exist.
I0918 22:15:09.654522 1593317 PhysicsAttributesManager.cpp:27] File (./data/default.physics_config.json) not found, so new default physics manager attributes created and registered.
I0918 22:15:09.654526 1593317 AbstractObjectAttributesManagerBase.h:175] AbstractObjectAttributesManager<T>::createObject  (Stage) : Making attributes with handle : /mnt/data_nas/deeprobotics/daiyang/vla/third_party/ETP-R1/data/scene_datasets/mp3d/aayBHfsNo7d/aayBHfsNo7d.glb
I0918 22:15:09.654529 1593317 ManagedContainerBase.cpp:19] ManagedContainerBase::convertFilenameToJSON : Filename : /mnt/data_nas/deeprobotics/daiyang/vla/third_party/ETP-R1/data/scene_datasets/mp3d/aayBHfsNo7d/aayBHfsNo7d.glb changed to proposed JSON configuration filename : /mnt/data_nas/deeprobotics/daiyang/vla/third_party/ETP-R1/data/scene_datasets/mp3d/aayBHfsNo7d/aayBHfsNo7d.stage_config.json
I0918 22:15:09.654542 1593317 AttributesManagerBase.h:283] AttributesManager<T>::createFromJsonOrDefaultInternal  (Stage) : Proposing JSON name : /mnt/data_nas/deeprobotics/daiyang/vla/third_party/ETP-R1/data/scene_datasets/mp3d/aayBHfsNo7d/aayBHfsNo7d.stage_config.json from original name : /mnt/data_nas/deeprobotics/daiyang/vla/third_party/ETP-R1/data/scene_datasets/mp3d/aayBHfsNo7d/aayBHfsNo7d.glb | This file  does not exist.
I0918 22:15:09.654587 1593317 AbstractObjectAttributesManagerBase.h:181] AbstractObjectAttributesManager<T>::createObject  (Stage) : Done making attributes with handle : /mnt/data_nas/deeprobotics/daiyang/vla/third_party/ETP-R1/data/scene_datasets/mp3d/aayBHfsNo7d/aayBHfsNo7d.glb
I0918 22:15:09.654592 1593317 AbstractObjectAttributesManagerBase.h:188] File (/mnt/data_nas/deeprobotics/daiyang/vla/third_party/ETP-R1/data/scene_datasets/mp3d/aayBHfsNo7d/aayBHfsNo7d.glb) exists but is not a recognized config filename extension, so new default Stage attributes created and registered.
I0918 22:15:09.654597 1593317 Simulator.cpp:156] Loading navmesh from /mnt/data_nas/deeprobotics/daiyang/vla/third_party/ETP-R1/data/scene_datasets/mp3d/aayBHfsNo7d/aayBHfsNo7d.navmesh
I0918 22:15:09.655496 1593317 Simulator.cpp:158] Loaded.
I0918 22:15:09.655505 1593317 SceneGraph.h:93] Created DrawableGroup: 
Renderer: NVIDIA GeForce RTX 5090/PCIe/SSE2 by NVIDIA Corporation
OpenGL version: 4.6.0 NVIDIA 580.126.09
Using optional features:
    GL_ARB_ES2_compatibility
    GL_ARB_direct_state_access
    GL_ARB_get_texture_sub_image
    GL_ARB_invalidate_subdata
    GL_ARB_multi_bind
    GL_ARB_robustness
    GL_ARB_separate_shader_objects
    GL_ARB_texture_filter_anisotropic
    GL_ARB_texture_storage
    GL_ARB_texture_storage_multisample
    GL_ARB_vertex_array_object
    GL_KHR_debug
Using driver workarounds:
    no-forward-compatible-core-context
    nv-egl-incorrect-gl11-function-pointers
    no-layout-qualifiers-on-old-glsl
    nv-zero-context-profile-mask
    nv-implementation-color-read-format-dsa-broken
    nv-cubemap-inconsistent-compressed-image-size
    nv-cubemap-broken-full-compressed-image-query
    nv-compressed-block-size-in-bits
I0918 22:15:09.659137 1593317 ResourceManager.cpp:234] ResourceManager::loadStage : Not loading semantic mesh
I0918 22:15:09.659145 1593317 ResourceManager.cpp:262] ResourceManager::loadStage : start load render asset /mnt/data_nas/deeprobotics/daiyang/vla/third_party/ETP-R1/data/scene_datasets/mp3d/aayBHfsNo7d/aayBHfsNo7d.glb.
I0918 22:15:09.659148 1593317 ResourceManager.cpp:569] ResourceManager::loadStageInternal : Attempting to load stage /mnt/data_nas/deeprobotics/daiyang/vla/third_party/ETP-R1/data/scene_datasets/mp3d/aayBHfsNo7d/aayBHfsNo7d.glb 
I0918 22:15:09.659164 1593317 ResourceManager.cpp:1119] Importing Basis files as BC7 for aayBHfsNo7d.glb
W0918 22:15:11.246608 1593317 Simulator.cpp:248] :
---
 The active scene does not contain semantic annotations. 
---
I0918 22:15:11.287797 1593317 simulator.py:213] Loaded navmesh /mnt/data_nas/deeprobotics/daiyang/vla/third_party/ETP-R1/data/scene_datasets/mp3d/aayBHfsNo7d/aayBHfsNo7d.navmesh
I0918 22:15:52.003345 1593317 PhysicsManager.cpp:33] Deconstructing PhysicsManager
I0918 22:15:52.003381 1593317 SemanticScene.h:41] Deconstructing SemanticScene
I0918 22:15:52.005699 1593317 SceneManager.h:25] Deconstructing SceneManager
I0918 22:15:52.005709 1593317 SceneGraph.h:26] Deconstructing SceneGraph
I0918 22:15:52.006255 1593317 Sensor.h:87] Deconstructing Sensor
I0918 22:15:52.008265 1593317 Renderer.cpp:34] Deconstructing Renderer
I0918 22:15:52.008296 1593317 WindowlessContext.h:17] Deconstructing WindowlessContext
I0918 22:15:52.014165 1593317 ManagedContainerBase.cpp:19] ManagedContainerBase::convertFilenameToJSON : Filename : default changed to proposed JSON configuration filename : default.scene_dataset_config.json
I0918 22:15:52.014182 1593317 AttributesManagerBase.h:283] AttributesManager<T>::createFromJsonOrDefaultInternal  (Dataset) : Proposing JSON name : default.scene_dataset_config.json from original name : default | This file  does not exist.
I0918 22:15:52.014326 1593317 AssetAttributesManager.cpp:117] Asset attributes (capsule3DSolid : capsule3DSolid_hemiRings_4_cylRings_1_segments_12_halfLen_0.75_useTexCoords_false_useTangents_false) created and registered.
I0918 22:15:52.014354 1593317 AssetAttributesManager.cpp:117] Asset attributes (capsule3DWireframe : capsule3DWireframe_hemiRings_8_cylRings_1_segments_16_halfLen_1) created and registered.
I0918 22:15:52.014377 1593317 AssetAttributesManager.cpp:117] Asset attributes (coneSolid : coneSolid_segments_12_halfLen_1.25_rings_1_useTexCoords_false_useTangents_false_capEnd_true) created and registered.
I0918 22:15:52.014396 1593317 AssetAttributesManager.cpp:117] Asset attributes (coneWireframe : coneWireframe_segments_32_halfLen_1.25) created and registered.
I0918 22:15:52.014405 1593317 AssetAttributesManager.cpp:117] Asset attributes (cubeSolid : cubeSolid) created and registered.
I0918 22:15:52.014412 1593317 AssetAttributesManager.cpp:117] Asset attributes (cubeWireframe : cubeWireframe) created and registered.
I0918 22:15:52.014431 1593317 AssetAttributesManager.cpp:117] Asset attributes (cylinderSolid : cylinderSolid_rings_1_segments_12_halfLen_1_useTexCoords_false_useTangents_false_capEnds_true) created and registered.
I0918 22:15:52.014448 1593317 AssetAttributesManager.cpp:117] Asset attributes (cylinderWireframe : cylinderWireframe_rings_1_segments_32_halfLen_1) created and registered.
I0918 22:15:52.014459 1593317 AssetAttributesManager.cpp:117] Asset attributes (icosphereSolid : icosphereSolid_subdivs_1) created and registered.
I0918 22:15:52.014467 1593317 AssetAttributesManager.cpp:117] Asset attributes (icosphereWireframe : icosphereWireframe_subdivs_1) created and registered.
I0918 22:15:52.014482 1593317 AssetAttributesManager.cpp:117] Asset attributes (uvSphereSolid : uvSphereSolid_rings_8_segments_16_useTexCoords_false_useTangents_false) created and registered.
I0918 22:15:52.014494 1593317 AssetAttributesManager.cpp:117] Asset attributes (uvSphereWireframe : uvSphereWireframe_rings_16_segments_32) created and registered.
I0918 22:15:52.014500 1593317 AssetAttributesManager.cpp:105] AssetAttributesManager::buildCtorFuncPtrMaps : Built default primitive asset templates : 12
I0918 22:15:52.014897 1593317 SceneDatasetAttributesManager.cpp:23] File (default) not found, so new default dataset attributes created and registered.
I0918 22:15:52.014900 1593317 MetadataMediator.cpp:47] MetadataMediator::createDataset : Dataset default successfully created.
I0918 22:15:52.015079 1593317 AttributesManagerBase.h:283] AttributesManager<T>::createFromJsonOrDefaultInternal  (Physics Manager) : Proposing JSON name : ./data/default.physics_config.json from original name : ./data/default.physics_config.json | This file  does not exist.
I0918 22:15:52.015091 1593317 PhysicsAttributesManager.cpp:27] File (./data/default.physics_config.json) not found, so new default physics manager attributes created and registered.
I0918 22:15:52.015095 1593317 AbstractObjectAttributesManagerBase.h:175] AbstractObjectAttributesManager<T>::createObject  (Stage) : Making attributes with handle : /mnt/data_nas/deeprobotics/daiyang/vla/third_party/ETP-R1/data/scene_datasets/mp3d/82sE5b5pLXE/82sE5b5pLXE.glb
I0918 22:15:52.015100 1593317 ManagedContainerBase.cpp:19] ManagedContainerBase::convertFilenameToJSON : Filename : /mnt/data_nas/deeprobotics/daiyang/vla/third_party/ETP-R1/data/scene_datasets/mp3d/82sE5b5pLXE/82sE5b5pLXE.glb changed to proposed JSON configuration filename : /mnt/data_nas/deeprobotics/daiyang/vla/third_party/ETP-R1/data/scene_datasets/mp3d/82sE5b5pLXE/82sE5b5pLXE.stage_config.json
I0918 22:15:52.015111 1593317 AttributesManagerBase.h:283] AttributesManager<T>::createFromJsonOrDefaultInternal  (Stage) : Proposing JSON name : /mnt/data_nas/deeprobotics/daiyang/vla/third_party/ETP-R1/data/scene_datasets/mp3d/82sE5b5pLXE/82sE5b5pLXE.stage_config.json from original name : /mnt/data_nas/deeprobotics/daiyang/vla/third_party/ETP-R1/data/scene_datasets/mp3d/82sE5b5pLXE/82sE5b5pLXE.glb | This file  does not exist.
I0918 22:15:52.015158 1593317 AbstractObjectAttributesManagerBase.h:181] AbstractObjectAttributesManager<T>::createObject  (Stage) : Done making attributes with handle : /mnt/data_nas/deeprobotics/daiyang/vla/third_party/ETP-R1/data/scene_datasets/mp3d/82sE5b5pLXE/82sE5b5pLXE.glb
I0918 22:15:52.015161 1593317 AbstractObjectAttributesManagerBase.h:188] File (/mnt/data_nas/deeprobotics/daiyang/vla/third_party/ETP-R1/data/scene_datasets/mp3d/82sE5b5pLXE/82sE5b5pLXE.glb) exists but is not a recognized config filename extension, so new default Stage attributes created and registered.
I0918 22:15:52.015168 1593317 Simulator.cpp:156] Loading navmesh from /mnt/data_nas/deeprobotics/daiyang/vla/third_party/ETP-R1/data/scene_datasets/mp3d/82sE5b5pLXE/82sE5b5pLXE.navmesh
I0918 22:15:52.016265 1593317 Simulator.cpp:158] Loaded.
I0918 22:15:52.016276 1593317 SceneGraph.h:93] Created DrawableGroup: 
Renderer: NVIDIA GeForce RTX 5090/PCIe/SSE2 by NVIDIA Corporation
OpenGL version: 4.6.0 NVIDIA 580.126.09
Using optional features:
    GL_ARB_ES2_compatibility
    GL_ARB_direct_state_access
    GL_ARB_get_texture_sub_image
    GL_ARB_invalidate_subdata
    GL_ARB_multi_bind
    GL_ARB_robustness
    GL_ARB_separate_shader_objects
    GL_ARB_texture_filter_anisotropic
    GL_ARB_texture_storage
    GL_ARB_texture_storage_multisample
    GL_ARB_vertex_array_object
    GL_KHR_debug
Using driver workarounds:
    no-forward-compatible-core-context
    nv-egl-incorrect-gl11-function-pointers
    no-layout-qualifiers-on-old-glsl
    nv-zero-context-profile-mask
    nv-implementation-color-read-format-dsa-broken
    nv-cubemap-inconsistent-compressed-image-size
    nv-cubemap-broken-full-compressed-image-query
    nv-compressed-block-size-in-bits
I0918 22:15:52.020181 1593317 ResourceManager.cpp:234] ResourceManager::loadStage : Not loading semantic mesh
I0918 22:15:52.020191 1593317 ResourceManager.cpp:262] ResourceManager::loadStage : start load render asset /mnt/data_nas/deeprobotics/daiyang/vla/third_party/ETP-R1/data/scene_datasets/mp3d/82sE5b5pLXE/82sE5b5pLXE.glb.
I0918 22:15:52.020193 1593317 ResourceManager.cpp:569] ResourceManager::loadStageInternal : Attempting to load stage /mnt/data_nas/deeprobotics/daiyang/vla/third_party/ETP-R1/data/scene_datasets/mp3d/82sE5b5pLXE/82sE5b5pLXE.glb 
I0918 22:15:52.020208 1593317 ResourceManager.cpp:1119] Importing Basis files as BC7 for 82sE5b5pLXE.glb
W0918 22:15:54.051435 1593317 Simulator.cpp:248] :
---
 The active scene does not contain semantic annotations. 
---
I0918 22:15:54.088444 1593317 simulator.py:213] Loaded navmesh /mnt/data_nas/deeprobotics/daiyang/vla/third_party/ETP-R1/data/scene_datasets/mp3d/82sE5b5pLXE/82sE5b5pLXE.navmesh
I0918 22:16:28.569566 1593317 PhysicsManager.cpp:33] Deconstructing PhysicsManager
I0918 22:16:28.569607 1593317 SemanticScene.h:41] Deconstructing SemanticScene
I0918 22:16:28.571026 1593317 SceneManager.h:25] Deconstructing SceneManager
I0918 22:16:28.571036 1593317 SceneGraph.h:26] Deconstructing SceneGraph
I0918 22:16:28.571331 1593317 Sensor.h:87] Deconstructing Sensor
I0918 22:16:28.574976 1593317 Renderer.cpp:34] Deconstructing Renderer
I0918 22:16:28.574997 1593317 WindowlessContext.h:17] Deconstructing WindowlessContext
I0918 22:16:28.580163 1593317 ManagedContainerBase.cpp:19] ManagedContainerBase::convertFilenameToJSON : Filename : default changed to proposed JSON configuration filename : default.scene_dataset_config.json
I0918 22:16:28.580180 1593317 AttributesManagerBase.h:283] AttributesManager<T>::createFromJsonOrDefaultInternal  (Dataset) : Proposing JSON name : default.scene_dataset_config.json from original name : default | This file  does not exist.
I0918 22:16:28.580456 1593317 AssetAttributesManager.cpp:117] Asset attributes (capsule3DSolid : capsule3DSolid_hemiRings_4_cylRings_1_segments_12_halfLen_0.75_useTexCoords_false_useTangents_false) created and registered.
I0918 22:16:28.580483 1593317 AssetAttributesManager.cpp:117] Asset attributes (capsule3DWireframe : capsule3DWireframe_hemiRings_8_cylRings_1_segments_16_halfLen_1) created and registered.
I0918 22:16:28.580506 1593317 AssetAttributesManager.cpp:117] Asset attributes (coneSolid : coneSolid_segments_12_halfLen_1.25_rings_1_useTexCoords_false_useTangents_false_capEnd_true) created and registered.
I0918 22:16:28.580521 1593317 AssetAttributesManager.cpp:117] Asset attributes (coneWireframe : coneWireframe_segments_32_halfLen_1.25) created and registered.
I0918 22:16:28.580530 1593317 AssetAttributesManager.cpp:117] Asset attributes (cubeSolid : cubeSolid) created and registered.
I0918 22:16:28.580541 1593317 AssetAttributesManager.cpp:117] Asset attributes (cubeWireframe : cubeWireframe) created and registered.
I0918 22:16:28.580561 1593317 AssetAttributesManager.cpp:117] Asset attributes (cylinderSolid : cylinderSolid_rings_1_segments_12_halfLen_1_useTexCoords_false_useTangents_false_capEnds_true) created and registered.
I0918 22:16:28.580578 1593317 AssetAttributesManager.cpp:117] Asset attributes (cylinderWireframe : cylinderWireframe_rings_1_segments_32_halfLen_1) created and registered.
I0918 22:16:28.580590 1593317 AssetAttributesManager.cpp:117] Asset attributes (icosphereSolid : icosphereSolid_subdivs_1) created and registered.
I0918 22:16:28.580600 1593317 AssetAttributesManager.cpp:117] Asset attributes (icosphereWireframe : icosphereWireframe_subdivs_1) created and registered.
I0918 22:16:28.580614 1593317 AssetAttributesManager.cpp:117] Asset attributes (uvSphereSolid : uvSphereSolid_rings_8_segments_16_useTexCoords_false_useTangents_false) created and registered.
I0918 22:16:28.580627 1593317 AssetAttributesManager.cpp:117] Asset attributes (uvSphereWireframe : uvSphereWireframe_rings_16_segments_32) created and registered.
I0918 22:16:28.580633 1593317 AssetAttributesManager.cpp:105] AssetAttributesManager::buildCtorFuncPtrMaps : Built default primitive asset templates : 12
I0918 22:16:28.581033 1593317 SceneDatasetAttributesManager.cpp:23] File (default) not found, so new default dataset attributes created and registered.
I0918 22:16:28.581035 1593317 MetadataMediator.cpp:47] MetadataMediator::createDataset : Dataset default successfully created.
I0918 22:16:28.582068 1593317 AttributesManagerBase.h:283] AttributesManager<T>::createFromJsonOrDefaultInternal  (Physics Manager) : Proposing JSON name : ./data/default.physics_config.json from original name : ./data/default.physics_config.json | This file  does not exist.
I0918 22:16:28.582083 1593317 PhysicsAttributesManager.cpp:27] File (./data/default.physics_config.json) not found, so new default physics manager attributes created and registered.
I0918 22:16:28.582086 1593317 AbstractObjectAttributesManagerBase.h:175] AbstractObjectAttributesManager<T>::createObject  (Stage) : Making attributes with handle : /mnt/data_nas/deeprobotics/daiyang/vla/third_party/ETP-R1/data/scene_datasets/mp3d/B6ByNegPMKs/B6ByNegPMKs.glb
I0918 22:16:28.582090 1593317 ManagedContainerBase.cpp:19] ManagedContainerBase::convertFilenameToJSON : Filename : /mnt/data_nas/deeprobotics/daiyang/vla/third_party/ETP-R1/data/scene_datasets/mp3d/B6ByNegPMKs/B6ByNegPMKs.glb changed to proposed JSON configuration filename : /mnt/data_nas/deeprobotics/daiyang/vla/third_party/ETP-R1/data/scene_datasets/mp3d/B6ByNegPMKs/B6ByNegPMKs.stage_config.json
I0918 22:16:28.584650 1593317 AttributesManagerBase.h:283] AttributesManager<T>::createFromJsonOrDefaultInternal  (Stage) : Proposing JSON name : /mnt/data_nas/deeprobotics/daiyang/vla/third_party/ETP-R1/data/scene_datasets/mp3d/B6ByNegPMKs/B6ByNegPMKs.stage_config.json from original name : /mnt/data_nas/deeprobotics/daiyang/vla/third_party/ETP-R1/data/scene_datasets/mp3d/B6ByNegPMKs/B6ByNegPMKs.glb | This file  does not exist.
I0918 22:16:28.584702 1593317 AbstractObjectAttributesManagerBase.h:181] AbstractObjectAttributesManager<T>::createObject  (Stage) : Done making attributes with handle : /mnt/data_nas/deeprobotics/daiyang/vla/third_party/ETP-R1/data/scene_datasets/mp3d/B6ByNegPMKs/B6ByNegPMKs.glb
I0918 22:16:28.584704 1593317 AbstractObjectAttributesManagerBase.h:188] File (/mnt/data_nas/deeprobotics/daiyang/vla/third_party/ETP-R1/data/scene_datasets/mp3d/B6ByNegPMKs/B6ByNegPMKs.glb) exists but is not a recognized config filename extension, so new default Stage attributes created and registered.
I0918 22:16:28.584709 1593317 Simulator.cpp:156] Loading navmesh from /mnt/data_nas/deeprobotics/daiyang/vla/third_party/ETP-R1/data/scene_datasets/mp3d/B6ByNegPMKs/B6ByNegPMKs.navmesh
I0918 22:16:28.586117 1593317 Simulator.cpp:158] Loaded.
I0918 22:16:28.586124 1593317 SceneGraph.h:93] Created DrawableGroup: 
Renderer: NVIDIA GeForce RTX 5090/PCIe/SSE2 by NVIDIA Corporation
OpenGL version: 4.6.0 NVIDIA 580.126.09
Using optional features:
    GL_ARB_ES2_compatibility
    GL_ARB_direct_state_access
    GL_ARB_get_texture_sub_image
    GL_ARB_invalidate_subdata
    GL_ARB_multi_bind
    GL_ARB_robustness
    GL_ARB_separate_shader_objects
    GL_ARB_texture_filter_anisotropic
    GL_ARB_texture_storage
    GL_ARB_texture_storage_multisample
    GL_ARB_vertex_array_object
    GL_KHR_debug
Using driver workarounds:
    no-forward-compatible-core-context
    nv-egl-incorrect-gl11-function-pointers
    no-layout-qualifiers-on-old-glsl
    nv-zero-context-profile-mask
    nv-implementation-color-read-format-dsa-broken
    nv-cubemap-inconsistent-compressed-image-size
    nv-cubemap-broken-full-compressed-image-query
    nv-compressed-block-size-in-bits
I0918 22:16:28.589795 1593317 ResourceManager.cpp:234] ResourceManager::loadStage : Not loading semantic mesh
I0918 22:16:28.589804 1593317 ResourceManager.cpp:262] ResourceManager::loadStage : start load render asset /mnt/data_nas/deeprobotics/daiyang/vla/third_party/ETP-R1/data/scene_datasets/mp3d/B6ByNegPMKs/B6ByNegPMKs.glb.
I0918 22:16:28.589807 1593317 ResourceManager.cpp:569] ResourceManager::loadStageInternal : Attempting to load stage /mnt/data_nas/deeprobotics/daiyang/vla/third_party/ETP-R1/data/scene_datasets/mp3d/B6ByNegPMKs/B6ByNegPMKs.glb 
I0918 22:16:28.589821 1593317 ResourceManager.cpp:1119] Importing Basis files as BC7 for B6ByNegPMKs.glb
W0918 22:16:38.312462 1593317 Simulator.cpp:248] :
---
 The active scene does not contain semantic annotations. 
---
I0918 22:16:38.508079 1593317 simulator.py:213] Loaded navmesh /mnt/data_nas/deeprobotics/daiyang/vla/third_party/ETP-R1/data/scene_datasets/mp3d/B6ByNegPMKs/B6ByNegPMKs.navmesh
I0918 22:17:51.454190 1593317 PhysicsManager.cpp:33] Deconstructing PhysicsManager
I0918 22:17:51.454250 1593317 SemanticScene.h:41] Deconstructing SemanticScene
I0918 22:17:51.471477 1593317 SceneManager.h:25] Deconstructing SceneManager
I0918 22:17:51.471494 1593317 SceneGraph.h:26] Deconstructing SceneGraph
I0918 22:17:51.471967 1593317 Sensor.h:87] Deconstructing Sensor
I0918 22:17:51.492202 1593317 Renderer.cpp:34] Deconstructing Renderer
I0918 22:17:51.492237 1593317 WindowlessContext.h:17] Deconstructing WindowlessContext
I0918 22:17:51.504333 1593317 ManagedContainerBase.cpp:19] ManagedContainerBase::convertFilenameToJSON : Filename : default changed to proposed JSON configuration filename : default.scene_dataset_config.json
I0918 22:17:51.504351 1593317 AttributesManagerBase.h:283] AttributesManager<T>::createFromJsonOrDefaultInternal  (Dataset) : Proposing JSON name : default.scene_dataset_config.json from original name : default | This file  does not exist.
I0918 22:17:51.504509 1593317 AssetAttributesManager.cpp:117] Asset attributes (capsule3DSolid : capsule3DSolid_hemiRings_4_cylRings_1_segments_12_halfLen_0.75_useTexCoords_false_useTangents_false) created and registered.
I0918 22:17:51.504537 1593317 AssetAttributesManager.cpp:117] Asset attributes (capsule3DWireframe : capsule3DWireframe_hemiRings_8_cylRings_1_segments_16_halfLen_1) created and registered.
I0918 22:17:51.504561 1593317 AssetAttributesManager.cpp:117] Asset attributes (coneSolid : coneSolid_segments_12_halfLen_1.25_rings_1_useTexCoords_false_useTangents_false_capEnd_true) created and registered.
I0918 22:17:51.504576 1593317 AssetAttributesManager.cpp:117] Asset attributes (coneWireframe : coneWireframe_segments_32_halfLen_1.25) created and registered.
I0918 22:17:51.504585 1593317 AssetAttributesManager.cpp:117] Asset attributes (cubeSolid : cubeSolid) created and registered.
I0918 22:17:51.504592 1593317 AssetAttributesManager.cpp:117] Asset attributes (cubeWireframe : cubeWireframe) created and registered.
I0918 22:17:51.504611 1593317 AssetAttributesManager.cpp:117] Asset attributes (cylinderSolid : cylinderSolid_rings_1_segments_12_halfLen_1_useTexCoords_false_useTangents_false_capEnds_true) created and registered.
I0918 22:17:51.504628 1593317 AssetAttributesManager.cpp:117] Asset attributes (cylinderWireframe : cylinderWireframe_rings_1_segments_32_halfLen_1) created and registered.
I0918 22:17:51.504645 1593317 AssetAttributesManager.cpp:117] Asset attributes (icosphereSolid : icosphereSolid_subdivs_1) created and registered.
I0918 22:17:51.504654 1593317 AssetAttributesManager.cpp:117] Asset attributes (icosphereWireframe : icosphereWireframe_subdivs_1) created and registered.
I0918 22:17:51.504668 1593317 AssetAttributesManager.cpp:117] Asset attributes (uvSphereSolid : uvSphereSolid_rings_8_segments_16_useTexCoords_false_useTangents_false) created and registered.
I0918 22:17:51.504681 1593317 AssetAttributesManager.cpp:117] Asset attributes (uvSphereWireframe : uvSphereWireframe_rings_16_segments_32) created and registered.
I0918 22:17:51.504688 1593317 AssetAttributesManager.cpp:105] AssetAttributesManager::buildCtorFuncPtrMaps : Built default primitive asset templates : 12
I0918 22:17:51.505089 1593317 SceneDatasetAttributesManager.cpp:23] File (default) not found, so new default dataset attributes created and registered.
I0918 22:17:51.505091 1593317 MetadataMediator.cpp:47] MetadataMediator::createDataset : Dataset default successfully created.
I0918 22:17:51.505286 1593317 AttributesManagerBase.h:283] AttributesManager<T>::createFromJsonOrDefaultInternal  (Physics Manager) : Proposing JSON name : ./data/default.physics_config.json from original name : ./data/default.physics_config.json | This file  does not exist.
I0918 22:17:51.505298 1593317 PhysicsAttributesManager.cpp:27] File (./data/default.physics_config.json) not found, so new default physics manager attributes created and registered.
I0918 22:17:51.505302 1593317 AbstractObjectAttributesManagerBase.h:175] AbstractObjectAttributesManager<T>::createObject  (Stage) : Making attributes with handle : /mnt/data_nas/deeprobotics/daiyang/vla/third_party/ETP-R1/data/scene_datasets/mp3d/PuKPg4mmafe/PuKPg4mmafe.glb
I0918 22:17:51.505306 1593317 ManagedContainerBase.cpp:19] ManagedContainerBase::convertFilenameToJSON : Filename : /mnt/data_nas/deeprobotics/daiyang/vla/third_party/ETP-R1/data/scene_datasets/mp3d/PuKPg4mmafe/PuKPg4mmafe.glb changed to proposed JSON configuration filename : /mnt/data_nas/deeprobotics/daiyang/vla/third_party/ETP-R1/data/scene_datasets/mp3d/PuKPg4mmafe/PuKPg4mmafe.stage_config.json
I0918 22:17:51.505318 1593317 AttributesManagerBase.h:283] AttributesManager<T>::createFromJsonOrDefaultInternal  (Stage) : Proposing JSON name : /mnt/data_nas/deeprobotics/daiyang/vla/third_party/ETP-R1/data/scene_datasets/mp3d/PuKPg4mmafe/PuKPg4mmafe.stage_config.json from original name : /mnt/data_nas/deeprobotics/daiyang/vla/third_party/ETP-R1/data/scene_datasets/mp3d/PuKPg4mmafe/PuKPg4mmafe.glb | This file  does not exist.
I0918 22:17:51.505366 1593317 AbstractObjectAttributesManagerBase.h:181] AbstractObjectAttributesManager<T>::createObject  (Stage) : Done making attributes with handle : /mnt/data_nas/deeprobotics/daiyang/vla/third_party/ETP-R1/data/scene_datasets/mp3d/PuKPg4mmafe/PuKPg4mmafe.glb
I0918 22:17:51.505367 1593317 AbstractObjectAttributesManagerBase.h:188] File (/mnt/data_nas/deeprobotics/daiyang/vla/third_party/ETP-R1/data/scene_datasets/mp3d/PuKPg4mmafe/PuKPg4mmafe.glb) exists but is not a recognized config filename extension, so new default Stage attributes created and registered.
I0918 22:17:51.505373 1593317 Simulator.cpp:156] Loading navmesh from /mnt/data_nas/deeprobotics/daiyang/vla/third_party/ETP-R1/data/scene_datasets/mp3d/PuKPg4mmafe/PuKPg4mmafe.navmesh
I0918 22:17:51.506392 1593317 Simulator.cpp:158] Loaded.
I0918 22:17:51.506404 1593317 SceneGraph.h:93] Created DrawableGroup: 
Renderer: NVIDIA GeForce RTX 5090/PCIe/SSE2 by NVIDIA Corporation
OpenGL version: 4.6.0 NVIDIA 580.126.09
Using optional features:
    GL_ARB_ES2_compatibility
    GL_ARB_direct_state_access
    GL_ARB_get_texture_sub_image
    GL_ARB_invalidate_subdata
    GL_ARB_multi_bind
    GL_ARB_robustness
    GL_ARB_separate_shader_objects
    GL_ARB_texture_filter_anisotropic
    GL_ARB_texture_storage
    GL_ARB_texture_storage_multisample
    GL_ARB_vertex_array_object
    GL_KHR_debug
Using driver workarounds:
    no-forward-compatible-core-context
    nv-egl-incorrect-gl11-function-pointers
    no-layout-qualifiers-on-old-glsl
    nv-zero-context-profile-mask
    nv-implementation-color-read-format-dsa-broken
    nv-cubemap-inconsistent-compressed-image-size
    nv-cubemap-broken-full-compressed-image-query
    nv-compressed-block-size-in-bits
I0918 22:17:51.510082 1593317 ResourceManager.cpp:234] ResourceManager::loadStage : Not loading semantic mesh
I0918 22:17:51.510092 1593317 ResourceManager.cpp:262] ResourceManager::loadStage : start load render asset /mnt/data_nas/deeprobotics/daiyang/vla/third_party/ETP-R1/data/scene_datasets/mp3d/PuKPg4mmafe/PuKPg4mmafe.glb.
I0918 22:17:51.510093 1593317 ResourceManager.cpp:569] ResourceManager::loadStageInternal : Attempting to load stage /mnt/data_nas/deeprobotics/daiyang/vla/third_party/ETP-R1/data/scene_datasets/mp3d/PuKPg4mmafe/PuKPg4mmafe.glb 
I0918 22:17:51.510109 1593317 ResourceManager.cpp:1119] Importing Basis files as BC7 for PuKPg4mmafe.glb
W0918 22:17:56.278478 1593317 Simulator.cpp:248] :
---
 The active scene does not contain semantic annotations. 
---
I0918 22:17:56.300739 1593317 simulator.py:213] Loaded navmesh /mnt/data_nas/deeprobotics/daiyang/vla/third_party/ETP-R1/data/scene_datasets/mp3d/PuKPg4mmafe/PuKPg4mmafe.navmesh
I0918 22:18:34.836438 1593317 PhysicsManager.cpp:33] Deconstructing PhysicsManager
I0918 22:18:34.836479 1593317 SemanticScene.h:41] Deconstructing SemanticScene
I0918 22:18:34.837318 1593317 SceneManager.h:25] Deconstructing SceneManager
I0918 22:18:34.837323 1593317 SceneGraph.h:26] Deconstructing SceneGraph
I0918 22:18:34.837563 1593317 Sensor.h:87] Deconstructing Sensor
I0918 22:18:34.845073 1593317 Renderer.cpp:34] Deconstructing Renderer
I0918 22:18:34.845108 1593317 WindowlessContext.h:17] Deconstructing WindowlessContext
I0918 22:18:34.882319 1593317 ManagedContainerBase.cpp:19] ManagedContainerBase::convertFilenameToJSON : Filename : default changed to proposed JSON configuration filename : default.scene_dataset_config.json
I0918 22:18:34.882346 1593317 AttributesManagerBase.h:283] AttributesManager<T>::createFromJsonOrDefaultInternal  (Dataset) : Proposing JSON name : default.scene_dataset_config.json from original name : default | This file  does not exist.
I0918 22:18:34.882583 1593317 AssetAttributesManager.cpp:117] Asset attributes (capsule3DSolid : capsule3DSolid_hemiRings_4_cylRings_1_segments_12_halfLen_0.75_useTexCoords_false_useTangents_false) created and registered.
I0918 22:18:34.882613 1593317 AssetAttributesManager.cpp:117] Asset attributes (capsule3DWireframe : capsule3DWireframe_hemiRings_8_cylRings_1_segments_16_halfLen_1) created and registered.
I0918 22:18:34.882637 1593317 AssetAttributesManager.cpp:117] Asset attributes (coneSolid : coneSolid_segments_12_halfLen_1.25_rings_1_useTexCoords_false_useTangents_false_capEnd_true) created and registered.
I0918 22:18:34.882651 1593317 AssetAttributesManager.cpp:117] Asset attributes (coneWireframe : coneWireframe_segments_32_halfLen_1.25) created and registered.
I0918 22:18:34.882660 1593317 AssetAttributesManager.cpp:117] Asset attributes (cubeSolid : cubeSolid) created and registered.
I0918 22:18:34.882666 1593317 AssetAttributesManager.cpp:117] Asset attributes (cubeWireframe : cubeWireframe) created and registered.
I0918 22:18:34.882686 1593317 AssetAttributesManager.cpp:117] Asset attributes (cylinderSolid : cylinderSolid_rings_1_segments_12_halfLen_1_useTexCoords_false_useTangents_false_capEnds_true) created and registered.
I0918 22:18:34.882704 1593317 AssetAttributesManager.cpp:117] Asset attributes (cylinderWireframe : cylinderWireframe_rings_1_segments_32_halfLen_1) created and registered.
I0918 22:18:34.882715 1593317 AssetAttributesManager.cpp:117] Asset attributes (icosphereSolid : icosphereSolid_subdivs_1) created and registered.
I0918 22:18:34.882725 1593317 AssetAttributesManager.cpp:117] Asset attributes (icosphereWireframe : icosphereWireframe_subdivs_1) created and registered.
I0918 22:18:34.882746 1593317 AssetAttributesManager.cpp:117] Asset attributes (uvSphereSolid : uvSphereSolid_rings_8_segments_16_useTexCoords_false_useTangents_false) created and registered.
I0918 22:18:34.882759 1593317 AssetAttributesManager.cpp:117] Asset attributes (uvSphereWireframe : uvSphereWireframe_rings_16_segments_32) created and registered.
I0918 22:18:34.882766 1593317 AssetAttributesManager.cpp:105] AssetAttributesManager::buildCtorFuncPtrMaps : Built default primitive asset templates : 12
I0918 22:18:34.883170 1593317 SceneDatasetAttributesManager.cpp:23] File (default) not found, so new default dataset attributes created and registered.
I0918 22:18:34.883173 1593317 MetadataMediator.cpp:47] MetadataMediator::createDataset : Dataset default successfully created.
I0918 22:18:34.883388 1593317 AttributesManagerBase.h:283] AttributesManager<T>::createFromJsonOrDefaultInternal  (Physics Manager) : Proposing JSON name : ./data/default.physics_config.json from original name : ./data/default.physics_config.json | This file  does not exist.
I0918 22:18:34.883401 1593317 PhysicsAttributesManager.cpp:27] File (./data/default.physics_config.json) not found, so new default physics manager attributes created and registered.
I0918 22:18:34.883405 1593317 AbstractObjectAttributesManagerBase.h:175] AbstractObjectAttributesManager<T>::createObject  (Stage) : Making attributes with handle : /mnt/data_nas/deeprobotics/daiyang/vla/third_party/ETP-R1/data/scene_datasets/mp3d/aayBHfsNo7d/aayBHfsNo7d.glb
I0918 22:18:34.883409 1593317 ManagedContainerBase.cpp:19] ManagedContainerBase::convertFilenameToJSON : Filename : /mnt/data_nas/deeprobotics/daiyang/vla/third_party/ETP-R1/data/scene_datasets/mp3d/aayBHfsNo7d/aayBHfsNo7d.glb changed to proposed JSON configuration filename : /mnt/data_nas/deeprobotics/daiyang/vla/third_party/ETP-R1/data/scene_datasets/mp3d/aayBHfsNo7d/aayBHfsNo7d.stage_config.json
I0918 22:18:34.883422 1593317 AttributesManagerBase.h:283] AttributesManager<T>::createFromJsonOrDefaultInternal  (Stage) : Proposing JSON name : /mnt/data_nas/deeprobotics/daiyang/vla/third_party/ETP-R1/data/scene_datasets/mp3d/aayBHfsNo7d/aayBHfsNo7d.stage_config.json from original name : /mnt/data_nas/deeprobotics/daiyang/vla/third_party/ETP-R1/data/scene_datasets/mp3d/aayBHfsNo7d/aayBHfsNo7d.glb | This file  does not exist.
I0918 22:18:34.883468 1593317 AbstractObjectAttributesManagerBase.h:181] AbstractObjectAttributesManager<T>::createObject  (Stage) : Done making attributes with handle : /mnt/data_nas/deeprobotics/daiyang/vla/third_party/ETP-R1/data/scene_datasets/mp3d/aayBHfsNo7d/aayBHfsNo7d.glb
I0918 22:18:34.883471 1593317 AbstractObjectAttributesManagerBase.h:188] File (/mnt/data_nas/deeprobotics/daiyang/vla/third_party/ETP-R1/data/scene_datasets/mp3d/aayBHfsNo7d/aayBHfsNo7d.glb) exists but is not a recognized config filename extension, so new default Stage attributes created and registered.
I0918 22:18:34.883476 1593317 Simulator.cpp:156] Loading navmesh from /mnt/data_nas/deeprobotics/daiyang/vla/third_party/ETP-R1/data/scene_datasets/mp3d/aayBHfsNo7d/aayBHfsNo7d.navmesh
I0918 22:18:34.884240 1593317 Simulator.cpp:158] Loaded.
I0918 22:18:34.884248 1593317 SceneGraph.h:93] Created DrawableGroup: 
Renderer: NVIDIA GeForce RTX 5090/PCIe/SSE2 by NVIDIA Corporation
OpenGL version: 4.6.0 NVIDIA 580.126.09
Using optional features:
    GL_ARB_ES2_compatibility
    GL_ARB_direct_state_access
    GL_ARB_get_texture_sub_image
    GL_ARB_invalidate_subdata
    GL_ARB_multi_bind
    GL_ARB_robustness
    GL_ARB_separate_shader_objects
    GL_ARB_texture_filter_anisotropic
    GL_ARB_texture_storage
    GL_ARB_texture_storage_multisample
    GL_ARB_vertex_array_object
    GL_KHR_debug
Using driver workarounds:
    no-forward-compatible-core-context
    nv-egl-incorrect-gl11-function-pointers
    no-layout-qualifiers-on-old-glsl
    nv-zero-context-profile-mask
    nv-implementation-color-read-format-dsa-broken
    nv-cubemap-inconsistent-compressed-image-size
    nv-cubemap-broken-full-compressed-image-query
    nv-compressed-block-size-in-bits
I0918 22:18:34.888126 1593317 ResourceManager.cpp:234] ResourceManager::loadStage : Not loading semantic mesh
I0918 22:18:34.888135 1593317 ResourceManager.cpp:262] ResourceManager::loadStage : start load render asset /mnt/data_nas/deeprobotics/daiyang/vla/third_party/ETP-R1/data/scene_datasets/mp3d/aayBHfsNo7d/aayBHfsNo7d.glb.
I0918 22:18:34.888139 1593317 ResourceManager.cpp:569] ResourceManager::loadStageInternal : Attempting to load stage /mnt/data_nas/deeprobotics/daiyang/vla/third_party/ETP-R1/data/scene_datasets/mp3d/aayBHfsNo7d/aayBHfsNo7d.glb 
I0918 22:18:34.888152 1593317 ResourceManager.cpp:1119] Importing Basis files as BC7 for aayBHfsNo7d.glb
W0918 22:18:36.571014 1593317 Simulator.cpp:248] :
---
 The active scene does not contain semantic annotations. 
---
I0918 22:18:36.636252 1593317 simulator.py:213] Loaded navmesh /mnt/data_nas/deeprobotics/daiyang/vla/third_party/ETP-R1/data/scene_datasets/mp3d/aayBHfsNo7d/aayBHfsNo7d.navmesh
I0918 22:19:00.249541 1593317 PhysicsManager.cpp:33] Deconstructing PhysicsManager
I0918 22:19:00.249583 1593317 SemanticScene.h:41] Deconstructing SemanticScene
I0918 22:19:00.251745 1593317 SceneManager.h:25] Deconstructing SceneManager
I0918 22:19:00.251754 1593317 SceneGraph.h:26] Deconstructing SceneGraph
I0918 22:19:00.252296 1593317 Sensor.h:87] Deconstructing Sensor
I0918 22:19:00.254211 1593317 Renderer.cpp:34] Deconstructing Renderer
I0918 22:19:00.254231 1593317 WindowlessContext.h:17] Deconstructing WindowlessContext
I0918 22:19:00.260133 1593317 ManagedContainerBase.cpp:19] ManagedContainerBase::convertFilenameToJSON : Filename : default changed to proposed JSON configuration filename : default.scene_dataset_config.json
I0918 22:19:00.260151 1593317 AttributesManagerBase.h:283] AttributesManager<T>::createFromJsonOrDefaultInternal  (Dataset) : Proposing JSON name : default.scene_dataset_config.json from original name : default | This file  does not exist.
I0918 22:19:00.260445 1593317 AssetAttributesManager.cpp:117] Asset attributes (capsule3DSolid : capsule3DSolid_hemiRings_4_cylRings_1_segments_12_halfLen_0.75_useTexCoords_false_useTangents_false) created and registered.
I0918 22:19:00.260475 1593317 AssetAttributesManager.cpp:117] Asset attributes (capsule3DWireframe : capsule3DWireframe_hemiRings_8_cylRings_1_segments_16_halfLen_1) created and registered.
I0918 22:19:00.260499 1593317 AssetAttributesManager.cpp:117] Asset attributes (coneSolid : coneSolid_segments_12_halfLen_1.25_rings_1_useTexCoords_false_useTangents_false_capEnd_true) created and registered.
I0918 22:19:00.260514 1593317 AssetAttributesManager.cpp:117] Asset attributes (coneWireframe : coneWireframe_segments_32_halfLen_1.25) created and registered.
I0918 22:19:00.260522 1593317 AssetAttributesManager.cpp:117] Asset attributes (cubeSolid : cubeSolid) created and registered.
I0918 22:19:00.260529 1593317 AssetAttributesManager.cpp:117] Asset attributes (cubeWireframe : cubeWireframe) created and registered.
I0918 22:19:00.260550 1593317 AssetAttributesManager.cpp:117] Asset attributes (cylinderSolid : cylinderSolid_rings_1_segments_12_halfLen_1_useTexCoords_false_useTangents_false_capEnds_true) created and registered.
I0918 22:19:00.260566 1593317 AssetAttributesManager.cpp:117] Asset attributes (cylinderWireframe : cylinderWireframe_rings_1_segments_32_halfLen_1) created and registered.
I0918 22:19:00.260578 1593317 AssetAttributesManager.cpp:117] Asset attributes (icosphereSolid : icosphereSolid_subdivs_1) created and registered.
I0918 22:19:00.260586 1593317 AssetAttributesManager.cpp:117] Asset attributes (icosphereWireframe : icosphereWireframe_subdivs_1) created and registered.
I0918 22:19:00.260599 1593317 AssetAttributesManager.cpp:117] Asset attributes (uvSphereSolid : uvSphereSolid_rings_8_segments_16_useTexCoords_false_useTangents_false) created and registered.
I0918 22:19:00.260612 1593317 AssetAttributesManager.cpp:117] Asset attributes (uvSphereWireframe : uvSphereWireframe_rings_16_segments_32) created and registered.
I0918 22:19:00.260629 1593317 AssetAttributesManager.cpp:105] AssetAttributesManager::buildCtorFuncPtrMaps : Built default primitive asset templates : 12
I0918 22:19:00.261029 1593317 SceneDatasetAttributesManager.cpp:23] File (default) not found, so new default dataset attributes created and registered.
I0918 22:19:00.261031 1593317 MetadataMediator.cpp:47] MetadataMediator::createDataset : Dataset default successfully created.
I0918 22:19:00.261214 1593317 AttributesManagerBase.h:283] AttributesManager<T>::createFromJsonOrDefaultInternal  (Physics Manager) : Proposing JSON name : ./data/default.physics_config.json from original name : ./data/default.physics_config.json | This file  does not exist.
I0918 22:19:00.261226 1593317 PhysicsAttributesManager.cpp:27] File (./data/default.physics_config.json) not found, so new default physics manager attributes created and registered.
I0918 22:19:00.261230 1593317 AbstractObjectAttributesManagerBase.h:175] AbstractObjectAttributesManager<T>::createObject  (Stage) : Making attributes with handle : /mnt/data_nas/deeprobotics/daiyang/vla/third_party/ETP-R1/data/scene_datasets/mp3d/82sE5b5pLXE/82sE5b5pLXE.glb
I0918 22:19:00.261234 1593317 ManagedContainerBase.cpp:19] ManagedContainerBase::convertFilenameToJSON : Filename : /mnt/data_nas/deeprobotics/daiyang/vla/third_party/ETP-R1/data/scene_datasets/mp3d/82sE5b5pLXE/82sE5b5pLXE.glb changed to proposed JSON configuration filename : /mnt/data_nas/deeprobotics/daiyang/vla/third_party/ETP-R1/data/scene_datasets/mp3d/82sE5b5pLXE/82sE5b5pLXE.stage_config.json
I0918 22:19:00.261247 1593317 AttributesManagerBase.h:283] AttributesManager<T>::createFromJsonOrDefaultInternal  (Stage) : Proposing JSON name : /mnt/data_nas/deeprobotics/daiyang/vla/third_party/ETP-R1/data/scene_datasets/mp3d/82sE5b5pLXE/82sE5b5pLXE.stage_config.json from original name : /mnt/data_nas/deeprobotics/daiyang/vla/third_party/ETP-R1/data/scene_datasets/mp3d/82sE5b5pLXE/82sE5b5pLXE.glb | This file  does not exist.
I0918 22:19:00.261298 1593317 AbstractObjectAttributesManagerBase.h:181] AbstractObjectAttributesManager<T>::createObject  (Stage) : Done making attributes with handle : /mnt/data_nas/deeprobotics/daiyang/vla/third_party/ETP-R1/data/scene_datasets/mp3d/82sE5b5pLXE/82sE5b5pLXE.glb
I0918 22:19:00.261300 1593317 AbstractObjectAttributesManagerBase.h:188] File (/mnt/data_nas/deeprobotics/daiyang/vla/third_party/ETP-R1/data/scene_datasets/mp3d/82sE5b5pLXE/82sE5b5pLXE.glb) exists but is not a recognized config filename extension, so new default Stage attributes created and registered.
I0918 22:19:00.261304 1593317 Simulator.cpp:156] Loading navmesh from /mnt/data_nas/deeprobotics/daiyang/vla/third_party/ETP-R1/data/scene_datasets/mp3d/82sE5b5pLXE/82sE5b5pLXE.navmesh
I0918 22:19:00.262183 1593317 Simulator.cpp:158] Loaded.
I0918 22:19:00.262190 1593317 SceneGraph.h:93] Created DrawableGroup: 
Renderer: NVIDIA GeForce RTX 5090/PCIe/SSE2 by NVIDIA Corporation
OpenGL version: 4.6.0 NVIDIA 580.126.09
Using optional features:
    GL_ARB_ES2_compatibility
    GL_ARB_direct_state_access
    GL_ARB_get_texture_sub_image
    GL_ARB_invalidate_subdata
    GL_ARB_multi_bind
    GL_ARB_robustness
    GL_ARB_separate_shader_objects
    GL_ARB_texture_filter_anisotropic
    GL_ARB_texture_storage
    GL_ARB_texture_storage_multisample
    GL_ARB_vertex_array_object
    GL_KHR_debug
Using driver workarounds:
    no-forward-compatible-core-context
    nv-egl-incorrect-gl11-function-pointers
    no-layout-qualifiers-on-old-glsl
    nv-zero-context-profile-mask
    nv-implementation-color-read-format-dsa-broken
    nv-cubemap-inconsistent-compressed-image-size
    nv-cubemap-broken-full-compressed-image-query
    nv-compressed-block-size-in-bits
I0918 22:19:00.265829 1593317 ResourceManager.cpp:234] ResourceManager::loadStage : Not loading semantic mesh
I0918 22:19:00.265838 1593317 ResourceManager.cpp:262] ResourceManager::loadStage : start load render asset /mnt/data_nas/deeprobotics/daiyang/vla/third_party/ETP-R1/data/scene_datasets/mp3d/82sE5b5pLXE/82sE5b5pLXE.glb.
I0918 22:19:00.265841 1593317 ResourceManager.cpp:569] ResourceManager::loadStageInternal : Attempting to load stage /mnt/data_nas/deeprobotics/daiyang/vla/third_party/ETP-R1/data/scene_datasets/mp3d/82sE5b5pLXE/82sE5b5pLXE.glb 
I0918 22:19:00.265859 1593317 ResourceManager.cpp:1119] Importing Basis files as BC7 for 82sE5b5pLXE.glb
W0918 22:19:02.296391 1593317 Simulator.cpp:248] :
---
 The active scene does not contain semantic annotations. 
---
I0918 22:19:02.333163 1593317 simulator.py:213] Loaded navmesh /mnt/data_nas/deeprobotics/daiyang/vla/third_party/ETP-R1/data/scene_datasets/mp3d/82sE5b5pLXE/82sE5b5pLXE.navmesh
I0918 22:19:35.019748 1593317 PhysicsManager.cpp:33] Deconstructing PhysicsManager
I0918 22:19:35.019796 1593317 SemanticScene.h:41] Deconstructing SemanticScene
I0918 22:19:35.021229 1593317 SceneManager.h:25] Deconstructing SceneManager
I0918 22:19:35.021237 1593317 SceneGraph.h:26] Deconstructing SceneGraph
I0918 22:19:35.021508 1593317 Sensor.h:87] Deconstructing Sensor
I0918 22:19:35.024672 1593317 Renderer.cpp:34] Deconstructing Renderer
I0918 22:19:35.024694 1593317 WindowlessContext.h:17] Deconstructing WindowlessContext
I0918 22:19:35.033983 1593317 ManagedContainerBase.cpp:19] ManagedContainerBase::convertFilenameToJSON : Filename : default changed to proposed JSON configuration filename : default.scene_dataset_config.json
I0918 22:19:35.034000 1593317 AttributesManagerBase.h:283] AttributesManager<T>::createFromJsonOrDefaultInternal  (Dataset) : Proposing JSON name : default.scene_dataset_config.json from original name : default | This file  does not exist.
I0918 22:19:35.034289 1593317 AssetAttributesManager.cpp:117] Asset attributes (capsule3DSolid : capsule3DSolid_hemiRings_4_cylRings_1_segments_12_halfLen_0.75_useTexCoords_false_useTangents_false) created and registered.
I0918 22:19:35.034318 1593317 AssetAttributesManager.cpp:117] Asset attributes (capsule3DWireframe : capsule3DWireframe_hemiRings_8_cylRings_1_segments_16_halfLen_1) created and registered.
I0918 22:19:35.034341 1593317 AssetAttributesManager.cpp:117] Asset attributes (coneSolid : coneSolid_segments_12_halfLen_1.25_rings_1_useTexCoords_false_useTangents_false_capEnd_true) created and registered.
I0918 22:19:35.034355 1593317 AssetAttributesManager.cpp:117] Asset attributes (coneWireframe : coneWireframe_segments_32_halfLen_1.25) created and registered.
I0918 22:19:35.034363 1593317 AssetAttributesManager.cpp:117] Asset attributes (cubeSolid : cubeSolid) created and registered.
I0918 22:19:35.034369 1593317 AssetAttributesManager.cpp:117] Asset attributes (cubeWireframe : cubeWireframe) created and registered.
I0918 22:19:35.034389 1593317 AssetAttributesManager.cpp:117] Asset attributes (cylinderSolid : cylinderSolid_rings_1_segments_12_halfLen_1_useTexCoords_false_useTangents_false_capEnds_true) created and registered.
I0918 22:19:35.034406 1593317 AssetAttributesManager.cpp:117] Asset attributes (cylinderWireframe : cylinderWireframe_rings_1_segments_32_halfLen_1) created and registered.
I0918 22:19:35.034417 1593317 AssetAttributesManager.cpp:117] Asset attributes (icosphereSolid : icosphereSolid_subdivs_1) created and registered.
I0918 22:19:35.034425 1593317 AssetAttributesManager.cpp:117] Asset attributes (icosphereWireframe : icosphereWireframe_subdivs_1) created and registered.
I0918 22:19:35.034440 1593317 AssetAttributesManager.cpp:117] Asset attributes (uvSphereSolid : uvSphereSolid_rings_8_segments_16_useTexCoords_false_useTangents_false) created and registered.
I0918 22:19:35.034454 1593317 AssetAttributesManager.cpp:117] Asset attributes (uvSphereWireframe : uvSphereWireframe_rings_16_segments_32) created and registered.
I0918 22:19:35.034461 1593317 AssetAttributesManager.cpp:105] AssetAttributesManager::buildCtorFuncPtrMaps : Built default primitive asset templates : 12
I0918 22:19:35.034859 1593317 SceneDatasetAttributesManager.cpp:23] File (default) not found, so new default dataset attributes created and registered.
I0918 22:19:35.034862 1593317 MetadataMediator.cpp:47] MetadataMediator::createDataset : Dataset default successfully created.
I0918 22:19:35.035051 1593317 AttributesManagerBase.h:283] AttributesManager<T>::createFromJsonOrDefaultInternal  (Physics Manager) : Proposing JSON name : ./data/default.physics_config.json from original name : ./data/default.physics_config.json | This file  does not exist.
I0918 22:19:35.035064 1593317 PhysicsAttributesManager.cpp:27] File (./data/default.physics_config.json) not found, so new default physics manager attributes created and registered.
I0918 22:19:35.035068 1593317 AbstractObjectAttributesManagerBase.h:175] AbstractObjectAttributesManager<T>::createObject  (Stage) : Making attributes with handle : /mnt/data_nas/deeprobotics/daiyang/vla/third_party/ETP-R1/data/scene_datasets/mp3d/B6ByNegPMKs/B6ByNegPMKs.glb
I0918 22:19:35.035071 1593317 ManagedContainerBase.cpp:19] ManagedContainerBase::convertFilenameToJSON : Filename : /mnt/data_nas/deeprobotics/daiyang/vla/third_party/ETP-R1/data/scene_datasets/mp3d/B6ByNegPMKs/B6ByNegPMKs.glb changed to proposed JSON configuration filename : /mnt/data_nas/deeprobotics/daiyang/vla/third_party/ETP-R1/data/scene_datasets/mp3d/B6ByNegPMKs/B6ByNegPMKs.stage_config.json
I0918 22:19:35.035951 1593317 AttributesManagerBase.h:283] AttributesManager<T>::createFromJsonOrDefaultInternal  (Stage) : Proposing JSON name : /mnt/data_nas/deeprobotics/daiyang/vla/third_party/ETP-R1/data/scene_datasets/mp3d/B6ByNegPMKs/B6ByNegPMKs.stage_config.json from original name : /mnt/data_nas/deeprobotics/daiyang/vla/third_party/ETP-R1/data/scene_datasets/mp3d/B6ByNegPMKs/B6ByNegPMKs.glb | This file  does not exist.
I0918 22:19:35.036001 1593317 AbstractObjectAttributesManagerBase.h:181] AbstractObjectAttributesManager<T>::createObject  (Stage) : Done making attributes with handle : /mnt/data_nas/deeprobotics/daiyang/vla/third_party/ETP-R1/data/scene_datasets/mp3d/B6ByNegPMKs/B6ByNegPMKs.glb
I0918 22:19:35.036003 1593317 AbstractObjectAttributesManagerBase.h:188] File (/mnt/data_nas/deeprobotics/daiyang/vla/third_party/ETP-R1/data/scene_datasets/mp3d/B6ByNegPMKs/B6ByNegPMKs.glb) exists but is not a recognized config filename extension, so new default Stage attributes created and registered.
I0918 22:19:35.036008 1593317 Simulator.cpp:156] Loading navmesh from /mnt/data_nas/deeprobotics/daiyang/vla/third_party/ETP-R1/data/scene_datasets/mp3d/B6ByNegPMKs/B6ByNegPMKs.navmesh
I0918 22:19:35.038156 1593317 Simulator.cpp:158] Loaded.
I0918 22:19:35.038164 1593317 SceneGraph.h:93] Created DrawableGroup: 
Renderer: NVIDIA GeForce RTX 5090/PCIe/SSE2 by NVIDIA Corporation
OpenGL version: 4.6.0 NVIDIA 580.126.09
Using optional features:
    GL_ARB_ES2_compatibility
    GL_ARB_direct_state_access
    GL_ARB_get_texture_sub_image
    GL_ARB_invalidate_subdata
    GL_ARB_multi_bind
    GL_ARB_robustness
    GL_ARB_separate_shader_objects
    GL_ARB_texture_filter_anisotropic
    GL_ARB_texture_storage
    GL_ARB_texture_storage_multisample
    GL_ARB_vertex_array_object
    GL_KHR_debug
Using driver workarounds:
    no-forward-compatible-core-context
    nv-egl-incorrect-gl11-function-pointers
    no-layout-qualifiers-on-old-glsl
    nv-zero-context-profile-mask
    nv-implementation-color-read-format-dsa-broken
    nv-cubemap-inconsistent-compressed-image-size
    nv-cubemap-broken-full-compressed-image-query
    nv-compressed-block-size-in-bits
I0918 22:19:35.042810 1593317 ResourceManager.cpp:234] ResourceManager::loadStage : Not loading semantic mesh
I0918 22:19:35.042819 1593317 ResourceManager.cpp:262] ResourceManager::loadStage : start load render asset /mnt/data_nas/deeprobotics/daiyang/vla/third_party/ETP-R1/data/scene_datasets/mp3d/B6ByNegPMKs/B6ByNegPMKs.glb.
I0918 22:19:35.042821 1593317 ResourceManager.cpp:569] ResourceManager::loadStageInternal : Attempting to load stage /mnt/data_nas/deeprobotics/daiyang/vla/third_party/ETP-R1/data/scene_datasets/mp3d/B6ByNegPMKs/B6ByNegPMKs.glb 
I0918 22:19:35.042838 1593317 ResourceManager.cpp:1119] Importing Basis files as BC7 for B6ByNegPMKs.glb
W0918 22:19:44.814419 1593317 Simulator.cpp:248] :
---
 The active scene does not contain semantic annotations. 
---
I0918 22:19:45.017908 1593317 simulator.py:213] Loaded navmesh /mnt/data_nas/deeprobotics/daiyang/vla/third_party/ETP-R1/data/scene_datasets/mp3d/B6ByNegPMKs/B6ByNegPMKs.navmesh
I0918 22:20:58.937217 1593317 PhysicsManager.cpp:33] Deconstructing PhysicsManager
I0918 22:20:58.937259 1593317 SemanticScene.h:41] Deconstructing SemanticScene
I0918 22:20:58.955314 1593317 SceneManager.h:25] Deconstructing SceneManager
I0918 22:20:58.955333 1593317 SceneGraph.h:26] Deconstructing SceneGraph
I0918 22:20:58.955899 1593317 Sensor.h:87] Deconstructing Sensor
I0918 22:20:58.978412 1593317 Renderer.cpp:34] Deconstructing Renderer
I0918 22:20:58.978444 1593317 WindowlessContext.h:17] Deconstructing WindowlessContext
I0918 22:20:59.001636 1593317 ManagedContainerBase.cpp:19] ManagedContainerBase::convertFilenameToJSON : Filename : default changed to proposed JSON configuration filename : default.scene_dataset_config.json
I0918 22:20:59.001660 1593317 AttributesManagerBase.h:283] AttributesManager<T>::createFromJsonOrDefaultInternal  (Dataset) : Proposing JSON name : default.scene_dataset_config.json from original name : default | This file  does not exist.
I0918 22:20:59.001915 1593317 AssetAttributesManager.cpp:117] Asset attributes (capsule3DSolid : capsule3DSolid_hemiRings_4_cylRings_1_segments_12_halfLen_0.75_useTexCoords_false_useTangents_false) created and registered.
I0918 22:20:59.001945 1593317 AssetAttributesManager.cpp:117] Asset attributes (capsule3DWireframe : capsule3DWireframe_hemiRings_8_cylRings_1_segments_16_halfLen_1) created and registered.
I0918 22:20:59.001967 1593317 AssetAttributesManager.cpp:117] Asset attributes (coneSolid : coneSolid_segments_12_halfLen_1.25_rings_1_useTexCoords_false_useTangents_false_capEnd_true) created and registered.
I0918 22:20:59.001981 1593317 AssetAttributesManager.cpp:117] Asset attributes (coneWireframe : coneWireframe_segments_32_halfLen_1.25) created and registered.
I0918 22:20:59.001991 1593317 AssetAttributesManager.cpp:117] Asset attributes (cubeSolid : cubeSolid) created and registered.
I0918 22:20:59.001997 1593317 AssetAttributesManager.cpp:117] Asset attributes (cubeWireframe : cubeWireframe) created and registered.
I0918 22:20:59.002017 1593317 AssetAttributesManager.cpp:117] Asset attributes (cylinderSolid : cylinderSolid_rings_1_segments_12_halfLen_1_useTexCoords_false_useTangents_false_capEnds_true) created and registered.
I0918 22:20:59.002033 1593317 AssetAttributesManager.cpp:117] Asset attributes (cylinderWireframe : cylinderWireframe_rings_1_segments_32_halfLen_1) created and registered.
I0918 22:20:59.002044 1593317 AssetAttributesManager.cpp:117] Asset attributes (icosphereSolid : icosphereSolid_subdivs_1) created and registered.
I0918 22:20:59.002053 1593317 AssetAttributesManager.cpp:117] Asset attributes (icosphereWireframe : icosphereWireframe_subdivs_1) created and registered.
I0918 22:20:59.002067 1593317 AssetAttributesManager.cpp:117] Asset attributes (uvSphereSolid : uvSphereSolid_rings_8_segments_16_useTexCoords_false_useTangents_false) created and registered.
I0918 22:20:59.002080 1593317 AssetAttributesManager.cpp:117] Asset attributes (uvSphereWireframe : uvSphereWireframe_rings_16_segments_32) created and registered.
I0918 22:20:59.002087 1593317 AssetAttributesManager.cpp:105] AssetAttributesManager::buildCtorFuncPtrMaps : Built default primitive asset templates : 12
I0918 22:20:59.002514 1593317 SceneDatasetAttributesManager.cpp:23] File (default) not found, so new default dataset attributes created and registered.
I0918 22:20:59.002517 1593317 MetadataMediator.cpp:47] MetadataMediator::createDataset : Dataset default successfully created.
I0918 22:20:59.003713 1593317 AttributesManagerBase.h:283] AttributesManager<T>::createFromJsonOrDefaultInternal  (Physics Manager) : Proposing JSON name : ./data/default.physics_config.json from original name : ./data/default.physics_config.json | This file  does not exist.
I0918 22:20:59.003726 1593317 PhysicsAttributesManager.cpp:27] File (./data/default.physics_config.json) not found, so new default physics manager attributes created and registered.
I0918 22:20:59.003736 1593317 AbstractObjectAttributesManagerBase.h:175] AbstractObjectAttributesManager<T>::createObject  (Stage) : Making attributes with handle : /mnt/data_nas/deeprobotics/daiyang/vla/third_party/ETP-R1/data/scene_datasets/mp3d/PuKPg4mmafe/PuKPg4mmafe.glb
I0918 22:20:59.003741 1593317 ManagedContainerBase.cpp:19] ManagedContainerBase::convertFilenameToJSON : Filename : /mnt/data_nas/deeprobotics/daiyang/vla/third_party/ETP-R1/data/scene_datasets/mp3d/PuKPg4mmafe/PuKPg4mmafe.glb changed to proposed JSON configuration filename : /mnt/data_nas/deeprobotics/daiyang/vla/third_party/ETP-R1/data/scene_datasets/mp3d/PuKPg4mmafe/PuKPg4mmafe.stage_config.json
I0918 22:20:59.003755 1593317 AttributesManagerBase.h:283] AttributesManager<T>::createFromJsonOrDefaultInternal  (Stage) : Proposing JSON name : /mnt/data_nas/deeprobotics/daiyang/vla/third_party/ETP-R1/data/scene_datasets/mp3d/PuKPg4mmafe/PuKPg4mmafe.stage_config.json from original name : /mnt/data_nas/deeprobotics/daiyang/vla/third_party/ETP-R1/data/scene_datasets/mp3d/PuKPg4mmafe/PuKPg4mmafe.glb | This file  does not exist.
I0918 22:20:59.003803 1593317 AbstractObjectAttributesManagerBase.h:181] AbstractObjectAttributesManager<T>::createObject  (Stage) : Done making attributes with handle : /mnt/data_nas/deeprobotics/daiyang/vla/third_party/ETP-R1/data/scene_datasets/mp3d/PuKPg4mmafe/PuKPg4mmafe.glb
I0918 22:20:59.003805 1593317 AbstractObjectAttributesManagerBase.h:188] File (/mnt/data_nas/deeprobotics/daiyang/vla/third_party/ETP-R1/data/scene_datasets/mp3d/PuKPg4mmafe/PuKPg4mmafe.glb) exists but is not a recognized config filename extension, so new default Stage attributes created and registered.
I0918 22:20:59.003810 1593317 Simulator.cpp:156] Loading navmesh from /mnt/data_nas/deeprobotics/daiyang/vla/third_party/ETP-R1/data/scene_datasets/mp3d/PuKPg4mmafe/PuKPg4mmafe.navmesh
I0918 22:20:59.004760 1593317 Simulator.cpp:158] Loaded.
I0918 22:20:59.004771 1593317 SceneGraph.h:93] Created DrawableGroup: 
Renderer: NVIDIA GeForce RTX 5090/PCIe/SSE2 by NVIDIA Corporation
OpenGL version: 4.6.0 NVIDIA 580.126.09
Using optional features:
    GL_ARB_ES2_compatibility
    GL_ARB_direct_state_access
    GL_ARB_get_texture_sub_image
    GL_ARB_invalidate_subdata
    GL_ARB_multi_bind
    GL_ARB_robustness
    GL_ARB_separate_shader_objects
    GL_ARB_texture_filter_anisotropic
    GL_ARB_texture_storage
    GL_ARB_texture_storage_multisample
    GL_ARB_vertex_array_object
    GL_KHR_debug
Using driver workarounds:
    no-forward-compatible-core-context
    nv-egl-incorrect-gl11-function-pointers
    no-layout-qualifiers-on-old-glsl
    nv-zero-context-profile-mask
    nv-implementation-color-read-format-dsa-broken
    nv-cubemap-inconsistent-compressed-image-size
    nv-cubemap-broken-full-compressed-image-query
    nv-compressed-block-size-in-bits
I0918 22:20:59.008502 1593317 ResourceManager.cpp:234] ResourceManager::loadStage : Not loading semantic mesh
I0918 22:20:59.008510 1593317 ResourceManager.cpp:262] ResourceManager::loadStage : start load render asset /mnt/data_nas/deeprobotics/daiyang/vla/third_party/ETP-R1/data/scene_datasets/mp3d/PuKPg4mmafe/PuKPg4mmafe.glb.
I0918 22:20:59.008513 1593317 ResourceManager.cpp:569] ResourceManager::loadStageInternal : Attempting to load stage /mnt/data_nas/deeprobotics/daiyang/vla/third_party/ETP-R1/data/scene_datasets/mp3d/PuKPg4mmafe/PuKPg4mmafe.glb 
I0918 22:20:59.008530 1593317 ResourceManager.cpp:1119] Importing Basis files as BC7 for PuKPg4mmafe.glb
W0918 22:21:03.743125 1593317 Simulator.cpp:248] :
---
 The active scene does not contain semantic annotations. 
---
I0918 22:21:03.763888 1593317 simulator.py:213] Loaded navmesh /mnt/data_nas/deeprobotics/daiyang/vla/third_party/ETP-R1/data/scene_datasets/mp3d/PuKPg4mmafe/PuKPg4mmafe.navmesh
I0918 22:21:44.746832 1593317 PhysicsManager.cpp:33] Deconstructing PhysicsManager
I0918 22:21:44.746878 1593317 SemanticScene.h:41] Deconstructing SemanticScene
I0918 22:21:44.747907 1593317 SceneManager.h:25] Deconstructing SceneManager
I0918 22:21:44.747915 1593317 SceneGraph.h:26] Deconstructing SceneGraph
I0918 22:21:44.748170 1593317 Sensor.h:87] Deconstructing Sensor
I0918 22:21:44.753985 1593317 Renderer.cpp:34] Deconstructing Renderer
I0918 22:21:44.754009 1593317 WindowlessContext.h:17] Deconstructing WindowlessContext
I0918 22:21:44.767556 1593317 ManagedContainerBase.cpp:19] ManagedContainerBase::convertFilenameToJSON : Filename : default changed to proposed JSON configuration filename : default.scene_dataset_config.json
I0918 22:21:44.767575 1593317 AttributesManagerBase.h:283] AttributesManager<T>::createFromJsonOrDefaultInternal  (Dataset) : Proposing JSON name : default.scene_dataset_config.json from original name : default | This file  does not exist.
I0918 22:21:44.767714 1593317 AssetAttributesManager.cpp:117] Asset attributes (capsule3DSolid : capsule3DSolid_hemiRings_4_cylRings_1_segments_12_halfLen_0.75_useTexCoords_false_useTangents_false) created and registered.
I0918 22:21:44.767740 1593317 AssetAttributesManager.cpp:117] Asset attributes (capsule3DWireframe : capsule3DWireframe_hemiRings_8_cylRings_1_segments_16_halfLen_1) created and registered.
I0918 22:21:44.767764 1593317 AssetAttributesManager.cpp:117] Asset attributes (coneSolid : coneSolid_segments_12_halfLen_1.25_rings_1_useTexCoords_false_useTangents_false_capEnd_true) created and registered.
I0918 22:21:44.767779 1593317 AssetAttributesManager.cpp:117] Asset attributes (coneWireframe : coneWireframe_segments_32_halfLen_1.25) created and registered.
I0918 22:21:44.767789 1593317 AssetAttributesManager.cpp:117] Asset attributes (cubeSolid : cubeSolid) created and registered.
I0918 22:21:44.767796 1593317 AssetAttributesManager.cpp:117] Asset attributes (cubeWireframe : cubeWireframe) created and registered.
I0918 22:21:44.767815 1593317 AssetAttributesManager.cpp:117] Asset attributes (cylinderSolid : cylinderSolid_rings_1_segments_12_halfLen_1_useTexCoords_false_useTangents_false_capEnds_true) created and registered.
I0918 22:21:44.767833 1593317 AssetAttributesManager.cpp:117] Asset attributes (cylinderWireframe : cylinderWireframe_rings_1_segments_32_halfLen_1) created and registered.
I0918 22:21:44.767844 1593317 AssetAttributesManager.cpp:117] Asset attributes (icosphereSolid : icosphereSolid_subdivs_1) created and registered.
I0918 22:21:44.767853 1593317 AssetAttributesManager.cpp:117] Asset attributes (icosphereWireframe : icosphereWireframe_subdivs_1) created and registered.
I0918 22:21:44.767867 1593317 AssetAttributesManager.cpp:117] Asset attributes (uvSphereSolid : uvSphereSolid_rings_8_segments_16_useTexCoords_false_useTangents_false) created and registered.
I0918 22:21:44.767879 1593317 AssetAttributesManager.cpp:117] Asset attributes (uvSphereWireframe : uvSphereWireframe_rings_16_segments_32) created and registered.
I0918 22:21:44.767885 1593317 AssetAttributesManager.cpp:105] AssetAttributesManager::buildCtorFuncPtrMaps : Built default primitive asset templates : 12
I0918 22:21:44.768299 1593317 SceneDatasetAttributesManager.cpp:23] File (default) not found, so new default dataset attributes created and registered.
I0918 22:21:44.768302 1593317 MetadataMediator.cpp:47] MetadataMediator::createDataset : Dataset default successfully created.
I0918 22:21:44.768494 1593317 AttributesManagerBase.h:283] AttributesManager<T>::createFromJsonOrDefaultInternal  (Physics Manager) : Proposing JSON name : ./data/default.physics_config.json from original name : ./data/default.physics_config.json | This file  does not exist.
I0918 22:21:44.768507 1593317 PhysicsAttributesManager.cpp:27] File (./data/default.physics_config.json) not found, so new default physics manager attributes created and registered.
I0918 22:21:44.768510 1593317 AbstractObjectAttributesManagerBase.h:175] AbstractObjectAttributesManager<T>::createObject  (Stage) : Making attributes with handle : /mnt/data_nas/deeprobotics/daiyang/vla/third_party/ETP-R1/data/scene_datasets/mp3d/aayBHfsNo7d/aayBHfsNo7d.glb
I0918 22:21:44.768514 1593317 ManagedContainerBase.cpp:19] ManagedContainerBase::convertFilenameToJSON : Filename : /mnt/data_nas/deeprobotics/daiyang/vla/third_party/ETP-R1/data/scene_datasets/mp3d/aayBHfsNo7d/aayBHfsNo7d.glb changed to proposed JSON configuration filename : /mnt/data_nas/deeprobotics/daiyang/vla/third_party/ETP-R1/data/scene_datasets/mp3d/aayBHfsNo7d/aayBHfsNo7d.stage_config.json
I0918 22:21:44.768532 1593317 AttributesManagerBase.h:283] AttributesManager<T>::createFromJsonOrDefaultInternal  (Stage) : Proposing JSON name : /mnt/data_nas/deeprobotics/daiyang/vla/third_party/ETP-R1/data/scene_datasets/mp3d/aayBHfsNo7d/aayBHfsNo7d.stage_config.json from original name : /mnt/data_nas/deeprobotics/daiyang/vla/third_party/ETP-R1/data/scene_datasets/mp3d/aayBHfsNo7d/aayBHfsNo7d.glb | This file  does not exist.
I0918 22:21:44.768579 1593317 AbstractObjectAttributesManagerBase.h:181] AbstractObjectAttributesManager<T>::createObject  (Stage) : Done making attributes with handle : /mnt/data_nas/deeprobotics/daiyang/vla/third_party/ETP-R1/data/scene_datasets/mp3d/aayBHfsNo7d/aayBHfsNo7d.glb
I0918 22:21:44.768580 1593317 AbstractObjectAttributesManagerBase.h:188] File (/mnt/data_nas/deeprobotics/daiyang/vla/third_party/ETP-R1/data/scene_datasets/mp3d/aayBHfsNo7d/aayBHfsNo7d.glb) exists but is not a recognized config filename extension, so new default Stage attributes created and registered.
I0918 22:21:44.768584 1593317 Simulator.cpp:156] Loading navmesh from /mnt/data_nas/deeprobotics/daiyang/vla/third_party/ETP-R1/data/scene_datasets/mp3d/aayBHfsNo7d/aayBHfsNo7d.navmesh
I0918 22:21:44.769976 1593317 Simulator.cpp:158] Loaded.
I0918 22:21:44.769985 1593317 SceneGraph.h:93] Created DrawableGroup: 
Renderer: NVIDIA GeForce RTX 5090/PCIe/SSE2 by NVIDIA Corporation
OpenGL version: 4.6.0 NVIDIA 580.126.09
Using optional features:
    GL_ARB_ES2_compatibility
    GL_ARB_direct_state_access
    GL_ARB_get_texture_sub_image
    GL_ARB_invalidate_subdata
    GL_ARB_multi_bind
    GL_ARB_robustness
    GL_ARB_separate_shader_objects
    GL_ARB_texture_filter_anisotropic
    GL_ARB_texture_storage
    GL_ARB_texture_storage_multisample
    GL_ARB_vertex_array_object
    GL_KHR_debug
Using driver workarounds:
    no-forward-compatible-core-context
    nv-egl-incorrect-gl11-function-pointers
    no-layout-qualifiers-on-old-glsl
    nv-zero-context-profile-mask
    nv-implementation-color-read-format-dsa-broken
    nv-cubemap-inconsistent-compressed-image-size
    nv-cubemap-broken-full-compressed-image-query
    nv-compressed-block-size-in-bits
I0918 22:21:44.773654 1593317 ResourceManager.cpp:234] ResourceManager::loadStage : Not loading semantic mesh
I0918 22:21:44.773663 1593317 ResourceManager.cpp:262] ResourceManager::loadStage : start load render asset /mnt/data_nas/deeprobotics/daiyang/vla/third_party/ETP-R1/data/scene_datasets/mp3d/aayBHfsNo7d/aayBHfsNo7d.glb.
I0918 22:21:44.773665 1593317 ResourceManager.cpp:569] ResourceManager::loadStageInternal : Attempting to load stage /mnt/data_nas/deeprobotics/daiyang/vla/third_party/ETP-R1/data/scene_datasets/mp3d/aayBHfsNo7d/aayBHfsNo7d.glb 
I0918 22:21:44.773680 1593317 ResourceManager.cpp:1119] Importing Basis files as BC7 for aayBHfsNo7d.glb
W0918 22:21:46.362857 1593317 Simulator.cpp:248] :
---
 The active scene does not contain semantic annotations. 
---
I0918 22:21:46.403899 1593317 simulator.py:213] Loaded navmesh /mnt/data_nas/deeprobotics/daiyang/vla/third_party/ETP-R1/data/scene_datasets/mp3d/aayBHfsNo7d/aayBHfsNo7d.navmesh
I0918 22:23:05.972384 1593317 PhysicsManager.cpp:33] Deconstructing PhysicsManager
I0918 22:23:05.972432 1593317 SemanticScene.h:41] Deconstructing SemanticScene
I0918 22:23:05.975432 1593317 SceneManager.h:25] Deconstructing SceneManager
I0918 22:23:05.975445 1593317 SceneGraph.h:26] Deconstructing SceneGraph
I0918 22:23:05.976068 1593317 Sensor.h:87] Deconstructing Sensor
I0918 22:23:05.978952 1593317 Renderer.cpp:34] Deconstructing Renderer
I0918 22:23:05.978981 1593317 WindowlessContext.h:17] Deconstructing WindowlessContext
I0918 22:23:05.985841 1593317 ManagedContainerBase.cpp:19] ManagedContainerBase::convertFilenameToJSON : Filename : default changed to proposed JSON configuration filename : default.scene_dataset_config.json
I0918 22:23:05.985867 1593317 AttributesManagerBase.h:283] AttributesManager<T>::createFromJsonOrDefaultInternal  (Dataset) : Proposing JSON name : default.scene_dataset_config.json from original name : default | This file  does not exist.
I0918 22:23:05.986312 1593317 AssetAttributesManager.cpp:117] Asset attributes (capsule3DSolid : capsule3DSolid_hemiRings_4_cylRings_1_segments_12_halfLen_0.75_useTexCoords_false_useTangents_false) created and registered.
I0918 22:23:05.986354 1593317 AssetAttributesManager.cpp:117] Asset attributes (capsule3DWireframe : capsule3DWireframe_hemiRings_8_cylRings_1_segments_16_halfLen_1) created and registered.
I0918 22:23:05.986392 1593317 AssetAttributesManager.cpp:117] Asset attributes (coneSolid : coneSolid_segments_12_halfLen_1.25_rings_1_useTexCoords_false_useTangents_false_capEnd_true) created and registered.
I0918 22:23:05.986413 1593317 AssetAttributesManager.cpp:117] Asset attributes (coneWireframe : coneWireframe_segments_32_halfLen_1.25) created and registered.
I0918 22:23:05.986426 1593317 AssetAttributesManager.cpp:117] Asset attributes (cubeSolid : cubeSolid) created and registered.
I0918 22:23:05.986434 1593317 AssetAttributesManager.cpp:117] Asset attributes (cubeWireframe : cubeWireframe) created and registered.
I0918 22:23:05.986464 1593317 AssetAttributesManager.cpp:117] Asset attributes (cylinderSolid : cylinderSolid_rings_1_segments_12_halfLen_1_useTexCoords_false_useTangents_false_capEnds_true) created and registered.
I0918 22:23:05.986488 1593317 AssetAttributesManager.cpp:117] Asset attributes (cylinderWireframe : cylinderWireframe_rings_1_segments_32_halfLen_1) created and registered.
I0918 22:23:05.986505 1593317 AssetAttributesManager.cpp:117] Asset attributes (icosphereSolid : icosphereSolid_subdivs_1) created and registered.
I0918 22:23:05.986517 1593317 AssetAttributesManager.cpp:117] Asset attributes (icosphereWireframe : icosphereWireframe_subdivs_1) created and registered.
I0918 22:23:05.986536 1593317 AssetAttributesManager.cpp:117] Asset attributes (uvSphereSolid : uvSphereSolid_rings_8_segments_16_useTexCoords_false_useTangents_false) created and registered.
I0918 22:23:05.986557 1593317 AssetAttributesManager.cpp:117] Asset attributes (uvSphereWireframe : uvSphereWireframe_rings_16_segments_32) created and registered.
I0918 22:23:05.986565 1593317 AssetAttributesManager.cpp:105] AssetAttributesManager::buildCtorFuncPtrMaps : Built default primitive asset templates : 12
I0918 22:23:05.987215 1593317 SceneDatasetAttributesManager.cpp:23] File (default) not found, so new default dataset attributes created and registered.
I0918 22:23:05.987219 1593317 MetadataMediator.cpp:47] MetadataMediator::createDataset : Dataset default successfully created.
I0918 22:23:05.987473 1593317 AttributesManagerBase.h:283] AttributesManager<T>::createFromJsonOrDefaultInternal  (Physics Manager) : Proposing JSON name : ./data/default.physics_config.json from original name : ./data/default.physics_config.json | This file  does not exist.
I0918 22:23:05.987490 1593317 PhysicsAttributesManager.cpp:27] File (./data/default.physics_config.json) not found, so new default physics manager attributes created and registered.
I0918 22:23:05.987495 1593317 AbstractObjectAttributesManagerBase.h:175] AbstractObjectAttributesManager<T>::createObject  (Stage) : Making attributes with handle : /mnt/data_nas/deeprobotics/daiyang/vla/third_party/ETP-R1/data/scene_datasets/mp3d/82sE5b5pLXE/82sE5b5pLXE.glb
I0918 22:23:05.987501 1593317 ManagedContainerBase.cpp:19] ManagedContainerBase::convertFilenameToJSON : Filename : /mnt/data_nas/deeprobotics/daiyang/vla/third_party/ETP-R1/data/scene_datasets/mp3d/82sE5b5pLXE/82sE5b5pLXE.glb changed to proposed JSON configuration filename : /mnt/data_nas/deeprobotics/daiyang/vla/third_party/ETP-R1/data/scene_datasets/mp3d/82sE5b5pLXE/82sE5b5pLXE.stage_config.json
I0918 22:23:05.987519 1593317 AttributesManagerBase.h:283] AttributesManager<T>::createFromJsonOrDefaultInternal  (Stage) : Proposing JSON name : /mnt/data_nas/deeprobotics/daiyang/vla/third_party/ETP-R1/data/scene_datasets/mp3d/82sE5b5pLXE/82sE5b5pLXE.stage_config.json from original name : /mnt/data_nas/deeprobotics/daiyang/vla/third_party/ETP-R1/data/scene_datasets/mp3d/82sE5b5pLXE/82sE5b5pLXE.glb | This file  does not exist.
I0918 22:23:05.987594 1593317 AbstractObjectAttributesManagerBase.h:181] AbstractObjectAttributesManager<T>::createObject  (Stage) : Done making attributes with handle : /mnt/data_nas/deeprobotics/daiyang/vla/third_party/ETP-R1/data/scene_datasets/mp3d/82sE5b5pLXE/82sE5b5pLXE.glb
I0918 22:23:05.987597 1593317 AbstractObjectAttributesManagerBase.h:188] File (/mnt/data_nas/deeprobotics/daiyang/vla/third_party/ETP-R1/data/scene_datasets/mp3d/82sE5b5pLXE/82sE5b5pLXE.glb) exists but is not a recognized config filename extension, so new default Stage attributes created and registered.
I0918 22:23:05.987604 1593317 Simulator.cpp:156] Loading navmesh from /mnt/data_nas/deeprobotics/daiyang/vla/third_party/ETP-R1/data/scene_datasets/mp3d/82sE5b5pLXE/82sE5b5pLXE.navmesh
I0918 22:23:05.988438 1593317 Simulator.cpp:158] Loaded.
I0918 22:23:05.988449 1593317 SceneGraph.h:93] Created DrawableGroup: 
Renderer: NVIDIA GeForce RTX 5090/PCIe/SSE2 by NVIDIA Corporation
OpenGL version: 4.6.0 NVIDIA 580.126.09
Using optional features:
    GL_ARB_ES2_compatibility
    GL_ARB_direct_state_access
    GL_ARB_get_texture_sub_image
    GL_ARB_invalidate_subdata
    GL_ARB_multi_bind
    GL_ARB_robustness
    GL_ARB_separate_shader_objects
    GL_ARB_texture_filter_anisotropic
    GL_ARB_texture_storage
    GL_ARB_texture_storage_multisample
    GL_ARB_vertex_array_object
    GL_KHR_debug
Using driver workarounds:
    no-forward-compatible-core-context
    nv-egl-incorrect-gl11-function-pointers
    no-layout-qualifiers-on-old-glsl
    nv-zero-context-profile-mask
    nv-implementation-color-read-format-dsa-broken
    nv-cubemap-inconsistent-compressed-image-size
    nv-cubemap-broken-full-compressed-image-query
    nv-compressed-block-size-in-bits
I0918 22:23:05.992933 1593317 ResourceManager.cpp:234] ResourceManager::loadStage : Not loading semantic mesh
I0918 22:23:05.992944 1593317 ResourceManager.cpp:262] ResourceManager::loadStage : start load render asset /mnt/data_nas/deeprobotics/daiyang/vla/third_party/ETP-R1/data/scene_datasets/mp3d/82sE5b5pLXE/82sE5b5pLXE.glb.
I0918 22:23:05.992947 1593317 ResourceManager.cpp:569] ResourceManager::loadStageInternal : Attempting to load stage /mnt/data_nas/deeprobotics/daiyang/vla/third_party/ETP-R1/data/scene_datasets/mp3d/82sE5b5pLXE/82sE5b5pLXE.glb 
I0918 22:23:05.992969 1593317 ResourceManager.cpp:1119] Importing Basis files as BC7 for 82sE5b5pLXE.glb
W0918 22:23:08.051276 1593317 Simulator.cpp:248] :
---
 The active scene does not contain semantic annotations. 
---
I0918 22:23:08.088562 1593317 simulator.py:213] Loaded navmesh /mnt/data_nas/deeprobotics/daiyang/vla/third_party/ETP-R1/data/scene_datasets/mp3d/82sE5b5pLXE/82sE5b5pLXE.navmesh
I0918 22:23:51.143381 1593317 PhysicsManager.cpp:33] Deconstructing PhysicsManager
I0918 22:23:51.143428 1593317 SemanticScene.h:41] Deconstructing SemanticScene
I0918 22:23:51.145038 1593317 SceneManager.h:25] Deconstructing SceneManager
I0918 22:23:51.145047 1593317 SceneGraph.h:26] Deconstructing SceneGraph
I0918 22:23:51.145321 1593317 Sensor.h:87] Deconstructing Sensor
I0918 22:23:51.148783 1593317 Renderer.cpp:34] Deconstructing Renderer
I0918 22:23:51.148805 1593317 WindowlessContext.h:17] Deconstructing WindowlessContext
I0918 22:23:51.154412 1593317 ManagedContainerBase.cpp:19] ManagedContainerBase::convertFilenameToJSON : Filename : default changed to proposed JSON configuration filename : default.scene_dataset_config.json
I0918 22:23:51.154430 1593317 AttributesManagerBase.h:283] AttributesManager<T>::createFromJsonOrDefaultInternal  (Dataset) : Proposing JSON name : default.scene_dataset_config.json from original name : default | This file  does not exist.
I0918 22:23:51.154845 1593317 AssetAttributesManager.cpp:117] Asset attributes (capsule3DSolid : capsule3DSolid_hemiRings_4_cylRings_1_segments_12_halfLen_0.75_useTexCoords_false_useTangents_false) created and registered.
I0918 22:23:51.154879 1593317 AssetAttributesManager.cpp:117] Asset attributes (capsule3DWireframe : capsule3DWireframe_hemiRings_8_cylRings_1_segments_16_halfLen_1) created and registered.
I0918 22:23:51.154904 1593317 AssetAttributesManager.cpp:117] Asset attributes (coneSolid : coneSolid_segments_12_halfLen_1.25_rings_1_useTexCoords_false_useTangents_false_capEnd_true) created and registered.
I0918 22:23:51.154918 1593317 AssetAttributesManager.cpp:117] Asset attributes (coneWireframe : coneWireframe_segments_32_halfLen_1.25) created and registered.
I0918 22:23:51.154928 1593317 AssetAttributesManager.cpp:117] Asset attributes (cubeSolid : cubeSolid) created and registered.
I0918 22:23:51.154935 1593317 AssetAttributesManager.cpp:117] Asset attributes (cubeWireframe : cubeWireframe) created and registered.
I0918 22:23:51.154955 1593317 AssetAttributesManager.cpp:117] Asset attributes (cylinderSolid : cylinderSolid_rings_1_segments_12_halfLen_1_useTexCoords_false_useTangents_false_capEnds_true) created and registered.
I0918 22:23:51.154973 1593317 AssetAttributesManager.cpp:117] Asset attributes (cylinderWireframe : cylinderWireframe_rings_1_segments_32_halfLen_1) created and registered.
I0918 22:23:51.154983 1593317 AssetAttributesManager.cpp:117] Asset attributes (icosphereSolid : icosphereSolid_subdivs_1) created and registered.
I0918 22:23:51.154992 1593317 AssetAttributesManager.cpp:117] Asset attributes (icosphereWireframe : icosphereWireframe_subdivs_1) created and registered.
I0918 22:23:51.155005 1593317 AssetAttributesManager.cpp:117] Asset attributes (uvSphereSolid : uvSphereSolid_rings_8_segments_16_useTexCoords_false_useTangents_false) created and registered.
I0918 22:23:51.155018 1593317 AssetAttributesManager.cpp:117] Asset attributes (uvSphereWireframe : uvSphereWireframe_rings_16_segments_32) created and registered.
I0918 22:23:51.155025 1593317 AssetAttributesManager.cpp:105] AssetAttributesManager::buildCtorFuncPtrMaps : Built default primitive asset templates : 12
I0918 22:23:51.155427 1593317 SceneDatasetAttributesManager.cpp:23] File (default) not found, so new default dataset attributes created and registered.
I0918 22:23:51.155429 1593317 MetadataMediator.cpp:47] MetadataMediator::createDataset : Dataset default successfully created.
I0918 22:23:51.155617 1593317 AttributesManagerBase.h:283] AttributesManager<T>::createFromJsonOrDefaultInternal  (Physics Manager) : Proposing JSON name : ./data/default.physics_config.json from original name : ./data/default.physics_config.json | This file  does not exist.
I0918 22:23:51.155629 1593317 PhysicsAttributesManager.cpp:27] File (./data/default.physics_config.json) not found, so new default physics manager attributes created and registered.
I0918 22:23:51.155633 1593317 AbstractObjectAttributesManagerBase.h:175] AbstractObjectAttributesManager<T>::createObject  (Stage) : Making attributes with handle : /mnt/data_nas/deeprobotics/daiyang/vla/third_party/ETP-R1/data/scene_datasets/mp3d/B6ByNegPMKs/B6ByNegPMKs.glb
I0918 22:23:51.155637 1593317 ManagedContainerBase.cpp:19] ManagedContainerBase::convertFilenameToJSON : Filename : /mnt/data_nas/deeprobotics/daiyang/vla/third_party/ETP-R1/data/scene_datasets/mp3d/B6ByNegPMKs/B6ByNegPMKs.glb changed to proposed JSON configuration filename : /mnt/data_nas/deeprobotics/daiyang/vla/third_party/ETP-R1/data/scene_datasets/mp3d/B6ByNegPMKs/B6ByNegPMKs.stage_config.json
I0918 22:23:51.156455 1593317 AttributesManagerBase.h:283] AttributesManager<T>::createFromJsonOrDefaultInternal  (Stage) : Proposing JSON name : /mnt/data_nas/deeprobotics/daiyang/vla/third_party/ETP-R1/data/scene_datasets/mp3d/B6ByNegPMKs/B6ByNegPMKs.stage_config.json from original name : /mnt/data_nas/deeprobotics/daiyang/vla/third_party/ETP-R1/data/scene_datasets/mp3d/B6ByNegPMKs/B6ByNegPMKs.glb | This file  does not exist.
I0918 22:23:51.156503 1593317 AbstractObjectAttributesManagerBase.h:181] AbstractObjectAttributesManager<T>::createObject  (Stage) : Done making attributes with handle : /mnt/data_nas/deeprobotics/daiyang/vla/third_party/ETP-R1/data/scene_datasets/mp3d/B6ByNegPMKs/B6ByNegPMKs.glb
I0918 22:23:51.156508 1593317 AbstractObjectAttributesManagerBase.h:188] File (/mnt/data_nas/deeprobotics/daiyang/vla/third_party/ETP-R1/data/scene_datasets/mp3d/B6ByNegPMKs/B6ByNegPMKs.glb) exists but is not a recognized config filename extension, so new default Stage attributes created and registered.
I0918 22:23:51.156514 1593317 Simulator.cpp:156] Loading navmesh from /mnt/data_nas/deeprobotics/daiyang/vla/third_party/ETP-R1/data/scene_datasets/mp3d/B6ByNegPMKs/B6ByNegPMKs.navmesh
I0918 22:23:51.157968 1593317 Simulator.cpp:158] Loaded.
I0918 22:23:51.157976 1593317 SceneGraph.h:93] Created DrawableGroup: 
Renderer: NVIDIA GeForce RTX 5090/PCIe/SSE2 by NVIDIA Corporation
OpenGL version: 4.6.0 NVIDIA 580.126.09
Using optional features:
    GL_ARB_ES2_compatibility
    GL_ARB_direct_state_access
    GL_ARB_get_texture_sub_image
    GL_ARB_invalidate_subdata
    GL_ARB_multi_bind
    GL_ARB_robustness
    GL_ARB_separate_shader_objects
    GL_ARB_texture_filter_anisotropic
    GL_ARB_texture_storage
    GL_ARB_texture_storage_multisample
    GL_ARB_vertex_array_object
    GL_KHR_debug
Using driver workarounds:
    no-forward-compatible-core-context
    nv-egl-incorrect-gl11-function-pointers
    no-layout-qualifiers-on-old-glsl
    nv-zero-context-profile-mask
    nv-implementation-color-read-format-dsa-broken
    nv-cubemap-inconsistent-compressed-image-size
    nv-cubemap-broken-full-compressed-image-query
    nv-compressed-block-size-in-bits
I0918 22:23:51.161689 1593317 ResourceManager.cpp:234] ResourceManager::loadStage : Not loading semantic mesh
I0918 22:23:51.161698 1593317 ResourceManager.cpp:262] ResourceManager::loadStage : start load render asset /mnt/data_nas/deeprobotics/daiyang/vla/third_party/ETP-R1/data/scene_datasets/mp3d/B6ByNegPMKs/B6ByNegPMKs.glb.
I0918 22:23:51.161701 1593317 ResourceManager.cpp:569] ResourceManager::loadStageInternal : Attempting to load stage /mnt/data_nas/deeprobotics/daiyang/vla/third_party/ETP-R1/data/scene_datasets/mp3d/B6ByNegPMKs/B6ByNegPMKs.glb 
I0918 22:23:51.161718 1593317 ResourceManager.cpp:1119] Importing Basis files as BC7 for B6ByNegPMKs.glb
W0918 22:24:00.820768 1593317 Simulator.cpp:248] :
---
 The active scene does not contain semantic annotations. 
---
I0918 22:24:01.018470 1593317 simulator.py:213] Loaded navmesh /mnt/data_nas/deeprobotics/daiyang/vla/third_party/ETP-R1/data/scene_datasets/mp3d/B6ByNegPMKs/B6ByNegPMKs.navmesh
I0918 22:25:55.208161 1593317 PhysicsManager.cpp:33] Deconstructing PhysicsManager
I0918 22:25:55.208226 1593317 SemanticScene.h:41] Deconstructing SemanticScene
I0918 22:25:55.228806 1593317 SceneManager.h:25] Deconstructing SceneManager
I0918 22:25:55.228832 1593317 SceneGraph.h:26] Deconstructing SceneGraph
I0918 22:25:55.229461 1593317 Sensor.h:87] Deconstructing Sensor
I0918 22:25:55.259021 1593317 Renderer.cpp:34] Deconstructing Renderer
I0918 22:25:55.259074 1593317 WindowlessContext.h:17] Deconstructing WindowlessContext
I0918 22:25:55.279237 1593317 ManagedContainerBase.cpp:19] ManagedContainerBase::convertFilenameToJSON : Filename : default changed to proposed JSON configuration filename : default.scene_dataset_config.json
I0918 22:25:55.279264 1593317 AttributesManagerBase.h:283] AttributesManager<T>::createFromJsonOrDefaultInternal  (Dataset) : Proposing JSON name : default.scene_dataset_config.json from original name : default | This file  does not exist.
I0918 22:25:55.279528 1593317 AssetAttributesManager.cpp:117] Asset attributes (capsule3DSolid : capsule3DSolid_hemiRings_4_cylRings_1_segments_12_halfLen_0.75_useTexCoords_false_useTangents_false) created and registered.
I0918 22:25:55.279570 1593317 AssetAttributesManager.cpp:117] Asset attributes (capsule3DWireframe : capsule3DWireframe_hemiRings_8_cylRings_1_segments_16_halfLen_1) created and registered.
I0918 22:25:55.279606 1593317 AssetAttributesManager.cpp:117] Asset attributes (coneSolid : coneSolid_segments_12_halfLen_1.25_rings_1_useTexCoords_false_useTangents_false_capEnd_true) created and registered.
I0918 22:25:55.279637 1593317 AssetAttributesManager.cpp:117] Asset attributes (coneWireframe : coneWireframe_segments_32_halfLen_1.25) created and registered.
I0918 22:25:55.279649 1593317 AssetAttributesManager.cpp:117] Asset attributes (cubeSolid : cubeSolid) created and registered.
I0918 22:25:55.279659 1593317 AssetAttributesManager.cpp:117] Asset attributes (cubeWireframe : cubeWireframe) created and registered.
I0918 22:25:55.279688 1593317 AssetAttributesManager.cpp:117] Asset attributes (cylinderSolid : cylinderSolid_rings_1_segments_12_halfLen_1_useTexCoords_false_useTangents_false_capEnds_true) created and registered.
I0918 22:25:55.279716 1593317 AssetAttributesManager.cpp:117] Asset attributes (cylinderWireframe : cylinderWireframe_rings_1_segments_32_halfLen_1) created and registered.
I0918 22:25:55.279731 1593317 AssetAttributesManager.cpp:117] Asset attributes (icosphereSolid : icosphereSolid_subdivs_1) created and registered.
I0918 22:25:55.279743 1593317 AssetAttributesManager.cpp:117] Asset attributes (icosphereWireframe : icosphereWireframe_subdivs_1) created and registered.
I0918 22:25:55.279763 1593317 AssetAttributesManager.cpp:117] Asset attributes (uvSphereSolid : uvSphereSolid_rings_8_segments_16_useTexCoords_false_useTangents_false) created and registered.
I0918 22:25:55.279784 1593317 AssetAttributesManager.cpp:117] Asset attributes (uvSphereWireframe : uvSphereWireframe_rings_16_segments_32) created and registered.
I0918 22:25:55.279793 1593317 AssetAttributesManager.cpp:105] AssetAttributesManager::buildCtorFuncPtrMaps : Built default primitive asset templates : 12
I0918 22:25:55.280441 1593317 SceneDatasetAttributesManager.cpp:23] File (default) not found, so new default dataset attributes created and registered.
I0918 22:25:55.280444 1593317 MetadataMediator.cpp:47] MetadataMediator::createDataset : Dataset default successfully created.
I0918 22:25:55.280705 1593317 AttributesManagerBase.h:283] AttributesManager<T>::createFromJsonOrDefaultInternal  (Physics Manager) : Proposing JSON name : ./data/default.physics_config.json from original name : ./data/default.physics_config.json | This file  does not exist.
I0918 22:25:55.280725 1593317 PhysicsAttributesManager.cpp:27] File (./data/default.physics_config.json) not found, so new default physics manager attributes created and registered.
I0918 22:25:55.280730 1593317 AbstractObjectAttributesManagerBase.h:175] AbstractObjectAttributesManager<T>::createObject  (Stage) : Making attributes with handle : /mnt/data_nas/deeprobotics/daiyang/vla/third_party/ETP-R1/data/scene_datasets/mp3d/PuKPg4mmafe/PuKPg4mmafe.glb
I0918 22:25:55.280735 1593317 ManagedContainerBase.cpp:19] ManagedContainerBase::convertFilenameToJSON : Filename : /mnt/data_nas/deeprobotics/daiyang/vla/third_party/ETP-R1/data/scene_datasets/mp3d/PuKPg4mmafe/PuKPg4mmafe.glb changed to proposed JSON configuration filename : /mnt/data_nas/deeprobotics/daiyang/vla/third_party/ETP-R1/data/scene_datasets/mp3d/PuKPg4mmafe/PuKPg4mmafe.stage_config.json
I0918 22:25:55.280752 1593317 AttributesManagerBase.h:283] AttributesManager<T>::createFromJsonOrDefaultInternal  (Stage) : Proposing JSON name : /mnt/data_nas/deeprobotics/daiyang/vla/third_party/ETP-R1/data/scene_datasets/mp3d/PuKPg4mmafe/PuKPg4mmafe.stage_config.json from original name : /mnt/data_nas/deeprobotics/daiyang/vla/third_party/ETP-R1/data/scene_datasets/mp3d/PuKPg4mmafe/PuKPg4mmafe.glb | This file  does not exist.
I0918 22:25:55.280827 1593317 AbstractObjectAttributesManagerBase.h:181] AbstractObjectAttributesManager<T>::createObject  (Stage) : Done making attributes with handle : /mnt/data_nas/deeprobotics/daiyang/vla/third_party/ETP-R1/data/scene_datasets/mp3d/PuKPg4mmafe/PuKPg4mmafe.glb
I0918 22:25:55.280830 1593317 AbstractObjectAttributesManagerBase.h:188] File (/mnt/data_nas/deeprobotics/daiyang/vla/third_party/ETP-R1/data/scene_datasets/mp3d/PuKPg4mmafe/PuKPg4mmafe.glb) exists but is not a recognized config filename extension, so new default Stage attributes created and registered.
I0918 22:25:55.280843 1593317 Simulator.cpp:156] Loading navmesh from /mnt/data_nas/deeprobotics/daiyang/vla/third_party/ETP-R1/data/scene_datasets/mp3d/PuKPg4mmafe/PuKPg4mmafe.navmesh
I0918 22:25:55.282155 1593317 Simulator.cpp:158] Loaded.
I0918 22:25:55.282168 1593317 SceneGraph.h:93] Created DrawableGroup: 
Renderer: NVIDIA GeForce RTX 5090/PCIe/SSE2 by NVIDIA Corporation
OpenGL version: 4.6.0 NVIDIA 580.126.09
Using optional features:
    GL_ARB_ES2_compatibility
    GL_ARB_direct_state_access
    GL_ARB_get_texture_sub_image
    GL_ARB_invalidate_subdata
    GL_ARB_multi_bind
    GL_ARB_robustness
    GL_ARB_separate_shader_objects
    GL_ARB_texture_filter_anisotropic
    GL_ARB_texture_storage
    GL_ARB_texture_storage_multisample
    GL_ARB_vertex_array_object
    GL_KHR_debug
Using driver workarounds:
    no-forward-compatible-core-context
    nv-egl-incorrect-gl11-function-pointers
    no-layout-qualifiers-on-old-glsl
    nv-zero-context-profile-mask
    nv-implementation-color-read-format-dsa-broken
    nv-cubemap-inconsistent-compressed-image-size
    nv-cubemap-broken-full-compressed-image-query
    nv-compressed-block-size-in-bits
I0918 22:25:55.286680 1593317 ResourceManager.cpp:234] ResourceManager::loadStage : Not loading semantic mesh
I0918 22:25:55.286692 1593317 ResourceManager.cpp:262] ResourceManager::loadStage : start load render asset /mnt/data_nas/deeprobotics/daiyang/vla/third_party/ETP-R1/data/scene_datasets/mp3d/PuKPg4mmafe/PuKPg4mmafe.glb.
I0918 22:25:55.286695 1593317 ResourceManager.cpp:569] ResourceManager::loadStageInternal : Attempting to load stage /mnt/data_nas/deeprobotics/daiyang/vla/third_party/ETP-R1/data/scene_datasets/mp3d/PuKPg4mmafe/PuKPg4mmafe.glb 
I0918 22:25:55.286716 1593317 ResourceManager.cpp:1119] Importing Basis files as BC7 for PuKPg4mmafe.glb
W0918 22:26:00.032346 1593317 Simulator.cpp:248] :
---
 The active scene does not contain semantic annotations. 
---
I0918 22:26:00.052910 1593317 simulator.py:213] Loaded navmesh /mnt/data_nas/deeprobotics/daiyang/vla/third_party/ETP-R1/data/scene_datasets/mp3d/PuKPg4mmafe/PuKPg4mmafe.navmesh
I0918 22:29:48.442706 1593317 PhysicsManager.cpp:33] Deconstructing PhysicsManager
I0918 22:29:48.442759 1593317 SemanticScene.h:41] Deconstructing SemanticScene
I0918 22:29:48.443799 1593317 SceneManager.h:25] Deconstructing SceneManager
I0918 22:29:48.443804 1593317 SceneGraph.h:26] Deconstructing SceneGraph
I0918 22:29:48.444100 1593317 Sensor.h:87] Deconstructing Sensor
I0918 22:29:48.450431 1593317 Renderer.cpp:34] Deconstructing Renderer
I0918 22:29:48.450457 1593317 WindowlessContext.h:17] Deconstructing WindowlessContext
I0918 22:29:48.461593 1593317 ManagedContainerBase.cpp:19] ManagedContainerBase::convertFilenameToJSON : Filename : default changed to proposed JSON configuration filename : default.scene_dataset_config.json
I0918 22:29:48.461612 1593317 AttributesManagerBase.h:283] AttributesManager<T>::createFromJsonOrDefaultInternal  (Dataset) : Proposing JSON name : default.scene_dataset_config.json from original name : default | This file  does not exist.
I0918 22:29:48.461767 1593317 AssetAttributesManager.cpp:117] Asset attributes (capsule3DSolid : capsule3DSolid_hemiRings_4_cylRings_1_segments_12_halfLen_0.75_useTexCoords_false_useTangents_false) created and registered.
I0918 22:29:48.461795 1593317 AssetAttributesManager.cpp:117] Asset attributes (capsule3DWireframe : capsule3DWireframe_hemiRings_8_cylRings_1_segments_16_halfLen_1) created and registered.
I0918 22:29:48.461819 1593317 AssetAttributesManager.cpp:117] Asset attributes (coneSolid : coneSolid_segments_12_halfLen_1.25_rings_1_useTexCoords_false_useTangents_false_capEnd_true) created and registered.
I0918 22:29:48.461833 1593317 AssetAttributesManager.cpp:117] Asset attributes (coneWireframe : coneWireframe_segments_32_halfLen_1.25) created and registered.
I0918 22:29:48.461841 1593317 AssetAttributesManager.cpp:117] Asset attributes (cubeSolid : cubeSolid) created and registered.
I0918 22:29:48.461853 1593317 AssetAttributesManager.cpp:117] Asset attributes (cubeWireframe : cubeWireframe) created and registered.
I0918 22:29:48.461874 1593317 AssetAttributesManager.cpp:117] Asset attributes (cylinderSolid : cylinderSolid_rings_1_segments_12_halfLen_1_useTexCoords_false_useTangents_false_capEnds_true) created and registered.
I0918 22:29:48.461891 1593317 AssetAttributesManager.cpp:117] Asset attributes (cylinderWireframe : cylinderWireframe_rings_1_segments_32_halfLen_1) created and registered.
I0918 22:29:48.461901 1593317 AssetAttributesManager.cpp:117] Asset attributes (icosphereSolid : icosphereSolid_subdivs_1) created and registered.
I0918 22:29:48.461910 1593317 AssetAttributesManager.cpp:117] Asset attributes (icosphereWireframe : icosphereWireframe_subdivs_1) created and registered.
I0918 22:29:48.461925 1593317 AssetAttributesManager.cpp:117] Asset attributes (uvSphereSolid : uvSphereSolid_rings_8_segments_16_useTexCoords_false_useTangents_false) created and registered.
I0918 22:29:48.461938 1593317 AssetAttributesManager.cpp:117] Asset attributes (uvSphereWireframe : uvSphereWireframe_rings_16_segments_32) created and registered.
I0918 22:29:48.461944 1593317 AssetAttributesManager.cpp:105] AssetAttributesManager::buildCtorFuncPtrMaps : Built default primitive asset templates : 12
I0918 22:29:48.462342 1593317 SceneDatasetAttributesManager.cpp:23] File (default) not found, so new default dataset attributes created and registered.
I0918 22:29:48.462345 1593317 MetadataMediator.cpp:47] MetadataMediator::createDataset : Dataset default successfully created.
I0918 22:29:48.462528 1593317 AttributesManagerBase.h:283] AttributesManager<T>::createFromJsonOrDefaultInternal  (Physics Manager) : Proposing JSON name : ./data/default.physics_config.json from original name : ./data/default.physics_config.json | This file  does not exist.
I0918 22:29:48.462541 1593317 PhysicsAttributesManager.cpp:27] File (./data/default.physics_config.json) not found, so new default physics manager attributes created and registered.
I0918 22:29:48.462545 1593317 AbstractObjectAttributesManagerBase.h:175] AbstractObjectAttributesManager<T>::createObject  (Stage) : Making attributes with handle : /mnt/data_nas/deeprobotics/daiyang/vla/third_party/ETP-R1/data/scene_datasets/mp3d/aayBHfsNo7d/aayBHfsNo7d.glb
I0918 22:29:48.462549 1593317 ManagedContainerBase.cpp:19] ManagedContainerBase::convertFilenameToJSON : Filename : /mnt/data_nas/deeprobotics/daiyang/vla/third_party/ETP-R1/data/scene_datasets/mp3d/aayBHfsNo7d/aayBHfsNo7d.glb changed to proposed JSON configuration filename : /mnt/data_nas/deeprobotics/daiyang/vla/third_party/ETP-R1/data/scene_datasets/mp3d/aayBHfsNo7d/aayBHfsNo7d.stage_config.json
I0918 22:29:48.462560 1593317 AttributesManagerBase.h:283] AttributesManager<T>::createFromJsonOrDefaultInternal  (Stage) : Proposing JSON name : /mnt/data_nas/deeprobotics/daiyang/vla/third_party/ETP-R1/data/scene_datasets/mp3d/aayBHfsNo7d/aayBHfsNo7d.stage_config.json from original name : /mnt/data_nas/deeprobotics/daiyang/vla/third_party/ETP-R1/data/scene_datasets/mp3d/aayBHfsNo7d/aayBHfsNo7d.glb | This file  does not exist.
I0918 22:29:48.462608 1593317 AbstractObjectAttributesManagerBase.h:181] AbstractObjectAttributesManager<T>::createObject  (Stage) : Done making attributes with handle : /mnt/data_nas/deeprobotics/daiyang/vla/third_party/ETP-R1/data/scene_datasets/mp3d/aayBHfsNo7d/aayBHfsNo7d.glb
I0918 22:29:48.462610 1593317 AbstractObjectAttributesManagerBase.h:188] File (/mnt/data_nas/deeprobotics/daiyang/vla/third_party/ETP-R1/data/scene_datasets/mp3d/aayBHfsNo7d/aayBHfsNo7d.glb) exists but is not a recognized config filename extension, so new default Stage attributes created and registered.
I0918 22:29:48.462615 1593317 Simulator.cpp:156] Loading navmesh from /mnt/data_nas/deeprobotics/daiyang/vla/third_party/ETP-R1/data/scene_datasets/mp3d/aayBHfsNo7d/aayBHfsNo7d.navmesh
I0918 22:29:48.463382 1593317 Simulator.cpp:158] Loaded.
I0918 22:29:48.463392 1593317 SceneGraph.h:93] Created DrawableGroup: 
Renderer: NVIDIA GeForce RTX 5090/PCIe/SSE2 by NVIDIA Corporation
OpenGL version: 4.6.0 NVIDIA 580.126.09
Using optional features:
    GL_ARB_ES2_compatibility
    GL_ARB_direct_state_access
    GL_ARB_get_texture_sub_image
    GL_ARB_invalidate_subdata
    GL_ARB_multi_bind
    GL_ARB_robustness
    GL_ARB_separate_shader_objects
    GL_ARB_texture_filter_anisotropic
    GL_ARB_texture_storage
    GL_ARB_texture_storage_multisample
    GL_ARB_vertex_array_object
    GL_KHR_debug
Using driver workarounds:
    no-forward-compatible-core-context
    nv-egl-incorrect-gl11-function-pointers
    no-layout-qualifiers-on-old-glsl
    nv-zero-context-profile-mask
    nv-implementation-color-read-format-dsa-broken
    nv-cubemap-inconsistent-compressed-image-size
    nv-cubemap-broken-full-compressed-image-query
    nv-compressed-block-size-in-bits
I0918 22:29:48.467054 1593317 ResourceManager.cpp:234] ResourceManager::loadStage : Not loading semantic mesh
I0918 22:29:48.467062 1593317 ResourceManager.cpp:262] ResourceManager::loadStage : start load render asset /mnt/data_nas/deeprobotics/daiyang/vla/third_party/ETP-R1/data/scene_datasets/mp3d/aayBHfsNo7d/aayBHfsNo7d.glb.
I0918 22:29:48.467065 1593317 ResourceManager.cpp:569] ResourceManager::loadStageInternal : Attempting to load stage /mnt/data_nas/deeprobotics/daiyang/vla/third_party/ETP-R1/data/scene_datasets/mp3d/aayBHfsNo7d/aayBHfsNo7d.glb 
I0918 22:29:48.467079 1593317 ResourceManager.cpp:1119] Importing Basis files as BC7 for aayBHfsNo7d.glb
W0918 22:29:50.107960 1593317 Simulator.cpp:248] :
---
 The active scene does not contain semantic annotations. 
---
I0918 22:29:50.151573 1593317 simulator.py:213] Loaded navmesh /mnt/data_nas/deeprobotics/daiyang/vla/third_party/ETP-R1/data/scene_datasets/mp3d/aayBHfsNo7d/aayBHfsNo7d.navmesh
I0918 22:30:20.132462 1593317 PhysicsManager.cpp:33] Deconstructing PhysicsManager
I0918 22:30:20.132499 1593317 SemanticScene.h:41] Deconstructing SemanticScene
I0918 22:30:20.135085 1593317 SceneManager.h:25] Deconstructing SceneManager
I0918 22:30:20.135094 1593317 SceneGraph.h:26] Deconstructing SceneGraph
I0918 22:30:20.137724 1593317 Sensor.h:87] Deconstructing Sensor
I0918 22:30:20.140555 1593317 Renderer.cpp:34] Deconstructing Renderer
I0918 22:30:20.140576 1593317 WindowlessContext.h:17] Deconstructing WindowlessContext
I0918 22:30:20.146546 1593317 ManagedContainerBase.cpp:19] ManagedContainerBase::convertFilenameToJSON : Filename : default changed to proposed JSON configuration filename : default.scene_dataset_config.json
I0918 22:30:20.146562 1593317 AttributesManagerBase.h:283] AttributesManager<T>::createFromJsonOrDefaultInternal  (Dataset) : Proposing JSON name : default.scene_dataset_config.json from original name : default | This file  does not exist.
I0918 22:30:20.146870 1593317 AssetAttributesManager.cpp:117] Asset attributes (capsule3DSolid : capsule3DSolid_hemiRings_4_cylRings_1_segments_12_halfLen_0.75_useTexCoords_false_useTangents_false) created and registered.
I0918 22:30:20.146898 1593317 AssetAttributesManager.cpp:117] Asset attributes (capsule3DWireframe : capsule3DWireframe_hemiRings_8_cylRings_1_segments_16_halfLen_1) created and registered.
I0918 22:30:20.146921 1593317 AssetAttributesManager.cpp:117] Asset attributes (coneSolid : coneSolid_segments_12_halfLen_1.25_rings_1_useTexCoords_false_useTangents_false_capEnd_true) created and registered.
I0918 22:30:20.146935 1593317 AssetAttributesManager.cpp:117] Asset attributes (coneWireframe : coneWireframe_segments_32_halfLen_1.25) created and registered.
I0918 22:30:20.146945 1593317 AssetAttributesManager.cpp:117] Asset attributes (cubeSolid : cubeSolid) created and registered.
I0918 22:30:20.146951 1593317 AssetAttributesManager.cpp:117] Asset attributes (cubeWireframe : cubeWireframe) created and registered.
I0918 22:30:20.146977 1593317 AssetAttributesManager.cpp:117] Asset attributes (cylinderSolid : cylinderSolid_rings_1_segments_12_halfLen_1_useTexCoords_false_useTangents_false_capEnds_true) created and registered.
I0918 22:30:20.146994 1593317 AssetAttributesManager.cpp:117] Asset attributes (cylinderWireframe : cylinderWireframe_rings_1_segments_32_halfLen_1) created and registered.
I0918 22:30:20.147011 1593317 AssetAttributesManager.cpp:117] Asset attributes (icosphereSolid : icosphereSolid_subdivs_1) created and registered.
I0918 22:30:20.147020 1593317 AssetAttributesManager.cpp:117] Asset attributes (icosphereWireframe : icosphereWireframe_subdivs_1) created and registered.
I0918 22:30:20.147033 1593317 AssetAttributesManager.cpp:117] Asset attributes (uvSphereSolid : uvSphereSolid_rings_8_segments_16_useTexCoords_false_useTangents_false) created and registered.
I0918 22:30:20.147046 1593317 AssetAttributesManager.cpp:117] Asset attributes (uvSphereWireframe : uvSphereWireframe_rings_16_segments_32) created and registered.
I0918 22:30:20.147053 1593317 AssetAttributesManager.cpp:105] AssetAttributesManager::buildCtorFuncPtrMaps : Built default primitive asset templates : 12
I0918 22:30:20.147456 1593317 SceneDatasetAttributesManager.cpp:23] File (default) not found, so new default dataset attributes created and registered.
I0918 22:30:20.147459 1593317 MetadataMediator.cpp:47] MetadataMediator::createDataset : Dataset default successfully created.
I0918 22:30:20.147639 1593317 AttributesManagerBase.h:283] AttributesManager<T>::createFromJsonOrDefaultInternal  (Physics Manager) : Proposing JSON name : ./data/default.physics_config.json from original name : ./data/default.physics_config.json | This file  does not exist.
I0918 22:30:20.147650 1593317 PhysicsAttributesManager.cpp:27] File (./data/default.physics_config.json) not found, so new default physics manager attributes created and registered.
I0918 22:30:20.147653 1593317 AbstractObjectAttributesManagerBase.h:175] AbstractObjectAttributesManager<T>::createObject  (Stage) : Making attributes with handle : /mnt/data_nas/deeprobotics/daiyang/vla/third_party/ETP-R1/data/scene_datasets/mp3d/82sE5b5pLXE/82sE5b5pLXE.glb
I0918 22:30:20.147657 1593317 ManagedContainerBase.cpp:19] ManagedContainerBase::convertFilenameToJSON : Filename : /mnt/data_nas/deeprobotics/daiyang/vla/third_party/ETP-R1/data/scene_datasets/mp3d/82sE5b5pLXE/82sE5b5pLXE.glb changed to proposed JSON configuration filename : /mnt/data_nas/deeprobotics/daiyang/vla/third_party/ETP-R1/data/scene_datasets/mp3d/82sE5b5pLXE/82sE5b5pLXE.stage_config.json
I0918 22:30:20.147670 1593317 AttributesManagerBase.h:283] AttributesManager<T>::createFromJsonOrDefaultInternal  (Stage) : Proposing JSON name : /mnt/data_nas/deeprobotics/daiyang/vla/third_party/ETP-R1/data/scene_datasets/mp3d/82sE5b5pLXE/82sE5b5pLXE.stage_config.json from original name : /mnt/data_nas/deeprobotics/daiyang/vla/third_party/ETP-R1/data/scene_datasets/mp3d/82sE5b5pLXE/82sE5b5pLXE.glb | This file  does not exist.
I0918 22:30:20.147716 1593317 AbstractObjectAttributesManagerBase.h:181] AbstractObjectAttributesManager<T>::createObject  (Stage) : Done making attributes with handle : /mnt/data_nas/deeprobotics/daiyang/vla/third_party/ETP-R1/data/scene_datasets/mp3d/82sE5b5pLXE/82sE5b5pLXE.glb
I0918 22:30:20.147718 1593317 AbstractObjectAttributesManagerBase.h:188] File (/mnt/data_nas/deeprobotics/daiyang/vla/third_party/ETP-R1/data/scene_datasets/mp3d/82sE5b5pLXE/82sE5b5pLXE.glb) exists but is not a recognized config filename extension, so new default Stage attributes created and registered.
I0918 22:30:20.147722 1593317 Simulator.cpp:156] Loading navmesh from /mnt/data_nas/deeprobotics/daiyang/vla/third_party/ETP-R1/data/scene_datasets/mp3d/82sE5b5pLXE/82sE5b5pLXE.navmesh
I0918 22:30:20.148492 1593317 Simulator.cpp:158] Loaded.
I0918 22:30:20.148500 1593317 SceneGraph.h:93] Created DrawableGroup: 
Renderer: NVIDIA GeForce RTX 5090/PCIe/SSE2 by NVIDIA Corporation
OpenGL version: 4.6.0 NVIDIA 580.126.09
Using optional features:
    GL_ARB_ES2_compatibility
    GL_ARB_direct_state_access
    GL_ARB_get_texture_sub_image
    GL_ARB_invalidate_subdata
    GL_ARB_multi_bind
    GL_ARB_robustness
    GL_ARB_separate_shader_objects
    GL_ARB_texture_filter_anisotropic
    GL_ARB_texture_storage
    GL_ARB_texture_storage_multisample
    GL_ARB_vertex_array_object
    GL_KHR_debug
Using driver workarounds:
    no-forward-compatible-core-context
    nv-egl-incorrect-gl11-function-pointers
    no-layout-qualifiers-on-old-glsl
    nv-zero-context-profile-mask
    nv-implementation-color-read-format-dsa-broken
    nv-cubemap-inconsistent-compressed-image-size
    nv-cubemap-broken-full-compressed-image-query
    nv-compressed-block-size-in-bits
I0918 22:30:20.152226 1593317 ResourceManager.cpp:234] ResourceManager::loadStage : Not loading semantic mesh
I0918 22:30:20.152235 1593317 ResourceManager.cpp:262] ResourceManager::loadStage : start load render asset /mnt/data_nas/deeprobotics/daiyang/vla/third_party/ETP-R1/data/scene_datasets/mp3d/82sE5b5pLXE/82sE5b5pLXE.glb.
I0918 22:30:20.152236 1593317 ResourceManager.cpp:569] ResourceManager::loadStageInternal : Attempting to load stage /mnt/data_nas/deeprobotics/daiyang/vla/third_party/ETP-R1/data/scene_datasets/mp3d/82sE5b5pLXE/82sE5b5pLXE.glb 
I0918 22:30:20.152252 1593317 ResourceManager.cpp:1119] Importing Basis files as BC7 for 82sE5b5pLXE.glb
W0918 22:30:22.211720 1593317 Simulator.cpp:248] :
---
 The active scene does not contain semantic annotations. 
---
I0918 22:30:22.248751 1593317 simulator.py:213] Loaded navmesh /mnt/data_nas/deeprobotics/daiyang/vla/third_party/ETP-R1/data/scene_datasets/mp3d/82sE5b5pLXE/82sE5b5pLXE.navmesh
I0918 22:33:02.376510 1593317 PhysicsManager.cpp:33] Deconstructing PhysicsManager
I0918 22:33:02.376569 1593317 SemanticScene.h:41] Deconstructing SemanticScene
I0918 22:33:02.378425 1593317 SceneManager.h:25] Deconstructing SceneManager
I0918 22:33:02.378433 1593317 SceneGraph.h:26] Deconstructing SceneGraph
I0918 22:33:02.378718 1593317 Sensor.h:87] Deconstructing Sensor
I0918 22:33:02.382881 1593317 Renderer.cpp:34] Deconstructing Renderer
I0918 22:33:02.382906 1593317 WindowlessContext.h:17] Deconstructing WindowlessContext
I0918 22:33:02.389387 1593317 ManagedContainerBase.cpp:19] ManagedContainerBase::convertFilenameToJSON : Filename : default changed to proposed JSON configuration filename : default.scene_dataset_config.json
I0918 22:33:02.389406 1593317 AttributesManagerBase.h:283] AttributesManager<T>::createFromJsonOrDefaultInternal  (Dataset) : Proposing JSON name : default.scene_dataset_config.json from original name : default | This file  does not exist.
I0918 22:33:02.389714 1593317 AssetAttributesManager.cpp:117] Asset attributes (capsule3DSolid : capsule3DSolid_hemiRings_4_cylRings_1_segments_12_halfLen_0.75_useTexCoords_false_useTangents_false) created and registered.
I0918 22:33:02.389741 1593317 AssetAttributesManager.cpp:117] Asset attributes (capsule3DWireframe : capsule3DWireframe_hemiRings_8_cylRings_1_segments_16_halfLen_1) created and registered.
I0918 22:33:02.389765 1593317 AssetAttributesManager.cpp:117] Asset attributes (coneSolid : coneSolid_segments_12_halfLen_1.25_rings_1_useTexCoords_false_useTangents_false_capEnd_true) created and registered.
I0918 22:33:02.389778 1593317 AssetAttributesManager.cpp:117] Asset attributes (coneWireframe : coneWireframe_segments_32_halfLen_1.25) created and registered.
I0918 22:33:02.389787 1593317 AssetAttributesManager.cpp:117] Asset attributes (cubeSolid : cubeSolid) created and registered.
I0918 22:33:02.389793 1593317 AssetAttributesManager.cpp:117] Asset attributes (cubeWireframe : cubeWireframe) created and registered.
I0918 22:33:02.389813 1593317 AssetAttributesManager.cpp:117] Asset attributes (cylinderSolid : cylinderSolid_rings_1_segments_12_halfLen_1_useTexCoords_false_useTangents_false_capEnds_true) created and registered.
I0918 22:33:02.389829 1593317 AssetAttributesManager.cpp:117] Asset attributes (cylinderWireframe : cylinderWireframe_rings_1_segments_32_halfLen_1) created and registered.
I0918 22:33:02.389842 1593317 AssetAttributesManager.cpp:117] Asset attributes (icosphereSolid : icosphereSolid_subdivs_1) created and registered.
I0918 22:33:02.389849 1593317 AssetAttributesManager.cpp:117] Asset attributes (icosphereWireframe : icosphereWireframe_subdivs_1) created and registered.
I0918 22:33:02.389870 1593317 AssetAttributesManager.cpp:117] Asset attributes (uvSphereSolid : uvSphereSolid_rings_8_segments_16_useTexCoords_false_useTangents_false) created and registered.
I0918 22:33:02.389882 1593317 AssetAttributesManager.cpp:117] Asset attributes (uvSphereWireframe : uvSphereWireframe_rings_16_segments_32) created and registered.
I0918 22:33:02.389889 1593317 AssetAttributesManager.cpp:105] AssetAttributesManager::buildCtorFuncPtrMaps : Built default primitive asset templates : 12
I0918 22:33:02.390288 1593317 SceneDatasetAttributesManager.cpp:23] File (default) not found, so new default dataset attributes created and registered.
I0918 22:33:02.390290 1593317 MetadataMediator.cpp:47] MetadataMediator::createDataset : Dataset default successfully created.
I0918 22:33:02.391356 1593317 AttributesManagerBase.h:283] AttributesManager<T>::createFromJsonOrDefaultInternal  (Physics Manager) : Proposing JSON name : ./data/default.physics_config.json from original name : ./data/default.physics_config.json | This file  does not exist.
I0918 22:33:02.391371 1593317 PhysicsAttributesManager.cpp:27] File (./data/default.physics_config.json) not found, so new default physics manager attributes created and registered.
I0918 22:33:02.391374 1593317 AbstractObjectAttributesManagerBase.h:175] AbstractObjectAttributesManager<T>::createObject  (Stage) : Making attributes with handle : /mnt/data_nas/deeprobotics/daiyang/vla/third_party/ETP-R1/data/scene_datasets/mp3d/B6ByNegPMKs/B6ByNegPMKs.glb
I0918 22:33:02.391379 1593317 ManagedContainerBase.cpp:19] ManagedContainerBase::convertFilenameToJSON : Filename : /mnt/data_nas/deeprobotics/daiyang/vla/third_party/ETP-R1/data/scene_datasets/mp3d/B6ByNegPMKs/B6ByNegPMKs.glb changed to proposed JSON configuration filename : /mnt/data_nas/deeprobotics/daiyang/vla/third_party/ETP-R1/data/scene_datasets/mp3d/B6ByNegPMKs/B6ByNegPMKs.stage_config.json
I0918 22:33:02.393954 1593317 AttributesManagerBase.h:283] AttributesManager<T>::createFromJsonOrDefaultInternal  (Stage) : Proposing JSON name : /mnt/data_nas/deeprobotics/daiyang/vla/third_party/ETP-R1/data/scene_datasets/mp3d/B6ByNegPMKs/B6ByNegPMKs.stage_config.json from original name : /mnt/data_nas/deeprobotics/daiyang/vla/third_party/ETP-R1/data/scene_datasets/mp3d/B6ByNegPMKs/B6ByNegPMKs.glb | This file  does not exist.
I0918 22:33:02.394004 1593317 AbstractObjectAttributesManagerBase.h:181] AbstractObjectAttributesManager<T>::createObject  (Stage) : Done making attributes with handle : /mnt/data_nas/deeprobotics/daiyang/vla/third_party/ETP-R1/data/scene_datasets/mp3d/B6ByNegPMKs/B6ByNegPMKs.glb
I0918 22:33:02.394006 1593317 AbstractObjectAttributesManagerBase.h:188] File (/mnt/data_nas/deeprobotics/daiyang/vla/third_party/ETP-R1/data/scene_datasets/mp3d/B6ByNegPMKs/B6ByNegPMKs.glb) exists but is not a recognized config filename extension, so new default Stage attributes created and registered.
I0918 22:33:02.394011 1593317 Simulator.cpp:156] Loading navmesh from /mnt/data_nas/deeprobotics/daiyang/vla/third_party/ETP-R1/data/scene_datasets/mp3d/B6ByNegPMKs/B6ByNegPMKs.navmesh
I0918 22:33:02.395862 1593317 Simulator.cpp:158] Loaded.
I0918 22:33:02.395872 1593317 SceneGraph.h:93] Created DrawableGroup: 
Renderer: NVIDIA GeForce RTX 5090/PCIe/SSE2 by NVIDIA Corporation
OpenGL version: 4.6.0 NVIDIA 580.126.09
Using optional features:
    GL_ARB_ES2_compatibility
    GL_ARB_direct_state_access
    GL_ARB_get_texture_sub_image
    GL_ARB_invalidate_subdata
    GL_ARB_multi_bind
    GL_ARB_robustness
    GL_ARB_separate_shader_objects
    GL_ARB_texture_filter_anisotropic
    GL_ARB_texture_storage
    GL_ARB_texture_storage_multisample
    GL_ARB_vertex_array_object
    GL_KHR_debug
Using driver workarounds:
    no-forward-compatible-core-context
    nv-egl-incorrect-gl11-function-pointers
    no-layout-qualifiers-on-old-glsl
    nv-zero-context-profile-mask
    nv-implementation-color-read-format-dsa-broken
    nv-cubemap-inconsistent-compressed-image-size
    nv-cubemap-broken-full-compressed-image-query
    nv-compressed-block-size-in-bits
I0918 22:33:02.399631 1593317 ResourceManager.cpp:234] ResourceManager::loadStage : Not loading semantic mesh
I0918 22:33:02.399641 1593317 ResourceManager.cpp:262] ResourceManager::loadStage : start load render asset /mnt/data_nas/deeprobotics/daiyang/vla/third_party/ETP-R1/data/scene_datasets/mp3d/B6ByNegPMKs/B6ByNegPMKs.glb.
I0918 22:33:02.399642 1593317 ResourceManager.cpp:569] ResourceManager::loadStageInternal : Attempting to load stage /mnt/data_nas/deeprobotics/daiyang/vla/third_party/ETP-R1/data/scene_datasets/mp3d/B6ByNegPMKs/B6ByNegPMKs.glb 
I0918 22:33:02.399658 1593317 ResourceManager.cpp:1119] Importing Basis files as BC7 for B6ByNegPMKs.glb
W0918 22:33:12.224210 1593317 Simulator.cpp:248] :
---
 The active scene does not contain semantic annotations. 
---
I0918 22:33:12.422425 1593317 simulator.py:213] Loaded navmesh /mnt/data_nas/deeprobotics/daiyang/vla/third_party/ETP-R1/data/scene_datasets/mp3d/B6ByNegPMKs/B6ByNegPMKs.navmesh
I0918 22:35:29.853264 1593317 PhysicsManager.cpp:33] Deconstructing PhysicsManager
I0918 22:35:29.853333 1593317 SemanticScene.h:41] Deconstructing SemanticScene
I0918 22:35:29.877521 1593317 SceneManager.h:25] Deconstructing SceneManager
I0918 22:35:29.877553 1593317 SceneGraph.h:26] Deconstructing SceneGraph
I0918 22:35:29.878075 1593317 Sensor.h:87] Deconstructing Sensor
I0918 22:35:29.899243 1593317 Renderer.cpp:34] Deconstructing Renderer
I0918 22:35:29.899287 1593317 WindowlessContext.h:17] Deconstructing WindowlessContext
I0918 22:35:29.916791 1593317 ManagedContainerBase.cpp:19] ManagedContainerBase::convertFilenameToJSON : Filename : default changed to proposed JSON configuration filename : default.scene_dataset_config.json
I0918 22:35:29.916812 1593317 AttributesManagerBase.h:283] AttributesManager<T>::createFromJsonOrDefaultInternal  (Dataset) : Proposing JSON name : default.scene_dataset_config.json from original name : default | This file  does not exist.
I0918 22:35:29.917032 1593317 AssetAttributesManager.cpp:117] Asset attributes (capsule3DSolid : capsule3DSolid_hemiRings_4_cylRings_1_segments_12_halfLen_0.75_useTexCoords_false_useTangents_false) created and registered.
I0918 22:35:29.917060 1593317 AssetAttributesManager.cpp:117] Asset attributes (capsule3DWireframe : capsule3DWireframe_hemiRings_8_cylRings_1_segments_16_halfLen_1) created and registered.
I0918 22:35:29.917083 1593317 AssetAttributesManager.cpp:117] Asset attributes (coneSolid : coneSolid_segments_12_halfLen_1.25_rings_1_useTexCoords_false_useTangents_false_capEnd_true) created and registered.
I0918 22:35:29.917098 1593317 AssetAttributesManager.cpp:117] Asset attributes (coneWireframe : coneWireframe_segments_32_halfLen_1.25) created and registered.
I0918 22:35:29.917109 1593317 AssetAttributesManager.cpp:117] Asset attributes (cubeSolid : cubeSolid) created and registered.
I0918 22:35:29.917114 1593317 AssetAttributesManager.cpp:117] Asset attributes (cubeWireframe : cubeWireframe) created and registered.
I0918 22:35:29.917133 1593317 AssetAttributesManager.cpp:117] Asset attributes (cylinderSolid : cylinderSolid_rings_1_segments_12_halfLen_1_useTexCoords_false_useTangents_false_capEnds_true) created and registered.
I0918 22:35:29.917150 1593317 AssetAttributesManager.cpp:117] Asset attributes (cylinderWireframe : cylinderWireframe_rings_1_segments_32_halfLen_1) created and registered.
I0918 22:35:29.917162 1593317 AssetAttributesManager.cpp:117] Asset attributes (icosphereSolid : icosphereSolid_subdivs_1) created and registered.
I0918 22:35:29.917171 1593317 AssetAttributesManager.cpp:117] Asset attributes (icosphereWireframe : icosphereWireframe_subdivs_1) created and registered.
I0918 22:35:29.917186 1593317 AssetAttributesManager.cpp:117] Asset attributes (uvSphereSolid : uvSphereSolid_rings_8_segments_16_useTexCoords_false_useTangents_false) created and registered.
I0918 22:35:29.917198 1593317 AssetAttributesManager.cpp:117] Asset attributes (uvSphereWireframe : uvSphereWireframe_rings_16_segments_32) created and registered.
I0918 22:35:29.917212 1593317 AssetAttributesManager.cpp:105] AssetAttributesManager::buildCtorFuncPtrMaps : Built default primitive asset templates : 12
I0918 22:35:29.917614 1593317 SceneDatasetAttributesManager.cpp:23] File (default) not found, so new default dataset attributes created and registered.
I0918 22:35:29.917616 1593317 MetadataMediator.cpp:47] MetadataMediator::createDataset : Dataset default successfully created.
I0918 22:35:29.917816 1593317 AttributesManagerBase.h:283] AttributesManager<T>::createFromJsonOrDefaultInternal  (Physics Manager) : Proposing JSON name : ./data/default.physics_config.json from original name : ./data/default.physics_config.json | This file  does not exist.
I0918 22:35:29.917829 1593317 PhysicsAttributesManager.cpp:27] File (./data/default.physics_config.json) not found, so new default physics manager attributes created and registered.
I0918 22:35:29.917832 1593317 AbstractObjectAttributesManagerBase.h:175] AbstractObjectAttributesManager<T>::createObject  (Stage) : Making attributes with handle : /mnt/data_nas/deeprobotics/daiyang/vla/third_party/ETP-R1/data/scene_datasets/mp3d/PuKPg4mmafe/PuKPg4mmafe.glb
I0918 22:35:29.917836 1593317 ManagedContainerBase.cpp:19] ManagedContainerBase::convertFilenameToJSON : Filename : /mnt/data_nas/deeprobotics/daiyang/vla/third_party/ETP-R1/data/scene_datasets/mp3d/PuKPg4mmafe/PuKPg4mmafe.glb changed to proposed JSON configuration filename : /mnt/data_nas/deeprobotics/daiyang/vla/third_party/ETP-R1/data/scene_datasets/mp3d/PuKPg4mmafe/PuKPg4mmafe.stage_config.json
I0918 22:35:29.917850 1593317 AttributesManagerBase.h:283] AttributesManager<T>::createFromJsonOrDefaultInternal  (Stage) : Proposing JSON name : /mnt/data_nas/deeprobotics/daiyang/vla/third_party/ETP-R1/data/scene_datasets/mp3d/PuKPg4mmafe/PuKPg4mmafe.stage_config.json from original name : /mnt/data_nas/deeprobotics/daiyang/vla/third_party/ETP-R1/data/scene_datasets/mp3d/PuKPg4mmafe/PuKPg4mmafe.glb | This file  does not exist.
I0918 22:35:29.917898 1593317 AbstractObjectAttributesManagerBase.h:181] AbstractObjectAttributesManager<T>::createObject  (Stage) : Done making attributes with handle : /mnt/data_nas/deeprobotics/daiyang/vla/third_party/ETP-R1/data/scene_datasets/mp3d/PuKPg4mmafe/PuKPg4mmafe.glb
I0918 22:35:29.917900 1593317 AbstractObjectAttributesManagerBase.h:188] File (/mnt/data_nas/deeprobotics/daiyang/vla/third_party/ETP-R1/data/scene_datasets/mp3d/PuKPg4mmafe/PuKPg4mmafe.glb) exists but is not a recognized config filename extension, so new default Stage attributes created and registered.
I0918 22:35:29.917905 1593317 Simulator.cpp:156] Loading navmesh from /mnt/data_nas/deeprobotics/daiyang/vla/third_party/ETP-R1/data/scene_datasets/mp3d/PuKPg4mmafe/PuKPg4mmafe.navmesh
I0918 22:35:29.919493 1593317 Simulator.cpp:158] Loaded.
I0918 22:35:29.919507 1593317 SceneGraph.h:93] Created DrawableGroup: 
Renderer: NVIDIA GeForce RTX 5090/PCIe/SSE2 by NVIDIA Corporation
OpenGL version: 4.6.0 NVIDIA 580.126.09
Using optional features:
    GL_ARB_ES2_compatibility
    GL_ARB_direct_state_access
    GL_ARB_get_texture_sub_image
    GL_ARB_invalidate_subdata
    GL_ARB_multi_bind
    GL_ARB_robustness
    GL_ARB_separate_shader_objects
    GL_ARB_texture_filter_anisotropic
    GL_ARB_texture_storage
    GL_ARB_texture_storage_multisample
    GL_ARB_vertex_array_object
    GL_KHR_debug
Using driver workarounds:
    no-forward-compatible-core-context
    nv-egl-incorrect-gl11-function-pointers
    no-layout-qualifiers-on-old-glsl
    nv-zero-context-profile-mask
    nv-implementation-color-read-format-dsa-broken
    nv-cubemap-inconsistent-compressed-image-size
    nv-cubemap-broken-full-compressed-image-query
    nv-compressed-block-size-in-bits
I0918 22:35:29.923213 1593317 ResourceManager.cpp:234] ResourceManager::loadStage : Not loading semantic mesh
I0918 22:35:29.923221 1593317 ResourceManager.cpp:262] ResourceManager::loadStage : start load render asset /mnt/data_nas/deeprobotics/daiyang/vla/third_party/ETP-R1/data/scene_datasets/mp3d/PuKPg4mmafe/PuKPg4mmafe.glb.
I0918 22:35:29.923224 1593317 ResourceManager.cpp:569] ResourceManager::loadStageInternal : Attempting to load stage /mnt/data_nas/deeprobotics/daiyang/vla/third_party/ETP-R1/data/scene_datasets/mp3d/PuKPg4mmafe/PuKPg4mmafe.glb 
I0918 22:35:29.923243 1593317 ResourceManager.cpp:1119] Importing Basis files as BC7 for PuKPg4mmafe.glb
W0918 22:35:34.778662 1593317 Simulator.cpp:248] :
---
 The active scene does not contain semantic annotations. 
---
I0918 22:35:34.800098 1593317 simulator.py:213] Loaded navmesh /mnt/data_nas/deeprobotics/daiyang/vla/third_party/ETP-R1/data/scene_datasets/mp3d/PuKPg4mmafe/PuKPg4mmafe.navmesh
I0918 22:37:24.326386 1593317 PhysicsManager.cpp:33] Deconstructing PhysicsManager
I0918 22:37:24.326447 1593317 SemanticScene.h:41] Deconstructing SemanticScene
I0918 22:37:24.327680 1593317 SceneManager.h:25] Deconstructing SceneManager
I0918 22:37:24.327688 1593317 SceneGraph.h:26] Deconstructing SceneGraph
I0918 22:37:24.327984 1593317 Sensor.h:87] Deconstructing Sensor
I0918 22:37:24.334832 1593317 Renderer.cpp:34] Deconstructing Renderer
I0918 22:37:24.334868 1593317 WindowlessContext.h:17] Deconstructing WindowlessContext
I0918 22:37:24.346726 1593317 ManagedContainerBase.cpp:19] ManagedContainerBase::convertFilenameToJSON : Filename : default changed to proposed JSON configuration filename : default.scene_dataset_config.json
I0918 22:37:24.346750 1593317 AttributesManagerBase.h:283] AttributesManager<T>::createFromJsonOrDefaultInternal  (Dataset) : Proposing JSON name : default.scene_dataset_config.json from original name : default | This file  does not exist.
I0918 22:37:24.347087 1593317 AssetAttributesManager.cpp:117] Asset attributes (capsule3DSolid : capsule3DSolid_hemiRings_4_cylRings_1_segments_12_halfLen_0.75_useTexCoords_false_useTangents_false) created and registered.
I0918 22:37:24.347116 1593317 AssetAttributesManager.cpp:117] Asset attributes (capsule3DWireframe : capsule3DWireframe_hemiRings_8_cylRings_1_segments_16_halfLen_1) created and registered.
I0918 22:37:24.347138 1593317 AssetAttributesManager.cpp:117] Asset attributes (coneSolid : coneSolid_segments_12_halfLen_1.25_rings_1_useTexCoords_false_useTangents_false_capEnd_true) created and registered.
I0918 22:37:24.347152 1593317 AssetAttributesManager.cpp:117] Asset attributes (coneWireframe : coneWireframe_segments_32_halfLen_1.25) created and registered.
I0918 22:37:24.347162 1593317 AssetAttributesManager.cpp:117] Asset attributes (cubeSolid : cubeSolid) created and registered.
I0918 22:37:24.347168 1593317 AssetAttributesManager.cpp:117] Asset attributes (cubeWireframe : cubeWireframe) created and registered.
I0918 22:37:24.347188 1593317 AssetAttributesManager.cpp:117] Asset attributes (cylinderSolid : cylinderSolid_rings_1_segments_12_halfLen_1_useTexCoords_false_useTangents_false_capEnds_true) created and registered.
I0918 22:37:24.347205 1593317 AssetAttributesManager.cpp:117] Asset attributes (cylinderWireframe : cylinderWireframe_rings_1_segments_32_halfLen_1) created and registered.
I0918 22:37:24.347216 1593317 AssetAttributesManager.cpp:117] Asset attributes (icosphereSolid : icosphereSolid_subdivs_1) created and registered.
I0918 22:37:24.347225 1593317 AssetAttributesManager.cpp:117] Asset attributes (icosphereWireframe : icosphereWireframe_subdivs_1) created and registered.
I0918 22:37:24.347239 1593317 AssetAttributesManager.cpp:117] Asset attributes (uvSphereSolid : uvSphereSolid_rings_8_segments_16_useTexCoords_false_useTangents_false) created and registered.
I0918 22:37:24.347254 1593317 AssetAttributesManager.cpp:117] Asset attributes (uvSphereWireframe : uvSphereWireframe_rings_16_segments_32) created and registered.
I0918 22:37:24.347259 1593317 AssetAttributesManager.cpp:105] AssetAttributesManager::buildCtorFuncPtrMaps : Built default primitive asset templates : 12
I0918 22:37:24.347663 1593317 SceneDatasetAttributesManager.cpp:23] File (default) not found, so new default dataset attributes created and registered.
I0918 22:37:24.347666 1593317 MetadataMediator.cpp:47] MetadataMediator::createDataset : Dataset default successfully created.
I0918 22:37:24.347859 1593317 AttributesManagerBase.h:283] AttributesManager<T>::createFromJsonOrDefaultInternal  (Physics Manager) : Proposing JSON name : ./data/default.physics_config.json from original name : ./data/default.physics_config.json | This file  does not exist.
I0918 22:37:24.347872 1593317 PhysicsAttributesManager.cpp:27] File (./data/default.physics_config.json) not found, so new default physics manager attributes created and registered.
I0918 22:37:24.347875 1593317 AbstractObjectAttributesManagerBase.h:175] AbstractObjectAttributesManager<T>::createObject  (Stage) : Making attributes with handle : /mnt/data_nas/deeprobotics/daiyang/vla/third_party/ETP-R1/data/scene_datasets/mp3d/aayBHfsNo7d/aayBHfsNo7d.glb
I0918 22:37:24.347878 1593317 ManagedContainerBase.cpp:19] ManagedContainerBase::convertFilenameToJSON : Filename : /mnt/data_nas/deeprobotics/daiyang/vla/third_party/ETP-R1/data/scene_datasets/mp3d/aayBHfsNo7d/aayBHfsNo7d.glb changed to proposed JSON configuration filename : /mnt/data_nas/deeprobotics/daiyang/vla/third_party/ETP-R1/data/scene_datasets/mp3d/aayBHfsNo7d/aayBHfsNo7d.stage_config.json
I0918 22:37:24.347891 1593317 AttributesManagerBase.h:283] AttributesManager<T>::createFromJsonOrDefaultInternal  (Stage) : Proposing JSON name : /mnt/data_nas/deeprobotics/daiyang/vla/third_party/ETP-R1/data/scene_datasets/mp3d/aayBHfsNo7d/aayBHfsNo7d.stage_config.json from original name : /mnt/data_nas/deeprobotics/daiyang/vla/third_party/ETP-R1/data/scene_datasets/mp3d/aayBHfsNo7d/aayBHfsNo7d.glb | This file  does not exist.
I0918 22:37:24.347939 1593317 AbstractObjectAttributesManagerBase.h:181] AbstractObjectAttributesManager<T>::createObject  (Stage) : Done making attributes with handle : /mnt/data_nas/deeprobotics/daiyang/vla/third_party/ETP-R1/data/scene_datasets/mp3d/aayBHfsNo7d/aayBHfsNo7d.glb
I0918 22:37:24.347941 1593317 AbstractObjectAttributesManagerBase.h:188] File (/mnt/data_nas/deeprobotics/daiyang/vla/third_party/ETP-R1/data/scene_datasets/mp3d/aayBHfsNo7d/aayBHfsNo7d.glb) exists but is not a recognized config filename extension, so new default Stage attributes created and registered.
I0918 22:37:24.347946 1593317 Simulator.cpp:156] Loading navmesh from /mnt/data_nas/deeprobotics/daiyang/vla/third_party/ETP-R1/data/scene_datasets/mp3d/aayBHfsNo7d/aayBHfsNo7d.navmesh
I0918 22:37:24.349001 1593317 Simulator.cpp:158] Loaded.
I0918 22:37:24.349011 1593317 SceneGraph.h:93] Created DrawableGroup: 
Renderer: NVIDIA GeForce RTX 5090/PCIe/SSE2 by NVIDIA Corporation
OpenGL version: 4.6.0 NVIDIA 580.126.09
Using optional features:
    GL_ARB_ES2_compatibility
    GL_ARB_direct_state_access
    GL_ARB_get_texture_sub_image
    GL_ARB_invalidate_subdata
    GL_ARB_multi_bind
    GL_ARB_robustness
    GL_ARB_separate_shader_objects
    GL_ARB_texture_filter_anisotropic
    GL_ARB_texture_storage
    GL_ARB_texture_storage_multisample
    GL_ARB_vertex_array_object
    GL_KHR_debug
Using driver workarounds:
    no-forward-compatible-core-context
    nv-egl-incorrect-gl11-function-pointers
    no-layout-qualifiers-on-old-glsl
    nv-zero-context-profile-mask
    nv-implementation-color-read-format-dsa-broken
    nv-cubemap-inconsistent-compressed-image-size
    nv-cubemap-broken-full-compressed-image-query
    nv-compressed-block-size-in-bits
I0918 22:37:24.352674 1593317 ResourceManager.cpp:234] ResourceManager::loadStage : Not loading semantic mesh
I0918 22:37:24.352682 1593317 ResourceManager.cpp:262] ResourceManager::loadStage : start load render asset /mnt/data_nas/deeprobotics/daiyang/vla/third_party/ETP-R1/data/scene_datasets/mp3d/aayBHfsNo7d/aayBHfsNo7d.glb.
I0918 22:37:24.352684 1593317 ResourceManager.cpp:569] ResourceManager::loadStageInternal : Attempting to load stage /mnt/data_nas/deeprobotics/daiyang/vla/third_party/ETP-R1/data/scene_datasets/mp3d/aayBHfsNo7d/aayBHfsNo7d.glb 
I0918 22:37:24.352701 1593317 ResourceManager.cpp:1119] Importing Basis files as BC7 for aayBHfsNo7d.glb
W0918 22:37:25.967517 1593317 Simulator.cpp:248] :
---
 The active scene does not contain semantic annotations. 
---
I0918 22:37:26.008432 1593317 simulator.py:213] Loaded navmesh /mnt/data_nas/deeprobotics/daiyang/vla/third_party/ETP-R1/data/scene_datasets/mp3d/aayBHfsNo7d/aayBHfsNo7d.navmesh
I0918 22:37:40.598227 1593317 PhysicsManager.cpp:33] Deconstructing PhysicsManager
I0918 22:37:40.598277 1593317 SemanticScene.h:41] Deconstructing SemanticScene
I0918 22:37:40.601082 1593317 SceneManager.h:25] Deconstructing SceneManager
I0918 22:37:40.601094 1593317 SceneGraph.h:26] Deconstructing SceneGraph
I0918 22:37:40.601766 1593317 Sensor.h:87] Deconstructing Sensor
I0918 22:37:40.604439 1593317 Renderer.cpp:34] Deconstructing Renderer
I0918 22:37:40.604465 1593317 WindowlessContext.h:17] Deconstructing WindowlessContext
I0918 22:37:40.611181 1593317 ManagedContainerBase.cpp:19] ManagedContainerBase::convertFilenameToJSON : Filename : default changed to proposed JSON configuration filename : default.scene_dataset_config.json
I0918 22:37:40.611197 1593317 AttributesManagerBase.h:283] AttributesManager<T>::createFromJsonOrDefaultInternal  (Dataset) : Proposing JSON name : default.scene_dataset_config.json from original name : default | This file  does not exist.
I0918 22:37:40.611613 1593317 AssetAttributesManager.cpp:117] Asset attributes (capsule3DSolid : capsule3DSolid_hemiRings_4_cylRings_1_segments_12_halfLen_0.75_useTexCoords_false_useTangents_false) created and registered.
I0918 22:37:40.611655 1593317 AssetAttributesManager.cpp:117] Asset attributes (capsule3DWireframe : capsule3DWireframe_hemiRings_8_cylRings_1_segments_16_halfLen_1) created and registered.
I0918 22:37:40.611691 1593317 AssetAttributesManager.cpp:117] Asset attributes (coneSolid : coneSolid_segments_12_halfLen_1.25_rings_1_useTexCoords_false_useTangents_false_capEnd_true) created and registered.
I0918 22:37:40.611713 1593317 AssetAttributesManager.cpp:117] Asset attributes (coneWireframe : coneWireframe_segments_32_halfLen_1.25) created and registered.
I0918 22:37:40.611725 1593317 AssetAttributesManager.cpp:117] Asset attributes (cubeSolid : cubeSolid) created and registered.
I0918 22:37:40.611735 1593317 AssetAttributesManager.cpp:117] Asset attributes (cubeWireframe : cubeWireframe) created and registered.
I0918 22:37:40.611766 1593317 AssetAttributesManager.cpp:117] Asset attributes (cylinderSolid : cylinderSolid_rings_1_segments_12_halfLen_1_useTexCoords_false_useTangents_false_capEnds_true) created and registered.
I0918 22:37:40.611792 1593317 AssetAttributesManager.cpp:117] Asset attributes (cylinderWireframe : cylinderWireframe_rings_1_segments_32_halfLen_1) created and registered.
I0918 22:37:40.611809 1593317 AssetAttributesManager.cpp:117] Asset attributes (icosphereSolid : icosphereSolid_subdivs_1) created and registered.
I0918 22:37:40.611820 1593317 AssetAttributesManager.cpp:117] Asset attributes (icosphereWireframe : icosphereWireframe_subdivs_1) created and registered.
I0918 22:37:40.611841 1593317 AssetAttributesManager.cpp:117] Asset attributes (uvSphereSolid : uvSphereSolid_rings_8_segments_16_useTexCoords_false_useTangents_false) created and registered.
I0918 22:37:40.611860 1593317 AssetAttributesManager.cpp:117] Asset attributes (uvSphereWireframe : uvSphereWireframe_rings_16_segments_32) created and registered.
I0918 22:37:40.611868 1593317 AssetAttributesManager.cpp:105] AssetAttributesManager::buildCtorFuncPtrMaps : Built default primitive asset templates : 12
I0918 22:37:40.612541 1593317 SceneDatasetAttributesManager.cpp:23] File (default) not found, so new default dataset attributes created and registered.
I0918 22:37:40.612545 1593317 MetadataMediator.cpp:47] MetadataMediator::createDataset : Dataset default successfully created.
I0918 22:37:40.612782 1593317 AttributesManagerBase.h:283] AttributesManager<T>::createFromJsonOrDefaultInternal  (Physics Manager) : Proposing JSON name : ./data/default.physics_config.json from original name : ./data/default.physics_config.json | This file  does not exist.
I0918 22:37:40.612799 1593317 PhysicsAttributesManager.cpp:27] File (./data/default.physics_config.json) not found, so new default physics manager attributes created and registered.
I0918 22:37:40.612810 1593317 AbstractObjectAttributesManagerBase.h:175] AbstractObjectAttributesManager<T>::createObject  (Stage) : Making attributes with handle : /mnt/data_nas/deeprobotics/daiyang/vla/third_party/ETP-R1/data/scene_datasets/mp3d/82sE5b5pLXE/82sE5b5pLXE.glb
I0918 22:37:40.612816 1593317 ManagedContainerBase.cpp:19] ManagedContainerBase::convertFilenameToJSON : Filename : /mnt/data_nas/deeprobotics/daiyang/vla/third_party/ETP-R1/data/scene_datasets/mp3d/82sE5b5pLXE/82sE5b5pLXE.glb changed to proposed JSON configuration filename : /mnt/data_nas/deeprobotics/daiyang/vla/third_party/ETP-R1/data/scene_datasets/mp3d/82sE5b5pLXE/82sE5b5pLXE.stage_config.json
I0918 22:37:40.612835 1593317 AttributesManagerBase.h:283] AttributesManager<T>::createFromJsonOrDefaultInternal  (Stage) : Proposing JSON name : /mnt/data_nas/deeprobotics/daiyang/vla/third_party/ETP-R1/data/scene_datasets/mp3d/82sE5b5pLXE/82sE5b5pLXE.stage_config.json from original name : /mnt/data_nas/deeprobotics/daiyang/vla/third_party/ETP-R1/data/scene_datasets/mp3d/82sE5b5pLXE/82sE5b5pLXE.glb | This file  does not exist.
I0918 22:37:40.612908 1593317 AbstractObjectAttributesManagerBase.h:181] AbstractObjectAttributesManager<T>::createObject  (Stage) : Done making attributes with handle : /mnt/data_nas/deeprobotics/daiyang/vla/third_party/ETP-R1/data/scene_datasets/mp3d/82sE5b5pLXE/82sE5b5pLXE.glb
I0918 22:37:40.612911 1593317 AbstractObjectAttributesManagerBase.h:188] File (/mnt/data_nas/deeprobotics/daiyang/vla/third_party/ETP-R1/data/scene_datasets/mp3d/82sE5b5pLXE/82sE5b5pLXE.glb) exists but is not a recognized config filename extension, so new default Stage attributes created and registered.
I0918 22:37:40.612918 1593317 Simulator.cpp:156] Loading navmesh from /mnt/data_nas/deeprobotics/daiyang/vla/third_party/ETP-R1/data/scene_datasets/mp3d/82sE5b5pLXE/82sE5b5pLXE.navmesh
I0918 22:37:40.613719 1593317 Simulator.cpp:158] Loaded.
I0918 22:37:40.613729 1593317 SceneGraph.h:93] Created DrawableGroup: 
Renderer: NVIDIA GeForce RTX 5090/PCIe/SSE2 by NVIDIA Corporation
OpenGL version: 4.6.0 NVIDIA 580.126.09
Using optional features:
    GL_ARB_ES2_compatibility
    GL_ARB_direct_state_access
    GL_ARB_get_texture_sub_image
    GL_ARB_invalidate_subdata
    GL_ARB_multi_bind
    GL_ARB_robustness
    GL_ARB_separate_shader_objects
    GL_ARB_texture_filter_anisotropic
    GL_ARB_texture_storage
    GL_ARB_texture_storage_multisample
    GL_ARB_vertex_array_object
    GL_KHR_debug
Using driver workarounds:
    no-forward-compatible-core-context
    nv-egl-incorrect-gl11-function-pointers
    no-layout-qualifiers-on-old-glsl
    nv-zero-context-profile-mask
    nv-implementation-color-read-format-dsa-broken
    nv-cubemap-inconsistent-compressed-image-size
    nv-cubemap-broken-full-compressed-image-query
    nv-compressed-block-size-in-bits
I0918 22:37:40.618131 1593317 ResourceManager.cpp:234] ResourceManager::loadStage : Not loading semantic mesh
I0918 22:37:40.618142 1593317 ResourceManager.cpp:262] ResourceManager::loadStage : start load render asset /mnt/data_nas/deeprobotics/daiyang/vla/third_party/ETP-R1/data/scene_datasets/mp3d/82sE5b5pLXE/82sE5b5pLXE.glb.
I0918 22:37:40.618145 1593317 ResourceManager.cpp:569] ResourceManager::loadStageInternal : Attempting to load stage /mnt/data_nas/deeprobotics/daiyang/vla/third_party/ETP-R1/data/scene_datasets/mp3d/82sE5b5pLXE/82sE5b5pLXE.glb 
I0918 22:37:40.618165 1593317 ResourceManager.cpp:1119] Importing Basis files as BC7 for 82sE5b5pLXE.glb
W0918 22:37:42.712524 1593317 Simulator.cpp:248] :
---
 The active scene does not contain semantic annotations. 
---
I0918 22:37:42.748808 1593317 simulator.py:213] Loaded navmesh /mnt/data_nas/deeprobotics/daiyang/vla/third_party/ETP-R1/data/scene_datasets/mp3d/82sE5b5pLXE/82sE5b5pLXE.navmesh
I0918 22:38:06.291800 1593317 PhysicsManager.cpp:33] Deconstructing PhysicsManager
I0918 22:38:06.291844 1593317 SemanticScene.h:41] Deconstructing SemanticScene
I0918 22:38:06.293226 1593317 SceneManager.h:25] Deconstructing SceneManager
I0918 22:38:06.293238 1593317 SceneGraph.h:26] Deconstructing SceneGraph
I0918 22:38:06.293457 1593317 Sensor.h:87] Deconstructing Sensor
I0918 22:38:06.296392 1593317 Renderer.cpp:34] Deconstructing Renderer
I0918 22:38:06.296413 1593317 WindowlessContext.h:17] Deconstructing WindowlessContext
I0918 22:38:06.300549 1593317 ManagedContainerBase.cpp:19] ManagedContainerBase::convertFilenameToJSON : Filename : default changed to proposed JSON configuration filename : default.scene_dataset_config.json
I0918 22:38:06.300565 1593317 AttributesManagerBase.h:283] AttributesManager<T>::createFromJsonOrDefaultInternal  (Dataset) : Proposing JSON name : default.scene_dataset_config.json from original name : default | This file  does not exist.
I0918 22:38:06.300904 1593317 AssetAttributesManager.cpp:117] Asset attributes (capsule3DSolid : capsule3DSolid_hemiRings_4_cylRings_1_segments_12_halfLen_0.75_useTexCoords_false_useTangents_false) created and registered.
I0918 22:38:06.300931 1593317 AssetAttributesManager.cpp:117] Asset attributes (capsule3DWireframe : capsule3DWireframe_hemiRings_8_cylRings_1_segments_16_halfLen_1) created and registered.
I0918 22:38:06.300954 1593317 AssetAttributesManager.cpp:117] Asset attributes (coneSolid : coneSolid_segments_12_halfLen_1.25_rings_1_useTexCoords_false_useTangents_false_capEnd_true) created and registered.
I0918 22:38:06.300969 1593317 AssetAttributesManager.cpp:117] Asset attributes (coneWireframe : coneWireframe_segments_32_halfLen_1.25) created and registered.
I0918 22:38:06.300977 1593317 AssetAttributesManager.cpp:117] Asset attributes (cubeSolid : cubeSolid) created and registered.
I0918 22:38:06.300984 1593317 AssetAttributesManager.cpp:117] Asset attributes (cubeWireframe : cubeWireframe) created and registered.
I0918 22:38:06.301004 1593317 AssetAttributesManager.cpp:117] Asset attributes (cylinderSolid : cylinderSolid_rings_1_segments_12_halfLen_1_useTexCoords_false_useTangents_false_capEnds_true) created and registered.
I0918 22:38:06.301021 1593317 AssetAttributesManager.cpp:117] Asset attributes (cylinderWireframe : cylinderWireframe_rings_1_segments_32_halfLen_1) created and registered.
I0918 22:38:06.301033 1593317 AssetAttributesManager.cpp:117] Asset attributes (icosphereSolid : icosphereSolid_subdivs_1) created and registered.
I0918 22:38:06.301041 1593317 AssetAttributesManager.cpp:117] Asset attributes (icosphereWireframe : icosphereWireframe_subdivs_1) created and registered.
I0918 22:38:06.301054 1593317 AssetAttributesManager.cpp:117] Asset attributes (uvSphereSolid : uvSphereSolid_rings_8_segments_16_useTexCoords_false_useTangents_false) created and registered.
I0918 22:38:06.301067 1593317 AssetAttributesManager.cpp:117] Asset attributes (uvSphereWireframe : uvSphereWireframe_rings_16_segments_32) created and registered.
I0918 22:38:06.301074 1593317 AssetAttributesManager.cpp:105] AssetAttributesManager::buildCtorFuncPtrMaps : Built default primitive asset templates : 12
I0918 22:38:06.301471 1593317 SceneDatasetAttributesManager.cpp:23] File (default) not found, so new default dataset attributes created and registered.
I0918 22:38:06.301473 1593317 MetadataMediator.cpp:47] MetadataMediator::createDataset : Dataset default successfully created.
I0918 22:38:06.301658 1593317 AttributesManagerBase.h:283] AttributesManager<T>::createFromJsonOrDefaultInternal  (Physics Manager) : Proposing JSON name : ./data/default.physics_config.json from original name : ./data/default.physics_config.json | This file  does not exist.
I0918 22:38:06.301671 1593317 PhysicsAttributesManager.cpp:27] File (./data/default.physics_config.json) not found, so new default physics manager attributes created and registered.
I0918 22:38:06.301673 1593317 AbstractObjectAttributesManagerBase.h:175] AbstractObjectAttributesManager<T>::createObject  (Stage) : Making attributes with handle : /mnt/data_nas/deeprobotics/daiyang/vla/third_party/ETP-R1/data/scene_datasets/mp3d/B6ByNegPMKs/B6ByNegPMKs.glb
I0918 22:38:06.301678 1593317 ManagedContainerBase.cpp:19] ManagedContainerBase::convertFilenameToJSON : Filename : /mnt/data_nas/deeprobotics/daiyang/vla/third_party/ETP-R1/data/scene_datasets/mp3d/B6ByNegPMKs/B6ByNegPMKs.glb changed to proposed JSON configuration filename : /mnt/data_nas/deeprobotics/daiyang/vla/third_party/ETP-R1/data/scene_datasets/mp3d/B6ByNegPMKs/B6ByNegPMKs.stage_config.json
I0918 22:38:06.302564 1593317 AttributesManagerBase.h:283] AttributesManager<T>::createFromJsonOrDefaultInternal  (Stage) : Proposing JSON name : /mnt/data_nas/deeprobotics/daiyang/vla/third_party/ETP-R1/data/scene_datasets/mp3d/B6ByNegPMKs/B6ByNegPMKs.stage_config.json from original name : /mnt/data_nas/deeprobotics/daiyang/vla/third_party/ETP-R1/data/scene_datasets/mp3d/B6ByNegPMKs/B6ByNegPMKs.glb | This file  does not exist.
I0918 22:38:06.302615 1593317 AbstractObjectAttributesManagerBase.h:181] AbstractObjectAttributesManager<T>::createObject  (Stage) : Done making attributes with handle : /mnt/data_nas/deeprobotics/daiyang/vla/third_party/ETP-R1/data/scene_datasets/mp3d/B6ByNegPMKs/B6ByNegPMKs.glb
I0918 22:38:06.302616 1593317 AbstractObjectAttributesManagerBase.h:188] File (/mnt/data_nas/deeprobotics/daiyang/vla/third_party/ETP-R1/data/scene_datasets/mp3d/B6ByNegPMKs/B6ByNegPMKs.glb) exists but is not a recognized config filename extension, so new default Stage attributes created and registered.
I0918 22:38:06.302621 1593317 Simulator.cpp:156] Loading navmesh from /mnt/data_nas/deeprobotics/daiyang/vla/third_party/ETP-R1/data/scene_datasets/mp3d/B6ByNegPMKs/B6ByNegPMKs.navmesh
I0918 22:38:06.303983 1593317 Simulator.cpp:158] Loaded.
I0918 22:38:06.303992 1593317 SceneGraph.h:93] Created DrawableGroup: 
Renderer: NVIDIA GeForce RTX 5090/PCIe/SSE2 by NVIDIA Corporation
OpenGL version: 4.6.0 NVIDIA 580.126.09
Using optional features:
    GL_ARB_ES2_compatibility
    GL_ARB_direct_state_access
    GL_ARB_get_texture_sub_image
    GL_ARB_invalidate_subdata
    GL_ARB_multi_bind
    GL_ARB_robustness
    GL_ARB_separate_shader_objects
    GL_ARB_texture_filter_anisotropic
    GL_ARB_texture_storage
    GL_ARB_texture_storage_multisample
    GL_ARB_vertex_array_object
    GL_KHR_debug
Using driver workarounds:
    no-forward-compatible-core-context
    nv-egl-incorrect-gl11-function-pointers
    no-layout-qualifiers-on-old-glsl
    nv-zero-context-profile-mask
    nv-implementation-color-read-format-dsa-broken
    nv-cubemap-inconsistent-compressed-image-size
    nv-cubemap-broken-full-compressed-image-query
    nv-compressed-block-size-in-bits
I0918 22:38:06.307660 1593317 ResourceManager.cpp:234] ResourceManager::loadStage : Not loading semantic mesh
I0918 22:38:06.307669 1593317 ResourceManager.cpp:262] ResourceManager::loadStage : start load render asset /mnt/data_nas/deeprobotics/daiyang/vla/third_party/ETP-R1/data/scene_datasets/mp3d/B6ByNegPMKs/B6ByNegPMKs.glb.
I0918 22:38:06.307672 1593317 ResourceManager.cpp:569] ResourceManager::loadStageInternal : Attempting to load stage /mnt/data_nas/deeprobotics/daiyang/vla/third_party/ETP-R1/data/scene_datasets/mp3d/B6ByNegPMKs/B6ByNegPMKs.glb 
I0918 22:38:06.307686 1593317 ResourceManager.cpp:1119] Importing Basis files as BC7 for B6ByNegPMKs.glb
W0918 22:38:16.253432 1593317 Simulator.cpp:248] :
---
 The active scene does not contain semantic annotations. 
---
I0918 22:38:16.464742 1593317 simulator.py:213] Loaded navmesh /mnt/data_nas/deeprobotics/daiyang/vla/third_party/ETP-R1/data/scene_datasets/mp3d/B6ByNegPMKs/B6ByNegPMKs.navmesh
I0918 22:39:44.002735 1593317 PhysicsManager.cpp:33] Deconstructing PhysicsManager
I0918 22:39:44.002781 1593317 SemanticScene.h:41] Deconstructing SemanticScene
I0918 22:39:44.026648 1593317 SceneManager.h:25] Deconstructing SceneManager
I0918 22:39:44.026674 1593317 SceneGraph.h:26] Deconstructing SceneGraph
I0918 22:39:44.027311 1593317 Sensor.h:87] Deconstructing Sensor
I0918 22:39:44.049969 1593317 Renderer.cpp:34] Deconstructing Renderer
I0918 22:39:44.050019 1593317 WindowlessContext.h:17] Deconstructing WindowlessContext
I0918 22:39:44.067675 1593317 ManagedContainerBase.cpp:19] ManagedContainerBase::convertFilenameToJSON : Filename : default changed to proposed JSON configuration filename : default.scene_dataset_config.json
I0918 22:39:44.067708 1593317 AttributesManagerBase.h:283] AttributesManager<T>::createFromJsonOrDefaultInternal  (Dataset) : Proposing JSON name : default.scene_dataset_config.json from original name : default | This file  does not exist.
I0918 22:39:44.067905 1593317 AssetAttributesManager.cpp:117] Asset attributes (capsule3DSolid : capsule3DSolid_hemiRings_4_cylRings_1_segments_12_halfLen_0.75_useTexCoords_false_useTangents_false) created and registered.
I0918 22:39:44.067934 1593317 AssetAttributesManager.cpp:117] Asset attributes (capsule3DWireframe : capsule3DWireframe_hemiRings_8_cylRings_1_segments_16_halfLen_1) created and registered.
I0918 22:39:44.067957 1593317 AssetAttributesManager.cpp:117] Asset attributes (coneSolid : coneSolid_segments_12_halfLen_1.25_rings_1_useTexCoords_false_useTangents_false_capEnd_true) created and registered.
I0918 22:39:44.067972 1593317 AssetAttributesManager.cpp:117] Asset attributes (coneWireframe : coneWireframe_segments_32_halfLen_1.25) created and registered.
I0918 22:39:44.067982 1593317 AssetAttributesManager.cpp:117] Asset attributes (cubeSolid : cubeSolid) created and registered.
I0918 22:39:44.067988 1593317 AssetAttributesManager.cpp:117] Asset attributes (cubeWireframe : cubeWireframe) created and registered.
I0918 22:39:44.068009 1593317 AssetAttributesManager.cpp:117] Asset attributes (cylinderSolid : cylinderSolid_rings_1_segments_12_halfLen_1_useTexCoords_false_useTangents_false_capEnds_true) created and registered.
I0918 22:39:44.068027 1593317 AssetAttributesManager.cpp:117] Asset attributes (cylinderWireframe : cylinderWireframe_rings_1_segments_32_halfLen_1) created and registered.
I0918 22:39:44.068037 1593317 AssetAttributesManager.cpp:117] Asset attributes (icosphereSolid : icosphereSolid_subdivs_1) created and registered.
I0918 22:39:44.068048 1593317 AssetAttributesManager.cpp:117] Asset attributes (icosphereWireframe : icosphereWireframe_subdivs_1) created and registered.
I0918 22:39:44.068063 1593317 AssetAttributesManager.cpp:117] Asset attributes (uvSphereSolid : uvSphereSolid_rings_8_segments_16_useTexCoords_false_useTangents_false) created and registered.
I0918 22:39:44.068076 1593317 AssetAttributesManager.cpp:117] Asset attributes (uvSphereWireframe : uvSphereWireframe_rings_16_segments_32) created and registered.
I0918 22:39:44.068084 1593317 AssetAttributesManager.cpp:105] AssetAttributesManager::buildCtorFuncPtrMaps : Built default primitive asset templates : 12
I0918 22:39:44.068516 1593317 SceneDatasetAttributesManager.cpp:23] File (default) not found, so new default dataset attributes created and registered.
I0918 22:39:44.068517 1593317 MetadataMediator.cpp:47] MetadataMediator::createDataset : Dataset default successfully created.
I0918 22:39:44.068719 1593317 AttributesManagerBase.h:283] AttributesManager<T>::createFromJsonOrDefaultInternal  (Physics Manager) : Proposing JSON name : ./data/default.physics_config.json from original name : ./data/default.physics_config.json | This file  does not exist.
I0918 22:39:44.068733 1593317 PhysicsAttributesManager.cpp:27] File (./data/default.physics_config.json) not found, so new default physics manager attributes created and registered.
I0918 22:39:44.068737 1593317 AbstractObjectAttributesManagerBase.h:175] AbstractObjectAttributesManager<T>::createObject  (Stage) : Making attributes with handle : /mnt/data_nas/deeprobotics/daiyang/vla/third_party/ETP-R1/data/scene_datasets/mp3d/PuKPg4mmafe/PuKPg4mmafe.glb
I0918 22:39:44.068740 1593317 ManagedContainerBase.cpp:19] ManagedContainerBase::convertFilenameToJSON : Filename : /mnt/data_nas/deeprobotics/daiyang/vla/third_party/ETP-R1/data/scene_datasets/mp3d/PuKPg4mmafe/PuKPg4mmafe.glb changed to proposed JSON configuration filename : /mnt/data_nas/deeprobotics/daiyang/vla/third_party/ETP-R1/data/scene_datasets/mp3d/PuKPg4mmafe/PuKPg4mmafe.stage_config.json
I0918 22:39:44.068753 1593317 AttributesManagerBase.h:283] AttributesManager<T>::createFromJsonOrDefaultInternal  (Stage) : Proposing JSON name : /mnt/data_nas/deeprobotics/daiyang/vla/third_party/ETP-R1/data/scene_datasets/mp3d/PuKPg4mmafe/PuKPg4mmafe.stage_config.json from original name : /mnt/data_nas/deeprobotics/daiyang/vla/third_party/ETP-R1/data/scene_datasets/mp3d/PuKPg4mmafe/PuKPg4mmafe.glb | This file  does not exist.
I0918 22:39:44.068805 1593317 AbstractObjectAttributesManagerBase.h:181] AbstractObjectAttributesManager<T>::createObject  (Stage) : Done making attributes with handle : /mnt/data_nas/deeprobotics/daiyang/vla/third_party/ETP-R1/data/scene_datasets/mp3d/PuKPg4mmafe/PuKPg4mmafe.glb
I0918 22:39:44.068807 1593317 AbstractObjectAttributesManagerBase.h:188] File (/mnt/data_nas/deeprobotics/daiyang/vla/third_party/ETP-R1/data/scene_datasets/mp3d/PuKPg4mmafe/PuKPg4mmafe.glb) exists but is not a recognized config filename extension, so new default Stage attributes created and registered.
I0918 22:39:44.068812 1593317 Simulator.cpp:156] Loading navmesh from /mnt/data_nas/deeprobotics/daiyang/vla/third_party/ETP-R1/data/scene_datasets/mp3d/PuKPg4mmafe/PuKPg4mmafe.navmesh
I0918 22:39:44.070163 1593317 Simulator.cpp:158] Loaded.
I0918 22:39:44.070173 1593317 SceneGraph.h:93] Created DrawableGroup: 
Renderer: NVIDIA GeForce RTX 5090/PCIe/SSE2 by NVIDIA Corporation
OpenGL version: 4.6.0 NVIDIA 580.126.09
Using optional features:
    GL_ARB_ES2_compatibility
    GL_ARB_direct_state_access
    GL_ARB_get_texture_sub_image
    GL_ARB_invalidate_subdata
    GL_ARB_multi_bind
    GL_ARB_robustness
    GL_ARB_separate_shader_objects
    GL_ARB_texture_filter_anisotropic
    GL_ARB_texture_storage
    GL_ARB_texture_storage_multisample
    GL_ARB_vertex_array_object
    GL_KHR_debug
Using driver workarounds:
    no-forward-compatible-core-context
    nv-egl-incorrect-gl11-function-pointers
    no-layout-qualifiers-on-old-glsl
    nv-zero-context-profile-mask
    nv-implementation-color-read-format-dsa-broken
    nv-cubemap-inconsistent-compressed-image-size
    nv-cubemap-broken-full-compressed-image-query
    nv-compressed-block-size-in-bits
I0918 22:39:44.073875 1593317 ResourceManager.cpp:234] ResourceManager::loadStage : Not loading semantic mesh
I0918 22:39:44.073884 1593317 ResourceManager.cpp:262] ResourceManager::loadStage : start load render asset /mnt/data_nas/deeprobotics/daiyang/vla/third_party/ETP-R1/data/scene_datasets/mp3d/PuKPg4mmafe/PuKPg4mmafe.glb.
I0918 22:39:44.073885 1593317 ResourceManager.cpp:569] ResourceManager::loadStageInternal : Attempting to load stage /mnt/data_nas/deeprobotics/daiyang/vla/third_party/ETP-R1/data/scene_datasets/mp3d/PuKPg4mmafe/PuKPg4mmafe.glb 
I0918 22:39:44.073902 1593317 ResourceManager.cpp:1119] Importing Basis files as BC7 for PuKPg4mmafe.glb
W0918 22:39:48.802752 1593317 Simulator.cpp:248] :
---
 The active scene does not contain semantic annotations. 
---
I0918 22:39:48.823488 1593317 simulator.py:213] Loaded navmesh /mnt/data_nas/deeprobotics/daiyang/vla/third_party/ETP-R1/data/scene_datasets/mp3d/PuKPg4mmafe/PuKPg4mmafe.navmesh
I0918 22:39:49.212252 1593317 Simulator.cpp:49] Deconstructing Simulator
I0918 22:39:49.212426 1593317 Simulator.cpp:49] Deconstructing Simulator
I0918 22:39:49.212607 1593317 Simulator.cpp:49] Deconstructing Simulator
I0918 22:39:49.212778 1593317 Simulator.cpp:49] Deconstructing Simulator
I0918 22:39:49.212972 1593317 Simulator.cpp:49] Deconstructing Simulator
I0918 22:39:49.213086 1593317 Simulator.cpp:49] Deconstructing Simulator
I0918 22:39:49.213204 1593317 Simulator.cpp:49] Deconstructing Simulator
I0918 22:39:49.213308 1593317 Simulator.cpp:49] Deconstructing Simulator
I0918 22:39:49.213500 1593317 Simulator.cpp:49] Deconstructing Simulator
I0918 22:39:49.213647 1593317 Simulator.cpp:49] Deconstructing Simulator
I0918 22:39:49.213742 1593317 Simulator.cpp:49] Deconstructing Simulator
I0918 22:39:49.213846 1593317 Simulator.cpp:49] Deconstructing Simulator
I0918 22:39:49.213958 1593317 Simulator.cpp:49] Deconstructing Simulator
I0918 22:39:49.214048 1593317 Simulator.cpp:49] Deconstructing Simulator
I0918 22:39:49.214280 1593317 Simulator.cpp:49] Deconstructing Simulator
I0918 22:39:49.214413 1593317 Simulator.cpp:49] Deconstructing Simulator
I0918 22:39:49.214498 1593317 Simulator.cpp:49] Deconstructing Simulator
I0918 22:39:49.214586 1593317 Simulator.cpp:49] Deconstructing Simulator
I0918 22:39:49.214730 1593317 Simulator.cpp:49] Deconstructing Simulator
I0918 22:39:49.214861 1593317 Simulator.cpp:49] Deconstructing Simulator
I0918 22:39:49.214967 1593317 Simulator.cpp:49] Deconstructing Simulator
I0918 22:39:49.215059 1593317 Simulator.cpp:49] Deconstructing Simulator
I0918 22:39:49.215163 1593317 Simulator.cpp:49] Deconstructing Simulator
I0918 22:39:49.215252 1593317 Simulator.cpp:49] Deconstructing Simulator
I0918 22:39:49.215445 1593317 Simulator.cpp:49] Deconstructing Simulator
I0918 22:39:49.215540 1593317 Simulator.cpp:49] Deconstructing Simulator
I0918 22:39:49.215638 1593317 Simulator.cpp:49] Deconstructing Simulator
I0918 22:39:49.215734 1593317 Simulator.cpp:49] Deconstructing Simulator
I0918 22:39:49.215888 1593317 Simulator.cpp:49] Deconstructing Simulator
I0918 22:39:49.215965 1593317 Simulator.cpp:49] Deconstructing Simulator
I0918 22:39:49.216096 1593317 Simulator.cpp:49] Deconstructing Simulator
I0918 22:39:49.216182 1593317 Simulator.cpp:49] Deconstructing Simulator
I0918 22:39:49.216297 1593317 Simulator.cpp:49] Deconstructing Simulator
I0918 22:39:49.216431 1593317 Simulator.cpp:49] Deconstructing Simulator
I0918 22:39:49.216532 1593317 Simulator.cpp:49] Deconstructing Simulator
I0918 22:39:49.216609 1593317 Simulator.cpp:49] Deconstructing Simulator
I0918 22:39:49.216770 1593317 Simulator.cpp:49] Deconstructing Simulator
I0918 22:39:49.216830 1593317 Simulator.cpp:49] Deconstructing Simulator
I0918 22:39:49.216912 1593317 Simulator.cpp:49] Deconstructing Simulator
I0918 22:39:49.217041 1593317 Simulator.cpp:49] Deconstructing Simulator
I0918 22:39:49.217154 1593317 Simulator.cpp:49] Deconstructing Simulator
I0918 22:39:49.217244 1593317 Simulator.cpp:49] Deconstructing Simulator
I0918 22:42:59.103165 1593317 PhysicsManager.cpp:33] Deconstructing PhysicsManager
I0918 22:42:59.103216 1593317 SemanticScene.h:41] Deconstructing SemanticScene
I0918 22:42:59.104390 1593317 SceneManager.h:25] Deconstructing SceneManager
I0918 22:42:59.104396 1593317 SceneGraph.h:26] Deconstructing SceneGraph
I0918 22:42:59.104753 1593317 Sensor.h:87] Deconstructing Sensor
I0918 22:42:59.111335 1593317 Renderer.cpp:34] Deconstructing Renderer
I0918 22:42:59.111361 1593317 WindowlessContext.h:17] Deconstructing WindowlessContext
I0918 22:42:59.122671 1593317 ManagedContainerBase.cpp:19] ManagedContainerBase::convertFilenameToJSON : Filename : default changed to proposed JSON configuration filename : default.scene_dataset_config.json
I0918 22:42:59.122691 1593317 AttributesManagerBase.h:283] AttributesManager<T>::createFromJsonOrDefaultInternal  (Dataset) : Proposing JSON name : default.scene_dataset_config.json from original name : default | This file  does not exist.
I0918 22:42:59.122782 1593317 AssetAttributesManager.cpp:117] Asset attributes (capsule3DSolid : capsule3DSolid_hemiRings_4_cylRings_1_segments_12_halfLen_0.75_useTexCoords_false_useTangents_false) created and registered.
I0918 22:42:59.122820 1593317 AssetAttributesManager.cpp:117] Asset attributes (capsule3DWireframe : capsule3DWireframe_hemiRings_8_cylRings_1_segments_16_halfLen_1) created and registered.
I0918 22:42:59.122845 1593317 AssetAttributesManager.cpp:117] Asset attributes (coneSolid : coneSolid_segments_12_halfLen_1.25_rings_1_useTexCoords_false_useTangents_false_capEnd_true) created and registered.
I0918 22:42:59.122864 1593317 AssetAttributesManager.cpp:117] Asset attributes (coneWireframe : coneWireframe_segments_32_halfLen_1.25) created and registered.
I0918 22:42:59.122880 1593317 AssetAttributesManager.cpp:117] Asset attributes (cubeSolid : cubeSolid) created and registered.
I0918 22:42:59.122888 1593317 AssetAttributesManager.cpp:117] Asset attributes (cubeWireframe : cubeWireframe) created and registered.
I0918 22:42:59.122908 1593317 AssetAttributesManager.cpp:117] Asset attributes (cylinderSolid : cylinderSolid_rings_1_segments_12_halfLen_1_useTexCoords_false_useTangents_false_capEnds_true) created and registered.
I0918 22:42:59.122934 1593317 AssetAttributesManager.cpp:117] Asset attributes (cylinderWireframe : cylinderWireframe_rings_1_segments_32_halfLen_1) created and registered.
I0918 22:42:59.122946 1593317 AssetAttributesManager.cpp:117] Asset attributes (icosphereSolid : icosphereSolid_subdivs_1) created and registered.
I0918 22:42:59.122964 1593317 AssetAttributesManager.cpp:117] Asset attributes (icosphereWireframe : icosphereWireframe_subdivs_1) created and registered.
I0918 22:42:59.122995 1593317 AssetAttributesManager.cpp:117] Asset attributes (uvSphereSolid : uvSphereSolid_rings_8_segments_16_useTexCoords_false_useTangents_false) created and registered.
I0918 22:42:59.123008 1593317 AssetAttributesManager.cpp:117] Asset attributes (uvSphereWireframe : uvSphereWireframe_rings_16_segments_32) created and registered.
I0918 22:42:59.123023 1593317 AssetAttributesManager.cpp:105] AssetAttributesManager::buildCtorFuncPtrMaps : Built default primitive asset templates : 12
I0918 22:42:59.123713 1593317 SceneDatasetAttributesManager.cpp:23] File (default) not found, so new default dataset attributes created and registered.
I0918 22:42:59.123716 1593317 MetadataMediator.cpp:47] MetadataMediator::createDataset : Dataset default successfully created.
I0918 22:42:59.123956 1593317 AttributesManagerBase.h:283] AttributesManager<T>::createFromJsonOrDefaultInternal  (Physics Manager) : Proposing JSON name : ./data/default.physics_config.json from original name : ./data/default.physics_config.json | This file  does not exist.
I0918 22:42:59.123967 1593317 PhysicsAttributesManager.cpp:27] File (./data/default.physics_config.json) not found, so new default physics manager attributes created and registered.
I0918 22:42:59.123970 1593317 AbstractObjectAttributesManagerBase.h:175] AbstractObjectAttributesManager<T>::createObject  (Stage) : Making attributes with handle : /mnt/data_nas/deeprobotics/daiyang/vla/third_party/ETP-R1/data/scene_datasets/mp3d/aayBHfsNo7d/aayBHfsNo7d.glb
I0918 22:42:59.123975 1593317 ManagedContainerBase.cpp:19] ManagedContainerBase::convertFilenameToJSON : Filename : /mnt/data_nas/deeprobotics/daiyang/vla/third_party/ETP-R1/data/scene_datasets/mp3d/aayBHfsNo7d/aayBHfsNo7d.glb changed to proposed JSON configuration filename : /mnt/data_nas/deeprobotics/daiyang/vla/third_party/ETP-R1/data/scene_datasets/mp3d/aayBHfsNo7d/aayBHfsNo7d.stage_config.json
I0918 22:42:59.123987 1593317 AttributesManagerBase.h:283] AttributesManager<T>::createFromJsonOrDefaultInternal  (Stage) : Proposing JSON name : /mnt/data_nas/deeprobotics/daiyang/vla/third_party/ETP-R1/data/scene_datasets/mp3d/aayBHfsNo7d/aayBHfsNo7d.stage_config.json from original name : /mnt/data_nas/deeprobotics/daiyang/vla/third_party/ETP-R1/data/scene_datasets/mp3d/aayBHfsNo7d/aayBHfsNo7d.glb | This file  does not exist.
I0918 22:42:59.124045 1593317 AbstractObjectAttributesManagerBase.h:181] AbstractObjectAttributesManager<T>::createObject  (Stage) : Done making attributes with handle : /mnt/data_nas/deeprobotics/daiyang/vla/third_party/ETP-R1/data/scene_datasets/mp3d/aayBHfsNo7d/aayBHfsNo7d.glb
I0918 22:42:59.124047 1593317 AbstractObjectAttributesManagerBase.h:188] File (/mnt/data_nas/deeprobotics/daiyang/vla/third_party/ETP-R1/data/scene_datasets/mp3d/aayBHfsNo7d/aayBHfsNo7d.glb) exists but is not a recognized config filename extension, so new default Stage attributes created and registered.
I0918 22:42:59.124053 1593317 Simulator.cpp:156] Loading navmesh from /mnt/data_nas/deeprobotics/daiyang/vla/third_party/ETP-R1/data/scene_datasets/mp3d/aayBHfsNo7d/aayBHfsNo7d.navmesh
I0918 22:42:59.127630 1593317 Simulator.cpp:158] Loaded.
I0918 22:42:59.127640 1593317 SceneGraph.h:93] Created DrawableGroup: 
Renderer: NVIDIA GeForce RTX 5090/PCIe/SSE2 by NVIDIA Corporation
OpenGL version: 4.6.0 NVIDIA 580.126.09
Using optional features:
    GL_ARB_ES2_compatibility
    GL_ARB_direct_state_access
    GL_ARB_get_texture_sub_image
    GL_ARB_invalidate_subdata
    GL_ARB_multi_bind
    GL_ARB_robustness
    GL_ARB_separate_shader_objects
    GL_ARB_texture_filter_anisotropic
    GL_ARB_texture_storage
    GL_ARB_texture_storage_multisample
    GL_ARB_vertex_array_object
    GL_KHR_debug
Using driver workarounds:
    no-forward-compatible-core-context
    nv-egl-incorrect-gl11-function-pointers
    no-layout-qualifiers-on-old-glsl
    nv-zero-context-profile-mask
    nv-implementation-color-read-format-dsa-broken
    nv-cubemap-inconsistent-compressed-image-size
    nv-cubemap-broken-full-compressed-image-query
    nv-compressed-block-size-in-bits
I0918 22:42:59.131523 1593317 ResourceManager.cpp:234] ResourceManager::loadStage : Not loading semantic mesh
I0918 22:42:59.131532 1593317 ResourceManager.cpp:262] ResourceManager::loadStage : start load render asset /mnt/data_nas/deeprobotics/daiyang/vla/third_party/ETP-R1/data/scene_datasets/mp3d/aayBHfsNo7d/aayBHfsNo7d.glb.
I0918 22:42:59.131536 1593317 ResourceManager.cpp:569] ResourceManager::loadStageInternal : Attempting to load stage /mnt/data_nas/deeprobotics/daiyang/vla/third_party/ETP-R1/data/scene_datasets/mp3d/aayBHfsNo7d/aayBHfsNo7d.glb 
I0918 22:42:59.131551 1593317 ResourceManager.cpp:1119] Importing Basis files as BC7 for aayBHfsNo7d.glb
W0918 22:43:00.773334 1593317 Simulator.cpp:248] :
---
 The active scene does not contain semantic annotations. 
---
I0918 22:43:00.815374 1593317 simulator.py:213] Loaded navmesh /mnt/data_nas/deeprobotics/daiyang/vla/third_party/ETP-R1/data/scene_datasets/mp3d/aayBHfsNo7d/aayBHfsNo7d.navmesh
I0918 22:43:15.815454 1593317 PhysicsManager.cpp:33] Deconstructing PhysicsManager
I0918 22:43:15.815487 1593317 SemanticScene.h:41] Deconstructing SemanticScene
I0918 22:43:15.818468 1593317 SceneManager.h:25] Deconstructing SceneManager
I0918 22:43:15.818478 1593317 SceneGraph.h:26] Deconstructing SceneGraph
I0918 22:43:15.819049 1593317 Sensor.h:87] Deconstructing Sensor
I0918 22:43:15.821072 1593317 Renderer.cpp:34] Deconstructing Renderer
I0918 22:43:15.821091 1593317 WindowlessContext.h:17] Deconstructing WindowlessContext
I0918 22:43:15.826817 1593317 ManagedContainerBase.cpp:19] ManagedContainerBase::convertFilenameToJSON : Filename : default changed to proposed JSON configuration filename : default.scene_dataset_config.json
I0918 22:43:15.826831 1593317 AttributesManagerBase.h:283] AttributesManager<T>::createFromJsonOrDefaultInternal  (Dataset) : Proposing JSON name : default.scene_dataset_config.json from original name : default | This file  does not exist.
I0918 22:43:15.827467 1593317 AssetAttributesManager.cpp:117] Asset attributes (capsule3DSolid : capsule3DSolid_hemiRings_4_cylRings_1_segments_12_halfLen_0.75_useTexCoords_false_useTangents_false) created and registered.
I0918 22:43:15.827497 1593317 AssetAttributesManager.cpp:117] Asset attributes (capsule3DWireframe : capsule3DWireframe_hemiRings_8_cylRings_1_segments_16_halfLen_1) created and registered.
I0918 22:43:15.827519 1593317 AssetAttributesManager.cpp:117] Asset attributes (coneSolid : coneSolid_segments_12_halfLen_1.25_rings_1_useTexCoords_false_useTangents_false_capEnd_true) created and registered.
I0918 22:43:15.827535 1593317 AssetAttributesManager.cpp:117] Asset attributes (coneWireframe : coneWireframe_segments_32_halfLen_1.25) created and registered.
I0918 22:43:15.827544 1593317 AssetAttributesManager.cpp:117] Asset attributes (cubeSolid : cubeSolid) created and registered.
I0918 22:43:15.827550 1593317 AssetAttributesManager.cpp:117] Asset attributes (cubeWireframe : cubeWireframe) created and registered.
I0918 22:43:15.827570 1593317 AssetAttributesManager.cpp:117] Asset attributes (cylinderSolid : cylinderSolid_rings_1_segments_12_halfLen_1_useTexCoords_false_useTangents_false_capEnds_true) created and registered.
I0918 22:43:15.827589 1593317 AssetAttributesManager.cpp:117] Asset attributes (cylinderWireframe : cylinderWireframe_rings_1_segments_32_halfLen_1) created and registered.
I0918 22:43:15.827598 1593317 AssetAttributesManager.cpp:117] Asset attributes (icosphereSolid : icosphereSolid_subdivs_1) created and registered.
I0918 22:43:15.827613 1593317 AssetAttributesManager.cpp:117] Asset attributes (icosphereWireframe : icosphereWireframe_subdivs_1) created and registered.
I0918 22:43:15.827626 1593317 AssetAttributesManager.cpp:117] Asset attributes (uvSphereSolid : uvSphereSolid_rings_8_segments_16_useTexCoords_false_useTangents_false) created and registered.
I0918 22:43:15.827638 1593317 AssetAttributesManager.cpp:117] Asset attributes (uvSphereWireframe : uvSphereWireframe_rings_16_segments_32) created and registered.
I0918 22:43:15.827644 1593317 AssetAttributesManager.cpp:105] AssetAttributesManager::buildCtorFuncPtrMaps : Built default primitive asset templates : 12
I0918 22:43:15.828037 1593317 SceneDatasetAttributesManager.cpp:23] File (default) not found, so new default dataset attributes created and registered.
I0918 22:43:15.828039 1593317 MetadataMediator.cpp:47] MetadataMediator::createDataset : Dataset default successfully created.
I0918 22:43:15.828222 1593317 AttributesManagerBase.h:283] AttributesManager<T>::createFromJsonOrDefaultInternal  (Physics Manager) : Proposing JSON name : ./data/default.physics_config.json from original name : ./data/default.physics_config.json | This file  does not exist.
I0918 22:43:15.828231 1593317 PhysicsAttributesManager.cpp:27] File (./data/default.physics_config.json) not found, so new default physics manager attributes created and registered.
I0918 22:43:15.828235 1593317 AbstractObjectAttributesManagerBase.h:175] AbstractObjectAttributesManager<T>::createObject  (Stage) : Making attributes with handle : /mnt/data_nas/deeprobotics/daiyang/vla/third_party/ETP-R1/data/scene_datasets/mp3d/82sE5b5pLXE/82sE5b5pLXE.glb
I0918 22:43:15.828239 1593317 ManagedContainerBase.cpp:19] ManagedContainerBase::convertFilenameToJSON : Filename : /mnt/data_nas/deeprobotics/daiyang/vla/third_party/ETP-R1/data/scene_datasets/mp3d/82sE5b5pLXE/82sE5b5pLXE.glb changed to proposed JSON configuration filename : /mnt/data_nas/deeprobotics/daiyang/vla/third_party/ETP-R1/data/scene_datasets/mp3d/82sE5b5pLXE/82sE5b5pLXE.stage_config.json
I0918 22:43:15.828253 1593317 AttributesManagerBase.h:283] AttributesManager<T>::createFromJsonOrDefaultInternal  (Stage) : Proposing JSON name : /mnt/data_nas/deeprobotics/daiyang/vla/third_party/ETP-R1/data/scene_datasets/mp3d/82sE5b5pLXE/82sE5b5pLXE.stage_config.json from original name : /mnt/data_nas/deeprobotics/daiyang/vla/third_party/ETP-R1/data/scene_datasets/mp3d/82sE5b5pLXE/82sE5b5pLXE.glb | This file  does not exist.
I0918 22:43:15.828303 1593317 AbstractObjectAttributesManagerBase.h:181] AbstractObjectAttributesManager<T>::createObject  (Stage) : Done making attributes with handle : /mnt/data_nas/deeprobotics/daiyang/vla/third_party/ETP-R1/data/scene_datasets/mp3d/82sE5b5pLXE/82sE5b5pLXE.glb
I0918 22:43:15.828305 1593317 AbstractObjectAttributesManagerBase.h:188] File (/mnt/data_nas/deeprobotics/daiyang/vla/third_party/ETP-R1/data/scene_datasets/mp3d/82sE5b5pLXE/82sE5b5pLXE.glb) exists but is not a recognized config filename extension, so new default Stage attributes created and registered.
I0918 22:43:15.828310 1593317 Simulator.cpp:156] Loading navmesh from /mnt/data_nas/deeprobotics/daiyang/vla/third_party/ETP-R1/data/scene_datasets/mp3d/82sE5b5pLXE/82sE5b5pLXE.navmesh
I0918 22:43:15.829046 1593317 Simulator.cpp:158] Loaded.
I0918 22:43:15.829053 1593317 SceneGraph.h:93] Created DrawableGroup: 
Renderer: NVIDIA GeForce RTX 5090/PCIe/SSE2 by NVIDIA Corporation
OpenGL version: 4.6.0 NVIDIA 580.126.09
Using optional features:
    GL_ARB_ES2_compatibility
    GL_ARB_direct_state_access
    GL_ARB_get_texture_sub_image
    GL_ARB_invalidate_subdata
    GL_ARB_multi_bind
    GL_ARB_robustness
    GL_ARB_separate_shader_objects
    GL_ARB_texture_filter_anisotropic
    GL_ARB_texture_storage
    GL_ARB_texture_storage_multisample
    GL_ARB_vertex_array_object
    GL_KHR_debug
Using driver workarounds:
    no-forward-compatible-core-context
    nv-egl-incorrect-gl11-function-pointers
    no-layout-qualifiers-on-old-glsl
    nv-zero-context-profile-mask
    nv-implementation-color-read-format-dsa-broken
    nv-cubemap-inconsistent-compressed-image-size
    nv-cubemap-broken-full-compressed-image-query
    nv-compressed-block-size-in-bits
I0918 22:43:15.832681 1593317 ResourceManager.cpp:234] ResourceManager::loadStage : Not loading semantic mesh
I0918 22:43:15.832690 1593317 ResourceManager.cpp:262] ResourceManager::loadStage : start load render asset /mnt/data_nas/deeprobotics/daiyang/vla/third_party/ETP-R1/data/scene_datasets/mp3d/82sE5b5pLXE/82sE5b5pLXE.glb.
I0918 22:43:15.832692 1593317 ResourceManager.cpp:569] ResourceManager::loadStageInternal : Attempting to load stage /mnt/data_nas/deeprobotics/daiyang/vla/third_party/ETP-R1/data/scene_datasets/mp3d/82sE5b5pLXE/82sE5b5pLXE.glb 
I0918 22:43:15.832707 1593317 ResourceManager.cpp:1119] Importing Basis files as BC7 for 82sE5b5pLXE.glb
W0918 22:43:17.961905 1593317 Simulator.cpp:248] :
---
 The active scene does not contain semantic annotations. 
---
I0918 22:43:17.999086 1593317 simulator.py:213] Loaded navmesh /mnt/data_nas/deeprobotics/daiyang/vla/third_party/ETP-R1/data/scene_datasets/mp3d/82sE5b5pLXE/82sE5b5pLXE.navmesh
I0918 22:44:01.532344 1593317 PhysicsManager.cpp:33] Deconstructing PhysicsManager
I0918 22:44:01.532406 1593317 SemanticScene.h:41] Deconstructing SemanticScene
I0918 22:44:01.534868 1593317 SceneManager.h:25] Deconstructing SceneManager
I0918 22:44:01.534878 1593317 SceneGraph.h:26] Deconstructing SceneGraph
I0918 22:44:01.535277 1593317 Sensor.h:87] Deconstructing Sensor
I0918 22:44:01.539801 1593317 Renderer.cpp:34] Deconstructing Renderer
I0918 22:44:01.539841 1593317 WindowlessContext.h:17] Deconstructing WindowlessContext
I0918 22:44:01.546490 1593317 ManagedContainerBase.cpp:19] ManagedContainerBase::convertFilenameToJSON : Filename : default changed to proposed JSON configuration filename : default.scene_dataset_config.json
I0918 22:44:01.546511 1593317 AttributesManagerBase.h:283] AttributesManager<T>::createFromJsonOrDefaultInternal  (Dataset) : Proposing JSON name : default.scene_dataset_config.json from original name : default | This file  does not exist.
I0918 22:44:01.547341 1593317 AssetAttributesManager.cpp:117] Asset attributes (capsule3DSolid : capsule3DSolid_hemiRings_4_cylRings_1_segments_12_halfLen_0.75_useTexCoords_false_useTangents_false) created and registered.
I0918 22:44:01.547372 1593317 AssetAttributesManager.cpp:117] Asset attributes (capsule3DWireframe : capsule3DWireframe_hemiRings_8_cylRings_1_segments_16_halfLen_1) created and registered.
I0918 22:44:01.547396 1593317 AssetAttributesManager.cpp:117] Asset attributes (coneSolid : coneSolid_segments_12_halfLen_1.25_rings_1_useTexCoords_false_useTangents_false_capEnd_true) created and registered.
I0918 22:44:01.547411 1593317 AssetAttributesManager.cpp:117] Asset attributes (coneWireframe : coneWireframe_segments_32_halfLen_1.25) created and registered.
I0918 22:44:01.547421 1593317 AssetAttributesManager.cpp:117] Asset attributes (cubeSolid : cubeSolid) created and registered.
I0918 22:44:01.547427 1593317 AssetAttributesManager.cpp:117] Asset attributes (cubeWireframe : cubeWireframe) created and registered.
I0918 22:44:01.547447 1593317 AssetAttributesManager.cpp:117] Asset attributes (cylinderSolid : cylinderSolid_rings_1_segments_12_halfLen_1_useTexCoords_false_useTangents_false_capEnds_true) created and registered.
I0918 22:44:01.547464 1593317 AssetAttributesManager.cpp:117] Asset attributes (cylinderWireframe : cylinderWireframe_rings_1_segments_32_halfLen_1) created and registered.
I0918 22:44:01.547475 1593317 AssetAttributesManager.cpp:117] Asset attributes (icosphereSolid : icosphereSolid_subdivs_1) created and registered.
I0918 22:44:01.547483 1593317 AssetAttributesManager.cpp:117] Asset attributes (icosphereWireframe : icosphereWireframe_subdivs_1) created and registered.
I0918 22:44:01.547497 1593317 AssetAttributesManager.cpp:117] Asset attributes (uvSphereSolid : uvSphereSolid_rings_8_segments_16_useTexCoords_false_useTangents_false) created and registered.
I0918 22:44:01.547516 1593317 AssetAttributesManager.cpp:117] Asset attributes (uvSphereWireframe : uvSphereWireframe_rings_16_segments_32) created and registered.
I0918 22:44:01.547523 1593317 AssetAttributesManager.cpp:105] AssetAttributesManager::buildCtorFuncPtrMaps : Built default primitive asset templates : 12
I0918 22:44:01.547921 1593317 SceneDatasetAttributesManager.cpp:23] File (default) not found, so new default dataset attributes created and registered.
I0918 22:44:01.547923 1593317 MetadataMediator.cpp:47] MetadataMediator::createDataset : Dataset default successfully created.
I0918 22:44:01.548946 1593317 AttributesManagerBase.h:283] AttributesManager<T>::createFromJsonOrDefaultInternal  (Physics Manager) : Proposing JSON name : ./data/default.physics_config.json from original name : ./data/default.physics_config.json | This file  does not exist.
I0918 22:44:01.548959 1593317 PhysicsAttributesManager.cpp:27] File (./data/default.physics_config.json) not found, so new default physics manager attributes created and registered.
I0918 22:44:01.548964 1593317 AbstractObjectAttributesManagerBase.h:175] AbstractObjectAttributesManager<T>::createObject  (Stage) : Making attributes with handle : /mnt/data_nas/deeprobotics/daiyang/vla/third_party/ETP-R1/data/scene_datasets/mp3d/B6ByNegPMKs/B6ByNegPMKs.glb
I0918 22:44:01.548967 1593317 ManagedContainerBase.cpp:19] ManagedContainerBase::convertFilenameToJSON : Filename : /mnt/data_nas/deeprobotics/daiyang/vla/third_party/ETP-R1/data/scene_datasets/mp3d/B6ByNegPMKs/B6ByNegPMKs.glb changed to proposed JSON configuration filename : /mnt/data_nas/deeprobotics/daiyang/vla/third_party/ETP-R1/data/scene_datasets/mp3d/B6ByNegPMKs/B6ByNegPMKs.stage_config.json
I0918 22:44:01.551478 1593317 AttributesManagerBase.h:283] AttributesManager<T>::createFromJsonOrDefaultInternal  (Stage) : Proposing JSON name : /mnt/data_nas/deeprobotics/daiyang/vla/third_party/ETP-R1/data/scene_datasets/mp3d/B6ByNegPMKs/B6ByNegPMKs.stage_config.json from original name : /mnt/data_nas/deeprobotics/daiyang/vla/third_party/ETP-R1/data/scene_datasets/mp3d/B6ByNegPMKs/B6ByNegPMKs.glb | This file  does not exist.
I0918 22:44:01.551528 1593317 AbstractObjectAttributesManagerBase.h:181] AbstractObjectAttributesManager<T>::createObject  (Stage) : Done making attributes with handle : /mnt/data_nas/deeprobotics/daiyang/vla/third_party/ETP-R1/data/scene_datasets/mp3d/B6ByNegPMKs/B6ByNegPMKs.glb
I0918 22:44:01.551530 1593317 AbstractObjectAttributesManagerBase.h:188] File (/mnt/data_nas/deeprobotics/daiyang/vla/third_party/ETP-R1/data/scene_datasets/mp3d/B6ByNegPMKs/B6ByNegPMKs.glb) exists but is not a recognized config filename extension, so new default Stage attributes created and registered.
I0918 22:44:01.551535 1593317 Simulator.cpp:156] Loading navmesh from /mnt/data_nas/deeprobotics/daiyang/vla/third_party/ETP-R1/data/scene_datasets/mp3d/B6ByNegPMKs/B6ByNegPMKs.navmesh
I0918 22:44:01.553709 1593317 Simulator.cpp:158] Loaded.
I0918 22:44:01.553720 1593317 SceneGraph.h:93] Created DrawableGroup: 
Renderer: NVIDIA GeForce RTX 5090/PCIe/SSE2 by NVIDIA Corporation
OpenGL version: 4.6.0 NVIDIA 580.126.09
Using optional features:
    GL_ARB_ES2_compatibility
    GL_ARB_direct_state_access
    GL_ARB_get_texture_sub_image
    GL_ARB_invalidate_subdata
    GL_ARB_multi_bind
    GL_ARB_robustness
    GL_ARB_separate_shader_objects
    GL_ARB_texture_filter_anisotropic
    GL_ARB_texture_storage
    GL_ARB_texture_storage_multisample
    GL_ARB_vertex_array_object
    GL_KHR_debug
Using driver workarounds:
    no-forward-compatible-core-context
    nv-egl-incorrect-gl11-function-pointers
    no-layout-qualifiers-on-old-glsl
    nv-zero-context-profile-mask
    nv-implementation-color-read-format-dsa-broken
    nv-cubemap-inconsistent-compressed-image-size
    nv-cubemap-broken-full-compressed-image-query
    nv-compressed-block-size-in-bits
I0918 22:44:01.557583 1593317 ResourceManager.cpp:234] ResourceManager::loadStage : Not loading semantic mesh
I0918 22:44:01.557591 1593317 ResourceManager.cpp:262] ResourceManager::loadStage : start load render asset /mnt/data_nas/deeprobotics/daiyang/vla/third_party/ETP-R1/data/scene_datasets/mp3d/B6ByNegPMKs/B6ByNegPMKs.glb.
I0918 22:44:01.557598 1593317 ResourceManager.cpp:569] ResourceManager::loadStageInternal : Attempting to load stage /mnt/data_nas/deeprobotics/daiyang/vla/third_party/ETP-R1/data/scene_datasets/mp3d/B6ByNegPMKs/B6ByNegPMKs.glb 
I0918 22:44:01.557616 1593317 ResourceManager.cpp:1119] Importing Basis files as BC7 for B6ByNegPMKs.glb
W0918 22:44:11.420463 1593317 Simulator.cpp:248] :
---
 The active scene does not contain semantic annotations. 
---
I0918 22:44:11.628155 1593317 simulator.py:213] Loaded navmesh /mnt/data_nas/deeprobotics/daiyang/vla/third_party/ETP-R1/data/scene_datasets/mp3d/B6ByNegPMKs/B6ByNegPMKs.navmesh
I0918 22:45:28.508490 1593317 PhysicsManager.cpp:33] Deconstructing PhysicsManager
I0918 22:45:28.508538 1593317 SemanticScene.h:41] Deconstructing SemanticScene
I0918 22:45:28.526078 1593317 SceneManager.h:25] Deconstructing SceneManager
I0918 22:45:28.526093 1593317 SceneGraph.h:26] Deconstructing SceneGraph
I0918 22:45:28.526733 1593317 Sensor.h:87] Deconstructing Sensor
I0918 22:45:28.543783 1593317 Renderer.cpp:34] Deconstructing Renderer
I0918 22:45:28.543819 1593317 WindowlessContext.h:17] Deconstructing WindowlessContext
I0918 22:45:28.572355 1593317 ManagedContainerBase.cpp:19] ManagedContainerBase::convertFilenameToJSON : Filename : default changed to proposed JSON configuration filename : default.scene_dataset_config.json
I0918 22:45:28.572377 1593317 AttributesManagerBase.h:283] AttributesManager<T>::createFromJsonOrDefaultInternal  (Dataset) : Proposing JSON name : default.scene_dataset_config.json from original name : default | This file  does not exist.
I0918 22:45:28.572711 1593317 AssetAttributesManager.cpp:117] Asset attributes (capsule3DSolid : capsule3DSolid_hemiRings_4_cylRings_1_segments_12_halfLen_0.75_useTexCoords_false_useTangents_false) created and registered.
I0918 22:45:28.572742 1593317 AssetAttributesManager.cpp:117] Asset attributes (capsule3DWireframe : capsule3DWireframe_hemiRings_8_cylRings_1_segments_16_halfLen_1) created and registered.
I0918 22:45:28.572768 1593317 AssetAttributesManager.cpp:117] Asset attributes (coneSolid : coneSolid_segments_12_halfLen_1.25_rings_1_useTexCoords_false_useTangents_false_capEnd_true) created and registered.
I0918 22:45:28.572783 1593317 AssetAttributesManager.cpp:117] Asset attributes (coneWireframe : coneWireframe_segments_32_halfLen_1.25) created and registered.
I0918 22:45:28.572793 1593317 AssetAttributesManager.cpp:117] Asset attributes (cubeSolid : cubeSolid) created and registered.
I0918 22:45:28.572800 1593317 AssetAttributesManager.cpp:117] Asset attributes (cubeWireframe : cubeWireframe) created and registered.
I0918 22:45:28.572821 1593317 AssetAttributesManager.cpp:117] Asset attributes (cylinderSolid : cylinderSolid_rings_1_segments_12_halfLen_1_useTexCoords_false_useTangents_false_capEnds_true) created and registered.
I0918 22:45:28.572839 1593317 AssetAttributesManager.cpp:117] Asset attributes (cylinderWireframe : cylinderWireframe_rings_1_segments_32_halfLen_1) created and registered.
I0918 22:45:28.572850 1593317 AssetAttributesManager.cpp:117] Asset attributes (icosphereSolid : icosphereSolid_subdivs_1) created and registered.
I0918 22:45:28.572860 1593317 AssetAttributesManager.cpp:117] Asset attributes (icosphereWireframe : icosphereWireframe_subdivs_1) created and registered.
I0918 22:45:28.572876 1593317 AssetAttributesManager.cpp:117] Asset attributes (uvSphereSolid : uvSphereSolid_rings_8_segments_16_useTexCoords_false_useTangents_false) created and registered.
I0918 22:45:28.572889 1593317 AssetAttributesManager.cpp:117] Asset attributes (uvSphereWireframe : uvSphereWireframe_rings_16_segments_32) created and registered.
I0918 22:45:28.572896 1593317 AssetAttributesManager.cpp:105] AssetAttributesManager::buildCtorFuncPtrMaps : Built default primitive asset templates : 12
I0918 22:45:28.573313 1593317 SceneDatasetAttributesManager.cpp:23] File (default) not found, so new default dataset attributes created and registered.
I0918 22:45:28.573323 1593317 MetadataMediator.cpp:47] MetadataMediator::createDataset : Dataset default successfully created.
I0918 22:45:28.573534 1593317 AttributesManagerBase.h:283] AttributesManager<T>::createFromJsonOrDefaultInternal  (Physics Manager) : Proposing JSON name : ./data/default.physics_config.json from original name : ./data/default.physics_config.json | This file  does not exist.
I0918 22:45:28.573546 1593317 PhysicsAttributesManager.cpp:27] File (./data/default.physics_config.json) not found, so new default physics manager attributes created and registered.
I0918 22:45:28.573550 1593317 AbstractObjectAttributesManagerBase.h:175] AbstractObjectAttributesManager<T>::createObject  (Stage) : Making attributes with handle : /mnt/data_nas/deeprobotics/daiyang/vla/third_party/ETP-R1/data/scene_datasets/mp3d/PuKPg4mmafe/PuKPg4mmafe.glb
I0918 22:45:28.573554 1593317 ManagedContainerBase.cpp:19] ManagedContainerBase::convertFilenameToJSON : Filename : /mnt/data_nas/deeprobotics/daiyang/vla/third_party/ETP-R1/data/scene_datasets/mp3d/PuKPg4mmafe/PuKPg4mmafe.glb changed to proposed JSON configuration filename : /mnt/data_nas/deeprobotics/daiyang/vla/third_party/ETP-R1/data/scene_datasets/mp3d/PuKPg4mmafe/PuKPg4mmafe.stage_config.json
I0918 22:45:28.573566 1593317 AttributesManagerBase.h:283] AttributesManager<T>::createFromJsonOrDefaultInternal  (Stage) : Proposing JSON name : /mnt/data_nas/deeprobotics/daiyang/vla/third_party/ETP-R1/data/scene_datasets/mp3d/PuKPg4mmafe/PuKPg4mmafe.stage_config.json from original name : /mnt/data_nas/deeprobotics/daiyang/vla/third_party/ETP-R1/data/scene_datasets/mp3d/PuKPg4mmafe/PuKPg4mmafe.glb | This file  does not exist.
I0918 22:45:28.573616 1593317 AbstractObjectAttributesManagerBase.h:181] AbstractObjectAttributesManager<T>::createObject  (Stage) : Done making attributes with handle : /mnt/data_nas/deeprobotics/daiyang/vla/third_party/ETP-R1/data/scene_datasets/mp3d/PuKPg4mmafe/PuKPg4mmafe.glb
I0918 22:45:28.573617 1593317 AbstractObjectAttributesManagerBase.h:188] File (/mnt/data_nas/deeprobotics/daiyang/vla/third_party/ETP-R1/data/scene_datasets/mp3d/PuKPg4mmafe/PuKPg4mmafe.glb) exists but is not a recognized config filename extension, so new default Stage attributes created and registered.
I0918 22:45:28.573622 1593317 Simulator.cpp:156] Loading navmesh from /mnt/data_nas/deeprobotics/daiyang/vla/third_party/ETP-R1/data/scene_datasets/mp3d/PuKPg4mmafe/PuKPg4mmafe.navmesh
I0918 22:45:28.574621 1593317 Simulator.cpp:158] Loaded.
I0918 22:45:28.574630 1593317 SceneGraph.h:93] Created DrawableGroup: 
Renderer: NVIDIA GeForce RTX 5090/PCIe/SSE2 by NVIDIA Corporation
OpenGL version: 4.6.0 NVIDIA 580.126.09
Using optional features:
    GL_ARB_ES2_compatibility
    GL_ARB_direct_state_access
    GL_ARB_get_texture_sub_image
    GL_ARB_invalidate_subdata
    GL_ARB_multi_bind
    GL_ARB_robustness
    GL_ARB_separate_shader_objects
    GL_ARB_texture_filter_anisotropic
    GL_ARB_texture_storage
    GL_ARB_texture_storage_multisample
    GL_ARB_vertex_array_object
    GL_KHR_debug
Using driver workarounds:
    no-forward-compatible-core-context
    nv-egl-incorrect-gl11-function-pointers
    no-layout-qualifiers-on-old-glsl
    nv-zero-context-profile-mask
    nv-implementation-color-read-format-dsa-broken
    nv-cubemap-inconsistent-compressed-image-size
    nv-cubemap-broken-full-compressed-image-query
    nv-compressed-block-size-in-bits
I0918 22:45:28.578511 1593317 ResourceManager.cpp:234] ResourceManager::loadStage : Not loading semantic mesh
I0918 22:45:28.578521 1593317 ResourceManager.cpp:262] ResourceManager::loadStage : start load render asset /mnt/data_nas/deeprobotics/daiyang/vla/third_party/ETP-R1/data/scene_datasets/mp3d/PuKPg4mmafe/PuKPg4mmafe.glb.
I0918 22:45:28.578522 1593317 ResourceManager.cpp:569] ResourceManager::loadStageInternal : Attempting to load stage /mnt/data_nas/deeprobotics/daiyang/vla/third_party/ETP-R1/data/scene_datasets/mp3d/PuKPg4mmafe/PuKPg4mmafe.glb 
I0918 22:45:28.578543 1593317 ResourceManager.cpp:1119] Importing Basis files as BC7 for PuKPg4mmafe.glb
W0918 22:45:33.415680 1593317 Simulator.cpp:248] :
---
 The active scene does not contain semantic annotations. 
---
I0918 22:45:33.436640 1593317 simulator.py:213] Loaded navmesh /mnt/data_nas/deeprobotics/daiyang/vla/third_party/ETP-R1/data/scene_datasets/mp3d/PuKPg4mmafe/PuKPg4mmafe.navmesh
I0918 22:48:45.563926 1593317 PhysicsManager.cpp:33] Deconstructing PhysicsManager
I0918 22:48:45.563988 1593317 SemanticScene.h:41] Deconstructing SemanticScene
I0918 22:48:45.566154 1593317 SceneManager.h:25] Deconstructing SceneManager
I0918 22:48:45.566185 1593317 SceneGraph.h:26] Deconstructing SceneGraph
I0918 22:48:45.566596 1593317 Sensor.h:87] Deconstructing Sensor
I0918 22:48:45.573421 1593317 Renderer.cpp:34] Deconstructing Renderer
I0918 22:48:45.573451 1593317 WindowlessContext.h:17] Deconstructing WindowlessContext
I0918 22:48:45.585664 1593317 ManagedContainerBase.cpp:19] ManagedContainerBase::convertFilenameToJSON : Filename : default changed to proposed JSON configuration filename : default.scene_dataset_config.json
I0918 22:48:45.585681 1593317 AttributesManagerBase.h:283] AttributesManager<T>::createFromJsonOrDefaultInternal  (Dataset) : Proposing JSON name : default.scene_dataset_config.json from original name : default | This file  does not exist.
I0918 22:48:45.586057 1593317 AssetAttributesManager.cpp:117] Asset attributes (capsule3DSolid : capsule3DSolid_hemiRings_4_cylRings_1_segments_12_halfLen_0.75_useTexCoords_false_useTangents_false) created and registered.
I0918 22:48:45.586088 1593317 AssetAttributesManager.cpp:117] Asset attributes (capsule3DWireframe : capsule3DWireframe_hemiRings_8_cylRings_1_segments_16_halfLen_1) created and registered.
I0918 22:48:45.586113 1593317 AssetAttributesManager.cpp:117] Asset attributes (coneSolid : coneSolid_segments_12_halfLen_1.25_rings_1_useTexCoords_false_useTangents_false_capEnd_true) created and registered.
I0918 22:48:45.586128 1593317 AssetAttributesManager.cpp:117] Asset attributes (coneWireframe : coneWireframe_segments_32_halfLen_1.25) created and registered.
I0918 22:48:45.586141 1593317 AssetAttributesManager.cpp:117] Asset attributes (cubeSolid : cubeSolid) created and registered.
I0918 22:48:45.586148 1593317 AssetAttributesManager.cpp:117] Asset attributes (cubeWireframe : cubeWireframe) created and registered.
I0918 22:48:45.586169 1593317 AssetAttributesManager.cpp:117] Asset attributes (cylinderSolid : cylinderSolid_rings_1_segments_12_halfLen_1_useTexCoords_false_useTangents_false_capEnds_true) created and registered.
I0918 22:48:45.586184 1593317 AssetAttributesManager.cpp:117] Asset attributes (cylinderWireframe : cylinderWireframe_rings_1_segments_32_halfLen_1) created and registered.
I0918 22:48:45.586196 1593317 AssetAttributesManager.cpp:117] Asset attributes (icosphereSolid : icosphereSolid_subdivs_1) created and registered.
I0918 22:48:45.586205 1593317 AssetAttributesManager.cpp:117] Asset attributes (icosphereWireframe : icosphereWireframe_subdivs_1) created and registered.
I0918 22:48:45.586218 1593317 AssetAttributesManager.cpp:117] Asset attributes (uvSphereSolid : uvSphereSolid_rings_8_segments_16_useTexCoords_false_useTangents_false) created and registered.
I0918 22:48:45.586231 1593317 AssetAttributesManager.cpp:117] Asset attributes (uvSphereWireframe : uvSphereWireframe_rings_16_segments_32) created and registered.
I0918 22:48:45.586237 1593317 AssetAttributesManager.cpp:105] AssetAttributesManager::buildCtorFuncPtrMaps : Built default primitive asset templates : 12
I0918 22:48:45.586645 1593317 SceneDatasetAttributesManager.cpp:23] File (default) not found, so new default dataset attributes created and registered.
I0918 22:48:45.586647 1593317 MetadataMediator.cpp:47] MetadataMediator::createDataset : Dataset default successfully created.
I0918 22:48:45.586858 1593317 AttributesManagerBase.h:283] AttributesManager<T>::createFromJsonOrDefaultInternal  (Physics Manager) : Proposing JSON name : ./data/default.physics_config.json from original name : ./data/default.physics_config.json | This file  does not exist.
I0918 22:48:45.586886 1593317 PhysicsAttributesManager.cpp:27] File (./data/default.physics_config.json) not found, so new default physics manager attributes created and registered.
I0918 22:48:45.586890 1593317 AbstractObjectAttributesManagerBase.h:175] AbstractObjectAttributesManager<T>::createObject  (Stage) : Making attributes with handle : /mnt/data_nas/deeprobotics/daiyang/vla/third_party/ETP-R1/data/scene_datasets/mp3d/aayBHfsNo7d/aayBHfsNo7d.glb
I0918 22:48:45.586894 1593317 ManagedContainerBase.cpp:19] ManagedContainerBase::convertFilenameToJSON : Filename : /mnt/data_nas/deeprobotics/daiyang/vla/third_party/ETP-R1/data/scene_datasets/mp3d/aayBHfsNo7d/aayBHfsNo7d.glb changed to proposed JSON configuration filename : /mnt/data_nas/deeprobotics/daiyang/vla/third_party/ETP-R1/data/scene_datasets/mp3d/aayBHfsNo7d/aayBHfsNo7d.stage_config.json
I0918 22:48:45.586906 1593317 AttributesManagerBase.h:283] AttributesManager<T>::createFromJsonOrDefaultInternal  (Stage) : Proposing JSON name : /mnt/data_nas/deeprobotics/daiyang/vla/third_party/ETP-R1/data/scene_datasets/mp3d/aayBHfsNo7d/aayBHfsNo7d.stage_config.json from original name : /mnt/data_nas/deeprobotics/daiyang/vla/third_party/ETP-R1/data/scene_datasets/mp3d/aayBHfsNo7d/aayBHfsNo7d.glb | This file  does not exist.
I0918 22:48:45.586956 1593317 AbstractObjectAttributesManagerBase.h:181] AbstractObjectAttributesManager<T>::createObject  (Stage) : Done making attributes with handle : /mnt/data_nas/deeprobotics/daiyang/vla/third_party/ETP-R1/data/scene_datasets/mp3d/aayBHfsNo7d/aayBHfsNo7d.glb
I0918 22:48:45.586958 1593317 AbstractObjectAttributesManagerBase.h:188] File (/mnt/data_nas/deeprobotics/daiyang/vla/third_party/ETP-R1/data/scene_datasets/mp3d/aayBHfsNo7d/aayBHfsNo7d.glb) exists but is not a recognized config filename extension, so new default Stage attributes created and registered.
I0918 22:48:45.586963 1593317 Simulator.cpp:156] Loading navmesh from /mnt/data_nas/deeprobotics/daiyang/vla/third_party/ETP-R1/data/scene_datasets/mp3d/aayBHfsNo7d/aayBHfsNo7d.navmesh
I0918 22:48:45.588124 1593317 Simulator.cpp:158] Loaded.
I0918 22:48:45.588133 1593317 SceneGraph.h:93] Created DrawableGroup: 
Renderer: NVIDIA GeForce RTX 5090/PCIe/SSE2 by NVIDIA Corporation
OpenGL version: 4.6.0 NVIDIA 580.126.09
Using optional features:
    GL_ARB_ES2_compatibility
    GL_ARB_direct_state_access
    GL_ARB_get_texture_sub_image
    GL_ARB_invalidate_subdata
    GL_ARB_multi_bind
    GL_ARB_robustness
    GL_ARB_separate_shader_objects
    GL_ARB_texture_filter_anisotropic
    GL_ARB_texture_storage
    GL_ARB_texture_storage_multisample
    GL_ARB_vertex_array_object
    GL_KHR_debug
Using driver workarounds:
    no-forward-compatible-core-context
    nv-egl-incorrect-gl11-function-pointers
    no-layout-qualifiers-on-old-glsl
    nv-zero-context-profile-mask
    nv-implementation-color-read-format-dsa-broken
    nv-cubemap-inconsistent-compressed-image-size
    nv-cubemap-broken-full-compressed-image-query
    nv-compressed-block-size-in-bits
I0918 22:48:45.591933 1593317 ResourceManager.cpp:234] ResourceManager::loadStage : Not loading semantic mesh
I0918 22:48:45.591940 1593317 ResourceManager.cpp:262] ResourceManager::loadStage : start load render asset /mnt/data_nas/deeprobotics/daiyang/vla/third_party/ETP-R1/data/scene_datasets/mp3d/aayBHfsNo7d/aayBHfsNo7d.glb.
I0918 22:48:45.591943 1593317 ResourceManager.cpp:569] ResourceManager::loadStageInternal : Attempting to load stage /mnt/data_nas/deeprobotics/daiyang/vla/third_party/ETP-R1/data/scene_datasets/mp3d/aayBHfsNo7d/aayBHfsNo7d.glb 
I0918 22:48:45.591961 1593317 ResourceManager.cpp:1119] Importing Basis files as BC7 for aayBHfsNo7d.glb
W0918 22:48:47.208940 1593317 Simulator.cpp:248] :
---
 The active scene does not contain semantic annotations. 
---
I0918 22:48:47.250498 1593317 simulator.py:213] Loaded navmesh /mnt/data_nas/deeprobotics/daiyang/vla/third_party/ETP-R1/data/scene_datasets/mp3d/aayBHfsNo7d/aayBHfsNo7d.navmesh
I0918 22:49:22.659281 1593317 PhysicsManager.cpp:33] Deconstructing PhysicsManager
I0918 22:49:22.659317 1593317 SemanticScene.h:41] Deconstructing SemanticScene
I0918 22:49:22.662245 1593317 SceneManager.h:25] Deconstructing SceneManager
I0918 22:49:22.662253 1593317 SceneGraph.h:26] Deconstructing SceneGraph
I0918 22:49:22.662818 1593317 Sensor.h:87] Deconstructing Sensor
I0918 22:49:22.665213 1593317 Renderer.cpp:34] Deconstructing Renderer
I0918 22:49:22.665233 1593317 WindowlessContext.h:17] Deconstructing WindowlessContext
I0918 22:49:22.670804 1593317 ManagedContainerBase.cpp:19] ManagedContainerBase::convertFilenameToJSON : Filename : default changed to proposed JSON configuration filename : default.scene_dataset_config.json
I0918 22:49:22.670819 1593317 AttributesManagerBase.h:283] AttributesManager<T>::createFromJsonOrDefaultInternal  (Dataset) : Proposing JSON name : default.scene_dataset_config.json from original name : default | This file  does not exist.
I0918 22:49:22.671340 1593317 AssetAttributesManager.cpp:117] Asset attributes (capsule3DSolid : capsule3DSolid_hemiRings_4_cylRings_1_segments_12_halfLen_0.75_useTexCoords_false_useTangents_false) created and registered.
I0918 22:49:22.671370 1593317 AssetAttributesManager.cpp:117] Asset attributes (capsule3DWireframe : capsule3DWireframe_hemiRings_8_cylRings_1_segments_16_halfLen_1) created and registered.
I0918 22:49:22.671394 1593317 AssetAttributesManager.cpp:117] Asset attributes (coneSolid : coneSolid_segments_12_halfLen_1.25_rings_1_useTexCoords_false_useTangents_false_capEnd_true) created and registered.
I0918 22:49:22.671409 1593317 AssetAttributesManager.cpp:117] Asset attributes (coneWireframe : coneWireframe_segments_32_halfLen_1.25) created and registered.
I0918 22:49:22.671418 1593317 AssetAttributesManager.cpp:117] Asset attributes (cubeSolid : cubeSolid) created and registered.
I0918 22:49:22.671424 1593317 AssetAttributesManager.cpp:117] Asset attributes (cubeWireframe : cubeWireframe) created and registered.
I0918 22:49:22.671445 1593317 AssetAttributesManager.cpp:117] Asset attributes (cylinderSolid : cylinderSolid_rings_1_segments_12_halfLen_1_useTexCoords_false_useTangents_false_capEnds_true) created and registered.
I0918 22:49:22.671463 1593317 AssetAttributesManager.cpp:117] Asset attributes (cylinderWireframe : cylinderWireframe_rings_1_segments_32_halfLen_1) created and registered.
I0918 22:49:22.671473 1593317 AssetAttributesManager.cpp:117] Asset attributes (icosphereSolid : icosphereSolid_subdivs_1) created and registered.
I0918 22:49:22.671480 1593317 AssetAttributesManager.cpp:117] Asset attributes (icosphereWireframe : icosphereWireframe_subdivs_1) created and registered.
I0918 22:49:22.671494 1593317 AssetAttributesManager.cpp:117] Asset attributes (uvSphereSolid : uvSphereSolid_rings_8_segments_16_useTexCoords_false_useTangents_false) created and registered.
I0918 22:49:22.671506 1593317 AssetAttributesManager.cpp:117] Asset attributes (uvSphereWireframe : uvSphereWireframe_rings_16_segments_32) created and registered.
I0918 22:49:22.671512 1593317 AssetAttributesManager.cpp:105] AssetAttributesManager::buildCtorFuncPtrMaps : Built default primitive asset templates : 12
I0918 22:49:22.671911 1593317 SceneDatasetAttributesManager.cpp:23] File (default) not found, so new default dataset attributes created and registered.
I0918 22:49:22.671914 1593317 MetadataMediator.cpp:47] MetadataMediator::createDataset : Dataset default successfully created.
I0918 22:49:22.672096 1593317 AttributesManagerBase.h:283] AttributesManager<T>::createFromJsonOrDefaultInternal  (Physics Manager) : Proposing JSON name : ./data/default.physics_config.json from original name : ./data/default.physics_config.json | This file  does not exist.
I0918 22:49:22.672107 1593317 PhysicsAttributesManager.cpp:27] File (./data/default.physics_config.json) not found, so new default physics manager attributes created and registered.
I0918 22:49:22.672111 1593317 AbstractObjectAttributesManagerBase.h:175] AbstractObjectAttributesManager<T>::createObject  (Stage) : Making attributes with handle : /mnt/data_nas/deeprobotics/daiyang/vla/third_party/ETP-R1/data/scene_datasets/mp3d/82sE5b5pLXE/82sE5b5pLXE.glb
I0918 22:49:22.672122 1593317 ManagedContainerBase.cpp:19] ManagedContainerBase::convertFilenameToJSON : Filename : /mnt/data_nas/deeprobotics/daiyang/vla/third_party/ETP-R1/data/scene_datasets/mp3d/82sE5b5pLXE/82sE5b5pLXE.glb changed to proposed JSON configuration filename : /mnt/data_nas/deeprobotics/daiyang/vla/third_party/ETP-R1/data/scene_datasets/mp3d/82sE5b5pLXE/82sE5b5pLXE.stage_config.json
I0918 22:49:22.672133 1593317 AttributesManagerBase.h:283] AttributesManager<T>::createFromJsonOrDefaultInternal  (Stage) : Proposing JSON name : /mnt/data_nas/deeprobotics/daiyang/vla/third_party/ETP-R1/data/scene_datasets/mp3d/82sE5b5pLXE/82sE5b5pLXE.stage_config.json from original name : /mnt/data_nas/deeprobotics/daiyang/vla/third_party/ETP-R1/data/scene_datasets/mp3d/82sE5b5pLXE/82sE5b5pLXE.glb | This file  does not exist.
I0918 22:49:22.672180 1593317 AbstractObjectAttributesManagerBase.h:181] AbstractObjectAttributesManager<T>::createObject  (Stage) : Done making attributes with handle : /mnt/data_nas/deeprobotics/daiyang/vla/third_party/ETP-R1/data/scene_datasets/mp3d/82sE5b5pLXE/82sE5b5pLXE.glb
I0918 22:49:22.672183 1593317 AbstractObjectAttributesManagerBase.h:188] File (/mnt/data_nas/deeprobotics/daiyang/vla/third_party/ETP-R1/data/scene_datasets/mp3d/82sE5b5pLXE/82sE5b5pLXE.glb) exists but is not a recognized config filename extension, so new default Stage attributes created and registered.
I0918 22:49:22.672188 1593317 Simulator.cpp:156] Loading navmesh from /mnt/data_nas/deeprobotics/daiyang/vla/third_party/ETP-R1/data/scene_datasets/mp3d/82sE5b5pLXE/82sE5b5pLXE.navmesh
I0918 22:49:22.672940 1593317 Simulator.cpp:158] Loaded.
I0918 22:49:22.672950 1593317 SceneGraph.h:93] Created DrawableGroup: 
Renderer: NVIDIA GeForce RTX 5090/PCIe/SSE2 by NVIDIA Corporation
OpenGL version: 4.6.0 NVIDIA 580.126.09
Using optional features:
    GL_ARB_ES2_compatibility
    GL_ARB_direct_state_access
    GL_ARB_get_texture_sub_image
    GL_ARB_invalidate_subdata
    GL_ARB_multi_bind
    GL_ARB_robustness
    GL_ARB_separate_shader_objects
    GL_ARB_texture_filter_anisotropic
    GL_ARB_texture_storage
    GL_ARB_texture_storage_multisample
    GL_ARB_vertex_array_object
    GL_KHR_debug
Using driver workarounds:
    no-forward-compatible-core-context
    nv-egl-incorrect-gl11-function-pointers
    no-layout-qualifiers-on-old-glsl
    nv-zero-context-profile-mask
    nv-implementation-color-read-format-dsa-broken
    nv-cubemap-inconsistent-compressed-image-size
    nv-cubemap-broken-full-compressed-image-query
    nv-compressed-block-size-in-bits
I0918 22:49:22.676614 1593317 ResourceManager.cpp:234] ResourceManager::loadStage : Not loading semantic mesh
I0918 22:49:22.676623 1593317 ResourceManager.cpp:262] ResourceManager::loadStage : start load render asset /mnt/data_nas/deeprobotics/daiyang/vla/third_party/ETP-R1/data/scene_datasets/mp3d/82sE5b5pLXE/82sE5b5pLXE.glb.
I0918 22:49:22.676626 1593317 ResourceManager.cpp:569] ResourceManager::loadStageInternal : Attempting to load stage /mnt/data_nas/deeprobotics/daiyang/vla/third_party/ETP-R1/data/scene_datasets/mp3d/82sE5b5pLXE/82sE5b5pLXE.glb 
I0918 22:49:22.676640 1593317 ResourceManager.cpp:1119] Importing Basis files as BC7 for 82sE5b5pLXE.glb
W0918 22:49:24.732259 1593317 Simulator.cpp:248] :
---
 The active scene does not contain semantic annotations. 
---
I0918 22:49:24.769887 1593317 simulator.py:213] Loaded navmesh /mnt/data_nas/deeprobotics/daiyang/vla/third_party/ETP-R1/data/scene_datasets/mp3d/82sE5b5pLXE/82sE5b5pLXE.navmesh
I0918 22:50:42.662741 1593317 PhysicsManager.cpp:33] Deconstructing PhysicsManager
I0918 22:50:42.662803 1593317 SemanticScene.h:41] Deconstructing SemanticScene
I0918 22:50:42.665066 1593317 SceneManager.h:25] Deconstructing SceneManager
I0918 22:50:42.665073 1593317 SceneGraph.h:26] Deconstructing SceneGraph
I0918 22:50:42.665485 1593317 Sensor.h:87] Deconstructing Sensor
I0918 22:50:42.669709 1593317 Renderer.cpp:34] Deconstructing Renderer
I0918 22:50:42.669736 1593317 WindowlessContext.h:17] Deconstructing WindowlessContext
I0918 22:50:42.676017 1593317 ManagedContainerBase.cpp:19] ManagedContainerBase::convertFilenameToJSON : Filename : default changed to proposed JSON configuration filename : default.scene_dataset_config.json
I0918 22:50:42.676038 1593317 AttributesManagerBase.h:283] AttributesManager<T>::createFromJsonOrDefaultInternal  (Dataset) : Proposing JSON name : default.scene_dataset_config.json from original name : default | This file  does not exist.
I0918 22:50:42.676676 1593317 AssetAttributesManager.cpp:117] Asset attributes (capsule3DSolid : capsule3DSolid_hemiRings_4_cylRings_1_segments_12_halfLen_0.75_useTexCoords_false_useTangents_false) created and registered.
I0918 22:50:42.676705 1593317 AssetAttributesManager.cpp:117] Asset attributes (capsule3DWireframe : capsule3DWireframe_hemiRings_8_cylRings_1_segments_16_halfLen_1) created and registered.
I0918 22:50:42.676728 1593317 AssetAttributesManager.cpp:117] Asset attributes (coneSolid : coneSolid_segments_12_halfLen_1.25_rings_1_useTexCoords_false_useTangents_false_capEnd_true) created and registered.
I0918 22:50:42.676743 1593317 AssetAttributesManager.cpp:117] Asset attributes (coneWireframe : coneWireframe_segments_32_halfLen_1.25) created and registered.
I0918 22:50:42.676752 1593317 AssetAttributesManager.cpp:117] Asset attributes (cubeSolid : cubeSolid) created and registered.
I0918 22:50:42.676759 1593317 AssetAttributesManager.cpp:117] Asset attributes (cubeWireframe : cubeWireframe) created and registered.
I0918 22:50:42.676779 1593317 AssetAttributesManager.cpp:117] Asset attributes (cylinderSolid : cylinderSolid_rings_1_segments_12_halfLen_1_useTexCoords_false_useTangents_false_capEnds_true) created and registered.
I0918 22:50:42.676796 1593317 AssetAttributesManager.cpp:117] Asset attributes (cylinderWireframe : cylinderWireframe_rings_1_segments_32_halfLen_1) created and registered.
I0918 22:50:42.676807 1593317 AssetAttributesManager.cpp:117] Asset attributes (icosphereSolid : icosphereSolid_subdivs_1) created and registered.
I0918 22:50:42.676816 1593317 AssetAttributesManager.cpp:117] Asset attributes (icosphereWireframe : icosphereWireframe_subdivs_1) created and registered.
I0918 22:50:42.676831 1593317 AssetAttributesManager.cpp:117] Asset attributes (uvSphereSolid : uvSphereSolid_rings_8_segments_16_useTexCoords_false_useTangents_false) created and registered.
I0918 22:50:42.676843 1593317 AssetAttributesManager.cpp:117] Asset attributes (uvSphereWireframe : uvSphereWireframe_rings_16_segments_32) created and registered.
I0918 22:50:42.676849 1593317 AssetAttributesManager.cpp:105] AssetAttributesManager::buildCtorFuncPtrMaps : Built default primitive asset templates : 12
I0918 22:50:42.677244 1593317 SceneDatasetAttributesManager.cpp:23] File (default) not found, so new default dataset attributes created and registered.
I0918 22:50:42.677246 1593317 MetadataMediator.cpp:47] MetadataMediator::createDataset : Dataset default successfully created.
I0918 22:50:42.678856 1593317 AttributesManagerBase.h:283] AttributesManager<T>::createFromJsonOrDefaultInternal  (Physics Manager) : Proposing JSON name : ./data/default.physics_config.json from original name : ./data/default.physics_config.json | This file  does not exist.
I0918 22:50:42.678869 1593317 PhysicsAttributesManager.cpp:27] File (./data/default.physics_config.json) not found, so new default physics manager attributes created and registered.
I0918 22:50:42.678872 1593317 AbstractObjectAttributesManagerBase.h:175] AbstractObjectAttributesManager<T>::createObject  (Stage) : Making attributes with handle : /mnt/data_nas/deeprobotics/daiyang/vla/third_party/ETP-R1/data/scene_datasets/mp3d/B6ByNegPMKs/B6ByNegPMKs.glb
I0918 22:50:42.678877 1593317 ManagedContainerBase.cpp:19] ManagedContainerBase::convertFilenameToJSON : Filename : /mnt/data_nas/deeprobotics/daiyang/vla/third_party/ETP-R1/data/scene_datasets/mp3d/B6ByNegPMKs/B6ByNegPMKs.glb changed to proposed JSON configuration filename : /mnt/data_nas/deeprobotics/daiyang/vla/third_party/ETP-R1/data/scene_datasets/mp3d/B6ByNegPMKs/B6ByNegPMKs.stage_config.json
I0918 22:50:42.682523 1593317 AttributesManagerBase.h:283] AttributesManager<T>::createFromJsonOrDefaultInternal  (Stage) : Proposing JSON name : /mnt/data_nas/deeprobotics/daiyang/vla/third_party/ETP-R1/data/scene_datasets/mp3d/B6ByNegPMKs/B6ByNegPMKs.stage_config.json from original name : /mnt/data_nas/deeprobotics/daiyang/vla/third_party/ETP-R1/data/scene_datasets/mp3d/B6ByNegPMKs/B6ByNegPMKs.glb | This file  does not exist.
I0918 22:50:42.682571 1593317 AbstractObjectAttributesManagerBase.h:181] AbstractObjectAttributesManager<T>::createObject  (Stage) : Done making attributes with handle : /mnt/data_nas/deeprobotics/daiyang/vla/third_party/ETP-R1/data/scene_datasets/mp3d/B6ByNegPMKs/B6ByNegPMKs.glb
I0918 22:50:42.682574 1593317 AbstractObjectAttributesManagerBase.h:188] File (/mnt/data_nas/deeprobotics/daiyang/vla/third_party/ETP-R1/data/scene_datasets/mp3d/B6ByNegPMKs/B6ByNegPMKs.glb) exists but is not a recognized config filename extension, so new default Stage attributes created and registered.
I0918 22:50:42.682578 1593317 Simulator.cpp:156] Loading navmesh from /mnt/data_nas/deeprobotics/daiyang/vla/third_party/ETP-R1/data/scene_datasets/mp3d/B6ByNegPMKs/B6ByNegPMKs.navmesh
I0918 22:50:42.684191 1593317 Simulator.cpp:158] Loaded.
I0918 22:50:42.684199 1593317 SceneGraph.h:93] Created DrawableGroup: 
Renderer: NVIDIA GeForce RTX 5090/PCIe/SSE2 by NVIDIA Corporation
OpenGL version: 4.6.0 NVIDIA 580.126.09
Using optional features:
    GL_ARB_ES2_compatibility
    GL_ARB_direct_state_access
    GL_ARB_get_texture_sub_image
    GL_ARB_invalidate_subdata
    GL_ARB_multi_bind
    GL_ARB_robustness
    GL_ARB_separate_shader_objects
    GL_ARB_texture_filter_anisotropic
    GL_ARB_texture_storage
    GL_ARB_texture_storage_multisample
    GL_ARB_vertex_array_object
    GL_KHR_debug
Using driver workarounds:
    no-forward-compatible-core-context
    nv-egl-incorrect-gl11-function-pointers
    no-layout-qualifiers-on-old-glsl
    nv-zero-context-profile-mask
    nv-implementation-color-read-format-dsa-broken
    nv-cubemap-inconsistent-compressed-image-size
    nv-cubemap-broken-full-compressed-image-query
    nv-compressed-block-size-in-bits
I0918 22:50:42.687953 1593317 ResourceManager.cpp:234] ResourceManager::loadStage : Not loading semantic mesh
I0918 22:50:42.687963 1593317 ResourceManager.cpp:262] ResourceManager::loadStage : start load render asset /mnt/data_nas/deeprobotics/daiyang/vla/third_party/ETP-R1/data/scene_datasets/mp3d/B6ByNegPMKs/B6ByNegPMKs.glb.
I0918 22:50:42.687964 1593317 ResourceManager.cpp:569] ResourceManager::loadStageInternal : Attempting to load stage /mnt/data_nas/deeprobotics/daiyang/vla/third_party/ETP-R1/data/scene_datasets/mp3d/B6ByNegPMKs/B6ByNegPMKs.glb 
I0918 22:50:42.687979 1593317 ResourceManager.cpp:1119] Importing Basis files as BC7 for B6ByNegPMKs.glb
W0918 22:50:52.439682 1593317 Simulator.cpp:248] :
---
 The active scene does not contain semantic annotations. 
---
I0918 22:50:52.637428 1593317 simulator.py:213] Loaded navmesh /mnt/data_nas/deeprobotics/daiyang/vla/third_party/ETP-R1/data/scene_datasets/mp3d/B6ByNegPMKs/B6ByNegPMKs.navmesh
I0918 22:52:07.127338 1593317 PhysicsManager.cpp:33] Deconstructing PhysicsManager
I0918 22:52:07.127389 1593317 SemanticScene.h:41] Deconstructing SemanticScene
I0918 22:52:07.151780 1593317 SceneManager.h:25] Deconstructing SceneManager
I0918 22:52:07.151814 1593317 SceneGraph.h:26] Deconstructing SceneGraph
I0918 22:52:07.152328 1593317 Sensor.h:87] Deconstructing Sensor
I0918 22:52:07.168895 1593317 Renderer.cpp:34] Deconstructing Renderer
I0918 22:52:07.168931 1593317 WindowlessContext.h:17] Deconstructing WindowlessContext
I0918 22:52:07.189323 1593317 ManagedContainerBase.cpp:19] ManagedContainerBase::convertFilenameToJSON : Filename : default changed to proposed JSON configuration filename : default.scene_dataset_config.json
I0918 22:52:07.189347 1593317 AttributesManagerBase.h:283] AttributesManager<T>::createFromJsonOrDefaultInternal  (Dataset) : Proposing JSON name : default.scene_dataset_config.json from original name : default | This file  does not exist.
I0918 22:52:07.189486 1593317 AssetAttributesManager.cpp:117] Asset attributes (capsule3DSolid : capsule3DSolid_hemiRings_4_cylRings_1_segments_12_halfLen_0.75_useTexCoords_false_useTangents_false) created and registered.
I0918 22:52:07.189515 1593317 AssetAttributesManager.cpp:117] Asset attributes (capsule3DWireframe : capsule3DWireframe_hemiRings_8_cylRings_1_segments_16_halfLen_1) created and registered.
I0918 22:52:07.189538 1593317 AssetAttributesManager.cpp:117] Asset attributes (coneSolid : coneSolid_segments_12_halfLen_1.25_rings_1_useTexCoords_false_useTangents_false_capEnd_true) created and registered.
I0918 22:52:07.189553 1593317 AssetAttributesManager.cpp:117] Asset attributes (coneWireframe : coneWireframe_segments_32_halfLen_1.25) created and registered.
I0918 22:52:07.189561 1593317 AssetAttributesManager.cpp:117] Asset attributes (cubeSolid : cubeSolid) created and registered.
I0918 22:52:07.189568 1593317 AssetAttributesManager.cpp:117] Asset attributes (cubeWireframe : cubeWireframe) created and registered.
I0918 22:52:07.189589 1593317 AssetAttributesManager.cpp:117] Asset attributes (cylinderSolid : cylinderSolid_rings_1_segments_12_halfLen_1_useTexCoords_false_useTangents_false_capEnds_true) created and registered.
I0918 22:52:07.189605 1593317 AssetAttributesManager.cpp:117] Asset attributes (cylinderWireframe : cylinderWireframe_rings_1_segments_32_halfLen_1) created and registered.
I0918 22:52:07.189616 1593317 AssetAttributesManager.cpp:117] Asset attributes (icosphereSolid : icosphereSolid_subdivs_1) created and registered.
I0918 22:52:07.189625 1593317 AssetAttributesManager.cpp:117] Asset attributes (icosphereWireframe : icosphereWireframe_subdivs_1) created and registered.
I0918 22:52:07.189639 1593317 AssetAttributesManager.cpp:117] Asset attributes (uvSphereSolid : uvSphereSolid_rings_8_segments_16_useTexCoords_false_useTangents_false) created and registered.
I0918 22:52:07.189652 1593317 AssetAttributesManager.cpp:117] Asset attributes (uvSphereWireframe : uvSphereWireframe_rings_16_segments_32) created and registered.
I0918 22:52:07.189659 1593317 AssetAttributesManager.cpp:105] AssetAttributesManager::buildCtorFuncPtrMaps : Built default primitive asset templates : 12
I0918 22:52:07.190079 1593317 SceneDatasetAttributesManager.cpp:23] File (default) not found, so new default dataset attributes created and registered.
I0918 22:52:07.190083 1593317 MetadataMediator.cpp:47] MetadataMediator::createDataset : Dataset default successfully created.
I0918 22:52:07.190292 1593317 AttributesManagerBase.h:283] AttributesManager<T>::createFromJsonOrDefaultInternal  (Physics Manager) : Proposing JSON name : ./data/default.physics_config.json from original name : ./data/default.physics_config.json | This file  does not exist.
I0918 22:52:07.190306 1593317 PhysicsAttributesManager.cpp:27] File (./data/default.physics_config.json) not found, so new default physics manager attributes created and registered.
I0918 22:52:07.190310 1593317 AbstractObjectAttributesManagerBase.h:175] AbstractObjectAttributesManager<T>::createObject  (Stage) : Making attributes with handle : /mnt/data_nas/deeprobotics/daiyang/vla/third_party/ETP-R1/data/scene_datasets/mp3d/PuKPg4mmafe/PuKPg4mmafe.glb
I0918 22:52:07.190313 1593317 ManagedContainerBase.cpp:19] ManagedContainerBase::convertFilenameToJSON : Filename : /mnt/data_nas/deeprobotics/daiyang/vla/third_party/ETP-R1/data/scene_datasets/mp3d/PuKPg4mmafe/PuKPg4mmafe.glb changed to proposed JSON configuration filename : /mnt/data_nas/deeprobotics/daiyang/vla/third_party/ETP-R1/data/scene_datasets/mp3d/PuKPg4mmafe/PuKPg4mmafe.stage_config.json
I0918 22:52:07.190326 1593317 AttributesManagerBase.h:283] AttributesManager<T>::createFromJsonOrDefaultInternal  (Stage) : Proposing JSON name : /mnt/data_nas/deeprobotics/daiyang/vla/third_party/ETP-R1/data/scene_datasets/mp3d/PuKPg4mmafe/PuKPg4mmafe.stage_config.json from original name : /mnt/data_nas/deeprobotics/daiyang/vla/third_party/ETP-R1/data/scene_datasets/mp3d/PuKPg4mmafe/PuKPg4mmafe.glb | This file  does not exist.
I0918 22:52:07.190376 1593317 AbstractObjectAttributesManagerBase.h:181] AbstractObjectAttributesManager<T>::createObject  (Stage) : Done making attributes with handle : /mnt/data_nas/deeprobotics/daiyang/vla/third_party/ETP-R1/data/scene_datasets/mp3d/PuKPg4mmafe/PuKPg4mmafe.glb
I0918 22:52:07.190378 1593317 AbstractObjectAttributesManagerBase.h:188] File (/mnt/data_nas/deeprobotics/daiyang/vla/third_party/ETP-R1/data/scene_datasets/mp3d/PuKPg4mmafe/PuKPg4mmafe.glb) exists but is not a recognized config filename extension, so new default Stage attributes created and registered.
I0918 22:52:07.190384 1593317 Simulator.cpp:156] Loading navmesh from /mnt/data_nas/deeprobotics/daiyang/vla/third_party/ETP-R1/data/scene_datasets/mp3d/PuKPg4mmafe/PuKPg4mmafe.navmesh
I0918 22:52:07.191445 1593317 Simulator.cpp:158] Loaded.
I0918 22:52:07.191457 1593317 SceneGraph.h:93] Created DrawableGroup: 
Renderer: NVIDIA GeForce RTX 5090/PCIe/SSE2 by NVIDIA Corporation
OpenGL version: 4.6.0 NVIDIA 580.126.09
Using optional features:
    GL_ARB_ES2_compatibility
    GL_ARB_direct_state_access
    GL_ARB_get_texture_sub_image
    GL_ARB_invalidate_subdata
    GL_ARB_multi_bind
    GL_ARB_robustness
    GL_ARB_separate_shader_objects
    GL_ARB_texture_filter_anisotropic
    GL_ARB_texture_storage
    GL_ARB_texture_storage_multisample
    GL_ARB_vertex_array_object
    GL_KHR_debug
Using driver workarounds:
    no-forward-compatible-core-context
    nv-egl-incorrect-gl11-function-pointers
    no-layout-qualifiers-on-old-glsl
    nv-zero-context-profile-mask
    nv-implementation-color-read-format-dsa-broken
    nv-cubemap-inconsistent-compressed-image-size
    nv-cubemap-broken-full-compressed-image-query
    nv-compressed-block-size-in-bits
I0918 22:52:07.195248 1593317 ResourceManager.cpp:234] ResourceManager::loadStage : Not loading semantic mesh
I0918 22:52:07.195256 1593317 ResourceManager.cpp:262] ResourceManager::loadStage : start load render asset /mnt/data_nas/deeprobotics/daiyang/vla/third_party/ETP-R1/data/scene_datasets/mp3d/PuKPg4mmafe/PuKPg4mmafe.glb.
I0918 22:52:07.195259 1593317 ResourceManager.cpp:569] ResourceManager::loadStageInternal : Attempting to load stage /mnt/data_nas/deeprobotics/daiyang/vla/third_party/ETP-R1/data/scene_datasets/mp3d/PuKPg4mmafe/PuKPg4mmafe.glb 
I0918 22:52:07.195286 1593317 ResourceManager.cpp:1119] Importing Basis files as BC7 for PuKPg4mmafe.glb
W0918 22:52:11.909710 1593317 Simulator.cpp:248] :
---
 The active scene does not contain semantic annotations. 
---
I0918 22:52:11.930413 1593317 simulator.py:213] Loaded navmesh /mnt/data_nas/deeprobotics/daiyang/vla/third_party/ETP-R1/data/scene_datasets/mp3d/PuKPg4mmafe/PuKPg4mmafe.navmesh
I0918 22:53:50.349669 1593317 PhysicsManager.cpp:33] Deconstructing PhysicsManager
I0918 22:53:50.349735 1593317 SemanticScene.h:41] Deconstructing SemanticScene
I0918 22:53:50.351313 1593317 SceneManager.h:25] Deconstructing SceneManager
I0918 22:53:50.351321 1593317 SceneGraph.h:26] Deconstructing SceneGraph
I0918 22:53:50.351753 1593317 Sensor.h:87] Deconstructing Sensor
I0918 22:53:50.359881 1593317 Renderer.cpp:34] Deconstructing Renderer
I0918 22:53:50.359916 1593317 WindowlessContext.h:17] Deconstructing WindowlessContext
I0918 22:53:50.406061 1593317 ManagedContainerBase.cpp:19] ManagedContainerBase::convertFilenameToJSON : Filename : default changed to proposed JSON configuration filename : default.scene_dataset_config.json
I0918 22:53:50.406090 1593317 AttributesManagerBase.h:283] AttributesManager<T>::createFromJsonOrDefaultInternal  (Dataset) : Proposing JSON name : default.scene_dataset_config.json from original name : default | This file  does not exist.
I0918 22:53:50.406654 1593317 AssetAttributesManager.cpp:117] Asset attributes (capsule3DSolid : capsule3DSolid_hemiRings_4_cylRings_1_segments_12_halfLen_0.75_useTexCoords_false_useTangents_false) created and registered.
I0918 22:53:50.406683 1593317 AssetAttributesManager.cpp:117] Asset attributes (capsule3DWireframe : capsule3DWireframe_hemiRings_8_cylRings_1_segments_16_halfLen_1) created and registered.
I0918 22:53:50.406715 1593317 AssetAttributesManager.cpp:117] Asset attributes (coneSolid : coneSolid_segments_12_halfLen_1.25_rings_1_useTexCoords_false_useTangents_false_capEnd_true) created and registered.
I0918 22:53:50.406730 1593317 AssetAttributesManager.cpp:117] Asset attributes (coneWireframe : coneWireframe_segments_32_halfLen_1.25) created and registered.
I0918 22:53:50.406738 1593317 AssetAttributesManager.cpp:117] Asset attributes (cubeSolid : cubeSolid) created and registered.
I0918 22:53:50.406744 1593317 AssetAttributesManager.cpp:117] Asset attributes (cubeWireframe : cubeWireframe) created and registered.
I0918 22:53:50.406765 1593317 AssetAttributesManager.cpp:117] Asset attributes (cylinderSolid : cylinderSolid_rings_1_segments_12_halfLen_1_useTexCoords_false_useTangents_false_capEnds_true) created and registered.
I0918 22:53:50.406782 1593317 AssetAttributesManager.cpp:117] Asset attributes (cylinderWireframe : cylinderWireframe_rings_1_segments_32_halfLen_1) created and registered.
I0918 22:53:50.406792 1593317 AssetAttributesManager.cpp:117] Asset attributes (icosphereSolid : icosphereSolid_subdivs_1) created and registered.
I0918 22:53:50.406801 1593317 AssetAttributesManager.cpp:117] Asset attributes (icosphereWireframe : icosphereWireframe_subdivs_1) created and registered.
I0918 22:53:50.406816 1593317 AssetAttributesManager.cpp:117] Asset attributes (uvSphereSolid : uvSphereSolid_rings_8_segments_16_useTexCoords_false_useTangents_false) created and registered.
I0918 22:53:50.406828 1593317 AssetAttributesManager.cpp:117] Asset attributes (uvSphereWireframe : uvSphereWireframe_rings_16_segments_32) created and registered.
I0918 22:53:50.406834 1593317 AssetAttributesManager.cpp:105] AssetAttributesManager::buildCtorFuncPtrMaps : Built default primitive asset templates : 12
I0918 22:53:50.407253 1593317 SceneDatasetAttributesManager.cpp:23] File (default) not found, so new default dataset attributes created and registered.
I0918 22:53:50.407255 1593317 MetadataMediator.cpp:47] MetadataMediator::createDataset : Dataset default successfully created.
I0918 22:53:50.407475 1593317 AttributesManagerBase.h:283] AttributesManager<T>::createFromJsonOrDefaultInternal  (Physics Manager) : Proposing JSON name : ./data/default.physics_config.json from original name : ./data/default.physics_config.json | This file  does not exist.
I0918 22:53:50.407488 1593317 PhysicsAttributesManager.cpp:27] File (./data/default.physics_config.json) not found, so new default physics manager attributes created and registered.
I0918 22:53:50.407492 1593317 AbstractObjectAttributesManagerBase.h:175] AbstractObjectAttributesManager<T>::createObject  (Stage) : Making attributes with handle : /mnt/data_nas/deeprobotics/daiyang/vla/third_party/ETP-R1/data/scene_datasets/mp3d/aayBHfsNo7d/aayBHfsNo7d.glb
I0918 22:53:50.407497 1593317 ManagedContainerBase.cpp:19] ManagedContainerBase::convertFilenameToJSON : Filename : /mnt/data_nas/deeprobotics/daiyang/vla/third_party/ETP-R1/data/scene_datasets/mp3d/aayBHfsNo7d/aayBHfsNo7d.glb changed to proposed JSON configuration filename : /mnt/data_nas/deeprobotics/daiyang/vla/third_party/ETP-R1/data/scene_datasets/mp3d/aayBHfsNo7d/aayBHfsNo7d.stage_config.json
I0918 22:53:50.407510 1593317 AttributesManagerBase.h:283] AttributesManager<T>::createFromJsonOrDefaultInternal  (Stage) : Proposing JSON name : /mnt/data_nas/deeprobotics/daiyang/vla/third_party/ETP-R1/data/scene_datasets/mp3d/aayBHfsNo7d/aayBHfsNo7d.stage_config.json from original name : /mnt/data_nas/deeprobotics/daiyang/vla/third_party/ETP-R1/data/scene_datasets/mp3d/aayBHfsNo7d/aayBHfsNo7d.glb | This file  does not exist.
I0918 22:53:50.407558 1593317 AbstractObjectAttributesManagerBase.h:181] AbstractObjectAttributesManager<T>::createObject  (Stage) : Done making attributes with handle : /mnt/data_nas/deeprobotics/daiyang/vla/third_party/ETP-R1/data/scene_datasets/mp3d/aayBHfsNo7d/aayBHfsNo7d.glb
I0918 22:53:50.407563 1593317 AbstractObjectAttributesManagerBase.h:188] File (/mnt/data_nas/deeprobotics/daiyang/vla/third_party/ETP-R1/data/scene_datasets/mp3d/aayBHfsNo7d/aayBHfsNo7d.glb) exists but is not a recognized config filename extension, so new default Stage attributes created and registered.
I0918 22:53:50.407568 1593317 Simulator.cpp:156] Loading navmesh from /mnt/data_nas/deeprobotics/daiyang/vla/third_party/ETP-R1/data/scene_datasets/mp3d/aayBHfsNo7d/aayBHfsNo7d.navmesh
I0918 22:53:50.408476 1593317 Simulator.cpp:158] Loaded.
I0918 22:53:50.408485 1593317 SceneGraph.h:93] Created DrawableGroup: 
Renderer: NVIDIA GeForce RTX 5090/PCIe/SSE2 by NVIDIA Corporation
OpenGL version: 4.6.0 NVIDIA 580.126.09
Using optional features:
    GL_ARB_ES2_compatibility
    GL_ARB_direct_state_access
    GL_ARB_get_texture_sub_image
    GL_ARB_invalidate_subdata
    GL_ARB_multi_bind
    GL_ARB_robustness
    GL_ARB_separate_shader_objects
    GL_ARB_texture_filter_anisotropic
    GL_ARB_texture_storage
    GL_ARB_texture_storage_multisample
    GL_ARB_vertex_array_object
    GL_KHR_debug
Using driver workarounds:
    no-forward-compatible-core-context
    nv-egl-incorrect-gl11-function-pointers
    no-layout-qualifiers-on-old-glsl
    nv-zero-context-profile-mask
    nv-implementation-color-read-format-dsa-broken
    nv-cubemap-inconsistent-compressed-image-size
    nv-cubemap-broken-full-compressed-image-query
    nv-compressed-block-size-in-bits
I0918 22:53:50.412422 1593317 ResourceManager.cpp:234] ResourceManager::loadStage : Not loading semantic mesh
I0918 22:53:50.412432 1593317 ResourceManager.cpp:262] ResourceManager::loadStage : start load render asset /mnt/data_nas/deeprobotics/daiyang/vla/third_party/ETP-R1/data/scene_datasets/mp3d/aayBHfsNo7d/aayBHfsNo7d.glb.
I0918 22:53:50.412434 1593317 ResourceManager.cpp:569] ResourceManager::loadStageInternal : Attempting to load stage /mnt/data_nas/deeprobotics/daiyang/vla/third_party/ETP-R1/data/scene_datasets/mp3d/aayBHfsNo7d/aayBHfsNo7d.glb 
I0918 22:53:50.412451 1593317 ResourceManager.cpp:1119] Importing Basis files as BC7 for aayBHfsNo7d.glb
W0918 22:53:52.003394 1593317 Simulator.cpp:248] :
---
 The active scene does not contain semantic annotations. 
---
I0918 22:53:52.046550 1593317 simulator.py:213] Loaded navmesh /mnt/data_nas/deeprobotics/daiyang/vla/third_party/ETP-R1/data/scene_datasets/mp3d/aayBHfsNo7d/aayBHfsNo7d.navmesh
I0918 22:54:36.057744 1593317 PhysicsManager.cpp:33] Deconstructing PhysicsManager
I0918 22:54:36.057789 1593317 SemanticScene.h:41] Deconstructing SemanticScene
I0918 22:54:36.061578 1593317 SceneManager.h:25] Deconstructing SceneManager
I0918 22:54:36.061590 1593317 SceneGraph.h:26] Deconstructing SceneGraph
I0918 22:54:36.062230 1593317 Sensor.h:87] Deconstructing Sensor
I0918 22:54:36.065487 1593317 Renderer.cpp:34] Deconstructing Renderer
I0918 22:54:36.065512 1593317 WindowlessContext.h:17] Deconstructing WindowlessContext
I0918 22:54:36.072090 1593317 ManagedContainerBase.cpp:19] ManagedContainerBase::convertFilenameToJSON : Filename : default changed to proposed JSON configuration filename : default.scene_dataset_config.json
I0918 22:54:36.072125 1593317 AttributesManagerBase.h:283] AttributesManager<T>::createFromJsonOrDefaultInternal  (Dataset) : Proposing JSON name : default.scene_dataset_config.json from original name : default | This file  does not exist.
I0918 22:54:36.072454 1593317 AssetAttributesManager.cpp:117] Asset attributes (capsule3DSolid : capsule3DSolid_hemiRings_4_cylRings_1_segments_12_halfLen_0.75_useTexCoords_false_useTangents_false) created and registered.
I0918 22:54:36.072937 1593317 AssetAttributesManager.cpp:117] Asset attributes (capsule3DWireframe : capsule3DWireframe_hemiRings_8_cylRings_1_segments_16_halfLen_1) created and registered.
I0918 22:54:36.072960 1593317 AssetAttributesManager.cpp:117] Asset attributes (coneSolid : coneSolid_segments_12_halfLen_1.25_rings_1_useTexCoords_false_useTangents_false_capEnd_true) created and registered.
I0918 22:54:36.072978 1593317 AssetAttributesManager.cpp:117] Asset attributes (coneWireframe : coneWireframe_segments_32_halfLen_1.25) created and registered.
I0918 22:54:36.072992 1593317 AssetAttributesManager.cpp:117] Asset attributes (cubeSolid : cubeSolid) created and registered.
I0918 22:54:36.072999 1593317 AssetAttributesManager.cpp:117] Asset attributes (cubeWireframe : cubeWireframe) created and registered.
I0918 22:54:36.073019 1593317 AssetAttributesManager.cpp:117] Asset attributes (cylinderSolid : cylinderSolid_rings_1_segments_12_halfLen_1_useTexCoords_false_useTangents_false_capEnds_true) created and registered.
I0918 22:54:36.073037 1593317 AssetAttributesManager.cpp:117] Asset attributes (cylinderWireframe : cylinderWireframe_rings_1_segments_32_halfLen_1) created and registered.
I0918 22:54:36.073050 1593317 AssetAttributesManager.cpp:117] Asset attributes (icosphereSolid : icosphereSolid_subdivs_1) created and registered.
I0918 22:54:36.073060 1593317 AssetAttributesManager.cpp:117] Asset attributes (icosphereWireframe : icosphereWireframe_subdivs_1) created and registered.
I0918 22:54:36.073076 1593317 AssetAttributesManager.cpp:117] Asset attributes (uvSphereSolid : uvSphereSolid_rings_8_segments_16_useTexCoords_false_useTangents_false) created and registered.
I0918 22:54:36.073091 1593317 AssetAttributesManager.cpp:117] Asset attributes (uvSphereWireframe : uvSphereWireframe_rings_16_segments_32) created and registered.
I0918 22:54:36.073098 1593317 AssetAttributesManager.cpp:105] AssetAttributesManager::buildCtorFuncPtrMaps : Built default primitive asset templates : 12
I0918 22:54:36.073534 1593317 SceneDatasetAttributesManager.cpp:23] File (default) not found, so new default dataset attributes created and registered.
I0918 22:54:36.073537 1593317 MetadataMediator.cpp:47] MetadataMediator::createDataset : Dataset default successfully created.
I0918 22:54:36.073763 1593317 AttributesManagerBase.h:283] AttributesManager<T>::createFromJsonOrDefaultInternal  (Physics Manager) : Proposing JSON name : ./data/default.physics_config.json from original name : ./data/default.physics_config.json | This file  does not exist.
I0918 22:54:36.073776 1593317 PhysicsAttributesManager.cpp:27] File (./data/default.physics_config.json) not found, so new default physics manager attributes created and registered.
I0918 22:54:36.073779 1593317 AbstractObjectAttributesManagerBase.h:175] AbstractObjectAttributesManager<T>::createObject  (Stage) : Making attributes with handle : /mnt/data_nas/deeprobotics/daiyang/vla/third_party/ETP-R1/data/scene_datasets/mp3d/82sE5b5pLXE/82sE5b5pLXE.glb
I0918 22:54:36.073786 1593317 ManagedContainerBase.cpp:19] ManagedContainerBase::convertFilenameToJSON : Filename : /mnt/data_nas/deeprobotics/daiyang/vla/third_party/ETP-R1/data/scene_datasets/mp3d/82sE5b5pLXE/82sE5b5pLXE.glb changed to proposed JSON configuration filename : /mnt/data_nas/deeprobotics/daiyang/vla/third_party/ETP-R1/data/scene_datasets/mp3d/82sE5b5pLXE/82sE5b5pLXE.stage_config.json
I0918 22:54:36.073800 1593317 AttributesManagerBase.h:283] AttributesManager<T>::createFromJsonOrDefaultInternal  (Stage) : Proposing JSON name : /mnt/data_nas/deeprobotics/daiyang/vla/third_party/ETP-R1/data/scene_datasets/mp3d/82sE5b5pLXE/82sE5b5pLXE.stage_config.json from original name : /mnt/data_nas/deeprobotics/daiyang/vla/third_party/ETP-R1/data/scene_datasets/mp3d/82sE5b5pLXE/82sE5b5pLXE.glb | This file  does not exist.
I0918 22:54:36.073851 1593317 AbstractObjectAttributesManagerBase.h:181] AbstractObjectAttributesManager<T>::createObject  (Stage) : Done making attributes with handle : /mnt/data_nas/deeprobotics/daiyang/vla/third_party/ETP-R1/data/scene_datasets/mp3d/82sE5b5pLXE/82sE5b5pLXE.glb
I0918 22:54:36.073853 1593317 AbstractObjectAttributesManagerBase.h:188] File (/mnt/data_nas/deeprobotics/daiyang/vla/third_party/ETP-R1/data/scene_datasets/mp3d/82sE5b5pLXE/82sE5b5pLXE.glb) exists but is not a recognized config filename extension, so new default Stage attributes created and registered.
I0918 22:54:36.073858 1593317 Simulator.cpp:156] Loading navmesh from /mnt/data_nas/deeprobotics/daiyang/vla/third_party/ETP-R1/data/scene_datasets/mp3d/82sE5b5pLXE/82sE5b5pLXE.navmesh
I0918 22:54:36.074697 1593317 Simulator.cpp:158] Loaded.
I0918 22:54:36.074707 1593317 SceneGraph.h:93] Created DrawableGroup: 
Renderer: NVIDIA GeForce RTX 5090/PCIe/SSE2 by NVIDIA Corporation
OpenGL version: 4.6.0 NVIDIA 580.126.09
Using optional features:
    GL_ARB_ES2_compatibility
    GL_ARB_direct_state_access
    GL_ARB_get_texture_sub_image
    GL_ARB_invalidate_subdata
    GL_ARB_multi_bind
    GL_ARB_robustness
    GL_ARB_separate_shader_objects
    GL_ARB_texture_filter_anisotropic
    GL_ARB_texture_storage
    GL_ARB_texture_storage_multisample
    GL_ARB_vertex_array_object
    GL_KHR_debug
Using driver workarounds:
    no-forward-compatible-core-context
    nv-egl-incorrect-gl11-function-pointers
    no-layout-qualifiers-on-old-glsl
    nv-zero-context-profile-mask
    nv-implementation-color-read-format-dsa-broken
    nv-cubemap-inconsistent-compressed-image-size
    nv-cubemap-broken-full-compressed-image-query
    nv-compressed-block-size-in-bits
I0918 22:54:36.078642 1593317 ResourceManager.cpp:234] ResourceManager::loadStage : Not loading semantic mesh
I0918 22:54:36.078651 1593317 ResourceManager.cpp:262] ResourceManager::loadStage : start load render asset /mnt/data_nas/deeprobotics/daiyang/vla/third_party/ETP-R1/data/scene_datasets/mp3d/82sE5b5pLXE/82sE5b5pLXE.glb.
I0918 22:54:36.078653 1593317 ResourceManager.cpp:569] ResourceManager::loadStageInternal : Attempting to load stage /mnt/data_nas/deeprobotics/daiyang/vla/third_party/ETP-R1/data/scene_datasets/mp3d/82sE5b5pLXE/82sE5b5pLXE.glb 
I0918 22:54:36.078671 1593317 ResourceManager.cpp:1119] Importing Basis files as BC7 for 82sE5b5pLXE.glb
W0918 22:54:38.126185 1593317 Simulator.cpp:248] :
---
 The active scene does not contain semantic annotations. 
---
I0918 22:54:38.162568 1593317 simulator.py:213] Loaded navmesh /mnt/data_nas/deeprobotics/daiyang/vla/third_party/ETP-R1/data/scene_datasets/mp3d/82sE5b5pLXE/82sE5b5pLXE.navmesh
I0918 22:56:13.719051 1593317 PhysicsManager.cpp:33] Deconstructing PhysicsManager
I0918 22:56:13.719105 1593317 SemanticScene.h:41] Deconstructing SemanticScene
I0918 22:56:13.721131 1593317 SceneManager.h:25] Deconstructing SceneManager
I0918 22:56:13.721139 1593317 SceneGraph.h:26] Deconstructing SceneGraph
I0918 22:56:13.721459 1593317 Sensor.h:87] Deconstructing Sensor
I0918 22:56:13.725443 1593317 Renderer.cpp:34] Deconstructing Renderer
I0918 22:56:13.725467 1593317 WindowlessContext.h:17] Deconstructing WindowlessContext
I0918 22:56:13.731462 1593317 ManagedContainerBase.cpp:19] ManagedContainerBase::convertFilenameToJSON : Filename : default changed to proposed JSON configuration filename : default.scene_dataset_config.json
I0918 22:56:13.731479 1593317 AttributesManagerBase.h:283] AttributesManager<T>::createFromJsonOrDefaultInternal  (Dataset) : Proposing JSON name : default.scene_dataset_config.json from original name : default | This file  does not exist.
I0918 22:56:13.732061 1593317 AssetAttributesManager.cpp:117] Asset attributes (capsule3DSolid : capsule3DSolid_hemiRings_4_cylRings_1_segments_12_halfLen_0.75_useTexCoords_false_useTangents_false) created and registered.
I0918 22:56:13.732089 1593317 AssetAttributesManager.cpp:117] Asset attributes (capsule3DWireframe : capsule3DWireframe_hemiRings_8_cylRings_1_segments_16_halfLen_1) created and registered.
I0918 22:56:13.732112 1593317 AssetAttributesManager.cpp:117] Asset attributes (coneSolid : coneSolid_segments_12_halfLen_1.25_rings_1_useTexCoords_false_useTangents_false_capEnd_true) created and registered.
I0918 22:56:13.732126 1593317 AssetAttributesManager.cpp:117] Asset attributes (coneWireframe : coneWireframe_segments_32_halfLen_1.25) created and registered.
I0918 22:56:13.732136 1593317 AssetAttributesManager.cpp:117] Asset attributes (cubeSolid : cubeSolid) created and registered.
I0918 22:56:13.732142 1593317 AssetAttributesManager.cpp:117] Asset attributes (cubeWireframe : cubeWireframe) created and registered.
I0918 22:56:13.732163 1593317 AssetAttributesManager.cpp:117] Asset attributes (cylinderSolid : cylinderSolid_rings_1_segments_12_halfLen_1_useTexCoords_false_useTangents_false_capEnds_true) created and registered.
I0918 22:56:13.732185 1593317 AssetAttributesManager.cpp:117] Asset attributes (cylinderWireframe : cylinderWireframe_rings_1_segments_32_halfLen_1) created and registered.
I0918 22:56:13.732196 1593317 AssetAttributesManager.cpp:117] Asset attributes (icosphereSolid : icosphereSolid_subdivs_1) created and registered.
I0918 22:56:13.732206 1593317 AssetAttributesManager.cpp:117] Asset attributes (icosphereWireframe : icosphereWireframe_subdivs_1) created and registered.
I0918 22:56:13.732219 1593317 AssetAttributesManager.cpp:117] Asset attributes (uvSphereSolid : uvSphereSolid_rings_8_segments_16_useTexCoords_false_useTangents_false) created and registered.
I0918 22:56:13.732234 1593317 AssetAttributesManager.cpp:117] Asset attributes (uvSphereWireframe : uvSphereWireframe_rings_16_segments_32) created and registered.
I0918 22:56:13.732241 1593317 AssetAttributesManager.cpp:105] AssetAttributesManager::buildCtorFuncPtrMaps : Built default primitive asset templates : 12
I0918 22:56:13.732652 1593317 SceneDatasetAttributesManager.cpp:23] File (default) not found, so new default dataset attributes created and registered.
I0918 22:56:13.732656 1593317 MetadataMediator.cpp:47] MetadataMediator::createDataset : Dataset default successfully created.
I0918 22:56:13.733958 1593317 AttributesManagerBase.h:283] AttributesManager<T>::createFromJsonOrDefaultInternal  (Physics Manager) : Proposing JSON name : ./data/default.physics_config.json from original name : ./data/default.physics_config.json | This file  does not exist.
I0918 22:56:13.733973 1593317 PhysicsAttributesManager.cpp:27] File (./data/default.physics_config.json) not found, so new default physics manager attributes created and registered.
I0918 22:56:13.733976 1593317 AbstractObjectAttributesManagerBase.h:175] AbstractObjectAttributesManager<T>::createObject  (Stage) : Making attributes with handle : /mnt/data_nas/deeprobotics/daiyang/vla/third_party/ETP-R1/data/scene_datasets/mp3d/B6ByNegPMKs/B6ByNegPMKs.glb
I0918 22:56:13.733980 1593317 ManagedContainerBase.cpp:19] ManagedContainerBase::convertFilenameToJSON : Filename : /mnt/data_nas/deeprobotics/daiyang/vla/third_party/ETP-R1/data/scene_datasets/mp3d/B6ByNegPMKs/B6ByNegPMKs.glb changed to proposed JSON configuration filename : /mnt/data_nas/deeprobotics/daiyang/vla/third_party/ETP-R1/data/scene_datasets/mp3d/B6ByNegPMKs/B6ByNegPMKs.stage_config.json
I0918 22:56:13.736843 1593317 AttributesManagerBase.h:283] AttributesManager<T>::createFromJsonOrDefaultInternal  (Stage) : Proposing JSON name : /mnt/data_nas/deeprobotics/daiyang/vla/third_party/ETP-R1/data/scene_datasets/mp3d/B6ByNegPMKs/B6ByNegPMKs.stage_config.json from original name : /mnt/data_nas/deeprobotics/daiyang/vla/third_party/ETP-R1/data/scene_datasets/mp3d/B6ByNegPMKs/B6ByNegPMKs.glb | This file  does not exist.
I0918 22:56:13.736891 1593317 AbstractObjectAttributesManagerBase.h:181] AbstractObjectAttributesManager<T>::createObject  (Stage) : Done making attributes with handle : /mnt/data_nas/deeprobotics/daiyang/vla/third_party/ETP-R1/data/scene_datasets/mp3d/B6ByNegPMKs/B6ByNegPMKs.glb
I0918 22:56:13.736893 1593317 AbstractObjectAttributesManagerBase.h:188] File (/mnt/data_nas/deeprobotics/daiyang/vla/third_party/ETP-R1/data/scene_datasets/mp3d/B6ByNegPMKs/B6ByNegPMKs.glb) exists but is not a recognized config filename extension, so new default Stage attributes created and registered.
I0918 22:56:13.736898 1593317 Simulator.cpp:156] Loading navmesh from /mnt/data_nas/deeprobotics/daiyang/vla/third_party/ETP-R1/data/scene_datasets/mp3d/B6ByNegPMKs/B6ByNegPMKs.navmesh
I0918 22:56:13.739569 1593317 Simulator.cpp:158] Loaded.
I0918 22:56:13.739579 1593317 SceneGraph.h:93] Created DrawableGroup: 
Renderer: NVIDIA GeForce RTX 5090/PCIe/SSE2 by NVIDIA Corporation
OpenGL version: 4.6.0 NVIDIA 580.126.09
Using optional features:
    GL_ARB_ES2_compatibility
    GL_ARB_direct_state_access
    GL_ARB_get_texture_sub_image
    GL_ARB_invalidate_subdata
    GL_ARB_multi_bind
    GL_ARB_robustness
    GL_ARB_separate_shader_objects
    GL_ARB_texture_filter_anisotropic
    GL_ARB_texture_storage
    GL_ARB_texture_storage_multisample
    GL_ARB_vertex_array_object
    GL_KHR_debug
Using driver workarounds:
    no-forward-compatible-core-context
    nv-egl-incorrect-gl11-function-pointers
    no-layout-qualifiers-on-old-glsl
    nv-zero-context-profile-mask
    nv-implementation-color-read-format-dsa-broken
    nv-cubemap-inconsistent-compressed-image-size
    nv-cubemap-broken-full-compressed-image-query
    nv-compressed-block-size-in-bits
I0918 22:56:13.743399 1593317 ResourceManager.cpp:234] ResourceManager::loadStage : Not loading semantic mesh
I0918 22:56:13.743408 1593317 ResourceManager.cpp:262] ResourceManager::loadStage : start load render asset /mnt/data_nas/deeprobotics/daiyang/vla/third_party/ETP-R1/data/scene_datasets/mp3d/B6ByNegPMKs/B6ByNegPMKs.glb.
I0918 22:56:13.743410 1593317 ResourceManager.cpp:569] ResourceManager::loadStageInternal : Attempting to load stage /mnt/data_nas/deeprobotics/daiyang/vla/third_party/ETP-R1/data/scene_datasets/mp3d/B6ByNegPMKs/B6ByNegPMKs.glb 
I0918 22:56:13.743427 1593317 ResourceManager.cpp:1119] Importing Basis files as BC7 for B6ByNegPMKs.glb
W0918 22:56:23.531921 1593317 Simulator.cpp:248] :
---
 The active scene does not contain semantic annotations. 
---
I0918 22:56:23.724994 1593317 simulator.py:213] Loaded navmesh /mnt/data_nas/deeprobotics/daiyang/vla/third_party/ETP-R1/data/scene_datasets/mp3d/B6ByNegPMKs/B6ByNegPMKs.navmesh
I0918 22:58:24.148453 1593317 PhysicsManager.cpp:33] Deconstructing PhysicsManager
I0918 22:58:24.148525 1593317 SemanticScene.h:41] Deconstructing SemanticScene
I0918 22:58:24.170073 1593317 SceneManager.h:25] Deconstructing SceneManager
I0918 22:58:24.170100 1593317 SceneGraph.h:26] Deconstructing SceneGraph
I0918 22:58:24.170917 1593317 Sensor.h:87] Deconstructing Sensor
I0918 22:58:24.194479 1593317 Renderer.cpp:34] Deconstructing Renderer
I0918 22:58:24.194531 1593317 WindowlessContext.h:17] Deconstructing WindowlessContext
I0918 22:58:24.217110 1593317 ManagedContainerBase.cpp:19] ManagedContainerBase::convertFilenameToJSON : Filename : default changed to proposed JSON configuration filename : default.scene_dataset_config.json
I0918 22:58:24.217144 1593317 AttributesManagerBase.h:283] AttributesManager<T>::createFromJsonOrDefaultInternal  (Dataset) : Proposing JSON name : default.scene_dataset_config.json from original name : default | This file  does not exist.
I0918 22:58:24.217329 1593317 AssetAttributesManager.cpp:117] Asset attributes (capsule3DSolid : capsule3DSolid_hemiRings_4_cylRings_1_segments_12_halfLen_0.75_useTexCoords_false_useTangents_false) created and registered.
I0918 22:58:24.217371 1593317 AssetAttributesManager.cpp:117] Asset attributes (capsule3DWireframe : capsule3DWireframe_hemiRings_8_cylRings_1_segments_16_halfLen_1) created and registered.
I0918 22:58:24.217407 1593317 AssetAttributesManager.cpp:117] Asset attributes (coneSolid : coneSolid_segments_12_halfLen_1.25_rings_1_useTexCoords_false_useTangents_false_capEnd_true) created and registered.
I0918 22:58:24.217430 1593317 AssetAttributesManager.cpp:117] Asset attributes (coneWireframe : coneWireframe_segments_32_halfLen_1.25) created and registered.
I0918 22:58:24.217443 1593317 AssetAttributesManager.cpp:117] Asset attributes (cubeSolid : cubeSolid) created and registered.
I0918 22:58:24.217453 1593317 AssetAttributesManager.cpp:117] Asset attributes (cubeWireframe : cubeWireframe) created and registered.
I0918 22:58:24.217484 1593317 AssetAttributesManager.cpp:117] Asset attributes (cylinderSolid : cylinderSolid_rings_1_segments_12_halfLen_1_useTexCoords_false_useTangents_false_capEnds_true) created and registered.
I0918 22:58:24.217512 1593317 AssetAttributesManager.cpp:117] Asset attributes (cylinderWireframe : cylinderWireframe_rings_1_segments_32_halfLen_1) created and registered.
I0918 22:58:24.217527 1593317 AssetAttributesManager.cpp:117] Asset attributes (icosphereSolid : icosphereSolid_subdivs_1) created and registered.
I0918 22:58:24.217548 1593317 AssetAttributesManager.cpp:117] Asset attributes (icosphereWireframe : icosphereWireframe_subdivs_1) created and registered.
I0918 22:58:24.217569 1593317 AssetAttributesManager.cpp:117] Asset attributes (uvSphereSolid : uvSphereSolid_rings_8_segments_16_useTexCoords_false_useTangents_false) created and registered.
I0918 22:58:24.217589 1593317 AssetAttributesManager.cpp:117] Asset attributes (uvSphereWireframe : uvSphereWireframe_rings_16_segments_32) created and registered.
I0918 22:58:24.217599 1593317 AssetAttributesManager.cpp:105] AssetAttributesManager::buildCtorFuncPtrMaps : Built default primitive asset templates : 12
I0918 22:58:24.218279 1593317 SceneDatasetAttributesManager.cpp:23] File (default) not found, so new default dataset attributes created and registered.
I0918 22:58:24.218282 1593317 MetadataMediator.cpp:47] MetadataMediator::createDataset : Dataset default successfully created.
I0918 22:58:24.218560 1593317 AttributesManagerBase.h:283] AttributesManager<T>::createFromJsonOrDefaultInternal  (Physics Manager) : Proposing JSON name : ./data/default.physics_config.json from original name : ./data/default.physics_config.json | This file  does not exist.
I0918 22:58:24.218580 1593317 PhysicsAttributesManager.cpp:27] File (./data/default.physics_config.json) not found, so new default physics manager attributes created and registered.
I0918 22:58:24.218585 1593317 AbstractObjectAttributesManagerBase.h:175] AbstractObjectAttributesManager<T>::createObject  (Stage) : Making attributes with handle : /mnt/data_nas/deeprobotics/daiyang/vla/third_party/ETP-R1/data/scene_datasets/mp3d/PuKPg4mmafe/PuKPg4mmafe.glb
I0918 22:58:24.218591 1593317 ManagedContainerBase.cpp:19] ManagedContainerBase::convertFilenameToJSON : Filename : /mnt/data_nas/deeprobotics/daiyang/vla/third_party/ETP-R1/data/scene_datasets/mp3d/PuKPg4mmafe/PuKPg4mmafe.glb changed to proposed JSON configuration filename : /mnt/data_nas/deeprobotics/daiyang/vla/third_party/ETP-R1/data/scene_datasets/mp3d/PuKPg4mmafe/PuKPg4mmafe.stage_config.json
I0918 22:58:24.218609 1593317 AttributesManagerBase.h:283] AttributesManager<T>::createFromJsonOrDefaultInternal  (Stage) : Proposing JSON name : /mnt/data_nas/deeprobotics/daiyang/vla/third_party/ETP-R1/data/scene_datasets/mp3d/PuKPg4mmafe/PuKPg4mmafe.stage_config.json from original name : /mnt/data_nas/deeprobotics/daiyang/vla/third_party/ETP-R1/data/scene_datasets/mp3d/PuKPg4mmafe/PuKPg4mmafe.glb | This file  does not exist.
I0918 22:58:24.218684 1593317 AbstractObjectAttributesManagerBase.h:181] AbstractObjectAttributesManager<T>::createObject  (Stage) : Done making attributes with handle : /mnt/data_nas/deeprobotics/daiyang/vla/third_party/ETP-R1/data/scene_datasets/mp3d/PuKPg4mmafe/PuKPg4mmafe.glb
I0918 22:58:24.218686 1593317 AbstractObjectAttributesManagerBase.h:188] File (/mnt/data_nas/deeprobotics/daiyang/vla/third_party/ETP-R1/data/scene_datasets/mp3d/PuKPg4mmafe/PuKPg4mmafe.glb) exists but is not a recognized config filename extension, so new default Stage attributes created and registered.
I0918 22:58:24.218694 1593317 Simulator.cpp:156] Loading navmesh from /mnt/data_nas/deeprobotics/daiyang/vla/third_party/ETP-R1/data/scene_datasets/mp3d/PuKPg4mmafe/PuKPg4mmafe.navmesh
I0918 22:58:24.219970 1593317 Simulator.cpp:158] Loaded.
I0918 22:58:24.219985 1593317 SceneGraph.h:93] Created DrawableGroup: 
Renderer: NVIDIA GeForce RTX 5090/PCIe/SSE2 by NVIDIA Corporation
OpenGL version: 4.6.0 NVIDIA 580.126.09
Using optional features:
    GL_ARB_ES2_compatibility
    GL_ARB_direct_state_access
    GL_ARB_get_texture_sub_image
    GL_ARB_invalidate_subdata
    GL_ARB_multi_bind
    GL_ARB_robustness
    GL_ARB_separate_shader_objects
    GL_ARB_texture_filter_anisotropic
    GL_ARB_texture_storage
    GL_ARB_texture_storage_multisample
    GL_ARB_vertex_array_object
    GL_KHR_debug
Using driver workarounds:
    no-forward-compatible-core-context
    nv-egl-incorrect-gl11-function-pointers
    no-layout-qualifiers-on-old-glsl
    nv-zero-context-profile-mask
    nv-implementation-color-read-format-dsa-broken
    nv-cubemap-inconsistent-compressed-image-size
    nv-cubemap-broken-full-compressed-image-query
    nv-compressed-block-size-in-bits
I0918 22:58:24.224793 1593317 ResourceManager.cpp:234] ResourceManager::loadStage : Not loading semantic mesh
I0918 22:58:24.224805 1593317 ResourceManager.cpp:262] ResourceManager::loadStage : start load render asset /mnt/data_nas/deeprobotics/daiyang/vla/third_party/ETP-R1/data/scene_datasets/mp3d/PuKPg4mmafe/PuKPg4mmafe.glb.
I0918 22:58:24.224808 1593317 ResourceManager.cpp:569] ResourceManager::loadStageInternal : Attempting to load stage /mnt/data_nas/deeprobotics/daiyang/vla/third_party/ETP-R1/data/scene_datasets/mp3d/PuKPg4mmafe/PuKPg4mmafe.glb 
I0918 22:58:24.224830 1593317 ResourceManager.cpp:1119] Importing Basis files as BC7 for PuKPg4mmafe.glb
W0918 22:58:29.030285 1593317 Simulator.cpp:248] :
---
 The active scene does not contain semantic annotations. 
---
I0918 22:58:29.051091 1593317 simulator.py:213] Loaded navmesh /mnt/data_nas/deeprobotics/daiyang/vla/third_party/ETP-R1/data/scene_datasets/mp3d/PuKPg4mmafe/PuKPg4mmafe.navmesh
I0918 23:00:10.707785 1593317 PhysicsManager.cpp:33] Deconstructing PhysicsManager
I0918 23:00:10.707858 1593317 SemanticScene.h:41] Deconstructing SemanticScene
I0918 23:00:10.709367 1593317 SceneManager.h:25] Deconstructing SceneManager
I0918 23:00:10.709385 1593317 SceneGraph.h:26] Deconstructing SceneGraph
I0918 23:00:10.709786 1593317 Sensor.h:87] Deconstructing Sensor
I0918 23:00:10.717495 1593317 Renderer.cpp:34] Deconstructing Renderer
I0918 23:00:10.717535 1593317 WindowlessContext.h:17] Deconstructing WindowlessContext
I0918 23:00:10.735386 1593317 ManagedContainerBase.cpp:19] ManagedContainerBase::convertFilenameToJSON : Filename : default changed to proposed JSON configuration filename : default.scene_dataset_config.json
I0918 23:00:10.735414 1593317 AttributesManagerBase.h:283] AttributesManager<T>::createFromJsonOrDefaultInternal  (Dataset) : Proposing JSON name : default.scene_dataset_config.json from original name : default | This file  does not exist.
I0918 23:00:10.735916 1593317 AssetAttributesManager.cpp:117] Asset attributes (capsule3DSolid : capsule3DSolid_hemiRings_4_cylRings_1_segments_12_halfLen_0.75_useTexCoords_false_useTangents_false) created and registered.
I0918 23:00:10.735963 1593317 AssetAttributesManager.cpp:117] Asset attributes (capsule3DWireframe : capsule3DWireframe_hemiRings_8_cylRings_1_segments_16_halfLen_1) created and registered.
I0918 23:00:10.735999 1593317 AssetAttributesManager.cpp:117] Asset attributes (coneSolid : coneSolid_segments_12_halfLen_1.25_rings_1_useTexCoords_false_useTangents_false_capEnd_true) created and registered.
I0918 23:00:10.736024 1593317 AssetAttributesManager.cpp:117] Asset attributes (coneWireframe : coneWireframe_segments_32_halfLen_1.25) created and registered.
I0918 23:00:10.736038 1593317 AssetAttributesManager.cpp:117] Asset attributes (cubeSolid : cubeSolid) created and registered.
I0918 23:00:10.736047 1593317 AssetAttributesManager.cpp:117] Asset attributes (cubeWireframe : cubeWireframe) created and registered.
I0918 23:00:10.736080 1593317 AssetAttributesManager.cpp:117] Asset attributes (cylinderSolid : cylinderSolid_rings_1_segments_12_halfLen_1_useTexCoords_false_useTangents_false_capEnds_true) created and registered.
I0918 23:00:10.736109 1593317 AssetAttributesManager.cpp:117] Asset attributes (cylinderWireframe : cylinderWireframe_rings_1_segments_32_halfLen_1) created and registered.
I0918 23:00:10.736126 1593317 AssetAttributesManager.cpp:117] Asset attributes (icosphereSolid : icosphereSolid_subdivs_1) created and registered.
I0918 23:00:10.736140 1593317 AssetAttributesManager.cpp:117] Asset attributes (icosphereWireframe : icosphereWireframe_subdivs_1) created and registered.
I0918 23:00:10.736160 1593317 AssetAttributesManager.cpp:117] Asset attributes (uvSphereSolid : uvSphereSolid_rings_8_segments_16_useTexCoords_false_useTangents_false) created and registered.
I0918 23:00:10.736188 1593317 AssetAttributesManager.cpp:117] Asset attributes (uvSphereWireframe : uvSphereWireframe_rings_16_segments_32) created and registered.
I0918 23:00:10.736197 1593317 AssetAttributesManager.cpp:105] AssetAttributesManager::buildCtorFuncPtrMaps : Built default primitive asset templates : 12
I0918 23:00:10.736888 1593317 SceneDatasetAttributesManager.cpp:23] File (default) not found, so new default dataset attributes created and registered.
I0918 23:00:10.736896 1593317 MetadataMediator.cpp:47] MetadataMediator::createDataset : Dataset default successfully created.
I0918 23:00:10.737182 1593317 AttributesManagerBase.h:283] AttributesManager<T>::createFromJsonOrDefaultInternal  (Physics Manager) : Proposing JSON name : ./data/default.physics_config.json from original name : ./data/default.physics_config.json | This file  does not exist.
I0918 23:00:10.737207 1593317 PhysicsAttributesManager.cpp:27] File (./data/default.physics_config.json) not found, so new default physics manager attributes created and registered.
I0918 23:00:10.737213 1593317 AbstractObjectAttributesManagerBase.h:175] AbstractObjectAttributesManager<T>::createObject  (Stage) : Making attributes with handle : /mnt/data_nas/deeprobotics/daiyang/vla/third_party/ETP-R1/data/scene_datasets/mp3d/aayBHfsNo7d/aayBHfsNo7d.glb
I0918 23:00:10.737221 1593317 ManagedContainerBase.cpp:19] ManagedContainerBase::convertFilenameToJSON : Filename : /mnt/data_nas/deeprobotics/daiyang/vla/third_party/ETP-R1/data/scene_datasets/mp3d/aayBHfsNo7d/aayBHfsNo7d.glb changed to proposed JSON configuration filename : /mnt/data_nas/deeprobotics/daiyang/vla/third_party/ETP-R1/data/scene_datasets/mp3d/aayBHfsNo7d/aayBHfsNo7d.stage_config.json
I0918 23:00:10.737241 1593317 AttributesManagerBase.h:283] AttributesManager<T>::createFromJsonOrDefaultInternal  (Stage) : Proposing JSON name : /mnt/data_nas/deeprobotics/daiyang/vla/third_party/ETP-R1/data/scene_datasets/mp3d/aayBHfsNo7d/aayBHfsNo7d.stage_config.json from original name : /mnt/data_nas/deeprobotics/daiyang/vla/third_party/ETP-R1/data/scene_datasets/mp3d/aayBHfsNo7d/aayBHfsNo7d.glb | This file  does not exist.
I0918 23:00:10.737326 1593317 AbstractObjectAttributesManagerBase.h:181] AbstractObjectAttributesManager<T>::createObject  (Stage) : Done making attributes with handle : /mnt/data_nas/deeprobotics/daiyang/vla/third_party/ETP-R1/data/scene_datasets/mp3d/aayBHfsNo7d/aayBHfsNo7d.glb
I0918 23:00:10.737330 1593317 AbstractObjectAttributesManagerBase.h:188] File (/mnt/data_nas/deeprobotics/daiyang/vla/third_party/ETP-R1/data/scene_datasets/mp3d/aayBHfsNo7d/aayBHfsNo7d.glb) exists but is not a recognized config filename extension, so new default Stage attributes created and registered.
I0918 23:00:10.737339 1593317 Simulator.cpp:156] Loading navmesh from /mnt/data_nas/deeprobotics/daiyang/vla/third_party/ETP-R1/data/scene_datasets/mp3d/aayBHfsNo7d/aayBHfsNo7d.navmesh
I0918 23:00:10.738838 1593317 Simulator.cpp:158] Loaded.
I0918 23:00:10.738859 1593317 SceneGraph.h:93] Created DrawableGroup: 
Renderer: NVIDIA GeForce RTX 5090/PCIe/SSE2 by NVIDIA Corporation
OpenGL version: 4.6.0 NVIDIA 580.126.09
Using optional features:
    GL_ARB_ES2_compatibility
    GL_ARB_direct_state_access
    GL_ARB_get_texture_sub_image
    GL_ARB_invalidate_subdata
    GL_ARB_multi_bind
    GL_ARB_robustness
    GL_ARB_separate_shader_objects
    GL_ARB_texture_filter_anisotropic
    GL_ARB_texture_storage
    GL_ARB_texture_storage_multisample
    GL_ARB_vertex_array_object
    GL_KHR_debug
Using driver workarounds:
    no-forward-compatible-core-context
    nv-egl-incorrect-gl11-function-pointers
    no-layout-qualifiers-on-old-glsl
    nv-zero-context-profile-mask
    nv-implementation-color-read-format-dsa-broken
    nv-cubemap-inconsistent-compressed-image-size
    nv-cubemap-broken-full-compressed-image-query
    nv-compressed-block-size-in-bits
I0918 23:00:10.743801 1593317 ResourceManager.cpp:234] ResourceManager::loadStage : Not loading semantic mesh
I0918 23:00:10.743816 1593317 ResourceManager.cpp:262] ResourceManager::loadStage : start load render asset /mnt/data_nas/deeprobotics/daiyang/vla/third_party/ETP-R1/data/scene_datasets/mp3d/aayBHfsNo7d/aayBHfsNo7d.glb.
I0918 23:00:10.743825 1593317 ResourceManager.cpp:569] ResourceManager::loadStageInternal : Attempting to load stage /mnt/data_nas/deeprobotics/daiyang/vla/third_party/ETP-R1/data/scene_datasets/mp3d/aayBHfsNo7d/aayBHfsNo7d.glb 
I0918 23:00:10.743850 1593317 ResourceManager.cpp:1119] Importing Basis files as BC7 for aayBHfsNo7d.glb
W0918 23:00:12.546427 1593317 Simulator.cpp:248] :
---
 The active scene does not contain semantic annotations. 
---
I0918 23:00:12.587898 1593317 simulator.py:213] Loaded navmesh /mnt/data_nas/deeprobotics/daiyang/vla/third_party/ETP-R1/data/scene_datasets/mp3d/aayBHfsNo7d/aayBHfsNo7d.navmesh
I0918 23:00:40.372767 1593317 PhysicsManager.cpp:33] Deconstructing PhysicsManager
I0918 23:00:40.372807 1593317 SemanticScene.h:41] Deconstructing SemanticScene
I0918 23:00:40.375634 1593317 SceneManager.h:25] Deconstructing SceneManager
I0918 23:00:40.375644 1593317 SceneGraph.h:26] Deconstructing SceneGraph
I0918 23:00:40.376248 1593317 Sensor.h:87] Deconstructing Sensor
I0918 23:00:40.378644 1593317 Renderer.cpp:34] Deconstructing Renderer
I0918 23:00:40.378665 1593317 WindowlessContext.h:17] Deconstructing WindowlessContext
I0918 23:00:40.384423 1593317 ManagedContainerBase.cpp:19] ManagedContainerBase::convertFilenameToJSON : Filename : default changed to proposed JSON configuration filename : default.scene_dataset_config.json
I0918 23:00:40.384438 1593317 AttributesManagerBase.h:283] AttributesManager<T>::createFromJsonOrDefaultInternal  (Dataset) : Proposing JSON name : default.scene_dataset_config.json from original name : default | This file  does not exist.
I0918 23:00:40.384984 1593317 AssetAttributesManager.cpp:117] Asset attributes (capsule3DSolid : capsule3DSolid_hemiRings_4_cylRings_1_segments_12_halfLen_0.75_useTexCoords_false_useTangents_false) created and registered.
I0918 23:00:40.385012 1593317 AssetAttributesManager.cpp:117] Asset attributes (capsule3DWireframe : capsule3DWireframe_hemiRings_8_cylRings_1_segments_16_halfLen_1) created and registered.
I0918 23:00:40.385035 1593317 AssetAttributesManager.cpp:117] Asset attributes (coneSolid : coneSolid_segments_12_halfLen_1.25_rings_1_useTexCoords_false_useTangents_false_capEnd_true) created and registered.
I0918 23:00:40.385049 1593317 AssetAttributesManager.cpp:117] Asset attributes (coneWireframe : coneWireframe_segments_32_halfLen_1.25) created and registered.
I0918 23:00:40.385058 1593317 AssetAttributesManager.cpp:117] Asset attributes (cubeSolid : cubeSolid) created and registered.
I0918 23:00:40.385064 1593317 AssetAttributesManager.cpp:117] Asset attributes (cubeWireframe : cubeWireframe) created and registered.
I0918 23:00:40.385083 1593317 AssetAttributesManager.cpp:117] Asset attributes (cylinderSolid : cylinderSolid_rings_1_segments_12_halfLen_1_useTexCoords_false_useTangents_false_capEnds_true) created and registered.
I0918 23:00:40.385099 1593317 AssetAttributesManager.cpp:117] Asset attributes (cylinderWireframe : cylinderWireframe_rings_1_segments_32_halfLen_1) created and registered.
I0918 23:00:40.385110 1593317 AssetAttributesManager.cpp:117] Asset attributes (icosphereSolid : icosphereSolid_subdivs_1) created and registered.
I0918 23:00:40.385119 1593317 AssetAttributesManager.cpp:117] Asset attributes (icosphereWireframe : icosphereWireframe_subdivs_1) created and registered.
I0918 23:00:40.385133 1593317 AssetAttributesManager.cpp:117] Asset attributes (uvSphereSolid : uvSphereSolid_rings_8_segments_16_useTexCoords_false_useTangents_false) created and registered.
I0918 23:00:40.385145 1593317 AssetAttributesManager.cpp:117] Asset attributes (uvSphereWireframe : uvSphereWireframe_rings_16_segments_32) created and registered.
I0918 23:00:40.385152 1593317 AssetAttributesManager.cpp:105] AssetAttributesManager::buildCtorFuncPtrMaps : Built default primitive asset templates : 12
I0918 23:00:40.385560 1593317 SceneDatasetAttributesManager.cpp:23] File (default) not found, so new default dataset attributes created and registered.
I0918 23:00:40.385567 1593317 MetadataMediator.cpp:47] MetadataMediator::createDataset : Dataset default successfully created.
I0918 23:00:40.385763 1593317 AttributesManagerBase.h:283] AttributesManager<T>::createFromJsonOrDefaultInternal  (Physics Manager) : Proposing JSON name : ./data/default.physics_config.json from original name : ./data/default.physics_config.json | This file  does not exist.
I0918 23:00:40.385776 1593317 PhysicsAttributesManager.cpp:27] File (./data/default.physics_config.json) not found, so new default physics manager attributes created and registered.
I0918 23:00:40.385780 1593317 AbstractObjectAttributesManagerBase.h:175] AbstractObjectAttributesManager<T>::createObject  (Stage) : Making attributes with handle : /mnt/data_nas/deeprobotics/daiyang/vla/third_party/ETP-R1/data/scene_datasets/mp3d/82sE5b5pLXE/82sE5b5pLXE.glb
I0918 23:00:40.385784 1593317 ManagedContainerBase.cpp:19] ManagedContainerBase::convertFilenameToJSON : Filename : /mnt/data_nas/deeprobotics/daiyang/vla/third_party/ETP-R1/data/scene_datasets/mp3d/82sE5b5pLXE/82sE5b5pLXE.glb changed to proposed JSON configuration filename : /mnt/data_nas/deeprobotics/daiyang/vla/third_party/ETP-R1/data/scene_datasets/mp3d/82sE5b5pLXE/82sE5b5pLXE.stage_config.json
I0918 23:00:40.385797 1593317 AttributesManagerBase.h:283] AttributesManager<T>::createFromJsonOrDefaultInternal  (Stage) : Proposing JSON name : /mnt/data_nas/deeprobotics/daiyang/vla/third_party/ETP-R1/data/scene_datasets/mp3d/82sE5b5pLXE/82sE5b5pLXE.stage_config.json from original name : /mnt/data_nas/deeprobotics/daiyang/vla/third_party/ETP-R1/data/scene_datasets/mp3d/82sE5b5pLXE/82sE5b5pLXE.glb | This file  does not exist.
I0918 23:00:40.385843 1593317 AbstractObjectAttributesManagerBase.h:181] AbstractObjectAttributesManager<T>::createObject  (Stage) : Done making attributes with handle : /mnt/data_nas/deeprobotics/daiyang/vla/third_party/ETP-R1/data/scene_datasets/mp3d/82sE5b5pLXE/82sE5b5pLXE.glb
I0918 23:00:40.385845 1593317 AbstractObjectAttributesManagerBase.h:188] File (/mnt/data_nas/deeprobotics/daiyang/vla/third_party/ETP-R1/data/scene_datasets/mp3d/82sE5b5pLXE/82sE5b5pLXE.glb) exists but is not a recognized config filename extension, so new default Stage attributes created and registered.
I0918 23:00:40.385850 1593317 Simulator.cpp:156] Loading navmesh from /mnt/data_nas/deeprobotics/daiyang/vla/third_party/ETP-R1/data/scene_datasets/mp3d/82sE5b5pLXE/82sE5b5pLXE.navmesh
I0918 23:00:40.386955 1593317 Simulator.cpp:158] Loaded.
I0918 23:00:40.386961 1593317 SceneGraph.h:93] Created DrawableGroup: 
Renderer: NVIDIA GeForce RTX 5090/PCIe/SSE2 by NVIDIA Corporation
OpenGL version: 4.6.0 NVIDIA 580.126.09
Using optional features:
    GL_ARB_ES2_compatibility
    GL_ARB_direct_state_access
    GL_ARB_get_texture_sub_image
    GL_ARB_invalidate_subdata
    GL_ARB_multi_bind
    GL_ARB_robustness
    GL_ARB_separate_shader_objects
    GL_ARB_texture_filter_anisotropic
    GL_ARB_texture_storage
    GL_ARB_texture_storage_multisample
    GL_ARB_vertex_array_object
    GL_KHR_debug
Using driver workarounds:
    no-forward-compatible-core-context
    nv-egl-incorrect-gl11-function-pointers
    no-layout-qualifiers-on-old-glsl
    nv-zero-context-profile-mask
    nv-implementation-color-read-format-dsa-broken
    nv-cubemap-inconsistent-compressed-image-size
    nv-cubemap-broken-full-compressed-image-query
    nv-compressed-block-size-in-bits
I0918 23:00:40.390592 1593317 ResourceManager.cpp:234] ResourceManager::loadStage : Not loading semantic mesh
I0918 23:00:40.390601 1593317 ResourceManager.cpp:262] ResourceManager::loadStage : start load render asset /mnt/data_nas/deeprobotics/daiyang/vla/third_party/ETP-R1/data/scene_datasets/mp3d/82sE5b5pLXE/82sE5b5pLXE.glb.
I0918 23:00:40.390604 1593317 ResourceManager.cpp:569] ResourceManager::loadStageInternal : Attempting to load stage /mnt/data_nas/deeprobotics/daiyang/vla/third_party/ETP-R1/data/scene_datasets/mp3d/82sE5b5pLXE/82sE5b5pLXE.glb 
I0918 23:00:40.390625 1593317 ResourceManager.cpp:1119] Importing Basis files as BC7 for 82sE5b5pLXE.glb
W0918 23:00:42.520531 1593317 Simulator.cpp:248] :
---
 The active scene does not contain semantic annotations. 
---
I0918 23:00:42.573562 1593317 simulator.py:213] Loaded navmesh /mnt/data_nas/deeprobotics/daiyang/vla/third_party/ETP-R1/data/scene_datasets/mp3d/82sE5b5pLXE/82sE5b5pLXE.navmesh
I0918 23:03:19.321695 1593317 PhysicsManager.cpp:33] Deconstructing PhysicsManager
I0918 23:03:19.321759 1593317 SemanticScene.h:41] Deconstructing SemanticScene
I0918 23:03:19.323815 1593317 SceneManager.h:25] Deconstructing SceneManager
I0918 23:03:19.323824 1593317 SceneGraph.h:26] Deconstructing SceneGraph
I0918 23:03:19.324121 1593317 Sensor.h:87] Deconstructing Sensor
I0918 23:03:19.328329 1593317 Renderer.cpp:34] Deconstructing Renderer
I0918 23:03:19.328356 1593317 WindowlessContext.h:17] Deconstructing WindowlessContext
I0918 23:03:19.334704 1593317 ManagedContainerBase.cpp:19] ManagedContainerBase::convertFilenameToJSON : Filename : default changed to proposed JSON configuration filename : default.scene_dataset_config.json
I0918 23:03:19.334722 1593317 AttributesManagerBase.h:283] AttributesManager<T>::createFromJsonOrDefaultInternal  (Dataset) : Proposing JSON name : default.scene_dataset_config.json from original name : default | This file  does not exist.
I0918 23:03:19.335021 1593317 AssetAttributesManager.cpp:117] Asset attributes (capsule3DSolid : capsule3DSolid_hemiRings_4_cylRings_1_segments_12_halfLen_0.75_useTexCoords_false_useTangents_false) created and registered.
I0918 23:03:19.335049 1593317 AssetAttributesManager.cpp:117] Asset attributes (capsule3DWireframe : capsule3DWireframe_hemiRings_8_cylRings_1_segments_16_halfLen_1) created and registered.
I0918 23:03:19.335076 1593317 AssetAttributesManager.cpp:117] Asset attributes (coneSolid : coneSolid_segments_12_halfLen_1.25_rings_1_useTexCoords_false_useTangents_false_capEnd_true) created and registered.
I0918 23:03:19.335090 1593317 AssetAttributesManager.cpp:117] Asset attributes (coneWireframe : coneWireframe_segments_32_halfLen_1.25) created and registered.
I0918 23:03:19.335099 1593317 AssetAttributesManager.cpp:117] Asset attributes (cubeSolid : cubeSolid) created and registered.
I0918 23:03:19.335105 1593317 AssetAttributesManager.cpp:117] Asset attributes (cubeWireframe : cubeWireframe) created and registered.
I0918 23:03:19.335126 1593317 AssetAttributesManager.cpp:117] Asset attributes (cylinderSolid : cylinderSolid_rings_1_segments_12_halfLen_1_useTexCoords_false_useTangents_false_capEnds_true) created and registered.
I0918 23:03:19.335142 1593317 AssetAttributesManager.cpp:117] Asset attributes (cylinderWireframe : cylinderWireframe_rings_1_segments_32_halfLen_1) created and registered.
I0918 23:03:19.335155 1593317 AssetAttributesManager.cpp:117] Asset attributes (icosphereSolid : icosphereSolid_subdivs_1) created and registered.
I0918 23:03:19.335162 1593317 AssetAttributesManager.cpp:117] Asset attributes (icosphereWireframe : icosphereWireframe_subdivs_1) created and registered.
I0918 23:03:19.335176 1593317 AssetAttributesManager.cpp:117] Asset attributes (uvSphereSolid : uvSphereSolid_rings_8_segments_16_useTexCoords_false_useTangents_false) created and registered.
I0918 23:03:19.335191 1593317 AssetAttributesManager.cpp:117] Asset attributes (uvSphereWireframe : uvSphereWireframe_rings_16_segments_32) created and registered.
I0918 23:03:19.335196 1593317 AssetAttributesManager.cpp:105] AssetAttributesManager::buildCtorFuncPtrMaps : Built default primitive asset templates : 12
I0918 23:03:19.335604 1593317 SceneDatasetAttributesManager.cpp:23] File (default) not found, so new default dataset attributes created and registered.
I0918 23:03:19.335608 1593317 MetadataMediator.cpp:47] MetadataMediator::createDataset : Dataset default successfully created.
I0918 23:03:19.336619 1593317 AttributesManagerBase.h:283] AttributesManager<T>::createFromJsonOrDefaultInternal  (Physics Manager) : Proposing JSON name : ./data/default.physics_config.json from original name : ./data/default.physics_config.json | This file  does not exist.
I0918 23:03:19.336642 1593317 PhysicsAttributesManager.cpp:27] File (./data/default.physics_config.json) not found, so new default physics manager attributes created and registered.
I0918 23:03:19.336645 1593317 AbstractObjectAttributesManagerBase.h:175] AbstractObjectAttributesManager<T>::createObject  (Stage) : Making attributes with handle : /mnt/data_nas/deeprobotics/daiyang/vla/third_party/ETP-R1/data/scene_datasets/mp3d/B6ByNegPMKs/B6ByNegPMKs.glb
I0918 23:03:19.336649 1593317 ManagedContainerBase.cpp:19] ManagedContainerBase::convertFilenameToJSON : Filename : /mnt/data_nas/deeprobotics/daiyang/vla/third_party/ETP-R1/data/scene_datasets/mp3d/B6ByNegPMKs/B6ByNegPMKs.glb changed to proposed JSON configuration filename : /mnt/data_nas/deeprobotics/daiyang/vla/third_party/ETP-R1/data/scene_datasets/mp3d/B6ByNegPMKs/B6ByNegPMKs.stage_config.json
I0918 23:03:19.338995 1593317 AttributesManagerBase.h:283] AttributesManager<T>::createFromJsonOrDefaultInternal  (Stage) : Proposing JSON name : /mnt/data_nas/deeprobotics/daiyang/vla/third_party/ETP-R1/data/scene_datasets/mp3d/B6ByNegPMKs/B6ByNegPMKs.stage_config.json from original name : /mnt/data_nas/deeprobotics/daiyang/vla/third_party/ETP-R1/data/scene_datasets/mp3d/B6ByNegPMKs/B6ByNegPMKs.glb | This file  does not exist.
I0918 23:03:19.339047 1593317 AbstractObjectAttributesManagerBase.h:181] AbstractObjectAttributesManager<T>::createObject  (Stage) : Done making attributes with handle : /mnt/data_nas/deeprobotics/daiyang/vla/third_party/ETP-R1/data/scene_datasets/mp3d/B6ByNegPMKs/B6ByNegPMKs.glb
I0918 23:03:19.339049 1593317 AbstractObjectAttributesManagerBase.h:188] File (/mnt/data_nas/deeprobotics/daiyang/vla/third_party/ETP-R1/data/scene_datasets/mp3d/B6ByNegPMKs/B6ByNegPMKs.glb) exists but is not a recognized config filename extension, so new default Stage attributes created and registered.
I0918 23:03:19.339054 1593317 Simulator.cpp:156] Loading navmesh from /mnt/data_nas/deeprobotics/daiyang/vla/third_party/ETP-R1/data/scene_datasets/mp3d/B6ByNegPMKs/B6ByNegPMKs.navmesh
I0918 23:03:19.340572 1593317 Simulator.cpp:158] Loaded.
I0918 23:03:19.340580 1593317 SceneGraph.h:93] Created DrawableGroup: 
Renderer: NVIDIA GeForce RTX 5090/PCIe/SSE2 by NVIDIA Corporation
OpenGL version: 4.6.0 NVIDIA 580.126.09
Using optional features:
    GL_ARB_ES2_compatibility
    GL_ARB_direct_state_access
    GL_ARB_get_texture_sub_image
    GL_ARB_invalidate_subdata
    GL_ARB_multi_bind
    GL_ARB_robustness
    GL_ARB_separate_shader_objects
    GL_ARB_texture_filter_anisotropic
    GL_ARB_texture_storage
    GL_ARB_texture_storage_multisample
    GL_ARB_vertex_array_object
    GL_KHR_debug
Using driver workarounds:
    no-forward-compatible-core-context
    nv-egl-incorrect-gl11-function-pointers
    no-layout-qualifiers-on-old-glsl
    nv-zero-context-profile-mask
    nv-implementation-color-read-format-dsa-broken
    nv-cubemap-inconsistent-compressed-image-size
    nv-cubemap-broken-full-compressed-image-query
    nv-compressed-block-size-in-bits
I0918 23:03:19.344400 1593317 ResourceManager.cpp:234] ResourceManager::loadStage : Not loading semantic mesh
I0918 23:03:19.344410 1593317 ResourceManager.cpp:262] ResourceManager::loadStage : start load render asset /mnt/data_nas/deeprobotics/daiyang/vla/third_party/ETP-R1/data/scene_datasets/mp3d/B6ByNegPMKs/B6ByNegPMKs.glb.
I0918 23:03:19.344412 1593317 ResourceManager.cpp:569] ResourceManager::loadStageInternal : Attempting to load stage /mnt/data_nas/deeprobotics/daiyang/vla/third_party/ETP-R1/data/scene_datasets/mp3d/B6ByNegPMKs/B6ByNegPMKs.glb 
I0918 23:03:19.344430 1593317 ResourceManager.cpp:1119] Importing Basis files as BC7 for B6ByNegPMKs.glb
W0918 23:03:29.210421 1593317 Simulator.cpp:248] :
---
 The active scene does not contain semantic annotations. 
---
I0918 23:03:29.414127 1593317 simulator.py:213] Loaded navmesh /mnt/data_nas/deeprobotics/daiyang/vla/third_party/ETP-R1/data/scene_datasets/mp3d/B6ByNegPMKs/B6ByNegPMKs.navmesh
I0918 23:04:33.750734 1593317 PhysicsManager.cpp:33] Deconstructing PhysicsManager
I0918 23:04:33.750779 1593317 SemanticScene.h:41] Deconstructing SemanticScene
I0918 23:04:33.767582 1593317 SceneManager.h:25] Deconstructing SceneManager
I0918 23:04:33.767598 1593317 SceneGraph.h:26] Deconstructing SceneGraph
I0918 23:04:33.768108 1593317 Sensor.h:87] Deconstructing Sensor
I0918 23:04:33.783802 1593317 Renderer.cpp:34] Deconstructing Renderer
I0918 23:04:33.783838 1593317 WindowlessContext.h:17] Deconstructing WindowlessContext
I0918 23:04:33.801569 1593317 ManagedContainerBase.cpp:19] ManagedContainerBase::convertFilenameToJSON : Filename : default changed to proposed JSON configuration filename : default.scene_dataset_config.json
I0918 23:04:33.801590 1593317 AttributesManagerBase.h:283] AttributesManager<T>::createFromJsonOrDefaultInternal  (Dataset) : Proposing JSON name : default.scene_dataset_config.json from original name : default | This file  does not exist.
I0918 23:04:33.801837 1593317 AssetAttributesManager.cpp:117] Asset attributes (capsule3DSolid : capsule3DSolid_hemiRings_4_cylRings_1_segments_12_halfLen_0.75_useTexCoords_false_useTangents_false) created and registered.
I0918 23:04:33.801865 1593317 AssetAttributesManager.cpp:117] Asset attributes (capsule3DWireframe : capsule3DWireframe_hemiRings_8_cylRings_1_segments_16_halfLen_1) created and registered.
I0918 23:04:33.801888 1593317 AssetAttributesManager.cpp:117] Asset attributes (coneSolid : coneSolid_segments_12_halfLen_1.25_rings_1_useTexCoords_false_useTangents_false_capEnd_true) created and registered.
I0918 23:04:33.801903 1593317 AssetAttributesManager.cpp:117] Asset attributes (coneWireframe : coneWireframe_segments_32_halfLen_1.25) created and registered.
I0918 23:04:33.801911 1593317 AssetAttributesManager.cpp:117] Asset attributes (cubeSolid : cubeSolid) created and registered.
I0918 23:04:33.801918 1593317 AssetAttributesManager.cpp:117] Asset attributes (cubeWireframe : cubeWireframe) created and registered.
I0918 23:04:33.801937 1593317 AssetAttributesManager.cpp:117] Asset attributes (cylinderSolid : cylinderSolid_rings_1_segments_12_halfLen_1_useTexCoords_false_useTangents_false_capEnds_true) created and registered.
I0918 23:04:33.801954 1593317 AssetAttributesManager.cpp:117] Asset attributes (cylinderWireframe : cylinderWireframe_rings_1_segments_32_halfLen_1) created and registered.
I0918 23:04:33.801965 1593317 AssetAttributesManager.cpp:117] Asset attributes (icosphereSolid : icosphereSolid_subdivs_1) created and registered.
I0918 23:04:33.801975 1593317 AssetAttributesManager.cpp:117] Asset attributes (icosphereWireframe : icosphereWireframe_subdivs_1) created and registered.
I0918 23:04:33.801990 1593317 AssetAttributesManager.cpp:117] Asset attributes (uvSphereSolid : uvSphereSolid_rings_8_segments_16_useTexCoords_false_useTangents_false) created and registered.
I0918 23:04:33.802002 1593317 AssetAttributesManager.cpp:117] Asset attributes (uvSphereWireframe : uvSphereWireframe_rings_16_segments_32) created and registered.
I0918 23:04:33.802009 1593317 AssetAttributesManager.cpp:105] AssetAttributesManager::buildCtorFuncPtrMaps : Built default primitive asset templates : 12
I0918 23:04:33.802426 1593317 SceneDatasetAttributesManager.cpp:23] File (default) not found, so new default dataset attributes created and registered.
I0918 23:04:33.802429 1593317 MetadataMediator.cpp:47] MetadataMediator::createDataset : Dataset default successfully created.
I0918 23:04:33.802632 1593317 AttributesManagerBase.h:283] AttributesManager<T>::createFromJsonOrDefaultInternal  (Physics Manager) : Proposing JSON name : ./data/default.physics_config.json from original name : ./data/default.physics_config.json | This file  does not exist.
I0918 23:04:33.802644 1593317 PhysicsAttributesManager.cpp:27] File (./data/default.physics_config.json) not found, so new default physics manager attributes created and registered.
I0918 23:04:33.802647 1593317 AbstractObjectAttributesManagerBase.h:175] AbstractObjectAttributesManager<T>::createObject  (Stage) : Making attributes with handle : /mnt/data_nas/deeprobotics/daiyang/vla/third_party/ETP-R1/data/scene_datasets/mp3d/PuKPg4mmafe/PuKPg4mmafe.glb
I0918 23:04:33.802660 1593317 ManagedContainerBase.cpp:19] ManagedContainerBase::convertFilenameToJSON : Filename : /mnt/data_nas/deeprobotics/daiyang/vla/third_party/ETP-R1/data/scene_datasets/mp3d/PuKPg4mmafe/PuKPg4mmafe.glb changed to proposed JSON configuration filename : /mnt/data_nas/deeprobotics/daiyang/vla/third_party/ETP-R1/data/scene_datasets/mp3d/PuKPg4mmafe/PuKPg4mmafe.stage_config.json
I0918 23:04:33.802675 1593317 AttributesManagerBase.h:283] AttributesManager<T>::createFromJsonOrDefaultInternal  (Stage) : Proposing JSON name : /mnt/data_nas/deeprobotics/daiyang/vla/third_party/ETP-R1/data/scene_datasets/mp3d/PuKPg4mmafe/PuKPg4mmafe.stage_config.json from original name : /mnt/data_nas/deeprobotics/daiyang/vla/third_party/ETP-R1/data/scene_datasets/mp3d/PuKPg4mmafe/PuKPg4mmafe.glb | This file  does not exist.
I0918 23:04:33.802723 1593317 AbstractObjectAttributesManagerBase.h:181] AbstractObjectAttributesManager<T>::createObject  (Stage) : Done making attributes with handle : /mnt/data_nas/deeprobotics/daiyang/vla/third_party/ETP-R1/data/scene_datasets/mp3d/PuKPg4mmafe/PuKPg4mmafe.glb
I0918 23:04:33.802726 1593317 AbstractObjectAttributesManagerBase.h:188] File (/mnt/data_nas/deeprobotics/daiyang/vla/third_party/ETP-R1/data/scene_datasets/mp3d/PuKPg4mmafe/PuKPg4mmafe.glb) exists but is not a recognized config filename extension, so new default Stage attributes created and registered.
I0918 23:04:33.802731 1593317 Simulator.cpp:156] Loading navmesh from /mnt/data_nas/deeprobotics/daiyang/vla/third_party/ETP-R1/data/scene_datasets/mp3d/PuKPg4mmafe/PuKPg4mmafe.navmesh
I0918 23:04:33.804145 1593317 Simulator.cpp:158] Loaded.
I0918 23:04:33.804155 1593317 SceneGraph.h:93] Created DrawableGroup: 
Renderer: NVIDIA GeForce RTX 5090/PCIe/SSE2 by NVIDIA Corporation
OpenGL version: 4.6.0 NVIDIA 580.126.09
Using optional features:
    GL_ARB_ES2_compatibility
    GL_ARB_direct_state_access
    GL_ARB_get_texture_sub_image
    GL_ARB_invalidate_subdata
    GL_ARB_multi_bind
    GL_ARB_robustness
    GL_ARB_separate_shader_objects
    GL_ARB_texture_filter_anisotropic
    GL_ARB_texture_storage
    GL_ARB_texture_storage_multisample
    GL_ARB_vertex_array_object
    GL_KHR_debug
Using driver workarounds:
    no-forward-compatible-core-context
    nv-egl-incorrect-gl11-function-pointers
    no-layout-qualifiers-on-old-glsl
    nv-zero-context-profile-mask
    nv-implementation-color-read-format-dsa-broken
    nv-cubemap-inconsistent-compressed-image-size
    nv-cubemap-broken-full-compressed-image-query
    nv-compressed-block-size-in-bits
I0918 23:04:33.807906 1593317 ResourceManager.cpp:234] ResourceManager::loadStage : Not loading semantic mesh
I0918 23:04:33.807914 1593317 ResourceManager.cpp:262] ResourceManager::loadStage : start load render asset /mnt/data_nas/deeprobotics/daiyang/vla/third_party/ETP-R1/data/scene_datasets/mp3d/PuKPg4mmafe/PuKPg4mmafe.glb.
I0918 23:04:33.807917 1593317 ResourceManager.cpp:569] ResourceManager::loadStageInternal : Attempting to load stage /mnt/data_nas/deeprobotics/daiyang/vla/third_party/ETP-R1/data/scene_datasets/mp3d/PuKPg4mmafe/PuKPg4mmafe.glb 
I0918 23:04:33.807935 1593317 ResourceManager.cpp:1119] Importing Basis files as BC7 for PuKPg4mmafe.glb
W0918 23:04:38.613281 1593317 Simulator.cpp:248] :
---
 The active scene does not contain semantic annotations. 
---
I0918 23:04:38.633477 1593317 simulator.py:213] Loaded navmesh /mnt/data_nas/deeprobotics/daiyang/vla/third_party/ETP-R1/data/scene_datasets/mp3d/PuKPg4mmafe/PuKPg4mmafe.navmesh
I0918 23:06:27.920210 1593317 PhysicsManager.cpp:33] Deconstructing PhysicsManager
I0918 23:06:27.920264 1593317 SemanticScene.h:41] Deconstructing SemanticScene
I0918 23:06:27.922655 1593317 SceneManager.h:25] Deconstructing SceneManager
I0918 23:06:27.922667 1593317 SceneGraph.h:26] Deconstructing SceneGraph
I0918 23:06:27.922966 1593317 Sensor.h:87] Deconstructing Sensor
I0918 23:06:27.929672 1593317 Renderer.cpp:34] Deconstructing Renderer
I0918 23:06:27.929710 1593317 WindowlessContext.h:17] Deconstructing WindowlessContext
I0918 23:06:27.944403 1593317 ManagedContainerBase.cpp:19] ManagedContainerBase::convertFilenameToJSON : Filename : default changed to proposed JSON configuration filename : default.scene_dataset_config.json
I0918 23:06:27.944422 1593317 AttributesManagerBase.h:283] AttributesManager<T>::createFromJsonOrDefaultInternal  (Dataset) : Proposing JSON name : default.scene_dataset_config.json from original name : default | This file  does not exist.
I0918 23:06:27.944590 1593317 AssetAttributesManager.cpp:117] Asset attributes (capsule3DSolid : capsule3DSolid_hemiRings_4_cylRings_1_segments_12_halfLen_0.75_useTexCoords_false_useTangents_false) created and registered.
I0918 23:06:27.944619 1593317 AssetAttributesManager.cpp:117] Asset attributes (capsule3DWireframe : capsule3DWireframe_hemiRings_8_cylRings_1_segments_16_halfLen_1) created and registered.
I0918 23:06:27.944643 1593317 AssetAttributesManager.cpp:117] Asset attributes (coneSolid : coneSolid_segments_12_halfLen_1.25_rings_1_useTexCoords_false_useTangents_false_capEnd_true) created and registered.
I0918 23:06:27.944657 1593317 AssetAttributesManager.cpp:117] Asset attributes (coneWireframe : coneWireframe_segments_32_halfLen_1.25) created and registered.
I0918 23:06:27.944666 1593317 AssetAttributesManager.cpp:117] Asset attributes (cubeSolid : cubeSolid) created and registered.
I0918 23:06:27.944672 1593317 AssetAttributesManager.cpp:117] Asset attributes (cubeWireframe : cubeWireframe) created and registered.
I0918 23:06:27.944692 1593317 AssetAttributesManager.cpp:117] Asset attributes (cylinderSolid : cylinderSolid_rings_1_segments_12_halfLen_1_useTexCoords_false_useTangents_false_capEnds_true) created and registered.
I0918 23:06:27.944710 1593317 AssetAttributesManager.cpp:117] Asset attributes (cylinderWireframe : cylinderWireframe_rings_1_segments_32_halfLen_1) created and registered.
I0918 23:06:27.944721 1593317 AssetAttributesManager.cpp:117] Asset attributes (icosphereSolid : icosphereSolid_subdivs_1) created and registered.
I0918 23:06:27.944730 1593317 AssetAttributesManager.cpp:117] Asset attributes (icosphereWireframe : icosphereWireframe_subdivs_1) created and registered.
I0918 23:06:27.944743 1593317 AssetAttributesManager.cpp:117] Asset attributes (uvSphereSolid : uvSphereSolid_rings_8_segments_16_useTexCoords_false_useTangents_false) created and registered.
I0918 23:06:27.944757 1593317 AssetAttributesManager.cpp:117] Asset attributes (uvSphereWireframe : uvSphereWireframe_rings_16_segments_32) created and registered.
I0918 23:06:27.944763 1593317 AssetAttributesManager.cpp:105] AssetAttributesManager::buildCtorFuncPtrMaps : Built default primitive asset templates : 12
I0918 23:06:27.945173 1593317 SceneDatasetAttributesManager.cpp:23] File (default) not found, so new default dataset attributes created and registered.
I0918 23:06:27.945176 1593317 MetadataMediator.cpp:47] MetadataMediator::createDataset : Dataset default successfully created.
I0918 23:06:27.945380 1593317 AttributesManagerBase.h:283] AttributesManager<T>::createFromJsonOrDefaultInternal  (Physics Manager) : Proposing JSON name : ./data/default.physics_config.json from original name : ./data/default.physics_config.json | This file  does not exist.
I0918 23:06:27.945393 1593317 PhysicsAttributesManager.cpp:27] File (./data/default.physics_config.json) not found, so new default physics manager attributes created and registered.
I0918 23:06:27.945397 1593317 AbstractObjectAttributesManagerBase.h:175] AbstractObjectAttributesManager<T>::createObject  (Stage) : Making attributes with handle : /mnt/data_nas/deeprobotics/daiyang/vla/third_party/ETP-R1/data/scene_datasets/mp3d/aayBHfsNo7d/aayBHfsNo7d.glb
I0918 23:06:27.945401 1593317 ManagedContainerBase.cpp:19] ManagedContainerBase::convertFilenameToJSON : Filename : /mnt/data_nas/deeprobotics/daiyang/vla/third_party/ETP-R1/data/scene_datasets/mp3d/aayBHfsNo7d/aayBHfsNo7d.glb changed to proposed JSON configuration filename : /mnt/data_nas/deeprobotics/daiyang/vla/third_party/ETP-R1/data/scene_datasets/mp3d/aayBHfsNo7d/aayBHfsNo7d.stage_config.json
I0918 23:06:27.945420 1593317 AttributesManagerBase.h:283] AttributesManager<T>::createFromJsonOrDefaultInternal  (Stage) : Proposing JSON name : /mnt/data_nas/deeprobotics/daiyang/vla/third_party/ETP-R1/data/scene_datasets/mp3d/aayBHfsNo7d/aayBHfsNo7d.stage_config.json from original name : /mnt/data_nas/deeprobotics/daiyang/vla/third_party/ETP-R1/data/scene_datasets/mp3d/aayBHfsNo7d/aayBHfsNo7d.glb | This file  does not exist.
I0918 23:06:27.945466 1593317 AbstractObjectAttributesManagerBase.h:181] AbstractObjectAttributesManager<T>::createObject  (Stage) : Done making attributes with handle : /mnt/data_nas/deeprobotics/daiyang/vla/third_party/ETP-R1/data/scene_datasets/mp3d/aayBHfsNo7d/aayBHfsNo7d.glb
I0918 23:06:27.945468 1593317 AbstractObjectAttributesManagerBase.h:188] File (/mnt/data_nas/deeprobotics/daiyang/vla/third_party/ETP-R1/data/scene_datasets/mp3d/aayBHfsNo7d/aayBHfsNo7d.glb) exists but is not a recognized config filename extension, so new default Stage attributes created and registered.
I0918 23:06:27.945473 1593317 Simulator.cpp:156] Loading navmesh from /mnt/data_nas/deeprobotics/daiyang/vla/third_party/ETP-R1/data/scene_datasets/mp3d/aayBHfsNo7d/aayBHfsNo7d.navmesh
I0918 23:06:27.946219 1593317 Simulator.cpp:158] Loaded.
I0918 23:06:27.946231 1593317 SceneGraph.h:93] Created DrawableGroup: 
Renderer: NVIDIA GeForce RTX 5090/PCIe/SSE2 by NVIDIA Corporation
OpenGL version: 4.6.0 NVIDIA 580.126.09
Using optional features:
    GL_ARB_ES2_compatibility
    GL_ARB_direct_state_access
    GL_ARB_get_texture_sub_image
    GL_ARB_invalidate_subdata
    GL_ARB_multi_bind
    GL_ARB_robustness
    GL_ARB_separate_shader_objects
    GL_ARB_texture_filter_anisotropic
    GL_ARB_texture_storage
    GL_ARB_texture_storage_multisample
    GL_ARB_vertex_array_object
    GL_KHR_debug
Using driver workarounds:
    no-forward-compatible-core-context
    nv-egl-incorrect-gl11-function-pointers
    no-layout-qualifiers-on-old-glsl
    nv-zero-context-profile-mask
    nv-implementation-color-read-format-dsa-broken
    nv-cubemap-inconsistent-compressed-image-size
    nv-cubemap-broken-full-compressed-image-query
    nv-compressed-block-size-in-bits
I0918 23:06:27.949957 1593317 ResourceManager.cpp:234] ResourceManager::loadStage : Not loading semantic mesh
I0918 23:06:27.949965 1593317 ResourceManager.cpp:262] ResourceManager::loadStage : start load render asset /mnt/data_nas/deeprobotics/daiyang/vla/third_party/ETP-R1/data/scene_datasets/mp3d/aayBHfsNo7d/aayBHfsNo7d.glb.
I0918 23:06:27.949968 1593317 ResourceManager.cpp:569] ResourceManager::loadStageInternal : Attempting to load stage /mnt/data_nas/deeprobotics/daiyang/vla/third_party/ETP-R1/data/scene_datasets/mp3d/aayBHfsNo7d/aayBHfsNo7d.glb 
I0918 23:06:27.949985 1593317 ResourceManager.cpp:1119] Importing Basis files as BC7 for aayBHfsNo7d.glb
W0918 23:06:29.539222 1593317 Simulator.cpp:248] :
---
 The active scene does not contain semantic annotations. 
---
I0918 23:06:29.580180 1593317 simulator.py:213] Loaded navmesh /mnt/data_nas/deeprobotics/daiyang/vla/third_party/ETP-R1/data/scene_datasets/mp3d/aayBHfsNo7d/aayBHfsNo7d.navmesh
I0918 23:07:00.821056 1593317 PhysicsManager.cpp:33] Deconstructing PhysicsManager
I0918 23:07:00.821105 1593317 SemanticScene.h:41] Deconstructing SemanticScene
I0918 23:07:00.823705 1593317 SceneManager.h:25] Deconstructing SceneManager
I0918 23:07:00.823715 1593317 SceneGraph.h:26] Deconstructing SceneGraph
I0918 23:07:00.824344 1593317 Sensor.h:87] Deconstructing Sensor
I0918 23:07:00.826795 1593317 Renderer.cpp:34] Deconstructing Renderer
I0918 23:07:00.826817 1593317 WindowlessContext.h:17] Deconstructing WindowlessContext
I0918 23:07:00.832684 1593317 ManagedContainerBase.cpp:19] ManagedContainerBase::convertFilenameToJSON : Filename : default changed to proposed JSON configuration filename : default.scene_dataset_config.json
I0918 23:07:00.832700 1593317 AttributesManagerBase.h:283] AttributesManager<T>::createFromJsonOrDefaultInternal  (Dataset) : Proposing JSON name : default.scene_dataset_config.json from original name : default | This file  does not exist.
I0918 23:07:00.833228 1593317 AssetAttributesManager.cpp:117] Asset attributes (capsule3DSolid : capsule3DSolid_hemiRings_4_cylRings_1_segments_12_halfLen_0.75_useTexCoords_false_useTangents_false) created and registered.
I0918 23:07:00.833258 1593317 AssetAttributesManager.cpp:117] Asset attributes (capsule3DWireframe : capsule3DWireframe_hemiRings_8_cylRings_1_segments_16_halfLen_1) created and registered.
I0918 23:07:00.833287 1593317 AssetAttributesManager.cpp:117] Asset attributes (coneSolid : coneSolid_segments_12_halfLen_1.25_rings_1_useTexCoords_false_useTangents_false_capEnd_true) created and registered.
I0918 23:07:00.833300 1593317 AssetAttributesManager.cpp:117] Asset attributes (coneWireframe : coneWireframe_segments_32_halfLen_1.25) created and registered.
I0918 23:07:00.833308 1593317 AssetAttributesManager.cpp:117] Asset attributes (cubeSolid : cubeSolid) created and registered.
I0918 23:07:00.833315 1593317 AssetAttributesManager.cpp:117] Asset attributes (cubeWireframe : cubeWireframe) created and registered.
I0918 23:07:00.833333 1593317 AssetAttributesManager.cpp:117] Asset attributes (cylinderSolid : cylinderSolid_rings_1_segments_12_halfLen_1_useTexCoords_false_useTangents_false_capEnds_true) created and registered.
I0918 23:07:00.833350 1593317 AssetAttributesManager.cpp:117] Asset attributes (cylinderWireframe : cylinderWireframe_rings_1_segments_32_halfLen_1) created and registered.
I0918 23:07:00.833361 1593317 AssetAttributesManager.cpp:117] Asset attributes (icosphereSolid : icosphereSolid_subdivs_1) created and registered.
I0918 23:07:00.833369 1593317 AssetAttributesManager.cpp:117] Asset attributes (icosphereWireframe : icosphereWireframe_subdivs_1) created and registered.
I0918 23:07:00.833382 1593317 AssetAttributesManager.cpp:117] Asset attributes (uvSphereSolid : uvSphereSolid_rings_8_segments_16_useTexCoords_false_useTangents_false) created and registered.
I0918 23:07:00.833395 1593317 AssetAttributesManager.cpp:117] Asset attributes (uvSphereWireframe : uvSphereWireframe_rings_16_segments_32) created and registered.
I0918 23:07:00.833401 1593317 AssetAttributesManager.cpp:105] AssetAttributesManager::buildCtorFuncPtrMaps : Built default primitive asset templates : 12
I0918 23:07:00.833799 1593317 SceneDatasetAttributesManager.cpp:23] File (default) not found, so new default dataset attributes created and registered.
I0918 23:07:00.833801 1593317 MetadataMediator.cpp:47] MetadataMediator::createDataset : Dataset default successfully created.
I0918 23:07:00.833984 1593317 AttributesManagerBase.h:283] AttributesManager<T>::createFromJsonOrDefaultInternal  (Physics Manager) : Proposing JSON name : ./data/default.physics_config.json from original name : ./data/default.physics_config.json | This file  does not exist.
I0918 23:07:00.833997 1593317 PhysicsAttributesManager.cpp:27] File (./data/default.physics_config.json) not found, so new default physics manager attributes created and registered.
I0918 23:07:00.834000 1593317 AbstractObjectAttributesManagerBase.h:175] AbstractObjectAttributesManager<T>::createObject  (Stage) : Making attributes with handle : /mnt/data_nas/deeprobotics/daiyang/vla/third_party/ETP-R1/data/scene_datasets/mp3d/82sE5b5pLXE/82sE5b5pLXE.glb
I0918 23:07:00.834004 1593317 ManagedContainerBase.cpp:19] ManagedContainerBase::convertFilenameToJSON : Filename : /mnt/data_nas/deeprobotics/daiyang/vla/third_party/ETP-R1/data/scene_datasets/mp3d/82sE5b5pLXE/82sE5b5pLXE.glb changed to proposed JSON configuration filename : /mnt/data_nas/deeprobotics/daiyang/vla/third_party/ETP-R1/data/scene_datasets/mp3d/82sE5b5pLXE/82sE5b5pLXE.stage_config.json
I0918 23:07:00.834017 1593317 AttributesManagerBase.h:283] AttributesManager<T>::createFromJsonOrDefaultInternal  (Stage) : Proposing JSON name : /mnt/data_nas/deeprobotics/daiyang/vla/third_party/ETP-R1/data/scene_datasets/mp3d/82sE5b5pLXE/82sE5b5pLXE.stage_config.json from original name : /mnt/data_nas/deeprobotics/daiyang/vla/third_party/ETP-R1/data/scene_datasets/mp3d/82sE5b5pLXE/82sE5b5pLXE.glb | This file  does not exist.
I0918 23:07:00.834069 1593317 AbstractObjectAttributesManagerBase.h:181] AbstractObjectAttributesManager<T>::createObject  (Stage) : Done making attributes with handle : /mnt/data_nas/deeprobotics/daiyang/vla/third_party/ETP-R1/data/scene_datasets/mp3d/82sE5b5pLXE/82sE5b5pLXE.glb
I0918 23:07:00.834070 1593317 AbstractObjectAttributesManagerBase.h:188] File (/mnt/data_nas/deeprobotics/daiyang/vla/third_party/ETP-R1/data/scene_datasets/mp3d/82sE5b5pLXE/82sE5b5pLXE.glb) exists but is not a recognized config filename extension, so new default Stage attributes created and registered.
I0918 23:07:00.834076 1593317 Simulator.cpp:156] Loading navmesh from /mnt/data_nas/deeprobotics/daiyang/vla/third_party/ETP-R1/data/scene_datasets/mp3d/82sE5b5pLXE/82sE5b5pLXE.navmesh
I0918 23:07:00.835150 1593317 Simulator.cpp:158] Loaded.
I0918 23:07:00.835156 1593317 SceneGraph.h:93] Created DrawableGroup: 
Renderer: NVIDIA GeForce RTX 5090/PCIe/SSE2 by NVIDIA Corporation
OpenGL version: 4.6.0 NVIDIA 580.126.09
Using optional features:
    GL_ARB_ES2_compatibility
    GL_ARB_direct_state_access
    GL_ARB_get_texture_sub_image
    GL_ARB_invalidate_subdata
    GL_ARB_multi_bind
    GL_ARB_robustness
    GL_ARB_separate_shader_objects
    GL_ARB_texture_filter_anisotropic
    GL_ARB_texture_storage
    GL_ARB_texture_storage_multisample
    GL_ARB_vertex_array_object
    GL_KHR_debug
Using driver workarounds:
    no-forward-compatible-core-context
    nv-egl-incorrect-gl11-function-pointers
    no-layout-qualifiers-on-old-glsl
    nv-zero-context-profile-mask
    nv-implementation-color-read-format-dsa-broken
    nv-cubemap-inconsistent-compressed-image-size
    nv-cubemap-broken-full-compressed-image-query
    nv-compressed-block-size-in-bits
I0918 23:07:00.838846 1593317 ResourceManager.cpp:234] ResourceManager::loadStage : Not loading semantic mesh
I0918 23:07:00.838855 1593317 ResourceManager.cpp:262] ResourceManager::loadStage : start load render asset /mnt/data_nas/deeprobotics/daiyang/vla/third_party/ETP-R1/data/scene_datasets/mp3d/82sE5b5pLXE/82sE5b5pLXE.glb.
I0918 23:07:00.838857 1593317 ResourceManager.cpp:569] ResourceManager::loadStageInternal : Attempting to load stage /mnt/data_nas/deeprobotics/daiyang/vla/third_party/ETP-R1/data/scene_datasets/mp3d/82sE5b5pLXE/82sE5b5pLXE.glb 
I0918 23:07:00.838873 1593317 ResourceManager.cpp:1119] Importing Basis files as BC7 for 82sE5b5pLXE.glb
W0918 23:07:02.868800 1593317 Simulator.cpp:248] :
---
 The active scene does not contain semantic annotations. 
---
I0918 23:07:02.905767 1593317 simulator.py:213] Loaded navmesh /mnt/data_nas/deeprobotics/daiyang/vla/third_party/ETP-R1/data/scene_datasets/mp3d/82sE5b5pLXE/82sE5b5pLXE.navmesh
I0918 23:09:32.877379 1593317 PhysicsManager.cpp:33] Deconstructing PhysicsManager
I0918 23:09:32.877439 1593317 SemanticScene.h:41] Deconstructing SemanticScene
I0918 23:09:32.879397 1593317 SceneManager.h:25] Deconstructing SceneManager
I0918 23:09:32.879406 1593317 SceneGraph.h:26] Deconstructing SceneGraph
I0918 23:09:32.879729 1593317 Sensor.h:87] Deconstructing Sensor
I0918 23:09:32.884150 1593317 Renderer.cpp:34] Deconstructing Renderer
I0918 23:09:32.884176 1593317 WindowlessContext.h:17] Deconstructing WindowlessContext
I0918 23:09:32.888639 1593317 ManagedContainerBase.cpp:19] ManagedContainerBase::convertFilenameToJSON : Filename : default changed to proposed JSON configuration filename : default.scene_dataset_config.json
I0918 23:09:32.888654 1593317 AttributesManagerBase.h:283] AttributesManager<T>::createFromJsonOrDefaultInternal  (Dataset) : Proposing JSON name : default.scene_dataset_config.json from original name : default | This file  does not exist.
I0918 23:09:32.889209 1593317 AssetAttributesManager.cpp:117] Asset attributes (capsule3DSolid : capsule3DSolid_hemiRings_4_cylRings_1_segments_12_halfLen_0.75_useTexCoords_false_useTangents_false) created and registered.
I0918 23:09:32.889236 1593317 AssetAttributesManager.cpp:117] Asset attributes (capsule3DWireframe : capsule3DWireframe_hemiRings_8_cylRings_1_segments_16_halfLen_1) created and registered.
I0918 23:09:32.889266 1593317 AssetAttributesManager.cpp:117] Asset attributes (coneSolid : coneSolid_segments_12_halfLen_1.25_rings_1_useTexCoords_false_useTangents_false_capEnd_true) created and registered.
I0918 23:09:32.889286 1593317 AssetAttributesManager.cpp:117] Asset attributes (coneWireframe : coneWireframe_segments_32_halfLen_1.25) created and registered.
I0918 23:09:32.889295 1593317 AssetAttributesManager.cpp:117] Asset attributes (cubeSolid : cubeSolid) created and registered.
I0918 23:09:32.889302 1593317 AssetAttributesManager.cpp:117] Asset attributes (cubeWireframe : cubeWireframe) created and registered.
I0918 23:09:32.889321 1593317 AssetAttributesManager.cpp:117] Asset attributes (cylinderSolid : cylinderSolid_rings_1_segments_12_halfLen_1_useTexCoords_false_useTangents_false_capEnds_true) created and registered.
I0918 23:09:32.889339 1593317 AssetAttributesManager.cpp:117] Asset attributes (cylinderWireframe : cylinderWireframe_rings_1_segments_32_halfLen_1) created and registered.
I0918 23:09:32.889350 1593317 AssetAttributesManager.cpp:117] Asset attributes (icosphereSolid : icosphereSolid_subdivs_1) created and registered.
I0918 23:09:32.889358 1593317 AssetAttributesManager.cpp:117] Asset attributes (icosphereWireframe : icosphereWireframe_subdivs_1) created and registered.
I0918 23:09:32.889372 1593317 AssetAttributesManager.cpp:117] Asset attributes (uvSphereSolid : uvSphereSolid_rings_8_segments_16_useTexCoords_false_useTangents_false) created and registered.
I0918 23:09:32.889384 1593317 AssetAttributesManager.cpp:117] Asset attributes (uvSphereWireframe : uvSphereWireframe_rings_16_segments_32) created and registered.
I0918 23:09:32.889391 1593317 AssetAttributesManager.cpp:105] AssetAttributesManager::buildCtorFuncPtrMaps : Built default primitive asset templates : 12
I0918 23:09:32.889786 1593317 SceneDatasetAttributesManager.cpp:23] File (default) not found, so new default dataset attributes created and registered.
I0918 23:09:32.889788 1593317 MetadataMediator.cpp:47] MetadataMediator::createDataset : Dataset default successfully created.
I0918 23:09:32.890838 1593317 AttributesManagerBase.h:283] AttributesManager<T>::createFromJsonOrDefaultInternal  (Physics Manager) : Proposing JSON name : ./data/default.physics_config.json from original name : ./data/default.physics_config.json | This file  does not exist.
I0918 23:09:32.890852 1593317 PhysicsAttributesManager.cpp:27] File (./data/default.physics_config.json) not found, so new default physics manager attributes created and registered.
I0918 23:09:32.890856 1593317 AbstractObjectAttributesManagerBase.h:175] AbstractObjectAttributesManager<T>::createObject  (Stage) : Making attributes with handle : /mnt/data_nas/deeprobotics/daiyang/vla/third_party/ETP-R1/data/scene_datasets/mp3d/B6ByNegPMKs/B6ByNegPMKs.glb
I0918 23:09:32.890861 1593317 ManagedContainerBase.cpp:19] ManagedContainerBase::convertFilenameToJSON : Filename : /mnt/data_nas/deeprobotics/daiyang/vla/third_party/ETP-R1/data/scene_datasets/mp3d/B6ByNegPMKs/B6ByNegPMKs.glb changed to proposed JSON configuration filename : /mnt/data_nas/deeprobotics/daiyang/vla/third_party/ETP-R1/data/scene_datasets/mp3d/B6ByNegPMKs/B6ByNegPMKs.stage_config.json
I0918 23:09:32.893230 1593317 AttributesManagerBase.h:283] AttributesManager<T>::createFromJsonOrDefaultInternal  (Stage) : Proposing JSON name : /mnt/data_nas/deeprobotics/daiyang/vla/third_party/ETP-R1/data/scene_datasets/mp3d/B6ByNegPMKs/B6ByNegPMKs.stage_config.json from original name : /mnt/data_nas/deeprobotics/daiyang/vla/third_party/ETP-R1/data/scene_datasets/mp3d/B6ByNegPMKs/B6ByNegPMKs.glb | This file  does not exist.
I0918 23:09:32.893286 1593317 AbstractObjectAttributesManagerBase.h:181] AbstractObjectAttributesManager<T>::createObject  (Stage) : Done making attributes with handle : /mnt/data_nas/deeprobotics/daiyang/vla/third_party/ETP-R1/data/scene_datasets/mp3d/B6ByNegPMKs/B6ByNegPMKs.glb
I0918 23:09:32.893292 1593317 AbstractObjectAttributesManagerBase.h:188] File (/mnt/data_nas/deeprobotics/daiyang/vla/third_party/ETP-R1/data/scene_datasets/mp3d/B6ByNegPMKs/B6ByNegPMKs.glb) exists but is not a recognized config filename extension, so new default Stage attributes created and registered.
I0918 23:09:32.893297 1593317 Simulator.cpp:156] Loading navmesh from /mnt/data_nas/deeprobotics/daiyang/vla/third_party/ETP-R1/data/scene_datasets/mp3d/B6ByNegPMKs/B6ByNegPMKs.navmesh
I0918 23:09:32.895068 1593317 Simulator.cpp:158] Loaded.
I0918 23:09:32.895077 1593317 SceneGraph.h:93] Created DrawableGroup: 
Renderer: NVIDIA GeForce RTX 5090/PCIe/SSE2 by NVIDIA Corporation
OpenGL version: 4.6.0 NVIDIA 580.126.09
Using optional features:
    GL_ARB_ES2_compatibility
    GL_ARB_direct_state_access
    GL_ARB_get_texture_sub_image
    GL_ARB_invalidate_subdata
    GL_ARB_multi_bind
    GL_ARB_robustness
    GL_ARB_separate_shader_objects
    GL_ARB_texture_filter_anisotropic
    GL_ARB_texture_storage
    GL_ARB_texture_storage_multisample
    GL_ARB_vertex_array_object
    GL_KHR_debug
Using driver workarounds:
    no-forward-compatible-core-context
    nv-egl-incorrect-gl11-function-pointers
    no-layout-qualifiers-on-old-glsl
    nv-zero-context-profile-mask
    nv-implementation-color-read-format-dsa-broken
    nv-cubemap-inconsistent-compressed-image-size
    nv-cubemap-broken-full-compressed-image-query
    nv-compressed-block-size-in-bits
I0918 23:09:32.898828 1593317 ResourceManager.cpp:234] ResourceManager::loadStage : Not loading semantic mesh
I0918 23:09:32.898837 1593317 ResourceManager.cpp:262] ResourceManager::loadStage : start load render asset /mnt/data_nas/deeprobotics/daiyang/vla/third_party/ETP-R1/data/scene_datasets/mp3d/B6ByNegPMKs/B6ByNegPMKs.glb.
I0918 23:09:32.898840 1593317 ResourceManager.cpp:569] ResourceManager::loadStageInternal : Attempting to load stage /mnt/data_nas/deeprobotics/daiyang/vla/third_party/ETP-R1/data/scene_datasets/mp3d/B6ByNegPMKs/B6ByNegPMKs.glb 
I0918 23:09:32.898856 1593317 ResourceManager.cpp:1119] Importing Basis files as BC7 for B6ByNegPMKs.glb
W0918 23:09:42.537339 1593317 Simulator.cpp:248] :
---
 The active scene does not contain semantic annotations. 
---
I0918 23:09:42.731861 1593317 simulator.py:213] Loaded navmesh /mnt/data_nas/deeprobotics/daiyang/vla/third_party/ETP-R1/data/scene_datasets/mp3d/B6ByNegPMKs/B6ByNegPMKs.navmesh
I0918 23:11:36.088085 1593317 PhysicsManager.cpp:33] Deconstructing PhysicsManager
I0918 23:11:36.088136 1593317 SemanticScene.h:41] Deconstructing SemanticScene
I0918 23:11:36.103981 1593317 SceneManager.h:25] Deconstructing SceneManager
I0918 23:11:36.103997 1593317 SceneGraph.h:26] Deconstructing SceneGraph
I0918 23:11:36.104511 1593317 Sensor.h:87] Deconstructing Sensor
I0918 23:11:36.118820 1593317 Renderer.cpp:34] Deconstructing Renderer
I0918 23:11:36.118852 1593317 WindowlessContext.h:17] Deconstructing WindowlessContext
I0918 23:11:36.138257 1593317 ManagedContainerBase.cpp:19] ManagedContainerBase::convertFilenameToJSON : Filename : default changed to proposed JSON configuration filename : default.scene_dataset_config.json
I0918 23:11:36.138283 1593317 AttributesManagerBase.h:283] AttributesManager<T>::createFromJsonOrDefaultInternal  (Dataset) : Proposing JSON name : default.scene_dataset_config.json from original name : default | This file  does not exist.
I0918 23:11:36.138487 1593317 AssetAttributesManager.cpp:117] Asset attributes (capsule3DSolid : capsule3DSolid_hemiRings_4_cylRings_1_segments_12_halfLen_0.75_useTexCoords_false_useTangents_false) created and registered.
I0918 23:11:36.138516 1593317 AssetAttributesManager.cpp:117] Asset attributes (capsule3DWireframe : capsule3DWireframe_hemiRings_8_cylRings_1_segments_16_halfLen_1) created and registered.
I0918 23:11:36.138540 1593317 AssetAttributesManager.cpp:117] Asset attributes (coneSolid : coneSolid_segments_12_halfLen_1.25_rings_1_useTexCoords_false_useTangents_false_capEnd_true) created and registered.
I0918 23:11:36.138554 1593317 AssetAttributesManager.cpp:117] Asset attributes (coneWireframe : coneWireframe_segments_32_halfLen_1.25) created and registered.
I0918 23:11:36.138571 1593317 AssetAttributesManager.cpp:117] Asset attributes (cubeSolid : cubeSolid) created and registered.
I0918 23:11:36.138578 1593317 AssetAttributesManager.cpp:117] Asset attributes (cubeWireframe : cubeWireframe) created and registered.
I0918 23:11:36.138597 1593317 AssetAttributesManager.cpp:117] Asset attributes (cylinderSolid : cylinderSolid_rings_1_segments_12_halfLen_1_useTexCoords_false_useTangents_false_capEnds_true) created and registered.
I0918 23:11:36.138614 1593317 AssetAttributesManager.cpp:117] Asset attributes (cylinderWireframe : cylinderWireframe_rings_1_segments_32_halfLen_1) created and registered.
I0918 23:11:36.138625 1593317 AssetAttributesManager.cpp:117] Asset attributes (icosphereSolid : icosphereSolid_subdivs_1) created and registered.
I0918 23:11:36.138634 1593317 AssetAttributesManager.cpp:117] Asset attributes (icosphereWireframe : icosphereWireframe_subdivs_1) created and registered.
I0918 23:11:36.138648 1593317 AssetAttributesManager.cpp:117] Asset attributes (uvSphereSolid : uvSphereSolid_rings_8_segments_16_useTexCoords_false_useTangents_false) created and registered.
I0918 23:11:36.138661 1593317 AssetAttributesManager.cpp:117] Asset attributes (uvSphereWireframe : uvSphereWireframe_rings_16_segments_32) created and registered.
I0918 23:11:36.138669 1593317 AssetAttributesManager.cpp:105] AssetAttributesManager::buildCtorFuncPtrMaps : Built default primitive asset templates : 12
I0918 23:11:36.139079 1593317 SceneDatasetAttributesManager.cpp:23] File (default) not found, so new default dataset attributes created and registered.
I0918 23:11:36.139082 1593317 MetadataMediator.cpp:47] MetadataMediator::createDataset : Dataset default successfully created.
I0918 23:11:36.139290 1593317 AttributesManagerBase.h:283] AttributesManager<T>::createFromJsonOrDefaultInternal  (Physics Manager) : Proposing JSON name : ./data/default.physics_config.json from original name : ./data/default.physics_config.json | This file  does not exist.
I0918 23:11:36.139303 1593317 PhysicsAttributesManager.cpp:27] File (./data/default.physics_config.json) not found, so new default physics manager attributes created and registered.
I0918 23:11:36.139307 1593317 AbstractObjectAttributesManagerBase.h:175] AbstractObjectAttributesManager<T>::createObject  (Stage) : Making attributes with handle : /mnt/data_nas/deeprobotics/daiyang/vla/third_party/ETP-R1/data/scene_datasets/mp3d/PuKPg4mmafe/PuKPg4mmafe.glb
I0918 23:11:36.139310 1593317 ManagedContainerBase.cpp:19] ManagedContainerBase::convertFilenameToJSON : Filename : /mnt/data_nas/deeprobotics/daiyang/vla/third_party/ETP-R1/data/scene_datasets/mp3d/PuKPg4mmafe/PuKPg4mmafe.glb changed to proposed JSON configuration filename : /mnt/data_nas/deeprobotics/daiyang/vla/third_party/ETP-R1/data/scene_datasets/mp3d/PuKPg4mmafe/PuKPg4mmafe.stage_config.json
I0918 23:11:36.139323 1593317 AttributesManagerBase.h:283] AttributesManager<T>::createFromJsonOrDefaultInternal  (Stage) : Proposing JSON name : /mnt/data_nas/deeprobotics/daiyang/vla/third_party/ETP-R1/data/scene_datasets/mp3d/PuKPg4mmafe/PuKPg4mmafe.stage_config.json from original name : /mnt/data_nas/deeprobotics/daiyang/vla/third_party/ETP-R1/data/scene_datasets/mp3d/PuKPg4mmafe/PuKPg4mmafe.glb | This file  does not exist.
I0918 23:11:36.139372 1593317 AbstractObjectAttributesManagerBase.h:181] AbstractObjectAttributesManager<T>::createObject  (Stage) : Done making attributes with handle : /mnt/data_nas/deeprobotics/daiyang/vla/third_party/ETP-R1/data/scene_datasets/mp3d/PuKPg4mmafe/PuKPg4mmafe.glb
I0918 23:11:36.139374 1593317 AbstractObjectAttributesManagerBase.h:188] File (/mnt/data_nas/deeprobotics/daiyang/vla/third_party/ETP-R1/data/scene_datasets/mp3d/PuKPg4mmafe/PuKPg4mmafe.glb) exists but is not a recognized config filename extension, so new default Stage attributes created and registered.
I0918 23:11:36.139379 1593317 Simulator.cpp:156] Loading navmesh from /mnt/data_nas/deeprobotics/daiyang/vla/third_party/ETP-R1/data/scene_datasets/mp3d/PuKPg4mmafe/PuKPg4mmafe.navmesh
I0918 23:11:36.140502 1593317 Simulator.cpp:158] Loaded.
I0918 23:11:36.140512 1593317 SceneGraph.h:93] Created DrawableGroup: 
Renderer: NVIDIA GeForce RTX 5090/PCIe/SSE2 by NVIDIA Corporation
OpenGL version: 4.6.0 NVIDIA 580.126.09
Using optional features:
    GL_ARB_ES2_compatibility
    GL_ARB_direct_state_access
    GL_ARB_get_texture_sub_image
    GL_ARB_invalidate_subdata
    GL_ARB_multi_bind
    GL_ARB_robustness
    GL_ARB_separate_shader_objects
    GL_ARB_texture_filter_anisotropic
    GL_ARB_texture_storage
    GL_ARB_texture_storage_multisample
    GL_ARB_vertex_array_object
    GL_KHR_debug
Using driver workarounds:
    no-forward-compatible-core-context
    nv-egl-incorrect-gl11-function-pointers
    no-layout-qualifiers-on-old-glsl
    nv-zero-context-profile-mask
    nv-implementation-color-read-format-dsa-broken
    nv-cubemap-inconsistent-compressed-image-size
    nv-cubemap-broken-full-compressed-image-query
    nv-compressed-block-size-in-bits
I0918 23:11:36.144296 1593317 ResourceManager.cpp:234] ResourceManager::loadStage : Not loading semantic mesh
I0918 23:11:36.144305 1593317 ResourceManager.cpp:262] ResourceManager::loadStage : start load render asset /mnt/data_nas/deeprobotics/daiyang/vla/third_party/ETP-R1/data/scene_datasets/mp3d/PuKPg4mmafe/PuKPg4mmafe.glb.
I0918 23:11:36.144307 1593317 ResourceManager.cpp:569] ResourceManager::loadStageInternal : Attempting to load stage /mnt/data_nas/deeprobotics/daiyang/vla/third_party/ETP-R1/data/scene_datasets/mp3d/PuKPg4mmafe/PuKPg4mmafe.glb 
I0918 23:11:36.144325 1593317 ResourceManager.cpp:1119] Importing Basis files as BC7 for PuKPg4mmafe.glb
W0918 23:11:40.997984 1593317 Simulator.cpp:248] :
---
 The active scene does not contain semantic annotations. 
---
I0918 23:11:41.021249 1593317 simulator.py:213] Loaded navmesh /mnt/data_nas/deeprobotics/daiyang/vla/third_party/ETP-R1/data/scene_datasets/mp3d/PuKPg4mmafe/PuKPg4mmafe.navmesh
I0918 23:14:42.781226 1593317 PhysicsManager.cpp:33] Deconstructing PhysicsManager
I0918 23:14:42.781292 1593317 SemanticScene.h:41] Deconstructing SemanticScene
I0918 23:14:42.782433 1593317 SceneManager.h:25] Deconstructing SceneManager
I0918 23:14:42.782437 1593317 SceneGraph.h:26] Deconstructing SceneGraph
I0918 23:14:42.782732 1593317 Sensor.h:87] Deconstructing Sensor
I0918 23:14:42.789549 1593317 Renderer.cpp:34] Deconstructing Renderer
I0918 23:14:42.789582 1593317 WindowlessContext.h:17] Deconstructing WindowlessContext
I0918 23:14:42.801812 1593317 ManagedContainerBase.cpp:19] ManagedContainerBase::convertFilenameToJSON : Filename : default changed to proposed JSON configuration filename : default.scene_dataset_config.json
I0918 23:14:42.801831 1593317 AttributesManagerBase.h:283] AttributesManager<T>::createFromJsonOrDefaultInternal  (Dataset) : Proposing JSON name : default.scene_dataset_config.json from original name : default | This file  does not exist.
I0918 23:14:42.802103 1593317 AssetAttributesManager.cpp:117] Asset attributes (capsule3DSolid : capsule3DSolid_hemiRings_4_cylRings_1_segments_12_halfLen_0.75_useTexCoords_false_useTangents_false) created and registered.
I0918 23:14:42.802132 1593317 AssetAttributesManager.cpp:117] Asset attributes (capsule3DWireframe : capsule3DWireframe_hemiRings_8_cylRings_1_segments_16_halfLen_1) created and registered.
I0918 23:14:42.802155 1593317 AssetAttributesManager.cpp:117] Asset attributes (coneSolid : coneSolid_segments_12_halfLen_1.25_rings_1_useTexCoords_false_useTangents_false_capEnd_true) created and registered.
I0918 23:14:42.802169 1593317 AssetAttributesManager.cpp:117] Asset attributes (coneWireframe : coneWireframe_segments_32_halfLen_1.25) created and registered.
I0918 23:14:42.802178 1593317 AssetAttributesManager.cpp:117] Asset attributes (cubeSolid : cubeSolid) created and registered.
I0918 23:14:42.802186 1593317 AssetAttributesManager.cpp:117] Asset attributes (cubeWireframe : cubeWireframe) created and registered.
I0918 23:14:42.802204 1593317 AssetAttributesManager.cpp:117] Asset attributes (cylinderSolid : cylinderSolid_rings_1_segments_12_halfLen_1_useTexCoords_false_useTangents_false_capEnds_true) created and registered.
I0918 23:14:42.802230 1593317 AssetAttributesManager.cpp:117] Asset attributes (cylinderWireframe : cylinderWireframe_rings_1_segments_32_halfLen_1) created and registered.
I0918 23:14:42.802241 1593317 AssetAttributesManager.cpp:117] Asset attributes (icosphereSolid : icosphereSolid_subdivs_1) created and registered.
I0918 23:14:42.802250 1593317 AssetAttributesManager.cpp:117] Asset attributes (icosphereWireframe : icosphereWireframe_subdivs_1) created and registered.
I0918 23:14:42.802264 1593317 AssetAttributesManager.cpp:117] Asset attributes (uvSphereSolid : uvSphereSolid_rings_8_segments_16_useTexCoords_false_useTangents_false) created and registered.
I0918 23:14:42.802285 1593317 AssetAttributesManager.cpp:117] Asset attributes (uvSphereWireframe : uvSphereWireframe_rings_16_segments_32) created and registered.
I0918 23:14:42.802291 1593317 AssetAttributesManager.cpp:105] AssetAttributesManager::buildCtorFuncPtrMaps : Built default primitive asset templates : 12
I0918 23:14:42.802696 1593317 SceneDatasetAttributesManager.cpp:23] File (default) not found, so new default dataset attributes created and registered.
I0918 23:14:42.802698 1593317 MetadataMediator.cpp:47] MetadataMediator::createDataset : Dataset default successfully created.
I0918 23:14:42.802907 1593317 AttributesManagerBase.h:283] AttributesManager<T>::createFromJsonOrDefaultInternal  (Physics Manager) : Proposing JSON name : ./data/default.physics_config.json from original name : ./data/default.physics_config.json | This file  does not exist.
I0918 23:14:42.802920 1593317 PhysicsAttributesManager.cpp:27] File (./data/default.physics_config.json) not found, so new default physics manager attributes created and registered.
I0918 23:14:42.802924 1593317 AbstractObjectAttributesManagerBase.h:175] AbstractObjectAttributesManager<T>::createObject  (Stage) : Making attributes with handle : /mnt/data_nas/deeprobotics/daiyang/vla/third_party/ETP-R1/data/scene_datasets/mp3d/aayBHfsNo7d/aayBHfsNo7d.glb
I0918 23:14:42.802929 1593317 ManagedContainerBase.cpp:19] ManagedContainerBase::convertFilenameToJSON : Filename : /mnt/data_nas/deeprobotics/daiyang/vla/third_party/ETP-R1/data/scene_datasets/mp3d/aayBHfsNo7d/aayBHfsNo7d.glb changed to proposed JSON configuration filename : /mnt/data_nas/deeprobotics/daiyang/vla/third_party/ETP-R1/data/scene_datasets/mp3d/aayBHfsNo7d/aayBHfsNo7d.stage_config.json
I0918 23:14:42.802942 1593317 AttributesManagerBase.h:283] AttributesManager<T>::createFromJsonOrDefaultInternal  (Stage) : Proposing JSON name : /mnt/data_nas/deeprobotics/daiyang/vla/third_party/ETP-R1/data/scene_datasets/mp3d/aayBHfsNo7d/aayBHfsNo7d.stage_config.json from original name : /mnt/data_nas/deeprobotics/daiyang/vla/third_party/ETP-R1/data/scene_datasets/mp3d/aayBHfsNo7d/aayBHfsNo7d.glb | This file  does not exist.
I0918 23:14:42.802990 1593317 AbstractObjectAttributesManagerBase.h:181] AbstractObjectAttributesManager<T>::createObject  (Stage) : Done making attributes with handle : /mnt/data_nas/deeprobotics/daiyang/vla/third_party/ETP-R1/data/scene_datasets/mp3d/aayBHfsNo7d/aayBHfsNo7d.glb
I0918 23:14:42.802992 1593317 AbstractObjectAttributesManagerBase.h:188] File (/mnt/data_nas/deeprobotics/daiyang/vla/third_party/ETP-R1/data/scene_datasets/mp3d/aayBHfsNo7d/aayBHfsNo7d.glb) exists but is not a recognized config filename extension, so new default Stage attributes created and registered.
I0918 23:14:42.802997 1593317 Simulator.cpp:156] Loading navmesh from /mnt/data_nas/deeprobotics/daiyang/vla/third_party/ETP-R1/data/scene_datasets/mp3d/aayBHfsNo7d/aayBHfsNo7d.navmesh
I0918 23:14:42.803784 1593317 Simulator.cpp:158] Loaded.
I0918 23:14:42.803793 1593317 SceneGraph.h:93] Created DrawableGroup: 
Renderer: NVIDIA GeForce RTX 5090/PCIe/SSE2 by NVIDIA Corporation
OpenGL version: 4.6.0 NVIDIA 580.126.09
Using optional features:
    GL_ARB_ES2_compatibility
    GL_ARB_direct_state_access
    GL_ARB_get_texture_sub_image
    GL_ARB_invalidate_subdata
    GL_ARB_multi_bind
    GL_ARB_robustness
    GL_ARB_separate_shader_objects
    GL_ARB_texture_filter_anisotropic
    GL_ARB_texture_storage
    GL_ARB_texture_storage_multisample
    GL_ARB_vertex_array_object
    GL_KHR_debug
Using driver workarounds:
    no-forward-compatible-core-context
    nv-egl-incorrect-gl11-function-pointers
    no-layout-qualifiers-on-old-glsl
    nv-zero-context-profile-mask
    nv-implementation-color-read-format-dsa-broken
    nv-cubemap-inconsistent-compressed-image-size
    nv-cubemap-broken-full-compressed-image-query
    nv-compressed-block-size-in-bits
I0918 23:14:42.807583 1593317 ResourceManager.cpp:234] ResourceManager::loadStage : Not loading semantic mesh
I0918 23:14:42.807591 1593317 ResourceManager.cpp:262] ResourceManager::loadStage : start load render asset /mnt/data_nas/deeprobotics/daiyang/vla/third_party/ETP-R1/data/scene_datasets/mp3d/aayBHfsNo7d/aayBHfsNo7d.glb.
I0918 23:14:42.807595 1593317 ResourceManager.cpp:569] ResourceManager::loadStageInternal : Attempting to load stage /mnt/data_nas/deeprobotics/daiyang/vla/third_party/ETP-R1/data/scene_datasets/mp3d/aayBHfsNo7d/aayBHfsNo7d.glb 
I0918 23:14:42.807611 1593317 ResourceManager.cpp:1119] Importing Basis files as BC7 for aayBHfsNo7d.glb
W0918 23:14:44.387559 1593317 Simulator.cpp:248] :
---
 The active scene does not contain semantic annotations. 
---
I0918 23:14:44.429725 1593317 simulator.py:213] Loaded navmesh /mnt/data_nas/deeprobotics/daiyang/vla/third_party/ETP-R1/data/scene_datasets/mp3d/aayBHfsNo7d/aayBHfsNo7d.navmesh
I0918 23:17:44.829320 1593317 PhysicsManager.cpp:33] Deconstructing PhysicsManager
I0918 23:17:44.829378 1593317 SemanticScene.h:41] Deconstructing SemanticScene
I0918 23:17:44.832520 1593317 SceneManager.h:25] Deconstructing SceneManager
I0918 23:17:44.832530 1593317 SceneGraph.h:26] Deconstructing SceneGraph
I0918 23:17:44.833173 1593317 Sensor.h:87] Deconstructing Sensor
I0918 23:17:44.836416 1593317 Renderer.cpp:34] Deconstructing Renderer
I0918 23:17:44.836438 1593317 WindowlessContext.h:17] Deconstructing WindowlessContext
I0918 23:17:44.842206 1593317 ManagedContainerBase.cpp:19] ManagedContainerBase::convertFilenameToJSON : Filename : default changed to proposed JSON configuration filename : default.scene_dataset_config.json
I0918 23:17:44.842224 1593317 AttributesManagerBase.h:283] AttributesManager<T>::createFromJsonOrDefaultInternal  (Dataset) : Proposing JSON name : default.scene_dataset_config.json from original name : default | This file  does not exist.
I0918 23:17:44.842743 1593317 AssetAttributesManager.cpp:117] Asset attributes (capsule3DSolid : capsule3DSolid_hemiRings_4_cylRings_1_segments_12_halfLen_0.75_useTexCoords_false_useTangents_false) created and registered.
I0918 23:17:44.842772 1593317 AssetAttributesManager.cpp:117] Asset attributes (capsule3DWireframe : capsule3DWireframe_hemiRings_8_cylRings_1_segments_16_halfLen_1) created and registered.
I0918 23:17:44.842794 1593317 AssetAttributesManager.cpp:117] Asset attributes (coneSolid : coneSolid_segments_12_halfLen_1.25_rings_1_useTexCoords_false_useTangents_false_capEnd_true) created and registered.
I0918 23:17:44.842808 1593317 AssetAttributesManager.cpp:117] Asset attributes (coneWireframe : coneWireframe_segments_32_halfLen_1.25) created and registered.
I0918 23:17:44.842818 1593317 AssetAttributesManager.cpp:117] Asset attributes (cubeSolid : cubeSolid) created and registered.
I0918 23:17:44.842824 1593317 AssetAttributesManager.cpp:117] Asset attributes (cubeWireframe : cubeWireframe) created and registered.
I0918 23:17:44.842844 1593317 AssetAttributesManager.cpp:117] Asset attributes (cylinderSolid : cylinderSolid_rings_1_segments_12_halfLen_1_useTexCoords_false_useTangents_false_capEnds_true) created and registered.
I0918 23:17:44.842859 1593317 AssetAttributesManager.cpp:117] Asset attributes (cylinderWireframe : cylinderWireframe_rings_1_segments_32_halfLen_1) created and registered.
I0918 23:17:44.842870 1593317 AssetAttributesManager.cpp:117] Asset attributes (icosphereSolid : icosphereSolid_subdivs_1) created and registered.
I0918 23:17:44.842886 1593317 AssetAttributesManager.cpp:117] Asset attributes (icosphereWireframe : icosphereWireframe_subdivs_1) created and registered.
I0918 23:17:44.842900 1593317 AssetAttributesManager.cpp:117] Asset attributes (uvSphereSolid : uvSphereSolid_rings_8_segments_16_useTexCoords_false_useTangents_false) created and registered.
I0918 23:17:44.842911 1593317 AssetAttributesManager.cpp:117] Asset attributes (uvSphereWireframe : uvSphereWireframe_rings_16_segments_32) created and registered.
I0918 23:17:44.842917 1593317 AssetAttributesManager.cpp:105] AssetAttributesManager::buildCtorFuncPtrMaps : Built default primitive asset templates : 12
I0918 23:17:44.843319 1593317 SceneDatasetAttributesManager.cpp:23] File (default) not found, so new default dataset attributes created and registered.
I0918 23:17:44.843321 1593317 MetadataMediator.cpp:47] MetadataMediator::createDataset : Dataset default successfully created.
I0918 23:17:44.843508 1593317 AttributesManagerBase.h:283] AttributesManager<T>::createFromJsonOrDefaultInternal  (Physics Manager) : Proposing JSON name : ./data/default.physics_config.json from original name : ./data/default.physics_config.json | This file  does not exist.
I0918 23:17:44.843520 1593317 PhysicsAttributesManager.cpp:27] File (./data/default.physics_config.json) not found, so new default physics manager attributes created and registered.
I0918 23:17:44.843523 1593317 AbstractObjectAttributesManagerBase.h:175] AbstractObjectAttributesManager<T>::createObject  (Stage) : Making attributes with handle : /mnt/data_nas/deeprobotics/daiyang/vla/third_party/ETP-R1/data/scene_datasets/mp3d/82sE5b5pLXE/82sE5b5pLXE.glb
I0918 23:17:44.843528 1593317 ManagedContainerBase.cpp:19] ManagedContainerBase::convertFilenameToJSON : Filename : /mnt/data_nas/deeprobotics/daiyang/vla/third_party/ETP-R1/data/scene_datasets/mp3d/82sE5b5pLXE/82sE5b5pLXE.glb changed to proposed JSON configuration filename : /mnt/data_nas/deeprobotics/daiyang/vla/third_party/ETP-R1/data/scene_datasets/mp3d/82sE5b5pLXE/82sE5b5pLXE.stage_config.json
I0918 23:17:44.843540 1593317 AttributesManagerBase.h:283] AttributesManager<T>::createFromJsonOrDefaultInternal  (Stage) : Proposing JSON name : /mnt/data_nas/deeprobotics/daiyang/vla/third_party/ETP-R1/data/scene_datasets/mp3d/82sE5b5pLXE/82sE5b5pLXE.stage_config.json from original name : /mnt/data_nas/deeprobotics/daiyang/vla/third_party/ETP-R1/data/scene_datasets/mp3d/82sE5b5pLXE/82sE5b5pLXE.glb | This file  does not exist.
I0918 23:17:44.843586 1593317 AbstractObjectAttributesManagerBase.h:181] AbstractObjectAttributesManager<T>::createObject  (Stage) : Done making attributes with handle : /mnt/data_nas/deeprobotics/daiyang/vla/third_party/ETP-R1/data/scene_datasets/mp3d/82sE5b5pLXE/82sE5b5pLXE.glb
I0918 23:17:44.843587 1593317 AbstractObjectAttributesManagerBase.h:188] File (/mnt/data_nas/deeprobotics/daiyang/vla/third_party/ETP-R1/data/scene_datasets/mp3d/82sE5b5pLXE/82sE5b5pLXE.glb) exists but is not a recognized config filename extension, so new default Stage attributes created and registered.
I0918 23:17:44.843592 1593317 Simulator.cpp:156] Loading navmesh from /mnt/data_nas/deeprobotics/daiyang/vla/third_party/ETP-R1/data/scene_datasets/mp3d/82sE5b5pLXE/82sE5b5pLXE.navmesh
I0918 23:17:44.844445 1593317 Simulator.cpp:158] Loaded.
I0918 23:17:44.844452 1593317 SceneGraph.h:93] Created DrawableGroup: 
Renderer: NVIDIA GeForce RTX 5090/PCIe/SSE2 by NVIDIA Corporation
OpenGL version: 4.6.0 NVIDIA 580.126.09
Using optional features:
    GL_ARB_ES2_compatibility
    GL_ARB_direct_state_access
    GL_ARB_get_texture_sub_image
    GL_ARB_invalidate_subdata
    GL_ARB_multi_bind
    GL_ARB_robustness
    GL_ARB_separate_shader_objects
    GL_ARB_texture_filter_anisotropic
    GL_ARB_texture_storage
    GL_ARB_texture_storage_multisample
    GL_ARB_vertex_array_object
    GL_KHR_debug
Using driver workarounds:
    no-forward-compatible-core-context
    nv-egl-incorrect-gl11-function-pointers
    no-layout-qualifiers-on-old-glsl
    nv-zero-context-profile-mask
    nv-implementation-color-read-format-dsa-broken
    nv-cubemap-inconsistent-compressed-image-size
    nv-cubemap-broken-full-compressed-image-query
    nv-compressed-block-size-in-bits
I0918 23:17:44.848179 1593317 ResourceManager.cpp:234] ResourceManager::loadStage : Not loading semantic mesh
I0918 23:17:44.848188 1593317 ResourceManager.cpp:262] ResourceManager::loadStage : start load render asset /mnt/data_nas/deeprobotics/daiyang/vla/third_party/ETP-R1/data/scene_datasets/mp3d/82sE5b5pLXE/82sE5b5pLXE.glb.
I0918 23:17:44.848191 1593317 ResourceManager.cpp:569] ResourceManager::loadStageInternal : Attempting to load stage /mnt/data_nas/deeprobotics/daiyang/vla/third_party/ETP-R1/data/scene_datasets/mp3d/82sE5b5pLXE/82sE5b5pLXE.glb 
I0918 23:17:44.848206 1593317 ResourceManager.cpp:1119] Importing Basis files as BC7 for 82sE5b5pLXE.glb
W0918 23:17:46.976198 1593317 Simulator.cpp:248] :
---
 The active scene does not contain semantic annotations. 
---
I0918 23:17:47.012372 1593317 simulator.py:213] Loaded navmesh /mnt/data_nas/deeprobotics/daiyang/vla/third_party/ETP-R1/data/scene_datasets/mp3d/82sE5b5pLXE/82sE5b5pLXE.navmesh
I0918 23:18:25.371292 1593317 PhysicsManager.cpp:33] Deconstructing PhysicsManager
I0918 23:18:25.371342 1593317 SemanticScene.h:41] Deconstructing SemanticScene
I0918 23:18:25.372943 1593317 SceneManager.h:25] Deconstructing SceneManager
I0918 23:18:25.372951 1593317 SceneGraph.h:26] Deconstructing SceneGraph
I0918 23:18:25.373222 1593317 Sensor.h:87] Deconstructing Sensor
I0918 23:18:25.376335 1593317 Renderer.cpp:34] Deconstructing Renderer
I0918 23:18:25.376358 1593317 WindowlessContext.h:17] Deconstructing WindowlessContext
I0918 23:18:25.382220 1593317 ManagedContainerBase.cpp:19] ManagedContainerBase::convertFilenameToJSON : Filename : default changed to proposed JSON configuration filename : default.scene_dataset_config.json
I0918 23:18:25.382236 1593317 AttributesManagerBase.h:283] AttributesManager<T>::createFromJsonOrDefaultInternal  (Dataset) : Proposing JSON name : default.scene_dataset_config.json from original name : default | This file  does not exist.
I0918 23:18:25.382787 1593317 AssetAttributesManager.cpp:117] Asset attributes (capsule3DSolid : capsule3DSolid_hemiRings_4_cylRings_1_segments_12_halfLen_0.75_useTexCoords_false_useTangents_false) created and registered.
I0918 23:18:25.382815 1593317 AssetAttributesManager.cpp:117] Asset attributes (capsule3DWireframe : capsule3DWireframe_hemiRings_8_cylRings_1_segments_16_halfLen_1) created and registered.
I0918 23:18:25.382838 1593317 AssetAttributesManager.cpp:117] Asset attributes (coneSolid : coneSolid_segments_12_halfLen_1.25_rings_1_useTexCoords_false_useTangents_false_capEnd_true) created and registered.
I0918 23:18:25.382853 1593317 AssetAttributesManager.cpp:117] Asset attributes (coneWireframe : coneWireframe_segments_32_halfLen_1.25) created and registered.
I0918 23:18:25.382860 1593317 AssetAttributesManager.cpp:117] Asset attributes (cubeSolid : cubeSolid) created and registered.
I0918 23:18:25.382867 1593317 AssetAttributesManager.cpp:117] Asset attributes (cubeWireframe : cubeWireframe) created and registered.
I0918 23:18:25.382887 1593317 AssetAttributesManager.cpp:117] Asset attributes (cylinderSolid : cylinderSolid_rings_1_segments_12_halfLen_1_useTexCoords_false_useTangents_false_capEnds_true) created and registered.
I0918 23:18:25.382905 1593317 AssetAttributesManager.cpp:117] Asset attributes (cylinderWireframe : cylinderWireframe_rings_1_segments_32_halfLen_1) created and registered.
I0918 23:18:25.382915 1593317 AssetAttributesManager.cpp:117] Asset attributes (icosphereSolid : icosphereSolid_subdivs_1) created and registered.
I0918 23:18:25.382923 1593317 AssetAttributesManager.cpp:117] Asset attributes (icosphereWireframe : icosphereWireframe_subdivs_1) created and registered.
I0918 23:18:25.382936 1593317 AssetAttributesManager.cpp:117] Asset attributes (uvSphereSolid : uvSphereSolid_rings_8_segments_16_useTexCoords_false_useTangents_false) created and registered.
I0918 23:18:25.382956 1593317 AssetAttributesManager.cpp:117] Asset attributes (uvSphereWireframe : uvSphereWireframe_rings_16_segments_32) created and registered.
I0918 23:18:25.382962 1593317 AssetAttributesManager.cpp:105] AssetAttributesManager::buildCtorFuncPtrMaps : Built default primitive asset templates : 12
I0918 23:18:25.383361 1593317 SceneDatasetAttributesManager.cpp:23] File (default) not found, so new default dataset attributes created and registered.
I0918 23:18:25.383363 1593317 MetadataMediator.cpp:47] MetadataMediator::createDataset : Dataset default successfully created.
I0918 23:18:25.383548 1593317 AttributesManagerBase.h:283] AttributesManager<T>::createFromJsonOrDefaultInternal  (Physics Manager) : Proposing JSON name : ./data/default.physics_config.json from original name : ./data/default.physics_config.json | This file  does not exist.
I0918 23:18:25.383560 1593317 PhysicsAttributesManager.cpp:27] File (./data/default.physics_config.json) not found, so new default physics manager attributes created and registered.
I0918 23:18:25.383564 1593317 AbstractObjectAttributesManagerBase.h:175] AbstractObjectAttributesManager<T>::createObject  (Stage) : Making attributes with handle : /mnt/data_nas/deeprobotics/daiyang/vla/third_party/ETP-R1/data/scene_datasets/mp3d/B6ByNegPMKs/B6ByNegPMKs.glb
I0918 23:18:25.383569 1593317 ManagedContainerBase.cpp:19] ManagedContainerBase::convertFilenameToJSON : Filename : /mnt/data_nas/deeprobotics/daiyang/vla/third_party/ETP-R1/data/scene_datasets/mp3d/B6ByNegPMKs/B6ByNegPMKs.glb changed to proposed JSON configuration filename : /mnt/data_nas/deeprobotics/daiyang/vla/third_party/ETP-R1/data/scene_datasets/mp3d/B6ByNegPMKs/B6ByNegPMKs.stage_config.json
I0918 23:18:25.384446 1593317 AttributesManagerBase.h:283] AttributesManager<T>::createFromJsonOrDefaultInternal  (Stage) : Proposing JSON name : /mnt/data_nas/deeprobotics/daiyang/vla/third_party/ETP-R1/data/scene_datasets/mp3d/B6ByNegPMKs/B6ByNegPMKs.stage_config.json from original name : /mnt/data_nas/deeprobotics/daiyang/vla/third_party/ETP-R1/data/scene_datasets/mp3d/B6ByNegPMKs/B6ByNegPMKs.glb | This file  does not exist.
I0918 23:18:25.384495 1593317 AbstractObjectAttributesManagerBase.h:181] AbstractObjectAttributesManager<T>::createObject  (Stage) : Done making attributes with handle : /mnt/data_nas/deeprobotics/daiyang/vla/third_party/ETP-R1/data/scene_datasets/mp3d/B6ByNegPMKs/B6ByNegPMKs.glb
I0918 23:18:25.384498 1593317 AbstractObjectAttributesManagerBase.h:188] File (/mnt/data_nas/deeprobotics/daiyang/vla/third_party/ETP-R1/data/scene_datasets/mp3d/B6ByNegPMKs/B6ByNegPMKs.glb) exists but is not a recognized config filename extension, so new default Stage attributes created and registered.
I0918 23:18:25.384503 1593317 Simulator.cpp:156] Loading navmesh from /mnt/data_nas/deeprobotics/daiyang/vla/third_party/ETP-R1/data/scene_datasets/mp3d/B6ByNegPMKs/B6ByNegPMKs.navmesh
I0918 23:18:25.385856 1593317 Simulator.cpp:158] Loaded.
I0918 23:18:25.385864 1593317 SceneGraph.h:93] Created DrawableGroup: 
Renderer: NVIDIA GeForce RTX 5090/PCIe/SSE2 by NVIDIA Corporation
OpenGL version: 4.6.0 NVIDIA 580.126.09
Using optional features:
    GL_ARB_ES2_compatibility
    GL_ARB_direct_state_access
    GL_ARB_get_texture_sub_image
    GL_ARB_invalidate_subdata
    GL_ARB_multi_bind
    GL_ARB_robustness
    GL_ARB_separate_shader_objects
    GL_ARB_texture_filter_anisotropic
    GL_ARB_texture_storage
    GL_ARB_texture_storage_multisample
    GL_ARB_vertex_array_object
    GL_KHR_debug
Using driver workarounds:
    no-forward-compatible-core-context
    nv-egl-incorrect-gl11-function-pointers
    no-layout-qualifiers-on-old-glsl
    nv-zero-context-profile-mask
    nv-implementation-color-read-format-dsa-broken
    nv-cubemap-inconsistent-compressed-image-size
    nv-cubemap-broken-full-compressed-image-query
    nv-compressed-block-size-in-bits
I0918 23:18:25.389562 1593317 ResourceManager.cpp:234] ResourceManager::loadStage : Not loading semantic mesh
I0918 23:18:25.389571 1593317 ResourceManager.cpp:262] ResourceManager::loadStage : start load render asset /mnt/data_nas/deeprobotics/daiyang/vla/third_party/ETP-R1/data/scene_datasets/mp3d/B6ByNegPMKs/B6ByNegPMKs.glb.
I0918 23:18:25.389578 1593317 ResourceManager.cpp:569] ResourceManager::loadStageInternal : Attempting to load stage /mnt/data_nas/deeprobotics/daiyang/vla/third_party/ETP-R1/data/scene_datasets/mp3d/B6ByNegPMKs/B6ByNegPMKs.glb 
I0918 23:18:25.389593 1593317 ResourceManager.cpp:1119] Importing Basis files as BC7 for B6ByNegPMKs.glb
W0918 23:18:34.989830 1593317 Simulator.cpp:248] :
---
 The active scene does not contain semantic annotations. 
---
I0918 23:18:35.184286 1593317 simulator.py:213] Loaded navmesh /mnt/data_nas/deeprobotics/daiyang/vla/third_party/ETP-R1/data/scene_datasets/mp3d/B6ByNegPMKs/B6ByNegPMKs.navmesh
I0918 23:20:33.487478 1593317 PhysicsManager.cpp:33] Deconstructing PhysicsManager
I0918 23:20:33.487537 1593317 SemanticScene.h:41] Deconstructing SemanticScene
I0918 23:20:33.504985 1593317 SceneManager.h:25] Deconstructing SceneManager
I0918 23:20:33.505003 1593317 SceneGraph.h:26] Deconstructing SceneGraph
I0918 23:20:33.505574 1593317 Sensor.h:87] Deconstructing Sensor
I0918 23:20:33.523520 1593317 Renderer.cpp:34] Deconstructing Renderer
I0918 23:20:33.523552 1593317 WindowlessContext.h:17] Deconstructing WindowlessContext
I0918 23:20:33.540036 1593317 ManagedContainerBase.cpp:19] ManagedContainerBase::convertFilenameToJSON : Filename : default changed to proposed JSON configuration filename : default.scene_dataset_config.json
I0918 23:20:33.540055 1593317 AttributesManagerBase.h:283] AttributesManager<T>::createFromJsonOrDefaultInternal  (Dataset) : Proposing JSON name : default.scene_dataset_config.json from original name : default | This file  does not exist.
I0918 23:20:33.540241 1593317 AssetAttributesManager.cpp:117] Asset attributes (capsule3DSolid : capsule3DSolid_hemiRings_4_cylRings_1_segments_12_halfLen_0.75_useTexCoords_false_useTangents_false) created and registered.
I0918 23:20:33.540268 1593317 AssetAttributesManager.cpp:117] Asset attributes (capsule3DWireframe : capsule3DWireframe_hemiRings_8_cylRings_1_segments_16_halfLen_1) created and registered.
I0918 23:20:33.540297 1593317 AssetAttributesManager.cpp:117] Asset attributes (coneSolid : coneSolid_segments_12_halfLen_1.25_rings_1_useTexCoords_false_useTangents_false_capEnd_true) created and registered.
I0918 23:20:33.540313 1593317 AssetAttributesManager.cpp:117] Asset attributes (coneWireframe : coneWireframe_segments_32_halfLen_1.25) created and registered.
I0918 23:20:33.540321 1593317 AssetAttributesManager.cpp:117] Asset attributes (cubeSolid : cubeSolid) created and registered.
I0918 23:20:33.540333 1593317 AssetAttributesManager.cpp:117] Asset attributes (cubeWireframe : cubeWireframe) created and registered.
I0918 23:20:33.540354 1593317 AssetAttributesManager.cpp:117] Asset attributes (cylinderSolid : cylinderSolid_rings_1_segments_12_halfLen_1_useTexCoords_false_useTangents_false_capEnds_true) created and registered.
I0918 23:20:33.540372 1593317 AssetAttributesManager.cpp:117] Asset attributes (cylinderWireframe : cylinderWireframe_rings_1_segments_32_halfLen_1) created and registered.
I0918 23:20:33.540385 1593317 AssetAttributesManager.cpp:117] Asset attributes (icosphereSolid : icosphereSolid_subdivs_1) created and registered.
I0918 23:20:33.540395 1593317 AssetAttributesManager.cpp:117] Asset attributes (icosphereWireframe : icosphereWireframe_subdivs_1) created and registered.
I0918 23:20:33.540411 1593317 AssetAttributesManager.cpp:117] Asset attributes (uvSphereSolid : uvSphereSolid_rings_8_segments_16_useTexCoords_false_useTangents_false) created and registered.
I0918 23:20:33.540423 1593317 AssetAttributesManager.cpp:117] Asset attributes (uvSphereWireframe : uvSphereWireframe_rings_16_segments_32) created and registered.
I0918 23:20:33.540431 1593317 AssetAttributesManager.cpp:105] AssetAttributesManager::buildCtorFuncPtrMaps : Built default primitive asset templates : 12
I0918 23:20:33.540845 1593317 SceneDatasetAttributesManager.cpp:23] File (default) not found, so new default dataset attributes created and registered.
I0918 23:20:33.540858 1593317 MetadataMediator.cpp:47] MetadataMediator::createDataset : Dataset default successfully created.
I0918 23:20:33.541060 1593317 AttributesManagerBase.h:283] AttributesManager<T>::createFromJsonOrDefaultInternal  (Physics Manager) : Proposing JSON name : ./data/default.physics_config.json from original name : ./data/default.physics_config.json | This file  does not exist.
I0918 23:20:33.541074 1593317 PhysicsAttributesManager.cpp:27] File (./data/default.physics_config.json) not found, so new default physics manager attributes created and registered.
I0918 23:20:33.541077 1593317 AbstractObjectAttributesManagerBase.h:175] AbstractObjectAttributesManager<T>::createObject  (Stage) : Making attributes with handle : /mnt/data_nas/deeprobotics/daiyang/vla/third_party/ETP-R1/data/scene_datasets/mp3d/PuKPg4mmafe/PuKPg4mmafe.glb
I0918 23:20:33.541081 1593317 ManagedContainerBase.cpp:19] ManagedContainerBase::convertFilenameToJSON : Filename : /mnt/data_nas/deeprobotics/daiyang/vla/third_party/ETP-R1/data/scene_datasets/mp3d/PuKPg4mmafe/PuKPg4mmafe.glb changed to proposed JSON configuration filename : /mnt/data_nas/deeprobotics/daiyang/vla/third_party/ETP-R1/data/scene_datasets/mp3d/PuKPg4mmafe/PuKPg4mmafe.stage_config.json
I0918 23:20:33.541093 1593317 AttributesManagerBase.h:283] AttributesManager<T>::createFromJsonOrDefaultInternal  (Stage) : Proposing JSON name : /mnt/data_nas/deeprobotics/daiyang/vla/third_party/ETP-R1/data/scene_datasets/mp3d/PuKPg4mmafe/PuKPg4mmafe.stage_config.json from original name : /mnt/data_nas/deeprobotics/daiyang/vla/third_party/ETP-R1/data/scene_datasets/mp3d/PuKPg4mmafe/PuKPg4mmafe.glb | This file  does not exist.
I0918 23:20:33.541141 1593317 AbstractObjectAttributesManagerBase.h:181] AbstractObjectAttributesManager<T>::createObject  (Stage) : Done making attributes with handle : /mnt/data_nas/deeprobotics/daiyang/vla/third_party/ETP-R1/data/scene_datasets/mp3d/PuKPg4mmafe/PuKPg4mmafe.glb
I0918 23:20:33.541143 1593317 AbstractObjectAttributesManagerBase.h:188] File (/mnt/data_nas/deeprobotics/daiyang/vla/third_party/ETP-R1/data/scene_datasets/mp3d/PuKPg4mmafe/PuKPg4mmafe.glb) exists but is not a recognized config filename extension, so new default Stage attributes created and registered.
I0918 23:20:33.541148 1593317 Simulator.cpp:156] Loading navmesh from /mnt/data_nas/deeprobotics/daiyang/vla/third_party/ETP-R1/data/scene_datasets/mp3d/PuKPg4mmafe/PuKPg4mmafe.navmesh
I0918 23:20:33.542546 1593317 Simulator.cpp:158] Loaded.
I0918 23:20:33.542555 1593317 SceneGraph.h:93] Created DrawableGroup: 
Renderer: NVIDIA GeForce RTX 5090/PCIe/SSE2 by NVIDIA Corporation
OpenGL version: 4.6.0 NVIDIA 580.126.09
Using optional features:
    GL_ARB_ES2_compatibility
    GL_ARB_direct_state_access
    GL_ARB_get_texture_sub_image
    GL_ARB_invalidate_subdata
    GL_ARB_multi_bind
    GL_ARB_robustness
    GL_ARB_separate_shader_objects
    GL_ARB_texture_filter_anisotropic
    GL_ARB_texture_storage
    GL_ARB_texture_storage_multisample
    GL_ARB_vertex_array_object
    GL_KHR_debug
Using driver workarounds:
    no-forward-compatible-core-context
    nv-egl-incorrect-gl11-function-pointers
    no-layout-qualifiers-on-old-glsl
    nv-zero-context-profile-mask
    nv-implementation-color-read-format-dsa-broken
    nv-cubemap-inconsistent-compressed-image-size
    nv-cubemap-broken-full-compressed-image-query
    nv-compressed-block-size-in-bits
I0918 23:20:33.546368 1593317 ResourceManager.cpp:234] ResourceManager::loadStage : Not loading semantic mesh
I0918 23:20:33.546377 1593317 ResourceManager.cpp:262] ResourceManager::loadStage : start load render asset /mnt/data_nas/deeprobotics/daiyang/vla/third_party/ETP-R1/data/scene_datasets/mp3d/PuKPg4mmafe/PuKPg4mmafe.glb.
I0918 23:20:33.546380 1593317 ResourceManager.cpp:569] ResourceManager::loadStageInternal : Attempting to load stage /mnt/data_nas/deeprobotics/daiyang/vla/third_party/ETP-R1/data/scene_datasets/mp3d/PuKPg4mmafe/PuKPg4mmafe.glb 
I0918 23:20:33.546401 1593317 ResourceManager.cpp:1119] Importing Basis files as BC7 for PuKPg4mmafe.glb
W0918 23:20:38.269368 1593317 Simulator.cpp:248] :
---
 The active scene does not contain semantic annotations. 
---
I0918 23:20:38.291646 1593317 simulator.py:213] Loaded navmesh /mnt/data_nas/deeprobotics/daiyang/vla/third_party/ETP-R1/data/scene_datasets/mp3d/PuKPg4mmafe/PuKPg4mmafe.navmesh
I0918 23:23:42.051046 1593317 PhysicsManager.cpp:33] Deconstructing PhysicsManager
I0918 23:23:42.051115 1593317 SemanticScene.h:41] Deconstructing SemanticScene
I0918 23:23:42.052616 1593317 SceneManager.h:25] Deconstructing SceneManager
I0918 23:23:42.052626 1593317 SceneGraph.h:26] Deconstructing SceneGraph
I0918 23:23:42.053004 1593317 Sensor.h:87] Deconstructing Sensor
I0918 23:23:42.062162 1593317 Renderer.cpp:34] Deconstructing Renderer
I0918 23:23:42.062201 1593317 WindowlessContext.h:17] Deconstructing WindowlessContext
I0918 23:23:42.080185 1593317 ManagedContainerBase.cpp:19] ManagedContainerBase::convertFilenameToJSON : Filename : default changed to proposed JSON configuration filename : default.scene_dataset_config.json
I0918 23:23:42.080219 1593317 AttributesManagerBase.h:283] AttributesManager<T>::createFromJsonOrDefaultInternal  (Dataset) : Proposing JSON name : default.scene_dataset_config.json from original name : default | This file  does not exist.
I0918 23:23:42.080811 1593317 AssetAttributesManager.cpp:117] Asset attributes (capsule3DSolid : capsule3DSolid_hemiRings_4_cylRings_1_segments_12_halfLen_0.75_useTexCoords_false_useTangents_false) created and registered.
I0918 23:23:42.080859 1593317 AssetAttributesManager.cpp:117] Asset attributes (capsule3DWireframe : capsule3DWireframe_hemiRings_8_cylRings_1_segments_16_halfLen_1) created and registered.
I0918 23:23:42.080895 1593317 AssetAttributesManager.cpp:117] Asset attributes (coneSolid : coneSolid_segments_12_halfLen_1.25_rings_1_useTexCoords_false_useTangents_false_capEnd_true) created and registered.
I0918 23:23:42.080919 1593317 AssetAttributesManager.cpp:117] Asset attributes (coneWireframe : coneWireframe_segments_32_halfLen_1.25) created and registered.
I0918 23:23:42.080931 1593317 AssetAttributesManager.cpp:117] Asset attributes (cubeSolid : cubeSolid) created and registered.
I0918 23:23:42.080941 1593317 AssetAttributesManager.cpp:117] Asset attributes (cubeWireframe : cubeWireframe) created and registered.
I0918 23:23:42.080973 1593317 AssetAttributesManager.cpp:117] Asset attributes (cylinderSolid : cylinderSolid_rings_1_segments_12_halfLen_1_useTexCoords_false_useTangents_false_capEnds_true) created and registered.
I0918 23:23:42.080999 1593317 AssetAttributesManager.cpp:117] Asset attributes (cylinderWireframe : cylinderWireframe_rings_1_segments_32_halfLen_1) created and registered.
I0918 23:23:42.081017 1593317 AssetAttributesManager.cpp:117] Asset attributes (icosphereSolid : icosphereSolid_subdivs_1) created and registered.
I0918 23:23:42.081029 1593317 AssetAttributesManager.cpp:117] Asset attributes (icosphereWireframe : icosphereWireframe_subdivs_1) created and registered.
I0918 23:23:42.081049 1593317 AssetAttributesManager.cpp:117] Asset attributes (uvSphereSolid : uvSphereSolid_rings_8_segments_16_useTexCoords_false_useTangents_false) created and registered.
I0918 23:23:42.081069 1593317 AssetAttributesManager.cpp:117] Asset attributes (uvSphereWireframe : uvSphereWireframe_rings_16_segments_32) created and registered.
I0918 23:23:42.081079 1593317 AssetAttributesManager.cpp:105] AssetAttributesManager::buildCtorFuncPtrMaps : Built default primitive asset templates : 12
I0918 23:23:42.081759 1593317 SceneDatasetAttributesManager.cpp:23] File (default) not found, so new default dataset attributes created and registered.
I0918 23:23:42.081763 1593317 MetadataMediator.cpp:47] MetadataMediator::createDataset : Dataset default successfully created.
I0918 23:23:42.082039 1593317 AttributesManagerBase.h:283] AttributesManager<T>::createFromJsonOrDefaultInternal  (Physics Manager) : Proposing JSON name : ./data/default.physics_config.json from original name : ./data/default.physics_config.json | This file  does not exist.
I0918 23:23:42.082070 1593317 PhysicsAttributesManager.cpp:27] File (./data/default.physics_config.json) not found, so new default physics manager attributes created and registered.
I0918 23:23:42.082075 1593317 AbstractObjectAttributesManagerBase.h:175] AbstractObjectAttributesManager<T>::createObject  (Stage) : Making attributes with handle : /mnt/data_nas/deeprobotics/daiyang/vla/third_party/ETP-R1/data/scene_datasets/mp3d/aayBHfsNo7d/aayBHfsNo7d.glb
I0918 23:23:42.082082 1593317 ManagedContainerBase.cpp:19] ManagedContainerBase::convertFilenameToJSON : Filename : /mnt/data_nas/deeprobotics/daiyang/vla/third_party/ETP-R1/data/scene_datasets/mp3d/aayBHfsNo7d/aayBHfsNo7d.glb changed to proposed JSON configuration filename : /mnt/data_nas/deeprobotics/daiyang/vla/third_party/ETP-R1/data/scene_datasets/mp3d/aayBHfsNo7d/aayBHfsNo7d.stage_config.json
I0918 23:23:42.082100 1593317 AttributesManagerBase.h:283] AttributesManager<T>::createFromJsonOrDefaultInternal  (Stage) : Proposing JSON name : /mnt/data_nas/deeprobotics/daiyang/vla/third_party/ETP-R1/data/scene_datasets/mp3d/aayBHfsNo7d/aayBHfsNo7d.stage_config.json from original name : /mnt/data_nas/deeprobotics/daiyang/vla/third_party/ETP-R1/data/scene_datasets/mp3d/aayBHfsNo7d/aayBHfsNo7d.glb | This file  does not exist.
I0918 23:23:42.082178 1593317 AbstractObjectAttributesManagerBase.h:181] AbstractObjectAttributesManager<T>::createObject  (Stage) : Done making attributes with handle : /mnt/data_nas/deeprobotics/daiyang/vla/third_party/ETP-R1/data/scene_datasets/mp3d/aayBHfsNo7d/aayBHfsNo7d.glb
I0918 23:23:42.082181 1593317 AbstractObjectAttributesManagerBase.h:188] File (/mnt/data_nas/deeprobotics/daiyang/vla/third_party/ETP-R1/data/scene_datasets/mp3d/aayBHfsNo7d/aayBHfsNo7d.glb) exists but is not a recognized config filename extension, so new default Stage attributes created and registered.
I0918 23:23:42.082190 1593317 Simulator.cpp:156] Loading navmesh from /mnt/data_nas/deeprobotics/daiyang/vla/third_party/ETP-R1/data/scene_datasets/mp3d/aayBHfsNo7d/aayBHfsNo7d.navmesh
I0918 23:23:42.083317 1593317 Simulator.cpp:158] Loaded.
I0918 23:23:42.083331 1593317 SceneGraph.h:93] Created DrawableGroup: 
Renderer: NVIDIA GeForce RTX 5090/PCIe/SSE2 by NVIDIA Corporation
OpenGL version: 4.6.0 NVIDIA 580.126.09
Using optional features:
    GL_ARB_ES2_compatibility
    GL_ARB_direct_state_access
    GL_ARB_get_texture_sub_image
    GL_ARB_invalidate_subdata
    GL_ARB_multi_bind
    GL_ARB_robustness
    GL_ARB_separate_shader_objects
    GL_ARB_texture_filter_anisotropic
    GL_ARB_texture_storage
    GL_ARB_texture_storage_multisample
    GL_ARB_vertex_array_object
    GL_KHR_debug
Using driver workarounds:
    no-forward-compatible-core-context
    nv-egl-incorrect-gl11-function-pointers
    no-layout-qualifiers-on-old-glsl
    nv-zero-context-profile-mask
    nv-implementation-color-read-format-dsa-broken
    nv-cubemap-inconsistent-compressed-image-size
    nv-cubemap-broken-full-compressed-image-query
    nv-compressed-block-size-in-bits
I0918 23:23:42.087606 1593317 ResourceManager.cpp:234] ResourceManager::loadStage : Not loading semantic mesh
I0918 23:23:42.087615 1593317 ResourceManager.cpp:262] ResourceManager::loadStage : start load render asset /mnt/data_nas/deeprobotics/daiyang/vla/third_party/ETP-R1/data/scene_datasets/mp3d/aayBHfsNo7d/aayBHfsNo7d.glb.
I0918 23:23:42.087618 1593317 ResourceManager.cpp:569] ResourceManager::loadStageInternal : Attempting to load stage /mnt/data_nas/deeprobotics/daiyang/vla/third_party/ETP-R1/data/scene_datasets/mp3d/aayBHfsNo7d/aayBHfsNo7d.glb 
I0918 23:23:42.087637 1593317 ResourceManager.cpp:1119] Importing Basis files as BC7 for aayBHfsNo7d.glb
W0918 23:23:43.693452 1593317 Simulator.cpp:248] :
---
 The active scene does not contain semantic annotations. 
---
I0918 23:23:43.734405 1593317 simulator.py:213] Loaded navmesh /mnt/data_nas/deeprobotics/daiyang/vla/third_party/ETP-R1/data/scene_datasets/mp3d/aayBHfsNo7d/aayBHfsNo7d.navmesh
I0918 23:25:00.342020 1593317 PhysicsManager.cpp:33] Deconstructing PhysicsManager
I0918 23:25:00.342072 1593317 SemanticScene.h:41] Deconstructing SemanticScene
I0918 23:25:00.344826 1593317 SceneManager.h:25] Deconstructing SceneManager
I0918 23:25:00.344835 1593317 SceneGraph.h:26] Deconstructing SceneGraph
I0918 23:25:00.345389 1593317 Sensor.h:87] Deconstructing Sensor
I0918 23:25:00.347983 1593317 Renderer.cpp:34] Deconstructing Renderer
I0918 23:25:00.348006 1593317 WindowlessContext.h:17] Deconstructing WindowlessContext
I0918 23:25:00.354389 1593317 ManagedContainerBase.cpp:19] ManagedContainerBase::convertFilenameToJSON : Filename : default changed to proposed JSON configuration filename : default.scene_dataset_config.json
I0918 23:25:00.354408 1593317 AttributesManagerBase.h:283] AttributesManager<T>::createFromJsonOrDefaultInternal  (Dataset) : Proposing JSON name : default.scene_dataset_config.json from original name : default | This file  does not exist.
I0918 23:25:00.354475 1593317 AssetAttributesManager.cpp:117] Asset attributes (capsule3DSolid : capsule3DSolid_hemiRings_4_cylRings_1_segments_12_halfLen_0.75_useTexCoords_false_useTangents_false) created and registered.
I0918 23:25:00.354502 1593317 AssetAttributesManager.cpp:117] Asset attributes (capsule3DWireframe : capsule3DWireframe_hemiRings_8_cylRings_1_segments_16_halfLen_1) created and registered.
I0918 23:25:00.354525 1593317 AssetAttributesManager.cpp:117] Asset attributes (coneSolid : coneSolid_segments_12_halfLen_1.25_rings_1_useTexCoords_false_useTangents_false_capEnd_true) created and registered.
I0918 23:25:00.354540 1593317 AssetAttributesManager.cpp:117] Asset attributes (coneWireframe : coneWireframe_segments_32_halfLen_1.25) created and registered.
I0918 23:25:00.354549 1593317 AssetAttributesManager.cpp:117] Asset attributes (cubeSolid : cubeSolid) created and registered.
I0918 23:25:00.354557 1593317 AssetAttributesManager.cpp:117] Asset attributes (cubeWireframe : cubeWireframe) created and registered.
I0918 23:25:00.354575 1593317 AssetAttributesManager.cpp:117] Asset attributes (cylinderSolid : cylinderSolid_rings_1_segments_12_halfLen_1_useTexCoords_false_useTangents_false_capEnds_true) created and registered.
I0918 23:25:00.354592 1593317 AssetAttributesManager.cpp:117] Asset attributes (cylinderWireframe : cylinderWireframe_rings_1_segments_32_halfLen_1) created and registered.
I0918 23:25:00.354604 1593317 AssetAttributesManager.cpp:117] Asset attributes (icosphereSolid : icosphereSolid_subdivs_1) created and registered.
I0918 23:25:00.354614 1593317 AssetAttributesManager.cpp:117] Asset attributes (icosphereWireframe : icosphereWireframe_subdivs_1) created and registered.
I0918 23:25:00.354626 1593317 AssetAttributesManager.cpp:117] Asset attributes (uvSphereSolid : uvSphereSolid_rings_8_segments_16_useTexCoords_false_useTangents_false) created and registered.
I0918 23:25:00.354638 1593317 AssetAttributesManager.cpp:117] Asset attributes (uvSphereWireframe : uvSphereWireframe_rings_16_segments_32) created and registered.
I0918 23:25:00.354645 1593317 AssetAttributesManager.cpp:105] AssetAttributesManager::buildCtorFuncPtrMaps : Built default primitive asset templates : 12
I0918 23:25:00.355044 1593317 SceneDatasetAttributesManager.cpp:23] File (default) not found, so new default dataset attributes created and registered.
I0918 23:25:00.355046 1593317 MetadataMediator.cpp:47] MetadataMediator::createDataset : Dataset default successfully created.
I0918 23:25:00.355229 1593317 AttributesManagerBase.h:283] AttributesManager<T>::createFromJsonOrDefaultInternal  (Physics Manager) : Proposing JSON name : ./data/default.physics_config.json from original name : ./data/default.physics_config.json | This file  does not exist.
I0918 23:25:00.355242 1593317 PhysicsAttributesManager.cpp:27] File (./data/default.physics_config.json) not found, so new default physics manager attributes created and registered.
I0918 23:25:00.355245 1593317 AbstractObjectAttributesManagerBase.h:175] AbstractObjectAttributesManager<T>::createObject  (Stage) : Making attributes with handle : /mnt/data_nas/deeprobotics/daiyang/vla/third_party/ETP-R1/data/scene_datasets/mp3d/82sE5b5pLXE/82sE5b5pLXE.glb
I0918 23:25:00.355257 1593317 ManagedContainerBase.cpp:19] ManagedContainerBase::convertFilenameToJSON : Filename : /mnt/data_nas/deeprobotics/daiyang/vla/third_party/ETP-R1/data/scene_datasets/mp3d/82sE5b5pLXE/82sE5b5pLXE.glb changed to proposed JSON configuration filename : /mnt/data_nas/deeprobotics/daiyang/vla/third_party/ETP-R1/data/scene_datasets/mp3d/82sE5b5pLXE/82sE5b5pLXE.stage_config.json
I0918 23:25:00.355276 1593317 AttributesManagerBase.h:283] AttributesManager<T>::createFromJsonOrDefaultInternal  (Stage) : Proposing JSON name : /mnt/data_nas/deeprobotics/daiyang/vla/third_party/ETP-R1/data/scene_datasets/mp3d/82sE5b5pLXE/82sE5b5pLXE.stage_config.json from original name : /mnt/data_nas/deeprobotics/daiyang/vla/third_party/ETP-R1/data/scene_datasets/mp3d/82sE5b5pLXE/82sE5b5pLXE.glb | This file  does not exist.
I0918 23:25:00.355322 1593317 AbstractObjectAttributesManagerBase.h:181] AbstractObjectAttributesManager<T>::createObject  (Stage) : Done making attributes with handle : /mnt/data_nas/deeprobotics/daiyang/vla/third_party/ETP-R1/data/scene_datasets/mp3d/82sE5b5pLXE/82sE5b5pLXE.glb
I0918 23:25:00.355324 1593317 AbstractObjectAttributesManagerBase.h:188] File (/mnt/data_nas/deeprobotics/daiyang/vla/third_party/ETP-R1/data/scene_datasets/mp3d/82sE5b5pLXE/82sE5b5pLXE.glb) exists but is not a recognized config filename extension, so new default Stage attributes created and registered.
I0918 23:25:00.355329 1593317 Simulator.cpp:156] Loading navmesh from /mnt/data_nas/deeprobotics/daiyang/vla/third_party/ETP-R1/data/scene_datasets/mp3d/82sE5b5pLXE/82sE5b5pLXE.navmesh
I0918 23:25:00.356105 1593317 Simulator.cpp:158] Loaded.
I0918 23:25:00.356114 1593317 SceneGraph.h:93] Created DrawableGroup: 
Renderer: NVIDIA GeForce RTX 5090/PCIe/SSE2 by NVIDIA Corporation
OpenGL version: 4.6.0 NVIDIA 580.126.09
Using optional features:
    GL_ARB_ES2_compatibility
    GL_ARB_direct_state_access
    GL_ARB_get_texture_sub_image
    GL_ARB_invalidate_subdata
    GL_ARB_multi_bind
    GL_ARB_robustness
    GL_ARB_separate_shader_objects
    GL_ARB_texture_filter_anisotropic
    GL_ARB_texture_storage
    GL_ARB_texture_storage_multisample
    GL_ARB_vertex_array_object
    GL_KHR_debug
Using driver workarounds:
    no-forward-compatible-core-context
    nv-egl-incorrect-gl11-function-pointers
    no-layout-qualifiers-on-old-glsl
    nv-zero-context-profile-mask
    nv-implementation-color-read-format-dsa-broken
    nv-cubemap-inconsistent-compressed-image-size
    nv-cubemap-broken-full-compressed-image-query
    nv-compressed-block-size-in-bits
I0918 23:25:00.359822 1593317 ResourceManager.cpp:234] ResourceManager::loadStage : Not loading semantic mesh
I0918 23:25:00.359833 1593317 ResourceManager.cpp:262] ResourceManager::loadStage : start load render asset /mnt/data_nas/deeprobotics/daiyang/vla/third_party/ETP-R1/data/scene_datasets/mp3d/82sE5b5pLXE/82sE5b5pLXE.glb.
I0918 23:25:00.359834 1593317 ResourceManager.cpp:569] ResourceManager::loadStageInternal : Attempting to load stage /mnt/data_nas/deeprobotics/daiyang/vla/third_party/ETP-R1/data/scene_datasets/mp3d/82sE5b5pLXE/82sE5b5pLXE.glb 
I0918 23:25:00.359850 1593317 ResourceManager.cpp:1119] Importing Basis files as BC7 for 82sE5b5pLXE.glb
W0918 23:25:02.380669 1593317 Simulator.cpp:248] :
---
 The active scene does not contain semantic annotations. 
---
I0918 23:25:02.417097 1593317 simulator.py:213] Loaded navmesh /mnt/data_nas/deeprobotics/daiyang/vla/third_party/ETP-R1/data/scene_datasets/mp3d/82sE5b5pLXE/82sE5b5pLXE.navmesh
I0918 23:25:40.318816 1593317 PhysicsManager.cpp:33] Deconstructing PhysicsManager
I0918 23:25:40.318866 1593317 SemanticScene.h:41] Deconstructing SemanticScene
I0918 23:25:40.320327 1593317 SceneManager.h:25] Deconstructing SceneManager
I0918 23:25:40.320335 1593317 SceneGraph.h:26] Deconstructing SceneGraph
I0918 23:25:40.320611 1593317 Sensor.h:87] Deconstructing Sensor
I0918 23:25:40.323735 1593317 Renderer.cpp:34] Deconstructing Renderer
I0918 23:25:40.323764 1593317 WindowlessContext.h:17] Deconstructing WindowlessContext
I0918 23:25:40.329650 1593317 ManagedContainerBase.cpp:19] ManagedContainerBase::convertFilenameToJSON : Filename : default changed to proposed JSON configuration filename : default.scene_dataset_config.json
I0918 23:25:40.329668 1593317 AttributesManagerBase.h:283] AttributesManager<T>::createFromJsonOrDefaultInternal  (Dataset) : Proposing JSON name : default.scene_dataset_config.json from original name : default | This file  does not exist.
I0918 23:25:40.330237 1593317 AssetAttributesManager.cpp:117] Asset attributes (capsule3DSolid : capsule3DSolid_hemiRings_4_cylRings_1_segments_12_halfLen_0.75_useTexCoords_false_useTangents_false) created and registered.
I0918 23:25:40.330266 1593317 AssetAttributesManager.cpp:117] Asset attributes (capsule3DWireframe : capsule3DWireframe_hemiRings_8_cylRings_1_segments_16_halfLen_1) created and registered.
I0918 23:25:40.330292 1593317 AssetAttributesManager.cpp:117] Asset attributes (coneSolid : coneSolid_segments_12_halfLen_1.25_rings_1_useTexCoords_false_useTangents_false_capEnd_true) created and registered.
I0918 23:25:40.330307 1593317 AssetAttributesManager.cpp:117] Asset attributes (coneWireframe : coneWireframe_segments_32_halfLen_1.25) created and registered.
I0918 23:25:40.330315 1593317 AssetAttributesManager.cpp:117] Asset attributes (cubeSolid : cubeSolid) created and registered.
I0918 23:25:40.330322 1593317 AssetAttributesManager.cpp:117] Asset attributes (cubeWireframe : cubeWireframe) created and registered.
I0918 23:25:40.330341 1593317 AssetAttributesManager.cpp:117] Asset attributes (cylinderSolid : cylinderSolid_rings_1_segments_12_halfLen_1_useTexCoords_false_useTangents_false_capEnds_true) created and registered.
I0918 23:25:40.330358 1593317 AssetAttributesManager.cpp:117] Asset attributes (cylinderWireframe : cylinderWireframe_rings_1_segments_32_halfLen_1) created and registered.
I0918 23:25:40.330369 1593317 AssetAttributesManager.cpp:117] Asset attributes (icosphereSolid : icosphereSolid_subdivs_1) created and registered.
I0918 23:25:40.330379 1593317 AssetAttributesManager.cpp:117] Asset attributes (icosphereWireframe : icosphereWireframe_subdivs_1) created and registered.
I0918 23:25:40.330392 1593317 AssetAttributesManager.cpp:117] Asset attributes (uvSphereSolid : uvSphereSolid_rings_8_segments_16_useTexCoords_false_useTangents_false) created and registered.
I0918 23:25:40.330405 1593317 AssetAttributesManager.cpp:117] Asset attributes (uvSphereWireframe : uvSphereWireframe_rings_16_segments_32) created and registered.
I0918 23:25:40.330412 1593317 AssetAttributesManager.cpp:105] AssetAttributesManager::buildCtorFuncPtrMaps : Built default primitive asset templates : 12
I0918 23:25:40.330812 1593317 SceneDatasetAttributesManager.cpp:23] File (default) not found, so new default dataset attributes created and registered.
I0918 23:25:40.330814 1593317 MetadataMediator.cpp:47] MetadataMediator::createDataset : Dataset default successfully created.
I0918 23:25:40.330999 1593317 AttributesManagerBase.h:283] AttributesManager<T>::createFromJsonOrDefaultInternal  (Physics Manager) : Proposing JSON name : ./data/default.physics_config.json from original name : ./data/default.physics_config.json | This file  does not exist.
I0918 23:25:40.331012 1593317 PhysicsAttributesManager.cpp:27] File (./data/default.physics_config.json) not found, so new default physics manager attributes created and registered.
I0918 23:25:40.331015 1593317 AbstractObjectAttributesManagerBase.h:175] AbstractObjectAttributesManager<T>::createObject  (Stage) : Making attributes with handle : /mnt/data_nas/deeprobotics/daiyang/vla/third_party/ETP-R1/data/scene_datasets/mp3d/B6ByNegPMKs/B6ByNegPMKs.glb
I0918 23:25:40.331020 1593317 ManagedContainerBase.cpp:19] ManagedContainerBase::convertFilenameToJSON : Filename : /mnt/data_nas/deeprobotics/daiyang/vla/third_party/ETP-R1/data/scene_datasets/mp3d/B6ByNegPMKs/B6ByNegPMKs.glb changed to proposed JSON configuration filename : /mnt/data_nas/deeprobotics/daiyang/vla/third_party/ETP-R1/data/scene_datasets/mp3d/B6ByNegPMKs/B6ByNegPMKs.stage_config.json
I0918 23:25:40.331876 1593317 AttributesManagerBase.h:283] AttributesManager<T>::createFromJsonOrDefaultInternal  (Stage) : Proposing JSON name : /mnt/data_nas/deeprobotics/daiyang/vla/third_party/ETP-R1/data/scene_datasets/mp3d/B6ByNegPMKs/B6ByNegPMKs.stage_config.json from original name : /mnt/data_nas/deeprobotics/daiyang/vla/third_party/ETP-R1/data/scene_datasets/mp3d/B6ByNegPMKs/B6ByNegPMKs.glb | This file  does not exist.
I0918 23:25:40.331926 1593317 AbstractObjectAttributesManagerBase.h:181] AbstractObjectAttributesManager<T>::createObject  (Stage) : Done making attributes with handle : /mnt/data_nas/deeprobotics/daiyang/vla/third_party/ETP-R1/data/scene_datasets/mp3d/B6ByNegPMKs/B6ByNegPMKs.glb
I0918 23:25:40.331928 1593317 AbstractObjectAttributesManagerBase.h:188] File (/mnt/data_nas/deeprobotics/daiyang/vla/third_party/ETP-R1/data/scene_datasets/mp3d/B6ByNegPMKs/B6ByNegPMKs.glb) exists but is not a recognized config filename extension, so new default Stage attributes created and registered.
I0918 23:25:40.331933 1593317 Simulator.cpp:156] Loading navmesh from /mnt/data_nas/deeprobotics/daiyang/vla/third_party/ETP-R1/data/scene_datasets/mp3d/B6ByNegPMKs/B6ByNegPMKs.navmesh
I0918 23:25:40.333678 1593317 Simulator.cpp:158] Loaded.
I0918 23:25:40.333688 1593317 SceneGraph.h:93] Created DrawableGroup: 
Renderer: NVIDIA GeForce RTX 5090/PCIe/SSE2 by NVIDIA Corporation
OpenGL version: 4.6.0 NVIDIA 580.126.09
Using optional features:
    GL_ARB_ES2_compatibility
    GL_ARB_direct_state_access
    GL_ARB_get_texture_sub_image
    GL_ARB_invalidate_subdata
    GL_ARB_multi_bind
    GL_ARB_robustness
    GL_ARB_separate_shader_objects
    GL_ARB_texture_filter_anisotropic
    GL_ARB_texture_storage
    GL_ARB_texture_storage_multisample
    GL_ARB_vertex_array_object
    GL_KHR_debug
Using driver workarounds:
    no-forward-compatible-core-context
    nv-egl-incorrect-gl11-function-pointers
    no-layout-qualifiers-on-old-glsl
    nv-zero-context-profile-mask
    nv-implementation-color-read-format-dsa-broken
    nv-cubemap-inconsistent-compressed-image-size
    nv-cubemap-broken-full-compressed-image-query
    nv-compressed-block-size-in-bits
I0918 23:25:40.337471 1593317 ResourceManager.cpp:234] ResourceManager::loadStage : Not loading semantic mesh
I0918 23:25:40.337479 1593317 ResourceManager.cpp:262] ResourceManager::loadStage : start load render asset /mnt/data_nas/deeprobotics/daiyang/vla/third_party/ETP-R1/data/scene_datasets/mp3d/B6ByNegPMKs/B6ByNegPMKs.glb.
I0918 23:25:40.337482 1593317 ResourceManager.cpp:569] ResourceManager::loadStageInternal : Attempting to load stage /mnt/data_nas/deeprobotics/daiyang/vla/third_party/ETP-R1/data/scene_datasets/mp3d/B6ByNegPMKs/B6ByNegPMKs.glb 
I0918 23:25:40.337498 1593317 ResourceManager.cpp:1119] Importing Basis files as BC7 for B6ByNegPMKs.glb
W0918 23:25:50.284439 1593317 Simulator.cpp:248] :
---
 The active scene does not contain semantic annotations. 
---
I0918 23:25:50.485328 1593317 simulator.py:213] Loaded navmesh /mnt/data_nas/deeprobotics/daiyang/vla/third_party/ETP-R1/data/scene_datasets/mp3d/B6ByNegPMKs/B6ByNegPMKs.navmesh
I0918 23:26:46.247632 1593317 PhysicsManager.cpp:33] Deconstructing PhysicsManager
I0918 23:26:46.247671 1593317 SemanticScene.h:41] Deconstructing SemanticScene
I0918 23:26:46.265894 1593317 SceneManager.h:25] Deconstructing SceneManager
I0918 23:26:46.265914 1593317 SceneGraph.h:26] Deconstructing SceneGraph
I0918 23:26:46.266465 1593317 Sensor.h:87] Deconstructing Sensor
I0918 23:26:46.280344 1593317 Renderer.cpp:34] Deconstructing Renderer
I0918 23:26:46.280378 1593317 WindowlessContext.h:17] Deconstructing WindowlessContext
I0918 23:26:46.304956 1593317 ManagedContainerBase.cpp:19] ManagedContainerBase::convertFilenameToJSON : Filename : default changed to proposed JSON configuration filename : default.scene_dataset_config.json
I0918 23:26:46.304977 1593317 AttributesManagerBase.h:283] AttributesManager<T>::createFromJsonOrDefaultInternal  (Dataset) : Proposing JSON name : default.scene_dataset_config.json from original name : default | This file  does not exist.
I0918 23:26:46.305258 1593317 AssetAttributesManager.cpp:117] Asset attributes (capsule3DSolid : capsule3DSolid_hemiRings_4_cylRings_1_segments_12_halfLen_0.75_useTexCoords_false_useTangents_false) created and registered.
I0918 23:26:46.305291 1593317 AssetAttributesManager.cpp:117] Asset attributes (capsule3DWireframe : capsule3DWireframe_hemiRings_8_cylRings_1_segments_16_halfLen_1) created and registered.
I0918 23:26:46.305315 1593317 AssetAttributesManager.cpp:117] Asset attributes (coneSolid : coneSolid_segments_12_halfLen_1.25_rings_1_useTexCoords_false_useTangents_false_capEnd_true) created and registered.
I0918 23:26:46.305328 1593317 AssetAttributesManager.cpp:117] Asset attributes (coneWireframe : coneWireframe_segments_32_halfLen_1.25) created and registered.
I0918 23:26:46.305337 1593317 AssetAttributesManager.cpp:117] Asset attributes (cubeSolid : cubeSolid) created and registered.
I0918 23:26:46.305344 1593317 AssetAttributesManager.cpp:117] Asset attributes (cubeWireframe : cubeWireframe) created and registered.
I0918 23:26:46.305364 1593317 AssetAttributesManager.cpp:117] Asset attributes (cylinderSolid : cylinderSolid_rings_1_segments_12_halfLen_1_useTexCoords_false_useTangents_false_capEnds_true) created and registered.
I0918 23:26:46.305382 1593317 AssetAttributesManager.cpp:117] Asset attributes (cylinderWireframe : cylinderWireframe_rings_1_segments_32_halfLen_1) created and registered.
I0918 23:26:46.305392 1593317 AssetAttributesManager.cpp:117] Asset attributes (icosphereSolid : icosphereSolid_subdivs_1) created and registered.
I0918 23:26:46.305401 1593317 AssetAttributesManager.cpp:117] Asset attributes (icosphereWireframe : icosphereWireframe_subdivs_1) created and registered.
I0918 23:26:46.305415 1593317 AssetAttributesManager.cpp:117] Asset attributes (uvSphereSolid : uvSphereSolid_rings_8_segments_16_useTexCoords_false_useTangents_false) created and registered.
I0918 23:26:46.305428 1593317 AssetAttributesManager.cpp:117] Asset attributes (uvSphereWireframe : uvSphereWireframe_rings_16_segments_32) created and registered.
I0918 23:26:46.305434 1593317 AssetAttributesManager.cpp:105] AssetAttributesManager::buildCtorFuncPtrMaps : Built default primitive asset templates : 12
I0918 23:26:46.305837 1593317 SceneDatasetAttributesManager.cpp:23] File (default) not found, so new default dataset attributes created and registered.
I0918 23:26:46.305840 1593317 MetadataMediator.cpp:47] MetadataMediator::createDataset : Dataset default successfully created.
I0918 23:26:46.306032 1593317 AttributesManagerBase.h:283] AttributesManager<T>::createFromJsonOrDefaultInternal  (Physics Manager) : Proposing JSON name : ./data/default.physics_config.json from original name : ./data/default.physics_config.json | This file  does not exist.
I0918 23:26:46.306046 1593317 PhysicsAttributesManager.cpp:27] File (./data/default.physics_config.json) not found, so new default physics manager attributes created and registered.
I0918 23:26:46.306048 1593317 AbstractObjectAttributesManagerBase.h:175] AbstractObjectAttributesManager<T>::createObject  (Stage) : Making attributes with handle : /mnt/data_nas/deeprobotics/daiyang/vla/third_party/ETP-R1/data/scene_datasets/mp3d/PuKPg4mmafe/PuKPg4mmafe.glb
I0918 23:26:46.306053 1593317 ManagedContainerBase.cpp:19] ManagedContainerBase::convertFilenameToJSON : Filename : /mnt/data_nas/deeprobotics/daiyang/vla/third_party/ETP-R1/data/scene_datasets/mp3d/PuKPg4mmafe/PuKPg4mmafe.glb changed to proposed JSON configuration filename : /mnt/data_nas/deeprobotics/daiyang/vla/third_party/ETP-R1/data/scene_datasets/mp3d/PuKPg4mmafe/PuKPg4mmafe.stage_config.json
I0918 23:26:46.306067 1593317 AttributesManagerBase.h:283] AttributesManager<T>::createFromJsonOrDefaultInternal  (Stage) : Proposing JSON name : /mnt/data_nas/deeprobotics/daiyang/vla/third_party/ETP-R1/data/scene_datasets/mp3d/PuKPg4mmafe/PuKPg4mmafe.stage_config.json from original name : /mnt/data_nas/deeprobotics/daiyang/vla/third_party/ETP-R1/data/scene_datasets/mp3d/PuKPg4mmafe/PuKPg4mmafe.glb | This file  does not exist.
I0918 23:26:46.306115 1593317 AbstractObjectAttributesManagerBase.h:181] AbstractObjectAttributesManager<T>::createObject  (Stage) : Done making attributes with handle : /mnt/data_nas/deeprobotics/daiyang/vla/third_party/ETP-R1/data/scene_datasets/mp3d/PuKPg4mmafe/PuKPg4mmafe.glb
I0918 23:26:46.306118 1593317 AbstractObjectAttributesManagerBase.h:188] File (/mnt/data_nas/deeprobotics/daiyang/vla/third_party/ETP-R1/data/scene_datasets/mp3d/PuKPg4mmafe/PuKPg4mmafe.glb) exists but is not a recognized config filename extension, so new default Stage attributes created and registered.
I0918 23:26:46.306123 1593317 Simulator.cpp:156] Loading navmesh from /mnt/data_nas/deeprobotics/daiyang/vla/third_party/ETP-R1/data/scene_datasets/mp3d/PuKPg4mmafe/PuKPg4mmafe.navmesh
I0918 23:26:46.307106 1593317 Simulator.cpp:158] Loaded.
I0918 23:26:46.307116 1593317 SceneGraph.h:93] Created DrawableGroup: 
Renderer: NVIDIA GeForce RTX 5090/PCIe/SSE2 by NVIDIA Corporation
OpenGL version: 4.6.0 NVIDIA 580.126.09
Using optional features:
    GL_ARB_ES2_compatibility
    GL_ARB_direct_state_access
    GL_ARB_get_texture_sub_image
    GL_ARB_invalidate_subdata
    GL_ARB_multi_bind
    GL_ARB_robustness
    GL_ARB_separate_shader_objects
    GL_ARB_texture_filter_anisotropic
    GL_ARB_texture_storage
    GL_ARB_texture_storage_multisample
    GL_ARB_vertex_array_object
    GL_KHR_debug
Using driver workarounds:
    no-forward-compatible-core-context
    nv-egl-incorrect-gl11-function-pointers
    no-layout-qualifiers-on-old-glsl
    nv-zero-context-profile-mask
    nv-implementation-color-read-format-dsa-broken
    nv-cubemap-inconsistent-compressed-image-size
    nv-cubemap-broken-full-compressed-image-query
    nv-compressed-block-size-in-bits
I0918 23:26:46.310925 1593317 ResourceManager.cpp:234] ResourceManager::loadStage : Not loading semantic mesh
I0918 23:26:46.310933 1593317 ResourceManager.cpp:262] ResourceManager::loadStage : start load render asset /mnt/data_nas/deeprobotics/daiyang/vla/third_party/ETP-R1/data/scene_datasets/mp3d/PuKPg4mmafe/PuKPg4mmafe.glb.
I0918 23:26:46.310936 1593317 ResourceManager.cpp:569] ResourceManager::loadStageInternal : Attempting to load stage /mnt/data_nas/deeprobotics/daiyang/vla/third_party/ETP-R1/data/scene_datasets/mp3d/PuKPg4mmafe/PuKPg4mmafe.glb 
I0918 23:26:46.310953 1593317 ResourceManager.cpp:1119] Importing Basis files as BC7 for PuKPg4mmafe.glb
W0918 23:26:51.143585 1593317 Simulator.cpp:248] :
---
 The active scene does not contain semantic annotations. 
---
I0918 23:26:51.165516 1593317 simulator.py:213] Loaded navmesh /mnt/data_nas/deeprobotics/daiyang/vla/third_party/ETP-R1/data/scene_datasets/mp3d/PuKPg4mmafe/PuKPg4mmafe.navmesh
I0918 23:29:30.016534 1593317 PhysicsManager.cpp:33] Deconstructing PhysicsManager
I0918 23:29:30.016584 1593317 SemanticScene.h:41] Deconstructing SemanticScene
I0918 23:29:30.017719 1593317 SceneManager.h:25] Deconstructing SceneManager
I0918 23:29:30.017724 1593317 SceneGraph.h:26] Deconstructing SceneGraph
I0918 23:29:30.018028 1593317 Sensor.h:87] Deconstructing Sensor
I0918 23:29:30.026016 1593317 Renderer.cpp:34] Deconstructing Renderer
I0918 23:29:30.026057 1593317 WindowlessContext.h:17] Deconstructing WindowlessContext
I0918 23:29:30.040519 1593317 ManagedContainerBase.cpp:19] ManagedContainerBase::convertFilenameToJSON : Filename : default changed to proposed JSON configuration filename : default.scene_dataset_config.json
I0918 23:29:30.040542 1593317 AttributesManagerBase.h:283] AttributesManager<T>::createFromJsonOrDefaultInternal  (Dataset) : Proposing JSON name : default.scene_dataset_config.json from original name : default | This file  does not exist.
I0918 23:29:30.040742 1593317 AssetAttributesManager.cpp:117] Asset attributes (capsule3DSolid : capsule3DSolid_hemiRings_4_cylRings_1_segments_12_halfLen_0.75_useTexCoords_false_useTangents_false) created and registered.
I0918 23:29:30.040794 1593317 AssetAttributesManager.cpp:117] Asset attributes (capsule3DWireframe : capsule3DWireframe_hemiRings_8_cylRings_1_segments_16_halfLen_1) created and registered.
I0918 23:29:30.040830 1593317 AssetAttributesManager.cpp:117] Asset attributes (coneSolid : coneSolid_segments_12_halfLen_1.25_rings_1_useTexCoords_false_useTangents_false_capEnd_true) created and registered.
I0918 23:29:30.040854 1593317 AssetAttributesManager.cpp:117] Asset attributes (coneWireframe : coneWireframe_segments_32_halfLen_1.25) created and registered.
I0918 23:29:30.040867 1593317 AssetAttributesManager.cpp:117] Asset attributes (cubeSolid : cubeSolid) created and registered.
I0918 23:29:30.040876 1593317 AssetAttributesManager.cpp:117] Asset attributes (cubeWireframe : cubeWireframe) created and registered.
I0918 23:29:30.040908 1593317 AssetAttributesManager.cpp:117] Asset attributes (cylinderSolid : cylinderSolid_rings_1_segments_12_halfLen_1_useTexCoords_false_useTangents_false_capEnds_true) created and registered.
I0918 23:29:30.040935 1593317 AssetAttributesManager.cpp:117] Asset attributes (cylinderWireframe : cylinderWireframe_rings_1_segments_32_halfLen_1) created and registered.
I0918 23:29:30.040951 1593317 AssetAttributesManager.cpp:117] Asset attributes (icosphereSolid : icosphereSolid_subdivs_1) created and registered.
I0918 23:29:30.040964 1593317 AssetAttributesManager.cpp:117] Asset attributes (icosphereWireframe : icosphereWireframe_subdivs_1) created and registered.
I0918 23:29:30.040985 1593317 AssetAttributesManager.cpp:117] Asset attributes (uvSphereSolid : uvSphereSolid_rings_8_segments_16_useTexCoords_false_useTangents_false) created and registered.
I0918 23:29:30.041005 1593317 AssetAttributesManager.cpp:117] Asset attributes (uvSphereWireframe : uvSphereWireframe_rings_16_segments_32) created and registered.
I0918 23:29:30.041014 1593317 AssetAttributesManager.cpp:105] AssetAttributesManager::buildCtorFuncPtrMaps : Built default primitive asset templates : 12
I0918 23:29:30.041689 1593317 SceneDatasetAttributesManager.cpp:23] File (default) not found, so new default dataset attributes created and registered.
I0918 23:29:30.041694 1593317 MetadataMediator.cpp:47] MetadataMediator::createDataset : Dataset default successfully created.
I0918 23:29:30.041960 1593317 AttributesManagerBase.h:283] AttributesManager<T>::createFromJsonOrDefaultInternal  (Physics Manager) : Proposing JSON name : ./data/default.physics_config.json from original name : ./data/default.physics_config.json | This file  does not exist.
I0918 23:29:30.041980 1593317 PhysicsAttributesManager.cpp:27] File (./data/default.physics_config.json) not found, so new default physics manager attributes created and registered.
I0918 23:29:30.041985 1593317 AbstractObjectAttributesManagerBase.h:175] AbstractObjectAttributesManager<T>::createObject  (Stage) : Making attributes with handle : /mnt/data_nas/deeprobotics/daiyang/vla/third_party/ETP-R1/data/scene_datasets/mp3d/aayBHfsNo7d/aayBHfsNo7d.glb
I0918 23:29:30.041990 1593317 ManagedContainerBase.cpp:19] ManagedContainerBase::convertFilenameToJSON : Filename : /mnt/data_nas/deeprobotics/daiyang/vla/third_party/ETP-R1/data/scene_datasets/mp3d/aayBHfsNo7d/aayBHfsNo7d.glb changed to proposed JSON configuration filename : /mnt/data_nas/deeprobotics/daiyang/vla/third_party/ETP-R1/data/scene_datasets/mp3d/aayBHfsNo7d/aayBHfsNo7d.stage_config.json
I0918 23:29:30.042008 1593317 AttributesManagerBase.h:283] AttributesManager<T>::createFromJsonOrDefaultInternal  (Stage) : Proposing JSON name : /mnt/data_nas/deeprobotics/daiyang/vla/third_party/ETP-R1/data/scene_datasets/mp3d/aayBHfsNo7d/aayBHfsNo7d.stage_config.json from original name : /mnt/data_nas/deeprobotics/daiyang/vla/third_party/ETP-R1/data/scene_datasets/mp3d/aayBHfsNo7d/aayBHfsNo7d.glb | This file  does not exist.
I0918 23:29:30.042083 1593317 AbstractObjectAttributesManagerBase.h:181] AbstractObjectAttributesManager<T>::createObject  (Stage) : Done making attributes with handle : /mnt/data_nas/deeprobotics/daiyang/vla/third_party/ETP-R1/data/scene_datasets/mp3d/aayBHfsNo7d/aayBHfsNo7d.glb
I0918 23:29:30.042089 1593317 AbstractObjectAttributesManagerBase.h:188] File (/mnt/data_nas/deeprobotics/daiyang/vla/third_party/ETP-R1/data/scene_datasets/mp3d/aayBHfsNo7d/aayBHfsNo7d.glb) exists but is not a recognized config filename extension, so new default Stage attributes created and registered.
I0918 23:29:30.042097 1593317 Simulator.cpp:156] Loading navmesh from /mnt/data_nas/deeprobotics/daiyang/vla/third_party/ETP-R1/data/scene_datasets/mp3d/aayBHfsNo7d/aayBHfsNo7d.navmesh
I0918 23:29:30.042938 1593317 Simulator.cpp:158] Loaded.
I0918 23:29:30.042949 1593317 SceneGraph.h:93] Created DrawableGroup: 
Renderer: NVIDIA GeForce RTX 5090/PCIe/SSE2 by NVIDIA Corporation
OpenGL version: 4.6.0 NVIDIA 580.126.09
Using optional features:
    GL_ARB_ES2_compatibility
    GL_ARB_direct_state_access
    GL_ARB_get_texture_sub_image
    GL_ARB_invalidate_subdata
    GL_ARB_multi_bind
    GL_ARB_robustness
    GL_ARB_separate_shader_objects
    GL_ARB_texture_filter_anisotropic
    GL_ARB_texture_storage
    GL_ARB_texture_storage_multisample
    GL_ARB_vertex_array_object
    GL_KHR_debug
Using driver workarounds:
    no-forward-compatible-core-context
    nv-egl-incorrect-gl11-function-pointers
    no-layout-qualifiers-on-old-glsl
    nv-zero-context-profile-mask
    nv-implementation-color-read-format-dsa-broken
    nv-cubemap-inconsistent-compressed-image-size
    nv-cubemap-broken-full-compressed-image-query
    nv-compressed-block-size-in-bits
I0918 23:29:30.047487 1593317 ResourceManager.cpp:234] ResourceManager::loadStage : Not loading semantic mesh
I0918 23:29:30.047497 1593317 ResourceManager.cpp:262] ResourceManager::loadStage : start load render asset /mnt/data_nas/deeprobotics/daiyang/vla/third_party/ETP-R1/data/scene_datasets/mp3d/aayBHfsNo7d/aayBHfsNo7d.glb.
I0918 23:29:30.047501 1593317 ResourceManager.cpp:569] ResourceManager::loadStageInternal : Attempting to load stage /mnt/data_nas/deeprobotics/daiyang/vla/third_party/ETP-R1/data/scene_datasets/mp3d/aayBHfsNo7d/aayBHfsNo7d.glb 
I0918 23:29:30.047521 1593317 ResourceManager.cpp:1119] Importing Basis files as BC7 for aayBHfsNo7d.glb
W0918 23:29:31.753715 1593317 Simulator.cpp:248] :
---
 The active scene does not contain semantic annotations. 
---
I0918 23:29:31.794696 1593317 simulator.py:213] Loaded navmesh /mnt/data_nas/deeprobotics/daiyang/vla/third_party/ETP-R1/data/scene_datasets/mp3d/aayBHfsNo7d/aayBHfsNo7d.navmesh
I0918 23:31:28.371503 1593317 PhysicsManager.cpp:33] Deconstructing PhysicsManager
I0918 23:31:28.371567 1593317 SemanticScene.h:41] Deconstructing SemanticScene
I0918 23:31:28.374607 1593317 SceneManager.h:25] Deconstructing SceneManager
I0918 23:31:28.374616 1593317 SceneGraph.h:26] Deconstructing SceneGraph
I0918 23:31:28.375229 1593317 Sensor.h:87] Deconstructing Sensor
I0918 23:31:28.378587 1593317 Renderer.cpp:34] Deconstructing Renderer
I0918 23:31:28.378613 1593317 WindowlessContext.h:17] Deconstructing WindowlessContext
I0918 23:31:28.384574 1593317 ManagedContainerBase.cpp:19] ManagedContainerBase::convertFilenameToJSON : Filename : default changed to proposed JSON configuration filename : default.scene_dataset_config.json
I0918 23:31:28.384591 1593317 AttributesManagerBase.h:283] AttributesManager<T>::createFromJsonOrDefaultInternal  (Dataset) : Proposing JSON name : default.scene_dataset_config.json from original name : default | This file  does not exist.
I0918 23:31:28.385159 1593317 AssetAttributesManager.cpp:117] Asset attributes (capsule3DSolid : capsule3DSolid_hemiRings_4_cylRings_1_segments_12_halfLen_0.75_useTexCoords_false_useTangents_false) created and registered.
I0918 23:31:28.385187 1593317 AssetAttributesManager.cpp:117] Asset attributes (capsule3DWireframe : capsule3DWireframe_hemiRings_8_cylRings_1_segments_16_halfLen_1) created and registered.
I0918 23:31:28.385210 1593317 AssetAttributesManager.cpp:117] Asset attributes (coneSolid : coneSolid_segments_12_halfLen_1.25_rings_1_useTexCoords_false_useTangents_false_capEnd_true) created and registered.
I0918 23:31:28.385226 1593317 AssetAttributesManager.cpp:117] Asset attributes (coneWireframe : coneWireframe_segments_32_halfLen_1.25) created and registered.
I0918 23:31:28.385242 1593317 AssetAttributesManager.cpp:117] Asset attributes (cubeSolid : cubeSolid) created and registered.
I0918 23:31:28.385248 1593317 AssetAttributesManager.cpp:117] Asset attributes (cubeWireframe : cubeWireframe) created and registered.
I0918 23:31:28.385267 1593317 AssetAttributesManager.cpp:117] Asset attributes (cylinderSolid : cylinderSolid_rings_1_segments_12_halfLen_1_useTexCoords_false_useTangents_false_capEnds_true) created and registered.
I0918 23:31:28.385290 1593317 AssetAttributesManager.cpp:117] Asset attributes (cylinderWireframe : cylinderWireframe_rings_1_segments_32_halfLen_1) created and registered.
I0918 23:31:28.385300 1593317 AssetAttributesManager.cpp:117] Asset attributes (icosphereSolid : icosphereSolid_subdivs_1) created and registered.
I0918 23:31:28.385309 1593317 AssetAttributesManager.cpp:117] Asset attributes (icosphereWireframe : icosphereWireframe_subdivs_1) created and registered.
I0918 23:31:28.385324 1593317 AssetAttributesManager.cpp:117] Asset attributes (uvSphereSolid : uvSphereSolid_rings_8_segments_16_useTexCoords_false_useTangents_false) created and registered.
I0918 23:31:28.385335 1593317 AssetAttributesManager.cpp:117] Asset attributes (uvSphereWireframe : uvSphereWireframe_rings_16_segments_32) created and registered.
I0918 23:31:28.385341 1593317 AssetAttributesManager.cpp:105] AssetAttributesManager::buildCtorFuncPtrMaps : Built default primitive asset templates : 12
I0918 23:31:28.385731 1593317 SceneDatasetAttributesManager.cpp:23] File (default) not found, so new default dataset attributes created and registered.
I0918 23:31:28.385735 1593317 MetadataMediator.cpp:47] MetadataMediator::createDataset : Dataset default successfully created.
I0918 23:31:28.385931 1593317 AttributesManagerBase.h:283] AttributesManager<T>::createFromJsonOrDefaultInternal  (Physics Manager) : Proposing JSON name : ./data/default.physics_config.json from original name : ./data/default.physics_config.json | This file  does not exist.
I0918 23:31:28.385943 1593317 PhysicsAttributesManager.cpp:27] File (./data/default.physics_config.json) not found, so new default physics manager attributes created and registered.
I0918 23:31:28.385947 1593317 AbstractObjectAttributesManagerBase.h:175] AbstractObjectAttributesManager<T>::createObject  (Stage) : Making attributes with handle : /mnt/data_nas/deeprobotics/daiyang/vla/third_party/ETP-R1/data/scene_datasets/mp3d/82sE5b5pLXE/82sE5b5pLXE.glb
I0918 23:31:28.385951 1593317 ManagedContainerBase.cpp:19] ManagedContainerBase::convertFilenameToJSON : Filename : /mnt/data_nas/deeprobotics/daiyang/vla/third_party/ETP-R1/data/scene_datasets/mp3d/82sE5b5pLXE/82sE5b5pLXE.glb changed to proposed JSON configuration filename : /mnt/data_nas/deeprobotics/daiyang/vla/third_party/ETP-R1/data/scene_datasets/mp3d/82sE5b5pLXE/82sE5b5pLXE.stage_config.json
I0918 23:31:28.385964 1593317 AttributesManagerBase.h:283] AttributesManager<T>::createFromJsonOrDefaultInternal  (Stage) : Proposing JSON name : /mnt/data_nas/deeprobotics/daiyang/vla/third_party/ETP-R1/data/scene_datasets/mp3d/82sE5b5pLXE/82sE5b5pLXE.stage_config.json from original name : /mnt/data_nas/deeprobotics/daiyang/vla/third_party/ETP-R1/data/scene_datasets/mp3d/82sE5b5pLXE/82sE5b5pLXE.glb | This file  does not exist.
I0918 23:31:28.386010 1593317 AbstractObjectAttributesManagerBase.h:181] AbstractObjectAttributesManager<T>::createObject  (Stage) : Done making attributes with handle : /mnt/data_nas/deeprobotics/daiyang/vla/third_party/ETP-R1/data/scene_datasets/mp3d/82sE5b5pLXE/82sE5b5pLXE.glb
I0918 23:31:28.386013 1593317 AbstractObjectAttributesManagerBase.h:188] File (/mnt/data_nas/deeprobotics/daiyang/vla/third_party/ETP-R1/data/scene_datasets/mp3d/82sE5b5pLXE/82sE5b5pLXE.glb) exists but is not a recognized config filename extension, so new default Stage attributes created and registered.
I0918 23:31:28.386018 1593317 Simulator.cpp:156] Loading navmesh from /mnt/data_nas/deeprobotics/daiyang/vla/third_party/ETP-R1/data/scene_datasets/mp3d/82sE5b5pLXE/82sE5b5pLXE.navmesh
I0918 23:31:28.386816 1593317 Simulator.cpp:158] Loaded.
I0918 23:31:28.386823 1593317 SceneGraph.h:93] Created DrawableGroup: 
Renderer: NVIDIA GeForce RTX 5090/PCIe/SSE2 by NVIDIA Corporation
OpenGL version: 4.6.0 NVIDIA 580.126.09
Using optional features:
    GL_ARB_ES2_compatibility
    GL_ARB_direct_state_access
    GL_ARB_get_texture_sub_image
    GL_ARB_invalidate_subdata
    GL_ARB_multi_bind
    GL_ARB_robustness
    GL_ARB_separate_shader_objects
    GL_ARB_texture_filter_anisotropic
    GL_ARB_texture_storage
    GL_ARB_texture_storage_multisample
    GL_ARB_vertex_array_object
    GL_KHR_debug
Using driver workarounds:
    no-forward-compatible-core-context
    nv-egl-incorrect-gl11-function-pointers
    no-layout-qualifiers-on-old-glsl
    nv-zero-context-profile-mask
    nv-implementation-color-read-format-dsa-broken
    nv-cubemap-inconsistent-compressed-image-size
    nv-cubemap-broken-full-compressed-image-query
    nv-compressed-block-size-in-bits
I0918 23:31:28.390600 1593317 ResourceManager.cpp:234] ResourceManager::loadStage : Not loading semantic mesh
I0918 23:31:28.390609 1593317 ResourceManager.cpp:262] ResourceManager::loadStage : start load render asset /mnt/data_nas/deeprobotics/daiyang/vla/third_party/ETP-R1/data/scene_datasets/mp3d/82sE5b5pLXE/82sE5b5pLXE.glb.
I0918 23:31:28.390612 1593317 ResourceManager.cpp:569] ResourceManager::loadStageInternal : Attempting to load stage /mnt/data_nas/deeprobotics/daiyang/vla/third_party/ETP-R1/data/scene_datasets/mp3d/82sE5b5pLXE/82sE5b5pLXE.glb 
I0918 23:31:28.390628 1593317 ResourceManager.cpp:1119] Importing Basis files as BC7 for 82sE5b5pLXE.glb
W0918 23:31:30.453231 1593317 Simulator.cpp:248] :
---
 The active scene does not contain semantic annotations. 
---
I0918 23:31:30.490146 1593317 simulator.py:213] Loaded navmesh /mnt/data_nas/deeprobotics/daiyang/vla/third_party/ETP-R1/data/scene_datasets/mp3d/82sE5b5pLXE/82sE5b5pLXE.navmesh
I0918 23:31:52.668500 1593317 PhysicsManager.cpp:33] Deconstructing PhysicsManager
I0918 23:31:52.668550 1593317 SemanticScene.h:41] Deconstructing SemanticScene
I0918 23:31:52.670149 1593317 SceneManager.h:25] Deconstructing SceneManager
I0918 23:31:52.670158 1593317 SceneGraph.h:26] Deconstructing SceneGraph
I0918 23:31:52.670432 1593317 Sensor.h:87] Deconstructing Sensor
I0918 23:31:52.673832 1593317 Renderer.cpp:34] Deconstructing Renderer
I0918 23:31:52.673861 1593317 WindowlessContext.h:17] Deconstructing WindowlessContext
I0918 23:31:52.678006 1593317 ManagedContainerBase.cpp:19] ManagedContainerBase::convertFilenameToJSON : Filename : default changed to proposed JSON configuration filename : default.scene_dataset_config.json
I0918 23:31:52.678022 1593317 AttributesManagerBase.h:283] AttributesManager<T>::createFromJsonOrDefaultInternal  (Dataset) : Proposing JSON name : default.scene_dataset_config.json from original name : default | This file  does not exist.
I0918 23:31:52.678609 1593317 AssetAttributesManager.cpp:117] Asset attributes (capsule3DSolid : capsule3DSolid_hemiRings_4_cylRings_1_segments_12_halfLen_0.75_useTexCoords_false_useTangents_false) created and registered.
I0918 23:31:52.678639 1593317 AssetAttributesManager.cpp:117] Asset attributes (capsule3DWireframe : capsule3DWireframe_hemiRings_8_cylRings_1_segments_16_halfLen_1) created and registered.
I0918 23:31:52.678661 1593317 AssetAttributesManager.cpp:117] Asset attributes (coneSolid : coneSolid_segments_12_halfLen_1.25_rings_1_useTexCoords_false_useTangents_false_capEnd_true) created and registered.
I0918 23:31:52.678675 1593317 AssetAttributesManager.cpp:117] Asset attributes (coneWireframe : coneWireframe_segments_32_halfLen_1.25) created and registered.
I0918 23:31:52.678684 1593317 AssetAttributesManager.cpp:117] Asset attributes (cubeSolid : cubeSolid) created and registered.
I0918 23:31:52.678691 1593317 AssetAttributesManager.cpp:117] Asset attributes (cubeWireframe : cubeWireframe) created and registered.
I0918 23:31:52.678715 1593317 AssetAttributesManager.cpp:117] Asset attributes (cylinderSolid : cylinderSolid_rings_1_segments_12_halfLen_1_useTexCoords_false_useTangents_false_capEnds_true) created and registered.
I0918 23:31:52.678731 1593317 AssetAttributesManager.cpp:117] Asset attributes (cylinderWireframe : cylinderWireframe_rings_1_segments_32_halfLen_1) created and registered.
I0918 23:31:52.678742 1593317 AssetAttributesManager.cpp:117] Asset attributes (icosphereSolid : icosphereSolid_subdivs_1) created and registered.
I0918 23:31:52.678751 1593317 AssetAttributesManager.cpp:117] Asset attributes (icosphereWireframe : icosphereWireframe_subdivs_1) created and registered.
I0918 23:31:52.678764 1593317 AssetAttributesManager.cpp:117] Asset attributes (uvSphereSolid : uvSphereSolid_rings_8_segments_16_useTexCoords_false_useTangents_false) created and registered.
I0918 23:31:52.678777 1593317 AssetAttributesManager.cpp:117] Asset attributes (uvSphereWireframe : uvSphereWireframe_rings_16_segments_32) created and registered.
I0918 23:31:52.678783 1593317 AssetAttributesManager.cpp:105] AssetAttributesManager::buildCtorFuncPtrMaps : Built default primitive asset templates : 12
I0918 23:31:52.679175 1593317 SceneDatasetAttributesManager.cpp:23] File (default) not found, so new default dataset attributes created and registered.
I0918 23:31:52.679177 1593317 MetadataMediator.cpp:47] MetadataMediator::createDataset : Dataset default successfully created.
I0918 23:31:52.679373 1593317 AttributesManagerBase.h:283] AttributesManager<T>::createFromJsonOrDefaultInternal  (Physics Manager) : Proposing JSON name : ./data/default.physics_config.json from original name : ./data/default.physics_config.json | This file  does not exist.
I0918 23:31:52.679386 1593317 PhysicsAttributesManager.cpp:27] File (./data/default.physics_config.json) not found, so new default physics manager attributes created and registered.
I0918 23:31:52.679389 1593317 AbstractObjectAttributesManagerBase.h:175] AbstractObjectAttributesManager<T>::createObject  (Stage) : Making attributes with handle : /mnt/data_nas/deeprobotics/daiyang/vla/third_party/ETP-R1/data/scene_datasets/mp3d/B6ByNegPMKs/B6ByNegPMKs.glb
I0918 23:31:52.679394 1593317 ManagedContainerBase.cpp:19] ManagedContainerBase::convertFilenameToJSON : Filename : /mnt/data_nas/deeprobotics/daiyang/vla/third_party/ETP-R1/data/scene_datasets/mp3d/B6ByNegPMKs/B6ByNegPMKs.glb changed to proposed JSON configuration filename : /mnt/data_nas/deeprobotics/daiyang/vla/third_party/ETP-R1/data/scene_datasets/mp3d/B6ByNegPMKs/B6ByNegPMKs.stage_config.json
I0918 23:31:52.680298 1593317 AttributesManagerBase.h:283] AttributesManager<T>::createFromJsonOrDefaultInternal  (Stage) : Proposing JSON name : /mnt/data_nas/deeprobotics/daiyang/vla/third_party/ETP-R1/data/scene_datasets/mp3d/B6ByNegPMKs/B6ByNegPMKs.stage_config.json from original name : /mnt/data_nas/deeprobotics/daiyang/vla/third_party/ETP-R1/data/scene_datasets/mp3d/B6ByNegPMKs/B6ByNegPMKs.glb | This file  does not exist.
I0918 23:31:52.680347 1593317 AbstractObjectAttributesManagerBase.h:181] AbstractObjectAttributesManager<T>::createObject  (Stage) : Done making attributes with handle : /mnt/data_nas/deeprobotics/daiyang/vla/third_party/ETP-R1/data/scene_datasets/mp3d/B6ByNegPMKs/B6ByNegPMKs.glb
I0918 23:31:52.680349 1593317 AbstractObjectAttributesManagerBase.h:188] File (/mnt/data_nas/deeprobotics/daiyang/vla/third_party/ETP-R1/data/scene_datasets/mp3d/B6ByNegPMKs/B6ByNegPMKs.glb) exists but is not a recognized config filename extension, so new default Stage attributes created and registered.
I0918 23:31:52.680354 1593317 Simulator.cpp:156] Loading navmesh from /mnt/data_nas/deeprobotics/daiyang/vla/third_party/ETP-R1/data/scene_datasets/mp3d/B6ByNegPMKs/B6ByNegPMKs.navmesh
I0918 23:31:52.681818 1593317 Simulator.cpp:158] Loaded.
I0918 23:31:52.681825 1593317 SceneGraph.h:93] Created DrawableGroup: 
Renderer: NVIDIA GeForce RTX 5090/PCIe/SSE2 by NVIDIA Corporation
OpenGL version: 4.6.0 NVIDIA 580.126.09
Using optional features:
    GL_ARB_ES2_compatibility
    GL_ARB_direct_state_access
    GL_ARB_get_texture_sub_image
    GL_ARB_invalidate_subdata
    GL_ARB_multi_bind
    GL_ARB_robustness
    GL_ARB_separate_shader_objects
    GL_ARB_texture_filter_anisotropic
    GL_ARB_texture_storage
    GL_ARB_texture_storage_multisample
    GL_ARB_vertex_array_object
    GL_KHR_debug
Using driver workarounds:
    no-forward-compatible-core-context
    nv-egl-incorrect-gl11-function-pointers
    no-layout-qualifiers-on-old-glsl
    nv-zero-context-profile-mask
    nv-implementation-color-read-format-dsa-broken
    nv-cubemap-inconsistent-compressed-image-size
    nv-cubemap-broken-full-compressed-image-query
    nv-compressed-block-size-in-bits
I0918 23:31:52.685557 1593317 ResourceManager.cpp:234] ResourceManager::loadStage : Not loading semantic mesh
I0918 23:31:52.685565 1593317 ResourceManager.cpp:262] ResourceManager::loadStage : start load render asset /mnt/data_nas/deeprobotics/daiyang/vla/third_party/ETP-R1/data/scene_datasets/mp3d/B6ByNegPMKs/B6ByNegPMKs.glb.
I0918 23:31:52.685567 1593317 ResourceManager.cpp:569] ResourceManager::loadStageInternal : Attempting to load stage /mnt/data_nas/deeprobotics/daiyang/vla/third_party/ETP-R1/data/scene_datasets/mp3d/B6ByNegPMKs/B6ByNegPMKs.glb 
I0918 23:31:52.685582 1593317 ResourceManager.cpp:1119] Importing Basis files as BC7 for B6ByNegPMKs.glb
W0918 23:32:02.338201 1593317 Simulator.cpp:248] :
---
 The active scene does not contain semantic annotations. 
---
I0918 23:32:02.531226 1593317 simulator.py:213] Loaded navmesh /mnt/data_nas/deeprobotics/daiyang/vla/third_party/ETP-R1/data/scene_datasets/mp3d/B6ByNegPMKs/B6ByNegPMKs.navmesh
I0918 23:33:02.721764 1593317 PhysicsManager.cpp:33] Deconstructing PhysicsManager
I0918 23:33:02.721815 1593317 SemanticScene.h:41] Deconstructing SemanticScene
I0918 23:33:02.738556 1593317 SceneManager.h:25] Deconstructing SceneManager
I0918 23:33:02.738576 1593317 SceneGraph.h:26] Deconstructing SceneGraph
I0918 23:33:02.739073 1593317 Sensor.h:87] Deconstructing Sensor
I0918 23:33:02.754552 1593317 Renderer.cpp:34] Deconstructing Renderer
I0918 23:33:02.754587 1593317 WindowlessContext.h:17] Deconstructing WindowlessContext
I0918 23:33:02.776943 1593317 ManagedContainerBase.cpp:19] ManagedContainerBase::convertFilenameToJSON : Filename : default changed to proposed JSON configuration filename : default.scene_dataset_config.json
I0918 23:33:02.776964 1593317 AttributesManagerBase.h:283] AttributesManager<T>::createFromJsonOrDefaultInternal  (Dataset) : Proposing JSON name : default.scene_dataset_config.json from original name : default | This file  does not exist.
I0918 23:33:02.777179 1593317 AssetAttributesManager.cpp:117] Asset attributes (capsule3DSolid : capsule3DSolid_hemiRings_4_cylRings_1_segments_12_halfLen_0.75_useTexCoords_false_useTangents_false) created and registered.
I0918 23:33:02.777207 1593317 AssetAttributesManager.cpp:117] Asset attributes (capsule3DWireframe : capsule3DWireframe_hemiRings_8_cylRings_1_segments_16_halfLen_1) created and registered.
I0918 23:33:02.777230 1593317 AssetAttributesManager.cpp:117] Asset attributes (coneSolid : coneSolid_segments_12_halfLen_1.25_rings_1_useTexCoords_false_useTangents_false_capEnd_true) created and registered.
I0918 23:33:02.777245 1593317 AssetAttributesManager.cpp:117] Asset attributes (coneWireframe : coneWireframe_segments_32_halfLen_1.25) created and registered.
I0918 23:33:02.777253 1593317 AssetAttributesManager.cpp:117] Asset attributes (cubeSolid : cubeSolid) created and registered.
I0918 23:33:02.777259 1593317 AssetAttributesManager.cpp:117] Asset attributes (cubeWireframe : cubeWireframe) created and registered.
I0918 23:33:02.777283 1593317 AssetAttributesManager.cpp:117] Asset attributes (cylinderSolid : cylinderSolid_rings_1_segments_12_halfLen_1_useTexCoords_false_useTangents_false_capEnds_true) created and registered.
I0918 23:33:02.777302 1593317 AssetAttributesManager.cpp:117] Asset attributes (cylinderWireframe : cylinderWireframe_rings_1_segments_32_halfLen_1) created and registered.
I0918 23:33:02.777312 1593317 AssetAttributesManager.cpp:117] Asset attributes (icosphereSolid : icosphereSolid_subdivs_1) created and registered.
I0918 23:33:02.777330 1593317 AssetAttributesManager.cpp:117] Asset attributes (icosphereWireframe : icosphereWireframe_subdivs_1) created and registered.
I0918 23:33:02.777345 1593317 AssetAttributesManager.cpp:117] Asset attributes (uvSphereSolid : uvSphereSolid_rings_8_segments_16_useTexCoords_false_useTangents_false) created and registered.
I0918 23:33:02.777359 1593317 AssetAttributesManager.cpp:117] Asset attributes (uvSphereWireframe : uvSphereWireframe_rings_16_segments_32) created and registered.
I0918 23:33:02.777365 1593317 AssetAttributesManager.cpp:105] AssetAttributesManager::buildCtorFuncPtrMaps : Built default primitive asset templates : 12
I0918 23:33:02.777769 1593317 SceneDatasetAttributesManager.cpp:23] File (default) not found, so new default dataset attributes created and registered.
I0918 23:33:02.777772 1593317 MetadataMediator.cpp:47] MetadataMediator::createDataset : Dataset default successfully created.
I0918 23:33:02.777973 1593317 AttributesManagerBase.h:283] AttributesManager<T>::createFromJsonOrDefaultInternal  (Physics Manager) : Proposing JSON name : ./data/default.physics_config.json from original name : ./data/default.physics_config.json | This file  does not exist.
I0918 23:33:02.777985 1593317 PhysicsAttributesManager.cpp:27] File (./data/default.physics_config.json) not found, so new default physics manager attributes created and registered.
I0918 23:33:02.777988 1593317 AbstractObjectAttributesManagerBase.h:175] AbstractObjectAttributesManager<T>::createObject  (Stage) : Making attributes with handle : /mnt/data_nas/deeprobotics/daiyang/vla/third_party/ETP-R1/data/scene_datasets/mp3d/aayBHfsNo7d/aayBHfsNo7d.glb
I0918 23:33:02.777992 1593317 ManagedContainerBase.cpp:19] ManagedContainerBase::convertFilenameToJSON : Filename : /mnt/data_nas/deeprobotics/daiyang/vla/third_party/ETP-R1/data/scene_datasets/mp3d/aayBHfsNo7d/aayBHfsNo7d.glb changed to proposed JSON configuration filename : /mnt/data_nas/deeprobotics/daiyang/vla/third_party/ETP-R1/data/scene_datasets/mp3d/aayBHfsNo7d/aayBHfsNo7d.stage_config.json
I0918 23:33:02.778007 1593317 AttributesManagerBase.h:283] AttributesManager<T>::createFromJsonOrDefaultInternal  (Stage) : Proposing JSON name : /mnt/data_nas/deeprobotics/daiyang/vla/third_party/ETP-R1/data/scene_datasets/mp3d/aayBHfsNo7d/aayBHfsNo7d.stage_config.json from original name : /mnt/data_nas/deeprobotics/daiyang/vla/third_party/ETP-R1/data/scene_datasets/mp3d/aayBHfsNo7d/aayBHfsNo7d.glb | This file  does not exist.
I0918 23:33:02.778053 1593317 AbstractObjectAttributesManagerBase.h:181] AbstractObjectAttributesManager<T>::createObject  (Stage) : Done making attributes with handle : /mnt/data_nas/deeprobotics/daiyang/vla/third_party/ETP-R1/data/scene_datasets/mp3d/aayBHfsNo7d/aayBHfsNo7d.glb
I0918 23:33:02.778056 1593317 AbstractObjectAttributesManagerBase.h:188] File (/mnt/data_nas/deeprobotics/daiyang/vla/third_party/ETP-R1/data/scene_datasets/mp3d/aayBHfsNo7d/aayBHfsNo7d.glb) exists but is not a recognized config filename extension, so new default Stage attributes created and registered.
I0918 23:33:02.778060 1593317 Simulator.cpp:156] Loading navmesh from /mnt/data_nas/deeprobotics/daiyang/vla/third_party/ETP-R1/data/scene_datasets/mp3d/aayBHfsNo7d/aayBHfsNo7d.navmesh
I0918 23:33:02.778837 1593317 Simulator.cpp:158] Loaded.
I0918 23:33:02.778846 1593317 SceneGraph.h:93] Created DrawableGroup: 
Renderer: NVIDIA GeForce RTX 5090/PCIe/SSE2 by NVIDIA Corporation
OpenGL version: 4.6.0 NVIDIA 580.126.09
Using optional features:
    GL_ARB_ES2_compatibility
    GL_ARB_direct_state_access
    GL_ARB_get_texture_sub_image
    GL_ARB_invalidate_subdata
    GL_ARB_multi_bind
    GL_ARB_robustness
    GL_ARB_separate_shader_objects
    GL_ARB_texture_filter_anisotropic
    GL_ARB_texture_storage
    GL_ARB_texture_storage_multisample
    GL_ARB_vertex_array_object
    GL_KHR_debug
Using driver workarounds:
    no-forward-compatible-core-context
    nv-egl-incorrect-gl11-function-pointers
    no-layout-qualifiers-on-old-glsl
    nv-zero-context-profile-mask
    nv-implementation-color-read-format-dsa-broken
    nv-cubemap-inconsistent-compressed-image-size
    nv-cubemap-broken-full-compressed-image-query
    nv-compressed-block-size-in-bits
I0918 23:33:02.782709 1593317 ResourceManager.cpp:234] ResourceManager::loadStage : Not loading semantic mesh
I0918 23:33:02.782719 1593317 ResourceManager.cpp:262] ResourceManager::loadStage : start load render asset /mnt/data_nas/deeprobotics/daiyang/vla/third_party/ETP-R1/data/scene_datasets/mp3d/aayBHfsNo7d/aayBHfsNo7d.glb.
I0918 23:33:02.782721 1593317 ResourceManager.cpp:569] ResourceManager::loadStageInternal : Attempting to load stage /mnt/data_nas/deeprobotics/daiyang/vla/third_party/ETP-R1/data/scene_datasets/mp3d/aayBHfsNo7d/aayBHfsNo7d.glb 
I0918 23:33:02.782738 1593317 ResourceManager.cpp:1119] Importing Basis files as BC7 for aayBHfsNo7d.glb
W0918 23:33:04.411027 1593317 Simulator.cpp:248] :
---
 The active scene does not contain semantic annotations. 
---
I0918 23:33:04.451750 1593317 simulator.py:213] Loaded navmesh /mnt/data_nas/deeprobotics/daiyang/vla/third_party/ETP-R1/data/scene_datasets/mp3d/aayBHfsNo7d/aayBHfsNo7d.navmesh
I0918 23:33:30.194815 1593317 PhysicsManager.cpp:33] Deconstructing PhysicsManager
I0918 23:33:30.194865 1593317 SemanticScene.h:41] Deconstructing SemanticScene
I0918 23:33:30.197990 1593317 SceneManager.h:25] Deconstructing SceneManager
I0918 23:33:30.198359 1593317 SceneGraph.h:26] Deconstructing SceneGraph
I0918 23:33:30.198617 1593317 Sensor.h:87] Deconstructing Sensor
I0918 23:33:30.202247 1593317 Renderer.cpp:34] Deconstructing Renderer
I0918 23:33:30.202279 1593317 WindowlessContext.h:17] Deconstructing WindowlessContext
I0918 23:33:30.209736 1593317 ManagedContainerBase.cpp:19] ManagedContainerBase::convertFilenameToJSON : Filename : default changed to proposed JSON configuration filename : default.scene_dataset_config.json
I0918 23:33:30.209762 1593317 AttributesManagerBase.h:283] AttributesManager<T>::createFromJsonOrDefaultInternal  (Dataset) : Proposing JSON name : default.scene_dataset_config.json from original name : default | This file  does not exist.
I0918 23:33:30.210217 1593317 AssetAttributesManager.cpp:117] Asset attributes (capsule3DSolid : capsule3DSolid_hemiRings_4_cylRings_1_segments_12_halfLen_0.75_useTexCoords_false_useTangents_false) created and registered.
I0918 23:33:30.210278 1593317 AssetAttributesManager.cpp:117] Asset attributes (capsule3DWireframe : capsule3DWireframe_hemiRings_8_cylRings_1_segments_16_halfLen_1) created and registered.
I0918 23:33:30.210315 1593317 AssetAttributesManager.cpp:117] Asset attributes (coneSolid : coneSolid_segments_12_halfLen_1.25_rings_1_useTexCoords_false_useTangents_false_capEnd_true) created and registered.
I0918 23:33:30.210338 1593317 AssetAttributesManager.cpp:117] Asset attributes (coneWireframe : coneWireframe_segments_32_halfLen_1.25) created and registered.
I0918 23:33:30.210351 1593317 AssetAttributesManager.cpp:117] Asset attributes (cubeSolid : cubeSolid) created and registered.
I0918 23:33:30.210361 1593317 AssetAttributesManager.cpp:117] Asset attributes (cubeWireframe : cubeWireframe) created and registered.
I0918 23:33:30.210391 1593317 AssetAttributesManager.cpp:117] Asset attributes (cylinderSolid : cylinderSolid_rings_1_segments_12_halfLen_1_useTexCoords_false_useTangents_false_capEnds_true) created and registered.
I0918 23:33:30.210417 1593317 AssetAttributesManager.cpp:117] Asset attributes (cylinderWireframe : cylinderWireframe_rings_1_segments_32_halfLen_1) created and registered.
I0918 23:33:30.210434 1593317 AssetAttributesManager.cpp:117] Asset attributes (icosphereSolid : icosphereSolid_subdivs_1) created and registered.
I0918 23:33:30.210448 1593317 AssetAttributesManager.cpp:117] Asset attributes (icosphereWireframe : icosphereWireframe_subdivs_1) created and registered.
I0918 23:33:30.210469 1593317 AssetAttributesManager.cpp:117] Asset attributes (uvSphereSolid : uvSphereSolid_rings_8_segments_16_useTexCoords_false_useTangents_false) created and registered.
I0918 23:33:30.210497 1593317 AssetAttributesManager.cpp:117] Asset attributes (uvSphereWireframe : uvSphereWireframe_rings_16_segments_32) created and registered.
I0918 23:33:30.210506 1593317 AssetAttributesManager.cpp:105] AssetAttributesManager::buildCtorFuncPtrMaps : Built default primitive asset templates : 12
I0918 23:33:30.211195 1593317 SceneDatasetAttributesManager.cpp:23] File (default) not found, so new default dataset attributes created and registered.
I0918 23:33:30.211210 1593317 MetadataMediator.cpp:47] MetadataMediator::createDataset : Dataset default successfully created.
I0918 23:33:30.211584 1593317 AttributesManagerBase.h:283] AttributesManager<T>::createFromJsonOrDefaultInternal  (Physics Manager) : Proposing JSON name : ./data/default.physics_config.json from original name : ./data/default.physics_config.json | This file  does not exist.
I0918 23:33:30.211619 1593317 PhysicsAttributesManager.cpp:27] File (./data/default.physics_config.json) not found, so new default physics manager attributes created and registered.
I0918 23:33:30.211627 1593317 AbstractObjectAttributesManagerBase.h:175] AbstractObjectAttributesManager<T>::createObject  (Stage) : Making attributes with handle : /mnt/data_nas/deeprobotics/daiyang/vla/third_party/ETP-R1/data/scene_datasets/mp3d/82sE5b5pLXE/82sE5b5pLXE.glb
I0918 23:33:30.211632 1593317 ManagedContainerBase.cpp:19] ManagedContainerBase::convertFilenameToJSON : Filename : /mnt/data_nas/deeprobotics/daiyang/vla/third_party/ETP-R1/data/scene_datasets/mp3d/82sE5b5pLXE/82sE5b5pLXE.glb changed to proposed JSON configuration filename : /mnt/data_nas/deeprobotics/daiyang/vla/third_party/ETP-R1/data/scene_datasets/mp3d/82sE5b5pLXE/82sE5b5pLXE.stage_config.json
I0918 23:33:30.211655 1593317 AttributesManagerBase.h:283] AttributesManager<T>::createFromJsonOrDefaultInternal  (Stage) : Proposing JSON name : /mnt/data_nas/deeprobotics/daiyang/vla/third_party/ETP-R1/data/scene_datasets/mp3d/82sE5b5pLXE/82sE5b5pLXE.stage_config.json from original name : /mnt/data_nas/deeprobotics/daiyang/vla/third_party/ETP-R1/data/scene_datasets/mp3d/82sE5b5pLXE/82sE5b5pLXE.glb | This file  does not exist.
I0918 23:33:30.211731 1593317 AbstractObjectAttributesManagerBase.h:181] AbstractObjectAttributesManager<T>::createObject  (Stage) : Done making attributes with handle : /mnt/data_nas/deeprobotics/daiyang/vla/third_party/ETP-R1/data/scene_datasets/mp3d/82sE5b5pLXE/82sE5b5pLXE.glb
I0918 23:33:30.211735 1593317 AbstractObjectAttributesManagerBase.h:188] File (/mnt/data_nas/deeprobotics/daiyang/vla/third_party/ETP-R1/data/scene_datasets/mp3d/82sE5b5pLXE/82sE5b5pLXE.glb) exists but is not a recognized config filename extension, so new default Stage attributes created and registered.
I0918 23:33:30.211743 1593317 Simulator.cpp:156] Loading navmesh from /mnt/data_nas/deeprobotics/daiyang/vla/third_party/ETP-R1/data/scene_datasets/mp3d/82sE5b5pLXE/82sE5b5pLXE.navmesh
I0918 23:33:30.213006 1593317 Simulator.cpp:158] Loaded.
I0918 23:33:30.213023 1593317 SceneGraph.h:93] Created DrawableGroup: 
Renderer: NVIDIA GeForce RTX 5090/PCIe/SSE2 by NVIDIA Corporation
OpenGL version: 4.6.0 NVIDIA 580.126.09
Using optional features:
    GL_ARB_ES2_compatibility
    GL_ARB_direct_state_access
    GL_ARB_get_texture_sub_image
    GL_ARB_invalidate_subdata
    GL_ARB_multi_bind
    GL_ARB_robustness
    GL_ARB_separate_shader_objects
    GL_ARB_texture_filter_anisotropic
    GL_ARB_texture_storage
    GL_ARB_texture_storage_multisample
    GL_ARB_vertex_array_object
    GL_KHR_debug
Using driver workarounds:
    no-forward-compatible-core-context
    nv-egl-incorrect-gl11-function-pointers
    no-layout-qualifiers-on-old-glsl
    nv-zero-context-profile-mask
    nv-implementation-color-read-format-dsa-broken
    nv-cubemap-inconsistent-compressed-image-size
    nv-cubemap-broken-full-compressed-image-query
    nv-compressed-block-size-in-bits
I0918 23:33:30.218182 1593317 ResourceManager.cpp:234] ResourceManager::loadStage : Not loading semantic mesh
I0918 23:33:30.218195 1593317 ResourceManager.cpp:262] ResourceManager::loadStage : start load render asset /mnt/data_nas/deeprobotics/daiyang/vla/third_party/ETP-R1/data/scene_datasets/mp3d/82sE5b5pLXE/82sE5b5pLXE.glb.
I0918 23:33:30.218204 1593317 ResourceManager.cpp:569] ResourceManager::loadStageInternal : Attempting to load stage /mnt/data_nas/deeprobotics/daiyang/vla/third_party/ETP-R1/data/scene_datasets/mp3d/82sE5b5pLXE/82sE5b5pLXE.glb 
I0918 23:33:30.218226 1593317 ResourceManager.cpp:1119] Importing Basis files as BC7 for 82sE5b5pLXE.glb
W0918 23:33:32.321712 1593317 Simulator.cpp:248] :
---
 The active scene does not contain semantic annotations. 
---
I0918 23:33:32.357819 1593317 simulator.py:213] Loaded navmesh /mnt/data_nas/deeprobotics/daiyang/vla/third_party/ETP-R1/data/scene_datasets/mp3d/82sE5b5pLXE/82sE5b5pLXE.navmesh
I0918 23:34:11.565021 1593317 PhysicsManager.cpp:33] Deconstructing PhysicsManager
I0918 23:34:11.565070 1593317 SemanticScene.h:41] Deconstructing SemanticScene
I0918 23:34:11.566538 1593317 SceneManager.h:25] Deconstructing SceneManager
I0918 23:34:11.566546 1593317 SceneGraph.h:26] Deconstructing SceneGraph
I0918 23:34:11.566849 1593317 Sensor.h:87] Deconstructing Sensor
I0918 23:34:11.569914 1593317 Renderer.cpp:34] Deconstructing Renderer
I0918 23:34:11.569936 1593317 WindowlessContext.h:17] Deconstructing WindowlessContext
I0918 23:34:11.575944 1593317 ManagedContainerBase.cpp:19] ManagedContainerBase::convertFilenameToJSON : Filename : default changed to proposed JSON configuration filename : default.scene_dataset_config.json
I0918 23:34:11.575961 1593317 AttributesManagerBase.h:283] AttributesManager<T>::createFromJsonOrDefaultInternal  (Dataset) : Proposing JSON name : default.scene_dataset_config.json from original name : default | This file  does not exist.
I0918 23:34:11.576241 1593317 AssetAttributesManager.cpp:117] Asset attributes (capsule3DSolid : capsule3DSolid_hemiRings_4_cylRings_1_segments_12_halfLen_0.75_useTexCoords_false_useTangents_false) created and registered.
I0918 23:34:11.576273 1593317 AssetAttributesManager.cpp:117] Asset attributes (capsule3DWireframe : capsule3DWireframe_hemiRings_8_cylRings_1_segments_16_halfLen_1) created and registered.
I0918 23:34:11.576296 1593317 AssetAttributesManager.cpp:117] Asset attributes (coneSolid : coneSolid_segments_12_halfLen_1.25_rings_1_useTexCoords_false_useTangents_false_capEnd_true) created and registered.
I0918 23:34:11.576310 1593317 AssetAttributesManager.cpp:117] Asset attributes (coneWireframe : coneWireframe_segments_32_halfLen_1.25) created and registered.
I0918 23:34:11.576318 1593317 AssetAttributesManager.cpp:117] Asset attributes (cubeSolid : cubeSolid) created and registered.
I0918 23:34:11.576325 1593317 AssetAttributesManager.cpp:117] Asset attributes (cubeWireframe : cubeWireframe) created and registered.
I0918 23:34:11.576345 1593317 AssetAttributesManager.cpp:117] Asset attributes (cylinderSolid : cylinderSolid_rings_1_segments_12_halfLen_1_useTexCoords_false_useTangents_false_capEnds_true) created and registered.
I0918 23:34:11.576361 1593317 AssetAttributesManager.cpp:117] Asset attributes (cylinderWireframe : cylinderWireframe_rings_1_segments_32_halfLen_1) created and registered.
I0918 23:34:11.576372 1593317 AssetAttributesManager.cpp:117] Asset attributes (icosphereSolid : icosphereSolid_subdivs_1) created and registered.
I0918 23:34:11.576380 1593317 AssetAttributesManager.cpp:117] Asset attributes (icosphereWireframe : icosphereWireframe_subdivs_1) created and registered.
I0918 23:34:11.576395 1593317 AssetAttributesManager.cpp:117] Asset attributes (uvSphereSolid : uvSphereSolid_rings_8_segments_16_useTexCoords_false_useTangents_false) created and registered.
I0918 23:34:11.576407 1593317 AssetAttributesManager.cpp:117] Asset attributes (uvSphereWireframe : uvSphereWireframe_rings_16_segments_32) created and registered.
I0918 23:34:11.576413 1593317 AssetAttributesManager.cpp:105] AssetAttributesManager::buildCtorFuncPtrMaps : Built default primitive asset templates : 12
I0918 23:34:11.576807 1593317 SceneDatasetAttributesManager.cpp:23] File (default) not found, so new default dataset attributes created and registered.
I0918 23:34:11.576815 1593317 MetadataMediator.cpp:47] MetadataMediator::createDataset : Dataset default successfully created.
I0918 23:34:11.577004 1593317 AttributesManagerBase.h:283] AttributesManager<T>::createFromJsonOrDefaultInternal  (Physics Manager) : Proposing JSON name : ./data/default.physics_config.json from original name : ./data/default.physics_config.json | This file  does not exist.
I0918 23:34:11.577018 1593317 PhysicsAttributesManager.cpp:27] File (./data/default.physics_config.json) not found, so new default physics manager attributes created and registered.
I0918 23:34:11.577020 1593317 AbstractObjectAttributesManagerBase.h:175] AbstractObjectAttributesManager<T>::createObject  (Stage) : Making attributes with handle : /mnt/data_nas/deeprobotics/daiyang/vla/third_party/ETP-R1/data/scene_datasets/mp3d/B6ByNegPMKs/B6ByNegPMKs.glb
I0918 23:34:11.577024 1593317 ManagedContainerBase.cpp:19] ManagedContainerBase::convertFilenameToJSON : Filename : /mnt/data_nas/deeprobotics/daiyang/vla/third_party/ETP-R1/data/scene_datasets/mp3d/B6ByNegPMKs/B6ByNegPMKs.glb changed to proposed JSON configuration filename : /mnt/data_nas/deeprobotics/daiyang/vla/third_party/ETP-R1/data/scene_datasets/mp3d/B6ByNegPMKs/B6ByNegPMKs.stage_config.json
I0918 23:34:11.577039 1593317 AttributesManagerBase.h:283] AttributesManager<T>::createFromJsonOrDefaultInternal  (Stage) : Proposing JSON name : /mnt/data_nas/deeprobotics/daiyang/vla/third_party/ETP-R1/data/scene_datasets/mp3d/B6ByNegPMKs/B6ByNegPMKs.stage_config.json from original name : /mnt/data_nas/deeprobotics/daiyang/vla/third_party/ETP-R1/data/scene_datasets/mp3d/B6ByNegPMKs/B6ByNegPMKs.glb | This file  does not exist.
I0918 23:34:11.577085 1593317 AbstractObjectAttributesManagerBase.h:181] AbstractObjectAttributesManager<T>::createObject  (Stage) : Done making attributes with handle : /mnt/data_nas/deeprobotics/daiyang/vla/third_party/ETP-R1/data/scene_datasets/mp3d/B6ByNegPMKs/B6ByNegPMKs.glb
I0918 23:34:11.577086 1593317 AbstractObjectAttributesManagerBase.h:188] File (/mnt/data_nas/deeprobotics/daiyang/vla/third_party/ETP-R1/data/scene_datasets/mp3d/B6ByNegPMKs/B6ByNegPMKs.glb) exists but is not a recognized config filename extension, so new default Stage attributes created and registered.
I0918 23:34:11.577091 1593317 Simulator.cpp:156] Loading navmesh from /mnt/data_nas/deeprobotics/daiyang/vla/third_party/ETP-R1/data/scene_datasets/mp3d/B6ByNegPMKs/B6ByNegPMKs.navmesh
I0918 23:34:11.578245 1593317 Simulator.cpp:158] Loaded.
I0918 23:34:11.578254 1593317 SceneGraph.h:93] Created DrawableGroup: 
Renderer: NVIDIA GeForce RTX 5090/PCIe/SSE2 by NVIDIA Corporation
OpenGL version: 4.6.0 NVIDIA 580.126.09
Using optional features:
    GL_ARB_ES2_compatibility
    GL_ARB_direct_state_access
    GL_ARB_get_texture_sub_image
    GL_ARB_invalidate_subdata
    GL_ARB_multi_bind
    GL_ARB_robustness
    GL_ARB_separate_shader_objects
    GL_ARB_texture_filter_anisotropic
    GL_ARB_texture_storage
    GL_ARB_texture_storage_multisample
    GL_ARB_vertex_array_object
    GL_KHR_debug
Using driver workarounds:
    no-forward-compatible-core-context
    nv-egl-incorrect-gl11-function-pointers
    no-layout-qualifiers-on-old-glsl
    nv-zero-context-profile-mask
    nv-implementation-color-read-format-dsa-broken
    nv-cubemap-inconsistent-compressed-image-size
    nv-cubemap-broken-full-compressed-image-query
    nv-compressed-block-size-in-bits
I0918 23:34:11.581934 1593317 ResourceManager.cpp:234] ResourceManager::loadStage : Not loading semantic mesh
I0918 23:34:11.581943 1593317 ResourceManager.cpp:262] ResourceManager::loadStage : start load render asset /mnt/data_nas/deeprobotics/daiyang/vla/third_party/ETP-R1/data/scene_datasets/mp3d/B6ByNegPMKs/B6ByNegPMKs.glb.
I0918 23:34:11.581945 1593317 ResourceManager.cpp:569] ResourceManager::loadStageInternal : Attempting to load stage /mnt/data_nas/deeprobotics/daiyang/vla/third_party/ETP-R1/data/scene_datasets/mp3d/B6ByNegPMKs/B6ByNegPMKs.glb 
I0918 23:34:11.581964 1593317 ResourceManager.cpp:1119] Importing Basis files as BC7 for B6ByNegPMKs.glb
W0918 23:34:21.184693 1593317 Simulator.cpp:248] :
---
 The active scene does not contain semantic annotations. 
---
I0918 23:34:21.380508 1593317 simulator.py:213] Loaded navmesh /mnt/data_nas/deeprobotics/daiyang/vla/third_party/ETP-R1/data/scene_datasets/mp3d/B6ByNegPMKs/B6ByNegPMKs.navmesh
I0918 23:34:21.679400 1593317 Simulator.cpp:49] Deconstructing Simulator
I0918 23:34:21.679618 1593317 Simulator.cpp:49] Deconstructing Simulator
I0918 23:34:21.679771 1593317 Simulator.cpp:49] Deconstructing Simulator
I0918 23:34:21.680109 1593317 Simulator.cpp:49] Deconstructing Simulator
I0918 23:34:21.680315 1593317 Simulator.cpp:49] Deconstructing Simulator
I0918 23:34:21.680488 1593317 Simulator.cpp:49] Deconstructing Simulator
I0918 23:34:21.680637 1593317 Simulator.cpp:49] Deconstructing Simulator
I0918 23:34:21.680787 1593317 Simulator.cpp:49] Deconstructing Simulator
I0918 23:34:21.680948 1593317 Simulator.cpp:49] Deconstructing Simulator
I0918 23:34:21.681075 1593317 Simulator.cpp:49] Deconstructing Simulator
I0918 23:34:21.681214 1593317 Simulator.cpp:49] Deconstructing Simulator
I0918 23:34:21.681336 1593317 Simulator.cpp:49] Deconstructing Simulator
I0918 23:34:21.681458 1593317 Simulator.cpp:49] Deconstructing Simulator
I0918 23:34:21.681581 1593317 Simulator.cpp:49] Deconstructing Simulator
I0918 23:34:21.681696 1593317 Simulator.cpp:49] Deconstructing Simulator
I0918 23:34:21.681808 1593317 Simulator.cpp:49] Deconstructing Simulator
I0918 23:34:21.681914 1593317 Simulator.cpp:49] Deconstructing Simulator
I0918 23:34:21.682017 1593317 Simulator.cpp:49] Deconstructing Simulator
I0918 23:34:21.682133 1593317 Simulator.cpp:49] Deconstructing Simulator
I0918 23:34:21.682243 1593317 Simulator.cpp:49] Deconstructing Simulator
I0918 23:34:21.682354 1593317 Simulator.cpp:49] Deconstructing Simulator
I0918 23:34:21.682451 1593317 Simulator.cpp:49] Deconstructing Simulator
I0918 23:34:21.682557 1593317 Simulator.cpp:49] Deconstructing Simulator
I0918 23:34:21.682663 1593317 Simulator.cpp:49] Deconstructing Simulator
I0918 23:34:21.682755 1593317 Simulator.cpp:49] Deconstructing Simulator
I0918 23:34:21.682862 1593317 Simulator.cpp:49] Deconstructing Simulator
I0918 23:34:21.682972 1593317 Simulator.cpp:49] Deconstructing Simulator
I0918 23:34:21.683063 1593317 Simulator.cpp:49] Deconstructing Simulator
I0918 23:34:21.683161 1593317 Simulator.cpp:49] Deconstructing Simulator
I0918 23:34:21.683248 1593317 Simulator.cpp:49] Deconstructing Simulator
I0918 23:34:21.683351 1593317 Simulator.cpp:49] Deconstructing Simulator
I0918 23:34:21.683442 1593317 Simulator.cpp:49] Deconstructing Simulator
I0918 23:34:21.683537 1593317 Simulator.cpp:49] Deconstructing Simulator
I0918 23:34:21.683626 1593317 Simulator.cpp:49] Deconstructing Simulator
I0918 23:35:08.532583 1593317 PhysicsManager.cpp:33] Deconstructing PhysicsManager
I0918 23:35:08.532624 1593317 SemanticScene.h:41] Deconstructing SemanticScene
I0918 23:35:08.549378 1593317 SceneManager.h:25] Deconstructing SceneManager
I0918 23:35:08.549396 1593317 SceneGraph.h:26] Deconstructing SceneGraph
I0918 23:35:08.549917 1593317 Sensor.h:87] Deconstructing Sensor
I0918 23:35:08.565222 1593317 Renderer.cpp:34] Deconstructing Renderer
I0918 23:35:08.565253 1593317 WindowlessContext.h:17] Deconstructing WindowlessContext
I0918 23:35:08.573341 1593317 ManagedContainerBase.cpp:19] ManagedContainerBase::convertFilenameToJSON : Filename : default changed to proposed JSON configuration filename : default.scene_dataset_config.json
I0918 23:35:08.573361 1593317 AttributesManagerBase.h:283] AttributesManager<T>::createFromJsonOrDefaultInternal  (Dataset) : Proposing JSON name : default.scene_dataset_config.json from original name : default | This file  does not exist.
I0918 23:35:08.573431 1593317 AssetAttributesManager.cpp:117] Asset attributes (capsule3DSolid : capsule3DSolid_hemiRings_4_cylRings_1_segments_12_halfLen_0.75_useTexCoords_false_useTangents_false) created and registered.
I0918 23:35:08.573470 1593317 AssetAttributesManager.cpp:117] Asset attributes (capsule3DWireframe : capsule3DWireframe_hemiRings_8_cylRings_1_segments_16_halfLen_1) created and registered.
I0918 23:35:08.573493 1593317 AssetAttributesManager.cpp:117] Asset attributes (coneSolid : coneSolid_segments_12_halfLen_1.25_rings_1_useTexCoords_false_useTangents_false_capEnd_true) created and registered.
I0918 23:35:08.573509 1593317 AssetAttributesManager.cpp:117] Asset attributes (coneWireframe : coneWireframe_segments_32_halfLen_1.25) created and registered.
I0918 23:35:08.573520 1593317 AssetAttributesManager.cpp:117] Asset attributes (cubeSolid : cubeSolid) created and registered.
I0918 23:35:08.573527 1593317 AssetAttributesManager.cpp:117] Asset attributes (cubeWireframe : cubeWireframe) created and registered.
I0918 23:35:08.573547 1593317 AssetAttributesManager.cpp:117] Asset attributes (cylinderSolid : cylinderSolid_rings_1_segments_12_halfLen_1_useTexCoords_false_useTangents_false_capEnds_true) created and registered.
I0918 23:35:08.573566 1593317 AssetAttributesManager.cpp:117] Asset attributes (cylinderWireframe : cylinderWireframe_rings_1_segments_32_halfLen_1) created and registered.
I0918 23:35:08.573576 1593317 AssetAttributesManager.cpp:117] Asset attributes (icosphereSolid : icosphereSolid_subdivs_1) created and registered.
I0918 23:35:08.573589 1593317 AssetAttributesManager.cpp:117] Asset attributes (icosphereWireframe : icosphereWireframe_subdivs_1) created and registered.
I0918 23:35:08.573604 1593317 AssetAttributesManager.cpp:117] Asset attributes (uvSphereSolid : uvSphereSolid_rings_8_segments_16_useTexCoords_false_useTangents_false) created and registered.
I0918 23:35:08.573617 1593317 AssetAttributesManager.cpp:117] Asset attributes (uvSphereWireframe : uvSphereWireframe_rings_16_segments_32) created and registered.
I0918 23:35:08.573623 1593317 AssetAttributesManager.cpp:105] AssetAttributesManager::buildCtorFuncPtrMaps : Built default primitive asset templates : 12
I0918 23:35:08.574645 1593317 SceneDatasetAttributesManager.cpp:23] File (default) not found, so new default dataset attributes created and registered.
I0918 23:35:08.574648 1593317 MetadataMediator.cpp:47] MetadataMediator::createDataset : Dataset default successfully created.
I0918 23:35:08.575850 1593317 AttributesManagerBase.h:283] AttributesManager<T>::createFromJsonOrDefaultInternal  (Physics Manager) : Proposing JSON name : ./data/default.physics_config.json from original name : ./data/default.physics_config.json | This file  does not exist.
I0918 23:35:08.575865 1593317 PhysicsAttributesManager.cpp:27] File (./data/default.physics_config.json) not found, so new default physics manager attributes created and registered.
I0918 23:35:08.575868 1593317 AbstractObjectAttributesManagerBase.h:175] AbstractObjectAttributesManager<T>::createObject  (Stage) : Making attributes with handle : /mnt/data_nas/deeprobotics/daiyang/vla/third_party/ETP-R1/data/scene_datasets/mp3d/aayBHfsNo7d/aayBHfsNo7d.glb
I0918 23:35:08.575873 1593317 ManagedContainerBase.cpp:19] ManagedContainerBase::convertFilenameToJSON : Filename : /mnt/data_nas/deeprobotics/daiyang/vla/third_party/ETP-R1/data/scene_datasets/mp3d/aayBHfsNo7d/aayBHfsNo7d.glb changed to proposed JSON configuration filename : /mnt/data_nas/deeprobotics/daiyang/vla/third_party/ETP-R1/data/scene_datasets/mp3d/aayBHfsNo7d/aayBHfsNo7d.stage_config.json
I0918 23:35:08.576781 1593317 AttributesManagerBase.h:283] AttributesManager<T>::createFromJsonOrDefaultInternal  (Stage) : Proposing JSON name : /mnt/data_nas/deeprobotics/daiyang/vla/third_party/ETP-R1/data/scene_datasets/mp3d/aayBHfsNo7d/aayBHfsNo7d.stage_config.json from original name : /mnt/data_nas/deeprobotics/daiyang/vla/third_party/ETP-R1/data/scene_datasets/mp3d/aayBHfsNo7d/aayBHfsNo7d.glb | This file  does not exist.
I0918 23:35:08.576834 1593317 AbstractObjectAttributesManagerBase.h:181] AbstractObjectAttributesManager<T>::createObject  (Stage) : Done making attributes with handle : /mnt/data_nas/deeprobotics/daiyang/vla/third_party/ETP-R1/data/scene_datasets/mp3d/aayBHfsNo7d/aayBHfsNo7d.glb
I0918 23:35:08.576841 1593317 AbstractObjectAttributesManagerBase.h:188] File (/mnt/data_nas/deeprobotics/daiyang/vla/third_party/ETP-R1/data/scene_datasets/mp3d/aayBHfsNo7d/aayBHfsNo7d.glb) exists but is not a recognized config filename extension, so new default Stage attributes created and registered.
I0918 23:35:08.576846 1593317 Simulator.cpp:156] Loading navmesh from /mnt/data_nas/deeprobotics/daiyang/vla/third_party/ETP-R1/data/scene_datasets/mp3d/aayBHfsNo7d/aayBHfsNo7d.navmesh
I0918 23:35:08.577914 1593317 Simulator.cpp:158] Loaded.
I0918 23:35:08.577924 1593317 SceneGraph.h:93] Created DrawableGroup: 
Renderer: NVIDIA GeForce RTX 5090/PCIe/SSE2 by NVIDIA Corporation
OpenGL version: 4.6.0 NVIDIA 580.126.09
Using optional features:
    GL_ARB_ES2_compatibility
    GL_ARB_direct_state_access
    GL_ARB_get_texture_sub_image
    GL_ARB_invalidate_subdata
    GL_ARB_multi_bind
    GL_ARB_robustness
    GL_ARB_separate_shader_objects
    GL_ARB_texture_filter_anisotropic
    GL_ARB_texture_storage
    GL_ARB_texture_storage_multisample
    GL_ARB_vertex_array_object
    GL_KHR_debug
Using driver workarounds:
    no-forward-compatible-core-context
    nv-egl-incorrect-gl11-function-pointers
    no-layout-qualifiers-on-old-glsl
    nv-zero-context-profile-mask
    nv-implementation-color-read-format-dsa-broken
    nv-cubemap-inconsistent-compressed-image-size
    nv-cubemap-broken-full-compressed-image-query
    nv-compressed-block-size-in-bits
I0918 23:35:08.581848 1593317 ResourceManager.cpp:234] ResourceManager::loadStage : Not loading semantic mesh
I0918 23:35:08.581857 1593317 ResourceManager.cpp:262] ResourceManager::loadStage : start load render asset /mnt/data_nas/deeprobotics/daiyang/vla/third_party/ETP-R1/data/scene_datasets/mp3d/aayBHfsNo7d/aayBHfsNo7d.glb.
I0918 23:35:08.581861 1593317 ResourceManager.cpp:569] ResourceManager::loadStageInternal : Attempting to load stage /mnt/data_nas/deeprobotics/daiyang/vla/third_party/ETP-R1/data/scene_datasets/mp3d/aayBHfsNo7d/aayBHfsNo7d.glb 
I0918 23:35:08.581877 1593317 ResourceManager.cpp:1119] Importing Basis files as BC7 for aayBHfsNo7d.glb
W0918 23:35:10.281893 1593317 Simulator.cpp:248] :
---
 The active scene does not contain semantic annotations. 
---
I0918 23:35:10.325974 1593317 simulator.py:213] Loaded navmesh /mnt/data_nas/deeprobotics/daiyang/vla/third_party/ETP-R1/data/scene_datasets/mp3d/aayBHfsNo7d/aayBHfsNo7d.navmesh
I0918 23:38:21.723099 1593317 PhysicsManager.cpp:33] Deconstructing PhysicsManager
I0918 23:38:21.723165 1593317 SemanticScene.h:41] Deconstructing SemanticScene
I0918 23:38:21.728008 1593317 SceneManager.h:25] Deconstructing SceneManager
I0918 23:38:21.728018 1593317 SceneGraph.h:26] Deconstructing SceneGraph
I0918 23:38:21.728336 1593317 Sensor.h:87] Deconstructing Sensor
I0918 23:38:21.731766 1593317 Renderer.cpp:34] Deconstructing Renderer
I0918 23:38:21.731796 1593317 WindowlessContext.h:17] Deconstructing WindowlessContext
I0918 23:38:21.737769 1593317 ManagedContainerBase.cpp:19] ManagedContainerBase::convertFilenameToJSON : Filename : default changed to proposed JSON configuration filename : default.scene_dataset_config.json
I0918 23:38:21.737787 1593317 AttributesManagerBase.h:283] AttributesManager<T>::createFromJsonOrDefaultInternal  (Dataset) : Proposing JSON name : default.scene_dataset_config.json from original name : default | This file  does not exist.
I0918 23:38:21.738171 1593317 AssetAttributesManager.cpp:117] Asset attributes (capsule3DSolid : capsule3DSolid_hemiRings_4_cylRings_1_segments_12_halfLen_0.75_useTexCoords_false_useTangents_false) created and registered.
I0918 23:38:21.738200 1593317 AssetAttributesManager.cpp:117] Asset attributes (capsule3DWireframe : capsule3DWireframe_hemiRings_8_cylRings_1_segments_16_halfLen_1) created and registered.
I0918 23:38:21.738224 1593317 AssetAttributesManager.cpp:117] Asset attributes (coneSolid : coneSolid_segments_12_halfLen_1.25_rings_1_useTexCoords_false_useTangents_false_capEnd_true) created and registered.
I0918 23:38:21.738291 1593317 AssetAttributesManager.cpp:117] Asset attributes (coneWireframe : coneWireframe_segments_32_halfLen_1.25) created and registered.
I0918 23:38:21.738300 1593317 AssetAttributesManager.cpp:117] Asset attributes (cubeSolid : cubeSolid) created and registered.
I0918 23:38:21.738306 1593317 AssetAttributesManager.cpp:117] Asset attributes (cubeWireframe : cubeWireframe) created and registered.
I0918 23:38:21.738327 1593317 AssetAttributesManager.cpp:117] Asset attributes (cylinderSolid : cylinderSolid_rings_1_segments_12_halfLen_1_useTexCoords_false_useTangents_false_capEnds_true) created and registered.
I0918 23:38:21.738344 1593317 AssetAttributesManager.cpp:117] Asset attributes (cylinderWireframe : cylinderWireframe_rings_1_segments_32_halfLen_1) created and registered.
I0918 23:38:21.738355 1593317 AssetAttributesManager.cpp:117] Asset attributes (icosphereSolid : icosphereSolid_subdivs_1) created and registered.
I0918 23:38:21.738364 1593317 AssetAttributesManager.cpp:117] Asset attributes (icosphereWireframe : icosphereWireframe_subdivs_1) created and registered.
I0918 23:38:21.738379 1593317 AssetAttributesManager.cpp:117] Asset attributes (uvSphereSolid : uvSphereSolid_rings_8_segments_16_useTexCoords_false_useTangents_false) created and registered.
I0918 23:38:21.738391 1593317 AssetAttributesManager.cpp:117] Asset attributes (uvSphereWireframe : uvSphereWireframe_rings_16_segments_32) created and registered.
I0918 23:38:21.738397 1593317 AssetAttributesManager.cpp:105] AssetAttributesManager::buildCtorFuncPtrMaps : Built default primitive asset templates : 12
I0918 23:38:21.739432 1593317 SceneDatasetAttributesManager.cpp:23] File (default) not found, so new default dataset attributes created and registered.
I0918 23:38:21.739435 1593317 MetadataMediator.cpp:47] MetadataMediator::createDataset : Dataset default successfully created.
I0918 23:38:21.739625 1593317 AttributesManagerBase.h:283] AttributesManager<T>::createFromJsonOrDefaultInternal  (Physics Manager) : Proposing JSON name : ./data/default.physics_config.json from original name : ./data/default.physics_config.json | This file  does not exist.
I0918 23:38:21.739638 1593317 PhysicsAttributesManager.cpp:27] File (./data/default.physics_config.json) not found, so new default physics manager attributes created and registered.
I0918 23:38:21.739641 1593317 AbstractObjectAttributesManagerBase.h:175] AbstractObjectAttributesManager<T>::createObject  (Stage) : Making attributes with handle : /mnt/data_nas/deeprobotics/daiyang/vla/third_party/ETP-R1/data/scene_datasets/mp3d/82sE5b5pLXE/82sE5b5pLXE.glb
I0918 23:38:21.739646 1593317 ManagedContainerBase.cpp:19] ManagedContainerBase::convertFilenameToJSON : Filename : /mnt/data_nas/deeprobotics/daiyang/vla/third_party/ETP-R1/data/scene_datasets/mp3d/82sE5b5pLXE/82sE5b5pLXE.glb changed to proposed JSON configuration filename : /mnt/data_nas/deeprobotics/daiyang/vla/third_party/ETP-R1/data/scene_datasets/mp3d/82sE5b5pLXE/82sE5b5pLXE.stage_config.json
I0918 23:38:21.739660 1593317 AttributesManagerBase.h:283] AttributesManager<T>::createFromJsonOrDefaultInternal  (Stage) : Proposing JSON name : /mnt/data_nas/deeprobotics/daiyang/vla/third_party/ETP-R1/data/scene_datasets/mp3d/82sE5b5pLXE/82sE5b5pLXE.stage_config.json from original name : /mnt/data_nas/deeprobotics/daiyang/vla/third_party/ETP-R1/data/scene_datasets/mp3d/82sE5b5pLXE/82sE5b5pLXE.glb | This file  does not exist.
I0918 23:38:21.739708 1593317 AbstractObjectAttributesManagerBase.h:181] AbstractObjectAttributesManager<T>::createObject  (Stage) : Done making attributes with handle : /mnt/data_nas/deeprobotics/daiyang/vla/third_party/ETP-R1/data/scene_datasets/mp3d/82sE5b5pLXE/82sE5b5pLXE.glb
I0918 23:38:21.739709 1593317 AbstractObjectAttributesManagerBase.h:188] File (/mnt/data_nas/deeprobotics/daiyang/vla/third_party/ETP-R1/data/scene_datasets/mp3d/82sE5b5pLXE/82sE5b5pLXE.glb) exists but is not a recognized config filename extension, so new default Stage attributes created and registered.
I0918 23:38:21.739714 1593317 Simulator.cpp:156] Loading navmesh from /mnt/data_nas/deeprobotics/daiyang/vla/third_party/ETP-R1/data/scene_datasets/mp3d/82sE5b5pLXE/82sE5b5pLXE.navmesh
I0918 23:38:21.740839 1593317 Simulator.cpp:158] Loaded.
I0918 23:38:21.740846 1593317 SceneGraph.h:93] Created DrawableGroup: 
Renderer: NVIDIA GeForce RTX 5090/PCIe/SSE2 by NVIDIA Corporation
OpenGL version: 4.6.0 NVIDIA 580.126.09
Using optional features:
    GL_ARB_ES2_compatibility
    GL_ARB_direct_state_access
    GL_ARB_get_texture_sub_image
    GL_ARB_invalidate_subdata
    GL_ARB_multi_bind
    GL_ARB_robustness
    GL_ARB_separate_shader_objects
    GL_ARB_texture_filter_anisotropic
    GL_ARB_texture_storage
    GL_ARB_texture_storage_multisample
    GL_ARB_vertex_array_object
    GL_KHR_debug
Using driver workarounds:
    no-forward-compatible-core-context
    nv-egl-incorrect-gl11-function-pointers
    no-layout-qualifiers-on-old-glsl
    nv-zero-context-profile-mask
    nv-implementation-color-read-format-dsa-broken
    nv-cubemap-inconsistent-compressed-image-size
    nv-cubemap-broken-full-compressed-image-query
    nv-compressed-block-size-in-bits
I0918 23:38:21.744699 1593317 ResourceManager.cpp:234] ResourceManager::loadStage : Not loading semantic mesh
I0918 23:38:21.744709 1593317 ResourceManager.cpp:262] ResourceManager::loadStage : start load render asset /mnt/data_nas/deeprobotics/daiyang/vla/third_party/ETP-R1/data/scene_datasets/mp3d/82sE5b5pLXE/82sE5b5pLXE.glb.
I0918 23:38:21.744711 1593317 ResourceManager.cpp:569] ResourceManager::loadStageInternal : Attempting to load stage /mnt/data_nas/deeprobotics/daiyang/vla/third_party/ETP-R1/data/scene_datasets/mp3d/82sE5b5pLXE/82sE5b5pLXE.glb 
I0918 23:38:21.744727 1593317 ResourceManager.cpp:1119] Importing Basis files as BC7 for 82sE5b5pLXE.glb
W0918 23:38:23.800005 1593317 Simulator.cpp:248] :
---
 The active scene does not contain semantic annotations. 
---
I0918 23:38:23.837178 1593317 simulator.py:213] Loaded navmesh /mnt/data_nas/deeprobotics/daiyang/vla/third_party/ETP-R1/data/scene_datasets/mp3d/82sE5b5pLXE/82sE5b5pLXE.navmesh
I0918 23:40:08.507592 1593317 PhysicsManager.cpp:33] Deconstructing PhysicsManager
I0918 23:40:08.507658 1593317 SemanticScene.h:41] Deconstructing SemanticScene
I0918 23:40:08.510263 1593317 SceneManager.h:25] Deconstructing SceneManager
I0918 23:40:08.510278 1593317 SceneGraph.h:26] Deconstructing SceneGraph
I0918 23:40:08.510727 1593317 Sensor.h:87] Deconstructing Sensor
I0918 23:40:08.515149 1593317 Renderer.cpp:34] Deconstructing Renderer
I0918 23:40:08.515175 1593317 WindowlessContext.h:17] Deconstructing WindowlessContext
I0918 23:40:08.521073 1593317 ManagedContainerBase.cpp:19] ManagedContainerBase::convertFilenameToJSON : Filename : default changed to proposed JSON configuration filename : default.scene_dataset_config.json
I0918 23:40:08.521087 1593317 AttributesManagerBase.h:283] AttributesManager<T>::createFromJsonOrDefaultInternal  (Dataset) : Proposing JSON name : default.scene_dataset_config.json from original name : default | This file  does not exist.
I0918 23:40:08.521159 1593317 AssetAttributesManager.cpp:117] Asset attributes (capsule3DSolid : capsule3DSolid_hemiRings_4_cylRings_1_segments_12_halfLen_0.75_useTexCoords_false_useTangents_false) created and registered.
I0918 23:40:08.521296 1593317 AssetAttributesManager.cpp:117] Asset attributes (capsule3DWireframe : capsule3DWireframe_hemiRings_8_cylRings_1_segments_16_halfLen_1) created and registered.
I0918 23:40:08.521318 1593317 AssetAttributesManager.cpp:117] Asset attributes (coneSolid : coneSolid_segments_12_halfLen_1.25_rings_1_useTexCoords_false_useTangents_false_capEnd_true) created and registered.
I0918 23:40:08.521334 1593317 AssetAttributesManager.cpp:117] Asset attributes (coneWireframe : coneWireframe_segments_32_halfLen_1.25) created and registered.
I0918 23:40:08.521344 1593317 AssetAttributesManager.cpp:117] Asset attributes (cubeSolid : cubeSolid) created and registered.
I0918 23:40:08.521351 1593317 AssetAttributesManager.cpp:117] Asset attributes (cubeWireframe : cubeWireframe) created and registered.
I0918 23:40:08.521377 1593317 AssetAttributesManager.cpp:117] Asset attributes (cylinderSolid : cylinderSolid_rings_1_segments_12_halfLen_1_useTexCoords_false_useTangents_false_capEnds_true) created and registered.
I0918 23:40:08.521409 1593317 AssetAttributesManager.cpp:117] Asset attributes (cylinderWireframe : cylinderWireframe_rings_1_segments_32_halfLen_1) created and registered.
I0918 23:40:08.521420 1593317 AssetAttributesManager.cpp:117] Asset attributes (icosphereSolid : icosphereSolid_subdivs_1) created and registered.
I0918 23:40:08.522100 1593317 AssetAttributesManager.cpp:117] Asset attributes (icosphereWireframe : icosphereWireframe_subdivs_1) created and registered.
I0918 23:40:08.522116 1593317 AssetAttributesManager.cpp:117] Asset attributes (uvSphereSolid : uvSphereSolid_rings_8_segments_16_useTexCoords_false_useTangents_false) created and registered.
I0918 23:40:08.522235 1593317 AssetAttributesManager.cpp:117] Asset attributes (uvSphereWireframe : uvSphereWireframe_rings_16_segments_32) created and registered.
I0918 23:40:08.522243 1593317 AssetAttributesManager.cpp:105] AssetAttributesManager::buildCtorFuncPtrMaps : Built default primitive asset templates : 12
I0918 23:40:08.522647 1593317 SceneDatasetAttributesManager.cpp:23] File (default) not found, so new default dataset attributes created and registered.
I0918 23:40:08.522650 1593317 MetadataMediator.cpp:47] MetadataMediator::createDataset : Dataset default successfully created.
I0918 23:40:08.522837 1593317 AttributesManagerBase.h:283] AttributesManager<T>::createFromJsonOrDefaultInternal  (Physics Manager) : Proposing JSON name : ./data/default.physics_config.json from original name : ./data/default.physics_config.json | This file  does not exist.
I0918 23:40:08.522850 1593317 PhysicsAttributesManager.cpp:27] File (./data/default.physics_config.json) not found, so new default physics manager attributes created and registered.
I0918 23:40:08.522852 1593317 AbstractObjectAttributesManagerBase.h:175] AbstractObjectAttributesManager<T>::createObject  (Stage) : Making attributes with handle : /mnt/data_nas/deeprobotics/daiyang/vla/third_party/ETP-R1/data/scene_datasets/mp3d/B6ByNegPMKs/B6ByNegPMKs.glb
I0918 23:40:08.522856 1593317 ManagedContainerBase.cpp:19] ManagedContainerBase::convertFilenameToJSON : Filename : /mnt/data_nas/deeprobotics/daiyang/vla/third_party/ETP-R1/data/scene_datasets/mp3d/B6ByNegPMKs/B6ByNegPMKs.glb changed to proposed JSON configuration filename : /mnt/data_nas/deeprobotics/daiyang/vla/third_party/ETP-R1/data/scene_datasets/mp3d/B6ByNegPMKs/B6ByNegPMKs.stage_config.json
I0918 23:40:08.522869 1593317 AttributesManagerBase.h:283] AttributesManager<T>::createFromJsonOrDefaultInternal  (Stage) : Proposing JSON name : /mnt/data_nas/deeprobotics/daiyang/vla/third_party/ETP-R1/data/scene_datasets/mp3d/B6ByNegPMKs/B6ByNegPMKs.stage_config.json from original name : /mnt/data_nas/deeprobotics/daiyang/vla/third_party/ETP-R1/data/scene_datasets/mp3d/B6ByNegPMKs/B6ByNegPMKs.glb | This file  does not exist.
I0918 23:40:08.522917 1593317 AbstractObjectAttributesManagerBase.h:181] AbstractObjectAttributesManager<T>::createObject  (Stage) : Done making attributes with handle : /mnt/data_nas/deeprobotics/daiyang/vla/third_party/ETP-R1/data/scene_datasets/mp3d/B6ByNegPMKs/B6ByNegPMKs.glb
I0918 23:40:08.522918 1593317 AbstractObjectAttributesManagerBase.h:188] File (/mnt/data_nas/deeprobotics/daiyang/vla/third_party/ETP-R1/data/scene_datasets/mp3d/B6ByNegPMKs/B6ByNegPMKs.glb) exists but is not a recognized config filename extension, so new default Stage attributes created and registered.
I0918 23:40:08.522923 1593317 Simulator.cpp:156] Loading navmesh from /mnt/data_nas/deeprobotics/daiyang/vla/third_party/ETP-R1/data/scene_datasets/mp3d/B6ByNegPMKs/B6ByNegPMKs.navmesh
I0918 23:40:08.524194 1593317 Simulator.cpp:158] Loaded.
I0918 23:40:08.524204 1593317 SceneGraph.h:93] Created DrawableGroup: 
Renderer: NVIDIA GeForce RTX 5090/PCIe/SSE2 by NVIDIA Corporation
OpenGL version: 4.6.0 NVIDIA 580.126.09
Using optional features:
    GL_ARB_ES2_compatibility
    GL_ARB_direct_state_access
    GL_ARB_get_texture_sub_image
    GL_ARB_invalidate_subdata
    GL_ARB_multi_bind
    GL_ARB_robustness
    GL_ARB_separate_shader_objects
    GL_ARB_texture_filter_anisotropic
    GL_ARB_texture_storage
    GL_ARB_texture_storage_multisample
    GL_ARB_vertex_array_object
    GL_KHR_debug
Using driver workarounds:
    no-forward-compatible-core-context
    nv-egl-incorrect-gl11-function-pointers
    no-layout-qualifiers-on-old-glsl
    nv-zero-context-profile-mask
    nv-implementation-color-read-format-dsa-broken
    nv-cubemap-inconsistent-compressed-image-size
    nv-cubemap-broken-full-compressed-image-query
    nv-compressed-block-size-in-bits
I0918 23:40:08.527925 1593317 ResourceManager.cpp:234] ResourceManager::loadStage : Not loading semantic mesh
I0918 23:40:08.527935 1593317 ResourceManager.cpp:262] ResourceManager::loadStage : start load render asset /mnt/data_nas/deeprobotics/daiyang/vla/third_party/ETP-R1/data/scene_datasets/mp3d/B6ByNegPMKs/B6ByNegPMKs.glb.
I0918 23:40:08.527936 1593317 ResourceManager.cpp:569] ResourceManager::loadStageInternal : Attempting to load stage /mnt/data_nas/deeprobotics/daiyang/vla/third_party/ETP-R1/data/scene_datasets/mp3d/B6ByNegPMKs/B6ByNegPMKs.glb 
I0918 23:40:08.527953 1593317 ResourceManager.cpp:1119] Importing Basis files as BC7 for B6ByNegPMKs.glb
W0918 23:40:18.295614 1593317 Simulator.cpp:248] :
---
 The active scene does not contain semantic annotations. 
---
I0918 23:40:18.494019 1593317 simulator.py:213] Loaded navmesh /mnt/data_nas/deeprobotics/daiyang/vla/third_party/ETP-R1/data/scene_datasets/mp3d/B6ByNegPMKs/B6ByNegPMKs.navmesh
I0918 23:40:57.428414 1593317 PhysicsManager.cpp:33] Deconstructing PhysicsManager
I0918 23:40:57.428462 1593317 SemanticScene.h:41] Deconstructing SemanticScene
I0918 23:40:57.446872 1593317 SceneManager.h:25] Deconstructing SceneManager
I0918 23:40:57.446897 1593317 SceneGraph.h:26] Deconstructing SceneGraph
I0918 23:40:57.447435 1593317 Sensor.h:87] Deconstructing Sensor
I0918 23:40:57.471326 1593317 Renderer.cpp:34] Deconstructing Renderer
I0918 23:40:57.471366 1593317 WindowlessContext.h:17] Deconstructing WindowlessContext
I0918 23:40:57.509866 1593317 ManagedContainerBase.cpp:19] ManagedContainerBase::convertFilenameToJSON : Filename : default changed to proposed JSON configuration filename : default.scene_dataset_config.json
I0918 23:40:57.509899 1593317 AttributesManagerBase.h:283] AttributesManager<T>::createFromJsonOrDefaultInternal  (Dataset) : Proposing JSON name : default.scene_dataset_config.json from original name : default | This file  does not exist.
I0918 23:40:57.510152 1593317 AssetAttributesManager.cpp:117] Asset attributes (capsule3DSolid : capsule3DSolid_hemiRings_4_cylRings_1_segments_12_halfLen_0.75_useTexCoords_false_useTangents_false) created and registered.
I0918 23:40:57.510183 1593317 AssetAttributesManager.cpp:117] Asset attributes (capsule3DWireframe : capsule3DWireframe_hemiRings_8_cylRings_1_segments_16_halfLen_1) created and registered.
I0918 23:40:57.510207 1593317 AssetAttributesManager.cpp:117] Asset attributes (coneSolid : coneSolid_segments_12_halfLen_1.25_rings_1_useTexCoords_false_useTangents_false_capEnd_true) created and registered.
I0918 23:40:57.510226 1593317 AssetAttributesManager.cpp:117] Asset attributes (coneWireframe : coneWireframe_segments_32_halfLen_1.25) created and registered.
I0918 23:40:57.510236 1593317 AssetAttributesManager.cpp:117] Asset attributes (cubeSolid : cubeSolid) created and registered.
I0918 23:40:57.510243 1593317 AssetAttributesManager.cpp:117] Asset attributes (cubeWireframe : cubeWireframe) created and registered.
I0918 23:40:57.510262 1593317 AssetAttributesManager.cpp:117] Asset attributes (cylinderSolid : cylinderSolid_rings_1_segments_12_halfLen_1_useTexCoords_false_useTangents_false_capEnds_true) created and registered.
I0918 23:40:57.510288 1593317 AssetAttributesManager.cpp:117] Asset attributes (cylinderWireframe : cylinderWireframe_rings_1_segments_32_halfLen_1) created and registered.
I0918 23:40:57.510310 1593317 AssetAttributesManager.cpp:117] Asset attributes (icosphereSolid : icosphereSolid_subdivs_1) created and registered.
I0918 23:40:57.510321 1593317 AssetAttributesManager.cpp:117] Asset attributes (icosphereWireframe : icosphereWireframe_subdivs_1) created and registered.
I0918 23:40:57.510337 1593317 AssetAttributesManager.cpp:117] Asset attributes (uvSphereSolid : uvSphereSolid_rings_8_segments_16_useTexCoords_false_useTangents_false) created and registered.
I0918 23:40:57.510350 1593317 AssetAttributesManager.cpp:117] Asset attributes (uvSphereWireframe : uvSphereWireframe_rings_16_segments_32) created and registered.
I0918 23:40:57.510357 1593317 AssetAttributesManager.cpp:105] AssetAttributesManager::buildCtorFuncPtrMaps : Built default primitive asset templates : 12
I0918 23:40:57.510788 1593317 SceneDatasetAttributesManager.cpp:23] File (default) not found, so new default dataset attributes created and registered.
I0918 23:40:57.510792 1593317 MetadataMediator.cpp:47] MetadataMediator::createDataset : Dataset default successfully created.
I0918 23:40:57.511008 1593317 AttributesManagerBase.h:283] AttributesManager<T>::createFromJsonOrDefaultInternal  (Physics Manager) : Proposing JSON name : ./data/default.physics_config.json from original name : ./data/default.physics_config.json | This file  does not exist.
I0918 23:40:57.511019 1593317 PhysicsAttributesManager.cpp:27] File (./data/default.physics_config.json) not found, so new default physics manager attributes created and registered.
I0918 23:40:57.511023 1593317 AbstractObjectAttributesManagerBase.h:175] AbstractObjectAttributesManager<T>::createObject  (Stage) : Making attributes with handle : /mnt/data_nas/deeprobotics/daiyang/vla/third_party/ETP-R1/data/scene_datasets/mp3d/aayBHfsNo7d/aayBHfsNo7d.glb
I0918 23:40:57.511027 1593317 ManagedContainerBase.cpp:19] ManagedContainerBase::convertFilenameToJSON : Filename : /mnt/data_nas/deeprobotics/daiyang/vla/third_party/ETP-R1/data/scene_datasets/mp3d/aayBHfsNo7d/aayBHfsNo7d.glb changed to proposed JSON configuration filename : /mnt/data_nas/deeprobotics/daiyang/vla/third_party/ETP-R1/data/scene_datasets/mp3d/aayBHfsNo7d/aayBHfsNo7d.stage_config.json
I0918 23:40:57.511040 1593317 AttributesManagerBase.h:283] AttributesManager<T>::createFromJsonOrDefaultInternal  (Stage) : Proposing JSON name : /mnt/data_nas/deeprobotics/daiyang/vla/third_party/ETP-R1/data/scene_datasets/mp3d/aayBHfsNo7d/aayBHfsNo7d.stage_config.json from original name : /mnt/data_nas/deeprobotics/daiyang/vla/third_party/ETP-R1/data/scene_datasets/mp3d/aayBHfsNo7d/aayBHfsNo7d.glb | This file  does not exist.
I0918 23:40:57.511093 1593317 AbstractObjectAttributesManagerBase.h:181] AbstractObjectAttributesManager<T>::createObject  (Stage) : Done making attributes with handle : /mnt/data_nas/deeprobotics/daiyang/vla/third_party/ETP-R1/data/scene_datasets/mp3d/aayBHfsNo7d/aayBHfsNo7d.glb
I0918 23:40:57.511096 1593317 AbstractObjectAttributesManagerBase.h:188] File (/mnt/data_nas/deeprobotics/daiyang/vla/third_party/ETP-R1/data/scene_datasets/mp3d/aayBHfsNo7d/aayBHfsNo7d.glb) exists but is not a recognized config filename extension, so new default Stage attributes created and registered.
I0918 23:40:57.511101 1593317 Simulator.cpp:156] Loading navmesh from /mnt/data_nas/deeprobotics/daiyang/vla/third_party/ETP-R1/data/scene_datasets/mp3d/aayBHfsNo7d/aayBHfsNo7d.navmesh
I0918 23:40:57.512027 1593317 Simulator.cpp:158] Loaded.
I0918 23:40:57.512035 1593317 SceneGraph.h:93] Created DrawableGroup: 
Renderer: NVIDIA GeForce RTX 5090/PCIe/SSE2 by NVIDIA Corporation
OpenGL version: 4.6.0 NVIDIA 580.126.09
Using optional features:
    GL_ARB_ES2_compatibility
    GL_ARB_direct_state_access
    GL_ARB_get_texture_sub_image
    GL_ARB_invalidate_subdata
    GL_ARB_multi_bind
    GL_ARB_robustness
    GL_ARB_separate_shader_objects
    GL_ARB_texture_filter_anisotropic
    GL_ARB_texture_storage
    GL_ARB_texture_storage_multisample
    GL_ARB_vertex_array_object
    GL_KHR_debug
Using driver workarounds:
    no-forward-compatible-core-context
    nv-egl-incorrect-gl11-function-pointers
    no-layout-qualifiers-on-old-glsl
    nv-zero-context-profile-mask
    nv-implementation-color-read-format-dsa-broken
    nv-cubemap-inconsistent-compressed-image-size
    nv-cubemap-broken-full-compressed-image-query
    nv-compressed-block-size-in-bits
I0918 23:40:57.516016 1593317 ResourceManager.cpp:234] ResourceManager::loadStage : Not loading semantic mesh
I0918 23:40:57.516026 1593317 ResourceManager.cpp:262] ResourceManager::loadStage : start load render asset /mnt/data_nas/deeprobotics/daiyang/vla/third_party/ETP-R1/data/scene_datasets/mp3d/aayBHfsNo7d/aayBHfsNo7d.glb.
I0918 23:40:57.516027 1593317 ResourceManager.cpp:569] ResourceManager::loadStageInternal : Attempting to load stage /mnt/data_nas/deeprobotics/daiyang/vla/third_party/ETP-R1/data/scene_datasets/mp3d/aayBHfsNo7d/aayBHfsNo7d.glb 
I0918 23:40:57.516047 1593317 ResourceManager.cpp:1119] Importing Basis files as BC7 for aayBHfsNo7d.glb
W0918 23:40:59.088564 1593317 Simulator.cpp:248] :
---
 The active scene does not contain semantic annotations. 
---
I0918 23:40:59.131085 1593317 simulator.py:213] Loaded navmesh /mnt/data_nas/deeprobotics/daiyang/vla/third_party/ETP-R1/data/scene_datasets/mp3d/aayBHfsNo7d/aayBHfsNo7d.navmesh
I0918 23:41:26.850869 1593317 PhysicsManager.cpp:33] Deconstructing PhysicsManager
I0918 23:41:26.850930 1593317 SemanticScene.h:41] Deconstructing SemanticScene
I0918 23:41:26.854954 1593317 SceneManager.h:25] Deconstructing SceneManager
I0918 23:41:26.854964 1593317 SceneGraph.h:26] Deconstructing SceneGraph
I0918 23:41:26.855299 1593317 Sensor.h:87] Deconstructing Sensor
I0918 23:41:26.858595 1593317 Renderer.cpp:34] Deconstructing Renderer
I0918 23:41:26.858619 1593317 WindowlessContext.h:17] Deconstructing WindowlessContext
I0918 23:41:26.864353 1593317 ManagedContainerBase.cpp:19] ManagedContainerBase::convertFilenameToJSON : Filename : default changed to proposed JSON configuration filename : default.scene_dataset_config.json
I0918 23:41:26.864368 1593317 AttributesManagerBase.h:283] AttributesManager<T>::createFromJsonOrDefaultInternal  (Dataset) : Proposing JSON name : default.scene_dataset_config.json from original name : default | This file  does not exist.
I0918 23:41:26.865329 1593317 AssetAttributesManager.cpp:117] Asset attributes (capsule3DSolid : capsule3DSolid_hemiRings_4_cylRings_1_segments_12_halfLen_0.75_useTexCoords_false_useTangents_false) created and registered.
I0918 23:41:26.865360 1593317 AssetAttributesManager.cpp:117] Asset attributes (capsule3DWireframe : capsule3DWireframe_hemiRings_8_cylRings_1_segments_16_halfLen_1) created and registered.
I0918 23:41:26.865383 1593317 AssetAttributesManager.cpp:117] Asset attributes (coneSolid : coneSolid_segments_12_halfLen_1.25_rings_1_useTexCoords_false_useTangents_false_capEnd_true) created and registered.
I0918 23:41:26.865398 1593317 AssetAttributesManager.cpp:117] Asset attributes (coneWireframe : coneWireframe_segments_32_halfLen_1.25) created and registered.
I0918 23:41:26.865408 1593317 AssetAttributesManager.cpp:117] Asset attributes (cubeSolid : cubeSolid) created and registered.
I0918 23:41:26.865414 1593317 AssetAttributesManager.cpp:117] Asset attributes (cubeWireframe : cubeWireframe) created and registered.
I0918 23:41:26.865435 1593317 AssetAttributesManager.cpp:117] Asset attributes (cylinderSolid : cylinderSolid_rings_1_segments_12_halfLen_1_useTexCoords_false_useTangents_false_capEnds_true) created and registered.
I0918 23:41:26.865453 1593317 AssetAttributesManager.cpp:117] Asset attributes (cylinderWireframe : cylinderWireframe_rings_1_segments_32_halfLen_1) created and registered.
I0918 23:41:26.865463 1593317 AssetAttributesManager.cpp:117] Asset attributes (icosphereSolid : icosphereSolid_subdivs_1) created and registered.
I0918 23:41:26.865471 1593317 AssetAttributesManager.cpp:117] Asset attributes (icosphereWireframe : icosphereWireframe_subdivs_1) created and registered.
I0918 23:41:26.865485 1593317 AssetAttributesManager.cpp:117] Asset attributes (uvSphereSolid : uvSphereSolid_rings_8_segments_16_useTexCoords_false_useTangents_false) created and registered.
I0918 23:41:26.865502 1593317 AssetAttributesManager.cpp:117] Asset attributes (uvSphereWireframe : uvSphereWireframe_rings_16_segments_32) created and registered.
I0918 23:41:26.865510 1593317 AssetAttributesManager.cpp:105] AssetAttributesManager::buildCtorFuncPtrMaps : Built default primitive asset templates : 12
I0918 23:41:26.865909 1593317 SceneDatasetAttributesManager.cpp:23] File (default) not found, so new default dataset attributes created and registered.
I0918 23:41:26.865911 1593317 MetadataMediator.cpp:47] MetadataMediator::createDataset : Dataset default successfully created.
I0918 23:41:26.866098 1593317 AttributesManagerBase.h:283] AttributesManager<T>::createFromJsonOrDefaultInternal  (Physics Manager) : Proposing JSON name : ./data/default.physics_config.json from original name : ./data/default.physics_config.json | This file  does not exist.
I0918 23:41:26.866110 1593317 PhysicsAttributesManager.cpp:27] File (./data/default.physics_config.json) not found, so new default physics manager attributes created and registered.
I0918 23:41:26.866113 1593317 AbstractObjectAttributesManagerBase.h:175] AbstractObjectAttributesManager<T>::createObject  (Stage) : Making attributes with handle : /mnt/data_nas/deeprobotics/daiyang/vla/third_party/ETP-R1/data/scene_datasets/mp3d/82sE5b5pLXE/82sE5b5pLXE.glb
I0918 23:41:26.866119 1593317 ManagedContainerBase.cpp:19] ManagedContainerBase::convertFilenameToJSON : Filename : /mnt/data_nas/deeprobotics/daiyang/vla/third_party/ETP-R1/data/scene_datasets/mp3d/82sE5b5pLXE/82sE5b5pLXE.glb changed to proposed JSON configuration filename : /mnt/data_nas/deeprobotics/daiyang/vla/third_party/ETP-R1/data/scene_datasets/mp3d/82sE5b5pLXE/82sE5b5pLXE.stage_config.json
I0918 23:41:26.866971 1593317 AttributesManagerBase.h:283] AttributesManager<T>::createFromJsonOrDefaultInternal  (Stage) : Proposing JSON name : /mnt/data_nas/deeprobotics/daiyang/vla/third_party/ETP-R1/data/scene_datasets/mp3d/82sE5b5pLXE/82sE5b5pLXE.stage_config.json from original name : /mnt/data_nas/deeprobotics/daiyang/vla/third_party/ETP-R1/data/scene_datasets/mp3d/82sE5b5pLXE/82sE5b5pLXE.glb | This file  does not exist.
I0918 23:41:26.867020 1593317 AbstractObjectAttributesManagerBase.h:181] AbstractObjectAttributesManager<T>::createObject  (Stage) : Done making attributes with handle : /mnt/data_nas/deeprobotics/daiyang/vla/third_party/ETP-R1/data/scene_datasets/mp3d/82sE5b5pLXE/82sE5b5pLXE.glb
I0918 23:41:26.867022 1593317 AbstractObjectAttributesManagerBase.h:188] File (/mnt/data_nas/deeprobotics/daiyang/vla/third_party/ETP-R1/data/scene_datasets/mp3d/82sE5b5pLXE/82sE5b5pLXE.glb) exists but is not a recognized config filename extension, so new default Stage attributes created and registered.
I0918 23:41:26.867027 1593317 Simulator.cpp:156] Loading navmesh from /mnt/data_nas/deeprobotics/daiyang/vla/third_party/ETP-R1/data/scene_datasets/mp3d/82sE5b5pLXE/82sE5b5pLXE.navmesh
I0918 23:41:26.868249 1593317 Simulator.cpp:158] Loaded.
I0918 23:41:26.868257 1593317 SceneGraph.h:93] Created DrawableGroup: 
Renderer: NVIDIA GeForce RTX 5090/PCIe/SSE2 by NVIDIA Corporation
OpenGL version: 4.6.0 NVIDIA 580.126.09
Using optional features:
    GL_ARB_ES2_compatibility
    GL_ARB_direct_state_access
    GL_ARB_get_texture_sub_image
    GL_ARB_invalidate_subdata
    GL_ARB_multi_bind
    GL_ARB_robustness
    GL_ARB_separate_shader_objects
    GL_ARB_texture_filter_anisotropic
    GL_ARB_texture_storage
    GL_ARB_texture_storage_multisample
    GL_ARB_vertex_array_object
    GL_KHR_debug
Using driver workarounds:
    no-forward-compatible-core-context
    nv-egl-incorrect-gl11-function-pointers
    no-layout-qualifiers-on-old-glsl
    nv-zero-context-profile-mask
    nv-implementation-color-read-format-dsa-broken
    nv-cubemap-inconsistent-compressed-image-size
    nv-cubemap-broken-full-compressed-image-query
    nv-compressed-block-size-in-bits
I0918 23:41:26.871961 1593317 ResourceManager.cpp:234] ResourceManager::loadStage : Not loading semantic mesh
I0918 23:41:26.871973 1593317 ResourceManager.cpp:262] ResourceManager::loadStage : start load render asset /mnt/data_nas/deeprobotics/daiyang/vla/third_party/ETP-R1/data/scene_datasets/mp3d/82sE5b5pLXE/82sE5b5pLXE.glb.
I0918 23:41:26.871975 1593317 ResourceManager.cpp:569] ResourceManager::loadStageInternal : Attempting to load stage /mnt/data_nas/deeprobotics/daiyang/vla/third_party/ETP-R1/data/scene_datasets/mp3d/82sE5b5pLXE/82sE5b5pLXE.glb 
I0918 23:41:26.871990 1593317 ResourceManager.cpp:1119] Importing Basis files as BC7 for 82sE5b5pLXE.glb
W0918 23:41:28.915679 1593317 Simulator.cpp:248] :
---
 The active scene does not contain semantic annotations. 
---
I0918 23:41:28.952492 1593317 simulator.py:213] Loaded navmesh /mnt/data_nas/deeprobotics/daiyang/vla/third_party/ETP-R1/data/scene_datasets/mp3d/82sE5b5pLXE/82sE5b5pLXE.navmesh
I0918 23:42:43.870811 1593317 PhysicsManager.cpp:33] Deconstructing PhysicsManager
I0918 23:42:43.870869 1593317 SemanticScene.h:41] Deconstructing SemanticScene
I0918 23:42:43.873183 1593317 SceneManager.h:25] Deconstructing SceneManager
I0918 23:42:43.873193 1593317 SceneGraph.h:26] Deconstructing SceneGraph
I0918 23:42:43.873659 1593317 Sensor.h:87] Deconstructing Sensor
I0918 23:42:43.878283 1593317 Renderer.cpp:34] Deconstructing Renderer
I0918 23:42:43.878309 1593317 WindowlessContext.h:17] Deconstructing WindowlessContext
I0918 23:42:43.884514 1593317 ManagedContainerBase.cpp:19] ManagedContainerBase::convertFilenameToJSON : Filename : default changed to proposed JSON configuration filename : default.scene_dataset_config.json
I0918 23:42:43.884531 1593317 AttributesManagerBase.h:283] AttributesManager<T>::createFromJsonOrDefaultInternal  (Dataset) : Proposing JSON name : default.scene_dataset_config.json from original name : default | This file  does not exist.
I0918 23:42:43.885097 1593317 AssetAttributesManager.cpp:117] Asset attributes (capsule3DSolid : capsule3DSolid_hemiRings_4_cylRings_1_segments_12_halfLen_0.75_useTexCoords_false_useTangents_false) created and registered.
I0918 23:42:43.885128 1593317 AssetAttributesManager.cpp:117] Asset attributes (capsule3DWireframe : capsule3DWireframe_hemiRings_8_cylRings_1_segments_16_halfLen_1) created and registered.
I0918 23:42:43.885151 1593317 AssetAttributesManager.cpp:117] Asset attributes (coneSolid : coneSolid_segments_12_halfLen_1.25_rings_1_useTexCoords_false_useTangents_false_capEnd_true) created and registered.
I0918 23:42:43.885166 1593317 AssetAttributesManager.cpp:117] Asset attributes (coneWireframe : coneWireframe_segments_32_halfLen_1.25) created and registered.
I0918 23:42:43.885174 1593317 AssetAttributesManager.cpp:117] Asset attributes (cubeSolid : cubeSolid) created and registered.
I0918 23:42:43.885180 1593317 AssetAttributesManager.cpp:117] Asset attributes (cubeWireframe : cubeWireframe) created and registered.
I0918 23:42:43.885202 1593317 AssetAttributesManager.cpp:117] Asset attributes (cylinderSolid : cylinderSolid_rings_1_segments_12_halfLen_1_useTexCoords_false_useTangents_false_capEnds_true) created and registered.
I0918 23:42:43.885219 1593317 AssetAttributesManager.cpp:117] Asset attributes (cylinderWireframe : cylinderWireframe_rings_1_segments_32_halfLen_1) created and registered.
I0918 23:42:43.885231 1593317 AssetAttributesManager.cpp:117] Asset attributes (icosphereSolid : icosphereSolid_subdivs_1) created and registered.
I0918 23:42:43.885239 1593317 AssetAttributesManager.cpp:117] Asset attributes (icosphereWireframe : icosphereWireframe_subdivs_1) created and registered.
I0918 23:42:43.885254 1593317 AssetAttributesManager.cpp:117] Asset attributes (uvSphereSolid : uvSphereSolid_rings_8_segments_16_useTexCoords_false_useTangents_false) created and registered.
I0918 23:42:43.885267 1593317 AssetAttributesManager.cpp:117] Asset attributes (uvSphereWireframe : uvSphereWireframe_rings_16_segments_32) created and registered.
I0918 23:42:43.885278 1593317 AssetAttributesManager.cpp:105] AssetAttributesManager::buildCtorFuncPtrMaps : Built default primitive asset templates : 12
I0918 23:42:43.885685 1593317 SceneDatasetAttributesManager.cpp:23] File (default) not found, so new default dataset attributes created and registered.
I0918 23:42:43.885687 1593317 MetadataMediator.cpp:47] MetadataMediator::createDataset : Dataset default successfully created.
I0918 23:42:43.885883 1593317 AttributesManagerBase.h:283] AttributesManager<T>::createFromJsonOrDefaultInternal  (Physics Manager) : Proposing JSON name : ./data/default.physics_config.json from original name : ./data/default.physics_config.json | This file  does not exist.
I0918 23:42:43.885895 1593317 PhysicsAttributesManager.cpp:27] File (./data/default.physics_config.json) not found, so new default physics manager attributes created and registered.
I0918 23:42:43.885898 1593317 AbstractObjectAttributesManagerBase.h:175] AbstractObjectAttributesManager<T>::createObject  (Stage) : Making attributes with handle : /mnt/data_nas/deeprobotics/daiyang/vla/third_party/ETP-R1/data/scene_datasets/mp3d/B6ByNegPMKs/B6ByNegPMKs.glb
I0918 23:42:43.885903 1593317 ManagedContainerBase.cpp:19] ManagedContainerBase::convertFilenameToJSON : Filename : /mnt/data_nas/deeprobotics/daiyang/vla/third_party/ETP-R1/data/scene_datasets/mp3d/B6ByNegPMKs/B6ByNegPMKs.glb changed to proposed JSON configuration filename : /mnt/data_nas/deeprobotics/daiyang/vla/third_party/ETP-R1/data/scene_datasets/mp3d/B6ByNegPMKs/B6ByNegPMKs.stage_config.json
I0918 23:42:43.885916 1593317 AttributesManagerBase.h:283] AttributesManager<T>::createFromJsonOrDefaultInternal  (Stage) : Proposing JSON name : /mnt/data_nas/deeprobotics/daiyang/vla/third_party/ETP-R1/data/scene_datasets/mp3d/B6ByNegPMKs/B6ByNegPMKs.stage_config.json from original name : /mnt/data_nas/deeprobotics/daiyang/vla/third_party/ETP-R1/data/scene_datasets/mp3d/B6ByNegPMKs/B6ByNegPMKs.glb | This file  does not exist.
I0918 23:42:43.885965 1593317 AbstractObjectAttributesManagerBase.h:181] AbstractObjectAttributesManager<T>::createObject  (Stage) : Done making attributes with handle : /mnt/data_nas/deeprobotics/daiyang/vla/third_party/ETP-R1/data/scene_datasets/mp3d/B6ByNegPMKs/B6ByNegPMKs.glb
I0918 23:42:43.885967 1593317 AbstractObjectAttributesManagerBase.h:188] File (/mnt/data_nas/deeprobotics/daiyang/vla/third_party/ETP-R1/data/scene_datasets/mp3d/B6ByNegPMKs/B6ByNegPMKs.glb) exists but is not a recognized config filename extension, so new default Stage attributes created and registered.
I0918 23:42:43.885972 1593317 Simulator.cpp:156] Loading navmesh from /mnt/data_nas/deeprobotics/daiyang/vla/third_party/ETP-R1/data/scene_datasets/mp3d/B6ByNegPMKs/B6ByNegPMKs.navmesh
I0918 23:42:43.887751 1593317 Simulator.cpp:158] Loaded.
I0918 23:42:43.887760 1593317 SceneGraph.h:93] Created DrawableGroup: 
Renderer: NVIDIA GeForce RTX 5090/PCIe/SSE2 by NVIDIA Corporation
OpenGL version: 4.6.0 NVIDIA 580.126.09
Using optional features:
    GL_ARB_ES2_compatibility
    GL_ARB_direct_state_access
    GL_ARB_get_texture_sub_image
    GL_ARB_invalidate_subdata
    GL_ARB_multi_bind
    GL_ARB_robustness
    GL_ARB_separate_shader_objects
    GL_ARB_texture_filter_anisotropic
    GL_ARB_texture_storage
    GL_ARB_texture_storage_multisample
    GL_ARB_vertex_array_object
    GL_KHR_debug
Using driver workarounds:
    no-forward-compatible-core-context
    nv-egl-incorrect-gl11-function-pointers
    no-layout-qualifiers-on-old-glsl
    nv-zero-context-profile-mask
    nv-implementation-color-read-format-dsa-broken
    nv-cubemap-inconsistent-compressed-image-size
    nv-cubemap-broken-full-compressed-image-query
    nv-compressed-block-size-in-bits
I0918 23:42:43.891494 1593317 ResourceManager.cpp:234] ResourceManager::loadStage : Not loading semantic mesh
I0918 23:42:43.891502 1593317 ResourceManager.cpp:262] ResourceManager::loadStage : start load render asset /mnt/data_nas/deeprobotics/daiyang/vla/third_party/ETP-R1/data/scene_datasets/mp3d/B6ByNegPMKs/B6ByNegPMKs.glb.
I0918 23:42:43.891505 1593317 ResourceManager.cpp:569] ResourceManager::loadStageInternal : Attempting to load stage /mnt/data_nas/deeprobotics/daiyang/vla/third_party/ETP-R1/data/scene_datasets/mp3d/B6ByNegPMKs/B6ByNegPMKs.glb 
I0918 23:42:43.891525 1593317 ResourceManager.cpp:1119] Importing Basis files as BC7 for B6ByNegPMKs.glb
W0918 23:42:53.532577 1593317 Simulator.cpp:248] :
---
 The active scene does not contain semantic annotations. 
---
I0918 23:42:53.727928 1593317 simulator.py:213] Loaded navmesh /mnt/data_nas/deeprobotics/daiyang/vla/third_party/ETP-R1/data/scene_datasets/mp3d/B6ByNegPMKs/B6ByNegPMKs.navmesh
I0918 23:43:51.343724 1593317 PhysicsManager.cpp:33] Deconstructing PhysicsManager
I0918 23:43:51.343763 1593317 SemanticScene.h:41] Deconstructing SemanticScene
I0918 23:43:51.359547 1593317 SceneManager.h:25] Deconstructing SceneManager
I0918 23:43:51.359565 1593317 SceneGraph.h:26] Deconstructing SceneGraph
I0918 23:43:51.360062 1593317 Sensor.h:87] Deconstructing Sensor
I0918 23:43:51.374022 1593317 Renderer.cpp:34] Deconstructing Renderer
I0918 23:43:51.374058 1593317 WindowlessContext.h:17] Deconstructing WindowlessContext
I0918 23:43:51.392527 1593317 ManagedContainerBase.cpp:19] ManagedContainerBase::convertFilenameToJSON : Filename : default changed to proposed JSON configuration filename : default.scene_dataset_config.json
I0918 23:43:51.392547 1593317 AttributesManagerBase.h:283] AttributesManager<T>::createFromJsonOrDefaultInternal  (Dataset) : Proposing JSON name : default.scene_dataset_config.json from original name : default | This file  does not exist.
I0918 23:43:51.392705 1593317 AssetAttributesManager.cpp:117] Asset attributes (capsule3DSolid : capsule3DSolid_hemiRings_4_cylRings_1_segments_12_halfLen_0.75_useTexCoords_false_useTangents_false) created and registered.
I0918 23:43:51.392735 1593317 AssetAttributesManager.cpp:117] Asset attributes (capsule3DWireframe : capsule3DWireframe_hemiRings_8_cylRings_1_segments_16_halfLen_1) created and registered.
I0918 23:43:51.392759 1593317 AssetAttributesManager.cpp:117] Asset attributes (coneSolid : coneSolid_segments_12_halfLen_1.25_rings_1_useTexCoords_false_useTangents_false_capEnd_true) created and registered.
I0918 23:43:51.392774 1593317 AssetAttributesManager.cpp:117] Asset attributes (coneWireframe : coneWireframe_segments_32_halfLen_1.25) created and registered.
I0918 23:43:51.392784 1593317 AssetAttributesManager.cpp:117] Asset attributes (cubeSolid : cubeSolid) created and registered.
I0918 23:43:51.392791 1593317 AssetAttributesManager.cpp:117] Asset attributes (cubeWireframe : cubeWireframe) created and registered.
I0918 23:43:51.392812 1593317 AssetAttributesManager.cpp:117] Asset attributes (cylinderSolid : cylinderSolid_rings_1_segments_12_halfLen_1_useTexCoords_false_useTangents_false_capEnds_true) created and registered.
I0918 23:43:51.392829 1593317 AssetAttributesManager.cpp:117] Asset attributes (cylinderWireframe : cylinderWireframe_rings_1_segments_32_halfLen_1) created and registered.
I0918 23:43:51.392841 1593317 AssetAttributesManager.cpp:117] Asset attributes (icosphereSolid : icosphereSolid_subdivs_1) created and registered.
I0918 23:43:51.392851 1593317 AssetAttributesManager.cpp:117] Asset attributes (icosphereWireframe : icosphereWireframe_subdivs_1) created and registered.
I0918 23:43:51.392867 1593317 AssetAttributesManager.cpp:117] Asset attributes (uvSphereSolid : uvSphereSolid_rings_8_segments_16_useTexCoords_false_useTangents_false) created and registered.
I0918 23:43:51.392880 1593317 AssetAttributesManager.cpp:117] Asset attributes (uvSphereWireframe : uvSphereWireframe_rings_16_segments_32) created and registered.
I0918 23:43:51.392887 1593317 AssetAttributesManager.cpp:105] AssetAttributesManager::buildCtorFuncPtrMaps : Built default primitive asset templates : 12
I0918 23:43:51.393306 1593317 SceneDatasetAttributesManager.cpp:23] File (default) not found, so new default dataset attributes created and registered.
I0918 23:43:51.393307 1593317 MetadataMediator.cpp:47] MetadataMediator::createDataset : Dataset default successfully created.
I0918 23:43:51.393518 1593317 AttributesManagerBase.h:283] AttributesManager<T>::createFromJsonOrDefaultInternal  (Physics Manager) : Proposing JSON name : ./data/default.physics_config.json from original name : ./data/default.physics_config.json | This file  does not exist.
I0918 23:43:51.393540 1593317 PhysicsAttributesManager.cpp:27] File (./data/default.physics_config.json) not found, so new default physics manager attributes created and registered.
I0918 23:43:51.393543 1593317 AbstractObjectAttributesManagerBase.h:175] AbstractObjectAttributesManager<T>::createObject  (Stage) : Making attributes with handle : /mnt/data_nas/deeprobotics/daiyang/vla/third_party/ETP-R1/data/scene_datasets/mp3d/aayBHfsNo7d/aayBHfsNo7d.glb
I0918 23:43:51.393548 1593317 ManagedContainerBase.cpp:19] ManagedContainerBase::convertFilenameToJSON : Filename : /mnt/data_nas/deeprobotics/daiyang/vla/third_party/ETP-R1/data/scene_datasets/mp3d/aayBHfsNo7d/aayBHfsNo7d.glb changed to proposed JSON configuration filename : /mnt/data_nas/deeprobotics/daiyang/vla/third_party/ETP-R1/data/scene_datasets/mp3d/aayBHfsNo7d/aayBHfsNo7d.stage_config.json
I0918 23:43:51.393561 1593317 AttributesManagerBase.h:283] AttributesManager<T>::createFromJsonOrDefaultInternal  (Stage) : Proposing JSON name : /mnt/data_nas/deeprobotics/daiyang/vla/third_party/ETP-R1/data/scene_datasets/mp3d/aayBHfsNo7d/aayBHfsNo7d.stage_config.json from original name : /mnt/data_nas/deeprobotics/daiyang/vla/third_party/ETP-R1/data/scene_datasets/mp3d/aayBHfsNo7d/aayBHfsNo7d.glb | This file  does not exist.
I0918 23:43:51.393610 1593317 AbstractObjectAttributesManagerBase.h:181] AbstractObjectAttributesManager<T>::createObject  (Stage) : Done making attributes with handle : /mnt/data_nas/deeprobotics/daiyang/vla/third_party/ETP-R1/data/scene_datasets/mp3d/aayBHfsNo7d/aayBHfsNo7d.glb
I0918 23:43:51.393611 1593317 AbstractObjectAttributesManagerBase.h:188] File (/mnt/data_nas/deeprobotics/daiyang/vla/third_party/ETP-R1/data/scene_datasets/mp3d/aayBHfsNo7d/aayBHfsNo7d.glb) exists but is not a recognized config filename extension, so new default Stage attributes created and registered.
I0918 23:43:51.393616 1593317 Simulator.cpp:156] Loading navmesh from /mnt/data_nas/deeprobotics/daiyang/vla/third_party/ETP-R1/data/scene_datasets/mp3d/aayBHfsNo7d/aayBHfsNo7d.navmesh
I0918 23:43:51.394448 1593317 Simulator.cpp:158] Loaded.
I0918 23:43:51.394456 1593317 SceneGraph.h:93] Created DrawableGroup: 
Renderer: NVIDIA GeForce RTX 5090/PCIe/SSE2 by NVIDIA Corporation
OpenGL version: 4.6.0 NVIDIA 580.126.09
Using optional features:
    GL_ARB_ES2_compatibility
    GL_ARB_direct_state_access
    GL_ARB_get_texture_sub_image
    GL_ARB_invalidate_subdata
    GL_ARB_multi_bind
    GL_ARB_robustness
    GL_ARB_separate_shader_objects
    GL_ARB_texture_filter_anisotropic
    GL_ARB_texture_storage
    GL_ARB_texture_storage_multisample
    GL_ARB_vertex_array_object
    GL_KHR_debug
Using driver workarounds:
    no-forward-compatible-core-context
    nv-egl-incorrect-gl11-function-pointers
    no-layout-qualifiers-on-old-glsl
    nv-zero-context-profile-mask
    nv-implementation-color-read-format-dsa-broken
    nv-cubemap-inconsistent-compressed-image-size
    nv-cubemap-broken-full-compressed-image-query
    nv-compressed-block-size-in-bits
I0918 23:43:51.398326 1593317 ResourceManager.cpp:234] ResourceManager::loadStage : Not loading semantic mesh
I0918 23:43:51.398336 1593317 ResourceManager.cpp:262] ResourceManager::loadStage : start load render asset /mnt/data_nas/deeprobotics/daiyang/vla/third_party/ETP-R1/data/scene_datasets/mp3d/aayBHfsNo7d/aayBHfsNo7d.glb.
I0918 23:43:51.398339 1593317 ResourceManager.cpp:569] ResourceManager::loadStageInternal : Attempting to load stage /mnt/data_nas/deeprobotics/daiyang/vla/third_party/ETP-R1/data/scene_datasets/mp3d/aayBHfsNo7d/aayBHfsNo7d.glb 
I0918 23:43:51.398356 1593317 ResourceManager.cpp:1119] Importing Basis files as BC7 for aayBHfsNo7d.glb
W0918 23:43:52.985661 1593317 Simulator.cpp:248] :
---
 The active scene does not contain semantic annotations. 
---
I0918 23:43:53.028657 1593317 simulator.py:213] Loaded navmesh /mnt/data_nas/deeprobotics/daiyang/vla/third_party/ETP-R1/data/scene_datasets/mp3d/aayBHfsNo7d/aayBHfsNo7d.navmesh
I0918 23:45:29.766237 1593317 PhysicsManager.cpp:33] Deconstructing PhysicsManager
I0918 23:45:29.766311 1593317 SemanticScene.h:41] Deconstructing SemanticScene
I0918 23:45:29.771986 1593317 SceneManager.h:25] Deconstructing SceneManager
I0918 23:45:29.772001 1593317 SceneGraph.h:26] Deconstructing SceneGraph
I0918 23:45:29.772639 1593317 Sensor.h:87] Deconstructing Sensor
I0918 23:45:29.777644 1593317 Renderer.cpp:34] Deconstructing Renderer
I0918 23:45:29.777679 1593317 WindowlessContext.h:17] Deconstructing WindowlessContext
I0918 23:45:29.786535 1593317 ManagedContainerBase.cpp:19] ManagedContainerBase::convertFilenameToJSON : Filename : default changed to proposed JSON configuration filename : default.scene_dataset_config.json
I0918 23:45:29.786561 1593317 AttributesManagerBase.h:283] AttributesManager<T>::createFromJsonOrDefaultInternal  (Dataset) : Proposing JSON name : default.scene_dataset_config.json from original name : default | This file  does not exist.
I0918 23:45:29.786953 1593317 AssetAttributesManager.cpp:117] Asset attributes (capsule3DSolid : capsule3DSolid_hemiRings_4_cylRings_1_segments_12_halfLen_0.75_useTexCoords_false_useTangents_false) created and registered.
I0918 23:45:29.787511 1593317 AssetAttributesManager.cpp:117] Asset attributes (capsule3DWireframe : capsule3DWireframe_hemiRings_8_cylRings_1_segments_16_halfLen_1) created and registered.
I0918 23:45:29.787567 1593317 AssetAttributesManager.cpp:117] Asset attributes (coneSolid : coneSolid_segments_12_halfLen_1.25_rings_1_useTexCoords_false_useTangents_false_capEnd_true) created and registered.
I0918 23:45:29.787599 1593317 AssetAttributesManager.cpp:117] Asset attributes (coneWireframe : coneWireframe_segments_32_halfLen_1.25) created and registered.
I0918 23:45:29.787618 1593317 AssetAttributesManager.cpp:117] Asset attributes (cubeSolid : cubeSolid) created and registered.
I0918 23:45:29.787632 1593317 AssetAttributesManager.cpp:117] Asset attributes (cubeWireframe : cubeWireframe) created and registered.
I0918 23:45:29.787665 1593317 AssetAttributesManager.cpp:117] Asset attributes (cylinderSolid : cylinderSolid_rings_1_segments_12_halfLen_1_useTexCoords_false_useTangents_false_capEnds_true) created and registered.
I0918 23:45:29.787693 1593317 AssetAttributesManager.cpp:117] Asset attributes (cylinderWireframe : cylinderWireframe_rings_1_segments_32_halfLen_1) created and registered.
I0918 23:45:29.787716 1593317 AssetAttributesManager.cpp:117] Asset attributes (icosphereSolid : icosphereSolid_subdivs_1) created and registered.
I0918 23:45:29.787734 1593317 AssetAttributesManager.cpp:117] Asset attributes (icosphereWireframe : icosphereWireframe_subdivs_1) created and registered.
I0918 23:45:29.787757 1593317 AssetAttributesManager.cpp:117] Asset attributes (uvSphereSolid : uvSphereSolid_rings_8_segments_16_useTexCoords_false_useTangents_false) created and registered.
I0918 23:45:29.787781 1593317 AssetAttributesManager.cpp:117] Asset attributes (uvSphereWireframe : uvSphereWireframe_rings_16_segments_32) created and registered.
I0918 23:45:29.787791 1593317 AssetAttributesManager.cpp:105] AssetAttributesManager::buildCtorFuncPtrMaps : Built default primitive asset templates : 12
I0918 23:45:29.788517 1593317 SceneDatasetAttributesManager.cpp:23] File (default) not found, so new default dataset attributes created and registered.
I0918 23:45:29.788527 1593317 MetadataMediator.cpp:47] MetadataMediator::createDataset : Dataset default successfully created.
I0918 23:45:29.788833 1593317 AttributesManagerBase.h:283] AttributesManager<T>::createFromJsonOrDefaultInternal  (Physics Manager) : Proposing JSON name : ./data/default.physics_config.json from original name : ./data/default.physics_config.json | This file  does not exist.
I0918 23:45:29.788857 1593317 PhysicsAttributesManager.cpp:27] File (./data/default.physics_config.json) not found, so new default physics manager attributes created and registered.
I0918 23:45:29.788862 1593317 AbstractObjectAttributesManagerBase.h:175] AbstractObjectAttributesManager<T>::createObject  (Stage) : Making attributes with handle : /mnt/data_nas/deeprobotics/daiyang/vla/third_party/ETP-R1/data/scene_datasets/mp3d/82sE5b5pLXE/82sE5b5pLXE.glb
I0918 23:45:29.788877 1593317 ManagedContainerBase.cpp:19] ManagedContainerBase::convertFilenameToJSON : Filename : /mnt/data_nas/deeprobotics/daiyang/vla/third_party/ETP-R1/data/scene_datasets/mp3d/82sE5b5pLXE/82sE5b5pLXE.glb changed to proposed JSON configuration filename : /mnt/data_nas/deeprobotics/daiyang/vla/third_party/ETP-R1/data/scene_datasets/mp3d/82sE5b5pLXE/82sE5b5pLXE.stage_config.json
I0918 23:45:29.788895 1593317 AttributesManagerBase.h:283] AttributesManager<T>::createFromJsonOrDefaultInternal  (Stage) : Proposing JSON name : /mnt/data_nas/deeprobotics/daiyang/vla/third_party/ETP-R1/data/scene_datasets/mp3d/82sE5b5pLXE/82sE5b5pLXE.stage_config.json from original name : /mnt/data_nas/deeprobotics/daiyang/vla/third_party/ETP-R1/data/scene_datasets/mp3d/82sE5b5pLXE/82sE5b5pLXE.glb | This file  does not exist.
I0918 23:45:29.788995 1593317 AbstractObjectAttributesManagerBase.h:181] AbstractObjectAttributesManager<T>::createObject  (Stage) : Done making attributes with handle : /mnt/data_nas/deeprobotics/daiyang/vla/third_party/ETP-R1/data/scene_datasets/mp3d/82sE5b5pLXE/82sE5b5pLXE.glb
I0918 23:45:29.789001 1593317 AbstractObjectAttributesManagerBase.h:188] File (/mnt/data_nas/deeprobotics/daiyang/vla/third_party/ETP-R1/data/scene_datasets/mp3d/82sE5b5pLXE/82sE5b5pLXE.glb) exists but is not a recognized config filename extension, so new default Stage attributes created and registered.
I0918 23:45:29.789013 1593317 Simulator.cpp:156] Loading navmesh from /mnt/data_nas/deeprobotics/daiyang/vla/third_party/ETP-R1/data/scene_datasets/mp3d/82sE5b5pLXE/82sE5b5pLXE.navmesh
I0918 23:45:29.789947 1593317 Simulator.cpp:158] Loaded.
I0918 23:45:29.789963 1593317 SceneGraph.h:93] Created DrawableGroup: 
Renderer: NVIDIA GeForce RTX 5090/PCIe/SSE2 by NVIDIA Corporation
OpenGL version: 4.6.0 NVIDIA 580.126.09
Using optional features:
    GL_ARB_ES2_compatibility
    GL_ARB_direct_state_access
    GL_ARB_get_texture_sub_image
    GL_ARB_invalidate_subdata
    GL_ARB_multi_bind
    GL_ARB_robustness
    GL_ARB_separate_shader_objects
    GL_ARB_texture_filter_anisotropic
    GL_ARB_texture_storage
    GL_ARB_texture_storage_multisample
    GL_ARB_vertex_array_object
    GL_KHR_debug
Using driver workarounds:
    no-forward-compatible-core-context
    nv-egl-incorrect-gl11-function-pointers
    no-layout-qualifiers-on-old-glsl
    nv-zero-context-profile-mask
    nv-implementation-color-read-format-dsa-broken
    nv-cubemap-inconsistent-compressed-image-size
    nv-cubemap-broken-full-compressed-image-query
    nv-compressed-block-size-in-bits
I0918 23:45:29.795653 1593317 ResourceManager.cpp:234] ResourceManager::loadStage : Not loading semantic mesh
I0918 23:45:29.795670 1593317 ResourceManager.cpp:262] ResourceManager::loadStage : start load render asset /mnt/data_nas/deeprobotics/daiyang/vla/third_party/ETP-R1/data/scene_datasets/mp3d/82sE5b5pLXE/82sE5b5pLXE.glb.
I0918 23:45:29.795676 1593317 ResourceManager.cpp:569] ResourceManager::loadStageInternal : Attempting to load stage /mnt/data_nas/deeprobotics/daiyang/vla/third_party/ETP-R1/data/scene_datasets/mp3d/82sE5b5pLXE/82sE5b5pLXE.glb 
I0918 23:45:29.795704 1593317 ResourceManager.cpp:1119] Importing Basis files as BC7 for 82sE5b5pLXE.glb
W0918 23:45:31.861073 1593317 Simulator.cpp:248] :
---
 The active scene does not contain semantic annotations. 
---
I0918 23:45:31.897452 1593317 simulator.py:213] Loaded navmesh /mnt/data_nas/deeprobotics/daiyang/vla/third_party/ETP-R1/data/scene_datasets/mp3d/82sE5b5pLXE/82sE5b5pLXE.navmesh
I0918 23:47:03.457736 1593317 PhysicsManager.cpp:33] Deconstructing PhysicsManager
I0918 23:47:03.457798 1593317 SemanticScene.h:41] Deconstructing SemanticScene
I0918 23:47:03.460065 1593317 SceneManager.h:25] Deconstructing SceneManager
I0918 23:47:03.460073 1593317 SceneGraph.h:26] Deconstructing SceneGraph
I0918 23:47:03.460477 1593317 Sensor.h:87] Deconstructing Sensor
I0918 23:47:03.465032 1593317 Renderer.cpp:34] Deconstructing Renderer
I0918 23:47:03.465055 1593317 WindowlessContext.h:17] Deconstructing WindowlessContext
I0918 23:47:03.470534 1593317 ManagedContainerBase.cpp:19] ManagedContainerBase::convertFilenameToJSON : Filename : default changed to proposed JSON configuration filename : default.scene_dataset_config.json
I0918 23:47:03.470547 1593317 AttributesManagerBase.h:283] AttributesManager<T>::createFromJsonOrDefaultInternal  (Dataset) : Proposing JSON name : default.scene_dataset_config.json from original name : default | This file  does not exist.
I0918 23:47:03.471480 1593317 AssetAttributesManager.cpp:117] Asset attributes (capsule3DSolid : capsule3DSolid_hemiRings_4_cylRings_1_segments_12_halfLen_0.75_useTexCoords_false_useTangents_false) created and registered.
I0918 23:47:03.471511 1593317 AssetAttributesManager.cpp:117] Asset attributes (capsule3DWireframe : capsule3DWireframe_hemiRings_8_cylRings_1_segments_16_halfLen_1) created and registered.
I0918 23:47:03.471534 1593317 AssetAttributesManager.cpp:117] Asset attributes (coneSolid : coneSolid_segments_12_halfLen_1.25_rings_1_useTexCoords_false_useTangents_false_capEnd_true) created and registered.
I0918 23:47:03.471549 1593317 AssetAttributesManager.cpp:117] Asset attributes (coneWireframe : coneWireframe_segments_32_halfLen_1.25) created and registered.
I0918 23:47:03.471558 1593317 AssetAttributesManager.cpp:117] Asset attributes (cubeSolid : cubeSolid) created and registered.
I0918 23:47:03.471565 1593317 AssetAttributesManager.cpp:117] Asset attributes (cubeWireframe : cubeWireframe) created and registered.
I0918 23:47:03.471585 1593317 AssetAttributesManager.cpp:117] Asset attributes (cylinderSolid : cylinderSolid_rings_1_segments_12_halfLen_1_useTexCoords_false_useTangents_false_capEnds_true) created and registered.
I0918 23:47:03.471601 1593317 AssetAttributesManager.cpp:117] Asset attributes (cylinderWireframe : cylinderWireframe_rings_1_segments_32_halfLen_1) created and registered.
I0918 23:47:03.471611 1593317 AssetAttributesManager.cpp:117] Asset attributes (icosphereSolid : icosphereSolid_subdivs_1) created and registered.
I0918 23:47:03.471621 1593317 AssetAttributesManager.cpp:117] Asset attributes (icosphereWireframe : icosphereWireframe_subdivs_1) created and registered.
I0918 23:47:03.471634 1593317 AssetAttributesManager.cpp:117] Asset attributes (uvSphereSolid : uvSphereSolid_rings_8_segments_16_useTexCoords_false_useTangents_false) created and registered.
I0918 23:47:03.471647 1593317 AssetAttributesManager.cpp:117] Asset attributes (uvSphereWireframe : uvSphereWireframe_rings_16_segments_32) created and registered.
I0918 23:47:03.471653 1593317 AssetAttributesManager.cpp:105] AssetAttributesManager::buildCtorFuncPtrMaps : Built default primitive asset templates : 12
I0918 23:47:03.472045 1593317 SceneDatasetAttributesManager.cpp:23] File (default) not found, so new default dataset attributes created and registered.
I0918 23:47:03.472048 1593317 MetadataMediator.cpp:47] MetadataMediator::createDataset : Dataset default successfully created.
I0918 23:47:03.473277 1593317 AttributesManagerBase.h:283] AttributesManager<T>::createFromJsonOrDefaultInternal  (Physics Manager) : Proposing JSON name : ./data/default.physics_config.json from original name : ./data/default.physics_config.json | This file  does not exist.
I0918 23:47:03.473292 1593317 PhysicsAttributesManager.cpp:27] File (./data/default.physics_config.json) not found, so new default physics manager attributes created and registered.
I0918 23:47:03.473295 1593317 AbstractObjectAttributesManagerBase.h:175] AbstractObjectAttributesManager<T>::createObject  (Stage) : Making attributes with handle : /mnt/data_nas/deeprobotics/daiyang/vla/third_party/ETP-R1/data/scene_datasets/mp3d/B6ByNegPMKs/B6ByNegPMKs.glb
I0918 23:47:03.473300 1593317 ManagedContainerBase.cpp:19] ManagedContainerBase::convertFilenameToJSON : Filename : /mnt/data_nas/deeprobotics/daiyang/vla/third_party/ETP-R1/data/scene_datasets/mp3d/B6ByNegPMKs/B6ByNegPMKs.glb changed to proposed JSON configuration filename : /mnt/data_nas/deeprobotics/daiyang/vla/third_party/ETP-R1/data/scene_datasets/mp3d/B6ByNegPMKs/B6ByNegPMKs.stage_config.json
I0918 23:47:03.476867 1593317 AttributesManagerBase.h:283] AttributesManager<T>::createFromJsonOrDefaultInternal  (Stage) : Proposing JSON name : /mnt/data_nas/deeprobotics/daiyang/vla/third_party/ETP-R1/data/scene_datasets/mp3d/B6ByNegPMKs/B6ByNegPMKs.stage_config.json from original name : /mnt/data_nas/deeprobotics/daiyang/vla/third_party/ETP-R1/data/scene_datasets/mp3d/B6ByNegPMKs/B6ByNegPMKs.glb | This file  does not exist.
I0918 23:47:03.476917 1593317 AbstractObjectAttributesManagerBase.h:181] AbstractObjectAttributesManager<T>::createObject  (Stage) : Done making attributes with handle : /mnt/data_nas/deeprobotics/daiyang/vla/third_party/ETP-R1/data/scene_datasets/mp3d/B6ByNegPMKs/B6ByNegPMKs.glb
I0918 23:47:03.476919 1593317 AbstractObjectAttributesManagerBase.h:188] File (/mnt/data_nas/deeprobotics/daiyang/vla/third_party/ETP-R1/data/scene_datasets/mp3d/B6ByNegPMKs/B6ByNegPMKs.glb) exists but is not a recognized config filename extension, so new default Stage attributes created and registered.
I0918 23:47:03.476924 1593317 Simulator.cpp:156] Loading navmesh from /mnt/data_nas/deeprobotics/daiyang/vla/third_party/ETP-R1/data/scene_datasets/mp3d/B6ByNegPMKs/B6ByNegPMKs.navmesh
I0918 23:47:03.478968 1593317 Simulator.cpp:158] Loaded.
I0918 23:47:03.478977 1593317 SceneGraph.h:93] Created DrawableGroup: 
Renderer: NVIDIA GeForce RTX 5090/PCIe/SSE2 by NVIDIA Corporation
OpenGL version: 4.6.0 NVIDIA 580.126.09
Using optional features:
    GL_ARB_ES2_compatibility
    GL_ARB_direct_state_access
    GL_ARB_get_texture_sub_image
    GL_ARB_invalidate_subdata
    GL_ARB_multi_bind
    GL_ARB_robustness
    GL_ARB_separate_shader_objects
    GL_ARB_texture_filter_anisotropic
    GL_ARB_texture_storage
    GL_ARB_texture_storage_multisample
    GL_ARB_vertex_array_object
    GL_KHR_debug
Using driver workarounds:
    no-forward-compatible-core-context
    nv-egl-incorrect-gl11-function-pointers
    no-layout-qualifiers-on-old-glsl
    nv-zero-context-profile-mask
    nv-implementation-color-read-format-dsa-broken
    nv-cubemap-inconsistent-compressed-image-size
    nv-cubemap-broken-full-compressed-image-query
    nv-compressed-block-size-in-bits
I0918 23:47:03.482868 1593317 ResourceManager.cpp:234] ResourceManager::loadStage : Not loading semantic mesh
I0918 23:47:03.482877 1593317 ResourceManager.cpp:262] ResourceManager::loadStage : start load render asset /mnt/data_nas/deeprobotics/daiyang/vla/third_party/ETP-R1/data/scene_datasets/mp3d/B6ByNegPMKs/B6ByNegPMKs.glb.
I0918 23:47:03.482879 1593317 ResourceManager.cpp:569] ResourceManager::loadStageInternal : Attempting to load stage /mnt/data_nas/deeprobotics/daiyang/vla/third_party/ETP-R1/data/scene_datasets/mp3d/B6ByNegPMKs/B6ByNegPMKs.glb 
I0918 23:47:03.482897 1593317 ResourceManager.cpp:1119] Importing Basis files as BC7 for B6ByNegPMKs.glb
W0918 23:47:13.228785 1593317 Simulator.cpp:248] :
---
 The active scene does not contain semantic annotations. 
---
I0918 23:47:13.424508 1593317 simulator.py:213] Loaded navmesh /mnt/data_nas/deeprobotics/daiyang/vla/third_party/ETP-R1/data/scene_datasets/mp3d/B6ByNegPMKs/B6ByNegPMKs.navmesh
I0918 23:50:59.573557 1593317 PhysicsManager.cpp:33] Deconstructing PhysicsManager
I0918 23:50:59.573640 1593317 SemanticScene.h:41] Deconstructing SemanticScene
I0918 23:50:59.604007 1593317 SceneManager.h:25] Deconstructing SceneManager
I0918 23:50:59.604043 1593317 SceneGraph.h:26] Deconstructing SceneGraph
I0918 23:50:59.605131 1593317 Sensor.h:87] Deconstructing Sensor
I0918 23:50:59.634321 1593317 Renderer.cpp:34] Deconstructing Renderer
I0918 23:50:59.634373 1593317 WindowlessContext.h:17] Deconstructing WindowlessContext
I0918 23:50:59.678165 1593317 ManagedContainerBase.cpp:19] ManagedContainerBase::convertFilenameToJSON : Filename : default changed to proposed JSON configuration filename : default.scene_dataset_config.json
I0918 23:50:59.678194 1593317 AttributesManagerBase.h:283] AttributesManager<T>::createFromJsonOrDefaultInternal  (Dataset) : Proposing JSON name : default.scene_dataset_config.json from original name : default | This file  does not exist.
I0918 23:50:59.678333 1593317 AssetAttributesManager.cpp:117] Asset attributes (capsule3DSolid : capsule3DSolid_hemiRings_4_cylRings_1_segments_12_halfLen_0.75_useTexCoords_false_useTangents_false) created and registered.
I0918 23:50:59.678363 1593317 AssetAttributesManager.cpp:117] Asset attributes (capsule3DWireframe : capsule3DWireframe_hemiRings_8_cylRings_1_segments_16_halfLen_1) created and registered.
I0918 23:50:59.678387 1593317 AssetAttributesManager.cpp:117] Asset attributes (coneSolid : coneSolid_segments_12_halfLen_1.25_rings_1_useTexCoords_false_useTangents_false_capEnd_true) created and registered.
I0918 23:50:59.678401 1593317 AssetAttributesManager.cpp:117] Asset attributes (coneWireframe : coneWireframe_segments_32_halfLen_1.25) created and registered.
I0918 23:50:59.678411 1593317 AssetAttributesManager.cpp:117] Asset attributes (cubeSolid : cubeSolid) created and registered.
I0918 23:50:59.678417 1593317 AssetAttributesManager.cpp:117] Asset attributes (cubeWireframe : cubeWireframe) created and registered.
I0918 23:50:59.678437 1593317 AssetAttributesManager.cpp:117] Asset attributes (cylinderSolid : cylinderSolid_rings_1_segments_12_halfLen_1_useTexCoords_false_useTangents_false_capEnds_true) created and registered.
I0918 23:50:59.678454 1593317 AssetAttributesManager.cpp:117] Asset attributes (cylinderWireframe : cylinderWireframe_rings_1_segments_32_halfLen_1) created and registered.
I0918 23:50:59.678467 1593317 AssetAttributesManager.cpp:117] Asset attributes (icosphereSolid : icosphereSolid_subdivs_1) created and registered.
I0918 23:50:59.678476 1593317 AssetAttributesManager.cpp:117] Asset attributes (icosphereWireframe : icosphereWireframe_subdivs_1) created and registered.
I0918 23:50:59.678490 1593317 AssetAttributesManager.cpp:117] Asset attributes (uvSphereSolid : uvSphereSolid_rings_8_segments_16_useTexCoords_false_useTangents_false) created and registered.
I0918 23:50:59.678504 1593317 AssetAttributesManager.cpp:117] Asset attributes (uvSphereWireframe : uvSphereWireframe_rings_16_segments_32) created and registered.
I0918 23:50:59.678510 1593317 AssetAttributesManager.cpp:105] AssetAttributesManager::buildCtorFuncPtrMaps : Built default primitive asset templates : 12
I0918 23:50:59.678927 1593317 SceneDatasetAttributesManager.cpp:23] File (default) not found, so new default dataset attributes created and registered.
I0918 23:50:59.678929 1593317 MetadataMediator.cpp:47] MetadataMediator::createDataset : Dataset default successfully created.
I0918 23:50:59.679152 1593317 AttributesManagerBase.h:283] AttributesManager<T>::createFromJsonOrDefaultInternal  (Physics Manager) : Proposing JSON name : ./data/default.physics_config.json from original name : ./data/default.physics_config.json | This file  does not exist.
I0918 23:50:59.679164 1593317 PhysicsAttributesManager.cpp:27] File (./data/default.physics_config.json) not found, so new default physics manager attributes created and registered.
I0918 23:50:59.679167 1593317 AbstractObjectAttributesManagerBase.h:175] AbstractObjectAttributesManager<T>::createObject  (Stage) : Making attributes with handle : /mnt/data_nas/deeprobotics/daiyang/vla/third_party/ETP-R1/data/scene_datasets/mp3d/aayBHfsNo7d/aayBHfsNo7d.glb
I0918 23:50:59.679172 1593317 ManagedContainerBase.cpp:19] ManagedContainerBase::convertFilenameToJSON : Filename : /mnt/data_nas/deeprobotics/daiyang/vla/third_party/ETP-R1/data/scene_datasets/mp3d/aayBHfsNo7d/aayBHfsNo7d.glb changed to proposed JSON configuration filename : /mnt/data_nas/deeprobotics/daiyang/vla/third_party/ETP-R1/data/scene_datasets/mp3d/aayBHfsNo7d/aayBHfsNo7d.stage_config.json
I0918 23:50:59.679186 1593317 AttributesManagerBase.h:283] AttributesManager<T>::createFromJsonOrDefaultInternal  (Stage) : Proposing JSON name : /mnt/data_nas/deeprobotics/daiyang/vla/third_party/ETP-R1/data/scene_datasets/mp3d/aayBHfsNo7d/aayBHfsNo7d.stage_config.json from original name : /mnt/data_nas/deeprobotics/daiyang/vla/third_party/ETP-R1/data/scene_datasets/mp3d/aayBHfsNo7d/aayBHfsNo7d.glb | This file  does not exist.
I0918 23:50:59.679240 1593317 AbstractObjectAttributesManagerBase.h:181] AbstractObjectAttributesManager<T>::createObject  (Stage) : Done making attributes with handle : /mnt/data_nas/deeprobotics/daiyang/vla/third_party/ETP-R1/data/scene_datasets/mp3d/aayBHfsNo7d/aayBHfsNo7d.glb
I0918 23:50:59.679242 1593317 AbstractObjectAttributesManagerBase.h:188] File (/mnt/data_nas/deeprobotics/daiyang/vla/third_party/ETP-R1/data/scene_datasets/mp3d/aayBHfsNo7d/aayBHfsNo7d.glb) exists but is not a recognized config filename extension, so new default Stage attributes created and registered.
I0918 23:50:59.679248 1593317 Simulator.cpp:156] Loading navmesh from /mnt/data_nas/deeprobotics/daiyang/vla/third_party/ETP-R1/data/scene_datasets/mp3d/aayBHfsNo7d/aayBHfsNo7d.navmesh
I0918 23:50:59.680418 1593317 Simulator.cpp:158] Loaded.
I0918 23:50:59.680428 1593317 SceneGraph.h:93] Created DrawableGroup: 
Renderer: NVIDIA GeForce RTX 5090/PCIe/SSE2 by NVIDIA Corporation
OpenGL version: 4.6.0 NVIDIA 580.126.09
Using optional features:
    GL_ARB_ES2_compatibility
    GL_ARB_direct_state_access
    GL_ARB_get_texture_sub_image
    GL_ARB_invalidate_subdata
    GL_ARB_multi_bind
    GL_ARB_robustness
    GL_ARB_separate_shader_objects
    GL_ARB_texture_filter_anisotropic
    GL_ARB_texture_storage
    GL_ARB_texture_storage_multisample
    GL_ARB_vertex_array_object
    GL_KHR_debug
Using driver workarounds:
    no-forward-compatible-core-context
    nv-egl-incorrect-gl11-function-pointers
    no-layout-qualifiers-on-old-glsl
    nv-zero-context-profile-mask
    nv-implementation-color-read-format-dsa-broken
    nv-cubemap-inconsistent-compressed-image-size
    nv-cubemap-broken-full-compressed-image-query
    nv-compressed-block-size-in-bits
I0918 23:50:59.684391 1593317 ResourceManager.cpp:234] ResourceManager::loadStage : Not loading semantic mesh
I0918 23:50:59.684401 1593317 ResourceManager.cpp:262] ResourceManager::loadStage : start load render asset /mnt/data_nas/deeprobotics/daiyang/vla/third_party/ETP-R1/data/scene_datasets/mp3d/aayBHfsNo7d/aayBHfsNo7d.glb.
I0918 23:50:59.684403 1593317 ResourceManager.cpp:569] ResourceManager::loadStageInternal : Attempting to load stage /mnt/data_nas/deeprobotics/daiyang/vla/third_party/ETP-R1/data/scene_datasets/mp3d/aayBHfsNo7d/aayBHfsNo7d.glb 
I0918 23:50:59.684422 1593317 ResourceManager.cpp:1119] Importing Basis files as BC7 for aayBHfsNo7d.glb
W0918 23:51:01.318468 1593317 Simulator.cpp:248] :
---
 The active scene does not contain semantic annotations. 
---
I0918 23:51:01.361959 1593317 simulator.py:213] Loaded navmesh /mnt/data_nas/deeprobotics/daiyang/vla/third_party/ETP-R1/data/scene_datasets/mp3d/aayBHfsNo7d/aayBHfsNo7d.navmesh
I0918 23:51:30.363889 1593317 PhysicsManager.cpp:33] Deconstructing PhysicsManager
I0918 23:51:30.363940 1593317 SemanticScene.h:41] Deconstructing SemanticScene
I0918 23:51:30.366950 1593317 SceneManager.h:25] Deconstructing SceneManager
I0918 23:51:30.366961 1593317 SceneGraph.h:26] Deconstructing SceneGraph
I0918 23:51:30.367200 1593317 Sensor.h:87] Deconstructing Sensor
I0918 23:51:30.370005 1593317 Renderer.cpp:34] Deconstructing Renderer
I0918 23:51:30.370028 1593317 WindowlessContext.h:17] Deconstructing WindowlessContext
I0918 23:51:30.375972 1593317 ManagedContainerBase.cpp:19] ManagedContainerBase::convertFilenameToJSON : Filename : default changed to proposed JSON configuration filename : default.scene_dataset_config.json
I0918 23:51:30.375989 1593317 AttributesManagerBase.h:283] AttributesManager<T>::createFromJsonOrDefaultInternal  (Dataset) : Proposing JSON name : default.scene_dataset_config.json from original name : default | This file  does not exist.
I0918 23:51:30.376231 1593317 AssetAttributesManager.cpp:117] Asset attributes (capsule3DSolid : capsule3DSolid_hemiRings_4_cylRings_1_segments_12_halfLen_0.75_useTexCoords_false_useTangents_false) created and registered.
I0918 23:51:30.376449 1593317 AssetAttributesManager.cpp:117] Asset attributes (capsule3DWireframe : capsule3DWireframe_hemiRings_8_cylRings_1_segments_16_halfLen_1) created and registered.
I0918 23:51:30.376474 1593317 AssetAttributesManager.cpp:117] Asset attributes (coneSolid : coneSolid_segments_12_halfLen_1.25_rings_1_useTexCoords_false_useTangents_false_capEnd_true) created and registered.
I0918 23:51:30.376488 1593317 AssetAttributesManager.cpp:117] Asset attributes (coneWireframe : coneWireframe_segments_32_halfLen_1.25) created and registered.
I0918 23:51:30.376497 1593317 AssetAttributesManager.cpp:117] Asset attributes (cubeSolid : cubeSolid) created and registered.
I0918 23:51:30.376504 1593317 AssetAttributesManager.cpp:117] Asset attributes (cubeWireframe : cubeWireframe) created and registered.
I0918 23:51:30.376525 1593317 AssetAttributesManager.cpp:117] Asset attributes (cylinderSolid : cylinderSolid_rings_1_segments_12_halfLen_1_useTexCoords_false_useTangents_false_capEnds_true) created and registered.
I0918 23:51:30.376542 1593317 AssetAttributesManager.cpp:117] Asset attributes (cylinderWireframe : cylinderWireframe_rings_1_segments_32_halfLen_1) created and registered.
I0918 23:51:30.376554 1593317 AssetAttributesManager.cpp:117] Asset attributes (icosphereSolid : icosphereSolid_subdivs_1) created and registered.
I0918 23:51:30.376562 1593317 AssetAttributesManager.cpp:117] Asset attributes (icosphereWireframe : icosphereWireframe_subdivs_1) created and registered.
I0918 23:51:30.376576 1593317 AssetAttributesManager.cpp:117] Asset attributes (uvSphereSolid : uvSphereSolid_rings_8_segments_16_useTexCoords_false_useTangents_false) created and registered.
I0918 23:51:30.376590 1593317 AssetAttributesManager.cpp:117] Asset attributes (uvSphereWireframe : uvSphereWireframe_rings_16_segments_32) created and registered.
I0918 23:51:30.376596 1593317 AssetAttributesManager.cpp:105] AssetAttributesManager::buildCtorFuncPtrMaps : Built default primitive asset templates : 12
I0918 23:51:30.377004 1593317 SceneDatasetAttributesManager.cpp:23] File (default) not found, so new default dataset attributes created and registered.
I0918 23:51:30.377007 1593317 MetadataMediator.cpp:47] MetadataMediator::createDataset : Dataset default successfully created.
I0918 23:51:30.377204 1593317 AttributesManagerBase.h:283] AttributesManager<T>::createFromJsonOrDefaultInternal  (Physics Manager) : Proposing JSON name : ./data/default.physics_config.json from original name : ./data/default.physics_config.json | This file  does not exist.
I0918 23:51:30.377216 1593317 PhysicsAttributesManager.cpp:27] File (./data/default.physics_config.json) not found, so new default physics manager attributes created and registered.
I0918 23:51:30.377220 1593317 AbstractObjectAttributesManagerBase.h:175] AbstractObjectAttributesManager<T>::createObject  (Stage) : Making attributes with handle : /mnt/data_nas/deeprobotics/daiyang/vla/third_party/ETP-R1/data/scene_datasets/mp3d/82sE5b5pLXE/82sE5b5pLXE.glb
I0918 23:51:30.377224 1593317 ManagedContainerBase.cpp:19] ManagedContainerBase::convertFilenameToJSON : Filename : /mnt/data_nas/deeprobotics/daiyang/vla/third_party/ETP-R1/data/scene_datasets/mp3d/82sE5b5pLXE/82sE5b5pLXE.glb changed to proposed JSON configuration filename : /mnt/data_nas/deeprobotics/daiyang/vla/third_party/ETP-R1/data/scene_datasets/mp3d/82sE5b5pLXE/82sE5b5pLXE.stage_config.json
I0918 23:51:30.377238 1593317 AttributesManagerBase.h:283] AttributesManager<T>::createFromJsonOrDefaultInternal  (Stage) : Proposing JSON name : /mnt/data_nas/deeprobotics/daiyang/vla/third_party/ETP-R1/data/scene_datasets/mp3d/82sE5b5pLXE/82sE5b5pLXE.stage_config.json from original name : /mnt/data_nas/deeprobotics/daiyang/vla/third_party/ETP-R1/data/scene_datasets/mp3d/82sE5b5pLXE/82sE5b5pLXE.glb | This file  does not exist.
I0918 23:51:30.377290 1593317 AbstractObjectAttributesManagerBase.h:181] AbstractObjectAttributesManager<T>::createObject  (Stage) : Done making attributes with handle : /mnt/data_nas/deeprobotics/daiyang/vla/third_party/ETP-R1/data/scene_datasets/mp3d/82sE5b5pLXE/82sE5b5pLXE.glb
I0918 23:51:30.377295 1593317 AbstractObjectAttributesManagerBase.h:188] File (/mnt/data_nas/deeprobotics/daiyang/vla/third_party/ETP-R1/data/scene_datasets/mp3d/82sE5b5pLXE/82sE5b5pLXE.glb) exists but is not a recognized config filename extension, so new default Stage attributes created and registered.
I0918 23:51:30.377300 1593317 Simulator.cpp:156] Loading navmesh from /mnt/data_nas/deeprobotics/daiyang/vla/third_party/ETP-R1/data/scene_datasets/mp3d/82sE5b5pLXE/82sE5b5pLXE.navmesh
I0918 23:51:30.378104 1593317 Simulator.cpp:158] Loaded.
I0918 23:51:30.378113 1593317 SceneGraph.h:93] Created DrawableGroup: 
Renderer: NVIDIA GeForce RTX 5090/PCIe/SSE2 by NVIDIA Corporation
OpenGL version: 4.6.0 NVIDIA 580.126.09
Using optional features:
    GL_ARB_ES2_compatibility
    GL_ARB_direct_state_access
    GL_ARB_get_texture_sub_image
    GL_ARB_invalidate_subdata
    GL_ARB_multi_bind
    GL_ARB_robustness
    GL_ARB_separate_shader_objects
    GL_ARB_texture_filter_anisotropic
    GL_ARB_texture_storage
    GL_ARB_texture_storage_multisample
    GL_ARB_vertex_array_object
    GL_KHR_debug
Using driver workarounds:
    no-forward-compatible-core-context
    nv-egl-incorrect-gl11-function-pointers
    no-layout-qualifiers-on-old-glsl
    nv-zero-context-profile-mask
    nv-implementation-color-read-format-dsa-broken
    nv-cubemap-inconsistent-compressed-image-size
    nv-cubemap-broken-full-compressed-image-query
    nv-compressed-block-size-in-bits
I0918 23:51:30.381920 1593317 ResourceManager.cpp:234] ResourceManager::loadStage : Not loading semantic mesh
I0918 23:51:30.381928 1593317 ResourceManager.cpp:262] ResourceManager::loadStage : start load render asset /mnt/data_nas/deeprobotics/daiyang/vla/third_party/ETP-R1/data/scene_datasets/mp3d/82sE5b5pLXE/82sE5b5pLXE.glb.
I0918 23:51:30.381932 1593317 ResourceManager.cpp:569] ResourceManager::loadStageInternal : Attempting to load stage /mnt/data_nas/deeprobotics/daiyang/vla/third_party/ETP-R1/data/scene_datasets/mp3d/82sE5b5pLXE/82sE5b5pLXE.glb 
I0918 23:51:30.381947 1593317 ResourceManager.cpp:1119] Importing Basis files as BC7 for 82sE5b5pLXE.glb
W0918 23:51:32.479861 1593317 Simulator.cpp:248] :
---
 The active scene does not contain semantic annotations. 
---
I0918 23:51:32.516134 1593317 simulator.py:213] Loaded navmesh /mnt/data_nas/deeprobotics/daiyang/vla/third_party/ETP-R1/data/scene_datasets/mp3d/82sE5b5pLXE/82sE5b5pLXE.navmesh
I0918 23:52:09.239532 1593317 PhysicsManager.cpp:33] Deconstructing PhysicsManager
I0918 23:52:09.239573 1593317 SemanticScene.h:41] Deconstructing SemanticScene
I0918 23:52:09.241159 1593317 SceneManager.h:25] Deconstructing SceneManager
I0918 23:52:09.241168 1593317 SceneGraph.h:26] Deconstructing SceneGraph
I0918 23:52:09.241425 1593317 Sensor.h:87] Deconstructing Sensor
I0918 23:52:09.244642 1593317 Renderer.cpp:34] Deconstructing Renderer
I0918 23:52:09.244668 1593317 WindowlessContext.h:17] Deconstructing WindowlessContext
I0918 23:52:09.249452 1593317 ManagedContainerBase.cpp:19] ManagedContainerBase::convertFilenameToJSON : Filename : default changed to proposed JSON configuration filename : default.scene_dataset_config.json
I0918 23:52:09.249468 1593317 AttributesManagerBase.h:283] AttributesManager<T>::createFromJsonOrDefaultInternal  (Dataset) : Proposing JSON name : default.scene_dataset_config.json from original name : default | This file  does not exist.
I0918 23:52:09.250306 1593317 AssetAttributesManager.cpp:117] Asset attributes (capsule3DSolid : capsule3DSolid_hemiRings_4_cylRings_1_segments_12_halfLen_0.75_useTexCoords_false_useTangents_false) created and registered.
I0918 23:52:09.250339 1593317 AssetAttributesManager.cpp:117] Asset attributes (capsule3DWireframe : capsule3DWireframe_hemiRings_8_cylRings_1_segments_16_halfLen_1) created and registered.
I0918 23:52:09.250361 1593317 AssetAttributesManager.cpp:117] Asset attributes (coneSolid : coneSolid_segments_12_halfLen_1.25_rings_1_useTexCoords_false_useTangents_false_capEnd_true) created and registered.
I0918 23:52:09.250381 1593317 AssetAttributesManager.cpp:117] Asset attributes (coneWireframe : coneWireframe_segments_32_halfLen_1.25) created and registered.
I0918 23:52:09.250391 1593317 AssetAttributesManager.cpp:117] Asset attributes (cubeSolid : cubeSolid) created and registered.
I0918 23:52:09.250396 1593317 AssetAttributesManager.cpp:117] Asset attributes (cubeWireframe : cubeWireframe) created and registered.
I0918 23:52:09.250418 1593317 AssetAttributesManager.cpp:117] Asset attributes (cylinderSolid : cylinderSolid_rings_1_segments_12_halfLen_1_useTexCoords_false_useTangents_false_capEnds_true) created and registered.
I0918 23:52:09.250435 1593317 AssetAttributesManager.cpp:117] Asset attributes (cylinderWireframe : cylinderWireframe_rings_1_segments_32_halfLen_1) created and registered.
I0918 23:52:09.250447 1593317 AssetAttributesManager.cpp:117] Asset attributes (icosphereSolid : icosphereSolid_subdivs_1) created and registered.
I0918 23:52:09.250454 1593317 AssetAttributesManager.cpp:117] Asset attributes (icosphereWireframe : icosphereWireframe_subdivs_1) created and registered.
I0918 23:52:09.250468 1593317 AssetAttributesManager.cpp:117] Asset attributes (uvSphereSolid : uvSphereSolid_rings_8_segments_16_useTexCoords_false_useTangents_false) created and registered.
I0918 23:52:09.250480 1593317 AssetAttributesManager.cpp:117] Asset attributes (uvSphereWireframe : uvSphereWireframe_rings_16_segments_32) created and registered.
I0918 23:52:09.250487 1593317 AssetAttributesManager.cpp:105] AssetAttributesManager::buildCtorFuncPtrMaps : Built default primitive asset templates : 12
I0918 23:52:09.250885 1593317 SceneDatasetAttributesManager.cpp:23] File (default) not found, so new default dataset attributes created and registered.
I0918 23:52:09.250887 1593317 MetadataMediator.cpp:47] MetadataMediator::createDataset : Dataset default successfully created.
I0918 23:52:09.251078 1593317 AttributesManagerBase.h:283] AttributesManager<T>::createFromJsonOrDefaultInternal  (Physics Manager) : Proposing JSON name : ./data/default.physics_config.json from original name : ./data/default.physics_config.json | This file  does not exist.
I0918 23:52:09.251091 1593317 PhysicsAttributesManager.cpp:27] File (./data/default.physics_config.json) not found, so new default physics manager attributes created and registered.
I0918 23:52:09.251094 1593317 AbstractObjectAttributesManagerBase.h:175] AbstractObjectAttributesManager<T>::createObject  (Stage) : Making attributes with handle : /mnt/data_nas/deeprobotics/daiyang/vla/third_party/ETP-R1/data/scene_datasets/mp3d/B6ByNegPMKs/B6ByNegPMKs.glb
I0918 23:52:09.251099 1593317 ManagedContainerBase.cpp:19] ManagedContainerBase::convertFilenameToJSON : Filename : /mnt/data_nas/deeprobotics/daiyang/vla/third_party/ETP-R1/data/scene_datasets/mp3d/B6ByNegPMKs/B6ByNegPMKs.glb changed to proposed JSON configuration filename : /mnt/data_nas/deeprobotics/daiyang/vla/third_party/ETP-R1/data/scene_datasets/mp3d/B6ByNegPMKs/B6ByNegPMKs.stage_config.json
I0918 23:52:09.251112 1593317 AttributesManagerBase.h:283] AttributesManager<T>::createFromJsonOrDefaultInternal  (Stage) : Proposing JSON name : /mnt/data_nas/deeprobotics/daiyang/vla/third_party/ETP-R1/data/scene_datasets/mp3d/B6ByNegPMKs/B6ByNegPMKs.stage_config.json from original name : /mnt/data_nas/deeprobotics/daiyang/vla/third_party/ETP-R1/data/scene_datasets/mp3d/B6ByNegPMKs/B6ByNegPMKs.glb | This file  does not exist.
I0918 23:52:09.251160 1593317 AbstractObjectAttributesManagerBase.h:181] AbstractObjectAttributesManager<T>::createObject  (Stage) : Done making attributes with handle : /mnt/data_nas/deeprobotics/daiyang/vla/third_party/ETP-R1/data/scene_datasets/mp3d/B6ByNegPMKs/B6ByNegPMKs.glb
I0918 23:52:09.251163 1593317 AbstractObjectAttributesManagerBase.h:188] File (/mnt/data_nas/deeprobotics/daiyang/vla/third_party/ETP-R1/data/scene_datasets/mp3d/B6ByNegPMKs/B6ByNegPMKs.glb) exists but is not a recognized config filename extension, so new default Stage attributes created and registered.
I0918 23:52:09.251168 1593317 Simulator.cpp:156] Loading navmesh from /mnt/data_nas/deeprobotics/daiyang/vla/third_party/ETP-R1/data/scene_datasets/mp3d/B6ByNegPMKs/B6ByNegPMKs.navmesh
I0918 23:52:09.252375 1593317 Simulator.cpp:158] Loaded.
I0918 23:52:09.252383 1593317 SceneGraph.h:93] Created DrawableGroup: 
Renderer: NVIDIA GeForce RTX 5090/PCIe/SSE2 by NVIDIA Corporation
OpenGL version: 4.6.0 NVIDIA 580.126.09
Using optional features:
    GL_ARB_ES2_compatibility
    GL_ARB_direct_state_access
    GL_ARB_get_texture_sub_image
    GL_ARB_invalidate_subdata
    GL_ARB_multi_bind
    GL_ARB_robustness
    GL_ARB_separate_shader_objects
    GL_ARB_texture_filter_anisotropic
    GL_ARB_texture_storage
    GL_ARB_texture_storage_multisample
    GL_ARB_vertex_array_object
    GL_KHR_debug
Using driver workarounds:
    no-forward-compatible-core-context
    nv-egl-incorrect-gl11-function-pointers
    no-layout-qualifiers-on-old-glsl
    nv-zero-context-profile-mask
    nv-implementation-color-read-format-dsa-broken
    nv-cubemap-inconsistent-compressed-image-size
    nv-cubemap-broken-full-compressed-image-query
    nv-compressed-block-size-in-bits
I0918 23:52:09.256168 1593317 ResourceManager.cpp:234] ResourceManager::loadStage : Not loading semantic mesh
I0918 23:52:09.256177 1593317 ResourceManager.cpp:262] ResourceManager::loadStage : start load render asset /mnt/data_nas/deeprobotics/daiyang/vla/third_party/ETP-R1/data/scene_datasets/mp3d/B6ByNegPMKs/B6ByNegPMKs.glb.
I0918 23:52:09.256179 1593317 ResourceManager.cpp:569] ResourceManager::loadStageInternal : Attempting to load stage /mnt/data_nas/deeprobotics/daiyang/vla/third_party/ETP-R1/data/scene_datasets/mp3d/B6ByNegPMKs/B6ByNegPMKs.glb 
I0918 23:52:09.256196 1593317 ResourceManager.cpp:1119] Importing Basis files as BC7 for B6ByNegPMKs.glb
W0918 23:52:18.895712 1593317 Simulator.cpp:248] :
---
 The active scene does not contain semantic annotations. 
---
I0918 23:52:19.090070 1593317 simulator.py:213] Loaded navmesh /mnt/data_nas/deeprobotics/daiyang/vla/third_party/ETP-R1/data/scene_datasets/mp3d/B6ByNegPMKs/B6ByNegPMKs.navmesh
I0918 23:53:48.198812 1593317 PhysicsManager.cpp:33] Deconstructing PhysicsManager
I0918 23:53:48.198855 1593317 SemanticScene.h:41] Deconstructing SemanticScene
I0918 23:53:48.216456 1593317 SceneManager.h:25] Deconstructing SceneManager
I0918 23:53:48.216477 1593317 SceneGraph.h:26] Deconstructing SceneGraph
I0918 23:53:48.217057 1593317 Sensor.h:87] Deconstructing Sensor
I0918 23:53:48.240871 1593317 Renderer.cpp:34] Deconstructing Renderer
I0918 23:53:48.240907 1593317 WindowlessContext.h:17] Deconstructing WindowlessContext
I0918 23:53:48.256182 1593317 ManagedContainerBase.cpp:19] ManagedContainerBase::convertFilenameToJSON : Filename : default changed to proposed JSON configuration filename : default.scene_dataset_config.json
I0918 23:53:48.256206 1593317 AttributesManagerBase.h:283] AttributesManager<T>::createFromJsonOrDefaultInternal  (Dataset) : Proposing JSON name : default.scene_dataset_config.json from original name : default | This file  does not exist.
I0918 23:53:48.256371 1593317 AssetAttributesManager.cpp:117] Asset attributes (capsule3DSolid : capsule3DSolid_hemiRings_4_cylRings_1_segments_12_halfLen_0.75_useTexCoords_false_useTangents_false) created and registered.
I0918 23:53:48.256400 1593317 AssetAttributesManager.cpp:117] Asset attributes (capsule3DWireframe : capsule3DWireframe_hemiRings_8_cylRings_1_segments_16_halfLen_1) created and registered.
I0918 23:53:48.256423 1593317 AssetAttributesManager.cpp:117] Asset attributes (coneSolid : coneSolid_segments_12_halfLen_1.25_rings_1_useTexCoords_false_useTangents_false_capEnd_true) created and registered.
I0918 23:53:48.256438 1593317 AssetAttributesManager.cpp:117] Asset attributes (coneWireframe : coneWireframe_segments_32_halfLen_1.25) created and registered.
I0918 23:53:48.256448 1593317 AssetAttributesManager.cpp:117] Asset attributes (cubeSolid : cubeSolid) created and registered.
I0918 23:53:48.256453 1593317 AssetAttributesManager.cpp:117] Asset attributes (cubeWireframe : cubeWireframe) created and registered.
I0918 23:53:48.256481 1593317 AssetAttributesManager.cpp:117] Asset attributes (cylinderSolid : cylinderSolid_rings_1_segments_12_halfLen_1_useTexCoords_false_useTangents_false_capEnds_true) created and registered.
I0918 23:53:48.256498 1593317 AssetAttributesManager.cpp:117] Asset attributes (cylinderWireframe : cylinderWireframe_rings_1_segments_32_halfLen_1) created and registered.
I0918 23:53:48.256510 1593317 AssetAttributesManager.cpp:117] Asset attributes (icosphereSolid : icosphereSolid_subdivs_1) created and registered.
I0918 23:53:48.256520 1593317 AssetAttributesManager.cpp:117] Asset attributes (icosphereWireframe : icosphereWireframe_subdivs_1) created and registered.
I0918 23:53:48.256534 1593317 AssetAttributesManager.cpp:117] Asset attributes (uvSphereSolid : uvSphereSolid_rings_8_segments_16_useTexCoords_false_useTangents_false) created and registered.
I0918 23:53:48.256547 1593317 AssetAttributesManager.cpp:117] Asset attributes (uvSphereWireframe : uvSphereWireframe_rings_16_segments_32) created and registered.
I0918 23:53:48.256553 1593317 AssetAttributesManager.cpp:105] AssetAttributesManager::buildCtorFuncPtrMaps : Built default primitive asset templates : 12
I0918 23:53:48.256968 1593317 SceneDatasetAttributesManager.cpp:23] File (default) not found, so new default dataset attributes created and registered.
I0918 23:53:48.256970 1593317 MetadataMediator.cpp:47] MetadataMediator::createDataset : Dataset default successfully created.
I0918 23:53:48.258371 1593317 AttributesManagerBase.h:283] AttributesManager<T>::createFromJsonOrDefaultInternal  (Physics Manager) : Proposing JSON name : ./data/default.physics_config.json from original name : ./data/default.physics_config.json | This file  does not exist.
I0918 23:53:48.258385 1593317 PhysicsAttributesManager.cpp:27] File (./data/default.physics_config.json) not found, so new default physics manager attributes created and registered.
I0918 23:53:48.258388 1593317 AbstractObjectAttributesManagerBase.h:175] AbstractObjectAttributesManager<T>::createObject  (Stage) : Making attributes with handle : /mnt/data_nas/deeprobotics/daiyang/vla/third_party/ETP-R1/data/scene_datasets/mp3d/aayBHfsNo7d/aayBHfsNo7d.glb
I0918 23:53:48.258394 1593317 ManagedContainerBase.cpp:19] ManagedContainerBase::convertFilenameToJSON : Filename : /mnt/data_nas/deeprobotics/daiyang/vla/third_party/ETP-R1/data/scene_datasets/mp3d/aayBHfsNo7d/aayBHfsNo7d.glb changed to proposed JSON configuration filename : /mnt/data_nas/deeprobotics/daiyang/vla/third_party/ETP-R1/data/scene_datasets/mp3d/aayBHfsNo7d/aayBHfsNo7d.stage_config.json
I0918 23:53:48.261935 1593317 AttributesManagerBase.h:283] AttributesManager<T>::createFromJsonOrDefaultInternal  (Stage) : Proposing JSON name : /mnt/data_nas/deeprobotics/daiyang/vla/third_party/ETP-R1/data/scene_datasets/mp3d/aayBHfsNo7d/aayBHfsNo7d.stage_config.json from original name : /mnt/data_nas/deeprobotics/daiyang/vla/third_party/ETP-R1/data/scene_datasets/mp3d/aayBHfsNo7d/aayBHfsNo7d.glb | This file  does not exist.
I0918 23:53:48.261986 1593317 AbstractObjectAttributesManagerBase.h:181] AbstractObjectAttributesManager<T>::createObject  (Stage) : Done making attributes with handle : /mnt/data_nas/deeprobotics/daiyang/vla/third_party/ETP-R1/data/scene_datasets/mp3d/aayBHfsNo7d/aayBHfsNo7d.glb
I0918 23:53:48.261987 1593317 AbstractObjectAttributesManagerBase.h:188] File (/mnt/data_nas/deeprobotics/daiyang/vla/third_party/ETP-R1/data/scene_datasets/mp3d/aayBHfsNo7d/aayBHfsNo7d.glb) exists but is not a recognized config filename extension, so new default Stage attributes created and registered.
I0918 23:53:48.261992 1593317 Simulator.cpp:156] Loading navmesh from /mnt/data_nas/deeprobotics/daiyang/vla/third_party/ETP-R1/data/scene_datasets/mp3d/aayBHfsNo7d/aayBHfsNo7d.navmesh
I0918 23:53:48.263491 1593317 Simulator.cpp:158] Loaded.
I0918 23:53:48.263500 1593317 SceneGraph.h:93] Created DrawableGroup: 
Renderer: NVIDIA GeForce RTX 5090/PCIe/SSE2 by NVIDIA Corporation
OpenGL version: 4.6.0 NVIDIA 580.126.09
Using optional features:
    GL_ARB_ES2_compatibility
    GL_ARB_direct_state_access
    GL_ARB_get_texture_sub_image
    GL_ARB_invalidate_subdata
    GL_ARB_multi_bind
    GL_ARB_robustness
    GL_ARB_separate_shader_objects
    GL_ARB_texture_filter_anisotropic
    GL_ARB_texture_storage
    GL_ARB_texture_storage_multisample
    GL_ARB_vertex_array_object
    GL_KHR_debug
Using driver workarounds:
    no-forward-compatible-core-context
    nv-egl-incorrect-gl11-function-pointers
    no-layout-qualifiers-on-old-glsl
    nv-zero-context-profile-mask
    nv-implementation-color-read-format-dsa-broken
    nv-cubemap-inconsistent-compressed-image-size
    nv-cubemap-broken-full-compressed-image-query
    nv-compressed-block-size-in-bits
I0918 23:53:48.267355 1593317 ResourceManager.cpp:234] ResourceManager::loadStage : Not loading semantic mesh
I0918 23:53:48.267365 1593317 ResourceManager.cpp:262] ResourceManager::loadStage : start load render asset /mnt/data_nas/deeprobotics/daiyang/vla/third_party/ETP-R1/data/scene_datasets/mp3d/aayBHfsNo7d/aayBHfsNo7d.glb.
I0918 23:53:48.267367 1593317 ResourceManager.cpp:569] ResourceManager::loadStageInternal : Attempting to load stage /mnt/data_nas/deeprobotics/daiyang/vla/third_party/ETP-R1/data/scene_datasets/mp3d/aayBHfsNo7d/aayBHfsNo7d.glb 
I0918 23:53:48.267385 1593317 ResourceManager.cpp:1119] Importing Basis files as BC7 for aayBHfsNo7d.glb
W0918 23:53:49.852728 1593317 Simulator.cpp:248] :
---
 The active scene does not contain semantic annotations. 
---
I0918 23:53:49.894349 1593317 simulator.py:213] Loaded navmesh /mnt/data_nas/deeprobotics/daiyang/vla/third_party/ETP-R1/data/scene_datasets/mp3d/aayBHfsNo7d/aayBHfsNo7d.navmesh
I0918 23:54:30.706422 1593317 PhysicsManager.cpp:33] Deconstructing PhysicsManager
I0918 23:54:30.706453 1593317 SemanticScene.h:41] Deconstructing SemanticScene
I0918 23:54:30.708951 1593317 SceneManager.h:25] Deconstructing SceneManager
I0918 23:54:30.708961 1593317 SceneGraph.h:26] Deconstructing SceneGraph
I0918 23:54:30.709169 1593317 Sensor.h:87] Deconstructing Sensor
I0918 23:54:30.713253 1593317 Renderer.cpp:34] Deconstructing Renderer
I0918 23:54:30.713289 1593317 WindowlessContext.h:17] Deconstructing WindowlessContext
