WARNING: Logging before InitGoogleLogging() is written to STDERR
I0918 23:55:23.538213 1676466 ManagedContainerBase.cpp:19] ManagedContainerBase::convertFilenameToJSON : Filename : default changed to proposed JSON configuration filename : default.scene_dataset_config.json
I0918 23:55:23.538246 1676466 AttributesManagerBase.h:283] AttributesManager<T>::createFromJsonOrDefaultInternal  (Dataset) : Proposing JSON name : default.scene_dataset_config.json from original name : default | This file  does not exist.
I0918 23:55:23.538340 1676466 AssetAttributesManager.cpp:117] Asset attributes (capsule3DSolid : capsule3DSolid_hemiRings_4_cylRings_1_segments_12_halfLen_0.75_useTexCoords_false_useTangents_false) created and registered.
I0918 23:55:23.538368 1676466 AssetAttributesManager.cpp:117] Asset attributes (capsule3DWireframe : capsule3DWireframe_hemiRings_8_cylRings_1_segments_16_halfLen_1) created and registered.
I0918 23:55:23.538391 1676466 AssetAttributesManager.cpp:117] Asset attributes (coneSolid : coneSolid_segments_12_halfLen_1.25_rings_1_useTexCoords_false_useTangents_false_capEnd_true) created and registered.
I0918 23:55:23.538405 1676466 AssetAttributesManager.cpp:117] Asset attributes (coneWireframe : coneWireframe_segments_32_halfLen_1.25) created and registered.
I0918 23:55:23.538414 1676466 AssetAttributesManager.cpp:117] Asset attributes (cubeSolid : cubeSolid) created and registered.
I0918 23:55:23.538420 1676466 AssetAttributesManager.cpp:117] Asset attributes (cubeWireframe : cubeWireframe) created and registered.
I0918 23:55:23.538441 1676466 AssetAttributesManager.cpp:117] Asset attributes (cylinderSolid : cylinderSolid_rings_1_segments_12_halfLen_1_useTexCoords_false_useTangents_false_capEnds_true) created and registered.
I0918 23:55:23.538460 1676466 AssetAttributesManager.cpp:117] Asset attributes (cylinderWireframe : cylinderWireframe_rings_1_segments_32_halfLen_1) created and registered.
I0918 23:55:23.538470 1676466 AssetAttributesManager.cpp:117] Asset attributes (icosphereSolid : icosphereSolid_subdivs_1) created and registered.
I0918 23:55:23.538478 1676466 AssetAttributesManager.cpp:117] Asset attributes (icosphereWireframe : icosphereWireframe_subdivs_1) created and registered.
I0918 23:55:23.538491 1676466 AssetAttributesManager.cpp:117] Asset attributes (uvSphereSolid : uvSphereSolid_rings_8_segments_16_useTexCoords_false_useTangents_false) created and registered.
I0918 23:55:23.538504 1676466 AssetAttributesManager.cpp:117] Asset attributes (uvSphereWireframe : uvSphereWireframe_rings_16_segments_32) created and registered.
I0918 23:55:23.538511 1676466 AssetAttributesManager.cpp:105] AssetAttributesManager::buildCtorFuncPtrMaps : Built default primitive asset templates : 12
I0918 23:55:23.538913 1676466 SceneDatasetAttributesManager.cpp:23] File (default) not found, so new default dataset attributes created and registered.
I0918 23:55:23.538914 1676466 MetadataMediator.cpp:47] MetadataMediator::createDataset : Dataset default successfully created.
I0918 23:55:23.541668 1676466 AttributesManagerBase.h:283] AttributesManager<T>::createFromJsonOrDefaultInternal  (Physics Manager) : Proposing JSON name : ./data/default.physics_config.json from original name : ./data/default.physics_config.json | This file  does not exist.
I0918 23:55:23.541682 1676466 PhysicsAttributesManager.cpp:27] File (./data/default.physics_config.json) not found, so new default physics manager attributes created and registered.
I0918 23:55:23.541684 1676466 AbstractObjectAttributesManagerBase.h:175] AbstractObjectAttributesManager<T>::createObject  (Stage) : Making attributes with handle : /mnt/data_nas/deeprobotics/daiyang/vla/third_party/ETP-R1/data/scene_datasets/mp3d/82sE5b5pLXE/82sE5b5pLXE.glb
I0918 23:55:23.541689 1676466 ManagedContainerBase.cpp:19] ManagedContainerBase::convertFilenameToJSON : Filename : /mnt/data_nas/deeprobotics/daiyang/vla/third_party/ETP-R1/data/scene_datasets/mp3d/82sE5b5pLXE/82sE5b5pLXE.glb changed to proposed JSON configuration filename : /mnt/data_nas/deeprobotics/daiyang/vla/third_party/ETP-R1/data/scene_datasets/mp3d/82sE5b5pLXE/82sE5b5pLXE.stage_config.json
I0918 23:55:23.541704 1676466 AttributesManagerBase.h:283] AttributesManager<T>::createFromJsonOrDefaultInternal  (Stage) : Proposing JSON name : /mnt/data_nas/deeprobotics/daiyang/vla/third_party/ETP-R1/data/scene_datasets/mp3d/82sE5b5pLXE/82sE5b5pLXE.stage_config.json from original name : /mnt/data_nas/deeprobotics/daiyang/vla/third_party/ETP-R1/data/scene_datasets/mp3d/82sE5b5pLXE/82sE5b5pLXE.glb | This file  does not exist.
I0918 23:55:23.541754 1676466 AbstractObjectAttributesManagerBase.h:181] AbstractObjectAttributesManager<T>::createObject  (Stage) : Done making attributes with handle : /mnt/data_nas/deeprobotics/daiyang/vla/third_party/ETP-R1/data/scene_datasets/mp3d/82sE5b5pLXE/82sE5b5pLXE.glb
I0918 23:55:23.541755 1676466 AbstractObjectAttributesManagerBase.h:188] File (/mnt/data_nas/deeprobotics/daiyang/vla/third_party/ETP-R1/data/scene_datasets/mp3d/82sE5b5pLXE/82sE5b5pLXE.glb) exists but is not a recognized config filename extension, so new default Stage attributes created and registered.
I0918 23:55:23.541764 1676466 Simulator.cpp:156] Loading navmesh from /mnt/data_nas/deeprobotics/daiyang/vla/third_party/ETP-R1/data/scene_datasets/mp3d/82sE5b5pLXE/82sE5b5pLXE.navmesh
I0918 23:55:23.542500 1676466 Simulator.cpp:158] Loaded.
I0918 23:55:23.542521 1676466 SceneGraph.h:93] Created DrawableGroup: 
Renderer: NVIDIA GeForce RTX 5090/PCIe/SSE2 by NVIDIA Corporation
OpenGL version: 4.6.0 NVIDIA 580.126.09
Using optional features:
    GL_ARB_ES2_compatibility
    GL_ARB_direct_state_access
    GL_ARB_get_texture_sub_image
    GL_ARB_invalidate_subdata
    GL_ARB_multi_bind
    GL_ARB_robustness
    GL_ARB_separate_shader_objects
    GL_ARB_texture_filter_anisotropic
    GL_ARB_texture_storage
    GL_ARB_texture_storage_multisample
    GL_ARB_vertex_array_object
    GL_KHR_debug
Using driver workarounds:
    no-forward-compatible-core-context
    nv-egl-incorrect-gl11-function-pointers
    no-layout-qualifiers-on-old-glsl
    nv-zero-context-profile-mask
    nv-implementation-color-read-format-dsa-broken
    nv-cubemap-inconsistent-compressed-image-size
    nv-cubemap-broken-full-compressed-image-query
    nv-compressed-block-size-in-bits
I0918 23:55:23.881757 1676466 ResourceManager.cpp:234] ResourceManager::loadStage : Not loading semantic mesh
I0918 23:55:23.881770 1676466 ResourceManager.cpp:262] ResourceManager::loadStage : start load render asset /mnt/data_nas/deeprobotics/daiyang/vla/third_party/ETP-R1/data/scene_datasets/mp3d/82sE5b5pLXE/82sE5b5pLXE.glb.
I0918 23:55:23.881773 1676466 ResourceManager.cpp:569] ResourceManager::loadStageInternal : Attempting to load stage /mnt/data_nas/deeprobotics/daiyang/vla/third_party/ETP-R1/data/scene_datasets/mp3d/82sE5b5pLXE/82sE5b5pLXE.glb 
I0918 23:55:23.881799 1676466 ResourceManager.cpp:1119] Importing Basis files as BC7 for 82sE5b5pLXE.glb
W0918 23:55:26.072010 1676466 Simulator.cpp:248] :
---
 The active scene does not contain semantic annotations. 
---
I0918 23:55:26.107374 1676466 simulator.py:213] Loaded navmesh /mnt/data_nas/deeprobotics/daiyang/vla/third_party/ETP-R1/data/scene_datasets/mp3d/82sE5b5pLXE/82sE5b5pLXE.navmesh
I0918 23:56:24.597469 1676466 PhysicsManager.cpp:33] Deconstructing PhysicsManager
I0918 23:56:24.597503 1676466 SemanticScene.h:41] Deconstructing SemanticScene
I0918 23:56:24.599188 1676466 SceneManager.h:25] Deconstructing SceneManager
I0918 23:56:24.599195 1676466 SceneGraph.h:26] Deconstructing SceneGraph
I0918 23:56:24.599403 1676466 Sensor.h:87] Deconstructing Sensor
I0918 23:56:24.602298 1676466 Renderer.cpp:34] Deconstructing Renderer
I0918 23:56:24.602321 1676466 WindowlessContext.h:17] Deconstructing WindowlessContext
I0918 23:56:24.612149 1676466 ManagedContainerBase.cpp:19] ManagedContainerBase::convertFilenameToJSON : Filename : default changed to proposed JSON configuration filename : default.scene_dataset_config.json
I0918 23:56:24.612167 1676466 AttributesManagerBase.h:283] AttributesManager<T>::createFromJsonOrDefaultInternal  (Dataset) : Proposing JSON name : default.scene_dataset_config.json from original name : default | This file  does not exist.
I0918 23:56:24.612263 1676466 AssetAttributesManager.cpp:117] Asset attributes (capsule3DSolid : capsule3DSolid_hemiRings_4_cylRings_1_segments_12_halfLen_0.75_useTexCoords_false_useTangents_false) created and registered.
I0918 23:56:24.612301 1676466 AssetAttributesManager.cpp:117] Asset attributes (capsule3DWireframe : capsule3DWireframe_hemiRings_8_cylRings_1_segments_16_halfLen_1) created and registered.
I0918 23:56:24.612324 1676466 AssetAttributesManager.cpp:117] Asset attributes (coneSolid : coneSolid_segments_12_halfLen_1.25_rings_1_useTexCoords_false_useTangents_false_capEnd_true) created and registered.
I0918 23:56:24.612339 1676466 AssetAttributesManager.cpp:117] Asset attributes (coneWireframe : coneWireframe_segments_32_halfLen_1.25) created and registered.
I0918 23:56:24.612347 1676466 AssetAttributesManager.cpp:117] Asset attributes (cubeSolid : cubeSolid) created and registered.
I0918 23:56:24.612354 1676466 AssetAttributesManager.cpp:117] Asset attributes (cubeWireframe : cubeWireframe) created and registered.
I0918 23:56:24.612373 1676466 AssetAttributesManager.cpp:117] Asset attributes (cylinderSolid : cylinderSolid_rings_1_segments_12_halfLen_1_useTexCoords_false_useTangents_false_capEnds_true) created and registered.
I0918 23:56:24.612391 1676466 AssetAttributesManager.cpp:117] Asset attributes (cylinderWireframe : cylinderWireframe_rings_1_segments_32_halfLen_1) created and registered.
I0918 23:56:24.612402 1676466 AssetAttributesManager.cpp:117] Asset attributes (icosphereSolid : icosphereSolid_subdivs_1) created and registered.
I0918 23:56:24.612411 1676466 AssetAttributesManager.cpp:117] Asset attributes (icosphereWireframe : icosphereWireframe_subdivs_1) created and registered.
I0918 23:56:24.612425 1676466 AssetAttributesManager.cpp:117] Asset attributes (uvSphereSolid : uvSphereSolid_rings_8_segments_16_useTexCoords_false_useTangents_false) created and registered.
I0918 23:56:24.612438 1676466 AssetAttributesManager.cpp:117] Asset attributes (uvSphereWireframe : uvSphereWireframe_rings_16_segments_32) created and registered.
I0918 23:56:24.612445 1676466 AssetAttributesManager.cpp:105] AssetAttributesManager::buildCtorFuncPtrMaps : Built default primitive asset templates : 12
I0918 23:56:24.612851 1676466 SceneDatasetAttributesManager.cpp:23] File (default) not found, so new default dataset attributes created and registered.
I0918 23:56:24.612854 1676466 MetadataMediator.cpp:47] MetadataMediator::createDataset : Dataset default successfully created.
I0918 23:56:24.613911 1676466 AttributesManagerBase.h:283] AttributesManager<T>::createFromJsonOrDefaultInternal  (Physics Manager) : Proposing JSON name : ./data/default.physics_config.json from original name : ./data/default.physics_config.json | This file  does not exist.
I0918 23:56:24.613925 1676466 PhysicsAttributesManager.cpp:27] File (./data/default.physics_config.json) not found, so new default physics manager attributes created and registered.
I0918 23:56:24.613929 1676466 AbstractObjectAttributesManagerBase.h:175] AbstractObjectAttributesManager<T>::createObject  (Stage) : Making attributes with handle : /mnt/data_nas/deeprobotics/daiyang/vla/third_party/ETP-R1/data/scene_datasets/mp3d/B6ByNegPMKs/B6ByNegPMKs.glb
I0918 23:56:24.613933 1676466 ManagedContainerBase.cpp:19] ManagedContainerBase::convertFilenameToJSON : Filename : /mnt/data_nas/deeprobotics/daiyang/vla/third_party/ETP-R1/data/scene_datasets/mp3d/B6ByNegPMKs/B6ByNegPMKs.glb changed to proposed JSON configuration filename : /mnt/data_nas/deeprobotics/daiyang/vla/third_party/ETP-R1/data/scene_datasets/mp3d/B6ByNegPMKs/B6ByNegPMKs.stage_config.json
I0918 23:56:24.617939 1676466 AttributesManagerBase.h:283] AttributesManager<T>::createFromJsonOrDefaultInternal  (Stage) : Proposing JSON name : /mnt/data_nas/deeprobotics/daiyang/vla/third_party/ETP-R1/data/scene_datasets/mp3d/B6ByNegPMKs/B6ByNegPMKs.stage_config.json from original name : /mnt/data_nas/deeprobotics/daiyang/vla/third_party/ETP-R1/data/scene_datasets/mp3d/B6ByNegPMKs/B6ByNegPMKs.glb | This file  does not exist.
I0918 23:56:24.617990 1676466 AbstractObjectAttributesManagerBase.h:181] AbstractObjectAttributesManager<T>::createObject  (Stage) : Done making attributes with handle : /mnt/data_nas/deeprobotics/daiyang/vla/third_party/ETP-R1/data/scene_datasets/mp3d/B6ByNegPMKs/B6ByNegPMKs.glb
I0918 23:56:24.617992 1676466 AbstractObjectAttributesManagerBase.h:188] File (/mnt/data_nas/deeprobotics/daiyang/vla/third_party/ETP-R1/data/scene_datasets/mp3d/B6ByNegPMKs/B6ByNegPMKs.glb) exists but is not a recognized config filename extension, so new default Stage attributes created and registered.
I0918 23:56:24.617997 1676466 Simulator.cpp:156] Loading navmesh from /mnt/data_nas/deeprobotics/daiyang/vla/third_party/ETP-R1/data/scene_datasets/mp3d/B6ByNegPMKs/B6ByNegPMKs.navmesh
I0918 23:56:24.619330 1676466 Simulator.cpp:158] Loaded.
I0918 23:56:24.619339 1676466 SceneGraph.h:93] Created DrawableGroup: 
Renderer: NVIDIA GeForce RTX 5090/PCIe/SSE2 by NVIDIA Corporation
OpenGL version: 4.6.0 NVIDIA 580.126.09
Using optional features:
    GL_ARB_ES2_compatibility
    GL_ARB_direct_state_access
    GL_ARB_get_texture_sub_image
    GL_ARB_invalidate_subdata
    GL_ARB_multi_bind
    GL_ARB_robustness
    GL_ARB_separate_shader_objects
    GL_ARB_texture_filter_anisotropic
    GL_ARB_texture_storage
    GL_ARB_texture_storage_multisample
    GL_ARB_vertex_array_object
    GL_KHR_debug
Using driver workarounds:
    no-forward-compatible-core-context
    nv-egl-incorrect-gl11-function-pointers
    no-layout-qualifiers-on-old-glsl
    nv-zero-context-profile-mask
    nv-implementation-color-read-format-dsa-broken
    nv-cubemap-inconsistent-compressed-image-size
    nv-cubemap-broken-full-compressed-image-query
    nv-compressed-block-size-in-bits
I0918 23:56:24.622772 1676466 ResourceManager.cpp:234] ResourceManager::loadStage : Not loading semantic mesh
I0918 23:56:24.622781 1676466 ResourceManager.cpp:262] ResourceManager::loadStage : start load render asset /mnt/data_nas/deeprobotics/daiyang/vla/third_party/ETP-R1/data/scene_datasets/mp3d/B6ByNegPMKs/B6ByNegPMKs.glb.
I0918 23:56:24.622783 1676466 ResourceManager.cpp:569] ResourceManager::loadStageInternal : Attempting to load stage /mnt/data_nas/deeprobotics/daiyang/vla/third_party/ETP-R1/data/scene_datasets/mp3d/B6ByNegPMKs/B6ByNegPMKs.glb 
I0918 23:56:24.622800 1676466 ResourceManager.cpp:1119] Importing Basis files as BC7 for B6ByNegPMKs.glb
W0918 23:56:34.187855 1676466 Simulator.cpp:248] :
---
 The active scene does not contain semantic annotations. 
---
I0918 23:56:34.384298 1676466 simulator.py:213] Loaded navmesh /mnt/data_nas/deeprobotics/daiyang/vla/third_party/ETP-R1/data/scene_datasets/mp3d/B6ByNegPMKs/B6ByNegPMKs.navmesh
I0918 23:58:47.938073 1676466 PhysicsManager.cpp:33] Deconstructing PhysicsManager
I0918 23:58:47.938117 1676466 SemanticScene.h:41] Deconstructing SemanticScene
I0918 23:58:47.954380 1676466 SceneManager.h:25] Deconstructing SceneManager
I0918 23:58:47.954393 1676466 SceneGraph.h:26] Deconstructing SceneGraph
I0918 23:58:47.954828 1676466 Sensor.h:87] Deconstructing Sensor
I0918 23:58:47.968833 1676466 Renderer.cpp:34] Deconstructing Renderer
I0918 23:58:47.968863 1676466 WindowlessContext.h:17] Deconstructing WindowlessContext
I0918 23:58:47.992748 1676466 ManagedContainerBase.cpp:19] ManagedContainerBase::convertFilenameToJSON : Filename : default changed to proposed JSON configuration filename : default.scene_dataset_config.json
I0918 23:58:47.992774 1676466 AttributesManagerBase.h:283] AttributesManager<T>::createFromJsonOrDefaultInternal  (Dataset) : Proposing JSON name : default.scene_dataset_config.json from original name : default | This file  does not exist.
I0918 23:58:47.992921 1676466 AssetAttributesManager.cpp:117] Asset attributes (capsule3DSolid : capsule3DSolid_hemiRings_4_cylRings_1_segments_12_halfLen_0.75_useTexCoords_false_useTangents_false) created and registered.
I0918 23:58:47.992949 1676466 AssetAttributesManager.cpp:117] Asset attributes (capsule3DWireframe : capsule3DWireframe_hemiRings_8_cylRings_1_segments_16_halfLen_1) created and registered.
I0918 23:58:47.992981 1676466 AssetAttributesManager.cpp:117] Asset attributes (coneSolid : coneSolid_segments_12_halfLen_1.25_rings_1_useTexCoords_false_useTangents_false_capEnd_true) created and registered.
I0918 23:58:47.992997 1676466 AssetAttributesManager.cpp:117] Asset attributes (coneWireframe : coneWireframe_segments_32_halfLen_1.25) created and registered.
I0918 23:58:47.993007 1676466 AssetAttributesManager.cpp:117] Asset attributes (cubeSolid : cubeSolid) created and registered.
I0918 23:58:47.993013 1676466 AssetAttributesManager.cpp:117] Asset attributes (cubeWireframe : cubeWireframe) created and registered.
I0918 23:58:47.993032 1676466 AssetAttributesManager.cpp:117] Asset attributes (cylinderSolid : cylinderSolid_rings_1_segments_12_halfLen_1_useTexCoords_false_useTangents_false_capEnds_true) created and registered.
I0918 23:58:47.993050 1676466 AssetAttributesManager.cpp:117] Asset attributes (cylinderWireframe : cylinderWireframe_rings_1_segments_32_halfLen_1) created and registered.
I0918 23:58:47.993062 1676466 AssetAttributesManager.cpp:117] Asset attributes (icosphereSolid : icosphereSolid_subdivs_1) created and registered.
I0918 23:58:47.993072 1676466 AssetAttributesManager.cpp:117] Asset attributes (icosphereWireframe : icosphereWireframe_subdivs_1) created and registered.
I0918 23:58:47.993085 1676466 AssetAttributesManager.cpp:117] Asset attributes (uvSphereSolid : uvSphereSolid_rings_8_segments_16_useTexCoords_false_useTangents_false) created and registered.
I0918 23:58:47.993098 1676466 AssetAttributesManager.cpp:117] Asset attributes (uvSphereWireframe : uvSphereWireframe_rings_16_segments_32) created and registered.
I0918 23:58:47.993104 1676466 AssetAttributesManager.cpp:105] AssetAttributesManager::buildCtorFuncPtrMaps : Built default primitive asset templates : 12
I0918 23:58:47.993543 1676466 SceneDatasetAttributesManager.cpp:23] File (default) not found, so new default dataset attributes created and registered.
I0918 23:58:47.993546 1676466 MetadataMediator.cpp:47] MetadataMediator::createDataset : Dataset default successfully created.
I0918 23:58:47.993780 1676466 AttributesManagerBase.h:283] AttributesManager<T>::createFromJsonOrDefaultInternal  (Physics Manager) : Proposing JSON name : ./data/default.physics_config.json from original name : ./data/default.physics_config.json | This file  does not exist.
I0918 23:58:47.993793 1676466 PhysicsAttributesManager.cpp:27] File (./data/default.physics_config.json) not found, so new default physics manager attributes created and registered.
I0918 23:58:47.993796 1676466 AbstractObjectAttributesManagerBase.h:175] AbstractObjectAttributesManager<T>::createObject  (Stage) : Making attributes with handle : /mnt/data_nas/deeprobotics/daiyang/vla/third_party/ETP-R1/data/scene_datasets/mp3d/PuKPg4mmafe/PuKPg4mmafe.glb
I0918 23:58:47.993801 1676466 ManagedContainerBase.cpp:19] ManagedContainerBase::convertFilenameToJSON : Filename : /mnt/data_nas/deeprobotics/daiyang/vla/third_party/ETP-R1/data/scene_datasets/mp3d/PuKPg4mmafe/PuKPg4mmafe.glb changed to proposed JSON configuration filename : /mnt/data_nas/deeprobotics/daiyang/vla/third_party/ETP-R1/data/scene_datasets/mp3d/PuKPg4mmafe/PuKPg4mmafe.stage_config.json
I0918 23:58:47.993813 1676466 AttributesManagerBase.h:283] AttributesManager<T>::createFromJsonOrDefaultInternal  (Stage) : Proposing JSON name : /mnt/data_nas/deeprobotics/daiyang/vla/third_party/ETP-R1/data/scene_datasets/mp3d/PuKPg4mmafe/PuKPg4mmafe.stage_config.json from original name : /mnt/data_nas/deeprobotics/daiyang/vla/third_party/ETP-R1/data/scene_datasets/mp3d/PuKPg4mmafe/PuKPg4mmafe.glb | This file  does not exist.
I0918 23:58:47.993861 1676466 AbstractObjectAttributesManagerBase.h:181] AbstractObjectAttributesManager<T>::createObject  (Stage) : Done making attributes with handle : /mnt/data_nas/deeprobotics/daiyang/vla/third_party/ETP-R1/data/scene_datasets/mp3d/PuKPg4mmafe/PuKPg4mmafe.glb
I0918 23:58:47.993863 1676466 AbstractObjectAttributesManagerBase.h:188] File (/mnt/data_nas/deeprobotics/daiyang/vla/third_party/ETP-R1/data/scene_datasets/mp3d/PuKPg4mmafe/PuKPg4mmafe.glb) exists but is not a recognized config filename extension, so new default Stage attributes created and registered.
I0918 23:58:47.993871 1676466 Simulator.cpp:156] Loading navmesh from /mnt/data_nas/deeprobotics/daiyang/vla/third_party/ETP-R1/data/scene_datasets/mp3d/PuKPg4mmafe/PuKPg4mmafe.navmesh
I0918 23:58:47.994814 1676466 Simulator.cpp:158] Loaded.
I0918 23:58:47.994824 1676466 SceneGraph.h:93] Created DrawableGroup: 
Renderer: NVIDIA GeForce RTX 5090/PCIe/SSE2 by NVIDIA Corporation
OpenGL version: 4.6.0 NVIDIA 580.126.09
Using optional features:
    GL_ARB_ES2_compatibility
    GL_ARB_direct_state_access
    GL_ARB_get_texture_sub_image
    GL_ARB_invalidate_subdata
    GL_ARB_multi_bind
    GL_ARB_robustness
    GL_ARB_separate_shader_objects
    GL_ARB_texture_filter_anisotropic
    GL_ARB_texture_storage
    GL_ARB_texture_storage_multisample
    GL_ARB_vertex_array_object
    GL_KHR_debug
Using driver workarounds:
    no-forward-compatible-core-context
    nv-egl-incorrect-gl11-function-pointers
    no-layout-qualifiers-on-old-glsl
    nv-zero-context-profile-mask
    nv-implementation-color-read-format-dsa-broken
    nv-cubemap-inconsistent-compressed-image-size
    nv-cubemap-broken-full-compressed-image-query
    nv-compressed-block-size-in-bits
I0918 23:58:47.998476 1676466 ResourceManager.cpp:234] ResourceManager::loadStage : Not loading semantic mesh
I0918 23:58:47.998485 1676466 ResourceManager.cpp:262] ResourceManager::loadStage : start load render asset /mnt/data_nas/deeprobotics/daiyang/vla/third_party/ETP-R1/data/scene_datasets/mp3d/PuKPg4mmafe/PuKPg4mmafe.glb.
I0918 23:58:47.998487 1676466 ResourceManager.cpp:569] ResourceManager::loadStageInternal : Attempting to load stage /mnt/data_nas/deeprobotics/daiyang/vla/third_party/ETP-R1/data/scene_datasets/mp3d/PuKPg4mmafe/PuKPg4mmafe.glb 
I0918 23:58:47.998504 1676466 ResourceManager.cpp:1119] Importing Basis files as BC7 for PuKPg4mmafe.glb
W0918 23:58:52.747977 1676466 Simulator.cpp:248] :
---
 The active scene does not contain semantic annotations. 
---
I0918 23:58:52.768548 1676466 simulator.py:213] Loaded navmesh /mnt/data_nas/deeprobotics/daiyang/vla/third_party/ETP-R1/data/scene_datasets/mp3d/PuKPg4mmafe/PuKPg4mmafe.navmesh
I0918 23:59:46.097304 1676466 PhysicsManager.cpp:33] Deconstructing PhysicsManager
I0918 23:59:46.097352 1676466 SemanticScene.h:41] Deconstructing SemanticScene
I0918 23:59:46.098112 1676466 SceneManager.h:25] Deconstructing SceneManager
I0918 23:59:46.098119 1676466 SceneGraph.h:26] Deconstructing SceneGraph
I0918 23:59:46.098331 1676466 Sensor.h:87] Deconstructing Sensor
I0918 23:59:46.102648 1676466 Renderer.cpp:34] Deconstructing Renderer
I0918 23:59:46.102671 1676466 WindowlessContext.h:17] Deconstructing WindowlessContext
I0918 23:59:46.114570 1676466 ManagedContainerBase.cpp:19] ManagedContainerBase::convertFilenameToJSON : Filename : default changed to proposed JSON configuration filename : default.scene_dataset_config.json
I0918 23:59:46.114588 1676466 AttributesManagerBase.h:283] AttributesManager<T>::createFromJsonOrDefaultInternal  (Dataset) : Proposing JSON name : default.scene_dataset_config.json from original name : default | This file  does not exist.
I0918 23:59:46.114688 1676466 AssetAttributesManager.cpp:117] Asset attributes (capsule3DSolid : capsule3DSolid_hemiRings_4_cylRings_1_segments_12_halfLen_0.75_useTexCoords_false_useTangents_false) created and registered.
I0918 23:59:46.114714 1676466 AssetAttributesManager.cpp:117] Asset attributes (capsule3DWireframe : capsule3DWireframe_hemiRings_8_cylRings_1_segments_16_halfLen_1) created and registered.
I0918 23:59:46.114738 1676466 AssetAttributesManager.cpp:117] Asset attributes (coneSolid : coneSolid_segments_12_halfLen_1.25_rings_1_useTexCoords_false_useTangents_false_capEnd_true) created and registered.
I0918 23:59:46.114754 1676466 AssetAttributesManager.cpp:117] Asset attributes (coneWireframe : coneWireframe_segments_32_halfLen_1.25) created and registered.
I0918 23:59:46.114768 1676466 AssetAttributesManager.cpp:117] Asset attributes (cubeSolid : cubeSolid) created and registered.
I0918 23:59:46.114774 1676466 AssetAttributesManager.cpp:117] Asset attributes (cubeWireframe : cubeWireframe) created and registered.
I0918 23:59:46.114795 1676466 AssetAttributesManager.cpp:117] Asset attributes (cylinderSolid : cylinderSolid_rings_1_segments_12_halfLen_1_useTexCoords_false_useTangents_false_capEnds_true) created and registered.
I0918 23:59:46.114811 1676466 AssetAttributesManager.cpp:117] Asset attributes (cylinderWireframe : cylinderWireframe_rings_1_segments_32_halfLen_1) created and registered.
I0918 23:59:46.114822 1676466 AssetAttributesManager.cpp:117] Asset attributes (icosphereSolid : icosphereSolid_subdivs_1) created and registered.
I0918 23:59:46.114831 1676466 AssetAttributesManager.cpp:117] Asset attributes (icosphereWireframe : icosphereWireframe_subdivs_1) created and registered.
I0918 23:59:46.114845 1676466 AssetAttributesManager.cpp:117] Asset attributes (uvSphereSolid : uvSphereSolid_rings_8_segments_16_useTexCoords_false_useTangents_false) created and registered.
I0918 23:59:46.114858 1676466 AssetAttributesManager.cpp:117] Asset attributes (uvSphereWireframe : uvSphereWireframe_rings_16_segments_32) created and registered.
I0918 23:59:46.114864 1676466 AssetAttributesManager.cpp:105] AssetAttributesManager::buildCtorFuncPtrMaps : Built default primitive asset templates : 12
I0918 23:59:46.115265 1676466 SceneDatasetAttributesManager.cpp:23] File (default) not found, so new default dataset attributes created and registered.
I0918 23:59:46.115273 1676466 MetadataMediator.cpp:47] MetadataMediator::createDataset : Dataset default successfully created.
I0918 23:59:46.115465 1676466 AttributesManagerBase.h:283] AttributesManager<T>::createFromJsonOrDefaultInternal  (Physics Manager) : Proposing JSON name : ./data/default.physics_config.json from original name : ./data/default.physics_config.json | This file  does not exist.
I0918 23:59:46.115478 1676466 PhysicsAttributesManager.cpp:27] File (./data/default.physics_config.json) not found, so new default physics manager attributes created and registered.
I0918 23:59:46.115481 1676466 AbstractObjectAttributesManagerBase.h:175] AbstractObjectAttributesManager<T>::createObject  (Stage) : Making attributes with handle : /mnt/data_nas/deeprobotics/daiyang/vla/third_party/ETP-R1/data/scene_datasets/mp3d/XcA2TqTSSAj/XcA2TqTSSAj.glb
I0918 23:59:46.115486 1676466 ManagedContainerBase.cpp:19] ManagedContainerBase::convertFilenameToJSON : Filename : /mnt/data_nas/deeprobotics/daiyang/vla/third_party/ETP-R1/data/scene_datasets/mp3d/XcA2TqTSSAj/XcA2TqTSSAj.glb changed to proposed JSON configuration filename : /mnt/data_nas/deeprobotics/daiyang/vla/third_party/ETP-R1/data/scene_datasets/mp3d/XcA2TqTSSAj/XcA2TqTSSAj.stage_config.json
I0918 23:59:46.115495 1676466 AttributesManagerBase.h:283] AttributesManager<T>::createFromJsonOrDefaultInternal  (Stage) : Proposing JSON name : /mnt/data_nas/deeprobotics/daiyang/vla/third_party/ETP-R1/data/scene_datasets/mp3d/XcA2TqTSSAj/XcA2TqTSSAj.stage_config.json from original name : /mnt/data_nas/deeprobotics/daiyang/vla/third_party/ETP-R1/data/scene_datasets/mp3d/XcA2TqTSSAj/XcA2TqTSSAj.glb | This file  does not exist.
I0918 23:59:46.115542 1676466 AbstractObjectAttributesManagerBase.h:181] AbstractObjectAttributesManager<T>::createObject  (Stage) : Done making attributes with handle : /mnt/data_nas/deeprobotics/daiyang/vla/third_party/ETP-R1/data/scene_datasets/mp3d/XcA2TqTSSAj/XcA2TqTSSAj.glb
I0918 23:59:46.115545 1676466 AbstractObjectAttributesManagerBase.h:188] File (/mnt/data_nas/deeprobotics/daiyang/vla/third_party/ETP-R1/data/scene_datasets/mp3d/XcA2TqTSSAj/XcA2TqTSSAj.glb) exists but is not a recognized config filename extension, so new default Stage attributes created and registered.
I0918 23:59:46.115549 1676466 Simulator.cpp:156] Loading navmesh from /mnt/data_nas/deeprobotics/daiyang/vla/third_party/ETP-R1/data/scene_datasets/mp3d/XcA2TqTSSAj/XcA2TqTSSAj.navmesh
I0918 23:59:46.116617 1676466 Simulator.cpp:158] Loaded.
I0918 23:59:46.116626 1676466 SceneGraph.h:93] Created DrawableGroup: 
Renderer: NVIDIA GeForce RTX 5090/PCIe/SSE2 by NVIDIA Corporation
OpenGL version: 4.6.0 NVIDIA 580.126.09
Using optional features:
    GL_ARB_ES2_compatibility
    GL_ARB_direct_state_access
    GL_ARB_get_texture_sub_image
    GL_ARB_invalidate_subdata
    GL_ARB_multi_bind
    GL_ARB_robustness
    GL_ARB_separate_shader_objects
    GL_ARB_texture_filter_anisotropic
    GL_ARB_texture_storage
    GL_ARB_texture_storage_multisample
    GL_ARB_vertex_array_object
    GL_KHR_debug
Using driver workarounds:
    no-forward-compatible-core-context
    nv-egl-incorrect-gl11-function-pointers
    no-layout-qualifiers-on-old-glsl
    nv-zero-context-profile-mask
    nv-implementation-color-read-format-dsa-broken
    nv-cubemap-inconsistent-compressed-image-size
    nv-cubemap-broken-full-compressed-image-query
    nv-compressed-block-size-in-bits
I0918 23:59:46.120282 1676466 ResourceManager.cpp:234] ResourceManager::loadStage : Not loading semantic mesh
I0918 23:59:46.120290 1676466 ResourceManager.cpp:262] ResourceManager::loadStage : start load render asset /mnt/data_nas/deeprobotics/daiyang/vla/third_party/ETP-R1/data/scene_datasets/mp3d/XcA2TqTSSAj/XcA2TqTSSAj.glb.
I0918 23:59:46.120293 1676466 ResourceManager.cpp:569] ResourceManager::loadStageInternal : Attempting to load stage /mnt/data_nas/deeprobotics/daiyang/vla/third_party/ETP-R1/data/scene_datasets/mp3d/XcA2TqTSSAj/XcA2TqTSSAj.glb 
I0918 23:59:46.120309 1676466 ResourceManager.cpp:1119] Importing Basis files as BC7 for XcA2TqTSSAj.glb
W0918 23:59:48.096411 1676466 Simulator.cpp:248] :
---
 The active scene does not contain semantic annotations. 
---
I0918 23:59:48.144392 1676466 simulator.py:213] Loaded navmesh /mnt/data_nas/deeprobotics/daiyang/vla/third_party/ETP-R1/data/scene_datasets/mp3d/XcA2TqTSSAj/XcA2TqTSSAj.navmesh
I0919 00:02:53.031147 1676466 PhysicsManager.cpp:33] Deconstructing PhysicsManager
I0919 00:02:53.031196 1676466 SemanticScene.h:41] Deconstructing SemanticScene
I0919 00:02:53.033612 1676466 SceneManager.h:25] Deconstructing SceneManager
I0919 00:02:53.033620 1676466 SceneGraph.h:26] Deconstructing SceneGraph
I0919 00:02:53.034183 1676466 Sensor.h:87] Deconstructing Sensor
I0919 00:02:53.037217 1676466 Renderer.cpp:34] Deconstructing Renderer
I0919 00:02:53.037238 1676466 WindowlessContext.h:17] Deconstructing WindowlessContext
I0919 00:02:53.043900 1676466 ManagedContainerBase.cpp:19] ManagedContainerBase::convertFilenameToJSON : Filename : default changed to proposed JSON configuration filename : default.scene_dataset_config.json
I0919 00:02:53.043917 1676466 AttributesManagerBase.h:283] AttributesManager<T>::createFromJsonOrDefaultInternal  (Dataset) : Proposing JSON name : default.scene_dataset_config.json from original name : default | This file  does not exist.
I0919 00:02:53.044013 1676466 AssetAttributesManager.cpp:117] Asset attributes (capsule3DSolid : capsule3DSolid_hemiRings_4_cylRings_1_segments_12_halfLen_0.75_useTexCoords_false_useTangents_false) created and registered.
I0919 00:02:53.044039 1676466 AssetAttributesManager.cpp:117] Asset attributes (capsule3DWireframe : capsule3DWireframe_hemiRings_8_cylRings_1_segments_16_halfLen_1) created and registered.
I0919 00:02:53.044061 1676466 AssetAttributesManager.cpp:117] Asset attributes (coneSolid : coneSolid_segments_12_halfLen_1.25_rings_1_useTexCoords_false_useTangents_false_capEnd_true) created and registered.
I0919 00:02:53.044075 1676466 AssetAttributesManager.cpp:117] Asset attributes (coneWireframe : coneWireframe_segments_32_halfLen_1.25) created and registered.
I0919 00:02:53.044085 1676466 AssetAttributesManager.cpp:117] Asset attributes (cubeSolid : cubeSolid) created and registered.
I0919 00:02:53.044090 1676466 AssetAttributesManager.cpp:117] Asset attributes (cubeWireframe : cubeWireframe) created and registered.
I0919 00:02:53.044111 1676466 AssetAttributesManager.cpp:117] Asset attributes (cylinderSolid : cylinderSolid_rings_1_segments_12_halfLen_1_useTexCoords_false_useTangents_false_capEnds_true) created and registered.
I0919 00:02:53.044133 1676466 AssetAttributesManager.cpp:117] Asset attributes (cylinderWireframe : cylinderWireframe_rings_1_segments_32_halfLen_1) created and registered.
I0919 00:02:53.044143 1676466 AssetAttributesManager.cpp:117] Asset attributes (icosphereSolid : icosphereSolid_subdivs_1) created and registered.
I0919 00:02:53.044152 1676466 AssetAttributesManager.cpp:117] Asset attributes (icosphereWireframe : icosphereWireframe_subdivs_1) created and registered.
I0919 00:02:53.044166 1676466 AssetAttributesManager.cpp:117] Asset attributes (uvSphereSolid : uvSphereSolid_rings_8_segments_16_useTexCoords_false_useTangents_false) created and registered.
I0919 00:02:53.044179 1676466 AssetAttributesManager.cpp:117] Asset attributes (uvSphereWireframe : uvSphereWireframe_rings_16_segments_32) created and registered.
I0919 00:02:53.044185 1676466 AssetAttributesManager.cpp:105] AssetAttributesManager::buildCtorFuncPtrMaps : Built default primitive asset templates : 12
I0919 00:02:53.044586 1676466 SceneDatasetAttributesManager.cpp:23] File (default) not found, so new default dataset attributes created and registered.
I0919 00:02:53.044588 1676466 MetadataMediator.cpp:47] MetadataMediator::createDataset : Dataset default successfully created.
I0919 00:02:53.044781 1676466 AttributesManagerBase.h:283] AttributesManager<T>::createFromJsonOrDefaultInternal  (Physics Manager) : Proposing JSON name : ./data/default.physics_config.json from original name : ./data/default.physics_config.json | This file  does not exist.
I0919 00:02:53.044795 1676466 PhysicsAttributesManager.cpp:27] File (./data/default.physics_config.json) not found, so new default physics manager attributes created and registered.
I0919 00:02:53.044797 1676466 AbstractObjectAttributesManagerBase.h:175] AbstractObjectAttributesManager<T>::createObject  (Stage) : Making attributes with handle : /mnt/data_nas/deeprobotics/daiyang/vla/third_party/ETP-R1/data/scene_datasets/mp3d/aayBHfsNo7d/aayBHfsNo7d.glb
I0919 00:02:53.044801 1676466 ManagedContainerBase.cpp:19] ManagedContainerBase::convertFilenameToJSON : Filename : /mnt/data_nas/deeprobotics/daiyang/vla/third_party/ETP-R1/data/scene_datasets/mp3d/aayBHfsNo7d/aayBHfsNo7d.glb changed to proposed JSON configuration filename : /mnt/data_nas/deeprobotics/daiyang/vla/third_party/ETP-R1/data/scene_datasets/mp3d/aayBHfsNo7d/aayBHfsNo7d.stage_config.json
I0919 00:02:53.044813 1676466 AttributesManagerBase.h:283] AttributesManager<T>::createFromJsonOrDefaultInternal  (Stage) : Proposing JSON name : /mnt/data_nas/deeprobotics/daiyang/vla/third_party/ETP-R1/data/scene_datasets/mp3d/aayBHfsNo7d/aayBHfsNo7d.stage_config.json from original name : /mnt/data_nas/deeprobotics/daiyang/vla/third_party/ETP-R1/data/scene_datasets/mp3d/aayBHfsNo7d/aayBHfsNo7d.glb | This file  does not exist.
I0919 00:02:53.044857 1676466 AbstractObjectAttributesManagerBase.h:181] AbstractObjectAttributesManager<T>::createObject  (Stage) : Done making attributes with handle : /mnt/data_nas/deeprobotics/daiyang/vla/third_party/ETP-R1/data/scene_datasets/mp3d/aayBHfsNo7d/aayBHfsNo7d.glb
I0919 00:02:53.044859 1676466 AbstractObjectAttributesManagerBase.h:188] File (/mnt/data_nas/deeprobotics/daiyang/vla/third_party/ETP-R1/data/scene_datasets/mp3d/aayBHfsNo7d/aayBHfsNo7d.glb) exists but is not a recognized config filename extension, so new default Stage attributes created and registered.
I0919 00:02:53.044864 1676466 Simulator.cpp:156] Loading navmesh from /mnt/data_nas/deeprobotics/daiyang/vla/third_party/ETP-R1/data/scene_datasets/mp3d/aayBHfsNo7d/aayBHfsNo7d.navmesh
I0919 00:02:53.046825 1676466 Simulator.cpp:158] Loaded.
I0919 00:02:53.046832 1676466 SceneGraph.h:93] Created DrawableGroup: 
Renderer: NVIDIA GeForce RTX 5090/PCIe/SSE2 by NVIDIA Corporation
OpenGL version: 4.6.0 NVIDIA 580.126.09
Using optional features:
    GL_ARB_ES2_compatibility
    GL_ARB_direct_state_access
    GL_ARB_get_texture_sub_image
    GL_ARB_invalidate_subdata
    GL_ARB_multi_bind
    GL_ARB_robustness
    GL_ARB_separate_shader_objects
    GL_ARB_texture_filter_anisotropic
    GL_ARB_texture_storage
    GL_ARB_texture_storage_multisample
    GL_ARB_vertex_array_object
    GL_KHR_debug
Using driver workarounds:
    no-forward-compatible-core-context
    nv-egl-incorrect-gl11-function-pointers
    no-layout-qualifiers-on-old-glsl
    nv-zero-context-profile-mask
    nv-implementation-color-read-format-dsa-broken
    nv-cubemap-inconsistent-compressed-image-size
    nv-cubemap-broken-full-compressed-image-query
    nv-compressed-block-size-in-bits
I0919 00:02:53.050310 1676466 ResourceManager.cpp:234] ResourceManager::loadStage : Not loading semantic mesh
I0919 00:02:53.050318 1676466 ResourceManager.cpp:262] ResourceManager::loadStage : start load render asset /mnt/data_nas/deeprobotics/daiyang/vla/third_party/ETP-R1/data/scene_datasets/mp3d/aayBHfsNo7d/aayBHfsNo7d.glb.
I0919 00:02:53.050321 1676466 ResourceManager.cpp:569] ResourceManager::loadStageInternal : Attempting to load stage /mnt/data_nas/deeprobotics/daiyang/vla/third_party/ETP-R1/data/scene_datasets/mp3d/aayBHfsNo7d/aayBHfsNo7d.glb 
I0919 00:02:53.050335 1676466 ResourceManager.cpp:1119] Importing Basis files as BC7 for aayBHfsNo7d.glb
W0919 00:02:54.592694 1676466 Simulator.cpp:248] :
---
 The active scene does not contain semantic annotations. 
---
I0919 00:02:54.633457 1676466 simulator.py:213] Loaded navmesh /mnt/data_nas/deeprobotics/daiyang/vla/third_party/ETP-R1/data/scene_datasets/mp3d/aayBHfsNo7d/aayBHfsNo7d.navmesh
I0919 00:03:26.121510 1676466 PhysicsManager.cpp:33] Deconstructing PhysicsManager
I0919 00:03:26.121553 1676466 SemanticScene.h:41] Deconstructing SemanticScene
I0919 00:03:26.124096 1676466 SceneManager.h:25] Deconstructing SceneManager
I0919 00:03:26.124109 1676466 SceneGraph.h:26] Deconstructing SceneGraph
I0919 00:03:26.124356 1676466 Sensor.h:87] Deconstructing Sensor
I0919 00:03:26.126801 1676466 Renderer.cpp:34] Deconstructing Renderer
I0919 00:03:26.126829 1676466 WindowlessContext.h:17] Deconstructing WindowlessContext
I0919 00:03:26.133201 1676466 ManagedContainerBase.cpp:19] ManagedContainerBase::convertFilenameToJSON : Filename : default changed to proposed JSON configuration filename : default.scene_dataset_config.json
I0919 00:03:26.133221 1676466 AttributesManagerBase.h:283] AttributesManager<T>::createFromJsonOrDefaultInternal  (Dataset) : Proposing JSON name : default.scene_dataset_config.json from original name : default | This file  does not exist.
I0919 00:03:26.133364 1676466 AssetAttributesManager.cpp:117] Asset attributes (capsule3DSolid : capsule3DSolid_hemiRings_4_cylRings_1_segments_12_halfLen_0.75_useTexCoords_false_useTangents_false) created and registered.
I0919 00:03:26.133399 1676466 AssetAttributesManager.cpp:117] Asset attributes (capsule3DWireframe : capsule3DWireframe_hemiRings_8_cylRings_1_segments_16_halfLen_1) created and registered.
I0919 00:03:26.133428 1676466 AssetAttributesManager.cpp:117] Asset attributes (coneSolid : coneSolid_segments_12_halfLen_1.25_rings_1_useTexCoords_false_useTangents_false_capEnd_true) created and registered.
I0919 00:03:26.133447 1676466 AssetAttributesManager.cpp:117] Asset attributes (coneWireframe : coneWireframe_segments_32_halfLen_1.25) created and registered.
I0919 00:03:26.133458 1676466 AssetAttributesManager.cpp:117] Asset attributes (cubeSolid : cubeSolid) created and registered.
I0919 00:03:26.133467 1676466 AssetAttributesManager.cpp:117] Asset attributes (cubeWireframe : cubeWireframe) created and registered.
I0919 00:03:26.133493 1676466 AssetAttributesManager.cpp:117] Asset attributes (cylinderSolid : cylinderSolid_rings_1_segments_12_halfLen_1_useTexCoords_false_useTangents_false_capEnds_true) created and registered.
I0919 00:03:26.133517 1676466 AssetAttributesManager.cpp:117] Asset attributes (cylinderWireframe : cylinderWireframe_rings_1_segments_32_halfLen_1) created and registered.
I0919 00:03:26.133530 1676466 AssetAttributesManager.cpp:117] Asset attributes (icosphereSolid : icosphereSolid_subdivs_1) created and registered.
I0919 00:03:26.133549 1676466 AssetAttributesManager.cpp:117] Asset attributes (icosphereWireframe : icosphereWireframe_subdivs_1) created and registered.
I0919 00:03:26.133569 1676466 AssetAttributesManager.cpp:117] Asset attributes (uvSphereSolid : uvSphereSolid_rings_8_segments_16_useTexCoords_false_useTangents_false) created and registered.
I0919 00:03:26.133584 1676466 AssetAttributesManager.cpp:117] Asset attributes (uvSphereWireframe : uvSphereWireframe_rings_16_segments_32) created and registered.
I0919 00:03:26.133591 1676466 AssetAttributesManager.cpp:105] AssetAttributesManager::buildCtorFuncPtrMaps : Built default primitive asset templates : 12
I0919 00:03:26.134140 1676466 SceneDatasetAttributesManager.cpp:23] File (default) not found, so new default dataset attributes created and registered.
I0919 00:03:26.134145 1676466 MetadataMediator.cpp:47] MetadataMediator::createDataset : Dataset default successfully created.
I0919 00:03:26.134372 1676466 AttributesManagerBase.h:283] AttributesManager<T>::createFromJsonOrDefaultInternal  (Physics Manager) : Proposing JSON name : ./data/default.physics_config.json from original name : ./data/default.physics_config.json | This file  does not exist.
I0919 00:03:26.134389 1676466 PhysicsAttributesManager.cpp:27] File (./data/default.physics_config.json) not found, so new default physics manager attributes created and registered.
I0919 00:03:26.134393 1676466 AbstractObjectAttributesManagerBase.h:175] AbstractObjectAttributesManager<T>::createObject  (Stage) : Making attributes with handle : /mnt/data_nas/deeprobotics/daiyang/vla/third_party/ETP-R1/data/scene_datasets/mp3d/82sE5b5pLXE/82sE5b5pLXE.glb
I0919 00:03:26.134399 1676466 ManagedContainerBase.cpp:19] ManagedContainerBase::convertFilenameToJSON : Filename : /mnt/data_nas/deeprobotics/daiyang/vla/third_party/ETP-R1/data/scene_datasets/mp3d/82sE5b5pLXE/82sE5b5pLXE.glb changed to proposed JSON configuration filename : /mnt/data_nas/deeprobotics/daiyang/vla/third_party/ETP-R1/data/scene_datasets/mp3d/82sE5b5pLXE/82sE5b5pLXE.stage_config.json
I0919 00:03:26.135341 1676466 AttributesManagerBase.h:283] AttributesManager<T>::createFromJsonOrDefaultInternal  (Stage) : Proposing JSON name : /mnt/data_nas/deeprobotics/daiyang/vla/third_party/ETP-R1/data/scene_datasets/mp3d/82sE5b5pLXE/82sE5b5pLXE.stage_config.json from original name : /mnt/data_nas/deeprobotics/daiyang/vla/third_party/ETP-R1/data/scene_datasets/mp3d/82sE5b5pLXE/82sE5b5pLXE.glb | This file  does not exist.
I0919 00:03:26.135422 1676466 AbstractObjectAttributesManagerBase.h:181] AbstractObjectAttributesManager<T>::createObject  (Stage) : Done making attributes with handle : /mnt/data_nas/deeprobotics/daiyang/vla/third_party/ETP-R1/data/scene_datasets/mp3d/82sE5b5pLXE/82sE5b5pLXE.glb
I0919 00:03:26.135425 1676466 AbstractObjectAttributesManagerBase.h:188] File (/mnt/data_nas/deeprobotics/daiyang/vla/third_party/ETP-R1/data/scene_datasets/mp3d/82sE5b5pLXE/82sE5b5pLXE.glb) exists but is not a recognized config filename extension, so new default Stage attributes created and registered.
I0919 00:03:26.135433 1676466 Simulator.cpp:156] Loading navmesh from /mnt/data_nas/deeprobotics/daiyang/vla/third_party/ETP-R1/data/scene_datasets/mp3d/82sE5b5pLXE/82sE5b5pLXE.navmesh
I0919 00:03:26.136471 1676466 Simulator.cpp:158] Loaded.
I0919 00:03:26.136484 1676466 SceneGraph.h:93] Created DrawableGroup: 
Renderer: NVIDIA GeForce RTX 5090/PCIe/SSE2 by NVIDIA Corporation
OpenGL version: 4.6.0 NVIDIA 580.126.09
Using optional features:
    GL_ARB_ES2_compatibility
    GL_ARB_direct_state_access
    GL_ARB_get_texture_sub_image
    GL_ARB_invalidate_subdata
    GL_ARB_multi_bind
    GL_ARB_robustness
    GL_ARB_separate_shader_objects
    GL_ARB_texture_filter_anisotropic
    GL_ARB_texture_storage
    GL_ARB_texture_storage_multisample
    GL_ARB_vertex_array_object
    GL_KHR_debug
Using driver workarounds:
    no-forward-compatible-core-context
    nv-egl-incorrect-gl11-function-pointers
    no-layout-qualifiers-on-old-glsl
    nv-zero-context-profile-mask
    nv-implementation-color-read-format-dsa-broken
    nv-cubemap-inconsistent-compressed-image-size
    nv-cubemap-broken-full-compressed-image-query
    nv-compressed-block-size-in-bits
I0919 00:03:26.140800 1676466 ResourceManager.cpp:234] ResourceManager::loadStage : Not loading semantic mesh
I0919 00:03:26.140812 1676466 ResourceManager.cpp:262] ResourceManager::loadStage : start load render asset /mnt/data_nas/deeprobotics/daiyang/vla/third_party/ETP-R1/data/scene_datasets/mp3d/82sE5b5pLXE/82sE5b5pLXE.glb.
I0919 00:03:26.140815 1676466 ResourceManager.cpp:569] ResourceManager::loadStageInternal : Attempting to load stage /mnt/data_nas/deeprobotics/daiyang/vla/third_party/ETP-R1/data/scene_datasets/mp3d/82sE5b5pLXE/82sE5b5pLXE.glb 
I0919 00:03:26.140837 1676466 ResourceManager.cpp:1119] Importing Basis files as BC7 for 82sE5b5pLXE.glb
W0919 00:03:28.185164 1676466 Simulator.cpp:248] :
---
 The active scene does not contain semantic annotations. 
---
I0919 00:03:28.221267 1676466 simulator.py:213] Loaded navmesh /mnt/data_nas/deeprobotics/daiyang/vla/third_party/ETP-R1/data/scene_datasets/mp3d/82sE5b5pLXE/82sE5b5pLXE.navmesh
I0919 00:04:14.587425 1676466 PhysicsManager.cpp:33] Deconstructing PhysicsManager
I0919 00:04:14.587458 1676466 SemanticScene.h:41] Deconstructing SemanticScene
I0919 00:04:14.588589 1676466 SceneManager.h:25] Deconstructing SceneManager
I0919 00:04:14.588596 1676466 SceneGraph.h:26] Deconstructing SceneGraph
I0919 00:04:14.588794 1676466 Sensor.h:87] Deconstructing Sensor
I0919 00:04:14.590917 1676466 Renderer.cpp:34] Deconstructing Renderer
I0919 00:04:14.590938 1676466 WindowlessContext.h:17] Deconstructing WindowlessContext
I0919 00:04:14.595881 1676466 ManagedContainerBase.cpp:19] ManagedContainerBase::convertFilenameToJSON : Filename : default changed to proposed JSON configuration filename : default.scene_dataset_config.json
I0919 00:04:14.595896 1676466 AttributesManagerBase.h:283] AttributesManager<T>::createFromJsonOrDefaultInternal  (Dataset) : Proposing JSON name : default.scene_dataset_config.json from original name : default | This file  does not exist.
I0919 00:04:14.596004 1676466 AssetAttributesManager.cpp:117] Asset attributes (capsule3DSolid : capsule3DSolid_hemiRings_4_cylRings_1_segments_12_halfLen_0.75_useTexCoords_false_useTangents_false) created and registered.
I0919 00:04:14.596031 1676466 AssetAttributesManager.cpp:117] Asset attributes (capsule3DWireframe : capsule3DWireframe_hemiRings_8_cylRings_1_segments_16_halfLen_1) created and registered.
I0919 00:04:14.596053 1676466 AssetAttributesManager.cpp:117] Asset attributes (coneSolid : coneSolid_segments_12_halfLen_1.25_rings_1_useTexCoords_false_useTangents_false_capEnd_true) created and registered.
I0919 00:04:14.596068 1676466 AssetAttributesManager.cpp:117] Asset attributes (coneWireframe : coneWireframe_segments_32_halfLen_1.25) created and registered.
I0919 00:04:14.596076 1676466 AssetAttributesManager.cpp:117] Asset attributes (cubeSolid : cubeSolid) created and registered.
I0919 00:04:14.596083 1676466 AssetAttributesManager.cpp:117] Asset attributes (cubeWireframe : cubeWireframe) created and registered.
I0919 00:04:14.596102 1676466 AssetAttributesManager.cpp:117] Asset attributes (cylinderSolid : cylinderSolid_rings_1_segments_12_halfLen_1_useTexCoords_false_useTangents_false_capEnds_true) created and registered.
I0919 00:04:14.596118 1676466 AssetAttributesManager.cpp:117] Asset attributes (cylinderWireframe : cylinderWireframe_rings_1_segments_32_halfLen_1) created and registered.
I0919 00:04:14.596129 1676466 AssetAttributesManager.cpp:117] Asset attributes (icosphereSolid : icosphereSolid_subdivs_1) created and registered.
I0919 00:04:14.596138 1676466 AssetAttributesManager.cpp:117] Asset attributes (icosphereWireframe : icosphereWireframe_subdivs_1) created and registered.
I0919 00:04:14.596153 1676466 AssetAttributesManager.cpp:117] Asset attributes (uvSphereSolid : uvSphereSolid_rings_8_segments_16_useTexCoords_false_useTangents_false) created and registered.
I0919 00:04:14.596164 1676466 AssetAttributesManager.cpp:117] Asset attributes (uvSphereWireframe : uvSphereWireframe_rings_16_segments_32) created and registered.
I0919 00:04:14.596175 1676466 AssetAttributesManager.cpp:105] AssetAttributesManager::buildCtorFuncPtrMaps : Built default primitive asset templates : 12
I0919 00:04:14.596576 1676466 SceneDatasetAttributesManager.cpp:23] File (default) not found, so new default dataset attributes created and registered.
I0919 00:04:14.596580 1676466 MetadataMediator.cpp:47] MetadataMediator::createDataset : Dataset default successfully created.
I0919 00:04:14.596757 1676466 AttributesManagerBase.h:283] AttributesManager<T>::createFromJsonOrDefaultInternal  (Physics Manager) : Proposing JSON name : ./data/default.physics_config.json from original name : ./data/default.physics_config.json | This file  does not exist.
I0919 00:04:14.596769 1676466 PhysicsAttributesManager.cpp:27] File (./data/default.physics_config.json) not found, so new default physics manager attributes created and registered.
I0919 00:04:14.596772 1676466 AbstractObjectAttributesManagerBase.h:175] AbstractObjectAttributesManager<T>::createObject  (Stage) : Making attributes with handle : /mnt/data_nas/deeprobotics/daiyang/vla/third_party/ETP-R1/data/scene_datasets/mp3d/B6ByNegPMKs/B6ByNegPMKs.glb
I0919 00:04:14.596776 1676466 ManagedContainerBase.cpp:19] ManagedContainerBase::convertFilenameToJSON : Filename : /mnt/data_nas/deeprobotics/daiyang/vla/third_party/ETP-R1/data/scene_datasets/mp3d/B6ByNegPMKs/B6ByNegPMKs.glb changed to proposed JSON configuration filename : /mnt/data_nas/deeprobotics/daiyang/vla/third_party/ETP-R1/data/scene_datasets/mp3d/B6ByNegPMKs/B6ByNegPMKs.stage_config.json
I0919 00:04:14.596788 1676466 AttributesManagerBase.h:283] AttributesManager<T>::createFromJsonOrDefaultInternal  (Stage) : Proposing JSON name : /mnt/data_nas/deeprobotics/daiyang/vla/third_party/ETP-R1/data/scene_datasets/mp3d/B6ByNegPMKs/B6ByNegPMKs.stage_config.json from original name : /mnt/data_nas/deeprobotics/daiyang/vla/third_party/ETP-R1/data/scene_datasets/mp3d/B6ByNegPMKs/B6ByNegPMKs.glb | This file  does not exist.
I0919 00:04:14.596835 1676466 AbstractObjectAttributesManagerBase.h:181] AbstractObjectAttributesManager<T>::createObject  (Stage) : Done making attributes with handle : /mnt/data_nas/deeprobotics/daiyang/vla/third_party/ETP-R1/data/scene_datasets/mp3d/B6ByNegPMKs/B6ByNegPMKs.glb
I0919 00:04:14.596837 1676466 AbstractObjectAttributesManagerBase.h:188] File (/mnt/data_nas/deeprobotics/daiyang/vla/third_party/ETP-R1/data/scene_datasets/mp3d/B6ByNegPMKs/B6ByNegPMKs.glb) exists but is not a recognized config filename extension, so new default Stage attributes created and registered.
I0919 00:04:14.596843 1676466 Simulator.cpp:156] Loading navmesh from /mnt/data_nas/deeprobotics/daiyang/vla/third_party/ETP-R1/data/scene_datasets/mp3d/B6ByNegPMKs/B6ByNegPMKs.navmesh
I0919 00:04:14.597908 1676466 Simulator.cpp:158] Loaded.
I0919 00:04:14.597916 1676466 SceneGraph.h:93] Created DrawableGroup: 
Renderer: NVIDIA GeForce RTX 5090/PCIe/SSE2 by NVIDIA Corporation
OpenGL version: 4.6.0 NVIDIA 580.126.09
Using optional features:
    GL_ARB_ES2_compatibility
    GL_ARB_direct_state_access
    GL_ARB_get_texture_sub_image
    GL_ARB_invalidate_subdata
    GL_ARB_multi_bind
    GL_ARB_robustness
    GL_ARB_separate_shader_objects
    GL_ARB_texture_filter_anisotropic
    GL_ARB_texture_storage
    GL_ARB_texture_storage_multisample
    GL_ARB_vertex_array_object
    GL_KHR_debug
Using driver workarounds:
    no-forward-compatible-core-context
    nv-egl-incorrect-gl11-function-pointers
    no-layout-qualifiers-on-old-glsl
    nv-zero-context-profile-mask
    nv-implementation-color-read-format-dsa-broken
    nv-cubemap-inconsistent-compressed-image-size
    nv-cubemap-broken-full-compressed-image-query
    nv-compressed-block-size-in-bits
I0919 00:04:14.601337 1676466 ResourceManager.cpp:234] ResourceManager::loadStage : Not loading semantic mesh
I0919 00:04:14.601346 1676466 ResourceManager.cpp:262] ResourceManager::loadStage : start load render asset /mnt/data_nas/deeprobotics/daiyang/vla/third_party/ETP-R1/data/scene_datasets/mp3d/B6ByNegPMKs/B6ByNegPMKs.glb.
I0919 00:04:14.601351 1676466 ResourceManager.cpp:569] ResourceManager::loadStageInternal : Attempting to load stage /mnt/data_nas/deeprobotics/daiyang/vla/third_party/ETP-R1/data/scene_datasets/mp3d/B6ByNegPMKs/B6ByNegPMKs.glb 
I0919 00:04:14.601366 1676466 ResourceManager.cpp:1119] Importing Basis files as BC7 for B6ByNegPMKs.glb
W0919 00:04:24.204217 1676466 Simulator.cpp:248] :
---
 The active scene does not contain semantic annotations. 
---
I0919 00:04:24.400145 1676466 simulator.py:213] Loaded navmesh /mnt/data_nas/deeprobotics/daiyang/vla/third_party/ETP-R1/data/scene_datasets/mp3d/B6ByNegPMKs/B6ByNegPMKs.navmesh
I0919 00:05:23.455994 1676466 PhysicsManager.cpp:33] Deconstructing PhysicsManager
I0919 00:05:23.456027 1676466 SemanticScene.h:41] Deconstructing SemanticScene
I0919 00:05:23.472329 1676466 SceneManager.h:25] Deconstructing SceneManager
I0919 00:05:23.472347 1676466 SceneGraph.h:26] Deconstructing SceneGraph
I0919 00:05:23.472760 1676466 Sensor.h:87] Deconstructing Sensor
I0919 00:05:23.483979 1676466 Renderer.cpp:34] Deconstructing Renderer
I0919 00:05:23.484010 1676466 WindowlessContext.h:17] Deconstructing WindowlessContext
I0919 00:05:23.494841 1676466 ManagedContainerBase.cpp:19] ManagedContainerBase::convertFilenameToJSON : Filename : default changed to proposed JSON configuration filename : default.scene_dataset_config.json
I0919 00:05:23.494859 1676466 AttributesManagerBase.h:283] AttributesManager<T>::createFromJsonOrDefaultInternal  (Dataset) : Proposing JSON name : default.scene_dataset_config.json from original name : default | This file  does not exist.
I0919 00:05:23.494972 1676466 AssetAttributesManager.cpp:117] Asset attributes (capsule3DSolid : capsule3DSolid_hemiRings_4_cylRings_1_segments_12_halfLen_0.75_useTexCoords_false_useTangents_false) created and registered.
I0919 00:05:23.495000 1676466 AssetAttributesManager.cpp:117] Asset attributes (capsule3DWireframe : capsule3DWireframe_hemiRings_8_cylRings_1_segments_16_halfLen_1) created and registered.
I0919 00:05:23.495023 1676466 AssetAttributesManager.cpp:117] Asset attributes (coneSolid : coneSolid_segments_12_halfLen_1.25_rings_1_useTexCoords_false_useTangents_false_capEnd_true) created and registered.
I0919 00:05:23.495038 1676466 AssetAttributesManager.cpp:117] Asset attributes (coneWireframe : coneWireframe_segments_32_halfLen_1.25) created and registered.
I0919 00:05:23.495047 1676466 AssetAttributesManager.cpp:117] Asset attributes (cubeSolid : cubeSolid) created and registered.
I0919 00:05:23.495054 1676466 AssetAttributesManager.cpp:117] Asset attributes (cubeWireframe : cubeWireframe) created and registered.
I0919 00:05:23.495074 1676466 AssetAttributesManager.cpp:117] Asset attributes (cylinderSolid : cylinderSolid_rings_1_segments_12_halfLen_1_useTexCoords_false_useTangents_false_capEnds_true) created and registered.
I0919 00:05:23.495090 1676466 AssetAttributesManager.cpp:117] Asset attributes (cylinderWireframe : cylinderWireframe_rings_1_segments_32_halfLen_1) created and registered.
I0919 00:05:23.495101 1676466 AssetAttributesManager.cpp:117] Asset attributes (icosphereSolid : icosphereSolid_subdivs_1) created and registered.
I0919 00:05:23.495110 1676466 AssetAttributesManager.cpp:117] Asset attributes (icosphereWireframe : icosphereWireframe_subdivs_1) created and registered.
I0919 00:05:23.495123 1676466 AssetAttributesManager.cpp:117] Asset attributes (uvSphereSolid : uvSphereSolid_rings_8_segments_16_useTexCoords_false_useTangents_false) created and registered.
I0919 00:05:23.495136 1676466 AssetAttributesManager.cpp:117] Asset attributes (uvSphereWireframe : uvSphereWireframe_rings_16_segments_32) created and registered.
I0919 00:05:23.495143 1676466 AssetAttributesManager.cpp:105] AssetAttributesManager::buildCtorFuncPtrMaps : Built default primitive asset templates : 12
I0919 00:05:23.495549 1676466 SceneDatasetAttributesManager.cpp:23] File (default) not found, so new default dataset attributes created and registered.
I0919 00:05:23.495558 1676466 MetadataMediator.cpp:47] MetadataMediator::createDataset : Dataset default successfully created.
I0919 00:05:23.495749 1676466 AttributesManagerBase.h:283] AttributesManager<T>::createFromJsonOrDefaultInternal  (Physics Manager) : Proposing JSON name : ./data/default.physics_config.json from original name : ./data/default.physics_config.json | This file  does not exist.
I0919 00:05:23.495762 1676466 PhysicsAttributesManager.cpp:27] File (./data/default.physics_config.json) not found, so new default physics manager attributes created and registered.
I0919 00:05:23.495765 1676466 AbstractObjectAttributesManagerBase.h:175] AbstractObjectAttributesManager<T>::createObject  (Stage) : Making attributes with handle : /mnt/data_nas/deeprobotics/daiyang/vla/third_party/ETP-R1/data/scene_datasets/mp3d/PuKPg4mmafe/PuKPg4mmafe.glb
I0919 00:05:23.495769 1676466 ManagedContainerBase.cpp:19] ManagedContainerBase::convertFilenameToJSON : Filename : /mnt/data_nas/deeprobotics/daiyang/vla/third_party/ETP-R1/data/scene_datasets/mp3d/PuKPg4mmafe/PuKPg4mmafe.glb changed to proposed JSON configuration filename : /mnt/data_nas/deeprobotics/daiyang/vla/third_party/ETP-R1/data/scene_datasets/mp3d/PuKPg4mmafe/PuKPg4mmafe.stage_config.json
I0919 00:05:23.495780 1676466 AttributesManagerBase.h:283] AttributesManager<T>::createFromJsonOrDefaultInternal  (Stage) : Proposing JSON name : /mnt/data_nas/deeprobotics/daiyang/vla/third_party/ETP-R1/data/scene_datasets/mp3d/PuKPg4mmafe/PuKPg4mmafe.stage_config.json from original name : /mnt/data_nas/deeprobotics/daiyang/vla/third_party/ETP-R1/data/scene_datasets/mp3d/PuKPg4mmafe/PuKPg4mmafe.glb | This file  does not exist.
I0919 00:05:23.495826 1676466 AbstractObjectAttributesManagerBase.h:181] AbstractObjectAttributesManager<T>::createObject  (Stage) : Done making attributes with handle : /mnt/data_nas/deeprobotics/daiyang/vla/third_party/ETP-R1/data/scene_datasets/mp3d/PuKPg4mmafe/PuKPg4mmafe.glb
I0919 00:05:23.495828 1676466 AbstractObjectAttributesManagerBase.h:188] File (/mnt/data_nas/deeprobotics/daiyang/vla/third_party/ETP-R1/data/scene_datasets/mp3d/PuKPg4mmafe/PuKPg4mmafe.glb) exists but is not a recognized config filename extension, so new default Stage attributes created and registered.
I0919 00:05:23.495833 1676466 Simulator.cpp:156] Loading navmesh from /mnt/data_nas/deeprobotics/daiyang/vla/third_party/ETP-R1/data/scene_datasets/mp3d/PuKPg4mmafe/PuKPg4mmafe.navmesh
I0919 00:05:23.496969 1676466 Simulator.cpp:158] Loaded.
I0919 00:05:23.496978 1676466 SceneGraph.h:93] Created DrawableGroup: 
Renderer: NVIDIA GeForce RTX 5090/PCIe/SSE2 by NVIDIA Corporation
OpenGL version: 4.6.0 NVIDIA 580.126.09
Using optional features:
    GL_ARB_ES2_compatibility
    GL_ARB_direct_state_access
    GL_ARB_get_texture_sub_image
    GL_ARB_invalidate_subdata
    GL_ARB_multi_bind
    GL_ARB_robustness
    GL_ARB_separate_shader_objects
    GL_ARB_texture_filter_anisotropic
    GL_ARB_texture_storage
    GL_ARB_texture_storage_multisample
    GL_ARB_vertex_array_object
    GL_KHR_debug
Using driver workarounds:
    no-forward-compatible-core-context
    nv-egl-incorrect-gl11-function-pointers
    no-layout-qualifiers-on-old-glsl
    nv-zero-context-profile-mask
    nv-implementation-color-read-format-dsa-broken
    nv-cubemap-inconsistent-compressed-image-size
    nv-cubemap-broken-full-compressed-image-query
    nv-compressed-block-size-in-bits
I0919 00:05:23.500432 1676466 ResourceManager.cpp:234] ResourceManager::loadStage : Not loading semantic mesh
I0919 00:05:23.500439 1676466 ResourceManager.cpp:262] ResourceManager::loadStage : start load render asset /mnt/data_nas/deeprobotics/daiyang/vla/third_party/ETP-R1/data/scene_datasets/mp3d/PuKPg4mmafe/PuKPg4mmafe.glb.
I0919 00:05:23.500442 1676466 ResourceManager.cpp:569] ResourceManager::loadStageInternal : Attempting to load stage /mnt/data_nas/deeprobotics/daiyang/vla/third_party/ETP-R1/data/scene_datasets/mp3d/PuKPg4mmafe/PuKPg4mmafe.glb 
I0919 00:05:23.500456 1676466 ResourceManager.cpp:1119] Importing Basis files as BC7 for PuKPg4mmafe.glb
W0919 00:05:28.226871 1676466 Simulator.cpp:248] :
---
 The active scene does not contain semantic annotations. 
---
I0919 00:05:28.246581 1676466 simulator.py:213] Loaded navmesh /mnt/data_nas/deeprobotics/daiyang/vla/third_party/ETP-R1/data/scene_datasets/mp3d/PuKPg4mmafe/PuKPg4mmafe.navmesh
I0919 00:05:49.697463 1676466 PhysicsManager.cpp:33] Deconstructing PhysicsManager
I0919 00:05:49.697499 1676466 SemanticScene.h:41] Deconstructing SemanticScene
I0919 00:05:49.698159 1676466 SceneManager.h:25] Deconstructing SceneManager
I0919 00:05:49.698163 1676466 SceneGraph.h:26] Deconstructing SceneGraph
I0919 00:05:49.698339 1676466 Sensor.h:87] Deconstructing Sensor
I0919 00:05:49.710214 1676466 Renderer.cpp:34] Deconstructing Renderer
I0919 00:05:49.710242 1676466 WindowlessContext.h:17] Deconstructing WindowlessContext
I0919 00:05:49.790321 1676466 ManagedContainerBase.cpp:19] ManagedContainerBase::convertFilenameToJSON : Filename : default changed to proposed JSON configuration filename : default.scene_dataset_config.json
I0919 00:05:49.790351 1676466 AttributesManagerBase.h:283] AttributesManager<T>::createFromJsonOrDefaultInternal  (Dataset) : Proposing JSON name : default.scene_dataset_config.json from original name : default | This file  does not exist.
I0919 00:05:49.790481 1676466 AssetAttributesManager.cpp:117] Asset attributes (capsule3DSolid : capsule3DSolid_hemiRings_4_cylRings_1_segments_12_halfLen_0.75_useTexCoords_false_useTangents_false) created and registered.
I0919 00:05:49.790508 1676466 AssetAttributesManager.cpp:117] Asset attributes (capsule3DWireframe : capsule3DWireframe_hemiRings_8_cylRings_1_segments_16_halfLen_1) created and registered.
I0919 00:05:49.790532 1676466 AssetAttributesManager.cpp:117] Asset attributes (coneSolid : coneSolid_segments_12_halfLen_1.25_rings_1_useTexCoords_false_useTangents_false_capEnd_true) created and registered.
I0919 00:05:49.790546 1676466 AssetAttributesManager.cpp:117] Asset attributes (coneWireframe : coneWireframe_segments_32_halfLen_1.25) created and registered.
I0919 00:05:49.790555 1676466 AssetAttributesManager.cpp:117] Asset attributes (cubeSolid : cubeSolid) created and registered.
I0919 00:05:49.790562 1676466 AssetAttributesManager.cpp:117] Asset attributes (cubeWireframe : cubeWireframe) created and registered.
I0919 00:05:49.790581 1676466 AssetAttributesManager.cpp:117] Asset attributes (cylinderSolid : cylinderSolid_rings_1_segments_12_halfLen_1_useTexCoords_false_useTangents_false_capEnds_true) created and registered.
I0919 00:05:49.790598 1676466 AssetAttributesManager.cpp:117] Asset attributes (cylinderWireframe : cylinderWireframe_rings_1_segments_32_halfLen_1) created and registered.
I0919 00:05:49.790609 1676466 AssetAttributesManager.cpp:117] Asset attributes (icosphereSolid : icosphereSolid_subdivs_1) created and registered.
I0919 00:05:49.790618 1676466 AssetAttributesManager.cpp:117] Asset attributes (icosphereWireframe : icosphereWireframe_subdivs_1) created and registered.
I0919 00:05:49.790632 1676466 AssetAttributesManager.cpp:117] Asset attributes (uvSphereSolid : uvSphereSolid_rings_8_segments_16_useTexCoords_false_useTangents_false) created and registered.
I0919 00:05:49.790644 1676466 AssetAttributesManager.cpp:117] Asset attributes (uvSphereWireframe : uvSphereWireframe_rings_16_segments_32) created and registered.
I0919 00:05:49.790650 1676466 AssetAttributesManager.cpp:105] AssetAttributesManager::buildCtorFuncPtrMaps : Built default primitive asset templates : 12
I0919 00:05:49.791052 1676466 SceneDatasetAttributesManager.cpp:23] File (default) not found, so new default dataset attributes created and registered.
I0919 00:05:49.791054 1676466 MetadataMediator.cpp:47] MetadataMediator::createDataset : Dataset default successfully created.
I0919 00:05:49.791249 1676466 AttributesManagerBase.h:283] AttributesManager<T>::createFromJsonOrDefaultInternal  (Physics Manager) : Proposing JSON name : ./data/default.physics_config.json from original name : ./data/default.physics_config.json | This file  does not exist.
I0919 00:05:49.791275 1676466 PhysicsAttributesManager.cpp:27] File (./data/default.physics_config.json) not found, so new default physics manager attributes created and registered.
I0919 00:05:49.791280 1676466 AbstractObjectAttributesManagerBase.h:175] AbstractObjectAttributesManager<T>::createObject  (Stage) : Making attributes with handle : /mnt/data_nas/deeprobotics/daiyang/vla/third_party/ETP-R1/data/scene_datasets/mp3d/XcA2TqTSSAj/XcA2TqTSSAj.glb
I0919 00:05:49.791285 1676466 ManagedContainerBase.cpp:19] ManagedContainerBase::convertFilenameToJSON : Filename : /mnt/data_nas/deeprobotics/daiyang/vla/third_party/ETP-R1/data/scene_datasets/mp3d/XcA2TqTSSAj/XcA2TqTSSAj.glb changed to proposed JSON configuration filename : /mnt/data_nas/deeprobotics/daiyang/vla/third_party/ETP-R1/data/scene_datasets/mp3d/XcA2TqTSSAj/XcA2TqTSSAj.stage_config.json
I0919 00:05:49.791296 1676466 AttributesManagerBase.h:283] AttributesManager<T>::createFromJsonOrDefaultInternal  (Stage) : Proposing JSON name : /mnt/data_nas/deeprobotics/daiyang/vla/third_party/ETP-R1/data/scene_datasets/mp3d/XcA2TqTSSAj/XcA2TqTSSAj.stage_config.json from original name : /mnt/data_nas/deeprobotics/daiyang/vla/third_party/ETP-R1/data/scene_datasets/mp3d/XcA2TqTSSAj/XcA2TqTSSAj.glb | This file  does not exist.
I0919 00:05:49.791342 1676466 AbstractObjectAttributesManagerBase.h:181] AbstractObjectAttributesManager<T>::createObject  (Stage) : Done making attributes with handle : /mnt/data_nas/deeprobotics/daiyang/vla/third_party/ETP-R1/data/scene_datasets/mp3d/XcA2TqTSSAj/XcA2TqTSSAj.glb
I0919 00:05:49.791344 1676466 AbstractObjectAttributesManagerBase.h:188] File (/mnt/data_nas/deeprobotics/daiyang/vla/third_party/ETP-R1/data/scene_datasets/mp3d/XcA2TqTSSAj/XcA2TqTSSAj.glb) exists but is not a recognized config filename extension, so new default Stage attributes created and registered.
I0919 00:05:49.791350 1676466 Simulator.cpp:156] Loading navmesh from /mnt/data_nas/deeprobotics/daiyang/vla/third_party/ETP-R1/data/scene_datasets/mp3d/XcA2TqTSSAj/XcA2TqTSSAj.navmesh
I0919 00:05:49.792526 1676466 Simulator.cpp:158] Loaded.
I0919 00:05:49.792536 1676466 SceneGraph.h:93] Created DrawableGroup: 
Renderer: NVIDIA GeForce RTX 5090/PCIe/SSE2 by NVIDIA Corporation
OpenGL version: 4.6.0 NVIDIA 580.126.09
Using optional features:
    GL_ARB_ES2_compatibility
    GL_ARB_direct_state_access
    GL_ARB_get_texture_sub_image
    GL_ARB_invalidate_subdata
    GL_ARB_multi_bind
    GL_ARB_robustness
    GL_ARB_separate_shader_objects
    GL_ARB_texture_filter_anisotropic
    GL_ARB_texture_storage
    GL_ARB_texture_storage_multisample
    GL_ARB_vertex_array_object
    GL_KHR_debug
Using driver workarounds:
    no-forward-compatible-core-context
    nv-egl-incorrect-gl11-function-pointers
    no-layout-qualifiers-on-old-glsl
    nv-zero-context-profile-mask
    nv-implementation-color-read-format-dsa-broken
    nv-cubemap-inconsistent-compressed-image-size
    nv-cubemap-broken-full-compressed-image-query
    nv-compressed-block-size-in-bits
I0919 00:05:49.796209 1676466 ResourceManager.cpp:234] ResourceManager::loadStage : Not loading semantic mesh
I0919 00:05:49.796219 1676466 ResourceManager.cpp:262] ResourceManager::loadStage : start load render asset /mnt/data_nas/deeprobotics/daiyang/vla/third_party/ETP-R1/data/scene_datasets/mp3d/XcA2TqTSSAj/XcA2TqTSSAj.glb.
I0919 00:05:49.796222 1676466 ResourceManager.cpp:569] ResourceManager::loadStageInternal : Attempting to load stage /mnt/data_nas/deeprobotics/daiyang/vla/third_party/ETP-R1/data/scene_datasets/mp3d/XcA2TqTSSAj/XcA2TqTSSAj.glb 
I0919 00:05:49.796238 1676466 ResourceManager.cpp:1119] Importing Basis files as BC7 for XcA2TqTSSAj.glb
W0919 00:05:51.777045 1676466 Simulator.cpp:248] :
---
 The active scene does not contain semantic annotations. 
---
I0919 00:05:51.826625 1676466 simulator.py:213] Loaded navmesh /mnt/data_nas/deeprobotics/daiyang/vla/third_party/ETP-R1/data/scene_datasets/mp3d/XcA2TqTSSAj/XcA2TqTSSAj.navmesh
I0919 00:06:15.894218 1676466 PhysicsManager.cpp:33] Deconstructing PhysicsManager
I0919 00:06:15.894253 1676466 SemanticScene.h:41] Deconstructing SemanticScene
I0919 00:06:15.896324 1676466 SceneManager.h:25] Deconstructing SceneManager
I0919 00:06:15.896333 1676466 SceneGraph.h:26] Deconstructing SceneGraph
I0919 00:06:15.896829 1676466 Sensor.h:87] Deconstructing Sensor
I0919 00:06:15.899092 1676466 Renderer.cpp:34] Deconstructing Renderer
I0919 00:06:15.899111 1676466 WindowlessContext.h:17] Deconstructing WindowlessContext
I0919 00:06:15.905498 1676466 ManagedContainerBase.cpp:19] ManagedContainerBase::convertFilenameToJSON : Filename : default changed to proposed JSON configuration filename : default.scene_dataset_config.json
I0919 00:06:15.905512 1676466 AttributesManagerBase.h:283] AttributesManager<T>::createFromJsonOrDefaultInternal  (Dataset) : Proposing JSON name : default.scene_dataset_config.json from original name : default | This file  does not exist.
I0919 00:06:15.905611 1676466 AssetAttributesManager.cpp:117] Asset attributes (capsule3DSolid : capsule3DSolid_hemiRings_4_cylRings_1_segments_12_halfLen_0.75_useTexCoords_false_useTangents_false) created and registered.
I0919 00:06:15.905637 1676466 AssetAttributesManager.cpp:117] Asset attributes (capsule3DWireframe : capsule3DWireframe_hemiRings_8_cylRings_1_segments_16_halfLen_1) created and registered.
I0919 00:06:15.905660 1676466 AssetAttributesManager.cpp:117] Asset attributes (coneSolid : coneSolid_segments_12_halfLen_1.25_rings_1_useTexCoords_false_useTangents_false_capEnd_true) created and registered.
I0919 00:06:15.905674 1676466 AssetAttributesManager.cpp:117] Asset attributes (coneWireframe : coneWireframe_segments_32_halfLen_1.25) created and registered.
I0919 00:06:15.905683 1676466 AssetAttributesManager.cpp:117] Asset attributes (cubeSolid : cubeSolid) created and registered.
I0919 00:06:15.905690 1676466 AssetAttributesManager.cpp:117] Asset attributes (cubeWireframe : cubeWireframe) created and registered.
I0919 00:06:15.905710 1676466 AssetAttributesManager.cpp:117] Asset attributes (cylinderSolid : cylinderSolid_rings_1_segments_12_halfLen_1_useTexCoords_false_useTangents_false_capEnds_true) created and registered.
I0919 00:06:15.905727 1676466 AssetAttributesManager.cpp:117] Asset attributes (cylinderWireframe : cylinderWireframe_rings_1_segments_32_halfLen_1) created and registered.
I0919 00:06:15.905738 1676466 AssetAttributesManager.cpp:117] Asset attributes (icosphereSolid : icosphereSolid_subdivs_1) created and registered.
I0919 00:06:15.905747 1676466 AssetAttributesManager.cpp:117] Asset attributes (icosphereWireframe : icosphereWireframe_subdivs_1) created and registered.
I0919 00:06:15.905761 1676466 AssetAttributesManager.cpp:117] Asset attributes (uvSphereSolid : uvSphereSolid_rings_8_segments_16_useTexCoords_false_useTangents_false) created and registered.
I0919 00:06:15.905773 1676466 AssetAttributesManager.cpp:117] Asset attributes (uvSphereWireframe : uvSphereWireframe_rings_16_segments_32) created and registered.
I0919 00:06:15.905779 1676466 AssetAttributesManager.cpp:105] AssetAttributesManager::buildCtorFuncPtrMaps : Built default primitive asset templates : 12
I0919 00:06:15.906178 1676466 SceneDatasetAttributesManager.cpp:23] File (default) not found, so new default dataset attributes created and registered.
I0919 00:06:15.906180 1676466 MetadataMediator.cpp:47] MetadataMediator::createDataset : Dataset default successfully created.
I0919 00:06:15.908087 1676466 AttributesManagerBase.h:283] AttributesManager<T>::createFromJsonOrDefaultInternal  (Physics Manager) : Proposing JSON name : ./data/default.physics_config.json from original name : ./data/default.physics_config.json | This file  does not exist.
I0919 00:06:15.908102 1676466 PhysicsAttributesManager.cpp:27] File (./data/default.physics_config.json) not found, so new default physics manager attributes created and registered.
I0919 00:06:15.908106 1676466 AbstractObjectAttributesManagerBase.h:175] AbstractObjectAttributesManager<T>::createObject  (Stage) : Making attributes with handle : /mnt/data_nas/deeprobotics/daiyang/vla/third_party/ETP-R1/data/scene_datasets/mp3d/aayBHfsNo7d/aayBHfsNo7d.glb
I0919 00:06:15.908115 1676466 ManagedContainerBase.cpp:19] ManagedContainerBase::convertFilenameToJSON : Filename : /mnt/data_nas/deeprobotics/daiyang/vla/third_party/ETP-R1/data/scene_datasets/mp3d/aayBHfsNo7d/aayBHfsNo7d.glb changed to proposed JSON configuration filename : /mnt/data_nas/deeprobotics/daiyang/vla/third_party/ETP-R1/data/scene_datasets/mp3d/aayBHfsNo7d/aayBHfsNo7d.stage_config.json
I0919 00:06:15.911288 1676466 AttributesManagerBase.h:283] AttributesManager<T>::createFromJsonOrDefaultInternal  (Stage) : Proposing JSON name : /mnt/data_nas/deeprobotics/daiyang/vla/third_party/ETP-R1/data/scene_datasets/mp3d/aayBHfsNo7d/aayBHfsNo7d.stage_config.json from original name : /mnt/data_nas/deeprobotics/daiyang/vla/third_party/ETP-R1/data/scene_datasets/mp3d/aayBHfsNo7d/aayBHfsNo7d.glb | This file  does not exist.
I0919 00:06:15.911338 1676466 AbstractObjectAttributesManagerBase.h:181] AbstractObjectAttributesManager<T>::createObject  (Stage) : Done making attributes with handle : /mnt/data_nas/deeprobotics/daiyang/vla/third_party/ETP-R1/data/scene_datasets/mp3d/aayBHfsNo7d/aayBHfsNo7d.glb
I0919 00:06:15.911340 1676466 AbstractObjectAttributesManagerBase.h:188] File (/mnt/data_nas/deeprobotics/daiyang/vla/third_party/ETP-R1/data/scene_datasets/mp3d/aayBHfsNo7d/aayBHfsNo7d.glb) exists but is not a recognized config filename extension, so new default Stage attributes created and registered.
I0919 00:06:15.911345 1676466 Simulator.cpp:156] Loading navmesh from /mnt/data_nas/deeprobotics/daiyang/vla/third_party/ETP-R1/data/scene_datasets/mp3d/aayBHfsNo7d/aayBHfsNo7d.navmesh
I0919 00:06:15.912258 1676466 Simulator.cpp:158] Loaded.
I0919 00:06:15.912266 1676466 SceneGraph.h:93] Created DrawableGroup: 
Renderer: NVIDIA GeForce RTX 5090/PCIe/SSE2 by NVIDIA Corporation
OpenGL version: 4.6.0 NVIDIA 580.126.09
Using optional features:
    GL_ARB_ES2_compatibility
    GL_ARB_direct_state_access
    GL_ARB_get_texture_sub_image
    GL_ARB_invalidate_subdata
    GL_ARB_multi_bind
    GL_ARB_robustness
    GL_ARB_separate_shader_objects
    GL_ARB_texture_filter_anisotropic
    GL_ARB_texture_storage
    GL_ARB_texture_storage_multisample
    GL_ARB_vertex_array_object
    GL_KHR_debug
Using driver workarounds:
    no-forward-compatible-core-context
    nv-egl-incorrect-gl11-function-pointers
    no-layout-qualifiers-on-old-glsl
    nv-zero-context-profile-mask
    nv-implementation-color-read-format-dsa-broken
    nv-cubemap-inconsistent-compressed-image-size
    nv-cubemap-broken-full-compressed-image-query
    nv-compressed-block-size-in-bits
I0919 00:06:15.915824 1676466 ResourceManager.cpp:234] ResourceManager::loadStage : Not loading semantic mesh
I0919 00:06:15.915833 1676466 ResourceManager.cpp:262] ResourceManager::loadStage : start load render asset /mnt/data_nas/deeprobotics/daiyang/vla/third_party/ETP-R1/data/scene_datasets/mp3d/aayBHfsNo7d/aayBHfsNo7d.glb.
I0919 00:06:15.915835 1676466 ResourceManager.cpp:569] ResourceManager::loadStageInternal : Attempting to load stage /mnt/data_nas/deeprobotics/daiyang/vla/third_party/ETP-R1/data/scene_datasets/mp3d/aayBHfsNo7d/aayBHfsNo7d.glb 
I0919 00:06:15.915851 1676466 ResourceManager.cpp:1119] Importing Basis files as BC7 for aayBHfsNo7d.glb
W0919 00:06:17.485900 1676466 Simulator.cpp:248] :
---
 The active scene does not contain semantic annotations. 
---
I0919 00:06:17.529142 1676466 simulator.py:213] Loaded navmesh /mnt/data_nas/deeprobotics/daiyang/vla/third_party/ETP-R1/data/scene_datasets/mp3d/aayBHfsNo7d/aayBHfsNo7d.navmesh
I0919 00:06:17.783938 1676466 Simulator.cpp:49] Deconstructing Simulator
I0919 00:06:17.784121 1676466 Simulator.cpp:49] Deconstructing Simulator
I0919 00:06:17.784214 1676466 Simulator.cpp:49] Deconstructing Simulator
I0919 00:06:17.784349 1676466 Simulator.cpp:49] Deconstructing Simulator
I0919 00:06:17.784427 1676466 Simulator.cpp:49] Deconstructing Simulator
I0919 00:06:17.784530 1676466 Simulator.cpp:49] Deconstructing Simulator
I0919 00:06:17.784618 1676466 Simulator.cpp:49] Deconstructing Simulator
I0919 00:06:17.784700 1676466 Simulator.cpp:49] Deconstructing Simulator
I0919 00:06:51.646337 1676466 PhysicsManager.cpp:33] Deconstructing PhysicsManager
I0919 00:06:51.646381 1676466 SemanticScene.h:41] Deconstructing SemanticScene
I0919 00:06:51.648484 1676466 SceneManager.h:25] Deconstructing SceneManager
I0919 00:06:51.648494 1676466 SceneGraph.h:26] Deconstructing SceneGraph
I0919 00:06:51.648710 1676466 Sensor.h:87] Deconstructing Sensor
I0919 00:06:51.650909 1676466 Renderer.cpp:34] Deconstructing Renderer
I0919 00:06:51.650930 1676466 WindowlessContext.h:17] Deconstructing WindowlessContext
I0919 00:06:51.656359 1676466 ManagedContainerBase.cpp:19] ManagedContainerBase::convertFilenameToJSON : Filename : default changed to proposed JSON configuration filename : default.scene_dataset_config.json
I0919 00:06:51.656374 1676466 AttributesManagerBase.h:283] AttributesManager<T>::createFromJsonOrDefaultInternal  (Dataset) : Proposing JSON name : default.scene_dataset_config.json from original name : default | This file  does not exist.
I0919 00:06:51.656448 1676466 AssetAttributesManager.cpp:117] Asset attributes (capsule3DSolid : capsule3DSolid_hemiRings_4_cylRings_1_segments_12_halfLen_0.75_useTexCoords_false_useTangents_false) created and registered.
I0919 00:06:51.656478 1676466 AssetAttributesManager.cpp:117] Asset attributes (capsule3DWireframe : capsule3DWireframe_hemiRings_8_cylRings_1_segments_16_halfLen_1) created and registered.
I0919 00:06:51.656566 1676466 AssetAttributesManager.cpp:117] Asset attributes (coneSolid : coneSolid_segments_12_halfLen_1.25_rings_1_useTexCoords_false_useTangents_false_capEnd_true) created and registered.
I0919 00:06:51.656584 1676466 AssetAttributesManager.cpp:117] Asset attributes (coneWireframe : coneWireframe_segments_32_halfLen_1.25) created and registered.
I0919 00:06:51.656591 1676466 AssetAttributesManager.cpp:117] Asset attributes (cubeSolid : cubeSolid) created and registered.
I0919 00:06:51.656597 1676466 AssetAttributesManager.cpp:117] Asset attributes (cubeWireframe : cubeWireframe) created and registered.
I0919 00:06:51.656618 1676466 AssetAttributesManager.cpp:117] Asset attributes (cylinderSolid : cylinderSolid_rings_1_segments_12_halfLen_1_useTexCoords_false_useTangents_false_capEnds_true) created and registered.
I0919 00:06:51.656635 1676466 AssetAttributesManager.cpp:117] Asset attributes (cylinderWireframe : cylinderWireframe_rings_1_segments_32_halfLen_1) created and registered.
I0919 00:06:51.656644 1676466 AssetAttributesManager.cpp:117] Asset attributes (icosphereSolid : icosphereSolid_subdivs_1) created and registered.
I0919 00:06:51.656653 1676466 AssetAttributesManager.cpp:117] Asset attributes (icosphereWireframe : icosphereWireframe_subdivs_1) created and registered.
I0919 00:06:51.656666 1676466 AssetAttributesManager.cpp:117] Asset attributes (uvSphereSolid : uvSphereSolid_rings_8_segments_16_useTexCoords_false_useTangents_false) created and registered.
I0919 00:06:51.656679 1676466 AssetAttributesManager.cpp:117] Asset attributes (uvSphereWireframe : uvSphereWireframe_rings_16_segments_32) created and registered.
I0919 00:06:51.656684 1676466 AssetAttributesManager.cpp:105] AssetAttributesManager::buildCtorFuncPtrMaps : Built default primitive asset templates : 12
I0919 00:06:51.657100 1676466 SceneDatasetAttributesManager.cpp:23] File (default) not found, so new default dataset attributes created and registered.
I0919 00:06:51.657102 1676466 MetadataMediator.cpp:47] MetadataMediator::createDataset : Dataset default successfully created.
I0919 00:06:51.657316 1676466 AttributesManagerBase.h:283] AttributesManager<T>::createFromJsonOrDefaultInternal  (Physics Manager) : Proposing JSON name : ./data/default.physics_config.json from original name : ./data/default.physics_config.json | This file  does not exist.
I0919 00:06:51.657330 1676466 PhysicsAttributesManager.cpp:27] File (./data/default.physics_config.json) not found, so new default physics manager attributes created and registered.
I0919 00:06:51.657334 1676466 AbstractObjectAttributesManagerBase.h:175] AbstractObjectAttributesManager<T>::createObject  (Stage) : Making attributes with handle : /mnt/data_nas/deeprobotics/daiyang/vla/third_party/ETP-R1/data/scene_datasets/mp3d/82sE5b5pLXE/82sE5b5pLXE.glb
I0919 00:06:51.657344 1676466 ManagedContainerBase.cpp:19] ManagedContainerBase::convertFilenameToJSON : Filename : /mnt/data_nas/deeprobotics/daiyang/vla/third_party/ETP-R1/data/scene_datasets/mp3d/82sE5b5pLXE/82sE5b5pLXE.glb changed to proposed JSON configuration filename : /mnt/data_nas/deeprobotics/daiyang/vla/third_party/ETP-R1/data/scene_datasets/mp3d/82sE5b5pLXE/82sE5b5pLXE.stage_config.json
I0919 00:06:51.657356 1676466 AttributesManagerBase.h:283] AttributesManager<T>::createFromJsonOrDefaultInternal  (Stage) : Proposing JSON name : /mnt/data_nas/deeprobotics/daiyang/vla/third_party/ETP-R1/data/scene_datasets/mp3d/82sE5b5pLXE/82sE5b5pLXE.stage_config.json from original name : /mnt/data_nas/deeprobotics/daiyang/vla/third_party/ETP-R1/data/scene_datasets/mp3d/82sE5b5pLXE/82sE5b5pLXE.glb | This file  does not exist.
I0919 00:06:51.657406 1676466 AbstractObjectAttributesManagerBase.h:181] AbstractObjectAttributesManager<T>::createObject  (Stage) : Done making attributes with handle : /mnt/data_nas/deeprobotics/daiyang/vla/third_party/ETP-R1/data/scene_datasets/mp3d/82sE5b5pLXE/82sE5b5pLXE.glb
I0919 00:06:51.657408 1676466 AbstractObjectAttributesManagerBase.h:188] File (/mnt/data_nas/deeprobotics/daiyang/vla/third_party/ETP-R1/data/scene_datasets/mp3d/82sE5b5pLXE/82sE5b5pLXE.glb) exists but is not a recognized config filename extension, so new default Stage attributes created and registered.
I0919 00:06:51.657413 1676466 Simulator.cpp:156] Loading navmesh from /mnt/data_nas/deeprobotics/daiyang/vla/third_party/ETP-R1/data/scene_datasets/mp3d/82sE5b5pLXE/82sE5b5pLXE.navmesh
I0919 00:06:51.658178 1676466 Simulator.cpp:158] Loaded.
I0919 00:06:51.658186 1676466 SceneGraph.h:93] Created DrawableGroup: 
Renderer: NVIDIA GeForce RTX 5090/PCIe/SSE2 by NVIDIA Corporation
OpenGL version: 4.6.0 NVIDIA 580.126.09
Using optional features:
    GL_ARB_ES2_compatibility
    GL_ARB_direct_state_access
    GL_ARB_get_texture_sub_image
    GL_ARB_invalidate_subdata
    GL_ARB_multi_bind
    GL_ARB_robustness
    GL_ARB_separate_shader_objects
    GL_ARB_texture_filter_anisotropic
    GL_ARB_texture_storage
    GL_ARB_texture_storage_multisample
    GL_ARB_vertex_array_object
    GL_KHR_debug
Using driver workarounds:
    no-forward-compatible-core-context
    nv-egl-incorrect-gl11-function-pointers
    no-layout-qualifiers-on-old-glsl
    nv-zero-context-profile-mask
    nv-implementation-color-read-format-dsa-broken
    nv-cubemap-inconsistent-compressed-image-size
    nv-cubemap-broken-full-compressed-image-query
    nv-compressed-block-size-in-bits
I0919 00:06:51.661791 1676466 ResourceManager.cpp:234] ResourceManager::loadStage : Not loading semantic mesh
I0919 00:06:51.661799 1676466 ResourceManager.cpp:262] ResourceManager::loadStage : start load render asset /mnt/data_nas/deeprobotics/daiyang/vla/third_party/ETP-R1/data/scene_datasets/mp3d/82sE5b5pLXE/82sE5b5pLXE.glb.
I0919 00:06:51.661803 1676466 ResourceManager.cpp:569] ResourceManager::loadStageInternal : Attempting to load stage /mnt/data_nas/deeprobotics/daiyang/vla/third_party/ETP-R1/data/scene_datasets/mp3d/82sE5b5pLXE/82sE5b5pLXE.glb 
I0919 00:06:51.661818 1676466 ResourceManager.cpp:1119] Importing Basis files as BC7 for 82sE5b5pLXE.glb
W0919 00:06:53.667986 1676466 Simulator.cpp:248] :
---
 The active scene does not contain semantic annotations. 
---
I0919 00:06:53.703945 1676466 simulator.py:213] Loaded navmesh /mnt/data_nas/deeprobotics/daiyang/vla/third_party/ETP-R1/data/scene_datasets/mp3d/82sE5b5pLXE/82sE5b5pLXE.navmesh
I0919 00:08:21.333460 1676466 PhysicsManager.cpp:33] Deconstructing PhysicsManager
I0919 00:08:21.333498 1676466 SemanticScene.h:41] Deconstructing SemanticScene
I0919 00:08:21.334771 1676466 SceneManager.h:25] Deconstructing SceneManager
I0919 00:08:21.334780 1676466 SceneGraph.h:26] Deconstructing SceneGraph
I0919 00:08:21.334995 1676466 Sensor.h:87] Deconstructing Sensor
I0919 00:08:21.337738 1676466 Renderer.cpp:34] Deconstructing Renderer
I0919 00:08:21.337762 1676466 WindowlessContext.h:17] Deconstructing WindowlessContext
I0919 00:08:21.343781 1676466 ManagedContainerBase.cpp:19] ManagedContainerBase::convertFilenameToJSON : Filename : default changed to proposed JSON configuration filename : default.scene_dataset_config.json
I0919 00:08:21.343799 1676466 AttributesManagerBase.h:283] AttributesManager<T>::createFromJsonOrDefaultInternal  (Dataset) : Proposing JSON name : default.scene_dataset_config.json from original name : default | This file  does not exist.
I0919 00:08:21.343962 1676466 AssetAttributesManager.cpp:117] Asset attributes (capsule3DSolid : capsule3DSolid_hemiRings_4_cylRings_1_segments_12_halfLen_0.75_useTexCoords_false_useTangents_false) created and registered.
I0919 00:08:21.343997 1676466 AssetAttributesManager.cpp:117] Asset attributes (capsule3DWireframe : capsule3DWireframe_hemiRings_8_cylRings_1_segments_16_halfLen_1) created and registered.
I0919 00:08:21.344027 1676466 AssetAttributesManager.cpp:117] Asset attributes (coneSolid : coneSolid_segments_12_halfLen_1.25_rings_1_useTexCoords_false_useTangents_false_capEnd_true) created and registered.
I0919 00:08:21.344044 1676466 AssetAttributesManager.cpp:117] Asset attributes (coneWireframe : coneWireframe_segments_32_halfLen_1.25) created and registered.
I0919 00:08:21.344054 1676466 AssetAttributesManager.cpp:117] Asset attributes (cubeSolid : cubeSolid) created and registered.
I0919 00:08:21.344062 1676466 AssetAttributesManager.cpp:117] Asset attributes (cubeWireframe : cubeWireframe) created and registered.
I0919 00:08:21.344086 1676466 AssetAttributesManager.cpp:117] Asset attributes (cylinderSolid : cylinderSolid_rings_1_segments_12_halfLen_1_useTexCoords_false_useTangents_false_capEnds_true) created and registered.
I0919 00:08:21.344107 1676466 AssetAttributesManager.cpp:117] Asset attributes (cylinderWireframe : cylinderWireframe_rings_1_segments_32_halfLen_1) created and registered.
I0919 00:08:21.344121 1676466 AssetAttributesManager.cpp:117] Asset attributes (icosphereSolid : icosphereSolid_subdivs_1) created and registered.
I0919 00:08:21.344132 1676466 AssetAttributesManager.cpp:117] Asset attributes (icosphereWireframe : icosphereWireframe_subdivs_1) created and registered.
I0919 00:08:21.344148 1676466 AssetAttributesManager.cpp:117] Asset attributes (uvSphereSolid : uvSphereSolid_rings_8_segments_16_useTexCoords_false_useTangents_false) created and registered.
I0919 00:08:21.344163 1676466 AssetAttributesManager.cpp:117] Asset attributes (uvSphereWireframe : uvSphereWireframe_rings_16_segments_32) created and registered.
I0919 00:08:21.344172 1676466 AssetAttributesManager.cpp:105] AssetAttributesManager::buildCtorFuncPtrMaps : Built default primitive asset templates : 12
I0919 00:08:21.344687 1676466 SceneDatasetAttributesManager.cpp:23] File (default) not found, so new default dataset attributes created and registered.
I0919 00:08:21.344691 1676466 MetadataMediator.cpp:47] MetadataMediator::createDataset : Dataset default successfully created.
I0919 00:08:21.344914 1676466 AttributesManagerBase.h:283] AttributesManager<T>::createFromJsonOrDefaultInternal  (Physics Manager) : Proposing JSON name : ./data/default.physics_config.json from original name : ./data/default.physics_config.json | This file  does not exist.
I0919 00:08:21.344929 1676466 PhysicsAttributesManager.cpp:27] File (./data/default.physics_config.json) not found, so new default physics manager attributes created and registered.
I0919 00:08:21.344934 1676466 AbstractObjectAttributesManagerBase.h:175] AbstractObjectAttributesManager<T>::createObject  (Stage) : Making attributes with handle : /mnt/data_nas/deeprobotics/daiyang/vla/third_party/ETP-R1/data/scene_datasets/mp3d/B6ByNegPMKs/B6ByNegPMKs.glb
I0919 00:08:21.344939 1676466 ManagedContainerBase.cpp:19] ManagedContainerBase::convertFilenameToJSON : Filename : /mnt/data_nas/deeprobotics/daiyang/vla/third_party/ETP-R1/data/scene_datasets/mp3d/B6ByNegPMKs/B6ByNegPMKs.glb changed to proposed JSON configuration filename : /mnt/data_nas/deeprobotics/daiyang/vla/third_party/ETP-R1/data/scene_datasets/mp3d/B6ByNegPMKs/B6ByNegPMKs.stage_config.json
I0919 00:08:21.344961 1676466 AttributesManagerBase.h:283] AttributesManager<T>::createFromJsonOrDefaultInternal  (Stage) : Proposing JSON name : /mnt/data_nas/deeprobotics/daiyang/vla/third_party/ETP-R1/data/scene_datasets/mp3d/B6ByNegPMKs/B6ByNegPMKs.stage_config.json from original name : /mnt/data_nas/deeprobotics/daiyang/vla/third_party/ETP-R1/data/scene_datasets/mp3d/B6ByNegPMKs/B6ByNegPMKs.glb | This file  does not exist.
I0919 00:08:21.345017 1676466 AbstractObjectAttributesManagerBase.h:181] AbstractObjectAttributesManager<T>::createObject  (Stage) : Done making attributes with handle : /mnt/data_nas/deeprobotics/daiyang/vla/third_party/ETP-R1/data/scene_datasets/mp3d/B6ByNegPMKs/B6ByNegPMKs.glb
I0919 00:08:21.345021 1676466 AbstractObjectAttributesManagerBase.h:188] File (/mnt/data_nas/deeprobotics/daiyang/vla/third_party/ETP-R1/data/scene_datasets/mp3d/B6ByNegPMKs/B6ByNegPMKs.glb) exists but is not a recognized config filename extension, so new default Stage attributes created and registered.
I0919 00:08:21.345026 1676466 Simulator.cpp:156] Loading navmesh from /mnt/data_nas/deeprobotics/daiyang/vla/third_party/ETP-R1/data/scene_datasets/mp3d/B6ByNegPMKs/B6ByNegPMKs.navmesh
I0919 00:08:21.346266 1676466 Simulator.cpp:158] Loaded.
I0919 00:08:21.346289 1676466 SceneGraph.h:93] Created DrawableGroup: 
Renderer: NVIDIA GeForce RTX 5090/PCIe/SSE2 by NVIDIA Corporation
OpenGL version: 4.6.0 NVIDIA 580.126.09
Using optional features:
    GL_ARB_ES2_compatibility
    GL_ARB_direct_state_access
    GL_ARB_get_texture_sub_image
    GL_ARB_invalidate_subdata
    GL_ARB_multi_bind
    GL_ARB_robustness
    GL_ARB_separate_shader_objects
    GL_ARB_texture_filter_anisotropic
    GL_ARB_texture_storage
    GL_ARB_texture_storage_multisample
    GL_ARB_vertex_array_object
    GL_KHR_debug
Using driver workarounds:
    no-forward-compatible-core-context
    nv-egl-incorrect-gl11-function-pointers
    no-layout-qualifiers-on-old-glsl
    nv-zero-context-profile-mask
    nv-implementation-color-read-format-dsa-broken
    nv-cubemap-inconsistent-compressed-image-size
    nv-cubemap-broken-full-compressed-image-query
    nv-compressed-block-size-in-bits
I0919 00:08:21.349836 1676466 ResourceManager.cpp:234] ResourceManager::loadStage : Not loading semantic mesh
I0919 00:08:21.349845 1676466 ResourceManager.cpp:262] ResourceManager::loadStage : start load render asset /mnt/data_nas/deeprobotics/daiyang/vla/third_party/ETP-R1/data/scene_datasets/mp3d/B6ByNegPMKs/B6ByNegPMKs.glb.
I0919 00:08:21.349848 1676466 ResourceManager.cpp:569] ResourceManager::loadStageInternal : Attempting to load stage /mnt/data_nas/deeprobotics/daiyang/vla/third_party/ETP-R1/data/scene_datasets/mp3d/B6ByNegPMKs/B6ByNegPMKs.glb 
I0919 00:08:21.349864 1676466 ResourceManager.cpp:1119] Importing Basis files as BC7 for B6ByNegPMKs.glb
W0919 00:08:30.957342 1676466 Simulator.cpp:248] :
---
 The active scene does not contain semantic annotations. 
---
I0919 00:08:31.157207 1676466 simulator.py:213] Loaded navmesh /mnt/data_nas/deeprobotics/daiyang/vla/third_party/ETP-R1/data/scene_datasets/mp3d/B6ByNegPMKs/B6ByNegPMKs.navmesh
I0919 00:09:01.658881 1676466 PhysicsManager.cpp:33] Deconstructing PhysicsManager
I0919 00:09:01.658916 1676466 SemanticScene.h:41] Deconstructing SemanticScene
I0919 00:09:01.674834 1676466 SceneManager.h:25] Deconstructing SceneManager
I0919 00:09:01.674847 1676466 SceneGraph.h:26] Deconstructing SceneGraph
I0919 00:09:01.675247 1676466 Sensor.h:87] Deconstructing Sensor
I0919 00:09:01.686740 1676466 Renderer.cpp:34] Deconstructing Renderer
I0919 00:09:01.686765 1676466 WindowlessContext.h:17] Deconstructing WindowlessContext
I0919 00:09:01.694557 1676466 ManagedContainerBase.cpp:19] ManagedContainerBase::convertFilenameToJSON : Filename : default changed to proposed JSON configuration filename : default.scene_dataset_config.json
I0919 00:09:01.694581 1676466 AttributesManagerBase.h:283] AttributesManager<T>::createFromJsonOrDefaultInternal  (Dataset) : Proposing JSON name : default.scene_dataset_config.json from original name : default | This file  does not exist.
I0919 00:09:01.694689 1676466 AssetAttributesManager.cpp:117] Asset attributes (capsule3DSolid : capsule3DSolid_hemiRings_4_cylRings_1_segments_12_halfLen_0.75_useTexCoords_false_useTangents_false) created and registered.
I0919 00:09:01.694715 1676466 AssetAttributesManager.cpp:117] Asset attributes (capsule3DWireframe : capsule3DWireframe_hemiRings_8_cylRings_1_segments_16_halfLen_1) created and registered.
I0919 00:09:01.694738 1676466 AssetAttributesManager.cpp:117] Asset attributes (coneSolid : coneSolid_segments_12_halfLen_1.25_rings_1_useTexCoords_false_useTangents_false_capEnd_true) created and registered.
I0919 00:09:01.694752 1676466 AssetAttributesManager.cpp:117] Asset attributes (coneWireframe : coneWireframe_segments_32_halfLen_1.25) created and registered.
I0919 00:09:01.694761 1676466 AssetAttributesManager.cpp:117] Asset attributes (cubeSolid : cubeSolid) created and registered.
I0919 00:09:01.694768 1676466 AssetAttributesManager.cpp:117] Asset attributes (cubeWireframe : cubeWireframe) created and registered.
I0919 00:09:01.694787 1676466 AssetAttributesManager.cpp:117] Asset attributes (cylinderSolid : cylinderSolid_rings_1_segments_12_halfLen_1_useTexCoords_false_useTangents_false_capEnds_true) created and registered.
I0919 00:09:01.694803 1676466 AssetAttributesManager.cpp:117] Asset attributes (cylinderWireframe : cylinderWireframe_rings_1_segments_32_halfLen_1) created and registered.
I0919 00:09:01.694814 1676466 AssetAttributesManager.cpp:117] Asset attributes (icosphereSolid : icosphereSolid_subdivs_1) created and registered.
I0919 00:09:01.694823 1676466 AssetAttributesManager.cpp:117] Asset attributes (icosphereWireframe : icosphereWireframe_subdivs_1) created and registered.
I0919 00:09:01.694836 1676466 AssetAttributesManager.cpp:117] Asset attributes (uvSphereSolid : uvSphereSolid_rings_8_segments_16_useTexCoords_false_useTangents_false) created and registered.
I0919 00:09:01.694849 1676466 AssetAttributesManager.cpp:117] Asset attributes (uvSphereWireframe : uvSphereWireframe_rings_16_segments_32) created and registered.
I0919 00:09:01.694855 1676466 AssetAttributesManager.cpp:105] AssetAttributesManager::buildCtorFuncPtrMaps : Built default primitive asset templates : 12
I0919 00:09:01.695261 1676466 SceneDatasetAttributesManager.cpp:23] File (default) not found, so new default dataset attributes created and registered.
I0919 00:09:01.695263 1676466 MetadataMediator.cpp:47] MetadataMediator::createDataset : Dataset default successfully created.
I0919 00:09:01.696343 1676466 AttributesManagerBase.h:283] AttributesManager<T>::createFromJsonOrDefaultInternal  (Physics Manager) : Proposing JSON name : ./data/default.physics_config.json from original name : ./data/default.physics_config.json | This file  does not exist.
I0919 00:09:01.696358 1676466 PhysicsAttributesManager.cpp:27] File (./data/default.physics_config.json) not found, so new default physics manager attributes created and registered.
I0919 00:09:01.696362 1676466 AbstractObjectAttributesManagerBase.h:175] AbstractObjectAttributesManager<T>::createObject  (Stage) : Making attributes with handle : /mnt/data_nas/deeprobotics/daiyang/vla/third_party/ETP-R1/data/scene_datasets/mp3d/PuKPg4mmafe/PuKPg4mmafe.glb
I0919 00:09:01.696365 1676466 ManagedContainerBase.cpp:19] ManagedContainerBase::convertFilenameToJSON : Filename : /mnt/data_nas/deeprobotics/daiyang/vla/third_party/ETP-R1/data/scene_datasets/mp3d/PuKPg4mmafe/PuKPg4mmafe.glb changed to proposed JSON configuration filename : /mnt/data_nas/deeprobotics/daiyang/vla/third_party/ETP-R1/data/scene_datasets/mp3d/PuKPg4mmafe/PuKPg4mmafe.stage_config.json
I0919 00:09:01.696376 1676466 AttributesManagerBase.h:283] AttributesManager<T>::createFromJsonOrDefaultInternal  (Stage) : Proposing JSON name : /mnt/data_nas/deeprobotics/daiyang/vla/third_party/ETP-R1/data/scene_datasets/mp3d/PuKPg4mmafe/PuKPg4mmafe.stage_config.json from original name : /mnt/data_nas/deeprobotics/daiyang/vla/third_party/ETP-R1/data/scene_datasets/mp3d/PuKPg4mmafe/PuKPg4mmafe.glb | This file  does not exist.
I0919 00:09:01.696425 1676466 AbstractObjectAttributesManagerBase.h:181] AbstractObjectAttributesManager<T>::createObject  (Stage) : Done making attributes with handle : /mnt/data_nas/deeprobotics/daiyang/vla/third_party/ETP-R1/data/scene_datasets/mp3d/PuKPg4mmafe/PuKPg4mmafe.glb
I0919 00:09:01.696427 1676466 AbstractObjectAttributesManagerBase.h:188] File (/mnt/data_nas/deeprobotics/daiyang/vla/third_party/ETP-R1/data/scene_datasets/mp3d/PuKPg4mmafe/PuKPg4mmafe.glb) exists but is not a recognized config filename extension, so new default Stage attributes created and registered.
I0919 00:09:01.696434 1676466 Simulator.cpp:156] Loading navmesh from /mnt/data_nas/deeprobotics/daiyang/vla/third_party/ETP-R1/data/scene_datasets/mp3d/PuKPg4mmafe/PuKPg4mmafe.navmesh
I0919 00:09:01.697319 1676466 Simulator.cpp:158] Loaded.
I0919 00:09:01.697327 1676466 SceneGraph.h:93] Created DrawableGroup: 
Renderer: NVIDIA GeForce RTX 5090/PCIe/SSE2 by NVIDIA Corporation
OpenGL version: 4.6.0 NVIDIA 580.126.09
Using optional features:
    GL_ARB_ES2_compatibility
    GL_ARB_direct_state_access
    GL_ARB_get_texture_sub_image
    GL_ARB_invalidate_subdata
    GL_ARB_multi_bind
    GL_ARB_robustness
    GL_ARB_separate_shader_objects
    GL_ARB_texture_filter_anisotropic
    GL_ARB_texture_storage
    GL_ARB_texture_storage_multisample
    GL_ARB_vertex_array_object
    GL_KHR_debug
Using driver workarounds:
    no-forward-compatible-core-context
    nv-egl-incorrect-gl11-function-pointers
    no-layout-qualifiers-on-old-glsl
    nv-zero-context-profile-mask
    nv-implementation-color-read-format-dsa-broken
    nv-cubemap-inconsistent-compressed-image-size
    nv-cubemap-broken-full-compressed-image-query
    nv-compressed-block-size-in-bits
I0919 00:09:01.700906 1676466 ResourceManager.cpp:234] ResourceManager::loadStage : Not loading semantic mesh
I0919 00:09:01.700915 1676466 ResourceManager.cpp:262] ResourceManager::loadStage : start load render asset /mnt/data_nas/deeprobotics/daiyang/vla/third_party/ETP-R1/data/scene_datasets/mp3d/PuKPg4mmafe/PuKPg4mmafe.glb.
I0919 00:09:01.700918 1676466 ResourceManager.cpp:569] ResourceManager::loadStageInternal : Attempting to load stage /mnt/data_nas/deeprobotics/daiyang/vla/third_party/ETP-R1/data/scene_datasets/mp3d/PuKPg4mmafe/PuKPg4mmafe.glb 
I0919 00:09:01.700934 1676466 ResourceManager.cpp:1119] Importing Basis files as BC7 for PuKPg4mmafe.glb
W0919 00:09:06.318984 1676466 Simulator.cpp:248] :
---
 The active scene does not contain semantic annotations. 
---
I0919 00:09:06.339148 1676466 simulator.py:213] Loaded navmesh /mnt/data_nas/deeprobotics/daiyang/vla/third_party/ETP-R1/data/scene_datasets/mp3d/PuKPg4mmafe/PuKPg4mmafe.navmesh
I0919 00:10:00.749192 1676466 PhysicsManager.cpp:33] Deconstructing PhysicsManager
I0919 00:10:00.749236 1676466 SemanticScene.h:41] Deconstructing SemanticScene
I0919 00:10:00.749917 1676466 SceneManager.h:25] Deconstructing SceneManager
I0919 00:10:00.749923 1676466 SceneGraph.h:26] Deconstructing SceneGraph
I0919 00:10:00.750131 1676466 Sensor.h:87] Deconstructing Sensor
I0919 00:10:00.753780 1676466 Renderer.cpp:34] Deconstructing Renderer
I0919 00:10:00.753804 1676466 WindowlessContext.h:17] Deconstructing WindowlessContext
I0919 00:10:00.807894 1676466 ManagedContainerBase.cpp:19] ManagedContainerBase::convertFilenameToJSON : Filename : default changed to proposed JSON configuration filename : default.scene_dataset_config.json
I0919 00:10:00.807916 1676466 AttributesManagerBase.h:283] AttributesManager<T>::createFromJsonOrDefaultInternal  (Dataset) : Proposing JSON name : default.scene_dataset_config.json from original name : default | This file  does not exist.
I0919 00:10:00.808013 1676466 AssetAttributesManager.cpp:117] Asset attributes (capsule3DSolid : capsule3DSolid_hemiRings_4_cylRings_1_segments_12_halfLen_0.75_useTexCoords_false_useTangents_false) created and registered.
I0919 00:10:00.808048 1676466 AssetAttributesManager.cpp:117] Asset attributes (capsule3DWireframe : capsule3DWireframe_hemiRings_8_cylRings_1_segments_16_halfLen_1) created and registered.
I0919 00:10:00.808071 1676466 AssetAttributesManager.cpp:117] Asset attributes (coneSolid : coneSolid_segments_12_halfLen_1.25_rings_1_useTexCoords_false_useTangents_false_capEnd_true) created and registered.
I0919 00:10:00.808086 1676466 AssetAttributesManager.cpp:117] Asset attributes (coneWireframe : coneWireframe_segments_32_halfLen_1.25) created and registered.
I0919 00:10:00.808094 1676466 AssetAttributesManager.cpp:117] Asset attributes (cubeSolid : cubeSolid) created and registered.
I0919 00:10:00.808101 1676466 AssetAttributesManager.cpp:117] Asset attributes (cubeWireframe : cubeWireframe) created and registered.
I0919 00:10:00.808120 1676466 AssetAttributesManager.cpp:117] Asset attributes (cylinderSolid : cylinderSolid_rings_1_segments_12_halfLen_1_useTexCoords_false_useTangents_false_capEnds_true) created and registered.
I0919 00:10:00.808139 1676466 AssetAttributesManager.cpp:117] Asset attributes (cylinderWireframe : cylinderWireframe_rings_1_segments_32_halfLen_1) created and registered.
I0919 00:10:00.808151 1676466 AssetAttributesManager.cpp:117] Asset attributes (icosphereSolid : icosphereSolid_subdivs_1) created and registered.
I0919 00:10:00.808159 1676466 AssetAttributesManager.cpp:117] Asset attributes (icosphereWireframe : icosphereWireframe_subdivs_1) created and registered.
I0919 00:10:00.808173 1676466 AssetAttributesManager.cpp:117] Asset attributes (uvSphereSolid : uvSphereSolid_rings_8_segments_16_useTexCoords_false_useTangents_false) created and registered.
I0919 00:10:00.808187 1676466 AssetAttributesManager.cpp:117] Asset attributes (uvSphereWireframe : uvSphereWireframe_rings_16_segments_32) created and registered.
I0919 00:10:00.808193 1676466 AssetAttributesManager.cpp:105] AssetAttributesManager::buildCtorFuncPtrMaps : Built default primitive asset templates : 12
I0919 00:10:00.808614 1676466 SceneDatasetAttributesManager.cpp:23] File (default) not found, so new default dataset attributes created and registered.
I0919 00:10:00.808617 1676466 MetadataMediator.cpp:47] MetadataMediator::createDataset : Dataset default successfully created.
I0919 00:10:00.808820 1676466 AttributesManagerBase.h:283] AttributesManager<T>::createFromJsonOrDefaultInternal  (Physics Manager) : Proposing JSON name : ./data/default.physics_config.json from original name : ./data/default.physics_config.json | This file  does not exist.
I0919 00:10:00.808831 1676466 PhysicsAttributesManager.cpp:27] File (./data/default.physics_config.json) not found, so new default physics manager attributes created and registered.
I0919 00:10:00.808835 1676466 AbstractObjectAttributesManagerBase.h:175] AbstractObjectAttributesManager<T>::createObject  (Stage) : Making attributes with handle : /mnt/data_nas/deeprobotics/daiyang/vla/third_party/ETP-R1/data/scene_datasets/mp3d/XcA2TqTSSAj/XcA2TqTSSAj.glb
I0919 00:10:00.808840 1676466 ManagedContainerBase.cpp:19] ManagedContainerBase::convertFilenameToJSON : Filename : /mnt/data_nas/deeprobotics/daiyang/vla/third_party/ETP-R1/data/scene_datasets/mp3d/XcA2TqTSSAj/XcA2TqTSSAj.glb changed to proposed JSON configuration filename : /mnt/data_nas/deeprobotics/daiyang/vla/third_party/ETP-R1/data/scene_datasets/mp3d/XcA2TqTSSAj/XcA2TqTSSAj.stage_config.json
I0919 00:10:00.809787 1676466 AttributesManagerBase.h:283] AttributesManager<T>::createFromJsonOrDefaultInternal  (Stage) : Proposing JSON name : /mnt/data_nas/deeprobotics/daiyang/vla/third_party/ETP-R1/data/scene_datasets/mp3d/XcA2TqTSSAj/XcA2TqTSSAj.stage_config.json from original name : /mnt/data_nas/deeprobotics/daiyang/vla/third_party/ETP-R1/data/scene_datasets/mp3d/XcA2TqTSSAj/XcA2TqTSSAj.glb | This file  does not exist.
I0919 00:10:00.809836 1676466 AbstractObjectAttributesManagerBase.h:181] AbstractObjectAttributesManager<T>::createObject  (Stage) : Done making attributes with handle : /mnt/data_nas/deeprobotics/daiyang/vla/third_party/ETP-R1/data/scene_datasets/mp3d/XcA2TqTSSAj/XcA2TqTSSAj.glb
I0919 00:10:00.809842 1676466 AbstractObjectAttributesManagerBase.h:188] File (/mnt/data_nas/deeprobotics/daiyang/vla/third_party/ETP-R1/data/scene_datasets/mp3d/XcA2TqTSSAj/XcA2TqTSSAj.glb) exists but is not a recognized config filename extension, so new default Stage attributes created and registered.
I0919 00:10:00.809849 1676466 Simulator.cpp:156] Loading navmesh from /mnt/data_nas/deeprobotics/daiyang/vla/third_party/ETP-R1/data/scene_datasets/mp3d/XcA2TqTSSAj/XcA2TqTSSAj.navmesh
I0919 00:10:00.810942 1676466 Simulator.cpp:158] Loaded.
I0919 00:10:00.810951 1676466 SceneGraph.h:93] Created DrawableGroup: 
Renderer: NVIDIA GeForce RTX 5090/PCIe/SSE2 by NVIDIA Corporation
OpenGL version: 4.6.0 NVIDIA 580.126.09
Using optional features:
    GL_ARB_ES2_compatibility
    GL_ARB_direct_state_access
    GL_ARB_get_texture_sub_image
    GL_ARB_invalidate_subdata
    GL_ARB_multi_bind
    GL_ARB_robustness
    GL_ARB_separate_shader_objects
    GL_ARB_texture_filter_anisotropic
    GL_ARB_texture_storage
    GL_ARB_texture_storage_multisample
    GL_ARB_vertex_array_object
    GL_KHR_debug
Using driver workarounds:
    no-forward-compatible-core-context
    nv-egl-incorrect-gl11-function-pointers
    no-layout-qualifiers-on-old-glsl
    nv-zero-context-profile-mask
    nv-implementation-color-read-format-dsa-broken
    nv-cubemap-inconsistent-compressed-image-size
    nv-cubemap-broken-full-compressed-image-query
    nv-compressed-block-size-in-bits
I0919 00:10:00.821919 1676466 ResourceManager.cpp:234] ResourceManager::loadStage : Not loading semantic mesh
I0919 00:10:00.821928 1676466 ResourceManager.cpp:262] ResourceManager::loadStage : start load render asset /mnt/data_nas/deeprobotics/daiyang/vla/third_party/ETP-R1/data/scene_datasets/mp3d/XcA2TqTSSAj/XcA2TqTSSAj.glb.
I0919 00:10:00.821930 1676466 ResourceManager.cpp:569] ResourceManager::loadStageInternal : Attempting to load stage /mnt/data_nas/deeprobotics/daiyang/vla/third_party/ETP-R1/data/scene_datasets/mp3d/XcA2TqTSSAj/XcA2TqTSSAj.glb 
I0919 00:10:00.821946 1676466 ResourceManager.cpp:1119] Importing Basis files as BC7 for XcA2TqTSSAj.glb
W0919 00:10:02.807096 1676466 Simulator.cpp:248] :
---
 The active scene does not contain semantic annotations. 
---
I0919 00:10:02.860970 1676466 simulator.py:213] Loaded navmesh /mnt/data_nas/deeprobotics/daiyang/vla/third_party/ETP-R1/data/scene_datasets/mp3d/XcA2TqTSSAj/XcA2TqTSSAj.navmesh
I0919 00:10:22.433060 1676466 PhysicsManager.cpp:33] Deconstructing PhysicsManager
I0919 00:10:22.433111 1676466 SemanticScene.h:41] Deconstructing SemanticScene
I0919 00:10:22.437254 1676466 SceneManager.h:25] Deconstructing SceneManager
I0919 00:10:22.437274 1676466 SceneGraph.h:26] Deconstructing SceneGraph
I0919 00:10:22.437927 1676466 Sensor.h:87] Deconstructing Sensor
I0919 00:10:22.441622 1676466 Renderer.cpp:34] Deconstructing Renderer
I0919 00:10:22.441651 1676466 WindowlessContext.h:17] Deconstructing WindowlessContext
I0919 00:10:22.450120 1676466 ManagedContainerBase.cpp:19] ManagedContainerBase::convertFilenameToJSON : Filename : default changed to proposed JSON configuration filename : default.scene_dataset_config.json
I0919 00:10:22.450147 1676466 AttributesManagerBase.h:283] AttributesManager<T>::createFromJsonOrDefaultInternal  (Dataset) : Proposing JSON name : default.scene_dataset_config.json from original name : default | This file  does not exist.
I0919 00:10:22.450346 1676466 AssetAttributesManager.cpp:117] Asset attributes (capsule3DSolid : capsule3DSolid_hemiRings_4_cylRings_1_segments_12_halfLen_0.75_useTexCoords_false_useTangents_false) created and registered.
I0919 00:10:22.450392 1676466 AssetAttributesManager.cpp:117] Asset attributes (capsule3DWireframe : capsule3DWireframe_hemiRings_8_cylRings_1_segments_16_halfLen_1) created and registered.
I0919 00:10:22.450426 1676466 AssetAttributesManager.cpp:117] Asset attributes (coneSolid : coneSolid_segments_12_halfLen_1.25_rings_1_useTexCoords_false_useTangents_false_capEnd_true) created and registered.
I0919 00:10:22.450459 1676466 AssetAttributesManager.cpp:117] Asset attributes (coneWireframe : coneWireframe_segments_32_halfLen_1.25) created and registered.
I0919 00:10:22.450476 1676466 AssetAttributesManager.cpp:117] Asset attributes (cubeSolid : cubeSolid) created and registered.
I0919 00:10:22.450489 1676466 AssetAttributesManager.cpp:117] Asset attributes (cubeWireframe : cubeWireframe) created and registered.
I0919 00:10:22.450528 1676466 AssetAttributesManager.cpp:117] Asset attributes (cylinderSolid : cylinderSolid_rings_1_segments_12_halfLen_1_useTexCoords_false_useTangents_false_capEnds_true) created and registered.
I0919 00:10:22.450562 1676466 AssetAttributesManager.cpp:117] Asset attributes (cylinderWireframe : cylinderWireframe_rings_1_segments_32_halfLen_1) created and registered.
I0919 00:10:22.450582 1676466 AssetAttributesManager.cpp:117] Asset attributes (icosphereSolid : icosphereSolid_subdivs_1) created and registered.
I0919 00:10:22.450598 1676466 AssetAttributesManager.cpp:117] Asset attributes (icosphereWireframe : icosphereWireframe_subdivs_1) created and registered.
I0919 00:10:22.450623 1676466 AssetAttributesManager.cpp:117] Asset attributes (uvSphereSolid : uvSphereSolid_rings_8_segments_16_useTexCoords_false_useTangents_false) created and registered.
I0919 00:10:22.450646 1676466 AssetAttributesManager.cpp:117] Asset attributes (uvSphereWireframe : uvSphereWireframe_rings_16_segments_32) created and registered.
I0919 00:10:22.450657 1676466 AssetAttributesManager.cpp:105] AssetAttributesManager::buildCtorFuncPtrMaps : Built default primitive asset templates : 12
I0919 00:10:22.451354 1676466 SceneDatasetAttributesManager.cpp:23] File (default) not found, so new default dataset attributes created and registered.
I0919 00:10:22.451361 1676466 MetadataMediator.cpp:47] MetadataMediator::createDataset : Dataset default successfully created.
I0919 00:10:22.451622 1676466 AttributesManagerBase.h:283] AttributesManager<T>::createFromJsonOrDefaultInternal  (Physics Manager) : Proposing JSON name : ./data/default.physics_config.json from original name : ./data/default.physics_config.json | This file  does not exist.
I0919 00:10:22.451642 1676466 PhysicsAttributesManager.cpp:27] File (./data/default.physics_config.json) not found, so new default physics manager attributes created and registered.
I0919 00:10:22.451646 1676466 AbstractObjectAttributesManagerBase.h:175] AbstractObjectAttributesManager<T>::createObject  (Stage) : Making attributes with handle : /mnt/data_nas/deeprobotics/daiyang/vla/third_party/ETP-R1/data/scene_datasets/mp3d/aayBHfsNo7d/aayBHfsNo7d.glb
I0919 00:10:22.451653 1676466 ManagedContainerBase.cpp:19] ManagedContainerBase::convertFilenameToJSON : Filename : /mnt/data_nas/deeprobotics/daiyang/vla/third_party/ETP-R1/data/scene_datasets/mp3d/aayBHfsNo7d/aayBHfsNo7d.glb changed to proposed JSON configuration filename : /mnt/data_nas/deeprobotics/daiyang/vla/third_party/ETP-R1/data/scene_datasets/mp3d/aayBHfsNo7d/aayBHfsNo7d.stage_config.json
I0919 00:10:22.451668 1676466 AttributesManagerBase.h:283] AttributesManager<T>::createFromJsonOrDefaultInternal  (Stage) : Proposing JSON name : /mnt/data_nas/deeprobotics/daiyang/vla/third_party/ETP-R1/data/scene_datasets/mp3d/aayBHfsNo7d/aayBHfsNo7d.stage_config.json from original name : /mnt/data_nas/deeprobotics/daiyang/vla/third_party/ETP-R1/data/scene_datasets/mp3d/aayBHfsNo7d/aayBHfsNo7d.glb | This file  does not exist.
I0919 00:10:22.451754 1676466 AbstractObjectAttributesManagerBase.h:181] AbstractObjectAttributesManager<T>::createObject  (Stage) : Done making attributes with handle : /mnt/data_nas/deeprobotics/daiyang/vla/third_party/ETP-R1/data/scene_datasets/mp3d/aayBHfsNo7d/aayBHfsNo7d.glb
I0919 00:10:22.451758 1676466 AbstractObjectAttributesManagerBase.h:188] File (/mnt/data_nas/deeprobotics/daiyang/vla/third_party/ETP-R1/data/scene_datasets/mp3d/aayBHfsNo7d/aayBHfsNo7d.glb) exists but is not a recognized config filename extension, so new default Stage attributes created and registered.
I0919 00:10:22.451776 1676466 Simulator.cpp:156] Loading navmesh from /mnt/data_nas/deeprobotics/daiyang/vla/third_party/ETP-R1/data/scene_datasets/mp3d/aayBHfsNo7d/aayBHfsNo7d.navmesh
I0919 00:10:22.452622 1676466 Simulator.cpp:158] Loaded.
I0919 00:10:22.452634 1676466 SceneGraph.h:93] Created DrawableGroup: 
Renderer: NVIDIA GeForce RTX 5090/PCIe/SSE2 by NVIDIA Corporation
OpenGL version: 4.6.0 NVIDIA 580.126.09
Using optional features:
    GL_ARB_ES2_compatibility
    GL_ARB_direct_state_access
    GL_ARB_get_texture_sub_image
    GL_ARB_invalidate_subdata
    GL_ARB_multi_bind
    GL_ARB_robustness
    GL_ARB_separate_shader_objects
    GL_ARB_texture_filter_anisotropic
    GL_ARB_texture_storage
    GL_ARB_texture_storage_multisample
    GL_ARB_vertex_array_object
    GL_KHR_debug
Using driver workarounds:
    no-forward-compatible-core-context
    nv-egl-incorrect-gl11-function-pointers
    no-layout-qualifiers-on-old-glsl
    nv-zero-context-profile-mask
    nv-implementation-color-read-format-dsa-broken
    nv-cubemap-inconsistent-compressed-image-size
    nv-cubemap-broken-full-compressed-image-query
    nv-compressed-block-size-in-bits
I0919 00:10:22.457672 1676466 ResourceManager.cpp:234] ResourceManager::loadStage : Not loading semantic mesh
I0919 00:10:22.457685 1676466 ResourceManager.cpp:262] ResourceManager::loadStage : start load render asset /mnt/data_nas/deeprobotics/daiyang/vla/third_party/ETP-R1/data/scene_datasets/mp3d/aayBHfsNo7d/aayBHfsNo7d.glb.
I0919 00:10:22.457688 1676466 ResourceManager.cpp:569] ResourceManager::loadStageInternal : Attempting to load stage /mnt/data_nas/deeprobotics/daiyang/vla/third_party/ETP-R1/data/scene_datasets/mp3d/aayBHfsNo7d/aayBHfsNo7d.glb 
I0919 00:10:22.457710 1676466 ResourceManager.cpp:1119] Importing Basis files as BC7 for aayBHfsNo7d.glb
W0919 00:10:23.987740 1676466 Simulator.cpp:248] :
---
 The active scene does not contain semantic annotations. 
---
I0919 00:10:24.027609 1676466 simulator.py:213] Loaded navmesh /mnt/data_nas/deeprobotics/daiyang/vla/third_party/ETP-R1/data/scene_datasets/mp3d/aayBHfsNo7d/aayBHfsNo7d.navmesh
I0919 00:10:50.686014 1676466 PhysicsManager.cpp:33] Deconstructing PhysicsManager
I0919 00:10:50.686048 1676466 SemanticScene.h:41] Deconstructing SemanticScene
I0919 00:10:50.688081 1676466 SceneManager.h:25] Deconstructing SceneManager
I0919 00:10:50.688089 1676466 SceneGraph.h:26] Deconstructing SceneGraph
I0919 00:10:50.688262 1676466 Sensor.h:87] Deconstructing Sensor
I0919 00:10:50.690145 1676466 Renderer.cpp:34] Deconstructing Renderer
I0919 00:10:50.690168 1676466 WindowlessContext.h:17] Deconstructing WindowlessContext
I0919 00:10:50.695377 1676466 ManagedContainerBase.cpp:19] ManagedContainerBase::convertFilenameToJSON : Filename : default changed to proposed JSON configuration filename : default.scene_dataset_config.json
I0919 00:10:50.695394 1676466 AttributesManagerBase.h:283] AttributesManager<T>::createFromJsonOrDefaultInternal  (Dataset) : Proposing JSON name : default.scene_dataset_config.json from original name : default | This file  does not exist.
I0919 00:10:50.695534 1676466 AssetAttributesManager.cpp:117] Asset attributes (capsule3DSolid : capsule3DSolid_hemiRings_4_cylRings_1_segments_12_halfLen_0.75_useTexCoords_false_useTangents_false) created and registered.
I0919 00:10:50.695561 1676466 AssetAttributesManager.cpp:117] Asset attributes (capsule3DWireframe : capsule3DWireframe_hemiRings_8_cylRings_1_segments_16_halfLen_1) created and registered.
I0919 00:10:50.695585 1676466 AssetAttributesManager.cpp:117] Asset attributes (coneSolid : coneSolid_segments_12_halfLen_1.25_rings_1_useTexCoords_false_useTangents_false_capEnd_true) created and registered.
I0919 00:10:50.695600 1676466 AssetAttributesManager.cpp:117] Asset attributes (coneWireframe : coneWireframe_segments_32_halfLen_1.25) created and registered.
I0919 00:10:50.695608 1676466 AssetAttributesManager.cpp:117] Asset attributes (cubeSolid : cubeSolid) created and registered.
I0919 00:10:50.695616 1676466 AssetAttributesManager.cpp:117] Asset attributes (cubeWireframe : cubeWireframe) created and registered.
I0919 00:10:50.695641 1676466 AssetAttributesManager.cpp:117] Asset attributes (cylinderSolid : cylinderSolid_rings_1_segments_12_halfLen_1_useTexCoords_false_useTangents_false_capEnds_true) created and registered.
I0919 00:10:50.695658 1676466 AssetAttributesManager.cpp:117] Asset attributes (cylinderWireframe : cylinderWireframe_rings_1_segments_32_halfLen_1) created and registered.
I0919 00:10:50.695669 1676466 AssetAttributesManager.cpp:117] Asset attributes (icosphereSolid : icosphereSolid_subdivs_1) created and registered.
I0919 00:10:50.695677 1676466 AssetAttributesManager.cpp:117] Asset attributes (icosphereWireframe : icosphereWireframe_subdivs_1) created and registered.
I0919 00:10:50.695691 1676466 AssetAttributesManager.cpp:117] Asset attributes (uvSphereSolid : uvSphereSolid_rings_8_segments_16_useTexCoords_false_useTangents_false) created and registered.
I0919 00:10:50.695703 1676466 AssetAttributesManager.cpp:117] Asset attributes (uvSphereWireframe : uvSphereWireframe_rings_16_segments_32) created and registered.
I0919 00:10:50.695709 1676466 AssetAttributesManager.cpp:105] AssetAttributesManager::buildCtorFuncPtrMaps : Built default primitive asset templates : 12
I0919 00:10:50.696108 1676466 SceneDatasetAttributesManager.cpp:23] File (default) not found, so new default dataset attributes created and registered.
I0919 00:10:50.696110 1676466 MetadataMediator.cpp:47] MetadataMediator::createDataset : Dataset default successfully created.
I0919 00:10:50.696302 1676466 AttributesManagerBase.h:283] AttributesManager<T>::createFromJsonOrDefaultInternal  (Physics Manager) : Proposing JSON name : ./data/default.physics_config.json from original name : ./data/default.physics_config.json | This file  does not exist.
I0919 00:10:50.696316 1676466 PhysicsAttributesManager.cpp:27] File (./data/default.physics_config.json) not found, so new default physics manager attributes created and registered.
I0919 00:10:50.696319 1676466 AbstractObjectAttributesManagerBase.h:175] AbstractObjectAttributesManager<T>::createObject  (Stage) : Making attributes with handle : /mnt/data_nas/deeprobotics/daiyang/vla/third_party/ETP-R1/data/scene_datasets/mp3d/82sE5b5pLXE/82sE5b5pLXE.glb
I0919 00:10:50.696324 1676466 ManagedContainerBase.cpp:19] ManagedContainerBase::convertFilenameToJSON : Filename : /mnt/data_nas/deeprobotics/daiyang/vla/third_party/ETP-R1/data/scene_datasets/mp3d/82sE5b5pLXE/82sE5b5pLXE.glb changed to proposed JSON configuration filename : /mnt/data_nas/deeprobotics/daiyang/vla/third_party/ETP-R1/data/scene_datasets/mp3d/82sE5b5pLXE/82sE5b5pLXE.stage_config.json
I0919 00:10:50.696336 1676466 AttributesManagerBase.h:283] AttributesManager<T>::createFromJsonOrDefaultInternal  (Stage) : Proposing JSON name : /mnt/data_nas/deeprobotics/daiyang/vla/third_party/ETP-R1/data/scene_datasets/mp3d/82sE5b5pLXE/82sE5b5pLXE.stage_config.json from original name : /mnt/data_nas/deeprobotics/daiyang/vla/third_party/ETP-R1/data/scene_datasets/mp3d/82sE5b5pLXE/82sE5b5pLXE.glb | This file  does not exist.
I0919 00:10:50.696382 1676466 AbstractObjectAttributesManagerBase.h:181] AbstractObjectAttributesManager<T>::createObject  (Stage) : Done making attributes with handle : /mnt/data_nas/deeprobotics/daiyang/vla/third_party/ETP-R1/data/scene_datasets/mp3d/82sE5b5pLXE/82sE5b5pLXE.glb
I0919 00:10:50.696384 1676466 AbstractObjectAttributesManagerBase.h:188] File (/mnt/data_nas/deeprobotics/daiyang/vla/third_party/ETP-R1/data/scene_datasets/mp3d/82sE5b5pLXE/82sE5b5pLXE.glb) exists but is not a recognized config filename extension, so new default Stage attributes created and registered.
I0919 00:10:50.696388 1676466 Simulator.cpp:156] Loading navmesh from /mnt/data_nas/deeprobotics/daiyang/vla/third_party/ETP-R1/data/scene_datasets/mp3d/82sE5b5pLXE/82sE5b5pLXE.navmesh
I0919 00:10:50.697184 1676466 Simulator.cpp:158] Loaded.
I0919 00:10:50.697191 1676466 SceneGraph.h:93] Created DrawableGroup: 
Renderer: NVIDIA GeForce RTX 5090/PCIe/SSE2 by NVIDIA Corporation
OpenGL version: 4.6.0 NVIDIA 580.126.09
Using optional features:
    GL_ARB_ES2_compatibility
    GL_ARB_direct_state_access
    GL_ARB_get_texture_sub_image
    GL_ARB_invalidate_subdata
    GL_ARB_multi_bind
    GL_ARB_robustness
    GL_ARB_separate_shader_objects
    GL_ARB_texture_filter_anisotropic
    GL_ARB_texture_storage
    GL_ARB_texture_storage_multisample
    GL_ARB_vertex_array_object
    GL_KHR_debug
Using driver workarounds:
    no-forward-compatible-core-context
    nv-egl-incorrect-gl11-function-pointers
    no-layout-qualifiers-on-old-glsl
    nv-zero-context-profile-mask
    nv-implementation-color-read-format-dsa-broken
    nv-cubemap-inconsistent-compressed-image-size
    nv-cubemap-broken-full-compressed-image-query
    nv-compressed-block-size-in-bits
I0919 00:10:50.700711 1676466 ResourceManager.cpp:234] ResourceManager::loadStage : Not loading semantic mesh
I0919 00:10:50.700719 1676466 ResourceManager.cpp:262] ResourceManager::loadStage : start load render asset /mnt/data_nas/deeprobotics/daiyang/vla/third_party/ETP-R1/data/scene_datasets/mp3d/82sE5b5pLXE/82sE5b5pLXE.glb.
I0919 00:10:50.700721 1676466 ResourceManager.cpp:569] ResourceManager::loadStageInternal : Attempting to load stage /mnt/data_nas/deeprobotics/daiyang/vla/third_party/ETP-R1/data/scene_datasets/mp3d/82sE5b5pLXE/82sE5b5pLXE.glb 
I0919 00:10:50.700735 1676466 ResourceManager.cpp:1119] Importing Basis files as BC7 for 82sE5b5pLXE.glb
W0919 00:10:52.678887 1676466 Simulator.cpp:248] :
---
 The active scene does not contain semantic annotations. 
---
I0919 00:10:52.714942 1676466 simulator.py:213] Loaded navmesh /mnt/data_nas/deeprobotics/daiyang/vla/third_party/ETP-R1/data/scene_datasets/mp3d/82sE5b5pLXE/82sE5b5pLXE.navmesh
I0919 00:11:28.542963 1676466 PhysicsManager.cpp:33] Deconstructing PhysicsManager
I0919 00:11:28.543001 1676466 SemanticScene.h:41] Deconstructing SemanticScene
I0919 00:11:28.544165 1676466 SceneManager.h:25] Deconstructing SceneManager
I0919 00:11:28.544173 1676466 SceneGraph.h:26] Deconstructing SceneGraph
I0919 00:11:28.544425 1676466 Sensor.h:87] Deconstructing Sensor
I0919 00:11:28.546919 1676466 Renderer.cpp:34] Deconstructing Renderer
I0919 00:11:28.546942 1676466 WindowlessContext.h:17] Deconstructing WindowlessContext
I0919 00:11:28.551235 1676466 ManagedContainerBase.cpp:19] ManagedContainerBase::convertFilenameToJSON : Filename : default changed to proposed JSON configuration filename : default.scene_dataset_config.json
I0919 00:11:28.551254 1676466 AttributesManagerBase.h:283] AttributesManager<T>::createFromJsonOrDefaultInternal  (Dataset) : Proposing JSON name : default.scene_dataset_config.json from original name : default | This file  does not exist.
I0919 00:11:28.551416 1676466 AssetAttributesManager.cpp:117] Asset attributes (capsule3DSolid : capsule3DSolid_hemiRings_4_cylRings_1_segments_12_halfLen_0.75_useTexCoords_false_useTangents_false) created and registered.
I0919 00:11:28.551450 1676466 AssetAttributesManager.cpp:117] Asset attributes (capsule3DWireframe : capsule3DWireframe_hemiRings_8_cylRings_1_segments_16_halfLen_1) created and registered.
I0919 00:11:28.551478 1676466 AssetAttributesManager.cpp:117] Asset attributes (coneSolid : coneSolid_segments_12_halfLen_1.25_rings_1_useTexCoords_false_useTangents_false_capEnd_true) created and registered.
I0919 00:11:28.551496 1676466 AssetAttributesManager.cpp:117] Asset attributes (coneWireframe : coneWireframe_segments_32_halfLen_1.25) created and registered.
I0919 00:11:28.551506 1676466 AssetAttributesManager.cpp:117] Asset attributes (cubeSolid : cubeSolid) created and registered.
I0919 00:11:28.551514 1676466 AssetAttributesManager.cpp:117] Asset attributes (cubeWireframe : cubeWireframe) created and registered.
I0919 00:11:28.551538 1676466 AssetAttributesManager.cpp:117] Asset attributes (cylinderSolid : cylinderSolid_rings_1_segments_12_halfLen_1_useTexCoords_false_useTangents_false_capEnds_true) created and registered.
I0919 00:11:28.551559 1676466 AssetAttributesManager.cpp:117] Asset attributes (cylinderWireframe : cylinderWireframe_rings_1_segments_32_halfLen_1) created and registered.
I0919 00:11:28.551579 1676466 AssetAttributesManager.cpp:117] Asset attributes (icosphereSolid : icosphereSolid_subdivs_1) created and registered.
I0919 00:11:28.551590 1676466 AssetAttributesManager.cpp:117] Asset attributes (icosphereWireframe : icosphereWireframe_subdivs_1) created and registered.
I0919 00:11:28.551607 1676466 AssetAttributesManager.cpp:117] Asset attributes (uvSphereSolid : uvSphereSolid_rings_8_segments_16_useTexCoords_false_useTangents_false) created and registered.
I0919 00:11:28.551622 1676466 AssetAttributesManager.cpp:117] Asset attributes (uvSphereWireframe : uvSphereWireframe_rings_16_segments_32) created and registered.
I0919 00:11:28.551630 1676466 AssetAttributesManager.cpp:105] AssetAttributesManager::buildCtorFuncPtrMaps : Built default primitive asset templates : 12
I0919 00:11:28.552121 1676466 SceneDatasetAttributesManager.cpp:23] File (default) not found, so new default dataset attributes created and registered.
I0919 00:11:28.552124 1676466 MetadataMediator.cpp:47] MetadataMediator::createDataset : Dataset default successfully created.
I0919 00:11:28.552351 1676466 AttributesManagerBase.h:283] AttributesManager<T>::createFromJsonOrDefaultInternal  (Physics Manager) : Proposing JSON name : ./data/default.physics_config.json from original name : ./data/default.physics_config.json | This file  does not exist.
I0919 00:11:28.552367 1676466 PhysicsAttributesManager.cpp:27] File (./data/default.physics_config.json) not found, so new default physics manager attributes created and registered.
I0919 00:11:28.552372 1676466 AbstractObjectAttributesManagerBase.h:175] AbstractObjectAttributesManager<T>::createObject  (Stage) : Making attributes with handle : /mnt/data_nas/deeprobotics/daiyang/vla/third_party/ETP-R1/data/scene_datasets/mp3d/B6ByNegPMKs/B6ByNegPMKs.glb
I0919 00:11:28.552377 1676466 ManagedContainerBase.cpp:19] ManagedContainerBase::convertFilenameToJSON : Filename : /mnt/data_nas/deeprobotics/daiyang/vla/third_party/ETP-R1/data/scene_datasets/mp3d/B6ByNegPMKs/B6ByNegPMKs.glb changed to proposed JSON configuration filename : /mnt/data_nas/deeprobotics/daiyang/vla/third_party/ETP-R1/data/scene_datasets/mp3d/B6ByNegPMKs/B6ByNegPMKs.stage_config.json
I0919 00:11:28.552392 1676466 AttributesManagerBase.h:283] AttributesManager<T>::createFromJsonOrDefaultInternal  (Stage) : Proposing JSON name : /mnt/data_nas/deeprobotics/daiyang/vla/third_party/ETP-R1/data/scene_datasets/mp3d/B6ByNegPMKs/B6ByNegPMKs.stage_config.json from original name : /mnt/data_nas/deeprobotics/daiyang/vla/third_party/ETP-R1/data/scene_datasets/mp3d/B6ByNegPMKs/B6ByNegPMKs.glb | This file  does not exist.
I0919 00:11:28.552450 1676466 AbstractObjectAttributesManagerBase.h:181] AbstractObjectAttributesManager<T>::createObject  (Stage) : Done making attributes with handle : /mnt/data_nas/deeprobotics/daiyang/vla/third_party/ETP-R1/data/scene_datasets/mp3d/B6ByNegPMKs/B6ByNegPMKs.glb
I0919 00:11:28.552452 1676466 AbstractObjectAttributesManagerBase.h:188] File (/mnt/data_nas/deeprobotics/daiyang/vla/third_party/ETP-R1/data/scene_datasets/mp3d/B6ByNegPMKs/B6ByNegPMKs.glb) exists but is not a recognized config filename extension, so new default Stage attributes created and registered.
I0919 00:11:28.552459 1676466 Simulator.cpp:156] Loading navmesh from /mnt/data_nas/deeprobotics/daiyang/vla/third_party/ETP-R1/data/scene_datasets/mp3d/B6ByNegPMKs/B6ByNegPMKs.navmesh
I0919 00:11:28.554955 1676466 Simulator.cpp:158] Loaded.
I0919 00:11:28.554986 1676466 SceneGraph.h:93] Created DrawableGroup: 
Renderer: NVIDIA GeForce RTX 5090/PCIe/SSE2 by NVIDIA Corporation
OpenGL version: 4.6.0 NVIDIA 580.126.09
Using optional features:
    GL_ARB_ES2_compatibility
    GL_ARB_direct_state_access
    GL_ARB_get_texture_sub_image
    GL_ARB_invalidate_subdata
    GL_ARB_multi_bind
    GL_ARB_robustness
    GL_ARB_separate_shader_objects
    GL_ARB_texture_filter_anisotropic
    GL_ARB_texture_storage
    GL_ARB_texture_storage_multisample
    GL_ARB_vertex_array_object
    GL_KHR_debug
Using driver workarounds:
    no-forward-compatible-core-context
    nv-egl-incorrect-gl11-function-pointers
    no-layout-qualifiers-on-old-glsl
    nv-zero-context-profile-mask
    nv-implementation-color-read-format-dsa-broken
    nv-cubemap-inconsistent-compressed-image-size
    nv-cubemap-broken-full-compressed-image-query
    nv-compressed-block-size-in-bits
I0919 00:11:28.559105 1676466 ResourceManager.cpp:234] ResourceManager::loadStage : Not loading semantic mesh
I0919 00:11:28.559114 1676466 ResourceManager.cpp:262] ResourceManager::loadStage : start load render asset /mnt/data_nas/deeprobotics/daiyang/vla/third_party/ETP-R1/data/scene_datasets/mp3d/B6ByNegPMKs/B6ByNegPMKs.glb.
I0919 00:11:28.559116 1676466 ResourceManager.cpp:569] ResourceManager::loadStageInternal : Attempting to load stage /mnt/data_nas/deeprobotics/daiyang/vla/third_party/ETP-R1/data/scene_datasets/mp3d/B6ByNegPMKs/B6ByNegPMKs.glb 
I0919 00:11:28.559142 1676466 ResourceManager.cpp:1119] Importing Basis files as BC7 for B6ByNegPMKs.glb
W0919 00:11:38.419273 1676466 Simulator.cpp:248] :
---
 The active scene does not contain semantic annotations. 
---
I0919 00:11:38.612193 1676466 simulator.py:213] Loaded navmesh /mnt/data_nas/deeprobotics/daiyang/vla/third_party/ETP-R1/data/scene_datasets/mp3d/B6ByNegPMKs/B6ByNegPMKs.navmesh
I0919 00:15:02.424727 1676466 PhysicsManager.cpp:33] Deconstructing PhysicsManager
I0919 00:15:02.424772 1676466 SemanticScene.h:41] Deconstructing SemanticScene
I0919 00:15:02.441565 1676466 SceneManager.h:25] Deconstructing SceneManager
I0919 00:15:02.441577 1676466 SceneGraph.h:26] Deconstructing SceneGraph
I0919 00:15:02.442024 1676466 Sensor.h:87] Deconstructing Sensor
I0919 00:15:02.455461 1676466 Renderer.cpp:34] Deconstructing Renderer
I0919 00:15:02.455492 1676466 WindowlessContext.h:17] Deconstructing WindowlessContext
I0919 00:15:02.477843 1676466 ManagedContainerBase.cpp:19] ManagedContainerBase::convertFilenameToJSON : Filename : default changed to proposed JSON configuration filename : default.scene_dataset_config.json
I0919 00:15:02.477869 1676466 AttributesManagerBase.h:283] AttributesManager<T>::createFromJsonOrDefaultInternal  (Dataset) : Proposing JSON name : default.scene_dataset_config.json from original name : default | This file  does not exist.
I0919 00:15:02.477952 1676466 AssetAttributesManager.cpp:117] Asset attributes (capsule3DSolid : capsule3DSolid_hemiRings_4_cylRings_1_segments_12_halfLen_0.75_useTexCoords_false_useTangents_false) created and registered.
I0919 00:15:02.477980 1676466 AssetAttributesManager.cpp:117] Asset attributes (capsule3DWireframe : capsule3DWireframe_hemiRings_8_cylRings_1_segments_16_halfLen_1) created and registered.
I0919 00:15:02.478004 1676466 AssetAttributesManager.cpp:117] Asset attributes (coneSolid : coneSolid_segments_12_halfLen_1.25_rings_1_useTexCoords_false_useTangents_false_capEnd_true) created and registered.
I0919 00:15:02.478019 1676466 AssetAttributesManager.cpp:117] Asset attributes (coneWireframe : coneWireframe_segments_32_halfLen_1.25) created and registered.
I0919 00:15:02.478029 1676466 AssetAttributesManager.cpp:117] Asset attributes (cubeSolid : cubeSolid) created and registered.
I0919 00:15:02.478035 1676466 AssetAttributesManager.cpp:117] Asset attributes (cubeWireframe : cubeWireframe) created and registered.
I0919 00:15:02.478055 1676466 AssetAttributesManager.cpp:117] Asset attributes (cylinderSolid : cylinderSolid_rings_1_segments_12_halfLen_1_useTexCoords_false_useTangents_false_capEnds_true) created and registered.
I0919 00:15:02.478073 1676466 AssetAttributesManager.cpp:117] Asset attributes (cylinderWireframe : cylinderWireframe_rings_1_segments_32_halfLen_1) created and registered.
I0919 00:15:02.478084 1676466 AssetAttributesManager.cpp:117] Asset attributes (icosphereSolid : icosphereSolid_subdivs_1) created and registered.
I0919 00:15:02.478093 1676466 AssetAttributesManager.cpp:117] Asset attributes (icosphereWireframe : icosphereWireframe_subdivs_1) created and registered.
I0919 00:15:02.478108 1676466 AssetAttributesManager.cpp:117] Asset attributes (uvSphereSolid : uvSphereSolid_rings_8_segments_16_useTexCoords_false_useTangents_false) created and registered.
I0919 00:15:02.478130 1676466 AssetAttributesManager.cpp:117] Asset attributes (uvSphereWireframe : uvSphereWireframe_rings_16_segments_32) created and registered.
I0919 00:15:02.478137 1676466 AssetAttributesManager.cpp:105] AssetAttributesManager::buildCtorFuncPtrMaps : Built default primitive asset templates : 12
I0919 00:15:02.478559 1676466 SceneDatasetAttributesManager.cpp:23] File (default) not found, so new default dataset attributes created and registered.
I0919 00:15:02.478562 1676466 MetadataMediator.cpp:47] MetadataMediator::createDataset : Dataset default successfully created.
I0919 00:15:02.479789 1676466 AttributesManagerBase.h:283] AttributesManager<T>::createFromJsonOrDefaultInternal  (Physics Manager) : Proposing JSON name : ./data/default.physics_config.json from original name : ./data/default.physics_config.json | This file  does not exist.
I0919 00:15:02.479803 1676466 PhysicsAttributesManager.cpp:27] File (./data/default.physics_config.json) not found, so new default physics manager attributes created and registered.
I0919 00:15:02.479806 1676466 AbstractObjectAttributesManagerBase.h:175] AbstractObjectAttributesManager<T>::createObject  (Stage) : Making attributes with handle : /mnt/data_nas/deeprobotics/daiyang/vla/third_party/ETP-R1/data/scene_datasets/mp3d/PuKPg4mmafe/PuKPg4mmafe.glb
I0919 00:15:02.479810 1676466 ManagedContainerBase.cpp:19] ManagedContainerBase::convertFilenameToJSON : Filename : /mnt/data_nas/deeprobotics/daiyang/vla/third_party/ETP-R1/data/scene_datasets/mp3d/PuKPg4mmafe/PuKPg4mmafe.glb changed to proposed JSON configuration filename : /mnt/data_nas/deeprobotics/daiyang/vla/third_party/ETP-R1/data/scene_datasets/mp3d/PuKPg4mmafe/PuKPg4mmafe.stage_config.json
I0919 00:15:02.483232 1676466 AttributesManagerBase.h:283] AttributesManager<T>::createFromJsonOrDefaultInternal  (Stage) : Proposing JSON name : /mnt/data_nas/deeprobotics/daiyang/vla/third_party/ETP-R1/data/scene_datasets/mp3d/PuKPg4mmafe/PuKPg4mmafe.stage_config.json from original name : /mnt/data_nas/deeprobotics/daiyang/vla/third_party/ETP-R1/data/scene_datasets/mp3d/PuKPg4mmafe/PuKPg4mmafe.glb | This file  does not exist.
I0919 00:15:02.483286 1676466 AbstractObjectAttributesManagerBase.h:181] AbstractObjectAttributesManager<T>::createObject  (Stage) : Done making attributes with handle : /mnt/data_nas/deeprobotics/daiyang/vla/third_party/ETP-R1/data/scene_datasets/mp3d/PuKPg4mmafe/PuKPg4mmafe.glb
I0919 00:15:02.483289 1676466 AbstractObjectAttributesManagerBase.h:188] File (/mnt/data_nas/deeprobotics/daiyang/vla/third_party/ETP-R1/data/scene_datasets/mp3d/PuKPg4mmafe/PuKPg4mmafe.glb) exists but is not a recognized config filename extension, so new default Stage attributes created and registered.
I0919 00:15:02.483294 1676466 Simulator.cpp:156] Loading navmesh from /mnt/data_nas/deeprobotics/daiyang/vla/third_party/ETP-R1/data/scene_datasets/mp3d/PuKPg4mmafe/PuKPg4mmafe.navmesh
I0919 00:15:02.484498 1676466 Simulator.cpp:158] Loaded.
I0919 00:15:02.484506 1676466 SceneGraph.h:93] Created DrawableGroup: 
Renderer: NVIDIA GeForce RTX 5090/PCIe/SSE2 by NVIDIA Corporation
OpenGL version: 4.6.0 NVIDIA 580.126.09
Using optional features:
    GL_ARB_ES2_compatibility
    GL_ARB_direct_state_access
    GL_ARB_get_texture_sub_image
    GL_ARB_invalidate_subdata
    GL_ARB_multi_bind
    GL_ARB_robustness
    GL_ARB_separate_shader_objects
    GL_ARB_texture_filter_anisotropic
    GL_ARB_texture_storage
    GL_ARB_texture_storage_multisample
    GL_ARB_vertex_array_object
    GL_KHR_debug
Using driver workarounds:
    no-forward-compatible-core-context
    nv-egl-incorrect-gl11-function-pointers
    no-layout-qualifiers-on-old-glsl
    nv-zero-context-profile-mask
    nv-implementation-color-read-format-dsa-broken
    nv-cubemap-inconsistent-compressed-image-size
    nv-cubemap-broken-full-compressed-image-query
    nv-compressed-block-size-in-bits
I0919 00:15:02.488312 1676466 ResourceManager.cpp:234] ResourceManager::loadStage : Not loading semantic mesh
I0919 00:15:02.488327 1676466 ResourceManager.cpp:262] ResourceManager::loadStage : start load render asset /mnt/data_nas/deeprobotics/daiyang/vla/third_party/ETP-R1/data/scene_datasets/mp3d/PuKPg4mmafe/PuKPg4mmafe.glb.
I0919 00:15:02.488328 1676466 ResourceManager.cpp:569] ResourceManager::loadStageInternal : Attempting to load stage /mnt/data_nas/deeprobotics/daiyang/vla/third_party/ETP-R1/data/scene_datasets/mp3d/PuKPg4mmafe/PuKPg4mmafe.glb 
I0919 00:15:02.488344 1676466 ResourceManager.cpp:1119] Importing Basis files as BC7 for PuKPg4mmafe.glb
W0919 00:15:07.192667 1676466 Simulator.cpp:248] :
---
 The active scene does not contain semantic annotations. 
---
I0919 00:15:07.212639 1676466 simulator.py:213] Loaded navmesh /mnt/data_nas/deeprobotics/daiyang/vla/third_party/ETP-R1/data/scene_datasets/mp3d/PuKPg4mmafe/PuKPg4mmafe.navmesh
I0919 00:18:11.994707 1676466 PhysicsManager.cpp:33] Deconstructing PhysicsManager
I0919 00:18:11.994756 1676466 SemanticScene.h:41] Deconstructing SemanticScene
I0919 00:18:11.995469 1676466 SceneManager.h:25] Deconstructing SceneManager
I0919 00:18:11.995473 1676466 SceneGraph.h:26] Deconstructing SceneGraph
I0919 00:18:11.995690 1676466 Sensor.h:87] Deconstructing Sensor
I0919 00:18:12.000192 1676466 Renderer.cpp:34] Deconstructing Renderer
I0919 00:18:12.000217 1676466 WindowlessContext.h:17] Deconstructing WindowlessContext
I0919 00:18:12.010828 1676466 ManagedContainerBase.cpp:19] ManagedContainerBase::convertFilenameToJSON : Filename : default changed to proposed JSON configuration filename : default.scene_dataset_config.json
I0919 00:18:12.010847 1676466 AttributesManagerBase.h:283] AttributesManager<T>::createFromJsonOrDefaultInternal  (Dataset) : Proposing JSON name : default.scene_dataset_config.json from original name : default | This file  does not exist.
I0919 00:18:12.010974 1676466 AssetAttributesManager.cpp:117] Asset attributes (capsule3DSolid : capsule3DSolid_hemiRings_4_cylRings_1_segments_12_halfLen_0.75_useTexCoords_false_useTangents_false) created and registered.
I0919 00:18:12.011001 1676466 AssetAttributesManager.cpp:117] Asset attributes (capsule3DWireframe : capsule3DWireframe_hemiRings_8_cylRings_1_segments_16_halfLen_1) created and registered.
I0919 00:18:12.011023 1676466 AssetAttributesManager.cpp:117] Asset attributes (coneSolid : coneSolid_segments_12_halfLen_1.25_rings_1_useTexCoords_false_useTangents_false_capEnd_true) created and registered.
I0919 00:18:12.011039 1676466 AssetAttributesManager.cpp:117] Asset attributes (coneWireframe : coneWireframe_segments_32_halfLen_1.25) created and registered.
I0919 00:18:12.011046 1676466 AssetAttributesManager.cpp:117] Asset attributes (cubeSolid : cubeSolid) created and registered.
I0919 00:18:12.011053 1676466 AssetAttributesManager.cpp:117] Asset attributes (cubeWireframe : cubeWireframe) created and registered.
I0919 00:18:12.011072 1676466 AssetAttributesManager.cpp:117] Asset attributes (cylinderSolid : cylinderSolid_rings_1_segments_12_halfLen_1_useTexCoords_false_useTangents_false_capEnds_true) created and registered.
I0919 00:18:12.011088 1676466 AssetAttributesManager.cpp:117] Asset attributes (cylinderWireframe : cylinderWireframe_rings_1_segments_32_halfLen_1) created and registered.
I0919 00:18:12.011099 1676466 AssetAttributesManager.cpp:117] Asset attributes (icosphereSolid : icosphereSolid_subdivs_1) created and registered.
I0919 00:18:12.011108 1676466 AssetAttributesManager.cpp:117] Asset attributes (icosphereWireframe : icosphereWireframe_subdivs_1) created and registered.
I0919 00:18:12.011122 1676466 AssetAttributesManager.cpp:117] Asset attributes (uvSphereSolid : uvSphereSolid_rings_8_segments_16_useTexCoords_false_useTangents_false) created and registered.
I0919 00:18:12.011134 1676466 AssetAttributesManager.cpp:117] Asset attributes (uvSphereWireframe : uvSphereWireframe_rings_16_segments_32) created and registered.
I0919 00:18:12.011140 1676466 AssetAttributesManager.cpp:105] AssetAttributesManager::buildCtorFuncPtrMaps : Built default primitive asset templates : 12
I0919 00:18:12.011550 1676466 SceneDatasetAttributesManager.cpp:23] File (default) not found, so new default dataset attributes created and registered.
I0919 00:18:12.011552 1676466 MetadataMediator.cpp:47] MetadataMediator::createDataset : Dataset default successfully created.
I0919 00:18:12.011737 1676466 AttributesManagerBase.h:283] AttributesManager<T>::createFromJsonOrDefaultInternal  (Physics Manager) : Proposing JSON name : ./data/default.physics_config.json from original name : ./data/default.physics_config.json | This file  does not exist.
I0919 00:18:12.011749 1676466 PhysicsAttributesManager.cpp:27] File (./data/default.physics_config.json) not found, so new default physics manager attributes created and registered.
I0919 00:18:12.011752 1676466 AbstractObjectAttributesManagerBase.h:175] AbstractObjectAttributesManager<T>::createObject  (Stage) : Making attributes with handle : /mnt/data_nas/deeprobotics/daiyang/vla/third_party/ETP-R1/data/scene_datasets/mp3d/XcA2TqTSSAj/XcA2TqTSSAj.glb
I0919 00:18:12.011756 1676466 ManagedContainerBase.cpp:19] ManagedContainerBase::convertFilenameToJSON : Filename : /mnt/data_nas/deeprobotics/daiyang/vla/third_party/ETP-R1/data/scene_datasets/mp3d/XcA2TqTSSAj/XcA2TqTSSAj.glb changed to proposed JSON configuration filename : /mnt/data_nas/deeprobotics/daiyang/vla/third_party/ETP-R1/data/scene_datasets/mp3d/XcA2TqTSSAj/XcA2TqTSSAj.stage_config.json
I0919 00:18:12.011767 1676466 AttributesManagerBase.h:283] AttributesManager<T>::createFromJsonOrDefaultInternal  (Stage) : Proposing JSON name : /mnt/data_nas/deeprobotics/daiyang/vla/third_party/ETP-R1/data/scene_datasets/mp3d/XcA2TqTSSAj/XcA2TqTSSAj.stage_config.json from original name : /mnt/data_nas/deeprobotics/daiyang/vla/third_party/ETP-R1/data/scene_datasets/mp3d/XcA2TqTSSAj/XcA2TqTSSAj.glb | This file  does not exist.
I0919 00:18:12.011813 1676466 AbstractObjectAttributesManagerBase.h:181] AbstractObjectAttributesManager<T>::createObject  (Stage) : Done making attributes with handle : /mnt/data_nas/deeprobotics/daiyang/vla/third_party/ETP-R1/data/scene_datasets/mp3d/XcA2TqTSSAj/XcA2TqTSSAj.glb
I0919 00:18:12.011816 1676466 AbstractObjectAttributesManagerBase.h:188] File (/mnt/data_nas/deeprobotics/daiyang/vla/third_party/ETP-R1/data/scene_datasets/mp3d/XcA2TqTSSAj/XcA2TqTSSAj.glb) exists but is not a recognized config filename extension, so new default Stage attributes created and registered.
I0919 00:18:12.011821 1676466 Simulator.cpp:156] Loading navmesh from /mnt/data_nas/deeprobotics/daiyang/vla/third_party/ETP-R1/data/scene_datasets/mp3d/XcA2TqTSSAj/XcA2TqTSSAj.navmesh
I0919 00:18:12.012590 1676466 Simulator.cpp:158] Loaded.
I0919 00:18:12.012598 1676466 SceneGraph.h:93] Created DrawableGroup: 
Renderer: NVIDIA GeForce RTX 5090/PCIe/SSE2 by NVIDIA Corporation
OpenGL version: 4.6.0 NVIDIA 580.126.09
Using optional features:
    GL_ARB_ES2_compatibility
    GL_ARB_direct_state_access
    GL_ARB_get_texture_sub_image
    GL_ARB_invalidate_subdata
    GL_ARB_multi_bind
    GL_ARB_robustness
    GL_ARB_separate_shader_objects
    GL_ARB_texture_filter_anisotropic
    GL_ARB_texture_storage
    GL_ARB_texture_storage_multisample
    GL_ARB_vertex_array_object
    GL_KHR_debug
Using driver workarounds:
    no-forward-compatible-core-context
    nv-egl-incorrect-gl11-function-pointers
    no-layout-qualifiers-on-old-glsl
    nv-zero-context-profile-mask
    nv-implementation-color-read-format-dsa-broken
    nv-cubemap-inconsistent-compressed-image-size
    nv-cubemap-broken-full-compressed-image-query
    nv-compressed-block-size-in-bits
I0919 00:18:12.016206 1676466 ResourceManager.cpp:234] ResourceManager::loadStage : Not loading semantic mesh
I0919 00:18:12.016214 1676466 ResourceManager.cpp:262] ResourceManager::loadStage : start load render asset /mnt/data_nas/deeprobotics/daiyang/vla/third_party/ETP-R1/data/scene_datasets/mp3d/XcA2TqTSSAj/XcA2TqTSSAj.glb.
I0919 00:18:12.016216 1676466 ResourceManager.cpp:569] ResourceManager::loadStageInternal : Attempting to load stage /mnt/data_nas/deeprobotics/daiyang/vla/third_party/ETP-R1/data/scene_datasets/mp3d/XcA2TqTSSAj/XcA2TqTSSAj.glb 
I0919 00:18:12.016235 1676466 ResourceManager.cpp:1119] Importing Basis files as BC7 for XcA2TqTSSAj.glb
W0919 00:18:13.977851 1676466 Simulator.cpp:248] :
---
 The active scene does not contain semantic annotations. 
---
I0919 00:18:14.026576 1676466 simulator.py:213] Loaded navmesh /mnt/data_nas/deeprobotics/daiyang/vla/third_party/ETP-R1/data/scene_datasets/mp3d/XcA2TqTSSAj/XcA2TqTSSAj.navmesh
I0919 00:20:23.133579 1676466 PhysicsManager.cpp:33] Deconstructing PhysicsManager
I0919 00:20:23.133628 1676466 SemanticScene.h:41] Deconstructing SemanticScene
I0919 00:20:23.136395 1676466 SceneManager.h:25] Deconstructing SceneManager
I0919 00:20:23.136404 1676466 SceneGraph.h:26] Deconstructing SceneGraph
I0919 00:20:23.136963 1676466 Sensor.h:87] Deconstructing Sensor
I0919 00:20:23.139904 1676466 Renderer.cpp:34] Deconstructing Renderer
I0919 00:20:23.139926 1676466 WindowlessContext.h:17] Deconstructing WindowlessContext
I0919 00:20:23.146544 1676466 ManagedContainerBase.cpp:19] ManagedContainerBase::convertFilenameToJSON : Filename : default changed to proposed JSON configuration filename : default.scene_dataset_config.json
I0919 00:20:23.146561 1676466 AttributesManagerBase.h:283] AttributesManager<T>::createFromJsonOrDefaultInternal  (Dataset) : Proposing JSON name : default.scene_dataset_config.json from original name : default | This file  does not exist.
I0919 00:20:23.146706 1676466 AssetAttributesManager.cpp:117] Asset attributes (capsule3DSolid : capsule3DSolid_hemiRings_4_cylRings_1_segments_12_halfLen_0.75_useTexCoords_false_useTangents_false) created and registered.
I0919 00:20:23.146735 1676466 AssetAttributesManager.cpp:117] Asset attributes (capsule3DWireframe : capsule3DWireframe_hemiRings_8_cylRings_1_segments_16_halfLen_1) created and registered.
I0919 00:20:23.146759 1676466 AssetAttributesManager.cpp:117] Asset attributes (coneSolid : coneSolid_segments_12_halfLen_1.25_rings_1_useTexCoords_false_useTangents_false_capEnd_true) created and registered.
I0919 00:20:23.146772 1676466 AssetAttributesManager.cpp:117] Asset attributes (coneWireframe : coneWireframe_segments_32_halfLen_1.25) created and registered.
I0919 00:20:23.146781 1676466 AssetAttributesManager.cpp:117] Asset attributes (cubeSolid : cubeSolid) created and registered.
I0919 00:20:23.146787 1676466 AssetAttributesManager.cpp:117] Asset attributes (cubeWireframe : cubeWireframe) created and registered.
I0919 00:20:23.146807 1676466 AssetAttributesManager.cpp:117] Asset attributes (cylinderSolid : cylinderSolid_rings_1_segments_12_halfLen_1_useTexCoords_false_useTangents_false_capEnds_true) created and registered.
I0919 00:20:23.146824 1676466 AssetAttributesManager.cpp:117] Asset attributes (cylinderWireframe : cylinderWireframe_rings_1_segments_32_halfLen_1) created and registered.
I0919 00:20:23.146834 1676466 AssetAttributesManager.cpp:117] Asset attributes (icosphereSolid : icosphereSolid_subdivs_1) created and registered.
I0919 00:20:23.146843 1676466 AssetAttributesManager.cpp:117] Asset attributes (icosphereWireframe : icosphereWireframe_subdivs_1) created and registered.
I0919 00:20:23.146858 1676466 AssetAttributesManager.cpp:117] Asset attributes (uvSphereSolid : uvSphereSolid_rings_8_segments_16_useTexCoords_false_useTangents_false) created and registered.
I0919 00:20:23.146872 1676466 AssetAttributesManager.cpp:117] Asset attributes (uvSphereWireframe : uvSphereWireframe_rings_16_segments_32) created and registered.
I0919 00:20:23.146878 1676466 AssetAttributesManager.cpp:105] AssetAttributesManager::buildCtorFuncPtrMaps : Built default primitive asset templates : 12
I0919 00:20:23.147279 1676466 SceneDatasetAttributesManager.cpp:23] File (default) not found, so new default dataset attributes created and registered.
I0919 00:20:23.147280 1676466 MetadataMediator.cpp:47] MetadataMediator::createDataset : Dataset default successfully created.
I0919 00:20:23.147472 1676466 AttributesManagerBase.h:283] AttributesManager<T>::createFromJsonOrDefaultInternal  (Physics Manager) : Proposing JSON name : ./data/default.physics_config.json from original name : ./data/default.physics_config.json | This file  does not exist.
I0919 00:20:23.147490 1676466 PhysicsAttributesManager.cpp:27] File (./data/default.physics_config.json) not found, so new default physics manager attributes created and registered.
I0919 00:20:23.147495 1676466 AbstractObjectAttributesManagerBase.h:175] AbstractObjectAttributesManager<T>::createObject  (Stage) : Making attributes with handle : /mnt/data_nas/deeprobotics/daiyang/vla/third_party/ETP-R1/data/scene_datasets/mp3d/aayBHfsNo7d/aayBHfsNo7d.glb
I0919 00:20:23.147498 1676466 ManagedContainerBase.cpp:19] ManagedContainerBase::convertFilenameToJSON : Filename : /mnt/data_nas/deeprobotics/daiyang/vla/third_party/ETP-R1/data/scene_datasets/mp3d/aayBHfsNo7d/aayBHfsNo7d.glb changed to proposed JSON configuration filename : /mnt/data_nas/deeprobotics/daiyang/vla/third_party/ETP-R1/data/scene_datasets/mp3d/aayBHfsNo7d/aayBHfsNo7d.stage_config.json
I0919 00:20:23.147511 1676466 AttributesManagerBase.h:283] AttributesManager<T>::createFromJsonOrDefaultInternal  (Stage) : Proposing JSON name : /mnt/data_nas/deeprobotics/daiyang/vla/third_party/ETP-R1/data/scene_datasets/mp3d/aayBHfsNo7d/aayBHfsNo7d.stage_config.json from original name : /mnt/data_nas/deeprobotics/daiyang/vla/third_party/ETP-R1/data/scene_datasets/mp3d/aayBHfsNo7d/aayBHfsNo7d.glb | This file  does not exist.
I0919 00:20:23.147557 1676466 AbstractObjectAttributesManagerBase.h:181] AbstractObjectAttributesManager<T>::createObject  (Stage) : Done making attributes with handle : /mnt/data_nas/deeprobotics/daiyang/vla/third_party/ETP-R1/data/scene_datasets/mp3d/aayBHfsNo7d/aayBHfsNo7d.glb
I0919 00:20:23.147558 1676466 AbstractObjectAttributesManagerBase.h:188] File (/mnt/data_nas/deeprobotics/daiyang/vla/third_party/ETP-R1/data/scene_datasets/mp3d/aayBHfsNo7d/aayBHfsNo7d.glb) exists but is not a recognized config filename extension, so new default Stage attributes created and registered.
I0919 00:20:23.147563 1676466 Simulator.cpp:156] Loading navmesh from /mnt/data_nas/deeprobotics/daiyang/vla/third_party/ETP-R1/data/scene_datasets/mp3d/aayBHfsNo7d/aayBHfsNo7d.navmesh
I0919 00:20:23.148310 1676466 Simulator.cpp:158] Loaded.
I0919 00:20:23.148319 1676466 SceneGraph.h:93] Created DrawableGroup: 
Renderer: NVIDIA GeForce RTX 5090/PCIe/SSE2 by NVIDIA Corporation
OpenGL version: 4.6.0 NVIDIA 580.126.09
Using optional features:
    GL_ARB_ES2_compatibility
    GL_ARB_direct_state_access
    GL_ARB_get_texture_sub_image
    GL_ARB_invalidate_subdata
    GL_ARB_multi_bind
    GL_ARB_robustness
    GL_ARB_separate_shader_objects
    GL_ARB_texture_filter_anisotropic
    GL_ARB_texture_storage
    GL_ARB_texture_storage_multisample
    GL_ARB_vertex_array_object
    GL_KHR_debug
Using driver workarounds:
    no-forward-compatible-core-context
    nv-egl-incorrect-gl11-function-pointers
    no-layout-qualifiers-on-old-glsl
    nv-zero-context-profile-mask
    nv-implementation-color-read-format-dsa-broken
    nv-cubemap-inconsistent-compressed-image-size
    nv-cubemap-broken-full-compressed-image-query
    nv-compressed-block-size-in-bits
I0919 00:20:23.151875 1676466 ResourceManager.cpp:234] ResourceManager::loadStage : Not loading semantic mesh
I0919 00:20:23.151883 1676466 ResourceManager.cpp:262] ResourceManager::loadStage : start load render asset /mnt/data_nas/deeprobotics/daiyang/vla/third_party/ETP-R1/data/scene_datasets/mp3d/aayBHfsNo7d/aayBHfsNo7d.glb.
I0919 00:20:23.151885 1676466 ResourceManager.cpp:569] ResourceManager::loadStageInternal : Attempting to load stage /mnt/data_nas/deeprobotics/daiyang/vla/third_party/ETP-R1/data/scene_datasets/mp3d/aayBHfsNo7d/aayBHfsNo7d.glb 
I0919 00:20:23.151899 1676466 ResourceManager.cpp:1119] Importing Basis files as BC7 for aayBHfsNo7d.glb
W0919 00:20:24.709801 1676466 Simulator.cpp:248] :
---
 The active scene does not contain semantic annotations. 
---
I0919 00:20:24.749793 1676466 simulator.py:213] Loaded navmesh /mnt/data_nas/deeprobotics/daiyang/vla/third_party/ETP-R1/data/scene_datasets/mp3d/aayBHfsNo7d/aayBHfsNo7d.navmesh
I0919 00:20:54.939255 1676466 PhysicsManager.cpp:33] Deconstructing PhysicsManager
I0919 00:20:54.939291 1676466 SemanticScene.h:41] Deconstructing SemanticScene
I0919 00:20:54.941246 1676466 SceneManager.h:25] Deconstructing SceneManager
I0919 00:20:54.941255 1676466 SceneGraph.h:26] Deconstructing SceneGraph
I0919 00:20:54.941465 1676466 Sensor.h:87] Deconstructing Sensor
I0919 00:20:54.943379 1676466 Renderer.cpp:34] Deconstructing Renderer
I0919 00:20:54.943403 1676466 WindowlessContext.h:17] Deconstructing WindowlessContext
I0919 00:20:54.949035 1676466 ManagedContainerBase.cpp:19] ManagedContainerBase::convertFilenameToJSON : Filename : default changed to proposed JSON configuration filename : default.scene_dataset_config.json
I0919 00:20:54.949052 1676466 AttributesManagerBase.h:283] AttributesManager<T>::createFromJsonOrDefaultInternal  (Dataset) : Proposing JSON name : default.scene_dataset_config.json from original name : default | This file  does not exist.
I0919 00:20:54.949213 1676466 AssetAttributesManager.cpp:117] Asset attributes (capsule3DSolid : capsule3DSolid_hemiRings_4_cylRings_1_segments_12_halfLen_0.75_useTexCoords_false_useTangents_false) created and registered.
I0919 00:20:54.949241 1676466 AssetAttributesManager.cpp:117] Asset attributes (capsule3DWireframe : capsule3DWireframe_hemiRings_8_cylRings_1_segments_16_halfLen_1) created and registered.
I0919 00:20:54.949263 1676466 AssetAttributesManager.cpp:117] Asset attributes (coneSolid : coneSolid_segments_12_halfLen_1.25_rings_1_useTexCoords_false_useTangents_false_capEnd_true) created and registered.
I0919 00:20:54.949283 1676466 AssetAttributesManager.cpp:117] Asset attributes (coneWireframe : coneWireframe_segments_32_halfLen_1.25) created and registered.
I0919 00:20:54.949292 1676466 AssetAttributesManager.cpp:117] Asset attributes (cubeSolid : cubeSolid) created and registered.
I0919 00:20:54.949299 1676466 AssetAttributesManager.cpp:117] Asset attributes (cubeWireframe : cubeWireframe) created and registered.
I0919 00:20:54.949318 1676466 AssetAttributesManager.cpp:117] Asset attributes (cylinderSolid : cylinderSolid_rings_1_segments_12_halfLen_1_useTexCoords_false_useTangents_false_capEnds_true) created and registered.
I0919 00:20:54.949335 1676466 AssetAttributesManager.cpp:117] Asset attributes (cylinderWireframe : cylinderWireframe_rings_1_segments_32_halfLen_1) created and registered.
I0919 00:20:54.949347 1676466 AssetAttributesManager.cpp:117] Asset attributes (icosphereSolid : icosphereSolid_subdivs_1) created and registered.
I0919 00:20:54.949355 1676466 AssetAttributesManager.cpp:117] Asset attributes (icosphereWireframe : icosphereWireframe_subdivs_1) created and registered.
I0919 00:20:54.949368 1676466 AssetAttributesManager.cpp:117] Asset attributes (uvSphereSolid : uvSphereSolid_rings_8_segments_16_useTexCoords_false_useTangents_false) created and registered.
I0919 00:20:54.949381 1676466 AssetAttributesManager.cpp:117] Asset attributes (uvSphereWireframe : uvSphereWireframe_rings_16_segments_32) created and registered.
I0919 00:20:54.949388 1676466 AssetAttributesManager.cpp:105] AssetAttributesManager::buildCtorFuncPtrMaps : Built default primitive asset templates : 12
I0919 00:20:54.949790 1676466 SceneDatasetAttributesManager.cpp:23] File (default) not found, so new default dataset attributes created and registered.
I0919 00:20:54.949792 1676466 MetadataMediator.cpp:47] MetadataMediator::createDataset : Dataset default successfully created.
I0919 00:20:54.949981 1676466 AttributesManagerBase.h:283] AttributesManager<T>::createFromJsonOrDefaultInternal  (Physics Manager) : Proposing JSON name : ./data/default.physics_config.json from original name : ./data/default.physics_config.json | This file  does not exist.
I0919 00:20:54.949994 1676466 PhysicsAttributesManager.cpp:27] File (./data/default.physics_config.json) not found, so new default physics manager attributes created and registered.
I0919 00:20:54.949997 1676466 AbstractObjectAttributesManagerBase.h:175] AbstractObjectAttributesManager<T>::createObject  (Stage) : Making attributes with handle : /mnt/data_nas/deeprobotics/daiyang/vla/third_party/ETP-R1/data/scene_datasets/mp3d/82sE5b5pLXE/82sE5b5pLXE.glb
I0919 00:20:54.950007 1676466 ManagedContainerBase.cpp:19] ManagedContainerBase::convertFilenameToJSON : Filename : /mnt/data_nas/deeprobotics/daiyang/vla/third_party/ETP-R1/data/scene_datasets/mp3d/82sE5b5pLXE/82sE5b5pLXE.glb changed to proposed JSON configuration filename : /mnt/data_nas/deeprobotics/daiyang/vla/third_party/ETP-R1/data/scene_datasets/mp3d/82sE5b5pLXE/82sE5b5pLXE.stage_config.json
I0919 00:20:54.950019 1676466 AttributesManagerBase.h:283] AttributesManager<T>::createFromJsonOrDefaultInternal  (Stage) : Proposing JSON name : /mnt/data_nas/deeprobotics/daiyang/vla/third_party/ETP-R1/data/scene_datasets/mp3d/82sE5b5pLXE/82sE5b5pLXE.stage_config.json from original name : /mnt/data_nas/deeprobotics/daiyang/vla/third_party/ETP-R1/data/scene_datasets/mp3d/82sE5b5pLXE/82sE5b5pLXE.glb | This file  does not exist.
I0919 00:20:54.950066 1676466 AbstractObjectAttributesManagerBase.h:181] AbstractObjectAttributesManager<T>::createObject  (Stage) : Done making attributes with handle : /mnt/data_nas/deeprobotics/daiyang/vla/third_party/ETP-R1/data/scene_datasets/mp3d/82sE5b5pLXE/82sE5b5pLXE.glb
I0919 00:20:54.950068 1676466 AbstractObjectAttributesManagerBase.h:188] File (/mnt/data_nas/deeprobotics/daiyang/vla/third_party/ETP-R1/data/scene_datasets/mp3d/82sE5b5pLXE/82sE5b5pLXE.glb) exists but is not a recognized config filename extension, so new default Stage attributes created and registered.
I0919 00:20:54.950073 1676466 Simulator.cpp:156] Loading navmesh from /mnt/data_nas/deeprobotics/daiyang/vla/third_party/ETP-R1/data/scene_datasets/mp3d/82sE5b5pLXE/82sE5b5pLXE.navmesh
I0919 00:20:54.951407 1676466 Simulator.cpp:158] Loaded.
I0919 00:20:54.951416 1676466 SceneGraph.h:93] Created DrawableGroup: 
Renderer: NVIDIA GeForce RTX 5090/PCIe/SSE2 by NVIDIA Corporation
OpenGL version: 4.6.0 NVIDIA 580.126.09
Using optional features:
    GL_ARB_ES2_compatibility
    GL_ARB_direct_state_access
    GL_ARB_get_texture_sub_image
    GL_ARB_invalidate_subdata
    GL_ARB_multi_bind
    GL_ARB_robustness
    GL_ARB_separate_shader_objects
    GL_ARB_texture_filter_anisotropic
    GL_ARB_texture_storage
    GL_ARB_texture_storage_multisample
    GL_ARB_vertex_array_object
    GL_KHR_debug
Using driver workarounds:
    no-forward-compatible-core-context
    nv-egl-incorrect-gl11-function-pointers
    no-layout-qualifiers-on-old-glsl
    nv-zero-context-profile-mask
    nv-implementation-color-read-format-dsa-broken
    nv-cubemap-inconsistent-compressed-image-size
    nv-cubemap-broken-full-compressed-image-query
    nv-compressed-block-size-in-bits
I0919 00:20:54.954994 1676466 ResourceManager.cpp:234] ResourceManager::loadStage : Not loading semantic mesh
I0919 00:20:54.955003 1676466 ResourceManager.cpp:262] ResourceManager::loadStage : start load render asset /mnt/data_nas/deeprobotics/daiyang/vla/third_party/ETP-R1/data/scene_datasets/mp3d/82sE5b5pLXE/82sE5b5pLXE.glb.
I0919 00:20:54.955006 1676466 ResourceManager.cpp:569] ResourceManager::loadStageInternal : Attempting to load stage /mnt/data_nas/deeprobotics/daiyang/vla/third_party/ETP-R1/data/scene_datasets/mp3d/82sE5b5pLXE/82sE5b5pLXE.glb 
I0919 00:20:54.955022 1676466 ResourceManager.cpp:1119] Importing Basis files as BC7 for 82sE5b5pLXE.glb
W0919 00:20:57.015686 1676466 Simulator.cpp:248] :
---
 The active scene does not contain semantic annotations. 
---
I0919 00:20:57.053361 1676466 simulator.py:213] Loaded navmesh /mnt/data_nas/deeprobotics/daiyang/vla/third_party/ETP-R1/data/scene_datasets/mp3d/82sE5b5pLXE/82sE5b5pLXE.navmesh
I0919 00:21:26.814208 1676466 PhysicsManager.cpp:33] Deconstructing PhysicsManager
I0919 00:21:26.814244 1676466 SemanticScene.h:41] Deconstructing SemanticScene
I0919 00:21:26.815515 1676466 SceneManager.h:25] Deconstructing SceneManager
I0919 00:21:26.815522 1676466 SceneGraph.h:26] Deconstructing SceneGraph
I0919 00:21:26.815723 1676466 Sensor.h:87] Deconstructing Sensor
I0919 00:21:26.818377 1676466 Renderer.cpp:34] Deconstructing Renderer
I0919 00:21:26.818398 1676466 WindowlessContext.h:17] Deconstructing WindowlessContext
I0919 00:21:26.822944 1676466 ManagedContainerBase.cpp:19] ManagedContainerBase::convertFilenameToJSON : Filename : default changed to proposed JSON configuration filename : default.scene_dataset_config.json
I0919 00:21:26.822961 1676466 AttributesManagerBase.h:283] AttributesManager<T>::createFromJsonOrDefaultInternal  (Dataset) : Proposing JSON name : default.scene_dataset_config.json from original name : default | This file  does not exist.
I0919 00:21:26.823104 1676466 AssetAttributesManager.cpp:117] Asset attributes (capsule3DSolid : capsule3DSolid_hemiRings_4_cylRings_1_segments_12_halfLen_0.75_useTexCoords_false_useTangents_false) created and registered.
I0919 00:21:26.823132 1676466 AssetAttributesManager.cpp:117] Asset attributes (capsule3DWireframe : capsule3DWireframe_hemiRings_8_cylRings_1_segments_16_halfLen_1) created and registered.
I0919 00:21:26.823154 1676466 AssetAttributesManager.cpp:117] Asset attributes (coneSolid : coneSolid_segments_12_halfLen_1.25_rings_1_useTexCoords_false_useTangents_false_capEnd_true) created and registered.
I0919 00:21:26.823169 1676466 AssetAttributesManager.cpp:117] Asset attributes (coneWireframe : coneWireframe_segments_32_halfLen_1.25) created and registered.
I0919 00:21:26.823177 1676466 AssetAttributesManager.cpp:117] Asset attributes (cubeSolid : cubeSolid) created and registered.
I0919 00:21:26.823184 1676466 AssetAttributesManager.cpp:117] Asset attributes (cubeWireframe : cubeWireframe) created and registered.
I0919 00:21:26.823204 1676466 AssetAttributesManager.cpp:117] Asset attributes (cylinderSolid : cylinderSolid_rings_1_segments_12_halfLen_1_useTexCoords_false_useTangents_false_capEnds_true) created and registered.
I0919 00:21:26.823221 1676466 AssetAttributesManager.cpp:117] Asset attributes (cylinderWireframe : cylinderWireframe_rings_1_segments_32_halfLen_1) created and registered.
I0919 00:21:26.823232 1676466 AssetAttributesManager.cpp:117] Asset attributes (icosphereSolid : icosphereSolid_subdivs_1) created and registered.
I0919 00:21:26.823241 1676466 AssetAttributesManager.cpp:117] Asset attributes (icosphereWireframe : icosphereWireframe_subdivs_1) created and registered.
I0919 00:21:26.823254 1676466 AssetAttributesManager.cpp:117] Asset attributes (uvSphereSolid : uvSphereSolid_rings_8_segments_16_useTexCoords_false_useTangents_false) created and registered.
I0919 00:21:26.823267 1676466 AssetAttributesManager.cpp:117] Asset attributes (uvSphereWireframe : uvSphereWireframe_rings_16_segments_32) created and registered.
I0919 00:21:26.823279 1676466 AssetAttributesManager.cpp:105] AssetAttributesManager::buildCtorFuncPtrMaps : Built default primitive asset templates : 12
I0919 00:21:26.823674 1676466 SceneDatasetAttributesManager.cpp:23] File (default) not found, so new default dataset attributes created and registered.
I0919 00:21:26.823676 1676466 MetadataMediator.cpp:47] MetadataMediator::createDataset : Dataset default successfully created.
I0919 00:21:26.824761 1676466 AttributesManagerBase.h:283] AttributesManager<T>::createFromJsonOrDefaultInternal  (Physics Manager) : Proposing JSON name : ./data/default.physics_config.json from original name : ./data/default.physics_config.json | This file  does not exist.
I0919 00:21:26.824775 1676466 PhysicsAttributesManager.cpp:27] File (./data/default.physics_config.json) not found, so new default physics manager attributes created and registered.
I0919 00:21:26.824779 1676466 AbstractObjectAttributesManagerBase.h:175] AbstractObjectAttributesManager<T>::createObject  (Stage) : Making attributes with handle : /mnt/data_nas/deeprobotics/daiyang/vla/third_party/ETP-R1/data/scene_datasets/mp3d/B6ByNegPMKs/B6ByNegPMKs.glb
I0919 00:21:26.824784 1676466 ManagedContainerBase.cpp:19] ManagedContainerBase::convertFilenameToJSON : Filename : /mnt/data_nas/deeprobotics/daiyang/vla/third_party/ETP-R1/data/scene_datasets/mp3d/B6ByNegPMKs/B6ByNegPMKs.glb changed to proposed JSON configuration filename : /mnt/data_nas/deeprobotics/daiyang/vla/third_party/ETP-R1/data/scene_datasets/mp3d/B6ByNegPMKs/B6ByNegPMKs.stage_config.json
I0919 00:21:26.828474 1676466 AttributesManagerBase.h:283] AttributesManager<T>::createFromJsonOrDefaultInternal  (Stage) : Proposing JSON name : /mnt/data_nas/deeprobotics/daiyang/vla/third_party/ETP-R1/data/scene_datasets/mp3d/B6ByNegPMKs/B6ByNegPMKs.stage_config.json from original name : /mnt/data_nas/deeprobotics/daiyang/vla/third_party/ETP-R1/data/scene_datasets/mp3d/B6ByNegPMKs/B6ByNegPMKs.glb | This file  does not exist.
I0919 00:21:26.828524 1676466 AbstractObjectAttributesManagerBase.h:181] AbstractObjectAttributesManager<T>::createObject  (Stage) : Done making attributes with handle : /mnt/data_nas/deeprobotics/daiyang/vla/third_party/ETP-R1/data/scene_datasets/mp3d/B6ByNegPMKs/B6ByNegPMKs.glb
I0919 00:21:26.828526 1676466 AbstractObjectAttributesManagerBase.h:188] File (/mnt/data_nas/deeprobotics/daiyang/vla/third_party/ETP-R1/data/scene_datasets/mp3d/B6ByNegPMKs/B6ByNegPMKs.glb) exists but is not a recognized config filename extension, so new default Stage attributes created and registered.
I0919 00:21:26.828531 1676466 Simulator.cpp:156] Loading navmesh from /mnt/data_nas/deeprobotics/daiyang/vla/third_party/ETP-R1/data/scene_datasets/mp3d/B6ByNegPMKs/B6ByNegPMKs.navmesh
I0919 00:21:26.829990 1676466 Simulator.cpp:158] Loaded.
I0919 00:21:26.829998 1676466 SceneGraph.h:93] Created DrawableGroup: 
Renderer: NVIDIA GeForce RTX 5090/PCIe/SSE2 by NVIDIA Corporation
OpenGL version: 4.6.0 NVIDIA 580.126.09
Using optional features:
    GL_ARB_ES2_compatibility
    GL_ARB_direct_state_access
    GL_ARB_get_texture_sub_image
    GL_ARB_invalidate_subdata
    GL_ARB_multi_bind
    GL_ARB_robustness
    GL_ARB_separate_shader_objects
    GL_ARB_texture_filter_anisotropic
    GL_ARB_texture_storage
    GL_ARB_texture_storage_multisample
    GL_ARB_vertex_array_object
    GL_KHR_debug
Using driver workarounds:
    no-forward-compatible-core-context
    nv-egl-incorrect-gl11-function-pointers
    no-layout-qualifiers-on-old-glsl
    nv-zero-context-profile-mask
    nv-implementation-color-read-format-dsa-broken
    nv-cubemap-inconsistent-compressed-image-size
    nv-cubemap-broken-full-compressed-image-query
    nv-compressed-block-size-in-bits
I0919 00:21:26.833546 1676466 ResourceManager.cpp:234] ResourceManager::loadStage : Not loading semantic mesh
I0919 00:21:26.833554 1676466 ResourceManager.cpp:262] ResourceManager::loadStage : start load render asset /mnt/data_nas/deeprobotics/daiyang/vla/third_party/ETP-R1/data/scene_datasets/mp3d/B6ByNegPMKs/B6ByNegPMKs.glb.
I0919 00:21:26.833556 1676466 ResourceManager.cpp:569] ResourceManager::loadStageInternal : Attempting to load stage /mnt/data_nas/deeprobotics/daiyang/vla/third_party/ETP-R1/data/scene_datasets/mp3d/B6ByNegPMKs/B6ByNegPMKs.glb 
I0919 00:21:26.833572 1676466 ResourceManager.cpp:1119] Importing Basis files as BC7 for B6ByNegPMKs.glb
W0919 00:21:36.357002 1676466 Simulator.cpp:248] :
---
 The active scene does not contain semantic annotations. 
---
I0919 00:21:36.552420 1676466 simulator.py:213] Loaded navmesh /mnt/data_nas/deeprobotics/daiyang/vla/third_party/ETP-R1/data/scene_datasets/mp3d/B6ByNegPMKs/B6ByNegPMKs.navmesh
I0919 00:23:11.756490 1676466 PhysicsManager.cpp:33] Deconstructing PhysicsManager
I0919 00:23:11.756532 1676466 SemanticScene.h:41] Deconstructing SemanticScene
I0919 00:23:11.773541 1676466 SceneManager.h:25] Deconstructing SceneManager
I0919 00:23:11.773558 1676466 SceneGraph.h:26] Deconstructing SceneGraph
I0919 00:23:11.773975 1676466 Sensor.h:87] Deconstructing Sensor
I0919 00:23:11.788508 1676466 Renderer.cpp:34] Deconstructing Renderer
I0919 00:23:11.788551 1676466 WindowlessContext.h:17] Deconstructing WindowlessContext
I0919 00:23:11.805452 1676466 ManagedContainerBase.cpp:19] ManagedContainerBase::convertFilenameToJSON : Filename : default changed to proposed JSON configuration filename : default.scene_dataset_config.json
I0919 00:23:11.805481 1676466 AttributesManagerBase.h:283] AttributesManager<T>::createFromJsonOrDefaultInternal  (Dataset) : Proposing JSON name : default.scene_dataset_config.json from original name : default | This file  does not exist.
I0919 00:23:11.805595 1676466 AssetAttributesManager.cpp:117] Asset attributes (capsule3DSolid : capsule3DSolid_hemiRings_4_cylRings_1_segments_12_halfLen_0.75_useTexCoords_false_useTangents_false) created and registered.
I0919 00:23:11.805624 1676466 AssetAttributesManager.cpp:117] Asset attributes (capsule3DWireframe : capsule3DWireframe_hemiRings_8_cylRings_1_segments_16_halfLen_1) created and registered.
I0919 00:23:11.805646 1676466 AssetAttributesManager.cpp:117] Asset attributes (coneSolid : coneSolid_segments_12_halfLen_1.25_rings_1_useTexCoords_false_useTangents_false_capEnd_true) created and registered.
I0919 00:23:11.805661 1676466 AssetAttributesManager.cpp:117] Asset attributes (coneWireframe : coneWireframe_segments_32_halfLen_1.25) created and registered.
I0919 00:23:11.805671 1676466 AssetAttributesManager.cpp:117] Asset attributes (cubeSolid : cubeSolid) created and registered.
I0919 00:23:11.805678 1676466 AssetAttributesManager.cpp:117] Asset attributes (cubeWireframe : cubeWireframe) created and registered.
I0919 00:23:11.805698 1676466 AssetAttributesManager.cpp:117] Asset attributes (cylinderSolid : cylinderSolid_rings_1_segments_12_halfLen_1_useTexCoords_false_useTangents_false_capEnds_true) created and registered.
I0919 00:23:11.805716 1676466 AssetAttributesManager.cpp:117] Asset attributes (cylinderWireframe : cylinderWireframe_rings_1_segments_32_halfLen_1) created and registered.
I0919 00:23:11.805727 1676466 AssetAttributesManager.cpp:117] Asset attributes (icosphereSolid : icosphereSolid_subdivs_1) created and registered.
I0919 00:23:11.805735 1676466 AssetAttributesManager.cpp:117] Asset attributes (icosphereWireframe : icosphereWireframe_subdivs_1) created and registered.
I0919 00:23:11.805750 1676466 AssetAttributesManager.cpp:117] Asset attributes (uvSphereSolid : uvSphereSolid_rings_8_segments_16_useTexCoords_false_useTangents_false) created and registered.
I0919 00:23:11.805763 1676466 AssetAttributesManager.cpp:117] Asset attributes (uvSphereWireframe : uvSphereWireframe_rings_16_segments_32) created and registered.
I0919 00:23:11.805770 1676466 AssetAttributesManager.cpp:105] AssetAttributesManager::buildCtorFuncPtrMaps : Built default primitive asset templates : 12
I0919 00:23:11.806170 1676466 SceneDatasetAttributesManager.cpp:23] File (default) not found, so new default dataset attributes created and registered.
I0919 00:23:11.806172 1676466 MetadataMediator.cpp:47] MetadataMediator::createDataset : Dataset default successfully created.
I0919 00:23:11.806387 1676466 AttributesManagerBase.h:283] AttributesManager<T>::createFromJsonOrDefaultInternal  (Physics Manager) : Proposing JSON name : ./data/default.physics_config.json from original name : ./data/default.physics_config.json | This file  does not exist.
I0919 00:23:11.806401 1676466 PhysicsAttributesManager.cpp:27] File (./data/default.physics_config.json) not found, so new default physics manager attributes created and registered.
I0919 00:23:11.806404 1676466 AbstractObjectAttributesManagerBase.h:175] AbstractObjectAttributesManager<T>::createObject  (Stage) : Making attributes with handle : /mnt/data_nas/deeprobotics/daiyang/vla/third_party/ETP-R1/data/scene_datasets/mp3d/PuKPg4mmafe/PuKPg4mmafe.glb
I0919 00:23:11.806408 1676466 ManagedContainerBase.cpp:19] ManagedContainerBase::convertFilenameToJSON : Filename : /mnt/data_nas/deeprobotics/daiyang/vla/third_party/ETP-R1/data/scene_datasets/mp3d/PuKPg4mmafe/PuKPg4mmafe.glb changed to proposed JSON configuration filename : /mnt/data_nas/deeprobotics/daiyang/vla/third_party/ETP-R1/data/scene_datasets/mp3d/PuKPg4mmafe/PuKPg4mmafe.stage_config.json
I0919 00:23:11.806420 1676466 AttributesManagerBase.h:283] AttributesManager<T>::createFromJsonOrDefaultInternal  (Stage) : Proposing JSON name : /mnt/data_nas/deeprobotics/daiyang/vla/third_party/ETP-R1/data/scene_datasets/mp3d/PuKPg4mmafe/PuKPg4mmafe.stage_config.json from original name : /mnt/data_nas/deeprobotics/daiyang/vla/third_party/ETP-R1/data/scene_datasets/mp3d/PuKPg4mmafe/PuKPg4mmafe.glb | This file  does not exist.
I0919 00:23:11.806468 1676466 AbstractObjectAttributesManagerBase.h:181] AbstractObjectAttributesManager<T>::createObject  (Stage) : Done making attributes with handle : /mnt/data_nas/deeprobotics/daiyang/vla/third_party/ETP-R1/data/scene_datasets/mp3d/PuKPg4mmafe/PuKPg4mmafe.glb
I0919 00:23:11.806470 1676466 AbstractObjectAttributesManagerBase.h:188] File (/mnt/data_nas/deeprobotics/daiyang/vla/third_party/ETP-R1/data/scene_datasets/mp3d/PuKPg4mmafe/PuKPg4mmafe.glb) exists but is not a recognized config filename extension, so new default Stage attributes created and registered.
I0919 00:23:11.806475 1676466 Simulator.cpp:156] Loading navmesh from /mnt/data_nas/deeprobotics/daiyang/vla/third_party/ETP-R1/data/scene_datasets/mp3d/PuKPg4mmafe/PuKPg4mmafe.navmesh
I0919 00:23:11.807426 1676466 Simulator.cpp:158] Loaded.
I0919 00:23:11.807437 1676466 SceneGraph.h:93] Created DrawableGroup: 
Renderer: NVIDIA GeForce RTX 5090/PCIe/SSE2 by NVIDIA Corporation
OpenGL version: 4.6.0 NVIDIA 580.126.09
Using optional features:
    GL_ARB_ES2_compatibility
    GL_ARB_direct_state_access
    GL_ARB_get_texture_sub_image
    GL_ARB_invalidate_subdata
    GL_ARB_multi_bind
    GL_ARB_robustness
    GL_ARB_separate_shader_objects
    GL_ARB_texture_filter_anisotropic
    GL_ARB_texture_storage
    GL_ARB_texture_storage_multisample
    GL_ARB_vertex_array_object
    GL_KHR_debug
Using driver workarounds:
    no-forward-compatible-core-context
    nv-egl-incorrect-gl11-function-pointers
    no-layout-qualifiers-on-old-glsl
    nv-zero-context-profile-mask
    nv-implementation-color-read-format-dsa-broken
    nv-cubemap-inconsistent-compressed-image-size
    nv-cubemap-broken-full-compressed-image-query
    nv-compressed-block-size-in-bits
I0919 00:23:11.811110 1676466 ResourceManager.cpp:234] ResourceManager::loadStage : Not loading semantic mesh
I0919 00:23:11.811118 1676466 ResourceManager.cpp:262] ResourceManager::loadStage : start load render asset /mnt/data_nas/deeprobotics/daiyang/vla/third_party/ETP-R1/data/scene_datasets/mp3d/PuKPg4mmafe/PuKPg4mmafe.glb.
I0919 00:23:11.811121 1676466 ResourceManager.cpp:569] ResourceManager::loadStageInternal : Attempting to load stage /mnt/data_nas/deeprobotics/daiyang/vla/third_party/ETP-R1/data/scene_datasets/mp3d/PuKPg4mmafe/PuKPg4mmafe.glb 
I0919 00:23:11.811138 1676466 ResourceManager.cpp:1119] Importing Basis files as BC7 for PuKPg4mmafe.glb
W0919 00:23:16.611117 1676466 Simulator.cpp:248] :
---
 The active scene does not contain semantic annotations. 
---
I0919 00:23:16.631531 1676466 simulator.py:213] Loaded navmesh /mnt/data_nas/deeprobotics/daiyang/vla/third_party/ETP-R1/data/scene_datasets/mp3d/PuKPg4mmafe/PuKPg4mmafe.navmesh
I0919 00:24:55.699308 1676466 PhysicsManager.cpp:33] Deconstructing PhysicsManager
I0919 00:24:55.699366 1676466 SemanticScene.h:41] Deconstructing SemanticScene
I0919 00:24:55.700356 1676466 SceneManager.h:25] Deconstructing SceneManager
I0919 00:24:55.700361 1676466 SceneGraph.h:26] Deconstructing SceneGraph
I0919 00:24:55.700630 1676466 Sensor.h:87] Deconstructing Sensor
I0919 00:24:55.706334 1676466 Renderer.cpp:34] Deconstructing Renderer
I0919 00:24:55.706362 1676466 WindowlessContext.h:17] Deconstructing WindowlessContext
I0919 00:24:55.722121 1676466 ManagedContainerBase.cpp:19] ManagedContainerBase::convertFilenameToJSON : Filename : default changed to proposed JSON configuration filename : default.scene_dataset_config.json
I0919 00:24:55.722146 1676466 AttributesManagerBase.h:283] AttributesManager<T>::createFromJsonOrDefaultInternal  (Dataset) : Proposing JSON name : default.scene_dataset_config.json from original name : default | This file  does not exist.
I0919 00:24:55.722334 1676466 AssetAttributesManager.cpp:117] Asset attributes (capsule3DSolid : capsule3DSolid_hemiRings_4_cylRings_1_segments_12_halfLen_0.75_useTexCoords_false_useTangents_false) created and registered.
I0919 00:24:55.722383 1676466 AssetAttributesManager.cpp:117] Asset attributes (capsule3DWireframe : capsule3DWireframe_hemiRings_8_cylRings_1_segments_16_halfLen_1) created and registered.
I0919 00:24:55.722417 1676466 AssetAttributesManager.cpp:117] Asset attributes (coneSolid : coneSolid_segments_12_halfLen_1.25_rings_1_useTexCoords_false_useTangents_false_capEnd_true) created and registered.
I0919 00:24:55.722440 1676466 AssetAttributesManager.cpp:117] Asset attributes (coneWireframe : coneWireframe_segments_32_halfLen_1.25) created and registered.
I0919 00:24:55.722452 1676466 AssetAttributesManager.cpp:117] Asset attributes (cubeSolid : cubeSolid) created and registered.
I0919 00:24:55.722461 1676466 AssetAttributesManager.cpp:117] Asset attributes (cubeWireframe : cubeWireframe) created and registered.
I0919 00:24:55.722493 1676466 AssetAttributesManager.cpp:117] Asset attributes (cylinderSolid : cylinderSolid_rings_1_segments_12_halfLen_1_useTexCoords_false_useTangents_false_capEnds_true) created and registered.
I0919 00:24:55.722522 1676466 AssetAttributesManager.cpp:117] Asset attributes (cylinderWireframe : cylinderWireframe_rings_1_segments_32_halfLen_1) created and registered.
I0919 00:24:55.722536 1676466 AssetAttributesManager.cpp:117] Asset attributes (icosphereSolid : icosphereSolid_subdivs_1) created and registered.
I0919 00:24:55.722549 1676466 AssetAttributesManager.cpp:117] Asset attributes (icosphereWireframe : icosphereWireframe_subdivs_1) created and registered.
I0919 00:24:55.722568 1676466 AssetAttributesManager.cpp:117] Asset attributes (uvSphereSolid : uvSphereSolid_rings_8_segments_16_useTexCoords_false_useTangents_false) created and registered.
I0919 00:24:55.722586 1676466 AssetAttributesManager.cpp:117] Asset attributes (uvSphereWireframe : uvSphereWireframe_rings_16_segments_32) created and registered.
I0919 00:24:55.722595 1676466 AssetAttributesManager.cpp:105] AssetAttributesManager::buildCtorFuncPtrMaps : Built default primitive asset templates : 12
I0919 00:24:55.723232 1676466 SceneDatasetAttributesManager.cpp:23] File (default) not found, so new default dataset attributes created and registered.
I0919 00:24:55.723235 1676466 MetadataMediator.cpp:47] MetadataMediator::createDataset : Dataset default successfully created.
I0919 00:24:55.723487 1676466 AttributesManagerBase.h:283] AttributesManager<T>::createFromJsonOrDefaultInternal  (Physics Manager) : Proposing JSON name : ./data/default.physics_config.json from original name : ./data/default.physics_config.json | This file  does not exist.
I0919 00:24:55.723505 1676466 PhysicsAttributesManager.cpp:27] File (./data/default.physics_config.json) not found, so new default physics manager attributes created and registered.
I0919 00:24:55.723511 1676466 AbstractObjectAttributesManagerBase.h:175] AbstractObjectAttributesManager<T>::createObject  (Stage) : Making attributes with handle : /mnt/data_nas/deeprobotics/daiyang/vla/third_party/ETP-R1/data/scene_datasets/mp3d/XcA2TqTSSAj/XcA2TqTSSAj.glb
I0919 00:24:55.723516 1676466 ManagedContainerBase.cpp:19] ManagedContainerBase::convertFilenameToJSON : Filename : /mnt/data_nas/deeprobotics/daiyang/vla/third_party/ETP-R1/data/scene_datasets/mp3d/XcA2TqTSSAj/XcA2TqTSSAj.glb changed to proposed JSON configuration filename : /mnt/data_nas/deeprobotics/daiyang/vla/third_party/ETP-R1/data/scene_datasets/mp3d/XcA2TqTSSAj/XcA2TqTSSAj.stage_config.json
I0919 00:24:55.723532 1676466 AttributesManagerBase.h:283] AttributesManager<T>::createFromJsonOrDefaultInternal  (Stage) : Proposing JSON name : /mnt/data_nas/deeprobotics/daiyang/vla/third_party/ETP-R1/data/scene_datasets/mp3d/XcA2TqTSSAj/XcA2TqTSSAj.stage_config.json from original name : /mnt/data_nas/deeprobotics/daiyang/vla/third_party/ETP-R1/data/scene_datasets/mp3d/XcA2TqTSSAj/XcA2TqTSSAj.glb | This file  does not exist.
I0919 00:24:55.723605 1676466 AbstractObjectAttributesManagerBase.h:181] AbstractObjectAttributesManager<T>::createObject  (Stage) : Done making attributes with handle : /mnt/data_nas/deeprobotics/daiyang/vla/third_party/ETP-R1/data/scene_datasets/mp3d/XcA2TqTSSAj/XcA2TqTSSAj.glb
I0919 00:24:55.723613 1676466 AbstractObjectAttributesManagerBase.h:188] File (/mnt/data_nas/deeprobotics/daiyang/vla/third_party/ETP-R1/data/scene_datasets/mp3d/XcA2TqTSSAj/XcA2TqTSSAj.glb) exists but is not a recognized config filename extension, so new default Stage attributes created and registered.
I0919 00:24:55.723621 1676466 Simulator.cpp:156] Loading navmesh from /mnt/data_nas/deeprobotics/daiyang/vla/third_party/ETP-R1/data/scene_datasets/mp3d/XcA2TqTSSAj/XcA2TqTSSAj.navmesh
I0919 00:24:55.724502 1676466 Simulator.cpp:158] Loaded.
I0919 00:24:55.724514 1676466 SceneGraph.h:93] Created DrawableGroup: 
Renderer: NVIDIA GeForce RTX 5090/PCIe/SSE2 by NVIDIA Corporation
OpenGL version: 4.6.0 NVIDIA 580.126.09
Using optional features:
    GL_ARB_ES2_compatibility
    GL_ARB_direct_state_access
    GL_ARB_get_texture_sub_image
    GL_ARB_invalidate_subdata
    GL_ARB_multi_bind
    GL_ARB_robustness
    GL_ARB_separate_shader_objects
    GL_ARB_texture_filter_anisotropic
    GL_ARB_texture_storage
    GL_ARB_texture_storage_multisample
    GL_ARB_vertex_array_object
    GL_KHR_debug
Using driver workarounds:
    no-forward-compatible-core-context
    nv-egl-incorrect-gl11-function-pointers
    no-layout-qualifiers-on-old-glsl
    nv-zero-context-profile-mask
    nv-implementation-color-read-format-dsa-broken
    nv-cubemap-inconsistent-compressed-image-size
    nv-cubemap-broken-full-compressed-image-query
    nv-compressed-block-size-in-bits
I0919 00:24:55.728878 1676466 ResourceManager.cpp:234] ResourceManager::loadStage : Not loading semantic mesh
I0919 00:24:55.728888 1676466 ResourceManager.cpp:262] ResourceManager::loadStage : start load render asset /mnt/data_nas/deeprobotics/daiyang/vla/third_party/ETP-R1/data/scene_datasets/mp3d/XcA2TqTSSAj/XcA2TqTSSAj.glb.
I0919 00:24:55.728892 1676466 ResourceManager.cpp:569] ResourceManager::loadStageInternal : Attempting to load stage /mnt/data_nas/deeprobotics/daiyang/vla/third_party/ETP-R1/data/scene_datasets/mp3d/XcA2TqTSSAj/XcA2TqTSSAj.glb 
I0919 00:24:55.728912 1676466 ResourceManager.cpp:1119] Importing Basis files as BC7 for XcA2TqTSSAj.glb
W0919 00:24:57.691092 1676466 Simulator.cpp:248] :
---
 The active scene does not contain semantic annotations. 
---
I0919 00:24:57.739388 1676466 simulator.py:213] Loaded navmesh /mnt/data_nas/deeprobotics/daiyang/vla/third_party/ETP-R1/data/scene_datasets/mp3d/XcA2TqTSSAj/XcA2TqTSSAj.navmesh
I0919 00:28:00.724952 1676466 PhysicsManager.cpp:33] Deconstructing PhysicsManager
I0919 00:28:00.724996 1676466 SemanticScene.h:41] Deconstructing SemanticScene
I0919 00:28:00.727761 1676466 SceneManager.h:25] Deconstructing SceneManager
I0919 00:28:00.727768 1676466 SceneGraph.h:26] Deconstructing SceneGraph
I0919 00:28:00.728315 1676466 Sensor.h:87] Deconstructing Sensor
I0919 00:28:00.731623 1676466 Renderer.cpp:34] Deconstructing Renderer
I0919 00:28:00.731643 1676466 WindowlessContext.h:17] Deconstructing WindowlessContext
I0919 00:28:00.738382 1676466 ManagedContainerBase.cpp:19] ManagedContainerBase::convertFilenameToJSON : Filename : default changed to proposed JSON configuration filename : default.scene_dataset_config.json
I0919 00:28:00.738399 1676466 AttributesManagerBase.h:283] AttributesManager<T>::createFromJsonOrDefaultInternal  (Dataset) : Proposing JSON name : default.scene_dataset_config.json from original name : default | This file  does not exist.
I0919 00:28:00.738588 1676466 AssetAttributesManager.cpp:117] Asset attributes (capsule3DSolid : capsule3DSolid_hemiRings_4_cylRings_1_segments_12_halfLen_0.75_useTexCoords_false_useTangents_false) created and registered.
I0919 00:28:00.738631 1676466 AssetAttributesManager.cpp:117] Asset attributes (capsule3DWireframe : capsule3DWireframe_hemiRings_8_cylRings_1_segments_16_halfLen_1) created and registered.
I0919 00:28:00.738659 1676466 AssetAttributesManager.cpp:117] Asset attributes (coneSolid : coneSolid_segments_12_halfLen_1.25_rings_1_useTexCoords_false_useTangents_false_capEnd_true) created and registered.
I0919 00:28:00.738678 1676466 AssetAttributesManager.cpp:117] Asset attributes (coneWireframe : coneWireframe_segments_32_halfLen_1.25) created and registered.
I0919 00:28:00.738686 1676466 AssetAttributesManager.cpp:117] Asset attributes (cubeSolid : cubeSolid) created and registered.
I0919 00:28:00.738693 1676466 AssetAttributesManager.cpp:117] Asset attributes (cubeWireframe : cubeWireframe) created and registered.
I0919 00:28:00.738714 1676466 AssetAttributesManager.cpp:117] Asset attributes (cylinderSolid : cylinderSolid_rings_1_segments_12_halfLen_1_useTexCoords_false_useTangents_false_capEnds_true) created and registered.
I0919 00:28:00.738732 1676466 AssetAttributesManager.cpp:117] Asset attributes (cylinderWireframe : cylinderWireframe_rings_1_segments_32_halfLen_1) created and registered.
I0919 00:28:00.738744 1676466 AssetAttributesManager.cpp:117] Asset attributes (icosphereSolid : icosphereSolid_subdivs_1) created and registered.
I0919 00:28:00.738754 1676466 AssetAttributesManager.cpp:117] Asset attributes (icosphereWireframe : icosphereWireframe_subdivs_1) created and registered.
I0919 00:28:00.738768 1676466 AssetAttributesManager.cpp:117] Asset attributes (uvSphereSolid : uvSphereSolid_rings_8_segments_16_useTexCoords_false_useTangents_false) created and registered.
I0919 00:28:00.738781 1676466 AssetAttributesManager.cpp:117] Asset attributes (uvSphereWireframe : uvSphereWireframe_rings_16_segments_32) created and registered.
I0919 00:28:00.738788 1676466 AssetAttributesManager.cpp:105] AssetAttributesManager::buildCtorFuncPtrMaps : Built default primitive asset templates : 12
I0919 00:28:00.739188 1676466 SceneDatasetAttributesManager.cpp:23] File (default) not found, so new default dataset attributes created and registered.
I0919 00:28:00.739192 1676466 MetadataMediator.cpp:47] MetadataMediator::createDataset : Dataset default successfully created.
I0919 00:28:00.739434 1676466 AttributesManagerBase.h:283] AttributesManager<T>::createFromJsonOrDefaultInternal  (Physics Manager) : Proposing JSON name : ./data/default.physics_config.json from original name : ./data/default.physics_config.json | This file  does not exist.
I0919 00:28:00.739451 1676466 PhysicsAttributesManager.cpp:27] File (./data/default.physics_config.json) not found, so new default physics manager attributes created and registered.
I0919 00:28:00.739456 1676466 AbstractObjectAttributesManagerBase.h:175] AbstractObjectAttributesManager<T>::createObject  (Stage) : Making attributes with handle : /mnt/data_nas/deeprobotics/daiyang/vla/third_party/ETP-R1/data/scene_datasets/mp3d/aayBHfsNo7d/aayBHfsNo7d.glb
I0919 00:28:00.739461 1676466 ManagedContainerBase.cpp:19] ManagedContainerBase::convertFilenameToJSON : Filename : /mnt/data_nas/deeprobotics/daiyang/vla/third_party/ETP-R1/data/scene_datasets/mp3d/aayBHfsNo7d/aayBHfsNo7d.glb changed to proposed JSON configuration filename : /mnt/data_nas/deeprobotics/daiyang/vla/third_party/ETP-R1/data/scene_datasets/mp3d/aayBHfsNo7d/aayBHfsNo7d.stage_config.json
I0919 00:28:00.739472 1676466 AttributesManagerBase.h:283] AttributesManager<T>::createFromJsonOrDefaultInternal  (Stage) : Proposing JSON name : /mnt/data_nas/deeprobotics/daiyang/vla/third_party/ETP-R1/data/scene_datasets/mp3d/aayBHfsNo7d/aayBHfsNo7d.stage_config.json from original name : /mnt/data_nas/deeprobotics/daiyang/vla/third_party/ETP-R1/data/scene_datasets/mp3d/aayBHfsNo7d/aayBHfsNo7d.glb | This file  does not exist.
I0919 00:28:00.739519 1676466 AbstractObjectAttributesManagerBase.h:181] AbstractObjectAttributesManager<T>::createObject  (Stage) : Done making attributes with handle : /mnt/data_nas/deeprobotics/daiyang/vla/third_party/ETP-R1/data/scene_datasets/mp3d/aayBHfsNo7d/aayBHfsNo7d.glb
I0919 00:28:00.739521 1676466 AbstractObjectAttributesManagerBase.h:188] File (/mnt/data_nas/deeprobotics/daiyang/vla/third_party/ETP-R1/data/scene_datasets/mp3d/aayBHfsNo7d/aayBHfsNo7d.glb) exists but is not a recognized config filename extension, so new default Stage attributes created and registered.
I0919 00:28:00.739529 1676466 Simulator.cpp:156] Loading navmesh from /mnt/data_nas/deeprobotics/daiyang/vla/third_party/ETP-R1/data/scene_datasets/mp3d/aayBHfsNo7d/aayBHfsNo7d.navmesh
I0919 00:28:00.740284 1676466 Simulator.cpp:158] Loaded.
I0919 00:28:00.740291 1676466 SceneGraph.h:93] Created DrawableGroup: 
Renderer: NVIDIA GeForce RTX 5090/PCIe/SSE2 by NVIDIA Corporation
OpenGL version: 4.6.0 NVIDIA 580.126.09
Using optional features:
    GL_ARB_ES2_compatibility
    GL_ARB_direct_state_access
    GL_ARB_get_texture_sub_image
    GL_ARB_invalidate_subdata
    GL_ARB_multi_bind
    GL_ARB_robustness
    GL_ARB_separate_shader_objects
    GL_ARB_texture_filter_anisotropic
    GL_ARB_texture_storage
    GL_ARB_texture_storage_multisample
    GL_ARB_vertex_array_object
    GL_KHR_debug
Using driver workarounds:
    no-forward-compatible-core-context
    nv-egl-incorrect-gl11-function-pointers
    no-layout-qualifiers-on-old-glsl
    nv-zero-context-profile-mask
    nv-implementation-color-read-format-dsa-broken
    nv-cubemap-inconsistent-compressed-image-size
    nv-cubemap-broken-full-compressed-image-query
    nv-compressed-block-size-in-bits
I0919 00:28:00.743909 1676466 ResourceManager.cpp:234] ResourceManager::loadStage : Not loading semantic mesh
I0919 00:28:00.743918 1676466 ResourceManager.cpp:262] ResourceManager::loadStage : start load render asset /mnt/data_nas/deeprobotics/daiyang/vla/third_party/ETP-R1/data/scene_datasets/mp3d/aayBHfsNo7d/aayBHfsNo7d.glb.
I0919 00:28:00.743920 1676466 ResourceManager.cpp:569] ResourceManager::loadStageInternal : Attempting to load stage /mnt/data_nas/deeprobotics/daiyang/vla/third_party/ETP-R1/data/scene_datasets/mp3d/aayBHfsNo7d/aayBHfsNo7d.glb 
I0919 00:28:00.743933 1676466 ResourceManager.cpp:1119] Importing Basis files as BC7 for aayBHfsNo7d.glb
W0919 00:28:02.311154 1676466 Simulator.cpp:248] :
---
 The active scene does not contain semantic annotations. 
---
I0919 00:28:02.351451 1676466 simulator.py:213] Loaded navmesh /mnt/data_nas/deeprobotics/daiyang/vla/third_party/ETP-R1/data/scene_datasets/mp3d/aayBHfsNo7d/aayBHfsNo7d.navmesh
I0919 00:29:18.102385 1676466 PhysicsManager.cpp:33] Deconstructing PhysicsManager
I0919 00:29:18.102420 1676466 SemanticScene.h:41] Deconstructing SemanticScene
I0919 00:29:18.104792 1676466 SceneManager.h:25] Deconstructing SceneManager
I0919 00:29:18.104800 1676466 SceneGraph.h:26] Deconstructing SceneGraph
I0919 00:29:18.105008 1676466 Sensor.h:87] Deconstructing Sensor
I0919 00:29:18.107151 1676466 Renderer.cpp:34] Deconstructing Renderer
I0919 00:29:18.107170 1676466 WindowlessContext.h:17] Deconstructing WindowlessContext
I0919 00:29:18.113010 1676466 ManagedContainerBase.cpp:19] ManagedContainerBase::convertFilenameToJSON : Filename : default changed to proposed JSON configuration filename : default.scene_dataset_config.json
I0919 00:29:18.113027 1676466 AttributesManagerBase.h:283] AttributesManager<T>::createFromJsonOrDefaultInternal  (Dataset) : Proposing JSON name : default.scene_dataset_config.json from original name : default | This file  does not exist.
I0919 00:29:18.113153 1676466 AssetAttributesManager.cpp:117] Asset attributes (capsule3DSolid : capsule3DSolid_hemiRings_4_cylRings_1_segments_12_halfLen_0.75_useTexCoords_false_useTangents_false) created and registered.
I0919 00:29:18.113181 1676466 AssetAttributesManager.cpp:117] Asset attributes (capsule3DWireframe : capsule3DWireframe_hemiRings_8_cylRings_1_segments_16_halfLen_1) created and registered.
I0919 00:29:18.113204 1676466 AssetAttributesManager.cpp:117] Asset attributes (coneSolid : coneSolid_segments_12_halfLen_1.25_rings_1_useTexCoords_false_useTangents_false_capEnd_true) created and registered.
I0919 00:29:18.113219 1676466 AssetAttributesManager.cpp:117] Asset attributes (coneWireframe : coneWireframe_segments_32_halfLen_1.25) created and registered.
I0919 00:29:18.113227 1676466 AssetAttributesManager.cpp:117] Asset attributes (cubeSolid : cubeSolid) created and registered.
I0919 00:29:18.113233 1676466 AssetAttributesManager.cpp:117] Asset attributes (cubeWireframe : cubeWireframe) created and registered.
I0919 00:29:18.113260 1676466 AssetAttributesManager.cpp:117] Asset attributes (cylinderSolid : cylinderSolid_rings_1_segments_12_halfLen_1_useTexCoords_false_useTangents_false_capEnds_true) created and registered.
I0919 00:29:18.113282 1676466 AssetAttributesManager.cpp:117] Asset attributes (cylinderWireframe : cylinderWireframe_rings_1_segments_32_halfLen_1) created and registered.
I0919 00:29:18.113294 1676466 AssetAttributesManager.cpp:117] Asset attributes (icosphereSolid : icosphereSolid_subdivs_1) created and registered.
I0919 00:29:18.113303 1676466 AssetAttributesManager.cpp:117] Asset attributes (icosphereWireframe : icosphereWireframe_subdivs_1) created and registered.
I0919 00:29:18.113317 1676466 AssetAttributesManager.cpp:117] Asset attributes (uvSphereSolid : uvSphereSolid_rings_8_segments_16_useTexCoords_false_useTangents_false) created and registered.
I0919 00:29:18.113328 1676466 AssetAttributesManager.cpp:117] Asset attributes (uvSphereWireframe : uvSphereWireframe_rings_16_segments_32) created and registered.
I0919 00:29:18.113335 1676466 AssetAttributesManager.cpp:105] AssetAttributesManager::buildCtorFuncPtrMaps : Built default primitive asset templates : 12
I0919 00:29:18.113731 1676466 SceneDatasetAttributesManager.cpp:23] File (default) not found, so new default dataset attributes created and registered.
I0919 00:29:18.113734 1676466 MetadataMediator.cpp:47] MetadataMediator::createDataset : Dataset default successfully created.
I0919 00:29:18.114899 1676466 AttributesManagerBase.h:283] AttributesManager<T>::createFromJsonOrDefaultInternal  (Physics Manager) : Proposing JSON name : ./data/default.physics_config.json from original name : ./data/default.physics_config.json | This file  does not exist.
I0919 00:29:18.114912 1676466 PhysicsAttributesManager.cpp:27] File (./data/default.physics_config.json) not found, so new default physics manager attributes created and registered.
I0919 00:29:18.114915 1676466 AbstractObjectAttributesManagerBase.h:175] AbstractObjectAttributesManager<T>::createObject  (Stage) : Making attributes with handle : /mnt/data_nas/deeprobotics/daiyang/vla/third_party/ETP-R1/data/scene_datasets/mp3d/82sE5b5pLXE/82sE5b5pLXE.glb
I0919 00:29:18.114920 1676466 ManagedContainerBase.cpp:19] ManagedContainerBase::convertFilenameToJSON : Filename : /mnt/data_nas/deeprobotics/daiyang/vla/third_party/ETP-R1/data/scene_datasets/mp3d/82sE5b5pLXE/82sE5b5pLXE.glb changed to proposed JSON configuration filename : /mnt/data_nas/deeprobotics/daiyang/vla/third_party/ETP-R1/data/scene_datasets/mp3d/82sE5b5pLXE/82sE5b5pLXE.stage_config.json
I0919 00:29:18.119084 1676466 AttributesManagerBase.h:283] AttributesManager<T>::createFromJsonOrDefaultInternal  (Stage) : Proposing JSON name : /mnt/data_nas/deeprobotics/daiyang/vla/third_party/ETP-R1/data/scene_datasets/mp3d/82sE5b5pLXE/82sE5b5pLXE.stage_config.json from original name : /mnt/data_nas/deeprobotics/daiyang/vla/third_party/ETP-R1/data/scene_datasets/mp3d/82sE5b5pLXE/82sE5b5pLXE.glb | This file  does not exist.
I0919 00:29:18.119132 1676466 AbstractObjectAttributesManagerBase.h:181] AbstractObjectAttributesManager<T>::createObject  (Stage) : Done making attributes with handle : /mnt/data_nas/deeprobotics/daiyang/vla/third_party/ETP-R1/data/scene_datasets/mp3d/82sE5b5pLXE/82sE5b5pLXE.glb
I0919 00:29:18.119134 1676466 AbstractObjectAttributesManagerBase.h:188] File (/mnt/data_nas/deeprobotics/daiyang/vla/third_party/ETP-R1/data/scene_datasets/mp3d/82sE5b5pLXE/82sE5b5pLXE.glb) exists but is not a recognized config filename extension, so new default Stage attributes created and registered.
I0919 00:29:18.119139 1676466 Simulator.cpp:156] Loading navmesh from /mnt/data_nas/deeprobotics/daiyang/vla/third_party/ETP-R1/data/scene_datasets/mp3d/82sE5b5pLXE/82sE5b5pLXE.navmesh
I0919 00:29:18.121236 1676466 Simulator.cpp:158] Loaded.
I0919 00:29:18.121244 1676466 SceneGraph.h:93] Created DrawableGroup: 
Renderer: NVIDIA GeForce RTX 5090/PCIe/SSE2 by NVIDIA Corporation
OpenGL version: 4.6.0 NVIDIA 580.126.09
Using optional features:
    GL_ARB_ES2_compatibility
    GL_ARB_direct_state_access
    GL_ARB_get_texture_sub_image
    GL_ARB_invalidate_subdata
    GL_ARB_multi_bind
    GL_ARB_robustness
    GL_ARB_separate_shader_objects
    GL_ARB_texture_filter_anisotropic
    GL_ARB_texture_storage
    GL_ARB_texture_storage_multisample
    GL_ARB_vertex_array_object
    GL_KHR_debug
Using driver workarounds:
    no-forward-compatible-core-context
    nv-egl-incorrect-gl11-function-pointers
    no-layout-qualifiers-on-old-glsl
    nv-zero-context-profile-mask
    nv-implementation-color-read-format-dsa-broken
    nv-cubemap-inconsistent-compressed-image-size
    nv-cubemap-broken-full-compressed-image-query
    nv-compressed-block-size-in-bits
I0919 00:29:18.124940 1676466 ResourceManager.cpp:234] ResourceManager::loadStage : Not loading semantic mesh
I0919 00:29:18.124948 1676466 ResourceManager.cpp:262] ResourceManager::loadStage : start load render asset /mnt/data_nas/deeprobotics/daiyang/vla/third_party/ETP-R1/data/scene_datasets/mp3d/82sE5b5pLXE/82sE5b5pLXE.glb.
I0919 00:29:18.124950 1676466 ResourceManager.cpp:569] ResourceManager::loadStageInternal : Attempting to load stage /mnt/data_nas/deeprobotics/daiyang/vla/third_party/ETP-R1/data/scene_datasets/mp3d/82sE5b5pLXE/82sE5b5pLXE.glb 
I0919 00:29:18.124966 1676466 ResourceManager.cpp:1119] Importing Basis files as BC7 for 82sE5b5pLXE.glb
W0919 00:29:20.138370 1676466 Simulator.cpp:248] :
---
 The active scene does not contain semantic annotations. 
---
I0919 00:29:20.174491 1676466 simulator.py:213] Loaded navmesh /mnt/data_nas/deeprobotics/daiyang/vla/third_party/ETP-R1/data/scene_datasets/mp3d/82sE5b5pLXE/82sE5b5pLXE.navmesh
I0919 00:30:20.148068 1676466 PhysicsManager.cpp:33] Deconstructing PhysicsManager
I0919 00:30:20.148111 1676466 SemanticScene.h:41] Deconstructing SemanticScene
I0919 00:30:20.149612 1676466 SceneManager.h:25] Deconstructing SceneManager
I0919 00:30:20.149622 1676466 SceneGraph.h:26] Deconstructing SceneGraph
I0919 00:30:20.149875 1676466 Sensor.h:87] Deconstructing Sensor
I0919 00:30:20.160570 1676466 Renderer.cpp:34] Deconstructing Renderer
I0919 00:30:20.160604 1676466 WindowlessContext.h:17] Deconstructing WindowlessContext
I0919 00:30:20.171787 1676466 ManagedContainerBase.cpp:19] ManagedContainerBase::convertFilenameToJSON : Filename : default changed to proposed JSON configuration filename : default.scene_dataset_config.json
I0919 00:30:20.171808 1676466 AttributesManagerBase.h:283] AttributesManager<T>::createFromJsonOrDefaultInternal  (Dataset) : Proposing JSON name : default.scene_dataset_config.json from original name : default | This file  does not exist.
I0919 00:30:20.172060 1676466 AssetAttributesManager.cpp:117] Asset attributes (capsule3DSolid : capsule3DSolid_hemiRings_4_cylRings_1_segments_12_halfLen_0.75_useTexCoords_false_useTangents_false) created and registered.
I0919 00:30:20.172101 1676466 AssetAttributesManager.cpp:117] Asset attributes (capsule3DWireframe : capsule3DWireframe_hemiRings_8_cylRings_1_segments_16_halfLen_1) created and registered.
I0919 00:30:20.172135 1676466 AssetAttributesManager.cpp:117] Asset attributes (coneSolid : coneSolid_segments_12_halfLen_1.25_rings_1_useTexCoords_false_useTangents_false_capEnd_true) created and registered.
I0919 00:30:20.172158 1676466 AssetAttributesManager.cpp:117] Asset attributes (coneWireframe : coneWireframe_segments_32_halfLen_1.25) created and registered.
I0919 00:30:20.172169 1676466 AssetAttributesManager.cpp:117] Asset attributes (cubeSolid : cubeSolid) created and registered.
I0919 00:30:20.172178 1676466 AssetAttributesManager.cpp:117] Asset attributes (cubeWireframe : cubeWireframe) created and registered.
I0919 00:30:20.172209 1676466 AssetAttributesManager.cpp:117] Asset attributes (cylinderSolid : cylinderSolid_rings_1_segments_12_halfLen_1_useTexCoords_false_useTangents_false_capEnds_true) created and registered.
I0919 00:30:20.172235 1676466 AssetAttributesManager.cpp:117] Asset attributes (cylinderWireframe : cylinderWireframe_rings_1_segments_32_halfLen_1) created and registered.
I0919 00:30:20.172259 1676466 AssetAttributesManager.cpp:117] Asset attributes (icosphereSolid : icosphereSolid_subdivs_1) created and registered.
I0919 00:30:20.172277 1676466 AssetAttributesManager.cpp:117] Asset attributes (icosphereWireframe : icosphereWireframe_subdivs_1) created and registered.
I0919 00:30:20.172298 1676466 AssetAttributesManager.cpp:117] Asset attributes (uvSphereSolid : uvSphereSolid_rings_8_segments_16_useTexCoords_false_useTangents_false) created and registered.
I0919 00:30:20.172318 1676466 AssetAttributesManager.cpp:117] Asset attributes (uvSphereWireframe : uvSphereWireframe_rings_16_segments_32) created and registered.
I0919 00:30:20.172327 1676466 AssetAttributesManager.cpp:105] AssetAttributesManager::buildCtorFuncPtrMaps : Built default primitive asset templates : 12
I0919 00:30:20.172976 1676466 SceneDatasetAttributesManager.cpp:23] File (default) not found, so new default dataset attributes created and registered.
I0919 00:30:20.172978 1676466 MetadataMediator.cpp:47] MetadataMediator::createDataset : Dataset default successfully created.
I0919 00:30:20.174571 1676466 AttributesManagerBase.h:283] AttributesManager<T>::createFromJsonOrDefaultInternal  (Physics Manager) : Proposing JSON name : ./data/default.physics_config.json from original name : ./data/default.physics_config.json | This file  does not exist.
I0919 00:30:20.174589 1676466 PhysicsAttributesManager.cpp:27] File (./data/default.physics_config.json) not found, so new default physics manager attributes created and registered.
I0919 00:30:20.174594 1676466 AbstractObjectAttributesManagerBase.h:175] AbstractObjectAttributesManager<T>::createObject  (Stage) : Making attributes with handle : /mnt/data_nas/deeprobotics/daiyang/vla/third_party/ETP-R1/data/scene_datasets/mp3d/B6ByNegPMKs/B6ByNegPMKs.glb
I0919 00:30:20.174599 1676466 ManagedContainerBase.cpp:19] ManagedContainerBase::convertFilenameToJSON : Filename : /mnt/data_nas/deeprobotics/daiyang/vla/third_party/ETP-R1/data/scene_datasets/mp3d/B6ByNegPMKs/B6ByNegPMKs.glb changed to proposed JSON configuration filename : /mnt/data_nas/deeprobotics/daiyang/vla/third_party/ETP-R1/data/scene_datasets/mp3d/B6ByNegPMKs/B6ByNegPMKs.stage_config.json
I0919 00:30:20.174616 1676466 AttributesManagerBase.h:283] AttributesManager<T>::createFromJsonOrDefaultInternal  (Stage) : Proposing JSON name : /mnt/data_nas/deeprobotics/daiyang/vla/third_party/ETP-R1/data/scene_datasets/mp3d/B6ByNegPMKs/B6ByNegPMKs.stage_config.json from original name : /mnt/data_nas/deeprobotics/daiyang/vla/third_party/ETP-R1/data/scene_datasets/mp3d/B6ByNegPMKs/B6ByNegPMKs.glb | This file  does not exist.
I0919 00:30:20.174688 1676466 AbstractObjectAttributesManagerBase.h:181] AbstractObjectAttributesManager<T>::createObject  (Stage) : Done making attributes with handle : /mnt/data_nas/deeprobotics/daiyang/vla/third_party/ETP-R1/data/scene_datasets/mp3d/B6ByNegPMKs/B6ByNegPMKs.glb
I0919 00:30:20.174691 1676466 AbstractObjectAttributesManagerBase.h:188] File (/mnt/data_nas/deeprobotics/daiyang/vla/third_party/ETP-R1/data/scene_datasets/mp3d/B6ByNegPMKs/B6ByNegPMKs.glb) exists but is not a recognized config filename extension, so new default Stage attributes created and registered.
I0919 00:30:20.174700 1676466 Simulator.cpp:156] Loading navmesh from /mnt/data_nas/deeprobotics/daiyang/vla/third_party/ETP-R1/data/scene_datasets/mp3d/B6ByNegPMKs/B6ByNegPMKs.navmesh
I0919 00:30:20.176700 1676466 Simulator.cpp:158] Loaded.
I0919 00:30:20.176717 1676466 SceneGraph.h:93] Created DrawableGroup: 
Renderer: NVIDIA GeForce RTX 5090/PCIe/SSE2 by NVIDIA Corporation
OpenGL version: 4.6.0 NVIDIA 580.126.09
Using optional features:
    GL_ARB_ES2_compatibility
    GL_ARB_direct_state_access
    GL_ARB_get_texture_sub_image
    GL_ARB_invalidate_subdata
    GL_ARB_multi_bind
    GL_ARB_robustness
    GL_ARB_separate_shader_objects
    GL_ARB_texture_filter_anisotropic
    GL_ARB_texture_storage
    GL_ARB_texture_storage_multisample
    GL_ARB_vertex_array_object
    GL_KHR_debug
Using driver workarounds:
    no-forward-compatible-core-context
    nv-egl-incorrect-gl11-function-pointers
    no-layout-qualifiers-on-old-glsl
    nv-zero-context-profile-mask
    nv-implementation-color-read-format-dsa-broken
    nv-cubemap-inconsistent-compressed-image-size
    nv-cubemap-broken-full-compressed-image-query
    nv-compressed-block-size-in-bits
I0919 00:30:20.185593 1676466 ResourceManager.cpp:234] ResourceManager::loadStage : Not loading semantic mesh
I0919 00:30:20.185606 1676466 ResourceManager.cpp:262] ResourceManager::loadStage : start load render asset /mnt/data_nas/deeprobotics/daiyang/vla/third_party/ETP-R1/data/scene_datasets/mp3d/B6ByNegPMKs/B6ByNegPMKs.glb.
I0919 00:30:20.185608 1676466 ResourceManager.cpp:569] ResourceManager::loadStageInternal : Attempting to load stage /mnt/data_nas/deeprobotics/daiyang/vla/third_party/ETP-R1/data/scene_datasets/mp3d/B6ByNegPMKs/B6ByNegPMKs.glb 
I0919 00:30:20.185633 1676466 ResourceManager.cpp:1119] Importing Basis files as BC7 for B6ByNegPMKs.glb
W0919 00:30:29.633697 1676466 Simulator.cpp:248] :
---
 The active scene does not contain semantic annotations. 
---
I0919 00:30:29.829334 1676466 simulator.py:213] Loaded navmesh /mnt/data_nas/deeprobotics/daiyang/vla/third_party/ETP-R1/data/scene_datasets/mp3d/B6ByNegPMKs/B6ByNegPMKs.navmesh
I0919 00:31:49.559111 1676466 PhysicsManager.cpp:33] Deconstructing PhysicsManager
I0919 00:31:49.559147 1676466 SemanticScene.h:41] Deconstructing SemanticScene
I0919 00:31:49.575717 1676466 SceneManager.h:25] Deconstructing SceneManager
I0919 00:31:49.575734 1676466 SceneGraph.h:26] Deconstructing SceneGraph
I0919 00:31:49.576170 1676466 Sensor.h:87] Deconstructing Sensor
I0919 00:31:49.591117 1676466 Renderer.cpp:34] Deconstructing Renderer
I0919 00:31:49.591153 1676466 WindowlessContext.h:17] Deconstructing WindowlessContext
I0919 00:31:49.614886 1676466 ManagedContainerBase.cpp:19] ManagedContainerBase::convertFilenameToJSON : Filename : default changed to proposed JSON configuration filename : default.scene_dataset_config.json
I0919 00:31:49.614907 1676466 AttributesManagerBase.h:283] AttributesManager<T>::createFromJsonOrDefaultInternal  (Dataset) : Proposing JSON name : default.scene_dataset_config.json from original name : default | This file  does not exist.
I0919 00:31:49.615000 1676466 AssetAttributesManager.cpp:117] Asset attributes (capsule3DSolid : capsule3DSolid_hemiRings_4_cylRings_1_segments_12_halfLen_0.75_useTexCoords_false_useTangents_false) created and registered.
I0919 00:31:49.615028 1676466 AssetAttributesManager.cpp:117] Asset attributes (capsule3DWireframe : capsule3DWireframe_hemiRings_8_cylRings_1_segments_16_halfLen_1) created and registered.
I0919 00:31:49.615052 1676466 AssetAttributesManager.cpp:117] Asset attributes (coneSolid : coneSolid_segments_12_halfLen_1.25_rings_1_useTexCoords_false_useTangents_false_capEnd_true) created and registered.
I0919 00:31:49.615067 1676466 AssetAttributesManager.cpp:117] Asset attributes (coneWireframe : coneWireframe_segments_32_halfLen_1.25) created and registered.
I0919 00:31:49.615077 1676466 AssetAttributesManager.cpp:117] Asset attributes (cubeSolid : cubeSolid) created and registered.
I0919 00:31:49.615083 1676466 AssetAttributesManager.cpp:117] Asset attributes (cubeWireframe : cubeWireframe) created and registered.
I0919 00:31:49.615103 1676466 AssetAttributesManager.cpp:117] Asset attributes (cylinderSolid : cylinderSolid_rings_1_segments_12_halfLen_1_useTexCoords_false_useTangents_false_capEnds_true) created and registered.
I0919 00:31:49.615121 1676466 AssetAttributesManager.cpp:117] Asset attributes (cylinderWireframe : cylinderWireframe_rings_1_segments_32_halfLen_1) created and registered.
I0919 00:31:49.615132 1676466 AssetAttributesManager.cpp:117] Asset attributes (icosphereSolid : icosphereSolid_subdivs_1) created and registered.
I0919 00:31:49.615142 1676466 AssetAttributesManager.cpp:117] Asset attributes (icosphereWireframe : icosphereWireframe_subdivs_1) created and registered.
I0919 00:31:49.615155 1676466 AssetAttributesManager.cpp:117] Asset attributes (uvSphereSolid : uvSphereSolid_rings_8_segments_16_useTexCoords_false_useTangents_false) created and registered.
I0919 00:31:49.615177 1676466 AssetAttributesManager.cpp:117] Asset attributes (uvSphereWireframe : uvSphereWireframe_rings_16_segments_32) created and registered.
I0919 00:31:49.615185 1676466 AssetAttributesManager.cpp:105] AssetAttributesManager::buildCtorFuncPtrMaps : Built default primitive asset templates : 12
I0919 00:31:49.615593 1676466 SceneDatasetAttributesManager.cpp:23] File (default) not found, so new default dataset attributes created and registered.
I0919 00:31:49.615595 1676466 MetadataMediator.cpp:47] MetadataMediator::createDataset : Dataset default successfully created.
I0919 00:31:49.615792 1676466 AttributesManagerBase.h:283] AttributesManager<T>::createFromJsonOrDefaultInternal  (Physics Manager) : Proposing JSON name : ./data/default.physics_config.json from original name : ./data/default.physics_config.json | This file  does not exist.
I0919 00:31:49.615804 1676466 PhysicsAttributesManager.cpp:27] File (./data/default.physics_config.json) not found, so new default physics manager attributes created and registered.
I0919 00:31:49.615808 1676466 AbstractObjectAttributesManagerBase.h:175] AbstractObjectAttributesManager<T>::createObject  (Stage) : Making attributes with handle : /mnt/data_nas/deeprobotics/daiyang/vla/third_party/ETP-R1/data/scene_datasets/mp3d/PuKPg4mmafe/PuKPg4mmafe.glb
I0919 00:31:49.615811 1676466 ManagedContainerBase.cpp:19] ManagedContainerBase::convertFilenameToJSON : Filename : /mnt/data_nas/deeprobotics/daiyang/vla/third_party/ETP-R1/data/scene_datasets/mp3d/PuKPg4mmafe/PuKPg4mmafe.glb changed to proposed JSON configuration filename : /mnt/data_nas/deeprobotics/daiyang/vla/third_party/ETP-R1/data/scene_datasets/mp3d/PuKPg4mmafe/PuKPg4mmafe.stage_config.json
I0919 00:31:49.615823 1676466 AttributesManagerBase.h:283] AttributesManager<T>::createFromJsonOrDefaultInternal  (Stage) : Proposing JSON name : /mnt/data_nas/deeprobotics/daiyang/vla/third_party/ETP-R1/data/scene_datasets/mp3d/PuKPg4mmafe/PuKPg4mmafe.stage_config.json from original name : /mnt/data_nas/deeprobotics/daiyang/vla/third_party/ETP-R1/data/scene_datasets/mp3d/PuKPg4mmafe/PuKPg4mmafe.glb | This file  does not exist.
I0919 00:31:49.615868 1676466 AbstractObjectAttributesManagerBase.h:181] AbstractObjectAttributesManager<T>::createObject  (Stage) : Done making attributes with handle : /mnt/data_nas/deeprobotics/daiyang/vla/third_party/ETP-R1/data/scene_datasets/mp3d/PuKPg4mmafe/PuKPg4mmafe.glb
I0919 00:31:49.615870 1676466 AbstractObjectAttributesManagerBase.h:188] File (/mnt/data_nas/deeprobotics/daiyang/vla/third_party/ETP-R1/data/scene_datasets/mp3d/PuKPg4mmafe/PuKPg4mmafe.glb) exists but is not a recognized config filename extension, so new default Stage attributes created and registered.
I0919 00:31:49.615875 1676466 Simulator.cpp:156] Loading navmesh from /mnt/data_nas/deeprobotics/daiyang/vla/third_party/ETP-R1/data/scene_datasets/mp3d/PuKPg4mmafe/PuKPg4mmafe.navmesh
I0919 00:31:49.616816 1676466 Simulator.cpp:158] Loaded.
I0919 00:31:49.616827 1676466 SceneGraph.h:93] Created DrawableGroup: 
Renderer: NVIDIA GeForce RTX 5090/PCIe/SSE2 by NVIDIA Corporation
OpenGL version: 4.6.0 NVIDIA 580.126.09
Using optional features:
    GL_ARB_ES2_compatibility
    GL_ARB_direct_state_access
    GL_ARB_get_texture_sub_image
    GL_ARB_invalidate_subdata
    GL_ARB_multi_bind
    GL_ARB_robustness
    GL_ARB_separate_shader_objects
    GL_ARB_texture_filter_anisotropic
    GL_ARB_texture_storage
    GL_ARB_texture_storage_multisample
    GL_ARB_vertex_array_object
    GL_KHR_debug
Using driver workarounds:
    no-forward-compatible-core-context
    nv-egl-incorrect-gl11-function-pointers
    no-layout-qualifiers-on-old-glsl
    nv-zero-context-profile-mask
    nv-implementation-color-read-format-dsa-broken
    nv-cubemap-inconsistent-compressed-image-size
    nv-cubemap-broken-full-compressed-image-query
    nv-compressed-block-size-in-bits
I0919 00:31:49.638417 1676466 ResourceManager.cpp:234] ResourceManager::loadStage : Not loading semantic mesh
I0919 00:31:49.638432 1676466 ResourceManager.cpp:262] ResourceManager::loadStage : start load render asset /mnt/data_nas/deeprobotics/daiyang/vla/third_party/ETP-R1/data/scene_datasets/mp3d/PuKPg4mmafe/PuKPg4mmafe.glb.
I0919 00:31:49.638435 1676466 ResourceManager.cpp:569] ResourceManager::loadStageInternal : Attempting to load stage /mnt/data_nas/deeprobotics/daiyang/vla/third_party/ETP-R1/data/scene_datasets/mp3d/PuKPg4mmafe/PuKPg4mmafe.glb 
I0919 00:31:49.638453 1676466 ResourceManager.cpp:1119] Importing Basis files as BC7 for PuKPg4mmafe.glb
W0919 00:31:54.250707 1676466 Simulator.cpp:248] :
---
 The active scene does not contain semantic annotations. 
---
I0919 00:31:54.270382 1676466 simulator.py:213] Loaded navmesh /mnt/data_nas/deeprobotics/daiyang/vla/third_party/ETP-R1/data/scene_datasets/mp3d/PuKPg4mmafe/PuKPg4mmafe.navmesh
I0919 00:32:40.406672 1676466 PhysicsManager.cpp:33] Deconstructing PhysicsManager
I0919 00:32:40.406705 1676466 SemanticScene.h:41] Deconstructing SemanticScene
I0919 00:32:40.407454 1676466 SceneManager.h:25] Deconstructing SceneManager
I0919 00:32:40.407459 1676466 SceneGraph.h:26] Deconstructing SceneGraph
I0919 00:32:40.407661 1676466 Sensor.h:87] Deconstructing Sensor
I0919 00:32:40.411715 1676466 Renderer.cpp:34] Deconstructing Renderer
I0919 00:32:40.411736 1676466 WindowlessContext.h:17] Deconstructing WindowlessContext
I0919 00:32:40.426132 1676466 ManagedContainerBase.cpp:19] ManagedContainerBase::convertFilenameToJSON : Filename : default changed to proposed JSON configuration filename : default.scene_dataset_config.json
I0919 00:32:40.426151 1676466 AttributesManagerBase.h:283] AttributesManager<T>::createFromJsonOrDefaultInternal  (Dataset) : Proposing JSON name : default.scene_dataset_config.json from original name : default | This file  does not exist.
I0919 00:32:40.426332 1676466 AssetAttributesManager.cpp:117] Asset attributes (capsule3DSolid : capsule3DSolid_hemiRings_4_cylRings_1_segments_12_halfLen_0.75_useTexCoords_false_useTangents_false) created and registered.
I0919 00:32:40.426360 1676466 AssetAttributesManager.cpp:117] Asset attributes (capsule3DWireframe : capsule3DWireframe_hemiRings_8_cylRings_1_segments_16_halfLen_1) created and registered.
I0919 00:32:40.426383 1676466 AssetAttributesManager.cpp:117] Asset attributes (coneSolid : coneSolid_segments_12_halfLen_1.25_rings_1_useTexCoords_false_useTangents_false_capEnd_true) created and registered.
I0919 00:32:40.426397 1676466 AssetAttributesManager.cpp:117] Asset attributes (coneWireframe : coneWireframe_segments_32_halfLen_1.25) created and registered.
I0919 00:32:40.426406 1676466 AssetAttributesManager.cpp:117] Asset attributes (cubeSolid : cubeSolid) created and registered.
I0919 00:32:40.426414 1676466 AssetAttributesManager.cpp:117] Asset attributes (cubeWireframe : cubeWireframe) created and registered.
I0919 00:32:40.426432 1676466 AssetAttributesManager.cpp:117] Asset attributes (cylinderSolid : cylinderSolid_rings_1_segments_12_halfLen_1_useTexCoords_false_useTangents_false_capEnds_true) created and registered.
I0919 00:32:40.426448 1676466 AssetAttributesManager.cpp:117] Asset attributes (cylinderWireframe : cylinderWireframe_rings_1_segments_32_halfLen_1) created and registered.
I0919 00:32:40.426460 1676466 AssetAttributesManager.cpp:117] Asset attributes (icosphereSolid : icosphereSolid_subdivs_1) created and registered.
I0919 00:32:40.426468 1676466 AssetAttributesManager.cpp:117] Asset attributes (icosphereWireframe : icosphereWireframe_subdivs_1) created and registered.
I0919 00:32:40.426481 1676466 AssetAttributesManager.cpp:117] Asset attributes (uvSphereSolid : uvSphereSolid_rings_8_segments_16_useTexCoords_false_useTangents_false) created and registered.
I0919 00:32:40.426494 1676466 AssetAttributesManager.cpp:117] Asset attributes (uvSphereWireframe : uvSphereWireframe_rings_16_segments_32) created and registered.
I0919 00:32:40.426501 1676466 AssetAttributesManager.cpp:105] AssetAttributesManager::buildCtorFuncPtrMaps : Built default primitive asset templates : 12
I0919 00:32:40.426901 1676466 SceneDatasetAttributesManager.cpp:23] File (default) not found, so new default dataset attributes created and registered.
I0919 00:32:40.426903 1676466 MetadataMediator.cpp:47] MetadataMediator::createDataset : Dataset default successfully created.
I0919 00:32:40.427888 1676466 AttributesManagerBase.h:283] AttributesManager<T>::createFromJsonOrDefaultInternal  (Physics Manager) : Proposing JSON name : ./data/default.physics_config.json from original name : ./data/default.physics_config.json | This file  does not exist.
I0919 00:32:40.427901 1676466 PhysicsAttributesManager.cpp:27] File (./data/default.physics_config.json) not found, so new default physics manager attributes created and registered.
I0919 00:32:40.427904 1676466 AbstractObjectAttributesManagerBase.h:175] AbstractObjectAttributesManager<T>::createObject  (Stage) : Making attributes with handle : /mnt/data_nas/deeprobotics/daiyang/vla/third_party/ETP-R1/data/scene_datasets/mp3d/XcA2TqTSSAj/XcA2TqTSSAj.glb
I0919 00:32:40.427908 1676466 ManagedContainerBase.cpp:19] ManagedContainerBase::convertFilenameToJSON : Filename : /mnt/data_nas/deeprobotics/daiyang/vla/third_party/ETP-R1/data/scene_datasets/mp3d/XcA2TqTSSAj/XcA2TqTSSAj.glb changed to proposed JSON configuration filename : /mnt/data_nas/deeprobotics/daiyang/vla/third_party/ETP-R1/data/scene_datasets/mp3d/XcA2TqTSSAj/XcA2TqTSSAj.stage_config.json
I0919 00:32:40.427920 1676466 AttributesManagerBase.h:283] AttributesManager<T>::createFromJsonOrDefaultInternal  (Stage) : Proposing JSON name : /mnt/data_nas/deeprobotics/daiyang/vla/third_party/ETP-R1/data/scene_datasets/mp3d/XcA2TqTSSAj/XcA2TqTSSAj.stage_config.json from original name : /mnt/data_nas/deeprobotics/daiyang/vla/third_party/ETP-R1/data/scene_datasets/mp3d/XcA2TqTSSAj/XcA2TqTSSAj.glb | This file  does not exist.
I0919 00:32:40.427966 1676466 AbstractObjectAttributesManagerBase.h:181] AbstractObjectAttributesManager<T>::createObject  (Stage) : Done making attributes with handle : /mnt/data_nas/deeprobotics/daiyang/vla/third_party/ETP-R1/data/scene_datasets/mp3d/XcA2TqTSSAj/XcA2TqTSSAj.glb
I0919 00:32:40.427968 1676466 AbstractObjectAttributesManagerBase.h:188] File (/mnt/data_nas/deeprobotics/daiyang/vla/third_party/ETP-R1/data/scene_datasets/mp3d/XcA2TqTSSAj/XcA2TqTSSAj.glb) exists but is not a recognized config filename extension, so new default Stage attributes created and registered.
I0919 00:32:40.427973 1676466 Simulator.cpp:156] Loading navmesh from /mnt/data_nas/deeprobotics/daiyang/vla/third_party/ETP-R1/data/scene_datasets/mp3d/XcA2TqTSSAj/XcA2TqTSSAj.navmesh
I0919 00:32:40.428776 1676466 Simulator.cpp:158] Loaded.
I0919 00:32:40.428784 1676466 SceneGraph.h:93] Created DrawableGroup: 
Renderer: NVIDIA GeForce RTX 5090/PCIe/SSE2 by NVIDIA Corporation
OpenGL version: 4.6.0 NVIDIA 580.126.09
Using optional features:
    GL_ARB_ES2_compatibility
    GL_ARB_direct_state_access
    GL_ARB_get_texture_sub_image
    GL_ARB_invalidate_subdata
    GL_ARB_multi_bind
    GL_ARB_robustness
    GL_ARB_separate_shader_objects
    GL_ARB_texture_filter_anisotropic
    GL_ARB_texture_storage
    GL_ARB_texture_storage_multisample
    GL_ARB_vertex_array_object
    GL_KHR_debug
Using driver workarounds:
    no-forward-compatible-core-context
    nv-egl-incorrect-gl11-function-pointers
    no-layout-qualifiers-on-old-glsl
    nv-zero-context-profile-mask
    nv-implementation-color-read-format-dsa-broken
    nv-cubemap-inconsistent-compressed-image-size
    nv-cubemap-broken-full-compressed-image-query
    nv-compressed-block-size-in-bits
I0919 00:32:40.432461 1676466 ResourceManager.cpp:234] ResourceManager::loadStage : Not loading semantic mesh
I0919 00:32:40.432469 1676466 ResourceManager.cpp:262] ResourceManager::loadStage : start load render asset /mnt/data_nas/deeprobotics/daiyang/vla/third_party/ETP-R1/data/scene_datasets/mp3d/XcA2TqTSSAj/XcA2TqTSSAj.glb.
I0919 00:32:40.432471 1676466 ResourceManager.cpp:569] ResourceManager::loadStageInternal : Attempting to load stage /mnt/data_nas/deeprobotics/daiyang/vla/third_party/ETP-R1/data/scene_datasets/mp3d/XcA2TqTSSAj/XcA2TqTSSAj.glb 
I0919 00:32:40.432492 1676466 ResourceManager.cpp:1119] Importing Basis files as BC7 for XcA2TqTSSAj.glb
W0919 00:32:42.363045 1676466 Simulator.cpp:248] :
---
 The active scene does not contain semantic annotations. 
---
I0919 00:32:42.411550 1676466 simulator.py:213] Loaded navmesh /mnt/data_nas/deeprobotics/daiyang/vla/third_party/ETP-R1/data/scene_datasets/mp3d/XcA2TqTSSAj/XcA2TqTSSAj.navmesh
I0919 00:35:45.077150 1676466 PhysicsManager.cpp:33] Deconstructing PhysicsManager
I0919 00:35:45.077195 1676466 SemanticScene.h:41] Deconstructing SemanticScene
I0919 00:35:45.079813 1676466 SceneManager.h:25] Deconstructing SceneManager
I0919 00:35:45.079823 1676466 SceneGraph.h:26] Deconstructing SceneGraph
I0919 00:35:45.080381 1676466 Sensor.h:87] Deconstructing Sensor
I0919 00:35:45.083614 1676466 Renderer.cpp:34] Deconstructing Renderer
I0919 00:35:45.083631 1676466 WindowlessContext.h:17] Deconstructing WindowlessContext
I0919 00:35:45.090324 1676466 ManagedContainerBase.cpp:19] ManagedContainerBase::convertFilenameToJSON : Filename : default changed to proposed JSON configuration filename : default.scene_dataset_config.json
I0919 00:35:45.090340 1676466 AttributesManagerBase.h:283] AttributesManager<T>::createFromJsonOrDefaultInternal  (Dataset) : Proposing JSON name : default.scene_dataset_config.json from original name : default | This file  does not exist.
I0919 00:35:45.090497 1676466 AssetAttributesManager.cpp:117] Asset attributes (capsule3DSolid : capsule3DSolid_hemiRings_4_cylRings_1_segments_12_halfLen_0.75_useTexCoords_false_useTangents_false) created and registered.
I0919 00:35:45.090523 1676466 AssetAttributesManager.cpp:117] Asset attributes (capsule3DWireframe : capsule3DWireframe_hemiRings_8_cylRings_1_segments_16_halfLen_1) created and registered.
I0919 00:35:45.090546 1676466 AssetAttributesManager.cpp:117] Asset attributes (coneSolid : coneSolid_segments_12_halfLen_1.25_rings_1_useTexCoords_false_useTangents_false_capEnd_true) created and registered.
I0919 00:35:45.090561 1676466 AssetAttributesManager.cpp:117] Asset attributes (coneWireframe : coneWireframe_segments_32_halfLen_1.25) created and registered.
I0919 00:35:45.090570 1676466 AssetAttributesManager.cpp:117] Asset attributes (cubeSolid : cubeSolid) created and registered.
I0919 00:35:45.090576 1676466 AssetAttributesManager.cpp:117] Asset attributes (cubeWireframe : cubeWireframe) created and registered.
I0919 00:35:45.090596 1676466 AssetAttributesManager.cpp:117] Asset attributes (cylinderSolid : cylinderSolid_rings_1_segments_12_halfLen_1_useTexCoords_false_useTangents_false_capEnds_true) created and registered.
I0919 00:35:45.090613 1676466 AssetAttributesManager.cpp:117] Asset attributes (cylinderWireframe : cylinderWireframe_rings_1_segments_32_halfLen_1) created and registered.
I0919 00:35:45.090624 1676466 AssetAttributesManager.cpp:117] Asset attributes (icosphereSolid : icosphereSolid_subdivs_1) created and registered.
I0919 00:35:45.090633 1676466 AssetAttributesManager.cpp:117] Asset attributes (icosphereWireframe : icosphereWireframe_subdivs_1) created and registered.
I0919 00:35:45.090647 1676466 AssetAttributesManager.cpp:117] Asset attributes (uvSphereSolid : uvSphereSolid_rings_8_segments_16_useTexCoords_false_useTangents_false) created and registered.
I0919 00:35:45.090660 1676466 AssetAttributesManager.cpp:117] Asset attributes (uvSphereWireframe : uvSphereWireframe_rings_16_segments_32) created and registered.
I0919 00:35:45.090667 1676466 AssetAttributesManager.cpp:105] AssetAttributesManager::buildCtorFuncPtrMaps : Built default primitive asset templates : 12
I0919 00:35:45.091069 1676466 SceneDatasetAttributesManager.cpp:23] File (default) not found, so new default dataset attributes created and registered.
I0919 00:35:45.091071 1676466 MetadataMediator.cpp:47] MetadataMediator::createDataset : Dataset default successfully created.
I0919 00:35:45.092113 1676466 AttributesManagerBase.h:283] AttributesManager<T>::createFromJsonOrDefaultInternal  (Physics Manager) : Proposing JSON name : ./data/default.physics_config.json from original name : ./data/default.physics_config.json | This file  does not exist.
I0919 00:35:45.092133 1676466 PhysicsAttributesManager.cpp:27] File (./data/default.physics_config.json) not found, so new default physics manager attributes created and registered.
I0919 00:35:45.092136 1676466 AbstractObjectAttributesManagerBase.h:175] AbstractObjectAttributesManager<T>::createObject  (Stage) : Making attributes with handle : /mnt/data_nas/deeprobotics/daiyang/vla/third_party/ETP-R1/data/scene_datasets/mp3d/aayBHfsNo7d/aayBHfsNo7d.glb
I0919 00:35:45.092141 1676466 ManagedContainerBase.cpp:19] ManagedContainerBase::convertFilenameToJSON : Filename : /mnt/data_nas/deeprobotics/daiyang/vla/third_party/ETP-R1/data/scene_datasets/mp3d/aayBHfsNo7d/aayBHfsNo7d.glb changed to proposed JSON configuration filename : /mnt/data_nas/deeprobotics/daiyang/vla/third_party/ETP-R1/data/scene_datasets/mp3d/aayBHfsNo7d/aayBHfsNo7d.stage_config.json
I0919 00:35:45.094884 1676466 AttributesManagerBase.h:283] AttributesManager<T>::createFromJsonOrDefaultInternal  (Stage) : Proposing JSON name : /mnt/data_nas/deeprobotics/daiyang/vla/third_party/ETP-R1/data/scene_datasets/mp3d/aayBHfsNo7d/aayBHfsNo7d.stage_config.json from original name : /mnt/data_nas/deeprobotics/daiyang/vla/third_party/ETP-R1/data/scene_datasets/mp3d/aayBHfsNo7d/aayBHfsNo7d.glb | This file  does not exist.
I0919 00:35:45.094940 1676466 AbstractObjectAttributesManagerBase.h:181] AbstractObjectAttributesManager<T>::createObject  (Stage) : Done making attributes with handle : /mnt/data_nas/deeprobotics/daiyang/vla/third_party/ETP-R1/data/scene_datasets/mp3d/aayBHfsNo7d/aayBHfsNo7d.glb
I0919 00:35:45.094942 1676466 AbstractObjectAttributesManagerBase.h:188] File (/mnt/data_nas/deeprobotics/daiyang/vla/third_party/ETP-R1/data/scene_datasets/mp3d/aayBHfsNo7d/aayBHfsNo7d.glb) exists but is not a recognized config filename extension, so new default Stage attributes created and registered.
I0919 00:35:45.094949 1676466 Simulator.cpp:156] Loading navmesh from /mnt/data_nas/deeprobotics/daiyang/vla/third_party/ETP-R1/data/scene_datasets/mp3d/aayBHfsNo7d/aayBHfsNo7d.navmesh
I0919 00:35:45.095985 1676466 Simulator.cpp:158] Loaded.
I0919 00:35:45.095993 1676466 SceneGraph.h:93] Created DrawableGroup: 
Renderer: NVIDIA GeForce RTX 5090/PCIe/SSE2 by NVIDIA Corporation
OpenGL version: 4.6.0 NVIDIA 580.126.09
Using optional features:
    GL_ARB_ES2_compatibility
    GL_ARB_direct_state_access
    GL_ARB_get_texture_sub_image
    GL_ARB_invalidate_subdata
    GL_ARB_multi_bind
    GL_ARB_robustness
    GL_ARB_separate_shader_objects
    GL_ARB_texture_filter_anisotropic
    GL_ARB_texture_storage
    GL_ARB_texture_storage_multisample
    GL_ARB_vertex_array_object
    GL_KHR_debug
Using driver workarounds:
    no-forward-compatible-core-context
    nv-egl-incorrect-gl11-function-pointers
    no-layout-qualifiers-on-old-glsl
    nv-zero-context-profile-mask
    nv-implementation-color-read-format-dsa-broken
    nv-cubemap-inconsistent-compressed-image-size
    nv-cubemap-broken-full-compressed-image-query
    nv-compressed-block-size-in-bits
I0919 00:35:45.099725 1676466 ResourceManager.cpp:234] ResourceManager::loadStage : Not loading semantic mesh
I0919 00:35:45.099735 1676466 ResourceManager.cpp:262] ResourceManager::loadStage : start load render asset /mnt/data_nas/deeprobotics/daiyang/vla/third_party/ETP-R1/data/scene_datasets/mp3d/aayBHfsNo7d/aayBHfsNo7d.glb.
I0919 00:35:45.099736 1676466 ResourceManager.cpp:569] ResourceManager::loadStageInternal : Attempting to load stage /mnt/data_nas/deeprobotics/daiyang/vla/third_party/ETP-R1/data/scene_datasets/mp3d/aayBHfsNo7d/aayBHfsNo7d.glb 
I0919 00:35:45.099751 1676466 ResourceManager.cpp:1119] Importing Basis files as BC7 for aayBHfsNo7d.glb
W0919 00:35:46.650619 1676466 Simulator.cpp:248] :
---
 The active scene does not contain semantic annotations. 
---
I0919 00:35:46.691243 1676466 simulator.py:213] Loaded navmesh /mnt/data_nas/deeprobotics/daiyang/vla/third_party/ETP-R1/data/scene_datasets/mp3d/aayBHfsNo7d/aayBHfsNo7d.navmesh
I0919 00:36:39.776758 1676466 PhysicsManager.cpp:33] Deconstructing PhysicsManager
I0919 00:36:39.776813 1676466 SemanticScene.h:41] Deconstructing SemanticScene
I0919 00:36:39.779851 1676466 SceneManager.h:25] Deconstructing SceneManager
I0919 00:36:39.779861 1676466 SceneGraph.h:26] Deconstructing SceneGraph
I0919 00:36:39.780093 1676466 Sensor.h:87] Deconstructing Sensor
I0919 00:36:39.782816 1676466 Renderer.cpp:34] Deconstructing Renderer
I0919 00:36:39.782845 1676466 WindowlessContext.h:17] Deconstructing WindowlessContext
I0919 00:36:39.789793 1676466 ManagedContainerBase.cpp:19] ManagedContainerBase::convertFilenameToJSON : Filename : default changed to proposed JSON configuration filename : default.scene_dataset_config.json
I0919 00:36:39.789813 1676466 AttributesManagerBase.h:283] AttributesManager<T>::createFromJsonOrDefaultInternal  (Dataset) : Proposing JSON name : default.scene_dataset_config.json from original name : default | This file  does not exist.
I0919 00:36:39.790066 1676466 AssetAttributesManager.cpp:117] Asset attributes (capsule3DSolid : capsule3DSolid_hemiRings_4_cylRings_1_segments_12_halfLen_0.75_useTexCoords_false_useTangents_false) created and registered.
I0919 00:36:39.790107 1676466 AssetAttributesManager.cpp:117] Asset attributes (capsule3DWireframe : capsule3DWireframe_hemiRings_8_cylRings_1_segments_16_halfLen_1) created and registered.
I0919 00:36:39.790143 1676466 AssetAttributesManager.cpp:117] Asset attributes (coneSolid : coneSolid_segments_12_halfLen_1.25_rings_1_useTexCoords_false_useTangents_false_capEnd_true) created and registered.
I0919 00:36:39.790164 1676466 AssetAttributesManager.cpp:117] Asset attributes (coneWireframe : coneWireframe_segments_32_halfLen_1.25) created and registered.
I0919 00:36:39.790176 1676466 AssetAttributesManager.cpp:117] Asset attributes (cubeSolid : cubeSolid) created and registered.
I0919 00:36:39.790185 1676466 AssetAttributesManager.cpp:117] Asset attributes (cubeWireframe : cubeWireframe) created and registered.
I0919 00:36:39.790215 1676466 AssetAttributesManager.cpp:117] Asset attributes (cylinderSolid : cylinderSolid_rings_1_segments_12_halfLen_1_useTexCoords_false_useTangents_false_capEnds_true) created and registered.
I0919 00:36:39.790241 1676466 AssetAttributesManager.cpp:117] Asset attributes (cylinderWireframe : cylinderWireframe_rings_1_segments_32_halfLen_1) created and registered.
I0919 00:36:39.790257 1676466 AssetAttributesManager.cpp:117] Asset attributes (icosphereSolid : icosphereSolid_subdivs_1) created and registered.
I0919 00:36:39.790283 1676466 AssetAttributesManager.cpp:117] Asset attributes (icosphereWireframe : icosphereWireframe_subdivs_1) created and registered.
I0919 00:36:39.790302 1676466 AssetAttributesManager.cpp:117] Asset attributes (uvSphereSolid : uvSphereSolid_rings_8_segments_16_useTexCoords_false_useTangents_false) created and registered.
I0919 00:36:39.790323 1676466 AssetAttributesManager.cpp:117] Asset attributes (uvSphereWireframe : uvSphereWireframe_rings_16_segments_32) created and registered.
I0919 00:36:39.790331 1676466 AssetAttributesManager.cpp:105] AssetAttributesManager::buildCtorFuncPtrMaps : Built default primitive asset templates : 12
I0919 00:36:39.790982 1676466 SceneDatasetAttributesManager.cpp:23] File (default) not found, so new default dataset attributes created and registered.
I0919 00:36:39.790984 1676466 MetadataMediator.cpp:47] MetadataMediator::createDataset : Dataset default successfully created.
I0919 00:36:39.791245 1676466 AttributesManagerBase.h:283] AttributesManager<T>::createFromJsonOrDefaultInternal  (Physics Manager) : Proposing JSON name : ./data/default.physics_config.json from original name : ./data/default.physics_config.json | This file  does not exist.
I0919 00:36:39.791265 1676466 PhysicsAttributesManager.cpp:27] File (./data/default.physics_config.json) not found, so new default physics manager attributes created and registered.
I0919 00:36:39.791275 1676466 AbstractObjectAttributesManagerBase.h:175] AbstractObjectAttributesManager<T>::createObject  (Stage) : Making attributes with handle : /mnt/data_nas/deeprobotics/daiyang/vla/third_party/ETP-R1/data/scene_datasets/mp3d/82sE5b5pLXE/82sE5b5pLXE.glb
I0919 00:36:39.791286 1676466 ManagedContainerBase.cpp:19] ManagedContainerBase::convertFilenameToJSON : Filename : /mnt/data_nas/deeprobotics/daiyang/vla/third_party/ETP-R1/data/scene_datasets/mp3d/82sE5b5pLXE/82sE5b5pLXE.glb changed to proposed JSON configuration filename : /mnt/data_nas/deeprobotics/daiyang/vla/third_party/ETP-R1/data/scene_datasets/mp3d/82sE5b5pLXE/82sE5b5pLXE.stage_config.json
I0919 00:36:39.791306 1676466 AttributesManagerBase.h:283] AttributesManager<T>::createFromJsonOrDefaultInternal  (Stage) : Proposing JSON name : /mnt/data_nas/deeprobotics/daiyang/vla/third_party/ETP-R1/data/scene_datasets/mp3d/82sE5b5pLXE/82sE5b5pLXE.stage_config.json from original name : /mnt/data_nas/deeprobotics/daiyang/vla/third_party/ETP-R1/data/scene_datasets/mp3d/82sE5b5pLXE/82sE5b5pLXE.glb | This file  does not exist.
I0919 00:36:39.791379 1676466 AbstractObjectAttributesManagerBase.h:181] AbstractObjectAttributesManager<T>::createObject  (Stage) : Done making attributes with handle : /mnt/data_nas/deeprobotics/daiyang/vla/third_party/ETP-R1/data/scene_datasets/mp3d/82sE5b5pLXE/82sE5b5pLXE.glb
I0919 00:36:39.791383 1676466 AbstractObjectAttributesManagerBase.h:188] File (/mnt/data_nas/deeprobotics/daiyang/vla/third_party/ETP-R1/data/scene_datasets/mp3d/82sE5b5pLXE/82sE5b5pLXE.glb) exists but is not a recognized config filename extension, so new default Stage attributes created and registered.
I0919 00:36:39.791389 1676466 Simulator.cpp:156] Loading navmesh from /mnt/data_nas/deeprobotics/daiyang/vla/third_party/ETP-R1/data/scene_datasets/mp3d/82sE5b5pLXE/82sE5b5pLXE.navmesh
I0919 00:36:39.792191 1676466 Simulator.cpp:158] Loaded.
I0919 00:36:39.792202 1676466 SceneGraph.h:93] Created DrawableGroup: 
Renderer: NVIDIA GeForce RTX 5090/PCIe/SSE2 by NVIDIA Corporation
OpenGL version: 4.6.0 NVIDIA 580.126.09
Using optional features:
    GL_ARB_ES2_compatibility
    GL_ARB_direct_state_access
    GL_ARB_get_texture_sub_image
    GL_ARB_invalidate_subdata
    GL_ARB_multi_bind
    GL_ARB_robustness
    GL_ARB_separate_shader_objects
    GL_ARB_texture_filter_anisotropic
    GL_ARB_texture_storage
    GL_ARB_texture_storage_multisample
    GL_ARB_vertex_array_object
    GL_KHR_debug
Using driver workarounds:
    no-forward-compatible-core-context
    nv-egl-incorrect-gl11-function-pointers
    no-layout-qualifiers-on-old-glsl
    nv-zero-context-profile-mask
    nv-implementation-color-read-format-dsa-broken
    nv-cubemap-inconsistent-compressed-image-size
    nv-cubemap-broken-full-compressed-image-query
    nv-compressed-block-size-in-bits
I0919 00:36:39.796689 1676466 ResourceManager.cpp:234] ResourceManager::loadStage : Not loading semantic mesh
I0919 00:36:39.796700 1676466 ResourceManager.cpp:262] ResourceManager::loadStage : start load render asset /mnt/data_nas/deeprobotics/daiyang/vla/third_party/ETP-R1/data/scene_datasets/mp3d/82sE5b5pLXE/82sE5b5pLXE.glb.
I0919 00:36:39.796702 1676466 ResourceManager.cpp:569] ResourceManager::loadStageInternal : Attempting to load stage /mnt/data_nas/deeprobotics/daiyang/vla/third_party/ETP-R1/data/scene_datasets/mp3d/82sE5b5pLXE/82sE5b5pLXE.glb 
I0919 00:36:39.796725 1676466 ResourceManager.cpp:1119] Importing Basis files as BC7 for 82sE5b5pLXE.glb
W0919 00:36:41.812955 1676466 Simulator.cpp:248] :
---
 The active scene does not contain semantic annotations. 
---
I0919 00:36:41.853296 1676466 simulator.py:213] Loaded navmesh /mnt/data_nas/deeprobotics/daiyang/vla/third_party/ETP-R1/data/scene_datasets/mp3d/82sE5b5pLXE/82sE5b5pLXE.navmesh
I0919 00:39:58.364180 1676466 PhysicsManager.cpp:33] Deconstructing PhysicsManager
I0919 00:39:58.364226 1676466 SemanticScene.h:41] Deconstructing SemanticScene
I0919 00:39:58.365768 1676466 SceneManager.h:25] Deconstructing SceneManager
I0919 00:39:58.365777 1676466 SceneGraph.h:26] Deconstructing SceneGraph
I0919 00:39:58.366077 1676466 Sensor.h:87] Deconstructing Sensor
I0919 00:39:58.369099 1676466 Renderer.cpp:34] Deconstructing Renderer
I0919 00:39:58.369122 1676466 WindowlessContext.h:17] Deconstructing WindowlessContext
I0919 00:39:58.374974 1676466 ManagedContainerBase.cpp:19] ManagedContainerBase::convertFilenameToJSON : Filename : default changed to proposed JSON configuration filename : default.scene_dataset_config.json
I0919 00:39:58.374989 1676466 AttributesManagerBase.h:283] AttributesManager<T>::createFromJsonOrDefaultInternal  (Dataset) : Proposing JSON name : default.scene_dataset_config.json from original name : default | This file  does not exist.
I0919 00:39:58.375144 1676466 AssetAttributesManager.cpp:117] Asset attributes (capsule3DSolid : capsule3DSolid_hemiRings_4_cylRings_1_segments_12_halfLen_0.75_useTexCoords_false_useTangents_false) created and registered.
I0919 00:39:58.375170 1676466 AssetAttributesManager.cpp:117] Asset attributes (capsule3DWireframe : capsule3DWireframe_hemiRings_8_cylRings_1_segments_16_halfLen_1) created and registered.
I0919 00:39:58.375195 1676466 AssetAttributesManager.cpp:117] Asset attributes (coneSolid : coneSolid_segments_12_halfLen_1.25_rings_1_useTexCoords_false_useTangents_false_capEnd_true) created and registered.
I0919 00:39:58.375208 1676466 AssetAttributesManager.cpp:117] Asset attributes (coneWireframe : coneWireframe_segments_32_halfLen_1.25) created and registered.
I0919 00:39:58.375217 1676466 AssetAttributesManager.cpp:117] Asset attributes (cubeSolid : cubeSolid) created and registered.
I0919 00:39:58.375223 1676466 AssetAttributesManager.cpp:117] Asset attributes (cubeWireframe : cubeWireframe) created and registered.
I0919 00:39:58.375243 1676466 AssetAttributesManager.cpp:117] Asset attributes (cylinderSolid : cylinderSolid_rings_1_segments_12_halfLen_1_useTexCoords_false_useTangents_false_capEnds_true) created and registered.
I0919 00:39:58.375262 1676466 AssetAttributesManager.cpp:117] Asset attributes (cylinderWireframe : cylinderWireframe_rings_1_segments_32_halfLen_1) created and registered.
I0919 00:39:58.375277 1676466 AssetAttributesManager.cpp:117] Asset attributes (icosphereSolid : icosphereSolid_subdivs_1) created and registered.
I0919 00:39:58.375286 1676466 AssetAttributesManager.cpp:117] Asset attributes (icosphereWireframe : icosphereWireframe_subdivs_1) created and registered.
I0919 00:39:58.375300 1676466 AssetAttributesManager.cpp:117] Asset attributes (uvSphereSolid : uvSphereSolid_rings_8_segments_16_useTexCoords_false_useTangents_false) created and registered.
I0919 00:39:58.375313 1676466 AssetAttributesManager.cpp:117] Asset attributes (uvSphereWireframe : uvSphereWireframe_rings_16_segments_32) created and registered.
I0919 00:39:58.375319 1676466 AssetAttributesManager.cpp:105] AssetAttributesManager::buildCtorFuncPtrMaps : Built default primitive asset templates : 12
I0919 00:39:58.375712 1676466 SceneDatasetAttributesManager.cpp:23] File (default) not found, so new default dataset attributes created and registered.
I0919 00:39:58.375715 1676466 MetadataMediator.cpp:47] MetadataMediator::createDataset : Dataset default successfully created.
I0919 00:39:58.375905 1676466 AttributesManagerBase.h:283] AttributesManager<T>::createFromJsonOrDefaultInternal  (Physics Manager) : Proposing JSON name : ./data/default.physics_config.json from original name : ./data/default.physics_config.json | This file  does not exist.
I0919 00:39:58.375916 1676466 PhysicsAttributesManager.cpp:27] File (./data/default.physics_config.json) not found, so new default physics manager attributes created and registered.
I0919 00:39:58.375919 1676466 AbstractObjectAttributesManagerBase.h:175] AbstractObjectAttributesManager<T>::createObject  (Stage) : Making attributes with handle : /mnt/data_nas/deeprobotics/daiyang/vla/third_party/ETP-R1/data/scene_datasets/mp3d/B6ByNegPMKs/B6ByNegPMKs.glb
I0919 00:39:58.375924 1676466 ManagedContainerBase.cpp:19] ManagedContainerBase::convertFilenameToJSON : Filename : /mnt/data_nas/deeprobotics/daiyang/vla/third_party/ETP-R1/data/scene_datasets/mp3d/B6ByNegPMKs/B6ByNegPMKs.glb changed to proposed JSON configuration filename : /mnt/data_nas/deeprobotics/daiyang/vla/third_party/ETP-R1/data/scene_datasets/mp3d/B6ByNegPMKs/B6ByNegPMKs.stage_config.json
I0919 00:39:58.375939 1676466 AttributesManagerBase.h:283] AttributesManager<T>::createFromJsonOrDefaultInternal  (Stage) : Proposing JSON name : /mnt/data_nas/deeprobotics/daiyang/vla/third_party/ETP-R1/data/scene_datasets/mp3d/B6ByNegPMKs/B6ByNegPMKs.stage_config.json from original name : /mnt/data_nas/deeprobotics/daiyang/vla/third_party/ETP-R1/data/scene_datasets/mp3d/B6ByNegPMKs/B6ByNegPMKs.glb | This file  does not exist.
I0919 00:39:58.375985 1676466 AbstractObjectAttributesManagerBase.h:181] AbstractObjectAttributesManager<T>::createObject  (Stage) : Done making attributes with handle : /mnt/data_nas/deeprobotics/daiyang/vla/third_party/ETP-R1/data/scene_datasets/mp3d/B6ByNegPMKs/B6ByNegPMKs.glb
I0919 00:39:58.375988 1676466 AbstractObjectAttributesManagerBase.h:188] File (/mnt/data_nas/deeprobotics/daiyang/vla/third_party/ETP-R1/data/scene_datasets/mp3d/B6ByNegPMKs/B6ByNegPMKs.glb) exists but is not a recognized config filename extension, so new default Stage attributes created and registered.
I0919 00:39:58.375991 1676466 Simulator.cpp:156] Loading navmesh from /mnt/data_nas/deeprobotics/daiyang/vla/third_party/ETP-R1/data/scene_datasets/mp3d/B6ByNegPMKs/B6ByNegPMKs.navmesh
I0919 00:39:58.377547 1676466 Simulator.cpp:158] Loaded.
I0919 00:39:58.377554 1676466 SceneGraph.h:93] Created DrawableGroup: 
Renderer: NVIDIA GeForce RTX 5090/PCIe/SSE2 by NVIDIA Corporation
OpenGL version: 4.6.0 NVIDIA 580.126.09
Using optional features:
    GL_ARB_ES2_compatibility
    GL_ARB_direct_state_access
    GL_ARB_get_texture_sub_image
    GL_ARB_invalidate_subdata
    GL_ARB_multi_bind
    GL_ARB_robustness
    GL_ARB_separate_shader_objects
    GL_ARB_texture_filter_anisotropic
    GL_ARB_texture_storage
    GL_ARB_texture_storage_multisample
    GL_ARB_vertex_array_object
    GL_KHR_debug
Using driver workarounds:
    no-forward-compatible-core-context
    nv-egl-incorrect-gl11-function-pointers
    no-layout-qualifiers-on-old-glsl
    nv-zero-context-profile-mask
    nv-implementation-color-read-format-dsa-broken
    nv-cubemap-inconsistent-compressed-image-size
    nv-cubemap-broken-full-compressed-image-query
    nv-compressed-block-size-in-bits
I0919 00:39:58.391495 1676466 ResourceManager.cpp:234] ResourceManager::loadStage : Not loading semantic mesh
I0919 00:39:58.391505 1676466 ResourceManager.cpp:262] ResourceManager::loadStage : start load render asset /mnt/data_nas/deeprobotics/daiyang/vla/third_party/ETP-R1/data/scene_datasets/mp3d/B6ByNegPMKs/B6ByNegPMKs.glb.
I0919 00:39:58.391506 1676466 ResourceManager.cpp:569] ResourceManager::loadStageInternal : Attempting to load stage /mnt/data_nas/deeprobotics/daiyang/vla/third_party/ETP-R1/data/scene_datasets/mp3d/B6ByNegPMKs/B6ByNegPMKs.glb 
I0919 00:39:58.391523 1676466 ResourceManager.cpp:1119] Importing Basis files as BC7 for B6ByNegPMKs.glb
W0919 00:40:07.894780 1676466 Simulator.cpp:248] :
---
 The active scene does not contain semantic annotations. 
---
I0919 00:40:08.088601 1676466 simulator.py:213] Loaded navmesh /mnt/data_nas/deeprobotics/daiyang/vla/third_party/ETP-R1/data/scene_datasets/mp3d/B6ByNegPMKs/B6ByNegPMKs.navmesh
I0919 00:42:39.108042 1676466 PhysicsManager.cpp:33] Deconstructing PhysicsManager
I0919 00:42:39.108085 1676466 SemanticScene.h:41] Deconstructing SemanticScene
I0919 00:42:39.124605 1676466 SceneManager.h:25] Deconstructing SceneManager
I0919 00:42:39.124616 1676466 SceneGraph.h:26] Deconstructing SceneGraph
I0919 00:42:39.125067 1676466 Sensor.h:87] Deconstructing Sensor
I0919 00:42:39.138461 1676466 Renderer.cpp:34] Deconstructing Renderer
I0919 00:42:39.138489 1676466 WindowlessContext.h:17] Deconstructing WindowlessContext
I0919 00:42:39.169298 1676466 ManagedContainerBase.cpp:19] ManagedContainerBase::convertFilenameToJSON : Filename : default changed to proposed JSON configuration filename : default.scene_dataset_config.json
I0919 00:42:39.169323 1676466 AttributesManagerBase.h:283] AttributesManager<T>::createFromJsonOrDefaultInternal  (Dataset) : Proposing JSON name : default.scene_dataset_config.json from original name : default | This file  does not exist.
I0919 00:42:39.169461 1676466 AssetAttributesManager.cpp:117] Asset attributes (capsule3DSolid : capsule3DSolid_hemiRings_4_cylRings_1_segments_12_halfLen_0.75_useTexCoords_false_useTangents_false) created and registered.
I0919 00:42:39.169489 1676466 AssetAttributesManager.cpp:117] Asset attributes (capsule3DWireframe : capsule3DWireframe_hemiRings_8_cylRings_1_segments_16_halfLen_1) created and registered.
I0919 00:42:39.169513 1676466 AssetAttributesManager.cpp:117] Asset attributes (coneSolid : coneSolid_segments_12_halfLen_1.25_rings_1_useTexCoords_false_useTangents_false_capEnd_true) created and registered.
I0919 00:42:39.169529 1676466 AssetAttributesManager.cpp:117] Asset attributes (coneWireframe : coneWireframe_segments_32_halfLen_1.25) created and registered.
I0919 00:42:39.169538 1676466 AssetAttributesManager.cpp:117] Asset attributes (cubeSolid : cubeSolid) created and registered.
I0919 00:42:39.169545 1676466 AssetAttributesManager.cpp:117] Asset attributes (cubeWireframe : cubeWireframe) created and registered.
I0919 00:42:39.169565 1676466 AssetAttributesManager.cpp:117] Asset attributes (cylinderSolid : cylinderSolid_rings_1_segments_12_halfLen_1_useTexCoords_false_useTangents_false_capEnds_true) created and registered.
I0919 00:42:39.169582 1676466 AssetAttributesManager.cpp:117] Asset attributes (cylinderWireframe : cylinderWireframe_rings_1_segments_32_halfLen_1) created and registered.
I0919 00:42:39.169593 1676466 AssetAttributesManager.cpp:117] Asset attributes (icosphereSolid : icosphereSolid_subdivs_1) created and registered.
I0919 00:42:39.169603 1676466 AssetAttributesManager.cpp:117] Asset attributes (icosphereWireframe : icosphereWireframe_subdivs_1) created and registered.
I0919 00:42:39.169618 1676466 AssetAttributesManager.cpp:117] Asset attributes (uvSphereSolid : uvSphereSolid_rings_8_segments_16_useTexCoords_false_useTangents_false) created and registered.
I0919 00:42:39.169631 1676466 AssetAttributesManager.cpp:117] Asset attributes (uvSphereWireframe : uvSphereWireframe_rings_16_segments_32) created and registered.
I0919 00:42:39.169636 1676466 AssetAttributesManager.cpp:105] AssetAttributesManager::buildCtorFuncPtrMaps : Built default primitive asset templates : 12
I0919 00:42:39.170043 1676466 SceneDatasetAttributesManager.cpp:23] File (default) not found, so new default dataset attributes created and registered.
I0919 00:42:39.170046 1676466 MetadataMediator.cpp:47] MetadataMediator::createDataset : Dataset default successfully created.
I0919 00:42:39.170248 1676466 AttributesManagerBase.h:283] AttributesManager<T>::createFromJsonOrDefaultInternal  (Physics Manager) : Proposing JSON name : ./data/default.physics_config.json from original name : ./data/default.physics_config.json | This file  does not exist.
I0919 00:42:39.170261 1676466 PhysicsAttributesManager.cpp:27] File (./data/default.physics_config.json) not found, so new default physics manager attributes created and registered.
I0919 00:42:39.170264 1676466 AbstractObjectAttributesManagerBase.h:175] AbstractObjectAttributesManager<T>::createObject  (Stage) : Making attributes with handle : /mnt/data_nas/deeprobotics/daiyang/vla/third_party/ETP-R1/data/scene_datasets/mp3d/PuKPg4mmafe/PuKPg4mmafe.glb
I0919 00:42:39.170274 1676466 ManagedContainerBase.cpp:19] ManagedContainerBase::convertFilenameToJSON : Filename : /mnt/data_nas/deeprobotics/daiyang/vla/third_party/ETP-R1/data/scene_datasets/mp3d/PuKPg4mmafe/PuKPg4mmafe.glb changed to proposed JSON configuration filename : /mnt/data_nas/deeprobotics/daiyang/vla/third_party/ETP-R1/data/scene_datasets/mp3d/PuKPg4mmafe/PuKPg4mmafe.stage_config.json
I0919 00:42:39.170286 1676466 AttributesManagerBase.h:283] AttributesManager<T>::createFromJsonOrDefaultInternal  (Stage) : Proposing JSON name : /mnt/data_nas/deeprobotics/daiyang/vla/third_party/ETP-R1/data/scene_datasets/mp3d/PuKPg4mmafe/PuKPg4mmafe.stage_config.json from original name : /mnt/data_nas/deeprobotics/daiyang/vla/third_party/ETP-R1/data/scene_datasets/mp3d/PuKPg4mmafe/PuKPg4mmafe.glb | This file  does not exist.
I0919 00:42:39.170337 1676466 AbstractObjectAttributesManagerBase.h:181] AbstractObjectAttributesManager<T>::createObject  (Stage) : Done making attributes with handle : /mnt/data_nas/deeprobotics/daiyang/vla/third_party/ETP-R1/data/scene_datasets/mp3d/PuKPg4mmafe/PuKPg4mmafe.glb
I0919 00:42:39.170339 1676466 AbstractObjectAttributesManagerBase.h:188] File (/mnt/data_nas/deeprobotics/daiyang/vla/third_party/ETP-R1/data/scene_datasets/mp3d/PuKPg4mmafe/PuKPg4mmafe.glb) exists but is not a recognized config filename extension, so new default Stage attributes created and registered.
I0919 00:42:39.170344 1676466 Simulator.cpp:156] Loading navmesh from /mnt/data_nas/deeprobotics/daiyang/vla/third_party/ETP-R1/data/scene_datasets/mp3d/PuKPg4mmafe/PuKPg4mmafe.navmesh
I0919 00:42:39.171324 1676466 Simulator.cpp:158] Loaded.
I0919 00:42:39.171341 1676466 SceneGraph.h:93] Created DrawableGroup: 
Renderer: NVIDIA GeForce RTX 5090/PCIe/SSE2 by NVIDIA Corporation
OpenGL version: 4.6.0 NVIDIA 580.126.09
Using optional features:
    GL_ARB_ES2_compatibility
    GL_ARB_direct_state_access
    GL_ARB_get_texture_sub_image
    GL_ARB_invalidate_subdata
    GL_ARB_multi_bind
    GL_ARB_robustness
    GL_ARB_separate_shader_objects
    GL_ARB_texture_filter_anisotropic
    GL_ARB_texture_storage
    GL_ARB_texture_storage_multisample
    GL_ARB_vertex_array_object
    GL_KHR_debug
Using driver workarounds:
    no-forward-compatible-core-context
    nv-egl-incorrect-gl11-function-pointers
    no-layout-qualifiers-on-old-glsl
    nv-zero-context-profile-mask
    nv-implementation-color-read-format-dsa-broken
    nv-cubemap-inconsistent-compressed-image-size
    nv-cubemap-broken-full-compressed-image-query
    nv-compressed-block-size-in-bits
I0919 00:42:39.175057 1676466 ResourceManager.cpp:234] ResourceManager::loadStage : Not loading semantic mesh
I0919 00:42:39.175067 1676466 ResourceManager.cpp:262] ResourceManager::loadStage : start load render asset /mnt/data_nas/deeprobotics/daiyang/vla/third_party/ETP-R1/data/scene_datasets/mp3d/PuKPg4mmafe/PuKPg4mmafe.glb.
I0919 00:42:39.175069 1676466 ResourceManager.cpp:569] ResourceManager::loadStageInternal : Attempting to load stage /mnt/data_nas/deeprobotics/daiyang/vla/third_party/ETP-R1/data/scene_datasets/mp3d/PuKPg4mmafe/PuKPg4mmafe.glb 
I0919 00:42:39.175086 1676466 ResourceManager.cpp:1119] Importing Basis files as BC7 for PuKPg4mmafe.glb
W0919 00:42:43.938233 1676466 Simulator.cpp:248] :
---
 The active scene does not contain semantic annotations. 
---
I0919 00:42:43.958115 1676466 simulator.py:213] Loaded navmesh /mnt/data_nas/deeprobotics/daiyang/vla/third_party/ETP-R1/data/scene_datasets/mp3d/PuKPg4mmafe/PuKPg4mmafe.navmesh
I0919 00:45:18.236508 1676466 PhysicsManager.cpp:33] Deconstructing PhysicsManager
I0919 00:45:18.236555 1676466 SemanticScene.h:41] Deconstructing SemanticScene
I0919 00:45:18.237424 1676466 SceneManager.h:25] Deconstructing SceneManager
I0919 00:45:18.237430 1676466 SceneGraph.h:26] Deconstructing SceneGraph
I0919 00:45:18.237673 1676466 Sensor.h:87] Deconstructing Sensor
I0919 00:45:18.242797 1676466 Renderer.cpp:34] Deconstructing Renderer
I0919 00:45:18.242822 1676466 WindowlessContext.h:17] Deconstructing WindowlessContext
I0919 00:45:18.256687 1676466 ManagedContainerBase.cpp:19] ManagedContainerBase::convertFilenameToJSON : Filename : default changed to proposed JSON configuration filename : default.scene_dataset_config.json
I0919 00:45:18.256704 1676466 AttributesManagerBase.h:283] AttributesManager<T>::createFromJsonOrDefaultInternal  (Dataset) : Proposing JSON name : default.scene_dataset_config.json from original name : default | This file  does not exist.
I0919 00:45:18.256832 1676466 AssetAttributesManager.cpp:117] Asset attributes (capsule3DSolid : capsule3DSolid_hemiRings_4_cylRings_1_segments_12_halfLen_0.75_useTexCoords_false_useTangents_false) created and registered.
I0919 00:45:18.256866 1676466 AssetAttributesManager.cpp:117] Asset attributes (capsule3DWireframe : capsule3DWireframe_hemiRings_8_cylRings_1_segments_16_halfLen_1) created and registered.
I0919 00:45:18.256891 1676466 AssetAttributesManager.cpp:117] Asset attributes (coneSolid : coneSolid_segments_12_halfLen_1.25_rings_1_useTexCoords_false_useTangents_false_capEnd_true) created and registered.
I0919 00:45:18.256904 1676466 AssetAttributesManager.cpp:117] Asset attributes (coneWireframe : coneWireframe_segments_32_halfLen_1.25) created and registered.
I0919 00:45:18.256913 1676466 AssetAttributesManager.cpp:117] Asset attributes (cubeSolid : cubeSolid) created and registered.
I0919 00:45:18.256920 1676466 AssetAttributesManager.cpp:117] Asset attributes (cubeWireframe : cubeWireframe) created and registered.
I0919 00:45:18.256940 1676466 AssetAttributesManager.cpp:117] Asset attributes (cylinderSolid : cylinderSolid_rings_1_segments_12_halfLen_1_useTexCoords_false_useTangents_false_capEnds_true) created and registered.
I0919 00:45:18.256956 1676466 AssetAttributesManager.cpp:117] Asset attributes (cylinderWireframe : cylinderWireframe_rings_1_segments_32_halfLen_1) created and registered.
I0919 00:45:18.256968 1676466 AssetAttributesManager.cpp:117] Asset attributes (icosphereSolid : icosphereSolid_subdivs_1) created and registered.
I0919 00:45:18.256975 1676466 AssetAttributesManager.cpp:117] Asset attributes (icosphereWireframe : icosphereWireframe_subdivs_1) created and registered.
I0919 00:45:18.256989 1676466 AssetAttributesManager.cpp:117] Asset attributes (uvSphereSolid : uvSphereSolid_rings_8_segments_16_useTexCoords_false_useTangents_false) created and registered.
I0919 00:45:18.257001 1676466 AssetAttributesManager.cpp:117] Asset attributes (uvSphereWireframe : uvSphereWireframe_rings_16_segments_32) created and registered.
I0919 00:45:18.257007 1676466 AssetAttributesManager.cpp:105] AssetAttributesManager::buildCtorFuncPtrMaps : Built default primitive asset templates : 12
I0919 00:45:18.257406 1676466 SceneDatasetAttributesManager.cpp:23] File (default) not found, so new default dataset attributes created and registered.
I0919 00:45:18.257409 1676466 MetadataMediator.cpp:47] MetadataMediator::createDataset : Dataset default successfully created.
I0919 00:45:18.258878 1676466 AttributesManagerBase.h:283] AttributesManager<T>::createFromJsonOrDefaultInternal  (Physics Manager) : Proposing JSON name : ./data/default.physics_config.json from original name : ./data/default.physics_config.json | This file  does not exist.
I0919 00:45:18.258893 1676466 PhysicsAttributesManager.cpp:27] File (./data/default.physics_config.json) not found, so new default physics manager attributes created and registered.
I0919 00:45:18.258896 1676466 AbstractObjectAttributesManagerBase.h:175] AbstractObjectAttributesManager<T>::createObject  (Stage) : Making attributes with handle : /mnt/data_nas/deeprobotics/daiyang/vla/third_party/ETP-R1/data/scene_datasets/mp3d/aayBHfsNo7d/aayBHfsNo7d.glb
I0919 00:45:18.258900 1676466 ManagedContainerBase.cpp:19] ManagedContainerBase::convertFilenameToJSON : Filename : /mnt/data_nas/deeprobotics/daiyang/vla/third_party/ETP-R1/data/scene_datasets/mp3d/aayBHfsNo7d/aayBHfsNo7d.glb changed to proposed JSON configuration filename : /mnt/data_nas/deeprobotics/daiyang/vla/third_party/ETP-R1/data/scene_datasets/mp3d/aayBHfsNo7d/aayBHfsNo7d.stage_config.json
I0919 00:45:18.262001 1676466 AttributesManagerBase.h:283] AttributesManager<T>::createFromJsonOrDefaultInternal  (Stage) : Proposing JSON name : /mnt/data_nas/deeprobotics/daiyang/vla/third_party/ETP-R1/data/scene_datasets/mp3d/aayBHfsNo7d/aayBHfsNo7d.stage_config.json from original name : /mnt/data_nas/deeprobotics/daiyang/vla/third_party/ETP-R1/data/scene_datasets/mp3d/aayBHfsNo7d/aayBHfsNo7d.glb | This file  does not exist.
I0919 00:45:18.262049 1676466 AbstractObjectAttributesManagerBase.h:181] AbstractObjectAttributesManager<T>::createObject  (Stage) : Done making attributes with handle : /mnt/data_nas/deeprobotics/daiyang/vla/third_party/ETP-R1/data/scene_datasets/mp3d/aayBHfsNo7d/aayBHfsNo7d.glb
I0919 00:45:18.262055 1676466 AbstractObjectAttributesManagerBase.h:188] File (/mnt/data_nas/deeprobotics/daiyang/vla/third_party/ETP-R1/data/scene_datasets/mp3d/aayBHfsNo7d/aayBHfsNo7d.glb) exists but is not a recognized config filename extension, so new default Stage attributes created and registered.
I0919 00:45:18.262060 1676466 Simulator.cpp:156] Loading navmesh from /mnt/data_nas/deeprobotics/daiyang/vla/third_party/ETP-R1/data/scene_datasets/mp3d/aayBHfsNo7d/aayBHfsNo7d.navmesh
I0919 00:45:18.263346 1676466 Simulator.cpp:158] Loaded.
I0919 00:45:18.263355 1676466 SceneGraph.h:93] Created DrawableGroup: 
Renderer: NVIDIA GeForce RTX 5090/PCIe/SSE2 by NVIDIA Corporation
OpenGL version: 4.6.0 NVIDIA 580.126.09
Using optional features:
    GL_ARB_ES2_compatibility
    GL_ARB_direct_state_access
    GL_ARB_get_texture_sub_image
    GL_ARB_invalidate_subdata
    GL_ARB_multi_bind
    GL_ARB_robustness
    GL_ARB_separate_shader_objects
    GL_ARB_texture_filter_anisotropic
    GL_ARB_texture_storage
    GL_ARB_texture_storage_multisample
    GL_ARB_vertex_array_object
    GL_KHR_debug
Using driver workarounds:
    no-forward-compatible-core-context
    nv-egl-incorrect-gl11-function-pointers
    no-layout-qualifiers-on-old-glsl
    nv-zero-context-profile-mask
    nv-implementation-color-read-format-dsa-broken
    nv-cubemap-inconsistent-compressed-image-size
    nv-cubemap-broken-full-compressed-image-query
    nv-compressed-block-size-in-bits
I0919 00:45:18.267009 1676466 ResourceManager.cpp:234] ResourceManager::loadStage : Not loading semantic mesh
I0919 00:45:18.267017 1676466 ResourceManager.cpp:262] ResourceManager::loadStage : start load render asset /mnt/data_nas/deeprobotics/daiyang/vla/third_party/ETP-R1/data/scene_datasets/mp3d/aayBHfsNo7d/aayBHfsNo7d.glb.
I0919 00:45:18.267019 1676466 ResourceManager.cpp:569] ResourceManager::loadStageInternal : Attempting to load stage /mnt/data_nas/deeprobotics/daiyang/vla/third_party/ETP-R1/data/scene_datasets/mp3d/aayBHfsNo7d/aayBHfsNo7d.glb 
I0919 00:45:18.267035 1676466 ResourceManager.cpp:1119] Importing Basis files as BC7 for aayBHfsNo7d.glb
W0919 00:45:19.834442 1676466 Simulator.cpp:248] :
---
 The active scene does not contain semantic annotations. 
---
I0919 00:45:19.879700 1676466 simulator.py:213] Loaded navmesh /mnt/data_nas/deeprobotics/daiyang/vla/third_party/ETP-R1/data/scene_datasets/mp3d/aayBHfsNo7d/aayBHfsNo7d.navmesh
I0919 00:46:05.892277 1676466 PhysicsManager.cpp:33] Deconstructing PhysicsManager
I0919 00:46:05.892324 1676466 SemanticScene.h:41] Deconstructing SemanticScene
I0919 00:46:05.894625 1676466 SceneManager.h:25] Deconstructing SceneManager
I0919 00:46:05.894634 1676466 SceneGraph.h:26] Deconstructing SceneGraph
I0919 00:46:05.895123 1676466 Sensor.h:87] Deconstructing Sensor
I0919 00:46:05.897279 1676466 Renderer.cpp:34] Deconstructing Renderer
I0919 00:46:05.897300 1676466 WindowlessContext.h:17] Deconstructing WindowlessContext
I0919 00:46:05.903048 1676466 ManagedContainerBase.cpp:19] ManagedContainerBase::convertFilenameToJSON : Filename : default changed to proposed JSON configuration filename : default.scene_dataset_config.json
I0919 00:46:05.903066 1676466 AttributesManagerBase.h:283] AttributesManager<T>::createFromJsonOrDefaultInternal  (Dataset) : Proposing JSON name : default.scene_dataset_config.json from original name : default | This file  does not exist.
I0919 00:46:05.903303 1676466 AssetAttributesManager.cpp:117] Asset attributes (capsule3DSolid : capsule3DSolid_hemiRings_4_cylRings_1_segments_12_halfLen_0.75_useTexCoords_false_useTangents_false) created and registered.
I0919 00:46:05.903330 1676466 AssetAttributesManager.cpp:117] Asset attributes (capsule3DWireframe : capsule3DWireframe_hemiRings_8_cylRings_1_segments_16_halfLen_1) created and registered.
I0919 00:46:05.903352 1676466 AssetAttributesManager.cpp:117] Asset attributes (coneSolid : coneSolid_segments_12_halfLen_1.25_rings_1_useTexCoords_false_useTangents_false_capEnd_true) created and registered.
I0919 00:46:05.903373 1676466 AssetAttributesManager.cpp:117] Asset attributes (coneWireframe : coneWireframe_segments_32_halfLen_1.25) created and registered.
I0919 00:46:05.903380 1676466 AssetAttributesManager.cpp:117] Asset attributes (cubeSolid : cubeSolid) created and registered.
I0919 00:46:05.903386 1676466 AssetAttributesManager.cpp:117] Asset attributes (cubeWireframe : cubeWireframe) created and registered.
I0919 00:46:05.903405 1676466 AssetAttributesManager.cpp:117] Asset attributes (cylinderSolid : cylinderSolid_rings_1_segments_12_halfLen_1_useTexCoords_false_useTangents_false_capEnds_true) created and registered.
I0919 00:46:05.903421 1676466 AssetAttributesManager.cpp:117] Asset attributes (cylinderWireframe : cylinderWireframe_rings_1_segments_32_halfLen_1) created and registered.
I0919 00:46:05.903432 1676466 AssetAttributesManager.cpp:117] Asset attributes (icosphereSolid : icosphereSolid_subdivs_1) created and registered.
I0919 00:46:05.903440 1676466 AssetAttributesManager.cpp:117] Asset attributes (icosphereWireframe : icosphereWireframe_subdivs_1) created and registered.
I0919 00:46:05.903455 1676466 AssetAttributesManager.cpp:117] Asset attributes (uvSphereSolid : uvSphereSolid_rings_8_segments_16_useTexCoords_false_useTangents_false) created and registered.
I0919 00:46:05.903466 1676466 AssetAttributesManager.cpp:117] Asset attributes (uvSphereWireframe : uvSphereWireframe_rings_16_segments_32) created and registered.
I0919 00:46:05.903472 1676466 AssetAttributesManager.cpp:105] AssetAttributesManager::buildCtorFuncPtrMaps : Built default primitive asset templates : 12
I0919 00:46:05.903862 1676466 SceneDatasetAttributesManager.cpp:23] File (default) not found, so new default dataset attributes created and registered.
I0919 00:46:05.903864 1676466 MetadataMediator.cpp:47] MetadataMediator::createDataset : Dataset default successfully created.
I0919 00:46:05.904053 1676466 AttributesManagerBase.h:283] AttributesManager<T>::createFromJsonOrDefaultInternal  (Physics Manager) : Proposing JSON name : ./data/default.physics_config.json from original name : ./data/default.physics_config.json | This file  does not exist.
I0919 00:46:05.904064 1676466 PhysicsAttributesManager.cpp:27] File (./data/default.physics_config.json) not found, so new default physics manager attributes created and registered.
I0919 00:46:05.904068 1676466 AbstractObjectAttributesManagerBase.h:175] AbstractObjectAttributesManager<T>::createObject  (Stage) : Making attributes with handle : /mnt/data_nas/deeprobotics/daiyang/vla/third_party/ETP-R1/data/scene_datasets/mp3d/82sE5b5pLXE/82sE5b5pLXE.glb
I0919 00:46:05.904072 1676466 ManagedContainerBase.cpp:19] ManagedContainerBase::convertFilenameToJSON : Filename : /mnt/data_nas/deeprobotics/daiyang/vla/third_party/ETP-R1/data/scene_datasets/mp3d/82sE5b5pLXE/82sE5b5pLXE.glb changed to proposed JSON configuration filename : /mnt/data_nas/deeprobotics/daiyang/vla/third_party/ETP-R1/data/scene_datasets/mp3d/82sE5b5pLXE/82sE5b5pLXE.stage_config.json
I0919 00:46:05.904084 1676466 AttributesManagerBase.h:283] AttributesManager<T>::createFromJsonOrDefaultInternal  (Stage) : Proposing JSON name : /mnt/data_nas/deeprobotics/daiyang/vla/third_party/ETP-R1/data/scene_datasets/mp3d/82sE5b5pLXE/82sE5b5pLXE.stage_config.json from original name : /mnt/data_nas/deeprobotics/daiyang/vla/third_party/ETP-R1/data/scene_datasets/mp3d/82sE5b5pLXE/82sE5b5pLXE.glb | This file  does not exist.
I0919 00:46:05.904130 1676466 AbstractObjectAttributesManagerBase.h:181] AbstractObjectAttributesManager<T>::createObject  (Stage) : Done making attributes with handle : /mnt/data_nas/deeprobotics/daiyang/vla/third_party/ETP-R1/data/scene_datasets/mp3d/82sE5b5pLXE/82sE5b5pLXE.glb
I0919 00:46:05.904132 1676466 AbstractObjectAttributesManagerBase.h:188] File (/mnt/data_nas/deeprobotics/daiyang/vla/third_party/ETP-R1/data/scene_datasets/mp3d/82sE5b5pLXE/82sE5b5pLXE.glb) exists but is not a recognized config filename extension, so new default Stage attributes created and registered.
I0919 00:46:05.904139 1676466 Simulator.cpp:156] Loading navmesh from /mnt/data_nas/deeprobotics/daiyang/vla/third_party/ETP-R1/data/scene_datasets/mp3d/82sE5b5pLXE/82sE5b5pLXE.navmesh
I0919 00:46:05.904922 1676466 Simulator.cpp:158] Loaded.
I0919 00:46:05.904929 1676466 SceneGraph.h:93] Created DrawableGroup: 
Renderer: NVIDIA GeForce RTX 5090/PCIe/SSE2 by NVIDIA Corporation
OpenGL version: 4.6.0 NVIDIA 580.126.09
Using optional features:
    GL_ARB_ES2_compatibility
    GL_ARB_direct_state_access
    GL_ARB_get_texture_sub_image
    GL_ARB_invalidate_subdata
    GL_ARB_multi_bind
    GL_ARB_robustness
    GL_ARB_separate_shader_objects
    GL_ARB_texture_filter_anisotropic
    GL_ARB_texture_storage
    GL_ARB_texture_storage_multisample
    GL_ARB_vertex_array_object
    GL_KHR_debug
Using driver workarounds:
    no-forward-compatible-core-context
    nv-egl-incorrect-gl11-function-pointers
    no-layout-qualifiers-on-old-glsl
    nv-zero-context-profile-mask
    nv-implementation-color-read-format-dsa-broken
    nv-cubemap-inconsistent-compressed-image-size
    nv-cubemap-broken-full-compressed-image-query
    nv-compressed-block-size-in-bits
I0919 00:46:05.908437 1676466 ResourceManager.cpp:234] ResourceManager::loadStage : Not loading semantic mesh
I0919 00:46:05.908444 1676466 ResourceManager.cpp:262] ResourceManager::loadStage : start load render asset /mnt/data_nas/deeprobotics/daiyang/vla/third_party/ETP-R1/data/scene_datasets/mp3d/82sE5b5pLXE/82sE5b5pLXE.glb.
I0919 00:46:05.908447 1676466 ResourceManager.cpp:569] ResourceManager::loadStageInternal : Attempting to load stage /mnt/data_nas/deeprobotics/daiyang/vla/third_party/ETP-R1/data/scene_datasets/mp3d/82sE5b5pLXE/82sE5b5pLXE.glb 
I0919 00:46:05.908461 1676466 ResourceManager.cpp:1119] Importing Basis files as BC7 for 82sE5b5pLXE.glb
W0919 00:46:07.903501 1676466 Simulator.cpp:248] :
---
 The active scene does not contain semantic annotations. 
---
I0919 00:46:07.939564 1676466 simulator.py:213] Loaded navmesh /mnt/data_nas/deeprobotics/daiyang/vla/third_party/ETP-R1/data/scene_datasets/mp3d/82sE5b5pLXE/82sE5b5pLXE.navmesh
I0919 00:46:55.328032 1676466 PhysicsManager.cpp:33] Deconstructing PhysicsManager
I0919 00:46:55.328069 1676466 SemanticScene.h:41] Deconstructing SemanticScene
I0919 00:46:55.329308 1676466 SceneManager.h:25] Deconstructing SceneManager
I0919 00:46:55.329315 1676466 SceneGraph.h:26] Deconstructing SceneGraph
I0919 00:46:55.329526 1676466 Sensor.h:87] Deconstructing Sensor
I0919 00:46:55.331980 1676466 Renderer.cpp:34] Deconstructing Renderer
I0919 00:46:55.332002 1676466 WindowlessContext.h:17] Deconstructing WindowlessContext
I0919 00:46:55.337172 1676466 ManagedContainerBase.cpp:19] ManagedContainerBase::convertFilenameToJSON : Filename : default changed to proposed JSON configuration filename : default.scene_dataset_config.json
I0919 00:46:55.337189 1676466 AttributesManagerBase.h:283] AttributesManager<T>::createFromJsonOrDefaultInternal  (Dataset) : Proposing JSON name : default.scene_dataset_config.json from original name : default | This file  does not exist.
I0919 00:46:55.337424 1676466 AssetAttributesManager.cpp:117] Asset attributes (capsule3DSolid : capsule3DSolid_hemiRings_4_cylRings_1_segments_12_halfLen_0.75_useTexCoords_false_useTangents_false) created and registered.
I0919 00:46:55.337450 1676466 AssetAttributesManager.cpp:117] Asset attributes (capsule3DWireframe : capsule3DWireframe_hemiRings_8_cylRings_1_segments_16_halfLen_1) created and registered.
I0919 00:46:55.337473 1676466 AssetAttributesManager.cpp:117] Asset attributes (coneSolid : coneSolid_segments_12_halfLen_1.25_rings_1_useTexCoords_false_useTangents_false_capEnd_true) created and registered.
I0919 00:46:55.337487 1676466 AssetAttributesManager.cpp:117] Asset attributes (coneWireframe : coneWireframe_segments_32_halfLen_1.25) created and registered.
I0919 00:46:55.337496 1676466 AssetAttributesManager.cpp:117] Asset attributes (cubeSolid : cubeSolid) created and registered.
I0919 00:46:55.337502 1676466 AssetAttributesManager.cpp:117] Asset attributes (cubeWireframe : cubeWireframe) created and registered.
I0919 00:46:55.337527 1676466 AssetAttributesManager.cpp:117] Asset attributes (cylinderSolid : cylinderSolid_rings_1_segments_12_halfLen_1_useTexCoords_false_useTangents_false_capEnds_true) created and registered.
I0919 00:46:55.337544 1676466 AssetAttributesManager.cpp:117] Asset attributes (cylinderWireframe : cylinderWireframe_rings_1_segments_32_halfLen_1) created and registered.
I0919 00:46:55.337554 1676466 AssetAttributesManager.cpp:117] Asset attributes (icosphereSolid : icosphereSolid_subdivs_1) created and registered.
I0919 00:46:55.337563 1676466 AssetAttributesManager.cpp:117] Asset attributes (icosphereWireframe : icosphereWireframe_subdivs_1) created and registered.
I0919 00:46:55.337577 1676466 AssetAttributesManager.cpp:117] Asset attributes (uvSphereSolid : uvSphereSolid_rings_8_segments_16_useTexCoords_false_useTangents_false) created and registered.
I0919 00:46:55.337589 1676466 AssetAttributesManager.cpp:117] Asset attributes (uvSphereWireframe : uvSphereWireframe_rings_16_segments_32) created and registered.
I0919 00:46:55.337595 1676466 AssetAttributesManager.cpp:105] AssetAttributesManager::buildCtorFuncPtrMaps : Built default primitive asset templates : 12
I0919 00:46:55.337988 1676466 SceneDatasetAttributesManager.cpp:23] File (default) not found, so new default dataset attributes created and registered.
I0919 00:46:55.337990 1676466 MetadataMediator.cpp:47] MetadataMediator::createDataset : Dataset default successfully created.
I0919 00:46:55.338167 1676466 AttributesManagerBase.h:283] AttributesManager<T>::createFromJsonOrDefaultInternal  (Physics Manager) : Proposing JSON name : ./data/default.physics_config.json from original name : ./data/default.physics_config.json | This file  does not exist.
I0919 00:46:55.338179 1676466 PhysicsAttributesManager.cpp:27] File (./data/default.physics_config.json) not found, so new default physics manager attributes created and registered.
I0919 00:46:55.338182 1676466 AbstractObjectAttributesManagerBase.h:175] AbstractObjectAttributesManager<T>::createObject  (Stage) : Making attributes with handle : /mnt/data_nas/deeprobotics/daiyang/vla/third_party/ETP-R1/data/scene_datasets/mp3d/B6ByNegPMKs/B6ByNegPMKs.glb
I0919 00:46:55.338186 1676466 ManagedContainerBase.cpp:19] ManagedContainerBase::convertFilenameToJSON : Filename : /mnt/data_nas/deeprobotics/daiyang/vla/third_party/ETP-R1/data/scene_datasets/mp3d/B6ByNegPMKs/B6ByNegPMKs.glb changed to proposed JSON configuration filename : /mnt/data_nas/deeprobotics/daiyang/vla/third_party/ETP-R1/data/scene_datasets/mp3d/B6ByNegPMKs/B6ByNegPMKs.stage_config.json
I0919 00:46:55.338197 1676466 AttributesManagerBase.h:283] AttributesManager<T>::createFromJsonOrDefaultInternal  (Stage) : Proposing JSON name : /mnt/data_nas/deeprobotics/daiyang/vla/third_party/ETP-R1/data/scene_datasets/mp3d/B6ByNegPMKs/B6ByNegPMKs.stage_config.json from original name : /mnt/data_nas/deeprobotics/daiyang/vla/third_party/ETP-R1/data/scene_datasets/mp3d/B6ByNegPMKs/B6ByNegPMKs.glb | This file  does not exist.
I0919 00:46:55.338245 1676466 AbstractObjectAttributesManagerBase.h:181] AbstractObjectAttributesManager<T>::createObject  (Stage) : Done making attributes with handle : /mnt/data_nas/deeprobotics/daiyang/vla/third_party/ETP-R1/data/scene_datasets/mp3d/B6ByNegPMKs/B6ByNegPMKs.glb
I0919 00:46:55.338248 1676466 AbstractObjectAttributesManagerBase.h:188] File (/mnt/data_nas/deeprobotics/daiyang/vla/third_party/ETP-R1/data/scene_datasets/mp3d/B6ByNegPMKs/B6ByNegPMKs.glb) exists but is not a recognized config filename extension, so new default Stage attributes created and registered.
I0919 00:46:55.338251 1676466 Simulator.cpp:156] Loading navmesh from /mnt/data_nas/deeprobotics/daiyang/vla/third_party/ETP-R1/data/scene_datasets/mp3d/B6ByNegPMKs/B6ByNegPMKs.navmesh
I0919 00:46:55.339380 1676466 Simulator.cpp:158] Loaded.
I0919 00:46:55.339389 1676466 SceneGraph.h:93] Created DrawableGroup: 
Renderer: NVIDIA GeForce RTX 5090/PCIe/SSE2 by NVIDIA Corporation
OpenGL version: 4.6.0 NVIDIA 580.126.09
Using optional features:
    GL_ARB_ES2_compatibility
    GL_ARB_direct_state_access
    GL_ARB_get_texture_sub_image
    GL_ARB_invalidate_subdata
    GL_ARB_multi_bind
    GL_ARB_robustness
    GL_ARB_separate_shader_objects
    GL_ARB_texture_filter_anisotropic
    GL_ARB_texture_storage
    GL_ARB_texture_storage_multisample
    GL_ARB_vertex_array_object
    GL_KHR_debug
Using driver workarounds:
    no-forward-compatible-core-context
    nv-egl-incorrect-gl11-function-pointers
    no-layout-qualifiers-on-old-glsl
    nv-zero-context-profile-mask
    nv-implementation-color-read-format-dsa-broken
    nv-cubemap-inconsistent-compressed-image-size
    nv-cubemap-broken-full-compressed-image-query
    nv-compressed-block-size-in-bits
I0919 00:46:55.342896 1676466 ResourceManager.cpp:234] ResourceManager::loadStage : Not loading semantic mesh
I0919 00:46:55.342905 1676466 ResourceManager.cpp:262] ResourceManager::loadStage : start load render asset /mnt/data_nas/deeprobotics/daiyang/vla/third_party/ETP-R1/data/scene_datasets/mp3d/B6ByNegPMKs/B6ByNegPMKs.glb.
I0919 00:46:55.342907 1676466 ResourceManager.cpp:569] ResourceManager::loadStageInternal : Attempting to load stage /mnt/data_nas/deeprobotics/daiyang/vla/third_party/ETP-R1/data/scene_datasets/mp3d/B6ByNegPMKs/B6ByNegPMKs.glb 
I0919 00:46:55.342922 1676466 ResourceManager.cpp:1119] Importing Basis files as BC7 for B6ByNegPMKs.glb
W0919 00:47:04.885371 1676466 Simulator.cpp:248] :
---
 The active scene does not contain semantic annotations. 
---
I0919 00:47:05.087216 1676466 simulator.py:213] Loaded navmesh /mnt/data_nas/deeprobotics/daiyang/vla/third_party/ETP-R1/data/scene_datasets/mp3d/B6ByNegPMKs/B6ByNegPMKs.navmesh
I0919 00:47:45.648360 1676466 PhysicsManager.cpp:33] Deconstructing PhysicsManager
I0919 00:47:45.648399 1676466 SemanticScene.h:41] Deconstructing SemanticScene
I0919 00:47:45.664141 1676466 SceneManager.h:25] Deconstructing SceneManager
I0919 00:47:45.664158 1676466 SceneGraph.h:26] Deconstructing SceneGraph
I0919 00:47:45.664590 1676466 Sensor.h:87] Deconstructing Sensor
I0919 00:47:45.677326 1676466 Renderer.cpp:34] Deconstructing Renderer
I0919 00:47:45.677356 1676466 WindowlessContext.h:17] Deconstructing WindowlessContext
I0919 00:47:45.690497 1676466 ManagedContainerBase.cpp:19] ManagedContainerBase::convertFilenameToJSON : Filename : default changed to proposed JSON configuration filename : default.scene_dataset_config.json
I0919 00:47:45.690517 1676466 AttributesManagerBase.h:283] AttributesManager<T>::createFromJsonOrDefaultInternal  (Dataset) : Proposing JSON name : default.scene_dataset_config.json from original name : default | This file  does not exist.
I0919 00:47:45.690769 1676466 AssetAttributesManager.cpp:117] Asset attributes (capsule3DSolid : capsule3DSolid_hemiRings_4_cylRings_1_segments_12_halfLen_0.75_useTexCoords_false_useTangents_false) created and registered.
I0919 00:47:45.690797 1676466 AssetAttributesManager.cpp:117] Asset attributes (capsule3DWireframe : capsule3DWireframe_hemiRings_8_cylRings_1_segments_16_halfLen_1) created and registered.
I0919 00:47:45.690820 1676466 AssetAttributesManager.cpp:117] Asset attributes (coneSolid : coneSolid_segments_12_halfLen_1.25_rings_1_useTexCoords_false_useTangents_false_capEnd_true) created and registered.
I0919 00:47:45.690834 1676466 AssetAttributesManager.cpp:117] Asset attributes (coneWireframe : coneWireframe_segments_32_halfLen_1.25) created and registered.
I0919 00:47:45.690843 1676466 AssetAttributesManager.cpp:117] Asset attributes (cubeSolid : cubeSolid) created and registered.
I0919 00:47:45.690850 1676466 AssetAttributesManager.cpp:117] Asset attributes (cubeWireframe : cubeWireframe) created and registered.
I0919 00:47:45.690871 1676466 AssetAttributesManager.cpp:117] Asset attributes (cylinderSolid : cylinderSolid_rings_1_segments_12_halfLen_1_useTexCoords_false_useTangents_false_capEnds_true) created and registered.
I0919 00:47:45.690887 1676466 AssetAttributesManager.cpp:117] Asset attributes (cylinderWireframe : cylinderWireframe_rings_1_segments_32_halfLen_1) created and registered.
I0919 00:47:45.690907 1676466 AssetAttributesManager.cpp:117] Asset attributes (icosphereSolid : icosphereSolid_subdivs_1) created and registered.
I0919 00:47:45.690917 1676466 AssetAttributesManager.cpp:117] Asset attributes (icosphereWireframe : icosphereWireframe_subdivs_1) created and registered.
I0919 00:47:45.690929 1676466 AssetAttributesManager.cpp:117] Asset attributes (uvSphereSolid : uvSphereSolid_rings_8_segments_16_useTexCoords_false_useTangents_false) created and registered.
I0919 00:47:45.690943 1676466 AssetAttributesManager.cpp:117] Asset attributes (uvSphereWireframe : uvSphereWireframe_rings_16_segments_32) created and registered.
I0919 00:47:45.690949 1676466 AssetAttributesManager.cpp:105] AssetAttributesManager::buildCtorFuncPtrMaps : Built default primitive asset templates : 12
I0919 00:47:45.691354 1676466 SceneDatasetAttributesManager.cpp:23] File (default) not found, so new default dataset attributes created and registered.
I0919 00:47:45.691356 1676466 MetadataMediator.cpp:47] MetadataMediator::createDataset : Dataset default successfully created.
I0919 00:47:45.691547 1676466 AttributesManagerBase.h:283] AttributesManager<T>::createFromJsonOrDefaultInternal  (Physics Manager) : Proposing JSON name : ./data/default.physics_config.json from original name : ./data/default.physics_config.json | This file  does not exist.
I0919 00:47:45.691560 1676466 PhysicsAttributesManager.cpp:27] File (./data/default.physics_config.json) not found, so new default physics manager attributes created and registered.
I0919 00:47:45.691563 1676466 AbstractObjectAttributesManagerBase.h:175] AbstractObjectAttributesManager<T>::createObject  (Stage) : Making attributes with handle : /mnt/data_nas/deeprobotics/daiyang/vla/third_party/ETP-R1/data/scene_datasets/mp3d/PuKPg4mmafe/PuKPg4mmafe.glb
I0919 00:47:45.691567 1676466 ManagedContainerBase.cpp:19] ManagedContainerBase::convertFilenameToJSON : Filename : /mnt/data_nas/deeprobotics/daiyang/vla/third_party/ETP-R1/data/scene_datasets/mp3d/PuKPg4mmafe/PuKPg4mmafe.glb changed to proposed JSON configuration filename : /mnt/data_nas/deeprobotics/daiyang/vla/third_party/ETP-R1/data/scene_datasets/mp3d/PuKPg4mmafe/PuKPg4mmafe.stage_config.json
I0919 00:47:45.691579 1676466 AttributesManagerBase.h:283] AttributesManager<T>::createFromJsonOrDefaultInternal  (Stage) : Proposing JSON name : /mnt/data_nas/deeprobotics/daiyang/vla/third_party/ETP-R1/data/scene_datasets/mp3d/PuKPg4mmafe/PuKPg4mmafe.stage_config.json from original name : /mnt/data_nas/deeprobotics/daiyang/vla/third_party/ETP-R1/data/scene_datasets/mp3d/PuKPg4mmafe/PuKPg4mmafe.glb | This file  does not exist.
I0919 00:47:45.691625 1676466 AbstractObjectAttributesManagerBase.h:181] AbstractObjectAttributesManager<T>::createObject  (Stage) : Done making attributes with handle : /mnt/data_nas/deeprobotics/daiyang/vla/third_party/ETP-R1/data/scene_datasets/mp3d/PuKPg4mmafe/PuKPg4mmafe.glb
I0919 00:47:45.691627 1676466 AbstractObjectAttributesManagerBase.h:188] File (/mnt/data_nas/deeprobotics/daiyang/vla/third_party/ETP-R1/data/scene_datasets/mp3d/PuKPg4mmafe/PuKPg4mmafe.glb) exists but is not a recognized config filename extension, so new default Stage attributes created and registered.
I0919 00:47:45.691632 1676466 Simulator.cpp:156] Loading navmesh from /mnt/data_nas/deeprobotics/daiyang/vla/third_party/ETP-R1/data/scene_datasets/mp3d/PuKPg4mmafe/PuKPg4mmafe.navmesh
I0919 00:47:45.692643 1676466 Simulator.cpp:158] Loaded.
I0919 00:47:45.692651 1676466 SceneGraph.h:93] Created DrawableGroup: 
Renderer: NVIDIA GeForce RTX 5090/PCIe/SSE2 by NVIDIA Corporation
OpenGL version: 4.6.0 NVIDIA 580.126.09
Using optional features:
    GL_ARB_ES2_compatibility
    GL_ARB_direct_state_access
    GL_ARB_get_texture_sub_image
    GL_ARB_invalidate_subdata
    GL_ARB_multi_bind
    GL_ARB_robustness
    GL_ARB_separate_shader_objects
    GL_ARB_texture_filter_anisotropic
    GL_ARB_texture_storage
    GL_ARB_texture_storage_multisample
    GL_ARB_vertex_array_object
    GL_KHR_debug
Using driver workarounds:
    no-forward-compatible-core-context
    nv-egl-incorrect-gl11-function-pointers
    no-layout-qualifiers-on-old-glsl
    nv-zero-context-profile-mask
    nv-implementation-color-read-format-dsa-broken
    nv-cubemap-inconsistent-compressed-image-size
    nv-cubemap-broken-full-compressed-image-query
    nv-compressed-block-size-in-bits
I0919 00:47:45.696265 1676466 ResourceManager.cpp:234] ResourceManager::loadStage : Not loading semantic mesh
I0919 00:47:45.696280 1676466 ResourceManager.cpp:262] ResourceManager::loadStage : start load render asset /mnt/data_nas/deeprobotics/daiyang/vla/third_party/ETP-R1/data/scene_datasets/mp3d/PuKPg4mmafe/PuKPg4mmafe.glb.
I0919 00:47:45.696283 1676466 ResourceManager.cpp:569] ResourceManager::loadStageInternal : Attempting to load stage /mnt/data_nas/deeprobotics/daiyang/vla/third_party/ETP-R1/data/scene_datasets/mp3d/PuKPg4mmafe/PuKPg4mmafe.glb 
I0919 00:47:45.696300 1676466 ResourceManager.cpp:1119] Importing Basis files as BC7 for PuKPg4mmafe.glb
W0919 00:47:50.575568 1676466 Simulator.cpp:248] :
---
 The active scene does not contain semantic annotations. 
---
I0919 00:47:50.595690 1676466 simulator.py:213] Loaded navmesh /mnt/data_nas/deeprobotics/daiyang/vla/third_party/ETP-R1/data/scene_datasets/mp3d/PuKPg4mmafe/PuKPg4mmafe.navmesh
I0919 00:48:34.145018 1676466 PhysicsManager.cpp:33] Deconstructing PhysicsManager
I0919 00:48:34.145082 1676466 SemanticScene.h:41] Deconstructing SemanticScene
I0919 00:48:34.146852 1676466 SceneManager.h:25] Deconstructing SceneManager
I0919 00:48:34.146867 1676466 SceneGraph.h:26] Deconstructing SceneGraph
I0919 00:48:34.147346 1676466 Sensor.h:87] Deconstructing Sensor
I0919 00:48:34.154754 1676466 Renderer.cpp:34] Deconstructing Renderer
I0919 00:48:34.154790 1676466 WindowlessContext.h:17] Deconstructing WindowlessContext
I0919 00:48:34.170137 1676466 ManagedContainerBase.cpp:19] ManagedContainerBase::convertFilenameToJSON : Filename : default changed to proposed JSON configuration filename : default.scene_dataset_config.json
I0919 00:48:34.170159 1676466 AttributesManagerBase.h:283] AttributesManager<T>::createFromJsonOrDefaultInternal  (Dataset) : Proposing JSON name : default.scene_dataset_config.json from original name : default | This file  does not exist.
I0919 00:48:34.170321 1676466 AssetAttributesManager.cpp:117] Asset attributes (capsule3DSolid : capsule3DSolid_hemiRings_4_cylRings_1_segments_12_halfLen_0.75_useTexCoords_false_useTangents_false) created and registered.
I0919 00:48:34.170348 1676466 AssetAttributesManager.cpp:117] Asset attributes (capsule3DWireframe : capsule3DWireframe_hemiRings_8_cylRings_1_segments_16_halfLen_1) created and registered.
I0919 00:48:34.170372 1676466 AssetAttributesManager.cpp:117] Asset attributes (coneSolid : coneSolid_segments_12_halfLen_1.25_rings_1_useTexCoords_false_useTangents_false_capEnd_true) created and registered.
I0919 00:48:34.170387 1676466 AssetAttributesManager.cpp:117] Asset attributes (coneWireframe : coneWireframe_segments_32_halfLen_1.25) created and registered.
I0919 00:48:34.170395 1676466 AssetAttributesManager.cpp:117] Asset attributes (cubeSolid : cubeSolid) created and registered.
I0919 00:48:34.170401 1676466 AssetAttributesManager.cpp:117] Asset attributes (cubeWireframe : cubeWireframe) created and registered.
I0919 00:48:34.170423 1676466 AssetAttributesManager.cpp:117] Asset attributes (cylinderSolid : cylinderSolid_rings_1_segments_12_halfLen_1_useTexCoords_false_useTangents_false_capEnds_true) created and registered.
I0919 00:48:34.170439 1676466 AssetAttributesManager.cpp:117] Asset attributes (cylinderWireframe : cylinderWireframe_rings_1_segments_32_halfLen_1) created and registered.
I0919 00:48:34.170450 1676466 AssetAttributesManager.cpp:117] Asset attributes (icosphereSolid : icosphereSolid_subdivs_1) created and registered.
I0919 00:48:34.170459 1676466 AssetAttributesManager.cpp:117] Asset attributes (icosphereWireframe : icosphereWireframe_subdivs_1) created and registered.
I0919 00:48:34.170473 1676466 AssetAttributesManager.cpp:117] Asset attributes (uvSphereSolid : uvSphereSolid_rings_8_segments_16_useTexCoords_false_useTangents_false) created and registered.
I0919 00:48:34.170493 1676466 AssetAttributesManager.cpp:117] Asset attributes (uvSphereWireframe : uvSphereWireframe_rings_16_segments_32) created and registered.
I0919 00:48:34.170500 1676466 AssetAttributesManager.cpp:105] AssetAttributesManager::buildCtorFuncPtrMaps : Built default primitive asset templates : 12
I0919 00:48:34.170902 1676466 SceneDatasetAttributesManager.cpp:23] File (default) not found, so new default dataset attributes created and registered.
I0919 00:48:34.170904 1676466 MetadataMediator.cpp:47] MetadataMediator::createDataset : Dataset default successfully created.
I0919 00:48:34.171092 1676466 AttributesManagerBase.h:283] AttributesManager<T>::createFromJsonOrDefaultInternal  (Physics Manager) : Proposing JSON name : ./data/default.physics_config.json from original name : ./data/default.physics_config.json | This file  does not exist.
I0919 00:48:34.171103 1676466 PhysicsAttributesManager.cpp:27] File (./data/default.physics_config.json) not found, so new default physics manager attributes created and registered.
I0919 00:48:34.171108 1676466 AbstractObjectAttributesManagerBase.h:175] AbstractObjectAttributesManager<T>::createObject  (Stage) : Making attributes with handle : /mnt/data_nas/deeprobotics/daiyang/vla/third_party/ETP-R1/data/scene_datasets/mp3d/aayBHfsNo7d/aayBHfsNo7d.glb
I0919 00:48:34.171111 1676466 ManagedContainerBase.cpp:19] ManagedContainerBase::convertFilenameToJSON : Filename : /mnt/data_nas/deeprobotics/daiyang/vla/third_party/ETP-R1/data/scene_datasets/mp3d/aayBHfsNo7d/aayBHfsNo7d.glb changed to proposed JSON configuration filename : /mnt/data_nas/deeprobotics/daiyang/vla/third_party/ETP-R1/data/scene_datasets/mp3d/aayBHfsNo7d/aayBHfsNo7d.stage_config.json
I0919 00:48:34.172019 1676466 AttributesManagerBase.h:283] AttributesManager<T>::createFromJsonOrDefaultInternal  (Stage) : Proposing JSON name : /mnt/data_nas/deeprobotics/daiyang/vla/third_party/ETP-R1/data/scene_datasets/mp3d/aayBHfsNo7d/aayBHfsNo7d.stage_config.json from original name : /mnt/data_nas/deeprobotics/daiyang/vla/third_party/ETP-R1/data/scene_datasets/mp3d/aayBHfsNo7d/aayBHfsNo7d.glb | This file  does not exist.
I0919 00:48:34.172070 1676466 AbstractObjectAttributesManagerBase.h:181] AbstractObjectAttributesManager<T>::createObject  (Stage) : Done making attributes with handle : /mnt/data_nas/deeprobotics/daiyang/vla/third_party/ETP-R1/data/scene_datasets/mp3d/aayBHfsNo7d/aayBHfsNo7d.glb
I0919 00:48:34.172071 1676466 AbstractObjectAttributesManagerBase.h:188] File (/mnt/data_nas/deeprobotics/daiyang/vla/third_party/ETP-R1/data/scene_datasets/mp3d/aayBHfsNo7d/aayBHfsNo7d.glb) exists but is not a recognized config filename extension, so new default Stage attributes created and registered.
I0919 00:48:34.172076 1676466 Simulator.cpp:156] Loading navmesh from /mnt/data_nas/deeprobotics/daiyang/vla/third_party/ETP-R1/data/scene_datasets/mp3d/aayBHfsNo7d/aayBHfsNo7d.navmesh
I0919 00:48:34.173128 1676466 Simulator.cpp:158] Loaded.
I0919 00:48:34.173136 1676466 SceneGraph.h:93] Created DrawableGroup: 
Renderer: NVIDIA GeForce RTX 5090/PCIe/SSE2 by NVIDIA Corporation
OpenGL version: 4.6.0 NVIDIA 580.126.09
Using optional features:
    GL_ARB_ES2_compatibility
    GL_ARB_direct_state_access
    GL_ARB_get_texture_sub_image
    GL_ARB_invalidate_subdata
    GL_ARB_multi_bind
    GL_ARB_robustness
    GL_ARB_separate_shader_objects
    GL_ARB_texture_filter_anisotropic
    GL_ARB_texture_storage
    GL_ARB_texture_storage_multisample
    GL_ARB_vertex_array_object
    GL_KHR_debug
Using driver workarounds:
    no-forward-compatible-core-context
    nv-egl-incorrect-gl11-function-pointers
    no-layout-qualifiers-on-old-glsl
    nv-zero-context-profile-mask
    nv-implementation-color-read-format-dsa-broken
    nv-cubemap-inconsistent-compressed-image-size
    nv-cubemap-broken-full-compressed-image-query
    nv-compressed-block-size-in-bits
I0919 00:48:34.176755 1676466 ResourceManager.cpp:234] ResourceManager::loadStage : Not loading semantic mesh
I0919 00:48:34.176767 1676466 ResourceManager.cpp:262] ResourceManager::loadStage : start load render asset /mnt/data_nas/deeprobotics/daiyang/vla/third_party/ETP-R1/data/scene_datasets/mp3d/aayBHfsNo7d/aayBHfsNo7d.glb.
I0919 00:48:34.176770 1676466 ResourceManager.cpp:569] ResourceManager::loadStageInternal : Attempting to load stage /mnt/data_nas/deeprobotics/daiyang/vla/third_party/ETP-R1/data/scene_datasets/mp3d/aayBHfsNo7d/aayBHfsNo7d.glb 
I0919 00:48:34.176785 1676466 ResourceManager.cpp:1119] Importing Basis files as BC7 for aayBHfsNo7d.glb
W0919 00:48:35.723990 1676466 Simulator.cpp:248] :
---
 The active scene does not contain semantic annotations. 
---
I0919 00:48:35.764401 1676466 simulator.py:213] Loaded navmesh /mnt/data_nas/deeprobotics/daiyang/vla/third_party/ETP-R1/data/scene_datasets/mp3d/aayBHfsNo7d/aayBHfsNo7d.navmesh
I0919 00:49:06.463861 1676466 PhysicsManager.cpp:33] Deconstructing PhysicsManager
I0919 00:49:06.463907 1676466 SemanticScene.h:41] Deconstructing SemanticScene
I0919 00:49:06.466763 1676466 SceneManager.h:25] Deconstructing SceneManager
I0919 00:49:06.466773 1676466 SceneGraph.h:26] Deconstructing SceneGraph
I0919 00:49:06.467339 1676466 Sensor.h:87] Deconstructing Sensor
I0919 00:49:06.469801 1676466 Renderer.cpp:34] Deconstructing Renderer
I0919 00:49:06.469827 1676466 WindowlessContext.h:17] Deconstructing WindowlessContext
I0919 00:49:06.476253 1676466 ManagedContainerBase.cpp:19] ManagedContainerBase::convertFilenameToJSON : Filename : default changed to proposed JSON configuration filename : default.scene_dataset_config.json
I0919 00:49:06.476275 1676466 AttributesManagerBase.h:283] AttributesManager<T>::createFromJsonOrDefaultInternal  (Dataset) : Proposing JSON name : default.scene_dataset_config.json from original name : default | This file  does not exist.
I0919 00:49:06.476621 1676466 AssetAttributesManager.cpp:117] Asset attributes (capsule3DSolid : capsule3DSolid_hemiRings_4_cylRings_1_segments_12_halfLen_0.75_useTexCoords_false_useTangents_false) created and registered.
I0919 00:49:06.476662 1676466 AssetAttributesManager.cpp:117] Asset attributes (capsule3DWireframe : capsule3DWireframe_hemiRings_8_cylRings_1_segments_16_halfLen_1) created and registered.
I0919 00:49:06.476698 1676466 AssetAttributesManager.cpp:117] Asset attributes (coneSolid : coneSolid_segments_12_halfLen_1.25_rings_1_useTexCoords_false_useTangents_false_capEnd_true) created and registered.
I0919 00:49:06.476722 1676466 AssetAttributesManager.cpp:117] Asset attributes (coneWireframe : coneWireframe_segments_32_halfLen_1.25) created and registered.
I0919 00:49:06.476733 1676466 AssetAttributesManager.cpp:117] Asset attributes (cubeSolid : cubeSolid) created and registered.
I0919 00:49:06.476743 1676466 AssetAttributesManager.cpp:117] Asset attributes (cubeWireframe : cubeWireframe) created and registered.
I0919 00:49:06.476773 1676466 AssetAttributesManager.cpp:117] Asset attributes (cylinderSolid : cylinderSolid_rings_1_segments_12_halfLen_1_useTexCoords_false_useTangents_false_capEnds_true) created and registered.
I0919 00:49:06.476799 1676466 AssetAttributesManager.cpp:117] Asset attributes (cylinderWireframe : cylinderWireframe_rings_1_segments_32_halfLen_1) created and registered.
I0919 00:49:06.476815 1676466 AssetAttributesManager.cpp:117] Asset attributes (icosphereSolid : icosphereSolid_subdivs_1) created and registered.
I0919 00:49:06.476828 1676466 AssetAttributesManager.cpp:117] Asset attributes (icosphereWireframe : icosphereWireframe_subdivs_1) created and registered.
I0919 00:49:06.476848 1676466 AssetAttributesManager.cpp:117] Asset attributes (uvSphereSolid : uvSphereSolid_rings_8_segments_16_useTexCoords_false_useTangents_false) created and registered.
I0919 00:49:06.476868 1676466 AssetAttributesManager.cpp:117] Asset attributes (uvSphereWireframe : uvSphereWireframe_rings_16_segments_32) created and registered.
I0919 00:49:06.476877 1676466 AssetAttributesManager.cpp:105] AssetAttributesManager::buildCtorFuncPtrMaps : Built default primitive asset templates : 12
I0919 00:49:06.477541 1676466 SceneDatasetAttributesManager.cpp:23] File (default) not found, so new default dataset attributes created and registered.
I0919 00:49:06.477545 1676466 MetadataMediator.cpp:47] MetadataMediator::createDataset : Dataset default successfully created.
I0919 00:49:06.477779 1676466 AttributesManagerBase.h:283] AttributesManager<T>::createFromJsonOrDefaultInternal  (Physics Manager) : Proposing JSON name : ./data/default.physics_config.json from original name : ./data/default.physics_config.json | This file  does not exist.
I0919 00:49:06.477797 1676466 PhysicsAttributesManager.cpp:27] File (./data/default.physics_config.json) not found, so new default physics manager attributes created and registered.
I0919 00:49:06.477802 1676466 AbstractObjectAttributesManagerBase.h:175] AbstractObjectAttributesManager<T>::createObject  (Stage) : Making attributes with handle : /mnt/data_nas/deeprobotics/daiyang/vla/third_party/ETP-R1/data/scene_datasets/mp3d/82sE5b5pLXE/82sE5b5pLXE.glb
I0919 00:49:06.477808 1676466 ManagedContainerBase.cpp:19] ManagedContainerBase::convertFilenameToJSON : Filename : /mnt/data_nas/deeprobotics/daiyang/vla/third_party/ETP-R1/data/scene_datasets/mp3d/82sE5b5pLXE/82sE5b5pLXE.glb changed to proposed JSON configuration filename : /mnt/data_nas/deeprobotics/daiyang/vla/third_party/ETP-R1/data/scene_datasets/mp3d/82sE5b5pLXE/82sE5b5pLXE.stage_config.json
I0919 00:49:06.477825 1676466 AttributesManagerBase.h:283] AttributesManager<T>::createFromJsonOrDefaultInternal  (Stage) : Proposing JSON name : /mnt/data_nas/deeprobotics/daiyang/vla/third_party/ETP-R1/data/scene_datasets/mp3d/82sE5b5pLXE/82sE5b5pLXE.stage_config.json from original name : /mnt/data_nas/deeprobotics/daiyang/vla/third_party/ETP-R1/data/scene_datasets/mp3d/82sE5b5pLXE/82sE5b5pLXE.glb | This file  does not exist.
I0919 00:49:06.477896 1676466 AbstractObjectAttributesManagerBase.h:181] AbstractObjectAttributesManager<T>::createObject  (Stage) : Done making attributes with handle : /mnt/data_nas/deeprobotics/daiyang/vla/third_party/ETP-R1/data/scene_datasets/mp3d/82sE5b5pLXE/82sE5b5pLXE.glb
I0919 00:49:06.477900 1676466 AbstractObjectAttributesManagerBase.h:188] File (/mnt/data_nas/deeprobotics/daiyang/vla/third_party/ETP-R1/data/scene_datasets/mp3d/82sE5b5pLXE/82sE5b5pLXE.glb) exists but is not a recognized config filename extension, so new default Stage attributes created and registered.
I0919 00:49:06.477906 1676466 Simulator.cpp:156] Loading navmesh from /mnt/data_nas/deeprobotics/daiyang/vla/third_party/ETP-R1/data/scene_datasets/mp3d/82sE5b5pLXE/82sE5b5pLXE.navmesh
I0919 00:49:06.479496 1676466 Simulator.cpp:158] Loaded.
I0919 00:49:06.479504 1676466 SceneGraph.h:93] Created DrawableGroup: 
Renderer: NVIDIA GeForce RTX 5090/PCIe/SSE2 by NVIDIA Corporation
OpenGL version: 4.6.0 NVIDIA 580.126.09
Using optional features:
    GL_ARB_ES2_compatibility
    GL_ARB_direct_state_access
    GL_ARB_get_texture_sub_image
    GL_ARB_invalidate_subdata
    GL_ARB_multi_bind
    GL_ARB_robustness
    GL_ARB_separate_shader_objects
    GL_ARB_texture_filter_anisotropic
    GL_ARB_texture_storage
    GL_ARB_texture_storage_multisample
    GL_ARB_vertex_array_object
    GL_KHR_debug
Using driver workarounds:
    no-forward-compatible-core-context
    nv-egl-incorrect-gl11-function-pointers
    no-layout-qualifiers-on-old-glsl
    nv-zero-context-profile-mask
    nv-implementation-color-read-format-dsa-broken
    nv-cubemap-inconsistent-compressed-image-size
    nv-cubemap-broken-full-compressed-image-query
    nv-compressed-block-size-in-bits
I0919 00:49:06.483620 1676466 ResourceManager.cpp:234] ResourceManager::loadStage : Not loading semantic mesh
I0919 00:49:06.483629 1676466 ResourceManager.cpp:262] ResourceManager::loadStage : start load render asset /mnt/data_nas/deeprobotics/daiyang/vla/third_party/ETP-R1/data/scene_datasets/mp3d/82sE5b5pLXE/82sE5b5pLXE.glb.
I0919 00:49:06.483632 1676466 ResourceManager.cpp:569] ResourceManager::loadStageInternal : Attempting to load stage /mnt/data_nas/deeprobotics/daiyang/vla/third_party/ETP-R1/data/scene_datasets/mp3d/82sE5b5pLXE/82sE5b5pLXE.glb 
I0919 00:49:06.483655 1676466 ResourceManager.cpp:1119] Importing Basis files as BC7 for 82sE5b5pLXE.glb
W0919 00:49:08.474006 1676466 Simulator.cpp:248] :
---
 The active scene does not contain semantic annotations. 
---
I0919 00:49:08.509634 1676466 simulator.py:213] Loaded navmesh /mnt/data_nas/deeprobotics/daiyang/vla/third_party/ETP-R1/data/scene_datasets/mp3d/82sE5b5pLXE/82sE5b5pLXE.navmesh
I0919 00:49:55.610246 1676466 PhysicsManager.cpp:33] Deconstructing PhysicsManager
I0919 00:49:55.610285 1676466 SemanticScene.h:41] Deconstructing SemanticScene
I0919 00:49:55.611491 1676466 SceneManager.h:25] Deconstructing SceneManager
I0919 00:49:55.611498 1676466 SceneGraph.h:26] Deconstructing SceneGraph
I0919 00:49:55.611706 1676466 Sensor.h:87] Deconstructing Sensor
I0919 00:49:55.614090 1676466 Renderer.cpp:34] Deconstructing Renderer
I0919 00:49:55.614109 1676466 WindowlessContext.h:17] Deconstructing WindowlessContext
I0919 00:49:55.619828 1676466 ManagedContainerBase.cpp:19] ManagedContainerBase::convertFilenameToJSON : Filename : default changed to proposed JSON configuration filename : default.scene_dataset_config.json
I0919 00:49:55.619843 1676466 AttributesManagerBase.h:283] AttributesManager<T>::createFromJsonOrDefaultInternal  (Dataset) : Proposing JSON name : default.scene_dataset_config.json from original name : default | This file  does not exist.
I0919 00:49:55.620050 1676466 AssetAttributesManager.cpp:117] Asset attributes (capsule3DSolid : capsule3DSolid_hemiRings_4_cylRings_1_segments_12_halfLen_0.75_useTexCoords_false_useTangents_false) created and registered.
I0919 00:49:55.620076 1676466 AssetAttributesManager.cpp:117] Asset attributes (capsule3DWireframe : capsule3DWireframe_hemiRings_8_cylRings_1_segments_16_halfLen_1) created and registered.
I0919 00:49:55.620100 1676466 AssetAttributesManager.cpp:117] Asset attributes (coneSolid : coneSolid_segments_12_halfLen_1.25_rings_1_useTexCoords_false_useTangents_false_capEnd_true) created and registered.
I0919 00:49:55.620113 1676466 AssetAttributesManager.cpp:117] Asset attributes (coneWireframe : coneWireframe_segments_32_halfLen_1.25) created and registered.
I0919 00:49:55.620122 1676466 AssetAttributesManager.cpp:117] Asset attributes (cubeSolid : cubeSolid) created and registered.
I0919 00:49:55.620128 1676466 AssetAttributesManager.cpp:117] Asset attributes (cubeWireframe : cubeWireframe) created and registered.
I0919 00:49:55.620148 1676466 AssetAttributesManager.cpp:117] Asset attributes (cylinderSolid : cylinderSolid_rings_1_segments_12_halfLen_1_useTexCoords_false_useTangents_false_capEnds_true) created and registered.
I0919 00:49:55.620164 1676466 AssetAttributesManager.cpp:117] Asset attributes (cylinderWireframe : cylinderWireframe_rings_1_segments_32_halfLen_1) created and registered.
I0919 00:49:55.620175 1676466 AssetAttributesManager.cpp:117] Asset attributes (icosphereSolid : icosphereSolid_subdivs_1) created and registered.
I0919 00:49:55.620183 1676466 AssetAttributesManager.cpp:117] Asset attributes (icosphereWireframe : icosphereWireframe_subdivs_1) created and registered.
I0919 00:49:55.620198 1676466 AssetAttributesManager.cpp:117] Asset attributes (uvSphereSolid : uvSphereSolid_rings_8_segments_16_useTexCoords_false_useTangents_false) created and registered.
I0919 00:49:55.620209 1676466 AssetAttributesManager.cpp:117] Asset attributes (uvSphereWireframe : uvSphereWireframe_rings_16_segments_32) created and registered.
I0919 00:49:55.620216 1676466 AssetAttributesManager.cpp:105] AssetAttributesManager::buildCtorFuncPtrMaps : Built default primitive asset templates : 12
I0919 00:49:55.620631 1676466 SceneDatasetAttributesManager.cpp:23] File (default) not found, so new default dataset attributes created and registered.
I0919 00:49:55.620635 1676466 MetadataMediator.cpp:47] MetadataMediator::createDataset : Dataset default successfully created.
I0919 00:49:55.620810 1676466 AttributesManagerBase.h:283] AttributesManager<T>::createFromJsonOrDefaultInternal  (Physics Manager) : Proposing JSON name : ./data/default.physics_config.json from original name : ./data/default.physics_config.json | This file  does not exist.
I0919 00:49:55.620826 1676466 PhysicsAttributesManager.cpp:27] File (./data/default.physics_config.json) not found, so new default physics manager attributes created and registered.
I0919 00:49:55.620831 1676466 AbstractObjectAttributesManagerBase.h:175] AbstractObjectAttributesManager<T>::createObject  (Stage) : Making attributes with handle : /mnt/data_nas/deeprobotics/daiyang/vla/third_party/ETP-R1/data/scene_datasets/mp3d/B6ByNegPMKs/B6ByNegPMKs.glb
I0919 00:49:55.620834 1676466 ManagedContainerBase.cpp:19] ManagedContainerBase::convertFilenameToJSON : Filename : /mnt/data_nas/deeprobotics/daiyang/vla/third_party/ETP-R1/data/scene_datasets/mp3d/B6ByNegPMKs/B6ByNegPMKs.glb changed to proposed JSON configuration filename : /mnt/data_nas/deeprobotics/daiyang/vla/third_party/ETP-R1/data/scene_datasets/mp3d/B6ByNegPMKs/B6ByNegPMKs.stage_config.json
I0919 00:49:55.620846 1676466 AttributesManagerBase.h:283] AttributesManager<T>::createFromJsonOrDefaultInternal  (Stage) : Proposing JSON name : /mnt/data_nas/deeprobotics/daiyang/vla/third_party/ETP-R1/data/scene_datasets/mp3d/B6ByNegPMKs/B6ByNegPMKs.stage_config.json from original name : /mnt/data_nas/deeprobotics/daiyang/vla/third_party/ETP-R1/data/scene_datasets/mp3d/B6ByNegPMKs/B6ByNegPMKs.glb | This file  does not exist.
I0919 00:49:55.620891 1676466 AbstractObjectAttributesManagerBase.h:181] AbstractObjectAttributesManager<T>::createObject  (Stage) : Done making attributes with handle : /mnt/data_nas/deeprobotics/daiyang/vla/third_party/ETP-R1/data/scene_datasets/mp3d/B6ByNegPMKs/B6ByNegPMKs.glb
I0919 00:49:55.620893 1676466 AbstractObjectAttributesManagerBase.h:188] File (/mnt/data_nas/deeprobotics/daiyang/vla/third_party/ETP-R1/data/scene_datasets/mp3d/B6ByNegPMKs/B6ByNegPMKs.glb) exists but is not a recognized config filename extension, so new default Stage attributes created and registered.
I0919 00:49:55.620898 1676466 Simulator.cpp:156] Loading navmesh from /mnt/data_nas/deeprobotics/daiyang/vla/third_party/ETP-R1/data/scene_datasets/mp3d/B6ByNegPMKs/B6ByNegPMKs.navmesh
I0919 00:49:55.622074 1676466 Simulator.cpp:158] Loaded.
I0919 00:49:55.622082 1676466 SceneGraph.h:93] Created DrawableGroup: 
Renderer: NVIDIA GeForce RTX 5090/PCIe/SSE2 by NVIDIA Corporation
OpenGL version: 4.6.0 NVIDIA 580.126.09
Using optional features:
    GL_ARB_ES2_compatibility
    GL_ARB_direct_state_access
    GL_ARB_get_texture_sub_image
    GL_ARB_invalidate_subdata
    GL_ARB_multi_bind
    GL_ARB_robustness
    GL_ARB_separate_shader_objects
    GL_ARB_texture_filter_anisotropic
    GL_ARB_texture_storage
    GL_ARB_texture_storage_multisample
    GL_ARB_vertex_array_object
    GL_KHR_debug
Using driver workarounds:
    no-forward-compatible-core-context
    nv-egl-incorrect-gl11-function-pointers
    no-layout-qualifiers-on-old-glsl
    nv-zero-context-profile-mask
    nv-implementation-color-read-format-dsa-broken
    nv-cubemap-inconsistent-compressed-image-size
    nv-cubemap-broken-full-compressed-image-query
    nv-compressed-block-size-in-bits
I0919 00:49:55.625548 1676466 ResourceManager.cpp:234] ResourceManager::loadStage : Not loading semantic mesh
I0919 00:49:55.625557 1676466 ResourceManager.cpp:262] ResourceManager::loadStage : start load render asset /mnt/data_nas/deeprobotics/daiyang/vla/third_party/ETP-R1/data/scene_datasets/mp3d/B6ByNegPMKs/B6ByNegPMKs.glb.
I0919 00:49:55.625559 1676466 ResourceManager.cpp:569] ResourceManager::loadStageInternal : Attempting to load stage /mnt/data_nas/deeprobotics/daiyang/vla/third_party/ETP-R1/data/scene_datasets/mp3d/B6ByNegPMKs/B6ByNegPMKs.glb 
I0919 00:49:55.625574 1676466 ResourceManager.cpp:1119] Importing Basis files as BC7 for B6ByNegPMKs.glb
W0919 00:50:05.119318 1676466 Simulator.cpp:248] :
---
 The active scene does not contain semantic annotations. 
---
I0919 00:50:05.313288 1676466 simulator.py:213] Loaded navmesh /mnt/data_nas/deeprobotics/daiyang/vla/third_party/ETP-R1/data/scene_datasets/mp3d/B6ByNegPMKs/B6ByNegPMKs.navmesh
I0919 00:50:48.317163 1676466 PhysicsManager.cpp:33] Deconstructing PhysicsManager
I0919 00:50:48.317211 1676466 SemanticScene.h:41] Deconstructing SemanticScene
I0919 00:50:48.335103 1676466 SceneManager.h:25] Deconstructing SceneManager
I0919 00:50:48.335119 1676466 SceneGraph.h:26] Deconstructing SceneGraph
I0919 00:50:48.335685 1676466 Sensor.h:87] Deconstructing Sensor
I0919 00:50:48.352968 1676466 Renderer.cpp:34] Deconstructing Renderer
I0919 00:50:48.353015 1676466 WindowlessContext.h:17] Deconstructing WindowlessContext
I0919 00:50:48.379572 1676466 ManagedContainerBase.cpp:19] ManagedContainerBase::convertFilenameToJSON : Filename : default changed to proposed JSON configuration filename : default.scene_dataset_config.json
I0919 00:50:48.379595 1676466 AttributesManagerBase.h:283] AttributesManager<T>::createFromJsonOrDefaultInternal  (Dataset) : Proposing JSON name : default.scene_dataset_config.json from original name : default | This file  does not exist.
I0919 00:50:48.379766 1676466 AssetAttributesManager.cpp:117] Asset attributes (capsule3DSolid : capsule3DSolid_hemiRings_4_cylRings_1_segments_12_halfLen_0.75_useTexCoords_false_useTangents_false) created and registered.
I0919 00:50:48.379809 1676466 AssetAttributesManager.cpp:117] Asset attributes (capsule3DWireframe : capsule3DWireframe_hemiRings_8_cylRings_1_segments_16_halfLen_1) created and registered.
I0919 00:50:48.379846 1676466 AssetAttributesManager.cpp:117] Asset attributes (coneSolid : coneSolid_segments_12_halfLen_1.25_rings_1_useTexCoords_false_useTangents_false_capEnd_true) created and registered.
I0919 00:50:48.379869 1676466 AssetAttributesManager.cpp:117] Asset attributes (coneWireframe : coneWireframe_segments_32_halfLen_1.25) created and registered.
I0919 00:50:48.379884 1676466 AssetAttributesManager.cpp:117] Asset attributes (cubeSolid : cubeSolid) created and registered.
I0919 00:50:48.379892 1676466 AssetAttributesManager.cpp:117] Asset attributes (cubeWireframe : cubeWireframe) created and registered.
I0919 00:50:48.379925 1676466 AssetAttributesManager.cpp:117] Asset attributes (cylinderSolid : cylinderSolid_rings_1_segments_12_halfLen_1_useTexCoords_false_useTangents_false_capEnds_true) created and registered.
I0919 00:50:48.379951 1676466 AssetAttributesManager.cpp:117] Asset attributes (cylinderWireframe : cylinderWireframe_rings_1_segments_32_halfLen_1) created and registered.
I0919 00:50:48.379967 1676466 AssetAttributesManager.cpp:117] Asset attributes (icosphereSolid : icosphereSolid_subdivs_1) created and registered.
I0919 00:50:48.379980 1676466 AssetAttributesManager.cpp:117] Asset attributes (icosphereWireframe : icosphereWireframe_subdivs_1) created and registered.
I0919 00:50:48.380003 1676466 AssetAttributesManager.cpp:117] Asset attributes (uvSphereSolid : uvSphereSolid_rings_8_segments_16_useTexCoords_false_useTangents_false) created and registered.
I0919 00:50:48.380023 1676466 AssetAttributesManager.cpp:117] Asset attributes (uvSphereWireframe : uvSphereWireframe_rings_16_segments_32) created and registered.
I0919 00:50:48.380033 1676466 AssetAttributesManager.cpp:105] AssetAttributesManager::buildCtorFuncPtrMaps : Built default primitive asset templates : 12
I0919 00:50:48.380722 1676466 SceneDatasetAttributesManager.cpp:23] File (default) not found, so new default dataset attributes created and registered.
I0919 00:50:48.380725 1676466 MetadataMediator.cpp:47] MetadataMediator::createDataset : Dataset default successfully created.
I0919 00:50:48.380981 1676466 AttributesManagerBase.h:283] AttributesManager<T>::createFromJsonOrDefaultInternal  (Physics Manager) : Proposing JSON name : ./data/default.physics_config.json from original name : ./data/default.physics_config.json | This file  does not exist.
I0919 00:50:48.380999 1676466 PhysicsAttributesManager.cpp:27] File (./data/default.physics_config.json) not found, so new default physics manager attributes created and registered.
I0919 00:50:48.381011 1676466 AbstractObjectAttributesManagerBase.h:175] AbstractObjectAttributesManager<T>::createObject  (Stage) : Making attributes with handle : /mnt/data_nas/deeprobotics/daiyang/vla/third_party/ETP-R1/data/scene_datasets/mp3d/PuKPg4mmafe/PuKPg4mmafe.glb
I0919 00:50:48.381018 1676466 ManagedContainerBase.cpp:19] ManagedContainerBase::convertFilenameToJSON : Filename : /mnt/data_nas/deeprobotics/daiyang/vla/third_party/ETP-R1/data/scene_datasets/mp3d/PuKPg4mmafe/PuKPg4mmafe.glb changed to proposed JSON configuration filename : /mnt/data_nas/deeprobotics/daiyang/vla/third_party/ETP-R1/data/scene_datasets/mp3d/PuKPg4mmafe/PuKPg4mmafe.stage_config.json
I0919 00:50:48.381036 1676466 AttributesManagerBase.h:283] AttributesManager<T>::createFromJsonOrDefaultInternal  (Stage) : Proposing JSON name : /mnt/data_nas/deeprobotics/daiyang/vla/third_party/ETP-R1/data/scene_datasets/mp3d/PuKPg4mmafe/PuKPg4mmafe.stage_config.json from original name : /mnt/data_nas/deeprobotics/daiyang/vla/third_party/ETP-R1/data/scene_datasets/mp3d/PuKPg4mmafe/PuKPg4mmafe.glb | This file  does not exist.
I0919 00:50:48.381109 1676466 AbstractObjectAttributesManagerBase.h:181] AbstractObjectAttributesManager<T>::createObject  (Stage) : Done making attributes with handle : /mnt/data_nas/deeprobotics/daiyang/vla/third_party/ETP-R1/data/scene_datasets/mp3d/PuKPg4mmafe/PuKPg4mmafe.glb
I0919 00:50:48.381111 1676466 AbstractObjectAttributesManagerBase.h:188] File (/mnt/data_nas/deeprobotics/daiyang/vla/third_party/ETP-R1/data/scene_datasets/mp3d/PuKPg4mmafe/PuKPg4mmafe.glb) exists but is not a recognized config filename extension, so new default Stage attributes created and registered.
I0919 00:50:48.381119 1676466 Simulator.cpp:156] Loading navmesh from /mnt/data_nas/deeprobotics/daiyang/vla/third_party/ETP-R1/data/scene_datasets/mp3d/PuKPg4mmafe/PuKPg4mmafe.navmesh
I0919 00:50:48.382743 1676466 Simulator.cpp:158] Loaded.
I0919 00:50:48.382755 1676466 SceneGraph.h:93] Created DrawableGroup: 
Renderer: NVIDIA GeForce RTX 5090/PCIe/SSE2 by NVIDIA Corporation
OpenGL version: 4.6.0 NVIDIA 580.126.09
Using optional features:
    GL_ARB_ES2_compatibility
    GL_ARB_direct_state_access
    GL_ARB_get_texture_sub_image
    GL_ARB_invalidate_subdata
    GL_ARB_multi_bind
    GL_ARB_robustness
    GL_ARB_separate_shader_objects
    GL_ARB_texture_filter_anisotropic
    GL_ARB_texture_storage
    GL_ARB_texture_storage_multisample
    GL_ARB_vertex_array_object
    GL_KHR_debug
Using driver workarounds:
    no-forward-compatible-core-context
    nv-egl-incorrect-gl11-function-pointers
    no-layout-qualifiers-on-old-glsl
    nv-zero-context-profile-mask
    nv-implementation-color-read-format-dsa-broken
    nv-cubemap-inconsistent-compressed-image-size
    nv-cubemap-broken-full-compressed-image-query
    nv-compressed-block-size-in-bits
I0919 00:50:48.387153 1676466 ResourceManager.cpp:234] ResourceManager::loadStage : Not loading semantic mesh
I0919 00:50:48.387164 1676466 ResourceManager.cpp:262] ResourceManager::loadStage : start load render asset /mnt/data_nas/deeprobotics/daiyang/vla/third_party/ETP-R1/data/scene_datasets/mp3d/PuKPg4mmafe/PuKPg4mmafe.glb.
I0919 00:50:48.387167 1676466 ResourceManager.cpp:569] ResourceManager::loadStageInternal : Attempting to load stage /mnt/data_nas/deeprobotics/daiyang/vla/third_party/ETP-R1/data/scene_datasets/mp3d/PuKPg4mmafe/PuKPg4mmafe.glb 
I0919 00:50:48.387188 1676466 ResourceManager.cpp:1119] Importing Basis files as BC7 for PuKPg4mmafe.glb
W0919 00:50:53.161401 1676466 Simulator.cpp:248] :
---
 The active scene does not contain semantic annotations. 
---
I0919 00:50:53.181631 1676466 simulator.py:213] Loaded navmesh /mnt/data_nas/deeprobotics/daiyang/vla/third_party/ETP-R1/data/scene_datasets/mp3d/PuKPg4mmafe/PuKPg4mmafe.navmesh
I0919 00:52:19.275125 1676466 PhysicsManager.cpp:33] Deconstructing PhysicsManager
I0919 00:52:19.275174 1676466 SemanticScene.h:41] Deconstructing SemanticScene
I0919 00:52:19.276105 1676466 SceneManager.h:25] Deconstructing SceneManager
I0919 00:52:19.276113 1676466 SceneGraph.h:26] Deconstructing SceneGraph
I0919 00:52:19.276378 1676466 Sensor.h:87] Deconstructing Sensor
I0919 00:52:19.281523 1676466 Renderer.cpp:34] Deconstructing Renderer
I0919 00:52:19.281549 1676466 WindowlessContext.h:17] Deconstructing WindowlessContext
I0919 00:52:19.295168 1676466 ManagedContainerBase.cpp:19] ManagedContainerBase::convertFilenameToJSON : Filename : default changed to proposed JSON configuration filename : default.scene_dataset_config.json
I0919 00:52:19.295185 1676466 AttributesManagerBase.h:283] AttributesManager<T>::createFromJsonOrDefaultInternal  (Dataset) : Proposing JSON name : default.scene_dataset_config.json from original name : default | This file  does not exist.
I0919 00:52:19.295346 1676466 AssetAttributesManager.cpp:117] Asset attributes (capsule3DSolid : capsule3DSolid_hemiRings_4_cylRings_1_segments_12_halfLen_0.75_useTexCoords_false_useTangents_false) created and registered.
I0919 00:52:19.295372 1676466 AssetAttributesManager.cpp:117] Asset attributes (capsule3DWireframe : capsule3DWireframe_hemiRings_8_cylRings_1_segments_16_halfLen_1) created and registered.
I0919 00:52:19.295395 1676466 AssetAttributesManager.cpp:117] Asset attributes (coneSolid : coneSolid_segments_12_halfLen_1.25_rings_1_useTexCoords_false_useTangents_false_capEnd_true) created and registered.
I0919 00:52:19.295410 1676466 AssetAttributesManager.cpp:117] Asset attributes (coneWireframe : coneWireframe_segments_32_halfLen_1.25) created and registered.
I0919 00:52:19.295418 1676466 AssetAttributesManager.cpp:117] Asset attributes (cubeSolid : cubeSolid) created and registered.
I0919 00:52:19.295425 1676466 AssetAttributesManager.cpp:117] Asset attributes (cubeWireframe : cubeWireframe) created and registered.
I0919 00:52:19.295444 1676466 AssetAttributesManager.cpp:117] Asset attributes (cylinderSolid : cylinderSolid_rings_1_segments_12_halfLen_1_useTexCoords_false_useTangents_false_capEnds_true) created and registered.
I0919 00:52:19.295461 1676466 AssetAttributesManager.cpp:117] Asset attributes (cylinderWireframe : cylinderWireframe_rings_1_segments_32_halfLen_1) created and registered.
I0919 00:52:19.295472 1676466 AssetAttributesManager.cpp:117] Asset attributes (icosphereSolid : icosphereSolid_subdivs_1) created and registered.
I0919 00:52:19.295481 1676466 AssetAttributesManager.cpp:117] Asset attributes (icosphereWireframe : icosphereWireframe_subdivs_1) created and registered.
I0919 00:52:19.295495 1676466 AssetAttributesManager.cpp:117] Asset attributes (uvSphereSolid : uvSphereSolid_rings_8_segments_16_useTexCoords_false_useTangents_false) created and registered.
I0919 00:52:19.295508 1676466 AssetAttributesManager.cpp:117] Asset attributes (uvSphereWireframe : uvSphereWireframe_rings_16_segments_32) created and registered.
I0919 00:52:19.295514 1676466 AssetAttributesManager.cpp:105] AssetAttributesManager::buildCtorFuncPtrMaps : Built default primitive asset templates : 12
I0919 00:52:19.295909 1676466 SceneDatasetAttributesManager.cpp:23] File (default) not found, so new default dataset attributes created and registered.
I0919 00:52:19.295912 1676466 MetadataMediator.cpp:47] MetadataMediator::createDataset : Dataset default successfully created.
I0919 00:52:19.297026 1676466 AttributesManagerBase.h:283] AttributesManager<T>::createFromJsonOrDefaultInternal  (Physics Manager) : Proposing JSON name : ./data/default.physics_config.json from original name : ./data/default.physics_config.json | This file  does not exist.
I0919 00:52:19.297040 1676466 PhysicsAttributesManager.cpp:27] File (./data/default.physics_config.json) not found, so new default physics manager attributes created and registered.
I0919 00:52:19.297043 1676466 AbstractObjectAttributesManagerBase.h:175] AbstractObjectAttributesManager<T>::createObject  (Stage) : Making attributes with handle : /mnt/data_nas/deeprobotics/daiyang/vla/third_party/ETP-R1/data/scene_datasets/mp3d/aayBHfsNo7d/aayBHfsNo7d.glb
I0919 00:52:19.297047 1676466 ManagedContainerBase.cpp:19] ManagedContainerBase::convertFilenameToJSON : Filename : /mnt/data_nas/deeprobotics/daiyang/vla/third_party/ETP-R1/data/scene_datasets/mp3d/aayBHfsNo7d/aayBHfsNo7d.glb changed to proposed JSON configuration filename : /mnt/data_nas/deeprobotics/daiyang/vla/third_party/ETP-R1/data/scene_datasets/mp3d/aayBHfsNo7d/aayBHfsNo7d.stage_config.json
I0919 00:52:19.300400 1676466 AttributesManagerBase.h:283] AttributesManager<T>::createFromJsonOrDefaultInternal  (Stage) : Proposing JSON name : /mnt/data_nas/deeprobotics/daiyang/vla/third_party/ETP-R1/data/scene_datasets/mp3d/aayBHfsNo7d/aayBHfsNo7d.stage_config.json from original name : /mnt/data_nas/deeprobotics/daiyang/vla/third_party/ETP-R1/data/scene_datasets/mp3d/aayBHfsNo7d/aayBHfsNo7d.glb | This file  does not exist.
I0919 00:52:19.300457 1676466 AbstractObjectAttributesManagerBase.h:181] AbstractObjectAttributesManager<T>::createObject  (Stage) : Done making attributes with handle : /mnt/data_nas/deeprobotics/daiyang/vla/third_party/ETP-R1/data/scene_datasets/mp3d/aayBHfsNo7d/aayBHfsNo7d.glb
I0919 00:52:19.300459 1676466 AbstractObjectAttributesManagerBase.h:188] File (/mnt/data_nas/deeprobotics/daiyang/vla/third_party/ETP-R1/data/scene_datasets/mp3d/aayBHfsNo7d/aayBHfsNo7d.glb) exists but is not a recognized config filename extension, so new default Stage attributes created and registered.
I0919 00:52:19.300464 1676466 Simulator.cpp:156] Loading navmesh from /mnt/data_nas/deeprobotics/daiyang/vla/third_party/ETP-R1/data/scene_datasets/mp3d/aayBHfsNo7d/aayBHfsNo7d.navmesh
I0919 00:52:19.301472 1676466 Simulator.cpp:158] Loaded.
I0919 00:52:19.301481 1676466 SceneGraph.h:93] Created DrawableGroup: 
Renderer: NVIDIA GeForce RTX 5090/PCIe/SSE2 by NVIDIA Corporation
OpenGL version: 4.6.0 NVIDIA 580.126.09
Using optional features:
    GL_ARB_ES2_compatibility
    GL_ARB_direct_state_access
    GL_ARB_get_texture_sub_image
    GL_ARB_invalidate_subdata
    GL_ARB_multi_bind
    GL_ARB_robustness
    GL_ARB_separate_shader_objects
    GL_ARB_texture_filter_anisotropic
    GL_ARB_texture_storage
    GL_ARB_texture_storage_multisample
    GL_ARB_vertex_array_object
    GL_KHR_debug
Using driver workarounds:
    no-forward-compatible-core-context
    nv-egl-incorrect-gl11-function-pointers
    no-layout-qualifiers-on-old-glsl
    nv-zero-context-profile-mask
    nv-implementation-color-read-format-dsa-broken
    nv-cubemap-inconsistent-compressed-image-size
    nv-cubemap-broken-full-compressed-image-query
    nv-compressed-block-size-in-bits
I0919 00:52:19.305053 1676466 ResourceManager.cpp:234] ResourceManager::loadStage : Not loading semantic mesh
I0919 00:52:19.305061 1676466 ResourceManager.cpp:262] ResourceManager::loadStage : start load render asset /mnt/data_nas/deeprobotics/daiyang/vla/third_party/ETP-R1/data/scene_datasets/mp3d/aayBHfsNo7d/aayBHfsNo7d.glb.
I0919 00:52:19.305064 1676466 ResourceManager.cpp:569] ResourceManager::loadStageInternal : Attempting to load stage /mnt/data_nas/deeprobotics/daiyang/vla/third_party/ETP-R1/data/scene_datasets/mp3d/aayBHfsNo7d/aayBHfsNo7d.glb 
I0919 00:52:19.305078 1676466 ResourceManager.cpp:1119] Importing Basis files as BC7 for aayBHfsNo7d.glb
W0919 00:52:20.858331 1676466 Simulator.cpp:248] :
---
 The active scene does not contain semantic annotations. 
---
I0919 00:52:20.899425 1676466 simulator.py:213] Loaded navmesh /mnt/data_nas/deeprobotics/daiyang/vla/third_party/ETP-R1/data/scene_datasets/mp3d/aayBHfsNo7d/aayBHfsNo7d.navmesh
I0919 00:52:45.511809 1676466 PhysicsManager.cpp:33] Deconstructing PhysicsManager
I0919 00:52:45.511840 1676466 SemanticScene.h:41] Deconstructing SemanticScene
I0919 00:52:45.514238 1676466 SceneManager.h:25] Deconstructing SceneManager
I0919 00:52:45.514248 1676466 SceneGraph.h:26] Deconstructing SceneGraph
I0919 00:52:45.529197 1676466 Sensor.h:87] Deconstructing Sensor
I0919 00:52:45.532811 1676466 Renderer.cpp:34] Deconstructing Renderer
I0919 00:52:45.532835 1676466 WindowlessContext.h:17] Deconstructing WindowlessContext
I0919 00:52:45.538632 1676466 ManagedContainerBase.cpp:19] ManagedContainerBase::convertFilenameToJSON : Filename : default changed to proposed JSON configuration filename : default.scene_dataset_config.json
I0919 00:52:45.538653 1676466 AttributesManagerBase.h:283] AttributesManager<T>::createFromJsonOrDefaultInternal  (Dataset) : Proposing JSON name : default.scene_dataset_config.json from original name : default | This file  does not exist.
I0919 00:52:45.538940 1676466 AssetAttributesManager.cpp:117] Asset attributes (capsule3DSolid : capsule3DSolid_hemiRings_4_cylRings_1_segments_12_halfLen_0.75_useTexCoords_false_useTangents_false) created and registered.
I0919 00:52:45.538967 1676466 AssetAttributesManager.cpp:117] Asset attributes (capsule3DWireframe : capsule3DWireframe_hemiRings_8_cylRings_1_segments_16_halfLen_1) created and registered.
I0919 00:52:45.538990 1676466 AssetAttributesManager.cpp:117] Asset attributes (coneSolid : coneSolid_segments_12_halfLen_1.25_rings_1_useTexCoords_false_useTangents_false_capEnd_true) created and registered.
I0919 00:52:45.539005 1676466 AssetAttributesManager.cpp:117] Asset attributes (coneWireframe : coneWireframe_segments_32_halfLen_1.25) created and registered.
I0919 00:52:45.539014 1676466 AssetAttributesManager.cpp:117] Asset attributes (cubeSolid : cubeSolid) created and registered.
I0919 00:52:45.539021 1676466 AssetAttributesManager.cpp:117] Asset attributes (cubeWireframe : cubeWireframe) created and registered.
I0919 00:52:45.539039 1676466 AssetAttributesManager.cpp:117] Asset attributes (cylinderSolid : cylinderSolid_rings_1_segments_12_halfLen_1_useTexCoords_false_useTangents_false_capEnds_true) created and registered.
I0919 00:52:45.539057 1676466 AssetAttributesManager.cpp:117] Asset attributes (cylinderWireframe : cylinderWireframe_rings_1_segments_32_halfLen_1) created and registered.
I0919 00:52:45.539067 1676466 AssetAttributesManager.cpp:117] Asset attributes (icosphereSolid : icosphereSolid_subdivs_1) created and registered.
I0919 00:52:45.539076 1676466 AssetAttributesManager.cpp:117] Asset attributes (icosphereWireframe : icosphereWireframe_subdivs_1) created and registered.
I0919 00:52:45.539089 1676466 AssetAttributesManager.cpp:117] Asset attributes (uvSphereSolid : uvSphereSolid_rings_8_segments_16_useTexCoords_false_useTangents_false) created and registered.
I0919 00:52:45.539103 1676466 AssetAttributesManager.cpp:117] Asset attributes (uvSphereWireframe : uvSphereWireframe_rings_16_segments_32) created and registered.
I0919 00:52:45.539108 1676466 AssetAttributesManager.cpp:105] AssetAttributesManager::buildCtorFuncPtrMaps : Built default primitive asset templates : 12
I0919 00:52:45.539548 1676466 SceneDatasetAttributesManager.cpp:23] File (default) not found, so new default dataset attributes created and registered.
I0919 00:52:45.539556 1676466 MetadataMediator.cpp:47] MetadataMediator::createDataset : Dataset default successfully created.
I0919 00:52:45.539741 1676466 AttributesManagerBase.h:283] AttributesManager<T>::createFromJsonOrDefaultInternal  (Physics Manager) : Proposing JSON name : ./data/default.physics_config.json from original name : ./data/default.physics_config.json | This file  does not exist.
I0919 00:52:45.539754 1676466 PhysicsAttributesManager.cpp:27] File (./data/default.physics_config.json) not found, so new default physics manager attributes created and registered.
I0919 00:52:45.539758 1676466 AbstractObjectAttributesManagerBase.h:175] AbstractObjectAttributesManager<T>::createObject  (Stage) : Making attributes with handle : /mnt/data_nas/deeprobotics/daiyang/vla/third_party/ETP-R1/data/scene_datasets/mp3d/82sE5b5pLXE/82sE5b5pLXE.glb
I0919 00:52:45.539762 1676466 ManagedContainerBase.cpp:19] ManagedContainerBase::convertFilenameToJSON : Filename : /mnt/data_nas/deeprobotics/daiyang/vla/third_party/ETP-R1/data/scene_datasets/mp3d/82sE5b5pLXE/82sE5b5pLXE.glb changed to proposed JSON configuration filename : /mnt/data_nas/deeprobotics/daiyang/vla/third_party/ETP-R1/data/scene_datasets/mp3d/82sE5b5pLXE/82sE5b5pLXE.stage_config.json
I0919 00:52:45.539773 1676466 AttributesManagerBase.h:283] AttributesManager<T>::createFromJsonOrDefaultInternal  (Stage) : Proposing JSON name : /mnt/data_nas/deeprobotics/daiyang/vla/third_party/ETP-R1/data/scene_datasets/mp3d/82sE5b5pLXE/82sE5b5pLXE.stage_config.json from original name : /mnt/data_nas/deeprobotics/daiyang/vla/third_party/ETP-R1/data/scene_datasets/mp3d/82sE5b5pLXE/82sE5b5pLXE.glb | This file  does not exist.
I0919 00:52:45.539825 1676466 AbstractObjectAttributesManagerBase.h:181] AbstractObjectAttributesManager<T>::createObject  (Stage) : Done making attributes with handle : /mnt/data_nas/deeprobotics/daiyang/vla/third_party/ETP-R1/data/scene_datasets/mp3d/82sE5b5pLXE/82sE5b5pLXE.glb
I0919 00:52:45.539827 1676466 AbstractObjectAttributesManagerBase.h:188] File (/mnt/data_nas/deeprobotics/daiyang/vla/third_party/ETP-R1/data/scene_datasets/mp3d/82sE5b5pLXE/82sE5b5pLXE.glb) exists but is not a recognized config filename extension, so new default Stage attributes created and registered.
I0919 00:52:45.539832 1676466 Simulator.cpp:156] Loading navmesh from /mnt/data_nas/deeprobotics/daiyang/vla/third_party/ETP-R1/data/scene_datasets/mp3d/82sE5b5pLXE/82sE5b5pLXE.navmesh
I0919 00:52:45.540711 1676466 Simulator.cpp:158] Loaded.
I0919 00:52:45.540717 1676466 SceneGraph.h:93] Created DrawableGroup: 
Renderer: NVIDIA GeForce RTX 5090/PCIe/SSE2 by NVIDIA Corporation
OpenGL version: 4.6.0 NVIDIA 580.126.09
Using optional features:
    GL_ARB_ES2_compatibility
    GL_ARB_direct_state_access
    GL_ARB_get_texture_sub_image
    GL_ARB_invalidate_subdata
    GL_ARB_multi_bind
    GL_ARB_robustness
    GL_ARB_separate_shader_objects
    GL_ARB_texture_filter_anisotropic
    GL_ARB_texture_storage
    GL_ARB_texture_storage_multisample
    GL_ARB_vertex_array_object
    GL_KHR_debug
Using driver workarounds:
    no-forward-compatible-core-context
    nv-egl-incorrect-gl11-function-pointers
    no-layout-qualifiers-on-old-glsl
    nv-zero-context-profile-mask
    nv-implementation-color-read-format-dsa-broken
    nv-cubemap-inconsistent-compressed-image-size
    nv-cubemap-broken-full-compressed-image-query
    nv-compressed-block-size-in-bits
I0919 00:52:45.544315 1676466 ResourceManager.cpp:234] ResourceManager::loadStage : Not loading semantic mesh
I0919 00:52:45.544324 1676466 ResourceManager.cpp:262] ResourceManager::loadStage : start load render asset /mnt/data_nas/deeprobotics/daiyang/vla/third_party/ETP-R1/data/scene_datasets/mp3d/82sE5b5pLXE/82sE5b5pLXE.glb.
I0919 00:52:45.544327 1676466 ResourceManager.cpp:569] ResourceManager::loadStageInternal : Attempting to load stage /mnt/data_nas/deeprobotics/daiyang/vla/third_party/ETP-R1/data/scene_datasets/mp3d/82sE5b5pLXE/82sE5b5pLXE.glb 
I0919 00:52:45.544344 1676466 ResourceManager.cpp:1119] Importing Basis files as BC7 for 82sE5b5pLXE.glb
W0919 00:52:47.538043 1676466 Simulator.cpp:248] :
---
 The active scene does not contain semantic annotations. 
---
I0919 00:52:47.574625 1676466 simulator.py:213] Loaded navmesh /mnt/data_nas/deeprobotics/daiyang/vla/third_party/ETP-R1/data/scene_datasets/mp3d/82sE5b5pLXE/82sE5b5pLXE.navmesh
I0919 00:53:43.466318 1676466 PhysicsManager.cpp:33] Deconstructing PhysicsManager
I0919 00:53:43.466358 1676466 SemanticScene.h:41] Deconstructing SemanticScene
I0919 00:53:43.468036 1676466 SceneManager.h:25] Deconstructing SceneManager
I0919 00:53:43.468045 1676466 SceneGraph.h:26] Deconstructing SceneGraph
I0919 00:53:43.468266 1676466 Sensor.h:87] Deconstructing Sensor
I0919 00:53:43.471119 1676466 Renderer.cpp:34] Deconstructing Renderer
I0919 00:53:43.471143 1676466 WindowlessContext.h:17] Deconstructing WindowlessContext
I0919 00:53:43.476236 1676466 ManagedContainerBase.cpp:19] ManagedContainerBase::convertFilenameToJSON : Filename : default changed to proposed JSON configuration filename : default.scene_dataset_config.json
I0919 00:53:43.476251 1676466 AttributesManagerBase.h:283] AttributesManager<T>::createFromJsonOrDefaultInternal  (Dataset) : Proposing JSON name : default.scene_dataset_config.json from original name : default | This file  does not exist.
I0919 00:53:43.476508 1676466 AssetAttributesManager.cpp:117] Asset attributes (capsule3DSolid : capsule3DSolid_hemiRings_4_cylRings_1_segments_12_halfLen_0.75_useTexCoords_false_useTangents_false) created and registered.
I0919 00:53:43.476540 1676466 AssetAttributesManager.cpp:117] Asset attributes (capsule3DWireframe : capsule3DWireframe_hemiRings_8_cylRings_1_segments_16_halfLen_1) created and registered.
I0919 00:53:43.476563 1676466 AssetAttributesManager.cpp:117] Asset attributes (coneSolid : coneSolid_segments_12_halfLen_1.25_rings_1_useTexCoords_false_useTangents_false_capEnd_true) created and registered.
I0919 00:53:43.476577 1676466 AssetAttributesManager.cpp:117] Asset attributes (coneWireframe : coneWireframe_segments_32_halfLen_1.25) created and registered.
I0919 00:53:43.476586 1676466 AssetAttributesManager.cpp:117] Asset attributes (cubeSolid : cubeSolid) created and registered.
I0919 00:53:43.476593 1676466 AssetAttributesManager.cpp:117] Asset attributes (cubeWireframe : cubeWireframe) created and registered.
I0919 00:53:43.476612 1676466 AssetAttributesManager.cpp:117] Asset attributes (cylinderSolid : cylinderSolid_rings_1_segments_12_halfLen_1_useTexCoords_false_useTangents_false_capEnds_true) created and registered.
I0919 00:53:43.476629 1676466 AssetAttributesManager.cpp:117] Asset attributes (cylinderWireframe : cylinderWireframe_rings_1_segments_32_halfLen_1) created and registered.
I0919 00:53:43.476640 1676466 AssetAttributesManager.cpp:117] Asset attributes (icosphereSolid : icosphereSolid_subdivs_1) created and registered.
I0919 00:53:43.476648 1676466 AssetAttributesManager.cpp:117] Asset attributes (icosphereWireframe : icosphereWireframe_subdivs_1) created and registered.
I0919 00:53:43.476661 1676466 AssetAttributesManager.cpp:117] Asset attributes (uvSphereSolid : uvSphereSolid_rings_8_segments_16_useTexCoords_false_useTangents_false) created and registered.
I0919 00:53:43.476673 1676466 AssetAttributesManager.cpp:117] Asset attributes (uvSphereWireframe : uvSphereWireframe_rings_16_segments_32) created and registered.
I0919 00:53:43.476680 1676466 AssetAttributesManager.cpp:105] AssetAttributesManager::buildCtorFuncPtrMaps : Built default primitive asset templates : 12
I0919 00:53:43.477074 1676466 SceneDatasetAttributesManager.cpp:23] File (default) not found, so new default dataset attributes created and registered.
I0919 00:53:43.477077 1676466 MetadataMediator.cpp:47] MetadataMediator::createDataset : Dataset default successfully created.
I0919 00:53:43.477259 1676466 AttributesManagerBase.h:283] AttributesManager<T>::createFromJsonOrDefaultInternal  (Physics Manager) : Proposing JSON name : ./data/default.physics_config.json from original name : ./data/default.physics_config.json | This file  does not exist.
I0919 00:53:43.477277 1676466 PhysicsAttributesManager.cpp:27] File (./data/default.physics_config.json) not found, so new default physics manager attributes created and registered.
I0919 00:53:43.477280 1676466 AbstractObjectAttributesManagerBase.h:175] AbstractObjectAttributesManager<T>::createObject  (Stage) : Making attributes with handle : /mnt/data_nas/deeprobotics/daiyang/vla/third_party/ETP-R1/data/scene_datasets/mp3d/B6ByNegPMKs/B6ByNegPMKs.glb
I0919 00:53:43.477284 1676466 ManagedContainerBase.cpp:19] ManagedContainerBase::convertFilenameToJSON : Filename : /mnt/data_nas/deeprobotics/daiyang/vla/third_party/ETP-R1/data/scene_datasets/mp3d/B6ByNegPMKs/B6ByNegPMKs.glb changed to proposed JSON configuration filename : /mnt/data_nas/deeprobotics/daiyang/vla/third_party/ETP-R1/data/scene_datasets/mp3d/B6ByNegPMKs/B6ByNegPMKs.stage_config.json
I0919 00:53:43.477298 1676466 AttributesManagerBase.h:283] AttributesManager<T>::createFromJsonOrDefaultInternal  (Stage) : Proposing JSON name : /mnt/data_nas/deeprobotics/daiyang/vla/third_party/ETP-R1/data/scene_datasets/mp3d/B6ByNegPMKs/B6ByNegPMKs.stage_config.json from original name : /mnt/data_nas/deeprobotics/daiyang/vla/third_party/ETP-R1/data/scene_datasets/mp3d/B6ByNegPMKs/B6ByNegPMKs.glb | This file  does not exist.
I0919 00:53:43.477346 1676466 AbstractObjectAttributesManagerBase.h:181] AbstractObjectAttributesManager<T>::createObject  (Stage) : Done making attributes with handle : /mnt/data_nas/deeprobotics/daiyang/vla/third_party/ETP-R1/data/scene_datasets/mp3d/B6ByNegPMKs/B6ByNegPMKs.glb
I0919 00:53:43.477351 1676466 AbstractObjectAttributesManagerBase.h:188] File (/mnt/data_nas/deeprobotics/daiyang/vla/third_party/ETP-R1/data/scene_datasets/mp3d/B6ByNegPMKs/B6ByNegPMKs.glb) exists but is not a recognized config filename extension, so new default Stage attributes created and registered.
I0919 00:53:43.477356 1676466 Simulator.cpp:156] Loading navmesh from /mnt/data_nas/deeprobotics/daiyang/vla/third_party/ETP-R1/data/scene_datasets/mp3d/B6ByNegPMKs/B6ByNegPMKs.navmesh
I0919 00:53:43.478488 1676466 Simulator.cpp:158] Loaded.
I0919 00:53:43.478497 1676466 SceneGraph.h:93] Created DrawableGroup: 
Renderer: NVIDIA GeForce RTX 5090/PCIe/SSE2 by NVIDIA Corporation
OpenGL version: 4.6.0 NVIDIA 580.126.09
Using optional features:
    GL_ARB_ES2_compatibility
    GL_ARB_direct_state_access
    GL_ARB_get_texture_sub_image
    GL_ARB_invalidate_subdata
    GL_ARB_multi_bind
    GL_ARB_robustness
    GL_ARB_separate_shader_objects
    GL_ARB_texture_filter_anisotropic
    GL_ARB_texture_storage
    GL_ARB_texture_storage_multisample
    GL_ARB_vertex_array_object
    GL_KHR_debug
Using driver workarounds:
    no-forward-compatible-core-context
    nv-egl-incorrect-gl11-function-pointers
    no-layout-qualifiers-on-old-glsl
    nv-zero-context-profile-mask
    nv-implementation-color-read-format-dsa-broken
    nv-cubemap-inconsistent-compressed-image-size
    nv-cubemap-broken-full-compressed-image-query
    nv-compressed-block-size-in-bits
I0919 00:53:43.482023 1676466 ResourceManager.cpp:234] ResourceManager::loadStage : Not loading semantic mesh
I0919 00:53:43.482031 1676466 ResourceManager.cpp:262] ResourceManager::loadStage : start load render asset /mnt/data_nas/deeprobotics/daiyang/vla/third_party/ETP-R1/data/scene_datasets/mp3d/B6ByNegPMKs/B6ByNegPMKs.glb.
I0919 00:53:43.482033 1676466 ResourceManager.cpp:569] ResourceManager::loadStageInternal : Attempting to load stage /mnt/data_nas/deeprobotics/daiyang/vla/third_party/ETP-R1/data/scene_datasets/mp3d/B6ByNegPMKs/B6ByNegPMKs.glb 
I0919 00:53:43.482049 1676466 ResourceManager.cpp:1119] Importing Basis files as BC7 for B6ByNegPMKs.glb
W0919 00:53:52.949982 1676466 Simulator.cpp:248] :
---
 The active scene does not contain semantic annotations. 
---
I0919 00:53:53.146138 1676466 simulator.py:213] Loaded navmesh /mnt/data_nas/deeprobotics/daiyang/vla/third_party/ETP-R1/data/scene_datasets/mp3d/B6ByNegPMKs/B6ByNegPMKs.navmesh
I0919 00:55:13.291952 1676466 PhysicsManager.cpp:33] Deconstructing PhysicsManager
I0919 00:55:13.291990 1676466 SemanticScene.h:41] Deconstructing SemanticScene
I0919 00:55:13.308694 1676466 SceneManager.h:25] Deconstructing SceneManager
I0919 00:55:13.308712 1676466 SceneGraph.h:26] Deconstructing SceneGraph
I0919 00:55:13.309140 1676466 Sensor.h:87] Deconstructing Sensor
I0919 00:55:13.322791 1676466 Renderer.cpp:34] Deconstructing Renderer
I0919 00:55:13.322819 1676466 WindowlessContext.h:17] Deconstructing WindowlessContext
I0919 00:55:13.339746 1676466 ManagedContainerBase.cpp:19] ManagedContainerBase::convertFilenameToJSON : Filename : default changed to proposed JSON configuration filename : default.scene_dataset_config.json
I0919 00:55:13.339762 1676466 AttributesManagerBase.h:283] AttributesManager<T>::createFromJsonOrDefaultInternal  (Dataset) : Proposing JSON name : default.scene_dataset_config.json from original name : default | This file  does not exist.
I0919 00:55:13.339913 1676466 AssetAttributesManager.cpp:117] Asset attributes (capsule3DSolid : capsule3DSolid_hemiRings_4_cylRings_1_segments_12_halfLen_0.75_useTexCoords_false_useTangents_false) created and registered.
I0919 00:55:13.339941 1676466 AssetAttributesManager.cpp:117] Asset attributes (capsule3DWireframe : capsule3DWireframe_hemiRings_8_cylRings_1_segments_16_halfLen_1) created and registered.
I0919 00:55:13.339964 1676466 AssetAttributesManager.cpp:117] Asset attributes (coneSolid : coneSolid_segments_12_halfLen_1.25_rings_1_useTexCoords_false_useTangents_false_capEnd_true) created and registered.
I0919 00:55:13.339985 1676466 AssetAttributesManager.cpp:117] Asset attributes (coneWireframe : coneWireframe_segments_32_halfLen_1.25) created and registered.
I0919 00:55:13.339994 1676466 AssetAttributesManager.cpp:117] Asset attributes (cubeSolid : cubeSolid) created and registered.
I0919 00:55:13.340001 1676466 AssetAttributesManager.cpp:117] Asset attributes (cubeWireframe : cubeWireframe) created and registered.
I0919 00:55:13.340020 1676466 AssetAttributesManager.cpp:117] Asset attributes (cylinderSolid : cylinderSolid_rings_1_segments_12_halfLen_1_useTexCoords_false_useTangents_false_capEnds_true) created and registered.
I0919 00:55:13.340039 1676466 AssetAttributesManager.cpp:117] Asset attributes (cylinderWireframe : cylinderWireframe_rings_1_segments_32_halfLen_1) created and registered.
I0919 00:55:13.340049 1676466 AssetAttributesManager.cpp:117] Asset attributes (icosphereSolid : icosphereSolid_subdivs_1) created and registered.
I0919 00:55:13.340058 1676466 AssetAttributesManager.cpp:117] Asset attributes (icosphereWireframe : icosphereWireframe_subdivs_1) created and registered.
I0919 00:55:13.340072 1676466 AssetAttributesManager.cpp:117] Asset attributes (uvSphereSolid : uvSphereSolid_rings_8_segments_16_useTexCoords_false_useTangents_false) created and registered.
I0919 00:55:13.340085 1676466 AssetAttributesManager.cpp:117] Asset attributes (uvSphereWireframe : uvSphereWireframe_rings_16_segments_32) created and registered.
I0919 00:55:13.340092 1676466 AssetAttributesManager.cpp:105] AssetAttributesManager::buildCtorFuncPtrMaps : Built default primitive asset templates : 12
I0919 00:55:13.340497 1676466 SceneDatasetAttributesManager.cpp:23] File (default) not found, so new default dataset attributes created and registered.
I0919 00:55:13.340499 1676466 MetadataMediator.cpp:47] MetadataMediator::createDataset : Dataset default successfully created.
I0919 00:55:13.340683 1676466 AttributesManagerBase.h:283] AttributesManager<T>::createFromJsonOrDefaultInternal  (Physics Manager) : Proposing JSON name : ./data/default.physics_config.json from original name : ./data/default.physics_config.json | This file  does not exist.
I0919 00:55:13.340695 1676466 PhysicsAttributesManager.cpp:27] File (./data/default.physics_config.json) not found, so new default physics manager attributes created and registered.
I0919 00:55:13.340698 1676466 AbstractObjectAttributesManagerBase.h:175] AbstractObjectAttributesManager<T>::createObject  (Stage) : Making attributes with handle : /mnt/data_nas/deeprobotics/daiyang/vla/third_party/ETP-R1/data/scene_datasets/mp3d/PuKPg4mmafe/PuKPg4mmafe.glb
I0919 00:55:13.340703 1676466 ManagedContainerBase.cpp:19] ManagedContainerBase::convertFilenameToJSON : Filename : /mnt/data_nas/deeprobotics/daiyang/vla/third_party/ETP-R1/data/scene_datasets/mp3d/PuKPg4mmafe/PuKPg4mmafe.glb changed to proposed JSON configuration filename : /mnt/data_nas/deeprobotics/daiyang/vla/third_party/ETP-R1/data/scene_datasets/mp3d/PuKPg4mmafe/PuKPg4mmafe.stage_config.json
I0919 00:55:13.340714 1676466 AttributesManagerBase.h:283] AttributesManager<T>::createFromJsonOrDefaultInternal  (Stage) : Proposing JSON name : /mnt/data_nas/deeprobotics/daiyang/vla/third_party/ETP-R1/data/scene_datasets/mp3d/PuKPg4mmafe/PuKPg4mmafe.stage_config.json from original name : /mnt/data_nas/deeprobotics/daiyang/vla/third_party/ETP-R1/data/scene_datasets/mp3d/PuKPg4mmafe/PuKPg4mmafe.glb | This file  does not exist.
I0919 00:55:13.340760 1676466 AbstractObjectAttributesManagerBase.h:181] AbstractObjectAttributesManager<T>::createObject  (Stage) : Done making attributes with handle : /mnt/data_nas/deeprobotics/daiyang/vla/third_party/ETP-R1/data/scene_datasets/mp3d/PuKPg4mmafe/PuKPg4mmafe.glb
I0919 00:55:13.340762 1676466 AbstractObjectAttributesManagerBase.h:188] File (/mnt/data_nas/deeprobotics/daiyang/vla/third_party/ETP-R1/data/scene_datasets/mp3d/PuKPg4mmafe/PuKPg4mmafe.glb) exists but is not a recognized config filename extension, so new default Stage attributes created and registered.
I0919 00:55:13.340770 1676466 Simulator.cpp:156] Loading navmesh from /mnt/data_nas/deeprobotics/daiyang/vla/third_party/ETP-R1/data/scene_datasets/mp3d/PuKPg4mmafe/PuKPg4mmafe.navmesh
I0919 00:55:13.341761 1676466 Simulator.cpp:158] Loaded.
I0919 00:55:13.341771 1676466 SceneGraph.h:93] Created DrawableGroup: 
Renderer: NVIDIA GeForce RTX 5090/PCIe/SSE2 by NVIDIA Corporation
OpenGL version: 4.6.0 NVIDIA 580.126.09
Using optional features:
    GL_ARB_ES2_compatibility
    GL_ARB_direct_state_access
    GL_ARB_get_texture_sub_image
    GL_ARB_invalidate_subdata
    GL_ARB_multi_bind
    GL_ARB_robustness
    GL_ARB_separate_shader_objects
    GL_ARB_texture_filter_anisotropic
    GL_ARB_texture_storage
    GL_ARB_texture_storage_multisample
    GL_ARB_vertex_array_object
    GL_KHR_debug
Using driver workarounds:
    no-forward-compatible-core-context
    nv-egl-incorrect-gl11-function-pointers
    no-layout-qualifiers-on-old-glsl
    nv-zero-context-profile-mask
    nv-implementation-color-read-format-dsa-broken
    nv-cubemap-inconsistent-compressed-image-size
    nv-cubemap-broken-full-compressed-image-query
    nv-compressed-block-size-in-bits
I0919 00:55:13.345377 1676466 ResourceManager.cpp:234] ResourceManager::loadStage : Not loading semantic mesh
I0919 00:55:13.345386 1676466 ResourceManager.cpp:262] ResourceManager::loadStage : start load render asset /mnt/data_nas/deeprobotics/daiyang/vla/third_party/ETP-R1/data/scene_datasets/mp3d/PuKPg4mmafe/PuKPg4mmafe.glb.
I0919 00:55:13.345388 1676466 ResourceManager.cpp:569] ResourceManager::loadStageInternal : Attempting to load stage /mnt/data_nas/deeprobotics/daiyang/vla/third_party/ETP-R1/data/scene_datasets/mp3d/PuKPg4mmafe/PuKPg4mmafe.glb 
I0919 00:55:13.345403 1676466 ResourceManager.cpp:1119] Importing Basis files as BC7 for PuKPg4mmafe.glb
W0919 00:55:17.922266 1676466 Simulator.cpp:248] :
---
 The active scene does not contain semantic annotations. 
---
I0919 00:55:17.942730 1676466 simulator.py:213] Loaded navmesh /mnt/data_nas/deeprobotics/daiyang/vla/third_party/ETP-R1/data/scene_datasets/mp3d/PuKPg4mmafe/PuKPg4mmafe.navmesh
I0919 00:58:19.728756 1676466 PhysicsManager.cpp:33] Deconstructing PhysicsManager
I0919 00:58:19.728807 1676466 SemanticScene.h:41] Deconstructing SemanticScene
I0919 00:58:19.729770 1676466 SceneManager.h:25] Deconstructing SceneManager
I0919 00:58:19.729774 1676466 SceneGraph.h:26] Deconstructing SceneGraph
I0919 00:58:19.730029 1676466 Sensor.h:87] Deconstructing Sensor
I0919 00:58:19.740317 1676466 Renderer.cpp:34] Deconstructing Renderer
I0919 00:58:19.740343 1676466 WindowlessContext.h:17] Deconstructing WindowlessContext
I0919 00:58:19.837047 1676466 ManagedContainerBase.cpp:19] ManagedContainerBase::convertFilenameToJSON : Filename : default changed to proposed JSON configuration filename : default.scene_dataset_config.json
I0919 00:58:19.837078 1676466 AttributesManagerBase.h:283] AttributesManager<T>::createFromJsonOrDefaultInternal  (Dataset) : Proposing JSON name : default.scene_dataset_config.json from original name : default | This file  does not exist.
I0919 00:58:19.837275 1676466 AssetAttributesManager.cpp:117] Asset attributes (capsule3DSolid : capsule3DSolid_hemiRings_4_cylRings_1_segments_12_halfLen_0.75_useTexCoords_false_useTangents_false) created and registered.
I0919 00:58:19.837302 1676466 AssetAttributesManager.cpp:117] Asset attributes (capsule3DWireframe : capsule3DWireframe_hemiRings_8_cylRings_1_segments_16_halfLen_1) created and registered.
I0919 00:58:19.837325 1676466 AssetAttributesManager.cpp:117] Asset attributes (coneSolid : coneSolid_segments_12_halfLen_1.25_rings_1_useTexCoords_false_useTangents_false_capEnd_true) created and registered.
I0919 00:58:19.837340 1676466 AssetAttributesManager.cpp:117] Asset attributes (coneWireframe : coneWireframe_segments_32_halfLen_1.25) created and registered.
I0919 00:58:19.837349 1676466 AssetAttributesManager.cpp:117] Asset attributes (cubeSolid : cubeSolid) created and registered.
I0919 00:58:19.837356 1676466 AssetAttributesManager.cpp:117] Asset attributes (cubeWireframe : cubeWireframe) created and registered.
I0919 00:58:19.837386 1676466 AssetAttributesManager.cpp:117] Asset attributes (cylinderSolid : cylinderSolid_rings_1_segments_12_halfLen_1_useTexCoords_false_useTangents_false_capEnds_true) created and registered.
I0919 00:58:19.837404 1676466 AssetAttributesManager.cpp:117] Asset attributes (cylinderWireframe : cylinderWireframe_rings_1_segments_32_halfLen_1) created and registered.
I0919 00:58:19.837415 1676466 AssetAttributesManager.cpp:117] Asset attributes (icosphereSolid : icosphereSolid_subdivs_1) created and registered.
I0919 00:58:19.837424 1676466 AssetAttributesManager.cpp:117] Asset attributes (icosphereWireframe : icosphereWireframe_subdivs_1) created and registered.
I0919 00:58:19.837438 1676466 AssetAttributesManager.cpp:117] Asset attributes (uvSphereSolid : uvSphereSolid_rings_8_segments_16_useTexCoords_false_useTangents_false) created and registered.
I0919 00:58:19.837451 1676466 AssetAttributesManager.cpp:117] Asset attributes (uvSphereWireframe : uvSphereWireframe_rings_16_segments_32) created and registered.
I0919 00:58:19.837458 1676466 AssetAttributesManager.cpp:105] AssetAttributesManager::buildCtorFuncPtrMaps : Built default primitive asset templates : 12
I0919 00:58:19.837867 1676466 SceneDatasetAttributesManager.cpp:23] File (default) not found, so new default dataset attributes created and registered.
I0919 00:58:19.837869 1676466 MetadataMediator.cpp:47] MetadataMediator::createDataset : Dataset default successfully created.
I0919 00:58:19.838948 1676466 AttributesManagerBase.h:283] AttributesManager<T>::createFromJsonOrDefaultInternal  (Physics Manager) : Proposing JSON name : ./data/default.physics_config.json from original name : ./data/default.physics_config.json | This file  does not exist.
I0919 00:58:19.838964 1676466 PhysicsAttributesManager.cpp:27] File (./data/default.physics_config.json) not found, so new default physics manager attributes created and registered.
I0919 00:58:19.838968 1676466 AbstractObjectAttributesManagerBase.h:175] AbstractObjectAttributesManager<T>::createObject  (Stage) : Making attributes with handle : /mnt/data_nas/deeprobotics/daiyang/vla/third_party/ETP-R1/data/scene_datasets/mp3d/aayBHfsNo7d/aayBHfsNo7d.glb
I0919 00:58:19.838972 1676466 ManagedContainerBase.cpp:19] ManagedContainerBase::convertFilenameToJSON : Filename : /mnt/data_nas/deeprobotics/daiyang/vla/third_party/ETP-R1/data/scene_datasets/mp3d/aayBHfsNo7d/aayBHfsNo7d.glb changed to proposed JSON configuration filename : /mnt/data_nas/deeprobotics/daiyang/vla/third_party/ETP-R1/data/scene_datasets/mp3d/aayBHfsNo7d/aayBHfsNo7d.stage_config.json
I0919 00:58:19.843417 1676466 AttributesManagerBase.h:283] AttributesManager<T>::createFromJsonOrDefaultInternal  (Stage) : Proposing JSON name : /mnt/data_nas/deeprobotics/daiyang/vla/third_party/ETP-R1/data/scene_datasets/mp3d/aayBHfsNo7d/aayBHfsNo7d.stage_config.json from original name : /mnt/data_nas/deeprobotics/daiyang/vla/third_party/ETP-R1/data/scene_datasets/mp3d/aayBHfsNo7d/aayBHfsNo7d.glb | This file  does not exist.
I0919 00:58:19.843466 1676466 AbstractObjectAttributesManagerBase.h:181] AbstractObjectAttributesManager<T>::createObject  (Stage) : Done making attributes with handle : /mnt/data_nas/deeprobotics/daiyang/vla/third_party/ETP-R1/data/scene_datasets/mp3d/aayBHfsNo7d/aayBHfsNo7d.glb
I0919 00:58:19.843468 1676466 AbstractObjectAttributesManagerBase.h:188] File (/mnt/data_nas/deeprobotics/daiyang/vla/third_party/ETP-R1/data/scene_datasets/mp3d/aayBHfsNo7d/aayBHfsNo7d.glb) exists but is not a recognized config filename extension, so new default Stage attributes created and registered.
I0919 00:58:19.843473 1676466 Simulator.cpp:156] Loading navmesh from /mnt/data_nas/deeprobotics/daiyang/vla/third_party/ETP-R1/data/scene_datasets/mp3d/aayBHfsNo7d/aayBHfsNo7d.navmesh
I0919 00:58:19.844971 1676466 Simulator.cpp:158] Loaded.
I0919 00:58:19.844980 1676466 SceneGraph.h:93] Created DrawableGroup: 
Renderer: NVIDIA GeForce RTX 5090/PCIe/SSE2 by NVIDIA Corporation
OpenGL version: 4.6.0 NVIDIA 580.126.09
Using optional features:
    GL_ARB_ES2_compatibility
    GL_ARB_direct_state_access
    GL_ARB_get_texture_sub_image
    GL_ARB_invalidate_subdata
    GL_ARB_multi_bind
    GL_ARB_robustness
    GL_ARB_separate_shader_objects
    GL_ARB_texture_filter_anisotropic
    GL_ARB_texture_storage
    GL_ARB_texture_storage_multisample
    GL_ARB_vertex_array_object
    GL_KHR_debug
Using driver workarounds:
    no-forward-compatible-core-context
    nv-egl-incorrect-gl11-function-pointers
    no-layout-qualifiers-on-old-glsl
    nv-zero-context-profile-mask
    nv-implementation-color-read-format-dsa-broken
    nv-cubemap-inconsistent-compressed-image-size
    nv-cubemap-broken-full-compressed-image-query
    nv-compressed-block-size-in-bits
I0919 00:58:19.848577 1676466 ResourceManager.cpp:234] ResourceManager::loadStage : Not loading semantic mesh
I0919 00:58:19.848587 1676466 ResourceManager.cpp:262] ResourceManager::loadStage : start load render asset /mnt/data_nas/deeprobotics/daiyang/vla/third_party/ETP-R1/data/scene_datasets/mp3d/aayBHfsNo7d/aayBHfsNo7d.glb.
I0919 00:58:19.848588 1676466 ResourceManager.cpp:569] ResourceManager::loadStageInternal : Attempting to load stage /mnt/data_nas/deeprobotics/daiyang/vla/third_party/ETP-R1/data/scene_datasets/mp3d/aayBHfsNo7d/aayBHfsNo7d.glb 
I0919 00:58:19.848604 1676466 ResourceManager.cpp:1119] Importing Basis files as BC7 for aayBHfsNo7d.glb
W0919 00:58:21.392655 1676466 Simulator.cpp:248] :
---
 The active scene does not contain semantic annotations. 
---
I0919 00:58:21.433821 1676466 simulator.py:213] Loaded navmesh /mnt/data_nas/deeprobotics/daiyang/vla/third_party/ETP-R1/data/scene_datasets/mp3d/aayBHfsNo7d/aayBHfsNo7d.navmesh
I0919 00:58:51.855600 1676466 PhysicsManager.cpp:33] Deconstructing PhysicsManager
I0919 00:58:51.855638 1676466 SemanticScene.h:41] Deconstructing SemanticScene
I0919 00:58:51.858042 1676466 SceneManager.h:25] Deconstructing SceneManager
I0919 00:58:51.858052 1676466 SceneGraph.h:26] Deconstructing SceneGraph
I0919 00:58:51.858522 1676466 Sensor.h:87] Deconstructing Sensor
I0919 00:58:51.860384 1676466 Renderer.cpp:34] Deconstructing Renderer
I0919 00:58:51.860405 1676466 WindowlessContext.h:17] Deconstructing WindowlessContext
I0919 00:58:51.866302 1676466 ManagedContainerBase.cpp:19] ManagedContainerBase::convertFilenameToJSON : Filename : default changed to proposed JSON configuration filename : default.scene_dataset_config.json
I0919 00:58:51.866318 1676466 AttributesManagerBase.h:283] AttributesManager<T>::createFromJsonOrDefaultInternal  (Dataset) : Proposing JSON name : default.scene_dataset_config.json from original name : default | This file  does not exist.
I0919 00:58:51.866590 1676466 AssetAttributesManager.cpp:117] Asset attributes (capsule3DSolid : capsule3DSolid_hemiRings_4_cylRings_1_segments_12_halfLen_0.75_useTexCoords_false_useTangents_false) created and registered.
I0919 00:58:51.866618 1676466 AssetAttributesManager.cpp:117] Asset attributes (capsule3DWireframe : capsule3DWireframe_hemiRings_8_cylRings_1_segments_16_halfLen_1) created and registered.
I0919 00:58:51.866640 1676466 AssetAttributesManager.cpp:117] Asset attributes (coneSolid : coneSolid_segments_12_halfLen_1.25_rings_1_useTexCoords_false_useTangents_false_capEnd_true) created and registered.
I0919 00:58:51.866655 1676466 AssetAttributesManager.cpp:117] Asset attributes (coneWireframe : coneWireframe_segments_32_halfLen_1.25) created and registered.
I0919 00:58:51.866663 1676466 AssetAttributesManager.cpp:117] Asset attributes (cubeSolid : cubeSolid) created and registered.
I0919 00:58:51.866669 1676466 AssetAttributesManager.cpp:117] Asset attributes (cubeWireframe : cubeWireframe) created and registered.
I0919 00:58:51.866688 1676466 AssetAttributesManager.cpp:117] Asset attributes (cylinderSolid : cylinderSolid_rings_1_segments_12_halfLen_1_useTexCoords_false_useTangents_false_capEnds_true) created and registered.
I0919 00:58:51.866704 1676466 AssetAttributesManager.cpp:117] Asset attributes (cylinderWireframe : cylinderWireframe_rings_1_segments_32_halfLen_1) created and registered.
I0919 00:58:51.866720 1676466 AssetAttributesManager.cpp:117] Asset attributes (icosphereSolid : icosphereSolid_subdivs_1) created and registered.
I0919 00:58:51.866729 1676466 AssetAttributesManager.cpp:117] Asset attributes (icosphereWireframe : icosphereWireframe_subdivs_1) created and registered.
I0919 00:58:51.866742 1676466 AssetAttributesManager.cpp:117] Asset attributes (uvSphereSolid : uvSphereSolid_rings_8_segments_16_useTexCoords_false_useTangents_false) created and registered.
I0919 00:58:51.866755 1676466 AssetAttributesManager.cpp:117] Asset attributes (uvSphereWireframe : uvSphereWireframe_rings_16_segments_32) created and registered.
I0919 00:58:51.866761 1676466 AssetAttributesManager.cpp:105] AssetAttributesManager::buildCtorFuncPtrMaps : Built default primitive asset templates : 12
I0919 00:58:51.867153 1676466 SceneDatasetAttributesManager.cpp:23] File (default) not found, so new default dataset attributes created and registered.
I0919 00:58:51.867156 1676466 MetadataMediator.cpp:47] MetadataMediator::createDataset : Dataset default successfully created.
I0919 00:58:51.867352 1676466 AttributesManagerBase.h:283] AttributesManager<T>::createFromJsonOrDefaultInternal  (Physics Manager) : Proposing JSON name : ./data/default.physics_config.json from original name : ./data/default.physics_config.json | This file  does not exist.
I0919 00:58:51.867363 1676466 PhysicsAttributesManager.cpp:27] File (./data/default.physics_config.json) not found, so new default physics manager attributes created and registered.
I0919 00:58:51.867367 1676466 AbstractObjectAttributesManagerBase.h:175] AbstractObjectAttributesManager<T>::createObject  (Stage) : Making attributes with handle : /mnt/data_nas/deeprobotics/daiyang/vla/third_party/ETP-R1/data/scene_datasets/mp3d/82sE5b5pLXE/82sE5b5pLXE.glb
I0919 00:58:51.867372 1676466 ManagedContainerBase.cpp:19] ManagedContainerBase::convertFilenameToJSON : Filename : /mnt/data_nas/deeprobotics/daiyang/vla/third_party/ETP-R1/data/scene_datasets/mp3d/82sE5b5pLXE/82sE5b5pLXE.glb changed to proposed JSON configuration filename : /mnt/data_nas/deeprobotics/daiyang/vla/third_party/ETP-R1/data/scene_datasets/mp3d/82sE5b5pLXE/82sE5b5pLXE.stage_config.json
I0919 00:58:51.867383 1676466 AttributesManagerBase.h:283] AttributesManager<T>::createFromJsonOrDefaultInternal  (Stage) : Proposing JSON name : /mnt/data_nas/deeprobotics/daiyang/vla/third_party/ETP-R1/data/scene_datasets/mp3d/82sE5b5pLXE/82sE5b5pLXE.stage_config.json from original name : /mnt/data_nas/deeprobotics/daiyang/vla/third_party/ETP-R1/data/scene_datasets/mp3d/82sE5b5pLXE/82sE5b5pLXE.glb | This file  does not exist.
I0919 00:58:51.867429 1676466 AbstractObjectAttributesManagerBase.h:181] AbstractObjectAttributesManager<T>::createObject  (Stage) : Done making attributes with handle : /mnt/data_nas/deeprobotics/daiyang/vla/third_party/ETP-R1/data/scene_datasets/mp3d/82sE5b5pLXE/82sE5b5pLXE.glb
I0919 00:58:51.867430 1676466 AbstractObjectAttributesManagerBase.h:188] File (/mnt/data_nas/deeprobotics/daiyang/vla/third_party/ETP-R1/data/scene_datasets/mp3d/82sE5b5pLXE/82sE5b5pLXE.glb) exists but is not a recognized config filename extension, so new default Stage attributes created and registered.
I0919 00:58:51.867435 1676466 Simulator.cpp:156] Loading navmesh from /mnt/data_nas/deeprobotics/daiyang/vla/third_party/ETP-R1/data/scene_datasets/mp3d/82sE5b5pLXE/82sE5b5pLXE.navmesh
I0919 00:58:51.868225 1676466 Simulator.cpp:158] Loaded.
I0919 00:58:51.868233 1676466 SceneGraph.h:93] Created DrawableGroup: 
Renderer: NVIDIA GeForce RTX 5090/PCIe/SSE2 by NVIDIA Corporation
OpenGL version: 4.6.0 NVIDIA 580.126.09
Using optional features:
    GL_ARB_ES2_compatibility
    GL_ARB_direct_state_access
    GL_ARB_get_texture_sub_image
    GL_ARB_invalidate_subdata
    GL_ARB_multi_bind
    GL_ARB_robustness
    GL_ARB_separate_shader_objects
    GL_ARB_texture_filter_anisotropic
    GL_ARB_texture_storage
    GL_ARB_texture_storage_multisample
    GL_ARB_vertex_array_object
    GL_KHR_debug
Using driver workarounds:
    no-forward-compatible-core-context
    nv-egl-incorrect-gl11-function-pointers
    no-layout-qualifiers-on-old-glsl
    nv-zero-context-profile-mask
    nv-implementation-color-read-format-dsa-broken
    nv-cubemap-inconsistent-compressed-image-size
    nv-cubemap-broken-full-compressed-image-query
    nv-compressed-block-size-in-bits
I0919 00:58:51.871835 1676466 ResourceManager.cpp:234] ResourceManager::loadStage : Not loading semantic mesh
I0919 00:58:51.871843 1676466 ResourceManager.cpp:262] ResourceManager::loadStage : start load render asset /mnt/data_nas/deeprobotics/daiyang/vla/third_party/ETP-R1/data/scene_datasets/mp3d/82sE5b5pLXE/82sE5b5pLXE.glb.
I0919 00:58:51.871845 1676466 ResourceManager.cpp:569] ResourceManager::loadStageInternal : Attempting to load stage /mnt/data_nas/deeprobotics/daiyang/vla/third_party/ETP-R1/data/scene_datasets/mp3d/82sE5b5pLXE/82sE5b5pLXE.glb 
I0919 00:58:51.871860 1676466 ResourceManager.cpp:1119] Importing Basis files as BC7 for 82sE5b5pLXE.glb
W0919 00:58:53.870673 1676466 Simulator.cpp:248] :
---
 The active scene does not contain semantic annotations. 
---
I0919 00:58:53.906388 1676466 simulator.py:213] Loaded navmesh /mnt/data_nas/deeprobotics/daiyang/vla/third_party/ETP-R1/data/scene_datasets/mp3d/82sE5b5pLXE/82sE5b5pLXE.navmesh
I0919 01:01:42.113888 1676466 PhysicsManager.cpp:33] Deconstructing PhysicsManager
I0919 01:01:42.113936 1676466 SemanticScene.h:41] Deconstructing SemanticScene
I0919 01:01:42.115556 1676466 SceneManager.h:25] Deconstructing SceneManager
I0919 01:01:42.115564 1676466 SceneGraph.h:26] Deconstructing SceneGraph
I0919 01:01:42.115797 1676466 Sensor.h:87] Deconstructing Sensor
I0919 01:01:42.119025 1676466 Renderer.cpp:34] Deconstructing Renderer
I0919 01:01:42.119047 1676466 WindowlessContext.h:17] Deconstructing WindowlessContext
I0919 01:01:42.125278 1676466 ManagedContainerBase.cpp:19] ManagedContainerBase::convertFilenameToJSON : Filename : default changed to proposed JSON configuration filename : default.scene_dataset_config.json
I0919 01:01:42.125296 1676466 AttributesManagerBase.h:283] AttributesManager<T>::createFromJsonOrDefaultInternal  (Dataset) : Proposing JSON name : default.scene_dataset_config.json from original name : default | This file  does not exist.
I0919 01:01:42.125562 1676466 AssetAttributesManager.cpp:117] Asset attributes (capsule3DSolid : capsule3DSolid_hemiRings_4_cylRings_1_segments_12_halfLen_0.75_useTexCoords_false_useTangents_false) created and registered.
I0919 01:01:42.125589 1676466 AssetAttributesManager.cpp:117] Asset attributes (capsule3DWireframe : capsule3DWireframe_hemiRings_8_cylRings_1_segments_16_halfLen_1) created and registered.
I0919 01:01:42.125612 1676466 AssetAttributesManager.cpp:117] Asset attributes (coneSolid : coneSolid_segments_12_halfLen_1.25_rings_1_useTexCoords_false_useTangents_false_capEnd_true) created and registered.
I0919 01:01:42.125627 1676466 AssetAttributesManager.cpp:117] Asset attributes (coneWireframe : coneWireframe_segments_32_halfLen_1.25) created and registered.
I0919 01:01:42.125636 1676466 AssetAttributesManager.cpp:117] Asset attributes (cubeSolid : cubeSolid) created and registered.
I0919 01:01:42.125643 1676466 AssetAttributesManager.cpp:117] Asset attributes (cubeWireframe : cubeWireframe) created and registered.
I0919 01:01:42.125661 1676466 AssetAttributesManager.cpp:117] Asset attributes (cylinderSolid : cylinderSolid_rings_1_segments_12_halfLen_1_useTexCoords_false_useTangents_false_capEnds_true) created and registered.
I0919 01:01:42.125677 1676466 AssetAttributesManager.cpp:117] Asset attributes (cylinderWireframe : cylinderWireframe_rings_1_segments_32_halfLen_1) created and registered.
I0919 01:01:42.125689 1676466 AssetAttributesManager.cpp:117] Asset attributes (icosphereSolid : icosphereSolid_subdivs_1) created and registered.
I0919 01:01:42.125697 1676466 AssetAttributesManager.cpp:117] Asset attributes (icosphereWireframe : icosphereWireframe_subdivs_1) created and registered.
I0919 01:01:42.125711 1676466 AssetAttributesManager.cpp:117] Asset attributes (uvSphereSolid : uvSphereSolid_rings_8_segments_16_useTexCoords_false_useTangents_false) created and registered.
I0919 01:01:42.125730 1676466 AssetAttributesManager.cpp:117] Asset attributes (uvSphereWireframe : uvSphereWireframe_rings_16_segments_32) created and registered.
I0919 01:01:42.125736 1676466 AssetAttributesManager.cpp:105] AssetAttributesManager::buildCtorFuncPtrMaps : Built default primitive asset templates : 12
I0919 01:01:42.126132 1676466 SceneDatasetAttributesManager.cpp:23] File (default) not found, so new default dataset attributes created and registered.
I0919 01:01:42.126134 1676466 MetadataMediator.cpp:47] MetadataMediator::createDataset : Dataset default successfully created.
I0919 01:01:42.126320 1676466 AttributesManagerBase.h:283] AttributesManager<T>::createFromJsonOrDefaultInternal  (Physics Manager) : Proposing JSON name : ./data/default.physics_config.json from original name : ./data/default.physics_config.json | This file  does not exist.
I0919 01:01:42.126333 1676466 PhysicsAttributesManager.cpp:27] File (./data/default.physics_config.json) not found, so new default physics manager attributes created and registered.
I0919 01:01:42.126338 1676466 AbstractObjectAttributesManagerBase.h:175] AbstractObjectAttributesManager<T>::createObject  (Stage) : Making attributes with handle : /mnt/data_nas/deeprobotics/daiyang/vla/third_party/ETP-R1/data/scene_datasets/mp3d/B6ByNegPMKs/B6ByNegPMKs.glb
I0919 01:01:42.126341 1676466 ManagedContainerBase.cpp:19] ManagedContainerBase::convertFilenameToJSON : Filename : /mnt/data_nas/deeprobotics/daiyang/vla/third_party/ETP-R1/data/scene_datasets/mp3d/B6ByNegPMKs/B6ByNegPMKs.glb changed to proposed JSON configuration filename : /mnt/data_nas/deeprobotics/daiyang/vla/third_party/ETP-R1/data/scene_datasets/mp3d/B6ByNegPMKs/B6ByNegPMKs.stage_config.json
I0919 01:01:42.126353 1676466 AttributesManagerBase.h:283] AttributesManager<T>::createFromJsonOrDefaultInternal  (Stage) : Proposing JSON name : /mnt/data_nas/deeprobotics/daiyang/vla/third_party/ETP-R1/data/scene_datasets/mp3d/B6ByNegPMKs/B6ByNegPMKs.stage_config.json from original name : /mnt/data_nas/deeprobotics/daiyang/vla/third_party/ETP-R1/data/scene_datasets/mp3d/B6ByNegPMKs/B6ByNegPMKs.glb | This file  does not exist.
I0919 01:01:42.126400 1676466 AbstractObjectAttributesManagerBase.h:181] AbstractObjectAttributesManager<T>::createObject  (Stage) : Done making attributes with handle : /mnt/data_nas/deeprobotics/daiyang/vla/third_party/ETP-R1/data/scene_datasets/mp3d/B6ByNegPMKs/B6ByNegPMKs.glb
I0919 01:01:42.126402 1676466 AbstractObjectAttributesManagerBase.h:188] File (/mnt/data_nas/deeprobotics/daiyang/vla/third_party/ETP-R1/data/scene_datasets/mp3d/B6ByNegPMKs/B6ByNegPMKs.glb) exists but is not a recognized config filename extension, so new default Stage attributes created and registered.
I0919 01:01:42.126407 1676466 Simulator.cpp:156] Loading navmesh from /mnt/data_nas/deeprobotics/daiyang/vla/third_party/ETP-R1/data/scene_datasets/mp3d/B6ByNegPMKs/B6ByNegPMKs.navmesh
I0919 01:01:42.127625 1676466 Simulator.cpp:158] Loaded.
I0919 01:01:42.127635 1676466 SceneGraph.h:93] Created DrawableGroup: 
Renderer: NVIDIA GeForce RTX 5090/PCIe/SSE2 by NVIDIA Corporation
OpenGL version: 4.6.0 NVIDIA 580.126.09
Using optional features:
    GL_ARB_ES2_compatibility
    GL_ARB_direct_state_access
    GL_ARB_get_texture_sub_image
    GL_ARB_invalidate_subdata
    GL_ARB_multi_bind
    GL_ARB_robustness
    GL_ARB_separate_shader_objects
    GL_ARB_texture_filter_anisotropic
    GL_ARB_texture_storage
    GL_ARB_texture_storage_multisample
    GL_ARB_vertex_array_object
    GL_KHR_debug
Using driver workarounds:
    no-forward-compatible-core-context
    nv-egl-incorrect-gl11-function-pointers
    no-layout-qualifiers-on-old-glsl
    nv-zero-context-profile-mask
    nv-implementation-color-read-format-dsa-broken
    nv-cubemap-inconsistent-compressed-image-size
    nv-cubemap-broken-full-compressed-image-query
    nv-compressed-block-size-in-bits
I0919 01:01:42.131168 1676466 ResourceManager.cpp:234] ResourceManager::loadStage : Not loading semantic mesh
I0919 01:01:42.131177 1676466 ResourceManager.cpp:262] ResourceManager::loadStage : start load render asset /mnt/data_nas/deeprobotics/daiyang/vla/third_party/ETP-R1/data/scene_datasets/mp3d/B6ByNegPMKs/B6ByNegPMKs.glb.
I0919 01:01:42.131179 1676466 ResourceManager.cpp:569] ResourceManager::loadStageInternal : Attempting to load stage /mnt/data_nas/deeprobotics/daiyang/vla/third_party/ETP-R1/data/scene_datasets/mp3d/B6ByNegPMKs/B6ByNegPMKs.glb 
I0919 01:01:42.131193 1676466 ResourceManager.cpp:1119] Importing Basis files as BC7 for B6ByNegPMKs.glb
W0919 01:01:51.579140 1676466 Simulator.cpp:248] :
---
 The active scene does not contain semantic annotations. 
---
I0919 01:01:51.771972 1676466 simulator.py:213] Loaded navmesh /mnt/data_nas/deeprobotics/daiyang/vla/third_party/ETP-R1/data/scene_datasets/mp3d/B6ByNegPMKs/B6ByNegPMKs.navmesh
I0919 01:01:52.136471 1676466 Simulator.cpp:49] Deconstructing Simulator
I0919 01:01:52.136601 1676466 Simulator.cpp:49] Deconstructing Simulator
I0919 01:01:52.136718 1676466 Simulator.cpp:49] Deconstructing Simulator
I0919 01:01:52.136844 1676466 Simulator.cpp:49] Deconstructing Simulator
I0919 01:01:52.136929 1676466 Simulator.cpp:49] Deconstructing Simulator
I0919 01:01:52.137025 1676466 Simulator.cpp:49] Deconstructing Simulator
I0919 01:01:52.137108 1676466 Simulator.cpp:49] Deconstructing Simulator
I0919 01:01:52.137202 1676466 Simulator.cpp:49] Deconstructing Simulator
I0919 01:01:52.137290 1676466 Simulator.cpp:49] Deconstructing Simulator
I0919 01:01:52.137368 1676466 Simulator.cpp:49] Deconstructing Simulator
I0919 01:01:52.137636 1676466 Simulator.cpp:49] Deconstructing Simulator
I0919 01:01:52.137712 1676466 Simulator.cpp:49] Deconstructing Simulator
I0919 01:01:52.137801 1676466 Simulator.cpp:49] Deconstructing Simulator
I0919 01:01:52.137876 1676466 Simulator.cpp:49] Deconstructing Simulator
I0919 01:01:52.137949 1676466 Simulator.cpp:49] Deconstructing Simulator
I0919 01:01:52.138043 1676466 Simulator.cpp:49] Deconstructing Simulator
I0919 01:01:52.138113 1676466 Simulator.cpp:49] Deconstructing Simulator
I0919 01:01:52.138196 1676466 Simulator.cpp:49] Deconstructing Simulator
I0919 01:01:52.138283 1676466 Simulator.cpp:49] Deconstructing Simulator
I0919 01:01:52.138365 1676466 Simulator.cpp:49] Deconstructing Simulator
I0919 01:01:52.138444 1676466 Simulator.cpp:49] Deconstructing Simulator
I0919 01:01:52.138520 1676466 Simulator.cpp:49] Deconstructing Simulator
I0919 01:01:52.138588 1676466 Simulator.cpp:49] Deconstructing Simulator
I0919 01:01:52.138660 1676466 Simulator.cpp:49] Deconstructing Simulator
I0919 01:01:52.138738 1676466 Simulator.cpp:49] Deconstructing Simulator
I0919 01:01:52.138835 1676466 Simulator.cpp:49] Deconstructing Simulator
I0919 01:01:52.138911 1676466 Simulator.cpp:49] Deconstructing Simulator
I0919 01:01:52.138990 1676466 Simulator.cpp:49] Deconstructing Simulator
I0919 01:01:52.139065 1676466 Simulator.cpp:49] Deconstructing Simulator
I0919 01:01:52.139154 1676466 Simulator.cpp:49] Deconstructing Simulator
I0919 01:01:52.139227 1676466 Simulator.cpp:49] Deconstructing Simulator
I0919 01:01:52.139312 1676466 Simulator.cpp:49] Deconstructing Simulator
I0919 01:01:52.139385 1676466 Simulator.cpp:49] Deconstructing Simulator
I0919 01:01:52.139473 1676466 Simulator.cpp:49] Deconstructing Simulator
I0919 01:01:52.139552 1676466 Simulator.cpp:49] Deconstructing Simulator
I0919 01:01:52.139622 1676466 Simulator.cpp:49] Deconstructing Simulator
I0919 01:01:52.139698 1676466 Simulator.cpp:49] Deconstructing Simulator
I0919 01:01:52.139791 1676466 Simulator.cpp:49] Deconstructing Simulator
I0919 01:02:54.106319 1676466 PhysicsManager.cpp:33] Deconstructing PhysicsManager
I0919 01:02:54.106372 1676466 SemanticScene.h:41] Deconstructing SemanticScene
I0919 01:02:54.126960 1676466 SceneManager.h:25] Deconstructing SceneManager
I0919 01:02:54.126978 1676466 SceneGraph.h:26] Deconstructing SceneGraph
I0919 01:02:54.127516 1676466 Sensor.h:87] Deconstructing Sensor
I0919 01:02:54.142982 1676466 Renderer.cpp:34] Deconstructing Renderer
I0919 01:02:54.143019 1676466 WindowlessContext.h:17] Deconstructing WindowlessContext
I0919 01:02:54.181640 1676466 ManagedContainerBase.cpp:19] ManagedContainerBase::convertFilenameToJSON : Filename : default changed to proposed JSON configuration filename : default.scene_dataset_config.json
I0919 01:02:54.181675 1676466 AttributesManagerBase.h:283] AttributesManager<T>::createFromJsonOrDefaultInternal  (Dataset) : Proposing JSON name : default.scene_dataset_config.json from original name : default | This file  does not exist.
I0919 01:02:54.182116 1676466 AssetAttributesManager.cpp:117] Asset attributes (capsule3DSolid : capsule3DSolid_hemiRings_4_cylRings_1_segments_12_halfLen_0.75_useTexCoords_false_useTangents_false) created and registered.
I0919 01:02:54.182165 1676466 AssetAttributesManager.cpp:117] Asset attributes (capsule3DWireframe : capsule3DWireframe_hemiRings_8_cylRings_1_segments_16_halfLen_1) created and registered.
I0919 01:02:54.182200 1676466 AssetAttributesManager.cpp:117] Asset attributes (coneSolid : coneSolid_segments_12_halfLen_1.25_rings_1_useTexCoords_false_useTangents_false_capEnd_true) created and registered.
I0919 01:02:54.182232 1676466 AssetAttributesManager.cpp:117] Asset attributes (coneWireframe : coneWireframe_segments_32_halfLen_1.25) created and registered.
I0919 01:02:54.182245 1676466 AssetAttributesManager.cpp:117] Asset attributes (cubeSolid : cubeSolid) created and registered.
I0919 01:02:54.182252 1676466 AssetAttributesManager.cpp:117] Asset attributes (cubeWireframe : cubeWireframe) created and registered.
I0919 01:02:54.182284 1676466 AssetAttributesManager.cpp:117] Asset attributes (cylinderSolid : cylinderSolid_rings_1_segments_12_halfLen_1_useTexCoords_false_useTangents_false_capEnds_true) created and registered.
I0919 01:02:54.182322 1676466 AssetAttributesManager.cpp:117] Asset attributes (cylinderWireframe : cylinderWireframe_rings_1_segments_32_halfLen_1) created and registered.
I0919 01:02:54.182335 1676466 AssetAttributesManager.cpp:117] Asset attributes (icosphereSolid : icosphereSolid_subdivs_1) created and registered.
I0919 01:02:54.182346 1676466 AssetAttributesManager.cpp:117] Asset attributes (icosphereWireframe : icosphereWireframe_subdivs_1) created and registered.
I0919 01:02:54.182368 1676466 AssetAttributesManager.cpp:117] Asset attributes (uvSphereSolid : uvSphereSolid_rings_8_segments_16_useTexCoords_false_useTangents_false) created and registered.
I0919 01:02:54.182402 1676466 AssetAttributesManager.cpp:117] Asset attributes (uvSphereWireframe : uvSphereWireframe_rings_16_segments_32) created and registered.
I0919 01:02:54.182410 1676466 AssetAttributesManager.cpp:105] AssetAttributesManager::buildCtorFuncPtrMaps : Built default primitive asset templates : 12
I0919 01:02:54.183121 1676466 SceneDatasetAttributesManager.cpp:23] File (default) not found, so new default dataset attributes created and registered.
I0919 01:02:54.183125 1676466 MetadataMediator.cpp:47] MetadataMediator::createDataset : Dataset default successfully created.
I0919 01:02:54.183432 1676466 AttributesManagerBase.h:283] AttributesManager<T>::createFromJsonOrDefaultInternal  (Physics Manager) : Proposing JSON name : ./data/default.physics_config.json from original name : ./data/default.physics_config.json | This file  does not exist.
I0919 01:02:54.183450 1676466 PhysicsAttributesManager.cpp:27] File (./data/default.physics_config.json) not found, so new default physics manager attributes created and registered.
I0919 01:02:54.183455 1676466 AbstractObjectAttributesManagerBase.h:175] AbstractObjectAttributesManager<T>::createObject  (Stage) : Making attributes with handle : /mnt/data_nas/deeprobotics/daiyang/vla/third_party/ETP-R1/data/scene_datasets/mp3d/PuKPg4mmafe/PuKPg4mmafe.glb
I0919 01:02:54.183461 1676466 ManagedContainerBase.cpp:19] ManagedContainerBase::convertFilenameToJSON : Filename : /mnt/data_nas/deeprobotics/daiyang/vla/third_party/ETP-R1/data/scene_datasets/mp3d/PuKPg4mmafe/PuKPg4mmafe.glb changed to proposed JSON configuration filename : /mnt/data_nas/deeprobotics/daiyang/vla/third_party/ETP-R1/data/scene_datasets/mp3d/PuKPg4mmafe/PuKPg4mmafe.stage_config.json
I0919 01:02:54.183490 1676466 AttributesManagerBase.h:283] AttributesManager<T>::createFromJsonOrDefaultInternal  (Stage) : Proposing JSON name : /mnt/data_nas/deeprobotics/daiyang/vla/third_party/ETP-R1/data/scene_datasets/mp3d/PuKPg4mmafe/PuKPg4mmafe.stage_config.json from original name : /mnt/data_nas/deeprobotics/daiyang/vla/third_party/ETP-R1/data/scene_datasets/mp3d/PuKPg4mmafe/PuKPg4mmafe.glb | This file  does not exist.
I0919 01:02:54.183558 1676466 AbstractObjectAttributesManagerBase.h:181] AbstractObjectAttributesManager<T>::createObject  (Stage) : Done making attributes with handle : /mnt/data_nas/deeprobotics/daiyang/vla/third_party/ETP-R1/data/scene_datasets/mp3d/PuKPg4mmafe/PuKPg4mmafe.glb
I0919 01:02:54.183561 1676466 AbstractObjectAttributesManagerBase.h:188] File (/mnt/data_nas/deeprobotics/daiyang/vla/third_party/ETP-R1/data/scene_datasets/mp3d/PuKPg4mmafe/PuKPg4mmafe.glb) exists but is not a recognized config filename extension, so new default Stage attributes created and registered.
I0919 01:02:54.183568 1676466 Simulator.cpp:156] Loading navmesh from /mnt/data_nas/deeprobotics/daiyang/vla/third_party/ETP-R1/data/scene_datasets/mp3d/PuKPg4mmafe/PuKPg4mmafe.navmesh
I0919 01:02:54.184762 1676466 Simulator.cpp:158] Loaded.
I0919 01:02:54.184775 1676466 SceneGraph.h:93] Created DrawableGroup: 
Renderer: NVIDIA GeForce RTX 5090/PCIe/SSE2 by NVIDIA Corporation
OpenGL version: 4.6.0 NVIDIA 580.126.09
Using optional features:
    GL_ARB_ES2_compatibility
    GL_ARB_direct_state_access
    GL_ARB_get_texture_sub_image
    GL_ARB_invalidate_subdata
    GL_ARB_multi_bind
    GL_ARB_robustness
    GL_ARB_separate_shader_objects
    GL_ARB_texture_filter_anisotropic
    GL_ARB_texture_storage
    GL_ARB_texture_storage_multisample
    GL_ARB_vertex_array_object
    GL_KHR_debug
Using driver workarounds:
    no-forward-compatible-core-context
    nv-egl-incorrect-gl11-function-pointers
    no-layout-qualifiers-on-old-glsl
    nv-zero-context-profile-mask
    nv-implementation-color-read-format-dsa-broken
    nv-cubemap-inconsistent-compressed-image-size
    nv-cubemap-broken-full-compressed-image-query
    nv-compressed-block-size-in-bits
I0919 01:02:54.189549 1676466 ResourceManager.cpp:234] ResourceManager::loadStage : Not loading semantic mesh
I0919 01:02:54.189560 1676466 ResourceManager.cpp:262] ResourceManager::loadStage : start load render asset /mnt/data_nas/deeprobotics/daiyang/vla/third_party/ETP-R1/data/scene_datasets/mp3d/PuKPg4mmafe/PuKPg4mmafe.glb.
I0919 01:02:54.189563 1676466 ResourceManager.cpp:569] ResourceManager::loadStageInternal : Attempting to load stage /mnt/data_nas/deeprobotics/daiyang/vla/third_party/ETP-R1/data/scene_datasets/mp3d/PuKPg4mmafe/PuKPg4mmafe.glb 
I0919 01:02:54.189584 1676466 ResourceManager.cpp:1119] Importing Basis files as BC7 for PuKPg4mmafe.glb
W0919 01:02:58.837831 1676466 Simulator.cpp:248] :
---
 The active scene does not contain semantic annotations. 
---
I0919 01:02:58.857840 1676466 simulator.py:213] Loaded navmesh /mnt/data_nas/deeprobotics/daiyang/vla/third_party/ETP-R1/data/scene_datasets/mp3d/PuKPg4mmafe/PuKPg4mmafe.navmesh
I0919 01:04:08.213605 1676466 PhysicsManager.cpp:33] Deconstructing PhysicsManager
I0919 01:04:08.213652 1676466 SemanticScene.h:41] Deconstructing SemanticScene
I0919 01:04:08.214967 1676466 SceneManager.h:25] Deconstructing SceneManager
I0919 01:04:08.214973 1676466 SceneGraph.h:26] Deconstructing SceneGraph
I0919 01:04:08.215332 1676466 Sensor.h:87] Deconstructing Sensor
I0919 01:04:08.220676 1676466 Renderer.cpp:34] Deconstructing Renderer
I0919 01:04:08.220700 1676466 WindowlessContext.h:17] Deconstructing WindowlessContext
I0919 01:04:08.232223 1676466 ManagedContainerBase.cpp:19] ManagedContainerBase::convertFilenameToJSON : Filename : default changed to proposed JSON configuration filename : default.scene_dataset_config.json
I0919 01:04:08.232241 1676466 AttributesManagerBase.h:283] AttributesManager<T>::createFromJsonOrDefaultInternal  (Dataset) : Proposing JSON name : default.scene_dataset_config.json from original name : default | This file  does not exist.
I0919 01:04:08.232390 1676466 AssetAttributesManager.cpp:117] Asset attributes (capsule3DSolid : capsule3DSolid_hemiRings_4_cylRings_1_segments_12_halfLen_0.75_useTexCoords_false_useTangents_false) created and registered.
I0919 01:04:08.232420 1676466 AssetAttributesManager.cpp:117] Asset attributes (capsule3DWireframe : capsule3DWireframe_hemiRings_8_cylRings_1_segments_16_halfLen_1) created and registered.
I0919 01:04:08.232442 1676466 AssetAttributesManager.cpp:117] Asset attributes (coneSolid : coneSolid_segments_12_halfLen_1.25_rings_1_useTexCoords_false_useTangents_false_capEnd_true) created and registered.
I0919 01:04:08.232579 1676466 AssetAttributesManager.cpp:117] Asset attributes (coneWireframe : coneWireframe_segments_32_halfLen_1.25) created and registered.
I0919 01:04:08.232589 1676466 AssetAttributesManager.cpp:117] Asset attributes (cubeSolid : cubeSolid) created and registered.
I0919 01:04:08.232595 1676466 AssetAttributesManager.cpp:117] Asset attributes (cubeWireframe : cubeWireframe) created and registered.
I0919 01:04:08.232613 1676466 AssetAttributesManager.cpp:117] Asset attributes (cylinderSolid : cylinderSolid_rings_1_segments_12_halfLen_1_useTexCoords_false_useTangents_false_capEnds_true) created and registered.
I0919 01:04:08.232631 1676466 AssetAttributesManager.cpp:117] Asset attributes (cylinderWireframe : cylinderWireframe_rings_1_segments_32_halfLen_1) created and registered.
I0919 01:04:08.232642 1676466 AssetAttributesManager.cpp:117] Asset attributes (icosphereSolid : icosphereSolid_subdivs_1) created and registered.
I0919 01:04:08.232650 1676466 AssetAttributesManager.cpp:117] Asset attributes (icosphereWireframe : icosphereWireframe_subdivs_1) created and registered.
I0919 01:04:08.232664 1676466 AssetAttributesManager.cpp:117] Asset attributes (uvSphereSolid : uvSphereSolid_rings_8_segments_16_useTexCoords_false_useTangents_false) created and registered.
I0919 01:04:08.232676 1676466 AssetAttributesManager.cpp:117] Asset attributes (uvSphereWireframe : uvSphereWireframe_rings_16_segments_32) created and registered.
I0919 01:04:08.232683 1676466 AssetAttributesManager.cpp:105] AssetAttributesManager::buildCtorFuncPtrMaps : Built default primitive asset templates : 12
I0919 01:04:08.233093 1676466 SceneDatasetAttributesManager.cpp:23] File (default) not found, so new default dataset attributes created and registered.
I0919 01:04:08.233095 1676466 MetadataMediator.cpp:47] MetadataMediator::createDataset : Dataset default successfully created.
I0919 01:04:08.234172 1676466 AttributesManagerBase.h:283] AttributesManager<T>::createFromJsonOrDefaultInternal  (Physics Manager) : Proposing JSON name : ./data/default.physics_config.json from original name : ./data/default.physics_config.json | This file  does not exist.
I0919 01:04:08.234185 1676466 PhysicsAttributesManager.cpp:27] File (./data/default.physics_config.json) not found, so new default physics manager attributes created and registered.
I0919 01:04:08.234189 1676466 AbstractObjectAttributesManagerBase.h:175] AbstractObjectAttributesManager<T>::createObject  (Stage) : Making attributes with handle : /mnt/data_nas/deeprobotics/daiyang/vla/third_party/ETP-R1/data/scene_datasets/mp3d/aayBHfsNo7d/aayBHfsNo7d.glb
I0919 01:04:08.234193 1676466 ManagedContainerBase.cpp:19] ManagedContainerBase::convertFilenameToJSON : Filename : /mnt/data_nas/deeprobotics/daiyang/vla/third_party/ETP-R1/data/scene_datasets/mp3d/aayBHfsNo7d/aayBHfsNo7d.glb changed to proposed JSON configuration filename : /mnt/data_nas/deeprobotics/daiyang/vla/third_party/ETP-R1/data/scene_datasets/mp3d/aayBHfsNo7d/aayBHfsNo7d.stage_config.json
I0919 01:04:08.237366 1676466 AttributesManagerBase.h:283] AttributesManager<T>::createFromJsonOrDefaultInternal  (Stage) : Proposing JSON name : /mnt/data_nas/deeprobotics/daiyang/vla/third_party/ETP-R1/data/scene_datasets/mp3d/aayBHfsNo7d/aayBHfsNo7d.stage_config.json from original name : /mnt/data_nas/deeprobotics/daiyang/vla/third_party/ETP-R1/data/scene_datasets/mp3d/aayBHfsNo7d/aayBHfsNo7d.glb | This file  does not exist.
I0919 01:04:08.237423 1676466 AbstractObjectAttributesManagerBase.h:181] AbstractObjectAttributesManager<T>::createObject  (Stage) : Done making attributes with handle : /mnt/data_nas/deeprobotics/daiyang/vla/third_party/ETP-R1/data/scene_datasets/mp3d/aayBHfsNo7d/aayBHfsNo7d.glb
I0919 01:04:08.237425 1676466 AbstractObjectAttributesManagerBase.h:188] File (/mnt/data_nas/deeprobotics/daiyang/vla/third_party/ETP-R1/data/scene_datasets/mp3d/aayBHfsNo7d/aayBHfsNo7d.glb) exists but is not a recognized config filename extension, so new default Stage attributes created and registered.
I0919 01:04:08.237430 1676466 Simulator.cpp:156] Loading navmesh from /mnt/data_nas/deeprobotics/daiyang/vla/third_party/ETP-R1/data/scene_datasets/mp3d/aayBHfsNo7d/aayBHfsNo7d.navmesh
I0919 01:04:08.238515 1676466 Simulator.cpp:158] Loaded.
I0919 01:04:08.238523 1676466 SceneGraph.h:93] Created DrawableGroup: 
Renderer: NVIDIA GeForce RTX 5090/PCIe/SSE2 by NVIDIA Corporation
OpenGL version: 4.6.0 NVIDIA 580.126.09
Using optional features:
    GL_ARB_ES2_compatibility
    GL_ARB_direct_state_access
    GL_ARB_get_texture_sub_image
    GL_ARB_invalidate_subdata
    GL_ARB_multi_bind
    GL_ARB_robustness
    GL_ARB_separate_shader_objects
    GL_ARB_texture_filter_anisotropic
    GL_ARB_texture_storage
    GL_ARB_texture_storage_multisample
    GL_ARB_vertex_array_object
    GL_KHR_debug
Using driver workarounds:
    no-forward-compatible-core-context
    nv-egl-incorrect-gl11-function-pointers
    no-layout-qualifiers-on-old-glsl
    nv-zero-context-profile-mask
    nv-implementation-color-read-format-dsa-broken
    nv-cubemap-inconsistent-compressed-image-size
    nv-cubemap-broken-full-compressed-image-query
    nv-compressed-block-size-in-bits
I0919 01:04:08.242180 1676466 ResourceManager.cpp:234] ResourceManager::loadStage : Not loading semantic mesh
I0919 01:04:08.242188 1676466 ResourceManager.cpp:262] ResourceManager::loadStage : start load render asset /mnt/data_nas/deeprobotics/daiyang/vla/third_party/ETP-R1/data/scene_datasets/mp3d/aayBHfsNo7d/aayBHfsNo7d.glb.
I0919 01:04:08.242192 1676466 ResourceManager.cpp:569] ResourceManager::loadStageInternal : Attempting to load stage /mnt/data_nas/deeprobotics/daiyang/vla/third_party/ETP-R1/data/scene_datasets/mp3d/aayBHfsNo7d/aayBHfsNo7d.glb 
I0919 01:04:08.242206 1676466 ResourceManager.cpp:1119] Importing Basis files as BC7 for aayBHfsNo7d.glb
W0919 01:04:09.797405 1676466 Simulator.cpp:248] :
---
 The active scene does not contain semantic annotations. 
---
I0919 01:04:09.838559 1676466 simulator.py:213] Loaded navmesh /mnt/data_nas/deeprobotics/daiyang/vla/third_party/ETP-R1/data/scene_datasets/mp3d/aayBHfsNo7d/aayBHfsNo7d.navmesh
I0919 01:04:31.246771 1676466 PhysicsManager.cpp:33] Deconstructing PhysicsManager
I0919 01:04:31.246807 1676466 SemanticScene.h:41] Deconstructing SemanticScene
I0919 01:04:31.249459 1676466 SceneManager.h:25] Deconstructing SceneManager
I0919 01:04:31.249467 1676466 SceneGraph.h:26] Deconstructing SceneGraph
I0919 01:04:31.249933 1676466 Sensor.h:87] Deconstructing Sensor
I0919 01:04:31.251834 1676466 Renderer.cpp:34] Deconstructing Renderer
I0919 01:04:31.251853 1676466 WindowlessContext.h:17] Deconstructing WindowlessContext
I0919 01:04:31.257706 1676466 ManagedContainerBase.cpp:19] ManagedContainerBase::convertFilenameToJSON : Filename : default changed to proposed JSON configuration filename : default.scene_dataset_config.json
I0919 01:04:31.257720 1676466 AttributesManagerBase.h:283] AttributesManager<T>::createFromJsonOrDefaultInternal  (Dataset) : Proposing JSON name : default.scene_dataset_config.json from original name : default | This file  does not exist.
I0919 01:04:31.257995 1676466 AssetAttributesManager.cpp:117] Asset attributes (capsule3DSolid : capsule3DSolid_hemiRings_4_cylRings_1_segments_12_halfLen_0.75_useTexCoords_false_useTangents_false) created and registered.
I0919 01:04:31.258029 1676466 AssetAttributesManager.cpp:117] Asset attributes (capsule3DWireframe : capsule3DWireframe_hemiRings_8_cylRings_1_segments_16_halfLen_1) created and registered.
I0919 01:04:31.258054 1676466 AssetAttributesManager.cpp:117] Asset attributes (coneSolid : coneSolid_segments_12_halfLen_1.25_rings_1_useTexCoords_false_useTangents_false_capEnd_true) created and registered.
I0919 01:04:31.258068 1676466 AssetAttributesManager.cpp:117] Asset attributes (coneWireframe : coneWireframe_segments_32_halfLen_1.25) created and registered.
I0919 01:04:31.258076 1676466 AssetAttributesManager.cpp:117] Asset attributes (cubeSolid : cubeSolid) created and registered.
I0919 01:04:31.258083 1676466 AssetAttributesManager.cpp:117] Asset attributes (cubeWireframe : cubeWireframe) created and registered.
I0919 01:04:31.258103 1676466 AssetAttributesManager.cpp:117] Asset attributes (cylinderSolid : cylinderSolid_rings_1_segments_12_halfLen_1_useTexCoords_false_useTangents_false_capEnds_true) created and registered.
I0919 01:04:31.258119 1676466 AssetAttributesManager.cpp:117] Asset attributes (cylinderWireframe : cylinderWireframe_rings_1_segments_32_halfLen_1) created and registered.
I0919 01:04:31.258129 1676466 AssetAttributesManager.cpp:117] Asset attributes (icosphereSolid : icosphereSolid_subdivs_1) created and registered.
I0919 01:04:31.258139 1676466 AssetAttributesManager.cpp:117] Asset attributes (icosphereWireframe : icosphereWireframe_subdivs_1) created and registered.
I0919 01:04:31.258152 1676466 AssetAttributesManager.cpp:117] Asset attributes (uvSphereSolid : uvSphereSolid_rings_8_segments_16_useTexCoords_false_useTangents_false) created and registered.
I0919 01:04:31.258165 1676466 AssetAttributesManager.cpp:117] Asset attributes (uvSphereWireframe : uvSphereWireframe_rings_16_segments_32) created and registered.
I0919 01:04:31.258172 1676466 AssetAttributesManager.cpp:105] AssetAttributesManager::buildCtorFuncPtrMaps : Built default primitive asset templates : 12
I0919 01:04:31.258575 1676466 SceneDatasetAttributesManager.cpp:23] File (default) not found, so new default dataset attributes created and registered.
I0919 01:04:31.258579 1676466 MetadataMediator.cpp:47] MetadataMediator::createDataset : Dataset default successfully created.
I0919 01:04:31.258757 1676466 AttributesManagerBase.h:283] AttributesManager<T>::createFromJsonOrDefaultInternal  (Physics Manager) : Proposing JSON name : ./data/default.physics_config.json from original name : ./data/default.physics_config.json | This file  does not exist.
I0919 01:04:31.258769 1676466 PhysicsAttributesManager.cpp:27] File (./data/default.physics_config.json) not found, so new default physics manager attributes created and registered.
I0919 01:04:31.258772 1676466 AbstractObjectAttributesManagerBase.h:175] AbstractObjectAttributesManager<T>::createObject  (Stage) : Making attributes with handle : /mnt/data_nas/deeprobotics/daiyang/vla/third_party/ETP-R1/data/scene_datasets/mp3d/82sE5b5pLXE/82sE5b5pLXE.glb
I0919 01:04:31.258776 1676466 ManagedContainerBase.cpp:19] ManagedContainerBase::convertFilenameToJSON : Filename : /mnt/data_nas/deeprobotics/daiyang/vla/third_party/ETP-R1/data/scene_datasets/mp3d/82sE5b5pLXE/82sE5b5pLXE.glb changed to proposed JSON configuration filename : /mnt/data_nas/deeprobotics/daiyang/vla/third_party/ETP-R1/data/scene_datasets/mp3d/82sE5b5pLXE/82sE5b5pLXE.stage_config.json
I0919 01:04:31.258787 1676466 AttributesManagerBase.h:283] AttributesManager<T>::createFromJsonOrDefaultInternal  (Stage) : Proposing JSON name : /mnt/data_nas/deeprobotics/daiyang/vla/third_party/ETP-R1/data/scene_datasets/mp3d/82sE5b5pLXE/82sE5b5pLXE.stage_config.json from original name : /mnt/data_nas/deeprobotics/daiyang/vla/third_party/ETP-R1/data/scene_datasets/mp3d/82sE5b5pLXE/82sE5b5pLXE.glb | This file  does not exist.
I0919 01:04:31.258831 1676466 AbstractObjectAttributesManagerBase.h:181] AbstractObjectAttributesManager<T>::createObject  (Stage) : Done making attributes with handle : /mnt/data_nas/deeprobotics/daiyang/vla/third_party/ETP-R1/data/scene_datasets/mp3d/82sE5b5pLXE/82sE5b5pLXE.glb
I0919 01:04:31.258836 1676466 AbstractObjectAttributesManagerBase.h:188] File (/mnt/data_nas/deeprobotics/daiyang/vla/third_party/ETP-R1/data/scene_datasets/mp3d/82sE5b5pLXE/82sE5b5pLXE.glb) exists but is not a recognized config filename extension, so new default Stage attributes created and registered.
I0919 01:04:31.258842 1676466 Simulator.cpp:156] Loading navmesh from /mnt/data_nas/deeprobotics/daiyang/vla/third_party/ETP-R1/data/scene_datasets/mp3d/82sE5b5pLXE/82sE5b5pLXE.navmesh
I0919 01:04:31.260167 1676466 Simulator.cpp:158] Loaded.
I0919 01:04:31.260174 1676466 SceneGraph.h:93] Created DrawableGroup: 
Renderer: NVIDIA GeForce RTX 5090/PCIe/SSE2 by NVIDIA Corporation
OpenGL version: 4.6.0 NVIDIA 580.126.09
Using optional features:
    GL_ARB_ES2_compatibility
    GL_ARB_direct_state_access
    GL_ARB_get_texture_sub_image
    GL_ARB_invalidate_subdata
    GL_ARB_multi_bind
    GL_ARB_robustness
    GL_ARB_separate_shader_objects
    GL_ARB_texture_filter_anisotropic
    GL_ARB_texture_storage
    GL_ARB_texture_storage_multisample
    GL_ARB_vertex_array_object
    GL_KHR_debug
Using driver workarounds:
    no-forward-compatible-core-context
    nv-egl-incorrect-gl11-function-pointers
    no-layout-qualifiers-on-old-glsl
    nv-zero-context-profile-mask
    nv-implementation-color-read-format-dsa-broken
    nv-cubemap-inconsistent-compressed-image-size
    nv-cubemap-broken-full-compressed-image-query
    nv-compressed-block-size-in-bits
I0919 01:04:31.263725 1676466 ResourceManager.cpp:234] ResourceManager::loadStage : Not loading semantic mesh
I0919 01:04:31.263734 1676466 ResourceManager.cpp:262] ResourceManager::loadStage : start load render asset /mnt/data_nas/deeprobotics/daiyang/vla/third_party/ETP-R1/data/scene_datasets/mp3d/82sE5b5pLXE/82sE5b5pLXE.glb.
I0919 01:04:31.263736 1676466 ResourceManager.cpp:569] ResourceManager::loadStageInternal : Attempting to load stage /mnt/data_nas/deeprobotics/daiyang/vla/third_party/ETP-R1/data/scene_datasets/mp3d/82sE5b5pLXE/82sE5b5pLXE.glb 
I0919 01:04:31.263751 1676466 ResourceManager.cpp:1119] Importing Basis files as BC7 for 82sE5b5pLXE.glb
W0919 01:04:33.250161 1676466 Simulator.cpp:248] :
---
 The active scene does not contain semantic annotations. 
---
I0919 01:04:33.286371 1676466 simulator.py:213] Loaded navmesh /mnt/data_nas/deeprobotics/daiyang/vla/third_party/ETP-R1/data/scene_datasets/mp3d/82sE5b5pLXE/82sE5b5pLXE.navmesh
I0919 01:05:11.341149 1676466 PhysicsManager.cpp:33] Deconstructing PhysicsManager
I0919 01:05:11.341212 1676466 SemanticScene.h:41] Deconstructing SemanticScene
I0919 01:05:11.342794 1676466 SceneManager.h:25] Deconstructing SceneManager
I0919 01:05:11.342803 1676466 SceneGraph.h:26] Deconstructing SceneGraph
I0919 01:05:11.343046 1676466 Sensor.h:87] Deconstructing Sensor
I0919 01:05:11.345594 1676466 Renderer.cpp:34] Deconstructing Renderer
I0919 01:05:11.345616 1676466 WindowlessContext.h:17] Deconstructing WindowlessContext
I0919 01:05:11.350036 1676466 ManagedContainerBase.cpp:19] ManagedContainerBase::convertFilenameToJSON : Filename : default changed to proposed JSON configuration filename : default.scene_dataset_config.json
I0919 01:05:11.350051 1676466 AttributesManagerBase.h:283] AttributesManager<T>::createFromJsonOrDefaultInternal  (Dataset) : Proposing JSON name : default.scene_dataset_config.json from original name : default | This file  does not exist.
I0919 01:05:11.350436 1676466 AssetAttributesManager.cpp:117] Asset attributes (capsule3DSolid : capsule3DSolid_hemiRings_4_cylRings_1_segments_12_halfLen_0.75_useTexCoords_false_useTangents_false) created and registered.
I0919 01:05:11.350466 1676466 AssetAttributesManager.cpp:117] Asset attributes (capsule3DWireframe : capsule3DWireframe_hemiRings_8_cylRings_1_segments_16_halfLen_1) created and registered.
I0919 01:05:11.350489 1676466 AssetAttributesManager.cpp:117] Asset attributes (coneSolid : coneSolid_segments_12_halfLen_1.25_rings_1_useTexCoords_false_useTangents_false_capEnd_true) created and registered.
I0919 01:05:11.350510 1676466 AssetAttributesManager.cpp:117] Asset attributes (coneWireframe : coneWireframe_segments_32_halfLen_1.25) created and registered.
I0919 01:05:11.350519 1676466 AssetAttributesManager.cpp:117] Asset attributes (cubeSolid : cubeSolid) created and registered.
I0919 01:05:11.350526 1676466 AssetAttributesManager.cpp:117] Asset attributes (cubeWireframe : cubeWireframe) created and registered.
I0919 01:05:11.350545 1676466 AssetAttributesManager.cpp:117] Asset attributes (cylinderSolid : cylinderSolid_rings_1_segments_12_halfLen_1_useTexCoords_false_useTangents_false_capEnds_true) created and registered.
I0919 01:05:11.350562 1676466 AssetAttributesManager.cpp:117] Asset attributes (cylinderWireframe : cylinderWireframe_rings_1_segments_32_halfLen_1) created and registered.
I0919 01:05:11.350574 1676466 AssetAttributesManager.cpp:117] Asset attributes (icosphereSolid : icosphereSolid_subdivs_1) created and registered.
I0919 01:05:11.350581 1676466 AssetAttributesManager.cpp:117] Asset attributes (icosphereWireframe : icosphereWireframe_subdivs_1) created and registered.
I0919 01:05:11.350594 1676466 AssetAttributesManager.cpp:117] Asset attributes (uvSphereSolid : uvSphereSolid_rings_8_segments_16_useTexCoords_false_useTangents_false) created and registered.
I0919 01:05:11.350607 1676466 AssetAttributesManager.cpp:117] Asset attributes (uvSphereWireframe : uvSphereWireframe_rings_16_segments_32) created and registered.
I0919 01:05:11.350613 1676466 AssetAttributesManager.cpp:105] AssetAttributesManager::buildCtorFuncPtrMaps : Built default primitive asset templates : 12
I0919 01:05:11.351008 1676466 SceneDatasetAttributesManager.cpp:23] File (default) not found, so new default dataset attributes created and registered.
I0919 01:05:11.351011 1676466 MetadataMediator.cpp:47] MetadataMediator::createDataset : Dataset default successfully created.
I0919 01:05:11.352481 1676466 AttributesManagerBase.h:283] AttributesManager<T>::createFromJsonOrDefaultInternal  (Physics Manager) : Proposing JSON name : ./data/default.physics_config.json from original name : ./data/default.physics_config.json | This file  does not exist.
I0919 01:05:11.352494 1676466 PhysicsAttributesManager.cpp:27] File (./data/default.physics_config.json) not found, so new default physics manager attributes created and registered.
I0919 01:05:11.352499 1676466 AbstractObjectAttributesManagerBase.h:175] AbstractObjectAttributesManager<T>::createObject  (Stage) : Making attributes with handle : /mnt/data_nas/deeprobotics/daiyang/vla/third_party/ETP-R1/data/scene_datasets/mp3d/B6ByNegPMKs/B6ByNegPMKs.glb
I0919 01:05:11.352502 1676466 ManagedContainerBase.cpp:19] ManagedContainerBase::convertFilenameToJSON : Filename : /mnt/data_nas/deeprobotics/daiyang/vla/third_party/ETP-R1/data/scene_datasets/mp3d/B6ByNegPMKs/B6ByNegPMKs.glb changed to proposed JSON configuration filename : /mnt/data_nas/deeprobotics/daiyang/vla/third_party/ETP-R1/data/scene_datasets/mp3d/B6ByNegPMKs/B6ByNegPMKs.stage_config.json
I0919 01:05:11.352514 1676466 AttributesManagerBase.h:283] AttributesManager<T>::createFromJsonOrDefaultInternal  (Stage) : Proposing JSON name : /mnt/data_nas/deeprobotics/daiyang/vla/third_party/ETP-R1/data/scene_datasets/mp3d/B6ByNegPMKs/B6ByNegPMKs.stage_config.json from original name : /mnt/data_nas/deeprobotics/daiyang/vla/third_party/ETP-R1/data/scene_datasets/mp3d/B6ByNegPMKs/B6ByNegPMKs.glb | This file  does not exist.
I0919 01:05:11.352560 1676466 AbstractObjectAttributesManagerBase.h:181] AbstractObjectAttributesManager<T>::createObject  (Stage) : Done making attributes with handle : /mnt/data_nas/deeprobotics/daiyang/vla/third_party/ETP-R1/data/scene_datasets/mp3d/B6ByNegPMKs/B6ByNegPMKs.glb
I0919 01:05:11.352562 1676466 AbstractObjectAttributesManagerBase.h:188] File (/mnt/data_nas/deeprobotics/daiyang/vla/third_party/ETP-R1/data/scene_datasets/mp3d/B6ByNegPMKs/B6ByNegPMKs.glb) exists but is not a recognized config filename extension, so new default Stage attributes created and registered.
I0919 01:05:11.352567 1676466 Simulator.cpp:156] Loading navmesh from /mnt/data_nas/deeprobotics/daiyang/vla/third_party/ETP-R1/data/scene_datasets/mp3d/B6ByNegPMKs/B6ByNegPMKs.navmesh
I0919 01:05:11.353941 1676466 Simulator.cpp:158] Loaded.
I0919 01:05:11.353950 1676466 SceneGraph.h:93] Created DrawableGroup: 
Renderer: NVIDIA GeForce RTX 5090/PCIe/SSE2 by NVIDIA Corporation
OpenGL version: 4.6.0 NVIDIA 580.126.09
Using optional features:
    GL_ARB_ES2_compatibility
    GL_ARB_direct_state_access
    GL_ARB_get_texture_sub_image
    GL_ARB_invalidate_subdata
    GL_ARB_multi_bind
    GL_ARB_robustness
    GL_ARB_separate_shader_objects
    GL_ARB_texture_filter_anisotropic
    GL_ARB_texture_storage
    GL_ARB_texture_storage_multisample
    GL_ARB_vertex_array_object
    GL_KHR_debug
Using driver workarounds:
    no-forward-compatible-core-context
    nv-egl-incorrect-gl11-function-pointers
    no-layout-qualifiers-on-old-glsl
    nv-zero-context-profile-mask
    nv-implementation-color-read-format-dsa-broken
    nv-cubemap-inconsistent-compressed-image-size
    nv-cubemap-broken-full-compressed-image-query
    nv-compressed-block-size-in-bits
I0919 01:05:11.357527 1676466 ResourceManager.cpp:234] ResourceManager::loadStage : Not loading semantic mesh
I0919 01:05:11.357535 1676466 ResourceManager.cpp:262] ResourceManager::loadStage : start load render asset /mnt/data_nas/deeprobotics/daiyang/vla/third_party/ETP-R1/data/scene_datasets/mp3d/B6ByNegPMKs/B6ByNegPMKs.glb.
I0919 01:05:11.357537 1676466 ResourceManager.cpp:569] ResourceManager::loadStageInternal : Attempting to load stage /mnt/data_nas/deeprobotics/daiyang/vla/third_party/ETP-R1/data/scene_datasets/mp3d/B6ByNegPMKs/B6ByNegPMKs.glb 
I0919 01:05:11.357553 1676466 ResourceManager.cpp:1119] Importing Basis files as BC7 for B6ByNegPMKs.glb
W0919 01:05:20.856287 1676466 Simulator.cpp:248] :
---
 The active scene does not contain semantic annotations. 
---
I0919 01:05:21.050065 1676466 simulator.py:213] Loaded navmesh /mnt/data_nas/deeprobotics/daiyang/vla/third_party/ETP-R1/data/scene_datasets/mp3d/B6ByNegPMKs/B6ByNegPMKs.navmesh
I0919 01:06:43.246249 1676466 PhysicsManager.cpp:33] Deconstructing PhysicsManager
I0919 01:06:43.246307 1676466 SemanticScene.h:41] Deconstructing SemanticScene
I0919 01:06:43.270016 1676466 SceneManager.h:25] Deconstructing SceneManager
I0919 01:06:43.270051 1676466 SceneGraph.h:26] Deconstructing SceneGraph
I0919 01:06:43.270660 1676466 Sensor.h:87] Deconstructing Sensor
I0919 01:06:43.283053 1676466 Renderer.cpp:34] Deconstructing Renderer
I0919 01:06:43.283092 1676466 WindowlessContext.h:17] Deconstructing WindowlessContext
I0919 01:06:43.300455 1676466 ManagedContainerBase.cpp:19] ManagedContainerBase::convertFilenameToJSON : Filename : default changed to proposed JSON configuration filename : default.scene_dataset_config.json
I0919 01:06:43.300478 1676466 AttributesManagerBase.h:283] AttributesManager<T>::createFromJsonOrDefaultInternal  (Dataset) : Proposing JSON name : default.scene_dataset_config.json from original name : default | This file  does not exist.
I0919 01:06:43.300680 1676466 AssetAttributesManager.cpp:117] Asset attributes (capsule3DSolid : capsule3DSolid_hemiRings_4_cylRings_1_segments_12_halfLen_0.75_useTexCoords_false_useTangents_false) created and registered.
I0919 01:06:43.300709 1676466 AssetAttributesManager.cpp:117] Asset attributes (capsule3DWireframe : capsule3DWireframe_hemiRings_8_cylRings_1_segments_16_halfLen_1) created and registered.
I0919 01:06:43.300733 1676466 AssetAttributesManager.cpp:117] Asset attributes (coneSolid : coneSolid_segments_12_halfLen_1.25_rings_1_useTexCoords_false_useTangents_false_capEnd_true) created and registered.
I0919 01:06:43.300748 1676466 AssetAttributesManager.cpp:117] Asset attributes (coneWireframe : coneWireframe_segments_32_halfLen_1.25) created and registered.
I0919 01:06:43.300758 1676466 AssetAttributesManager.cpp:117] Asset attributes (cubeSolid : cubeSolid) created and registered.
I0919 01:06:43.300765 1676466 AssetAttributesManager.cpp:117] Asset attributes (cubeWireframe : cubeWireframe) created and registered.
I0919 01:06:43.300793 1676466 AssetAttributesManager.cpp:117] Asset attributes (cylinderSolid : cylinderSolid_rings_1_segments_12_halfLen_1_useTexCoords_false_useTangents_false_capEnds_true) created and registered.
I0919 01:06:43.300809 1676466 AssetAttributesManager.cpp:117] Asset attributes (cylinderWireframe : cylinderWireframe_rings_1_segments_32_halfLen_1) created and registered.
I0919 01:06:43.300822 1676466 AssetAttributesManager.cpp:117] Asset attributes (icosphereSolid : icosphereSolid_subdivs_1) created and registered.
I0919 01:06:43.300832 1676466 AssetAttributesManager.cpp:117] Asset attributes (icosphereWireframe : icosphereWireframe_subdivs_1) created and registered.
I0919 01:06:43.300844 1676466 AssetAttributesManager.cpp:117] Asset attributes (uvSphereSolid : uvSphereSolid_rings_8_segments_16_useTexCoords_false_useTangents_false) created and registered.
I0919 01:06:43.300858 1676466 AssetAttributesManager.cpp:117] Asset attributes (uvSphereWireframe : uvSphereWireframe_rings_16_segments_32) created and registered.
I0919 01:06:43.300863 1676466 AssetAttributesManager.cpp:105] AssetAttributesManager::buildCtorFuncPtrMaps : Built default primitive asset templates : 12
I0919 01:06:43.301280 1676466 SceneDatasetAttributesManager.cpp:23] File (default) not found, so new default dataset attributes created and registered.
I0919 01:06:43.301283 1676466 MetadataMediator.cpp:47] MetadataMediator::createDataset : Dataset default successfully created.
I0919 01:06:43.301491 1676466 AttributesManagerBase.h:283] AttributesManager<T>::createFromJsonOrDefaultInternal  (Physics Manager) : Proposing JSON name : ./data/default.physics_config.json from original name : ./data/default.physics_config.json | This file  does not exist.
I0919 01:06:43.301503 1676466 PhysicsAttributesManager.cpp:27] File (./data/default.physics_config.json) not found, so new default physics manager attributes created and registered.
I0919 01:06:43.301507 1676466 AbstractObjectAttributesManagerBase.h:175] AbstractObjectAttributesManager<T>::createObject  (Stage) : Making attributes with handle : /mnt/data_nas/deeprobotics/daiyang/vla/third_party/ETP-R1/data/scene_datasets/mp3d/PuKPg4mmafe/PuKPg4mmafe.glb
I0919 01:06:43.301512 1676466 ManagedContainerBase.cpp:19] ManagedContainerBase::convertFilenameToJSON : Filename : /mnt/data_nas/deeprobotics/daiyang/vla/third_party/ETP-R1/data/scene_datasets/mp3d/PuKPg4mmafe/PuKPg4mmafe.glb changed to proposed JSON configuration filename : /mnt/data_nas/deeprobotics/daiyang/vla/third_party/ETP-R1/data/scene_datasets/mp3d/PuKPg4mmafe/PuKPg4mmafe.stage_config.json
I0919 01:06:43.301523 1676466 AttributesManagerBase.h:283] AttributesManager<T>::createFromJsonOrDefaultInternal  (Stage) : Proposing JSON name : /mnt/data_nas/deeprobotics/daiyang/vla/third_party/ETP-R1/data/scene_datasets/mp3d/PuKPg4mmafe/PuKPg4mmafe.stage_config.json from original name : /mnt/data_nas/deeprobotics/daiyang/vla/third_party/ETP-R1/data/scene_datasets/mp3d/PuKPg4mmafe/PuKPg4mmafe.glb | This file  does not exist.
I0919 01:06:43.301573 1676466 AbstractObjectAttributesManagerBase.h:181] AbstractObjectAttributesManager<T>::createObject  (Stage) : Done making attributes with handle : /mnt/data_nas/deeprobotics/daiyang/vla/third_party/ETP-R1/data/scene_datasets/mp3d/PuKPg4mmafe/PuKPg4mmafe.glb
I0919 01:06:43.301575 1676466 AbstractObjectAttributesManagerBase.h:188] File (/mnt/data_nas/deeprobotics/daiyang/vla/third_party/ETP-R1/data/scene_datasets/mp3d/PuKPg4mmafe/PuKPg4mmafe.glb) exists but is not a recognized config filename extension, so new default Stage attributes created and registered.
I0919 01:06:43.301580 1676466 Simulator.cpp:156] Loading navmesh from /mnt/data_nas/deeprobotics/daiyang/vla/third_party/ETP-R1/data/scene_datasets/mp3d/PuKPg4mmafe/PuKPg4mmafe.navmesh
I0919 01:06:43.302591 1676466 Simulator.cpp:158] Loaded.
I0919 01:06:43.302603 1676466 SceneGraph.h:93] Created DrawableGroup: 
Renderer: NVIDIA GeForce RTX 5090/PCIe/SSE2 by NVIDIA Corporation
OpenGL version: 4.6.0 NVIDIA 580.126.09
Using optional features:
    GL_ARB_ES2_compatibility
    GL_ARB_direct_state_access
    GL_ARB_get_texture_sub_image
    GL_ARB_invalidate_subdata
    GL_ARB_multi_bind
    GL_ARB_robustness
    GL_ARB_separate_shader_objects
    GL_ARB_texture_filter_anisotropic
    GL_ARB_texture_storage
    GL_ARB_texture_storage_multisample
    GL_ARB_vertex_array_object
    GL_KHR_debug
Using driver workarounds:
    no-forward-compatible-core-context
    nv-egl-incorrect-gl11-function-pointers
    no-layout-qualifiers-on-old-glsl
    nv-zero-context-profile-mask
    nv-implementation-color-read-format-dsa-broken
    nv-cubemap-inconsistent-compressed-image-size
    nv-cubemap-broken-full-compressed-image-query
    nv-compressed-block-size-in-bits
I0919 01:06:43.306368 1676466 ResourceManager.cpp:234] ResourceManager::loadStage : Not loading semantic mesh
I0919 01:06:43.306377 1676466 ResourceManager.cpp:262] ResourceManager::loadStage : start load render asset /mnt/data_nas/deeprobotics/daiyang/vla/third_party/ETP-R1/data/scene_datasets/mp3d/PuKPg4mmafe/PuKPg4mmafe.glb.
I0919 01:06:43.306380 1676466 ResourceManager.cpp:569] ResourceManager::loadStageInternal : Attempting to load stage /mnt/data_nas/deeprobotics/daiyang/vla/third_party/ETP-R1/data/scene_datasets/mp3d/PuKPg4mmafe/PuKPg4mmafe.glb 
I0919 01:06:43.306397 1676466 ResourceManager.cpp:1119] Importing Basis files as BC7 for PuKPg4mmafe.glb
W0919 01:06:47.911796 1676466 Simulator.cpp:248] :
---
 The active scene does not contain semantic annotations. 
---
I0919 01:06:47.931932 1676466 simulator.py:213] Loaded navmesh /mnt/data_nas/deeprobotics/daiyang/vla/third_party/ETP-R1/data/scene_datasets/mp3d/PuKPg4mmafe/PuKPg4mmafe.navmesh
I0919 01:09:55.270184 1676466 PhysicsManager.cpp:33] Deconstructing PhysicsManager
I0919 01:09:55.270233 1676466 SemanticScene.h:41] Deconstructing SemanticScene
I0919 01:09:55.271390 1676466 SceneManager.h:25] Deconstructing SceneManager
I0919 01:09:55.271396 1676466 SceneGraph.h:26] Deconstructing SceneGraph
I0919 01:09:55.271720 1676466 Sensor.h:87] Deconstructing Sensor
I0919 01:09:55.277056 1676466 Renderer.cpp:34] Deconstructing Renderer
I0919 01:09:55.277083 1676466 WindowlessContext.h:17] Deconstructing WindowlessContext
I0919 01:09:55.288174 1676466 ManagedContainerBase.cpp:19] ManagedContainerBase::convertFilenameToJSON : Filename : default changed to proposed JSON configuration filename : default.scene_dataset_config.json
I0919 01:09:55.288192 1676466 AttributesManagerBase.h:283] AttributesManager<T>::createFromJsonOrDefaultInternal  (Dataset) : Proposing JSON name : default.scene_dataset_config.json from original name : default | This file  does not exist.
I0919 01:09:55.288520 1676466 AssetAttributesManager.cpp:117] Asset attributes (capsule3DSolid : capsule3DSolid_hemiRings_4_cylRings_1_segments_12_halfLen_0.75_useTexCoords_false_useTangents_false) created and registered.
I0919 01:09:55.288549 1676466 AssetAttributesManager.cpp:117] Asset attributes (capsule3DWireframe : capsule3DWireframe_hemiRings_8_cylRings_1_segments_16_halfLen_1) created and registered.
I0919 01:09:55.288573 1676466 AssetAttributesManager.cpp:117] Asset attributes (coneSolid : coneSolid_segments_12_halfLen_1.25_rings_1_useTexCoords_false_useTangents_false_capEnd_true) created and registered.
I0919 01:09:55.288587 1676466 AssetAttributesManager.cpp:117] Asset attributes (coneWireframe : coneWireframe_segments_32_halfLen_1.25) created and registered.
I0919 01:09:55.288596 1676466 AssetAttributesManager.cpp:117] Asset attributes (cubeSolid : cubeSolid) created and registered.
I0919 01:09:55.288604 1676466 AssetAttributesManager.cpp:117] Asset attributes (cubeWireframe : cubeWireframe) created and registered.
I0919 01:09:55.288623 1676466 AssetAttributesManager.cpp:117] Asset attributes (cylinderSolid : cylinderSolid_rings_1_segments_12_halfLen_1_useTexCoords_false_useTangents_false_capEnds_true) created and registered.
I0919 01:09:55.288640 1676466 AssetAttributesManager.cpp:117] Asset attributes (cylinderWireframe : cylinderWireframe_rings_1_segments_32_halfLen_1) created and registered.
I0919 01:09:55.288656 1676466 AssetAttributesManager.cpp:117] Asset attributes (icosphereSolid : icosphereSolid_subdivs_1) created and registered.
I0919 01:09:55.288666 1676466 AssetAttributesManager.cpp:117] Asset attributes (icosphereWireframe : icosphereWireframe_subdivs_1) created and registered.
I0919 01:09:55.288681 1676466 AssetAttributesManager.cpp:117] Asset attributes (uvSphereSolid : uvSphereSolid_rings_8_segments_16_useTexCoords_false_useTangents_false) created and registered.
I0919 01:09:55.288693 1676466 AssetAttributesManager.cpp:117] Asset attributes (uvSphereWireframe : uvSphereWireframe_rings_16_segments_32) created and registered.
I0919 01:09:55.288698 1676466 AssetAttributesManager.cpp:105] AssetAttributesManager::buildCtorFuncPtrMaps : Built default primitive asset templates : 12
I0919 01:09:55.289095 1676466 SceneDatasetAttributesManager.cpp:23] File (default) not found, so new default dataset attributes created and registered.
I0919 01:09:55.289098 1676466 MetadataMediator.cpp:47] MetadataMediator::createDataset : Dataset default successfully created.
I0919 01:09:55.290505 1676466 AttributesManagerBase.h:283] AttributesManager<T>::createFromJsonOrDefaultInternal  (Physics Manager) : Proposing JSON name : ./data/default.physics_config.json from original name : ./data/default.physics_config.json | This file  does not exist.
I0919 01:09:55.290518 1676466 PhysicsAttributesManager.cpp:27] File (./data/default.physics_config.json) not found, so new default physics manager attributes created and registered.
I0919 01:09:55.290522 1676466 AbstractObjectAttributesManagerBase.h:175] AbstractObjectAttributesManager<T>::createObject  (Stage) : Making attributes with handle : /mnt/data_nas/deeprobotics/daiyang/vla/third_party/ETP-R1/data/scene_datasets/mp3d/aayBHfsNo7d/aayBHfsNo7d.glb
I0919 01:09:55.290527 1676466 ManagedContainerBase.cpp:19] ManagedContainerBase::convertFilenameToJSON : Filename : /mnt/data_nas/deeprobotics/daiyang/vla/third_party/ETP-R1/data/scene_datasets/mp3d/aayBHfsNo7d/aayBHfsNo7d.glb changed to proposed JSON configuration filename : /mnt/data_nas/deeprobotics/daiyang/vla/third_party/ETP-R1/data/scene_datasets/mp3d/aayBHfsNo7d/aayBHfsNo7d.stage_config.json
I0919 01:09:55.293823 1676466 AttributesManagerBase.h:283] AttributesManager<T>::createFromJsonOrDefaultInternal  (Stage) : Proposing JSON name : /mnt/data_nas/deeprobotics/daiyang/vla/third_party/ETP-R1/data/scene_datasets/mp3d/aayBHfsNo7d/aayBHfsNo7d.stage_config.json from original name : /mnt/data_nas/deeprobotics/daiyang/vla/third_party/ETP-R1/data/scene_datasets/mp3d/aayBHfsNo7d/aayBHfsNo7d.glb | This file  does not exist.
I0919 01:09:55.293872 1676466 AbstractObjectAttributesManagerBase.h:181] AbstractObjectAttributesManager<T>::createObject  (Stage) : Done making attributes with handle : /mnt/data_nas/deeprobotics/daiyang/vla/third_party/ETP-R1/data/scene_datasets/mp3d/aayBHfsNo7d/aayBHfsNo7d.glb
I0919 01:09:55.293874 1676466 AbstractObjectAttributesManagerBase.h:188] File (/mnt/data_nas/deeprobotics/daiyang/vla/third_party/ETP-R1/data/scene_datasets/mp3d/aayBHfsNo7d/aayBHfsNo7d.glb) exists but is not a recognized config filename extension, so new default Stage attributes created and registered.
I0919 01:09:55.293880 1676466 Simulator.cpp:156] Loading navmesh from /mnt/data_nas/deeprobotics/daiyang/vla/third_party/ETP-R1/data/scene_datasets/mp3d/aayBHfsNo7d/aayBHfsNo7d.navmesh
I0919 01:09:55.294988 1676466 Simulator.cpp:158] Loaded.
I0919 01:09:55.294997 1676466 SceneGraph.h:93] Created DrawableGroup: 
Renderer: NVIDIA GeForce RTX 5090/PCIe/SSE2 by NVIDIA Corporation
OpenGL version: 4.6.0 NVIDIA 580.126.09
Using optional features:
    GL_ARB_ES2_compatibility
    GL_ARB_direct_state_access
    GL_ARB_get_texture_sub_image
    GL_ARB_invalidate_subdata
    GL_ARB_multi_bind
    GL_ARB_robustness
    GL_ARB_separate_shader_objects
    GL_ARB_texture_filter_anisotropic
    GL_ARB_texture_storage
    GL_ARB_texture_storage_multisample
    GL_ARB_vertex_array_object
    GL_KHR_debug
Using driver workarounds:
    no-forward-compatible-core-context
    nv-egl-incorrect-gl11-function-pointers
    no-layout-qualifiers-on-old-glsl
    nv-zero-context-profile-mask
    nv-implementation-color-read-format-dsa-broken
    nv-cubemap-inconsistent-compressed-image-size
    nv-cubemap-broken-full-compressed-image-query
    nv-compressed-block-size-in-bits
I0919 01:09:55.298641 1676466 ResourceManager.cpp:234] ResourceManager::loadStage : Not loading semantic mesh
I0919 01:09:55.298650 1676466 ResourceManager.cpp:262] ResourceManager::loadStage : start load render asset /mnt/data_nas/deeprobotics/daiyang/vla/third_party/ETP-R1/data/scene_datasets/mp3d/aayBHfsNo7d/aayBHfsNo7d.glb.
I0919 01:09:55.298652 1676466 ResourceManager.cpp:569] ResourceManager::loadStageInternal : Attempting to load stage /mnt/data_nas/deeprobotics/daiyang/vla/third_party/ETP-R1/data/scene_datasets/mp3d/aayBHfsNo7d/aayBHfsNo7d.glb 
I0919 01:09:55.298668 1676466 ResourceManager.cpp:1119] Importing Basis files as BC7 for aayBHfsNo7d.glb
W0919 01:09:56.857514 1676466 Simulator.cpp:248] :
---
 The active scene does not contain semantic annotations. 
---
I0919 01:09:56.899348 1676466 simulator.py:213] Loaded navmesh /mnt/data_nas/deeprobotics/daiyang/vla/third_party/ETP-R1/data/scene_datasets/mp3d/aayBHfsNo7d/aayBHfsNo7d.navmesh
I0919 01:10:18.923051 1676466 PhysicsManager.cpp:33] Deconstructing PhysicsManager
I0919 01:10:18.923101 1676466 SemanticScene.h:41] Deconstructing SemanticScene
I0919 01:10:18.926512 1676466 SceneManager.h:25] Deconstructing SceneManager
I0919 01:10:18.926524 1676466 SceneGraph.h:26] Deconstructing SceneGraph
I0919 01:10:18.927240 1676466 Sensor.h:87] Deconstructing Sensor
I0919 01:10:18.929894 1676466 Renderer.cpp:34] Deconstructing Renderer
I0919 01:10:18.929919 1676466 WindowlessContext.h:17] Deconstructing WindowlessContext
I0919 01:10:18.936508 1676466 ManagedContainerBase.cpp:19] ManagedContainerBase::convertFilenameToJSON : Filename : default changed to proposed JSON configuration filename : default.scene_dataset_config.json
I0919 01:10:18.936528 1676466 AttributesManagerBase.h:283] AttributesManager<T>::createFromJsonOrDefaultInternal  (Dataset) : Proposing JSON name : default.scene_dataset_config.json from original name : default | This file  does not exist.
I0919 01:10:18.937049 1676466 AssetAttributesManager.cpp:117] Asset attributes (capsule3DSolid : capsule3DSolid_hemiRings_4_cylRings_1_segments_12_halfLen_0.75_useTexCoords_false_useTangents_false) created and registered.
I0919 01:10:18.937091 1676466 AssetAttributesManager.cpp:117] Asset attributes (capsule3DWireframe : capsule3DWireframe_hemiRings_8_cylRings_1_segments_16_halfLen_1) created and registered.
I0919 01:10:18.937140 1676466 AssetAttributesManager.cpp:117] Asset attributes (coneSolid : coneSolid_segments_12_halfLen_1.25_rings_1_useTexCoords_false_useTangents_false_capEnd_true) created and registered.
I0919 01:10:18.937162 1676466 AssetAttributesManager.cpp:117] Asset attributes (coneWireframe : coneWireframe_segments_32_halfLen_1.25) created and registered.
I0919 01:10:18.937175 1676466 AssetAttributesManager.cpp:117] Asset attributes (cubeSolid : cubeSolid) created and registered.
I0919 01:10:18.937184 1676466 AssetAttributesManager.cpp:117] Asset attributes (cubeWireframe : cubeWireframe) created and registered.
I0919 01:10:18.937215 1676466 AssetAttributesManager.cpp:117] Asset attributes (cylinderSolid : cylinderSolid_rings_1_segments_12_halfLen_1_useTexCoords_false_useTangents_false_capEnds_true) created and registered.
I0919 01:10:18.937242 1676466 AssetAttributesManager.cpp:117] Asset attributes (cylinderWireframe : cylinderWireframe_rings_1_segments_32_halfLen_1) created and registered.
I0919 01:10:18.937258 1676466 AssetAttributesManager.cpp:117] Asset attributes (icosphereSolid : icosphereSolid_subdivs_1) created and registered.
I0919 01:10:18.937276 1676466 AssetAttributesManager.cpp:117] Asset attributes (icosphereWireframe : icosphereWireframe_subdivs_1) created and registered.
I0919 01:10:18.937297 1676466 AssetAttributesManager.cpp:117] Asset attributes (uvSphereSolid : uvSphereSolid_rings_8_segments_16_useTexCoords_false_useTangents_false) created and registered.
I0919 01:10:18.937323 1676466 AssetAttributesManager.cpp:117] Asset attributes (uvSphereWireframe : uvSphereWireframe_rings_16_segments_32) created and registered.
I0919 01:10:18.937332 1676466 AssetAttributesManager.cpp:105] AssetAttributesManager::buildCtorFuncPtrMaps : Built default primitive asset templates : 12
I0919 01:10:18.937980 1676466 SceneDatasetAttributesManager.cpp:23] File (default) not found, so new default dataset attributes created and registered.
I0919 01:10:18.937983 1676466 MetadataMediator.cpp:47] MetadataMediator::createDataset : Dataset default successfully created.
I0919 01:10:18.938243 1676466 AttributesManagerBase.h:283] AttributesManager<T>::createFromJsonOrDefaultInternal  (Physics Manager) : Proposing JSON name : ./data/default.physics_config.json from original name : ./data/default.physics_config.json | This file  does not exist.
I0919 01:10:18.938261 1676466 PhysicsAttributesManager.cpp:27] File (./data/default.physics_config.json) not found, so new default physics manager attributes created and registered.
I0919 01:10:18.938265 1676466 AbstractObjectAttributesManagerBase.h:175] AbstractObjectAttributesManager<T>::createObject  (Stage) : Making attributes with handle : /mnt/data_nas/deeprobotics/daiyang/vla/third_party/ETP-R1/data/scene_datasets/mp3d/82sE5b5pLXE/82sE5b5pLXE.glb
I0919 01:10:18.938277 1676466 ManagedContainerBase.cpp:19] ManagedContainerBase::convertFilenameToJSON : Filename : /mnt/data_nas/deeprobotics/daiyang/vla/third_party/ETP-R1/data/scene_datasets/mp3d/82sE5b5pLXE/82sE5b5pLXE.glb changed to proposed JSON configuration filename : /mnt/data_nas/deeprobotics/daiyang/vla/third_party/ETP-R1/data/scene_datasets/mp3d/82sE5b5pLXE/82sE5b5pLXE.stage_config.json
I0919 01:10:18.938294 1676466 AttributesManagerBase.h:283] AttributesManager<T>::createFromJsonOrDefaultInternal  (Stage) : Proposing JSON name : /mnt/data_nas/deeprobotics/daiyang/vla/third_party/ETP-R1/data/scene_datasets/mp3d/82sE5b5pLXE/82sE5b5pLXE.stage_config.json from original name : /mnt/data_nas/deeprobotics/daiyang/vla/third_party/ETP-R1/data/scene_datasets/mp3d/82sE5b5pLXE/82sE5b5pLXE.glb | This file  does not exist.
I0919 01:10:18.938365 1676466 AbstractObjectAttributesManagerBase.h:181] AbstractObjectAttributesManager<T>::createObject  (Stage) : Done making attributes with handle : /mnt/data_nas/deeprobotics/daiyang/vla/third_party/ETP-R1/data/scene_datasets/mp3d/82sE5b5pLXE/82sE5b5pLXE.glb
I0919 01:10:18.938369 1676466 AbstractObjectAttributesManagerBase.h:188] File (/mnt/data_nas/deeprobotics/daiyang/vla/third_party/ETP-R1/data/scene_datasets/mp3d/82sE5b5pLXE/82sE5b5pLXE.glb) exists but is not a recognized config filename extension, so new default Stage attributes created and registered.
I0919 01:10:18.938375 1676466 Simulator.cpp:156] Loading navmesh from /mnt/data_nas/deeprobotics/daiyang/vla/third_party/ETP-R1/data/scene_datasets/mp3d/82sE5b5pLXE/82sE5b5pLXE.navmesh
I0919 01:10:18.939749 1676466 Simulator.cpp:158] Loaded.
I0919 01:10:18.939760 1676466 SceneGraph.h:93] Created DrawableGroup: 
Renderer: NVIDIA GeForce RTX 5090/PCIe/SSE2 by NVIDIA Corporation
OpenGL version: 4.6.0 NVIDIA 580.126.09
Using optional features:
    GL_ARB_ES2_compatibility
    GL_ARB_direct_state_access
    GL_ARB_get_texture_sub_image
    GL_ARB_invalidate_subdata
    GL_ARB_multi_bind
    GL_ARB_robustness
    GL_ARB_separate_shader_objects
    GL_ARB_texture_filter_anisotropic
    GL_ARB_texture_storage
    GL_ARB_texture_storage_multisample
    GL_ARB_vertex_array_object
    GL_KHR_debug
Using driver workarounds:
    no-forward-compatible-core-context
    nv-egl-incorrect-gl11-function-pointers
    no-layout-qualifiers-on-old-glsl
    nv-zero-context-profile-mask
    nv-implementation-color-read-format-dsa-broken
    nv-cubemap-inconsistent-compressed-image-size
    nv-cubemap-broken-full-compressed-image-query
    nv-compressed-block-size-in-bits
I0919 01:10:18.944136 1676466 ResourceManager.cpp:234] ResourceManager::loadStage : Not loading semantic mesh
I0919 01:10:18.944151 1676466 ResourceManager.cpp:262] ResourceManager::loadStage : start load render asset /mnt/data_nas/deeprobotics/daiyang/vla/third_party/ETP-R1/data/scene_datasets/mp3d/82sE5b5pLXE/82sE5b5pLXE.glb.
I0919 01:10:18.944154 1676466 ResourceManager.cpp:569] ResourceManager::loadStageInternal : Attempting to load stage /mnt/data_nas/deeprobotics/daiyang/vla/third_party/ETP-R1/data/scene_datasets/mp3d/82sE5b5pLXE/82sE5b5pLXE.glb 
I0919 01:10:18.944177 1676466 ResourceManager.cpp:1119] Importing Basis files as BC7 for 82sE5b5pLXE.glb
W0919 01:10:20.958910 1676466 Simulator.cpp:248] :
---
 The active scene does not contain semantic annotations. 
---
I0919 01:10:20.995754 1676466 simulator.py:213] Loaded navmesh /mnt/data_nas/deeprobotics/daiyang/vla/third_party/ETP-R1/data/scene_datasets/mp3d/82sE5b5pLXE/82sE5b5pLXE.navmesh
I0919 01:11:19.006080 1676466 PhysicsManager.cpp:33] Deconstructing PhysicsManager
I0919 01:11:19.006125 1676466 SemanticScene.h:41] Deconstructing SemanticScene
I0919 01:11:19.008294 1676466 SceneManager.h:25] Deconstructing SceneManager
I0919 01:11:19.008308 1676466 SceneGraph.h:26] Deconstructing SceneGraph
I0919 01:11:19.008842 1676466 Sensor.h:87] Deconstructing Sensor
I0919 01:11:19.012234 1676466 Renderer.cpp:34] Deconstructing Renderer
I0919 01:11:19.012259 1676466 WindowlessContext.h:17] Deconstructing WindowlessContext
I0919 01:11:19.019068 1676466 ManagedContainerBase.cpp:19] ManagedContainerBase::convertFilenameToJSON : Filename : default changed to proposed JSON configuration filename : default.scene_dataset_config.json
I0919 01:11:19.019088 1676466 AttributesManagerBase.h:283] AttributesManager<T>::createFromJsonOrDefaultInternal  (Dataset) : Proposing JSON name : default.scene_dataset_config.json from original name : default | This file  does not exist.
I0919 01:11:19.019636 1676466 AssetAttributesManager.cpp:117] Asset attributes (capsule3DSolid : capsule3DSolid_hemiRings_4_cylRings_1_segments_12_halfLen_0.75_useTexCoords_false_useTangents_false) created and registered.
I0919 01:11:19.019678 1676466 AssetAttributesManager.cpp:117] Asset attributes (capsule3DWireframe : capsule3DWireframe_hemiRings_8_cylRings_1_segments_16_halfLen_1) created and registered.
I0919 01:11:19.019733 1676466 AssetAttributesManager.cpp:117] Asset attributes (coneSolid : coneSolid_segments_12_halfLen_1.25_rings_1_useTexCoords_false_useTangents_false_capEnd_true) created and registered.
I0919 01:11:19.019754 1676466 AssetAttributesManager.cpp:117] Asset attributes (coneWireframe : coneWireframe_segments_32_halfLen_1.25) created and registered.
I0919 01:11:19.019768 1676466 AssetAttributesManager.cpp:117] Asset attributes (cubeSolid : cubeSolid) created and registered.
I0919 01:11:19.019778 1676466 AssetAttributesManager.cpp:117] Asset attributes (cubeWireframe : cubeWireframe) created and registered.
I0919 01:11:19.019809 1676466 AssetAttributesManager.cpp:117] Asset attributes (cylinderSolid : cylinderSolid_rings_1_segments_12_halfLen_1_useTexCoords_false_useTangents_false_capEnds_true) created and registered.
I0919 01:11:19.019835 1676466 AssetAttributesManager.cpp:117] Asset attributes (cylinderWireframe : cylinderWireframe_rings_1_segments_32_halfLen_1) created and registered.
I0919 01:11:19.019850 1676466 AssetAttributesManager.cpp:117] Asset attributes (icosphereSolid : icosphereSolid_subdivs_1) created and registered.
I0919 01:11:19.019863 1676466 AssetAttributesManager.cpp:117] Asset attributes (icosphereWireframe : icosphereWireframe_subdivs_1) created and registered.
I0919 01:11:19.019883 1676466 AssetAttributesManager.cpp:117] Asset attributes (uvSphereSolid : uvSphereSolid_rings_8_segments_16_useTexCoords_false_useTangents_false) created and registered.
I0919 01:11:19.019903 1676466 AssetAttributesManager.cpp:117] Asset attributes (uvSphereWireframe : uvSphereWireframe_rings_16_segments_32) created and registered.
I0919 01:11:19.019912 1676466 AssetAttributesManager.cpp:105] AssetAttributesManager::buildCtorFuncPtrMaps : Built default primitive asset templates : 12
I0919 01:11:19.020592 1676466 SceneDatasetAttributesManager.cpp:23] File (default) not found, so new default dataset attributes created and registered.
I0919 01:11:19.020596 1676466 MetadataMediator.cpp:47] MetadataMediator::createDataset : Dataset default successfully created.
I0919 01:11:19.020859 1676466 AttributesManagerBase.h:283] AttributesManager<T>::createFromJsonOrDefaultInternal  (Physics Manager) : Proposing JSON name : ./data/default.physics_config.json from original name : ./data/default.physics_config.json | This file  does not exist.
I0919 01:11:19.020875 1676466 PhysicsAttributesManager.cpp:27] File (./data/default.physics_config.json) not found, so new default physics manager attributes created and registered.
I0919 01:11:19.020881 1676466 AbstractObjectAttributesManagerBase.h:175] AbstractObjectAttributesManager<T>::createObject  (Stage) : Making attributes with handle : /mnt/data_nas/deeprobotics/daiyang/vla/third_party/ETP-R1/data/scene_datasets/mp3d/B6ByNegPMKs/B6ByNegPMKs.glb
I0919 01:11:19.020886 1676466 ManagedContainerBase.cpp:19] ManagedContainerBase::convertFilenameToJSON : Filename : /mnt/data_nas/deeprobotics/daiyang/vla/third_party/ETP-R1/data/scene_datasets/mp3d/B6ByNegPMKs/B6ByNegPMKs.glb changed to proposed JSON configuration filename : /mnt/data_nas/deeprobotics/daiyang/vla/third_party/ETP-R1/data/scene_datasets/mp3d/B6ByNegPMKs/B6ByNegPMKs.stage_config.json
I0919 01:11:19.020903 1676466 AttributesManagerBase.h:283] AttributesManager<T>::createFromJsonOrDefaultInternal  (Stage) : Proposing JSON name : /mnt/data_nas/deeprobotics/daiyang/vla/third_party/ETP-R1/data/scene_datasets/mp3d/B6ByNegPMKs/B6ByNegPMKs.stage_config.json from original name : /mnt/data_nas/deeprobotics/daiyang/vla/third_party/ETP-R1/data/scene_datasets/mp3d/B6ByNegPMKs/B6ByNegPMKs.glb | This file  does not exist.
I0919 01:11:19.020974 1676466 AbstractObjectAttributesManagerBase.h:181] AbstractObjectAttributesManager<T>::createObject  (Stage) : Done making attributes with handle : /mnt/data_nas/deeprobotics/daiyang/vla/third_party/ETP-R1/data/scene_datasets/mp3d/B6ByNegPMKs/B6ByNegPMKs.glb
I0919 01:11:19.020977 1676466 AbstractObjectAttributesManagerBase.h:188] File (/mnt/data_nas/deeprobotics/daiyang/vla/third_party/ETP-R1/data/scene_datasets/mp3d/B6ByNegPMKs/B6ByNegPMKs.glb) exists but is not a recognized config filename extension, so new default Stage attributes created and registered.
I0919 01:11:19.020984 1676466 Simulator.cpp:156] Loading navmesh from /mnt/data_nas/deeprobotics/daiyang/vla/third_party/ETP-R1/data/scene_datasets/mp3d/B6ByNegPMKs/B6ByNegPMKs.navmesh
I0919 01:11:19.023002 1676466 Simulator.cpp:158] Loaded.
I0919 01:11:19.023017 1676466 SceneGraph.h:93] Created DrawableGroup: 
Renderer: NVIDIA GeForce RTX 5090/PCIe/SSE2 by NVIDIA Corporation
OpenGL version: 4.6.0 NVIDIA 580.126.09
Using optional features:
    GL_ARB_ES2_compatibility
    GL_ARB_direct_state_access
    GL_ARB_get_texture_sub_image
    GL_ARB_invalidate_subdata
    GL_ARB_multi_bind
    GL_ARB_robustness
    GL_ARB_separate_shader_objects
    GL_ARB_texture_filter_anisotropic
    GL_ARB_texture_storage
    GL_ARB_texture_storage_multisample
    GL_ARB_vertex_array_object
    GL_KHR_debug
Using driver workarounds:
    no-forward-compatible-core-context
    nv-egl-incorrect-gl11-function-pointers
    no-layout-qualifiers-on-old-glsl
    nv-zero-context-profile-mask
    nv-implementation-color-read-format-dsa-broken
    nv-cubemap-inconsistent-compressed-image-size
    nv-cubemap-broken-full-compressed-image-query
    nv-compressed-block-size-in-bits
I0919 01:11:19.027421 1676466 ResourceManager.cpp:234] ResourceManager::loadStage : Not loading semantic mesh
I0919 01:11:19.027432 1676466 ResourceManager.cpp:262] ResourceManager::loadStage : start load render asset /mnt/data_nas/deeprobotics/daiyang/vla/third_party/ETP-R1/data/scene_datasets/mp3d/B6ByNegPMKs/B6ByNegPMKs.glb.
I0919 01:11:19.027436 1676466 ResourceManager.cpp:569] ResourceManager::loadStageInternal : Attempting to load stage /mnt/data_nas/deeprobotics/daiyang/vla/third_party/ETP-R1/data/scene_datasets/mp3d/B6ByNegPMKs/B6ByNegPMKs.glb 
I0919 01:11:19.027463 1676466 ResourceManager.cpp:1119] Importing Basis files as BC7 for B6ByNegPMKs.glb
W0919 01:11:28.489123 1676466 Simulator.cpp:248] :
---
 The active scene does not contain semantic annotations. 
---
I0919 01:11:28.681915 1676466 simulator.py:213] Loaded navmesh /mnt/data_nas/deeprobotics/daiyang/vla/third_party/ETP-R1/data/scene_datasets/mp3d/B6ByNegPMKs/B6ByNegPMKs.navmesh
I0919 01:12:12.783324 1676466 PhysicsManager.cpp:33] Deconstructing PhysicsManager
I0919 01:12:12.783360 1676466 SemanticScene.h:41] Deconstructing SemanticScene
I0919 01:12:12.799630 1676466 SceneManager.h:25] Deconstructing SceneManager
I0919 01:12:12.799647 1676466 SceneGraph.h:26] Deconstructing SceneGraph
I0919 01:12:12.800105 1676466 Sensor.h:87] Deconstructing Sensor
I0919 01:12:12.812404 1676466 Renderer.cpp:34] Deconstructing Renderer
I0919 01:12:12.812438 1676466 WindowlessContext.h:17] Deconstructing WindowlessContext
I0919 01:12:12.841961 1676466 ManagedContainerBase.cpp:19] ManagedContainerBase::convertFilenameToJSON : Filename : default changed to proposed JSON configuration filename : default.scene_dataset_config.json
I0919 01:12:12.841993 1676466 AttributesManagerBase.h:283] AttributesManager<T>::createFromJsonOrDefaultInternal  (Dataset) : Proposing JSON name : default.scene_dataset_config.json from original name : default | This file  does not exist.
I0919 01:12:12.842248 1676466 AssetAttributesManager.cpp:117] Asset attributes (capsule3DSolid : capsule3DSolid_hemiRings_4_cylRings_1_segments_12_halfLen_0.75_useTexCoords_false_useTangents_false) created and registered.
I0919 01:12:12.842283 1676466 AssetAttributesManager.cpp:117] Asset attributes (capsule3DWireframe : capsule3DWireframe_hemiRings_8_cylRings_1_segments_16_halfLen_1) created and registered.
I0919 01:12:12.842307 1676466 AssetAttributesManager.cpp:117] Asset attributes (coneSolid : coneSolid_segments_12_halfLen_1.25_rings_1_useTexCoords_false_useTangents_false_capEnd_true) created and registered.
I0919 01:12:12.842322 1676466 AssetAttributesManager.cpp:117] Asset attributes (coneWireframe : coneWireframe_segments_32_halfLen_1.25) created and registered.
I0919 01:12:12.842331 1676466 AssetAttributesManager.cpp:117] Asset attributes (cubeSolid : cubeSolid) created and registered.
I0919 01:12:12.842338 1676466 AssetAttributesManager.cpp:117] Asset attributes (cubeWireframe : cubeWireframe) created and registered.
I0919 01:12:12.842358 1676466 AssetAttributesManager.cpp:117] Asset attributes (cylinderSolid : cylinderSolid_rings_1_segments_12_halfLen_1_useTexCoords_false_useTangents_false_capEnds_true) created and registered.
I0919 01:12:12.842374 1676466 AssetAttributesManager.cpp:117] Asset attributes (cylinderWireframe : cylinderWireframe_rings_1_segments_32_halfLen_1) created and registered.
I0919 01:12:12.842386 1676466 AssetAttributesManager.cpp:117] Asset attributes (icosphereSolid : icosphereSolid_subdivs_1) created and registered.
I0919 01:12:12.842394 1676466 AssetAttributesManager.cpp:117] Asset attributes (icosphereWireframe : icosphereWireframe_subdivs_1) created and registered.
I0919 01:12:12.842407 1676466 AssetAttributesManager.cpp:117] Asset attributes (uvSphereSolid : uvSphereSolid_rings_8_segments_16_useTexCoords_false_useTangents_false) created and registered.
I0919 01:12:12.842422 1676466 AssetAttributesManager.cpp:117] Asset attributes (uvSphereWireframe : uvSphereWireframe_rings_16_segments_32) created and registered.
I0919 01:12:12.842427 1676466 AssetAttributesManager.cpp:105] AssetAttributesManager::buildCtorFuncPtrMaps : Built default primitive asset templates : 12
I0919 01:12:12.842842 1676466 SceneDatasetAttributesManager.cpp:23] File (default) not found, so new default dataset attributes created and registered.
I0919 01:12:12.842845 1676466 MetadataMediator.cpp:47] MetadataMediator::createDataset : Dataset default successfully created.
I0919 01:12:12.843044 1676466 AttributesManagerBase.h:283] AttributesManager<T>::createFromJsonOrDefaultInternal  (Physics Manager) : Proposing JSON name : ./data/default.physics_config.json from original name : ./data/default.physics_config.json | This file  does not exist.
I0919 01:12:12.843070 1676466 PhysicsAttributesManager.cpp:27] File (./data/default.physics_config.json) not found, so new default physics manager attributes created and registered.
I0919 01:12:12.843072 1676466 AbstractObjectAttributesManagerBase.h:175] AbstractObjectAttributesManager<T>::createObject  (Stage) : Making attributes with handle : /mnt/data_nas/deeprobotics/daiyang/vla/third_party/ETP-R1/data/scene_datasets/mp3d/PuKPg4mmafe/PuKPg4mmafe.glb
I0919 01:12:12.843076 1676466 ManagedContainerBase.cpp:19] ManagedContainerBase::convertFilenameToJSON : Filename : /mnt/data_nas/deeprobotics/daiyang/vla/third_party/ETP-R1/data/scene_datasets/mp3d/PuKPg4mmafe/PuKPg4mmafe.glb changed to proposed JSON configuration filename : /mnt/data_nas/deeprobotics/daiyang/vla/third_party/ETP-R1/data/scene_datasets/mp3d/PuKPg4mmafe/PuKPg4mmafe.stage_config.json
I0919 01:12:12.843089 1676466 AttributesManagerBase.h:283] AttributesManager<T>::createFromJsonOrDefaultInternal  (Stage) : Proposing JSON name : /mnt/data_nas/deeprobotics/daiyang/vla/third_party/ETP-R1/data/scene_datasets/mp3d/PuKPg4mmafe/PuKPg4mmafe.stage_config.json from original name : /mnt/data_nas/deeprobotics/daiyang/vla/third_party/ETP-R1/data/scene_datasets/mp3d/PuKPg4mmafe/PuKPg4mmafe.glb | This file  does not exist.
I0919 01:12:12.843137 1676466 AbstractObjectAttributesManagerBase.h:181] AbstractObjectAttributesManager<T>::createObject  (Stage) : Done making attributes with handle : /mnt/data_nas/deeprobotics/daiyang/vla/third_party/ETP-R1/data/scene_datasets/mp3d/PuKPg4mmafe/PuKPg4mmafe.glb
I0919 01:12:12.843138 1676466 AbstractObjectAttributesManagerBase.h:188] File (/mnt/data_nas/deeprobotics/daiyang/vla/third_party/ETP-R1/data/scene_datasets/mp3d/PuKPg4mmafe/PuKPg4mmafe.glb) exists but is not a recognized config filename extension, so new default Stage attributes created and registered.
I0919 01:12:12.843144 1676466 Simulator.cpp:156] Loading navmesh from /mnt/data_nas/deeprobotics/daiyang/vla/third_party/ETP-R1/data/scene_datasets/mp3d/PuKPg4mmafe/PuKPg4mmafe.navmesh
I0919 01:12:12.844108 1676466 Simulator.cpp:158] Loaded.
I0919 01:12:12.844120 1676466 SceneGraph.h:93] Created DrawableGroup: 
Renderer: NVIDIA GeForce RTX 5090/PCIe/SSE2 by NVIDIA Corporation
OpenGL version: 4.6.0 NVIDIA 580.126.09
Using optional features:
    GL_ARB_ES2_compatibility
    GL_ARB_direct_state_access
    GL_ARB_get_texture_sub_image
    GL_ARB_invalidate_subdata
    GL_ARB_multi_bind
    GL_ARB_robustness
    GL_ARB_separate_shader_objects
    GL_ARB_texture_filter_anisotropic
    GL_ARB_texture_storage
    GL_ARB_texture_storage_multisample
    GL_ARB_vertex_array_object
    GL_KHR_debug
Using driver workarounds:
    no-forward-compatible-core-context
    nv-egl-incorrect-gl11-function-pointers
    no-layout-qualifiers-on-old-glsl
    nv-zero-context-profile-mask
    nv-implementation-color-read-format-dsa-broken
    nv-cubemap-inconsistent-compressed-image-size
    nv-cubemap-broken-full-compressed-image-query
    nv-compressed-block-size-in-bits
I0919 01:12:12.847946 1676466 ResourceManager.cpp:234] ResourceManager::loadStage : Not loading semantic mesh
I0919 01:12:12.847956 1676466 ResourceManager.cpp:262] ResourceManager::loadStage : start load render asset /mnt/data_nas/deeprobotics/daiyang/vla/third_party/ETP-R1/data/scene_datasets/mp3d/PuKPg4mmafe/PuKPg4mmafe.glb.
I0919 01:12:12.847959 1676466 ResourceManager.cpp:569] ResourceManager::loadStageInternal : Attempting to load stage /mnt/data_nas/deeprobotics/daiyang/vla/third_party/ETP-R1/data/scene_datasets/mp3d/PuKPg4mmafe/PuKPg4mmafe.glb 
I0919 01:12:12.847976 1676466 ResourceManager.cpp:1119] Importing Basis files as BC7 for PuKPg4mmafe.glb
W0919 01:12:17.602264 1676466 Simulator.cpp:248] :
---
 The active scene does not contain semantic annotations. 
---
I0919 01:12:17.622792 1676466 simulator.py:213] Loaded navmesh /mnt/data_nas/deeprobotics/daiyang/vla/third_party/ETP-R1/data/scene_datasets/mp3d/PuKPg4mmafe/PuKPg4mmafe.navmesh
I0919 01:15:31.903393 1676466 PhysicsManager.cpp:33] Deconstructing PhysicsManager
I0919 01:15:31.903445 1676466 SemanticScene.h:41] Deconstructing SemanticScene
I0919 01:15:31.904490 1676466 SceneManager.h:25] Deconstructing SceneManager
I0919 01:15:31.904495 1676466 SceneGraph.h:26] Deconstructing SceneGraph
I0919 01:15:31.904825 1676466 Sensor.h:87] Deconstructing Sensor
I0919 01:15:31.910235 1676466 Renderer.cpp:34] Deconstructing Renderer
I0919 01:15:31.910260 1676466 WindowlessContext.h:17] Deconstructing WindowlessContext
I0919 01:15:31.923445 1676466 ManagedContainerBase.cpp:19] ManagedContainerBase::convertFilenameToJSON : Filename : default changed to proposed JSON configuration filename : default.scene_dataset_config.json
I0919 01:15:31.923467 1676466 AttributesManagerBase.h:283] AttributesManager<T>::createFromJsonOrDefaultInternal  (Dataset) : Proposing JSON name : default.scene_dataset_config.json from original name : default | This file  does not exist.
I0919 01:15:31.923816 1676466 AssetAttributesManager.cpp:117] Asset attributes (capsule3DSolid : capsule3DSolid_hemiRings_4_cylRings_1_segments_12_halfLen_0.75_useTexCoords_false_useTangents_false) created and registered.
I0919 01:15:31.923846 1676466 AssetAttributesManager.cpp:117] Asset attributes (capsule3DWireframe : capsule3DWireframe_hemiRings_8_cylRings_1_segments_16_halfLen_1) created and registered.
I0919 01:15:31.923868 1676466 AssetAttributesManager.cpp:117] Asset attributes (coneSolid : coneSolid_segments_12_halfLen_1.25_rings_1_useTexCoords_false_useTangents_false_capEnd_true) created and registered.
I0919 01:15:31.923883 1676466 AssetAttributesManager.cpp:117] Asset attributes (coneWireframe : coneWireframe_segments_32_halfLen_1.25) created and registered.
I0919 01:15:31.923892 1676466 AssetAttributesManager.cpp:117] Asset attributes (cubeSolid : cubeSolid) created and registered.
I0919 01:15:31.923898 1676466 AssetAttributesManager.cpp:117] Asset attributes (cubeWireframe : cubeWireframe) created and registered.
I0919 01:15:31.923918 1676466 AssetAttributesManager.cpp:117] Asset attributes (cylinderSolid : cylinderSolid_rings_1_segments_12_halfLen_1_useTexCoords_false_useTangents_false_capEnds_true) created and registered.
I0919 01:15:31.923935 1676466 AssetAttributesManager.cpp:117] Asset attributes (cylinderWireframe : cylinderWireframe_rings_1_segments_32_halfLen_1) created and registered.
I0919 01:15:31.923946 1676466 AssetAttributesManager.cpp:117] Asset attributes (icosphereSolid : icosphereSolid_subdivs_1) created and registered.
I0919 01:15:31.923955 1676466 AssetAttributesManager.cpp:117] Asset attributes (icosphereWireframe : icosphereWireframe_subdivs_1) created and registered.
I0919 01:15:31.923969 1676466 AssetAttributesManager.cpp:117] Asset attributes (uvSphereSolid : uvSphereSolid_rings_8_segments_16_useTexCoords_false_useTangents_false) created and registered.
I0919 01:15:31.923983 1676466 AssetAttributesManager.cpp:117] Asset attributes (uvSphereWireframe : uvSphereWireframe_rings_16_segments_32) created and registered.
I0919 01:15:31.923990 1676466 AssetAttributesManager.cpp:105] AssetAttributesManager::buildCtorFuncPtrMaps : Built default primitive asset templates : 12
I0919 01:15:31.924402 1676466 SceneDatasetAttributesManager.cpp:23] File (default) not found, so new default dataset attributes created and registered.
I0919 01:15:31.924404 1676466 MetadataMediator.cpp:47] MetadataMediator::createDataset : Dataset default successfully created.
I0919 01:15:31.925541 1676466 AttributesManagerBase.h:283] AttributesManager<T>::createFromJsonOrDefaultInternal  (Physics Manager) : Proposing JSON name : ./data/default.physics_config.json from original name : ./data/default.physics_config.json | This file  does not exist.
I0919 01:15:31.925555 1676466 PhysicsAttributesManager.cpp:27] File (./data/default.physics_config.json) not found, so new default physics manager attributes created and registered.
I0919 01:15:31.925558 1676466 AbstractObjectAttributesManagerBase.h:175] AbstractObjectAttributesManager<T>::createObject  (Stage) : Making attributes with handle : /mnt/data_nas/deeprobotics/daiyang/vla/third_party/ETP-R1/data/scene_datasets/mp3d/aayBHfsNo7d/aayBHfsNo7d.glb
I0919 01:15:31.925570 1676466 ManagedContainerBase.cpp:19] ManagedContainerBase::convertFilenameToJSON : Filename : /mnt/data_nas/deeprobotics/daiyang/vla/third_party/ETP-R1/data/scene_datasets/mp3d/aayBHfsNo7d/aayBHfsNo7d.glb changed to proposed JSON configuration filename : /mnt/data_nas/deeprobotics/daiyang/vla/third_party/ETP-R1/data/scene_datasets/mp3d/aayBHfsNo7d/aayBHfsNo7d.stage_config.json
I0919 01:15:31.928431 1676466 AttributesManagerBase.h:283] AttributesManager<T>::createFromJsonOrDefaultInternal  (Stage) : Proposing JSON name : /mnt/data_nas/deeprobotics/daiyang/vla/third_party/ETP-R1/data/scene_datasets/mp3d/aayBHfsNo7d/aayBHfsNo7d.stage_config.json from original name : /mnt/data_nas/deeprobotics/daiyang/vla/third_party/ETP-R1/data/scene_datasets/mp3d/aayBHfsNo7d/aayBHfsNo7d.glb | This file  does not exist.
I0919 01:15:31.928479 1676466 AbstractObjectAttributesManagerBase.h:181] AbstractObjectAttributesManager<T>::createObject  (Stage) : Done making attributes with handle : /mnt/data_nas/deeprobotics/daiyang/vla/third_party/ETP-R1/data/scene_datasets/mp3d/aayBHfsNo7d/aayBHfsNo7d.glb
I0919 01:15:31.928480 1676466 AbstractObjectAttributesManagerBase.h:188] File (/mnt/data_nas/deeprobotics/daiyang/vla/third_party/ETP-R1/data/scene_datasets/mp3d/aayBHfsNo7d/aayBHfsNo7d.glb) exists but is not a recognized config filename extension, so new default Stage attributes created and registered.
I0919 01:15:31.928486 1676466 Simulator.cpp:156] Loading navmesh from /mnt/data_nas/deeprobotics/daiyang/vla/third_party/ETP-R1/data/scene_datasets/mp3d/aayBHfsNo7d/aayBHfsNo7d.navmesh
I0919 01:15:31.929669 1676466 Simulator.cpp:158] Loaded.
I0919 01:15:31.929677 1676466 SceneGraph.h:93] Created DrawableGroup: 
Renderer: NVIDIA GeForce RTX 5090/PCIe/SSE2 by NVIDIA Corporation
OpenGL version: 4.6.0 NVIDIA 580.126.09
Using optional features:
    GL_ARB_ES2_compatibility
    GL_ARB_direct_state_access
    GL_ARB_get_texture_sub_image
    GL_ARB_invalidate_subdata
    GL_ARB_multi_bind
    GL_ARB_robustness
    GL_ARB_separate_shader_objects
    GL_ARB_texture_filter_anisotropic
    GL_ARB_texture_storage
    GL_ARB_texture_storage_multisample
    GL_ARB_vertex_array_object
    GL_KHR_debug
Using driver workarounds:
    no-forward-compatible-core-context
    nv-egl-incorrect-gl11-function-pointers
    no-layout-qualifiers-on-old-glsl
    nv-zero-context-profile-mask
    nv-implementation-color-read-format-dsa-broken
    nv-cubemap-inconsistent-compressed-image-size
    nv-cubemap-broken-full-compressed-image-query
    nv-compressed-block-size-in-bits
I0919 01:15:31.933971 1676466 ResourceManager.cpp:234] ResourceManager::loadStage : Not loading semantic mesh
I0919 01:15:31.933981 1676466 ResourceManager.cpp:262] ResourceManager::loadStage : start load render asset /mnt/data_nas/deeprobotics/daiyang/vla/third_party/ETP-R1/data/scene_datasets/mp3d/aayBHfsNo7d/aayBHfsNo7d.glb.
I0919 01:15:31.933983 1676466 ResourceManager.cpp:569] ResourceManager::loadStageInternal : Attempting to load stage /mnt/data_nas/deeprobotics/daiyang/vla/third_party/ETP-R1/data/scene_datasets/mp3d/aayBHfsNo7d/aayBHfsNo7d.glb 
I0919 01:15:31.934002 1676466 ResourceManager.cpp:1119] Importing Basis files as BC7 for aayBHfsNo7d.glb
W0919 01:15:33.488066 1676466 Simulator.cpp:248] :
---
 The active scene does not contain semantic annotations. 
---
I0919 01:15:33.529048 1676466 simulator.py:213] Loaded navmesh /mnt/data_nas/deeprobotics/daiyang/vla/third_party/ETP-R1/data/scene_datasets/mp3d/aayBHfsNo7d/aayBHfsNo7d.navmesh
I0919 01:16:15.566212 1676466 PhysicsManager.cpp:33] Deconstructing PhysicsManager
I0919 01:16:15.566262 1676466 SemanticScene.h:41] Deconstructing SemanticScene
I0919 01:16:15.569911 1676466 SceneManager.h:25] Deconstructing SceneManager
I0919 01:16:15.569921 1676466 SceneGraph.h:26] Deconstructing SceneGraph
I0919 01:16:15.570555 1676466 Sensor.h:87] Deconstructing Sensor
I0919 01:16:15.573482 1676466 Renderer.cpp:34] Deconstructing Renderer
I0919 01:16:15.573508 1676466 WindowlessContext.h:17] Deconstructing WindowlessContext
I0919 01:16:15.581266 1676466 ManagedContainerBase.cpp:19] ManagedContainerBase::convertFilenameToJSON : Filename : default changed to proposed JSON configuration filename : default.scene_dataset_config.json
I0919 01:16:15.581300 1676466 AttributesManagerBase.h:283] AttributesManager<T>::createFromJsonOrDefaultInternal  (Dataset) : Proposing JSON name : default.scene_dataset_config.json from original name : default | This file  does not exist.
I0919 01:16:15.581867 1676466 AssetAttributesManager.cpp:117] Asset attributes (capsule3DSolid : capsule3DSolid_hemiRings_4_cylRings_1_segments_12_halfLen_0.75_useTexCoords_false_useTangents_false) created and registered.
I0919 01:16:15.581912 1676466 AssetAttributesManager.cpp:117] Asset attributes (capsule3DWireframe : capsule3DWireframe_hemiRings_8_cylRings_1_segments_16_halfLen_1) created and registered.
I0919 01:16:15.581947 1676466 AssetAttributesManager.cpp:117] Asset attributes (coneSolid : coneSolid_segments_12_halfLen_1.25_rings_1_useTexCoords_false_useTangents_false_capEnd_true) created and registered.
I0919 01:16:15.581969 1676466 AssetAttributesManager.cpp:117] Asset attributes (coneWireframe : coneWireframe_segments_32_halfLen_1.25) created and registered.
I0919 01:16:15.581983 1676466 AssetAttributesManager.cpp:117] Asset attributes (cubeSolid : cubeSolid) created and registered.
I0919 01:16:15.581992 1676466 AssetAttributesManager.cpp:117] Asset attributes (cubeWireframe : cubeWireframe) created and registered.
I0919 01:16:15.582023 1676466 AssetAttributesManager.cpp:117] Asset attributes (cylinderSolid : cylinderSolid_rings_1_segments_12_halfLen_1_useTexCoords_false_useTangents_false_capEnds_true) created and registered.
I0919 01:16:15.582049 1676466 AssetAttributesManager.cpp:117] Asset attributes (cylinderWireframe : cylinderWireframe_rings_1_segments_32_halfLen_1) created and registered.
I0919 01:16:15.582065 1676466 AssetAttributesManager.cpp:117] Asset attributes (icosphereSolid : icosphereSolid_subdivs_1) created and registered.
I0919 01:16:15.582077 1676466 AssetAttributesManager.cpp:117] Asset attributes (icosphereWireframe : icosphereWireframe_subdivs_1) created and registered.
I0919 01:16:15.582096 1676466 AssetAttributesManager.cpp:117] Asset attributes (uvSphereSolid : uvSphereSolid_rings_8_segments_16_useTexCoords_false_useTangents_false) created and registered.
I0919 01:16:15.582116 1676466 AssetAttributesManager.cpp:117] Asset attributes (uvSphereWireframe : uvSphereWireframe_rings_16_segments_32) created and registered.
I0919 01:16:15.582125 1676466 AssetAttributesManager.cpp:105] AssetAttributesManager::buildCtorFuncPtrMaps : Built default primitive asset templates : 12
I0919 01:16:15.582788 1676466 SceneDatasetAttributesManager.cpp:23] File (default) not found, so new default dataset attributes created and registered.
I0919 01:16:15.582792 1676466 MetadataMediator.cpp:47] MetadataMediator::createDataset : Dataset default successfully created.
I0919 01:16:15.583053 1676466 AttributesManagerBase.h:283] AttributesManager<T>::createFromJsonOrDefaultInternal  (Physics Manager) : Proposing JSON name : ./data/default.physics_config.json from original name : ./data/default.physics_config.json | This file  does not exist.
I0919 01:16:15.583073 1676466 PhysicsAttributesManager.cpp:27] File (./data/default.physics_config.json) not found, so new default physics manager attributes created and registered.
I0919 01:16:15.583077 1676466 AbstractObjectAttributesManagerBase.h:175] AbstractObjectAttributesManager<T>::createObject  (Stage) : Making attributes with handle : /mnt/data_nas/deeprobotics/daiyang/vla/third_party/ETP-R1/data/scene_datasets/mp3d/82sE5b5pLXE/82sE5b5pLXE.glb
I0919 01:16:15.583083 1676466 ManagedContainerBase.cpp:19] ManagedContainerBase::convertFilenameToJSON : Filename : /mnt/data_nas/deeprobotics/daiyang/vla/third_party/ETP-R1/data/scene_datasets/mp3d/82sE5b5pLXE/82sE5b5pLXE.glb changed to proposed JSON configuration filename : /mnt/data_nas/deeprobotics/daiyang/vla/third_party/ETP-R1/data/scene_datasets/mp3d/82sE5b5pLXE/82sE5b5pLXE.stage_config.json
I0919 01:16:15.583108 1676466 AttributesManagerBase.h:283] AttributesManager<T>::createFromJsonOrDefaultInternal  (Stage) : Proposing JSON name : /mnt/data_nas/deeprobotics/daiyang/vla/third_party/ETP-R1/data/scene_datasets/mp3d/82sE5b5pLXE/82sE5b5pLXE.stage_config.json from original name : /mnt/data_nas/deeprobotics/daiyang/vla/third_party/ETP-R1/data/scene_datasets/mp3d/82sE5b5pLXE/82sE5b5pLXE.glb | This file  does not exist.
I0919 01:16:15.583184 1676466 AbstractObjectAttributesManagerBase.h:181] AbstractObjectAttributesManager<T>::createObject  (Stage) : Done making attributes with handle : /mnt/data_nas/deeprobotics/daiyang/vla/third_party/ETP-R1/data/scene_datasets/mp3d/82sE5b5pLXE/82sE5b5pLXE.glb
I0919 01:16:15.583186 1676466 AbstractObjectAttributesManagerBase.h:188] File (/mnt/data_nas/deeprobotics/daiyang/vla/third_party/ETP-R1/data/scene_datasets/mp3d/82sE5b5pLXE/82sE5b5pLXE.glb) exists but is not a recognized config filename extension, so new default Stage attributes created and registered.
I0919 01:16:15.583194 1676466 Simulator.cpp:156] Loading navmesh from /mnt/data_nas/deeprobotics/daiyang/vla/third_party/ETP-R1/data/scene_datasets/mp3d/82sE5b5pLXE/82sE5b5pLXE.navmesh
I0919 01:16:15.584579 1676466 Simulator.cpp:158] Loaded.
I0919 01:16:15.584592 1676466 SceneGraph.h:93] Created DrawableGroup: 
Renderer: NVIDIA GeForce RTX 5090/PCIe/SSE2 by NVIDIA Corporation
OpenGL version: 4.6.0 NVIDIA 580.126.09
Using optional features:
    GL_ARB_ES2_compatibility
    GL_ARB_direct_state_access
    GL_ARB_get_texture_sub_image
    GL_ARB_invalidate_subdata
    GL_ARB_multi_bind
    GL_ARB_robustness
    GL_ARB_separate_shader_objects
    GL_ARB_texture_filter_anisotropic
    GL_ARB_texture_storage
    GL_ARB_texture_storage_multisample
    GL_ARB_vertex_array_object
    GL_KHR_debug
Using driver workarounds:
    no-forward-compatible-core-context
    nv-egl-incorrect-gl11-function-pointers
    no-layout-qualifiers-on-old-glsl
    nv-zero-context-profile-mask
    nv-implementation-color-read-format-dsa-broken
    nv-cubemap-inconsistent-compressed-image-size
    nv-cubemap-broken-full-compressed-image-query
    nv-compressed-block-size-in-bits
I0919 01:16:15.589355 1676466 ResourceManager.cpp:234] ResourceManager::loadStage : Not loading semantic mesh
I0919 01:16:15.589368 1676466 ResourceManager.cpp:262] ResourceManager::loadStage : start load render asset /mnt/data_nas/deeprobotics/daiyang/vla/third_party/ETP-R1/data/scene_datasets/mp3d/82sE5b5pLXE/82sE5b5pLXE.glb.
I0919 01:16:15.589371 1676466 ResourceManager.cpp:569] ResourceManager::loadStageInternal : Attempting to load stage /mnt/data_nas/deeprobotics/daiyang/vla/third_party/ETP-R1/data/scene_datasets/mp3d/82sE5b5pLXE/82sE5b5pLXE.glb 
I0919 01:16:15.589395 1676466 ResourceManager.cpp:1119] Importing Basis files as BC7 for 82sE5b5pLXE.glb
W0919 01:16:17.622548 1676466 Simulator.cpp:248] :
---
 The active scene does not contain semantic annotations. 
---
I0919 01:16:17.658450 1676466 simulator.py:213] Loaded navmesh /mnt/data_nas/deeprobotics/daiyang/vla/third_party/ETP-R1/data/scene_datasets/mp3d/82sE5b5pLXE/82sE5b5pLXE.navmesh
I0919 01:17:37.038142 1676466 PhysicsManager.cpp:33] Deconstructing PhysicsManager
I0919 01:17:37.038192 1676466 SemanticScene.h:41] Deconstructing SemanticScene
I0919 01:17:37.039958 1676466 SceneManager.h:25] Deconstructing SceneManager
I0919 01:17:37.039968 1676466 SceneGraph.h:26] Deconstructing SceneGraph
I0919 01:17:37.040282 1676466 Sensor.h:87] Deconstructing Sensor
I0919 01:17:37.043759 1676466 Renderer.cpp:34] Deconstructing Renderer
I0919 01:17:37.043780 1676466 WindowlessContext.h:17] Deconstructing WindowlessContext
I0919 01:17:37.049855 1676466 ManagedContainerBase.cpp:19] ManagedContainerBase::convertFilenameToJSON : Filename : default changed to proposed JSON configuration filename : default.scene_dataset_config.json
I0919 01:17:37.049871 1676466 AttributesManagerBase.h:283] AttributesManager<T>::createFromJsonOrDefaultInternal  (Dataset) : Proposing JSON name : default.scene_dataset_config.json from original name : default | This file  does not exist.
I0919 01:17:37.050261 1676466 AssetAttributesManager.cpp:117] Asset attributes (capsule3DSolid : capsule3DSolid_hemiRings_4_cylRings_1_segments_12_halfLen_0.75_useTexCoords_false_useTangents_false) created and registered.
I0919 01:17:37.050293 1676466 AssetAttributesManager.cpp:117] Asset attributes (capsule3DWireframe : capsule3DWireframe_hemiRings_8_cylRings_1_segments_16_halfLen_1) created and registered.
I0919 01:17:37.050318 1676466 AssetAttributesManager.cpp:117] Asset attributes (coneSolid : coneSolid_segments_12_halfLen_1.25_rings_1_useTexCoords_false_useTangents_false_capEnd_true) created and registered.
I0919 01:17:37.050331 1676466 AssetAttributesManager.cpp:117] Asset attributes (coneWireframe : coneWireframe_segments_32_halfLen_1.25) created and registered.
I0919 01:17:37.050339 1676466 AssetAttributesManager.cpp:117] Asset attributes (cubeSolid : cubeSolid) created and registered.
I0919 01:17:37.050346 1676466 AssetAttributesManager.cpp:117] Asset attributes (cubeWireframe : cubeWireframe) created and registered.
I0919 01:17:37.050365 1676466 AssetAttributesManager.cpp:117] Asset attributes (cylinderSolid : cylinderSolid_rings_1_segments_12_halfLen_1_useTexCoords_false_useTangents_false_capEnds_true) created and registered.
I0919 01:17:37.050382 1676466 AssetAttributesManager.cpp:117] Asset attributes (cylinderWireframe : cylinderWireframe_rings_1_segments_32_halfLen_1) created and registered.
I0919 01:17:37.050393 1676466 AssetAttributesManager.cpp:117] Asset attributes (icosphereSolid : icosphereSolid_subdivs_1) created and registered.
I0919 01:17:37.050402 1676466 AssetAttributesManager.cpp:117] Asset attributes (icosphereWireframe : icosphereWireframe_subdivs_1) created and registered.
I0919 01:17:37.050415 1676466 AssetAttributesManager.cpp:117] Asset attributes (uvSphereSolid : uvSphereSolid_rings_8_segments_16_useTexCoords_false_useTangents_false) created and registered.
I0919 01:17:37.050429 1676466 AssetAttributesManager.cpp:117] Asset attributes (uvSphereWireframe : uvSphereWireframe_rings_16_segments_32) created and registered.
I0919 01:17:37.050436 1676466 AssetAttributesManager.cpp:105] AssetAttributesManager::buildCtorFuncPtrMaps : Built default primitive asset templates : 12
I0919 01:17:37.050843 1676466 SceneDatasetAttributesManager.cpp:23] File (default) not found, so new default dataset attributes created and registered.
I0919 01:17:37.050845 1676466 MetadataMediator.cpp:47] MetadataMediator::createDataset : Dataset default successfully created.
I0919 01:17:37.051039 1676466 AttributesManagerBase.h:283] AttributesManager<T>::createFromJsonOrDefaultInternal  (Physics Manager) : Proposing JSON name : ./data/default.physics_config.json from original name : ./data/default.physics_config.json | This file  does not exist.
I0919 01:17:37.051052 1676466 PhysicsAttributesManager.cpp:27] File (./data/default.physics_config.json) not found, so new default physics manager attributes created and registered.
I0919 01:17:37.051055 1676466 AbstractObjectAttributesManagerBase.h:175] AbstractObjectAttributesManager<T>::createObject  (Stage) : Making attributes with handle : /mnt/data_nas/deeprobotics/daiyang/vla/third_party/ETP-R1/data/scene_datasets/mp3d/B6ByNegPMKs/B6ByNegPMKs.glb
I0919 01:17:37.051059 1676466 ManagedContainerBase.cpp:19] ManagedContainerBase::convertFilenameToJSON : Filename : /mnt/data_nas/deeprobotics/daiyang/vla/third_party/ETP-R1/data/scene_datasets/mp3d/B6ByNegPMKs/B6ByNegPMKs.glb changed to proposed JSON configuration filename : /mnt/data_nas/deeprobotics/daiyang/vla/third_party/ETP-R1/data/scene_datasets/mp3d/B6ByNegPMKs/B6ByNegPMKs.stage_config.json
I0919 01:17:37.051071 1676466 AttributesManagerBase.h:283] AttributesManager<T>::createFromJsonOrDefaultInternal  (Stage) : Proposing JSON name : /mnt/data_nas/deeprobotics/daiyang/vla/third_party/ETP-R1/data/scene_datasets/mp3d/B6ByNegPMKs/B6ByNegPMKs.stage_config.json from original name : /mnt/data_nas/deeprobotics/daiyang/vla/third_party/ETP-R1/data/scene_datasets/mp3d/B6ByNegPMKs/B6ByNegPMKs.glb | This file  does not exist.
I0919 01:17:37.051122 1676466 AbstractObjectAttributesManagerBase.h:181] AbstractObjectAttributesManager<T>::createObject  (Stage) : Done making attributes with handle : /mnt/data_nas/deeprobotics/daiyang/vla/third_party/ETP-R1/data/scene_datasets/mp3d/B6ByNegPMKs/B6ByNegPMKs.glb
I0919 01:17:37.051124 1676466 AbstractObjectAttributesManagerBase.h:188] File (/mnt/data_nas/deeprobotics/daiyang/vla/third_party/ETP-R1/data/scene_datasets/mp3d/B6ByNegPMKs/B6ByNegPMKs.glb) exists but is not a recognized config filename extension, so new default Stage attributes created and registered.
I0919 01:17:37.051129 1676466 Simulator.cpp:156] Loading navmesh from /mnt/data_nas/deeprobotics/daiyang/vla/third_party/ETP-R1/data/scene_datasets/mp3d/B6ByNegPMKs/B6ByNegPMKs.navmesh
I0919 01:17:37.052670 1676466 Simulator.cpp:158] Loaded.
I0919 01:17:37.052680 1676466 SceneGraph.h:93] Created DrawableGroup: 
Renderer: NVIDIA GeForce RTX 5090/PCIe/SSE2 by NVIDIA Corporation
OpenGL version: 4.6.0 NVIDIA 580.126.09
Using optional features:
    GL_ARB_ES2_compatibility
    GL_ARB_direct_state_access
    GL_ARB_get_texture_sub_image
    GL_ARB_invalidate_subdata
    GL_ARB_multi_bind
    GL_ARB_robustness
    GL_ARB_separate_shader_objects
    GL_ARB_texture_filter_anisotropic
    GL_ARB_texture_storage
    GL_ARB_texture_storage_multisample
    GL_ARB_vertex_array_object
    GL_KHR_debug
Using driver workarounds:
    no-forward-compatible-core-context
    nv-egl-incorrect-gl11-function-pointers
    no-layout-qualifiers-on-old-glsl
    nv-zero-context-profile-mask
    nv-implementation-color-read-format-dsa-broken
    nv-cubemap-inconsistent-compressed-image-size
    nv-cubemap-broken-full-compressed-image-query
    nv-compressed-block-size-in-bits
I0919 01:17:37.056282 1676466 ResourceManager.cpp:234] ResourceManager::loadStage : Not loading semantic mesh
I0919 01:17:37.056291 1676466 ResourceManager.cpp:262] ResourceManager::loadStage : start load render asset /mnt/data_nas/deeprobotics/daiyang/vla/third_party/ETP-R1/data/scene_datasets/mp3d/B6ByNegPMKs/B6ByNegPMKs.glb.
I0919 01:17:37.056293 1676466 ResourceManager.cpp:569] ResourceManager::loadStageInternal : Attempting to load stage /mnt/data_nas/deeprobotics/daiyang/vla/third_party/ETP-R1/data/scene_datasets/mp3d/B6ByNegPMKs/B6ByNegPMKs.glb 
I0919 01:17:37.056308 1676466 ResourceManager.cpp:1119] Importing Basis files as BC7 for B6ByNegPMKs.glb
W0919 01:17:46.815040 1676466 Simulator.cpp:248] :
---
 The active scene does not contain semantic annotations. 
---
I0919 01:17:47.019550 1676466 simulator.py:213] Loaded navmesh /mnt/data_nas/deeprobotics/daiyang/vla/third_party/ETP-R1/data/scene_datasets/mp3d/B6ByNegPMKs/B6ByNegPMKs.navmesh
I0919 01:18:31.245678 1676466 PhysicsManager.cpp:33] Deconstructing PhysicsManager
I0919 01:18:31.245721 1676466 SemanticScene.h:41] Deconstructing SemanticScene
I0919 01:18:31.261083 1676466 SceneManager.h:25] Deconstructing SceneManager
I0919 01:18:31.261098 1676466 SceneGraph.h:26] Deconstructing SceneGraph
I0919 01:18:31.261590 1676466 Sensor.h:87] Deconstructing Sensor
I0919 01:18:31.274420 1676466 Renderer.cpp:34] Deconstructing Renderer
I0919 01:18:31.274448 1676466 WindowlessContext.h:17] Deconstructing WindowlessContext
I0919 01:18:31.294484 1676466 ManagedContainerBase.cpp:19] ManagedContainerBase::convertFilenameToJSON : Filename : default changed to proposed JSON configuration filename : default.scene_dataset_config.json
I0919 01:18:31.294507 1676466 AttributesManagerBase.h:283] AttributesManager<T>::createFromJsonOrDefaultInternal  (Dataset) : Proposing JSON name : default.scene_dataset_config.json from original name : default | This file  does not exist.
I0919 01:18:31.294698 1676466 AssetAttributesManager.cpp:117] Asset attributes (capsule3DSolid : capsule3DSolid_hemiRings_4_cylRings_1_segments_12_halfLen_0.75_useTexCoords_false_useTangents_false) created and registered.
I0919 01:18:31.294735 1676466 AssetAttributesManager.cpp:117] Asset attributes (capsule3DWireframe : capsule3DWireframe_hemiRings_8_cylRings_1_segments_16_halfLen_1) created and registered.
I0919 01:18:31.294759 1676466 AssetAttributesManager.cpp:117] Asset attributes (coneSolid : coneSolid_segments_12_halfLen_1.25_rings_1_useTexCoords_false_useTangents_false_capEnd_true) created and registered.
I0919 01:18:31.294775 1676466 AssetAttributesManager.cpp:117] Asset attributes (coneWireframe : coneWireframe_segments_32_halfLen_1.25) created and registered.
I0919 01:18:31.294785 1676466 AssetAttributesManager.cpp:117] Asset attributes (cubeSolid : cubeSolid) created and registered.
I0919 01:18:31.294791 1676466 AssetAttributesManager.cpp:117] Asset attributes (cubeWireframe : cubeWireframe) created and registered.
I0919 01:18:31.294811 1676466 AssetAttributesManager.cpp:117] Asset attributes (cylinderSolid : cylinderSolid_rings_1_segments_12_halfLen_1_useTexCoords_false_useTangents_false_capEnds_true) created and registered.
I0919 01:18:31.294827 1676466 AssetAttributesManager.cpp:117] Asset attributes (cylinderWireframe : cylinderWireframe_rings_1_segments_32_halfLen_1) created and registered.
I0919 01:18:31.294839 1676466 AssetAttributesManager.cpp:117] Asset attributes (icosphereSolid : icosphereSolid_subdivs_1) created and registered.
I0919 01:18:31.294848 1676466 AssetAttributesManager.cpp:117] Asset attributes (icosphereWireframe : icosphereWireframe_subdivs_1) created and registered.
I0919 01:18:31.294862 1676466 AssetAttributesManager.cpp:117] Asset attributes (uvSphereSolid : uvSphereSolid_rings_8_segments_16_useTexCoords_false_useTangents_false) created and registered.
I0919 01:18:31.294875 1676466 AssetAttributesManager.cpp:117] Asset attributes (uvSphereWireframe : uvSphereWireframe_rings_16_segments_32) created and registered.
I0919 01:18:31.294881 1676466 AssetAttributesManager.cpp:105] AssetAttributesManager::buildCtorFuncPtrMaps : Built default primitive asset templates : 12
I0919 01:18:31.295300 1676466 SceneDatasetAttributesManager.cpp:23] File (default) not found, so new default dataset attributes created and registered.
I0919 01:18:31.295301 1676466 MetadataMediator.cpp:47] MetadataMediator::createDataset : Dataset default successfully created.
I0919 01:18:31.295512 1676466 AttributesManagerBase.h:283] AttributesManager<T>::createFromJsonOrDefaultInternal  (Physics Manager) : Proposing JSON name : ./data/default.physics_config.json from original name : ./data/default.physics_config.json | This file  does not exist.
I0919 01:18:31.295526 1676466 PhysicsAttributesManager.cpp:27] File (./data/default.physics_config.json) not found, so new default physics manager attributes created and registered.
I0919 01:18:31.295531 1676466 AbstractObjectAttributesManagerBase.h:175] AbstractObjectAttributesManager<T>::createObject  (Stage) : Making attributes with handle : /mnt/data_nas/deeprobotics/daiyang/vla/third_party/ETP-R1/data/scene_datasets/mp3d/PuKPg4mmafe/PuKPg4mmafe.glb
I0919 01:18:31.295534 1676466 ManagedContainerBase.cpp:19] ManagedContainerBase::convertFilenameToJSON : Filename : /mnt/data_nas/deeprobotics/daiyang/vla/third_party/ETP-R1/data/scene_datasets/mp3d/PuKPg4mmafe/PuKPg4mmafe.glb changed to proposed JSON configuration filename : /mnt/data_nas/deeprobotics/daiyang/vla/third_party/ETP-R1/data/scene_datasets/mp3d/PuKPg4mmafe/PuKPg4mmafe.stage_config.json
I0919 01:18:31.295545 1676466 AttributesManagerBase.h:283] AttributesManager<T>::createFromJsonOrDefaultInternal  (Stage) : Proposing JSON name : /mnt/data_nas/deeprobotics/daiyang/vla/third_party/ETP-R1/data/scene_datasets/mp3d/PuKPg4mmafe/PuKPg4mmafe.stage_config.json from original name : /mnt/data_nas/deeprobotics/daiyang/vla/third_party/ETP-R1/data/scene_datasets/mp3d/PuKPg4mmafe/PuKPg4mmafe.glb | This file  does not exist.
I0919 01:18:31.295596 1676466 AbstractObjectAttributesManagerBase.h:181] AbstractObjectAttributesManager<T>::createObject  (Stage) : Done making attributes with handle : /mnt/data_nas/deeprobotics/daiyang/vla/third_party/ETP-R1/data/scene_datasets/mp3d/PuKPg4mmafe/PuKPg4mmafe.glb
I0919 01:18:31.295600 1676466 AbstractObjectAttributesManagerBase.h:188] File (/mnt/data_nas/deeprobotics/daiyang/vla/third_party/ETP-R1/data/scene_datasets/mp3d/PuKPg4mmafe/PuKPg4mmafe.glb) exists but is not a recognized config filename extension, so new default Stage attributes created and registered.
I0919 01:18:31.295605 1676466 Simulator.cpp:156] Loading navmesh from /mnt/data_nas/deeprobotics/daiyang/vla/third_party/ETP-R1/data/scene_datasets/mp3d/PuKPg4mmafe/PuKPg4mmafe.navmesh
I0919 01:18:31.296682 1676466 Simulator.cpp:158] Loaded.
I0919 01:18:31.296694 1676466 SceneGraph.h:93] Created DrawableGroup: 
Renderer: NVIDIA GeForce RTX 5090/PCIe/SSE2 by NVIDIA Corporation
OpenGL version: 4.6.0 NVIDIA 580.126.09
Using optional features:
    GL_ARB_ES2_compatibility
    GL_ARB_direct_state_access
    GL_ARB_get_texture_sub_image
    GL_ARB_invalidate_subdata
    GL_ARB_multi_bind
    GL_ARB_robustness
    GL_ARB_separate_shader_objects
    GL_ARB_texture_filter_anisotropic
    GL_ARB_texture_storage
    GL_ARB_texture_storage_multisample
    GL_ARB_vertex_array_object
    GL_KHR_debug
Using driver workarounds:
    no-forward-compatible-core-context
    nv-egl-incorrect-gl11-function-pointers
    no-layout-qualifiers-on-old-glsl
    nv-zero-context-profile-mask
    nv-implementation-color-read-format-dsa-broken
    nv-cubemap-inconsistent-compressed-image-size
    nv-cubemap-broken-full-compressed-image-query
    nv-compressed-block-size-in-bits
I0919 01:18:31.300467 1676466 ResourceManager.cpp:234] ResourceManager::loadStage : Not loading semantic mesh
I0919 01:18:31.300477 1676466 ResourceManager.cpp:262] ResourceManager::loadStage : start load render asset /mnt/data_nas/deeprobotics/daiyang/vla/third_party/ETP-R1/data/scene_datasets/mp3d/PuKPg4mmafe/PuKPg4mmafe.glb.
I0919 01:18:31.300478 1676466 ResourceManager.cpp:569] ResourceManager::loadStageInternal : Attempting to load stage /mnt/data_nas/deeprobotics/daiyang/vla/third_party/ETP-R1/data/scene_datasets/mp3d/PuKPg4mmafe/PuKPg4mmafe.glb 
I0919 01:18:31.300495 1676466 ResourceManager.cpp:1119] Importing Basis files as BC7 for PuKPg4mmafe.glb
W0919 01:18:35.972232 1676466 Simulator.cpp:248] :
---
 The active scene does not contain semantic annotations. 
---
I0919 01:18:35.992873 1676466 simulator.py:213] Loaded navmesh /mnt/data_nas/deeprobotics/daiyang/vla/third_party/ETP-R1/data/scene_datasets/mp3d/PuKPg4mmafe/PuKPg4mmafe.navmesh
I0919 01:21:08.717428 1676466 PhysicsManager.cpp:33] Deconstructing PhysicsManager
I0919 01:21:08.717480 1676466 SemanticScene.h:41] Deconstructing SemanticScene
I0919 01:21:08.718474 1676466 SceneManager.h:25] Deconstructing SceneManager
I0919 01:21:08.718479 1676466 SceneGraph.h:26] Deconstructing SceneGraph
I0919 01:21:08.718771 1676466 Sensor.h:87] Deconstructing Sensor
I0919 01:21:08.724153 1676466 Renderer.cpp:34] Deconstructing Renderer
I0919 01:21:08.724184 1676466 WindowlessContext.h:17] Deconstructing WindowlessContext
I0919 01:21:08.745038 1676466 ManagedContainerBase.cpp:19] ManagedContainerBase::convertFilenameToJSON : Filename : default changed to proposed JSON configuration filename : default.scene_dataset_config.json
I0919 01:21:08.745057 1676466 AttributesManagerBase.h:283] AttributesManager<T>::createFromJsonOrDefaultInternal  (Dataset) : Proposing JSON name : default.scene_dataset_config.json from original name : default | This file  does not exist.
I0919 01:21:08.745421 1676466 AssetAttributesManager.cpp:117] Asset attributes (capsule3DSolid : capsule3DSolid_hemiRings_4_cylRings_1_segments_12_halfLen_0.75_useTexCoords_false_useTangents_false) created and registered.
I0919 01:21:08.745450 1676466 AssetAttributesManager.cpp:117] Asset attributes (capsule3DWireframe : capsule3DWireframe_hemiRings_8_cylRings_1_segments_16_halfLen_1) created and registered.
I0919 01:21:08.745472 1676466 AssetAttributesManager.cpp:117] Asset attributes (coneSolid : coneSolid_segments_12_halfLen_1.25_rings_1_useTexCoords_false_useTangents_false_capEnd_true) created and registered.
I0919 01:21:08.745492 1676466 AssetAttributesManager.cpp:117] Asset attributes (coneWireframe : coneWireframe_segments_32_halfLen_1.25) created and registered.
I0919 01:21:08.745500 1676466 AssetAttributesManager.cpp:117] Asset attributes (cubeSolid : cubeSolid) created and registered.
I0919 01:21:08.745507 1676466 AssetAttributesManager.cpp:117] Asset attributes (cubeWireframe : cubeWireframe) created and registered.
I0919 01:21:08.745527 1676466 AssetAttributesManager.cpp:117] Asset attributes (cylinderSolid : cylinderSolid_rings_1_segments_12_halfLen_1_useTexCoords_false_useTangents_false_capEnds_true) created and registered.
I0919 01:21:08.745543 1676466 AssetAttributesManager.cpp:117] Asset attributes (cylinderWireframe : cylinderWireframe_rings_1_segments_32_halfLen_1) created and registered.
I0919 01:21:08.745554 1676466 AssetAttributesManager.cpp:117] Asset attributes (icosphereSolid : icosphereSolid_subdivs_1) created and registered.
I0919 01:21:08.745563 1676466 AssetAttributesManager.cpp:117] Asset attributes (icosphereWireframe : icosphereWireframe_subdivs_1) created and registered.
I0919 01:21:08.745576 1676466 AssetAttributesManager.cpp:117] Asset attributes (uvSphereSolid : uvSphereSolid_rings_8_segments_16_useTexCoords_false_useTangents_false) created and registered.
I0919 01:21:08.745589 1676466 AssetAttributesManager.cpp:117] Asset attributes (uvSphereWireframe : uvSphereWireframe_rings_16_segments_32) created and registered.
I0919 01:21:08.745596 1676466 AssetAttributesManager.cpp:105] AssetAttributesManager::buildCtorFuncPtrMaps : Built default primitive asset templates : 12
I0919 01:21:08.746003 1676466 SceneDatasetAttributesManager.cpp:23] File (default) not found, so new default dataset attributes created and registered.
I0919 01:21:08.746006 1676466 MetadataMediator.cpp:47] MetadataMediator::createDataset : Dataset default successfully created.
I0919 01:21:08.747802 1676466 AttributesManagerBase.h:283] AttributesManager<T>::createFromJsonOrDefaultInternal  (Physics Manager) : Proposing JSON name : ./data/default.physics_config.json from original name : ./data/default.physics_config.json | This file  does not exist.
I0919 01:21:08.747815 1676466 PhysicsAttributesManager.cpp:27] File (./data/default.physics_config.json) not found, so new default physics manager attributes created and registered.
I0919 01:21:08.747819 1676466 AbstractObjectAttributesManagerBase.h:175] AbstractObjectAttributesManager<T>::createObject  (Stage) : Making attributes with handle : /mnt/data_nas/deeprobotics/daiyang/vla/third_party/ETP-R1/data/scene_datasets/mp3d/aayBHfsNo7d/aayBHfsNo7d.glb
I0919 01:21:08.747823 1676466 ManagedContainerBase.cpp:19] ManagedContainerBase::convertFilenameToJSON : Filename : /mnt/data_nas/deeprobotics/daiyang/vla/third_party/ETP-R1/data/scene_datasets/mp3d/aayBHfsNo7d/aayBHfsNo7d.glb changed to proposed JSON configuration filename : /mnt/data_nas/deeprobotics/daiyang/vla/third_party/ETP-R1/data/scene_datasets/mp3d/aayBHfsNo7d/aayBHfsNo7d.stage_config.json
I0919 01:21:08.752225 1676466 AttributesManagerBase.h:283] AttributesManager<T>::createFromJsonOrDefaultInternal  (Stage) : Proposing JSON name : /mnt/data_nas/deeprobotics/daiyang/vla/third_party/ETP-R1/data/scene_datasets/mp3d/aayBHfsNo7d/aayBHfsNo7d.stage_config.json from original name : /mnt/data_nas/deeprobotics/daiyang/vla/third_party/ETP-R1/data/scene_datasets/mp3d/aayBHfsNo7d/aayBHfsNo7d.glb | This file  does not exist.
I0919 01:21:08.752278 1676466 AbstractObjectAttributesManagerBase.h:181] AbstractObjectAttributesManager<T>::createObject  (Stage) : Done making attributes with handle : /mnt/data_nas/deeprobotics/daiyang/vla/third_party/ETP-R1/data/scene_datasets/mp3d/aayBHfsNo7d/aayBHfsNo7d.glb
I0919 01:21:08.752280 1676466 AbstractObjectAttributesManagerBase.h:188] File (/mnt/data_nas/deeprobotics/daiyang/vla/third_party/ETP-R1/data/scene_datasets/mp3d/aayBHfsNo7d/aayBHfsNo7d.glb) exists but is not a recognized config filename extension, so new default Stage attributes created and registered.
I0919 01:21:08.752285 1676466 Simulator.cpp:156] Loading navmesh from /mnt/data_nas/deeprobotics/daiyang/vla/third_party/ETP-R1/data/scene_datasets/mp3d/aayBHfsNo7d/aayBHfsNo7d.navmesh
I0919 01:21:08.753738 1676466 Simulator.cpp:158] Loaded.
I0919 01:21:08.753747 1676466 SceneGraph.h:93] Created DrawableGroup: 
Renderer: NVIDIA GeForce RTX 5090/PCIe/SSE2 by NVIDIA Corporation
OpenGL version: 4.6.0 NVIDIA 580.126.09
Using optional features:
    GL_ARB_ES2_compatibility
    GL_ARB_direct_state_access
    GL_ARB_get_texture_sub_image
    GL_ARB_invalidate_subdata
    GL_ARB_multi_bind
    GL_ARB_robustness
    GL_ARB_separate_shader_objects
    GL_ARB_texture_filter_anisotropic
    GL_ARB_texture_storage
    GL_ARB_texture_storage_multisample
    GL_ARB_vertex_array_object
    GL_KHR_debug
Using driver workarounds:
    no-forward-compatible-core-context
    nv-egl-incorrect-gl11-function-pointers
    no-layout-qualifiers-on-old-glsl
    nv-zero-context-profile-mask
    nv-implementation-color-read-format-dsa-broken
    nv-cubemap-inconsistent-compressed-image-size
    nv-cubemap-broken-full-compressed-image-query
    nv-compressed-block-size-in-bits
I0919 01:21:08.758219 1676466 ResourceManager.cpp:234] ResourceManager::loadStage : Not loading semantic mesh
I0919 01:21:08.758229 1676466 ResourceManager.cpp:262] ResourceManager::loadStage : start load render asset /mnt/data_nas/deeprobotics/daiyang/vla/third_party/ETP-R1/data/scene_datasets/mp3d/aayBHfsNo7d/aayBHfsNo7d.glb.
I0919 01:21:08.758231 1676466 ResourceManager.cpp:569] ResourceManager::loadStageInternal : Attempting to load stage /mnt/data_nas/deeprobotics/daiyang/vla/third_party/ETP-R1/data/scene_datasets/mp3d/aayBHfsNo7d/aayBHfsNo7d.glb 
I0919 01:21:08.758248 1676466 ResourceManager.cpp:1119] Importing Basis files as BC7 for aayBHfsNo7d.glb
W0919 01:21:10.311695 1676466 Simulator.cpp:248] :
---
 The active scene does not contain semantic annotations. 
---
I0919 01:21:10.354101 1676466 simulator.py:213] Loaded navmesh /mnt/data_nas/deeprobotics/daiyang/vla/third_party/ETP-R1/data/scene_datasets/mp3d/aayBHfsNo7d/aayBHfsNo7d.navmesh
I0919 01:21:50.971855 1676466 PhysicsManager.cpp:33] Deconstructing PhysicsManager
I0919 01:21:50.971901 1676466 SemanticScene.h:41] Deconstructing SemanticScene
I0919 01:21:50.974483 1676466 SceneManager.h:25] Deconstructing SceneManager
I0919 01:21:50.974491 1676466 SceneGraph.h:26] Deconstructing SceneGraph
I0919 01:21:50.975049 1676466 Sensor.h:87] Deconstructing Sensor
I0919 01:21:50.977293 1676466 Renderer.cpp:34] Deconstructing Renderer
I0919 01:21:50.977315 1676466 WindowlessContext.h:17] Deconstructing WindowlessContext
I0919 01:21:50.983183 1676466 ManagedContainerBase.cpp:19] ManagedContainerBase::convertFilenameToJSON : Filename : default changed to proposed JSON configuration filename : default.scene_dataset_config.json
I0919 01:21:50.983199 1676466 AttributesManagerBase.h:283] AttributesManager<T>::createFromJsonOrDefaultInternal  (Dataset) : Proposing JSON name : default.scene_dataset_config.json from original name : default | This file  does not exist.
I0919 01:21:50.983338 1676466 AssetAttributesManager.cpp:117] Asset attributes (capsule3DSolid : capsule3DSolid_hemiRings_4_cylRings_1_segments_12_halfLen_0.75_useTexCoords_false_useTangents_false) created and registered.
I0919 01:21:50.983366 1676466 AssetAttributesManager.cpp:117] Asset attributes (capsule3DWireframe : capsule3DWireframe_hemiRings_8_cylRings_1_segments_16_halfLen_1) created and registered.
I0919 01:21:50.983389 1676466 AssetAttributesManager.cpp:117] Asset attributes (coneSolid : coneSolid_segments_12_halfLen_1.25_rings_1_useTexCoords_false_useTangents_false_capEnd_true) created and registered.
I0919 01:21:50.983404 1676466 AssetAttributesManager.cpp:117] Asset attributes (coneWireframe : coneWireframe_segments_32_halfLen_1.25) created and registered.
I0919 01:21:50.983587 1676466 AssetAttributesManager.cpp:117] Asset attributes (cubeSolid : cubeSolid) created and registered.
I0919 01:21:50.983592 1676466 AssetAttributesManager.cpp:117] Asset attributes (cubeWireframe : cubeWireframe) created and registered.
I0919 01:21:50.983619 1676466 AssetAttributesManager.cpp:117] Asset attributes (cylinderSolid : cylinderSolid_rings_1_segments_12_halfLen_1_useTexCoords_false_useTangents_false_capEnds_true) created and registered.
I0919 01:21:50.983636 1676466 AssetAttributesManager.cpp:117] Asset attributes (cylinderWireframe : cylinderWireframe_rings_1_segments_32_halfLen_1) created and registered.
I0919 01:21:50.983647 1676466 AssetAttributesManager.cpp:117] Asset attributes (icosphereSolid : icosphereSolid_subdivs_1) created and registered.
I0919 01:21:50.983655 1676466 AssetAttributesManager.cpp:117] Asset attributes (icosphereWireframe : icosphereWireframe_subdivs_1) created and registered.
I0919 01:21:50.983669 1676466 AssetAttributesManager.cpp:117] Asset attributes (uvSphereSolid : uvSphereSolid_rings_8_segments_16_useTexCoords_false_useTangents_false) created and registered.
I0919 01:21:50.983681 1676466 AssetAttributesManager.cpp:117] Asset attributes (uvSphereWireframe : uvSphereWireframe_rings_16_segments_32) created and registered.
I0919 01:21:50.983688 1676466 AssetAttributesManager.cpp:105] AssetAttributesManager::buildCtorFuncPtrMaps : Built default primitive asset templates : 12
I0919 01:21:50.984086 1676466 SceneDatasetAttributesManager.cpp:23] File (default) not found, so new default dataset attributes created and registered.
I0919 01:21:50.984087 1676466 MetadataMediator.cpp:47] MetadataMediator::createDataset : Dataset default successfully created.
I0919 01:21:50.984275 1676466 AttributesManagerBase.h:283] AttributesManager<T>::createFromJsonOrDefaultInternal  (Physics Manager) : Proposing JSON name : ./data/default.physics_config.json from original name : ./data/default.physics_config.json | This file  does not exist.
I0919 01:21:50.984288 1676466 PhysicsAttributesManager.cpp:27] File (./data/default.physics_config.json) not found, so new default physics manager attributes created and registered.
I0919 01:21:50.984292 1676466 AbstractObjectAttributesManagerBase.h:175] AbstractObjectAttributesManager<T>::createObject  (Stage) : Making attributes with handle : /mnt/data_nas/deeprobotics/daiyang/vla/third_party/ETP-R1/data/scene_datasets/mp3d/82sE5b5pLXE/82sE5b5pLXE.glb
I0919 01:21:50.984295 1676466 ManagedContainerBase.cpp:19] ManagedContainerBase::convertFilenameToJSON : Filename : /mnt/data_nas/deeprobotics/daiyang/vla/third_party/ETP-R1/data/scene_datasets/mp3d/82sE5b5pLXE/82sE5b5pLXE.glb changed to proposed JSON configuration filename : /mnt/data_nas/deeprobotics/daiyang/vla/third_party/ETP-R1/data/scene_datasets/mp3d/82sE5b5pLXE/82sE5b5pLXE.stage_config.json
I0919 01:21:50.984308 1676466 AttributesManagerBase.h:283] AttributesManager<T>::createFromJsonOrDefaultInternal  (Stage) : Proposing JSON name : /mnt/data_nas/deeprobotics/daiyang/vla/third_party/ETP-R1/data/scene_datasets/mp3d/82sE5b5pLXE/82sE5b5pLXE.stage_config.json from original name : /mnt/data_nas/deeprobotics/daiyang/vla/third_party/ETP-R1/data/scene_datasets/mp3d/82sE5b5pLXE/82sE5b5pLXE.glb | This file  does not exist.
I0919 01:21:50.984354 1676466 AbstractObjectAttributesManagerBase.h:181] AbstractObjectAttributesManager<T>::createObject  (Stage) : Done making attributes with handle : /mnt/data_nas/deeprobotics/daiyang/vla/third_party/ETP-R1/data/scene_datasets/mp3d/82sE5b5pLXE/82sE5b5pLXE.glb
I0919 01:21:50.984356 1676466 AbstractObjectAttributesManagerBase.h:188] File (/mnt/data_nas/deeprobotics/daiyang/vla/third_party/ETP-R1/data/scene_datasets/mp3d/82sE5b5pLXE/82sE5b5pLXE.glb) exists but is not a recognized config filename extension, so new default Stage attributes created and registered.
I0919 01:21:50.984361 1676466 Simulator.cpp:156] Loading navmesh from /mnt/data_nas/deeprobotics/daiyang/vla/third_party/ETP-R1/data/scene_datasets/mp3d/82sE5b5pLXE/82sE5b5pLXE.navmesh
I0919 01:21:50.985445 1676466 Simulator.cpp:158] Loaded.
I0919 01:21:50.985452 1676466 SceneGraph.h:93] Created DrawableGroup: 
Renderer: NVIDIA GeForce RTX 5090/PCIe/SSE2 by NVIDIA Corporation
OpenGL version: 4.6.0 NVIDIA 580.126.09
Using optional features:
    GL_ARB_ES2_compatibility
    GL_ARB_direct_state_access
    GL_ARB_get_texture_sub_image
    GL_ARB_invalidate_subdata
    GL_ARB_multi_bind
    GL_ARB_robustness
    GL_ARB_separate_shader_objects
    GL_ARB_texture_filter_anisotropic
    GL_ARB_texture_storage
    GL_ARB_texture_storage_multisample
    GL_ARB_vertex_array_object
    GL_KHR_debug
Using driver workarounds:
    no-forward-compatible-core-context
    nv-egl-incorrect-gl11-function-pointers
    no-layout-qualifiers-on-old-glsl
    nv-zero-context-profile-mask
    nv-implementation-color-read-format-dsa-broken
    nv-cubemap-inconsistent-compressed-image-size
    nv-cubemap-broken-full-compressed-image-query
    nv-compressed-block-size-in-bits
I0919 01:21:50.989037 1676466 ResourceManager.cpp:234] ResourceManager::loadStage : Not loading semantic mesh
I0919 01:21:50.989045 1676466 ResourceManager.cpp:262] ResourceManager::loadStage : start load render asset /mnt/data_nas/deeprobotics/daiyang/vla/third_party/ETP-R1/data/scene_datasets/mp3d/82sE5b5pLXE/82sE5b5pLXE.glb.
I0919 01:21:50.989048 1676466 ResourceManager.cpp:569] ResourceManager::loadStageInternal : Attempting to load stage /mnt/data_nas/deeprobotics/daiyang/vla/third_party/ETP-R1/data/scene_datasets/mp3d/82sE5b5pLXE/82sE5b5pLXE.glb 
I0919 01:21:50.989063 1676466 ResourceManager.cpp:1119] Importing Basis files as BC7 for 82sE5b5pLXE.glb
W0919 01:21:53.124512 1676466 Simulator.cpp:248] :
---
 The active scene does not contain semantic annotations. 
---
I0919 01:21:53.160758 1676466 simulator.py:213] Loaded navmesh /mnt/data_nas/deeprobotics/daiyang/vla/third_party/ETP-R1/data/scene_datasets/mp3d/82sE5b5pLXE/82sE5b5pLXE.navmesh
I0919 01:24:10.914827 1676466 PhysicsManager.cpp:33] Deconstructing PhysicsManager
I0919 01:24:10.914877 1676466 SemanticScene.h:41] Deconstructing SemanticScene
I0919 01:24:10.916595 1676466 SceneManager.h:25] Deconstructing SceneManager
I0919 01:24:10.916602 1676466 SceneGraph.h:26] Deconstructing SceneGraph
I0919 01:24:10.916826 1676466 Sensor.h:87] Deconstructing Sensor
I0919 01:24:10.920363 1676466 Renderer.cpp:34] Deconstructing Renderer
I0919 01:24:10.920384 1676466 WindowlessContext.h:17] Deconstructing WindowlessContext
I0919 01:24:10.925203 1676466 ManagedContainerBase.cpp:19] ManagedContainerBase::convertFilenameToJSON : Filename : default changed to proposed JSON configuration filename : default.scene_dataset_config.json
I0919 01:24:10.925218 1676466 AttributesManagerBase.h:283] AttributesManager<T>::createFromJsonOrDefaultInternal  (Dataset) : Proposing JSON name : default.scene_dataset_config.json from original name : default | This file  does not exist.
I0919 01:24:10.925532 1676466 AssetAttributesManager.cpp:117] Asset attributes (capsule3DSolid : capsule3DSolid_hemiRings_4_cylRings_1_segments_12_halfLen_0.75_useTexCoords_false_useTangents_false) created and registered.
I0919 01:24:10.925560 1676466 AssetAttributesManager.cpp:117] Asset attributes (capsule3DWireframe : capsule3DWireframe_hemiRings_8_cylRings_1_segments_16_halfLen_1) created and registered.
I0919 01:24:10.925583 1676466 AssetAttributesManager.cpp:117] Asset attributes (coneSolid : coneSolid_segments_12_halfLen_1.25_rings_1_useTexCoords_false_useTangents_false_capEnd_true) created and registered.
I0919 01:24:10.925599 1676466 AssetAttributesManager.cpp:117] Asset attributes (coneWireframe : coneWireframe_segments_32_halfLen_1.25) created and registered.
I0919 01:24:10.925607 1676466 AssetAttributesManager.cpp:117] Asset attributes (cubeSolid : cubeSolid) created and registered.
I0919 01:24:10.925613 1676466 AssetAttributesManager.cpp:117] Asset attributes (cubeWireframe : cubeWireframe) created and registered.
I0919 01:24:10.925632 1676466 AssetAttributesManager.cpp:117] Asset attributes (cylinderSolid : cylinderSolid_rings_1_segments_12_halfLen_1_useTexCoords_false_useTangents_false_capEnds_true) created and registered.
I0919 01:24:10.925649 1676466 AssetAttributesManager.cpp:117] Asset attributes (cylinderWireframe : cylinderWireframe_rings_1_segments_32_halfLen_1) created and registered.
I0919 01:24:10.925666 1676466 AssetAttributesManager.cpp:117] Asset attributes (icosphereSolid : icosphereSolid_subdivs_1) created and registered.
I0919 01:24:10.925675 1676466 AssetAttributesManager.cpp:117] Asset attributes (icosphereWireframe : icosphereWireframe_subdivs_1) created and registered.
I0919 01:24:10.925688 1676466 AssetAttributesManager.cpp:117] Asset attributes (uvSphereSolid : uvSphereSolid_rings_8_segments_16_useTexCoords_false_useTangents_false) created and registered.
I0919 01:24:10.925704 1676466 AssetAttributesManager.cpp:117] Asset attributes (uvSphereWireframe : uvSphereWireframe_rings_16_segments_32) created and registered.
I0919 01:24:10.925709 1676466 AssetAttributesManager.cpp:105] AssetAttributesManager::buildCtorFuncPtrMaps : Built default primitive asset templates : 12
I0919 01:24:10.926112 1676466 SceneDatasetAttributesManager.cpp:23] File (default) not found, so new default dataset attributes created and registered.
I0919 01:24:10.926115 1676466 MetadataMediator.cpp:47] MetadataMediator::createDataset : Dataset default successfully created.
I0919 01:24:10.926307 1676466 AttributesManagerBase.h:283] AttributesManager<T>::createFromJsonOrDefaultInternal  (Physics Manager) : Proposing JSON name : ./data/default.physics_config.json from original name : ./data/default.physics_config.json | This file  does not exist.
I0919 01:24:10.926319 1676466 PhysicsAttributesManager.cpp:27] File (./data/default.physics_config.json) not found, so new default physics manager attributes created and registered.
I0919 01:24:10.926322 1676466 AbstractObjectAttributesManagerBase.h:175] AbstractObjectAttributesManager<T>::createObject  (Stage) : Making attributes with handle : /mnt/data_nas/deeprobotics/daiyang/vla/third_party/ETP-R1/data/scene_datasets/mp3d/B6ByNegPMKs/B6ByNegPMKs.glb
I0919 01:24:10.926327 1676466 ManagedContainerBase.cpp:19] ManagedContainerBase::convertFilenameToJSON : Filename : /mnt/data_nas/deeprobotics/daiyang/vla/third_party/ETP-R1/data/scene_datasets/mp3d/B6ByNegPMKs/B6ByNegPMKs.glb changed to proposed JSON configuration filename : /mnt/data_nas/deeprobotics/daiyang/vla/third_party/ETP-R1/data/scene_datasets/mp3d/B6ByNegPMKs/B6ByNegPMKs.stage_config.json
I0919 01:24:10.926339 1676466 AttributesManagerBase.h:283] AttributesManager<T>::createFromJsonOrDefaultInternal  (Stage) : Proposing JSON name : /mnt/data_nas/deeprobotics/daiyang/vla/third_party/ETP-R1/data/scene_datasets/mp3d/B6ByNegPMKs/B6ByNegPMKs.stage_config.json from original name : /mnt/data_nas/deeprobotics/daiyang/vla/third_party/ETP-R1/data/scene_datasets/mp3d/B6ByNegPMKs/B6ByNegPMKs.glb | This file  does not exist.
I0919 01:24:10.926385 1676466 AbstractObjectAttributesManagerBase.h:181] AbstractObjectAttributesManager<T>::createObject  (Stage) : Done making attributes with handle : /mnt/data_nas/deeprobotics/daiyang/vla/third_party/ETP-R1/data/scene_datasets/mp3d/B6ByNegPMKs/B6ByNegPMKs.glb
I0919 01:24:10.926388 1676466 AbstractObjectAttributesManagerBase.h:188] File (/mnt/data_nas/deeprobotics/daiyang/vla/third_party/ETP-R1/data/scene_datasets/mp3d/B6ByNegPMKs/B6ByNegPMKs.glb) exists but is not a recognized config filename extension, so new default Stage attributes created and registered.
I0919 01:24:10.926393 1676466 Simulator.cpp:156] Loading navmesh from /mnt/data_nas/deeprobotics/daiyang/vla/third_party/ETP-R1/data/scene_datasets/mp3d/B6ByNegPMKs/B6ByNegPMKs.navmesh
I0919 01:24:10.928298 1676466 Simulator.cpp:158] Loaded.
I0919 01:24:10.928308 1676466 SceneGraph.h:93] Created DrawableGroup: 
Renderer: NVIDIA GeForce RTX 5090/PCIe/SSE2 by NVIDIA Corporation
OpenGL version: 4.6.0 NVIDIA 580.126.09
Using optional features:
    GL_ARB_ES2_compatibility
    GL_ARB_direct_state_access
    GL_ARB_get_texture_sub_image
    GL_ARB_invalidate_subdata
    GL_ARB_multi_bind
    GL_ARB_robustness
    GL_ARB_separate_shader_objects
    GL_ARB_texture_filter_anisotropic
    GL_ARB_texture_storage
    GL_ARB_texture_storage_multisample
    GL_ARB_vertex_array_object
    GL_KHR_debug
Using driver workarounds:
    no-forward-compatible-core-context
    nv-egl-incorrect-gl11-function-pointers
    no-layout-qualifiers-on-old-glsl
    nv-zero-context-profile-mask
    nv-implementation-color-read-format-dsa-broken
    nv-cubemap-inconsistent-compressed-image-size
    nv-cubemap-broken-full-compressed-image-query
    nv-compressed-block-size-in-bits
I0919 01:24:10.931839 1676466 ResourceManager.cpp:234] ResourceManager::loadStage : Not loading semantic mesh
I0919 01:24:10.931847 1676466 ResourceManager.cpp:262] ResourceManager::loadStage : start load render asset /mnt/data_nas/deeprobotics/daiyang/vla/third_party/ETP-R1/data/scene_datasets/mp3d/B6ByNegPMKs/B6ByNegPMKs.glb.
I0919 01:24:10.931850 1676466 ResourceManager.cpp:569] ResourceManager::loadStageInternal : Attempting to load stage /mnt/data_nas/deeprobotics/daiyang/vla/third_party/ETP-R1/data/scene_datasets/mp3d/B6ByNegPMKs/B6ByNegPMKs.glb 
I0919 01:24:10.931865 1676466 ResourceManager.cpp:1119] Importing Basis files as BC7 for B6ByNegPMKs.glb
W0919 01:24:20.615576 1676466 Simulator.cpp:248] :
---
 The active scene does not contain semantic annotations. 
---
I0919 01:24:20.810363 1676466 simulator.py:213] Loaded navmesh /mnt/data_nas/deeprobotics/daiyang/vla/third_party/ETP-R1/data/scene_datasets/mp3d/B6ByNegPMKs/B6ByNegPMKs.navmesh
I0919 01:25:46.899472 1676466 PhysicsManager.cpp:33] Deconstructing PhysicsManager
I0919 01:25:46.899509 1676466 SemanticScene.h:41] Deconstructing SemanticScene
I0919 01:25:46.915720 1676466 SceneManager.h:25] Deconstructing SceneManager
I0919 01:25:46.915735 1676466 SceneGraph.h:26] Deconstructing SceneGraph
I0919 01:25:46.916193 1676466 Sensor.h:87] Deconstructing Sensor
I0919 01:25:46.929862 1676466 Renderer.cpp:34] Deconstructing Renderer
I0919 01:25:46.929889 1676466 WindowlessContext.h:17] Deconstructing WindowlessContext
I0919 01:25:46.948809 1676466 ManagedContainerBase.cpp:19] ManagedContainerBase::convertFilenameToJSON : Filename : default changed to proposed JSON configuration filename : default.scene_dataset_config.json
I0919 01:25:46.948830 1676466 AttributesManagerBase.h:283] AttributesManager<T>::createFromJsonOrDefaultInternal  (Dataset) : Proposing JSON name : default.scene_dataset_config.json from original name : default | This file  does not exist.
I0919 01:25:46.949069 1676466 AssetAttributesManager.cpp:117] Asset attributes (capsule3DSolid : capsule3DSolid_hemiRings_4_cylRings_1_segments_12_halfLen_0.75_useTexCoords_false_useTangents_false) created and registered.
I0919 01:25:46.949096 1676466 AssetAttributesManager.cpp:117] Asset attributes (capsule3DWireframe : capsule3DWireframe_hemiRings_8_cylRings_1_segments_16_halfLen_1) created and registered.
I0919 01:25:46.949120 1676466 AssetAttributesManager.cpp:117] Asset attributes (coneSolid : coneSolid_segments_12_halfLen_1.25_rings_1_useTexCoords_false_useTangents_false_capEnd_true) created and registered.
I0919 01:25:46.949134 1676466 AssetAttributesManager.cpp:117] Asset attributes (coneWireframe : coneWireframe_segments_32_halfLen_1.25) created and registered.
I0919 01:25:46.949143 1676466 AssetAttributesManager.cpp:117] Asset attributes (cubeSolid : cubeSolid) created and registered.
I0919 01:25:46.949149 1676466 AssetAttributesManager.cpp:117] Asset attributes (cubeWireframe : cubeWireframe) created and registered.
I0919 01:25:46.949169 1676466 AssetAttributesManager.cpp:117] Asset attributes (cylinderSolid : cylinderSolid_rings_1_segments_12_halfLen_1_useTexCoords_false_useTangents_false_capEnds_true) created and registered.
I0919 01:25:46.949186 1676466 AssetAttributesManager.cpp:117] Asset attributes (cylinderWireframe : cylinderWireframe_rings_1_segments_32_halfLen_1) created and registered.
I0919 01:25:46.949198 1676466 AssetAttributesManager.cpp:117] Asset attributes (icosphereSolid : icosphereSolid_subdivs_1) created and registered.
I0919 01:25:46.949208 1676466 AssetAttributesManager.cpp:117] Asset attributes (icosphereWireframe : icosphereWireframe_subdivs_1) created and registered.
I0919 01:25:46.949220 1676466 AssetAttributesManager.cpp:117] Asset attributes (uvSphereSolid : uvSphereSolid_rings_8_segments_16_useTexCoords_false_useTangents_false) created and registered.
I0919 01:25:46.949242 1676466 AssetAttributesManager.cpp:117] Asset attributes (uvSphereWireframe : uvSphereWireframe_rings_16_segments_32) created and registered.
I0919 01:25:46.949249 1676466 AssetAttributesManager.cpp:105] AssetAttributesManager::buildCtorFuncPtrMaps : Built default primitive asset templates : 12
I0919 01:25:46.949661 1676466 SceneDatasetAttributesManager.cpp:23] File (default) not found, so new default dataset attributes created and registered.
I0919 01:25:46.949663 1676466 MetadataMediator.cpp:47] MetadataMediator::createDataset : Dataset default successfully created.
I0919 01:25:46.949868 1676466 AttributesManagerBase.h:283] AttributesManager<T>::createFromJsonOrDefaultInternal  (Physics Manager) : Proposing JSON name : ./data/default.physics_config.json from original name : ./data/default.physics_config.json | This file  does not exist.
I0919 01:25:46.949882 1676466 PhysicsAttributesManager.cpp:27] File (./data/default.physics_config.json) not found, so new default physics manager attributes created and registered.
I0919 01:25:46.949887 1676466 AbstractObjectAttributesManagerBase.h:175] AbstractObjectAttributesManager<T>::createObject  (Stage) : Making attributes with handle : /mnt/data_nas/deeprobotics/daiyang/vla/third_party/ETP-R1/data/scene_datasets/mp3d/PuKPg4mmafe/PuKPg4mmafe.glb
I0919 01:25:46.949890 1676466 ManagedContainerBase.cpp:19] ManagedContainerBase::convertFilenameToJSON : Filename : /mnt/data_nas/deeprobotics/daiyang/vla/third_party/ETP-R1/data/scene_datasets/mp3d/PuKPg4mmafe/PuKPg4mmafe.glb changed to proposed JSON configuration filename : /mnt/data_nas/deeprobotics/daiyang/vla/third_party/ETP-R1/data/scene_datasets/mp3d/PuKPg4mmafe/PuKPg4mmafe.stage_config.json
I0919 01:25:46.949903 1676466 AttributesManagerBase.h:283] AttributesManager<T>::createFromJsonOrDefaultInternal  (Stage) : Proposing JSON name : /mnt/data_nas/deeprobotics/daiyang/vla/third_party/ETP-R1/data/scene_datasets/mp3d/PuKPg4mmafe/PuKPg4mmafe.stage_config.json from original name : /mnt/data_nas/deeprobotics/daiyang/vla/third_party/ETP-R1/data/scene_datasets/mp3d/PuKPg4mmafe/PuKPg4mmafe.glb | This file  does not exist.
I0919 01:25:46.949952 1676466 AbstractObjectAttributesManagerBase.h:181] AbstractObjectAttributesManager<T>::createObject  (Stage) : Done making attributes with handle : /mnt/data_nas/deeprobotics/daiyang/vla/third_party/ETP-R1/data/scene_datasets/mp3d/PuKPg4mmafe/PuKPg4mmafe.glb
I0919 01:25:46.949954 1676466 AbstractObjectAttributesManagerBase.h:188] File (/mnt/data_nas/deeprobotics/daiyang/vla/third_party/ETP-R1/data/scene_datasets/mp3d/PuKPg4mmafe/PuKPg4mmafe.glb) exists but is not a recognized config filename extension, so new default Stage attributes created and registered.
I0919 01:25:46.949959 1676466 Simulator.cpp:156] Loading navmesh from /mnt/data_nas/deeprobotics/daiyang/vla/third_party/ETP-R1/data/scene_datasets/mp3d/PuKPg4mmafe/PuKPg4mmafe.navmesh
I0919 01:25:46.950928 1676466 Simulator.cpp:158] Loaded.
I0919 01:25:46.950940 1676466 SceneGraph.h:93] Created DrawableGroup: 
Renderer: NVIDIA GeForce RTX 5090/PCIe/SSE2 by NVIDIA Corporation
OpenGL version: 4.6.0 NVIDIA 580.126.09
Using optional features:
    GL_ARB_ES2_compatibility
    GL_ARB_direct_state_access
    GL_ARB_get_texture_sub_image
    GL_ARB_invalidate_subdata
    GL_ARB_multi_bind
    GL_ARB_robustness
    GL_ARB_separate_shader_objects
    GL_ARB_texture_filter_anisotropic
    GL_ARB_texture_storage
    GL_ARB_texture_storage_multisample
    GL_ARB_vertex_array_object
    GL_KHR_debug
Using driver workarounds:
    no-forward-compatible-core-context
    nv-egl-incorrect-gl11-function-pointers
    no-layout-qualifiers-on-old-glsl
    nv-zero-context-profile-mask
    nv-implementation-color-read-format-dsa-broken
    nv-cubemap-inconsistent-compressed-image-size
    nv-cubemap-broken-full-compressed-image-query
    nv-compressed-block-size-in-bits
I0919 01:25:46.954671 1676466 ResourceManager.cpp:234] ResourceManager::loadStage : Not loading semantic mesh
I0919 01:25:46.954685 1676466 ResourceManager.cpp:262] ResourceManager::loadStage : start load render asset /mnt/data_nas/deeprobotics/daiyang/vla/third_party/ETP-R1/data/scene_datasets/mp3d/PuKPg4mmafe/PuKPg4mmafe.glb.
I0919 01:25:46.954689 1676466 ResourceManager.cpp:569] ResourceManager::loadStageInternal : Attempting to load stage /mnt/data_nas/deeprobotics/daiyang/vla/third_party/ETP-R1/data/scene_datasets/mp3d/PuKPg4mmafe/PuKPg4mmafe.glb 
I0919 01:25:46.954706 1676466 ResourceManager.cpp:1119] Importing Basis files as BC7 for PuKPg4mmafe.glb
W0919 01:25:51.698663 1676466 Simulator.cpp:248] :
---
 The active scene does not contain semantic annotations. 
---
I0919 01:25:51.718492 1676466 simulator.py:213] Loaded navmesh /mnt/data_nas/deeprobotics/daiyang/vla/third_party/ETP-R1/data/scene_datasets/mp3d/PuKPg4mmafe/PuKPg4mmafe.navmesh
I0919 01:27:49.066228 1676466 PhysicsManager.cpp:33] Deconstructing PhysicsManager
I0919 01:27:49.066285 1676466 SemanticScene.h:41] Deconstructing SemanticScene
I0919 01:27:49.067452 1676466 SceneManager.h:25] Deconstructing SceneManager
I0919 01:27:49.067461 1676466 SceneGraph.h:26] Deconstructing SceneGraph
I0919 01:27:49.067794 1676466 Sensor.h:87] Deconstructing Sensor
I0919 01:27:49.074265 1676466 Renderer.cpp:34] Deconstructing Renderer
I0919 01:27:49.074308 1676466 WindowlessContext.h:17] Deconstructing WindowlessContext
I0919 01:27:49.091996 1676466 ManagedContainerBase.cpp:19] ManagedContainerBase::convertFilenameToJSON : Filename : default changed to proposed JSON configuration filename : default.scene_dataset_config.json
I0919 01:27:49.092020 1676466 AttributesManagerBase.h:283] AttributesManager<T>::createFromJsonOrDefaultInternal  (Dataset) : Proposing JSON name : default.scene_dataset_config.json from original name : default | This file  does not exist.
I0919 01:27:49.092428 1676466 AssetAttributesManager.cpp:117] Asset attributes (capsule3DSolid : capsule3DSolid_hemiRings_4_cylRings_1_segments_12_halfLen_0.75_useTexCoords_false_useTangents_false) created and registered.
I0919 01:27:49.092468 1676466 AssetAttributesManager.cpp:117] Asset attributes (capsule3DWireframe : capsule3DWireframe_hemiRings_8_cylRings_1_segments_16_halfLen_1) created and registered.
I0919 01:27:49.092504 1676466 AssetAttributesManager.cpp:117] Asset attributes (coneSolid : coneSolid_segments_12_halfLen_1.25_rings_1_useTexCoords_false_useTangents_false_capEnd_true) created and registered.
I0919 01:27:49.092525 1676466 AssetAttributesManager.cpp:117] Asset attributes (coneWireframe : coneWireframe_segments_32_halfLen_1.25) created and registered.
I0919 01:27:49.092536 1676466 AssetAttributesManager.cpp:117] Asset attributes (cubeSolid : cubeSolid) created and registered.
I0919 01:27:49.092545 1676466 AssetAttributesManager.cpp:117] Asset attributes (cubeWireframe : cubeWireframe) created and registered.
I0919 01:27:49.092574 1676466 AssetAttributesManager.cpp:117] Asset attributes (cylinderSolid : cylinderSolid_rings_1_segments_12_halfLen_1_useTexCoords_false_useTangents_false_capEnds_true) created and registered.
I0919 01:27:49.092599 1676466 AssetAttributesManager.cpp:117] Asset attributes (cylinderWireframe : cylinderWireframe_rings_1_segments_32_halfLen_1) created and registered.
I0919 01:27:49.092615 1676466 AssetAttributesManager.cpp:117] Asset attributes (icosphereSolid : icosphereSolid_subdivs_1) created and registered.
I0919 01:27:49.092628 1676466 AssetAttributesManager.cpp:117] Asset attributes (icosphereWireframe : icosphereWireframe_subdivs_1) created and registered.
I0919 01:27:49.092648 1676466 AssetAttributesManager.cpp:117] Asset attributes (uvSphereSolid : uvSphereSolid_rings_8_segments_16_useTexCoords_false_useTangents_false) created and registered.
I0919 01:27:49.092665 1676466 AssetAttributesManager.cpp:117] Asset attributes (uvSphereWireframe : uvSphereWireframe_rings_16_segments_32) created and registered.
I0919 01:27:49.092674 1676466 AssetAttributesManager.cpp:105] AssetAttributesManager::buildCtorFuncPtrMaps : Built default primitive asset templates : 12
I0919 01:27:49.093302 1676466 SceneDatasetAttributesManager.cpp:23] File (default) not found, so new default dataset attributes created and registered.
I0919 01:27:49.093304 1676466 MetadataMediator.cpp:47] MetadataMediator::createDataset : Dataset default successfully created.
I0919 01:27:49.094378 1676466 AttributesManagerBase.h:283] AttributesManager<T>::createFromJsonOrDefaultInternal  (Physics Manager) : Proposing JSON name : ./data/default.physics_config.json from original name : ./data/default.physics_config.json | This file  does not exist.
I0919 01:27:49.094400 1676466 PhysicsAttributesManager.cpp:27] File (./data/default.physics_config.json) not found, so new default physics manager attributes created and registered.
I0919 01:27:49.094405 1676466 AbstractObjectAttributesManagerBase.h:175] AbstractObjectAttributesManager<T>::createObject  (Stage) : Making attributes with handle : /mnt/data_nas/deeprobotics/daiyang/vla/third_party/ETP-R1/data/scene_datasets/mp3d/aayBHfsNo7d/aayBHfsNo7d.glb
I0919 01:27:49.094411 1676466 ManagedContainerBase.cpp:19] ManagedContainerBase::convertFilenameToJSON : Filename : /mnt/data_nas/deeprobotics/daiyang/vla/third_party/ETP-R1/data/scene_datasets/mp3d/aayBHfsNo7d/aayBHfsNo7d.glb changed to proposed JSON configuration filename : /mnt/data_nas/deeprobotics/daiyang/vla/third_party/ETP-R1/data/scene_datasets/mp3d/aayBHfsNo7d/aayBHfsNo7d.stage_config.json
I0919 01:27:49.096684 1676466 AttributesManagerBase.h:283] AttributesManager<T>::createFromJsonOrDefaultInternal  (Stage) : Proposing JSON name : /mnt/data_nas/deeprobotics/daiyang/vla/third_party/ETP-R1/data/scene_datasets/mp3d/aayBHfsNo7d/aayBHfsNo7d.stage_config.json from original name : /mnt/data_nas/deeprobotics/daiyang/vla/third_party/ETP-R1/data/scene_datasets/mp3d/aayBHfsNo7d/aayBHfsNo7d.glb | This file  does not exist.
I0919 01:27:49.096757 1676466 AbstractObjectAttributesManagerBase.h:181] AbstractObjectAttributesManager<T>::createObject  (Stage) : Done making attributes with handle : /mnt/data_nas/deeprobotics/daiyang/vla/third_party/ETP-R1/data/scene_datasets/mp3d/aayBHfsNo7d/aayBHfsNo7d.glb
I0919 01:27:49.096760 1676466 AbstractObjectAttributesManagerBase.h:188] File (/mnt/data_nas/deeprobotics/daiyang/vla/third_party/ETP-R1/data/scene_datasets/mp3d/aayBHfsNo7d/aayBHfsNo7d.glb) exists but is not a recognized config filename extension, so new default Stage attributes created and registered.
I0919 01:27:49.096768 1676466 Simulator.cpp:156] Loading navmesh from /mnt/data_nas/deeprobotics/daiyang/vla/third_party/ETP-R1/data/scene_datasets/mp3d/aayBHfsNo7d/aayBHfsNo7d.navmesh
I0919 01:27:49.098157 1676466 Simulator.cpp:158] Loaded.
I0919 01:27:49.098168 1676466 SceneGraph.h:93] Created DrawableGroup: 
Renderer: NVIDIA GeForce RTX 5090/PCIe/SSE2 by NVIDIA Corporation
OpenGL version: 4.6.0 NVIDIA 580.126.09
Using optional features:
    GL_ARB_ES2_compatibility
    GL_ARB_direct_state_access
    GL_ARB_get_texture_sub_image
    GL_ARB_invalidate_subdata
    GL_ARB_multi_bind
    GL_ARB_robustness
    GL_ARB_separate_shader_objects
    GL_ARB_texture_filter_anisotropic
    GL_ARB_texture_storage
    GL_ARB_texture_storage_multisample
    GL_ARB_vertex_array_object
    GL_KHR_debug
Using driver workarounds:
    no-forward-compatible-core-context
    nv-egl-incorrect-gl11-function-pointers
    no-layout-qualifiers-on-old-glsl
    nv-zero-context-profile-mask
    nv-implementation-color-read-format-dsa-broken
    nv-cubemap-inconsistent-compressed-image-size
    nv-cubemap-broken-full-compressed-image-query
    nv-compressed-block-size-in-bits
I0919 01:27:49.102469 1676466 ResourceManager.cpp:234] ResourceManager::loadStage : Not loading semantic mesh
I0919 01:27:49.102480 1676466 ResourceManager.cpp:262] ResourceManager::loadStage : start load render asset /mnt/data_nas/deeprobotics/daiyang/vla/third_party/ETP-R1/data/scene_datasets/mp3d/aayBHfsNo7d/aayBHfsNo7d.glb.
I0919 01:27:49.102483 1676466 ResourceManager.cpp:569] ResourceManager::loadStageInternal : Attempting to load stage /mnt/data_nas/deeprobotics/daiyang/vla/third_party/ETP-R1/data/scene_datasets/mp3d/aayBHfsNo7d/aayBHfsNo7d.glb 
I0919 01:27:49.102509 1676466 ResourceManager.cpp:1119] Importing Basis files as BC7 for aayBHfsNo7d.glb
W0919 01:27:50.658496 1676466 Simulator.cpp:248] :
---
 The active scene does not contain semantic annotations. 
---
I0919 01:27:50.700355 1676466 simulator.py:213] Loaded navmesh /mnt/data_nas/deeprobotics/daiyang/vla/third_party/ETP-R1/data/scene_datasets/mp3d/aayBHfsNo7d/aayBHfsNo7d.navmesh
I0919 01:28:26.609457 1676466 PhysicsManager.cpp:33] Deconstructing PhysicsManager
I0919 01:28:26.609510 1676466 SemanticScene.h:41] Deconstructing SemanticScene
I0919 01:28:26.612782 1676466 SceneManager.h:25] Deconstructing SceneManager
I0919 01:28:26.612792 1676466 SceneGraph.h:26] Deconstructing SceneGraph
I0919 01:28:26.613444 1676466 Sensor.h:87] Deconstructing Sensor
I0919 01:28:26.616528 1676466 Renderer.cpp:34] Deconstructing Renderer
I0919 01:28:26.616555 1676466 WindowlessContext.h:17] Deconstructing WindowlessContext
I0919 01:28:26.623298 1676466 ManagedContainerBase.cpp:19] ManagedContainerBase::convertFilenameToJSON : Filename : default changed to proposed JSON configuration filename : default.scene_dataset_config.json
I0919 01:28:26.623314 1676466 AttributesManagerBase.h:283] AttributesManager<T>::createFromJsonOrDefaultInternal  (Dataset) : Proposing JSON name : default.scene_dataset_config.json from original name : default | This file  does not exist.
I0919 01:28:26.623700 1676466 AssetAttributesManager.cpp:117] Asset attributes (capsule3DSolid : capsule3DSolid_hemiRings_4_cylRings_1_segments_12_halfLen_0.75_useTexCoords_false_useTangents_false) created and registered.
I0919 01:28:26.623742 1676466 AssetAttributesManager.cpp:117] Asset attributes (capsule3DWireframe : capsule3DWireframe_hemiRings_8_cylRings_1_segments_16_halfLen_1) created and registered.
I0919 01:28:26.623778 1676466 AssetAttributesManager.cpp:117] Asset attributes (coneSolid : coneSolid_segments_12_halfLen_1.25_rings_1_useTexCoords_false_useTangents_false_capEnd_true) created and registered.
I0919 01:28:26.623801 1676466 AssetAttributesManager.cpp:117] Asset attributes (coneWireframe : coneWireframe_segments_32_halfLen_1.25) created and registered.
I0919 01:28:26.623813 1676466 AssetAttributesManager.cpp:117] Asset attributes (cubeSolid : cubeSolid) created and registered.
I0919 01:28:26.623822 1676466 AssetAttributesManager.cpp:117] Asset attributes (cubeWireframe : cubeWireframe) created and registered.
I0919 01:28:26.623852 1676466 AssetAttributesManager.cpp:117] Asset attributes (cylinderSolid : cylinderSolid_rings_1_segments_12_halfLen_1_useTexCoords_false_useTangents_false_capEnds_true) created and registered.
I0919 01:28:26.623879 1676466 AssetAttributesManager.cpp:117] Asset attributes (cylinderWireframe : cylinderWireframe_rings_1_segments_32_halfLen_1) created and registered.
I0919 01:28:26.623895 1676466 AssetAttributesManager.cpp:117] Asset attributes (icosphereSolid : icosphereSolid_subdivs_1) created and registered.
I0919 01:28:26.623907 1676466 AssetAttributesManager.cpp:117] Asset attributes (icosphereWireframe : icosphereWireframe_subdivs_1) created and registered.
I0919 01:28:26.623927 1676466 AssetAttributesManager.cpp:117] Asset attributes (uvSphereSolid : uvSphereSolid_rings_8_segments_16_useTexCoords_false_useTangents_false) created and registered.
I0919 01:28:26.623946 1676466 AssetAttributesManager.cpp:117] Asset attributes (uvSphereWireframe : uvSphereWireframe_rings_16_segments_32) created and registered.
I0919 01:28:26.623955 1676466 AssetAttributesManager.cpp:105] AssetAttributesManager::buildCtorFuncPtrMaps : Built default primitive asset templates : 12
I0919 01:28:26.624621 1676466 SceneDatasetAttributesManager.cpp:23] File (default) not found, so new default dataset attributes created and registered.
I0919 01:28:26.624624 1676466 MetadataMediator.cpp:47] MetadataMediator::createDataset : Dataset default successfully created.
I0919 01:28:26.624871 1676466 AttributesManagerBase.h:283] AttributesManager<T>::createFromJsonOrDefaultInternal  (Physics Manager) : Proposing JSON name : ./data/default.physics_config.json from original name : ./data/default.physics_config.json | This file  does not exist.
I0919 01:28:26.624897 1676466 PhysicsAttributesManager.cpp:27] File (./data/default.physics_config.json) not found, so new default physics manager attributes created and registered.
I0919 01:28:26.624902 1676466 AbstractObjectAttributesManagerBase.h:175] AbstractObjectAttributesManager<T>::createObject  (Stage) : Making attributes with handle : /mnt/data_nas/deeprobotics/daiyang/vla/third_party/ETP-R1/data/scene_datasets/mp3d/82sE5b5pLXE/82sE5b5pLXE.glb
I0919 01:28:26.624908 1676466 ManagedContainerBase.cpp:19] ManagedContainerBase::convertFilenameToJSON : Filename : /mnt/data_nas/deeprobotics/daiyang/vla/third_party/ETP-R1/data/scene_datasets/mp3d/82sE5b5pLXE/82sE5b5pLXE.glb changed to proposed JSON configuration filename : /mnt/data_nas/deeprobotics/daiyang/vla/third_party/ETP-R1/data/scene_datasets/mp3d/82sE5b5pLXE/82sE5b5pLXE.stage_config.json
I0919 01:28:26.624924 1676466 AttributesManagerBase.h:283] AttributesManager<T>::createFromJsonOrDefaultInternal  (Stage) : Proposing JSON name : /mnt/data_nas/deeprobotics/daiyang/vla/third_party/ETP-R1/data/scene_datasets/mp3d/82sE5b5pLXE/82sE5b5pLXE.stage_config.json from original name : /mnt/data_nas/deeprobotics/daiyang/vla/third_party/ETP-R1/data/scene_datasets/mp3d/82sE5b5pLXE/82sE5b5pLXE.glb | This file  does not exist.
I0919 01:28:26.624996 1676466 AbstractObjectAttributesManagerBase.h:181] AbstractObjectAttributesManager<T>::createObject  (Stage) : Done making attributes with handle : /mnt/data_nas/deeprobotics/daiyang/vla/third_party/ETP-R1/data/scene_datasets/mp3d/82sE5b5pLXE/82sE5b5pLXE.glb
I0919 01:28:26.624998 1676466 AbstractObjectAttributesManagerBase.h:188] File (/mnt/data_nas/deeprobotics/daiyang/vla/third_party/ETP-R1/data/scene_datasets/mp3d/82sE5b5pLXE/82sE5b5pLXE.glb) exists but is not a recognized config filename extension, so new default Stage attributes created and registered.
I0919 01:28:26.625005 1676466 Simulator.cpp:156] Loading navmesh from /mnt/data_nas/deeprobotics/daiyang/vla/third_party/ETP-R1/data/scene_datasets/mp3d/82sE5b5pLXE/82sE5b5pLXE.navmesh
I0919 01:28:26.625902 1676466 Simulator.cpp:158] Loaded.
I0919 01:28:26.625911 1676466 SceneGraph.h:93] Created DrawableGroup: 
Renderer: NVIDIA GeForce RTX 5090/PCIe/SSE2 by NVIDIA Corporation
OpenGL version: 4.6.0 NVIDIA 580.126.09
Using optional features:
    GL_ARB_ES2_compatibility
    GL_ARB_direct_state_access
    GL_ARB_get_texture_sub_image
    GL_ARB_invalidate_subdata
    GL_ARB_multi_bind
    GL_ARB_robustness
    GL_ARB_separate_shader_objects
    GL_ARB_texture_filter_anisotropic
    GL_ARB_texture_storage
    GL_ARB_texture_storage_multisample
    GL_ARB_vertex_array_object
    GL_KHR_debug
Using driver workarounds:
    no-forward-compatible-core-context
    nv-egl-incorrect-gl11-function-pointers
    no-layout-qualifiers-on-old-glsl
    nv-zero-context-profile-mask
    nv-implementation-color-read-format-dsa-broken
    nv-cubemap-inconsistent-compressed-image-size
    nv-cubemap-broken-full-compressed-image-query
    nv-compressed-block-size-in-bits
I0919 01:28:26.630225 1676466 ResourceManager.cpp:234] ResourceManager::loadStage : Not loading semantic mesh
I0919 01:28:26.630236 1676466 ResourceManager.cpp:262] ResourceManager::loadStage : start load render asset /mnt/data_nas/deeprobotics/daiyang/vla/third_party/ETP-R1/data/scene_datasets/mp3d/82sE5b5pLXE/82sE5b5pLXE.glb.
I0919 01:28:26.630239 1676466 ResourceManager.cpp:569] ResourceManager::loadStageInternal : Attempting to load stage /mnt/data_nas/deeprobotics/daiyang/vla/third_party/ETP-R1/data/scene_datasets/mp3d/82sE5b5pLXE/82sE5b5pLXE.glb 
I0919 01:28:26.630259 1676466 ResourceManager.cpp:1119] Importing Basis files as BC7 for 82sE5b5pLXE.glb
W0919 01:28:28.647547 1676466 Simulator.cpp:248] :
---
 The active scene does not contain semantic annotations. 
---
I0919 01:28:28.683437 1676466 simulator.py:213] Loaded navmesh /mnt/data_nas/deeprobotics/daiyang/vla/third_party/ETP-R1/data/scene_datasets/mp3d/82sE5b5pLXE/82sE5b5pLXE.navmesh
I0919 01:31:15.576617 1676466 PhysicsManager.cpp:33] Deconstructing PhysicsManager
I0919 01:31:15.576660 1676466 SemanticScene.h:41] Deconstructing SemanticScene
I0919 01:31:15.578362 1676466 SceneManager.h:25] Deconstructing SceneManager
I0919 01:31:15.578369 1676466 SceneGraph.h:26] Deconstructing SceneGraph
I0919 01:31:15.578634 1676466 Sensor.h:87] Deconstructing Sensor
I0919 01:31:15.581975 1676466 Renderer.cpp:34] Deconstructing Renderer
I0919 01:31:15.582000 1676466 WindowlessContext.h:17] Deconstructing WindowlessContext
I0919 01:31:15.588253 1676466 ManagedContainerBase.cpp:19] ManagedContainerBase::convertFilenameToJSON : Filename : default changed to proposed JSON configuration filename : default.scene_dataset_config.json
I0919 01:31:15.588272 1676466 AttributesManagerBase.h:283] AttributesManager<T>::createFromJsonOrDefaultInternal  (Dataset) : Proposing JSON name : default.scene_dataset_config.json from original name : default | This file  does not exist.
I0919 01:31:15.588558 1676466 AssetAttributesManager.cpp:117] Asset attributes (capsule3DSolid : capsule3DSolid_hemiRings_4_cylRings_1_segments_12_halfLen_0.75_useTexCoords_false_useTangents_false) created and registered.
I0919 01:31:15.588585 1676466 AssetAttributesManager.cpp:117] Asset attributes (capsule3DWireframe : capsule3DWireframe_hemiRings_8_cylRings_1_segments_16_halfLen_1) created and registered.
I0919 01:31:15.588608 1676466 AssetAttributesManager.cpp:117] Asset attributes (coneSolid : coneSolid_segments_12_halfLen_1.25_rings_1_useTexCoords_false_useTangents_false_capEnd_true) created and registered.
I0919 01:31:15.588622 1676466 AssetAttributesManager.cpp:117] Asset attributes (coneWireframe : coneWireframe_segments_32_halfLen_1.25) created and registered.
I0919 01:31:15.588630 1676466 AssetAttributesManager.cpp:117] Asset attributes (cubeSolid : cubeSolid) created and registered.
I0919 01:31:15.588636 1676466 AssetAttributesManager.cpp:117] Asset attributes (cubeWireframe : cubeWireframe) created and registered.
I0919 01:31:15.588656 1676466 AssetAttributesManager.cpp:117] Asset attributes (cylinderSolid : cylinderSolid_rings_1_segments_12_halfLen_1_useTexCoords_false_useTangents_false_capEnds_true) created and registered.
I0919 01:31:15.588672 1676466 AssetAttributesManager.cpp:117] Asset attributes (cylinderWireframe : cylinderWireframe_rings_1_segments_32_halfLen_1) created and registered.
I0919 01:31:15.588683 1676466 AssetAttributesManager.cpp:117] Asset attributes (icosphereSolid : icosphereSolid_subdivs_1) created and registered.
I0919 01:31:15.588691 1676466 AssetAttributesManager.cpp:117] Asset attributes (icosphereWireframe : icosphereWireframe_subdivs_1) created and registered.
I0919 01:31:15.588706 1676466 AssetAttributesManager.cpp:117] Asset attributes (uvSphereSolid : uvSphereSolid_rings_8_segments_16_useTexCoords_false_useTangents_false) created and registered.
I0919 01:31:15.588718 1676466 AssetAttributesManager.cpp:117] Asset attributes (uvSphereWireframe : uvSphereWireframe_rings_16_segments_32) created and registered.
I0919 01:31:15.588724 1676466 AssetAttributesManager.cpp:105] AssetAttributesManager::buildCtorFuncPtrMaps : Built default primitive asset templates : 12
I0919 01:31:15.589119 1676466 SceneDatasetAttributesManager.cpp:23] File (default) not found, so new default dataset attributes created and registered.
I0919 01:31:15.589121 1676466 MetadataMediator.cpp:47] MetadataMediator::createDataset : Dataset default successfully created.
I0919 01:31:15.589316 1676466 AttributesManagerBase.h:283] AttributesManager<T>::createFromJsonOrDefaultInternal  (Physics Manager) : Proposing JSON name : ./data/default.physics_config.json from original name : ./data/default.physics_config.json | This file  does not exist.
I0919 01:31:15.589329 1676466 PhysicsAttributesManager.cpp:27] File (./data/default.physics_config.json) not found, so new default physics manager attributes created and registered.
I0919 01:31:15.589332 1676466 AbstractObjectAttributesManagerBase.h:175] AbstractObjectAttributesManager<T>::createObject  (Stage) : Making attributes with handle : /mnt/data_nas/deeprobotics/daiyang/vla/third_party/ETP-R1/data/scene_datasets/mp3d/B6ByNegPMKs/B6ByNegPMKs.glb
I0919 01:31:15.589344 1676466 ManagedContainerBase.cpp:19] ManagedContainerBase::convertFilenameToJSON : Filename : /mnt/data_nas/deeprobotics/daiyang/vla/third_party/ETP-R1/data/scene_datasets/mp3d/B6ByNegPMKs/B6ByNegPMKs.glb changed to proposed JSON configuration filename : /mnt/data_nas/deeprobotics/daiyang/vla/third_party/ETP-R1/data/scene_datasets/mp3d/B6ByNegPMKs/B6ByNegPMKs.stage_config.json
I0919 01:31:15.589355 1676466 AttributesManagerBase.h:283] AttributesManager<T>::createFromJsonOrDefaultInternal  (Stage) : Proposing JSON name : /mnt/data_nas/deeprobotics/daiyang/vla/third_party/ETP-R1/data/scene_datasets/mp3d/B6ByNegPMKs/B6ByNegPMKs.stage_config.json from original name : /mnt/data_nas/deeprobotics/daiyang/vla/third_party/ETP-R1/data/scene_datasets/mp3d/B6ByNegPMKs/B6ByNegPMKs.glb | This file  does not exist.
I0919 01:31:15.589401 1676466 AbstractObjectAttributesManagerBase.h:181] AbstractObjectAttributesManager<T>::createObject  (Stage) : Done making attributes with handle : /mnt/data_nas/deeprobotics/daiyang/vla/third_party/ETP-R1/data/scene_datasets/mp3d/B6ByNegPMKs/B6ByNegPMKs.glb
I0919 01:31:15.589403 1676466 AbstractObjectAttributesManagerBase.h:188] File (/mnt/data_nas/deeprobotics/daiyang/vla/third_party/ETP-R1/data/scene_datasets/mp3d/B6ByNegPMKs/B6ByNegPMKs.glb) exists but is not a recognized config filename extension, so new default Stage attributes created and registered.
I0919 01:31:15.589408 1676466 Simulator.cpp:156] Loading navmesh from /mnt/data_nas/deeprobotics/daiyang/vla/third_party/ETP-R1/data/scene_datasets/mp3d/B6ByNegPMKs/B6ByNegPMKs.navmesh
I0919 01:31:15.590692 1676466 Simulator.cpp:158] Loaded.
I0919 01:31:15.590701 1676466 SceneGraph.h:93] Created DrawableGroup: 
Renderer: NVIDIA GeForce RTX 5090/PCIe/SSE2 by NVIDIA Corporation
OpenGL version: 4.6.0 NVIDIA 580.126.09
Using optional features:
    GL_ARB_ES2_compatibility
    GL_ARB_direct_state_access
    GL_ARB_get_texture_sub_image
    GL_ARB_invalidate_subdata
    GL_ARB_multi_bind
    GL_ARB_robustness
    GL_ARB_separate_shader_objects
    GL_ARB_texture_filter_anisotropic
    GL_ARB_texture_storage
    GL_ARB_texture_storage_multisample
    GL_ARB_vertex_array_object
    GL_KHR_debug
Using driver workarounds:
    no-forward-compatible-core-context
    nv-egl-incorrect-gl11-function-pointers
    no-layout-qualifiers-on-old-glsl
    nv-zero-context-profile-mask
    nv-implementation-color-read-format-dsa-broken
    nv-cubemap-inconsistent-compressed-image-size
    nv-cubemap-broken-full-compressed-image-query
    nv-compressed-block-size-in-bits
I0919 01:31:15.594362 1676466 ResourceManager.cpp:234] ResourceManager::loadStage : Not loading semantic mesh
I0919 01:31:15.594370 1676466 ResourceManager.cpp:262] ResourceManager::loadStage : start load render asset /mnt/data_nas/deeprobotics/daiyang/vla/third_party/ETP-R1/data/scene_datasets/mp3d/B6ByNegPMKs/B6ByNegPMKs.glb.
I0919 01:31:15.594372 1676466 ResourceManager.cpp:569] ResourceManager::loadStageInternal : Attempting to load stage /mnt/data_nas/deeprobotics/daiyang/vla/third_party/ETP-R1/data/scene_datasets/mp3d/B6ByNegPMKs/B6ByNegPMKs.glb 
I0919 01:31:15.594388 1676466 ResourceManager.cpp:1119] Importing Basis files as BC7 for B6ByNegPMKs.glb
W0919 01:31:25.106185 1676466 Simulator.cpp:248] :
---
 The active scene does not contain semantic annotations. 
---
I0919 01:31:25.299750 1676466 simulator.py:213] Loaded navmesh /mnt/data_nas/deeprobotics/daiyang/vla/third_party/ETP-R1/data/scene_datasets/mp3d/B6ByNegPMKs/B6ByNegPMKs.navmesh
I0919 01:31:58.874065 1676466 PhysicsManager.cpp:33] Deconstructing PhysicsManager
I0919 01:31:58.874097 1676466 SemanticScene.h:41] Deconstructing SemanticScene
I0919 01:31:58.888850 1676466 SceneManager.h:25] Deconstructing SceneManager
I0919 01:31:58.888866 1676466 SceneGraph.h:26] Deconstructing SceneGraph
I0919 01:31:58.889288 1676466 Sensor.h:87] Deconstructing Sensor
I0919 01:31:58.901201 1676466 Renderer.cpp:34] Deconstructing Renderer
I0919 01:31:58.901228 1676466 WindowlessContext.h:17] Deconstructing WindowlessContext
I0919 01:31:58.918706 1676466 ManagedContainerBase.cpp:19] ManagedContainerBase::convertFilenameToJSON : Filename : default changed to proposed JSON configuration filename : default.scene_dataset_config.json
I0919 01:31:58.918725 1676466 AttributesManagerBase.h:283] AttributesManager<T>::createFromJsonOrDefaultInternal  (Dataset) : Proposing JSON name : default.scene_dataset_config.json from original name : default | This file  does not exist.
I0919 01:31:58.918926 1676466 AssetAttributesManager.cpp:117] Asset attributes (capsule3DSolid : capsule3DSolid_hemiRings_4_cylRings_1_segments_12_halfLen_0.75_useTexCoords_false_useTangents_false) created and registered.
I0919 01:31:58.918954 1676466 AssetAttributesManager.cpp:117] Asset attributes (capsule3DWireframe : capsule3DWireframe_hemiRings_8_cylRings_1_segments_16_halfLen_1) created and registered.
I0919 01:31:58.918977 1676466 AssetAttributesManager.cpp:117] Asset attributes (coneSolid : coneSolid_segments_12_halfLen_1.25_rings_1_useTexCoords_false_useTangents_false_capEnd_true) created and registered.
I0919 01:31:58.918992 1676466 AssetAttributesManager.cpp:117] Asset attributes (coneWireframe : coneWireframe_segments_32_halfLen_1.25) created and registered.
I0919 01:31:58.919001 1676466 AssetAttributesManager.cpp:117] Asset attributes (cubeSolid : cubeSolid) created and registered.
I0919 01:31:58.919008 1676466 AssetAttributesManager.cpp:117] Asset attributes (cubeWireframe : cubeWireframe) created and registered.
I0919 01:31:58.919027 1676466 AssetAttributesManager.cpp:117] Asset attributes (cylinderSolid : cylinderSolid_rings_1_segments_12_halfLen_1_useTexCoords_false_useTangents_false_capEnds_true) created and registered.
I0919 01:31:58.919044 1676466 AssetAttributesManager.cpp:117] Asset attributes (cylinderWireframe : cylinderWireframe_rings_1_segments_32_halfLen_1) created and registered.
I0919 01:31:58.919055 1676466 AssetAttributesManager.cpp:117] Asset attributes (icosphereSolid : icosphereSolid_subdivs_1) created and registered.
I0919 01:31:58.919064 1676466 AssetAttributesManager.cpp:117] Asset attributes (icosphereWireframe : icosphereWireframe_subdivs_1) created and registered.
I0919 01:31:58.919078 1676466 AssetAttributesManager.cpp:117] Asset attributes (uvSphereSolid : uvSphereSolid_rings_8_segments_16_useTexCoords_false_useTangents_false) created and registered.
I0919 01:31:58.919091 1676466 AssetAttributesManager.cpp:117] Asset attributes (uvSphereWireframe : uvSphereWireframe_rings_16_segments_32) created and registered.
I0919 01:31:58.919097 1676466 AssetAttributesManager.cpp:105] AssetAttributesManager::buildCtorFuncPtrMaps : Built default primitive asset templates : 12
I0919 01:31:58.919504 1676466 SceneDatasetAttributesManager.cpp:23] File (default) not found, so new default dataset attributes created and registered.
I0919 01:31:58.919507 1676466 MetadataMediator.cpp:47] MetadataMediator::createDataset : Dataset default successfully created.
I0919 01:31:58.920948 1676466 AttributesManagerBase.h:283] AttributesManager<T>::createFromJsonOrDefaultInternal  (Physics Manager) : Proposing JSON name : ./data/default.physics_config.json from original name : ./data/default.physics_config.json | This file  does not exist.
I0919 01:31:58.920962 1676466 PhysicsAttributesManager.cpp:27] File (./data/default.physics_config.json) not found, so new default physics manager attributes created and registered.
I0919 01:31:58.920966 1676466 AbstractObjectAttributesManagerBase.h:175] AbstractObjectAttributesManager<T>::createObject  (Stage) : Making attributes with handle : /mnt/data_nas/deeprobotics/daiyang/vla/third_party/ETP-R1/data/scene_datasets/mp3d/PuKPg4mmafe/PuKPg4mmafe.glb
I0919 01:31:58.920969 1676466 ManagedContainerBase.cpp:19] ManagedContainerBase::convertFilenameToJSON : Filename : /mnt/data_nas/deeprobotics/daiyang/vla/third_party/ETP-R1/data/scene_datasets/mp3d/PuKPg4mmafe/PuKPg4mmafe.glb changed to proposed JSON configuration filename : /mnt/data_nas/deeprobotics/daiyang/vla/third_party/ETP-R1/data/scene_datasets/mp3d/PuKPg4mmafe/PuKPg4mmafe.stage_config.json
I0919 01:31:58.920987 1676466 AttributesManagerBase.h:283] AttributesManager<T>::createFromJsonOrDefaultInternal  (Stage) : Proposing JSON name : /mnt/data_nas/deeprobotics/daiyang/vla/third_party/ETP-R1/data/scene_datasets/mp3d/PuKPg4mmafe/PuKPg4mmafe.stage_config.json from original name : /mnt/data_nas/deeprobotics/daiyang/vla/third_party/ETP-R1/data/scene_datasets/mp3d/PuKPg4mmafe/PuKPg4mmafe.glb | This file  does not exist.
I0919 01:31:58.921036 1676466 AbstractObjectAttributesManagerBase.h:181] AbstractObjectAttributesManager<T>::createObject  (Stage) : Done making attributes with handle : /mnt/data_nas/deeprobotics/daiyang/vla/third_party/ETP-R1/data/scene_datasets/mp3d/PuKPg4mmafe/PuKPg4mmafe.glb
I0919 01:31:58.921037 1676466 AbstractObjectAttributesManagerBase.h:188] File (/mnt/data_nas/deeprobotics/daiyang/vla/third_party/ETP-R1/data/scene_datasets/mp3d/PuKPg4mmafe/PuKPg4mmafe.glb) exists but is not a recognized config filename extension, so new default Stage attributes created and registered.
I0919 01:31:58.921043 1676466 Simulator.cpp:156] Loading navmesh from /mnt/data_nas/deeprobotics/daiyang/vla/third_party/ETP-R1/data/scene_datasets/mp3d/PuKPg4mmafe/PuKPg4mmafe.navmesh
I0919 01:31:58.922488 1676466 Simulator.cpp:158] Loaded.
I0919 01:31:58.922498 1676466 SceneGraph.h:93] Created DrawableGroup: 
Renderer: NVIDIA GeForce RTX 5090/PCIe/SSE2 by NVIDIA Corporation
OpenGL version: 4.6.0 NVIDIA 580.126.09
Using optional features:
    GL_ARB_ES2_compatibility
    GL_ARB_direct_state_access
    GL_ARB_get_texture_sub_image
    GL_ARB_invalidate_subdata
    GL_ARB_multi_bind
    GL_ARB_robustness
    GL_ARB_separate_shader_objects
    GL_ARB_texture_filter_anisotropic
    GL_ARB_texture_storage
    GL_ARB_texture_storage_multisample
    GL_ARB_vertex_array_object
    GL_KHR_debug
Using driver workarounds:
    no-forward-compatible-core-context
    nv-egl-incorrect-gl11-function-pointers
    no-layout-qualifiers-on-old-glsl
    nv-zero-context-profile-mask
    nv-implementation-color-read-format-dsa-broken
    nv-cubemap-inconsistent-compressed-image-size
    nv-cubemap-broken-full-compressed-image-query
    nv-compressed-block-size-in-bits
I0919 01:31:58.926165 1676466 ResourceManager.cpp:234] ResourceManager::loadStage : Not loading semantic mesh
I0919 01:31:58.926174 1676466 ResourceManager.cpp:262] ResourceManager::loadStage : start load render asset /mnt/data_nas/deeprobotics/daiyang/vla/third_party/ETP-R1/data/scene_datasets/mp3d/PuKPg4mmafe/PuKPg4mmafe.glb.
I0919 01:31:58.926177 1676466 ResourceManager.cpp:569] ResourceManager::loadStageInternal : Attempting to load stage /mnt/data_nas/deeprobotics/daiyang/vla/third_party/ETP-R1/data/scene_datasets/mp3d/PuKPg4mmafe/PuKPg4mmafe.glb 
I0919 01:31:58.926194 1676466 ResourceManager.cpp:1119] Importing Basis files as BC7 for PuKPg4mmafe.glb
W0919 01:32:03.525338 1676466 Simulator.cpp:248] :
---
 The active scene does not contain semantic annotations. 
---
I0919 01:32:03.545520 1676466 simulator.py:213] Loaded navmesh /mnt/data_nas/deeprobotics/daiyang/vla/third_party/ETP-R1/data/scene_datasets/mp3d/PuKPg4mmafe/PuKPg4mmafe.navmesh
I0919 01:33:28.877158 1676466 PhysicsManager.cpp:33] Deconstructing PhysicsManager
I0919 01:33:28.877221 1676466 SemanticScene.h:41] Deconstructing SemanticScene
I0919 01:33:28.878506 1676466 SceneManager.h:25] Deconstructing SceneManager
I0919 01:33:28.878518 1676466 SceneGraph.h:26] Deconstructing SceneGraph
I0919 01:33:28.879068 1676466 Sensor.h:87] Deconstructing Sensor
I0919 01:33:28.886320 1676466 Renderer.cpp:34] Deconstructing Renderer
I0919 01:33:28.886358 1676466 WindowlessContext.h:17] Deconstructing WindowlessContext
I0919 01:33:28.901161 1676466 ManagedContainerBase.cpp:19] ManagedContainerBase::convertFilenameToJSON : Filename : default changed to proposed JSON configuration filename : default.scene_dataset_config.json
I0919 01:33:28.901181 1676466 AttributesManagerBase.h:283] AttributesManager<T>::createFromJsonOrDefaultInternal  (Dataset) : Proposing JSON name : default.scene_dataset_config.json from original name : default | This file  does not exist.
I0919 01:33:28.901538 1676466 AssetAttributesManager.cpp:117] Asset attributes (capsule3DSolid : capsule3DSolid_hemiRings_4_cylRings_1_segments_12_halfLen_0.75_useTexCoords_false_useTangents_false) created and registered.
I0919 01:33:28.901566 1676466 AssetAttributesManager.cpp:117] Asset attributes (capsule3DWireframe : capsule3DWireframe_hemiRings_8_cylRings_1_segments_16_halfLen_1) created and registered.
I0919 01:33:28.901588 1676466 AssetAttributesManager.cpp:117] Asset attributes (coneSolid : coneSolid_segments_12_halfLen_1.25_rings_1_useTexCoords_false_useTangents_false_capEnd_true) created and registered.
I0919 01:33:28.901602 1676466 AssetAttributesManager.cpp:117] Asset attributes (coneWireframe : coneWireframe_segments_32_halfLen_1.25) created and registered.
I0919 01:33:28.901611 1676466 AssetAttributesManager.cpp:117] Asset attributes (cubeSolid : cubeSolid) created and registered.
I0919 01:33:28.901618 1676466 AssetAttributesManager.cpp:117] Asset attributes (cubeWireframe : cubeWireframe) created and registered.
I0919 01:33:28.901638 1676466 AssetAttributesManager.cpp:117] Asset attributes (cylinderSolid : cylinderSolid_rings_1_segments_12_halfLen_1_useTexCoords_false_useTangents_false_capEnds_true) created and registered.
I0919 01:33:28.901654 1676466 AssetAttributesManager.cpp:117] Asset attributes (cylinderWireframe : cylinderWireframe_rings_1_segments_32_halfLen_1) created and registered.
I0919 01:33:28.901665 1676466 AssetAttributesManager.cpp:117] Asset attributes (icosphereSolid : icosphereSolid_subdivs_1) created and registered.
I0919 01:33:28.901674 1676466 AssetAttributesManager.cpp:117] Asset attributes (icosphereWireframe : icosphereWireframe_subdivs_1) created and registered.
I0919 01:33:28.901688 1676466 AssetAttributesManager.cpp:117] Asset attributes (uvSphereSolid : uvSphereSolid_rings_8_segments_16_useTexCoords_false_useTangents_false) created and registered.
I0919 01:33:28.901701 1676466 AssetAttributesManager.cpp:117] Asset attributes (uvSphereWireframe : uvSphereWireframe_rings_16_segments_32) created and registered.
I0919 01:33:28.901707 1676466 AssetAttributesManager.cpp:105] AssetAttributesManager::buildCtorFuncPtrMaps : Built default primitive asset templates : 12
I0919 01:33:28.902110 1676466 SceneDatasetAttributesManager.cpp:23] File (default) not found, so new default dataset attributes created and registered.
I0919 01:33:28.902113 1676466 MetadataMediator.cpp:47] MetadataMediator::createDataset : Dataset default successfully created.
I0919 01:33:28.903154 1676466 AttributesManagerBase.h:283] AttributesManager<T>::createFromJsonOrDefaultInternal  (Physics Manager) : Proposing JSON name : ./data/default.physics_config.json from original name : ./data/default.physics_config.json | This file  does not exist.
I0919 01:33:28.903168 1676466 PhysicsAttributesManager.cpp:27] File (./data/default.physics_config.json) not found, so new default physics manager attributes created and registered.
I0919 01:33:28.903172 1676466 AbstractObjectAttributesManagerBase.h:175] AbstractObjectAttributesManager<T>::createObject  (Stage) : Making attributes with handle : /mnt/data_nas/deeprobotics/daiyang/vla/third_party/ETP-R1/data/scene_datasets/mp3d/aayBHfsNo7d/aayBHfsNo7d.glb
I0919 01:33:28.903177 1676466 ManagedContainerBase.cpp:19] ManagedContainerBase::convertFilenameToJSON : Filename : /mnt/data_nas/deeprobotics/daiyang/vla/third_party/ETP-R1/data/scene_datasets/mp3d/aayBHfsNo7d/aayBHfsNo7d.glb changed to proposed JSON configuration filename : /mnt/data_nas/deeprobotics/daiyang/vla/third_party/ETP-R1/data/scene_datasets/mp3d/aayBHfsNo7d/aayBHfsNo7d.stage_config.json
I0919 01:33:28.905963 1676466 AttributesManagerBase.h:283] AttributesManager<T>::createFromJsonOrDefaultInternal  (Stage) : Proposing JSON name : /mnt/data_nas/deeprobotics/daiyang/vla/third_party/ETP-R1/data/scene_datasets/mp3d/aayBHfsNo7d/aayBHfsNo7d.stage_config.json from original name : /mnt/data_nas/deeprobotics/daiyang/vla/third_party/ETP-R1/data/scene_datasets/mp3d/aayBHfsNo7d/aayBHfsNo7d.glb | This file  does not exist.
I0919 01:33:28.906018 1676466 AbstractObjectAttributesManagerBase.h:181] AbstractObjectAttributesManager<T>::createObject  (Stage) : Done making attributes with handle : /mnt/data_nas/deeprobotics/daiyang/vla/third_party/ETP-R1/data/scene_datasets/mp3d/aayBHfsNo7d/aayBHfsNo7d.glb
I0919 01:33:28.906019 1676466 AbstractObjectAttributesManagerBase.h:188] File (/mnt/data_nas/deeprobotics/daiyang/vla/third_party/ETP-R1/data/scene_datasets/mp3d/aayBHfsNo7d/aayBHfsNo7d.glb) exists but is not a recognized config filename extension, so new default Stage attributes created and registered.
I0919 01:33:28.906024 1676466 Simulator.cpp:156] Loading navmesh from /mnt/data_nas/deeprobotics/daiyang/vla/third_party/ETP-R1/data/scene_datasets/mp3d/aayBHfsNo7d/aayBHfsNo7d.navmesh
I0919 01:33:28.907462 1676466 Simulator.cpp:158] Loaded.
I0919 01:33:28.907470 1676466 SceneGraph.h:93] Created DrawableGroup: 
Renderer: NVIDIA GeForce RTX 5090/PCIe/SSE2 by NVIDIA Corporation
OpenGL version: 4.6.0 NVIDIA 580.126.09
Using optional features:
    GL_ARB_ES2_compatibility
    GL_ARB_direct_state_access
    GL_ARB_get_texture_sub_image
    GL_ARB_invalidate_subdata
    GL_ARB_multi_bind
    GL_ARB_robustness
    GL_ARB_separate_shader_objects
    GL_ARB_texture_filter_anisotropic
    GL_ARB_texture_storage
    GL_ARB_texture_storage_multisample
    GL_ARB_vertex_array_object
    GL_KHR_debug
Using driver workarounds:
    no-forward-compatible-core-context
    nv-egl-incorrect-gl11-function-pointers
    no-layout-qualifiers-on-old-glsl
    nv-zero-context-profile-mask
    nv-implementation-color-read-format-dsa-broken
    nv-cubemap-inconsistent-compressed-image-size
    nv-cubemap-broken-full-compressed-image-query
    nv-compressed-block-size-in-bits
I0919 01:33:28.911300 1676466 ResourceManager.cpp:234] ResourceManager::loadStage : Not loading semantic mesh
I0919 01:33:28.911309 1676466 ResourceManager.cpp:262] ResourceManager::loadStage : start load render asset /mnt/data_nas/deeprobotics/daiyang/vla/third_party/ETP-R1/data/scene_datasets/mp3d/aayBHfsNo7d/aayBHfsNo7d.glb.
I0919 01:33:28.911311 1676466 ResourceManager.cpp:569] ResourceManager::loadStageInternal : Attempting to load stage /mnt/data_nas/deeprobotics/daiyang/vla/third_party/ETP-R1/data/scene_datasets/mp3d/aayBHfsNo7d/aayBHfsNo7d.glb 
I0919 01:33:28.911329 1676466 ResourceManager.cpp:1119] Importing Basis files as BC7 for aayBHfsNo7d.glb
W0919 01:33:30.467257 1676466 Simulator.cpp:248] :
---
 The active scene does not contain semantic annotations. 
---
I0919 01:33:30.508759 1676466 simulator.py:213] Loaded navmesh /mnt/data_nas/deeprobotics/daiyang/vla/third_party/ETP-R1/data/scene_datasets/mp3d/aayBHfsNo7d/aayBHfsNo7d.navmesh
I0919 01:34:09.212519 1676466 PhysicsManager.cpp:33] Deconstructing PhysicsManager
I0919 01:34:09.212577 1676466 SemanticScene.h:41] Deconstructing SemanticScene
I0919 01:34:09.215734 1676466 SceneManager.h:25] Deconstructing SceneManager
I0919 01:34:09.215745 1676466 SceneGraph.h:26] Deconstructing SceneGraph
I0919 01:34:09.216419 1676466 Sensor.h:87] Deconstructing Sensor
I0919 01:34:09.219470 1676466 Renderer.cpp:34] Deconstructing Renderer
I0919 01:34:09.219494 1676466 WindowlessContext.h:17] Deconstructing WindowlessContext
I0919 01:34:09.226727 1676466 ManagedContainerBase.cpp:19] ManagedContainerBase::convertFilenameToJSON : Filename : default changed to proposed JSON configuration filename : default.scene_dataset_config.json
I0919 01:34:09.226747 1676466 AttributesManagerBase.h:283] AttributesManager<T>::createFromJsonOrDefaultInternal  (Dataset) : Proposing JSON name : default.scene_dataset_config.json from original name : default | This file  does not exist.
I0919 01:34:09.227226 1676466 AssetAttributesManager.cpp:117] Asset attributes (capsule3DSolid : capsule3DSolid_hemiRings_4_cylRings_1_segments_12_halfLen_0.75_useTexCoords_false_useTangents_false) created and registered.
I0919 01:34:09.227281 1676466 AssetAttributesManager.cpp:117] Asset attributes (capsule3DWireframe : capsule3DWireframe_hemiRings_8_cylRings_1_segments_16_halfLen_1) created and registered.
I0919 01:34:09.227316 1676466 AssetAttributesManager.cpp:117] Asset attributes (coneSolid : coneSolid_segments_12_halfLen_1.25_rings_1_useTexCoords_false_useTangents_false_capEnd_true) created and registered.
I0919 01:34:09.227339 1676466 AssetAttributesManager.cpp:117] Asset attributes (coneWireframe : coneWireframe_segments_32_halfLen_1.25) created and registered.
I0919 01:34:09.227351 1676466 AssetAttributesManager.cpp:117] Asset attributes (cubeSolid : cubeSolid) created and registered.
I0919 01:34:09.227360 1676466 AssetAttributesManager.cpp:117] Asset attributes (cubeWireframe : cubeWireframe) created and registered.
I0919 01:34:09.227391 1676466 AssetAttributesManager.cpp:117] Asset attributes (cylinderSolid : cylinderSolid_rings_1_segments_12_halfLen_1_useTexCoords_false_useTangents_false_capEnds_true) created and registered.
I0919 01:34:09.227418 1676466 AssetAttributesManager.cpp:117] Asset attributes (cylinderWireframe : cylinderWireframe_rings_1_segments_32_halfLen_1) created and registered.
I0919 01:34:09.227433 1676466 AssetAttributesManager.cpp:117] Asset attributes (icosphereSolid : icosphereSolid_subdivs_1) created and registered.
I0919 01:34:09.227447 1676466 AssetAttributesManager.cpp:117] Asset attributes (icosphereWireframe : icosphereWireframe_subdivs_1) created and registered.
I0919 01:34:09.227466 1676466 AssetAttributesManager.cpp:117] Asset attributes (uvSphereSolid : uvSphereSolid_rings_8_segments_16_useTexCoords_false_useTangents_false) created and registered.
I0919 01:34:09.227484 1676466 AssetAttributesManager.cpp:117] Asset attributes (uvSphereWireframe : uvSphereWireframe_rings_16_segments_32) created and registered.
I0919 01:34:09.227494 1676466 AssetAttributesManager.cpp:105] AssetAttributesManager::buildCtorFuncPtrMaps : Built default primitive asset templates : 12
I0919 01:34:09.228143 1676466 SceneDatasetAttributesManager.cpp:23] File (default) not found, so new default dataset attributes created and registered.
I0919 01:34:09.228147 1676466 MetadataMediator.cpp:47] MetadataMediator::createDataset : Dataset default successfully created.
I0919 01:34:09.228398 1676466 AttributesManagerBase.h:283] AttributesManager<T>::createFromJsonOrDefaultInternal  (Physics Manager) : Proposing JSON name : ./data/default.physics_config.json from original name : ./data/default.physics_config.json | This file  does not exist.
I0919 01:34:09.228416 1676466 PhysicsAttributesManager.cpp:27] File (./data/default.physics_config.json) not found, so new default physics manager attributes created and registered.
I0919 01:34:09.228421 1676466 AbstractObjectAttributesManagerBase.h:175] AbstractObjectAttributesManager<T>::createObject  (Stage) : Making attributes with handle : /mnt/data_nas/deeprobotics/daiyang/vla/third_party/ETP-R1/data/scene_datasets/mp3d/82sE5b5pLXE/82sE5b5pLXE.glb
I0919 01:34:09.228427 1676466 ManagedContainerBase.cpp:19] ManagedContainerBase::convertFilenameToJSON : Filename : /mnt/data_nas/deeprobotics/daiyang/vla/third_party/ETP-R1/data/scene_datasets/mp3d/82sE5b5pLXE/82sE5b5pLXE.glb changed to proposed JSON configuration filename : /mnt/data_nas/deeprobotics/daiyang/vla/third_party/ETP-R1/data/scene_datasets/mp3d/82sE5b5pLXE/82sE5b5pLXE.stage_config.json
I0919 01:34:09.228443 1676466 AttributesManagerBase.h:283] AttributesManager<T>::createFromJsonOrDefaultInternal  (Stage) : Proposing JSON name : /mnt/data_nas/deeprobotics/daiyang/vla/third_party/ETP-R1/data/scene_datasets/mp3d/82sE5b5pLXE/82sE5b5pLXE.stage_config.json from original name : /mnt/data_nas/deeprobotics/daiyang/vla/third_party/ETP-R1/data/scene_datasets/mp3d/82sE5b5pLXE/82sE5b5pLXE.glb | This file  does not exist.
I0919 01:34:09.228514 1676466 AbstractObjectAttributesManagerBase.h:181] AbstractObjectAttributesManager<T>::createObject  (Stage) : Done making attributes with handle : /mnt/data_nas/deeprobotics/daiyang/vla/third_party/ETP-R1/data/scene_datasets/mp3d/82sE5b5pLXE/82sE5b5pLXE.glb
I0919 01:34:09.228521 1676466 AbstractObjectAttributesManagerBase.h:188] File (/mnt/data_nas/deeprobotics/daiyang/vla/third_party/ETP-R1/data/scene_datasets/mp3d/82sE5b5pLXE/82sE5b5pLXE.glb) exists but is not a recognized config filename extension, so new default Stage attributes created and registered.
I0919 01:34:09.228529 1676466 Simulator.cpp:156] Loading navmesh from /mnt/data_nas/deeprobotics/daiyang/vla/third_party/ETP-R1/data/scene_datasets/mp3d/82sE5b5pLXE/82sE5b5pLXE.navmesh
I0919 01:34:09.229362 1676466 Simulator.cpp:158] Loaded.
I0919 01:34:09.229372 1676466 SceneGraph.h:93] Created DrawableGroup: 
Renderer: NVIDIA GeForce RTX 5090/PCIe/SSE2 by NVIDIA Corporation
OpenGL version: 4.6.0 NVIDIA 580.126.09
Using optional features:
    GL_ARB_ES2_compatibility
    GL_ARB_direct_state_access
    GL_ARB_get_texture_sub_image
    GL_ARB_invalidate_subdata
    GL_ARB_multi_bind
    GL_ARB_robustness
    GL_ARB_separate_shader_objects
    GL_ARB_texture_filter_anisotropic
    GL_ARB_texture_storage
    GL_ARB_texture_storage_multisample
    GL_ARB_vertex_array_object
    GL_KHR_debug
Using driver workarounds:
    no-forward-compatible-core-context
    nv-egl-incorrect-gl11-function-pointers
    no-layout-qualifiers-on-old-glsl
    nv-zero-context-profile-mask
    nv-implementation-color-read-format-dsa-broken
    nv-cubemap-inconsistent-compressed-image-size
    nv-cubemap-broken-full-compressed-image-query
    nv-compressed-block-size-in-bits
I0919 01:34:09.233783 1676466 ResourceManager.cpp:234] ResourceManager::loadStage : Not loading semantic mesh
I0919 01:34:09.233793 1676466 ResourceManager.cpp:262] ResourceManager::loadStage : start load render asset /mnt/data_nas/deeprobotics/daiyang/vla/third_party/ETP-R1/data/scene_datasets/mp3d/82sE5b5pLXE/82sE5b5pLXE.glb.
I0919 01:34:09.233798 1676466 ResourceManager.cpp:569] ResourceManager::loadStageInternal : Attempting to load stage /mnt/data_nas/deeprobotics/daiyang/vla/third_party/ETP-R1/data/scene_datasets/mp3d/82sE5b5pLXE/82sE5b5pLXE.glb 
I0919 01:34:09.233817 1676466 ResourceManager.cpp:1119] Importing Basis files as BC7 for 82sE5b5pLXE.glb
W0919 01:34:11.294232 1676466 Simulator.cpp:248] :
---
 The active scene does not contain semantic annotations. 
---
I0919 01:34:11.331045 1676466 simulator.py:213] Loaded navmesh /mnt/data_nas/deeprobotics/daiyang/vla/third_party/ETP-R1/data/scene_datasets/mp3d/82sE5b5pLXE/82sE5b5pLXE.navmesh
I0919 01:36:26.522395 1676466 PhysicsManager.cpp:33] Deconstructing PhysicsManager
I0919 01:36:26.522455 1676466 SemanticScene.h:41] Deconstructing SemanticScene
I0919 01:36:26.524509 1676466 SceneManager.h:25] Deconstructing SceneManager
I0919 01:36:26.524520 1676466 SceneGraph.h:26] Deconstructing SceneGraph
I0919 01:36:26.524834 1676466 Sensor.h:87] Deconstructing Sensor
I0919 01:36:26.529062 1676466 Renderer.cpp:34] Deconstructing Renderer
I0919 01:36:26.529091 1676466 WindowlessContext.h:17] Deconstructing WindowlessContext
I0919 01:36:26.534161 1676466 ManagedContainerBase.cpp:19] ManagedContainerBase::convertFilenameToJSON : Filename : default changed to proposed JSON configuration filename : default.scene_dataset_config.json
I0919 01:36:26.534179 1676466 AttributesManagerBase.h:283] AttributesManager<T>::createFromJsonOrDefaultInternal  (Dataset) : Proposing JSON name : default.scene_dataset_config.json from original name : default | This file  does not exist.
I0919 01:36:26.534696 1676466 AssetAttributesManager.cpp:117] Asset attributes (capsule3DSolid : capsule3DSolid_hemiRings_4_cylRings_1_segments_12_halfLen_0.75_useTexCoords_false_useTangents_false) created and registered.
I0919 01:36:26.534739 1676466 AssetAttributesManager.cpp:117] Asset attributes (capsule3DWireframe : capsule3DWireframe_hemiRings_8_cylRings_1_segments_16_halfLen_1) created and registered.
I0919 01:36:26.534775 1676466 AssetAttributesManager.cpp:117] Asset attributes (coneSolid : coneSolid_segments_12_halfLen_1.25_rings_1_useTexCoords_false_useTangents_false_capEnd_true) created and registered.
I0919 01:36:26.534804 1676466 AssetAttributesManager.cpp:117] Asset attributes (coneWireframe : coneWireframe_segments_32_halfLen_1.25) created and registered.
I0919 01:36:26.534816 1676466 AssetAttributesManager.cpp:117] Asset attributes (cubeSolid : cubeSolid) created and registered.
I0919 01:36:26.534825 1676466 AssetAttributesManager.cpp:117] Asset attributes (cubeWireframe : cubeWireframe) created and registered.
I0919 01:36:26.534855 1676466 AssetAttributesManager.cpp:117] Asset attributes (cylinderSolid : cylinderSolid_rings_1_segments_12_halfLen_1_useTexCoords_false_useTangents_false_capEnds_true) created and registered.
I0919 01:36:26.534883 1676466 AssetAttributesManager.cpp:117] Asset attributes (cylinderWireframe : cylinderWireframe_rings_1_segments_32_halfLen_1) created and registered.
I0919 01:36:26.534899 1676466 AssetAttributesManager.cpp:117] Asset attributes (icosphereSolid : icosphereSolid_subdivs_1) created and registered.
I0919 01:36:26.534911 1676466 AssetAttributesManager.cpp:117] Asset attributes (icosphereWireframe : icosphereWireframe_subdivs_1) created and registered.
I0919 01:36:26.534931 1676466 AssetAttributesManager.cpp:117] Asset attributes (uvSphereSolid : uvSphereSolid_rings_8_segments_16_useTexCoords_false_useTangents_false) created and registered.
I0919 01:36:26.534951 1676466 AssetAttributesManager.cpp:117] Asset attributes (uvSphereWireframe : uvSphereWireframe_rings_16_segments_32) created and registered.
I0919 01:36:26.534960 1676466 AssetAttributesManager.cpp:105] AssetAttributesManager::buildCtorFuncPtrMaps : Built default primitive asset templates : 12
I0919 01:36:26.535619 1676466 SceneDatasetAttributesManager.cpp:23] File (default) not found, so new default dataset attributes created and registered.
I0919 01:36:26.535621 1676466 MetadataMediator.cpp:47] MetadataMediator::createDataset : Dataset default successfully created.
I0919 01:36:26.535864 1676466 AttributesManagerBase.h:283] AttributesManager<T>::createFromJsonOrDefaultInternal  (Physics Manager) : Proposing JSON name : ./data/default.physics_config.json from original name : ./data/default.physics_config.json | This file  does not exist.
I0919 01:36:26.535882 1676466 PhysicsAttributesManager.cpp:27] File (./data/default.physics_config.json) not found, so new default physics manager attributes created and registered.
I0919 01:36:26.535887 1676466 AbstractObjectAttributesManagerBase.h:175] AbstractObjectAttributesManager<T>::createObject  (Stage) : Making attributes with handle : /mnt/data_nas/deeprobotics/daiyang/vla/third_party/ETP-R1/data/scene_datasets/mp3d/B6ByNegPMKs/B6ByNegPMKs.glb
I0919 01:36:26.535893 1676466 ManagedContainerBase.cpp:19] ManagedContainerBase::convertFilenameToJSON : Filename : /mnt/data_nas/deeprobotics/daiyang/vla/third_party/ETP-R1/data/scene_datasets/mp3d/B6ByNegPMKs/B6ByNegPMKs.glb changed to proposed JSON configuration filename : /mnt/data_nas/deeprobotics/daiyang/vla/third_party/ETP-R1/data/scene_datasets/mp3d/B6ByNegPMKs/B6ByNegPMKs.stage_config.json
I0919 01:36:26.535909 1676466 AttributesManagerBase.h:283] AttributesManager<T>::createFromJsonOrDefaultInternal  (Stage) : Proposing JSON name : /mnt/data_nas/deeprobotics/daiyang/vla/third_party/ETP-R1/data/scene_datasets/mp3d/B6ByNegPMKs/B6ByNegPMKs.stage_config.json from original name : /mnt/data_nas/deeprobotics/daiyang/vla/third_party/ETP-R1/data/scene_datasets/mp3d/B6ByNegPMKs/B6ByNegPMKs.glb | This file  does not exist.
I0919 01:36:26.535979 1676466 AbstractObjectAttributesManagerBase.h:181] AbstractObjectAttributesManager<T>::createObject  (Stage) : Done making attributes with handle : /mnt/data_nas/deeprobotics/daiyang/vla/third_party/ETP-R1/data/scene_datasets/mp3d/B6ByNegPMKs/B6ByNegPMKs.glb
I0919 01:36:26.535982 1676466 AbstractObjectAttributesManagerBase.h:188] File (/mnt/data_nas/deeprobotics/daiyang/vla/third_party/ETP-R1/data/scene_datasets/mp3d/B6ByNegPMKs/B6ByNegPMKs.glb) exists but is not a recognized config filename extension, so new default Stage attributes created and registered.
I0919 01:36:26.535989 1676466 Simulator.cpp:156] Loading navmesh from /mnt/data_nas/deeprobotics/daiyang/vla/third_party/ETP-R1/data/scene_datasets/mp3d/B6ByNegPMKs/B6ByNegPMKs.navmesh
I0919 01:36:26.537338 1676466 Simulator.cpp:158] Loaded.
I0919 01:36:26.537348 1676466 SceneGraph.h:93] Created DrawableGroup: 
Renderer: NVIDIA GeForce RTX 5090/PCIe/SSE2 by NVIDIA Corporation
OpenGL version: 4.6.0 NVIDIA 580.126.09
Using optional features:
    GL_ARB_ES2_compatibility
    GL_ARB_direct_state_access
    GL_ARB_get_texture_sub_image
    GL_ARB_invalidate_subdata
    GL_ARB_multi_bind
    GL_ARB_robustness
    GL_ARB_separate_shader_objects
    GL_ARB_texture_filter_anisotropic
    GL_ARB_texture_storage
    GL_ARB_texture_storage_multisample
    GL_ARB_vertex_array_object
    GL_KHR_debug
Using driver workarounds:
    no-forward-compatible-core-context
    nv-egl-incorrect-gl11-function-pointers
    no-layout-qualifiers-on-old-glsl
    nv-zero-context-profile-mask
    nv-implementation-color-read-format-dsa-broken
    nv-cubemap-inconsistent-compressed-image-size
    nv-cubemap-broken-full-compressed-image-query
    nv-compressed-block-size-in-bits
I0919 01:36:26.541510 1676466 ResourceManager.cpp:234] ResourceManager::loadStage : Not loading semantic mesh
I0919 01:36:26.541520 1676466 ResourceManager.cpp:262] ResourceManager::loadStage : start load render asset /mnt/data_nas/deeprobotics/daiyang/vla/third_party/ETP-R1/data/scene_datasets/mp3d/B6ByNegPMKs/B6ByNegPMKs.glb.
I0919 01:36:26.541523 1676466 ResourceManager.cpp:569] ResourceManager::loadStageInternal : Attempting to load stage /mnt/data_nas/deeprobotics/daiyang/vla/third_party/ETP-R1/data/scene_datasets/mp3d/B6ByNegPMKs/B6ByNegPMKs.glb 
I0919 01:36:26.541543 1676466 ResourceManager.cpp:1119] Importing Basis files as BC7 for B6ByNegPMKs.glb
W0919 01:36:36.136318 1676466 Simulator.cpp:248] :
---
 The active scene does not contain semantic annotations. 
---
I0919 01:36:36.331648 1676466 simulator.py:213] Loaded navmesh /mnt/data_nas/deeprobotics/daiyang/vla/third_party/ETP-R1/data/scene_datasets/mp3d/B6ByNegPMKs/B6ByNegPMKs.navmesh
I0919 01:38:08.076045 1676466 PhysicsManager.cpp:33] Deconstructing PhysicsManager
I0919 01:38:08.076114 1676466 SemanticScene.h:41] Deconstructing SemanticScene
I0919 01:38:08.104035 1676466 SceneManager.h:25] Deconstructing SceneManager
I0919 01:38:08.104060 1676466 SceneGraph.h:26] Deconstructing SceneGraph
I0919 01:38:08.104877 1676466 Sensor.h:87] Deconstructing Sensor
I0919 01:38:08.126044 1676466 Renderer.cpp:34] Deconstructing Renderer
I0919 01:38:08.126080 1676466 WindowlessContext.h:17] Deconstructing WindowlessContext
I0919 01:38:08.165717 1676466 ManagedContainerBase.cpp:19] ManagedContainerBase::convertFilenameToJSON : Filename : default changed to proposed JSON configuration filename : default.scene_dataset_config.json
I0919 01:38:08.165755 1676466 AttributesManagerBase.h:283] AttributesManager<T>::createFromJsonOrDefaultInternal  (Dataset) : Proposing JSON name : default.scene_dataset_config.json from original name : default | This file  does not exist.
I0919 01:38:08.166030 1676466 AssetAttributesManager.cpp:117] Asset attributes (capsule3DSolid : capsule3DSolid_hemiRings_4_cylRings_1_segments_12_halfLen_0.75_useTexCoords_false_useTangents_false) created and registered.
I0919 01:38:08.166086 1676466 AssetAttributesManager.cpp:117] Asset attributes (capsule3DWireframe : capsule3DWireframe_hemiRings_8_cylRings_1_segments_16_halfLen_1) created and registered.
I0919 01:38:08.166129 1676466 AssetAttributesManager.cpp:117] Asset attributes (coneSolid : coneSolid_segments_12_halfLen_1.25_rings_1_useTexCoords_false_useTangents_false_capEnd_true) created and registered.
I0919 01:38:08.166155 1676466 AssetAttributesManager.cpp:117] Asset attributes (coneWireframe : coneWireframe_segments_32_halfLen_1.25) created and registered.
I0919 01:38:08.166172 1676466 AssetAttributesManager.cpp:117] Asset attributes (cubeSolid : cubeSolid) created and registered.
I0919 01:38:08.166183 1676466 AssetAttributesManager.cpp:117] Asset attributes (cubeWireframe : cubeWireframe) created and registered.
I0919 01:38:08.166227 1676466 AssetAttributesManager.cpp:117] Asset attributes (cylinderSolid : cylinderSolid_rings_1_segments_12_halfLen_1_useTexCoords_false_useTangents_false_capEnds_true) created and registered.
I0919 01:38:08.166265 1676466 AssetAttributesManager.cpp:117] Asset attributes (cylinderWireframe : cylinderWireframe_rings_1_segments_32_halfLen_1) created and registered.
I0919 01:38:08.166290 1676466 AssetAttributesManager.cpp:117] Asset attributes (icosphereSolid : icosphereSolid_subdivs_1) created and registered.
I0919 01:38:08.166307 1676466 AssetAttributesManager.cpp:117] Asset attributes (icosphereWireframe : icosphereWireframe_subdivs_1) created and registered.
I0919 01:38:08.166334 1676466 AssetAttributesManager.cpp:117] Asset attributes (uvSphereSolid : uvSphereSolid_rings_8_segments_16_useTexCoords_false_useTangents_false) created and registered.
I0919 01:38:08.166359 1676466 AssetAttributesManager.cpp:117] Asset attributes (uvSphereWireframe : uvSphereWireframe_rings_16_segments_32) created and registered.
I0919 01:38:08.166370 1676466 AssetAttributesManager.cpp:105] AssetAttributesManager::buildCtorFuncPtrMaps : Built default primitive asset templates : 12
I0919 01:38:08.167088 1676466 SceneDatasetAttributesManager.cpp:23] File (default) not found, so new default dataset attributes created and registered.
I0919 01:38:08.167096 1676466 MetadataMediator.cpp:47] MetadataMediator::createDataset : Dataset default successfully created.
I0919 01:38:08.167399 1676466 AttributesManagerBase.h:283] AttributesManager<T>::createFromJsonOrDefaultInternal  (Physics Manager) : Proposing JSON name : ./data/default.physics_config.json from original name : ./data/default.physics_config.json | This file  does not exist.
I0919 01:38:08.167430 1676466 PhysicsAttributesManager.cpp:27] File (./data/default.physics_config.json) not found, so new default physics manager attributes created and registered.
I0919 01:38:08.167438 1676466 AbstractObjectAttributesManagerBase.h:175] AbstractObjectAttributesManager<T>::createObject  (Stage) : Making attributes with handle : /mnt/data_nas/deeprobotics/daiyang/vla/third_party/ETP-R1/data/scene_datasets/mp3d/PuKPg4mmafe/PuKPg4mmafe.glb
I0919 01:38:08.167446 1676466 ManagedContainerBase.cpp:19] ManagedContainerBase::convertFilenameToJSON : Filename : /mnt/data_nas/deeprobotics/daiyang/vla/third_party/ETP-R1/data/scene_datasets/mp3d/PuKPg4mmafe/PuKPg4mmafe.glb changed to proposed JSON configuration filename : /mnt/data_nas/deeprobotics/daiyang/vla/third_party/ETP-R1/data/scene_datasets/mp3d/PuKPg4mmafe/PuKPg4mmafe.stage_config.json
I0919 01:38:08.167467 1676466 AttributesManagerBase.h:283] AttributesManager<T>::createFromJsonOrDefaultInternal  (Stage) : Proposing JSON name : /mnt/data_nas/deeprobotics/daiyang/vla/third_party/ETP-R1/data/scene_datasets/mp3d/PuKPg4mmafe/PuKPg4mmafe.stage_config.json from original name : /mnt/data_nas/deeprobotics/daiyang/vla/third_party/ETP-R1/data/scene_datasets/mp3d/PuKPg4mmafe/PuKPg4mmafe.glb | This file  does not exist.
I0919 01:38:08.167564 1676466 AbstractObjectAttributesManagerBase.h:181] AbstractObjectAttributesManager<T>::createObject  (Stage) : Done making attributes with handle : /mnt/data_nas/deeprobotics/daiyang/vla/third_party/ETP-R1/data/scene_datasets/mp3d/PuKPg4mmafe/PuKPg4mmafe.glb
I0919 01:38:08.167569 1676466 AbstractObjectAttributesManagerBase.h:188] File (/mnt/data_nas/deeprobotics/daiyang/vla/third_party/ETP-R1/data/scene_datasets/mp3d/PuKPg4mmafe/PuKPg4mmafe.glb) exists but is not a recognized config filename extension, so new default Stage attributes created and registered.
I0919 01:38:08.167582 1676466 Simulator.cpp:156] Loading navmesh from /mnt/data_nas/deeprobotics/daiyang/vla/third_party/ETP-R1/data/scene_datasets/mp3d/PuKPg4mmafe/PuKPg4mmafe.navmesh
I0919 01:38:08.168895 1676466 Simulator.cpp:158] Loaded.
I0919 01:38:08.168913 1676466 SceneGraph.h:93] Created DrawableGroup: 
Renderer: NVIDIA GeForce RTX 5090/PCIe/SSE2 by NVIDIA Corporation
OpenGL version: 4.6.0 NVIDIA 580.126.09
Using optional features:
    GL_ARB_ES2_compatibility
    GL_ARB_direct_state_access
    GL_ARB_get_texture_sub_image
    GL_ARB_invalidate_subdata
    GL_ARB_multi_bind
    GL_ARB_robustness
    GL_ARB_separate_shader_objects
    GL_ARB_texture_filter_anisotropic
    GL_ARB_texture_storage
    GL_ARB_texture_storage_multisample
    GL_ARB_vertex_array_object
    GL_KHR_debug
Using driver workarounds:
    no-forward-compatible-core-context
    nv-egl-incorrect-gl11-function-pointers
    no-layout-qualifiers-on-old-glsl
    nv-zero-context-profile-mask
    nv-implementation-color-read-format-dsa-broken
    nv-cubemap-inconsistent-compressed-image-size
    nv-cubemap-broken-full-compressed-image-query
    nv-compressed-block-size-in-bits
I0919 01:38:08.174383 1676466 ResourceManager.cpp:234] ResourceManager::loadStage : Not loading semantic mesh
I0919 01:38:08.174402 1676466 ResourceManager.cpp:262] ResourceManager::loadStage : start load render asset /mnt/data_nas/deeprobotics/daiyang/vla/third_party/ETP-R1/data/scene_datasets/mp3d/PuKPg4mmafe/PuKPg4mmafe.glb.
I0919 01:38:08.174407 1676466 ResourceManager.cpp:569] ResourceManager::loadStageInternal : Attempting to load stage /mnt/data_nas/deeprobotics/daiyang/vla/third_party/ETP-R1/data/scene_datasets/mp3d/PuKPg4mmafe/PuKPg4mmafe.glb 
I0919 01:38:08.174435 1676466 ResourceManager.cpp:1119] Importing Basis files as BC7 for PuKPg4mmafe.glb
W0919 01:38:12.812402 1676466 Simulator.cpp:248] :
---
 The active scene does not contain semantic annotations. 
---
I0919 01:38:12.834155 1676466 simulator.py:213] Loaded navmesh /mnt/data_nas/deeprobotics/daiyang/vla/third_party/ETP-R1/data/scene_datasets/mp3d/PuKPg4mmafe/PuKPg4mmafe.navmesh
I0919 01:41:17.173790 1676466 PhysicsManager.cpp:33] Deconstructing PhysicsManager
I0919 01:41:17.173851 1676466 SemanticScene.h:41] Deconstructing SemanticScene
I0919 01:41:17.175035 1676466 SceneManager.h:25] Deconstructing SceneManager
I0919 01:41:17.175042 1676466 SceneGraph.h:26] Deconstructing SceneGraph
I0919 01:41:17.175354 1676466 Sensor.h:87] Deconstructing Sensor
I0919 01:41:17.181784 1676466 Renderer.cpp:34] Deconstructing Renderer
I0919 01:41:17.181814 1676466 WindowlessContext.h:17] Deconstructing WindowlessContext
I0919 01:41:17.195111 1676466 ManagedContainerBase.cpp:19] ManagedContainerBase::convertFilenameToJSON : Filename : default changed to proposed JSON configuration filename : default.scene_dataset_config.json
I0919 01:41:17.195133 1676466 AttributesManagerBase.h:283] AttributesManager<T>::createFromJsonOrDefaultInternal  (Dataset) : Proposing JSON name : default.scene_dataset_config.json from original name : default | This file  does not exist.
I0919 01:41:17.195291 1676466 AssetAttributesManager.cpp:117] Asset attributes (capsule3DSolid : capsule3DSolid_hemiRings_4_cylRings_1_segments_12_halfLen_0.75_useTexCoords_false_useTangents_false) created and registered.
I0919 01:41:17.195333 1676466 AssetAttributesManager.cpp:117] Asset attributes (capsule3DWireframe : capsule3DWireframe_hemiRings_8_cylRings_1_segments_16_halfLen_1) created and registered.
I0919 01:41:17.195369 1676466 AssetAttributesManager.cpp:117] Asset attributes (coneSolid : coneSolid_segments_12_halfLen_1.25_rings_1_useTexCoords_false_useTangents_false_capEnd_true) created and registered.
I0919 01:41:17.195393 1676466 AssetAttributesManager.cpp:117] Asset attributes (coneWireframe : coneWireframe_segments_32_halfLen_1.25) created and registered.
I0919 01:41:17.195406 1676466 AssetAttributesManager.cpp:117] Asset attributes (cubeSolid : cubeSolid) created and registered.
I0919 01:41:17.195416 1676466 AssetAttributesManager.cpp:117] Asset attributes (cubeWireframe : cubeWireframe) created and registered.
I0919 01:41:17.195447 1676466 AssetAttributesManager.cpp:117] Asset attributes (cylinderSolid : cylinderSolid_rings_1_segments_12_halfLen_1_useTexCoords_false_useTangents_false_capEnds_true) created and registered.
I0919 01:41:17.195475 1676466 AssetAttributesManager.cpp:117] Asset attributes (cylinderWireframe : cylinderWireframe_rings_1_segments_32_halfLen_1) created and registered.
I0919 01:41:17.195500 1676466 AssetAttributesManager.cpp:117] Asset attributes (icosphereSolid : icosphereSolid_subdivs_1) created and registered.
I0919 01:41:17.195513 1676466 AssetAttributesManager.cpp:117] Asset attributes (icosphereWireframe : icosphereWireframe_subdivs_1) created and registered.
I0919 01:41:17.195534 1676466 AssetAttributesManager.cpp:117] Asset attributes (uvSphereSolid : uvSphereSolid_rings_8_segments_16_useTexCoords_false_useTangents_false) created and registered.
I0919 01:41:17.195554 1676466 AssetAttributesManager.cpp:117] Asset attributes (uvSphereWireframe : uvSphereWireframe_rings_16_segments_32) created and registered.
I0919 01:41:17.195564 1676466 AssetAttributesManager.cpp:105] AssetAttributesManager::buildCtorFuncPtrMaps : Built default primitive asset templates : 12
I0919 01:41:17.196233 1676466 SceneDatasetAttributesManager.cpp:23] File (default) not found, so new default dataset attributes created and registered.
I0919 01:41:17.196236 1676466 MetadataMediator.cpp:47] MetadataMediator::createDataset : Dataset default successfully created.
I0919 01:41:17.197284 1676466 AttributesManagerBase.h:283] AttributesManager<T>::createFromJsonOrDefaultInternal  (Physics Manager) : Proposing JSON name : ./data/default.physics_config.json from original name : ./data/default.physics_config.json | This file  does not exist.
I0919 01:41:17.197304 1676466 PhysicsAttributesManager.cpp:27] File (./data/default.physics_config.json) not found, so new default physics manager attributes created and registered.
I0919 01:41:17.197309 1676466 AbstractObjectAttributesManagerBase.h:175] AbstractObjectAttributesManager<T>::createObject  (Stage) : Making attributes with handle : /mnt/data_nas/deeprobotics/daiyang/vla/third_party/ETP-R1/data/scene_datasets/mp3d/aayBHfsNo7d/aayBHfsNo7d.glb
I0919 01:41:17.197314 1676466 ManagedContainerBase.cpp:19] ManagedContainerBase::convertFilenameToJSON : Filename : /mnt/data_nas/deeprobotics/daiyang/vla/third_party/ETP-R1/data/scene_datasets/mp3d/aayBHfsNo7d/aayBHfsNo7d.glb changed to proposed JSON configuration filename : /mnt/data_nas/deeprobotics/daiyang/vla/third_party/ETP-R1/data/scene_datasets/mp3d/aayBHfsNo7d/aayBHfsNo7d.stage_config.json
I0919 01:41:17.200656 1676466 AttributesManagerBase.h:283] AttributesManager<T>::createFromJsonOrDefaultInternal  (Stage) : Proposing JSON name : /mnt/data_nas/deeprobotics/daiyang/vla/third_party/ETP-R1/data/scene_datasets/mp3d/aayBHfsNo7d/aayBHfsNo7d.stage_config.json from original name : /mnt/data_nas/deeprobotics/daiyang/vla/third_party/ETP-R1/data/scene_datasets/mp3d/aayBHfsNo7d/aayBHfsNo7d.glb | This file  does not exist.
I0919 01:41:17.200731 1676466 AbstractObjectAttributesManagerBase.h:181] AbstractObjectAttributesManager<T>::createObject  (Stage) : Done making attributes with handle : /mnt/data_nas/deeprobotics/daiyang/vla/third_party/ETP-R1/data/scene_datasets/mp3d/aayBHfsNo7d/aayBHfsNo7d.glb
I0919 01:41:17.200734 1676466 AbstractObjectAttributesManagerBase.h:188] File (/mnt/data_nas/deeprobotics/daiyang/vla/third_party/ETP-R1/data/scene_datasets/mp3d/aayBHfsNo7d/aayBHfsNo7d.glb) exists but is not a recognized config filename extension, so new default Stage attributes created and registered.
I0919 01:41:17.200742 1676466 Simulator.cpp:156] Loading navmesh from /mnt/data_nas/deeprobotics/daiyang/vla/third_party/ETP-R1/data/scene_datasets/mp3d/aayBHfsNo7d/aayBHfsNo7d.navmesh
I0919 01:41:17.201772 1676466 Simulator.cpp:158] Loaded.
I0919 01:41:17.201783 1676466 SceneGraph.h:93] Created DrawableGroup: 
Renderer: NVIDIA GeForce RTX 5090/PCIe/SSE2 by NVIDIA Corporation
OpenGL version: 4.6.0 NVIDIA 580.126.09
Using optional features:
    GL_ARB_ES2_compatibility
    GL_ARB_direct_state_access
    GL_ARB_get_texture_sub_image
    GL_ARB_invalidate_subdata
    GL_ARB_multi_bind
    GL_ARB_robustness
    GL_ARB_separate_shader_objects
    GL_ARB_texture_filter_anisotropic
    GL_ARB_texture_storage
    GL_ARB_texture_storage_multisample
    GL_ARB_vertex_array_object
    GL_KHR_debug
Using driver workarounds:
    no-forward-compatible-core-context
    nv-egl-incorrect-gl11-function-pointers
    no-layout-qualifiers-on-old-glsl
    nv-zero-context-profile-mask
    nv-implementation-color-read-format-dsa-broken
    nv-cubemap-inconsistent-compressed-image-size
    nv-cubemap-broken-full-compressed-image-query
    nv-compressed-block-size-in-bits
I0919 01:41:17.206101 1676466 ResourceManager.cpp:234] ResourceManager::loadStage : Not loading semantic mesh
I0919 01:41:17.206112 1676466 ResourceManager.cpp:262] ResourceManager::loadStage : start load render asset /mnt/data_nas/deeprobotics/daiyang/vla/third_party/ETP-R1/data/scene_datasets/mp3d/aayBHfsNo7d/aayBHfsNo7d.glb.
I0919 01:41:17.206115 1676466 ResourceManager.cpp:569] ResourceManager::loadStageInternal : Attempting to load stage /mnt/data_nas/deeprobotics/daiyang/vla/third_party/ETP-R1/data/scene_datasets/mp3d/aayBHfsNo7d/aayBHfsNo7d.glb 
I0919 01:41:17.206138 1676466 ResourceManager.cpp:1119] Importing Basis files as BC7 for aayBHfsNo7d.glb
W0919 01:41:18.783595 1676466 Simulator.cpp:248] :
---
 The active scene does not contain semantic annotations. 
---
I0919 01:41:18.824974 1676466 simulator.py:213] Loaded navmesh /mnt/data_nas/deeprobotics/daiyang/vla/third_party/ETP-R1/data/scene_datasets/mp3d/aayBHfsNo7d/aayBHfsNo7d.navmesh
I0919 01:44:26.070889 1676466 PhysicsManager.cpp:33] Deconstructing PhysicsManager
I0919 01:44:26.070938 1676466 SemanticScene.h:41] Deconstructing SemanticScene
I0919 01:44:26.073642 1676466 SceneManager.h:25] Deconstructing SceneManager
I0919 01:44:26.073650 1676466 SceneGraph.h:26] Deconstructing SceneGraph
I0919 01:44:26.074249 1676466 Sensor.h:87] Deconstructing Sensor
I0919 01:44:26.076870 1676466 Renderer.cpp:34] Deconstructing Renderer
I0919 01:44:26.076893 1676466 WindowlessContext.h:17] Deconstructing WindowlessContext
I0919 01:44:26.083106 1676466 ManagedContainerBase.cpp:19] ManagedContainerBase::convertFilenameToJSON : Filename : default changed to proposed JSON configuration filename : default.scene_dataset_config.json
I0919 01:44:26.083123 1676466 AttributesManagerBase.h:283] AttributesManager<T>::createFromJsonOrDefaultInternal  (Dataset) : Proposing JSON name : default.scene_dataset_config.json from original name : default | This file  does not exist.
I0919 01:44:26.083472 1676466 AssetAttributesManager.cpp:117] Asset attributes (capsule3DSolid : capsule3DSolid_hemiRings_4_cylRings_1_segments_12_halfLen_0.75_useTexCoords_false_useTangents_false) created and registered.
I0919 01:44:26.083499 1676466 AssetAttributesManager.cpp:117] Asset attributes (capsule3DWireframe : capsule3DWireframe_hemiRings_8_cylRings_1_segments_16_halfLen_1) created and registered.
I0919 01:44:26.083523 1676466 AssetAttributesManager.cpp:117] Asset attributes (coneSolid : coneSolid_segments_12_halfLen_1.25_rings_1_useTexCoords_false_useTangents_false_capEnd_true) created and registered.
I0919 01:44:26.083537 1676466 AssetAttributesManager.cpp:117] Asset attributes (coneWireframe : coneWireframe_segments_32_halfLen_1.25) created and registered.
I0919 01:44:26.083546 1676466 AssetAttributesManager.cpp:117] Asset attributes (cubeSolid : cubeSolid) created and registered.
I0919 01:44:26.083552 1676466 AssetAttributesManager.cpp:117] Asset attributes (cubeWireframe : cubeWireframe) created and registered.
I0919 01:44:26.083571 1676466 AssetAttributesManager.cpp:117] Asset attributes (cylinderSolid : cylinderSolid_rings_1_segments_12_halfLen_1_useTexCoords_false_useTangents_false_capEnds_true) created and registered.
I0919 01:44:26.083588 1676466 AssetAttributesManager.cpp:117] Asset attributes (cylinderWireframe : cylinderWireframe_rings_1_segments_32_halfLen_1) created and registered.
I0919 01:44:26.083599 1676466 AssetAttributesManager.cpp:117] Asset attributes (icosphereSolid : icosphereSolid_subdivs_1) created and registered.
I0919 01:44:26.083608 1676466 AssetAttributesManager.cpp:117] Asset attributes (icosphereWireframe : icosphereWireframe_subdivs_1) created and registered.
I0919 01:44:26.083621 1676466 AssetAttributesManager.cpp:117] Asset attributes (uvSphereSolid : uvSphereSolid_rings_8_segments_16_useTexCoords_false_useTangents_false) created and registered.
I0919 01:44:26.083642 1676466 AssetAttributesManager.cpp:117] Asset attributes (uvSphereWireframe : uvSphereWireframe_rings_16_segments_32) created and registered.
I0919 01:44:26.083647 1676466 AssetAttributesManager.cpp:105] AssetAttributesManager::buildCtorFuncPtrMaps : Built default primitive asset templates : 12
I0919 01:44:26.084050 1676466 SceneDatasetAttributesManager.cpp:23] File (default) not found, so new default dataset attributes created and registered.
I0919 01:44:26.084052 1676466 MetadataMediator.cpp:47] MetadataMediator::createDataset : Dataset default successfully created.
I0919 01:44:26.084237 1676466 AttributesManagerBase.h:283] AttributesManager<T>::createFromJsonOrDefaultInternal  (Physics Manager) : Proposing JSON name : ./data/default.physics_config.json from original name : ./data/default.physics_config.json | This file  does not exist.
I0919 01:44:26.084249 1676466 PhysicsAttributesManager.cpp:27] File (./data/default.physics_config.json) not found, so new default physics manager attributes created and registered.
I0919 01:44:26.084252 1676466 AbstractObjectAttributesManagerBase.h:175] AbstractObjectAttributesManager<T>::createObject  (Stage) : Making attributes with handle : /mnt/data_nas/deeprobotics/daiyang/vla/third_party/ETP-R1/data/scene_datasets/mp3d/82sE5b5pLXE/82sE5b5pLXE.glb
I0919 01:44:26.084256 1676466 ManagedContainerBase.cpp:19] ManagedContainerBase::convertFilenameToJSON : Filename : /mnt/data_nas/deeprobotics/daiyang/vla/third_party/ETP-R1/data/scene_datasets/mp3d/82sE5b5pLXE/82sE5b5pLXE.glb changed to proposed JSON configuration filename : /mnt/data_nas/deeprobotics/daiyang/vla/third_party/ETP-R1/data/scene_datasets/mp3d/82sE5b5pLXE/82sE5b5pLXE.stage_config.json
I0919 01:44:26.084275 1676466 AttributesManagerBase.h:283] AttributesManager<T>::createFromJsonOrDefaultInternal  (Stage) : Proposing JSON name : /mnt/data_nas/deeprobotics/daiyang/vla/third_party/ETP-R1/data/scene_datasets/mp3d/82sE5b5pLXE/82sE5b5pLXE.stage_config.json from original name : /mnt/data_nas/deeprobotics/daiyang/vla/third_party/ETP-R1/data/scene_datasets/mp3d/82sE5b5pLXE/82sE5b5pLXE.glb | This file  does not exist.
I0919 01:44:26.084318 1676466 AbstractObjectAttributesManagerBase.h:181] AbstractObjectAttributesManager<T>::createObject  (Stage) : Done making attributes with handle : /mnt/data_nas/deeprobotics/daiyang/vla/third_party/ETP-R1/data/scene_datasets/mp3d/82sE5b5pLXE/82sE5b5pLXE.glb
I0919 01:44:26.084321 1676466 AbstractObjectAttributesManagerBase.h:188] File (/mnt/data_nas/deeprobotics/daiyang/vla/third_party/ETP-R1/data/scene_datasets/mp3d/82sE5b5pLXE/82sE5b5pLXE.glb) exists but is not a recognized config filename extension, so new default Stage attributes created and registered.
I0919 01:44:26.084326 1676466 Simulator.cpp:156] Loading navmesh from /mnt/data_nas/deeprobotics/daiyang/vla/third_party/ETP-R1/data/scene_datasets/mp3d/82sE5b5pLXE/82sE5b5pLXE.navmesh
I0919 01:44:26.085322 1676466 Simulator.cpp:158] Loaded.
I0919 01:44:26.085330 1676466 SceneGraph.h:93] Created DrawableGroup: 
Renderer: NVIDIA GeForce RTX 5090/PCIe/SSE2 by NVIDIA Corporation
OpenGL version: 4.6.0 NVIDIA 580.126.09
Using optional features:
    GL_ARB_ES2_compatibility
    GL_ARB_direct_state_access
    GL_ARB_get_texture_sub_image
    GL_ARB_invalidate_subdata
    GL_ARB_multi_bind
    GL_ARB_robustness
    GL_ARB_separate_shader_objects
    GL_ARB_texture_filter_anisotropic
    GL_ARB_texture_storage
    GL_ARB_texture_storage_multisample
    GL_ARB_vertex_array_object
    GL_KHR_debug
Using driver workarounds:
    no-forward-compatible-core-context
    nv-egl-incorrect-gl11-function-pointers
    no-layout-qualifiers-on-old-glsl
    nv-zero-context-profile-mask
    nv-implementation-color-read-format-dsa-broken
    nv-cubemap-inconsistent-compressed-image-size
    nv-cubemap-broken-full-compressed-image-query
    nv-compressed-block-size-in-bits
I0919 01:44:26.088943 1676466 ResourceManager.cpp:234] ResourceManager::loadStage : Not loading semantic mesh
I0919 01:44:26.088955 1676466 ResourceManager.cpp:262] ResourceManager::loadStage : start load render asset /mnt/data_nas/deeprobotics/daiyang/vla/third_party/ETP-R1/data/scene_datasets/mp3d/82sE5b5pLXE/82sE5b5pLXE.glb.
I0919 01:44:26.088958 1676466 ResourceManager.cpp:569] ResourceManager::loadStageInternal : Attempting to load stage /mnt/data_nas/deeprobotics/daiyang/vla/third_party/ETP-R1/data/scene_datasets/mp3d/82sE5b5pLXE/82sE5b5pLXE.glb 
I0919 01:44:26.088973 1676466 ResourceManager.cpp:1119] Importing Basis files as BC7 for 82sE5b5pLXE.glb
W0919 01:44:28.100600 1676466 Simulator.cpp:248] :
---
 The active scene does not contain semantic annotations. 
---
I0919 01:44:28.137121 1676466 simulator.py:213] Loaded navmesh /mnt/data_nas/deeprobotics/daiyang/vla/third_party/ETP-R1/data/scene_datasets/mp3d/82sE5b5pLXE/82sE5b5pLXE.navmesh
I0919 01:45:24.058368 1676466 PhysicsManager.cpp:33] Deconstructing PhysicsManager
I0919 01:45:24.058414 1676466 SemanticScene.h:41] Deconstructing SemanticScene
I0919 01:45:24.059970 1676466 SceneManager.h:25] Deconstructing SceneManager
I0919 01:45:24.059978 1676466 SceneGraph.h:26] Deconstructing SceneGraph
I0919 01:45:24.060209 1676466 Sensor.h:87] Deconstructing Sensor
I0919 01:45:24.063594 1676466 Renderer.cpp:34] Deconstructing Renderer
I0919 01:45:24.063618 1676466 WindowlessContext.h:17] Deconstructing WindowlessContext
I0919 01:45:24.071792 1676466 ManagedContainerBase.cpp:19] ManagedContainerBase::convertFilenameToJSON : Filename : default changed to proposed JSON configuration filename : default.scene_dataset_config.json
I0919 01:45:24.071808 1676466 AttributesManagerBase.h:283] AttributesManager<T>::createFromJsonOrDefaultInternal  (Dataset) : Proposing JSON name : default.scene_dataset_config.json from original name : default | This file  does not exist.
I0919 01:45:24.072147 1676466 AssetAttributesManager.cpp:117] Asset attributes (capsule3DSolid : capsule3DSolid_hemiRings_4_cylRings_1_segments_12_halfLen_0.75_useTexCoords_false_useTangents_false) created and registered.
I0919 01:45:24.072175 1676466 AssetAttributesManager.cpp:117] Asset attributes (capsule3DWireframe : capsule3DWireframe_hemiRings_8_cylRings_1_segments_16_halfLen_1) created and registered.
I0919 01:45:24.072197 1676466 AssetAttributesManager.cpp:117] Asset attributes (coneSolid : coneSolid_segments_12_halfLen_1.25_rings_1_useTexCoords_false_useTangents_false_capEnd_true) created and registered.
I0919 01:45:24.072211 1676466 AssetAttributesManager.cpp:117] Asset attributes (coneWireframe : coneWireframe_segments_32_halfLen_1.25) created and registered.
I0919 01:45:24.072223 1676466 AssetAttributesManager.cpp:117] Asset attributes (cubeSolid : cubeSolid) created and registered.
I0919 01:45:24.072229 1676466 AssetAttributesManager.cpp:117] Asset attributes (cubeWireframe : cubeWireframe) created and registered.
I0919 01:45:24.072249 1676466 AssetAttributesManager.cpp:117] Asset attributes (cylinderSolid : cylinderSolid_rings_1_segments_12_halfLen_1_useTexCoords_false_useTangents_false_capEnds_true) created and registered.
I0919 01:45:24.072265 1676466 AssetAttributesManager.cpp:117] Asset attributes (cylinderWireframe : cylinderWireframe_rings_1_segments_32_halfLen_1) created and registered.
I0919 01:45:24.072283 1676466 AssetAttributesManager.cpp:117] Asset attributes (icosphereSolid : icosphereSolid_subdivs_1) created and registered.
I0919 01:45:24.072292 1676466 AssetAttributesManager.cpp:117] Asset attributes (icosphereWireframe : icosphereWireframe_subdivs_1) created and registered.
I0919 01:45:24.072306 1676466 AssetAttributesManager.cpp:117] Asset attributes (uvSphereSolid : uvSphereSolid_rings_8_segments_16_useTexCoords_false_useTangents_false) created and registered.
I0919 01:45:24.072319 1676466 AssetAttributesManager.cpp:117] Asset attributes (uvSphereWireframe : uvSphereWireframe_rings_16_segments_32) created and registered.
I0919 01:45:24.072325 1676466 AssetAttributesManager.cpp:105] AssetAttributesManager::buildCtorFuncPtrMaps : Built default primitive asset templates : 12
I0919 01:45:24.072727 1676466 SceneDatasetAttributesManager.cpp:23] File (default) not found, so new default dataset attributes created and registered.
I0919 01:45:24.072729 1676466 MetadataMediator.cpp:47] MetadataMediator::createDataset : Dataset default successfully created.
I0919 01:45:24.073841 1676466 AttributesManagerBase.h:283] AttributesManager<T>::createFromJsonOrDefaultInternal  (Physics Manager) : Proposing JSON name : ./data/default.physics_config.json from original name : ./data/default.physics_config.json | This file  does not exist.
I0919 01:45:24.073855 1676466 PhysicsAttributesManager.cpp:27] File (./data/default.physics_config.json) not found, so new default physics manager attributes created and registered.
I0919 01:45:24.073859 1676466 AbstractObjectAttributesManagerBase.h:175] AbstractObjectAttributesManager<T>::createObject  (Stage) : Making attributes with handle : /mnt/data_nas/deeprobotics/daiyang/vla/third_party/ETP-R1/data/scene_datasets/mp3d/B6ByNegPMKs/B6ByNegPMKs.glb
I0919 01:45:24.073863 1676466 ManagedContainerBase.cpp:19] ManagedContainerBase::convertFilenameToJSON : Filename : /mnt/data_nas/deeprobotics/daiyang/vla/third_party/ETP-R1/data/scene_datasets/mp3d/B6ByNegPMKs/B6ByNegPMKs.glb changed to proposed JSON configuration filename : /mnt/data_nas/deeprobotics/daiyang/vla/third_party/ETP-R1/data/scene_datasets/mp3d/B6ByNegPMKs/B6ByNegPMKs.stage_config.json
I0919 01:45:24.073875 1676466 AttributesManagerBase.h:283] AttributesManager<T>::createFromJsonOrDefaultInternal  (Stage) : Proposing JSON name : /mnt/data_nas/deeprobotics/daiyang/vla/third_party/ETP-R1/data/scene_datasets/mp3d/B6ByNegPMKs/B6ByNegPMKs.stage_config.json from original name : /mnt/data_nas/deeprobotics/daiyang/vla/third_party/ETP-R1/data/scene_datasets/mp3d/B6ByNegPMKs/B6ByNegPMKs.glb | This file  does not exist.
I0919 01:45:24.073922 1676466 AbstractObjectAttributesManagerBase.h:181] AbstractObjectAttributesManager<T>::createObject  (Stage) : Done making attributes with handle : /mnt/data_nas/deeprobotics/daiyang/vla/third_party/ETP-R1/data/scene_datasets/mp3d/B6ByNegPMKs/B6ByNegPMKs.glb
I0919 01:45:24.073925 1676466 AbstractObjectAttributesManagerBase.h:188] File (/mnt/data_nas/deeprobotics/daiyang/vla/third_party/ETP-R1/data/scene_datasets/mp3d/B6ByNegPMKs/B6ByNegPMKs.glb) exists but is not a recognized config filename extension, so new default Stage attributes created and registered.
I0919 01:45:24.073930 1676466 Simulator.cpp:156] Loading navmesh from /mnt/data_nas/deeprobotics/daiyang/vla/third_party/ETP-R1/data/scene_datasets/mp3d/B6ByNegPMKs/B6ByNegPMKs.navmesh
I0919 01:45:24.075065 1676466 Simulator.cpp:158] Loaded.
I0919 01:45:24.075074 1676466 SceneGraph.h:93] Created DrawableGroup: 
Renderer: NVIDIA GeForce RTX 5090/PCIe/SSE2 by NVIDIA Corporation
OpenGL version: 4.6.0 NVIDIA 580.126.09
Using optional features:
    GL_ARB_ES2_compatibility
    GL_ARB_direct_state_access
    GL_ARB_get_texture_sub_image
    GL_ARB_invalidate_subdata
    GL_ARB_multi_bind
    GL_ARB_robustness
    GL_ARB_separate_shader_objects
    GL_ARB_texture_filter_anisotropic
    GL_ARB_texture_storage
    GL_ARB_texture_storage_multisample
    GL_ARB_vertex_array_object
    GL_KHR_debug
Using driver workarounds:
    no-forward-compatible-core-context
    nv-egl-incorrect-gl11-function-pointers
    no-layout-qualifiers-on-old-glsl
    nv-zero-context-profile-mask
    nv-implementation-color-read-format-dsa-broken
    nv-cubemap-inconsistent-compressed-image-size
    nv-cubemap-broken-full-compressed-image-query
    nv-compressed-block-size-in-bits
I0919 01:45:24.086539 1676466 ResourceManager.cpp:234] ResourceManager::loadStage : Not loading semantic mesh
I0919 01:45:24.086548 1676466 ResourceManager.cpp:262] ResourceManager::loadStage : start load render asset /mnt/data_nas/deeprobotics/daiyang/vla/third_party/ETP-R1/data/scene_datasets/mp3d/B6ByNegPMKs/B6ByNegPMKs.glb.
I0919 01:45:24.086550 1676466 ResourceManager.cpp:569] ResourceManager::loadStageInternal : Attempting to load stage /mnt/data_nas/deeprobotics/daiyang/vla/third_party/ETP-R1/data/scene_datasets/mp3d/B6ByNegPMKs/B6ByNegPMKs.glb 
I0919 01:45:24.086577 1676466 ResourceManager.cpp:1119] Importing Basis files as BC7 for B6ByNegPMKs.glb
W0919 01:45:33.655722 1676466 Simulator.cpp:248] :
---
 The active scene does not contain semantic annotations. 
---
I0919 01:45:33.853136 1676466 simulator.py:213] Loaded navmesh /mnt/data_nas/deeprobotics/daiyang/vla/third_party/ETP-R1/data/scene_datasets/mp3d/B6ByNegPMKs/B6ByNegPMKs.navmesh
I0919 01:47:06.094182 1676466 PhysicsManager.cpp:33] Deconstructing PhysicsManager
I0919 01:47:06.094230 1676466 SemanticScene.h:41] Deconstructing SemanticScene
I0919 01:47:06.110555 1676466 SceneManager.h:25] Deconstructing SceneManager
I0919 01:47:06.110569 1676466 SceneGraph.h:26] Deconstructing SceneGraph
I0919 01:47:06.111061 1676466 Sensor.h:87] Deconstructing Sensor
I0919 01:47:06.125970 1676466 Renderer.cpp:34] Deconstructing Renderer
I0919 01:47:06.125998 1676466 WindowlessContext.h:17] Deconstructing WindowlessContext
I0919 01:47:06.143244 1676466 ManagedContainerBase.cpp:19] ManagedContainerBase::convertFilenameToJSON : Filename : default changed to proposed JSON configuration filename : default.scene_dataset_config.json
I0919 01:47:06.143265 1676466 AttributesManagerBase.h:283] AttributesManager<T>::createFromJsonOrDefaultInternal  (Dataset) : Proposing JSON name : default.scene_dataset_config.json from original name : default | This file  does not exist.
I0919 01:47:06.143567 1676466 AssetAttributesManager.cpp:117] Asset attributes (capsule3DSolid : capsule3DSolid_hemiRings_4_cylRings_1_segments_12_halfLen_0.75_useTexCoords_false_useTangents_false) created and registered.
I0919 01:47:06.143594 1676466 AssetAttributesManager.cpp:117] Asset attributes (capsule3DWireframe : capsule3DWireframe_hemiRings_8_cylRings_1_segments_16_halfLen_1) created and registered.
I0919 01:47:06.143617 1676466 AssetAttributesManager.cpp:117] Asset attributes (coneSolid : coneSolid_segments_12_halfLen_1.25_rings_1_useTexCoords_false_useTangents_false_capEnd_true) created and registered.
I0919 01:47:06.143632 1676466 AssetAttributesManager.cpp:117] Asset attributes (coneWireframe : coneWireframe_segments_32_halfLen_1.25) created and registered.
I0919 01:47:06.143641 1676466 AssetAttributesManager.cpp:117] Asset attributes (cubeSolid : cubeSolid) created and registered.
I0919 01:47:06.143647 1676466 AssetAttributesManager.cpp:117] Asset attributes (cubeWireframe : cubeWireframe) created and registered.
I0919 01:47:06.143667 1676466 AssetAttributesManager.cpp:117] Asset attributes (cylinderSolid : cylinderSolid_rings_1_segments_12_halfLen_1_useTexCoords_false_useTangents_false_capEnds_true) created and registered.
I0919 01:47:06.143684 1676466 AssetAttributesManager.cpp:117] Asset attributes (cylinderWireframe : cylinderWireframe_rings_1_segments_32_halfLen_1) created and registered.
I0919 01:47:06.143695 1676466 AssetAttributesManager.cpp:117] Asset attributes (icosphereSolid : icosphereSolid_subdivs_1) created and registered.
I0919 01:47:06.143703 1676466 AssetAttributesManager.cpp:117] Asset attributes (icosphereWireframe : icosphereWireframe_subdivs_1) created and registered.
I0919 01:47:06.143718 1676466 AssetAttributesManager.cpp:117] Asset attributes (uvSphereSolid : uvSphereSolid_rings_8_segments_16_useTexCoords_false_useTangents_false) created and registered.
I0919 01:47:06.143731 1676466 AssetAttributesManager.cpp:117] Asset attributes (uvSphereWireframe : uvSphereWireframe_rings_16_segments_32) created and registered.
I0919 01:47:06.143738 1676466 AssetAttributesManager.cpp:105] AssetAttributesManager::buildCtorFuncPtrMaps : Built default primitive asset templates : 12
I0919 01:47:06.144142 1676466 SceneDatasetAttributesManager.cpp:23] File (default) not found, so new default dataset attributes created and registered.
I0919 01:47:06.144145 1676466 MetadataMediator.cpp:47] MetadataMediator::createDataset : Dataset default successfully created.
I0919 01:47:06.144346 1676466 AttributesManagerBase.h:283] AttributesManager<T>::createFromJsonOrDefaultInternal  (Physics Manager) : Proposing JSON name : ./data/default.physics_config.json from original name : ./data/default.physics_config.json | This file  does not exist.
I0919 01:47:06.144368 1676466 PhysicsAttributesManager.cpp:27] File (./data/default.physics_config.json) not found, so new default physics manager attributes created and registered.
I0919 01:47:06.144372 1676466 AbstractObjectAttributesManagerBase.h:175] AbstractObjectAttributesManager<T>::createObject  (Stage) : Making attributes with handle : /mnt/data_nas/deeprobotics/daiyang/vla/third_party/ETP-R1/data/scene_datasets/mp3d/PuKPg4mmafe/PuKPg4mmafe.glb
I0919 01:47:06.144377 1676466 ManagedContainerBase.cpp:19] ManagedContainerBase::convertFilenameToJSON : Filename : /mnt/data_nas/deeprobotics/daiyang/vla/third_party/ETP-R1/data/scene_datasets/mp3d/PuKPg4mmafe/PuKPg4mmafe.glb changed to proposed JSON configuration filename : /mnt/data_nas/deeprobotics/daiyang/vla/third_party/ETP-R1/data/scene_datasets/mp3d/PuKPg4mmafe/PuKPg4mmafe.stage_config.json
I0919 01:47:06.144390 1676466 AttributesManagerBase.h:283] AttributesManager<T>::createFromJsonOrDefaultInternal  (Stage) : Proposing JSON name : /mnt/data_nas/deeprobotics/daiyang/vla/third_party/ETP-R1/data/scene_datasets/mp3d/PuKPg4mmafe/PuKPg4mmafe.stage_config.json from original name : /mnt/data_nas/deeprobotics/daiyang/vla/third_party/ETP-R1/data/scene_datasets/mp3d/PuKPg4mmafe/PuKPg4mmafe.glb | This file  does not exist.
I0919 01:47:06.144438 1676466 AbstractObjectAttributesManagerBase.h:181] AbstractObjectAttributesManager<T>::createObject  (Stage) : Done making attributes with handle : /mnt/data_nas/deeprobotics/daiyang/vla/third_party/ETP-R1/data/scene_datasets/mp3d/PuKPg4mmafe/PuKPg4mmafe.glb
I0919 01:47:06.144439 1676466 AbstractObjectAttributesManagerBase.h:188] File (/mnt/data_nas/deeprobotics/daiyang/vla/third_party/ETP-R1/data/scene_datasets/mp3d/PuKPg4mmafe/PuKPg4mmafe.glb) exists but is not a recognized config filename extension, so new default Stage attributes created and registered.
I0919 01:47:06.144444 1676466 Simulator.cpp:156] Loading navmesh from /mnt/data_nas/deeprobotics/daiyang/vla/third_party/ETP-R1/data/scene_datasets/mp3d/PuKPg4mmafe/PuKPg4mmafe.navmesh
I0919 01:47:06.145475 1676466 Simulator.cpp:158] Loaded.
I0919 01:47:06.145485 1676466 SceneGraph.h:93] Created DrawableGroup: 
Renderer: NVIDIA GeForce RTX 5090/PCIe/SSE2 by NVIDIA Corporation
OpenGL version: 4.6.0 NVIDIA 580.126.09
Using optional features:
    GL_ARB_ES2_compatibility
    GL_ARB_direct_state_access
    GL_ARB_get_texture_sub_image
    GL_ARB_invalidate_subdata
    GL_ARB_multi_bind
    GL_ARB_robustness
    GL_ARB_separate_shader_objects
    GL_ARB_texture_filter_anisotropic
    GL_ARB_texture_storage
    GL_ARB_texture_storage_multisample
    GL_ARB_vertex_array_object
    GL_KHR_debug
Using driver workarounds:
    no-forward-compatible-core-context
    nv-egl-incorrect-gl11-function-pointers
    no-layout-qualifiers-on-old-glsl
    nv-zero-context-profile-mask
    nv-implementation-color-read-format-dsa-broken
    nv-cubemap-inconsistent-compressed-image-size
    nv-cubemap-broken-full-compressed-image-query
    nv-compressed-block-size-in-bits
I0919 01:47:06.149226 1676466 ResourceManager.cpp:234] ResourceManager::loadStage : Not loading semantic mesh
I0919 01:47:06.149235 1676466 ResourceManager.cpp:262] ResourceManager::loadStage : start load render asset /mnt/data_nas/deeprobotics/daiyang/vla/third_party/ETP-R1/data/scene_datasets/mp3d/PuKPg4mmafe/PuKPg4mmafe.glb.
I0919 01:47:06.149237 1676466 ResourceManager.cpp:569] ResourceManager::loadStageInternal : Attempting to load stage /mnt/data_nas/deeprobotics/daiyang/vla/third_party/ETP-R1/data/scene_datasets/mp3d/PuKPg4mmafe/PuKPg4mmafe.glb 
I0919 01:47:06.149253 1676466 ResourceManager.cpp:1119] Importing Basis files as BC7 for PuKPg4mmafe.glb
W0919 01:47:10.795171 1676466 Simulator.cpp:248] :
---
 The active scene does not contain semantic annotations. 
---
I0919 01:47:10.815572 1676466 simulator.py:213] Loaded navmesh /mnt/data_nas/deeprobotics/daiyang/vla/third_party/ETP-R1/data/scene_datasets/mp3d/PuKPg4mmafe/PuKPg4mmafe.navmesh
I0919 01:50:18.643115 1676466 PhysicsManager.cpp:33] Deconstructing PhysicsManager
I0919 01:50:18.643164 1676466 SemanticScene.h:41] Deconstructing SemanticScene
I0919 01:50:18.644114 1676466 SceneManager.h:25] Deconstructing SceneManager
I0919 01:50:18.644119 1676466 SceneGraph.h:26] Deconstructing SceneGraph
I0919 01:50:18.644366 1676466 Sensor.h:87] Deconstructing Sensor
I0919 01:50:18.649876 1676466 Renderer.cpp:34] Deconstructing Renderer
I0919 01:50:18.649902 1676466 WindowlessContext.h:17] Deconstructing WindowlessContext
I0919 01:50:18.664144 1676466 ManagedContainerBase.cpp:19] ManagedContainerBase::convertFilenameToJSON : Filename : default changed to proposed JSON configuration filename : default.scene_dataset_config.json
I0919 01:50:18.664163 1676466 AttributesManagerBase.h:283] AttributesManager<T>::createFromJsonOrDefaultInternal  (Dataset) : Proposing JSON name : default.scene_dataset_config.json from original name : default | This file  does not exist.
I0919 01:50:18.664369 1676466 AssetAttributesManager.cpp:117] Asset attributes (capsule3DSolid : capsule3DSolid_hemiRings_4_cylRings_1_segments_12_halfLen_0.75_useTexCoords_false_useTangents_false) created and registered.
I0919 01:50:18.664397 1676466 AssetAttributesManager.cpp:117] Asset attributes (capsule3DWireframe : capsule3DWireframe_hemiRings_8_cylRings_1_segments_16_halfLen_1) created and registered.
I0919 01:50:18.664420 1676466 AssetAttributesManager.cpp:117] Asset attributes (coneSolid : coneSolid_segments_12_halfLen_1.25_rings_1_useTexCoords_false_useTangents_false_capEnd_true) created and registered.
I0919 01:50:18.664434 1676466 AssetAttributesManager.cpp:117] Asset attributes (coneWireframe : coneWireframe_segments_32_halfLen_1.25) created and registered.
I0919 01:50:18.664443 1676466 AssetAttributesManager.cpp:117] Asset attributes (cubeSolid : cubeSolid) created and registered.
I0919 01:50:18.664450 1676466 AssetAttributesManager.cpp:117] Asset attributes (cubeWireframe : cubeWireframe) created and registered.
I0919 01:50:18.664470 1676466 AssetAttributesManager.cpp:117] Asset attributes (cylinderSolid : cylinderSolid_rings_1_segments_12_halfLen_1_useTexCoords_false_useTangents_false_capEnds_true) created and registered.
I0919 01:50:18.664487 1676466 AssetAttributesManager.cpp:117] Asset attributes (cylinderWireframe : cylinderWireframe_rings_1_segments_32_halfLen_1) created and registered.
I0919 01:50:18.664498 1676466 AssetAttributesManager.cpp:117] Asset attributes (icosphereSolid : icosphereSolid_subdivs_1) created and registered.
I0919 01:50:18.664507 1676466 AssetAttributesManager.cpp:117] Asset attributes (icosphereWireframe : icosphereWireframe_subdivs_1) created and registered.
I0919 01:50:18.664521 1676466 AssetAttributesManager.cpp:117] Asset attributes (uvSphereSolid : uvSphereSolid_rings_8_segments_16_useTexCoords_false_useTangents_false) created and registered.
I0919 01:50:18.664534 1676466 AssetAttributesManager.cpp:117] Asset attributes (uvSphereWireframe : uvSphereWireframe_rings_16_segments_32) created and registered.
I0919 01:50:18.664541 1676466 AssetAttributesManager.cpp:105] AssetAttributesManager::buildCtorFuncPtrMaps : Built default primitive asset templates : 12
I0919 01:50:18.664942 1676466 SceneDatasetAttributesManager.cpp:23] File (default) not found, so new default dataset attributes created and registered.
I0919 01:50:18.664943 1676466 MetadataMediator.cpp:47] MetadataMediator::createDataset : Dataset default successfully created.
I0919 01:50:18.666182 1676466 AttributesManagerBase.h:283] AttributesManager<T>::createFromJsonOrDefaultInternal  (Physics Manager) : Proposing JSON name : ./data/default.physics_config.json from original name : ./data/default.physics_config.json | This file  does not exist.
I0919 01:50:18.666196 1676466 PhysicsAttributesManager.cpp:27] File (./data/default.physics_config.json) not found, so new default physics manager attributes created and registered.
I0919 01:50:18.666200 1676466 AbstractObjectAttributesManagerBase.h:175] AbstractObjectAttributesManager<T>::createObject  (Stage) : Making attributes with handle : /mnt/data_nas/deeprobotics/daiyang/vla/third_party/ETP-R1/data/scene_datasets/mp3d/aayBHfsNo7d/aayBHfsNo7d.glb
I0919 01:50:18.666211 1676466 ManagedContainerBase.cpp:19] ManagedContainerBase::convertFilenameToJSON : Filename : /mnt/data_nas/deeprobotics/daiyang/vla/third_party/ETP-R1/data/scene_datasets/mp3d/aayBHfsNo7d/aayBHfsNo7d.glb changed to proposed JSON configuration filename : /mnt/data_nas/deeprobotics/daiyang/vla/third_party/ETP-R1/data/scene_datasets/mp3d/aayBHfsNo7d/aayBHfsNo7d.stage_config.json
I0919 01:50:18.669289 1676466 AttributesManagerBase.h:283] AttributesManager<T>::createFromJsonOrDefaultInternal  (Stage) : Proposing JSON name : /mnt/data_nas/deeprobotics/daiyang/vla/third_party/ETP-R1/data/scene_datasets/mp3d/aayBHfsNo7d/aayBHfsNo7d.stage_config.json from original name : /mnt/data_nas/deeprobotics/daiyang/vla/third_party/ETP-R1/data/scene_datasets/mp3d/aayBHfsNo7d/aayBHfsNo7d.glb | This file  does not exist.
I0919 01:50:18.669339 1676466 AbstractObjectAttributesManagerBase.h:181] AbstractObjectAttributesManager<T>::createObject  (Stage) : Done making attributes with handle : /mnt/data_nas/deeprobotics/daiyang/vla/third_party/ETP-R1/data/scene_datasets/mp3d/aayBHfsNo7d/aayBHfsNo7d.glb
I0919 01:50:18.669341 1676466 AbstractObjectAttributesManagerBase.h:188] File (/mnt/data_nas/deeprobotics/daiyang/vla/third_party/ETP-R1/data/scene_datasets/mp3d/aayBHfsNo7d/aayBHfsNo7d.glb) exists but is not a recognized config filename extension, so new default Stage attributes created and registered.
I0919 01:50:18.669346 1676466 Simulator.cpp:156] Loading navmesh from /mnt/data_nas/deeprobotics/daiyang/vla/third_party/ETP-R1/data/scene_datasets/mp3d/aayBHfsNo7d/aayBHfsNo7d.navmesh
I0919 01:50:18.670445 1676466 Simulator.cpp:158] Loaded.
I0919 01:50:18.670454 1676466 SceneGraph.h:93] Created DrawableGroup: 
Renderer: NVIDIA GeForce RTX 5090/PCIe/SSE2 by NVIDIA Corporation
OpenGL version: 4.6.0 NVIDIA 580.126.09
Using optional features:
    GL_ARB_ES2_compatibility
    GL_ARB_direct_state_access
    GL_ARB_get_texture_sub_image
    GL_ARB_invalidate_subdata
    GL_ARB_multi_bind
    GL_ARB_robustness
    GL_ARB_separate_shader_objects
    GL_ARB_texture_filter_anisotropic
    GL_ARB_texture_storage
    GL_ARB_texture_storage_multisample
    GL_ARB_vertex_array_object
    GL_KHR_debug
Using driver workarounds:
    no-forward-compatible-core-context
    nv-egl-incorrect-gl11-function-pointers
    no-layout-qualifiers-on-old-glsl
    nv-zero-context-profile-mask
    nv-implementation-color-read-format-dsa-broken
    nv-cubemap-inconsistent-compressed-image-size
    nv-cubemap-broken-full-compressed-image-query
    nv-compressed-block-size-in-bits
I0919 01:50:18.674189 1676466 ResourceManager.cpp:234] ResourceManager::loadStage : Not loading semantic mesh
I0919 01:50:18.674197 1676466 ResourceManager.cpp:262] ResourceManager::loadStage : start load render asset /mnt/data_nas/deeprobotics/daiyang/vla/third_party/ETP-R1/data/scene_datasets/mp3d/aayBHfsNo7d/aayBHfsNo7d.glb.
I0919 01:50:18.674201 1676466 ResourceManager.cpp:569] ResourceManager::loadStageInternal : Attempting to load stage /mnt/data_nas/deeprobotics/daiyang/vla/third_party/ETP-R1/data/scene_datasets/mp3d/aayBHfsNo7d/aayBHfsNo7d.glb 
I0919 01:50:18.674216 1676466 ResourceManager.cpp:1119] Importing Basis files as BC7 for aayBHfsNo7d.glb
W0919 01:50:20.224802 1676466 Simulator.cpp:248] :
---
 The active scene does not contain semantic annotations. 
---
I0919 01:50:20.265675 1676466 simulator.py:213] Loaded navmesh /mnt/data_nas/deeprobotics/daiyang/vla/third_party/ETP-R1/data/scene_datasets/mp3d/aayBHfsNo7d/aayBHfsNo7d.navmesh
I0919 01:51:05.352792 1676466 PhysicsManager.cpp:33] Deconstructing PhysicsManager
I0919 01:51:05.352846 1676466 SemanticScene.h:41] Deconstructing SemanticScene
I0919 01:51:05.355553 1676466 SceneManager.h:25] Deconstructing SceneManager
I0919 01:51:05.355563 1676466 SceneGraph.h:26] Deconstructing SceneGraph
I0919 01:51:05.356055 1676466 Sensor.h:87] Deconstructing Sensor
I0919 01:51:05.358659 1676466 Renderer.cpp:34] Deconstructing Renderer
I0919 01:51:05.358681 1676466 WindowlessContext.h:17] Deconstructing WindowlessContext
I0919 01:51:05.380995 1676466 ManagedContainerBase.cpp:19] ManagedContainerBase::convertFilenameToJSON : Filename : default changed to proposed JSON configuration filename : default.scene_dataset_config.json
I0919 01:51:05.381011 1676466 AttributesManagerBase.h:283] AttributesManager<T>::createFromJsonOrDefaultInternal  (Dataset) : Proposing JSON name : default.scene_dataset_config.json from original name : default | This file  does not exist.
I0919 01:51:05.381368 1676466 AssetAttributesManager.cpp:117] Asset attributes (capsule3DSolid : capsule3DSolid_hemiRings_4_cylRings_1_segments_12_halfLen_0.75_useTexCoords_false_useTangents_false) created and registered.
I0919 01:51:05.381397 1676466 AssetAttributesManager.cpp:117] Asset attributes (capsule3DWireframe : capsule3DWireframe_hemiRings_8_cylRings_1_segments_16_halfLen_1) created and registered.
I0919 01:51:05.381420 1676466 AssetAttributesManager.cpp:117] Asset attributes (coneSolid : coneSolid_segments_12_halfLen_1.25_rings_1_useTexCoords_false_useTangents_false_capEnd_true) created and registered.
I0919 01:51:05.381435 1676466 AssetAttributesManager.cpp:117] Asset attributes (coneWireframe : coneWireframe_segments_32_halfLen_1.25) created and registered.
I0919 01:51:05.381443 1676466 AssetAttributesManager.cpp:117] Asset attributes (cubeSolid : cubeSolid) created and registered.
I0919 01:51:05.381449 1676466 AssetAttributesManager.cpp:117] Asset attributes (cubeWireframe : cubeWireframe) created and registered.
I0919 01:51:05.381469 1676466 AssetAttributesManager.cpp:117] Asset attributes (cylinderSolid : cylinderSolid_rings_1_segments_12_halfLen_1_useTexCoords_false_useTangents_false_capEnds_true) created and registered.
I0919 01:51:05.381485 1676466 AssetAttributesManager.cpp:117] Asset attributes (cylinderWireframe : cylinderWireframe_rings_1_segments_32_halfLen_1) created and registered.
I0919 01:51:05.381496 1676466 AssetAttributesManager.cpp:117] Asset attributes (icosphereSolid : icosphereSolid_subdivs_1) created and registered.
I0919 01:51:05.381505 1676466 AssetAttributesManager.cpp:117] Asset attributes (icosphereWireframe : icosphereWireframe_subdivs_1) created and registered.
I0919 01:51:05.381518 1676466 AssetAttributesManager.cpp:117] Asset attributes (uvSphereSolid : uvSphereSolid_rings_8_segments_16_useTexCoords_false_useTangents_false) created and registered.
I0919 01:51:05.381531 1676466 AssetAttributesManager.cpp:117] Asset attributes (uvSphereWireframe : uvSphereWireframe_rings_16_segments_32) created and registered.
I0919 01:51:05.381538 1676466 AssetAttributesManager.cpp:105] AssetAttributesManager::buildCtorFuncPtrMaps : Built default primitive asset templates : 12
I0919 01:51:05.381937 1676466 SceneDatasetAttributesManager.cpp:23] File (default) not found, so new default dataset attributes created and registered.
I0919 01:51:05.381940 1676466 MetadataMediator.cpp:47] MetadataMediator::createDataset : Dataset default successfully created.
I0919 01:51:05.382133 1676466 AttributesManagerBase.h:283] AttributesManager<T>::createFromJsonOrDefaultInternal  (Physics Manager) : Proposing JSON name : ./data/default.physics_config.json from original name : ./data/default.physics_config.json | This file  does not exist.
I0919 01:51:05.382144 1676466 PhysicsAttributesManager.cpp:27] File (./data/default.physics_config.json) not found, so new default physics manager attributes created and registered.
I0919 01:51:05.382148 1676466 AbstractObjectAttributesManagerBase.h:175] AbstractObjectAttributesManager<T>::createObject  (Stage) : Making attributes with handle : /mnt/data_nas/deeprobotics/daiyang/vla/third_party/ETP-R1/data/scene_datasets/mp3d/82sE5b5pLXE/82sE5b5pLXE.glb
I0919 01:51:05.382153 1676466 ManagedContainerBase.cpp:19] ManagedContainerBase::convertFilenameToJSON : Filename : /mnt/data_nas/deeprobotics/daiyang/vla/third_party/ETP-R1/data/scene_datasets/mp3d/82sE5b5pLXE/82sE5b5pLXE.glb changed to proposed JSON configuration filename : /mnt/data_nas/deeprobotics/daiyang/vla/third_party/ETP-R1/data/scene_datasets/mp3d/82sE5b5pLXE/82sE5b5pLXE.stage_config.json
I0919 01:51:05.382169 1676466 AttributesManagerBase.h:283] AttributesManager<T>::createFromJsonOrDefaultInternal  (Stage) : Proposing JSON name : /mnt/data_nas/deeprobotics/daiyang/vla/third_party/ETP-R1/data/scene_datasets/mp3d/82sE5b5pLXE/82sE5b5pLXE.stage_config.json from original name : /mnt/data_nas/deeprobotics/daiyang/vla/third_party/ETP-R1/data/scene_datasets/mp3d/82sE5b5pLXE/82sE5b5pLXE.glb | This file  does not exist.
I0919 01:51:05.382216 1676466 AbstractObjectAttributesManagerBase.h:181] AbstractObjectAttributesManager<T>::createObject  (Stage) : Done making attributes with handle : /mnt/data_nas/deeprobotics/daiyang/vla/third_party/ETP-R1/data/scene_datasets/mp3d/82sE5b5pLXE/82sE5b5pLXE.glb
I0919 01:51:05.382218 1676466 AbstractObjectAttributesManagerBase.h:188] File (/mnt/data_nas/deeprobotics/daiyang/vla/third_party/ETP-R1/data/scene_datasets/mp3d/82sE5b5pLXE/82sE5b5pLXE.glb) exists but is not a recognized config filename extension, so new default Stage attributes created and registered.
I0919 01:51:05.382225 1676466 Simulator.cpp:156] Loading navmesh from /mnt/data_nas/deeprobotics/daiyang/vla/third_party/ETP-R1/data/scene_datasets/mp3d/82sE5b5pLXE/82sE5b5pLXE.navmesh
I0919 01:51:05.382993 1676466 Simulator.cpp:158] Loaded.
I0919 01:51:05.383001 1676466 SceneGraph.h:93] Created DrawableGroup: 
Renderer: NVIDIA GeForce RTX 5090/PCIe/SSE2 by NVIDIA Corporation
OpenGL version: 4.6.0 NVIDIA 580.126.09
Using optional features:
    GL_ARB_ES2_compatibility
    GL_ARB_direct_state_access
    GL_ARB_get_texture_sub_image
    GL_ARB_invalidate_subdata
    GL_ARB_multi_bind
    GL_ARB_robustness
    GL_ARB_separate_shader_objects
    GL_ARB_texture_filter_anisotropic
    GL_ARB_texture_storage
    GL_ARB_texture_storage_multisample
    GL_ARB_vertex_array_object
    GL_KHR_debug
Using driver workarounds:
    no-forward-compatible-core-context
    nv-egl-incorrect-gl11-function-pointers
    no-layout-qualifiers-on-old-glsl
    nv-zero-context-profile-mask
    nv-implementation-color-read-format-dsa-broken
    nv-cubemap-inconsistent-compressed-image-size
    nv-cubemap-broken-full-compressed-image-query
    nv-compressed-block-size-in-bits
I0919 01:51:05.386747 1676466 ResourceManager.cpp:234] ResourceManager::loadStage : Not loading semantic mesh
I0919 01:51:05.386756 1676466 ResourceManager.cpp:262] ResourceManager::loadStage : start load render asset /mnt/data_nas/deeprobotics/daiyang/vla/third_party/ETP-R1/data/scene_datasets/mp3d/82sE5b5pLXE/82sE5b5pLXE.glb.
I0919 01:51:05.386759 1676466 ResourceManager.cpp:569] ResourceManager::loadStageInternal : Attempting to load stage /mnt/data_nas/deeprobotics/daiyang/vla/third_party/ETP-R1/data/scene_datasets/mp3d/82sE5b5pLXE/82sE5b5pLXE.glb 
I0919 01:51:05.386775 1676466 ResourceManager.cpp:1119] Importing Basis files as BC7 for 82sE5b5pLXE.glb
W0919 01:51:07.409459 1676466 Simulator.cpp:248] :
---
 The active scene does not contain semantic annotations. 
---
I0919 01:51:07.446768 1676466 simulator.py:213] Loaded navmesh /mnt/data_nas/deeprobotics/daiyang/vla/third_party/ETP-R1/data/scene_datasets/mp3d/82sE5b5pLXE/82sE5b5pLXE.navmesh
I0919 01:52:00.850665 1676466 PhysicsManager.cpp:33] Deconstructing PhysicsManager
I0919 01:52:00.850701 1676466 SemanticScene.h:41] Deconstructing SemanticScene
I0919 01:52:00.852308 1676466 SceneManager.h:25] Deconstructing SceneManager
I0919 01:52:00.852314 1676466 SceneGraph.h:26] Deconstructing SceneGraph
I0919 01:52:00.852591 1676466 Sensor.h:87] Deconstructing Sensor
I0919 01:52:00.855911 1676466 Renderer.cpp:34] Deconstructing Renderer
I0919 01:52:00.855932 1676466 WindowlessContext.h:17] Deconstructing WindowlessContext
I0919 01:52:00.863909 1676466 ManagedContainerBase.cpp:19] ManagedContainerBase::convertFilenameToJSON : Filename : default changed to proposed JSON configuration filename : default.scene_dataset_config.json
I0919 01:52:00.863926 1676466 AttributesManagerBase.h:283] AttributesManager<T>::createFromJsonOrDefaultInternal  (Dataset) : Proposing JSON name : default.scene_dataset_config.json from original name : default | This file  does not exist.
I0919 01:52:00.864207 1676466 AssetAttributesManager.cpp:117] Asset attributes (capsule3DSolid : capsule3DSolid_hemiRings_4_cylRings_1_segments_12_halfLen_0.75_useTexCoords_false_useTangents_false) created and registered.
I0919 01:52:00.864235 1676466 AssetAttributesManager.cpp:117] Asset attributes (capsule3DWireframe : capsule3DWireframe_hemiRings_8_cylRings_1_segments_16_halfLen_1) created and registered.
I0919 01:52:00.864259 1676466 AssetAttributesManager.cpp:117] Asset attributes (coneSolid : coneSolid_segments_12_halfLen_1.25_rings_1_useTexCoords_false_useTangents_false_capEnd_true) created and registered.
I0919 01:52:00.864276 1676466 AssetAttributesManager.cpp:117] Asset attributes (coneWireframe : coneWireframe_segments_32_halfLen_1.25) created and registered.
I0919 01:52:00.864284 1676466 AssetAttributesManager.cpp:117] Asset attributes (cubeSolid : cubeSolid) created and registered.
I0919 01:52:00.864291 1676466 AssetAttributesManager.cpp:117] Asset attributes (cubeWireframe : cubeWireframe) created and registered.
I0919 01:52:00.864311 1676466 AssetAttributesManager.cpp:117] Asset attributes (cylinderSolid : cylinderSolid_rings_1_segments_12_halfLen_1_useTexCoords_false_useTangents_false_capEnds_true) created and registered.
I0919 01:52:00.864327 1676466 AssetAttributesManager.cpp:117] Asset attributes (cylinderWireframe : cylinderWireframe_rings_1_segments_32_halfLen_1) created and registered.
I0919 01:52:00.864338 1676466 AssetAttributesManager.cpp:117] Asset attributes (icosphereSolid : icosphereSolid_subdivs_1) created and registered.
I0919 01:52:00.864347 1676466 AssetAttributesManager.cpp:117] Asset attributes (icosphereWireframe : icosphereWireframe_subdivs_1) created and registered.
I0919 01:52:00.864362 1676466 AssetAttributesManager.cpp:117] Asset attributes (uvSphereSolid : uvSphereSolid_rings_8_segments_16_useTexCoords_false_useTangents_false) created and registered.
I0919 01:52:00.864374 1676466 AssetAttributesManager.cpp:117] Asset attributes (uvSphereWireframe : uvSphereWireframe_rings_16_segments_32) created and registered.
I0919 01:52:00.864380 1676466 AssetAttributesManager.cpp:105] AssetAttributesManager::buildCtorFuncPtrMaps : Built default primitive asset templates : 12
I0919 01:52:00.864778 1676466 SceneDatasetAttributesManager.cpp:23] File (default) not found, so new default dataset attributes created and registered.
I0919 01:52:00.864781 1676466 MetadataMediator.cpp:47] MetadataMediator::createDataset : Dataset default successfully created.
I0919 01:52:00.864972 1676466 AttributesManagerBase.h:283] AttributesManager<T>::createFromJsonOrDefaultInternal  (Physics Manager) : Proposing JSON name : ./data/default.physics_config.json from original name : ./data/default.physics_config.json | This file  does not exist.
I0919 01:52:00.864984 1676466 PhysicsAttributesManager.cpp:27] File (./data/default.physics_config.json) not found, so new default physics manager attributes created and registered.
I0919 01:52:00.864988 1676466 AbstractObjectAttributesManagerBase.h:175] AbstractObjectAttributesManager<T>::createObject  (Stage) : Making attributes with handle : /mnt/data_nas/deeprobotics/daiyang/vla/third_party/ETP-R1/data/scene_datasets/mp3d/B6ByNegPMKs/B6ByNegPMKs.glb
I0919 01:52:00.864993 1676466 ManagedContainerBase.cpp:19] ManagedContainerBase::convertFilenameToJSON : Filename : /mnt/data_nas/deeprobotics/daiyang/vla/third_party/ETP-R1/data/scene_datasets/mp3d/B6ByNegPMKs/B6ByNegPMKs.glb changed to proposed JSON configuration filename : /mnt/data_nas/deeprobotics/daiyang/vla/third_party/ETP-R1/data/scene_datasets/mp3d/B6ByNegPMKs/B6ByNegPMKs.stage_config.json
I0919 01:52:00.865005 1676466 AttributesManagerBase.h:283] AttributesManager<T>::createFromJsonOrDefaultInternal  (Stage) : Proposing JSON name : /mnt/data_nas/deeprobotics/daiyang/vla/third_party/ETP-R1/data/scene_datasets/mp3d/B6ByNegPMKs/B6ByNegPMKs.stage_config.json from original name : /mnt/data_nas/deeprobotics/daiyang/vla/third_party/ETP-R1/data/scene_datasets/mp3d/B6ByNegPMKs/B6ByNegPMKs.glb | This file  does not exist.
I0919 01:52:00.865053 1676466 AbstractObjectAttributesManagerBase.h:181] AbstractObjectAttributesManager<T>::createObject  (Stage) : Done making attributes with handle : /mnt/data_nas/deeprobotics/daiyang/vla/third_party/ETP-R1/data/scene_datasets/mp3d/B6ByNegPMKs/B6ByNegPMKs.glb
I0919 01:52:00.865056 1676466 AbstractObjectAttributesManagerBase.h:188] File (/mnt/data_nas/deeprobotics/daiyang/vla/third_party/ETP-R1/data/scene_datasets/mp3d/B6ByNegPMKs/B6ByNegPMKs.glb) exists but is not a recognized config filename extension, so new default Stage attributes created and registered.
I0919 01:52:00.865061 1676466 Simulator.cpp:156] Loading navmesh from /mnt/data_nas/deeprobotics/daiyang/vla/third_party/ETP-R1/data/scene_datasets/mp3d/B6ByNegPMKs/B6ByNegPMKs.navmesh
I0919 01:52:00.866215 1676466 Simulator.cpp:158] Loaded.
I0919 01:52:00.866223 1676466 SceneGraph.h:93] Created DrawableGroup: 
Renderer: NVIDIA GeForce RTX 5090/PCIe/SSE2 by NVIDIA Corporation
OpenGL version: 4.6.0 NVIDIA 580.126.09
Using optional features:
    GL_ARB_ES2_compatibility
    GL_ARB_direct_state_access
    GL_ARB_get_texture_sub_image
    GL_ARB_invalidate_subdata
    GL_ARB_multi_bind
    GL_ARB_robustness
    GL_ARB_separate_shader_objects
    GL_ARB_texture_filter_anisotropic
    GL_ARB_texture_storage
    GL_ARB_texture_storage_multisample
    GL_ARB_vertex_array_object
    GL_KHR_debug
Using driver workarounds:
    no-forward-compatible-core-context
    nv-egl-incorrect-gl11-function-pointers
    no-layout-qualifiers-on-old-glsl
    nv-zero-context-profile-mask
    nv-implementation-color-read-format-dsa-broken
    nv-cubemap-inconsistent-compressed-image-size
    nv-cubemap-broken-full-compressed-image-query
    nv-compressed-block-size-in-bits
I0919 01:52:00.879634 1676466 ResourceManager.cpp:234] ResourceManager::loadStage : Not loading semantic mesh
I0919 01:52:00.879644 1676466 ResourceManager.cpp:262] ResourceManager::loadStage : start load render asset /mnt/data_nas/deeprobotics/daiyang/vla/third_party/ETP-R1/data/scene_datasets/mp3d/B6ByNegPMKs/B6ByNegPMKs.glb.
I0919 01:52:00.879647 1676466 ResourceManager.cpp:569] ResourceManager::loadStageInternal : Attempting to load stage /mnt/data_nas/deeprobotics/daiyang/vla/third_party/ETP-R1/data/scene_datasets/mp3d/B6ByNegPMKs/B6ByNegPMKs.glb 
I0919 01:52:00.879668 1676466 ResourceManager.cpp:1119] Importing Basis files as BC7 for B6ByNegPMKs.glb
W0919 01:52:10.469594 1676466 Simulator.cpp:248] :
---
 The active scene does not contain semantic annotations. 
---
I0919 01:52:10.671490 1676466 simulator.py:213] Loaded navmesh /mnt/data_nas/deeprobotics/daiyang/vla/third_party/ETP-R1/data/scene_datasets/mp3d/B6ByNegPMKs/B6ByNegPMKs.navmesh
I0919 01:52:35.961126 1676466 PhysicsManager.cpp:33] Deconstructing PhysicsManager
I0919 01:52:35.961161 1676466 SemanticScene.h:41] Deconstructing SemanticScene
I0919 01:52:35.976282 1676466 SceneManager.h:25] Deconstructing SceneManager
I0919 01:52:35.976294 1676466 SceneGraph.h:26] Deconstructing SceneGraph
I0919 01:52:35.976738 1676466 Sensor.h:87] Deconstructing Sensor
I0919 01:52:35.987968 1676466 Renderer.cpp:34] Deconstructing Renderer
I0919 01:52:35.987994 1676466 WindowlessContext.h:17] Deconstructing WindowlessContext
I0919 01:52:36.013322 1676466 ManagedContainerBase.cpp:19] ManagedContainerBase::convertFilenameToJSON : Filename : default changed to proposed JSON configuration filename : default.scene_dataset_config.json
I0919 01:52:36.013342 1676466 AttributesManagerBase.h:283] AttributesManager<T>::createFromJsonOrDefaultInternal  (Dataset) : Proposing JSON name : default.scene_dataset_config.json from original name : default | This file  does not exist.
I0919 01:52:36.013572 1676466 AssetAttributesManager.cpp:117] Asset attributes (capsule3DSolid : capsule3DSolid_hemiRings_4_cylRings_1_segments_12_halfLen_0.75_useTexCoords_false_useTangents_false) created and registered.
I0919 01:52:36.013610 1676466 AssetAttributesManager.cpp:117] Asset attributes (capsule3DWireframe : capsule3DWireframe_hemiRings_8_cylRings_1_segments_16_halfLen_1) created and registered.
I0919 01:52:36.013633 1676466 AssetAttributesManager.cpp:117] Asset attributes (coneSolid : coneSolid_segments_12_halfLen_1.25_rings_1_useTexCoords_false_useTangents_false_capEnd_true) created and registered.
I0919 01:52:36.013648 1676466 AssetAttributesManager.cpp:117] Asset attributes (coneWireframe : coneWireframe_segments_32_halfLen_1.25) created and registered.
I0919 01:52:36.013657 1676466 AssetAttributesManager.cpp:117] Asset attributes (cubeSolid : cubeSolid) created and registered.
I0919 01:52:36.013664 1676466 AssetAttributesManager.cpp:117] Asset attributes (cubeWireframe : cubeWireframe) created and registered.
I0919 01:52:36.013684 1676466 AssetAttributesManager.cpp:117] Asset attributes (cylinderSolid : cylinderSolid_rings_1_segments_12_halfLen_1_useTexCoords_false_useTangents_false_capEnds_true) created and registered.
I0919 01:52:36.013700 1676466 AssetAttributesManager.cpp:117] Asset attributes (cylinderWireframe : cylinderWireframe_rings_1_segments_32_halfLen_1) created and registered.
I0919 01:52:36.013710 1676466 AssetAttributesManager.cpp:117] Asset attributes (icosphereSolid : icosphereSolid_subdivs_1) created and registered.
I0919 01:52:36.013720 1676466 AssetAttributesManager.cpp:117] Asset attributes (icosphereWireframe : icosphereWireframe_subdivs_1) created and registered.
I0919 01:52:36.013734 1676466 AssetAttributesManager.cpp:117] Asset attributes (uvSphereSolid : uvSphereSolid_rings_8_segments_16_useTexCoords_false_useTangents_false) created and registered.
I0919 01:52:36.013748 1676466 AssetAttributesManager.cpp:117] Asset attributes (uvSphereWireframe : uvSphereWireframe_rings_16_segments_32) created and registered.
I0919 01:52:36.013754 1676466 AssetAttributesManager.cpp:105] AssetAttributesManager::buildCtorFuncPtrMaps : Built default primitive asset templates : 12
I0919 01:52:36.014153 1676466 SceneDatasetAttributesManager.cpp:23] File (default) not found, so new default dataset attributes created and registered.
I0919 01:52:36.014154 1676466 MetadataMediator.cpp:47] MetadataMediator::createDataset : Dataset default successfully created.
I0919 01:52:36.014354 1676466 AttributesManagerBase.h:283] AttributesManager<T>::createFromJsonOrDefaultInternal  (Physics Manager) : Proposing JSON name : ./data/default.physics_config.json from original name : ./data/default.physics_config.json | This file  does not exist.
I0919 01:52:36.014366 1676466 PhysicsAttributesManager.cpp:27] File (./data/default.physics_config.json) not found, so new default physics manager attributes created and registered.
I0919 01:52:36.014370 1676466 AbstractObjectAttributesManagerBase.h:175] AbstractObjectAttributesManager<T>::createObject  (Stage) : Making attributes with handle : /mnt/data_nas/deeprobotics/daiyang/vla/third_party/ETP-R1/data/scene_datasets/mp3d/PuKPg4mmafe/PuKPg4mmafe.glb
I0919 01:52:36.014374 1676466 ManagedContainerBase.cpp:19] ManagedContainerBase::convertFilenameToJSON : Filename : /mnt/data_nas/deeprobotics/daiyang/vla/third_party/ETP-R1/data/scene_datasets/mp3d/PuKPg4mmafe/PuKPg4mmafe.glb changed to proposed JSON configuration filename : /mnt/data_nas/deeprobotics/daiyang/vla/third_party/ETP-R1/data/scene_datasets/mp3d/PuKPg4mmafe/PuKPg4mmafe.stage_config.json
I0919 01:52:36.016546 1676466 AttributesManagerBase.h:283] AttributesManager<T>::createFromJsonOrDefaultInternal  (Stage) : Proposing JSON name : /mnt/data_nas/deeprobotics/daiyang/vla/third_party/ETP-R1/data/scene_datasets/mp3d/PuKPg4mmafe/PuKPg4mmafe.stage_config.json from original name : /mnt/data_nas/deeprobotics/daiyang/vla/third_party/ETP-R1/data/scene_datasets/mp3d/PuKPg4mmafe/PuKPg4mmafe.glb | This file  does not exist.
I0919 01:52:36.016595 1676466 AbstractObjectAttributesManagerBase.h:181] AbstractObjectAttributesManager<T>::createObject  (Stage) : Done making attributes with handle : /mnt/data_nas/deeprobotics/daiyang/vla/third_party/ETP-R1/data/scene_datasets/mp3d/PuKPg4mmafe/PuKPg4mmafe.glb
I0919 01:52:36.016600 1676466 AbstractObjectAttributesManagerBase.h:188] File (/mnt/data_nas/deeprobotics/daiyang/vla/third_party/ETP-R1/data/scene_datasets/mp3d/PuKPg4mmafe/PuKPg4mmafe.glb) exists but is not a recognized config filename extension, so new default Stage attributes created and registered.
I0919 01:52:36.016605 1676466 Simulator.cpp:156] Loading navmesh from /mnt/data_nas/deeprobotics/daiyang/vla/third_party/ETP-R1/data/scene_datasets/mp3d/PuKPg4mmafe/PuKPg4mmafe.navmesh
I0919 01:52:36.017577 1676466 Simulator.cpp:158] Loaded.
I0919 01:52:36.017587 1676466 SceneGraph.h:93] Created DrawableGroup: 
Renderer: NVIDIA GeForce RTX 5090/PCIe/SSE2 by NVIDIA Corporation
OpenGL version: 4.6.0 NVIDIA 580.126.09
Using optional features:
    GL_ARB_ES2_compatibility
    GL_ARB_direct_state_access
    GL_ARB_get_texture_sub_image
    GL_ARB_invalidate_subdata
    GL_ARB_multi_bind
    GL_ARB_robustness
    GL_ARB_separate_shader_objects
    GL_ARB_texture_filter_anisotropic
    GL_ARB_texture_storage
    GL_ARB_texture_storage_multisample
    GL_ARB_vertex_array_object
    GL_KHR_debug
Using driver workarounds:
    no-forward-compatible-core-context
    nv-egl-incorrect-gl11-function-pointers
    no-layout-qualifiers-on-old-glsl
    nv-zero-context-profile-mask
    nv-implementation-color-read-format-dsa-broken
    nv-cubemap-inconsistent-compressed-image-size
    nv-cubemap-broken-full-compressed-image-query
    nv-compressed-block-size-in-bits
I0919 01:52:36.021359 1676466 ResourceManager.cpp:234] ResourceManager::loadStage : Not loading semantic mesh
I0919 01:52:36.021368 1676466 ResourceManager.cpp:262] ResourceManager::loadStage : start load render asset /mnt/data_nas/deeprobotics/daiyang/vla/third_party/ETP-R1/data/scene_datasets/mp3d/PuKPg4mmafe/PuKPg4mmafe.glb.
I0919 01:52:36.021370 1676466 ResourceManager.cpp:569] ResourceManager::loadStageInternal : Attempting to load stage /mnt/data_nas/deeprobotics/daiyang/vla/third_party/ETP-R1/data/scene_datasets/mp3d/PuKPg4mmafe/PuKPg4mmafe.glb 
I0919 01:52:36.021386 1676466 ResourceManager.cpp:1119] Importing Basis files as BC7 for PuKPg4mmafe.glb
W0919 01:52:40.610512 1676466 Simulator.cpp:248] :
---
 The active scene does not contain semantic annotations. 
---
I0919 01:52:40.631876 1676466 simulator.py:213] Loaded navmesh /mnt/data_nas/deeprobotics/daiyang/vla/third_party/ETP-R1/data/scene_datasets/mp3d/PuKPg4mmafe/PuKPg4mmafe.navmesh
I0919 01:55:23.157784 1676466 PhysicsManager.cpp:33] Deconstructing PhysicsManager
I0919 01:55:23.157835 1676466 SemanticScene.h:41] Deconstructing SemanticScene
I0919 01:55:23.158821 1676466 SceneManager.h:25] Deconstructing SceneManager
I0919 01:55:23.158826 1676466 SceneGraph.h:26] Deconstructing SceneGraph
I0919 01:55:23.159085 1676466 Sensor.h:87] Deconstructing Sensor
I0919 01:55:23.167784 1676466 Renderer.cpp:34] Deconstructing Renderer
I0919 01:55:23.167812 1676466 WindowlessContext.h:17] Deconstructing WindowlessContext
I0919 01:55:23.198424 1676466 ManagedContainerBase.cpp:19] ManagedContainerBase::convertFilenameToJSON : Filename : default changed to proposed JSON configuration filename : default.scene_dataset_config.json
I0919 01:55:23.198446 1676466 AttributesManagerBase.h:283] AttributesManager<T>::createFromJsonOrDefaultInternal  (Dataset) : Proposing JSON name : default.scene_dataset_config.json from original name : default | This file  does not exist.
I0919 01:55:23.198812 1676466 AssetAttributesManager.cpp:117] Asset attributes (capsule3DSolid : capsule3DSolid_hemiRings_4_cylRings_1_segments_12_halfLen_0.75_useTexCoords_false_useTangents_false) created and registered.
I0919 01:55:23.198839 1676466 AssetAttributesManager.cpp:117] Asset attributes (capsule3DWireframe : capsule3DWireframe_hemiRings_8_cylRings_1_segments_16_halfLen_1) created and registered.
I0919 01:55:23.198861 1676466 AssetAttributesManager.cpp:117] Asset attributes (coneSolid : coneSolid_segments_12_halfLen_1.25_rings_1_useTexCoords_false_useTangents_false_capEnd_true) created and registered.
I0919 01:55:23.198885 1676466 AssetAttributesManager.cpp:117] Asset attributes (coneWireframe : coneWireframe_segments_32_halfLen_1.25) created and registered.
I0919 01:55:23.198894 1676466 AssetAttributesManager.cpp:117] Asset attributes (cubeSolid : cubeSolid) created and registered.
I0919 01:55:23.198900 1676466 AssetAttributesManager.cpp:117] Asset attributes (cubeWireframe : cubeWireframe) created and registered.
I0919 01:55:23.198920 1676466 AssetAttributesManager.cpp:117] Asset attributes (cylinderSolid : cylinderSolid_rings_1_segments_12_halfLen_1_useTexCoords_false_useTangents_false_capEnds_true) created and registered.
I0919 01:55:23.198937 1676466 AssetAttributesManager.cpp:117] Asset attributes (cylinderWireframe : cylinderWireframe_rings_1_segments_32_halfLen_1) created and registered.
I0919 01:55:23.198948 1676466 AssetAttributesManager.cpp:117] Asset attributes (icosphereSolid : icosphereSolid_subdivs_1) created and registered.
I0919 01:55:23.198957 1676466 AssetAttributesManager.cpp:117] Asset attributes (icosphereWireframe : icosphereWireframe_subdivs_1) created and registered.
I0919 01:55:23.198971 1676466 AssetAttributesManager.cpp:117] Asset attributes (uvSphereSolid : uvSphereSolid_rings_8_segments_16_useTexCoords_false_useTangents_false) created and registered.
I0919 01:55:23.198984 1676466 AssetAttributesManager.cpp:117] Asset attributes (uvSphereWireframe : uvSphereWireframe_rings_16_segments_32) created and registered.
I0919 01:55:23.198990 1676466 AssetAttributesManager.cpp:105] AssetAttributesManager::buildCtorFuncPtrMaps : Built default primitive asset templates : 12
I0919 01:55:23.199395 1676466 SceneDatasetAttributesManager.cpp:23] File (default) not found, so new default dataset attributes created and registered.
I0919 01:55:23.199398 1676466 MetadataMediator.cpp:47] MetadataMediator::createDataset : Dataset default successfully created.
I0919 01:55:23.200564 1676466 AttributesManagerBase.h:283] AttributesManager<T>::createFromJsonOrDefaultInternal  (Physics Manager) : Proposing JSON name : ./data/default.physics_config.json from original name : ./data/default.physics_config.json | This file  does not exist.
I0919 01:55:23.200577 1676466 PhysicsAttributesManager.cpp:27] File (./data/default.physics_config.json) not found, so new default physics manager attributes created and registered.
I0919 01:55:23.200582 1676466 AbstractObjectAttributesManagerBase.h:175] AbstractObjectAttributesManager<T>::createObject  (Stage) : Making attributes with handle : /mnt/data_nas/deeprobotics/daiyang/vla/third_party/ETP-R1/data/scene_datasets/mp3d/aayBHfsNo7d/aayBHfsNo7d.glb
I0919 01:55:23.200587 1676466 ManagedContainerBase.cpp:19] ManagedContainerBase::convertFilenameToJSON : Filename : /mnt/data_nas/deeprobotics/daiyang/vla/third_party/ETP-R1/data/scene_datasets/mp3d/aayBHfsNo7d/aayBHfsNo7d.glb changed to proposed JSON configuration filename : /mnt/data_nas/deeprobotics/daiyang/vla/third_party/ETP-R1/data/scene_datasets/mp3d/aayBHfsNo7d/aayBHfsNo7d.stage_config.json
I0919 01:55:23.203117 1676466 AttributesManagerBase.h:283] AttributesManager<T>::createFromJsonOrDefaultInternal  (Stage) : Proposing JSON name : /mnt/data_nas/deeprobotics/daiyang/vla/third_party/ETP-R1/data/scene_datasets/mp3d/aayBHfsNo7d/aayBHfsNo7d.stage_config.json from original name : /mnt/data_nas/deeprobotics/daiyang/vla/third_party/ETP-R1/data/scene_datasets/mp3d/aayBHfsNo7d/aayBHfsNo7d.glb | This file  does not exist.
I0919 01:55:23.203167 1676466 AbstractObjectAttributesManagerBase.h:181] AbstractObjectAttributesManager<T>::createObject  (Stage) : Done making attributes with handle : /mnt/data_nas/deeprobotics/daiyang/vla/third_party/ETP-R1/data/scene_datasets/mp3d/aayBHfsNo7d/aayBHfsNo7d.glb
I0919 01:55:23.203168 1676466 AbstractObjectAttributesManagerBase.h:188] File (/mnt/data_nas/deeprobotics/daiyang/vla/third_party/ETP-R1/data/scene_datasets/mp3d/aayBHfsNo7d/aayBHfsNo7d.glb) exists but is not a recognized config filename extension, so new default Stage attributes created and registered.
I0919 01:55:23.203173 1676466 Simulator.cpp:156] Loading navmesh from /mnt/data_nas/deeprobotics/daiyang/vla/third_party/ETP-R1/data/scene_datasets/mp3d/aayBHfsNo7d/aayBHfsNo7d.navmesh
I0919 01:55:23.204787 1676466 Simulator.cpp:158] Loaded.
I0919 01:55:23.204797 1676466 SceneGraph.h:93] Created DrawableGroup: 
Renderer: NVIDIA GeForce RTX 5090/PCIe/SSE2 by NVIDIA Corporation
OpenGL version: 4.6.0 NVIDIA 580.126.09
Using optional features:
    GL_ARB_ES2_compatibility
    GL_ARB_direct_state_access
    GL_ARB_get_texture_sub_image
    GL_ARB_invalidate_subdata
    GL_ARB_multi_bind
    GL_ARB_robustness
    GL_ARB_separate_shader_objects
    GL_ARB_texture_filter_anisotropic
    GL_ARB_texture_storage
    GL_ARB_texture_storage_multisample
    GL_ARB_vertex_array_object
    GL_KHR_debug
Using driver workarounds:
    no-forward-compatible-core-context
    nv-egl-incorrect-gl11-function-pointers
    no-layout-qualifiers-on-old-glsl
    nv-zero-context-profile-mask
    nv-implementation-color-read-format-dsa-broken
    nv-cubemap-inconsistent-compressed-image-size
    nv-cubemap-broken-full-compressed-image-query
    nv-compressed-block-size-in-bits
I0919 01:55:23.208599 1676466 ResourceManager.cpp:234] ResourceManager::loadStage : Not loading semantic mesh
I0919 01:55:23.208608 1676466 ResourceManager.cpp:262] ResourceManager::loadStage : start load render asset /mnt/data_nas/deeprobotics/daiyang/vla/third_party/ETP-R1/data/scene_datasets/mp3d/aayBHfsNo7d/aayBHfsNo7d.glb.
I0919 01:55:23.208611 1676466 ResourceManager.cpp:569] ResourceManager::loadStageInternal : Attempting to load stage /mnt/data_nas/deeprobotics/daiyang/vla/third_party/ETP-R1/data/scene_datasets/mp3d/aayBHfsNo7d/aayBHfsNo7d.glb 
I0919 01:55:23.208626 1676466 ResourceManager.cpp:1119] Importing Basis files as BC7 for aayBHfsNo7d.glb
W0919 01:55:24.771731 1676466 Simulator.cpp:248] :
---
 The active scene does not contain semantic annotations. 
---
I0919 01:55:24.812235 1676466 simulator.py:213] Loaded navmesh /mnt/data_nas/deeprobotics/daiyang/vla/third_party/ETP-R1/data/scene_datasets/mp3d/aayBHfsNo7d/aayBHfsNo7d.navmesh
I0919 01:55:25.050045 1676466 Simulator.cpp:49] Deconstructing Simulator
I0919 01:55:25.050266 1676466 Simulator.cpp:49] Deconstructing Simulator
I0919 01:55:25.050534 1676466 Simulator.cpp:49] Deconstructing Simulator
I0919 01:55:25.050834 1676466 Simulator.cpp:49] Deconstructing Simulator
I0919 01:55:25.051049 1676466 Simulator.cpp:49] Deconstructing Simulator
I0919 01:55:25.051201 1676466 Simulator.cpp:49] Deconstructing Simulator
I0919 01:55:25.051410 1676466 Simulator.cpp:49] Deconstructing Simulator
I0919 01:55:25.051568 1676466 Simulator.cpp:49] Deconstructing Simulator
I0919 01:55:25.051693 1676466 Simulator.cpp:49] Deconstructing Simulator
I0919 01:55:25.051803 1676466 Simulator.cpp:49] Deconstructing Simulator
I0919 01:55:25.051944 1676466 Simulator.cpp:49] Deconstructing Simulator
I0919 01:55:25.052068 1676466 Simulator.cpp:49] Deconstructing Simulator
I0919 01:55:25.052187 1676466 Simulator.cpp:49] Deconstructing Simulator
I0919 01:55:25.052289 1676466 Simulator.cpp:49] Deconstructing Simulator
I0919 01:55:25.052417 1676466 Simulator.cpp:49] Deconstructing Simulator
I0919 01:55:25.052538 1676466 Simulator.cpp:49] Deconstructing Simulator
I0919 01:55:25.052615 1676466 Simulator.cpp:49] Deconstructing Simulator
I0919 01:55:25.052742 1676466 Simulator.cpp:49] Deconstructing Simulator
I0919 01:55:25.052824 1676466 Simulator.cpp:49] Deconstructing Simulator
I0919 01:55:25.052949 1676466 Simulator.cpp:49] Deconstructing Simulator
I0919 01:55:25.053058 1676466 Simulator.cpp:49] Deconstructing Simulator
I0919 01:55:25.053144 1676466 Simulator.cpp:49] Deconstructing Simulator
I0919 01:55:25.053226 1676466 Simulator.cpp:49] Deconstructing Simulator
I0919 01:55:25.053385 1676466 Simulator.cpp:49] Deconstructing Simulator
I0919 01:55:25.053484 1676466 Simulator.cpp:49] Deconstructing Simulator
I0919 01:55:25.053562 1676466 Simulator.cpp:49] Deconstructing Simulator
I0919 01:55:25.053640 1676466 Simulator.cpp:49] Deconstructing Simulator
I0919 01:55:25.053790 1676466 Simulator.cpp:49] Deconstructing Simulator
I0919 01:55:25.053885 1676466 Simulator.cpp:49] Deconstructing Simulator
I0919 01:55:25.053979 1676466 Simulator.cpp:49] Deconstructing Simulator
I0919 01:55:25.054078 1676466 Simulator.cpp:49] Deconstructing Simulator
I0919 01:55:25.054185 1676466 Simulator.cpp:49] Deconstructing Simulator
I0919 01:55:25.054282 1676466 Simulator.cpp:49] Deconstructing Simulator
I0919 01:55:25.054361 1676466 Simulator.cpp:49] Deconstructing Simulator
I0919 01:56:55.042665 1676466 PhysicsManager.cpp:33] Deconstructing PhysicsManager
I0919 01:56:55.042714 1676466 SemanticScene.h:41] Deconstructing SemanticScene
I0919 01:56:55.045550 1676466 SceneManager.h:25] Deconstructing SceneManager
I0919 01:56:55.045559 1676466 SceneGraph.h:26] Deconstructing SceneGraph
I0919 01:56:55.046058 1676466 Sensor.h:87] Deconstructing Sensor
I0919 01:56:55.048743 1676466 Renderer.cpp:34] Deconstructing Renderer
I0919 01:56:55.048766 1676466 WindowlessContext.h:17] Deconstructing WindowlessContext
I0919 01:56:55.054495 1676466 ManagedContainerBase.cpp:19] ManagedContainerBase::convertFilenameToJSON : Filename : default changed to proposed JSON configuration filename : default.scene_dataset_config.json
I0919 01:56:55.054510 1676466 AttributesManagerBase.h:283] AttributesManager<T>::createFromJsonOrDefaultInternal  (Dataset) : Proposing JSON name : default.scene_dataset_config.json from original name : default | This file  does not exist.
I0919 01:56:55.054587 1676466 AssetAttributesManager.cpp:117] Asset attributes (capsule3DSolid : capsule3DSolid_hemiRings_4_cylRings_1_segments_12_halfLen_0.75_useTexCoords_false_useTangents_false) created and registered.
I0919 01:56:55.054626 1676466 AssetAttributesManager.cpp:117] Asset attributes (capsule3DWireframe : capsule3DWireframe_hemiRings_8_cylRings_1_segments_16_halfLen_1) created and registered.
I0919 01:56:55.054649 1676466 AssetAttributesManager.cpp:117] Asset attributes (coneSolid : coneSolid_segments_12_halfLen_1.25_rings_1_useTexCoords_false_useTangents_false_capEnd_true) created and registered.
I0919 01:56:55.054665 1676466 AssetAttributesManager.cpp:117] Asset attributes (coneWireframe : coneWireframe_segments_32_halfLen_1.25) created and registered.
I0919 01:56:55.054677 1676466 AssetAttributesManager.cpp:117] Asset attributes (cubeSolid : cubeSolid) created and registered.
I0919 01:56:55.054685 1676466 AssetAttributesManager.cpp:117] Asset attributes (cubeWireframe : cubeWireframe) created and registered.
I0919 01:56:55.054706 1676466 AssetAttributesManager.cpp:117] Asset attributes (cylinderSolid : cylinderSolid_rings_1_segments_12_halfLen_1_useTexCoords_false_useTangents_false_capEnds_true) created and registered.
I0919 01:56:55.054728 1676466 AssetAttributesManager.cpp:117] Asset attributes (cylinderWireframe : cylinderWireframe_rings_1_segments_32_halfLen_1) created and registered.
I0919 01:56:55.054738 1676466 AssetAttributesManager.cpp:117] Asset attributes (icosphereSolid : icosphereSolid_subdivs_1) created and registered.
I0919 01:56:55.054751 1676466 AssetAttributesManager.cpp:117] Asset attributes (icosphereWireframe : icosphereWireframe_subdivs_1) created and registered.
I0919 01:56:55.054769 1676466 AssetAttributesManager.cpp:117] Asset attributes (uvSphereSolid : uvSphereSolid_rings_8_segments_16_useTexCoords_false_useTangents_false) created and registered.
I0919 01:56:55.054781 1676466 AssetAttributesManager.cpp:117] Asset attributes (uvSphereWireframe : uvSphereWireframe_rings_16_segments_32) created and registered.
I0919 01:56:55.054790 1676466 AssetAttributesManager.cpp:105] AssetAttributesManager::buildCtorFuncPtrMaps : Built default primitive asset templates : 12
I0919 01:56:55.055676 1676466 SceneDatasetAttributesManager.cpp:23] File (default) not found, so new default dataset attributes created and registered.
I0919 01:56:55.055680 1676466 MetadataMediator.cpp:47] MetadataMediator::createDataset : Dataset default successfully created.
I0919 01:56:55.055922 1676466 AttributesManagerBase.h:283] AttributesManager<T>::createFromJsonOrDefaultInternal  (Physics Manager) : Proposing JSON name : ./data/default.physics_config.json from original name : ./data/default.physics_config.json | This file  does not exist.
I0919 01:56:55.055943 1676466 PhysicsAttributesManager.cpp:27] File (./data/default.physics_config.json) not found, so new default physics manager attributes created and registered.
I0919 01:56:55.055946 1676466 AbstractObjectAttributesManagerBase.h:175] AbstractObjectAttributesManager<T>::createObject  (Stage) : Making attributes with handle : /mnt/data_nas/deeprobotics/daiyang/vla/third_party/ETP-R1/data/scene_datasets/mp3d/82sE5b5pLXE/82sE5b5pLXE.glb
I0919 01:56:55.055951 1676466 ManagedContainerBase.cpp:19] ManagedContainerBase::convertFilenameToJSON : Filename : /mnt/data_nas/deeprobotics/daiyang/vla/third_party/ETP-R1/data/scene_datasets/mp3d/82sE5b5pLXE/82sE5b5pLXE.glb changed to proposed JSON configuration filename : /mnt/data_nas/deeprobotics/daiyang/vla/third_party/ETP-R1/data/scene_datasets/mp3d/82sE5b5pLXE/82sE5b5pLXE.stage_config.json
I0919 01:56:55.055963 1676466 AttributesManagerBase.h:283] AttributesManager<T>::createFromJsonOrDefaultInternal  (Stage) : Proposing JSON name : /mnt/data_nas/deeprobotics/daiyang/vla/third_party/ETP-R1/data/scene_datasets/mp3d/82sE5b5pLXE/82sE5b5pLXE.stage_config.json from original name : /mnt/data_nas/deeprobotics/daiyang/vla/third_party/ETP-R1/data/scene_datasets/mp3d/82sE5b5pLXE/82sE5b5pLXE.glb | This file  does not exist.
I0919 01:56:55.056015 1676466 AbstractObjectAttributesManagerBase.h:181] AbstractObjectAttributesManager<T>::createObject  (Stage) : Done making attributes with handle : /mnt/data_nas/deeprobotics/daiyang/vla/third_party/ETP-R1/data/scene_datasets/mp3d/82sE5b5pLXE/82sE5b5pLXE.glb
I0919 01:56:55.056017 1676466 AbstractObjectAttributesManagerBase.h:188] File (/mnt/data_nas/deeprobotics/daiyang/vla/third_party/ETP-R1/data/scene_datasets/mp3d/82sE5b5pLXE/82sE5b5pLXE.glb) exists but is not a recognized config filename extension, so new default Stage attributes created and registered.
I0919 01:56:55.056022 1676466 Simulator.cpp:156] Loading navmesh from /mnt/data_nas/deeprobotics/daiyang/vla/third_party/ETP-R1/data/scene_datasets/mp3d/82sE5b5pLXE/82sE5b5pLXE.navmesh
I0919 01:56:55.056943 1676466 Simulator.cpp:158] Loaded.
I0919 01:56:55.056952 1676466 SceneGraph.h:93] Created DrawableGroup: 
Renderer: NVIDIA GeForce RTX 5090/PCIe/SSE2 by NVIDIA Corporation
OpenGL version: 4.6.0 NVIDIA 580.126.09
Using optional features:
    GL_ARB_ES2_compatibility
    GL_ARB_direct_state_access
    GL_ARB_get_texture_sub_image
    GL_ARB_invalidate_subdata
    GL_ARB_multi_bind
    GL_ARB_robustness
    GL_ARB_separate_shader_objects
    GL_ARB_texture_filter_anisotropic
    GL_ARB_texture_storage
    GL_ARB_texture_storage_multisample
    GL_ARB_vertex_array_object
    GL_KHR_debug
Using driver workarounds:
    no-forward-compatible-core-context
    nv-egl-incorrect-gl11-function-pointers
    no-layout-qualifiers-on-old-glsl
    nv-zero-context-profile-mask
    nv-implementation-color-read-format-dsa-broken
    nv-cubemap-inconsistent-compressed-image-size
    nv-cubemap-broken-full-compressed-image-query
    nv-compressed-block-size-in-bits
I0919 01:56:55.060747 1676466 ResourceManager.cpp:234] ResourceManager::loadStage : Not loading semantic mesh
I0919 01:56:55.060756 1676466 ResourceManager.cpp:262] ResourceManager::loadStage : start load render asset /mnt/data_nas/deeprobotics/daiyang/vla/third_party/ETP-R1/data/scene_datasets/mp3d/82sE5b5pLXE/82sE5b5pLXE.glb.
I0919 01:56:55.060758 1676466 ResourceManager.cpp:569] ResourceManager::loadStageInternal : Attempting to load stage /mnt/data_nas/deeprobotics/daiyang/vla/third_party/ETP-R1/data/scene_datasets/mp3d/82sE5b5pLXE/82sE5b5pLXE.glb 
I0919 01:56:55.060776 1676466 ResourceManager.cpp:1119] Importing Basis files as BC7 for 82sE5b5pLXE.glb
W0919 01:56:57.174144 1676466 Simulator.cpp:248] :
---
 The active scene does not contain semantic annotations. 
---
I0919 01:56:57.211638 1676466 simulator.py:213] Loaded navmesh /mnt/data_nas/deeprobotics/daiyang/vla/third_party/ETP-R1/data/scene_datasets/mp3d/82sE5b5pLXE/82sE5b5pLXE.navmesh
I0919 01:57:35.006704 1676466 PhysicsManager.cpp:33] Deconstructing PhysicsManager
I0919 01:57:35.006743 1676466 SemanticScene.h:41] Deconstructing SemanticScene
I0919 01:57:35.008805 1676466 SceneManager.h:25] Deconstructing SceneManager
I0919 01:57:35.008813 1676466 SceneGraph.h:26] Deconstructing SceneGraph
I0919 01:57:35.009080 1676466 Sensor.h:87] Deconstructing Sensor
I0919 01:57:35.017020 1676466 Renderer.cpp:34] Deconstructing Renderer
I0919 01:57:35.017043 1676466 WindowlessContext.h:17] Deconstructing WindowlessContext
I0919 01:57:35.041807 1676466 ManagedContainerBase.cpp:19] ManagedContainerBase::convertFilenameToJSON : Filename : default changed to proposed JSON configuration filename : default.scene_dataset_config.json
I0919 01:57:35.041824 1676466 AttributesManagerBase.h:283] AttributesManager<T>::createFromJsonOrDefaultInternal  (Dataset) : Proposing JSON name : default.scene_dataset_config.json from original name : default | This file  does not exist.
I0919 01:57:35.041963 1676466 AssetAttributesManager.cpp:117] Asset attributes (capsule3DSolid : capsule3DSolid_hemiRings_4_cylRings_1_segments_12_halfLen_0.75_useTexCoords_false_useTangents_false) created and registered.
I0919 01:57:35.042016 1676466 AssetAttributesManager.cpp:117] Asset attributes (capsule3DWireframe : capsule3DWireframe_hemiRings_8_cylRings_1_segments_16_halfLen_1) created and registered.
I0919 01:57:35.042039 1676466 AssetAttributesManager.cpp:117] Asset attributes (coneSolid : coneSolid_segments_12_halfLen_1.25_rings_1_useTexCoords_false_useTangents_false_capEnd_true) created and registered.
I0919 01:57:35.042055 1676466 AssetAttributesManager.cpp:117] Asset attributes (coneWireframe : coneWireframe_segments_32_halfLen_1.25) created and registered.
I0919 01:57:35.042064 1676466 AssetAttributesManager.cpp:117] Asset attributes (cubeSolid : cubeSolid) created and registered.
I0919 01:57:35.042071 1676466 AssetAttributesManager.cpp:117] Asset attributes (cubeWireframe : cubeWireframe) created and registered.
I0919 01:57:35.042089 1676466 AssetAttributesManager.cpp:117] Asset attributes (cylinderSolid : cylinderSolid_rings_1_segments_12_halfLen_1_useTexCoords_false_useTangents_false_capEnds_true) created and registered.
I0919 01:57:35.042107 1676466 AssetAttributesManager.cpp:117] Asset attributes (cylinderWireframe : cylinderWireframe_rings_1_segments_32_halfLen_1) created and registered.
I0919 01:57:35.042119 1676466 AssetAttributesManager.cpp:117] Asset attributes (icosphereSolid : icosphereSolid_subdivs_1) created and registered.
I0919 01:57:35.042135 1676466 AssetAttributesManager.cpp:117] Asset attributes (icosphereWireframe : icosphereWireframe_subdivs_1) created and registered.
I0919 01:57:35.042150 1676466 AssetAttributesManager.cpp:117] Asset attributes (uvSphereSolid : uvSphereSolid_rings_8_segments_16_useTexCoords_false_useTangents_false) created and registered.
I0919 01:57:35.042161 1676466 AssetAttributesManager.cpp:117] Asset attributes (uvSphereWireframe : uvSphereWireframe_rings_16_segments_32) created and registered.
I0919 01:57:35.042167 1676466 AssetAttributesManager.cpp:105] AssetAttributesManager::buildCtorFuncPtrMaps : Built default primitive asset templates : 12
I0919 01:57:35.043251 1676466 SceneDatasetAttributesManager.cpp:23] File (default) not found, so new default dataset attributes created and registered.
I0919 01:57:35.043253 1676466 MetadataMediator.cpp:47] MetadataMediator::createDataset : Dataset default successfully created.
I0919 01:57:35.043437 1676466 AttributesManagerBase.h:283] AttributesManager<T>::createFromJsonOrDefaultInternal  (Physics Manager) : Proposing JSON name : ./data/default.physics_config.json from original name : ./data/default.physics_config.json | This file  does not exist.
I0919 01:57:35.043447 1676466 PhysicsAttributesManager.cpp:27] File (./data/default.physics_config.json) not found, so new default physics manager attributes created and registered.
I0919 01:57:35.043452 1676466 AbstractObjectAttributesManagerBase.h:175] AbstractObjectAttributesManager<T>::createObject  (Stage) : Making attributes with handle : /mnt/data_nas/deeprobotics/daiyang/vla/third_party/ETP-R1/data/scene_datasets/mp3d/B6ByNegPMKs/B6ByNegPMKs.glb
I0919 01:57:35.043462 1676466 ManagedContainerBase.cpp:19] ManagedContainerBase::convertFilenameToJSON : Filename : /mnt/data_nas/deeprobotics/daiyang/vla/third_party/ETP-R1/data/scene_datasets/mp3d/B6ByNegPMKs/B6ByNegPMKs.glb changed to proposed JSON configuration filename : /mnt/data_nas/deeprobotics/daiyang/vla/third_party/ETP-R1/data/scene_datasets/mp3d/B6ByNegPMKs/B6ByNegPMKs.stage_config.json
I0919 01:57:35.043473 1676466 AttributesManagerBase.h:283] AttributesManager<T>::createFromJsonOrDefaultInternal  (Stage) : Proposing JSON name : /mnt/data_nas/deeprobotics/daiyang/vla/third_party/ETP-R1/data/scene_datasets/mp3d/B6ByNegPMKs/B6ByNegPMKs.stage_config.json from original name : /mnt/data_nas/deeprobotics/daiyang/vla/third_party/ETP-R1/data/scene_datasets/mp3d/B6ByNegPMKs/B6ByNegPMKs.glb | This file  does not exist.
I0919 01:57:35.043520 1676466 AbstractObjectAttributesManagerBase.h:181] AbstractObjectAttributesManager<T>::createObject  (Stage) : Done making attributes with handle : /mnt/data_nas/deeprobotics/daiyang/vla/third_party/ETP-R1/data/scene_datasets/mp3d/B6ByNegPMKs/B6ByNegPMKs.glb
I0919 01:57:35.043522 1676466 AbstractObjectAttributesManagerBase.h:188] File (/mnt/data_nas/deeprobotics/daiyang/vla/third_party/ETP-R1/data/scene_datasets/mp3d/B6ByNegPMKs/B6ByNegPMKs.glb) exists but is not a recognized config filename extension, so new default Stage attributes created and registered.
I0919 01:57:35.043527 1676466 Simulator.cpp:156] Loading navmesh from /mnt/data_nas/deeprobotics/daiyang/vla/third_party/ETP-R1/data/scene_datasets/mp3d/B6ByNegPMKs/B6ByNegPMKs.navmesh
I0919 01:57:35.044736 1676466 Simulator.cpp:158] Loaded.
I0919 01:57:35.044745 1676466 SceneGraph.h:93] Created DrawableGroup: 
Renderer: NVIDIA GeForce RTX 5090/PCIe/SSE2 by NVIDIA Corporation
OpenGL version: 4.6.0 NVIDIA 580.126.09
Using optional features:
    GL_ARB_ES2_compatibility
    GL_ARB_direct_state_access
    GL_ARB_get_texture_sub_image
    GL_ARB_invalidate_subdata
    GL_ARB_multi_bind
    GL_ARB_robustness
    GL_ARB_separate_shader_objects
    GL_ARB_texture_filter_anisotropic
    GL_ARB_texture_storage
    GL_ARB_texture_storage_multisample
    GL_ARB_vertex_array_object
    GL_KHR_debug
Using driver workarounds:
    no-forward-compatible-core-context
    nv-egl-incorrect-gl11-function-pointers
    no-layout-qualifiers-on-old-glsl
    nv-zero-context-profile-mask
    nv-implementation-color-read-format-dsa-broken
    nv-cubemap-inconsistent-compressed-image-size
    nv-cubemap-broken-full-compressed-image-query
    nv-compressed-block-size-in-bits
I0919 01:57:35.059773 1676466 ResourceManager.cpp:234] ResourceManager::loadStage : Not loading semantic mesh
I0919 01:57:35.059782 1676466 ResourceManager.cpp:262] ResourceManager::loadStage : start load render asset /mnt/data_nas/deeprobotics/daiyang/vla/third_party/ETP-R1/data/scene_datasets/mp3d/B6ByNegPMKs/B6ByNegPMKs.glb.
I0919 01:57:35.059784 1676466 ResourceManager.cpp:569] ResourceManager::loadStageInternal : Attempting to load stage /mnt/data_nas/deeprobotics/daiyang/vla/third_party/ETP-R1/data/scene_datasets/mp3d/B6ByNegPMKs/B6ByNegPMKs.glb 
I0919 01:57:35.059803 1676466 ResourceManager.cpp:1119] Importing Basis files as BC7 for B6ByNegPMKs.glb
W0919 01:57:44.487078 1676466 Simulator.cpp:248] :
---
 The active scene does not contain semantic annotations. 
---
I0919 01:57:44.682999 1676466 simulator.py:213] Loaded navmesh /mnt/data_nas/deeprobotics/daiyang/vla/third_party/ETP-R1/data/scene_datasets/mp3d/B6ByNegPMKs/B6ByNegPMKs.navmesh
I0919 01:59:07.293306 1676466 PhysicsManager.cpp:33] Deconstructing PhysicsManager
I0919 01:59:07.293342 1676466 SemanticScene.h:41] Deconstructing SemanticScene
I0919 01:59:07.308661 1676466 SceneManager.h:25] Deconstructing SceneManager
I0919 01:59:07.308672 1676466 SceneGraph.h:26] Deconstructing SceneGraph
I0919 01:59:07.309152 1676466 Sensor.h:87] Deconstructing Sensor
I0919 01:59:07.322213 1676466 Renderer.cpp:34] Deconstructing Renderer
I0919 01:59:07.322238 1676466 WindowlessContext.h:17] Deconstructing WindowlessContext
I0919 01:59:07.345024 1676466 ManagedContainerBase.cpp:19] ManagedContainerBase::convertFilenameToJSON : Filename : default changed to proposed JSON configuration filename : default.scene_dataset_config.json
I0919 01:59:07.345042 1676466 AttributesManagerBase.h:283] AttributesManager<T>::createFromJsonOrDefaultInternal  (Dataset) : Proposing JSON name : default.scene_dataset_config.json from original name : default | This file  does not exist.
I0919 01:59:07.345180 1676466 AssetAttributesManager.cpp:117] Asset attributes (capsule3DSolid : capsule3DSolid_hemiRings_4_cylRings_1_segments_12_halfLen_0.75_useTexCoords_false_useTangents_false) created and registered.
I0919 01:59:07.345480 1676466 AssetAttributesManager.cpp:117] Asset attributes (capsule3DWireframe : capsule3DWireframe_hemiRings_8_cylRings_1_segments_16_halfLen_1) created and registered.
I0919 01:59:07.345504 1676466 AssetAttributesManager.cpp:117] Asset attributes (coneSolid : coneSolid_segments_12_halfLen_1.25_rings_1_useTexCoords_false_useTangents_false_capEnd_true) created and registered.
I0919 01:59:07.345521 1676466 AssetAttributesManager.cpp:117] Asset attributes (coneWireframe : coneWireframe_segments_32_halfLen_1.25) created and registered.
I0919 01:59:07.345531 1676466 AssetAttributesManager.cpp:117] Asset attributes (cubeSolid : cubeSolid) created and registered.
I0919 01:59:07.345538 1676466 AssetAttributesManager.cpp:117] Asset attributes (cubeWireframe : cubeWireframe) created and registered.
I0919 01:59:07.345558 1676466 AssetAttributesManager.cpp:117] Asset attributes (cylinderSolid : cylinderSolid_rings_1_segments_12_halfLen_1_useTexCoords_false_useTangents_false_capEnds_true) created and registered.
I0919 01:59:07.345577 1676466 AssetAttributesManager.cpp:117] Asset attributes (cylinderWireframe : cylinderWireframe_rings_1_segments_32_halfLen_1) created and registered.
I0919 01:59:07.345588 1676466 AssetAttributesManager.cpp:117] Asset attributes (icosphereSolid : icosphereSolid_subdivs_1) created and registered.
I0919 01:59:07.345598 1676466 AssetAttributesManager.cpp:117] Asset attributes (icosphereWireframe : icosphereWireframe_subdivs_1) created and registered.
I0919 01:59:07.345613 1676466 AssetAttributesManager.cpp:117] Asset attributes (uvSphereSolid : uvSphereSolid_rings_8_segments_16_useTexCoords_false_useTangents_false) created and registered.
I0919 01:59:07.345625 1676466 AssetAttributesManager.cpp:117] Asset attributes (uvSphereWireframe : uvSphereWireframe_rings_16_segments_32) created and registered.
I0919 01:59:07.345630 1676466 AssetAttributesManager.cpp:105] AssetAttributesManager::buildCtorFuncPtrMaps : Built default primitive asset templates : 12
I0919 01:59:07.346040 1676466 SceneDatasetAttributesManager.cpp:23] File (default) not found, so new default dataset attributes created and registered.
I0919 01:59:07.346042 1676466 MetadataMediator.cpp:47] MetadataMediator::createDataset : Dataset default successfully created.
I0919 01:59:07.346244 1676466 AttributesManagerBase.h:283] AttributesManager<T>::createFromJsonOrDefaultInternal  (Physics Manager) : Proposing JSON name : ./data/default.physics_config.json from original name : ./data/default.physics_config.json | This file  does not exist.
I0919 01:59:07.346256 1676466 PhysicsAttributesManager.cpp:27] File (./data/default.physics_config.json) not found, so new default physics manager attributes created and registered.
I0919 01:59:07.346261 1676466 AbstractObjectAttributesManagerBase.h:175] AbstractObjectAttributesManager<T>::createObject  (Stage) : Making attributes with handle : /mnt/data_nas/deeprobotics/daiyang/vla/third_party/ETP-R1/data/scene_datasets/mp3d/aayBHfsNo7d/aayBHfsNo7d.glb
I0919 01:59:07.346264 1676466 ManagedContainerBase.cpp:19] ManagedContainerBase::convertFilenameToJSON : Filename : /mnt/data_nas/deeprobotics/daiyang/vla/third_party/ETP-R1/data/scene_datasets/mp3d/aayBHfsNo7d/aayBHfsNo7d.glb changed to proposed JSON configuration filename : /mnt/data_nas/deeprobotics/daiyang/vla/third_party/ETP-R1/data/scene_datasets/mp3d/aayBHfsNo7d/aayBHfsNo7d.stage_config.json
I0919 01:59:07.346284 1676466 AttributesManagerBase.h:283] AttributesManager<T>::createFromJsonOrDefaultInternal  (Stage) : Proposing JSON name : /mnt/data_nas/deeprobotics/daiyang/vla/third_party/ETP-R1/data/scene_datasets/mp3d/aayBHfsNo7d/aayBHfsNo7d.stage_config.json from original name : /mnt/data_nas/deeprobotics/daiyang/vla/third_party/ETP-R1/data/scene_datasets/mp3d/aayBHfsNo7d/aayBHfsNo7d.glb | This file  does not exist.
I0919 01:59:07.346333 1676466 AbstractObjectAttributesManagerBase.h:181] AbstractObjectAttributesManager<T>::createObject  (Stage) : Done making attributes with handle : /mnt/data_nas/deeprobotics/daiyang/vla/third_party/ETP-R1/data/scene_datasets/mp3d/aayBHfsNo7d/aayBHfsNo7d.glb
I0919 01:59:07.346335 1676466 AbstractObjectAttributesManagerBase.h:188] File (/mnt/data_nas/deeprobotics/daiyang/vla/third_party/ETP-R1/data/scene_datasets/mp3d/aayBHfsNo7d/aayBHfsNo7d.glb) exists but is not a recognized config filename extension, so new default Stage attributes created and registered.
I0919 01:59:07.346340 1676466 Simulator.cpp:156] Loading navmesh from /mnt/data_nas/deeprobotics/daiyang/vla/third_party/ETP-R1/data/scene_datasets/mp3d/aayBHfsNo7d/aayBHfsNo7d.navmesh
I0919 01:59:07.347064 1676466 Simulator.cpp:158] Loaded.
I0919 01:59:07.347071 1676466 SceneGraph.h:93] Created DrawableGroup: 
Renderer: NVIDIA GeForce RTX 5090/PCIe/SSE2 by NVIDIA Corporation
OpenGL version: 4.6.0 NVIDIA 580.126.09
Using optional features:
    GL_ARB_ES2_compatibility
    GL_ARB_direct_state_access
    GL_ARB_get_texture_sub_image
    GL_ARB_invalidate_subdata
    GL_ARB_multi_bind
    GL_ARB_robustness
    GL_ARB_separate_shader_objects
    GL_ARB_texture_filter_anisotropic
    GL_ARB_texture_storage
    GL_ARB_texture_storage_multisample
    GL_ARB_vertex_array_object
    GL_KHR_debug
Using driver workarounds:
    no-forward-compatible-core-context
    nv-egl-incorrect-gl11-function-pointers
    no-layout-qualifiers-on-old-glsl
    nv-zero-context-profile-mask
    nv-implementation-color-read-format-dsa-broken
    nv-cubemap-inconsistent-compressed-image-size
    nv-cubemap-broken-full-compressed-image-query
    nv-compressed-block-size-in-bits
I0919 01:59:07.350754 1676466 ResourceManager.cpp:234] ResourceManager::loadStage : Not loading semantic mesh
I0919 01:59:07.350761 1676466 ResourceManager.cpp:262] ResourceManager::loadStage : start load render asset /mnt/data_nas/deeprobotics/daiyang/vla/third_party/ETP-R1/data/scene_datasets/mp3d/aayBHfsNo7d/aayBHfsNo7d.glb.
I0919 01:59:07.350764 1676466 ResourceManager.cpp:569] ResourceManager::loadStageInternal : Attempting to load stage /mnt/data_nas/deeprobotics/daiyang/vla/third_party/ETP-R1/data/scene_datasets/mp3d/aayBHfsNo7d/aayBHfsNo7d.glb 
I0919 01:59:07.350780 1676466 ResourceManager.cpp:1119] Importing Basis files as BC7 for aayBHfsNo7d.glb
W0919 01:59:08.894450 1676466 Simulator.cpp:248] :
---
 The active scene does not contain semantic annotations. 
---
I0919 01:59:08.936421 1676466 simulator.py:213] Loaded navmesh /mnt/data_nas/deeprobotics/daiyang/vla/third_party/ETP-R1/data/scene_datasets/mp3d/aayBHfsNo7d/aayBHfsNo7d.navmesh
I0919 01:59:34.300164 1676466 PhysicsManager.cpp:33] Deconstructing PhysicsManager
I0919 01:59:34.300208 1676466 SemanticScene.h:41] Deconstructing SemanticScene
I0919 01:59:34.303682 1676466 SceneManager.h:25] Deconstructing SceneManager
I0919 01:59:34.303690 1676466 SceneGraph.h:26] Deconstructing SceneGraph
I0919 01:59:34.303972 1676466 Sensor.h:87] Deconstructing Sensor
I0919 01:59:34.306442 1676466 Renderer.cpp:34] Deconstructing Renderer
I0919 01:59:34.306461 1676466 WindowlessContext.h:17] Deconstructing WindowlessContext
I0919 01:59:34.312428 1676466 ManagedContainerBase.cpp:19] ManagedContainerBase::convertFilenameToJSON : Filename : default changed to proposed JSON configuration filename : default.scene_dataset_config.json
I0919 01:59:34.312451 1676466 AttributesManagerBase.h:283] AttributesManager<T>::createFromJsonOrDefaultInternal  (Dataset) : Proposing JSON name : default.scene_dataset_config.json from original name : default | This file  does not exist.
I0919 01:59:34.312521 1676466 AssetAttributesManager.cpp:117] Asset attributes (capsule3DSolid : capsule3DSolid_hemiRings_4_cylRings_1_segments_12_halfLen_0.75_useTexCoords_false_useTangents_false) created and registered.
I0919 01:59:34.312551 1676466 AssetAttributesManager.cpp:117] Asset attributes (capsule3DWireframe : capsule3DWireframe_hemiRings_8_cylRings_1_segments_16_halfLen_1) created and registered.
I0919 01:59:34.312572 1676466 AssetAttributesManager.cpp:117] Asset attributes (coneSolid : coneSolid_segments_12_halfLen_1.25_rings_1_useTexCoords_false_useTangents_false_capEnd_true) created and registered.
I0919 01:59:34.312587 1676466 AssetAttributesManager.cpp:117] Asset attributes (coneWireframe : coneWireframe_segments_32_halfLen_1.25) created and registered.
I0919 01:59:34.312597 1676466 AssetAttributesManager.cpp:117] Asset attributes (cubeSolid : cubeSolid) created and registered.
I0919 01:59:34.312603 1676466 AssetAttributesManager.cpp:117] Asset attributes (cubeWireframe : cubeWireframe) created and registered.
I0919 01:59:34.312623 1676466 AssetAttributesManager.cpp:117] Asset attributes (cylinderSolid : cylinderSolid_rings_1_segments_12_halfLen_1_useTexCoords_false_useTangents_false_capEnds_true) created and registered.
I0919 01:59:34.312639 1676466 AssetAttributesManager.cpp:117] Asset attributes (cylinderWireframe : cylinderWireframe_rings_1_segments_32_halfLen_1) created and registered.
I0919 01:59:34.312650 1676466 AssetAttributesManager.cpp:117] Asset attributes (icosphereSolid : icosphereSolid_subdivs_1) created and registered.
I0919 01:59:34.312659 1676466 AssetAttributesManager.cpp:117] Asset attributes (icosphereWireframe : icosphereWireframe_subdivs_1) created and registered.
I0919 01:59:34.312673 1676466 AssetAttributesManager.cpp:117] Asset attributes (uvSphereSolid : uvSphereSolid_rings_8_segments_16_useTexCoords_false_useTangents_false) created and registered.
I0919 01:59:34.312685 1676466 AssetAttributesManager.cpp:117] Asset attributes (uvSphereWireframe : uvSphereWireframe_rings_16_segments_32) created and registered.
I0919 01:59:34.313030 1676466 AssetAttributesManager.cpp:105] AssetAttributesManager::buildCtorFuncPtrMaps : Built default primitive asset templates : 12
I0919 01:59:34.313735 1676466 SceneDatasetAttributesManager.cpp:23] File (default) not found, so new default dataset attributes created and registered.
I0919 01:59:34.313738 1676466 MetadataMediator.cpp:47] MetadataMediator::createDataset : Dataset default successfully created.
I0919 01:59:34.313920 1676466 AttributesManagerBase.h:283] AttributesManager<T>::createFromJsonOrDefaultInternal  (Physics Manager) : Proposing JSON name : ./data/default.physics_config.json from original name : ./data/default.physics_config.json | This file  does not exist.
I0919 01:59:34.313932 1676466 PhysicsAttributesManager.cpp:27] File (./data/default.physics_config.json) not found, so new default physics manager attributes created and registered.
I0919 01:59:34.313935 1676466 AbstractObjectAttributesManagerBase.h:175] AbstractObjectAttributesManager<T>::createObject  (Stage) : Making attributes with handle : /mnt/data_nas/deeprobotics/daiyang/vla/third_party/ETP-R1/data/scene_datasets/mp3d/82sE5b5pLXE/82sE5b5pLXE.glb
I0919 01:59:34.313939 1676466 ManagedContainerBase.cpp:19] ManagedContainerBase::convertFilenameToJSON : Filename : /mnt/data_nas/deeprobotics/daiyang/vla/third_party/ETP-R1/data/scene_datasets/mp3d/82sE5b5pLXE/82sE5b5pLXE.glb changed to proposed JSON configuration filename : /mnt/data_nas/deeprobotics/daiyang/vla/third_party/ETP-R1/data/scene_datasets/mp3d/82sE5b5pLXE/82sE5b5pLXE.stage_config.json
I0919 01:59:34.314872 1676466 AttributesManagerBase.h:283] AttributesManager<T>::createFromJsonOrDefaultInternal  (Stage) : Proposing JSON name : /mnt/data_nas/deeprobotics/daiyang/vla/third_party/ETP-R1/data/scene_datasets/mp3d/82sE5b5pLXE/82sE5b5pLXE.stage_config.json from original name : /mnt/data_nas/deeprobotics/daiyang/vla/third_party/ETP-R1/data/scene_datasets/mp3d/82sE5b5pLXE/82sE5b5pLXE.glb | This file  does not exist.
I0919 01:59:34.314924 1676466 AbstractObjectAttributesManagerBase.h:181] AbstractObjectAttributesManager<T>::createObject  (Stage) : Done making attributes with handle : /mnt/data_nas/deeprobotics/daiyang/vla/third_party/ETP-R1/data/scene_datasets/mp3d/82sE5b5pLXE/82sE5b5pLXE.glb
I0919 01:59:34.314925 1676466 AbstractObjectAttributesManagerBase.h:188] File (/mnt/data_nas/deeprobotics/daiyang/vla/third_party/ETP-R1/data/scene_datasets/mp3d/82sE5b5pLXE/82sE5b5pLXE.glb) exists but is not a recognized config filename extension, so new default Stage attributes created and registered.
I0919 01:59:34.314931 1676466 Simulator.cpp:156] Loading navmesh from /mnt/data_nas/deeprobotics/daiyang/vla/third_party/ETP-R1/data/scene_datasets/mp3d/82sE5b5pLXE/82sE5b5pLXE.navmesh
I0919 01:59:34.316236 1676466 Simulator.cpp:158] Loaded.
I0919 01:59:34.316243 1676466 SceneGraph.h:93] Created DrawableGroup: 
Renderer: NVIDIA GeForce RTX 5090/PCIe/SSE2 by NVIDIA Corporation
OpenGL version: 4.6.0 NVIDIA 580.126.09
Using optional features:
    GL_ARB_ES2_compatibility
    GL_ARB_direct_state_access
    GL_ARB_get_texture_sub_image
    GL_ARB_invalidate_subdata
    GL_ARB_multi_bind
    GL_ARB_robustness
    GL_ARB_separate_shader_objects
    GL_ARB_texture_filter_anisotropic
    GL_ARB_texture_storage
    GL_ARB_texture_storage_multisample
    GL_ARB_vertex_array_object
    GL_KHR_debug
Using driver workarounds:
    no-forward-compatible-core-context
    nv-egl-incorrect-gl11-function-pointers
    no-layout-qualifiers-on-old-glsl
    nv-zero-context-profile-mask
    nv-implementation-color-read-format-dsa-broken
    nv-cubemap-inconsistent-compressed-image-size
    nv-cubemap-broken-full-compressed-image-query
    nv-compressed-block-size-in-bits
I0919 01:59:34.320173 1676466 ResourceManager.cpp:234] ResourceManager::loadStage : Not loading semantic mesh
I0919 01:59:34.320181 1676466 ResourceManager.cpp:262] ResourceManager::loadStage : start load render asset /mnt/data_nas/deeprobotics/daiyang/vla/third_party/ETP-R1/data/scene_datasets/mp3d/82sE5b5pLXE/82sE5b5pLXE.glb.
I0919 01:59:34.320184 1676466 ResourceManager.cpp:569] ResourceManager::loadStageInternal : Attempting to load stage /mnt/data_nas/deeprobotics/daiyang/vla/third_party/ETP-R1/data/scene_datasets/mp3d/82sE5b5pLXE/82sE5b5pLXE.glb 
I0919 01:59:34.320200 1676466 ResourceManager.cpp:1119] Importing Basis files as BC7 for 82sE5b5pLXE.glb
W0919 01:59:36.340448 1676466 Simulator.cpp:248] :
---
 The active scene does not contain semantic annotations. 
---
I0919 01:59:36.378048 1676466 simulator.py:213] Loaded navmesh /mnt/data_nas/deeprobotics/daiyang/vla/third_party/ETP-R1/data/scene_datasets/mp3d/82sE5b5pLXE/82sE5b5pLXE.navmesh
I0919 02:00:51.265836 1676466 PhysicsManager.cpp:33] Deconstructing PhysicsManager
I0919 02:00:51.265882 1676466 SemanticScene.h:41] Deconstructing SemanticScene
I0919 02:00:51.267973 1676466 SceneManager.h:25] Deconstructing SceneManager
I0919 02:00:51.267982 1676466 SceneGraph.h:26] Deconstructing SceneGraph
I0919 02:00:51.268427 1676466 Sensor.h:87] Deconstructing Sensor
I0919 02:00:51.272310 1676466 Renderer.cpp:34] Deconstructing Renderer
I0919 02:00:51.272331 1676466 WindowlessContext.h:17] Deconstructing WindowlessContext
I0919 02:00:51.280278 1676466 ManagedContainerBase.cpp:19] ManagedContainerBase::convertFilenameToJSON : Filename : default changed to proposed JSON configuration filename : default.scene_dataset_config.json
I0919 02:00:51.280294 1676466 AttributesManagerBase.h:283] AttributesManager<T>::createFromJsonOrDefaultInternal  (Dataset) : Proposing JSON name : default.scene_dataset_config.json from original name : default | This file  does not exist.
I0919 02:00:51.280514 1676466 AssetAttributesManager.cpp:117] Asset attributes (capsule3DSolid : capsule3DSolid_hemiRings_4_cylRings_1_segments_12_halfLen_0.75_useTexCoords_false_useTangents_false) created and registered.
I0919 02:00:51.280550 1676466 AssetAttributesManager.cpp:117] Asset attributes (capsule3DWireframe : capsule3DWireframe_hemiRings_8_cylRings_1_segments_16_halfLen_1) created and registered.
I0919 02:00:51.280572 1676466 AssetAttributesManager.cpp:117] Asset attributes (coneSolid : coneSolid_segments_12_halfLen_1.25_rings_1_useTexCoords_false_useTangents_false_capEnd_true) created and registered.
I0919 02:00:51.280588 1676466 AssetAttributesManager.cpp:117] Asset attributes (coneWireframe : coneWireframe_segments_32_halfLen_1.25) created and registered.
I0919 02:00:51.280849 1676466 AssetAttributesManager.cpp:117] Asset attributes (cubeSolid : cubeSolid) created and registered.
I0919 02:00:51.280856 1676466 AssetAttributesManager.cpp:117] Asset attributes (cubeWireframe : cubeWireframe) created and registered.
I0919 02:00:51.280933 1676466 AssetAttributesManager.cpp:117] Asset attributes (cylinderSolid : cylinderSolid_rings_1_segments_12_halfLen_1_useTexCoords_false_useTangents_false_capEnds_true) created and registered.
I0919 02:00:51.280951 1676466 AssetAttributesManager.cpp:117] Asset attributes (cylinderWireframe : cylinderWireframe_rings_1_segments_32_halfLen_1) created and registered.
I0919 02:00:51.280963 1676466 AssetAttributesManager.cpp:117] Asset attributes (icosphereSolid : icosphereSolid_subdivs_1) created and registered.
I0919 02:00:51.280972 1676466 AssetAttributesManager.cpp:117] Asset attributes (icosphereWireframe : icosphereWireframe_subdivs_1) created and registered.
I0919 02:00:51.280984 1676466 AssetAttributesManager.cpp:117] Asset attributes (uvSphereSolid : uvSphereSolid_rings_8_segments_16_useTexCoords_false_useTangents_false) created and registered.
I0919 02:00:51.280997 1676466 AssetAttributesManager.cpp:117] Asset attributes (uvSphereWireframe : uvSphereWireframe_rings_16_segments_32) created and registered.
I0919 02:00:51.281002 1676466 AssetAttributesManager.cpp:105] AssetAttributesManager::buildCtorFuncPtrMaps : Built default primitive asset templates : 12
I0919 02:00:51.281411 1676466 SceneDatasetAttributesManager.cpp:23] File (default) not found, so new default dataset attributes created and registered.
I0919 02:00:51.281414 1676466 MetadataMediator.cpp:47] MetadataMediator::createDataset : Dataset default successfully created.
I0919 02:00:51.281612 1676466 AttributesManagerBase.h:283] AttributesManager<T>::createFromJsonOrDefaultInternal  (Physics Manager) : Proposing JSON name : ./data/default.physics_config.json from original name : ./data/default.physics_config.json | This file  does not exist.
I0919 02:00:51.281625 1676466 PhysicsAttributesManager.cpp:27] File (./data/default.physics_config.json) not found, so new default physics manager attributes created and registered.
I0919 02:00:51.281628 1676466 AbstractObjectAttributesManagerBase.h:175] AbstractObjectAttributesManager<T>::createObject  (Stage) : Making attributes with handle : /mnt/data_nas/deeprobotics/daiyang/vla/third_party/ETP-R1/data/scene_datasets/mp3d/B6ByNegPMKs/B6ByNegPMKs.glb
I0919 02:00:51.281632 1676466 ManagedContainerBase.cpp:19] ManagedContainerBase::convertFilenameToJSON : Filename : /mnt/data_nas/deeprobotics/daiyang/vla/third_party/ETP-R1/data/scene_datasets/mp3d/B6ByNegPMKs/B6ByNegPMKs.glb changed to proposed JSON configuration filename : /mnt/data_nas/deeprobotics/daiyang/vla/third_party/ETP-R1/data/scene_datasets/mp3d/B6ByNegPMKs/B6ByNegPMKs.stage_config.json
I0919 02:00:51.281644 1676466 AttributesManagerBase.h:283] AttributesManager<T>::createFromJsonOrDefaultInternal  (Stage) : Proposing JSON name : /mnt/data_nas/deeprobotics/daiyang/vla/third_party/ETP-R1/data/scene_datasets/mp3d/B6ByNegPMKs/B6ByNegPMKs.stage_config.json from original name : /mnt/data_nas/deeprobotics/daiyang/vla/third_party/ETP-R1/data/scene_datasets/mp3d/B6ByNegPMKs/B6ByNegPMKs.glb | This file  does not exist.
I0919 02:00:51.281692 1676466 AbstractObjectAttributesManagerBase.h:181] AbstractObjectAttributesManager<T>::createObject  (Stage) : Done making attributes with handle : /mnt/data_nas/deeprobotics/daiyang/vla/third_party/ETP-R1/data/scene_datasets/mp3d/B6ByNegPMKs/B6ByNegPMKs.glb
I0919 02:00:51.281697 1676466 AbstractObjectAttributesManagerBase.h:188] File (/mnt/data_nas/deeprobotics/daiyang/vla/third_party/ETP-R1/data/scene_datasets/mp3d/B6ByNegPMKs/B6ByNegPMKs.glb) exists but is not a recognized config filename extension, so new default Stage attributes created and registered.
I0919 02:00:51.281701 1676466 Simulator.cpp:156] Loading navmesh from /mnt/data_nas/deeprobotics/daiyang/vla/third_party/ETP-R1/data/scene_datasets/mp3d/B6ByNegPMKs/B6ByNegPMKs.navmesh
I0919 02:00:51.283344 1676466 Simulator.cpp:158] Loaded.
I0919 02:00:51.283353 1676466 SceneGraph.h:93] Created DrawableGroup: 
Renderer: NVIDIA GeForce RTX 5090/PCIe/SSE2 by NVIDIA Corporation
OpenGL version: 4.6.0 NVIDIA 580.126.09
Using optional features:
    GL_ARB_ES2_compatibility
    GL_ARB_direct_state_access
    GL_ARB_get_texture_sub_image
    GL_ARB_invalidate_subdata
    GL_ARB_multi_bind
    GL_ARB_robustness
    GL_ARB_separate_shader_objects
    GL_ARB_texture_filter_anisotropic
    GL_ARB_texture_storage
    GL_ARB_texture_storage_multisample
    GL_ARB_vertex_array_object
    GL_KHR_debug
Using driver workarounds:
    no-forward-compatible-core-context
    nv-egl-incorrect-gl11-function-pointers
    no-layout-qualifiers-on-old-glsl
    nv-zero-context-profile-mask
    nv-implementation-color-read-format-dsa-broken
    nv-cubemap-inconsistent-compressed-image-size
    nv-cubemap-broken-full-compressed-image-query
    nv-compressed-block-size-in-bits
I0919 02:00:51.298439 1676466 ResourceManager.cpp:234] ResourceManager::loadStage : Not loading semantic mesh
I0919 02:00:51.298447 1676466 ResourceManager.cpp:262] ResourceManager::loadStage : start load render asset /mnt/data_nas/deeprobotics/daiyang/vla/third_party/ETP-R1/data/scene_datasets/mp3d/B6ByNegPMKs/B6ByNegPMKs.glb.
I0919 02:00:51.298449 1676466 ResourceManager.cpp:569] ResourceManager::loadStageInternal : Attempting to load stage /mnt/data_nas/deeprobotics/daiyang/vla/third_party/ETP-R1/data/scene_datasets/mp3d/B6ByNegPMKs/B6ByNegPMKs.glb 
I0919 02:00:51.298468 1676466 ResourceManager.cpp:1119] Importing Basis files as BC7 for B6ByNegPMKs.glb
W0919 02:01:00.906397 1676466 Simulator.cpp:248] :
---
 The active scene does not contain semantic annotations. 
---
I0919 02:01:01.101556 1676466 simulator.py:213] Loaded navmesh /mnt/data_nas/deeprobotics/daiyang/vla/third_party/ETP-R1/data/scene_datasets/mp3d/B6ByNegPMKs/B6ByNegPMKs.navmesh
I0919 02:01:30.506611 1676466 PhysicsManager.cpp:33] Deconstructing PhysicsManager
I0919 02:01:30.506644 1676466 SemanticScene.h:41] Deconstructing SemanticScene
I0919 02:01:30.521545 1676466 SceneManager.h:25] Deconstructing SceneManager
I0919 02:01:30.521555 1676466 SceneGraph.h:26] Deconstructing SceneGraph
I0919 02:01:30.522022 1676466 Sensor.h:87] Deconstructing Sensor
I0919 02:01:30.535552 1676466 Renderer.cpp:34] Deconstructing Renderer
I0919 02:01:30.535576 1676466 WindowlessContext.h:17] Deconstructing WindowlessContext
I0919 02:01:30.543725 1676466 ManagedContainerBase.cpp:19] ManagedContainerBase::convertFilenameToJSON : Filename : default changed to proposed JSON configuration filename : default.scene_dataset_config.json
I0919 02:01:30.543745 1676466 AttributesManagerBase.h:283] AttributesManager<T>::createFromJsonOrDefaultInternal  (Dataset) : Proposing JSON name : default.scene_dataset_config.json from original name : default | This file  does not exist.
I0919 02:01:30.544029 1676466 AssetAttributesManager.cpp:117] Asset attributes (capsule3DSolid : capsule3DSolid_hemiRings_4_cylRings_1_segments_12_halfLen_0.75_useTexCoords_false_useTangents_false) created and registered.
I0919 02:01:30.544057 1676466 AssetAttributesManager.cpp:117] Asset attributes (capsule3DWireframe : capsule3DWireframe_hemiRings_8_cylRings_1_segments_16_halfLen_1) created and registered.
I0919 02:01:30.544082 1676466 AssetAttributesManager.cpp:117] Asset attributes (coneSolid : coneSolid_segments_12_halfLen_1.25_rings_1_useTexCoords_false_useTangents_false_capEnd_true) created and registered.
I0919 02:01:30.544104 1676466 AssetAttributesManager.cpp:117] Asset attributes (coneWireframe : coneWireframe_segments_32_halfLen_1.25) created and registered.
I0919 02:01:30.544112 1676466 AssetAttributesManager.cpp:117] Asset attributes (cubeSolid : cubeSolid) created and registered.
I0919 02:01:30.544119 1676466 AssetAttributesManager.cpp:117] Asset attributes (cubeWireframe : cubeWireframe) created and registered.
I0919 02:01:30.544139 1676466 AssetAttributesManager.cpp:117] Asset attributes (cylinderSolid : cylinderSolid_rings_1_segments_12_halfLen_1_useTexCoords_false_useTangents_false_capEnds_true) created and registered.
I0919 02:01:30.544155 1676466 AssetAttributesManager.cpp:117] Asset attributes (cylinderWireframe : cylinderWireframe_rings_1_segments_32_halfLen_1) created and registered.
I0919 02:01:30.544167 1676466 AssetAttributesManager.cpp:117] Asset attributes (icosphereSolid : icosphereSolid_subdivs_1) created and registered.
I0919 02:01:30.544176 1676466 AssetAttributesManager.cpp:117] Asset attributes (icosphereWireframe : icosphereWireframe_subdivs_1) created and registered.
I0919 02:01:30.544190 1676466 AssetAttributesManager.cpp:117] Asset attributes (uvSphereSolid : uvSphereSolid_rings_8_segments_16_useTexCoords_false_useTangents_false) created and registered.
I0919 02:01:30.544203 1676466 AssetAttributesManager.cpp:117] Asset attributes (uvSphereWireframe : uvSphereWireframe_rings_16_segments_32) created and registered.
I0919 02:01:30.544210 1676466 AssetAttributesManager.cpp:105] AssetAttributesManager::buildCtorFuncPtrMaps : Built default primitive asset templates : 12
I0919 02:01:30.544631 1676466 SceneDatasetAttributesManager.cpp:23] File (default) not found, so new default dataset attributes created and registered.
I0919 02:01:30.544632 1676466 MetadataMediator.cpp:47] MetadataMediator::createDataset : Dataset default successfully created.
I0919 02:01:30.544832 1676466 AttributesManagerBase.h:283] AttributesManager<T>::createFromJsonOrDefaultInternal  (Physics Manager) : Proposing JSON name : ./data/default.physics_config.json from original name : ./data/default.physics_config.json | This file  does not exist.
I0919 02:01:30.544843 1676466 PhysicsAttributesManager.cpp:27] File (./data/default.physics_config.json) not found, so new default physics manager attributes created and registered.
I0919 02:01:30.544847 1676466 AbstractObjectAttributesManagerBase.h:175] AbstractObjectAttributesManager<T>::createObject  (Stage) : Making attributes with handle : /mnt/data_nas/deeprobotics/daiyang/vla/third_party/ETP-R1/data/scene_datasets/mp3d/aayBHfsNo7d/aayBHfsNo7d.glb
I0919 02:01:30.544852 1676466 ManagedContainerBase.cpp:19] ManagedContainerBase::convertFilenameToJSON : Filename : /mnt/data_nas/deeprobotics/daiyang/vla/third_party/ETP-R1/data/scene_datasets/mp3d/aayBHfsNo7d/aayBHfsNo7d.glb changed to proposed JSON configuration filename : /mnt/data_nas/deeprobotics/daiyang/vla/third_party/ETP-R1/data/scene_datasets/mp3d/aayBHfsNo7d/aayBHfsNo7d.stage_config.json
I0919 02:01:30.544862 1676466 AttributesManagerBase.h:283] AttributesManager<T>::createFromJsonOrDefaultInternal  (Stage) : Proposing JSON name : /mnt/data_nas/deeprobotics/daiyang/vla/third_party/ETP-R1/data/scene_datasets/mp3d/aayBHfsNo7d/aayBHfsNo7d.stage_config.json from original name : /mnt/data_nas/deeprobotics/daiyang/vla/third_party/ETP-R1/data/scene_datasets/mp3d/aayBHfsNo7d/aayBHfsNo7d.glb | This file  does not exist.
I0919 02:01:30.544909 1676466 AbstractObjectAttributesManagerBase.h:181] AbstractObjectAttributesManager<T>::createObject  (Stage) : Done making attributes with handle : /mnt/data_nas/deeprobotics/daiyang/vla/third_party/ETP-R1/data/scene_datasets/mp3d/aayBHfsNo7d/aayBHfsNo7d.glb
I0919 02:01:30.544910 1676466 AbstractObjectAttributesManagerBase.h:188] File (/mnt/data_nas/deeprobotics/daiyang/vla/third_party/ETP-R1/data/scene_datasets/mp3d/aayBHfsNo7d/aayBHfsNo7d.glb) exists but is not a recognized config filename extension, so new default Stage attributes created and registered.
I0919 02:01:30.544919 1676466 Simulator.cpp:156] Loading navmesh from /mnt/data_nas/deeprobotics/daiyang/vla/third_party/ETP-R1/data/scene_datasets/mp3d/aayBHfsNo7d/aayBHfsNo7d.navmesh
I0919 02:01:30.545653 1676466 Simulator.cpp:158] Loaded.
I0919 02:01:30.545661 1676466 SceneGraph.h:93] Created DrawableGroup: 
Renderer: NVIDIA GeForce RTX 5090/PCIe/SSE2 by NVIDIA Corporation
OpenGL version: 4.6.0 NVIDIA 580.126.09
Using optional features:
    GL_ARB_ES2_compatibility
    GL_ARB_direct_state_access
    GL_ARB_get_texture_sub_image
    GL_ARB_invalidate_subdata
    GL_ARB_multi_bind
    GL_ARB_robustness
    GL_ARB_separate_shader_objects
    GL_ARB_texture_filter_anisotropic
    GL_ARB_texture_storage
    GL_ARB_texture_storage_multisample
    GL_ARB_vertex_array_object
    GL_KHR_debug
Using driver workarounds:
    no-forward-compatible-core-context
    nv-egl-incorrect-gl11-function-pointers
    no-layout-qualifiers-on-old-glsl
    nv-zero-context-profile-mask
    nv-implementation-color-read-format-dsa-broken
    nv-cubemap-inconsistent-compressed-image-size
    nv-cubemap-broken-full-compressed-image-query
    nv-compressed-block-size-in-bits
I0919 02:01:30.549363 1676466 ResourceManager.cpp:234] ResourceManager::loadStage : Not loading semantic mesh
I0919 02:01:30.549372 1676466 ResourceManager.cpp:262] ResourceManager::loadStage : start load render asset /mnt/data_nas/deeprobotics/daiyang/vla/third_party/ETP-R1/data/scene_datasets/mp3d/aayBHfsNo7d/aayBHfsNo7d.glb.
I0919 02:01:30.549374 1676466 ResourceManager.cpp:569] ResourceManager::loadStageInternal : Attempting to load stage /mnt/data_nas/deeprobotics/daiyang/vla/third_party/ETP-R1/data/scene_datasets/mp3d/aayBHfsNo7d/aayBHfsNo7d.glb 
I0919 02:01:30.549391 1676466 ResourceManager.cpp:1119] Importing Basis files as BC7 for aayBHfsNo7d.glb
W0919 02:01:32.098116 1676466 Simulator.cpp:248] :
---
 The active scene does not contain semantic annotations. 
---
I0919 02:01:32.139109 1676466 simulator.py:213] Loaded navmesh /mnt/data_nas/deeprobotics/daiyang/vla/third_party/ETP-R1/data/scene_datasets/mp3d/aayBHfsNo7d/aayBHfsNo7d.navmesh
I0919 02:04:07.771934 1676466 PhysicsManager.cpp:33] Deconstructing PhysicsManager
I0919 02:04:07.771988 1676466 SemanticScene.h:41] Deconstructing SemanticScene
I0919 02:04:07.775600 1676466 SceneManager.h:25] Deconstructing SceneManager
I0919 02:04:07.775609 1676466 SceneGraph.h:26] Deconstructing SceneGraph
I0919 02:04:07.775913 1676466 Sensor.h:87] Deconstructing Sensor
I0919 02:04:07.778831 1676466 Renderer.cpp:34] Deconstructing Renderer
I0919 02:04:07.778852 1676466 WindowlessContext.h:17] Deconstructing WindowlessContext
I0919 02:04:07.784590 1676466 ManagedContainerBase.cpp:19] ManagedContainerBase::convertFilenameToJSON : Filename : default changed to proposed JSON configuration filename : default.scene_dataset_config.json
I0919 02:04:07.784605 1676466 AttributesManagerBase.h:283] AttributesManager<T>::createFromJsonOrDefaultInternal  (Dataset) : Proposing JSON name : default.scene_dataset_config.json from original name : default | This file  does not exist.
I0919 02:04:07.784736 1676466 AssetAttributesManager.cpp:117] Asset attributes (capsule3DSolid : capsule3DSolid_hemiRings_4_cylRings_1_segments_12_halfLen_0.75_useTexCoords_false_useTangents_false) created and registered.
I0919 02:04:07.784765 1676466 AssetAttributesManager.cpp:117] Asset attributes (capsule3DWireframe : capsule3DWireframe_hemiRings_8_cylRings_1_segments_16_halfLen_1) created and registered.
I0919 02:04:07.784788 1676466 AssetAttributesManager.cpp:117] Asset attributes (coneSolid : coneSolid_segments_12_halfLen_1.25_rings_1_useTexCoords_false_useTangents_false_capEnd_true) created and registered.
I0919 02:04:07.784862 1676466 AssetAttributesManager.cpp:117] Asset attributes (coneWireframe : coneWireframe_segments_32_halfLen_1.25) created and registered.
I0919 02:04:07.784871 1676466 AssetAttributesManager.cpp:117] Asset attributes (cubeSolid : cubeSolid) created and registered.
I0919 02:04:07.784878 1676466 AssetAttributesManager.cpp:117] Asset attributes (cubeWireframe : cubeWireframe) created and registered.
I0919 02:04:07.784904 1676466 AssetAttributesManager.cpp:117] Asset attributes (cylinderSolid : cylinderSolid_rings_1_segments_12_halfLen_1_useTexCoords_false_useTangents_false_capEnds_true) created and registered.
I0919 02:04:07.784921 1676466 AssetAttributesManager.cpp:117] Asset attributes (cylinderWireframe : cylinderWireframe_rings_1_segments_32_halfLen_1) created and registered.
I0919 02:04:07.784932 1676466 AssetAttributesManager.cpp:117] Asset attributes (icosphereSolid : icosphereSolid_subdivs_1) created and registered.
I0919 02:04:07.785192 1676466 AssetAttributesManager.cpp:117] Asset attributes (icosphereWireframe : icosphereWireframe_subdivs_1) created and registered.
I0919 02:04:07.785207 1676466 AssetAttributesManager.cpp:117] Asset attributes (uvSphereSolid : uvSphereSolid_rings_8_segments_16_useTexCoords_false_useTangents_false) created and registered.
I0919 02:04:07.785218 1676466 AssetAttributesManager.cpp:117] Asset attributes (uvSphereWireframe : uvSphereWireframe_rings_16_segments_32) created and registered.
I0919 02:04:07.785225 1676466 AssetAttributesManager.cpp:105] AssetAttributesManager::buildCtorFuncPtrMaps : Built default primitive asset templates : 12
I0919 02:04:07.785640 1676466 SceneDatasetAttributesManager.cpp:23] File (default) not found, so new default dataset attributes created and registered.
I0919 02:04:07.785641 1676466 MetadataMediator.cpp:47] MetadataMediator::createDataset : Dataset default successfully created.
I0919 02:04:07.785825 1676466 AttributesManagerBase.h:283] AttributesManager<T>::createFromJsonOrDefaultInternal  (Physics Manager) : Proposing JSON name : ./data/default.physics_config.json from original name : ./data/default.physics_config.json | This file  does not exist.
I0919 02:04:07.785836 1676466 PhysicsAttributesManager.cpp:27] File (./data/default.physics_config.json) not found, so new default physics manager attributes created and registered.
I0919 02:04:07.785840 1676466 AbstractObjectAttributesManagerBase.h:175] AbstractObjectAttributesManager<T>::createObject  (Stage) : Making attributes with handle : /mnt/data_nas/deeprobotics/daiyang/vla/third_party/ETP-R1/data/scene_datasets/mp3d/82sE5b5pLXE/82sE5b5pLXE.glb
I0919 02:04:07.785844 1676466 ManagedContainerBase.cpp:19] ManagedContainerBase::convertFilenameToJSON : Filename : /mnt/data_nas/deeprobotics/daiyang/vla/third_party/ETP-R1/data/scene_datasets/mp3d/82sE5b5pLXE/82sE5b5pLXE.glb changed to proposed JSON configuration filename : /mnt/data_nas/deeprobotics/daiyang/vla/third_party/ETP-R1/data/scene_datasets/mp3d/82sE5b5pLXE/82sE5b5pLXE.stage_config.json
I0919 02:04:07.785857 1676466 AttributesManagerBase.h:283] AttributesManager<T>::createFromJsonOrDefaultInternal  (Stage) : Proposing JSON name : /mnt/data_nas/deeprobotics/daiyang/vla/third_party/ETP-R1/data/scene_datasets/mp3d/82sE5b5pLXE/82sE5b5pLXE.stage_config.json from original name : /mnt/data_nas/deeprobotics/daiyang/vla/third_party/ETP-R1/data/scene_datasets/mp3d/82sE5b5pLXE/82sE5b5pLXE.glb | This file  does not exist.
I0919 02:04:07.785902 1676466 AbstractObjectAttributesManagerBase.h:181] AbstractObjectAttributesManager<T>::createObject  (Stage) : Done making attributes with handle : /mnt/data_nas/deeprobotics/daiyang/vla/third_party/ETP-R1/data/scene_datasets/mp3d/82sE5b5pLXE/82sE5b5pLXE.glb
I0919 02:04:07.785903 1676466 AbstractObjectAttributesManagerBase.h:188] File (/mnt/data_nas/deeprobotics/daiyang/vla/third_party/ETP-R1/data/scene_datasets/mp3d/82sE5b5pLXE/82sE5b5pLXE.glb) exists but is not a recognized config filename extension, so new default Stage attributes created and registered.
I0919 02:04:07.785908 1676466 Simulator.cpp:156] Loading navmesh from /mnt/data_nas/deeprobotics/daiyang/vla/third_party/ETP-R1/data/scene_datasets/mp3d/82sE5b5pLXE/82sE5b5pLXE.navmesh
I0919 02:04:07.786854 1676466 Simulator.cpp:158] Loaded.
I0919 02:04:07.786860 1676466 SceneGraph.h:93] Created DrawableGroup: 
Renderer: NVIDIA GeForce RTX 5090/PCIe/SSE2 by NVIDIA Corporation
OpenGL version: 4.6.0 NVIDIA 580.126.09
Using optional features:
    GL_ARB_ES2_compatibility
    GL_ARB_direct_state_access
    GL_ARB_get_texture_sub_image
    GL_ARB_invalidate_subdata
    GL_ARB_multi_bind
    GL_ARB_robustness
    GL_ARB_separate_shader_objects
    GL_ARB_texture_filter_anisotropic
    GL_ARB_texture_storage
    GL_ARB_texture_storage_multisample
    GL_ARB_vertex_array_object
    GL_KHR_debug
Using driver workarounds:
    no-forward-compatible-core-context
    nv-egl-incorrect-gl11-function-pointers
    no-layout-qualifiers-on-old-glsl
    nv-zero-context-profile-mask
    nv-implementation-color-read-format-dsa-broken
    nv-cubemap-inconsistent-compressed-image-size
    nv-cubemap-broken-full-compressed-image-query
    nv-compressed-block-size-in-bits
I0919 02:04:07.790463 1676466 ResourceManager.cpp:234] ResourceManager::loadStage : Not loading semantic mesh
I0919 02:04:07.790472 1676466 ResourceManager.cpp:262] ResourceManager::loadStage : start load render asset /mnt/data_nas/deeprobotics/daiyang/vla/third_party/ETP-R1/data/scene_datasets/mp3d/82sE5b5pLXE/82sE5b5pLXE.glb.
I0919 02:04:07.790473 1676466 ResourceManager.cpp:569] ResourceManager::loadStageInternal : Attempting to load stage /mnt/data_nas/deeprobotics/daiyang/vla/third_party/ETP-R1/data/scene_datasets/mp3d/82sE5b5pLXE/82sE5b5pLXE.glb 
I0919 02:04:07.790489 1676466 ResourceManager.cpp:1119] Importing Basis files as BC7 for 82sE5b5pLXE.glb
W0919 02:04:09.801285 1676466 Simulator.cpp:248] :
---
 The active scene does not contain semantic annotations. 
---
I0919 02:04:09.838001 1676466 simulator.py:213] Loaded navmesh /mnt/data_nas/deeprobotics/daiyang/vla/third_party/ETP-R1/data/scene_datasets/mp3d/82sE5b5pLXE/82sE5b5pLXE.navmesh
I0919 02:05:38.909796 1676466 PhysicsManager.cpp:33] Deconstructing PhysicsManager
I0919 02:05:38.909849 1676466 SemanticScene.h:41] Deconstructing SemanticScene
I0919 02:05:38.911772 1676466 SceneManager.h:25] Deconstructing SceneManager
I0919 02:05:38.911779 1676466 SceneGraph.h:26] Deconstructing SceneGraph
I0919 02:05:38.912178 1676466 Sensor.h:87] Deconstructing Sensor
I0919 02:05:38.915724 1676466 Renderer.cpp:34] Deconstructing Renderer
I0919 02:05:38.915746 1676466 WindowlessContext.h:17] Deconstructing WindowlessContext
I0919 02:05:38.921832 1676466 ManagedContainerBase.cpp:19] ManagedContainerBase::convertFilenameToJSON : Filename : default changed to proposed JSON configuration filename : default.scene_dataset_config.json
I0919 02:05:38.921849 1676466 AttributesManagerBase.h:283] AttributesManager<T>::createFromJsonOrDefaultInternal  (Dataset) : Proposing JSON name : default.scene_dataset_config.json from original name : default | This file  does not exist.
I0919 02:05:38.922349 1676466 AssetAttributesManager.cpp:117] Asset attributes (capsule3DSolid : capsule3DSolid_hemiRings_4_cylRings_1_segments_12_halfLen_0.75_useTexCoords_false_useTangents_false) created and registered.
I0919 02:05:38.922377 1676466 AssetAttributesManager.cpp:117] Asset attributes (capsule3DWireframe : capsule3DWireframe_hemiRings_8_cylRings_1_segments_16_halfLen_1) created and registered.
I0919 02:05:38.922400 1676466 AssetAttributesManager.cpp:117] Asset attributes (coneSolid : coneSolid_segments_12_halfLen_1.25_rings_1_useTexCoords_false_useTangents_false_capEnd_true) created and registered.
I0919 02:05:38.922415 1676466 AssetAttributesManager.cpp:117] Asset attributes (coneWireframe : coneWireframe_segments_32_halfLen_1.25) created and registered.
I0919 02:05:38.922423 1676466 AssetAttributesManager.cpp:117] Asset attributes (cubeSolid : cubeSolid) created and registered.
I0919 02:05:38.922430 1676466 AssetAttributesManager.cpp:117] Asset attributes (cubeWireframe : cubeWireframe) created and registered.
I0919 02:05:38.922451 1676466 AssetAttributesManager.cpp:117] Asset attributes (cylinderSolid : cylinderSolid_rings_1_segments_12_halfLen_1_useTexCoords_false_useTangents_false_capEnds_true) created and registered.
I0919 02:05:38.922467 1676466 AssetAttributesManager.cpp:117] Asset attributes (cylinderWireframe : cylinderWireframe_rings_1_segments_32_halfLen_1) created and registered.
I0919 02:05:38.922484 1676466 AssetAttributesManager.cpp:117] Asset attributes (icosphereSolid : icosphereSolid_subdivs_1) created and registered.
I0919 02:05:38.922493 1676466 AssetAttributesManager.cpp:117] Asset attributes (icosphereWireframe : icosphereWireframe_subdivs_1) created and registered.
I0919 02:05:38.922508 1676466 AssetAttributesManager.cpp:117] Asset attributes (uvSphereSolid : uvSphereSolid_rings_8_segments_16_useTexCoords_false_useTangents_false) created and registered.
I0919 02:05:38.922519 1676466 AssetAttributesManager.cpp:117] Asset attributes (uvSphereWireframe : uvSphereWireframe_rings_16_segments_32) created and registered.
I0919 02:05:38.922526 1676466 AssetAttributesManager.cpp:105] AssetAttributesManager::buildCtorFuncPtrMaps : Built default primitive asset templates : 12
I0919 02:05:38.922924 1676466 SceneDatasetAttributesManager.cpp:23] File (default) not found, so new default dataset attributes created and registered.
I0919 02:05:38.922927 1676466 MetadataMediator.cpp:47] MetadataMediator::createDataset : Dataset default successfully created.
I0919 02:05:38.924573 1676466 AttributesManagerBase.h:283] AttributesManager<T>::createFromJsonOrDefaultInternal  (Physics Manager) : Proposing JSON name : ./data/default.physics_config.json from original name : ./data/default.physics_config.json | This file  does not exist.
I0919 02:05:38.924587 1676466 PhysicsAttributesManager.cpp:27] File (./data/default.physics_config.json) not found, so new default physics manager attributes created and registered.
I0919 02:05:38.924590 1676466 AbstractObjectAttributesManagerBase.h:175] AbstractObjectAttributesManager<T>::createObject  (Stage) : Making attributes with handle : /mnt/data_nas/deeprobotics/daiyang/vla/third_party/ETP-R1/data/scene_datasets/mp3d/B6ByNegPMKs/B6ByNegPMKs.glb
I0919 02:05:38.924594 1676466 ManagedContainerBase.cpp:19] ManagedContainerBase::convertFilenameToJSON : Filename : /mnt/data_nas/deeprobotics/daiyang/vla/third_party/ETP-R1/data/scene_datasets/mp3d/B6ByNegPMKs/B6ByNegPMKs.glb changed to proposed JSON configuration filename : /mnt/data_nas/deeprobotics/daiyang/vla/third_party/ETP-R1/data/scene_datasets/mp3d/B6ByNegPMKs/B6ByNegPMKs.stage_config.json
I0919 02:05:38.927914 1676466 AttributesManagerBase.h:283] AttributesManager<T>::createFromJsonOrDefaultInternal  (Stage) : Proposing JSON name : /mnt/data_nas/deeprobotics/daiyang/vla/third_party/ETP-R1/data/scene_datasets/mp3d/B6ByNegPMKs/B6ByNegPMKs.stage_config.json from original name : /mnt/data_nas/deeprobotics/daiyang/vla/third_party/ETP-R1/data/scene_datasets/mp3d/B6ByNegPMKs/B6ByNegPMKs.glb | This file  does not exist.
I0919 02:05:38.927963 1676466 AbstractObjectAttributesManagerBase.h:181] AbstractObjectAttributesManager<T>::createObject  (Stage) : Done making attributes with handle : /mnt/data_nas/deeprobotics/daiyang/vla/third_party/ETP-R1/data/scene_datasets/mp3d/B6ByNegPMKs/B6ByNegPMKs.glb
I0919 02:05:38.927964 1676466 AbstractObjectAttributesManagerBase.h:188] File (/mnt/data_nas/deeprobotics/daiyang/vla/third_party/ETP-R1/data/scene_datasets/mp3d/B6ByNegPMKs/B6ByNegPMKs.glb) exists but is not a recognized config filename extension, so new default Stage attributes created and registered.
I0919 02:05:38.927970 1676466 Simulator.cpp:156] Loading navmesh from /mnt/data_nas/deeprobotics/daiyang/vla/third_party/ETP-R1/data/scene_datasets/mp3d/B6ByNegPMKs/B6ByNegPMKs.navmesh
I0919 02:05:38.929710 1676466 Simulator.cpp:158] Loaded.
I0919 02:05:38.929720 1676466 SceneGraph.h:93] Created DrawableGroup: 
Renderer: NVIDIA GeForce RTX 5090/PCIe/SSE2 by NVIDIA Corporation
OpenGL version: 4.6.0 NVIDIA 580.126.09
Using optional features:
    GL_ARB_ES2_compatibility
    GL_ARB_direct_state_access
    GL_ARB_get_texture_sub_image
    GL_ARB_invalidate_subdata
    GL_ARB_multi_bind
    GL_ARB_robustness
    GL_ARB_separate_shader_objects
    GL_ARB_texture_filter_anisotropic
    GL_ARB_texture_storage
    GL_ARB_texture_storage_multisample
    GL_ARB_vertex_array_object
    GL_KHR_debug
Using driver workarounds:
    no-forward-compatible-core-context
    nv-egl-incorrect-gl11-function-pointers
    no-layout-qualifiers-on-old-glsl
    nv-zero-context-profile-mask
    nv-implementation-color-read-format-dsa-broken
    nv-cubemap-inconsistent-compressed-image-size
    nv-cubemap-broken-full-compressed-image-query
    nv-compressed-block-size-in-bits
I0919 02:05:38.933454 1676466 ResourceManager.cpp:234] ResourceManager::loadStage : Not loading semantic mesh
I0919 02:05:38.933461 1676466 ResourceManager.cpp:262] ResourceManager::loadStage : start load render asset /mnt/data_nas/deeprobotics/daiyang/vla/third_party/ETP-R1/data/scene_datasets/mp3d/B6ByNegPMKs/B6ByNegPMKs.glb.
I0919 02:05:38.933465 1676466 ResourceManager.cpp:569] ResourceManager::loadStageInternal : Attempting to load stage /mnt/data_nas/deeprobotics/daiyang/vla/third_party/ETP-R1/data/scene_datasets/mp3d/B6ByNegPMKs/B6ByNegPMKs.glb 
I0919 02:05:38.933481 1676466 ResourceManager.cpp:1119] Importing Basis files as BC7 for B6ByNegPMKs.glb
W0919 02:05:48.731711 1676466 Simulator.cpp:248] :
---
 The active scene does not contain semantic annotations. 
---
I0919 02:05:48.932117 1676466 simulator.py:213] Loaded navmesh /mnt/data_nas/deeprobotics/daiyang/vla/third_party/ETP-R1/data/scene_datasets/mp3d/B6ByNegPMKs/B6ByNegPMKs.navmesh
I0919 02:06:52.581277 1676466 PhysicsManager.cpp:33] Deconstructing PhysicsManager
I0919 02:06:52.581316 1676466 SemanticScene.h:41] Deconstructing SemanticScene
I0919 02:06:52.597685 1676466 SceneManager.h:25] Deconstructing SceneManager
I0919 02:06:52.597702 1676466 SceneGraph.h:26] Deconstructing SceneGraph
I0919 02:06:52.598213 1676466 Sensor.h:87] Deconstructing Sensor
I0919 02:06:52.613777 1676466 Renderer.cpp:34] Deconstructing Renderer
I0919 02:06:52.613806 1676466 WindowlessContext.h:17] Deconstructing WindowlessContext
I0919 02:06:52.634773 1676466 ManagedContainerBase.cpp:19] ManagedContainerBase::convertFilenameToJSON : Filename : default changed to proposed JSON configuration filename : default.scene_dataset_config.json
I0919 02:06:52.634793 1676466 AttributesManagerBase.h:283] AttributesManager<T>::createFromJsonOrDefaultInternal  (Dataset) : Proposing JSON name : default.scene_dataset_config.json from original name : default | This file  does not exist.
I0919 02:06:52.635079 1676466 AssetAttributesManager.cpp:117] Asset attributes (capsule3DSolid : capsule3DSolid_hemiRings_4_cylRings_1_segments_12_halfLen_0.75_useTexCoords_false_useTangents_false) created and registered.
I0919 02:06:52.635108 1676466 AssetAttributesManager.cpp:117] Asset attributes (capsule3DWireframe : capsule3DWireframe_hemiRings_8_cylRings_1_segments_16_halfLen_1) created and registered.
I0919 02:06:52.635133 1676466 AssetAttributesManager.cpp:117] Asset attributes (coneSolid : coneSolid_segments_12_halfLen_1.25_rings_1_useTexCoords_false_useTangents_false_capEnd_true) created and registered.
I0919 02:06:52.635146 1676466 AssetAttributesManager.cpp:117] Asset attributes (coneWireframe : coneWireframe_segments_32_halfLen_1.25) created and registered.
I0919 02:06:52.635156 1676466 AssetAttributesManager.cpp:117] Asset attributes (cubeSolid : cubeSolid) created and registered.
I0919 02:06:52.635162 1676466 AssetAttributesManager.cpp:117] Asset attributes (cubeWireframe : cubeWireframe) created and registered.
I0919 02:06:52.635182 1676466 AssetAttributesManager.cpp:117] Asset attributes (cylinderSolid : cylinderSolid_rings_1_segments_12_halfLen_1_useTexCoords_false_useTangents_false_capEnds_true) created and registered.
I0919 02:06:52.635198 1676466 AssetAttributesManager.cpp:117] Asset attributes (cylinderWireframe : cylinderWireframe_rings_1_segments_32_halfLen_1) created and registered.
I0919 02:06:52.635210 1676466 AssetAttributesManager.cpp:117] Asset attributes (icosphereSolid : icosphereSolid_subdivs_1) created and registered.
I0919 02:06:52.635218 1676466 AssetAttributesManager.cpp:117] Asset attributes (icosphereWireframe : icosphereWireframe_subdivs_1) created and registered.
I0919 02:06:52.635233 1676466 AssetAttributesManager.cpp:117] Asset attributes (uvSphereSolid : uvSphereSolid_rings_8_segments_16_useTexCoords_false_useTangents_false) created and registered.
I0919 02:06:52.635255 1676466 AssetAttributesManager.cpp:117] Asset attributes (uvSphereWireframe : uvSphereWireframe_rings_16_segments_32) created and registered.
I0919 02:06:52.635262 1676466 AssetAttributesManager.cpp:105] AssetAttributesManager::buildCtorFuncPtrMaps : Built default primitive asset templates : 12
I0919 02:06:52.635677 1676466 SceneDatasetAttributesManager.cpp:23] File (default) not found, so new default dataset attributes created and registered.
I0919 02:06:52.635679 1676466 MetadataMediator.cpp:47] MetadataMediator::createDataset : Dataset default successfully created.
I0919 02:06:52.635891 1676466 AttributesManagerBase.h:283] AttributesManager<T>::createFromJsonOrDefaultInternal  (Physics Manager) : Proposing JSON name : ./data/default.physics_config.json from original name : ./data/default.physics_config.json | This file  does not exist.
I0919 02:06:52.635905 1676466 PhysicsAttributesManager.cpp:27] File (./data/default.physics_config.json) not found, so new default physics manager attributes created and registered.
I0919 02:06:52.635907 1676466 AbstractObjectAttributesManagerBase.h:175] AbstractObjectAttributesManager<T>::createObject  (Stage) : Making attributes with handle : /mnt/data_nas/deeprobotics/daiyang/vla/third_party/ETP-R1/data/scene_datasets/mp3d/aayBHfsNo7d/aayBHfsNo7d.glb
I0919 02:06:52.635912 1676466 ManagedContainerBase.cpp:19] ManagedContainerBase::convertFilenameToJSON : Filename : /mnt/data_nas/deeprobotics/daiyang/vla/third_party/ETP-R1/data/scene_datasets/mp3d/aayBHfsNo7d/aayBHfsNo7d.glb changed to proposed JSON configuration filename : /mnt/data_nas/deeprobotics/daiyang/vla/third_party/ETP-R1/data/scene_datasets/mp3d/aayBHfsNo7d/aayBHfsNo7d.stage_config.json
I0919 02:06:52.635923 1676466 AttributesManagerBase.h:283] AttributesManager<T>::createFromJsonOrDefaultInternal  (Stage) : Proposing JSON name : /mnt/data_nas/deeprobotics/daiyang/vla/third_party/ETP-R1/data/scene_datasets/mp3d/aayBHfsNo7d/aayBHfsNo7d.stage_config.json from original name : /mnt/data_nas/deeprobotics/daiyang/vla/third_party/ETP-R1/data/scene_datasets/mp3d/aayBHfsNo7d/aayBHfsNo7d.glb | This file  does not exist.
I0919 02:06:52.635970 1676466 AbstractObjectAttributesManagerBase.h:181] AbstractObjectAttributesManager<T>::createObject  (Stage) : Done making attributes with handle : /mnt/data_nas/deeprobotics/daiyang/vla/third_party/ETP-R1/data/scene_datasets/mp3d/aayBHfsNo7d/aayBHfsNo7d.glb
I0919 02:06:52.635972 1676466 AbstractObjectAttributesManagerBase.h:188] File (/mnt/data_nas/deeprobotics/daiyang/vla/third_party/ETP-R1/data/scene_datasets/mp3d/aayBHfsNo7d/aayBHfsNo7d.glb) exists but is not a recognized config filename extension, so new default Stage attributes created and registered.
I0919 02:06:52.635977 1676466 Simulator.cpp:156] Loading navmesh from /mnt/data_nas/deeprobotics/daiyang/vla/third_party/ETP-R1/data/scene_datasets/mp3d/aayBHfsNo7d/aayBHfsNo7d.navmesh
I0919 02:06:52.636919 1676466 Simulator.cpp:158] Loaded.
I0919 02:06:52.636927 1676466 SceneGraph.h:93] Created DrawableGroup: 
Renderer: NVIDIA GeForce RTX 5090/PCIe/SSE2 by NVIDIA Corporation
OpenGL version: 4.6.0 NVIDIA 580.126.09
Using optional features:
    GL_ARB_ES2_compatibility
    GL_ARB_direct_state_access
    GL_ARB_get_texture_sub_image
    GL_ARB_invalidate_subdata
    GL_ARB_multi_bind
    GL_ARB_robustness
    GL_ARB_separate_shader_objects
    GL_ARB_texture_filter_anisotropic
    GL_ARB_texture_storage
    GL_ARB_texture_storage_multisample
    GL_ARB_vertex_array_object
    GL_KHR_debug
Using driver workarounds:
    no-forward-compatible-core-context
    nv-egl-incorrect-gl11-function-pointers
    no-layout-qualifiers-on-old-glsl
    nv-zero-context-profile-mask
    nv-implementation-color-read-format-dsa-broken
    nv-cubemap-inconsistent-compressed-image-size
    nv-cubemap-broken-full-compressed-image-query
    nv-compressed-block-size-in-bits
I0919 02:06:52.640724 1676466 ResourceManager.cpp:234] ResourceManager::loadStage : Not loading semantic mesh
I0919 02:06:52.640738 1676466 ResourceManager.cpp:262] ResourceManager::loadStage : start load render asset /mnt/data_nas/deeprobotics/daiyang/vla/third_party/ETP-R1/data/scene_datasets/mp3d/aayBHfsNo7d/aayBHfsNo7d.glb.
I0919 02:06:52.640740 1676466 ResourceManager.cpp:569] ResourceManager::loadStageInternal : Attempting to load stage /mnt/data_nas/deeprobotics/daiyang/vla/third_party/ETP-R1/data/scene_datasets/mp3d/aayBHfsNo7d/aayBHfsNo7d.glb 
I0919 02:06:52.640758 1676466 ResourceManager.cpp:1119] Importing Basis files as BC7 for aayBHfsNo7d.glb
W0919 02:06:54.197824 1676466 Simulator.cpp:248] :
---
 The active scene does not contain semantic annotations. 
---
I0919 02:06:54.239644 1676466 simulator.py:213] Loaded navmesh /mnt/data_nas/deeprobotics/daiyang/vla/third_party/ETP-R1/data/scene_datasets/mp3d/aayBHfsNo7d/aayBHfsNo7d.navmesh
I0919 02:07:18.721179 1676466 PhysicsManager.cpp:33] Deconstructing PhysicsManager
I0919 02:07:18.721217 1676466 SemanticScene.h:41] Deconstructing SemanticScene
I0919 02:07:18.723910 1676466 SceneManager.h:25] Deconstructing SceneManager
I0919 02:07:18.723919 1676466 SceneGraph.h:26] Deconstructing SceneGraph
I0919 02:07:18.724115 1676466 Sensor.h:87] Deconstructing Sensor
I0919 02:07:18.726609 1676466 Renderer.cpp:34] Deconstructing Renderer
I0919 02:07:18.726630 1676466 WindowlessContext.h:17] Deconstructing WindowlessContext
I0919 02:07:18.732436 1676466 ManagedContainerBase.cpp:19] ManagedContainerBase::convertFilenameToJSON : Filename : default changed to proposed JSON configuration filename : default.scene_dataset_config.json
I0919 02:07:18.732452 1676466 AttributesManagerBase.h:283] AttributesManager<T>::createFromJsonOrDefaultInternal  (Dataset) : Proposing JSON name : default.scene_dataset_config.json from original name : default | This file  does not exist.
I0919 02:07:18.732589 1676466 AssetAttributesManager.cpp:117] Asset attributes (capsule3DSolid : capsule3DSolid_hemiRings_4_cylRings_1_segments_12_halfLen_0.75_useTexCoords_false_useTangents_false) created and registered.
I0919 02:07:18.732880 1676466 AssetAttributesManager.cpp:117] Asset attributes (capsule3DWireframe : capsule3DWireframe_hemiRings_8_cylRings_1_segments_16_halfLen_1) created and registered.
I0919 02:07:18.732904 1676466 AssetAttributesManager.cpp:117] Asset attributes (coneSolid : coneSolid_segments_12_halfLen_1.25_rings_1_useTexCoords_false_useTangents_false_capEnd_true) created and registered.
I0919 02:07:18.732919 1676466 AssetAttributesManager.cpp:117] Asset attributes (coneWireframe : coneWireframe_segments_32_halfLen_1.25) created and registered.
I0919 02:07:18.732928 1676466 AssetAttributesManager.cpp:117] Asset attributes (cubeSolid : cubeSolid) created and registered.
I0919 02:07:18.732934 1676466 AssetAttributesManager.cpp:117] Asset attributes (cubeWireframe : cubeWireframe) created and registered.
I0919 02:07:18.732955 1676466 AssetAttributesManager.cpp:117] Asset attributes (cylinderSolid : cylinderSolid_rings_1_segments_12_halfLen_1_useTexCoords_false_useTangents_false_capEnds_true) created and registered.
I0919 02:07:18.732971 1676466 AssetAttributesManager.cpp:117] Asset attributes (cylinderWireframe : cylinderWireframe_rings_1_segments_32_halfLen_1) created and registered.
I0919 02:07:18.732987 1676466 AssetAttributesManager.cpp:117] Asset attributes (icosphereSolid : icosphereSolid_subdivs_1) created and registered.
I0919 02:07:18.732996 1676466 AssetAttributesManager.cpp:117] Asset attributes (icosphereWireframe : icosphereWireframe_subdivs_1) created and registered.
I0919 02:07:18.733009 1676466 AssetAttributesManager.cpp:117] Asset attributes (uvSphereSolid : uvSphereSolid_rings_8_segments_16_useTexCoords_false_useTangents_false) created and registered.
I0919 02:07:18.733022 1676466 AssetAttributesManager.cpp:117] Asset attributes (uvSphereWireframe : uvSphereWireframe_rings_16_segments_32) created and registered.
I0919 02:07:18.733027 1676466 AssetAttributesManager.cpp:105] AssetAttributesManager::buildCtorFuncPtrMaps : Built default primitive asset templates : 12
I0919 02:07:18.733435 1676466 SceneDatasetAttributesManager.cpp:23] File (default) not found, so new default dataset attributes created and registered.
I0919 02:07:18.733438 1676466 MetadataMediator.cpp:47] MetadataMediator::createDataset : Dataset default successfully created.
I0919 02:07:18.733628 1676466 AttributesManagerBase.h:283] AttributesManager<T>::createFromJsonOrDefaultInternal  (Physics Manager) : Proposing JSON name : ./data/default.physics_config.json from original name : ./data/default.physics_config.json | This file  does not exist.
I0919 02:07:18.733641 1676466 PhysicsAttributesManager.cpp:27] File (./data/default.physics_config.json) not found, so new default physics manager attributes created and registered.
I0919 02:07:18.733644 1676466 AbstractObjectAttributesManagerBase.h:175] AbstractObjectAttributesManager<T>::createObject  (Stage) : Making attributes with handle : /mnt/data_nas/deeprobotics/daiyang/vla/third_party/ETP-R1/data/scene_datasets/mp3d/82sE5b5pLXE/82sE5b5pLXE.glb
I0919 02:07:18.733649 1676466 ManagedContainerBase.cpp:19] ManagedContainerBase::convertFilenameToJSON : Filename : /mnt/data_nas/deeprobotics/daiyang/vla/third_party/ETP-R1/data/scene_datasets/mp3d/82sE5b5pLXE/82sE5b5pLXE.glb changed to proposed JSON configuration filename : /mnt/data_nas/deeprobotics/daiyang/vla/third_party/ETP-R1/data/scene_datasets/mp3d/82sE5b5pLXE/82sE5b5pLXE.stage_config.json
I0919 02:07:18.733661 1676466 AttributesManagerBase.h:283] AttributesManager<T>::createFromJsonOrDefaultInternal  (Stage) : Proposing JSON name : /mnt/data_nas/deeprobotics/daiyang/vla/third_party/ETP-R1/data/scene_datasets/mp3d/82sE5b5pLXE/82sE5b5pLXE.stage_config.json from original name : /mnt/data_nas/deeprobotics/daiyang/vla/third_party/ETP-R1/data/scene_datasets/mp3d/82sE5b5pLXE/82sE5b5pLXE.glb | This file  does not exist.
I0919 02:07:18.733709 1676466 AbstractObjectAttributesManagerBase.h:181] AbstractObjectAttributesManager<T>::createObject  (Stage) : Done making attributes with handle : /mnt/data_nas/deeprobotics/daiyang/vla/third_party/ETP-R1/data/scene_datasets/mp3d/82sE5b5pLXE/82sE5b5pLXE.glb
I0919 02:07:18.733711 1676466 AbstractObjectAttributesManagerBase.h:188] File (/mnt/data_nas/deeprobotics/daiyang/vla/third_party/ETP-R1/data/scene_datasets/mp3d/82sE5b5pLXE/82sE5b5pLXE.glb) exists but is not a recognized config filename extension, so new default Stage attributes created and registered.
I0919 02:07:18.733716 1676466 Simulator.cpp:156] Loading navmesh from /mnt/data_nas/deeprobotics/daiyang/vla/third_party/ETP-R1/data/scene_datasets/mp3d/82sE5b5pLXE/82sE5b5pLXE.navmesh
I0919 02:07:18.734496 1676466 Simulator.cpp:158] Loaded.
I0919 02:07:18.734503 1676466 SceneGraph.h:93] Created DrawableGroup: 
Renderer: NVIDIA GeForce RTX 5090/PCIe/SSE2 by NVIDIA Corporation
OpenGL version: 4.6.0 NVIDIA 580.126.09
Using optional features:
    GL_ARB_ES2_compatibility
    GL_ARB_direct_state_access
    GL_ARB_get_texture_sub_image
    GL_ARB_invalidate_subdata
    GL_ARB_multi_bind
    GL_ARB_robustness
    GL_ARB_separate_shader_objects
    GL_ARB_texture_filter_anisotropic
    GL_ARB_texture_storage
    GL_ARB_texture_storage_multisample
    GL_ARB_vertex_array_object
    GL_KHR_debug
Using driver workarounds:
    no-forward-compatible-core-context
    nv-egl-incorrect-gl11-function-pointers
    no-layout-qualifiers-on-old-glsl
    nv-zero-context-profile-mask
    nv-implementation-color-read-format-dsa-broken
    nv-cubemap-inconsistent-compressed-image-size
    nv-cubemap-broken-full-compressed-image-query
    nv-compressed-block-size-in-bits
I0919 02:07:18.738133 1676466 ResourceManager.cpp:234] ResourceManager::loadStage : Not loading semantic mesh
I0919 02:07:18.738142 1676466 ResourceManager.cpp:262] ResourceManager::loadStage : start load render asset /mnt/data_nas/deeprobotics/daiyang/vla/third_party/ETP-R1/data/scene_datasets/mp3d/82sE5b5pLXE/82sE5b5pLXE.glb.
I0919 02:07:18.738144 1676466 ResourceManager.cpp:569] ResourceManager::loadStageInternal : Attempting to load stage /mnt/data_nas/deeprobotics/daiyang/vla/third_party/ETP-R1/data/scene_datasets/mp3d/82sE5b5pLXE/82sE5b5pLXE.glb 
I0919 02:07:18.738163 1676466 ResourceManager.cpp:1119] Importing Basis files as BC7 for 82sE5b5pLXE.glb
W0919 02:07:20.736778 1676466 Simulator.cpp:248] :
---
 The active scene does not contain semantic annotations. 
---
I0919 02:07:20.773438 1676466 simulator.py:213] Loaded navmesh /mnt/data_nas/deeprobotics/daiyang/vla/third_party/ETP-R1/data/scene_datasets/mp3d/82sE5b5pLXE/82sE5b5pLXE.navmesh
I0919 02:08:12.870726 1676466 PhysicsManager.cpp:33] Deconstructing PhysicsManager
I0919 02:08:12.870774 1676466 SemanticScene.h:41] Deconstructing SemanticScene
I0919 02:08:12.872632 1676466 SceneManager.h:25] Deconstructing SceneManager
I0919 02:08:12.872641 1676466 SceneGraph.h:26] Deconstructing SceneGraph
I0919 02:08:12.872949 1676466 Sensor.h:87] Deconstructing Sensor
I0919 02:08:12.876821 1676466 Renderer.cpp:34] Deconstructing Renderer
I0919 02:08:12.876847 1676466 WindowlessContext.h:17] Deconstructing WindowlessContext
I0919 02:08:12.882747 1676466 ManagedContainerBase.cpp:19] ManagedContainerBase::convertFilenameToJSON : Filename : default changed to proposed JSON configuration filename : default.scene_dataset_config.json
I0919 02:08:12.882763 1676466 AttributesManagerBase.h:283] AttributesManager<T>::createFromJsonOrDefaultInternal  (Dataset) : Proposing JSON name : default.scene_dataset_config.json from original name : default | This file  does not exist.
I0919 02:08:12.883183 1676466 AssetAttributesManager.cpp:117] Asset attributes (capsule3DSolid : capsule3DSolid_hemiRings_4_cylRings_1_segments_12_halfLen_0.75_useTexCoords_false_useTangents_false) created and registered.
I0919 02:08:12.883498 1676466 AssetAttributesManager.cpp:117] Asset attributes (capsule3DWireframe : capsule3DWireframe_hemiRings_8_cylRings_1_segments_16_halfLen_1) created and registered.
I0919 02:08:12.883523 1676466 AssetAttributesManager.cpp:117] Asset attributes (coneSolid : coneSolid_segments_12_halfLen_1.25_rings_1_useTexCoords_false_useTangents_false_capEnd_true) created and registered.
I0919 02:08:12.883538 1676466 AssetAttributesManager.cpp:117] Asset attributes (coneWireframe : coneWireframe_segments_32_halfLen_1.25) created and registered.
I0919 02:08:12.883546 1676466 AssetAttributesManager.cpp:117] Asset attributes (cubeSolid : cubeSolid) created and registered.
I0919 02:08:12.883553 1676466 AssetAttributesManager.cpp:117] Asset attributes (cubeWireframe : cubeWireframe) created and registered.
I0919 02:08:12.883571 1676466 AssetAttributesManager.cpp:117] Asset attributes (cylinderSolid : cylinderSolid_rings_1_segments_12_halfLen_1_useTexCoords_false_useTangents_false_capEnds_true) created and registered.
I0919 02:08:12.883587 1676466 AssetAttributesManager.cpp:117] Asset attributes (cylinderWireframe : cylinderWireframe_rings_1_segments_32_halfLen_1) created and registered.
I0919 02:08:12.883598 1676466 AssetAttributesManager.cpp:117] Asset attributes (icosphereSolid : icosphereSolid_subdivs_1) created and registered.
I0919 02:08:12.883606 1676466 AssetAttributesManager.cpp:117] Asset attributes (icosphereWireframe : icosphereWireframe_subdivs_1) created and registered.
I0919 02:08:12.883620 1676466 AssetAttributesManager.cpp:117] Asset attributes (uvSphereSolid : uvSphereSolid_rings_8_segments_16_useTexCoords_false_useTangents_false) created and registered.
I0919 02:08:12.883631 1676466 AssetAttributesManager.cpp:117] Asset attributes (uvSphereWireframe : uvSphereWireframe_rings_16_segments_32) created and registered.
I0919 02:08:12.883637 1676466 AssetAttributesManager.cpp:105] AssetAttributesManager::buildCtorFuncPtrMaps : Built default primitive asset templates : 12
I0919 02:08:12.884039 1676466 SceneDatasetAttributesManager.cpp:23] File (default) not found, so new default dataset attributes created and registered.
I0919 02:08:12.884042 1676466 MetadataMediator.cpp:47] MetadataMediator::createDataset : Dataset default successfully created.
I0919 02:08:12.884227 1676466 AttributesManagerBase.h:283] AttributesManager<T>::createFromJsonOrDefaultInternal  (Physics Manager) : Proposing JSON name : ./data/default.physics_config.json from original name : ./data/default.physics_config.json | This file  does not exist.
I0919 02:08:12.884244 1676466 PhysicsAttributesManager.cpp:27] File (./data/default.physics_config.json) not found, so new default physics manager attributes created and registered.
I0919 02:08:12.884248 1676466 AbstractObjectAttributesManagerBase.h:175] AbstractObjectAttributesManager<T>::createObject  (Stage) : Making attributes with handle : /mnt/data_nas/deeprobotics/daiyang/vla/third_party/ETP-R1/data/scene_datasets/mp3d/B6ByNegPMKs/B6ByNegPMKs.glb
I0919 02:08:12.884253 1676466 ManagedContainerBase.cpp:19] ManagedContainerBase::convertFilenameToJSON : Filename : /mnt/data_nas/deeprobotics/daiyang/vla/third_party/ETP-R1/data/scene_datasets/mp3d/B6ByNegPMKs/B6ByNegPMKs.glb changed to proposed JSON configuration filename : /mnt/data_nas/deeprobotics/daiyang/vla/third_party/ETP-R1/data/scene_datasets/mp3d/B6ByNegPMKs/B6ByNegPMKs.stage_config.json
I0919 02:08:12.884263 1676466 AttributesManagerBase.h:283] AttributesManager<T>::createFromJsonOrDefaultInternal  (Stage) : Proposing JSON name : /mnt/data_nas/deeprobotics/daiyang/vla/third_party/ETP-R1/data/scene_datasets/mp3d/B6ByNegPMKs/B6ByNegPMKs.stage_config.json from original name : /mnt/data_nas/deeprobotics/daiyang/vla/third_party/ETP-R1/data/scene_datasets/mp3d/B6ByNegPMKs/B6ByNegPMKs.glb | This file  does not exist.
I0919 02:08:12.884315 1676466 AbstractObjectAttributesManagerBase.h:181] AbstractObjectAttributesManager<T>::createObject  (Stage) : Done making attributes with handle : /mnt/data_nas/deeprobotics/daiyang/vla/third_party/ETP-R1/data/scene_datasets/mp3d/B6ByNegPMKs/B6ByNegPMKs.glb
I0919 02:08:12.884316 1676466 AbstractObjectAttributesManagerBase.h:188] File (/mnt/data_nas/deeprobotics/daiyang/vla/third_party/ETP-R1/data/scene_datasets/mp3d/B6ByNegPMKs/B6ByNegPMKs.glb) exists but is not a recognized config filename extension, so new default Stage attributes created and registered.
I0919 02:08:12.884321 1676466 Simulator.cpp:156] Loading navmesh from /mnt/data_nas/deeprobotics/daiyang/vla/third_party/ETP-R1/data/scene_datasets/mp3d/B6ByNegPMKs/B6ByNegPMKs.navmesh
I0919 02:08:12.885951 1676466 Simulator.cpp:158] Loaded.
I0919 02:08:12.885960 1676466 SceneGraph.h:93] Created DrawableGroup: 
Renderer: NVIDIA GeForce RTX 5090/PCIe/SSE2 by NVIDIA Corporation
OpenGL version: 4.6.0 NVIDIA 580.126.09
Using optional features:
    GL_ARB_ES2_compatibility
    GL_ARB_direct_state_access
    GL_ARB_get_texture_sub_image
    GL_ARB_invalidate_subdata
    GL_ARB_multi_bind
    GL_ARB_robustness
    GL_ARB_separate_shader_objects
    GL_ARB_texture_filter_anisotropic
    GL_ARB_texture_storage
    GL_ARB_texture_storage_multisample
    GL_ARB_vertex_array_object
    GL_KHR_debug
Using driver workarounds:
    no-forward-compatible-core-context
    nv-egl-incorrect-gl11-function-pointers
    no-layout-qualifiers-on-old-glsl
    nv-zero-context-profile-mask
    nv-implementation-color-read-format-dsa-broken
    nv-cubemap-inconsistent-compressed-image-size
    nv-cubemap-broken-full-compressed-image-query
    nv-compressed-block-size-in-bits
I0919 02:08:12.889540 1676466 ResourceManager.cpp:234] ResourceManager::loadStage : Not loading semantic mesh
I0919 02:08:12.889549 1676466 ResourceManager.cpp:262] ResourceManager::loadStage : start load render asset /mnt/data_nas/deeprobotics/daiyang/vla/third_party/ETP-R1/data/scene_datasets/mp3d/B6ByNegPMKs/B6ByNegPMKs.glb.
I0919 02:08:12.889551 1676466 ResourceManager.cpp:569] ResourceManager::loadStageInternal : Attempting to load stage /mnt/data_nas/deeprobotics/daiyang/vla/third_party/ETP-R1/data/scene_datasets/mp3d/B6ByNegPMKs/B6ByNegPMKs.glb 
I0919 02:08:12.889565 1676466 ResourceManager.cpp:1119] Importing Basis files as BC7 for B6ByNegPMKs.glb
W0919 02:08:22.354312 1676466 Simulator.cpp:248] :
---
 The active scene does not contain semantic annotations. 
---
I0919 02:08:22.548036 1676466 simulator.py:213] Loaded navmesh /mnt/data_nas/deeprobotics/daiyang/vla/third_party/ETP-R1/data/scene_datasets/mp3d/B6ByNegPMKs/B6ByNegPMKs.navmesh
I0919 02:10:58.918924 1676466 PhysicsManager.cpp:33] Deconstructing PhysicsManager
I0919 02:10:58.918987 1676466 SemanticScene.h:41] Deconstructing SemanticScene
I0919 02:10:58.938625 1676466 SceneManager.h:25] Deconstructing SceneManager
I0919 02:10:58.938647 1676466 SceneGraph.h:26] Deconstructing SceneGraph
I0919 02:10:58.939337 1676466 Sensor.h:87] Deconstructing Sensor
I0919 02:10:58.960310 1676466 Renderer.cpp:34] Deconstructing Renderer
I0919 02:10:58.960354 1676466 WindowlessContext.h:17] Deconstructing WindowlessContext
I0919 02:10:58.985602 1676466 ManagedContainerBase.cpp:19] ManagedContainerBase::convertFilenameToJSON : Filename : default changed to proposed JSON configuration filename : default.scene_dataset_config.json
I0919 02:10:58.985628 1676466 AttributesManagerBase.h:283] AttributesManager<T>::createFromJsonOrDefaultInternal  (Dataset) : Proposing JSON name : default.scene_dataset_config.json from original name : default | This file  does not exist.
I0919 02:10:58.985963 1676466 AssetAttributesManager.cpp:117] Asset attributes (capsule3DSolid : capsule3DSolid_hemiRings_4_cylRings_1_segments_12_halfLen_0.75_useTexCoords_false_useTangents_false) created and registered.
I0919 02:10:58.986006 1676466 AssetAttributesManager.cpp:117] Asset attributes (capsule3DWireframe : capsule3DWireframe_hemiRings_8_cylRings_1_segments_16_halfLen_1) created and registered.
I0919 02:10:58.986043 1676466 AssetAttributesManager.cpp:117] Asset attributes (coneSolid : coneSolid_segments_12_halfLen_1.25_rings_1_useTexCoords_false_useTangents_false_capEnd_true) created and registered.
I0919 02:10:58.986066 1676466 AssetAttributesManager.cpp:117] Asset attributes (coneWireframe : coneWireframe_segments_32_halfLen_1.25) created and registered.
I0919 02:10:58.986078 1676466 AssetAttributesManager.cpp:117] Asset attributes (cubeSolid : cubeSolid) created and registered.
I0919 02:10:58.986088 1676466 AssetAttributesManager.cpp:117] Asset attributes (cubeWireframe : cubeWireframe) created and registered.
I0919 02:10:58.986119 1676466 AssetAttributesManager.cpp:117] Asset attributes (cylinderSolid : cylinderSolid_rings_1_segments_12_halfLen_1_useTexCoords_false_useTangents_false_capEnds_true) created and registered.
I0919 02:10:58.986145 1676466 AssetAttributesManager.cpp:117] Asset attributes (cylinderWireframe : cylinderWireframe_rings_1_segments_32_halfLen_1) created and registered.
I0919 02:10:58.986159 1676466 AssetAttributesManager.cpp:117] Asset attributes (icosphereSolid : icosphereSolid_subdivs_1) created and registered.
I0919 02:10:58.986173 1676466 AssetAttributesManager.cpp:117] Asset attributes (icosphereWireframe : icosphereWireframe_subdivs_1) created and registered.
I0919 02:10:58.986194 1676466 AssetAttributesManager.cpp:117] Asset attributes (uvSphereSolid : uvSphereSolid_rings_8_segments_16_useTexCoords_false_useTangents_false) created and registered.
I0919 02:10:58.986214 1676466 AssetAttributesManager.cpp:117] Asset attributes (uvSphereWireframe : uvSphereWireframe_rings_16_segments_32) created and registered.
I0919 02:10:58.986222 1676466 AssetAttributesManager.cpp:105] AssetAttributesManager::buildCtorFuncPtrMaps : Built default primitive asset templates : 12
I0919 02:10:58.986893 1676466 SceneDatasetAttributesManager.cpp:23] File (default) not found, so new default dataset attributes created and registered.
I0919 02:10:58.986896 1676466 MetadataMediator.cpp:47] MetadataMediator::createDataset : Dataset default successfully created.
I0919 02:10:58.988390 1676466 AttributesManagerBase.h:283] AttributesManager<T>::createFromJsonOrDefaultInternal  (Physics Manager) : Proposing JSON name : ./data/default.physics_config.json from original name : ./data/default.physics_config.json | This file  does not exist.
I0919 02:10:58.988417 1676466 PhysicsAttributesManager.cpp:27] File (./data/default.physics_config.json) not found, so new default physics manager attributes created and registered.
I0919 02:10:58.988422 1676466 AbstractObjectAttributesManagerBase.h:175] AbstractObjectAttributesManager<T>::createObject  (Stage) : Making attributes with handle : /mnt/data_nas/deeprobotics/daiyang/vla/third_party/ETP-R1/data/scene_datasets/mp3d/aayBHfsNo7d/aayBHfsNo7d.glb
I0919 02:10:58.988440 1676466 ManagedContainerBase.cpp:19] ManagedContainerBase::convertFilenameToJSON : Filename : /mnt/data_nas/deeprobotics/daiyang/vla/third_party/ETP-R1/data/scene_datasets/mp3d/aayBHfsNo7d/aayBHfsNo7d.glb changed to proposed JSON configuration filename : /mnt/data_nas/deeprobotics/daiyang/vla/third_party/ETP-R1/data/scene_datasets/mp3d/aayBHfsNo7d/aayBHfsNo7d.stage_config.json
I0919 02:10:58.992426 1676466 AttributesManagerBase.h:283] AttributesManager<T>::createFromJsonOrDefaultInternal  (Stage) : Proposing JSON name : /mnt/data_nas/deeprobotics/daiyang/vla/third_party/ETP-R1/data/scene_datasets/mp3d/aayBHfsNo7d/aayBHfsNo7d.stage_config.json from original name : /mnt/data_nas/deeprobotics/daiyang/vla/third_party/ETP-R1/data/scene_datasets/mp3d/aayBHfsNo7d/aayBHfsNo7d.glb | This file  does not exist.
I0919 02:10:58.992524 1676466 AbstractObjectAttributesManagerBase.h:181] AbstractObjectAttributesManager<T>::createObject  (Stage) : Done making attributes with handle : /mnt/data_nas/deeprobotics/daiyang/vla/third_party/ETP-R1/data/scene_datasets/mp3d/aayBHfsNo7d/aayBHfsNo7d.glb
I0919 02:10:58.992529 1676466 AbstractObjectAttributesManagerBase.h:188] File (/mnt/data_nas/deeprobotics/daiyang/vla/third_party/ETP-R1/data/scene_datasets/mp3d/aayBHfsNo7d/aayBHfsNo7d.glb) exists but is not a recognized config filename extension, so new default Stage attributes created and registered.
I0919 02:10:58.992537 1676466 Simulator.cpp:156] Loading navmesh from /mnt/data_nas/deeprobotics/daiyang/vla/third_party/ETP-R1/data/scene_datasets/mp3d/aayBHfsNo7d/aayBHfsNo7d.navmesh
I0919 02:10:58.994066 1676466 Simulator.cpp:158] Loaded.
I0919 02:10:58.994087 1676466 SceneGraph.h:93] Created DrawableGroup: 
Renderer: NVIDIA GeForce RTX 5090/PCIe/SSE2 by NVIDIA Corporation
OpenGL version: 4.6.0 NVIDIA 580.126.09
Using optional features:
    GL_ARB_ES2_compatibility
    GL_ARB_direct_state_access
    GL_ARB_get_texture_sub_image
    GL_ARB_invalidate_subdata
    GL_ARB_multi_bind
    GL_ARB_robustness
    GL_ARB_separate_shader_objects
    GL_ARB_texture_filter_anisotropic
    GL_ARB_texture_storage
    GL_ARB_texture_storage_multisample
    GL_ARB_vertex_array_object
    GL_KHR_debug
Using driver workarounds:
    no-forward-compatible-core-context
    nv-egl-incorrect-gl11-function-pointers
    no-layout-qualifiers-on-old-glsl
    nv-zero-context-profile-mask
    nv-implementation-color-read-format-dsa-broken
    nv-cubemap-inconsistent-compressed-image-size
    nv-cubemap-broken-full-compressed-image-query
    nv-compressed-block-size-in-bits
I0919 02:10:58.998690 1676466 ResourceManager.cpp:234] ResourceManager::loadStage : Not loading semantic mesh
I0919 02:10:58.998701 1676466 ResourceManager.cpp:262] ResourceManager::loadStage : start load render asset /mnt/data_nas/deeprobotics/daiyang/vla/third_party/ETP-R1/data/scene_datasets/mp3d/aayBHfsNo7d/aayBHfsNo7d.glb.
I0919 02:10:58.998705 1676466 ResourceManager.cpp:569] ResourceManager::loadStageInternal : Attempting to load stage /mnt/data_nas/deeprobotics/daiyang/vla/third_party/ETP-R1/data/scene_datasets/mp3d/aayBHfsNo7d/aayBHfsNo7d.glb 
I0919 02:10:58.998726 1676466 ResourceManager.cpp:1119] Importing Basis files as BC7 for aayBHfsNo7d.glb
W0919 02:11:00.600175 1676466 Simulator.cpp:248] :
---
 The active scene does not contain semantic annotations. 
---
I0919 02:11:00.641550 1676466 simulator.py:213] Loaded navmesh /mnt/data_nas/deeprobotics/daiyang/vla/third_party/ETP-R1/data/scene_datasets/mp3d/aayBHfsNo7d/aayBHfsNo7d.navmesh
I0919 02:13:39.088495 1676466 PhysicsManager.cpp:33] Deconstructing PhysicsManager
I0919 02:13:39.088549 1676466 SemanticScene.h:41] Deconstructing SemanticScene
I0919 02:13:39.091662 1676466 SceneManager.h:25] Deconstructing SceneManager
I0919 02:13:39.091671 1676466 SceneGraph.h:26] Deconstructing SceneGraph
I0919 02:13:39.091957 1676466 Sensor.h:87] Deconstructing Sensor
I0919 02:13:39.095287 1676466 Renderer.cpp:34] Deconstructing Renderer
I0919 02:13:39.095309 1676466 WindowlessContext.h:17] Deconstructing WindowlessContext
I0919 02:13:39.101176 1676466 ManagedContainerBase.cpp:19] ManagedContainerBase::convertFilenameToJSON : Filename : default changed to proposed JSON configuration filename : default.scene_dataset_config.json
I0919 02:13:39.101192 1676466 AttributesManagerBase.h:283] AttributesManager<T>::createFromJsonOrDefaultInternal  (Dataset) : Proposing JSON name : default.scene_dataset_config.json from original name : default | This file  does not exist.
I0919 02:13:39.101457 1676466 AssetAttributesManager.cpp:117] Asset attributes (capsule3DSolid : capsule3DSolid_hemiRings_4_cylRings_1_segments_12_halfLen_0.75_useTexCoords_false_useTangents_false) created and registered.
I0919 02:13:39.101485 1676466 AssetAttributesManager.cpp:117] Asset attributes (capsule3DWireframe : capsule3DWireframe_hemiRings_8_cylRings_1_segments_16_halfLen_1) created and registered.
I0919 02:13:39.101508 1676466 AssetAttributesManager.cpp:117] Asset attributes (coneSolid : coneSolid_segments_12_halfLen_1.25_rings_1_useTexCoords_false_useTangents_false_capEnd_true) created and registered.
I0919 02:13:39.101522 1676466 AssetAttributesManager.cpp:117] Asset attributes (coneWireframe : coneWireframe_segments_32_halfLen_1.25) created and registered.
I0919 02:13:39.101532 1676466 AssetAttributesManager.cpp:117] Asset attributes (cubeSolid : cubeSolid) created and registered.
I0919 02:13:39.101538 1676466 AssetAttributesManager.cpp:117] Asset attributes (cubeWireframe : cubeWireframe) created and registered.
I0919 02:13:39.101558 1676466 AssetAttributesManager.cpp:117] Asset attributes (cylinderSolid : cylinderSolid_rings_1_segments_12_halfLen_1_useTexCoords_false_useTangents_false_capEnds_true) created and registered.
I0919 02:13:39.101575 1676466 AssetAttributesManager.cpp:117] Asset attributes (cylinderWireframe : cylinderWireframe_rings_1_segments_32_halfLen_1) created and registered.
I0919 02:13:39.101586 1676466 AssetAttributesManager.cpp:117] Asset attributes (icosphereSolid : icosphereSolid_subdivs_1) created and registered.
I0919 02:13:39.101594 1676466 AssetAttributesManager.cpp:117] Asset attributes (icosphereWireframe : icosphereWireframe_subdivs_1) created and registered.
I0919 02:13:39.101608 1676466 AssetAttributesManager.cpp:117] Asset attributes (uvSphereSolid : uvSphereSolid_rings_8_segments_16_useTexCoords_false_useTangents_false) created and registered.
I0919 02:13:39.101620 1676466 AssetAttributesManager.cpp:117] Asset attributes (uvSphereWireframe : uvSphereWireframe_rings_16_segments_32) created and registered.
I0919 02:13:39.101627 1676466 AssetAttributesManager.cpp:105] AssetAttributesManager::buildCtorFuncPtrMaps : Built default primitive asset templates : 12
I0919 02:13:39.102029 1676466 SceneDatasetAttributesManager.cpp:23] File (default) not found, so new default dataset attributes created and registered.
I0919 02:13:39.102031 1676466 MetadataMediator.cpp:47] MetadataMediator::createDataset : Dataset default successfully created.
I0919 02:13:39.102231 1676466 AttributesManagerBase.h:283] AttributesManager<T>::createFromJsonOrDefaultInternal  (Physics Manager) : Proposing JSON name : ./data/default.physics_config.json from original name : ./data/default.physics_config.json | This file  does not exist.
I0919 02:13:39.102244 1676466 PhysicsAttributesManager.cpp:27] File (./data/default.physics_config.json) not found, so new default physics manager attributes created and registered.
I0919 02:13:39.102247 1676466 AbstractObjectAttributesManagerBase.h:175] AbstractObjectAttributesManager<T>::createObject  (Stage) : Making attributes with handle : /mnt/data_nas/deeprobotics/daiyang/vla/third_party/ETP-R1/data/scene_datasets/mp3d/82sE5b5pLXE/82sE5b5pLXE.glb
I0919 02:13:39.102252 1676466 ManagedContainerBase.cpp:19] ManagedContainerBase::convertFilenameToJSON : Filename : /mnt/data_nas/deeprobotics/daiyang/vla/third_party/ETP-R1/data/scene_datasets/mp3d/82sE5b5pLXE/82sE5b5pLXE.glb changed to proposed JSON configuration filename : /mnt/data_nas/deeprobotics/daiyang/vla/third_party/ETP-R1/data/scene_datasets/mp3d/82sE5b5pLXE/82sE5b5pLXE.stage_config.json
I0919 02:13:39.102273 1676466 AttributesManagerBase.h:283] AttributesManager<T>::createFromJsonOrDefaultInternal  (Stage) : Proposing JSON name : /mnt/data_nas/deeprobotics/daiyang/vla/third_party/ETP-R1/data/scene_datasets/mp3d/82sE5b5pLXE/82sE5b5pLXE.stage_config.json from original name : /mnt/data_nas/deeprobotics/daiyang/vla/third_party/ETP-R1/data/scene_datasets/mp3d/82sE5b5pLXE/82sE5b5pLXE.glb | This file  does not exist.
I0919 02:13:39.102324 1676466 AbstractObjectAttributesManagerBase.h:181] AbstractObjectAttributesManager<T>::createObject  (Stage) : Done making attributes with handle : /mnt/data_nas/deeprobotics/daiyang/vla/third_party/ETP-R1/data/scene_datasets/mp3d/82sE5b5pLXE/82sE5b5pLXE.glb
I0919 02:13:39.102325 1676466 AbstractObjectAttributesManagerBase.h:188] File (/mnt/data_nas/deeprobotics/daiyang/vla/third_party/ETP-R1/data/scene_datasets/mp3d/82sE5b5pLXE/82sE5b5pLXE.glb) exists but is not a recognized config filename extension, so new default Stage attributes created and registered.
I0919 02:13:39.102329 1676466 Simulator.cpp:156] Loading navmesh from /mnt/data_nas/deeprobotics/daiyang/vla/third_party/ETP-R1/data/scene_datasets/mp3d/82sE5b5pLXE/82sE5b5pLXE.navmesh
I0919 02:13:39.103425 1676466 Simulator.cpp:158] Loaded.
I0919 02:13:39.103435 1676466 SceneGraph.h:93] Created DrawableGroup: 
Renderer: NVIDIA GeForce RTX 5090/PCIe/SSE2 by NVIDIA Corporation
OpenGL version: 4.6.0 NVIDIA 580.126.09
Using optional features:
    GL_ARB_ES2_compatibility
    GL_ARB_direct_state_access
    GL_ARB_get_texture_sub_image
    GL_ARB_invalidate_subdata
    GL_ARB_multi_bind
    GL_ARB_robustness
    GL_ARB_separate_shader_objects
    GL_ARB_texture_filter_anisotropic
    GL_ARB_texture_storage
    GL_ARB_texture_storage_multisample
    GL_ARB_vertex_array_object
    GL_KHR_debug
Using driver workarounds:
    no-forward-compatible-core-context
    nv-egl-incorrect-gl11-function-pointers
    no-layout-qualifiers-on-old-glsl
    nv-zero-context-profile-mask
    nv-implementation-color-read-format-dsa-broken
    nv-cubemap-inconsistent-compressed-image-size
    nv-cubemap-broken-full-compressed-image-query
    nv-compressed-block-size-in-bits
I0919 02:13:39.106984 1676466 ResourceManager.cpp:234] ResourceManager::loadStage : Not loading semantic mesh
I0919 02:13:39.106992 1676466 ResourceManager.cpp:262] ResourceManager::loadStage : start load render asset /mnt/data_nas/deeprobotics/daiyang/vla/third_party/ETP-R1/data/scene_datasets/mp3d/82sE5b5pLXE/82sE5b5pLXE.glb.
I0919 02:13:39.106994 1676466 ResourceManager.cpp:569] ResourceManager::loadStageInternal : Attempting to load stage /mnt/data_nas/deeprobotics/daiyang/vla/third_party/ETP-R1/data/scene_datasets/mp3d/82sE5b5pLXE/82sE5b5pLXE.glb 
I0919 02:13:39.107010 1676466 ResourceManager.cpp:1119] Importing Basis files as BC7 for 82sE5b5pLXE.glb
W0919 02:13:41.114913 1676466 Simulator.cpp:248] :
---
 The active scene does not contain semantic annotations. 
---
I0919 02:13:41.151653 1676466 simulator.py:213] Loaded navmesh /mnt/data_nas/deeprobotics/daiyang/vla/third_party/ETP-R1/data/scene_datasets/mp3d/82sE5b5pLXE/82sE5b5pLXE.navmesh
I0919 02:15:28.663066 1676466 PhysicsManager.cpp:33] Deconstructing PhysicsManager
I0919 02:15:28.663118 1676466 SemanticScene.h:41] Deconstructing SemanticScene
I0919 02:15:28.664865 1676466 SceneManager.h:25] Deconstructing SceneManager
I0919 02:15:28.664871 1676466 SceneGraph.h:26] Deconstructing SceneGraph
I0919 02:15:28.665153 1676466 Sensor.h:87] Deconstructing Sensor
I0919 02:15:28.669217 1676466 Renderer.cpp:34] Deconstructing Renderer
I0919 02:15:28.669238 1676466 WindowlessContext.h:17] Deconstructing WindowlessContext
I0919 02:15:28.676728 1676466 ManagedContainerBase.cpp:19] ManagedContainerBase::convertFilenameToJSON : Filename : default changed to proposed JSON configuration filename : default.scene_dataset_config.json
I0919 02:15:28.676748 1676466 AttributesManagerBase.h:283] AttributesManager<T>::createFromJsonOrDefaultInternal  (Dataset) : Proposing JSON name : default.scene_dataset_config.json from original name : default | This file  does not exist.
I0919 02:15:28.677234 1676466 AssetAttributesManager.cpp:117] Asset attributes (capsule3DSolid : capsule3DSolid_hemiRings_4_cylRings_1_segments_12_halfLen_0.75_useTexCoords_false_useTangents_false) created and registered.
I0919 02:15:28.677263 1676466 AssetAttributesManager.cpp:117] Asset attributes (capsule3DWireframe : capsule3DWireframe_hemiRings_8_cylRings_1_segments_16_halfLen_1) created and registered.
I0919 02:15:28.677290 1676466 AssetAttributesManager.cpp:117] Asset attributes (coneSolid : coneSolid_segments_12_halfLen_1.25_rings_1_useTexCoords_false_useTangents_false_capEnd_true) created and registered.
I0919 02:15:28.677305 1676466 AssetAttributesManager.cpp:117] Asset attributes (coneWireframe : coneWireframe_segments_32_halfLen_1.25) created and registered.
I0919 02:15:28.677313 1676466 AssetAttributesManager.cpp:117] Asset attributes (cubeSolid : cubeSolid) created and registered.
I0919 02:15:28.677320 1676466 AssetAttributesManager.cpp:117] Asset attributes (cubeWireframe : cubeWireframe) created and registered.
I0919 02:15:28.677340 1676466 AssetAttributesManager.cpp:117] Asset attributes (cylinderSolid : cylinderSolid_rings_1_segments_12_halfLen_1_useTexCoords_false_useTangents_false_capEnds_true) created and registered.
I0919 02:15:28.677356 1676466 AssetAttributesManager.cpp:117] Asset attributes (cylinderWireframe : cylinderWireframe_rings_1_segments_32_halfLen_1) created and registered.
I0919 02:15:28.677366 1676466 AssetAttributesManager.cpp:117] Asset attributes (icosphereSolid : icosphereSolid_subdivs_1) created and registered.
I0919 02:15:28.677376 1676466 AssetAttributesManager.cpp:117] Asset attributes (icosphereWireframe : icosphereWireframe_subdivs_1) created and registered.
I0919 02:15:28.677389 1676466 AssetAttributesManager.cpp:117] Asset attributes (uvSphereSolid : uvSphereSolid_rings_8_segments_16_useTexCoords_false_useTangents_false) created and registered.
I0919 02:15:28.677402 1676466 AssetAttributesManager.cpp:117] Asset attributes (uvSphereWireframe : uvSphereWireframe_rings_16_segments_32) created and registered.
I0919 02:15:28.677408 1676466 AssetAttributesManager.cpp:105] AssetAttributesManager::buildCtorFuncPtrMaps : Built default primitive asset templates : 12
I0919 02:15:28.677806 1676466 SceneDatasetAttributesManager.cpp:23] File (default) not found, so new default dataset attributes created and registered.
I0919 02:15:28.677809 1676466 MetadataMediator.cpp:47] MetadataMediator::createDataset : Dataset default successfully created.
I0919 02:15:28.678002 1676466 AttributesManagerBase.h:283] AttributesManager<T>::createFromJsonOrDefaultInternal  (Physics Manager) : Proposing JSON name : ./data/default.physics_config.json from original name : ./data/default.physics_config.json | This file  does not exist.
I0919 02:15:28.678015 1676466 PhysicsAttributesManager.cpp:27] File (./data/default.physics_config.json) not found, so new default physics manager attributes created and registered.
I0919 02:15:28.678018 1676466 AbstractObjectAttributesManagerBase.h:175] AbstractObjectAttributesManager<T>::createObject  (Stage) : Making attributes with handle : /mnt/data_nas/deeprobotics/daiyang/vla/third_party/ETP-R1/data/scene_datasets/mp3d/B6ByNegPMKs/B6ByNegPMKs.glb
I0919 02:15:28.678023 1676466 ManagedContainerBase.cpp:19] ManagedContainerBase::convertFilenameToJSON : Filename : /mnt/data_nas/deeprobotics/daiyang/vla/third_party/ETP-R1/data/scene_datasets/mp3d/B6ByNegPMKs/B6ByNegPMKs.glb changed to proposed JSON configuration filename : /mnt/data_nas/deeprobotics/daiyang/vla/third_party/ETP-R1/data/scene_datasets/mp3d/B6ByNegPMKs/B6ByNegPMKs.stage_config.json
I0919 02:15:28.678035 1676466 AttributesManagerBase.h:283] AttributesManager<T>::createFromJsonOrDefaultInternal  (Stage) : Proposing JSON name : /mnt/data_nas/deeprobotics/daiyang/vla/third_party/ETP-R1/data/scene_datasets/mp3d/B6ByNegPMKs/B6ByNegPMKs.stage_config.json from original name : /mnt/data_nas/deeprobotics/daiyang/vla/third_party/ETP-R1/data/scene_datasets/mp3d/B6ByNegPMKs/B6ByNegPMKs.glb | This file  does not exist.
I0919 02:15:28.678084 1676466 AbstractObjectAttributesManagerBase.h:181] AbstractObjectAttributesManager<T>::createObject  (Stage) : Done making attributes with handle : /mnt/data_nas/deeprobotics/daiyang/vla/third_party/ETP-R1/data/scene_datasets/mp3d/B6ByNegPMKs/B6ByNegPMKs.glb
I0919 02:15:28.678086 1676466 AbstractObjectAttributesManagerBase.h:188] File (/mnt/data_nas/deeprobotics/daiyang/vla/third_party/ETP-R1/data/scene_datasets/mp3d/B6ByNegPMKs/B6ByNegPMKs.glb) exists but is not a recognized config filename extension, so new default Stage attributes created and registered.
I0919 02:15:28.678092 1676466 Simulator.cpp:156] Loading navmesh from /mnt/data_nas/deeprobotics/daiyang/vla/third_party/ETP-R1/data/scene_datasets/mp3d/B6ByNegPMKs/B6ByNegPMKs.navmesh
I0919 02:15:28.679448 1676466 Simulator.cpp:158] Loaded.
I0919 02:15:28.679457 1676466 SceneGraph.h:93] Created DrawableGroup: 
Renderer: NVIDIA GeForce RTX 5090/PCIe/SSE2 by NVIDIA Corporation
OpenGL version: 4.6.0 NVIDIA 580.126.09
Using optional features:
    GL_ARB_ES2_compatibility
    GL_ARB_direct_state_access
    GL_ARB_get_texture_sub_image
    GL_ARB_invalidate_subdata
    GL_ARB_multi_bind
    GL_ARB_robustness
    GL_ARB_separate_shader_objects
    GL_ARB_texture_filter_anisotropic
    GL_ARB_texture_storage
    GL_ARB_texture_storage_multisample
    GL_ARB_vertex_array_object
    GL_KHR_debug
Using driver workarounds:
    no-forward-compatible-core-context
    nv-egl-incorrect-gl11-function-pointers
    no-layout-qualifiers-on-old-glsl
    nv-zero-context-profile-mask
    nv-implementation-color-read-format-dsa-broken
    nv-cubemap-inconsistent-compressed-image-size
    nv-cubemap-broken-full-compressed-image-query
    nv-compressed-block-size-in-bits
I0919 02:15:28.691324 1676466 ResourceManager.cpp:234] ResourceManager::loadStage : Not loading semantic mesh
I0919 02:15:28.691334 1676466 ResourceManager.cpp:262] ResourceManager::loadStage : start load render asset /mnt/data_nas/deeprobotics/daiyang/vla/third_party/ETP-R1/data/scene_datasets/mp3d/B6ByNegPMKs/B6ByNegPMKs.glb.
I0919 02:15:28.691335 1676466 ResourceManager.cpp:569] ResourceManager::loadStageInternal : Attempting to load stage /mnt/data_nas/deeprobotics/daiyang/vla/third_party/ETP-R1/data/scene_datasets/mp3d/B6ByNegPMKs/B6ByNegPMKs.glb 
I0919 02:15:28.691354 1676466 ResourceManager.cpp:1119] Importing Basis files as BC7 for B6ByNegPMKs.glb
W0919 02:15:38.192938 1676466 Simulator.cpp:248] :
---
 The active scene does not contain semantic annotations. 
---
I0919 02:15:38.388705 1676466 simulator.py:213] Loaded navmesh /mnt/data_nas/deeprobotics/daiyang/vla/third_party/ETP-R1/data/scene_datasets/mp3d/B6ByNegPMKs/B6ByNegPMKs.navmesh
I0919 02:19:00.379678 1676466 PhysicsManager.cpp:33] Deconstructing PhysicsManager
I0919 02:19:00.379727 1676466 SemanticScene.h:41] Deconstructing SemanticScene
I0919 02:19:00.396204 1676466 SceneManager.h:25] Deconstructing SceneManager
I0919 02:19:00.396220 1676466 SceneGraph.h:26] Deconstructing SceneGraph
I0919 02:19:00.396824 1676466 Sensor.h:87] Deconstructing Sensor
I0919 02:19:00.412352 1676466 Renderer.cpp:34] Deconstructing Renderer
I0919 02:19:00.412382 1676466 WindowlessContext.h:17] Deconstructing WindowlessContext
I0919 02:19:00.443344 1676466 ManagedContainerBase.cpp:19] ManagedContainerBase::convertFilenameToJSON : Filename : default changed to proposed JSON configuration filename : default.scene_dataset_config.json
I0919 02:19:00.443367 1676466 AttributesManagerBase.h:283] AttributesManager<T>::createFromJsonOrDefaultInternal  (Dataset) : Proposing JSON name : default.scene_dataset_config.json from original name : default | This file  does not exist.
I0919 02:19:00.443485 1676466 AssetAttributesManager.cpp:117] Asset attributes (capsule3DSolid : capsule3DSolid_hemiRings_4_cylRings_1_segments_12_halfLen_0.75_useTexCoords_false_useTangents_false) created and registered.
I0919 02:19:00.443522 1676466 AssetAttributesManager.cpp:117] Asset attributes (capsule3DWireframe : capsule3DWireframe_hemiRings_8_cylRings_1_segments_16_halfLen_1) created and registered.
I0919 02:19:00.443545 1676466 AssetAttributesManager.cpp:117] Asset attributes (coneSolid : coneSolid_segments_12_halfLen_1.25_rings_1_useTexCoords_false_useTangents_false_capEnd_true) created and registered.
I0919 02:19:00.443560 1676466 AssetAttributesManager.cpp:117] Asset attributes (coneWireframe : coneWireframe_segments_32_halfLen_1.25) created and registered.
I0919 02:19:00.443569 1676466 AssetAttributesManager.cpp:117] Asset attributes (cubeSolid : cubeSolid) created and registered.
I0919 02:19:00.443576 1676466 AssetAttributesManager.cpp:117] Asset attributes (cubeWireframe : cubeWireframe) created and registered.
I0919 02:19:00.443596 1676466 AssetAttributesManager.cpp:117] Asset attributes (cylinderSolid : cylinderSolid_rings_1_segments_12_halfLen_1_useTexCoords_false_useTangents_false_capEnds_true) created and registered.
I0919 02:19:00.443614 1676466 AssetAttributesManager.cpp:117] Asset attributes (cylinderWireframe : cylinderWireframe_rings_1_segments_32_halfLen_1) created and registered.
I0919 02:19:00.443626 1676466 AssetAttributesManager.cpp:117] Asset attributes (icosphereSolid : icosphereSolid_subdivs_1) created and registered.
I0919 02:19:00.443635 1676466 AssetAttributesManager.cpp:117] Asset attributes (icosphereWireframe : icosphereWireframe_subdivs_1) created and registered.
I0919 02:19:00.443650 1676466 AssetAttributesManager.cpp:117] Asset attributes (uvSphereSolid : uvSphereSolid_rings_8_segments_16_useTexCoords_false_useTangents_false) created and registered.
I0919 02:19:00.443665 1676466 AssetAttributesManager.cpp:117] Asset attributes (uvSphereWireframe : uvSphereWireframe_rings_16_segments_32) created and registered.
I0919 02:19:00.443671 1676466 AssetAttributesManager.cpp:105] AssetAttributesManager::buildCtorFuncPtrMaps : Built default primitive asset templates : 12
I0919 02:19:00.444082 1676466 SceneDatasetAttributesManager.cpp:23] File (default) not found, so new default dataset attributes created and registered.
I0919 02:19:00.444084 1676466 MetadataMediator.cpp:47] MetadataMediator::createDataset : Dataset default successfully created.
I0919 02:19:00.444303 1676466 AttributesManagerBase.h:283] AttributesManager<T>::createFromJsonOrDefaultInternal  (Physics Manager) : Proposing JSON name : ./data/default.physics_config.json from original name : ./data/default.physics_config.json | This file  does not exist.
I0919 02:19:00.444315 1676466 PhysicsAttributesManager.cpp:27] File (./data/default.physics_config.json) not found, so new default physics manager attributes created and registered.
I0919 02:19:00.444319 1676466 AbstractObjectAttributesManagerBase.h:175] AbstractObjectAttributesManager<T>::createObject  (Stage) : Making attributes with handle : /mnt/data_nas/deeprobotics/daiyang/vla/third_party/ETP-R1/data/scene_datasets/mp3d/aayBHfsNo7d/aayBHfsNo7d.glb
I0919 02:19:00.444324 1676466 ManagedContainerBase.cpp:19] ManagedContainerBase::convertFilenameToJSON : Filename : /mnt/data_nas/deeprobotics/daiyang/vla/third_party/ETP-R1/data/scene_datasets/mp3d/aayBHfsNo7d/aayBHfsNo7d.glb changed to proposed JSON configuration filename : /mnt/data_nas/deeprobotics/daiyang/vla/third_party/ETP-R1/data/scene_datasets/mp3d/aayBHfsNo7d/aayBHfsNo7d.stage_config.json
I0919 02:19:00.444334 1676466 AttributesManagerBase.h:283] AttributesManager<T>::createFromJsonOrDefaultInternal  (Stage) : Proposing JSON name : /mnt/data_nas/deeprobotics/daiyang/vla/third_party/ETP-R1/data/scene_datasets/mp3d/aayBHfsNo7d/aayBHfsNo7d.stage_config.json from original name : /mnt/data_nas/deeprobotics/daiyang/vla/third_party/ETP-R1/data/scene_datasets/mp3d/aayBHfsNo7d/aayBHfsNo7d.glb | This file  does not exist.
I0919 02:19:00.444384 1676466 AbstractObjectAttributesManagerBase.h:181] AbstractObjectAttributesManager<T>::createObject  (Stage) : Done making attributes with handle : /mnt/data_nas/deeprobotics/daiyang/vla/third_party/ETP-R1/data/scene_datasets/mp3d/aayBHfsNo7d/aayBHfsNo7d.glb
I0919 02:19:00.444388 1676466 AbstractObjectAttributesManagerBase.h:188] File (/mnt/data_nas/deeprobotics/daiyang/vla/third_party/ETP-R1/data/scene_datasets/mp3d/aayBHfsNo7d/aayBHfsNo7d.glb) exists but is not a recognized config filename extension, so new default Stage attributes created and registered.
I0919 02:19:00.444393 1676466 Simulator.cpp:156] Loading navmesh from /mnt/data_nas/deeprobotics/daiyang/vla/third_party/ETP-R1/data/scene_datasets/mp3d/aayBHfsNo7d/aayBHfsNo7d.navmesh
I0919 02:19:00.445825 1676466 Simulator.cpp:158] Loaded.
I0919 02:19:00.445834 1676466 SceneGraph.h:93] Created DrawableGroup: 
Renderer: NVIDIA GeForce RTX 5090/PCIe/SSE2 by NVIDIA Corporation
OpenGL version: 4.6.0 NVIDIA 580.126.09
Using optional features:
    GL_ARB_ES2_compatibility
    GL_ARB_direct_state_access
    GL_ARB_get_texture_sub_image
    GL_ARB_invalidate_subdata
    GL_ARB_multi_bind
    GL_ARB_robustness
    GL_ARB_separate_shader_objects
    GL_ARB_texture_filter_anisotropic
    GL_ARB_texture_storage
    GL_ARB_texture_storage_multisample
    GL_ARB_vertex_array_object
    GL_KHR_debug
Using driver workarounds:
    no-forward-compatible-core-context
    nv-egl-incorrect-gl11-function-pointers
    no-layout-qualifiers-on-old-glsl
    nv-zero-context-profile-mask
    nv-implementation-color-read-format-dsa-broken
    nv-cubemap-inconsistent-compressed-image-size
    nv-cubemap-broken-full-compressed-image-query
    nv-compressed-block-size-in-bits
I0919 02:19:00.449597 1676466 ResourceManager.cpp:234] ResourceManager::loadStage : Not loading semantic mesh
I0919 02:19:00.449606 1676466 ResourceManager.cpp:262] ResourceManager::loadStage : start load render asset /mnt/data_nas/deeprobotics/daiyang/vla/third_party/ETP-R1/data/scene_datasets/mp3d/aayBHfsNo7d/aayBHfsNo7d.glb.
I0919 02:19:00.449608 1676466 ResourceManager.cpp:569] ResourceManager::loadStageInternal : Attempting to load stage /mnt/data_nas/deeprobotics/daiyang/vla/third_party/ETP-R1/data/scene_datasets/mp3d/aayBHfsNo7d/aayBHfsNo7d.glb 
I0919 02:19:00.449626 1676466 ResourceManager.cpp:1119] Importing Basis files as BC7 for aayBHfsNo7d.glb
W0919 02:19:02.010496 1676466 Simulator.cpp:248] :
---
 The active scene does not contain semantic annotations. 
---
I0919 02:19:02.051161 1676466 simulator.py:213] Loaded navmesh /mnt/data_nas/deeprobotics/daiyang/vla/third_party/ETP-R1/data/scene_datasets/mp3d/aayBHfsNo7d/aayBHfsNo7d.navmesh
I0919 02:19:30.835085 1676466 PhysicsManager.cpp:33] Deconstructing PhysicsManager
I0919 02:19:30.835125 1676466 SemanticScene.h:41] Deconstructing SemanticScene
I0919 02:19:30.837520 1676466 SceneManager.h:25] Deconstructing SceneManager
I0919 02:19:30.837528 1676466 SceneGraph.h:26] Deconstructing SceneGraph
I0919 02:19:30.837754 1676466 Sensor.h:87] Deconstructing Sensor
I0919 02:19:30.840345 1676466 Renderer.cpp:34] Deconstructing Renderer
I0919 02:19:30.840366 1676466 WindowlessContext.h:17] Deconstructing WindowlessContext
I0919 02:19:30.846379 1676466 ManagedContainerBase.cpp:19] ManagedContainerBase::convertFilenameToJSON : Filename : default changed to proposed JSON configuration filename : default.scene_dataset_config.json
I0919 02:19:30.846398 1676466 AttributesManagerBase.h:283] AttributesManager<T>::createFromJsonOrDefaultInternal  (Dataset) : Proposing JSON name : default.scene_dataset_config.json from original name : default | This file  does not exist.
I0919 02:19:30.846872 1676466 AssetAttributesManager.cpp:117] Asset attributes (capsule3DSolid : capsule3DSolid_hemiRings_4_cylRings_1_segments_12_halfLen_0.75_useTexCoords_false_useTangents_false) created and registered.
I0919 02:19:30.846900 1676466 AssetAttributesManager.cpp:117] Asset attributes (capsule3DWireframe : capsule3DWireframe_hemiRings_8_cylRings_1_segments_16_halfLen_1) created and registered.
I0919 02:19:30.846923 1676466 AssetAttributesManager.cpp:117] Asset attributes (coneSolid : coneSolid_segments_12_halfLen_1.25_rings_1_useTexCoords_false_useTangents_false_capEnd_true) created and registered.
I0919 02:19:30.846946 1676466 AssetAttributesManager.cpp:117] Asset attributes (coneWireframe : coneWireframe_segments_32_halfLen_1.25) created and registered.
I0919 02:19:30.846956 1676466 AssetAttributesManager.cpp:117] Asset attributes (cubeSolid : cubeSolid) created and registered.
I0919 02:19:30.846961 1676466 AssetAttributesManager.cpp:117] Asset attributes (cubeWireframe : cubeWireframe) created and registered.
I0919 02:19:30.846982 1676466 AssetAttributesManager.cpp:117] Asset attributes (cylinderSolid : cylinderSolid_rings_1_segments_12_halfLen_1_useTexCoords_false_useTangents_false_capEnds_true) created and registered.
I0919 02:19:30.846997 1676466 AssetAttributesManager.cpp:117] Asset attributes (cylinderWireframe : cylinderWireframe_rings_1_segments_32_halfLen_1) created and registered.
I0919 02:19:30.847008 1676466 AssetAttributesManager.cpp:117] Asset attributes (icosphereSolid : icosphereSolid_subdivs_1) created and registered.
I0919 02:19:30.847016 1676466 AssetAttributesManager.cpp:117] Asset attributes (icosphereWireframe : icosphereWireframe_subdivs_1) created and registered.
I0919 02:19:30.847029 1676466 AssetAttributesManager.cpp:117] Asset attributes (uvSphereSolid : uvSphereSolid_rings_8_segments_16_useTexCoords_false_useTangents_false) created and registered.
I0919 02:19:30.847041 1676466 AssetAttributesManager.cpp:117] Asset attributes (uvSphereWireframe : uvSphereWireframe_rings_16_segments_32) created and registered.
I0919 02:19:30.847048 1676466 AssetAttributesManager.cpp:105] AssetAttributesManager::buildCtorFuncPtrMaps : Built default primitive asset templates : 12
I0919 02:19:30.847457 1676466 SceneDatasetAttributesManager.cpp:23] File (default) not found, so new default dataset attributes created and registered.
I0919 02:19:30.847460 1676466 MetadataMediator.cpp:47] MetadataMediator::createDataset : Dataset default successfully created.
I0919 02:19:30.847642 1676466 AttributesManagerBase.h:283] AttributesManager<T>::createFromJsonOrDefaultInternal  (Physics Manager) : Proposing JSON name : ./data/default.physics_config.json from original name : ./data/default.physics_config.json | This file  does not exist.
I0919 02:19:30.847656 1676466 PhysicsAttributesManager.cpp:27] File (./data/default.physics_config.json) not found, so new default physics manager attributes created and registered.
I0919 02:19:30.847658 1676466 AbstractObjectAttributesManagerBase.h:175] AbstractObjectAttributesManager<T>::createObject  (Stage) : Making attributes with handle : /mnt/data_nas/deeprobotics/daiyang/vla/third_party/ETP-R1/data/scene_datasets/mp3d/82sE5b5pLXE/82sE5b5pLXE.glb
I0919 02:19:30.847662 1676466 ManagedContainerBase.cpp:19] ManagedContainerBase::convertFilenameToJSON : Filename : /mnt/data_nas/deeprobotics/daiyang/vla/third_party/ETP-R1/data/scene_datasets/mp3d/82sE5b5pLXE/82sE5b5pLXE.glb changed to proposed JSON configuration filename : /mnt/data_nas/deeprobotics/daiyang/vla/third_party/ETP-R1/data/scene_datasets/mp3d/82sE5b5pLXE/82sE5b5pLXE.stage_config.json
I0919 02:19:30.848608 1676466 AttributesManagerBase.h:283] AttributesManager<T>::createFromJsonOrDefaultInternal  (Stage) : Proposing JSON name : /mnt/data_nas/deeprobotics/daiyang/vla/third_party/ETP-R1/data/scene_datasets/mp3d/82sE5b5pLXE/82sE5b5pLXE.stage_config.json from original name : /mnt/data_nas/deeprobotics/daiyang/vla/third_party/ETP-R1/data/scene_datasets/mp3d/82sE5b5pLXE/82sE5b5pLXE.glb | This file  does not exist.
I0919 02:19:30.848656 1676466 AbstractObjectAttributesManagerBase.h:181] AbstractObjectAttributesManager<T>::createObject  (Stage) : Done making attributes with handle : /mnt/data_nas/deeprobotics/daiyang/vla/third_party/ETP-R1/data/scene_datasets/mp3d/82sE5b5pLXE/82sE5b5pLXE.glb
I0919 02:19:30.848658 1676466 AbstractObjectAttributesManagerBase.h:188] File (/mnt/data_nas/deeprobotics/daiyang/vla/third_party/ETP-R1/data/scene_datasets/mp3d/82sE5b5pLXE/82sE5b5pLXE.glb) exists but is not a recognized config filename extension, so new default Stage attributes created and registered.
I0919 02:19:30.848667 1676466 Simulator.cpp:156] Loading navmesh from /mnt/data_nas/deeprobotics/daiyang/vla/third_party/ETP-R1/data/scene_datasets/mp3d/82sE5b5pLXE/82sE5b5pLXE.navmesh
I0919 02:19:30.849906 1676466 Simulator.cpp:158] Loaded.
I0919 02:19:30.849913 1676466 SceneGraph.h:93] Created DrawableGroup: 
Renderer: NVIDIA GeForce RTX 5090/PCIe/SSE2 by NVIDIA Corporation
OpenGL version: 4.6.0 NVIDIA 580.126.09
Using optional features:
    GL_ARB_ES2_compatibility
    GL_ARB_direct_state_access
    GL_ARB_get_texture_sub_image
    GL_ARB_invalidate_subdata
    GL_ARB_multi_bind
    GL_ARB_robustness
    GL_ARB_separate_shader_objects
    GL_ARB_texture_filter_anisotropic
    GL_ARB_texture_storage
    GL_ARB_texture_storage_multisample
    GL_ARB_vertex_array_object
    GL_KHR_debug
Using driver workarounds:
    no-forward-compatible-core-context
    nv-egl-incorrect-gl11-function-pointers
    no-layout-qualifiers-on-old-glsl
    nv-zero-context-profile-mask
    nv-implementation-color-read-format-dsa-broken
    nv-cubemap-inconsistent-compressed-image-size
    nv-cubemap-broken-full-compressed-image-query
    nv-compressed-block-size-in-bits
I0919 02:19:30.853653 1676466 ResourceManager.cpp:234] ResourceManager::loadStage : Not loading semantic mesh
I0919 02:19:30.853662 1676466 ResourceManager.cpp:262] ResourceManager::loadStage : start load render asset /mnt/data_nas/deeprobotics/daiyang/vla/third_party/ETP-R1/data/scene_datasets/mp3d/82sE5b5pLXE/82sE5b5pLXE.glb.
I0919 02:19:30.853663 1676466 ResourceManager.cpp:569] ResourceManager::loadStageInternal : Attempting to load stage /mnt/data_nas/deeprobotics/daiyang/vla/third_party/ETP-R1/data/scene_datasets/mp3d/82sE5b5pLXE/82sE5b5pLXE.glb 
I0919 02:19:30.853682 1676466 ResourceManager.cpp:1119] Importing Basis files as BC7 for 82sE5b5pLXE.glb
W0919 02:19:32.961736 1676466 Simulator.cpp:248] :
---
 The active scene does not contain semantic annotations. 
---
I0919 02:19:32.998358 1676466 simulator.py:213] Loaded navmesh /mnt/data_nas/deeprobotics/daiyang/vla/third_party/ETP-R1/data/scene_datasets/mp3d/82sE5b5pLXE/82sE5b5pLXE.navmesh
I0919 02:20:34.270088 1676466 PhysicsManager.cpp:33] Deconstructing PhysicsManager
I0919 02:20:34.270129 1676466 SemanticScene.h:41] Deconstructing SemanticScene
I0919 02:20:34.271564 1676466 SceneManager.h:25] Deconstructing SceneManager
I0919 02:20:34.271572 1676466 SceneGraph.h:26] Deconstructing SceneGraph
I0919 02:20:34.271807 1676466 Sensor.h:87] Deconstructing Sensor
I0919 02:20:34.274801 1676466 Renderer.cpp:34] Deconstructing Renderer
I0919 02:20:34.274821 1676466 WindowlessContext.h:17] Deconstructing WindowlessContext
I0919 02:20:34.279584 1676466 ManagedContainerBase.cpp:19] ManagedContainerBase::convertFilenameToJSON : Filename : default changed to proposed JSON configuration filename : default.scene_dataset_config.json
I0919 02:20:34.279599 1676466 AttributesManagerBase.h:283] AttributesManager<T>::createFromJsonOrDefaultInternal  (Dataset) : Proposing JSON name : default.scene_dataset_config.json from original name : default | This file  does not exist.
I0919 02:20:34.280280 1676466 AssetAttributesManager.cpp:117] Asset attributes (capsule3DSolid : capsule3DSolid_hemiRings_4_cylRings_1_segments_12_halfLen_0.75_useTexCoords_false_useTangents_false) created and registered.
I0919 02:20:34.280308 1676466 AssetAttributesManager.cpp:117] Asset attributes (capsule3DWireframe : capsule3DWireframe_hemiRings_8_cylRings_1_segments_16_halfLen_1) created and registered.
I0919 02:20:34.280330 1676466 AssetAttributesManager.cpp:117] Asset attributes (coneSolid : coneSolid_segments_12_halfLen_1.25_rings_1_useTexCoords_false_useTangents_false_capEnd_true) created and registered.
I0919 02:20:34.280345 1676466 AssetAttributesManager.cpp:117] Asset attributes (coneWireframe : coneWireframe_segments_32_halfLen_1.25) created and registered.
I0919 02:20:34.280354 1676466 AssetAttributesManager.cpp:117] Asset attributes (cubeSolid : cubeSolid) created and registered.
I0919 02:20:34.280360 1676466 AssetAttributesManager.cpp:117] Asset attributes (cubeWireframe : cubeWireframe) created and registered.
I0919 02:20:34.280385 1676466 AssetAttributesManager.cpp:117] Asset attributes (cylinderSolid : cylinderSolid_rings_1_segments_12_halfLen_1_useTexCoords_false_useTangents_false_capEnds_true) created and registered.
I0919 02:20:34.280402 1676466 AssetAttributesManager.cpp:117] Asset attributes (cylinderWireframe : cylinderWireframe_rings_1_segments_32_halfLen_1) created and registered.
I0919 02:20:34.280413 1676466 AssetAttributesManager.cpp:117] Asset attributes (icosphereSolid : icosphereSolid_subdivs_1) created and registered.
I0919 02:20:34.280421 1676466 AssetAttributesManager.cpp:117] Asset attributes (icosphereWireframe : icosphereWireframe_subdivs_1) created and registered.
I0919 02:20:34.280434 1676466 AssetAttributesManager.cpp:117] Asset attributes (uvSphereSolid : uvSphereSolid_rings_8_segments_16_useTexCoords_false_useTangents_false) created and registered.
I0919 02:20:34.280447 1676466 AssetAttributesManager.cpp:117] Asset attributes (uvSphereWireframe : uvSphereWireframe_rings_16_segments_32) created and registered.
I0919 02:20:34.280453 1676466 AssetAttributesManager.cpp:105] AssetAttributesManager::buildCtorFuncPtrMaps : Built default primitive asset templates : 12
I0919 02:20:34.280849 1676466 SceneDatasetAttributesManager.cpp:23] File (default) not found, so new default dataset attributes created and registered.
I0919 02:20:34.280851 1676466 MetadataMediator.cpp:47] MetadataMediator::createDataset : Dataset default successfully created.
I0919 02:20:34.281044 1676466 AttributesManagerBase.h:283] AttributesManager<T>::createFromJsonOrDefaultInternal  (Physics Manager) : Proposing JSON name : ./data/default.physics_config.json from original name : ./data/default.physics_config.json | This file  does not exist.
I0919 02:20:34.281055 1676466 PhysicsAttributesManager.cpp:27] File (./data/default.physics_config.json) not found, so new default physics manager attributes created and registered.
I0919 02:20:34.281059 1676466 AbstractObjectAttributesManagerBase.h:175] AbstractObjectAttributesManager<T>::createObject  (Stage) : Making attributes with handle : /mnt/data_nas/deeprobotics/daiyang/vla/third_party/ETP-R1/data/scene_datasets/mp3d/B6ByNegPMKs/B6ByNegPMKs.glb
I0919 02:20:34.281064 1676466 ManagedContainerBase.cpp:19] ManagedContainerBase::convertFilenameToJSON : Filename : /mnt/data_nas/deeprobotics/daiyang/vla/third_party/ETP-R1/data/scene_datasets/mp3d/B6ByNegPMKs/B6ByNegPMKs.glb changed to proposed JSON configuration filename : /mnt/data_nas/deeprobotics/daiyang/vla/third_party/ETP-R1/data/scene_datasets/mp3d/B6ByNegPMKs/B6ByNegPMKs.stage_config.json
I0919 02:20:34.281075 1676466 AttributesManagerBase.h:283] AttributesManager<T>::createFromJsonOrDefaultInternal  (Stage) : Proposing JSON name : /mnt/data_nas/deeprobotics/daiyang/vla/third_party/ETP-R1/data/scene_datasets/mp3d/B6ByNegPMKs/B6ByNegPMKs.stage_config.json from original name : /mnt/data_nas/deeprobotics/daiyang/vla/third_party/ETP-R1/data/scene_datasets/mp3d/B6ByNegPMKs/B6ByNegPMKs.glb | This file  does not exist.
I0919 02:20:34.281121 1676466 AbstractObjectAttributesManagerBase.h:181] AbstractObjectAttributesManager<T>::createObject  (Stage) : Done making attributes with handle : /mnt/data_nas/deeprobotics/daiyang/vla/third_party/ETP-R1/data/scene_datasets/mp3d/B6ByNegPMKs/B6ByNegPMKs.glb
I0919 02:20:34.281121 1676466 AbstractObjectAttributesManagerBase.h:188] File (/mnt/data_nas/deeprobotics/daiyang/vla/third_party/ETP-R1/data/scene_datasets/mp3d/B6ByNegPMKs/B6ByNegPMKs.glb) exists but is not a recognized config filename extension, so new default Stage attributes created and registered.
I0919 02:20:34.281126 1676466 Simulator.cpp:156] Loading navmesh from /mnt/data_nas/deeprobotics/daiyang/vla/third_party/ETP-R1/data/scene_datasets/mp3d/B6ByNegPMKs/B6ByNegPMKs.navmesh
I0919 02:20:34.282361 1676466 Simulator.cpp:158] Loaded.
I0919 02:20:34.282370 1676466 SceneGraph.h:93] Created DrawableGroup: 
Renderer: NVIDIA GeForce RTX 5090/PCIe/SSE2 by NVIDIA Corporation
OpenGL version: 4.6.0 NVIDIA 580.126.09
Using optional features:
    GL_ARB_ES2_compatibility
    GL_ARB_direct_state_access
    GL_ARB_get_texture_sub_image
    GL_ARB_invalidate_subdata
    GL_ARB_multi_bind
    GL_ARB_robustness
    GL_ARB_separate_shader_objects
    GL_ARB_texture_filter_anisotropic
    GL_ARB_texture_storage
    GL_ARB_texture_storage_multisample
    GL_ARB_vertex_array_object
    GL_KHR_debug
Using driver workarounds:
    no-forward-compatible-core-context
    nv-egl-incorrect-gl11-function-pointers
    no-layout-qualifiers-on-old-glsl
    nv-zero-context-profile-mask
    nv-implementation-color-read-format-dsa-broken
    nv-cubemap-inconsistent-compressed-image-size
    nv-cubemap-broken-full-compressed-image-query
    nv-compressed-block-size-in-bits
I0919 02:20:34.286464 1676466 ResourceManager.cpp:234] ResourceManager::loadStage : Not loading semantic mesh
I0919 02:20:34.286473 1676466 ResourceManager.cpp:262] ResourceManager::loadStage : start load render asset /mnt/data_nas/deeprobotics/daiyang/vla/third_party/ETP-R1/data/scene_datasets/mp3d/B6ByNegPMKs/B6ByNegPMKs.glb.
I0919 02:20:34.286475 1676466 ResourceManager.cpp:569] ResourceManager::loadStageInternal : Attempting to load stage /mnt/data_nas/deeprobotics/daiyang/vla/third_party/ETP-R1/data/scene_datasets/mp3d/B6ByNegPMKs/B6ByNegPMKs.glb 
I0919 02:20:34.286494 1676466 ResourceManager.cpp:1119] Importing Basis files as BC7 for B6ByNegPMKs.glb
W0919 02:20:43.749344 1676466 Simulator.cpp:248] :
---
 The active scene does not contain semantic annotations. 
---
I0919 02:20:43.944810 1676466 simulator.py:213] Loaded navmesh /mnt/data_nas/deeprobotics/daiyang/vla/third_party/ETP-R1/data/scene_datasets/mp3d/B6ByNegPMKs/B6ByNegPMKs.navmesh
I0919 02:21:55.648803 1676466 PhysicsManager.cpp:33] Deconstructing PhysicsManager
I0919 02:21:55.648845 1676466 SemanticScene.h:41] Deconstructing SemanticScene
I0919 02:21:55.663880 1676466 SceneManager.h:25] Deconstructing SceneManager
I0919 02:21:55.663895 1676466 SceneGraph.h:26] Deconstructing SceneGraph
I0919 02:21:55.664381 1676466 Sensor.h:87] Deconstructing Sensor
I0919 02:21:55.679520 1676466 Renderer.cpp:34] Deconstructing Renderer
I0919 02:21:55.679550 1676466 WindowlessContext.h:17] Deconstructing WindowlessContext
I0919 02:21:55.695298 1676466 ManagedContainerBase.cpp:19] ManagedContainerBase::convertFilenameToJSON : Filename : default changed to proposed JSON configuration filename : default.scene_dataset_config.json
I0919 02:21:55.695317 1676466 AttributesManagerBase.h:283] AttributesManager<T>::createFromJsonOrDefaultInternal  (Dataset) : Proposing JSON name : default.scene_dataset_config.json from original name : default | This file  does not exist.
I0919 02:21:55.695585 1676466 AssetAttributesManager.cpp:117] Asset attributes (capsule3DSolid : capsule3DSolid_hemiRings_4_cylRings_1_segments_12_halfLen_0.75_useTexCoords_false_useTangents_false) created and registered.
I0919 02:21:55.695613 1676466 AssetAttributesManager.cpp:117] Asset attributes (capsule3DWireframe : capsule3DWireframe_hemiRings_8_cylRings_1_segments_16_halfLen_1) created and registered.
I0919 02:21:55.695636 1676466 AssetAttributesManager.cpp:117] Asset attributes (coneSolid : coneSolid_segments_12_halfLen_1.25_rings_1_useTexCoords_false_useTangents_false_capEnd_true) created and registered.
I0919 02:21:55.695652 1676466 AssetAttributesManager.cpp:117] Asset attributes (coneWireframe : coneWireframe_segments_32_halfLen_1.25) created and registered.
I0919 02:21:55.695660 1676466 AssetAttributesManager.cpp:117] Asset attributes (cubeSolid : cubeSolid) created and registered.
I0919 02:21:55.695667 1676466 AssetAttributesManager.cpp:117] Asset attributes (cubeWireframe : cubeWireframe) created and registered.
I0919 02:21:55.695685 1676466 AssetAttributesManager.cpp:117] Asset attributes (cylinderSolid : cylinderSolid_rings_1_segments_12_halfLen_1_useTexCoords_false_useTangents_false_capEnds_true) created and registered.
I0919 02:21:55.695701 1676466 AssetAttributesManager.cpp:117] Asset attributes (cylinderWireframe : cylinderWireframe_rings_1_segments_32_halfLen_1) created and registered.
I0919 02:21:55.695719 1676466 AssetAttributesManager.cpp:117] Asset attributes (icosphereSolid : icosphereSolid_subdivs_1) created and registered.
I0919 02:21:55.695729 1676466 AssetAttributesManager.cpp:117] Asset attributes (icosphereWireframe : icosphereWireframe_subdivs_1) created and registered.
I0919 02:21:55.695742 1676466 AssetAttributesManager.cpp:117] Asset attributes (uvSphereSolid : uvSphereSolid_rings_8_segments_16_useTexCoords_false_useTangents_false) created and registered.
I0919 02:21:55.695755 1676466 AssetAttributesManager.cpp:117] Asset attributes (uvSphereWireframe : uvSphereWireframe_rings_16_segments_32) created and registered.
I0919 02:21:55.695762 1676466 AssetAttributesManager.cpp:105] AssetAttributesManager::buildCtorFuncPtrMaps : Built default primitive asset templates : 12
I0919 02:21:55.696175 1676466 SceneDatasetAttributesManager.cpp:23] File (default) not found, so new default dataset attributes created and registered.
I0919 02:21:55.696178 1676466 MetadataMediator.cpp:47] MetadataMediator::createDataset : Dataset default successfully created.
I0919 02:21:55.696391 1676466 AttributesManagerBase.h:283] AttributesManager<T>::createFromJsonOrDefaultInternal  (Physics Manager) : Proposing JSON name : ./data/default.physics_config.json from original name : ./data/default.physics_config.json | This file  does not exist.
I0919 02:21:55.696404 1676466 PhysicsAttributesManager.cpp:27] File (./data/default.physics_config.json) not found, so new default physics manager attributes created and registered.
I0919 02:21:55.696408 1676466 AbstractObjectAttributesManagerBase.h:175] AbstractObjectAttributesManager<T>::createObject  (Stage) : Making attributes with handle : /mnt/data_nas/deeprobotics/daiyang/vla/third_party/ETP-R1/data/scene_datasets/mp3d/aayBHfsNo7d/aayBHfsNo7d.glb
I0919 02:21:55.696412 1676466 ManagedContainerBase.cpp:19] ManagedContainerBase::convertFilenameToJSON : Filename : /mnt/data_nas/deeprobotics/daiyang/vla/third_party/ETP-R1/data/scene_datasets/mp3d/aayBHfsNo7d/aayBHfsNo7d.glb changed to proposed JSON configuration filename : /mnt/data_nas/deeprobotics/daiyang/vla/third_party/ETP-R1/data/scene_datasets/mp3d/aayBHfsNo7d/aayBHfsNo7d.stage_config.json
I0919 02:21:55.696424 1676466 AttributesManagerBase.h:283] AttributesManager<T>::createFromJsonOrDefaultInternal  (Stage) : Proposing JSON name : /mnt/data_nas/deeprobotics/daiyang/vla/third_party/ETP-R1/data/scene_datasets/mp3d/aayBHfsNo7d/aayBHfsNo7d.stage_config.json from original name : /mnt/data_nas/deeprobotics/daiyang/vla/third_party/ETP-R1/data/scene_datasets/mp3d/aayBHfsNo7d/aayBHfsNo7d.glb | This file  does not exist.
I0919 02:21:55.696475 1676466 AbstractObjectAttributesManagerBase.h:181] AbstractObjectAttributesManager<T>::createObject  (Stage) : Done making attributes with handle : /mnt/data_nas/deeprobotics/daiyang/vla/third_party/ETP-R1/data/scene_datasets/mp3d/aayBHfsNo7d/aayBHfsNo7d.glb
I0919 02:21:55.696476 1676466 AbstractObjectAttributesManagerBase.h:188] File (/mnt/data_nas/deeprobotics/daiyang/vla/third_party/ETP-R1/data/scene_datasets/mp3d/aayBHfsNo7d/aayBHfsNo7d.glb) exists but is not a recognized config filename extension, so new default Stage attributes created and registered.
I0919 02:21:55.696481 1676466 Simulator.cpp:156] Loading navmesh from /mnt/data_nas/deeprobotics/daiyang/vla/third_party/ETP-R1/data/scene_datasets/mp3d/aayBHfsNo7d/aayBHfsNo7d.navmesh
I0919 02:21:55.697220 1676466 Simulator.cpp:158] Loaded.
I0919 02:21:55.697229 1676466 SceneGraph.h:93] Created DrawableGroup: 
Renderer: NVIDIA GeForce RTX 5090/PCIe/SSE2 by NVIDIA Corporation
OpenGL version: 4.6.0 NVIDIA 580.126.09
Using optional features:
    GL_ARB_ES2_compatibility
    GL_ARB_direct_state_access
    GL_ARB_get_texture_sub_image
    GL_ARB_invalidate_subdata
    GL_ARB_multi_bind
    GL_ARB_robustness
    GL_ARB_separate_shader_objects
    GL_ARB_texture_filter_anisotropic
    GL_ARB_texture_storage
    GL_ARB_texture_storage_multisample
    GL_ARB_vertex_array_object
    GL_KHR_debug
Using driver workarounds:
    no-forward-compatible-core-context
    nv-egl-incorrect-gl11-function-pointers
    no-layout-qualifiers-on-old-glsl
    nv-zero-context-profile-mask
    nv-implementation-color-read-format-dsa-broken
    nv-cubemap-inconsistent-compressed-image-size
    nv-cubemap-broken-full-compressed-image-query
    nv-compressed-block-size-in-bits
I0919 02:21:55.702641 1676466 ResourceManager.cpp:234] ResourceManager::loadStage : Not loading semantic mesh
I0919 02:21:55.702652 1676466 ResourceManager.cpp:262] ResourceManager::loadStage : start load render asset /mnt/data_nas/deeprobotics/daiyang/vla/third_party/ETP-R1/data/scene_datasets/mp3d/aayBHfsNo7d/aayBHfsNo7d.glb.
I0919 02:21:55.702654 1676466 ResourceManager.cpp:569] ResourceManager::loadStageInternal : Attempting to load stage /mnt/data_nas/deeprobotics/daiyang/vla/third_party/ETP-R1/data/scene_datasets/mp3d/aayBHfsNo7d/aayBHfsNo7d.glb 
I0919 02:21:55.702677 1676466 ResourceManager.cpp:1119] Importing Basis files as BC7 for aayBHfsNo7d.glb
W0919 02:21:57.310603 1676466 Simulator.cpp:248] :
---
 The active scene does not contain semantic annotations. 
---
I0919 02:21:57.352316 1676466 simulator.py:213] Loaded navmesh /mnt/data_nas/deeprobotics/daiyang/vla/third_party/ETP-R1/data/scene_datasets/mp3d/aayBHfsNo7d/aayBHfsNo7d.navmesh
I0919 02:22:33.901463 1676466 PhysicsManager.cpp:33] Deconstructing PhysicsManager
I0919 02:22:33.901500 1676466 SemanticScene.h:41] Deconstructing SemanticScene
I0919 02:22:33.903755 1676466 SceneManager.h:25] Deconstructing SceneManager
I0919 02:22:33.903764 1676466 SceneGraph.h:26] Deconstructing SceneGraph
I0919 02:22:33.903983 1676466 Sensor.h:87] Deconstructing Sensor
I0919 02:22:33.906332 1676466 Renderer.cpp:34] Deconstructing Renderer
I0919 02:22:33.906353 1676466 WindowlessContext.h:17] Deconstructing WindowlessContext
