arm,available,collisions,condition,cost,decisions,endpoint,exhausted,family_id,history_id,house,legacy_label,model,parent_family_id,path,planned,premature_stop,rank,ready_at_stop,seed,status,stopped,stratum,task_id
ORIGINAL,True,0,0,0.092,46,main,False,ABSENT_11fc5516ee9f2eb6c439,seen,2azQ1b91cZZ,PASS,ORIGINAL_1209,IDENT_cf89bb44251a5e92b71b,research/continuation_memory_v1/evidence_state_policy_v1/event_action_preservation_v1/runs/preserve_001/evaluate/session_gpu0_001/rollouts/0000,True,False,0,True,1209,PASS,True,terminal_absent,task_A
REPAIR,True,0,0,0.092,46,main,False,ABSENT_11fc5516ee9f2eb6c439,seen,2azQ1b91cZZ,PASS,REPAIR_1209,IDENT_cf89bb44251a5e92b71b,research/continuation_memory_v1/evidence_state_policy_v1/event_action_preservation_v1/runs/preserve_001/evaluate/session_gpu0_001/rollouts/0001,True,False,1,True,1209,PASS,True,terminal_absent,task_A
ORIGINAL,True,0,0,1.0,121,main,False,ABSENT_11fc5516ee9f2eb6c439,seen,2azQ1b91cZZ,FAIL,ORIGINAL_1210,IDENT_cf89bb44251a5e92b71b,research/continuation_memory_v1/evidence_state_policy_v1/event_action_preservation_v1/runs/preserve_001/evaluate/session_gpu0_001/rollouts/0002,True,True,2,False,1210,FAIL,True,terminal_absent,task_A
REPAIR,True,0,0,1.0,121,main,False,ABSENT_11fc5516ee9f2eb6c439,seen,2azQ1b91cZZ,FAIL,REPAIR_1210,IDENT_cf89bb44251a5e92b71b,research/continuation_memory_v1/evidence_state_policy_v1/event_action_preservation_v1/runs/preserve_001/evaluate/session_gpu0_001/rollouts/0003,True,True,3,False,1210,FAIL,True,terminal_absent,task_A
ORIGINAL,True,0,0,1.0,123,main,False,ABSENT_11fc5516ee9f2eb6c439,seen,2azQ1b91cZZ,FAIL,ORIGINAL_1211,IDENT_cf89bb44251a5e92b71b,research/continuation_memory_v1/evidence_state_policy_v1/event_action_preservation_v1/runs/preserve_001/evaluate/session_gpu0_001/rollouts/0004,True,True,4,False,1211,FAIL,True,terminal_absent,task_A
REPAIR,True,0,0,1.0,121,main,False,ABSENT_11fc5516ee9f2eb6c439,seen,2azQ1b91cZZ,FAIL,REPAIR_1211,IDENT_cf89bb44251a5e92b71b,research/continuation_memory_v1/evidence_state_policy_v1/event_action_preservation_v1/runs/preserve_001/evaluate/session_gpu0_001/rollouts/0005,True,True,5,False,1211,FAIL,True,terminal_absent,task_A
REPAIR,True,0,1,0.084,42,control,False,ABSENT_11fc5516ee9f2eb6c439,seen,2azQ1b91cZZ,PASS,REPAIR_1209,IDENT_cf89bb44251a5e92b71b,research/continuation_memory_v1/evidence_state_policy_v1/event_action_preservation_v1/runs/preserve_001/evaluate/session_gpu1_001/rollouts/0006,True,False,6,True,1209,PASS,True,terminal_absent,task_T
ORIGINAL,True,0,1,1.0,71,control,False,ABSENT_11fc5516ee9f2eb6c439,seen,2azQ1b91cZZ,FAIL,ORIGINAL_1210,IDENT_cf89bb44251a5e92b71b,research/continuation_memory_v1/evidence_state_policy_v1/event_action_preservation_v1/runs/preserve_001/evaluate/session_gpu1_001/rollouts/0007,True,True,7,False,1210,FAIL,True,terminal_absent,task_T
REPAIR,True,0,1,1.0,71,control,False,ABSENT_11fc5516ee9f2eb6c439,seen,2azQ1b91cZZ,FAIL,REPAIR_1210,IDENT_cf89bb44251a5e92b71b,research/continuation_memory_v1/evidence_state_policy_v1/event_action_preservation_v1/runs/preserve_001/evaluate/session_gpu1_001/rollouts/0008,True,True,8,False,1210,FAIL,True,terminal_absent,task_T
ORIGINAL,True,0,1,1.0,65,control,False,ABSENT_11fc5516ee9f2eb6c439,seen,2azQ1b91cZZ,FAIL,ORIGINAL_1211,IDENT_cf89bb44251a5e92b71b,research/continuation_memory_v1/evidence_state_policy_v1/event_action_preservation_v1/runs/preserve_001/evaluate/session_gpu1_001/rollouts/0009,True,True,9,False,1211,FAIL,True,terminal_absent,task_T
REPAIR,True,0,1,1.0,65,control,False,ABSENT_11fc5516ee9f2eb6c439,seen,2azQ1b91cZZ,FAIL,REPAIR_1211,IDENT_cf89bb44251a5e92b71b,research/continuation_memory_v1/evidence_state_policy_v1/event_action_preservation_v1/runs/preserve_001/evaluate/session_gpu1_001/rollouts/0010,True,True,10,False,1211,FAIL,True,terminal_absent,task_T
ORIGINAL,True,0,1,0.084,42,control,False,ABSENT_11fc5516ee9f2eb6c439,seen,2azQ1b91cZZ,PASS,ORIGINAL_1209,IDENT_cf89bb44251a5e92b71b,research/continuation_memory_v1/evidence_state_policy_v1/event_action_preservation_v1/runs/preserve_001/evaluate/session_gpu1_001/rollouts/0011,True,False,11,True,1209,PASS,True,terminal_absent,task_T
ORIGINAL,True,0,2,1.0,119,main,False,ABSENT_11fc5516ee9f2eb6c439,seen_sham,2azQ1b91cZZ,FAIL,ORIGINAL_1210,IDENT_cf89bb44251a5e92b71b,research/continuation_memory_v1/evidence_state_policy_v1/event_action_preservation_v1/runs/preserve_001/evaluate/session_gpu2_001/rollouts/0012,True,True,12,False,1210,FAIL,True,terminal_absent,task_A
REPAIR,True,0,2,1.0,119,main,False,ABSENT_11fc5516ee9f2eb6c439,seen_sham,2azQ1b91cZZ,FAIL,REPAIR_1210,IDENT_cf89bb44251a5e92b71b,research/continuation_memory_v1/evidence_state_policy_v1/event_action_preservation_v1/runs/preserve_001/evaluate/session_gpu2_001/rollouts/0013,True,True,13,False,1210,FAIL,True,terminal_absent,task_A
ORIGINAL,True,0,2,1.0,123,main,False,ABSENT_11fc5516ee9f2eb6c439,seen_sham,2azQ1b91cZZ,FAIL,ORIGINAL_1211,IDENT_cf89bb44251a5e92b71b,research/continuation_memory_v1/evidence_state_policy_v1/event_action_preservation_v1/runs/preserve_001/evaluate/session_gpu2_001/rollouts/0014,True,True,14,False,1211,FAIL,True,terminal_absent,task_A
REPAIR,True,0,2,1.0,123,main,False,ABSENT_11fc5516ee9f2eb6c439,seen_sham,2azQ1b91cZZ,FAIL,REPAIR_1211,IDENT_cf89bb44251a5e92b71b,research/continuation_memory_v1/evidence_state_policy_v1/event_action_preservation_v1/runs/preserve_001/evaluate/session_gpu2_001/rollouts/0015,True,True,15,False,1211,FAIL,True,terminal_absent,task_A
ORIGINAL,True,0,2,0.092,46,main,False,ABSENT_11fc5516ee9f2eb6c439,seen_sham,2azQ1b91cZZ,PASS,ORIGINAL_1209,IDENT_cf89bb44251a5e92b71b,research/continuation_memory_v1/evidence_state_policy_v1/event_action_preservation_v1/runs/preserve_001/evaluate/session_gpu2_001/rollouts/0016,True,False,16,True,1209,PASS,True,terminal_absent,task_A
REPAIR,True,0,2,0.092,46,main,False,ABSENT_11fc5516ee9f2eb6c439,seen_sham,2azQ1b91cZZ,PASS,REPAIR_1209,IDENT_cf89bb44251a5e92b71b,research/continuation_memory_v1/evidence_state_policy_v1/event_action_preservation_v1/runs/preserve_001/evaluate/session_gpu2_001/rollouts/0017,True,False,17,True,1209,PASS,True,terminal_absent,task_A
REPAIR,True,0,3,0.124,62,control,False,ABSENT_11fc5516ee9f2eb6c439,seen_sham,2azQ1b91cZZ,PASS,REPAIR_1210,IDENT_cf89bb44251a5e92b71b,research/continuation_memory_v1/evidence_state_policy_v1/event_action_preservation_v1/runs/preserve_001/evaluate/session_gpu3_001/rollouts/0018,True,False,18,True,1210,PASS,True,terminal_absent,task_T
ORIGINAL,True,0,3,1.0,65,control,False,ABSENT_11fc5516ee9f2eb6c439,seen_sham,2azQ1b91cZZ,FAIL,ORIGINAL_1211,IDENT_cf89bb44251a5e92b71b,research/continuation_memory_v1/evidence_state_policy_v1/event_action_preservation_v1/runs/preserve_001/evaluate/session_gpu3_001/rollouts/0019,True,True,19,False,1211,FAIL,True,terminal_absent,task_T
REPAIR,True,0,3,1.0,65,control,False,ABSENT_11fc5516ee9f2eb6c439,seen_sham,2azQ1b91cZZ,FAIL,REPAIR_1211,IDENT_cf89bb44251a5e92b71b,research/continuation_memory_v1/evidence_state_policy_v1/event_action_preservation_v1/runs/preserve_001/evaluate/session_gpu3_001/rollouts/0020,True,True,20,False,1211,FAIL,True,terminal_absent,task_T
ORIGINAL,True,0,3,0.084,42,control,False,ABSENT_11fc5516ee9f2eb6c439,seen_sham,2azQ1b91cZZ,PASS,ORIGINAL_1209,IDENT_cf89bb44251a5e92b71b,research/continuation_memory_v1/evidence_state_policy_v1/event_action_preservation_v1/runs/preserve_001/evaluate/session_gpu3_001/rollouts/0021,True,False,21,True,1209,PASS,True,terminal_absent,task_T
REPAIR,True,0,3,0.084,42,control,False,ABSENT_11fc5516ee9f2eb6c439,seen_sham,2azQ1b91cZZ,PASS,REPAIR_1209,IDENT_cf89bb44251a5e92b71b,research/continuation_memory_v1/evidence_state_policy_v1/event_action_preservation_v1/runs/preserve_001/evaluate/session_gpu3_001/rollouts/0022,True,False,22,True,1209,PASS,True,terminal_absent,task_T
ORIGINAL,True,0,3,0.124,62,control,False,ABSENT_11fc5516ee9f2eb6c439,seen_sham,2azQ1b91cZZ,PASS,ORIGINAL_1210,IDENT_cf89bb44251a5e92b71b,research/continuation_memory_v1/evidence_state_policy_v1/event_action_preservation_v1/runs/preserve_001/evaluate/session_gpu3_001/rollouts/0023,True,False,23,True,1210,PASS,True,terminal_absent,task_T
ORIGINAL,True,0,4,1.0,500,main,True,ABSENT_11fc5516ee9f2eb6c439,missing,2azQ1b91cZZ,FAIL,ORIGINAL_1211,IDENT_cf89bb44251a5e92b71b,research/continuation_memory_v1/evidence_state_policy_v1/event_action_preservation_v1/runs/preserve_001/evaluate/session_gpu4_001/rollouts/0024,True,False,24,False,1211,FAIL,False,terminal_absent,task_A
REPAIR,True,0,4,1.0,158,main,False,ABSENT_11fc5516ee9f2eb6c439,missing,2azQ1b91cZZ,FAIL,REPAIR_1211,IDENT_cf89bb44251a5e92b71b,research/continuation_memory_v1/evidence_state_policy_v1/event_action_preservation_v1/runs/preserve_001/evaluate/session_gpu4_001/rollouts/0025,True,True,25,False,1211,FAIL,True,terminal_absent,task_A
ORIGINAL,True,0,4,1.0,46,main,False,ABSENT_11fc5516ee9f2eb6c439,missing,2azQ1b91cZZ,FAIL,ORIGINAL_1209,IDENT_cf89bb44251a5e92b71b,research/continuation_memory_v1/evidence_state_policy_v1/event_action_preservation_v1/runs/preserve_001/evaluate/session_gpu4_001/rollouts/0026,True,True,26,False,1209,FAIL,True,terminal_absent,task_A
REPAIR,True,0,4,1.0,46,main,False,ABSENT_11fc5516ee9f2eb6c439,missing,2azQ1b91cZZ,FAIL,REPAIR_1209,IDENT_cf89bb44251a5e92b71b,research/continuation_memory_v1/evidence_state_policy_v1/event_action_preservation_v1/runs/preserve_001/evaluate/session_gpu4_001/rollouts/0027,True,True,27,False,1209,FAIL,True,terminal_absent,task_A
ORIGINAL,True,0,4,1.0,123,main,False,ABSENT_11fc5516ee9f2eb6c439,missing,2azQ1b91cZZ,FAIL,ORIGINAL_1210,IDENT_cf89bb44251a5e92b71b,research/continuation_memory_v1/evidence_state_policy_v1/event_action_preservation_v1/runs/preserve_001/evaluate/session_gpu4_001/rollouts/0028,True,True,28,False,1210,FAIL,True,terminal_absent,task_A
REPAIR,True,0,4,1.0,123,main,False,ABSENT_11fc5516ee9f2eb6c439,missing,2azQ1b91cZZ,FAIL,REPAIR_1210,IDENT_cf89bb44251a5e92b71b,research/continuation_memory_v1/evidence_state_policy_v1/event_action_preservation_v1/runs/preserve_001/evaluate/session_gpu4_001/rollouts/0029,True,True,29,False,1210,FAIL,True,terminal_absent,task_A
REPAIR,True,0,5,1.0,86,control,False,ABSENT_11fc5516ee9f2eb6c439,missing,2azQ1b91cZZ,FAIL,REPAIR_1211,IDENT_cf89bb44251a5e92b71b,research/continuation_memory_v1/evidence_state_policy_v1/event_action_preservation_v1/runs/preserve_001/evaluate/session_gpu5_001/rollouts/0030,True,True,30,False,1211,FAIL,True,terminal_absent,task_T
ORIGINAL,True,0,5,0.112,56,control,False,ABSENT_11fc5516ee9f2eb6c439,missing,2azQ1b91cZZ,PASS,ORIGINAL_1209,IDENT_cf89bb44251a5e92b71b,research/continuation_memory_v1/evidence_state_policy_v1/event_action_preservation_v1/runs/preserve_001/evaluate/session_gpu5_001/rollouts/0031,True,False,31,True,1209,PASS,True,terminal_absent,task_T
REPAIR,True,0,5,0.112,56,control,False,ABSENT_11fc5516ee9f2eb6c439,missing,2azQ1b91cZZ,PASS,REPAIR_1209,IDENT_cf89bb44251a5e92b71b,research/continuation_memory_v1/evidence_state_policy_v1/event_action_preservation_v1/runs/preserve_001/evaluate/session_gpu5_001/rollouts/0032,True,False,32,True,1209,PASS,True,terminal_absent,task_T
ORIGINAL,True,0,5,1.0,71,control,False,ABSENT_11fc5516ee9f2eb6c439,missing,2azQ1b91cZZ,FAIL,ORIGINAL_1210,IDENT_cf89bb44251a5e92b71b,research/continuation_memory_v1/evidence_state_policy_v1/event_action_preservation_v1/runs/preserve_001/evaluate/session_gpu5_001/rollouts/0033,True,True,33,False,1210,FAIL,True,terminal_absent,task_T
REPAIR,True,0,5,1.0,71,control,False,ABSENT_11fc5516ee9f2eb6c439,missing,2azQ1b91cZZ,FAIL,REPAIR_1210,IDENT_cf89bb44251a5e92b71b,research/continuation_memory_v1/evidence_state_policy_v1/event_action_preservation_v1/runs/preserve_001/evaluate/session_gpu5_001/rollouts/0034,True,True,34,False,1210,FAIL,True,terminal_absent,task_T
ORIGINAL,True,0,5,1.0,86,control,False,ABSENT_11fc5516ee9f2eb6c439,missing,2azQ1b91cZZ,FAIL,ORIGINAL_1211,IDENT_cf89bb44251a5e92b71b,research/continuation_memory_v1/evidence_state_policy_v1/event_action_preservation_v1/runs/preserve_001/evaluate/session_gpu5_001/rollouts/0035,True,True,35,False,1211,FAIL,True,terminal_absent,task_T
ORIGINAL,True,0,6,1.0,46,main,False,ABSENT_11fc5516ee9f2eb6c439,missing_sham,2azQ1b91cZZ,FAIL,ORIGINAL_1209,IDENT_cf89bb44251a5e92b71b,research/continuation_memory_v1/evidence_state_policy_v1/event_action_preservation_v1/runs/preserve_001/evaluate/session_gpu6_001/rollouts/0036,True,True,36,False,1209,FAIL,True,terminal_absent,task_A
REPAIR,True,0,6,1.0,46,main,False,ABSENT_11fc5516ee9f2eb6c439,missing_sham,2azQ1b91cZZ,FAIL,REPAIR_1209,IDENT_cf89bb44251a5e92b71b,research/continuation_memory_v1/evidence_state_policy_v1/event_action_preservation_v1/runs/preserve_001/evaluate/session_gpu6_001/rollouts/0037,True,True,37,False,1209,FAIL,True,terminal_absent,task_A
ORIGINAL,True,0,6,1.0,123,main,False,ABSENT_11fc5516ee9f2eb6c439,missing_sham,2azQ1b91cZZ,FAIL,ORIGINAL_1210,IDENT_cf89bb44251a5e92b71b,research/continuation_memory_v1/evidence_state_policy_v1/event_action_preservation_v1/runs/preserve_001/evaluate/session_gpu6_001/rollouts/0038,True,True,38,False,1210,FAIL,True,terminal_absent,task_A
REPAIR,True,0,6,1.0,123,main,False,ABSENT_11fc5516ee9f2eb6c439,missing_sham,2azQ1b91cZZ,FAIL,REPAIR_1210,IDENT_cf89bb44251a5e92b71b,research/continuation_memory_v1/evidence_state_policy_v1/event_action_preservation_v1/runs/preserve_001/evaluate/session_gpu6_001/rollouts/0039,True,True,39,False,1210,FAIL,True,terminal_absent,task_A
ORIGINAL,True,0,6,1.0,500,main,True,ABSENT_11fc5516ee9f2eb6c439,missing_sham,2azQ1b91cZZ,FAIL,ORIGINAL_1211,IDENT_cf89bb44251a5e92b71b,research/continuation_memory_v1/evidence_state_policy_v1/event_action_preservation_v1/runs/preserve_001/evaluate/session_gpu6_001/rollouts/0040,True,False,40,False,1211,FAIL,False,terminal_absent,task_A
REPAIR,True,0,6,1.0,158,main,False,ABSENT_11fc5516ee9f2eb6c439,missing_sham,2azQ1b91cZZ,FAIL,REPAIR_1211,IDENT_cf89bb44251a5e92b71b,research/continuation_memory_v1/evidence_state_policy_v1/event_action_preservation_v1/runs/preserve_001/evaluate/session_gpu6_001/rollouts/0041,True,True,41,False,1211,FAIL,True,terminal_absent,task_A
REPAIR,True,0,7,0.112,56,control,False,ABSENT_11fc5516ee9f2eb6c439,missing_sham,2azQ1b91cZZ,PASS,REPAIR_1209,IDENT_cf89bb44251a5e92b71b,research/continuation_memory_v1/evidence_state_policy_v1/event_action_preservation_v1/runs/preserve_001/evaluate/session_gpu7_001/rollouts/0042,True,False,42,True,1209,PASS,True,terminal_absent,task_T
ORIGINAL,True,0,7,1.0,73,control,False,ABSENT_11fc5516ee9f2eb6c439,missing_sham,2azQ1b91cZZ,FAIL,ORIGINAL_1210,IDENT_cf89bb44251a5e92b71b,research/continuation_memory_v1/evidence_state_policy_v1/event_action_preservation_v1/runs/preserve_001/evaluate/session_gpu7_001/rollouts/0043,True,True,43,False,1210,FAIL,True,terminal_absent,task_T
REPAIR,True,0,7,1.0,71,control,False,ABSENT_11fc5516ee9f2eb6c439,missing_sham,2azQ1b91cZZ,FAIL,REPAIR_1210,IDENT_cf89bb44251a5e92b71b,research/continuation_memory_v1/evidence_state_policy_v1/event_action_preservation_v1/runs/preserve_001/evaluate/session_gpu7_001/rollouts/0044,True,True,44,False,1210,FAIL,True,terminal_absent,task_T
ORIGINAL,True,0,7,1.0,86,control,False,ABSENT_11fc5516ee9f2eb6c439,missing_sham,2azQ1b91cZZ,FAIL,ORIGINAL_1211,IDENT_cf89bb44251a5e92b71b,research/continuation_memory_v1/evidence_state_policy_v1/event_action_preservation_v1/runs/preserve_001/evaluate/session_gpu7_001/rollouts/0045,True,True,45,False,1211,FAIL,True,terminal_absent,task_T
REPAIR,True,0,7,1.0,86,control,False,ABSENT_11fc5516ee9f2eb6c439,missing_sham,2azQ1b91cZZ,FAIL,REPAIR_1211,IDENT_cf89bb44251a5e92b71b,research/continuation_memory_v1/evidence_state_policy_v1/event_action_preservation_v1/runs/preserve_001/evaluate/session_gpu7_001/rollouts/0046,True,True,46,False,1211,FAIL,True,terminal_absent,task_T
ORIGINAL,True,0,7,0.112,56,control,False,ABSENT_11fc5516ee9f2eb6c439,missing_sham,2azQ1b91cZZ,PASS,ORIGINAL_1209,IDENT_cf89bb44251a5e92b71b,research/continuation_memory_v1/evidence_state_policy_v1/event_action_preservation_v1/runs/preserve_001/evaluate/session_gpu7_001/rollouts/0047,True,False,47,True,1209,PASS,True,terminal_absent,task_T
ORIGINAL,True,0,8,1.0,107,main,False,ABSENT_4e1e82ec5a151a5a7d51,seen,2azQ1b91cZZ,FAIL,ORIGINAL_1210,IDENT_05ff984a3ba9d356dd39,research/continuation_memory_v1/evidence_state_policy_v1/event_action_preservation_v1/runs/preserve_001/evaluate/session_gpu0_001/rollouts/0048,True,True,48,False,1210,FAIL,True,terminal_absent,task_A
REPAIR,True,0,8,1.0,500,main,True,ABSENT_4e1e82ec5a151a5a7d51,seen,2azQ1b91cZZ,FAIL,REPAIR_1210,IDENT_05ff984a3ba9d356dd39,research/continuation_memory_v1/evidence_state_policy_v1/event_action_preservation_v1/runs/preserve_001/evaluate/session_gpu0_001/rollouts/0049,True,False,49,False,1210,FAIL,False,terminal_absent,task_A
ORIGINAL,True,0,8,1.0,103,main,False,ABSENT_4e1e82ec5a151a5a7d51,seen,2azQ1b91cZZ,FAIL,ORIGINAL_1211,IDENT_05ff984a3ba9d356dd39,research/continuation_memory_v1/evidence_state_policy_v1/event_action_preservation_v1/runs/preserve_001/evaluate/session_gpu0_001/rollouts/0050,True,True,50,False,1211,FAIL,True,terminal_absent,task_A
REPAIR,True,0,8,1.0,87,main,False,ABSENT_4e1e82ec5a151a5a7d51,seen,2azQ1b91cZZ,FAIL,REPAIR_1211,IDENT_05ff984a3ba9d356dd39,research/continuation_memory_v1/evidence_state_policy_v1/event_action_preservation_v1/runs/preserve_001/evaluate/session_gpu0_001/rollouts/0051,True,True,51,False,1211,FAIL,True,terminal_absent,task_A
ORIGINAL,True,0,8,1.0,99,main,False,ABSENT_4e1e82ec5a151a5a7d51,seen,2azQ1b91cZZ,FAIL,ORIGINAL_1209,IDENT_05ff984a3ba9d356dd39,research/continuation_memory_v1/evidence_state_policy_v1/event_action_preservation_v1/runs/preserve_001/evaluate/session_gpu0_001/rollouts/0052,True,True,52,False,1209,FAIL,True,terminal_absent,task_A
REPAIR,True,0,8,1.0,172,main,False,ABSENT_4e1e82ec5a151a5a7d51,seen,2azQ1b91cZZ,FAIL,REPAIR_1209,IDENT_05ff984a3ba9d356dd39,research/continuation_memory_v1/evidence_state_policy_v1/event_action_preservation_v1/runs/preserve_001/evaluate/session_gpu0_001/rollouts/0053,True,True,53,False,1209,FAIL,True,terminal_absent,task_A
REPAIR,True,0,9,1.0,58,control,False,ABSENT_4e1e82ec5a151a5a7d51,seen,2azQ1b91cZZ,FAIL,REPAIR_1210,IDENT_05ff984a3ba9d356dd39,research/continuation_memory_v1/evidence_state_policy_v1/event_action_preservation_v1/runs/preserve_001/evaluate/session_gpu1_001/rollouts/0054,True,True,54,False,1210,FAIL,True,terminal_absent,task_T
ORIGINAL,True,0,9,1.0,83,control,False,ABSENT_4e1e82ec5a151a5a7d51,seen,2azQ1b91cZZ,FAIL,ORIGINAL_1211,IDENT_05ff984a3ba9d356dd39,research/continuation_memory_v1/evidence_state_policy_v1/event_action_preservation_v1/runs/preserve_001/evaluate/session_gpu1_001/rollouts/0055,True,True,55,False,1211,FAIL,True,terminal_absent,task_T
REPAIR,True,0,9,1.0,75,control,False,ABSENT_4e1e82ec5a151a5a7d51,seen,2azQ1b91cZZ,FAIL,REPAIR_1211,IDENT_05ff984a3ba9d356dd39,research/continuation_memory_v1/evidence_state_policy_v1/event_action_preservation_v1/runs/preserve_001/evaluate/session_gpu1_001/rollouts/0056,True,True,56,False,1211,FAIL,True,terminal_absent,task_T
ORIGINAL,True,0,9,1.0,55,control,False,ABSENT_4e1e82ec5a151a5a7d51,seen,2azQ1b91cZZ,FAIL,ORIGINAL_1209,IDENT_05ff984a3ba9d356dd39,research/continuation_memory_v1/evidence_state_policy_v1/event_action_preservation_v1/runs/preserve_001/evaluate/session_gpu1_001/rollouts/0057,True,True,57,False,1209,FAIL,True,terminal_absent,task_T
REPAIR,True,0,9,1.0,55,control,False,ABSENT_4e1e82ec5a151a5a7d51,seen,2azQ1b91cZZ,FAIL,REPAIR_1209,IDENT_05ff984a3ba9d356dd39,research/continuation_memory_v1/evidence_state_policy_v1/event_action_preservation_v1/runs/preserve_001/evaluate/session_gpu1_001/rollouts/0058,True,True,58,False,1209,FAIL,True,terminal_absent,task_T
ORIGINAL,True,0,9,1.0,58,control,False,ABSENT_4e1e82ec5a151a5a7d51,seen,2azQ1b91cZZ,FAIL,ORIGINAL_1210,IDENT_05ff984a3ba9d356dd39,research/continuation_memory_v1/evidence_state_policy_v1/event_action_preservation_v1/runs/preserve_001/evaluate/session_gpu1_001/rollouts/0059,True,True,59,False,1210,FAIL,True,terminal_absent,task_T
ORIGINAL,True,0,10,1.0,500,main,True,ABSENT_4e1e82ec5a151a5a7d51,seen_sham,2azQ1b91cZZ,FAIL,ORIGINAL_1211,IDENT_05ff984a3ba9d356dd39,research/continuation_memory_v1/evidence_state_policy_v1/event_action_preservation_v1/runs/preserve_001/evaluate/session_gpu2_001/rollouts/0060,True,False,60,False,1211,FAIL,False,terminal_absent,task_A
REPAIR,True,0,10,1.0,107,main,False,ABSENT_4e1e82ec5a151a5a7d51,seen_sham,2azQ1b91cZZ,FAIL,REPAIR_1211,IDENT_05ff984a3ba9d356dd39,research/continuation_memory_v1/evidence_state_policy_v1/event_action_preservation_v1/runs/preserve_001/evaluate/session_gpu2_001/rollouts/0061,True,True,61,False,1211,FAIL,True,terminal_absent,task_A
ORIGINAL,True,0,10,1.0,103,main,False,ABSENT_4e1e82ec5a151a5a7d51,seen_sham,2azQ1b91cZZ,FAIL,ORIGINAL_1209,IDENT_05ff984a3ba9d356dd39,research/continuation_memory_v1/evidence_state_policy_v1/event_action_preservation_v1/runs/preserve_001/evaluate/session_gpu2_001/rollouts/0062,True,True,62,False,1209,FAIL,True,terminal_absent,task_A
REPAIR,True,0,10,1.0,382,main,False,ABSENT_4e1e82ec5a151a5a7d51,seen_sham,2azQ1b91cZZ,FAIL,REPAIR_1209,IDENT_05ff984a3ba9d356dd39,research/continuation_memory_v1/evidence_state_policy_v1/event_action_preservation_v1/runs/preserve_001/evaluate/session_gpu2_001/rollouts/0063,True,True,63,False,1209,FAIL,True,terminal_absent,task_A
ORIGINAL,True,0,10,1.0,127,main,False,ABSENT_4e1e82ec5a151a5a7d51,seen_sham,2azQ1b91cZZ,FAIL,ORIGINAL_1210,IDENT_05ff984a3ba9d356dd39,research/continuation_memory_v1/evidence_state_policy_v1/event_action_preservation_v1/runs/preserve_001/evaluate/session_gpu2_001/rollouts/0064,True,True,64,False,1210,FAIL,True,terminal_absent,task_A
REPAIR,True,0,10,1.0,500,main,True,ABSENT_4e1e82ec5a151a5a7d51,seen_sham,2azQ1b91cZZ,FAIL,REPAIR_1210,IDENT_05ff984a3ba9d356dd39,research/continuation_memory_v1/evidence_state_policy_v1/event_action_preservation_v1/runs/preserve_001/evaluate/session_gpu2_001/rollouts/0065,True,False,65,False,1210,FAIL,False,terminal_absent,task_A
REPAIR,True,0,11,1.0,75,control,False,ABSENT_4e1e82ec5a151a5a7d51,seen_sham,2azQ1b91cZZ,FAIL,REPAIR_1211,IDENT_05ff984a3ba9d356dd39,research/continuation_memory_v1/evidence_state_policy_v1/event_action_preservation_v1/runs/preserve_001/evaluate/session_gpu3_001/rollouts/0066,True,True,66,False,1211,FAIL,True,terminal_absent,task_T
ORIGINAL,True,0,11,1.0,55,control,False,ABSENT_4e1e82ec5a151a5a7d51,seen_sham,2azQ1b91cZZ,FAIL,ORIGINAL_1209,IDENT_05ff984a3ba9d356dd39,research/continuation_memory_v1/evidence_state_policy_v1/event_action_preservation_v1/runs/preserve_001/evaluate/session_gpu3_001/rollouts/0067,True,True,67,False,1209,FAIL,True,terminal_absent,task_T
REPAIR,True,0,11,1.0,55,control,False,ABSENT_4e1e82ec5a151a5a7d51,seen_sham,2azQ1b91cZZ,FAIL,REPAIR_1209,IDENT_05ff984a3ba9d356dd39,research/continuation_memory_v1/evidence_state_policy_v1/event_action_preservation_v1/runs/preserve_001/evaluate/session_gpu3_001/rollouts/0068,True,True,68,False,1209,FAIL,True,terminal_absent,task_T
ORIGINAL,True,0,11,1.0,58,control,False,ABSENT_4e1e82ec5a151a5a7d51,seen_sham,2azQ1b91cZZ,FAIL,ORIGINAL_1210,IDENT_05ff984a3ba9d356dd39,research/continuation_memory_v1/evidence_state_policy_v1/event_action_preservation_v1/runs/preserve_001/evaluate/session_gpu3_001/rollouts/0069,True,True,69,False,1210,FAIL,True,terminal_absent,task_T
REPAIR,True,0,11,1.0,58,control,False,ABSENT_4e1e82ec5a151a5a7d51,seen_sham,2azQ1b91cZZ,FAIL,REPAIR_1210,IDENT_05ff984a3ba9d356dd39,research/continuation_memory_v1/evidence_state_policy_v1/event_action_preservation_v1/runs/preserve_001/evaluate/session_gpu3_001/rollouts/0070,True,True,70,False,1210,FAIL,True,terminal_absent,task_T
ORIGINAL,True,0,11,1.0,83,control,False,ABSENT_4e1e82ec5a151a5a7d51,seen_sham,2azQ1b91cZZ,FAIL,ORIGINAL_1211,IDENT_05ff984a3ba9d356dd39,research/continuation_memory_v1/evidence_state_policy_v1/event_action_preservation_v1/runs/preserve_001/evaluate/session_gpu3_001/rollouts/0071,True,True,71,False,1211,FAIL,True,terminal_absent,task_T
ORIGINAL,True,0,12,1.0,206,main,False,ABSENT_4e1e82ec5a151a5a7d51,missing,2azQ1b91cZZ,FAIL,ORIGINAL_1209,IDENT_05ff984a3ba9d356dd39,research/continuation_memory_v1/evidence_state_policy_v1/event_action_preservation_v1/runs/preserve_001/evaluate/session_gpu4_001/rollouts/0072,True,True,72,False,1209,FAIL,True,terminal_absent,task_A
REPAIR,True,0,12,1.0,382,main,False,ABSENT_4e1e82ec5a151a5a7d51,missing,2azQ1b91cZZ,FAIL,REPAIR_1209,IDENT_05ff984a3ba9d356dd39,research/continuation_memory_v1/evidence_state_policy_v1/event_action_preservation_v1/runs/preserve_001/evaluate/session_gpu4_001/rollouts/0073,True,True,73,False,1209,FAIL,True,terminal_absent,task_A
ORIGINAL,True,0,12,1.0,500,main,True,ABSENT_4e1e82ec5a151a5a7d51,missing,2azQ1b91cZZ,FAIL,ORIGINAL_1210,IDENT_05ff984a3ba9d356dd39,research/continuation_memory_v1/evidence_state_policy_v1/event_action_preservation_v1/runs/preserve_001/evaluate/session_gpu4_001/rollouts/0074,True,False,74,False,1210,FAIL,False,terminal_absent,task_A
REPAIR,True,0,12,1.0,500,main,True,ABSENT_4e1e82ec5a151a5a7d51,missing,2azQ1b91cZZ,FAIL,REPAIR_1210,IDENT_05ff984a3ba9d356dd39,research/continuation_memory_v1/evidence_state_policy_v1/event_action_preservation_v1/runs/preserve_001/evaluate/session_gpu4_001/rollouts/0075,True,False,75,False,1210,FAIL,False,terminal_absent,task_A
ORIGINAL,True,0,12,1.0,500,main,True,ABSENT_4e1e82ec5a151a5a7d51,missing,2azQ1b91cZZ,FAIL,ORIGINAL_1211,IDENT_05ff984a3ba9d356dd39,research/continuation_memory_v1/evidence_state_policy_v1/event_action_preservation_v1/runs/preserve_001/evaluate/session_gpu4_001/rollouts/0076,True,False,76,False,1211,FAIL,False,terminal_absent,task_A
REPAIR,True,0,12,1.0,148,main,False,ABSENT_4e1e82ec5a151a5a7d51,missing,2azQ1b91cZZ,FAIL,REPAIR_1211,IDENT_05ff984a3ba9d356dd39,research/continuation_memory_v1/evidence_state_policy_v1/event_action_preservation_v1/runs/preserve_001/evaluate/session_gpu4_001/rollouts/0077,True,True,77,False,1211,FAIL,True,terminal_absent,task_A
REPAIR,True,0,13,1.0,55,control,False,ABSENT_4e1e82ec5a151a5a7d51,missing,2azQ1b91cZZ,FAIL,REPAIR_1209,IDENT_05ff984a3ba9d356dd39,research/continuation_memory_v1/evidence_state_policy_v1/event_action_preservation_v1/runs/preserve_001/evaluate/session_gpu5_001/rollouts/0078,True,True,78,False,1209,FAIL,True,terminal_absent,task_T
ORIGINAL,True,0,13,1.0,58,control,False,ABSENT_4e1e82ec5a151a5a7d51,missing,2azQ1b91cZZ,FAIL,ORIGINAL_1210,IDENT_05ff984a3ba9d356dd39,research/continuation_memory_v1/evidence_state_policy_v1/event_action_preservation_v1/runs/preserve_001/evaluate/session_gpu5_001/rollouts/0079,True,True,79,False,1210,FAIL,True,terminal_absent,task_T
REPAIR,True,0,13,1.0,58,control,False,ABSENT_4e1e82ec5a151a5a7d51,missing,2azQ1b91cZZ,FAIL,REPAIR_1210,IDENT_05ff984a3ba9d356dd39,research/continuation_memory_v1/evidence_state_policy_v1/event_action_preservation_v1/runs/preserve_001/evaluate/session_gpu5_001/rollouts/0080,True,True,80,False,1210,FAIL,True,terminal_absent,task_T
ORIGINAL,True,0,13,1.0,83,control,False,ABSENT_4e1e82ec5a151a5a7d51,missing,2azQ1b91cZZ,FAIL,ORIGINAL_1211,IDENT_05ff984a3ba9d356dd39,research/continuation_memory_v1/evidence_state_policy_v1/event_action_preservation_v1/runs/preserve_001/evaluate/session_gpu5_001/rollouts/0081,True,True,81,False,1211,FAIL,True,terminal_absent,task_T
REPAIR,True,0,13,1.0,75,control,False,ABSENT_4e1e82ec5a151a5a7d51,missing,2azQ1b91cZZ,FAIL,REPAIR_1211,IDENT_05ff984a3ba9d356dd39,research/continuation_memory_v1/evidence_state_policy_v1/event_action_preservation_v1/runs/preserve_001/evaluate/session_gpu5_001/rollouts/0082,True,True,82,False,1211,FAIL,True,terminal_absent,task_T
ORIGINAL,True,0,13,1.0,55,control,False,ABSENT_4e1e82ec5a151a5a7d51,missing,2azQ1b91cZZ,FAIL,ORIGINAL_1209,IDENT_05ff984a3ba9d356dd39,research/continuation_memory_v1/evidence_state_policy_v1/event_action_preservation_v1/runs/preserve_001/evaluate/session_gpu5_001/rollouts/0083,True,True,83,False,1209,FAIL,True,terminal_absent,task_T
ORIGINAL,True,0,14,1.0,500,main,True,ABSENT_4e1e82ec5a151a5a7d51,missing_sham,2azQ1b91cZZ,FAIL,ORIGINAL_1210,IDENT_05ff984a3ba9d356dd39,research/continuation_memory_v1/evidence_state_policy_v1/event_action_preservation_v1/runs/preserve_001/evaluate/session_gpu6_001/rollouts/0084,True,False,84,False,1210,FAIL,False,terminal_absent,task_A
REPAIR,True,0,14,1.0,500,main,True,ABSENT_4e1e82ec5a151a5a7d51,missing_sham,2azQ1b91cZZ,FAIL,REPAIR_1210,IDENT_05ff984a3ba9d356dd39,research/continuation_memory_v1/evidence_state_policy_v1/event_action_preservation_v1/runs/preserve_001/evaluate/session_gpu6_001/rollouts/0085,True,False,85,False,1210,FAIL,False,terminal_absent,task_A
ORIGINAL,True,0,14,1.0,500,main,True,ABSENT_4e1e82ec5a151a5a7d51,missing_sham,2azQ1b91cZZ,FAIL,ORIGINAL_1211,IDENT_05ff984a3ba9d356dd39,research/continuation_memory_v1/evidence_state_policy_v1/event_action_preservation_v1/runs/preserve_001/evaluate/session_gpu6_001/rollouts/0086,True,False,86,False,1211,FAIL,False,terminal_absent,task_A
REPAIR,True,0,14,1.0,148,main,False,ABSENT_4e1e82ec5a151a5a7d51,missing_sham,2azQ1b91cZZ,FAIL,REPAIR_1211,IDENT_05ff984a3ba9d356dd39,research/continuation_memory_v1/evidence_state_policy_v1/event_action_preservation_v1/runs/preserve_001/evaluate/session_gpu6_001/rollouts/0087,True,True,87,False,1211,FAIL,True,terminal_absent,task_A
ORIGINAL,True,0,14,1.0,206,main,False,ABSENT_4e1e82ec5a151a5a7d51,missing_sham,2azQ1b91cZZ,FAIL,ORIGINAL_1209,IDENT_05ff984a3ba9d356dd39,research/continuation_memory_v1/evidence_state_policy_v1/event_action_preservation_v1/runs/preserve_001/evaluate/session_gpu6_001/rollouts/0088,True,True,88,False,1209,FAIL,True,terminal_absent,task_A
REPAIR,True,0,14,1.0,382,main,False,ABSENT_4e1e82ec5a151a5a7d51,missing_sham,2azQ1b91cZZ,FAIL,REPAIR_1209,IDENT_05ff984a3ba9d356dd39,research/continuation_memory_v1/evidence_state_policy_v1/event_action_preservation_v1/runs/preserve_001/evaluate/session_gpu6_001/rollouts/0089,True,True,89,False,1209,FAIL,True,terminal_absent,task_A
REPAIR,True,0,15,1.0,58,control,False,ABSENT_4e1e82ec5a151a5a7d51,missing_sham,2azQ1b91cZZ,FAIL,REPAIR_1210,IDENT_05ff984a3ba9d356dd39,research/continuation_memory_v1/evidence_state_policy_v1/event_action_preservation_v1/runs/preserve_001/evaluate/session_gpu7_001/rollouts/0090,True,True,90,False,1210,FAIL,True,terminal_absent,task_T
ORIGINAL,True,0,15,1.0,83,control,False,ABSENT_4e1e82ec5a151a5a7d51,missing_sham,2azQ1b91cZZ,FAIL,ORIGINAL_1211,IDENT_05ff984a3ba9d356dd39,research/continuation_memory_v1/evidence_state_policy_v1/event_action_preservation_v1/runs/preserve_001/evaluate/session_gpu7_001/rollouts/0091,True,True,91,False,1211,FAIL,True,terminal_absent,task_T
REPAIR,True,0,15,1.0,75,control,False,ABSENT_4e1e82ec5a151a5a7d51,missing_sham,2azQ1b91cZZ,FAIL,REPAIR_1211,IDENT_05ff984a3ba9d356dd39,research/continuation_memory_v1/evidence_state_policy_v1/event_action_preservation_v1/runs/preserve_001/evaluate/session_gpu7_001/rollouts/0092,True,True,92,False,1211,FAIL,True,terminal_absent,task_T
ORIGINAL,True,0,15,1.0,55,control,False,ABSENT_4e1e82ec5a151a5a7d51,missing_sham,2azQ1b91cZZ,FAIL,ORIGINAL_1209,IDENT_05ff984a3ba9d356dd39,research/continuation_memory_v1/evidence_state_policy_v1/event_action_preservation_v1/runs/preserve_001/evaluate/session_gpu7_001/rollouts/0093,True,True,93,False,1209,FAIL,True,terminal_absent,task_T
REPAIR,True,0,15,1.0,55,control,False,ABSENT_4e1e82ec5a151a5a7d51,missing_sham,2azQ1b91cZZ,FAIL,REPAIR_1209,IDENT_05ff984a3ba9d356dd39,research/continuation_memory_v1/evidence_state_policy_v1/event_action_preservation_v1/runs/preserve_001/evaluate/session_gpu7_001/rollouts/0094,True,True,94,False,1209,FAIL,True,terminal_absent,task_T
ORIGINAL,True,0,15,1.0,58,control,False,ABSENT_4e1e82ec5a151a5a7d51,missing_sham,2azQ1b91cZZ,FAIL,ORIGINAL_1210,IDENT_05ff984a3ba9d356dd39,research/continuation_memory_v1/evidence_state_policy_v1/event_action_preservation_v1/runs/preserve_001/evaluate/session_gpu7_001/rollouts/0095,True,True,95,False,1210,FAIL,True,terminal_absent,task_T
ORIGINAL,True,0,16,1.0,139,main,False,ABSENT_536703cc817edfadb996,seen,2azQ1b91cZZ,FAIL,ORIGINAL_1211,IDENT_91e9fe731b20c42b5b4e,research/continuation_memory_v1/evidence_state_policy_v1/event_action_preservation_v1/runs/preserve_001/evaluate/session_gpu0_001/rollouts/0096,True,True,96,False,1211,FAIL,True,terminal_absent,task_A
REPAIR,True,0,16,1.0,111,main,False,ABSENT_536703cc817edfadb996,seen,2azQ1b91cZZ,FAIL,REPAIR_1211,IDENT_91e9fe731b20c42b5b4e,research/continuation_memory_v1/evidence_state_policy_v1/event_action_preservation_v1/runs/preserve_001/evaluate/session_gpu0_001/rollouts/0097,True,True,97,False,1211,FAIL,True,terminal_absent,task_A
ORIGINAL,True,0,16,0.434,217,main,False,ABSENT_536703cc817edfadb996,seen,2azQ1b91cZZ,PASS,ORIGINAL_1209,IDENT_91e9fe731b20c42b5b4e,research/continuation_memory_v1/evidence_state_policy_v1/event_action_preservation_v1/runs/preserve_001/evaluate/session_gpu0_001/rollouts/0098,True,False,98,True,1209,PASS,True,terminal_absent,task_A
REPAIR,True,0,16,1.0,205,main,False,ABSENT_536703cc817edfadb996,seen,2azQ1b91cZZ,FAIL,REPAIR_1209,IDENT_91e9fe731b20c42b5b4e,research/continuation_memory_v1/evidence_state_policy_v1/event_action_preservation_v1/runs/preserve_001/evaluate/session_gpu0_001/rollouts/0099,True,True,99,False,1209,FAIL,True,terminal_absent,task_A
ORIGINAL,True,0,16,1.0,500,main,True,ABSENT_536703cc817edfadb996,seen,2azQ1b91cZZ,FAIL,ORIGINAL_1210,IDENT_91e9fe731b20c42b5b4e,research/continuation_memory_v1/evidence_state_policy_v1/event_action_preservation_v1/runs/preserve_001/evaluate/session_gpu0_001/rollouts/0100,True,False,100,False,1210,FAIL,False,terminal_absent,task_A
REPAIR,True,0,16,1.0,500,main,True,ABSENT_536703cc817edfadb996,seen,2azQ1b91cZZ,FAIL,REPAIR_1210,IDENT_91e9fe731b20c42b5b4e,research/continuation_memory_v1/evidence_state_policy_v1/event_action_preservation_v1/runs/preserve_001/evaluate/session_gpu0_001/rollouts/0101,True,False,101,False,1210,FAIL,False,terminal_absent,task_A
REPAIR,True,0,17,1.0,49,control,False,ABSENT_536703cc817edfadb996,seen,2azQ1b91cZZ,FAIL,REPAIR_1211,IDENT_91e9fe731b20c42b5b4e,research/continuation_memory_v1/evidence_state_policy_v1/event_action_preservation_v1/runs/preserve_001/evaluate/session_gpu1_001/rollouts/0102,True,True,102,False,1211,FAIL,True,terminal_absent,task_T
ORIGINAL,True,0,17,1.0,197,control,False,ABSENT_536703cc817edfadb996,seen,2azQ1b91cZZ,FAIL,ORIGINAL_1209,IDENT_91e9fe731b20c42b5b4e,research/continuation_memory_v1/evidence_state_policy_v1/event_action_preservation_v1/runs/preserve_001/evaluate/session_gpu1_001/rollouts/0103,True,True,103,False,1209,FAIL,True,terminal_absent,task_T
REPAIR,True,0,17,1.0,199,control,False,ABSENT_536703cc817edfadb996,seen,2azQ1b91cZZ,FAIL,REPAIR_1209,IDENT_91e9fe731b20c42b5b4e,research/continuation_memory_v1/evidence_state_policy_v1/event_action_preservation_v1/runs/preserve_001/evaluate/session_gpu1_001/rollouts/0104,True,True,104,False,1209,FAIL,True,terminal_absent,task_T
ORIGINAL,True,0,17,1.0,91,control,False,ABSENT_536703cc817edfadb996,seen,2azQ1b91cZZ,FAIL,ORIGINAL_1210,IDENT_91e9fe731b20c42b5b4e,research/continuation_memory_v1/evidence_state_policy_v1/event_action_preservation_v1/runs/preserve_001/evaluate/session_gpu1_001/rollouts/0105,True,True,105,False,1210,FAIL,True,terminal_absent,task_T
REPAIR,True,0,17,1.0,91,control,False,ABSENT_536703cc817edfadb996,seen,2azQ1b91cZZ,FAIL,REPAIR_1210,IDENT_91e9fe731b20c42b5b4e,research/continuation_memory_v1/evidence_state_policy_v1/event_action_preservation_v1/runs/preserve_001/evaluate/session_gpu1_001/rollouts/0106,True,True,106,False,1210,FAIL,True,terminal_absent,task_T
ORIGINAL,True,0,17,1.0,49,control,False,ABSENT_536703cc817edfadb996,seen,2azQ1b91cZZ,FAIL,ORIGINAL_1211,IDENT_91e9fe731b20c42b5b4e,research/continuation_memory_v1/evidence_state_policy_v1/event_action_preservation_v1/runs/preserve_001/evaluate/session_gpu1_001/rollouts/0107,True,True,107,False,1211,FAIL,True,terminal_absent,task_T
ORIGINAL,True,0,18,0.43,215,main,False,ABSENT_536703cc817edfadb996,seen_sham,2azQ1b91cZZ,PASS,ORIGINAL_1209,IDENT_91e9fe731b20c42b5b4e,research/continuation_memory_v1/evidence_state_policy_v1/event_action_preservation_v1/runs/preserve_001/evaluate/session_gpu2_001/rollouts/0108,True,False,108,True,1209,PASS,True,terminal_absent,task_A
REPAIR,True,0,18,1.0,199,main,False,ABSENT_536703cc817edfadb996,seen_sham,2azQ1b91cZZ,FAIL,REPAIR_1209,IDENT_91e9fe731b20c42b5b4e,research/continuation_memory_v1/evidence_state_policy_v1/event_action_preservation_v1/runs/preserve_001/evaluate/session_gpu2_001/rollouts/0109,True,True,109,False,1209,FAIL,True,terminal_absent,task_A
ORIGINAL,True,0,18,1.0,500,main,True,ABSENT_536703cc817edfadb996,seen_sham,2azQ1b91cZZ,FAIL,ORIGINAL_1210,IDENT_91e9fe731b20c42b5b4e,research/continuation_memory_v1/evidence_state_policy_v1/event_action_preservation_v1/runs/preserve_001/evaluate/session_gpu2_001/rollouts/0110,True,False,110,False,1210,FAIL,False,terminal_absent,task_A
REPAIR,True,0,18,1.0,500,main,True,ABSENT_536703cc817edfadb996,seen_sham,2azQ1b91cZZ,FAIL,REPAIR_1210,IDENT_91e9fe731b20c42b5b4e,research/continuation_memory_v1/evidence_state_policy_v1/event_action_preservation_v1/runs/preserve_001/evaluate/session_gpu2_001/rollouts/0111,True,False,111,False,1210,FAIL,False,terminal_absent,task_A
ORIGINAL,True,0,18,1.0,147,main,False,ABSENT_536703cc817edfadb996,seen_sham,2azQ1b91cZZ,FAIL,ORIGINAL_1211,IDENT_91e9fe731b20c42b5b4e,research/continuation_memory_v1/evidence_state_policy_v1/event_action_preservation_v1/runs/preserve_001/evaluate/session_gpu2_001/rollouts/0112,True,True,112,False,1211,FAIL,True,terminal_absent,task_A
REPAIR,True,0,18,1.0,135,main,False,ABSENT_536703cc817edfadb996,seen_sham,2azQ1b91cZZ,FAIL,REPAIR_1211,IDENT_91e9fe731b20c42b5b4e,research/continuation_memory_v1/evidence_state_policy_v1/event_action_preservation_v1/runs/preserve_001/evaluate/session_gpu2_001/rollouts/0113,True,True,113,False,1211,FAIL,True,terminal_absent,task_A
REPAIR,True,0,19,1.0,197,control,False,ABSENT_536703cc817edfadb996,seen_sham,2azQ1b91cZZ,FAIL,REPAIR_1209,IDENT_91e9fe731b20c42b5b4e,research/continuation_memory_v1/evidence_state_policy_v1/event_action_preservation_v1/runs/preserve_001/evaluate/session_gpu3_001/rollouts/0114,True,True,114,False,1209,FAIL,True,terminal_absent,task_T
ORIGINAL,True,0,19,1.0,91,control,False,ABSENT_536703cc817edfadb996,seen_sham,2azQ1b91cZZ,FAIL,ORIGINAL_1210,IDENT_91e9fe731b20c42b5b4e,research/continuation_memory_v1/evidence_state_policy_v1/event_action_preservation_v1/runs/preserve_001/evaluate/session_gpu3_001/rollouts/0115,True,True,115,False,1210,FAIL,True,terminal_absent,task_T
REPAIR,True,0,19,1.0,87,control,False,ABSENT_536703cc817edfadb996,seen_sham,2azQ1b91cZZ,FAIL,REPAIR_1210,IDENT_91e9fe731b20c42b5b4e,research/continuation_memory_v1/evidence_state_policy_v1/event_action_preservation_v1/runs/preserve_001/evaluate/session_gpu3_001/rollouts/0116,True,True,116,False,1210,FAIL,True,terminal_absent,task_T
ORIGINAL,True,0,19,1.0,49,control,False,ABSENT_536703cc817edfadb996,seen_sham,2azQ1b91cZZ,FAIL,ORIGINAL_1211,IDENT_91e9fe731b20c42b5b4e,research/continuation_memory_v1/evidence_state_policy_v1/event_action_preservation_v1/runs/preserve_001/evaluate/session_gpu3_001/rollouts/0117,True,True,117,False,1211,FAIL,True,terminal_absent,task_T
REPAIR,True,0,19,1.0,49,control,False,ABSENT_536703cc817edfadb996,seen_sham,2azQ1b91cZZ,FAIL,REPAIR_1211,IDENT_91e9fe731b20c42b5b4e,research/continuation_memory_v1/evidence_state_policy_v1/event_action_preservation_v1/runs/preserve_001/evaluate/session_gpu3_001/rollouts/0118,True,True,118,False,1211,FAIL,True,terminal_absent,task_T
ORIGINAL,True,0,19,1.0,197,control,False,ABSENT_536703cc817edfadb996,seen_sham,2azQ1b91cZZ,FAIL,ORIGINAL_1209,IDENT_91e9fe731b20c42b5b4e,research/continuation_memory_v1/evidence_state_policy_v1/event_action_preservation_v1/runs/preserve_001/evaluate/session_gpu3_001/rollouts/0119,True,True,119,False,1209,FAIL,True,terminal_absent,task_T
ORIGINAL,True,0,20,1.0,119,main,False,ABSENT_536703cc817edfadb996,missing,2azQ1b91cZZ,FAIL,ORIGINAL_1210,IDENT_91e9fe731b20c42b5b4e,research/continuation_memory_v1/evidence_state_policy_v1/event_action_preservation_v1/runs/preserve_001/evaluate/session_gpu4_001/rollouts/0120,True,True,120,False,1210,FAIL,True,terminal_absent,task_A
REPAIR,True,0,20,1.0,91,main,False,ABSENT_536703cc817edfadb996,missing,2azQ1b91cZZ,FAIL,REPAIR_1210,IDENT_91e9fe731b20c42b5b4e,research/continuation_memory_v1/evidence_state_policy_v1/event_action_preservation_v1/runs/preserve_001/evaluate/session_gpu4_001/rollouts/0121,True,True,121,False,1210,FAIL,True,terminal_absent,task_A
ORIGINAL,True,0,20,1.0,147,main,False,ABSENT_536703cc817edfadb996,missing,2azQ1b91cZZ,FAIL,ORIGINAL_1211,IDENT_91e9fe731b20c42b5b4e,research/continuation_memory_v1/evidence_state_policy_v1/event_action_preservation_v1/runs/preserve_001/evaluate/session_gpu4_001/rollouts/0122,True,True,122,False,1211,FAIL,True,terminal_absent,task_A
REPAIR,True,0,20,1.0,95,main,False,ABSENT_536703cc817edfadb996,missing,2azQ1b91cZZ,FAIL,REPAIR_1211,IDENT_91e9fe731b20c42b5b4e,research/continuation_memory_v1/evidence_state_policy_v1/event_action_preservation_v1/runs/preserve_001/evaluate/session_gpu4_001/rollouts/0123,True,True,123,False,1211,FAIL,True,terminal_absent,task_A
ORIGINAL,True,0,20,1.0,211,main,False,ABSENT_536703cc817edfadb996,missing,2azQ1b91cZZ,FAIL,ORIGINAL_1209,IDENT_91e9fe731b20c42b5b4e,research/continuation_memory_v1/evidence_state_policy_v1/event_action_preservation_v1/runs/preserve_001/evaluate/session_gpu4_001/rollouts/0124,True,True,124,False,1209,FAIL,True,terminal_absent,task_A
REPAIR,True,0,20,1.0,209,main,False,ABSENT_536703cc817edfadb996,missing,2azQ1b91cZZ,FAIL,REPAIR_1209,IDENT_91e9fe731b20c42b5b4e,research/continuation_memory_v1/evidence_state_policy_v1/event_action_preservation_v1/runs/preserve_001/evaluate/session_gpu4_001/rollouts/0125,True,True,125,False,1209,FAIL,True,terminal_absent,task_A
REPAIR,True,0,21,1.0,83,control,False,ABSENT_536703cc817edfadb996,missing,2azQ1b91cZZ,FAIL,REPAIR_1210,IDENT_91e9fe731b20c42b5b4e,research/continuation_memory_v1/evidence_state_policy_v1/event_action_preservation_v1/runs/preserve_001/evaluate/session_gpu5_001/rollouts/0126,True,True,126,False,1210,FAIL,True,terminal_absent,task_T
ORIGINAL,True,0,21,1.0,49,control,False,ABSENT_536703cc817edfadb996,missing,2azQ1b91cZZ,FAIL,ORIGINAL_1211,IDENT_91e9fe731b20c42b5b4e,research/continuation_memory_v1/evidence_state_policy_v1/event_action_preservation_v1/runs/preserve_001/evaluate/session_gpu5_001/rollouts/0127,True,True,127,False,1211,FAIL,True,terminal_absent,task_T
REPAIR,True,0,21,1.0,49,control,False,ABSENT_536703cc817edfadb996,missing,2azQ1b91cZZ,FAIL,REPAIR_1211,IDENT_91e9fe731b20c42b5b4e,research/continuation_memory_v1/evidence_state_policy_v1/event_action_preservation_v1/runs/preserve_001/evaluate/session_gpu5_001/rollouts/0128,True,True,128,False,1211,FAIL,True,terminal_absent,task_T
ORIGINAL,True,0,21,1.0,52,control,False,ABSENT_536703cc817edfadb996,missing,2azQ1b91cZZ,FAIL,ORIGINAL_1209,IDENT_91e9fe731b20c42b5b4e,research/continuation_memory_v1/evidence_state_policy_v1/event_action_preservation_v1/runs/preserve_001/evaluate/session_gpu5_001/rollouts/0129,True,True,129,False,1209,FAIL,True,terminal_absent,task_T
REPAIR,True,0,21,1.0,48,control,False,ABSENT_536703cc817edfadb996,missing,2azQ1b91cZZ,FAIL,REPAIR_1209,IDENT_91e9fe731b20c42b5b4e,research/continuation_memory_v1/evidence_state_policy_v1/event_action_preservation_v1/runs/preserve_001/evaluate/session_gpu5_001/rollouts/0130,True,True,130,False,1209,FAIL,True,terminal_absent,task_T
ORIGINAL,True,0,21,1.0,83,control,False,ABSENT_536703cc817edfadb996,missing,2azQ1b91cZZ,FAIL,ORIGINAL_1210,IDENT_91e9fe731b20c42b5b4e,research/continuation_memory_v1/evidence_state_policy_v1/event_action_preservation_v1/runs/preserve_001/evaluate/session_gpu5_001/rollouts/0131,True,True,131,False,1210,FAIL,True,terminal_absent,task_T
ORIGINAL,True,0,22,1.0,143,main,False,ABSENT_536703cc817edfadb996,missing_sham,2azQ1b91cZZ,FAIL,ORIGINAL_1211,IDENT_91e9fe731b20c42b5b4e,research/continuation_memory_v1/evidence_state_policy_v1/event_action_preservation_v1/runs/preserve_001/evaluate/session_gpu6_001/rollouts/0132,True,True,132,False,1211,FAIL,True,terminal_absent,task_A
REPAIR,True,0,22,1.0,95,main,False,ABSENT_536703cc817edfadb996,missing_sham,2azQ1b91cZZ,FAIL,REPAIR_1211,IDENT_91e9fe731b20c42b5b4e,research/continuation_memory_v1/evidence_state_policy_v1/event_action_preservation_v1/runs/preserve_001/evaluate/session_gpu6_001/rollouts/0133,True,True,133,False,1211,FAIL,True,terminal_absent,task_A
ORIGINAL,True,0,22,1.0,211,main,False,ABSENT_536703cc817edfadb996,missing_sham,2azQ1b91cZZ,FAIL,ORIGINAL_1209,IDENT_91e9fe731b20c42b5b4e,research/continuation_memory_v1/evidence_state_policy_v1/event_action_preservation_v1/runs/preserve_001/evaluate/session_gpu6_001/rollouts/0134,True,True,134,False,1209,FAIL,True,terminal_absent,task_A
REPAIR,True,0,22,0.438,219,main,False,ABSENT_536703cc817edfadb996,missing_sham,2azQ1b91cZZ,PASS,REPAIR_1209,IDENT_91e9fe731b20c42b5b4e,research/continuation_memory_v1/evidence_state_policy_v1/event_action_preservation_v1/runs/preserve_001/evaluate/session_gpu6_001/rollouts/0135,True,False,135,True,1209,PASS,True,terminal_absent,task_A
ORIGINAL,True,0,22,1.0,115,main,False,ABSENT_536703cc817edfadb996,missing_sham,2azQ1b91cZZ,FAIL,ORIGINAL_1210,IDENT_91e9fe731b20c42b5b4e,research/continuation_memory_v1/evidence_state_policy_v1/event_action_preservation_v1/runs/preserve_001/evaluate/session_gpu6_001/rollouts/0136,True,True,136,False,1210,FAIL,True,terminal_absent,task_A
REPAIR,True,0,22,1.0,87,main,False,ABSENT_536703cc817edfadb996,missing_sham,2azQ1b91cZZ,FAIL,REPAIR_1210,IDENT_91e9fe731b20c42b5b4e,research/continuation_memory_v1/evidence_state_policy_v1/event_action_preservation_v1/runs/preserve_001/evaluate/session_gpu6_001/rollouts/0137,True,True,137,False,1210,FAIL,True,terminal_absent,task_A
REPAIR,True,0,23,1.0,49,control,False,ABSENT_536703cc817edfadb996,missing_sham,2azQ1b91cZZ,FAIL,REPAIR_1211,IDENT_91e9fe731b20c42b5b4e,research/continuation_memory_v1/evidence_state_policy_v1/event_action_preservation_v1/runs/preserve_001/evaluate/session_gpu7_001/rollouts/0138,True,True,138,False,1211,FAIL,True,terminal_absent,task_T
ORIGINAL,True,0,23,1.0,201,control,False,ABSENT_536703cc817edfadb996,missing_sham,2azQ1b91cZZ,FAIL,ORIGINAL_1209,IDENT_91e9fe731b20c42b5b4e,research/continuation_memory_v1/evidence_state_policy_v1/event_action_preservation_v1/runs/preserve_001/evaluate/session_gpu7_001/rollouts/0139,True,True,139,False,1209,FAIL,True,terminal_absent,task_T
REPAIR,True,0,23,1.0,48,control,False,ABSENT_536703cc817edfadb996,missing_sham,2azQ1b91cZZ,FAIL,REPAIR_1209,IDENT_91e9fe731b20c42b5b4e,research/continuation_memory_v1/evidence_state_policy_v1/event_action_preservation_v1/runs/preserve_001/evaluate/session_gpu7_001/rollouts/0140,True,True,140,False,1209,FAIL,True,terminal_absent,task_T
ORIGINAL,True,0,23,1.0,83,control,False,ABSENT_536703cc817edfadb996,missing_sham,2azQ1b91cZZ,FAIL,ORIGINAL_1210,IDENT_91e9fe731b20c42b5b4e,research/continuation_memory_v1/evidence_state_policy_v1/event_action_preservation_v1/runs/preserve_001/evaluate/session_gpu7_001/rollouts/0141,True,True,141,False,1210,FAIL,True,terminal_absent,task_T
REPAIR,True,0,23,1.0,83,control,False,ABSENT_536703cc817edfadb996,missing_sham,2azQ1b91cZZ,FAIL,REPAIR_1210,IDENT_91e9fe731b20c42b5b4e,research/continuation_memory_v1/evidence_state_policy_v1/event_action_preservation_v1/runs/preserve_001/evaluate/session_gpu7_001/rollouts/0142,True,True,142,False,1210,FAIL,True,terminal_absent,task_T
ORIGINAL,True,0,23,1.0,49,control,False,ABSENT_536703cc817edfadb996,missing_sham,2azQ1b91cZZ,FAIL,ORIGINAL_1211,IDENT_91e9fe731b20c42b5b4e,research/continuation_memory_v1/evidence_state_policy_v1/event_action_preservation_v1/runs/preserve_001/evaluate/session_gpu7_001/rollouts/0143,True,True,143,False,1211,FAIL,True,terminal_absent,task_T
ORIGINAL,True,0,24,1.0,103,main,False,ABSENT_74da3db83796a813dd7e,seen,2azQ1b91cZZ,FAIL,ORIGINAL_1209,IDENT_134e9da2f2ef076529c8,research/continuation_memory_v1/evidence_state_policy_v1/event_action_preservation_v1/runs/preserve_001/evaluate/session_gpu0_001/rollouts/0144,True,True,144,False,1209,FAIL,True,terminal_absent,task_A
REPAIR,True,0,24,1.0,103,main,False,ABSENT_74da3db83796a813dd7e,seen,2azQ1b91cZZ,FAIL,REPAIR_1209,IDENT_134e9da2f2ef076529c8,research/continuation_memory_v1/evidence_state_policy_v1/event_action_preservation_v1/runs/preserve_001/evaluate/session_gpu0_001/rollouts/0145,True,True,145,False,1209,FAIL,True,terminal_absent,task_A
ORIGINAL,True,0,24,0.12,60,main,False,ABSENT_74da3db83796a813dd7e,seen,2azQ1b91cZZ,PASS,ORIGINAL_1210,IDENT_134e9da2f2ef076529c8,research/continuation_memory_v1/evidence_state_policy_v1/event_action_preservation_v1/runs/preserve_001/evaluate/session_gpu0_001/rollouts/0146,True,False,146,True,1210,PASS,True,terminal_absent,task_A
REPAIR,True,0,24,0.12,60,main,False,ABSENT_74da3db83796a813dd7e,seen,2azQ1b91cZZ,PASS,REPAIR_1210,IDENT_134e9da2f2ef076529c8,research/continuation_memory_v1/evidence_state_policy_v1/event_action_preservation_v1/runs/preserve_001/evaluate/session_gpu0_001/rollouts/0147,True,False,147,True,1210,PASS,True,terminal_absent,task_A
ORIGINAL,True,0,24,1.0,41,main,False,ABSENT_74da3db83796a813dd7e,seen,2azQ1b91cZZ,FAIL,ORIGINAL_1211,IDENT_134e9da2f2ef076529c8,research/continuation_memory_v1/evidence_state_policy_v1/event_action_preservation_v1/runs/preserve_001/evaluate/session_gpu0_001/rollouts/0148,True,True,148,False,1211,FAIL,True,terminal_absent,task_A
REPAIR,True,0,24,1.0,41,main,False,ABSENT_74da3db83796a813dd7e,seen,2azQ1b91cZZ,FAIL,REPAIR_1211,IDENT_134e9da2f2ef076529c8,research/continuation_memory_v1/evidence_state_policy_v1/event_action_preservation_v1/runs/preserve_001/evaluate/session_gpu0_001/rollouts/0149,True,True,149,False,1211,FAIL,True,terminal_absent,task_A
REPAIR,True,0,25,1.0,111,control,False,ABSENT_74da3db83796a813dd7e,seen,2azQ1b91cZZ,FAIL,REPAIR_1209,IDENT_134e9da2f2ef076529c8,research/continuation_memory_v1/evidence_state_policy_v1/event_action_preservation_v1/runs/preserve_001/evaluate/session_gpu1_001/rollouts/0150,True,True,150,False,1209,FAIL,True,terminal_absent,task_T
ORIGINAL,True,0,25,0.562,281,control,False,ABSENT_74da3db83796a813dd7e,seen,2azQ1b91cZZ,PASS,ORIGINAL_1210,IDENT_134e9da2f2ef076529c8,research/continuation_memory_v1/evidence_state_policy_v1/event_action_preservation_v1/runs/preserve_001/evaluate/session_gpu1_001/rollouts/0151,True,False,151,True,1210,PASS,True,terminal_absent,task_T
REPAIR,True,0,25,0.562,281,control,False,ABSENT_74da3db83796a813dd7e,seen,2azQ1b91cZZ,PASS,REPAIR_1210,IDENT_134e9da2f2ef076529c8,research/continuation_memory_v1/evidence_state_policy_v1/event_action_preservation_v1/runs/preserve_001/evaluate/session_gpu1_001/rollouts/0152,True,False,152,True,1210,PASS,True,terminal_absent,task_T
ORIGINAL,True,436,25,1.0,500,control,True,ABSENT_74da3db83796a813dd7e,seen,2azQ1b91cZZ,UNKNOWN,ORIGINAL_1211,IDENT_134e9da2f2ef076529c8,research/continuation_memory_v1/evidence_state_policy_v1/event_action_preservation_v1/runs/preserve_001/evaluate/session_gpu1_001/rollouts/0153,True,False,153,False,1211,FAIL,False,terminal_absent,task_T
REPAIR,True,436,25,1.0,500,control,True,ABSENT_74da3db83796a813dd7e,seen,2azQ1b91cZZ,UNKNOWN,REPAIR_1211,IDENT_134e9da2f2ef076529c8,research/continuation_memory_v1/evidence_state_policy_v1/event_action_preservation_v1/runs/preserve_001/evaluate/session_gpu1_001/rollouts/0154,True,False,154,False,1211,FAIL,False,terminal_absent,task_T
ORIGINAL,True,0,25,1.0,111,control,False,ABSENT_74da3db83796a813dd7e,seen,2azQ1b91cZZ,FAIL,ORIGINAL_1209,IDENT_134e9da2f2ef076529c8,research/continuation_memory_v1/evidence_state_policy_v1/event_action_preservation_v1/runs/preserve_001/evaluate/session_gpu1_001/rollouts/0155,True,True,155,False,1209,FAIL,True,terminal_absent,task_T
ORIGINAL,True,0,26,0.12,60,main,False,ABSENT_74da3db83796a813dd7e,seen_sham,2azQ1b91cZZ,PASS,ORIGINAL_1210,IDENT_134e9da2f2ef076529c8,research/continuation_memory_v1/evidence_state_policy_v1/event_action_preservation_v1/runs/preserve_001/evaluate/session_gpu2_001/rollouts/0156,True,False,156,True,1210,PASS,True,terminal_absent,task_A
REPAIR,True,0,26,0.12,60,main,False,ABSENT_74da3db83796a813dd7e,seen_sham,2azQ1b91cZZ,PASS,REPAIR_1210,IDENT_134e9da2f2ef076529c8,research/continuation_memory_v1/evidence_state_policy_v1/event_action_preservation_v1/runs/preserve_001/evaluate/session_gpu2_001/rollouts/0157,True,False,157,True,1210,PASS,True,terminal_absent,task_A
ORIGINAL,True,0,26,0.146,73,main,False,ABSENT_74da3db83796a813dd7e,seen_sham,2azQ1b91cZZ,PASS,ORIGINAL_1211,IDENT_134e9da2f2ef076529c8,research/continuation_memory_v1/evidence_state_policy_v1/event_action_preservation_v1/runs/preserve_001/evaluate/session_gpu2_001/rollouts/0158,True,False,158,True,1211,PASS,True,terminal_absent,task_A
REPAIR,True,0,26,0.146,73,main,False,ABSENT_74da3db83796a813dd7e,seen_sham,2azQ1b91cZZ,PASS,REPAIR_1211,IDENT_134e9da2f2ef076529c8,research/continuation_memory_v1/evidence_state_policy_v1/event_action_preservation_v1/runs/preserve_001/evaluate/session_gpu2_001/rollouts/0159,True,False,159,True,1211,PASS,True,terminal_absent,task_A
ORIGINAL,True,0,26,1.0,97,main,False,ABSENT_74da3db83796a813dd7e,seen_sham,2azQ1b91cZZ,FAIL,ORIGINAL_1209,IDENT_134e9da2f2ef076529c8,research/continuation_memory_v1/evidence_state_policy_v1/event_action_preservation_v1/runs/preserve_001/evaluate/session_gpu2_001/rollouts/0160,True,True,160,False,1209,FAIL,True,terminal_absent,task_A
REPAIR,True,0,26,1.0,97,main,False,ABSENT_74da3db83796a813dd7e,seen_sham,2azQ1b91cZZ,FAIL,REPAIR_1209,IDENT_134e9da2f2ef076529c8,research/continuation_memory_v1/evidence_state_policy_v1/event_action_preservation_v1/runs/preserve_001/evaluate/session_gpu2_001/rollouts/0161,True,True,161,False,1209,FAIL,True,terminal_absent,task_A
REPAIR,True,0,27,1.0,95,control,False,ABSENT_74da3db83796a813dd7e,seen_sham,2azQ1b91cZZ,FAIL,REPAIR_1210,IDENT_134e9da2f2ef076529c8,research/continuation_memory_v1/evidence_state_policy_v1/event_action_preservation_v1/runs/preserve_001/evaluate/session_gpu3_001/rollouts/0162,True,True,162,False,1210,FAIL,True,terminal_absent,task_T
ORIGINAL,True,0,27,0.288,144,control,False,ABSENT_74da3db83796a813dd7e,seen_sham,2azQ1b91cZZ,PASS,ORIGINAL_1211,IDENT_134e9da2f2ef076529c8,research/continuation_memory_v1/evidence_state_policy_v1/event_action_preservation_v1/runs/preserve_001/evaluate/session_gpu3_001/rollouts/0163,True,False,163,True,1211,PASS,True,terminal_absent,task_T
REPAIR,True,2,27,1.0,108,control,False,ABSENT_74da3db83796a813dd7e,seen_sham,2azQ1b91cZZ,UNKNOWN,REPAIR_1211,IDENT_134e9da2f2ef076529c8,research/continuation_memory_v1/evidence_state_policy_v1/event_action_preservation_v1/runs/preserve_001/evaluate/session_gpu3_001/rollouts/0164,True,False,164,True,1211,FAIL,True,terminal_absent,task_T
ORIGINAL,True,0,27,1.0,189,control,False,ABSENT_74da3db83796a813dd7e,seen_sham,2azQ1b91cZZ,FAIL,ORIGINAL_1209,IDENT_134e9da2f2ef076529c8,research/continuation_memory_v1/evidence_state_policy_v1/event_action_preservation_v1/runs/preserve_001/evaluate/session_gpu3_001/rollouts/0165,True,True,165,False,1209,FAIL,True,terminal_absent,task_T
REPAIR,True,0,27,1.0,187,control,False,ABSENT_74da3db83796a813dd7e,seen_sham,2azQ1b91cZZ,FAIL,REPAIR_1209,IDENT_134e9da2f2ef076529c8,research/continuation_memory_v1/evidence_state_policy_v1/event_action_preservation_v1/runs/preserve_001/evaluate/session_gpu3_001/rollouts/0166,True,True,166,False,1209,FAIL,True,terminal_absent,task_T
ORIGINAL,True,0,27,1.0,95,control,False,ABSENT_74da3db83796a813dd7e,seen_sham,2azQ1b91cZZ,FAIL,ORIGINAL_1210,IDENT_134e9da2f2ef076529c8,research/continuation_memory_v1/evidence_state_policy_v1/event_action_preservation_v1/runs/preserve_001/evaluate/session_gpu3_001/rollouts/0167,True,True,167,False,1210,FAIL,True,terminal_absent,task_T
ORIGINAL,True,0,28,0.146,73,main,False,ABSENT_74da3db83796a813dd7e,missing,2azQ1b91cZZ,PASS,ORIGINAL_1211,IDENT_134e9da2f2ef076529c8,research/continuation_memory_v1/evidence_state_policy_v1/event_action_preservation_v1/runs/preserve_001/evaluate/session_gpu4_001/rollouts/0168,True,False,168,True,1211,PASS,True,terminal_absent,task_A
REPAIR,True,0,28,0.146,73,main,False,ABSENT_74da3db83796a813dd7e,missing,2azQ1b91cZZ,PASS,REPAIR_1211,IDENT_134e9da2f2ef076529c8,research/continuation_memory_v1/evidence_state_policy_v1/event_action_preservation_v1/runs/preserve_001/evaluate/session_gpu4_001/rollouts/0169,True,False,169,True,1211,PASS,True,terminal_absent,task_A
ORIGINAL,True,0,28,1.0,95,main,False,ABSENT_74da3db83796a813dd7e,missing,2azQ1b91cZZ,FAIL,ORIGINAL_1209,IDENT_134e9da2f2ef076529c8,research/continuation_memory_v1/evidence_state_policy_v1/event_action_preservation_v1/runs/preserve_001/evaluate/session_gpu4_001/rollouts/0170,True,True,170,False,1209,FAIL,True,terminal_absent,task_A
REPAIR,True,0,28,1.0,95,main,False,ABSENT_74da3db83796a813dd7e,missing,2azQ1b91cZZ,FAIL,REPAIR_1209,IDENT_134e9da2f2ef076529c8,research/continuation_memory_v1/evidence_state_policy_v1/event_action_preservation_v1/runs/preserve_001/evaluate/session_gpu4_001/rollouts/0171,True,True,171,False,1209,FAIL,True,terminal_absent,task_A
ORIGINAL,True,0,28,0.334,167,main,False,ABSENT_74da3db83796a813dd7e,missing,2azQ1b91cZZ,PASS,ORIGINAL_1210,IDENT_134e9da2f2ef076529c8,research/continuation_memory_v1/evidence_state_policy_v1/event_action_preservation_v1/runs/preserve_001/evaluate/session_gpu4_001/rollouts/0172,True,False,172,True,1210,PASS,True,terminal_absent,task_A
REPAIR,True,0,28,0.334,167,main,False,ABSENT_74da3db83796a813dd7e,missing,2azQ1b91cZZ,PASS,REPAIR_1210,IDENT_134e9da2f2ef076529c8,research/continuation_memory_v1/evidence_state_policy_v1/event_action_preservation_v1/runs/preserve_001/evaluate/session_gpu4_001/rollouts/0173,True,False,173,True,1210,PASS,True,terminal_absent,task_A
REPAIR,True,0,29,1.0,346,control,False,ABSENT_74da3db83796a813dd7e,missing,2azQ1b91cZZ,FAIL,REPAIR_1211,IDENT_134e9da2f2ef076529c8,research/continuation_memory_v1/evidence_state_policy_v1/event_action_preservation_v1/runs/preserve_001/evaluate/session_gpu5_001/rollouts/0174,True,True,174,False,1211,FAIL,True,terminal_absent,task_T
ORIGINAL,True,0,29,1.0,193,control,False,ABSENT_74da3db83796a813dd7e,missing,2azQ1b91cZZ,FAIL,ORIGINAL_1209,IDENT_134e9da2f2ef076529c8,research/continuation_memory_v1/evidence_state_policy_v1/event_action_preservation_v1/runs/preserve_001/evaluate/session_gpu5_001/rollouts/0175,True,True,175,False,1209,FAIL,True,terminal_absent,task_T
REPAIR,True,0,29,1.0,191,control,False,ABSENT_74da3db83796a813dd7e,missing,2azQ1b91cZZ,FAIL,REPAIR_1209,IDENT_134e9da2f2ef076529c8,research/continuation_memory_v1/evidence_state_policy_v1/event_action_preservation_v1/runs/preserve_001/evaluate/session_gpu5_001/rollouts/0176,True,True,176,False,1209,FAIL,True,terminal_absent,task_T
ORIGINAL,True,0,29,1.0,40,control,False,ABSENT_74da3db83796a813dd7e,missing,2azQ1b91cZZ,FAIL,ORIGINAL_1210,IDENT_134e9da2f2ef076529c8,research/continuation_memory_v1/evidence_state_policy_v1/event_action_preservation_v1/runs/preserve_001/evaluate/session_gpu5_001/rollouts/0177,True,True,177,False,1210,FAIL,True,terminal_absent,task_T
REPAIR,True,0,29,1.0,40,control,False,ABSENT_74da3db83796a813dd7e,missing,2azQ1b91cZZ,FAIL,REPAIR_1210,IDENT_134e9da2f2ef076529c8,research/continuation_memory_v1/evidence_state_policy_v1/event_action_preservation_v1/runs/preserve_001/evaluate/session_gpu5_001/rollouts/0178,True,True,178,False,1210,FAIL,True,terminal_absent,task_T
ORIGINAL,True,0,29,1.0,500,control,True,ABSENT_74da3db83796a813dd7e,missing,2azQ1b91cZZ,FAIL,ORIGINAL_1211,IDENT_134e9da2f2ef076529c8,research/continuation_memory_v1/evidence_state_policy_v1/event_action_preservation_v1/runs/preserve_001/evaluate/session_gpu5_001/rollouts/0179,True,False,179,False,1211,FAIL,False,terminal_absent,task_T
ORIGINAL,True,0,30,1.0,93,main,False,ABSENT_74da3db83796a813dd7e,missing_sham,2azQ1b91cZZ,FAIL,ORIGINAL_1209,IDENT_134e9da2f2ef076529c8,research/continuation_memory_v1/evidence_state_policy_v1/event_action_preservation_v1/runs/preserve_001/evaluate/session_gpu6_001/rollouts/0180,True,True,180,False,1209,FAIL,True,terminal_absent,task_A
REPAIR,True,0,30,1.0,93,main,False,ABSENT_74da3db83796a813dd7e,missing_sham,2azQ1b91cZZ,FAIL,REPAIR_1209,IDENT_134e9da2f2ef076529c8,research/continuation_memory_v1/evidence_state_policy_v1/event_action_preservation_v1/runs/preserve_001/evaluate/session_gpu6_001/rollouts/0181,True,True,181,False,1209,FAIL,True,terminal_absent,task_A
ORIGINAL,True,0,30,0.342,171,main,False,ABSENT_74da3db83796a813dd7e,missing_sham,2azQ1b91cZZ,PASS,ORIGINAL_1210,IDENT_134e9da2f2ef076529c8,research/continuation_memory_v1/evidence_state_policy_v1/event_action_preservation_v1/runs/preserve_001/evaluate/session_gpu6_001/rollouts/0182,True,False,182,True,1210,PASS,True,terminal_absent,task_A
REPAIR,True,0,30,0.334,167,main,False,ABSENT_74da3db83796a813dd7e,missing_sham,2azQ1b91cZZ,PASS,REPAIR_1210,IDENT_134e9da2f2ef076529c8,research/continuation_memory_v1/evidence_state_policy_v1/event_action_preservation_v1/runs/preserve_001/evaluate/session_gpu6_001/rollouts/0183,True,False,183,True,1210,PASS,True,terminal_absent,task_A
ORIGINAL,True,0,30,0.146,73,main,False,ABSENT_74da3db83796a813dd7e,missing_sham,2azQ1b91cZZ,PASS,ORIGINAL_1211,IDENT_134e9da2f2ef076529c8,research/continuation_memory_v1/evidence_state_policy_v1/event_action_preservation_v1/runs/preserve_001/evaluate/session_gpu6_001/rollouts/0184,True,False,184,True,1211,PASS,True,terminal_absent,task_A
REPAIR,True,0,30,0.146,73,main,False,ABSENT_74da3db83796a813dd7e,missing_sham,2azQ1b91cZZ,PASS,REPAIR_1211,IDENT_134e9da2f2ef076529c8,research/continuation_memory_v1/evidence_state_policy_v1/event_action_preservation_v1/runs/preserve_001/evaluate/session_gpu6_001/rollouts/0185,True,False,185,True,1211,PASS,True,terminal_absent,task_A
REPAIR,True,0,31,1.0,39,control,False,ABSENT_74da3db83796a813dd7e,missing_sham,2azQ1b91cZZ,FAIL,REPAIR_1209,IDENT_134e9da2f2ef076529c8,research/continuation_memory_v1/evidence_state_policy_v1/event_action_preservation_v1/runs/preserve_001/evaluate/session_gpu7_001/rollouts/0186,True,True,186,False,1209,FAIL,True,terminal_absent,task_T
ORIGINAL,True,0,31,1.0,40,control,False,ABSENT_74da3db83796a813dd7e,missing_sham,2azQ1b91cZZ,FAIL,ORIGINAL_1210,IDENT_134e9da2f2ef076529c8,research/continuation_memory_v1/evidence_state_policy_v1/event_action_preservation_v1/runs/preserve_001/evaluate/session_gpu7_001/rollouts/0187,True,True,187,False,1210,FAIL,True,terminal_absent,task_T
REPAIR,True,0,31,1.0,40,control,False,ABSENT_74da3db83796a813dd7e,missing_sham,2azQ1b91cZZ,FAIL,REPAIR_1210,IDENT_134e9da2f2ef076529c8,research/continuation_memory_v1/evidence_state_policy_v1/event_action_preservation_v1/runs/preserve_001/evaluate/session_gpu7_001/rollouts/0188,True,True,188,False,1210,FAIL,True,terminal_absent,task_T
ORIGINAL,True,0,31,1.0,500,control,True,ABSENT_74da3db83796a813dd7e,missing_sham,2azQ1b91cZZ,FAIL,ORIGINAL_1211,IDENT_134e9da2f2ef076529c8,research/continuation_memory_v1/evidence_state_policy_v1/event_action_preservation_v1/runs/preserve_001/evaluate/session_gpu7_001/rollouts/0189,True,False,189,False,1211,FAIL,False,terminal_absent,task_T
REPAIR,True,0,31,1.0,342,control,False,ABSENT_74da3db83796a813dd7e,missing_sham,2azQ1b91cZZ,FAIL,REPAIR_1211,IDENT_134e9da2f2ef076529c8,research/continuation_memory_v1/evidence_state_policy_v1/event_action_preservation_v1/runs/preserve_001/evaluate/session_gpu7_001/rollouts/0190,True,True,190,False,1211,FAIL,True,terminal_absent,task_T
ORIGINAL,True,0,31,1.0,39,control,False,ABSENT_74da3db83796a813dd7e,missing_sham,2azQ1b91cZZ,FAIL,ORIGINAL_1209,IDENT_134e9da2f2ef076529c8,research/continuation_memory_v1/evidence_state_policy_v1/event_action_preservation_v1/runs/preserve_001/evaluate/session_gpu7_001/rollouts/0191,True,True,191,False,1209,FAIL,True,terminal_absent,task_T
ORIGINAL,True,0,32,1.0,184,main,False,ABSENT_bb4203d7cca2a519f091,seen,2azQ1b91cZZ,FAIL,ORIGINAL_1210,IDENT_964dd69c3808373dfa09,research/continuation_memory_v1/evidence_state_policy_v1/event_action_preservation_v1/runs/preserve_001/evaluate/session_gpu0_001/rollouts/0192,True,True,192,False,1210,FAIL,True,terminal_absent,task_A
REPAIR,True,0,32,0.39,195,main,False,ABSENT_bb4203d7cca2a519f091,seen,2azQ1b91cZZ,PASS,REPAIR_1210,IDENT_964dd69c3808373dfa09,research/continuation_memory_v1/evidence_state_policy_v1/event_action_preservation_v1/runs/preserve_001/evaluate/session_gpu0_001/rollouts/0193,True,False,193,True,1210,PASS,True,terminal_absent,task_A
ORIGINAL,True,0,32,0.194,97,main,False,ABSENT_bb4203d7cca2a519f091,seen,2azQ1b91cZZ,PASS,ORIGINAL_1211,IDENT_964dd69c3808373dfa09,research/continuation_memory_v1/evidence_state_policy_v1/event_action_preservation_v1/runs/preserve_001/evaluate/session_gpu0_001/rollouts/0194,True,False,194,True,1211,PASS,True,terminal_absent,task_A
REPAIR,True,0,32,0.194,97,main,False,ABSENT_bb4203d7cca2a519f091,seen,2azQ1b91cZZ,PASS,REPAIR_1211,IDENT_964dd69c3808373dfa09,research/continuation_memory_v1/evidence_state_policy_v1/event_action_preservation_v1/runs/preserve_001/evaluate/session_gpu0_001/rollouts/0195,True,False,195,True,1211,PASS,True,terminal_absent,task_A
ORIGINAL,True,0,32,0.078,39,main,False,ABSENT_bb4203d7cca2a519f091,seen,2azQ1b91cZZ,PASS,ORIGINAL_1209,IDENT_964dd69c3808373dfa09,research/continuation_memory_v1/evidence_state_policy_v1/event_action_preservation_v1/runs/preserve_001/evaluate/session_gpu0_001/rollouts/0196,True,False,196,True,1209,PASS,True,terminal_absent,task_A
REPAIR,True,0,32,0.314,157,main,False,ABSENT_bb4203d7cca2a519f091,seen,2azQ1b91cZZ,PASS,REPAIR_1209,IDENT_964dd69c3808373dfa09,research/continuation_memory_v1/evidence_state_policy_v1/event_action_preservation_v1/runs/preserve_001/evaluate/session_gpu0_001/rollouts/0197,True,False,197,True,1209,PASS,True,terminal_absent,task_A
REPAIR,True,0,33,1.0,91,control,False,ABSENT_bb4203d7cca2a519f091,seen,2azQ1b91cZZ,FAIL,REPAIR_1210,IDENT_964dd69c3808373dfa09,research/continuation_memory_v1/evidence_state_policy_v1/event_action_preservation_v1/runs/preserve_001/evaluate/session_gpu1_001/rollouts/0198,True,True,198,False,1210,FAIL,True,terminal_absent,task_T
ORIGINAL,True,0,33,0.146,73,control,False,ABSENT_bb4203d7cca2a519f091,seen,2azQ1b91cZZ,PASS,ORIGINAL_1211,IDENT_964dd69c3808373dfa09,research/continuation_memory_v1/evidence_state_policy_v1/event_action_preservation_v1/runs/preserve_001/evaluate/session_gpu1_001/rollouts/0199,True,False,199,True,1211,PASS,True,terminal_absent,task_T
REPAIR,True,0,33,0.146,73,control,False,ABSENT_bb4203d7cca2a519f091,seen,2azQ1b91cZZ,PASS,REPAIR_1211,IDENT_964dd69c3808373dfa09,research/continuation_memory_v1/evidence_state_policy_v1/event_action_preservation_v1/runs/preserve_001/evaluate/session_gpu1_001/rollouts/0200,True,False,200,True,1211,PASS,True,terminal_absent,task_T
ORIGINAL,True,0,33,1.0,55,control,False,ABSENT_bb4203d7cca2a519f091,seen,2azQ1b91cZZ,FAIL,ORIGINAL_1209,IDENT_964dd69c3808373dfa09,research/continuation_memory_v1/evidence_state_policy_v1/event_action_preservation_v1/runs/preserve_001/evaluate/session_gpu1_001/rollouts/0201,True,True,201,False,1209,FAIL,True,terminal_absent,task_T
REPAIR,True,0,33,1.0,55,control,False,ABSENT_bb4203d7cca2a519f091,seen,2azQ1b91cZZ,FAIL,REPAIR_1209,IDENT_964dd69c3808373dfa09,research/continuation_memory_v1/evidence_state_policy_v1/event_action_preservation_v1/runs/preserve_001/evaluate/session_gpu1_001/rollouts/0202,True,True,202,False,1209,FAIL,True,terminal_absent,task_T
ORIGINAL,True,0,33,1.0,91,control,False,ABSENT_bb4203d7cca2a519f091,seen,2azQ1b91cZZ,FAIL,ORIGINAL_1210,IDENT_964dd69c3808373dfa09,research/continuation_memory_v1/evidence_state_policy_v1/event_action_preservation_v1/runs/preserve_001/evaluate/session_gpu1_001/rollouts/0203,True,True,203,False,1210,FAIL,True,terminal_absent,task_T
ORIGINAL,True,0,34,0.118,59,main,False,ABSENT_bb4203d7cca2a519f091,seen_sham,2azQ1b91cZZ,PASS,ORIGINAL_1211,IDENT_964dd69c3808373dfa09,research/continuation_memory_v1/evidence_state_policy_v1/event_action_preservation_v1/runs/preserve_001/evaluate/session_gpu2_001/rollouts/0204,True,False,204,True,1211,PASS,True,terminal_absent,task_A
REPAIR,True,0,34,0.186,93,main,False,ABSENT_bb4203d7cca2a519f091,seen_sham,2azQ1b91cZZ,PASS,REPAIR_1211,IDENT_964dd69c3808373dfa09,research/continuation_memory_v1/evidence_state_policy_v1/event_action_preservation_v1/runs/preserve_001/evaluate/session_gpu2_001/rollouts/0205,True,False,205,True,1211,PASS,True,terminal_absent,task_A
ORIGINAL,True,0,34,0.154,77,main,False,ABSENT_bb4203d7cca2a519f091,seen_sham,2azQ1b91cZZ,PASS,ORIGINAL_1209,IDENT_964dd69c3808373dfa09,research/continuation_memory_v1/evidence_state_policy_v1/event_action_preservation_v1/runs/preserve_001/evaluate/session_gpu2_001/rollouts/0206,True,False,206,True,1209,PASS,True,terminal_absent,task_A
REPAIR,True,0,34,0.314,157,main,False,ABSENT_bb4203d7cca2a519f091,seen_sham,2azQ1b91cZZ,PASS,REPAIR_1209,IDENT_964dd69c3808373dfa09,research/continuation_memory_v1/evidence_state_policy_v1/event_action_preservation_v1/runs/preserve_001/evaluate/session_gpu2_001/rollouts/0207,True,False,207,True,1209,PASS,True,terminal_absent,task_A
ORIGINAL,True,0,34,0.286,143,main,False,ABSENT_bb4203d7cca2a519f091,seen_sham,2azQ1b91cZZ,PASS,ORIGINAL_1210,IDENT_964dd69c3808373dfa09,research/continuation_memory_v1/evidence_state_policy_v1/event_action_preservation_v1/runs/preserve_001/evaluate/session_gpu2_001/rollouts/0208,True,False,208,True,1210,PASS,True,terminal_absent,task_A
REPAIR,True,0,34,0.39,195,main,False,ABSENT_bb4203d7cca2a519f091,seen_sham,2azQ1b91cZZ,PASS,REPAIR_1210,IDENT_964dd69c3808373dfa09,research/continuation_memory_v1/evidence_state_policy_v1/event_action_preservation_v1/runs/preserve_001/evaluate/session_gpu2_001/rollouts/0209,True,False,209,True,1210,PASS,True,terminal_absent,task_A
REPAIR,True,0,35,0.146,73,control,False,ABSENT_bb4203d7cca2a519f091,seen_sham,2azQ1b91cZZ,PASS,REPAIR_1211,IDENT_964dd69c3808373dfa09,research/continuation_memory_v1/evidence_state_policy_v1/event_action_preservation_v1/runs/preserve_001/evaluate/session_gpu3_001/rollouts/0210,True,False,210,True,1211,PASS,True,terminal_absent,task_T
ORIGINAL,True,0,35,1.0,53,control,False,ABSENT_bb4203d7cca2a519f091,seen_sham,2azQ1b91cZZ,FAIL,ORIGINAL_1209,IDENT_964dd69c3808373dfa09,research/continuation_memory_v1/evidence_state_policy_v1/event_action_preservation_v1/runs/preserve_001/evaluate/session_gpu3_001/rollouts/0211,True,True,211,False,1209,FAIL,True,terminal_absent,task_T
REPAIR,True,0,35,1.0,53,control,False,ABSENT_bb4203d7cca2a519f091,seen_sham,2azQ1b91cZZ,FAIL,REPAIR_1209,IDENT_964dd69c3808373dfa09,research/continuation_memory_v1/evidence_state_policy_v1/event_action_preservation_v1/runs/preserve_001/evaluate/session_gpu3_001/rollouts/0212,True,True,212,False,1209,FAIL,True,terminal_absent,task_T
ORIGINAL,True,0,35,1.0,91,control,False,ABSENT_bb4203d7cca2a519f091,seen_sham,2azQ1b91cZZ,FAIL,ORIGINAL_1210,IDENT_964dd69c3808373dfa09,research/continuation_memory_v1/evidence_state_policy_v1/event_action_preservation_v1/runs/preserve_001/evaluate/session_gpu3_001/rollouts/0213,True,True,213,False,1210,FAIL,True,terminal_absent,task_T
REPAIR,True,0,35,1.0,91,control,False,ABSENT_bb4203d7cca2a519f091,seen_sham,2azQ1b91cZZ,FAIL,REPAIR_1210,IDENT_964dd69c3808373dfa09,research/continuation_memory_v1/evidence_state_policy_v1/event_action_preservation_v1/runs/preserve_001/evaluate/session_gpu3_001/rollouts/0214,True,True,214,False,1210,FAIL,True,terminal_absent,task_T
ORIGINAL,True,0,35,0.146,73,control,False,ABSENT_bb4203d7cca2a519f091,seen_sham,2azQ1b91cZZ,PASS,ORIGINAL_1211,IDENT_964dd69c3808373dfa09,research/continuation_memory_v1/evidence_state_policy_v1/event_action_preservation_v1/runs/preserve_001/evaluate/session_gpu3_001/rollouts/0215,True,False,215,True,1211,PASS,True,terminal_absent,task_T
ORIGINAL,True,0,36,1.0,53,main,False,ABSENT_bb4203d7cca2a519f091,missing,2azQ1b91cZZ,FAIL,ORIGINAL_1209,IDENT_964dd69c3808373dfa09,research/continuation_memory_v1/evidence_state_policy_v1/event_action_preservation_v1/runs/preserve_001/evaluate/session_gpu4_001/rollouts/0216,True,True,216,False,1209,FAIL,True,terminal_absent,task_A
REPAIR,True,0,36,1.0,53,main,False,ABSENT_bb4203d7cca2a519f091,missing,2azQ1b91cZZ,FAIL,REPAIR_1209,IDENT_964dd69c3808373dfa09,research/continuation_memory_v1/evidence_state_policy_v1/event_action_preservation_v1/runs/preserve_001/evaluate/session_gpu4_001/rollouts/0217,True,True,217,False,1209,FAIL,True,terminal_absent,task_A
ORIGINAL,True,0,36,1.0,89,main,False,ABSENT_bb4203d7cca2a519f091,missing,2azQ1b91cZZ,FAIL,ORIGINAL_1210,IDENT_964dd69c3808373dfa09,research/continuation_memory_v1/evidence_state_policy_v1/event_action_preservation_v1/runs/preserve_001/evaluate/session_gpu4_001/rollouts/0218,True,True,218,False,1210,FAIL,True,terminal_absent,task_A
REPAIR,True,0,36,1.0,97,main,False,ABSENT_bb4203d7cca2a519f091,missing,2azQ1b91cZZ,FAIL,REPAIR_1210,IDENT_964dd69c3808373dfa09,research/continuation_memory_v1/evidence_state_policy_v1/event_action_preservation_v1/runs/preserve_001/evaluate/session_gpu4_001/rollouts/0219,True,True,219,False,1210,FAIL,True,terminal_absent,task_A
ORIGINAL,True,0,36,1.0,95,main,False,ABSENT_bb4203d7cca2a519f091,missing,2azQ1b91cZZ,FAIL,ORIGINAL_1211,IDENT_964dd69c3808373dfa09,research/continuation_memory_v1/evidence_state_policy_v1/event_action_preservation_v1/runs/preserve_001/evaluate/session_gpu4_001/rollouts/0220,True,True,220,False,1211,FAIL,True,terminal_absent,task_A
REPAIR,True,0,36,1.0,95,main,False,ABSENT_bb4203d7cca2a519f091,missing,2azQ1b91cZZ,FAIL,REPAIR_1211,IDENT_964dd69c3808373dfa09,research/continuation_memory_v1/evidence_state_policy_v1/event_action_preservation_v1/runs/preserve_001/evaluate/session_gpu4_001/rollouts/0221,True,True,221,False,1211,FAIL,True,terminal_absent,task_A
REPAIR,True,0,37,1.0,55,control,False,ABSENT_bb4203d7cca2a519f091,missing,2azQ1b91cZZ,FAIL,REPAIR_1209,IDENT_964dd69c3808373dfa09,research/continuation_memory_v1/evidence_state_policy_v1/event_action_preservation_v1/runs/preserve_001/evaluate/session_gpu5_001/rollouts/0222,True,True,222,False,1209,FAIL,True,terminal_absent,task_T
ORIGINAL,True,0,37,1.0,95,control,False,ABSENT_bb4203d7cca2a519f091,missing,2azQ1b91cZZ,FAIL,ORIGINAL_1210,IDENT_964dd69c3808373dfa09,research/continuation_memory_v1/evidence_state_policy_v1/event_action_preservation_v1/runs/preserve_001/evaluate/session_gpu5_001/rollouts/0223,True,True,223,False,1210,FAIL,True,terminal_absent,task_T
REPAIR,True,0,37,1.0,95,control,False,ABSENT_bb4203d7cca2a519f091,missing,2azQ1b91cZZ,FAIL,REPAIR_1210,IDENT_964dd69c3808373dfa09,research/continuation_memory_v1/evidence_state_policy_v1/event_action_preservation_v1/runs/preserve_001/evaluate/session_gpu5_001/rollouts/0224,True,True,224,False,1210,FAIL,True,terminal_absent,task_T
ORIGINAL,True,0,37,0.146,73,control,False,ABSENT_bb4203d7cca2a519f091,missing,2azQ1b91cZZ,PASS,ORIGINAL_1211,IDENT_964dd69c3808373dfa09,research/continuation_memory_v1/evidence_state_policy_v1/event_action_preservation_v1/runs/preserve_001/evaluate/session_gpu5_001/rollouts/0225,True,False,225,True,1211,PASS,True,terminal_absent,task_T
REPAIR,True,0,37,0.146,73,control,False,ABSENT_bb4203d7cca2a519f091,missing,2azQ1b91cZZ,PASS,REPAIR_1211,IDENT_964dd69c3808373dfa09,research/continuation_memory_v1/evidence_state_policy_v1/event_action_preservation_v1/runs/preserve_001/evaluate/session_gpu5_001/rollouts/0226,True,False,226,True,1211,PASS,True,terminal_absent,task_T
ORIGINAL,True,0,37,1.0,55,control,False,ABSENT_bb4203d7cca2a519f091,missing,2azQ1b91cZZ,FAIL,ORIGINAL_1209,IDENT_964dd69c3808373dfa09,research/continuation_memory_v1/evidence_state_policy_v1/event_action_preservation_v1/runs/preserve_001/evaluate/session_gpu5_001/rollouts/0227,True,True,227,False,1209,FAIL,True,terminal_absent,task_T
ORIGINAL,True,0,38,1.0,89,main,False,ABSENT_bb4203d7cca2a519f091,missing_sham,2azQ1b91cZZ,FAIL,ORIGINAL_1210,IDENT_964dd69c3808373dfa09,research/continuation_memory_v1/evidence_state_policy_v1/event_action_preservation_v1/runs/preserve_001/evaluate/session_gpu6_001/rollouts/0228,True,True,228,False,1210,FAIL,True,terminal_absent,task_A
REPAIR,True,0,38,1.0,97,main,False,ABSENT_bb4203d7cca2a519f091,missing_sham,2azQ1b91cZZ,FAIL,REPAIR_1210,IDENT_964dd69c3808373dfa09,research/continuation_memory_v1/evidence_state_policy_v1/event_action_preservation_v1/runs/preserve_001/evaluate/session_gpu6_001/rollouts/0229,True,True,229,False,1210,FAIL,True,terminal_absent,task_A
ORIGINAL,True,0,38,1.0,95,main,False,ABSENT_bb4203d7cca2a519f091,missing_sham,2azQ1b91cZZ,FAIL,ORIGINAL_1211,IDENT_964dd69c3808373dfa09,research/continuation_memory_v1/evidence_state_policy_v1/event_action_preservation_v1/runs/preserve_001/evaluate/session_gpu6_001/rollouts/0230,True,True,230,False,1211,FAIL,True,terminal_absent,task_A
REPAIR,True,0,38,1.0,95,main,False,ABSENT_bb4203d7cca2a519f091,missing_sham,2azQ1b91cZZ,FAIL,REPAIR_1211,IDENT_964dd69c3808373dfa09,research/continuation_memory_v1/evidence_state_policy_v1/event_action_preservation_v1/runs/preserve_001/evaluate/session_gpu6_001/rollouts/0231,True,True,231,False,1211,FAIL,True,terminal_absent,task_A
ORIGINAL,True,0,38,1.0,53,main,False,ABSENT_bb4203d7cca2a519f091,missing_sham,2azQ1b91cZZ,FAIL,ORIGINAL_1209,IDENT_964dd69c3808373dfa09,research/continuation_memory_v1/evidence_state_policy_v1/event_action_preservation_v1/runs/preserve_001/evaluate/session_gpu6_001/rollouts/0232,True,True,232,False,1209,FAIL,True,terminal_absent,task_A
REPAIR,True,0,38,1.0,53,main,False,ABSENT_bb4203d7cca2a519f091,missing_sham,2azQ1b91cZZ,FAIL,REPAIR_1209,IDENT_964dd69c3808373dfa09,research/continuation_memory_v1/evidence_state_policy_v1/event_action_preservation_v1/runs/preserve_001/evaluate/session_gpu6_001/rollouts/0233,True,True,233,False,1209,FAIL,True,terminal_absent,task_A
REPAIR,True,0,39,1.0,95,control,False,ABSENT_bb4203d7cca2a519f091,missing_sham,2azQ1b91cZZ,FAIL,REPAIR_1210,IDENT_964dd69c3808373dfa09,research/continuation_memory_v1/evidence_state_policy_v1/event_action_preservation_v1/runs/preserve_001/evaluate/session_gpu7_001/rollouts/0234,True,True,234,False,1210,FAIL,True,terminal_absent,task_T
ORIGINAL,True,0,39,0.146,73,control,False,ABSENT_bb4203d7cca2a519f091,missing_sham,2azQ1b91cZZ,PASS,ORIGINAL_1211,IDENT_964dd69c3808373dfa09,research/continuation_memory_v1/evidence_state_policy_v1/event_action_preservation_v1/runs/preserve_001/evaluate/session_gpu7_001/rollouts/0235,True,False,235,True,1211,PASS,True,terminal_absent,task_T
REPAIR,True,0,39,0.146,73,control,False,ABSENT_bb4203d7cca2a519f091,missing_sham,2azQ1b91cZZ,PASS,REPAIR_1211,IDENT_964dd69c3808373dfa09,research/continuation_memory_v1/evidence_state_policy_v1/event_action_preservation_v1/runs/preserve_001/evaluate/session_gpu7_001/rollouts/0236,True,False,236,True,1211,PASS,True,terminal_absent,task_T
ORIGINAL,True,0,39,1.0,55,control,False,ABSENT_bb4203d7cca2a519f091,missing_sham,2azQ1b91cZZ,FAIL,ORIGINAL_1209,IDENT_964dd69c3808373dfa09,research/continuation_memory_v1/evidence_state_policy_v1/event_action_preservation_v1/runs/preserve_001/evaluate/session_gpu7_001/rollouts/0237,True,True,237,False,1209,FAIL,True,terminal_absent,task_T
REPAIR,True,0,39,1.0,55,control,False,ABSENT_bb4203d7cca2a519f091,missing_sham,2azQ1b91cZZ,FAIL,REPAIR_1209,IDENT_964dd69c3808373dfa09,research/continuation_memory_v1/evidence_state_policy_v1/event_action_preservation_v1/runs/preserve_001/evaluate/session_gpu7_001/rollouts/0238,True,True,238,False,1209,FAIL,True,terminal_absent,task_T
ORIGINAL,True,0,39,1.0,95,control,False,ABSENT_bb4203d7cca2a519f091,missing_sham,2azQ1b91cZZ,FAIL,ORIGINAL_1210,IDENT_964dd69c3808373dfa09,research/continuation_memory_v1/evidence_state_policy_v1/event_action_preservation_v1/runs/preserve_001/evaluate/session_gpu7_001/rollouts/0239,True,True,239,False,1210,FAIL,True,terminal_absent,task_T
ORIGINAL,True,0,40,1.0,288,main,False,ABSENT_cd271e18428318abb7b6,seen,2azQ1b91cZZ,FAIL,ORIGINAL_1211,IDENT_b5282c87ae6ba1f6f5a4,research/continuation_memory_v1/evidence_state_policy_v1/event_action_preservation_v1/runs/preserve_001/evaluate/session_gpu0_001/rollouts/0240,True,True,240,False,1211,FAIL,True,terminal_absent,task_A
REPAIR,True,0,40,1.0,292,main,False,ABSENT_cd271e18428318abb7b6,seen,2azQ1b91cZZ,FAIL,REPAIR_1211,IDENT_b5282c87ae6ba1f6f5a4,research/continuation_memory_v1/evidence_state_policy_v1/event_action_preservation_v1/runs/preserve_001/evaluate/session_gpu0_001/rollouts/0241,True,True,241,False,1211,FAIL,True,terminal_absent,task_A
ORIGINAL,True,0,40,0.186,93,main,False,ABSENT_cd271e18428318abb7b6,seen,2azQ1b91cZZ,PASS,ORIGINAL_1209,IDENT_b5282c87ae6ba1f6f5a4,research/continuation_memory_v1/evidence_state_policy_v1/event_action_preservation_v1/runs/preserve_001/evaluate/session_gpu0_001/rollouts/0242,True,False,242,True,1209,PASS,True,terminal_absent,task_A
REPAIR,True,0,40,0.186,93,main,False,ABSENT_cd271e18428318abb7b6,seen,2azQ1b91cZZ,PASS,REPAIR_1209,IDENT_b5282c87ae6ba1f6f5a4,research/continuation_memory_v1/evidence_state_policy_v1/event_action_preservation_v1/runs/preserve_001/evaluate/session_gpu0_001/rollouts/0243,True,False,243,True,1209,PASS,True,terminal_absent,task_A
ORIGINAL,True,0,40,0.296,148,main,False,ABSENT_cd271e18428318abb7b6,seen,2azQ1b91cZZ,PASS,ORIGINAL_1210,IDENT_b5282c87ae6ba1f6f5a4,research/continuation_memory_v1/evidence_state_policy_v1/event_action_preservation_v1/runs/preserve_001/evaluate/session_gpu0_001/rollouts/0244,True,False,244,True,1210,PASS,True,terminal_absent,task_A
REPAIR,True,0,40,0.296,148,main,False,ABSENT_cd271e18428318abb7b6,seen,2azQ1b91cZZ,PASS,REPAIR_1210,IDENT_b5282c87ae6ba1f6f5a4,research/continuation_memory_v1/evidence_state_policy_v1/event_action_preservation_v1/runs/preserve_001/evaluate/session_gpu0_001/rollouts/0245,True,False,245,True,1210,PASS,True,terminal_absent,task_A
REPAIR,True,0,41,1.0,138,control,False,ABSENT_cd271e18428318abb7b6,seen,2azQ1b91cZZ,FAIL,REPAIR_1211,IDENT_b5282c87ae6ba1f6f5a4,research/continuation_memory_v1/evidence_state_policy_v1/event_action_preservation_v1/runs/preserve_001/evaluate/session_gpu1_001/rollouts/0246,True,True,246,False,1211,FAIL,True,terminal_absent,task_T
ORIGINAL,True,0,41,0.118,59,control,False,ABSENT_cd271e18428318abb7b6,seen,2azQ1b91cZZ,PASS,ORIGINAL_1209,IDENT_b5282c87ae6ba1f6f5a4,research/continuation_memory_v1/evidence_state_policy_v1/event_action_preservation_v1/runs/preserve_001/evaluate/session_gpu1_001/rollouts/0247,True,False,247,True,1209,PASS,True,terminal_absent,task_T
REPAIR,True,0,41,0.118,59,control,False,ABSENT_cd271e18428318abb7b6,seen,2azQ1b91cZZ,PASS,REPAIR_1209,IDENT_b5282c87ae6ba1f6f5a4,research/continuation_memory_v1/evidence_state_policy_v1/event_action_preservation_v1/runs/preserve_001/evaluate/session_gpu1_001/rollouts/0248,True,False,248,True,1209,PASS,True,terminal_absent,task_T
ORIGINAL,True,0,41,0.322,161,control,False,ABSENT_cd271e18428318abb7b6,seen,2azQ1b91cZZ,PASS,ORIGINAL_1210,IDENT_b5282c87ae6ba1f6f5a4,research/continuation_memory_v1/evidence_state_policy_v1/event_action_preservation_v1/runs/preserve_001/evaluate/session_gpu1_001/rollouts/0249,True,False,249,True,1210,PASS,True,terminal_absent,task_T
REPAIR,True,0,41,0.322,161,control,False,ABSENT_cd271e18428318abb7b6,seen,2azQ1b91cZZ,PASS,REPAIR_1210,IDENT_b5282c87ae6ba1f6f5a4,research/continuation_memory_v1/evidence_state_policy_v1/event_action_preservation_v1/runs/preserve_001/evaluate/session_gpu1_001/rollouts/0250,True,False,250,True,1210,PASS,True,terminal_absent,task_T
ORIGINAL,True,0,41,1.0,138,control,False,ABSENT_cd271e18428318abb7b6,seen,2azQ1b91cZZ,FAIL,ORIGINAL_1211,IDENT_b5282c87ae6ba1f6f5a4,research/continuation_memory_v1/evidence_state_policy_v1/event_action_preservation_v1/runs/preserve_001/evaluate/session_gpu1_001/rollouts/0251,True,True,251,False,1211,FAIL,True,terminal_absent,task_T
ORIGINAL,True,0,42,0.186,93,main,False,ABSENT_cd271e18428318abb7b6,seen_sham,2azQ1b91cZZ,PASS,ORIGINAL_1209,IDENT_b5282c87ae6ba1f6f5a4,research/continuation_memory_v1/evidence_state_policy_v1/event_action_preservation_v1/runs/preserve_001/evaluate/session_gpu2_001/rollouts/0252,True,False,252,True,1209,PASS,True,terminal_absent,task_A
REPAIR,True,0,42,0.186,93,main,False,ABSENT_cd271e18428318abb7b6,seen_sham,2azQ1b91cZZ,PASS,REPAIR_1209,IDENT_b5282c87ae6ba1f6f5a4,research/continuation_memory_v1/evidence_state_policy_v1/event_action_preservation_v1/runs/preserve_001/evaluate/session_gpu2_001/rollouts/0253,True,False,253,True,1209,PASS,True,terminal_absent,task_A
ORIGINAL,True,0,42,0.296,148,main,False,ABSENT_cd271e18428318abb7b6,seen_sham,2azQ1b91cZZ,PASS,ORIGINAL_1210,IDENT_b5282c87ae6ba1f6f5a4,research/continuation_memory_v1/evidence_state_policy_v1/event_action_preservation_v1/runs/preserve_001/evaluate/session_gpu2_001/rollouts/0254,True,False,254,True,1210,PASS,True,terminal_absent,task_A
REPAIR,True,0,42,0.296,148,main,False,ABSENT_cd271e18428318abb7b6,seen_sham,2azQ1b91cZZ,PASS,REPAIR_1210,IDENT_b5282c87ae6ba1f6f5a4,research/continuation_memory_v1/evidence_state_policy_v1/event_action_preservation_v1/runs/preserve_001/evaluate/session_gpu2_001/rollouts/0255,True,False,255,True,1210,PASS,True,terminal_absent,task_A
ORIGINAL,True,0,42,1.0,288,main,False,ABSENT_cd271e18428318abb7b6,seen_sham,2azQ1b91cZZ,FAIL,ORIGINAL_1211,IDENT_b5282c87ae6ba1f6f5a4,research/continuation_memory_v1/evidence_state_policy_v1/event_action_preservation_v1/runs/preserve_001/evaluate/session_gpu2_001/rollouts/0256,True,True,256,False,1211,FAIL,True,terminal_absent,task_A
REPAIR,True,0,42,1.0,292,main,False,ABSENT_cd271e18428318abb7b6,seen_sham,2azQ1b91cZZ,FAIL,REPAIR_1211,IDENT_b5282c87ae6ba1f6f5a4,research/continuation_memory_v1/evidence_state_policy_v1/event_action_preservation_v1/runs/preserve_001/evaluate/session_gpu2_001/rollouts/0257,True,True,257,False,1211,FAIL,True,terminal_absent,task_A
REPAIR,True,0,43,0.118,59,control,False,ABSENT_cd271e18428318abb7b6,seen_sham,2azQ1b91cZZ,PASS,REPAIR_1209,IDENT_b5282c87ae6ba1f6f5a4,research/continuation_memory_v1/evidence_state_policy_v1/event_action_preservation_v1/runs/preserve_001/evaluate/session_gpu3_001/rollouts/0258,True,False,258,True,1209,PASS,True,terminal_absent,task_T
ORIGINAL,True,0,43,0.322,161,control,False,ABSENT_cd271e18428318abb7b6,seen_sham,2azQ1b91cZZ,PASS,ORIGINAL_1210,IDENT_b5282c87ae6ba1f6f5a4,research/continuation_memory_v1/evidence_state_policy_v1/event_action_preservation_v1/runs/preserve_001/evaluate/session_gpu3_001/rollouts/0259,True,False,259,True,1210,PASS,True,terminal_absent,task_T
REPAIR,True,0,43,0.322,161,control,False,ABSENT_cd271e18428318abb7b6,seen_sham,2azQ1b91cZZ,PASS,REPAIR_1210,IDENT_b5282c87ae6ba1f6f5a4,research/continuation_memory_v1/evidence_state_policy_v1/event_action_preservation_v1/runs/preserve_001/evaluate/session_gpu3_001/rollouts/0260,True,False,260,True,1210,PASS,True,terminal_absent,task_T
ORIGINAL,True,0,43,1.0,138,control,False,ABSENT_cd271e18428318abb7b6,seen_sham,2azQ1b91cZZ,FAIL,ORIGINAL_1211,IDENT_b5282c87ae6ba1f6f5a4,research/continuation_memory_v1/evidence_state_policy_v1/event_action_preservation_v1/runs/preserve_001/evaluate/session_gpu3_001/rollouts/0261,True,True,261,False,1211,FAIL,True,terminal_absent,task_T
REPAIR,True,0,43,1.0,138,control,False,ABSENT_cd271e18428318abb7b6,seen_sham,2azQ1b91cZZ,FAIL,REPAIR_1211,IDENT_b5282c87ae6ba1f6f5a4,research/continuation_memory_v1/evidence_state_policy_v1/event_action_preservation_v1/runs/preserve_001/evaluate/session_gpu3_001/rollouts/0262,True,True,262,False,1211,FAIL,True,terminal_absent,task_T
ORIGINAL,True,0,43,0.118,59,control,False,ABSENT_cd271e18428318abb7b6,seen_sham,2azQ1b91cZZ,PASS,ORIGINAL_1209,IDENT_b5282c87ae6ba1f6f5a4,research/continuation_memory_v1/evidence_state_policy_v1/event_action_preservation_v1/runs/preserve_001/evaluate/session_gpu3_001/rollouts/0263,True,False,263,True,1209,PASS,True,terminal_absent,task_T
ORIGINAL,True,0,44,0.358,179,main,False,ABSENT_cd271e18428318abb7b6,missing,2azQ1b91cZZ,PASS,ORIGINAL_1210,IDENT_b5282c87ae6ba1f6f5a4,research/continuation_memory_v1/evidence_state_policy_v1/event_action_preservation_v1/runs/preserve_001/evaluate/session_gpu4_001/rollouts/0264,True,False,264,True,1210,PASS,True,terminal_absent,task_A
REPAIR,True,0,44,0.358,179,main,False,ABSENT_cd271e18428318abb7b6,missing,2azQ1b91cZZ,PASS,REPAIR_1210,IDENT_b5282c87ae6ba1f6f5a4,research/continuation_memory_v1/evidence_state_policy_v1/event_action_preservation_v1/runs/preserve_001/evaluate/session_gpu4_001/rollouts/0265,True,False,265,True,1210,PASS,True,terminal_absent,task_A
ORIGINAL,True,0,44,1.0,290,main,False,ABSENT_cd271e18428318abb7b6,missing,2azQ1b91cZZ,FAIL,ORIGINAL_1211,IDENT_b5282c87ae6ba1f6f5a4,research/continuation_memory_v1/evidence_state_policy_v1/event_action_preservation_v1/runs/preserve_001/evaluate/session_gpu4_001/rollouts/0266,True,True,266,False,1211,FAIL,True,terminal_absent,task_A
REPAIR,True,0,44,1.0,296,main,False,ABSENT_cd271e18428318abb7b6,missing,2azQ1b91cZZ,FAIL,REPAIR_1211,IDENT_b5282c87ae6ba1f6f5a4,research/continuation_memory_v1/evidence_state_policy_v1/event_action_preservation_v1/runs/preserve_001/evaluate/session_gpu4_001/rollouts/0267,True,True,267,False,1211,FAIL,True,terminal_absent,task_A
ORIGINAL,True,0,44,1.0,79,main,False,ABSENT_cd271e18428318abb7b6,missing,2azQ1b91cZZ,FAIL,ORIGINAL_1209,IDENT_b5282c87ae6ba1f6f5a4,research/continuation_memory_v1/evidence_state_policy_v1/event_action_preservation_v1/runs/preserve_001/evaluate/session_gpu4_001/rollouts/0268,True,True,268,False,1209,FAIL,True,terminal_absent,task_A
REPAIR,True,0,44,1.0,79,main,False,ABSENT_cd271e18428318abb7b6,missing,2azQ1b91cZZ,FAIL,REPAIR_1209,IDENT_b5282c87ae6ba1f6f5a4,research/continuation_memory_v1/evidence_state_policy_v1/event_action_preservation_v1/runs/preserve_001/evaluate/session_gpu4_001/rollouts/0269,True,True,269,False,1209,FAIL,True,terminal_absent,task_A
REPAIR,True,1,45,1.0,500,control,True,ABSENT_cd271e18428318abb7b6,missing,2azQ1b91cZZ,UNKNOWN,REPAIR_1210,IDENT_b5282c87ae6ba1f6f5a4,research/continuation_memory_v1/evidence_state_policy_v1/event_action_preservation_v1/runs/preserve_001/evaluate/session_gpu5_001/rollouts/0270,True,False,270,False,1210,FAIL,False,terminal_absent,task_T
ORIGINAL,True,0,45,1.0,140,control,False,ABSENT_cd271e18428318abb7b6,missing,2azQ1b91cZZ,FAIL,ORIGINAL_1211,IDENT_b5282c87ae6ba1f6f5a4,research/continuation_memory_v1/evidence_state_policy_v1/event_action_preservation_v1/runs/preserve_001/evaluate/session_gpu5_001/rollouts/0271,True,True,271,False,1211,FAIL,True,terminal_absent,task_T
REPAIR,True,0,45,1.0,140,control,False,ABSENT_cd271e18428318abb7b6,missing,2azQ1b91cZZ,FAIL,REPAIR_1211,IDENT_b5282c87ae6ba1f6f5a4,research/continuation_memory_v1/evidence_state_policy_v1/event_action_preservation_v1/runs/preserve_001/evaluate/session_gpu5_001/rollouts/0272,True,True,272,False,1211,FAIL,True,terminal_absent,task_T
ORIGINAL,True,0,45,0.118,59,control,False,ABSENT_cd271e18428318abb7b6,missing,2azQ1b91cZZ,PASS,ORIGINAL_1209,IDENT_b5282c87ae6ba1f6f5a4,research/continuation_memory_v1/evidence_state_policy_v1/event_action_preservation_v1/runs/preserve_001/evaluate/session_gpu5_001/rollouts/0273,True,False,273,True,1209,PASS,True,terminal_absent,task_T
REPAIR,True,0,45,0.118,59,control,False,ABSENT_cd271e18428318abb7b6,missing,2azQ1b91cZZ,PASS,REPAIR_1209,IDENT_b5282c87ae6ba1f6f5a4,research/continuation_memory_v1/evidence_state_policy_v1/event_action_preservation_v1/runs/preserve_001/evaluate/session_gpu5_001/rollouts/0274,True,False,274,True,1209,PASS,True,terminal_absent,task_T
ORIGINAL,True,1,45,1.0,500,control,True,ABSENT_cd271e18428318abb7b6,missing,2azQ1b91cZZ,UNKNOWN,ORIGINAL_1210,IDENT_b5282c87ae6ba1f6f5a4,research/continuation_memory_v1/evidence_state_policy_v1/event_action_preservation_v1/runs/preserve_001/evaluate/session_gpu5_001/rollouts/0275,True,False,275,False,1210,FAIL,False,terminal_absent,task_T
ORIGINAL,True,0,46,1.0,288,main,False,ABSENT_cd271e18428318abb7b6,missing_sham,2azQ1b91cZZ,FAIL,ORIGINAL_1211,IDENT_b5282c87ae6ba1f6f5a4,research/continuation_memory_v1/evidence_state_policy_v1/event_action_preservation_v1/runs/preserve_001/evaluate/session_gpu6_001/rollouts/0276,True,True,276,False,1211,FAIL,True,terminal_absent,task_A
REPAIR,True,0,46,1.0,294,main,False,ABSENT_cd271e18428318abb7b6,missing_sham,2azQ1b91cZZ,FAIL,REPAIR_1211,IDENT_b5282c87ae6ba1f6f5a4,research/continuation_memory_v1/evidence_state_policy_v1/event_action_preservation_v1/runs/preserve_001/evaluate/session_gpu6_001/rollouts/0277,True,True,277,False,1211,FAIL,True,terminal_absent,task_A
ORIGINAL,True,0,46,1.0,79,main,False,ABSENT_cd271e18428318abb7b6,missing_sham,2azQ1b91cZZ,FAIL,ORIGINAL_1209,IDENT_b5282c87ae6ba1f6f5a4,research/continuation_memory_v1/evidence_state_policy_v1/event_action_preservation_v1/runs/preserve_001/evaluate/session_gpu6_001/rollouts/0278,True,True,278,False,1209,FAIL,True,terminal_absent,task_A
REPAIR,True,0,46,1.0,79,main,False,ABSENT_cd271e18428318abb7b6,missing_sham,2azQ1b91cZZ,FAIL,REPAIR_1209,IDENT_b5282c87ae6ba1f6f5a4,research/continuation_memory_v1/evidence_state_policy_v1/event_action_preservation_v1/runs/preserve_001/evaluate/session_gpu6_001/rollouts/0279,True,True,279,False,1209,FAIL,True,terminal_absent,task_A
ORIGINAL,True,0,46,0.354,177,main,False,ABSENT_cd271e18428318abb7b6,missing_sham,2azQ1b91cZZ,PASS,ORIGINAL_1210,IDENT_b5282c87ae6ba1f6f5a4,research/continuation_memory_v1/evidence_state_policy_v1/event_action_preservation_v1/runs/preserve_001/evaluate/session_gpu6_001/rollouts/0280,True,False,280,True,1210,PASS,True,terminal_absent,task_A
REPAIR,True,0,46,0.354,177,main,False,ABSENT_cd271e18428318abb7b6,missing_sham,2azQ1b91cZZ,PASS,REPAIR_1210,IDENT_b5282c87ae6ba1f6f5a4,research/continuation_memory_v1/evidence_state_policy_v1/event_action_preservation_v1/runs/preserve_001/evaluate/session_gpu6_001/rollouts/0281,True,False,281,True,1210,PASS,True,terminal_absent,task_A
REPAIR,True,0,47,1.0,140,control,False,ABSENT_cd271e18428318abb7b6,missing_sham,2azQ1b91cZZ,FAIL,REPAIR_1211,IDENT_b5282c87ae6ba1f6f5a4,research/continuation_memory_v1/evidence_state_policy_v1/event_action_preservation_v1/runs/preserve_001/evaluate/session_gpu7_001/rollouts/0282,True,True,282,False,1211,FAIL,True,terminal_absent,task_T
ORIGINAL,True,0,47,0.118,59,control,False,ABSENT_cd271e18428318abb7b6,missing_sham,2azQ1b91cZZ,PASS,ORIGINAL_1209,IDENT_b5282c87ae6ba1f6f5a4,research/continuation_memory_v1/evidence_state_policy_v1/event_action_preservation_v1/runs/preserve_001/evaluate/session_gpu7_001/rollouts/0283,True,False,283,True,1209,PASS,True,terminal_absent,task_T
REPAIR,True,0,47,0.118,59,control,False,ABSENT_cd271e18428318abb7b6,missing_sham,2azQ1b91cZZ,PASS,REPAIR_1209,IDENT_b5282c87ae6ba1f6f5a4,research/continuation_memory_v1/evidence_state_policy_v1/event_action_preservation_v1/runs/preserve_001/evaluate/session_gpu7_001/rollouts/0284,True,False,284,True,1209,PASS,True,terminal_absent,task_T
ORIGINAL,True,0,47,0.326,163,control,False,ABSENT_cd271e18428318abb7b6,missing_sham,2azQ1b91cZZ,PASS,ORIGINAL_1210,IDENT_b5282c87ae6ba1f6f5a4,research/continuation_memory_v1/evidence_state_policy_v1/event_action_preservation_v1/runs/preserve_001/evaluate/session_gpu7_001/rollouts/0285,True,False,285,True,1210,PASS,True,terminal_absent,task_T
REPAIR,True,0,47,0.326,163,control,False,ABSENT_cd271e18428318abb7b6,missing_sham,2azQ1b91cZZ,PASS,REPAIR_1210,IDENT_b5282c87ae6ba1f6f5a4,research/continuation_memory_v1/evidence_state_policy_v1/event_action_preservation_v1/runs/preserve_001/evaluate/session_gpu7_001/rollouts/0286,True,False,286,True,1210,PASS,True,terminal_absent,task_T
ORIGINAL,True,0,47,1.0,140,control,False,ABSENT_cd271e18428318abb7b6,missing_sham,2azQ1b91cZZ,FAIL,ORIGINAL_1211,IDENT_b5282c87ae6ba1f6f5a4,research/continuation_memory_v1/evidence_state_policy_v1/event_action_preservation_v1/runs/preserve_001/evaluate/session_gpu7_001/rollouts/0287,True,True,287,False,1211,FAIL,True,terminal_absent,task_T
ORIGINAL,True,0,48,0.098,49,main,False,ABSENT_d301920000a58d1ae544,seen,2azQ1b91cZZ,PASS,ORIGINAL_1209,IDENT_dc6aa1eb933efab9666c,research/continuation_memory_v1/evidence_state_policy_v1/event_action_preservation_v1/runs/preserve_001/evaluate/session_gpu0_001/rollouts/0288,True,False,288,True,1209,PASS,True,terminal_absent,task_A
REPAIR,True,0,48,0.098,49,main,False,ABSENT_d301920000a58d1ae544,seen,2azQ1b91cZZ,PASS,REPAIR_1209,IDENT_dc6aa1eb933efab9666c,research/continuation_memory_v1/evidence_state_policy_v1/event_action_preservation_v1/runs/preserve_001/evaluate/session_gpu0_001/rollouts/0289,True,False,289,True,1209,PASS,True,terminal_absent,task_A
ORIGINAL,True,0,48,0.13,65,main,False,ABSENT_d301920000a58d1ae544,seen,2azQ1b91cZZ,PASS,ORIGINAL_1210,IDENT_dc6aa1eb933efab9666c,research/continuation_memory_v1/evidence_state_policy_v1/event_action_preservation_v1/runs/preserve_001/evaluate/session_gpu0_001/rollouts/0290,True,False,290,True,1210,PASS,True,terminal_absent,task_A
REPAIR,True,0,48,0.13,65,main,False,ABSENT_d301920000a58d1ae544,seen,2azQ1b91cZZ,PASS,REPAIR_1210,IDENT_dc6aa1eb933efab9666c,research/continuation_memory_v1/evidence_state_policy_v1/event_action_preservation_v1/runs/preserve_001/evaluate/session_gpu0_001/rollouts/0291,True,False,291,True,1210,PASS,True,terminal_absent,task_A
ORIGINAL,True,0,48,0.264,132,main,False,ABSENT_d301920000a58d1ae544,seen,2azQ1b91cZZ,PASS,ORIGINAL_1211,IDENT_dc6aa1eb933efab9666c,research/continuation_memory_v1/evidence_state_policy_v1/event_action_preservation_v1/runs/preserve_001/evaluate/session_gpu0_001/rollouts/0292,True,False,292,True,1211,PASS,True,terminal_absent,task_A
REPAIR,True,0,48,0.26,130,main,False,ABSENT_d301920000a58d1ae544,seen,2azQ1b91cZZ,PASS,REPAIR_1211,IDENT_dc6aa1eb933efab9666c,research/continuation_memory_v1/evidence_state_policy_v1/event_action_preservation_v1/runs/preserve_001/evaluate/session_gpu0_001/rollouts/0293,True,False,293,True,1211,PASS,True,terminal_absent,task_A
REPAIR,True,0,49,0.082,41,control,False,ABSENT_d301920000a58d1ae544,seen,2azQ1b91cZZ,PASS,REPAIR_1209,IDENT_dc6aa1eb933efab9666c,research/continuation_memory_v1/evidence_state_policy_v1/event_action_preservation_v1/runs/preserve_001/evaluate/session_gpu1_001/rollouts/0294,True,False,294,True,1209,PASS,True,terminal_absent,task_T
ORIGINAL,True,0,49,0.112,56,control,False,ABSENT_d301920000a58d1ae544,seen,2azQ1b91cZZ,PASS,ORIGINAL_1210,IDENT_dc6aa1eb933efab9666c,research/continuation_memory_v1/evidence_state_policy_v1/event_action_preservation_v1/runs/preserve_001/evaluate/session_gpu1_001/rollouts/0295,True,False,295,True,1210,PASS,True,terminal_absent,task_T
REPAIR,True,0,49,0.112,56,control,False,ABSENT_d301920000a58d1ae544,seen,2azQ1b91cZZ,PASS,REPAIR_1210,IDENT_dc6aa1eb933efab9666c,research/continuation_memory_v1/evidence_state_policy_v1/event_action_preservation_v1/runs/preserve_001/evaluate/session_gpu1_001/rollouts/0296,True,False,296,True,1210,PASS,True,terminal_absent,task_T
ORIGINAL,True,0,49,0.132,66,control,False,ABSENT_d301920000a58d1ae544,seen,2azQ1b91cZZ,PASS,ORIGINAL_1211,IDENT_dc6aa1eb933efab9666c,research/continuation_memory_v1/evidence_state_policy_v1/event_action_preservation_v1/runs/preserve_001/evaluate/session_gpu1_001/rollouts/0297,True,False,297,True,1211,PASS,True,terminal_absent,task_T
REPAIR,True,0,49,0.132,66,control,False,ABSENT_d301920000a58d1ae544,seen,2azQ1b91cZZ,PASS,REPAIR_1211,IDENT_dc6aa1eb933efab9666c,research/continuation_memory_v1/evidence_state_policy_v1/event_action_preservation_v1/runs/preserve_001/evaluate/session_gpu1_001/rollouts/0298,True,False,298,True,1211,PASS,True,terminal_absent,task_T
ORIGINAL,True,0,49,0.082,41,control,False,ABSENT_d301920000a58d1ae544,seen,2azQ1b91cZZ,PASS,ORIGINAL_1209,IDENT_dc6aa1eb933efab9666c,research/continuation_memory_v1/evidence_state_policy_v1/event_action_preservation_v1/runs/preserve_001/evaluate/session_gpu1_001/rollouts/0299,True,False,299,True,1209,PASS,True,terminal_absent,task_T
ORIGINAL,True,0,50,0.13,65,main,False,ABSENT_d301920000a58d1ae544,seen_sham,2azQ1b91cZZ,PASS,ORIGINAL_1210,IDENT_dc6aa1eb933efab9666c,research/continuation_memory_v1/evidence_state_policy_v1/event_action_preservation_v1/runs/preserve_001/evaluate/session_gpu2_001/rollouts/0300,True,False,300,True,1210,PASS,True,terminal_absent,task_A
REPAIR,True,0,50,0.218,109,main,False,ABSENT_d301920000a58d1ae544,seen_sham,2azQ1b91cZZ,PASS,REPAIR_1210,IDENT_dc6aa1eb933efab9666c,research/continuation_memory_v1/evidence_state_policy_v1/event_action_preservation_v1/runs/preserve_001/evaluate/session_gpu2_001/rollouts/0301,True,False,301,True,1210,PASS,True,terminal_absent,task_A
ORIGINAL,True,0,50,0.272,136,main,False,ABSENT_d301920000a58d1ae544,seen_sham,2azQ1b91cZZ,PASS,ORIGINAL_1211,IDENT_dc6aa1eb933efab9666c,research/continuation_memory_v1/evidence_state_policy_v1/event_action_preservation_v1/runs/preserve_001/evaluate/session_gpu2_001/rollouts/0302,True,False,302,True,1211,PASS,True,terminal_absent,task_A
REPAIR,True,0,50,0.304,152,main,False,ABSENT_d301920000a58d1ae544,seen_sham,2azQ1b91cZZ,PASS,REPAIR_1211,IDENT_dc6aa1eb933efab9666c,research/continuation_memory_v1/evidence_state_policy_v1/event_action_preservation_v1/runs/preserve_001/evaluate/session_gpu2_001/rollouts/0303,True,False,303,True,1211,PASS,True,terminal_absent,task_A
ORIGINAL,True,0,50,0.098,49,main,False,ABSENT_d301920000a58d1ae544,seen_sham,2azQ1b91cZZ,PASS,ORIGINAL_1209,IDENT_dc6aa1eb933efab9666c,research/continuation_memory_v1/evidence_state_policy_v1/event_action_preservation_v1/runs/preserve_001/evaluate/session_gpu2_001/rollouts/0304,True,False,304,True,1209,PASS,True,terminal_absent,task_A
REPAIR,True,0,50,0.102,51,main,False,ABSENT_d301920000a58d1ae544,seen_sham,2azQ1b91cZZ,PASS,REPAIR_1209,IDENT_dc6aa1eb933efab9666c,research/continuation_memory_v1/evidence_state_policy_v1/event_action_preservation_v1/runs/preserve_001/evaluate/session_gpu2_001/rollouts/0305,True,False,305,True,1209,PASS,True,terminal_absent,task_A
REPAIR,True,0,51,0.112,56,control,False,ABSENT_d301920000a58d1ae544,seen_sham,2azQ1b91cZZ,PASS,REPAIR_1210,IDENT_dc6aa1eb933efab9666c,research/continuation_memory_v1/evidence_state_policy_v1/event_action_preservation_v1/runs/preserve_001/evaluate/session_gpu3_001/rollouts/0306,True,False,306,True,1210,PASS,True,terminal_absent,task_T
ORIGINAL,True,0,51,0.132,66,control,False,ABSENT_d301920000a58d1ae544,seen_sham,2azQ1b91cZZ,PASS,ORIGINAL_1211,IDENT_dc6aa1eb933efab9666c,research/continuation_memory_v1/evidence_state_policy_v1/event_action_preservation_v1/runs/preserve_001/evaluate/session_gpu3_001/rollouts/0307,True,False,307,True,1211,PASS,True,terminal_absent,task_T
REPAIR,True,0,51,0.132,66,control,False,ABSENT_d301920000a58d1ae544,seen_sham,2azQ1b91cZZ,PASS,REPAIR_1211,IDENT_dc6aa1eb933efab9666c,research/continuation_memory_v1/evidence_state_policy_v1/event_action_preservation_v1/runs/preserve_001/evaluate/session_gpu3_001/rollouts/0308,True,False,308,True,1211,PASS,True,terminal_absent,task_T
ORIGINAL,True,0,51,0.082,41,control,False,ABSENT_d301920000a58d1ae544,seen_sham,2azQ1b91cZZ,PASS,ORIGINAL_1209,IDENT_dc6aa1eb933efab9666c,research/continuation_memory_v1/evidence_state_policy_v1/event_action_preservation_v1/runs/preserve_001/evaluate/session_gpu3_001/rollouts/0309,True,False,309,True,1209,PASS,True,terminal_absent,task_T
REPAIR,True,0,51,0.082,41,control,False,ABSENT_d301920000a58d1ae544,seen_sham,2azQ1b91cZZ,PASS,REPAIR_1209,IDENT_dc6aa1eb933efab9666c,research/continuation_memory_v1/evidence_state_policy_v1/event_action_preservation_v1/runs/preserve_001/evaluate/session_gpu3_001/rollouts/0310,True,False,310,True,1209,PASS,True,terminal_absent,task_T
ORIGINAL,True,0,51,0.112,56,control,False,ABSENT_d301920000a58d1ae544,seen_sham,2azQ1b91cZZ,PASS,ORIGINAL_1210,IDENT_dc6aa1eb933efab9666c,research/continuation_memory_v1/evidence_state_policy_v1/event_action_preservation_v1/runs/preserve_001/evaluate/session_gpu3_001/rollouts/0311,True,False,311,True,1210,PASS,True,terminal_absent,task_T
ORIGINAL,True,0,52,1.0,140,main,False,ABSENT_d301920000a58d1ae544,missing,2azQ1b91cZZ,FAIL,ORIGINAL_1211,IDENT_dc6aa1eb933efab9666c,research/continuation_memory_v1/evidence_state_policy_v1/event_action_preservation_v1/runs/preserve_001/evaluate/session_gpu4_001/rollouts/0312,True,True,312,False,1211,FAIL,True,terminal_absent,task_A
REPAIR,True,0,52,1.0,136,main,False,ABSENT_d301920000a58d1ae544,missing,2azQ1b91cZZ,FAIL,REPAIR_1211,IDENT_dc6aa1eb933efab9666c,research/continuation_memory_v1/evidence_state_policy_v1/event_action_preservation_v1/runs/preserve_001/evaluate/session_gpu4_001/rollouts/0313,True,True,313,False,1211,FAIL,True,terminal_absent,task_A
ORIGINAL,True,0,52,1.0,51,main,False,ABSENT_d301920000a58d1ae544,missing,2azQ1b91cZZ,FAIL,ORIGINAL_1209,IDENT_dc6aa1eb933efab9666c,research/continuation_memory_v1/evidence_state_policy_v1/event_action_preservation_v1/runs/preserve_001/evaluate/session_gpu4_001/rollouts/0314,True,True,314,False,1209,FAIL,True,terminal_absent,task_A
REPAIR,True,0,52,1.0,51,main,False,ABSENT_d301920000a58d1ae544,missing,2azQ1b91cZZ,FAIL,REPAIR_1209,IDENT_dc6aa1eb933efab9666c,research/continuation_memory_v1/evidence_state_policy_v1/event_action_preservation_v1/runs/preserve_001/evaluate/session_gpu4_001/rollouts/0315,True,True,315,False,1209,FAIL,True,terminal_absent,task_A
ORIGINAL,True,0,52,1.0,65,main,False,ABSENT_d301920000a58d1ae544,missing,2azQ1b91cZZ,FAIL,ORIGINAL_1210,IDENT_dc6aa1eb933efab9666c,research/continuation_memory_v1/evidence_state_policy_v1/event_action_preservation_v1/runs/preserve_001/evaluate/session_gpu4_001/rollouts/0316,True,True,316,False,1210,FAIL,True,terminal_absent,task_A
REPAIR,True,0,52,1.0,65,main,False,ABSENT_d301920000a58d1ae544,missing,2azQ1b91cZZ,FAIL,REPAIR_1210,IDENT_dc6aa1eb933efab9666c,research/continuation_memory_v1/evidence_state_policy_v1/event_action_preservation_v1/runs/preserve_001/evaluate/session_gpu4_001/rollouts/0317,True,True,317,False,1210,FAIL,True,terminal_absent,task_A
REPAIR,True,0,53,0.17,85,control,False,ABSENT_d301920000a58d1ae544,missing,2azQ1b91cZZ,PASS,REPAIR_1211,IDENT_dc6aa1eb933efab9666c,research/continuation_memory_v1/evidence_state_policy_v1/event_action_preservation_v1/runs/preserve_001/evaluate/session_gpu5_001/rollouts/0318,True,False,318,True,1211,PASS,True,terminal_absent,task_T
ORIGINAL,True,0,53,0.082,41,control,False,ABSENT_d301920000a58d1ae544,missing,2azQ1b91cZZ,PASS,ORIGINAL_1209,IDENT_dc6aa1eb933efab9666c,research/continuation_memory_v1/evidence_state_policy_v1/event_action_preservation_v1/runs/preserve_001/evaluate/session_gpu5_001/rollouts/0319,True,False,319,True,1209,PASS,True,terminal_absent,task_T
REPAIR,True,0,53,0.082,41,control,False,ABSENT_d301920000a58d1ae544,missing,2azQ1b91cZZ,PASS,REPAIR_1209,IDENT_dc6aa1eb933efab9666c,research/continuation_memory_v1/evidence_state_policy_v1/event_action_preservation_v1/runs/preserve_001/evaluate/session_gpu5_001/rollouts/0320,True,False,320,True,1209,PASS,True,terminal_absent,task_T
ORIGINAL,True,0,53,0.112,56,control,False,ABSENT_d301920000a58d1ae544,missing,2azQ1b91cZZ,PASS,ORIGINAL_1210,IDENT_dc6aa1eb933efab9666c,research/continuation_memory_v1/evidence_state_policy_v1/event_action_preservation_v1/runs/preserve_001/evaluate/session_gpu5_001/rollouts/0321,True,False,321,True,1210,PASS,True,terminal_absent,task_T
REPAIR,True,0,53,0.112,56,control,False,ABSENT_d301920000a58d1ae544,missing,2azQ1b91cZZ,PASS,REPAIR_1210,IDENT_dc6aa1eb933efab9666c,research/continuation_memory_v1/evidence_state_policy_v1/event_action_preservation_v1/runs/preserve_001/evaluate/session_gpu5_001/rollouts/0322,True,False,322,True,1210,PASS,True,terminal_absent,task_T
ORIGINAL,True,0,53,0.17,85,control,False,ABSENT_d301920000a58d1ae544,missing,2azQ1b91cZZ,PASS,ORIGINAL_1211,IDENT_dc6aa1eb933efab9666c,research/continuation_memory_v1/evidence_state_policy_v1/event_action_preservation_v1/runs/preserve_001/evaluate/session_gpu5_001/rollouts/0323,True,False,323,True,1211,PASS,True,terminal_absent,task_T
ORIGINAL,True,0,54,1.0,49,main,False,ABSENT_d301920000a58d1ae544,missing_sham,2azQ1b91cZZ,FAIL,ORIGINAL_1209,IDENT_dc6aa1eb933efab9666c,research/continuation_memory_v1/evidence_state_policy_v1/event_action_preservation_v1/runs/preserve_001/evaluate/session_gpu6_001/rollouts/0324,True,True,324,False,1209,FAIL,True,terminal_absent,task_A
REPAIR,True,0,54,1.0,51,main,False,ABSENT_d301920000a58d1ae544,missing_sham,2azQ1b91cZZ,FAIL,REPAIR_1209,IDENT_dc6aa1eb933efab9666c,research/continuation_memory_v1/evidence_state_policy_v1/event_action_preservation_v1/runs/preserve_001/evaluate/session_gpu6_001/rollouts/0325,True,True,325,False,1209,FAIL,True,terminal_absent,task_A
ORIGINAL,True,0,54,1.0,65,main,False,ABSENT_d301920000a58d1ae544,missing_sham,2azQ1b91cZZ,FAIL,ORIGINAL_1210,IDENT_dc6aa1eb933efab9666c,research/continuation_memory_v1/evidence_state_policy_v1/event_action_preservation_v1/runs/preserve_001/evaluate/session_gpu6_001/rollouts/0326,True,True,326,False,1210,FAIL,True,terminal_absent,task_A
REPAIR,True,0,54,1.0,65,main,False,ABSENT_d301920000a58d1ae544,missing_sham,2azQ1b91cZZ,FAIL,REPAIR_1210,IDENT_dc6aa1eb933efab9666c,research/continuation_memory_v1/evidence_state_policy_v1/event_action_preservation_v1/runs/preserve_001/evaluate/session_gpu6_001/rollouts/0327,True,True,327,False,1210,FAIL,True,terminal_absent,task_A
ORIGINAL,True,0,54,1.0,136,main,False,ABSENT_d301920000a58d1ae544,missing_sham,2azQ1b91cZZ,FAIL,ORIGINAL_1211,IDENT_dc6aa1eb933efab9666c,research/continuation_memory_v1/evidence_state_policy_v1/event_action_preservation_v1/runs/preserve_001/evaluate/session_gpu6_001/rollouts/0328,True,True,328,False,1211,FAIL,True,terminal_absent,task_A
REPAIR,True,0,54,1.0,136,main,False,ABSENT_d301920000a58d1ae544,missing_sham,2azQ1b91cZZ,FAIL,REPAIR_1211,IDENT_dc6aa1eb933efab9666c,research/continuation_memory_v1/evidence_state_policy_v1/event_action_preservation_v1/runs/preserve_001/evaluate/session_gpu6_001/rollouts/0329,True,True,329,False,1211,FAIL,True,terminal_absent,task_A
REPAIR,True,0,55,0.082,41,control,False,ABSENT_d301920000a58d1ae544,missing_sham,2azQ1b91cZZ,PASS,REPAIR_1209,IDENT_dc6aa1eb933efab9666c,research/continuation_memory_v1/evidence_state_policy_v1/event_action_preservation_v1/runs/preserve_001/evaluate/session_gpu7_001/rollouts/0330,True,False,330,True,1209,PASS,True,terminal_absent,task_T
ORIGINAL,True,0,55,0.112,56,control,False,ABSENT_d301920000a58d1ae544,missing_sham,2azQ1b91cZZ,PASS,ORIGINAL_1210,IDENT_dc6aa1eb933efab9666c,research/continuation_memory_v1/evidence_state_policy_v1/event_action_preservation_v1/runs/preserve_001/evaluate/session_gpu7_001/rollouts/0331,True,False,331,True,1210,PASS,True,terminal_absent,task_T
REPAIR,True,0,55,0.112,56,control,False,ABSENT_d301920000a58d1ae544,missing_sham,2azQ1b91cZZ,PASS,REPAIR_1210,IDENT_dc6aa1eb933efab9666c,research/continuation_memory_v1/evidence_state_policy_v1/event_action_preservation_v1/runs/preserve_001/evaluate/session_gpu7_001/rollouts/0332,True,False,332,True,1210,PASS,True,terminal_absent,task_T
ORIGINAL,True,0,55,0.132,66,control,False,ABSENT_d301920000a58d1ae544,missing_sham,2azQ1b91cZZ,PASS,ORIGINAL_1211,IDENT_dc6aa1eb933efab9666c,research/continuation_memory_v1/evidence_state_policy_v1/event_action_preservation_v1/runs/preserve_001/evaluate/session_gpu7_001/rollouts/0333,True,False,333,True,1211,PASS,True,terminal_absent,task_T
REPAIR,True,0,55,0.132,66,control,False,ABSENT_d301920000a58d1ae544,missing_sham,2azQ1b91cZZ,PASS,REPAIR_1211,IDENT_dc6aa1eb933efab9666c,research/continuation_memory_v1/evidence_state_policy_v1/event_action_preservation_v1/runs/preserve_001/evaluate/session_gpu7_001/rollouts/0334,True,False,334,True,1211,PASS,True,terminal_absent,task_T
ORIGINAL,True,0,55,0.082,41,control,False,ABSENT_d301920000a58d1ae544,missing_sham,2azQ1b91cZZ,PASS,ORIGINAL_1209,IDENT_dc6aa1eb933efab9666c,research/continuation_memory_v1/evidence_state_policy_v1/event_action_preservation_v1/runs/preserve_001/evaluate/session_gpu7_001/rollouts/0335,True,False,335,True,1209,PASS,True,terminal_absent,task_T
ORIGINAL,True,463,56,1.0,500,main,True,ABSENT_e2510d4afdc7419cd17d,seen,2azQ1b91cZZ,UNKNOWN,ORIGINAL_1210,IDENT_03004b31b37017519a2b,research/continuation_memory_v1/evidence_state_policy_v1/event_action_preservation_v1/runs/preserve_001/evaluate/session_gpu0_001/rollouts/0336,True,False,336,False,1210,FAIL,False,terminal_absent,task_A
REPAIR,True,463,56,1.0,500,main,True,ABSENT_e2510d4afdc7419cd17d,seen,2azQ1b91cZZ,UNKNOWN,REPAIR_1210,IDENT_03004b31b37017519a2b,research/continuation_memory_v1/evidence_state_policy_v1/event_action_preservation_v1/runs/preserve_001/evaluate/session_gpu0_001/rollouts/0337,True,False,337,False,1210,FAIL,False,terminal_absent,task_A
ORIGINAL,True,0,56,1.0,117,main,False,ABSENT_e2510d4afdc7419cd17d,seen,2azQ1b91cZZ,FAIL,ORIGINAL_1211,IDENT_03004b31b37017519a2b,research/continuation_memory_v1/evidence_state_policy_v1/event_action_preservation_v1/runs/preserve_001/evaluate/session_gpu0_001/rollouts/0338,True,True,338,False,1211,FAIL,True,terminal_absent,task_A
REPAIR,True,0,56,1.0,115,main,False,ABSENT_e2510d4afdc7419cd17d,seen,2azQ1b91cZZ,FAIL,REPAIR_1211,IDENT_03004b31b37017519a2b,research/continuation_memory_v1/evidence_state_policy_v1/event_action_preservation_v1/runs/preserve_001/evaluate/session_gpu0_001/rollouts/0339,True,True,339,False,1211,FAIL,True,terminal_absent,task_A
ORIGINAL,True,466,56,1.0,500,main,True,ABSENT_e2510d4afdc7419cd17d,seen,2azQ1b91cZZ,UNKNOWN,ORIGINAL_1209,IDENT_03004b31b37017519a2b,research/continuation_memory_v1/evidence_state_policy_v1/event_action_preservation_v1/runs/preserve_001/evaluate/session_gpu0_001/rollouts/0340,True,False,340,False,1209,FAIL,False,terminal_absent,task_A
REPAIR,True,466,56,1.0,500,main,True,ABSENT_e2510d4afdc7419cd17d,seen,2azQ1b91cZZ,UNKNOWN,REPAIR_1209,IDENT_03004b31b37017519a2b,research/continuation_memory_v1/evidence_state_policy_v1/event_action_preservation_v1/runs/preserve_001/evaluate/session_gpu0_001/rollouts/0341,True,False,341,False,1209,FAIL,False,terminal_absent,task_A
REPAIR,True,0,57,1.0,89,control,False,ABSENT_e2510d4afdc7419cd17d,seen,2azQ1b91cZZ,FAIL,REPAIR_1210,IDENT_03004b31b37017519a2b,research/continuation_memory_v1/evidence_state_policy_v1/event_action_preservation_v1/runs/preserve_001/evaluate/session_gpu1_001/rollouts/0342,True,True,342,False,1210,FAIL,True,terminal_absent,task_T
ORIGINAL,True,0,57,0.072,36,control,False,ABSENT_e2510d4afdc7419cd17d,seen,2azQ1b91cZZ,PASS,ORIGINAL_1211,IDENT_03004b31b37017519a2b,research/continuation_memory_v1/evidence_state_policy_v1/event_action_preservation_v1/runs/preserve_001/evaluate/session_gpu1_001/rollouts/0343,True,False,343,True,1211,PASS,True,terminal_absent,task_T
REPAIR,True,0,57,0.182,91,control,False,ABSENT_e2510d4afdc7419cd17d,seen,2azQ1b91cZZ,PASS,REPAIR_1211,IDENT_03004b31b37017519a2b,research/continuation_memory_v1/evidence_state_policy_v1/event_action_preservation_v1/runs/preserve_001/evaluate/session_gpu1_001/rollouts/0344,True,False,344,True,1211,PASS,True,terminal_absent,task_T
ORIGINAL,True,0,57,1.0,76,control,False,ABSENT_e2510d4afdc7419cd17d,seen,2azQ1b91cZZ,FAIL,ORIGINAL_1209,IDENT_03004b31b37017519a2b,research/continuation_memory_v1/evidence_state_policy_v1/event_action_preservation_v1/runs/preserve_001/evaluate/session_gpu1_001/rollouts/0345,True,True,345,False,1209,FAIL,True,terminal_absent,task_T
REPAIR,True,0,57,1.0,76,control,False,ABSENT_e2510d4afdc7419cd17d,seen,2azQ1b91cZZ,FAIL,REPAIR_1209,IDENT_03004b31b37017519a2b,research/continuation_memory_v1/evidence_state_policy_v1/event_action_preservation_v1/runs/preserve_001/evaluate/session_gpu1_001/rollouts/0346,True,True,346,False,1209,FAIL,True,terminal_absent,task_T
ORIGINAL,True,463,57,1.0,500,control,True,ABSENT_e2510d4afdc7419cd17d,seen,2azQ1b91cZZ,UNKNOWN,ORIGINAL_1210,IDENT_03004b31b37017519a2b,research/continuation_memory_v1/evidence_state_policy_v1/event_action_preservation_v1/runs/preserve_001/evaluate/session_gpu1_001/rollouts/0347,True,False,347,False,1210,FAIL,False,terminal_absent,task_T
ORIGINAL,True,0,58,1.0,117,main,False,ABSENT_e2510d4afdc7419cd17d,seen_sham,2azQ1b91cZZ,FAIL,ORIGINAL_1211,IDENT_03004b31b37017519a2b,research/continuation_memory_v1/evidence_state_policy_v1/event_action_preservation_v1/runs/preserve_001/evaluate/session_gpu2_001/rollouts/0348,True,True,348,False,1211,FAIL,True,terminal_absent,task_A
REPAIR,True,0,58,0.15,75,main,False,ABSENT_e2510d4afdc7419cd17d,seen_sham,2azQ1b91cZZ,PASS,REPAIR_1211,IDENT_03004b31b37017519a2b,research/continuation_memory_v1/evidence_state_policy_v1/event_action_preservation_v1/runs/preserve_001/evaluate/session_gpu2_001/rollouts/0349,True,False,349,True,1211,PASS,True,terminal_absent,task_A
ORIGINAL,True,466,58,1.0,500,main,True,ABSENT_e2510d4afdc7419cd17d,seen_sham,2azQ1b91cZZ,UNKNOWN,ORIGINAL_1209,IDENT_03004b31b37017519a2b,research/continuation_memory_v1/evidence_state_policy_v1/event_action_preservation_v1/runs/preserve_001/evaluate/session_gpu2_001/rollouts/0350,True,False,350,False,1209,FAIL,False,terminal_absent,task_A
REPAIR,True,466,58,1.0,500,main,True,ABSENT_e2510d4afdc7419cd17d,seen_sham,2azQ1b91cZZ,UNKNOWN,REPAIR_1209,IDENT_03004b31b37017519a2b,research/continuation_memory_v1/evidence_state_policy_v1/event_action_preservation_v1/runs/preserve_001/evaluate/session_gpu2_001/rollouts/0351,True,False,351,False,1209,FAIL,False,terminal_absent,task_A
ORIGINAL,True,463,58,1.0,500,main,True,ABSENT_e2510d4afdc7419cd17d,seen_sham,2azQ1b91cZZ,UNKNOWN,ORIGINAL_1210,IDENT_03004b31b37017519a2b,research/continuation_memory_v1/evidence_state_policy_v1/event_action_preservation_v1/runs/preserve_001/evaluate/session_gpu2_001/rollouts/0352,True,False,352,False,1210,FAIL,False,terminal_absent,task_A
REPAIR,True,461,58,1.0,500,main,True,ABSENT_e2510d4afdc7419cd17d,seen_sham,2azQ1b91cZZ,UNKNOWN,REPAIR_1210,IDENT_03004b31b37017519a2b,research/continuation_memory_v1/evidence_state_policy_v1/event_action_preservation_v1/runs/preserve_001/evaluate/session_gpu2_001/rollouts/0353,True,False,353,False,1210,FAIL,False,terminal_absent,task_A
REPAIR,True,0,59,0.126,63,control,False,ABSENT_e2510d4afdc7419cd17d,seen_sham,2azQ1b91cZZ,PASS,REPAIR_1211,IDENT_03004b31b37017519a2b,research/continuation_memory_v1/evidence_state_policy_v1/event_action_preservation_v1/runs/preserve_001/evaluate/session_gpu3_001/rollouts/0354,True,False,354,True,1211,PASS,True,terminal_absent,task_T
ORIGINAL,True,0,59,0.188,94,control,False,ABSENT_e2510d4afdc7419cd17d,seen_sham,2azQ1b91cZZ,PASS,ORIGINAL_1209,IDENT_03004b31b37017519a2b,research/continuation_memory_v1/evidence_state_policy_v1/event_action_preservation_v1/runs/preserve_001/evaluate/session_gpu3_001/rollouts/0355,True,False,355,True,1209,PASS,True,terminal_absent,task_T
REPAIR,True,0,59,0.188,94,control,False,ABSENT_e2510d4afdc7419cd17d,seen_sham,2azQ1b91cZZ,PASS,REPAIR_1209,IDENT_03004b31b37017519a2b,research/continuation_memory_v1/evidence_state_policy_v1/event_action_preservation_v1/runs/preserve_001/evaluate/session_gpu3_001/rollouts/0356,True,False,356,True,1209,PASS,True,terminal_absent,task_T
ORIGINAL,True,0,59,1.0,110,control,False,ABSENT_e2510d4afdc7419cd17d,seen_sham,2azQ1b91cZZ,FAIL,ORIGINAL_1210,IDENT_03004b31b37017519a2b,research/continuation_memory_v1/evidence_state_policy_v1/event_action_preservation_v1/runs/preserve_001/evaluate/session_gpu3_001/rollouts/0357,True,True,357,False,1210,FAIL,True,terminal_absent,task_T
REPAIR,True,0,59,1.0,89,control,False,ABSENT_e2510d4afdc7419cd17d,seen_sham,2azQ1b91cZZ,FAIL,REPAIR_1210,IDENT_03004b31b37017519a2b,research/continuation_memory_v1/evidence_state_policy_v1/event_action_preservation_v1/runs/preserve_001/evaluate/session_gpu3_001/rollouts/0358,True,True,358,False,1210,FAIL,True,terminal_absent,task_T
ORIGINAL,True,0,59,0.13,65,control,False,ABSENT_e2510d4afdc7419cd17d,seen_sham,2azQ1b91cZZ,PASS,ORIGINAL_1211,IDENT_03004b31b37017519a2b,research/continuation_memory_v1/evidence_state_policy_v1/event_action_preservation_v1/runs/preserve_001/evaluate/session_gpu3_001/rollouts/0359,True,False,359,True,1211,PASS,True,terminal_absent,task_T
ORIGINAL,True,0,60,1.0,79,main,False,ABSENT_e2510d4afdc7419cd17d,missing,2azQ1b91cZZ,FAIL,ORIGINAL_1209,IDENT_03004b31b37017519a2b,research/continuation_memory_v1/evidence_state_policy_v1/event_action_preservation_v1/runs/preserve_001/evaluate/session_gpu4_001/rollouts/0360,True,True,360,False,1209,FAIL,True,terminal_absent,task_A
REPAIR,True,0,60,1.0,111,main,False,ABSENT_e2510d4afdc7419cd17d,missing,2azQ1b91cZZ,FAIL,REPAIR_1209,IDENT_03004b31b37017519a2b,research/continuation_memory_v1/evidence_state_policy_v1/event_action_preservation_v1/runs/preserve_001/evaluate/session_gpu4_001/rollouts/0361,True,True,361,False,1209,FAIL,True,terminal_absent,task_A
ORIGINAL,True,0,60,1.0,87,main,False,ABSENT_e2510d4afdc7419cd17d,missing,2azQ1b91cZZ,FAIL,ORIGINAL_1210,IDENT_03004b31b37017519a2b,research/continuation_memory_v1/evidence_state_policy_v1/event_action_preservation_v1/runs/preserve_001/evaluate/session_gpu4_001/rollouts/0362,True,True,362,False,1210,FAIL,True,terminal_absent,task_A
REPAIR,True,0,60,1.0,87,main,False,ABSENT_e2510d4afdc7419cd17d,missing,2azQ1b91cZZ,FAIL,REPAIR_1210,IDENT_03004b31b37017519a2b,research/continuation_memory_v1/evidence_state_policy_v1/event_action_preservation_v1/runs/preserve_001/evaluate/session_gpu4_001/rollouts/0363,True,True,363,False,1210,FAIL,True,terminal_absent,task_A
ORIGINAL,True,0,60,1.0,65,main,False,ABSENT_e2510d4afdc7419cd17d,missing,2azQ1b91cZZ,FAIL,ORIGINAL_1211,IDENT_03004b31b37017519a2b,research/continuation_memory_v1/evidence_state_policy_v1/event_action_preservation_v1/runs/preserve_001/evaluate/session_gpu4_001/rollouts/0364,True,True,364,False,1211,FAIL,True,terminal_absent,task_A
REPAIR,True,0,60,1.0,65,main,False,ABSENT_e2510d4afdc7419cd17d,missing,2azQ1b91cZZ,FAIL,REPAIR_1211,IDENT_03004b31b37017519a2b,research/continuation_memory_v1/evidence_state_policy_v1/event_action_preservation_v1/runs/preserve_001/evaluate/session_gpu4_001/rollouts/0365,True,True,365,False,1211,FAIL,True,terminal_absent,task_A
REPAIR,True,0,61,1.0,52,control,False,ABSENT_e2510d4afdc7419cd17d,missing,2azQ1b91cZZ,FAIL,REPAIR_1209,IDENT_03004b31b37017519a2b,research/continuation_memory_v1/evidence_state_policy_v1/event_action_preservation_v1/runs/preserve_001/evaluate/session_gpu5_001/rollouts/0366,True,True,366,False,1209,FAIL,True,terminal_absent,task_T
ORIGINAL,True,0,61,1.0,107,control,False,ABSENT_e2510d4afdc7419cd17d,missing,2azQ1b91cZZ,FAIL,ORIGINAL_1210,IDENT_03004b31b37017519a2b,research/continuation_memory_v1/evidence_state_policy_v1/event_action_preservation_v1/runs/preserve_001/evaluate/session_gpu5_001/rollouts/0367,True,True,367,False,1210,FAIL,True,terminal_absent,task_T
REPAIR,True,0,61,1.0,107,control,False,ABSENT_e2510d4afdc7419cd17d,missing,2azQ1b91cZZ,FAIL,REPAIR_1210,IDENT_03004b31b37017519a2b,research/continuation_memory_v1/evidence_state_policy_v1/event_action_preservation_v1/runs/preserve_001/evaluate/session_gpu5_001/rollouts/0368,True,True,368,False,1210,FAIL,True,terminal_absent,task_T
ORIGINAL,True,0,61,0.09,45,control,False,ABSENT_e2510d4afdc7419cd17d,missing,2azQ1b91cZZ,PASS,ORIGINAL_1211,IDENT_03004b31b37017519a2b,research/continuation_memory_v1/evidence_state_policy_v1/event_action_preservation_v1/runs/preserve_001/evaluate/session_gpu5_001/rollouts/0369,True,False,369,True,1211,PASS,True,terminal_absent,task_T
REPAIR,True,0,61,0.09,45,control,False,ABSENT_e2510d4afdc7419cd17d,missing,2azQ1b91cZZ,PASS,REPAIR_1211,IDENT_03004b31b37017519a2b,research/continuation_memory_v1/evidence_state_policy_v1/event_action_preservation_v1/runs/preserve_001/evaluate/session_gpu5_001/rollouts/0370,True,False,370,True,1211,PASS,True,terminal_absent,task_T
ORIGINAL,True,0,61,1.0,280,control,False,ABSENT_e2510d4afdc7419cd17d,missing,2azQ1b91cZZ,FAIL,ORIGINAL_1209,IDENT_03004b31b37017519a2b,research/continuation_memory_v1/evidence_state_policy_v1/event_action_preservation_v1/runs/preserve_001/evaluate/session_gpu5_001/rollouts/0371,True,True,371,False,1209,FAIL,True,terminal_absent,task_T
ORIGINAL,True,0,62,1.0,87,main,False,ABSENT_e2510d4afdc7419cd17d,missing_sham,2azQ1b91cZZ,FAIL,ORIGINAL_1210,IDENT_03004b31b37017519a2b,research/continuation_memory_v1/evidence_state_policy_v1/event_action_preservation_v1/runs/preserve_001/evaluate/session_gpu6_001/rollouts/0372,True,True,372,False,1210,FAIL,True,terminal_absent,task_A
REPAIR,True,0,62,1.0,87,main,False,ABSENT_e2510d4afdc7419cd17d,missing_sham,2azQ1b91cZZ,FAIL,REPAIR_1210,IDENT_03004b31b37017519a2b,research/continuation_memory_v1/evidence_state_policy_v1/event_action_preservation_v1/runs/preserve_001/evaluate/session_gpu6_001/rollouts/0373,True,True,373,False,1210,FAIL,True,terminal_absent,task_A
ORIGINAL,True,0,62,1.0,77,main,False,ABSENT_e2510d4afdc7419cd17d,missing_sham,2azQ1b91cZZ,FAIL,ORIGINAL_1211,IDENT_03004b31b37017519a2b,research/continuation_memory_v1/evidence_state_policy_v1/event_action_preservation_v1/runs/preserve_001/evaluate/session_gpu6_001/rollouts/0374,True,True,374,False,1211,FAIL,True,terminal_absent,task_A
REPAIR,True,0,62,1.0,77,main,False,ABSENT_e2510d4afdc7419cd17d,missing_sham,2azQ1b91cZZ,FAIL,REPAIR_1211,IDENT_03004b31b37017519a2b,research/continuation_memory_v1/evidence_state_policy_v1/event_action_preservation_v1/runs/preserve_001/evaluate/session_gpu6_001/rollouts/0375,True,True,375,False,1211,FAIL,True,terminal_absent,task_A
ORIGINAL,True,0,62,1.0,79,main,False,ABSENT_e2510d4afdc7419cd17d,missing_sham,2azQ1b91cZZ,FAIL,ORIGINAL_1209,IDENT_03004b31b37017519a2b,research/continuation_memory_v1/evidence_state_policy_v1/event_action_preservation_v1/runs/preserve_001/evaluate/session_gpu6_001/rollouts/0376,True,True,376,False,1209,FAIL,True,terminal_absent,task_A
REPAIR,True,0,62,1.0,500,main,True,ABSENT_e2510d4afdc7419cd17d,missing_sham,2azQ1b91cZZ,FAIL,REPAIR_1209,IDENT_03004b31b37017519a2b,research/continuation_memory_v1/evidence_state_policy_v1/event_action_preservation_v1/runs/preserve_001/evaluate/session_gpu6_001/rollouts/0377,True,False,377,False,1209,FAIL,False,terminal_absent,task_A
REPAIR,True,0,63,1.0,107,control,False,ABSENT_e2510d4afdc7419cd17d,missing_sham,2azQ1b91cZZ,FAIL,REPAIR_1210,IDENT_03004b31b37017519a2b,research/continuation_memory_v1/evidence_state_policy_v1/event_action_preservation_v1/runs/preserve_001/evaluate/session_gpu7_001/rollouts/0378,True,True,378,False,1210,FAIL,True,terminal_absent,task_T
ORIGINAL,True,0,63,0.09,45,control,False,ABSENT_e2510d4afdc7419cd17d,missing_sham,2azQ1b91cZZ,PASS,ORIGINAL_1211,IDENT_03004b31b37017519a2b,research/continuation_memory_v1/evidence_state_policy_v1/event_action_preservation_v1/runs/preserve_001/evaluate/session_gpu7_001/rollouts/0379,True,False,379,True,1211,PASS,True,terminal_absent,task_T
REPAIR,True,0,63,0.09,45,control,False,ABSENT_e2510d4afdc7419cd17d,missing_sham,2azQ1b91cZZ,PASS,REPAIR_1211,IDENT_03004b31b37017519a2b,research/continuation_memory_v1/evidence_state_policy_v1/event_action_preservation_v1/runs/preserve_001/evaluate/session_gpu7_001/rollouts/0380,True,False,380,True,1211,PASS,True,terminal_absent,task_T
ORIGINAL,True,0,63,0.224,112,control,False,ABSENT_e2510d4afdc7419cd17d,missing_sham,2azQ1b91cZZ,PASS,ORIGINAL_1209,IDENT_03004b31b37017519a2b,research/continuation_memory_v1/evidence_state_policy_v1/event_action_preservation_v1/runs/preserve_001/evaluate/session_gpu7_001/rollouts/0381,True,False,381,True,1209,PASS,True,terminal_absent,task_T
REPAIR,True,0,63,0.162,81,control,False,ABSENT_e2510d4afdc7419cd17d,missing_sham,2azQ1b91cZZ,PASS,REPAIR_1209,IDENT_03004b31b37017519a2b,research/continuation_memory_v1/evidence_state_policy_v1/event_action_preservation_v1/runs/preserve_001/evaluate/session_gpu7_001/rollouts/0382,True,False,382,True,1209,PASS,True,terminal_absent,task_T
ORIGINAL,True,0,63,1.0,107,control,False,ABSENT_e2510d4afdc7419cd17d,missing_sham,2azQ1b91cZZ,FAIL,ORIGINAL_1210,IDENT_03004b31b37017519a2b,research/continuation_memory_v1/evidence_state_policy_v1/event_action_preservation_v1/runs/preserve_001/evaluate/session_gpu7_001/rollouts/0383,True,True,383,False,1210,FAIL,True,terminal_absent,task_T
ORIGINAL,True,0,64,0.154,77,main,False,IDENT_03004b31b37017519a2b,seen,2azQ1b91cZZ,PASS,ORIGINAL_1211,IDENT_03004b31b37017519a2b,research/continuation_memory_v1/evidence_state_policy_v1/event_action_preservation_v1/runs/preserve_001/evaluate/session_gpu0_001/rollouts/0384,True,False,384,True,1211,PASS,True,terminal_present,task_A
REPAIR,True,468,64,1.0,500,main,True,IDENT_03004b31b37017519a2b,seen,2azQ1b91cZZ,UNKNOWN,REPAIR_1211,IDENT_03004b31b37017519a2b,research/continuation_memory_v1/evidence_state_policy_v1/event_action_preservation_v1/runs/preserve_001/evaluate/session_gpu0_001/rollouts/0385,True,False,385,False,1211,FAIL,False,terminal_present,task_A
ORIGINAL,True,0,64,0.042,21,main,False,IDENT_03004b31b37017519a2b,seen,2azQ1b91cZZ,PASS,ORIGINAL_1209,IDENT_03004b31b37017519a2b,research/continuation_memory_v1/evidence_state_policy_v1/event_action_preservation_v1/runs/preserve_001/evaluate/session_gpu0_001/rollouts/0386,True,False,386,True,1209,PASS,True,terminal_present,task_A
REPAIR,True,466,64,1.0,500,main,True,IDENT_03004b31b37017519a2b,seen,2azQ1b91cZZ,UNKNOWN,REPAIR_1209,IDENT_03004b31b37017519a2b,research/continuation_memory_v1/evidence_state_policy_v1/event_action_preservation_v1/runs/preserve_001/evaluate/session_gpu0_001/rollouts/0387,True,False,387,False,1209,FAIL,False,terminal_present,task_A
ORIGINAL,True,0,64,0.17,85,main,False,IDENT_03004b31b37017519a2b,seen,2azQ1b91cZZ,PASS,ORIGINAL_1210,IDENT_03004b31b37017519a2b,research/continuation_memory_v1/evidence_state_policy_v1/event_action_preservation_v1/runs/preserve_001/evaluate/session_gpu0_001/rollouts/0388,True,False,388,True,1210,PASS,True,terminal_present,task_A
REPAIR,True,0,64,1.0,124,main,False,IDENT_03004b31b37017519a2b,seen,2azQ1b91cZZ,FAIL,REPAIR_1210,IDENT_03004b31b37017519a2b,research/continuation_memory_v1/evidence_state_policy_v1/event_action_preservation_v1/runs/preserve_001/evaluate/session_gpu0_001/rollouts/0389,True,True,389,False,1210,FAIL,True,terminal_present,task_A
REPAIR,True,468,65,1.0,500,control,True,IDENT_03004b31b37017519a2b,seen,2azQ1b91cZZ,UNKNOWN,REPAIR_1211,IDENT_03004b31b37017519a2b,research/continuation_memory_v1/evidence_state_policy_v1/event_action_preservation_v1/runs/preserve_001/evaluate/session_gpu1_001/rollouts/0390,True,False,390,False,1211,FAIL,False,terminal_present,task_T
ORIGINAL,True,464,65,1.0,500,control,True,IDENT_03004b31b37017519a2b,seen,2azQ1b91cZZ,UNKNOWN,ORIGINAL_1209,IDENT_03004b31b37017519a2b,research/continuation_memory_v1/evidence_state_policy_v1/event_action_preservation_v1/runs/preserve_001/evaluate/session_gpu1_001/rollouts/0391,True,False,391,False,1209,FAIL,False,terminal_present,task_T
REPAIR,True,466,65,1.0,500,control,True,IDENT_03004b31b37017519a2b,seen,2azQ1b91cZZ,UNKNOWN,REPAIR_1209,IDENT_03004b31b37017519a2b,research/continuation_memory_v1/evidence_state_policy_v1/event_action_preservation_v1/runs/preserve_001/evaluate/session_gpu1_001/rollouts/0392,True,False,392,False,1209,FAIL,False,terminal_present,task_T
ORIGINAL,True,0,65,0.158,79,control,False,IDENT_03004b31b37017519a2b,seen,2azQ1b91cZZ,PASS,ORIGINAL_1210,IDENT_03004b31b37017519a2b,research/continuation_memory_v1/evidence_state_policy_v1/event_action_preservation_v1/runs/preserve_001/evaluate/session_gpu1_001/rollouts/0393,True,False,393,True,1210,PASS,True,terminal_present,task_T
REPAIR,True,0,65,0.132,66,control,False,IDENT_03004b31b37017519a2b,seen,2azQ1b91cZZ,PASS,REPAIR_1210,IDENT_03004b31b37017519a2b,research/continuation_memory_v1/evidence_state_policy_v1/event_action_preservation_v1/runs/preserve_001/evaluate/session_gpu1_001/rollouts/0394,True,False,394,True,1210,PASS,True,terminal_present,task_T
ORIGINAL,True,468,65,1.0,500,control,True,IDENT_03004b31b37017519a2b,seen,2azQ1b91cZZ,UNKNOWN,ORIGINAL_1211,IDENT_03004b31b37017519a2b,research/continuation_memory_v1/evidence_state_policy_v1/event_action_preservation_v1/runs/preserve_001/evaluate/session_gpu1_001/rollouts/0395,True,False,395,False,1211,FAIL,False,terminal_present,task_T
ORIGINAL,True,0,66,0.042,21,main,False,IDENT_03004b31b37017519a2b,seen_sham,2azQ1b91cZZ,PASS,ORIGINAL_1209,IDENT_03004b31b37017519a2b,research/continuation_memory_v1/evidence_state_policy_v1/event_action_preservation_v1/runs/preserve_001/evaluate/session_gpu2_001/rollouts/0396,True,False,396,True,1209,PASS,True,terminal_present,task_A
REPAIR,True,466,66,1.0,500,main,True,IDENT_03004b31b37017519a2b,seen_sham,2azQ1b91cZZ,UNKNOWN,REPAIR_1209,IDENT_03004b31b37017519a2b,research/continuation_memory_v1/evidence_state_policy_v1/event_action_preservation_v1/runs/preserve_001/evaluate/session_gpu2_001/rollouts/0397,True,False,397,False,1209,FAIL,False,terminal_present,task_A
ORIGINAL,True,0,66,0.17,85,main,False,IDENT_03004b31b37017519a2b,seen_sham,2azQ1b91cZZ,PASS,ORIGINAL_1210,IDENT_03004b31b37017519a2b,research/continuation_memory_v1/evidence_state_policy_v1/event_action_preservation_v1/runs/preserve_001/evaluate/session_gpu2_001/rollouts/0398,True,False,398,True,1210,PASS,True,terminal_present,task_A
REPAIR,True,0,66,0.17,85,main,False,IDENT_03004b31b37017519a2b,seen_sham,2azQ1b91cZZ,PASS,REPAIR_1210,IDENT_03004b31b37017519a2b,research/continuation_memory_v1/evidence_state_policy_v1/event_action_preservation_v1/runs/preserve_001/evaluate/session_gpu2_001/rollouts/0399,True,False,399,True,1210,PASS,True,terminal_present,task_A
ORIGINAL,True,0,66,0.15,75,main,False,IDENT_03004b31b37017519a2b,seen_sham,2azQ1b91cZZ,PASS,ORIGINAL_1211,IDENT_03004b31b37017519a2b,research/continuation_memory_v1/evidence_state_policy_v1/event_action_preservation_v1/runs/preserve_001/evaluate/session_gpu2_001/rollouts/0400,True,False,400,True,1211,PASS,True,terminal_present,task_A
REPAIR,True,0,66,0.154,77,main,False,IDENT_03004b31b37017519a2b,seen_sham,2azQ1b91cZZ,PASS,REPAIR_1211,IDENT_03004b31b37017519a2b,research/continuation_memory_v1/evidence_state_policy_v1/event_action_preservation_v1/runs/preserve_001/evaluate/session_gpu2_001/rollouts/0401,True,False,401,True,1211,PASS,True,terminal_present,task_A
REPAIR,True,464,67,1.0,500,control,True,IDENT_03004b31b37017519a2b,seen_sham,2azQ1b91cZZ,UNKNOWN,REPAIR_1209,IDENT_03004b31b37017519a2b,research/continuation_memory_v1/evidence_state_policy_v1/event_action_preservation_v1/runs/preserve_001/evaluate/session_gpu3_001/rollouts/0402,True,False,402,False,1209,FAIL,False,terminal_present,task_T
ORIGINAL,True,0,67,0.132,66,control,False,IDENT_03004b31b37017519a2b,seen_sham,2azQ1b91cZZ,PASS,ORIGINAL_1210,IDENT_03004b31b37017519a2b,research/continuation_memory_v1/evidence_state_policy_v1/event_action_preservation_v1/runs/preserve_001/evaluate/session_gpu3_001/rollouts/0403,True,False,403,True,1210,PASS,True,terminal_present,task_T
REPAIR,True,0,67,0.132,66,control,False,IDENT_03004b31b37017519a2b,seen_sham,2azQ1b91cZZ,PASS,REPAIR_1210,IDENT_03004b31b37017519a2b,research/continuation_memory_v1/evidence_state_policy_v1/event_action_preservation_v1/runs/preserve_001/evaluate/session_gpu3_001/rollouts/0404,True,False,404,True,1210,PASS,True,terminal_present,task_T
ORIGINAL,True,468,67,1.0,500,control,True,IDENT_03004b31b37017519a2b,seen_sham,2azQ1b91cZZ,UNKNOWN,ORIGINAL_1211,IDENT_03004b31b37017519a2b,research/continuation_memory_v1/evidence_state_policy_v1/event_action_preservation_v1/runs/preserve_001/evaluate/session_gpu3_001/rollouts/0405,True,False,405,False,1211,FAIL,False,terminal_present,task_T
REPAIR,True,468,67,1.0,500,control,True,IDENT_03004b31b37017519a2b,seen_sham,2azQ1b91cZZ,UNKNOWN,REPAIR_1211,IDENT_03004b31b37017519a2b,research/continuation_memory_v1/evidence_state_policy_v1/event_action_preservation_v1/runs/preserve_001/evaluate/session_gpu3_001/rollouts/0406,True,False,406,False,1211,FAIL,False,terminal_present,task_T
ORIGINAL,True,464,67,1.0,500,control,True,IDENT_03004b31b37017519a2b,seen_sham,2azQ1b91cZZ,UNKNOWN,ORIGINAL_1209,IDENT_03004b31b37017519a2b,research/continuation_memory_v1/evidence_state_policy_v1/event_action_preservation_v1/runs/preserve_001/evaluate/session_gpu3_001/rollouts/0407,True,False,407,False,1209,FAIL,False,terminal_present,task_T
ORIGINAL,True,0,68,1.0,85,main,False,IDENT_03004b31b37017519a2b,missing,2azQ1b91cZZ,FAIL,ORIGINAL_1210,IDENT_03004b31b37017519a2b,research/continuation_memory_v1/evidence_state_policy_v1/event_action_preservation_v1/runs/preserve_001/evaluate/session_gpu4_001/rollouts/0408,True,True,408,False,1210,FAIL,True,terminal_present,task_A
REPAIR,True,0,68,1.0,85,main,False,IDENT_03004b31b37017519a2b,missing,2azQ1b91cZZ,FAIL,REPAIR_1210,IDENT_03004b31b37017519a2b,research/continuation_memory_v1/evidence_state_policy_v1/event_action_preservation_v1/runs/preserve_001/evaluate/session_gpu4_001/rollouts/0409,True,True,409,False,1210,FAIL,True,terminal_present,task_A
ORIGINAL,True,0,68,1.0,75,main,False,IDENT_03004b31b37017519a2b,missing,2azQ1b91cZZ,FAIL,ORIGINAL_1211,IDENT_03004b31b37017519a2b,research/continuation_memory_v1/evidence_state_policy_v1/event_action_preservation_v1/runs/preserve_001/evaluate/session_gpu4_001/rollouts/0410,True,True,410,False,1211,FAIL,True,terminal_present,task_A
REPAIR,True,0,68,1.0,75,main,False,IDENT_03004b31b37017519a2b,missing,2azQ1b91cZZ,FAIL,REPAIR_1211,IDENT_03004b31b37017519a2b,research/continuation_memory_v1/evidence_state_policy_v1/event_action_preservation_v1/runs/preserve_001/evaluate/session_gpu4_001/rollouts/0411,True,True,411,False,1211,FAIL,True,terminal_present,task_A
ORIGINAL,True,0,68,1.0,21,main,False,IDENT_03004b31b37017519a2b,missing,2azQ1b91cZZ,FAIL,ORIGINAL_1209,IDENT_03004b31b37017519a2b,research/continuation_memory_v1/evidence_state_policy_v1/event_action_preservation_v1/runs/preserve_001/evaluate/session_gpu4_001/rollouts/0412,True,True,412,False,1209,FAIL,True,terminal_present,task_A
REPAIR,True,0,68,1.0,21,main,False,IDENT_03004b31b37017519a2b,missing,2azQ1b91cZZ,FAIL,REPAIR_1209,IDENT_03004b31b37017519a2b,research/continuation_memory_v1/evidence_state_policy_v1/event_action_preservation_v1/runs/preserve_001/evaluate/session_gpu4_001/rollouts/0413,True,True,413,False,1209,FAIL,True,terminal_present,task_A
REPAIR,True,0,69,1.0,107,control,False,IDENT_03004b31b37017519a2b,missing,2azQ1b91cZZ,FAIL,REPAIR_1210,IDENT_03004b31b37017519a2b,research/continuation_memory_v1/evidence_state_policy_v1/event_action_preservation_v1/runs/preserve_001/evaluate/session_gpu5_001/rollouts/0414,True,True,414,False,1210,FAIL,True,terminal_present,task_T
ORIGINAL,True,468,69,1.0,500,control,True,IDENT_03004b31b37017519a2b,missing,2azQ1b91cZZ,UNKNOWN,ORIGINAL_1211,IDENT_03004b31b37017519a2b,research/continuation_memory_v1/evidence_state_policy_v1/event_action_preservation_v1/runs/preserve_001/evaluate/session_gpu5_001/rollouts/0415,True,False,415,False,1211,FAIL,False,terminal_present,task_T
REPAIR,True,468,69,1.0,500,control,True,IDENT_03004b31b37017519a2b,missing,2azQ1b91cZZ,UNKNOWN,REPAIR_1211,IDENT_03004b31b37017519a2b,research/continuation_memory_v1/evidence_state_policy_v1/event_action_preservation_v1/runs/preserve_001/evaluate/session_gpu5_001/rollouts/0416,True,False,416,False,1211,FAIL,False,terminal_present,task_T
ORIGINAL,True,464,69,1.0,500,control,True,IDENT_03004b31b37017519a2b,missing,2azQ1b91cZZ,UNKNOWN,ORIGINAL_1209,IDENT_03004b31b37017519a2b,research/continuation_memory_v1/evidence_state_policy_v1/event_action_preservation_v1/runs/preserve_001/evaluate/session_gpu5_001/rollouts/0417,True,False,417,False,1209,FAIL,False,terminal_present,task_T
REPAIR,True,464,69,1.0,500,control,True,IDENT_03004b31b37017519a2b,missing,2azQ1b91cZZ,UNKNOWN,REPAIR_1209,IDENT_03004b31b37017519a2b,research/continuation_memory_v1/evidence_state_policy_v1/event_action_preservation_v1/runs/preserve_001/evaluate/session_gpu5_001/rollouts/0418,True,False,418,False,1209,FAIL,False,terminal_present,task_T
ORIGINAL,True,0,69,1.0,107,control,False,IDENT_03004b31b37017519a2b,missing,2azQ1b91cZZ,FAIL,ORIGINAL_1210,IDENT_03004b31b37017519a2b,research/continuation_memory_v1/evidence_state_policy_v1/event_action_preservation_v1/runs/preserve_001/evaluate/session_gpu5_001/rollouts/0419,True,True,419,False,1210,FAIL,True,terminal_present,task_T
ORIGINAL,True,0,70,1.0,75,main,False,IDENT_03004b31b37017519a2b,missing_sham,2azQ1b91cZZ,FAIL,ORIGINAL_1211,IDENT_03004b31b37017519a2b,research/continuation_memory_v1/evidence_state_policy_v1/event_action_preservation_v1/runs/preserve_001/evaluate/session_gpu6_001/rollouts/0420,True,True,420,False,1211,FAIL,True,terminal_present,task_A
REPAIR,True,0,70,1.0,75,main,False,IDENT_03004b31b37017519a2b,missing_sham,2azQ1b91cZZ,FAIL,REPAIR_1211,IDENT_03004b31b37017519a2b,research/continuation_memory_v1/evidence_state_policy_v1/event_action_preservation_v1/runs/preserve_001/evaluate/session_gpu6_001/rollouts/0421,True,True,421,False,1211,FAIL,True,terminal_present,task_A
ORIGINAL,True,0,70,1.0,21,main,False,IDENT_03004b31b37017519a2b,missing_sham,2azQ1b91cZZ,FAIL,ORIGINAL_1209,IDENT_03004b31b37017519a2b,research/continuation_memory_v1/evidence_state_policy_v1/event_action_preservation_v1/runs/preserve_001/evaluate/session_gpu6_001/rollouts/0422,True,True,422,False,1209,FAIL,True,terminal_present,task_A
REPAIR,True,0,70,1.0,21,main,False,IDENT_03004b31b37017519a2b,missing_sham,2azQ1b91cZZ,FAIL,REPAIR_1209,IDENT_03004b31b37017519a2b,research/continuation_memory_v1/evidence_state_policy_v1/event_action_preservation_v1/runs/preserve_001/evaluate/session_gpu6_001/rollouts/0423,True,True,423,False,1209,FAIL,True,terminal_present,task_A
ORIGINAL,True,0,70,1.0,85,main,False,IDENT_03004b31b37017519a2b,missing_sham,2azQ1b91cZZ,FAIL,ORIGINAL_1210,IDENT_03004b31b37017519a2b,research/continuation_memory_v1/evidence_state_policy_v1/event_action_preservation_v1/runs/preserve_001/evaluate/session_gpu6_001/rollouts/0424,True,True,424,False,1210,FAIL,True,terminal_present,task_A
REPAIR,True,0,70,1.0,85,main,False,IDENT_03004b31b37017519a2b,missing_sham,2azQ1b91cZZ,FAIL,REPAIR_1210,IDENT_03004b31b37017519a2b,research/continuation_memory_v1/evidence_state_policy_v1/event_action_preservation_v1/runs/preserve_001/evaluate/session_gpu6_001/rollouts/0425,True,True,425,False,1210,FAIL,True,terminal_present,task_A
REPAIR,True,468,71,1.0,500,control,True,IDENT_03004b31b37017519a2b,missing_sham,2azQ1b91cZZ,UNKNOWN,REPAIR_1211,IDENT_03004b31b37017519a2b,research/continuation_memory_v1/evidence_state_policy_v1/event_action_preservation_v1/runs/preserve_001/evaluate/session_gpu7_001/rollouts/0426,True,False,426,False,1211,FAIL,False,terminal_present,task_T
ORIGINAL,True,436,71,1.0,500,control,True,IDENT_03004b31b37017519a2b,missing_sham,2azQ1b91cZZ,UNKNOWN,ORIGINAL_1209,IDENT_03004b31b37017519a2b,research/continuation_memory_v1/evidence_state_policy_v1/event_action_preservation_v1/runs/preserve_001/evaluate/session_gpu7_001/rollouts/0427,True,False,427,False,1209,FAIL,False,terminal_present,task_T
REPAIR,True,464,71,1.0,500,control,True,IDENT_03004b31b37017519a2b,missing_sham,2azQ1b91cZZ,UNKNOWN,REPAIR_1209,IDENT_03004b31b37017519a2b,research/continuation_memory_v1/evidence_state_policy_v1/event_action_preservation_v1/runs/preserve_001/evaluate/session_gpu7_001/rollouts/0428,True,False,428,False,1209,FAIL,False,terminal_present,task_T
ORIGINAL,True,0,71,1.0,107,control,False,IDENT_03004b31b37017519a2b,missing_sham,2azQ1b91cZZ,FAIL,ORIGINAL_1210,IDENT_03004b31b37017519a2b,research/continuation_memory_v1/evidence_state_policy_v1/event_action_preservation_v1/runs/preserve_001/evaluate/session_gpu7_001/rollouts/0429,True,True,429,False,1210,FAIL,True,terminal_present,task_T
REPAIR,True,0,71,1.0,107,control,False,IDENT_03004b31b37017519a2b,missing_sham,2azQ1b91cZZ,FAIL,REPAIR_1210,IDENT_03004b31b37017519a2b,research/continuation_memory_v1/evidence_state_policy_v1/event_action_preservation_v1/runs/preserve_001/evaluate/session_gpu7_001/rollouts/0430,True,True,430,False,1210,FAIL,True,terminal_present,task_T
ORIGINAL,True,468,71,1.0,500,control,True,IDENT_03004b31b37017519a2b,missing_sham,2azQ1b91cZZ,UNKNOWN,ORIGINAL_1211,IDENT_03004b31b37017519a2b,research/continuation_memory_v1/evidence_state_policy_v1/event_action_preservation_v1/runs/preserve_001/evaluate/session_gpu7_001/rollouts/0431,True,False,431,False,1211,FAIL,False,terminal_present,task_T
ORIGINAL,True,0,72,0.15,75,main,False,IDENT_05ff984a3ba9d356dd39,seen,2azQ1b91cZZ,PASS,ORIGINAL_1209,IDENT_05ff984a3ba9d356dd39,research/continuation_memory_v1/evidence_state_policy_v1/event_action_preservation_v1/runs/preserve_001/evaluate/session_gpu0_001/rollouts/0432,True,False,432,True,1209,PASS,True,terminal_present,task_A
REPAIR,True,0,72,0.178,89,main,False,IDENT_05ff984a3ba9d356dd39,seen,2azQ1b91cZZ,PASS,REPAIR_1209,IDENT_05ff984a3ba9d356dd39,research/continuation_memory_v1/evidence_state_policy_v1/event_action_preservation_v1/runs/preserve_001/evaluate/session_gpu0_001/rollouts/0433,True,False,433,True,1209,PASS,True,terminal_present,task_A
ORIGINAL,True,0,72,0.122,61,main,False,IDENT_05ff984a3ba9d356dd39,seen,2azQ1b91cZZ,PASS,ORIGINAL_1210,IDENT_05ff984a3ba9d356dd39,research/continuation_memory_v1/evidence_state_policy_v1/event_action_preservation_v1/runs/preserve_001/evaluate/session_gpu0_001/rollouts/0434,True,False,434,True,1210,PASS,True,terminal_present,task_A
REPAIR,True,0,72,0.214,107,main,False,IDENT_05ff984a3ba9d356dd39,seen,2azQ1b91cZZ,PASS,REPAIR_1210,IDENT_05ff984a3ba9d356dd39,research/continuation_memory_v1/evidence_state_policy_v1/event_action_preservation_v1/runs/preserve_001/evaluate/session_gpu0_001/rollouts/0435,True,False,435,True,1210,PASS,True,terminal_present,task_A
ORIGINAL,True,0,72,0.13,65,main,False,IDENT_05ff984a3ba9d356dd39,seen,2azQ1b91cZZ,PASS,ORIGINAL_1211,IDENT_05ff984a3ba9d356dd39,research/continuation_memory_v1/evidence_state_policy_v1/event_action_preservation_v1/runs/preserve_001/evaluate/session_gpu0_001/rollouts/0436,True,False,436,True,1211,PASS,True,terminal_present,task_A
REPAIR,True,0,72,0.118,59,main,False,IDENT_05ff984a3ba9d356dd39,seen,2azQ1b91cZZ,PASS,REPAIR_1211,IDENT_05ff984a3ba9d356dd39,research/continuation_memory_v1/evidence_state_policy_v1/event_action_preservation_v1/runs/preserve_001/evaluate/session_gpu0_001/rollouts/0437,True,False,437,True,1211,PASS,True,terminal_present,task_A
REPAIR,True,0,73,0.09,45,control,False,IDENT_05ff984a3ba9d356dd39,seen,2azQ1b91cZZ,PASS,REPAIR_1209,IDENT_05ff984a3ba9d356dd39,research/continuation_memory_v1/evidence_state_policy_v1/event_action_preservation_v1/runs/preserve_001/evaluate/session_gpu1_001/rollouts/0438,True,False,438,True,1209,PASS,True,terminal_present,task_T
ORIGINAL,True,0,73,0.09,45,control,False,IDENT_05ff984a3ba9d356dd39,seen,2azQ1b91cZZ,PASS,ORIGINAL_1210,IDENT_05ff984a3ba9d356dd39,research/continuation_memory_v1/evidence_state_policy_v1/event_action_preservation_v1/runs/preserve_001/evaluate/session_gpu1_001/rollouts/0439,True,False,439,True,1210,PASS,True,terminal_present,task_T
REPAIR,True,0,73,0.09,45,control,False,IDENT_05ff984a3ba9d356dd39,seen,2azQ1b91cZZ,PASS,REPAIR_1210,IDENT_05ff984a3ba9d356dd39,research/continuation_memory_v1/evidence_state_policy_v1/event_action_preservation_v1/runs/preserve_001/evaluate/session_gpu1_001/rollouts/0440,True,False,440,True,1210,PASS,True,terminal_present,task_T
ORIGINAL,True,0,73,0.09,45,control,False,IDENT_05ff984a3ba9d356dd39,seen,2azQ1b91cZZ,PASS,ORIGINAL_1211,IDENT_05ff984a3ba9d356dd39,research/continuation_memory_v1/evidence_state_policy_v1/event_action_preservation_v1/runs/preserve_001/evaluate/session_gpu1_001/rollouts/0441,True,False,441,True,1211,PASS,True,terminal_present,task_T
REPAIR,True,0,73,0.09,45,control,False,IDENT_05ff984a3ba9d356dd39,seen,2azQ1b91cZZ,PASS,REPAIR_1211,IDENT_05ff984a3ba9d356dd39,research/continuation_memory_v1/evidence_state_policy_v1/event_action_preservation_v1/runs/preserve_001/evaluate/session_gpu1_001/rollouts/0442,True,False,442,True,1211,PASS,True,terminal_present,task_T
ORIGINAL,True,0,73,0.09,45,control,False,IDENT_05ff984a3ba9d356dd39,seen,2azQ1b91cZZ,PASS,ORIGINAL_1209,IDENT_05ff984a3ba9d356dd39,research/continuation_memory_v1/evidence_state_policy_v1/event_action_preservation_v1/runs/preserve_001/evaluate/session_gpu1_001/rollouts/0443,True,False,443,True,1209,PASS,True,terminal_present,task_T
ORIGINAL,True,0,74,0.178,89,main,False,IDENT_05ff984a3ba9d356dd39,seen_sham,2azQ1b91cZZ,PASS,ORIGINAL_1210,IDENT_05ff984a3ba9d356dd39,research/continuation_memory_v1/evidence_state_policy_v1/event_action_preservation_v1/runs/preserve_001/evaluate/session_gpu2_001/rollouts/0444,True,False,444,True,1210,PASS,True,terminal_present,task_A
REPAIR,True,0,74,0.23,115,main,False,IDENT_05ff984a3ba9d356dd39,seen_sham,2azQ1b91cZZ,PASS,REPAIR_1210,IDENT_05ff984a3ba9d356dd39,research/continuation_memory_v1/evidence_state_policy_v1/event_action_preservation_v1/runs/preserve_001/evaluate/session_gpu2_001/rollouts/0445,True,False,445,True,1210,PASS,True,terminal_present,task_A
ORIGINAL,True,0,74,0.162,81,main,False,IDENT_05ff984a3ba9d356dd39,seen_sham,2azQ1b91cZZ,PASS,ORIGINAL_1211,IDENT_05ff984a3ba9d356dd39,research/continuation_memory_v1/evidence_state_policy_v1/event_action_preservation_v1/runs/preserve_001/evaluate/session_gpu2_001/rollouts/0446,True,False,446,True,1211,PASS,True,terminal_present,task_A
REPAIR,True,0,74,0.154,77,main,False,IDENT_05ff984a3ba9d356dd39,seen_sham,2azQ1b91cZZ,PASS,REPAIR_1211,IDENT_05ff984a3ba9d356dd39,research/continuation_memory_v1/evidence_state_policy_v1/event_action_preservation_v1/runs/preserve_001/evaluate/session_gpu2_001/rollouts/0447,True,False,447,True,1211,PASS,True,terminal_present,task_A
ORIGINAL,True,0,74,0.154,77,main,False,IDENT_05ff984a3ba9d356dd39,seen_sham,2azQ1b91cZZ,PASS,ORIGINAL_1209,IDENT_05ff984a3ba9d356dd39,research/continuation_memory_v1/evidence_state_policy_v1/event_action_preservation_v1/runs/preserve_001/evaluate/session_gpu2_001/rollouts/0448,True,False,448,True,1209,PASS,True,terminal_present,task_A
REPAIR,True,0,74,1.0,172,main,False,IDENT_05ff984a3ba9d356dd39,seen_sham,2azQ1b91cZZ,FAIL,REPAIR_1209,IDENT_05ff984a3ba9d356dd39,research/continuation_memory_v1/evidence_state_policy_v1/event_action_preservation_v1/runs/preserve_001/evaluate/session_gpu2_001/rollouts/0449,True,True,449,False,1209,FAIL,True,terminal_present,task_A
REPAIR,True,0,75,0.09,45,control,False,IDENT_05ff984a3ba9d356dd39,seen_sham,2azQ1b91cZZ,PASS,REPAIR_1210,IDENT_05ff984a3ba9d356dd39,research/continuation_memory_v1/evidence_state_policy_v1/event_action_preservation_v1/runs/preserve_001/evaluate/session_gpu3_001/rollouts/0450,True,False,450,True,1210,PASS,True,terminal_present,task_T
ORIGINAL,True,0,75,0.09,45,control,False,IDENT_05ff984a3ba9d356dd39,seen_sham,2azQ1b91cZZ,PASS,ORIGINAL_1211,IDENT_05ff984a3ba9d356dd39,research/continuation_memory_v1/evidence_state_policy_v1/event_action_preservation_v1/runs/preserve_001/evaluate/session_gpu3_001/rollouts/0451,True,False,451,True,1211,PASS,True,terminal_present,task_T
REPAIR,True,0,75,0.09,45,control,False,IDENT_05ff984a3ba9d356dd39,seen_sham,2azQ1b91cZZ,PASS,REPAIR_1211,IDENT_05ff984a3ba9d356dd39,research/continuation_memory_v1/evidence_state_policy_v1/event_action_preservation_v1/runs/preserve_001/evaluate/session_gpu3_001/rollouts/0452,True,False,452,True,1211,PASS,True,terminal_present,task_T
ORIGINAL,True,0,75,0.09,45,control,False,IDENT_05ff984a3ba9d356dd39,seen_sham,2azQ1b91cZZ,PASS,ORIGINAL_1209,IDENT_05ff984a3ba9d356dd39,research/continuation_memory_v1/evidence_state_policy_v1/event_action_preservation_v1/runs/preserve_001/evaluate/session_gpu3_001/rollouts/0453,True,False,453,True,1209,PASS,True,terminal_present,task_T
REPAIR,True,0,75,0.09,45,control,False,IDENT_05ff984a3ba9d356dd39,seen_sham,2azQ1b91cZZ,PASS,REPAIR_1209,IDENT_05ff984a3ba9d356dd39,research/continuation_memory_v1/evidence_state_policy_v1/event_action_preservation_v1/runs/preserve_001/evaluate/session_gpu3_001/rollouts/0454,True,False,454,True,1209,PASS,True,terminal_present,task_T
ORIGINAL,True,0,75,0.09,45,control,False,IDENT_05ff984a3ba9d356dd39,seen_sham,2azQ1b91cZZ,PASS,ORIGINAL_1210,IDENT_05ff984a3ba9d356dd39,research/continuation_memory_v1/evidence_state_policy_v1/event_action_preservation_v1/runs/preserve_001/evaluate/session_gpu3_001/rollouts/0455,True,False,455,True,1210,PASS,True,terminal_present,task_T
ORIGINAL,True,0,76,1.0,99,main,False,IDENT_05ff984a3ba9d356dd39,missing,2azQ1b91cZZ,FAIL,ORIGINAL_1211,IDENT_05ff984a3ba9d356dd39,research/continuation_memory_v1/evidence_state_policy_v1/event_action_preservation_v1/runs/preserve_001/evaluate/session_gpu4_001/rollouts/0456,True,True,456,False,1211,FAIL,True,terminal_present,task_A
REPAIR,True,0,76,1.0,95,main,False,IDENT_05ff984a3ba9d356dd39,missing,2azQ1b91cZZ,FAIL,REPAIR_1211,IDENT_05ff984a3ba9d356dd39,research/continuation_memory_v1/evidence_state_policy_v1/event_action_preservation_v1/runs/preserve_001/evaluate/session_gpu4_001/rollouts/0457,True,True,457,False,1211,FAIL,True,terminal_present,task_A
ORIGINAL,True,0,76,1.0,216,main,False,IDENT_05ff984a3ba9d356dd39,missing,2azQ1b91cZZ,FAIL,ORIGINAL_1209,IDENT_05ff984a3ba9d356dd39,research/continuation_memory_v1/evidence_state_policy_v1/event_action_preservation_v1/runs/preserve_001/evaluate/session_gpu4_001/rollouts/0458,True,True,458,False,1209,FAIL,True,terminal_present,task_A
REPAIR,True,0,76,1.0,416,main,False,IDENT_05ff984a3ba9d356dd39,missing,2azQ1b91cZZ,FAIL,REPAIR_1209,IDENT_05ff984a3ba9d356dd39,research/continuation_memory_v1/evidence_state_policy_v1/event_action_preservation_v1/runs/preserve_001/evaluate/session_gpu4_001/rollouts/0459,True,True,459,False,1209,FAIL,True,terminal_present,task_A
ORIGINAL,True,0,76,1.0,500,main,True,IDENT_05ff984a3ba9d356dd39,missing,2azQ1b91cZZ,FAIL,ORIGINAL_1210,IDENT_05ff984a3ba9d356dd39,research/continuation_memory_v1/evidence_state_policy_v1/event_action_preservation_v1/runs/preserve_001/evaluate/session_gpu4_001/rollouts/0460,True,False,460,False,1210,FAIL,False,terminal_present,task_A
REPAIR,True,0,76,1.0,111,main,False,IDENT_05ff984a3ba9d356dd39,missing,2azQ1b91cZZ,FAIL,REPAIR_1210,IDENT_05ff984a3ba9d356dd39,research/continuation_memory_v1/evidence_state_policy_v1/event_action_preservation_v1/runs/preserve_001/evaluate/session_gpu4_001/rollouts/0461,True,True,461,False,1210,FAIL,True,terminal_present,task_A
REPAIR,True,0,77,0.09,45,control,False,IDENT_05ff984a3ba9d356dd39,missing,2azQ1b91cZZ,PASS,REPAIR_1211,IDENT_05ff984a3ba9d356dd39,research/continuation_memory_v1/evidence_state_policy_v1/event_action_preservation_v1/runs/preserve_001/evaluate/session_gpu5_001/rollouts/0462,True,False,462,True,1211,PASS,True,terminal_present,task_T
ORIGINAL,True,0,77,0.09,45,control,False,IDENT_05ff984a3ba9d356dd39,missing,2azQ1b91cZZ,PASS,ORIGINAL_1209,IDENT_05ff984a3ba9d356dd39,research/continuation_memory_v1/evidence_state_policy_v1/event_action_preservation_v1/runs/preserve_001/evaluate/session_gpu5_001/rollouts/0463,True,False,463,True,1209,PASS,True,terminal_present,task_T
REPAIR,True,0,77,0.09,45,control,False,IDENT_05ff984a3ba9d356dd39,missing,2azQ1b91cZZ,PASS,REPAIR_1209,IDENT_05ff984a3ba9d356dd39,research/continuation_memory_v1/evidence_state_policy_v1/event_action_preservation_v1/runs/preserve_001/evaluate/session_gpu5_001/rollouts/0464,True,False,464,True,1209,PASS,True,terminal_present,task_T
ORIGINAL,True,0,77,0.09,45,control,False,IDENT_05ff984a3ba9d356dd39,missing,2azQ1b91cZZ,PASS,ORIGINAL_1210,IDENT_05ff984a3ba9d356dd39,research/continuation_memory_v1/evidence_state_policy_v1/event_action_preservation_v1/runs/preserve_001/evaluate/session_gpu5_001/rollouts/0465,True,False,465,True,1210,PASS,True,terminal_present,task_T
REPAIR,True,0,77,0.09,45,control,False,IDENT_05ff984a3ba9d356dd39,missing,2azQ1b91cZZ,PASS,REPAIR_1210,IDENT_05ff984a3ba9d356dd39,research/continuation_memory_v1/evidence_state_policy_v1/event_action_preservation_v1/runs/preserve_001/evaluate/session_gpu5_001/rollouts/0466,True,False,466,True,1210,PASS,True,terminal_present,task_T
ORIGINAL,True,0,77,0.09,45,control,False,IDENT_05ff984a3ba9d356dd39,missing,2azQ1b91cZZ,PASS,ORIGINAL_1211,IDENT_05ff984a3ba9d356dd39,research/continuation_memory_v1/evidence_state_policy_v1/event_action_preservation_v1/runs/preserve_001/evaluate/session_gpu5_001/rollouts/0467,True,False,467,True,1211,PASS,True,terminal_present,task_T
ORIGINAL,True,0,78,1.0,218,main,False,IDENT_05ff984a3ba9d356dd39,missing_sham,2azQ1b91cZZ,FAIL,ORIGINAL_1209,IDENT_05ff984a3ba9d356dd39,research/continuation_memory_v1/evidence_state_policy_v1/event_action_preservation_v1/runs/preserve_001/evaluate/session_gpu6_001/rollouts/0468,True,True,468,False,1209,FAIL,True,terminal_present,task_A
REPAIR,True,0,78,1.0,416,main,False,IDENT_05ff984a3ba9d356dd39,missing_sham,2azQ1b91cZZ,FAIL,REPAIR_1209,IDENT_05ff984a3ba9d356dd39,research/continuation_memory_v1/evidence_state_policy_v1/event_action_preservation_v1/runs/preserve_001/evaluate/session_gpu6_001/rollouts/0469,True,True,469,False,1209,FAIL,True,terminal_present,task_A
ORIGINAL,True,0,78,1.0,500,main,True,IDENT_05ff984a3ba9d356dd39,missing_sham,2azQ1b91cZZ,FAIL,ORIGINAL_1210,IDENT_05ff984a3ba9d356dd39,research/continuation_memory_v1/evidence_state_policy_v1/event_action_preservation_v1/runs/preserve_001/evaluate/session_gpu6_001/rollouts/0470,True,False,470,False,1210,FAIL,False,terminal_present,task_A
REPAIR,True,0,78,1.0,111,main,False,IDENT_05ff984a3ba9d356dd39,missing_sham,2azQ1b91cZZ,FAIL,REPAIR_1210,IDENT_05ff984a3ba9d356dd39,research/continuation_memory_v1/evidence_state_policy_v1/event_action_preservation_v1/runs/preserve_001/evaluate/session_gpu6_001/rollouts/0471,True,True,471,False,1210,FAIL,True,terminal_present,task_A
ORIGINAL,True,0,78,1.0,99,main,False,IDENT_05ff984a3ba9d356dd39,missing_sham,2azQ1b91cZZ,FAIL,ORIGINAL_1211,IDENT_05ff984a3ba9d356dd39,research/continuation_memory_v1/evidence_state_policy_v1/event_action_preservation_v1/runs/preserve_001/evaluate/session_gpu6_001/rollouts/0472,True,True,472,False,1211,FAIL,True,terminal_present,task_A
REPAIR,True,0,78,1.0,95,main,False,IDENT_05ff984a3ba9d356dd39,missing_sham,2azQ1b91cZZ,FAIL,REPAIR_1211,IDENT_05ff984a3ba9d356dd39,research/continuation_memory_v1/evidence_state_policy_v1/event_action_preservation_v1/runs/preserve_001/evaluate/session_gpu6_001/rollouts/0473,True,True,473,False,1211,FAIL,True,terminal_present,task_A
REPAIR,True,0,79,0.09,45,control,False,IDENT_05ff984a3ba9d356dd39,missing_sham,2azQ1b91cZZ,PASS,REPAIR_1209,IDENT_05ff984a3ba9d356dd39,research/continuation_memory_v1/evidence_state_policy_v1/event_action_preservation_v1/runs/preserve_001/evaluate/session_gpu7_001/rollouts/0474,True,False,474,True,1209,PASS,True,terminal_present,task_T
ORIGINAL,True,0,79,0.09,45,control,False,IDENT_05ff984a3ba9d356dd39,missing_sham,2azQ1b91cZZ,PASS,ORIGINAL_1210,IDENT_05ff984a3ba9d356dd39,research/continuation_memory_v1/evidence_state_policy_v1/event_action_preservation_v1/runs/preserve_001/evaluate/session_gpu7_001/rollouts/0475,True,False,475,True,1210,PASS,True,terminal_present,task_T
REPAIR,True,0,79,0.09,45,control,False,IDENT_05ff984a3ba9d356dd39,missing_sham,2azQ1b91cZZ,PASS,REPAIR_1210,IDENT_05ff984a3ba9d356dd39,research/continuation_memory_v1/evidence_state_policy_v1/event_action_preservation_v1/runs/preserve_001/evaluate/session_gpu7_001/rollouts/0476,True,False,476,True,1210,PASS,True,terminal_present,task_T
ORIGINAL,True,0,79,0.09,45,control,False,IDENT_05ff984a3ba9d356dd39,missing_sham,2azQ1b91cZZ,PASS,ORIGINAL_1211,IDENT_05ff984a3ba9d356dd39,research/continuation_memory_v1/evidence_state_policy_v1/event_action_preservation_v1/runs/preserve_001/evaluate/session_gpu7_001/rollouts/0477,True,False,477,True,1211,PASS,True,terminal_present,task_T
REPAIR,True,0,79,0.09,45,control,False,IDENT_05ff984a3ba9d356dd39,missing_sham,2azQ1b91cZZ,PASS,REPAIR_1211,IDENT_05ff984a3ba9d356dd39,research/continuation_memory_v1/evidence_state_policy_v1/event_action_preservation_v1/runs/preserve_001/evaluate/session_gpu7_001/rollouts/0478,True,False,478,True,1211,PASS,True,terminal_present,task_T
ORIGINAL,True,0,79,0.09,45,control,False,IDENT_05ff984a3ba9d356dd39,missing_sham,2azQ1b91cZZ,PASS,ORIGINAL_1209,IDENT_05ff984a3ba9d356dd39,research/continuation_memory_v1/evidence_state_policy_v1/event_action_preservation_v1/runs/preserve_001/evaluate/session_gpu7_001/rollouts/0479,True,False,479,True,1209,PASS,True,terminal_present,task_T
ORIGINAL,True,449,80,1.0,500,main,True,IDENT_134e9da2f2ef076529c8,seen,2azQ1b91cZZ,UNKNOWN,ORIGINAL_1210,IDENT_134e9da2f2ef076529c8,research/continuation_memory_v1/evidence_state_policy_v1/event_action_preservation_v1/runs/preserve_001/evaluate/session_gpu0_001/rollouts/0480,True,False,480,False,1210,FAIL,False,terminal_present,task_A
REPAIR,True,449,80,1.0,500,main,True,IDENT_134e9da2f2ef076529c8,seen,2azQ1b91cZZ,UNKNOWN,REPAIR_1210,IDENT_134e9da2f2ef076529c8,research/continuation_memory_v1/evidence_state_policy_v1/event_action_preservation_v1/runs/preserve_001/evaluate/session_gpu0_001/rollouts/0481,True,False,481,False,1210,FAIL,False,terminal_present,task_A
ORIGINAL,True,0,80,0.058,29,main,False,IDENT_134e9da2f2ef076529c8,seen,2azQ1b91cZZ,PASS,ORIGINAL_1211,IDENT_134e9da2f2ef076529c8,research/continuation_memory_v1/evidence_state_policy_v1/event_action_preservation_v1/runs/preserve_001/evaluate/session_gpu0_001/rollouts/0482,True,False,482,True,1211,PASS,True,terminal_present,task_A
REPAIR,True,0,80,0.058,29,main,False,IDENT_134e9da2f2ef076529c8,seen,2azQ1b91cZZ,PASS,REPAIR_1211,IDENT_134e9da2f2ef076529c8,research/continuation_memory_v1/evidence_state_policy_v1/event_action_preservation_v1/runs/preserve_001/evaluate/session_gpu0_001/rollouts/0483,True,False,483,True,1211,PASS,True,terminal_present,task_A
ORIGINAL,True,0,80,0.058,29,main,False,IDENT_134e9da2f2ef076529c8,seen,2azQ1b91cZZ,PASS,ORIGINAL_1209,IDENT_134e9da2f2ef076529c8,research/continuation_memory_v1/evidence_state_policy_v1/event_action_preservation_v1/runs/preserve_001/evaluate/session_gpu0_001/rollouts/0484,True,False,484,True,1209,PASS,True,terminal_present,task_A
REPAIR,True,0,80,0.058,29,main,False,IDENT_134e9da2f2ef076529c8,seen,2azQ1b91cZZ,PASS,REPAIR_1209,IDENT_134e9da2f2ef076529c8,research/continuation_memory_v1/evidence_state_policy_v1/event_action_preservation_v1/runs/preserve_001/evaluate/session_gpu0_001/rollouts/0485,True,False,485,True,1209,PASS,True,terminal_present,task_A
REPAIR,True,0,81,1.0,108,control,False,IDENT_134e9da2f2ef076529c8,seen,2azQ1b91cZZ,FAIL,REPAIR_1210,IDENT_134e9da2f2ef076529c8,research/continuation_memory_v1/evidence_state_policy_v1/event_action_preservation_v1/runs/preserve_001/evaluate/session_gpu1_001/rollouts/0486,True,True,486,False,1210,FAIL,True,terminal_present,task_T
ORIGINAL,True,0,81,1.0,42,control,False,IDENT_134e9da2f2ef076529c8,seen,2azQ1b91cZZ,FAIL,ORIGINAL_1211,IDENT_134e9da2f2ef076529c8,research/continuation_memory_v1/evidence_state_policy_v1/event_action_preservation_v1/runs/preserve_001/evaluate/session_gpu1_001/rollouts/0487,True,True,487,False,1211,FAIL,True,terminal_present,task_T
REPAIR,True,0,81,1.0,42,control,False,IDENT_134e9da2f2ef076529c8,seen,2azQ1b91cZZ,FAIL,REPAIR_1211,IDENT_134e9da2f2ef076529c8,research/continuation_memory_v1/evidence_state_policy_v1/event_action_preservation_v1/runs/preserve_001/evaluate/session_gpu1_001/rollouts/0488,True,True,488,False,1211,FAIL,True,terminal_present,task_T
ORIGINAL,True,0,81,0.058,29,control,False,IDENT_134e9da2f2ef076529c8,seen,2azQ1b91cZZ,PASS,ORIGINAL_1209,IDENT_134e9da2f2ef076529c8,research/continuation_memory_v1/evidence_state_policy_v1/event_action_preservation_v1/runs/preserve_001/evaluate/session_gpu1_001/rollouts/0489,True,False,489,True,1209,PASS,True,terminal_present,task_T
REPAIR,True,0,81,0.058,29,control,False,IDENT_134e9da2f2ef076529c8,seen,2azQ1b91cZZ,PASS,REPAIR_1209,IDENT_134e9da2f2ef076529c8,research/continuation_memory_v1/evidence_state_policy_v1/event_action_preservation_v1/runs/preserve_001/evaluate/session_gpu1_001/rollouts/0490,True,False,490,True,1209,PASS,True,terminal_present,task_T
ORIGINAL,True,0,81,1.0,110,control,False,IDENT_134e9da2f2ef076529c8,seen,2azQ1b91cZZ,FAIL,ORIGINAL_1210,IDENT_134e9da2f2ef076529c8,research/continuation_memory_v1/evidence_state_policy_v1/event_action_preservation_v1/runs/preserve_001/evaluate/session_gpu1_001/rollouts/0491,True,True,491,False,1210,FAIL,True,terminal_present,task_T
ORIGINAL,True,0,82,0.058,29,main,False,IDENT_134e9da2f2ef076529c8,seen_sham,2azQ1b91cZZ,PASS,ORIGINAL_1211,IDENT_134e9da2f2ef076529c8,research/continuation_memory_v1/evidence_state_policy_v1/event_action_preservation_v1/runs/preserve_001/evaluate/session_gpu2_001/rollouts/0492,True,False,492,True,1211,PASS,True,terminal_present,task_A
REPAIR,True,0,82,0.058,29,main,False,IDENT_134e9da2f2ef076529c8,seen_sham,2azQ1b91cZZ,PASS,REPAIR_1211,IDENT_134e9da2f2ef076529c8,research/continuation_memory_v1/evidence_state_policy_v1/event_action_preservation_v1/runs/preserve_001/evaluate/session_gpu2_001/rollouts/0493,True,False,493,True,1211,PASS,True,terminal_present,task_A
ORIGINAL,True,0,82,0.058,29,main,False,IDENT_134e9da2f2ef076529c8,seen_sham,2azQ1b91cZZ,PASS,ORIGINAL_1209,IDENT_134e9da2f2ef076529c8,research/continuation_memory_v1/evidence_state_policy_v1/event_action_preservation_v1/runs/preserve_001/evaluate/session_gpu2_001/rollouts/0494,True,False,494,True,1209,PASS,True,terminal_present,task_A
REPAIR,True,0,82,0.058,29,main,False,IDENT_134e9da2f2ef076529c8,seen_sham,2azQ1b91cZZ,PASS,REPAIR_1209,IDENT_134e9da2f2ef076529c8,research/continuation_memory_v1/evidence_state_policy_v1/event_action_preservation_v1/runs/preserve_001/evaluate/session_gpu2_001/rollouts/0495,True,False,495,True,1209,PASS,True,terminal_present,task_A
ORIGINAL,True,447,82,1.0,500,main,True,IDENT_134e9da2f2ef076529c8,seen_sham,2azQ1b91cZZ,UNKNOWN,ORIGINAL_1210,IDENT_134e9da2f2ef076529c8,research/continuation_memory_v1/evidence_state_policy_v1/event_action_preservation_v1/runs/preserve_001/evaluate/session_gpu2_001/rollouts/0496,True,False,496,False,1210,FAIL,False,terminal_present,task_A
REPAIR,True,447,82,1.0,500,main,True,IDENT_134e9da2f2ef076529c8,seen_sham,2azQ1b91cZZ,UNKNOWN,REPAIR_1210,IDENT_134e9da2f2ef076529c8,research/continuation_memory_v1/evidence_state_policy_v1/event_action_preservation_v1/runs/preserve_001/evaluate/session_gpu2_001/rollouts/0497,True,False,497,False,1210,FAIL,False,terminal_present,task_A
REPAIR,True,0,83,1.0,346,control,False,IDENT_134e9da2f2ef076529c8,seen_sham,2azQ1b91cZZ,FAIL,REPAIR_1211,IDENT_134e9da2f2ef076529c8,research/continuation_memory_v1/evidence_state_policy_v1/event_action_preservation_v1/runs/preserve_001/evaluate/session_gpu3_001/rollouts/0498,True,True,498,False,1211,FAIL,True,terminal_present,task_T
ORIGINAL,True,0,83,0.058,29,control,False,IDENT_134e9da2f2ef076529c8,seen_sham,2azQ1b91cZZ,PASS,ORIGINAL_1209,IDENT_134e9da2f2ef076529c8,research/continuation_memory_v1/evidence_state_policy_v1/event_action_preservation_v1/runs/preserve_001/evaluate/session_gpu3_001/rollouts/0499,True,False,499,True,1209,PASS,True,terminal_present,task_T
REPAIR,True,0,83,0.058,29,control,False,IDENT_134e9da2f2ef076529c8,seen_sham,2azQ1b91cZZ,PASS,REPAIR_1209,IDENT_134e9da2f2ef076529c8,research/continuation_memory_v1/evidence_state_policy_v1/event_action_preservation_v1/runs/preserve_001/evaluate/session_gpu3_001/rollouts/0500,True,False,500,True,1209,PASS,True,terminal_present,task_T
ORIGINAL,True,0,83,1.0,108,control,False,IDENT_134e9da2f2ef076529c8,seen_sham,2azQ1b91cZZ,FAIL,ORIGINAL_1210,IDENT_134e9da2f2ef076529c8,research/continuation_memory_v1/evidence_state_policy_v1/event_action_preservation_v1/runs/preserve_001/evaluate/session_gpu3_001/rollouts/0501,True,True,501,False,1210,FAIL,True,terminal_present,task_T
REPAIR,True,0,83,1.0,108,control,False,IDENT_134e9da2f2ef076529c8,seen_sham,2azQ1b91cZZ,FAIL,REPAIR_1210,IDENT_134e9da2f2ef076529c8,research/continuation_memory_v1/evidence_state_policy_v1/event_action_preservation_v1/runs/preserve_001/evaluate/session_gpu3_001/rollouts/0502,True,True,502,False,1210,FAIL,True,terminal_present,task_T
ORIGINAL,True,0,83,1.0,500,control,True,IDENT_134e9da2f2ef076529c8,seen_sham,2azQ1b91cZZ,FAIL,ORIGINAL_1211,IDENT_134e9da2f2ef076529c8,research/continuation_memory_v1/evidence_state_policy_v1/event_action_preservation_v1/runs/preserve_001/evaluate/session_gpu3_001/rollouts/0503,True,False,503,False,1211,FAIL,False,terminal_present,task_T
ORIGINAL,True,0,84,1.0,29,main,False,IDENT_134e9da2f2ef076529c8,missing,2azQ1b91cZZ,FAIL,ORIGINAL_1209,IDENT_134e9da2f2ef076529c8,research/continuation_memory_v1/evidence_state_policy_v1/event_action_preservation_v1/runs/preserve_001/evaluate/session_gpu4_001/rollouts/0504,True,True,504,False,1209,FAIL,True,terminal_present,task_A
REPAIR,True,0,84,1.0,29,main,False,IDENT_134e9da2f2ef076529c8,missing,2azQ1b91cZZ,FAIL,REPAIR_1209,IDENT_134e9da2f2ef076529c8,research/continuation_memory_v1/evidence_state_policy_v1/event_action_preservation_v1/runs/preserve_001/evaluate/session_gpu4_001/rollouts/0505,True,True,505,False,1209,FAIL,True,terminal_present,task_A
ORIGINAL,True,0,84,0.442,221,main,False,IDENT_134e9da2f2ef076529c8,missing,2azQ1b91cZZ,PASS,ORIGINAL_1210,IDENT_134e9da2f2ef076529c8,research/continuation_memory_v1/evidence_state_policy_v1/event_action_preservation_v1/runs/preserve_001/evaluate/session_gpu4_001/rollouts/0506,True,False,506,True,1210,PASS,True,terminal_present,task_A
REPAIR,True,0,84,0.442,221,main,False,IDENT_134e9da2f2ef076529c8,missing,2azQ1b91cZZ,PASS,REPAIR_1210,IDENT_134e9da2f2ef076529c8,research/continuation_memory_v1/evidence_state_policy_v1/event_action_preservation_v1/runs/preserve_001/evaluate/session_gpu4_001/rollouts/0507,True,False,507,True,1210,PASS,True,terminal_present,task_A
ORIGINAL,True,0,84,1.0,29,main,False,IDENT_134e9da2f2ef076529c8,missing,2azQ1b91cZZ,FAIL,ORIGINAL_1211,IDENT_134e9da2f2ef076529c8,research/continuation_memory_v1/evidence_state_policy_v1/event_action_preservation_v1/runs/preserve_001/evaluate/session_gpu4_001/rollouts/0508,True,True,508,False,1211,FAIL,True,terminal_present,task_A
REPAIR,True,0,84,1.0,29,main,False,IDENT_134e9da2f2ef076529c8,missing,2azQ1b91cZZ,FAIL,REPAIR_1211,IDENT_134e9da2f2ef076529c8,research/continuation_memory_v1/evidence_state_policy_v1/event_action_preservation_v1/runs/preserve_001/evaluate/session_gpu4_001/rollouts/0509,True,True,509,False,1211,FAIL,True,terminal_present,task_A
REPAIR,True,0,85,0.058,29,control,False,IDENT_134e9da2f2ef076529c8,missing,2azQ1b91cZZ,PASS,REPAIR_1209,IDENT_134e9da2f2ef076529c8,research/continuation_memory_v1/evidence_state_policy_v1/event_action_preservation_v1/runs/preserve_001/evaluate/session_gpu5_001/rollouts/0510,True,False,510,True,1209,PASS,True,terminal_present,task_T
ORIGINAL,True,0,85,1.0,106,control,False,IDENT_134e9da2f2ef076529c8,missing,2azQ1b91cZZ,FAIL,ORIGINAL_1210,IDENT_134e9da2f2ef076529c8,research/continuation_memory_v1/evidence_state_policy_v1/event_action_preservation_v1/runs/preserve_001/evaluate/session_gpu5_001/rollouts/0511,True,True,511,False,1210,FAIL,True,terminal_present,task_T
REPAIR,True,0,85,1.0,104,control,False,IDENT_134e9da2f2ef076529c8,missing,2azQ1b91cZZ,FAIL,REPAIR_1210,IDENT_134e9da2f2ef076529c8,research/continuation_memory_v1/evidence_state_policy_v1/event_action_preservation_v1/runs/preserve_001/evaluate/session_gpu5_001/rollouts/0512,True,True,512,False,1210,FAIL,True,terminal_present,task_T
ORIGINAL,True,0,85,1.0,500,control,True,IDENT_134e9da2f2ef076529c8,missing,2azQ1b91cZZ,FAIL,ORIGINAL_1211,IDENT_134e9da2f2ef076529c8,research/continuation_memory_v1/evidence_state_policy_v1/event_action_preservation_v1/runs/preserve_001/evaluate/session_gpu5_001/rollouts/0513,True,False,513,False,1211,FAIL,False,terminal_present,task_T
REPAIR,True,0,85,1.0,344,control,False,IDENT_134e9da2f2ef076529c8,missing,2azQ1b91cZZ,FAIL,REPAIR_1211,IDENT_134e9da2f2ef076529c8,research/continuation_memory_v1/evidence_state_policy_v1/event_action_preservation_v1/runs/preserve_001/evaluate/session_gpu5_001/rollouts/0514,True,True,514,False,1211,FAIL,True,terminal_present,task_T
ORIGINAL,True,0,85,0.058,29,control,False,IDENT_134e9da2f2ef076529c8,missing,2azQ1b91cZZ,PASS,ORIGINAL_1209,IDENT_134e9da2f2ef076529c8,research/continuation_memory_v1/evidence_state_policy_v1/event_action_preservation_v1/runs/preserve_001/evaluate/session_gpu5_001/rollouts/0515,True,False,515,True,1209,PASS,True,terminal_present,task_T
ORIGINAL,True,0,86,0.442,221,main,False,IDENT_134e9da2f2ef076529c8,missing_sham,2azQ1b91cZZ,PASS,ORIGINAL_1210,IDENT_134e9da2f2ef076529c8,research/continuation_memory_v1/evidence_state_policy_v1/event_action_preservation_v1/runs/preserve_001/evaluate/session_gpu6_001/rollouts/0516,True,False,516,True,1210,PASS,True,terminal_present,task_A
REPAIR,True,0,86,0.246,123,main,False,IDENT_134e9da2f2ef076529c8,missing_sham,2azQ1b91cZZ,PASS,REPAIR_1210,IDENT_134e9da2f2ef076529c8,research/continuation_memory_v1/evidence_state_policy_v1/event_action_preservation_v1/runs/preserve_001/evaluate/session_gpu6_001/rollouts/0517,True,False,517,True,1210,PASS,True,terminal_present,task_A
ORIGINAL,True,0,86,1.0,29,main,False,IDENT_134e9da2f2ef076529c8,missing_sham,2azQ1b91cZZ,FAIL,ORIGINAL_1211,IDENT_134e9da2f2ef076529c8,research/continuation_memory_v1/evidence_state_policy_v1/event_action_preservation_v1/runs/preserve_001/evaluate/session_gpu6_001/rollouts/0518,True,True,518,False,1211,FAIL,True,terminal_present,task_A
REPAIR,True,0,86,1.0,29,main,False,IDENT_134e9da2f2ef076529c8,missing_sham,2azQ1b91cZZ,FAIL,REPAIR_1211,IDENT_134e9da2f2ef076529c8,research/continuation_memory_v1/evidence_state_policy_v1/event_action_preservation_v1/runs/preserve_001/evaluate/session_gpu6_001/rollouts/0519,True,True,519,False,1211,FAIL,True,terminal_present,task_A
ORIGINAL,True,0,86,1.0,29,main,False,IDENT_134e9da2f2ef076529c8,missing_sham,2azQ1b91cZZ,FAIL,ORIGINAL_1209,IDENT_134e9da2f2ef076529c8,research/continuation_memory_v1/evidence_state_policy_v1/event_action_preservation_v1/runs/preserve_001/evaluate/session_gpu6_001/rollouts/0520,True,True,520,False,1209,FAIL,True,terminal_present,task_A
REPAIR,True,0,86,1.0,29,main,False,IDENT_134e9da2f2ef076529c8,missing_sham,2azQ1b91cZZ,FAIL,REPAIR_1209,IDENT_134e9da2f2ef076529c8,research/continuation_memory_v1/evidence_state_policy_v1/event_action_preservation_v1/runs/preserve_001/evaluate/session_gpu6_001/rollouts/0521,True,True,521,False,1209,FAIL,True,terminal_present,task_A
REPAIR,True,0,87,1.0,99,control,False,IDENT_134e9da2f2ef076529c8,missing_sham,2azQ1b91cZZ,FAIL,REPAIR_1210,IDENT_134e9da2f2ef076529c8,research/continuation_memory_v1/evidence_state_policy_v1/event_action_preservation_v1/runs/preserve_001/evaluate/session_gpu7_001/rollouts/0522,True,True,522,False,1210,FAIL,True,terminal_present,task_T
ORIGINAL,True,0,87,1.0,500,control,True,IDENT_134e9da2f2ef076529c8,missing_sham,2azQ1b91cZZ,FAIL,ORIGINAL_1211,IDENT_134e9da2f2ef076529c8,research/continuation_memory_v1/evidence_state_policy_v1/event_action_preservation_v1/runs/preserve_001/evaluate/session_gpu7_001/rollouts/0523,True,False,523,False,1211,FAIL,False,terminal_present,task_T
REPAIR,True,0,87,1.0,344,control,False,IDENT_134e9da2f2ef076529c8,missing_sham,2azQ1b91cZZ,FAIL,REPAIR_1211,IDENT_134e9da2f2ef076529c8,research/continuation_memory_v1/evidence_state_policy_v1/event_action_preservation_v1/runs/preserve_001/evaluate/session_gpu7_001/rollouts/0524,True,True,524,False,1211,FAIL,True,terminal_present,task_T
ORIGINAL,True,0,87,0.058,29,control,False,IDENT_134e9da2f2ef076529c8,missing_sham,2azQ1b91cZZ,PASS,ORIGINAL_1209,IDENT_134e9da2f2ef076529c8,research/continuation_memory_v1/evidence_state_policy_v1/event_action_preservation_v1/runs/preserve_001/evaluate/session_gpu7_001/rollouts/0525,True,False,525,True,1209,PASS,True,terminal_present,task_T
REPAIR,True,0,87,0.058,29,control,False,IDENT_134e9da2f2ef076529c8,missing_sham,2azQ1b91cZZ,PASS,REPAIR_1209,IDENT_134e9da2f2ef076529c8,research/continuation_memory_v1/evidence_state_policy_v1/event_action_preservation_v1/runs/preserve_001/evaluate/session_gpu7_001/rollouts/0526,True,False,526,True,1209,PASS,True,terminal_present,task_T
ORIGINAL,True,0,87,1.0,99,control,False,IDENT_134e9da2f2ef076529c8,missing_sham,2azQ1b91cZZ,FAIL,ORIGINAL_1210,IDENT_134e9da2f2ef076529c8,research/continuation_memory_v1/evidence_state_policy_v1/event_action_preservation_v1/runs/preserve_001/evaluate/session_gpu7_001/rollouts/0527,True,True,527,False,1210,FAIL,True,terminal_present,task_T
ORIGINAL,True,0,88,0.218,109,main,False,IDENT_91e9fe731b20c42b5b4e,seen,2azQ1b91cZZ,PASS,ORIGINAL_1211,IDENT_91e9fe731b20c42b5b4e,research/continuation_memory_v1/evidence_state_policy_v1/event_action_preservation_v1/runs/preserve_001/evaluate/session_gpu0_001/rollouts/0528,True,False,528,True,1211,PASS,True,terminal_present,task_A
REPAIR,True,0,88,0.214,107,main,False,IDENT_91e9fe731b20c42b5b4e,seen,2azQ1b91cZZ,PASS,REPAIR_1211,IDENT_91e9fe731b20c42b5b4e,research/continuation_memory_v1/evidence_state_policy_v1/event_action_preservation_v1/runs/preserve_001/evaluate/session_gpu0_001/rollouts/0529,True,False,529,True,1211,PASS,True,terminal_present,task_A
ORIGINAL,True,0,88,1.0,187,main,False,IDENT_91e9fe731b20c42b5b4e,seen,2azQ1b91cZZ,FAIL,ORIGINAL_1209,IDENT_91e9fe731b20c42b5b4e,research/continuation_memory_v1/evidence_state_policy_v1/event_action_preservation_v1/runs/preserve_001/evaluate/session_gpu0_001/rollouts/0530,True,True,530,False,1209,FAIL,True,terminal_present,task_A
REPAIR,True,0,88,1.0,181,main,False,IDENT_91e9fe731b20c42b5b4e,seen,2azQ1b91cZZ,FAIL,REPAIR_1209,IDENT_91e9fe731b20c42b5b4e,research/continuation_memory_v1/evidence_state_policy_v1/event_action_preservation_v1/runs/preserve_001/evaluate/session_gpu0_001/rollouts/0531,True,True,531,False,1209,FAIL,True,terminal_present,task_A
ORIGINAL,True,0,88,0.314,157,main,False,IDENT_91e9fe731b20c42b5b4e,seen,2azQ1b91cZZ,PASS,ORIGINAL_1210,IDENT_91e9fe731b20c42b5b4e,research/continuation_memory_v1/evidence_state_policy_v1/event_action_preservation_v1/runs/preserve_001/evaluate/session_gpu0_001/rollouts/0532,True,False,532,True,1210,PASS,True,terminal_present,task_A
REPAIR,True,0,88,0.306,153,main,False,IDENT_91e9fe731b20c42b5b4e,seen,2azQ1b91cZZ,PASS,REPAIR_1210,IDENT_91e9fe731b20c42b5b4e,research/continuation_memory_v1/evidence_state_policy_v1/event_action_preservation_v1/runs/preserve_001/evaluate/session_gpu0_001/rollouts/0533,True,False,533,True,1210,PASS,True,terminal_present,task_A
REPAIR,True,0,89,0.09,45,control,False,IDENT_91e9fe731b20c42b5b4e,seen,2azQ1b91cZZ,PASS,REPAIR_1211,IDENT_91e9fe731b20c42b5b4e,research/continuation_memory_v1/evidence_state_policy_v1/event_action_preservation_v1/runs/preserve_001/evaluate/session_gpu1_001/rollouts/0534,True,False,534,True,1211,PASS,True,terminal_present,task_T
ORIGINAL,True,0,89,0.09,45,control,False,IDENT_91e9fe731b20c42b5b4e,seen,2azQ1b91cZZ,PASS,ORIGINAL_1209,IDENT_91e9fe731b20c42b5b4e,research/continuation_memory_v1/evidence_state_policy_v1/event_action_preservation_v1/runs/preserve_001/evaluate/session_gpu1_001/rollouts/0535,True,False,535,True,1209,PASS,True,terminal_present,task_T
REPAIR,True,0,89,0.09,45,control,False,IDENT_91e9fe731b20c42b5b4e,seen,2azQ1b91cZZ,PASS,REPAIR_1209,IDENT_91e9fe731b20c42b5b4e,research/continuation_memory_v1/evidence_state_policy_v1/event_action_preservation_v1/runs/preserve_001/evaluate/session_gpu1_001/rollouts/0536,True,False,536,True,1209,PASS,True,terminal_present,task_T
ORIGINAL,True,0,89,0.09,45,control,False,IDENT_91e9fe731b20c42b5b4e,seen,2azQ1b91cZZ,PASS,ORIGINAL_1210,IDENT_91e9fe731b20c42b5b4e,research/continuation_memory_v1/evidence_state_policy_v1/event_action_preservation_v1/runs/preserve_001/evaluate/session_gpu1_001/rollouts/0537,True,False,537,True,1210,PASS,True,terminal_present,task_T
REPAIR,True,0,89,0.09,45,control,False,IDENT_91e9fe731b20c42b5b4e,seen,2azQ1b91cZZ,PASS,REPAIR_1210,IDENT_91e9fe731b20c42b5b4e,research/continuation_memory_v1/evidence_state_policy_v1/event_action_preservation_v1/runs/preserve_001/evaluate/session_gpu1_001/rollouts/0538,True,False,538,True,1210,PASS,True,terminal_present,task_T
ORIGINAL,True,0,89,0.09,45,control,False,IDENT_91e9fe731b20c42b5b4e,seen,2azQ1b91cZZ,PASS,ORIGINAL_1211,IDENT_91e9fe731b20c42b5b4e,research/continuation_memory_v1/evidence_state_policy_v1/event_action_preservation_v1/runs/preserve_001/evaluate/session_gpu1_001/rollouts/0539,True,False,539,True,1211,PASS,True,terminal_present,task_T
ORIGINAL,True,0,90,1.0,185,main,False,IDENT_91e9fe731b20c42b5b4e,seen_sham,2azQ1b91cZZ,FAIL,ORIGINAL_1209,IDENT_91e9fe731b20c42b5b4e,research/continuation_memory_v1/evidence_state_policy_v1/event_action_preservation_v1/runs/preserve_001/evaluate/session_gpu2_001/rollouts/0540,True,True,540,False,1209,FAIL,True,terminal_present,task_A
REPAIR,True,0,90,1.0,179,main,False,IDENT_91e9fe731b20c42b5b4e,seen_sham,2azQ1b91cZZ,FAIL,REPAIR_1209,IDENT_91e9fe731b20c42b5b4e,research/continuation_memory_v1/evidence_state_policy_v1/event_action_preservation_v1/runs/preserve_001/evaluate/session_gpu2_001/rollouts/0541,True,True,541,False,1209,FAIL,True,terminal_present,task_A
ORIGINAL,True,0,90,0.338,169,main,False,IDENT_91e9fe731b20c42b5b4e,seen_sham,2azQ1b91cZZ,PASS,ORIGINAL_1210,IDENT_91e9fe731b20c42b5b4e,research/continuation_memory_v1/evidence_state_policy_v1/event_action_preservation_v1/runs/preserve_001/evaluate/session_gpu2_001/rollouts/0542,True,False,542,True,1210,PASS,True,terminal_present,task_A
REPAIR,True,0,90,0.358,179,main,False,IDENT_91e9fe731b20c42b5b4e,seen_sham,2azQ1b91cZZ,PASS,REPAIR_1210,IDENT_91e9fe731b20c42b5b4e,research/continuation_memory_v1/evidence_state_policy_v1/event_action_preservation_v1/runs/preserve_001/evaluate/session_gpu2_001/rollouts/0543,True,False,543,True,1210,PASS,True,terminal_present,task_A
ORIGINAL,True,0,90,0.238,119,main,False,IDENT_91e9fe731b20c42b5b4e,seen_sham,2azQ1b91cZZ,PASS,ORIGINAL_1211,IDENT_91e9fe731b20c42b5b4e,research/continuation_memory_v1/evidence_state_policy_v1/event_action_preservation_v1/runs/preserve_001/evaluate/session_gpu2_001/rollouts/0544,True,False,544,True,1211,PASS,True,terminal_present,task_A
REPAIR,True,0,90,0.254,127,main,False,IDENT_91e9fe731b20c42b5b4e,seen_sham,2azQ1b91cZZ,PASS,REPAIR_1211,IDENT_91e9fe731b20c42b5b4e,research/continuation_memory_v1/evidence_state_policy_v1/event_action_preservation_v1/runs/preserve_001/evaluate/session_gpu2_001/rollouts/0545,True,False,545,True,1211,PASS,True,terminal_present,task_A
REPAIR,True,0,91,0.09,45,control,False,IDENT_91e9fe731b20c42b5b4e,seen_sham,2azQ1b91cZZ,PASS,REPAIR_1209,IDENT_91e9fe731b20c42b5b4e,research/continuation_memory_v1/evidence_state_policy_v1/event_action_preservation_v1/runs/preserve_001/evaluate/session_gpu3_001/rollouts/0546,True,False,546,True,1209,PASS,True,terminal_present,task_T
ORIGINAL,True,0,91,0.09,45,control,False,IDENT_91e9fe731b20c42b5b4e,seen_sham,2azQ1b91cZZ,PASS,ORIGINAL_1210,IDENT_91e9fe731b20c42b5b4e,research/continuation_memory_v1/evidence_state_policy_v1/event_action_preservation_v1/runs/preserve_001/evaluate/session_gpu3_001/rollouts/0547,True,False,547,True,1210,PASS,True,terminal_present,task_T
REPAIR,True,0,91,0.09,45,control,False,IDENT_91e9fe731b20c42b5b4e,seen_sham,2azQ1b91cZZ,PASS,REPAIR_1210,IDENT_91e9fe731b20c42b5b4e,research/continuation_memory_v1/evidence_state_policy_v1/event_action_preservation_v1/runs/preserve_001/evaluate/session_gpu3_001/rollouts/0548,True,False,548,True,1210,PASS,True,terminal_present,task_T
ORIGINAL,True,0,91,0.09,45,control,False,IDENT_91e9fe731b20c42b5b4e,seen_sham,2azQ1b91cZZ,PASS,ORIGINAL_1211,IDENT_91e9fe731b20c42b5b4e,research/continuation_memory_v1/evidence_state_policy_v1/event_action_preservation_v1/runs/preserve_001/evaluate/session_gpu3_001/rollouts/0549,True,False,549,True,1211,PASS,True,terminal_present,task_T
REPAIR,True,0,91,0.09,45,control,False,IDENT_91e9fe731b20c42b5b4e,seen_sham,2azQ1b91cZZ,PASS,REPAIR_1211,IDENT_91e9fe731b20c42b5b4e,research/continuation_memory_v1/evidence_state_policy_v1/event_action_preservation_v1/runs/preserve_001/evaluate/session_gpu3_001/rollouts/0550,True,False,550,True,1211,PASS,True,terminal_present,task_T
ORIGINAL,True,0,91,0.09,45,control,False,IDENT_91e9fe731b20c42b5b4e,seen_sham,2azQ1b91cZZ,PASS,ORIGINAL_1209,IDENT_91e9fe731b20c42b5b4e,research/continuation_memory_v1/evidence_state_policy_v1/event_action_preservation_v1/runs/preserve_001/evaluate/session_gpu3_001/rollouts/0551,True,False,551,True,1209,PASS,True,terminal_present,task_T
ORIGINAL,True,0,92,1.0,129,main,False,IDENT_91e9fe731b20c42b5b4e,missing,2azQ1b91cZZ,FAIL,ORIGINAL_1210,IDENT_91e9fe731b20c42b5b4e,research/continuation_memory_v1/evidence_state_policy_v1/event_action_preservation_v1/runs/preserve_001/evaluate/session_gpu4_001/rollouts/0552,True,True,552,False,1210,FAIL,True,terminal_present,task_A
REPAIR,True,0,92,1.0,45,main,False,IDENT_91e9fe731b20c42b5b4e,missing,2azQ1b91cZZ,FAIL,REPAIR_1210,IDENT_91e9fe731b20c42b5b4e,research/continuation_memory_v1/evidence_state_policy_v1/event_action_preservation_v1/runs/preserve_001/evaluate/session_gpu4_001/rollouts/0553,True,True,553,False,1210,FAIL,True,terminal_present,task_A
ORIGINAL,True,0,92,1.0,117,main,False,IDENT_91e9fe731b20c42b5b4e,missing,2azQ1b91cZZ,FAIL,ORIGINAL_1211,IDENT_91e9fe731b20c42b5b4e,research/continuation_memory_v1/evidence_state_policy_v1/event_action_preservation_v1/runs/preserve_001/evaluate/session_gpu4_001/rollouts/0554,True,True,554,False,1211,FAIL,True,terminal_present,task_A
REPAIR,True,0,92,1.0,45,main,False,IDENT_91e9fe731b20c42b5b4e,missing,2azQ1b91cZZ,FAIL,REPAIR_1211,IDENT_91e9fe731b20c42b5b4e,research/continuation_memory_v1/evidence_state_policy_v1/event_action_preservation_v1/runs/preserve_001/evaluate/session_gpu4_001/rollouts/0555,True,True,555,False,1211,FAIL,True,terminal_present,task_A
ORIGINAL,True,0,92,1.0,191,main,False,IDENT_91e9fe731b20c42b5b4e,missing,2azQ1b91cZZ,FAIL,ORIGINAL_1209,IDENT_91e9fe731b20c42b5b4e,research/continuation_memory_v1/evidence_state_policy_v1/event_action_preservation_v1/runs/preserve_001/evaluate/session_gpu4_001/rollouts/0556,True,True,556,False,1209,FAIL,True,terminal_present,task_A
REPAIR,True,0,92,1.0,185,main,False,IDENT_91e9fe731b20c42b5b4e,missing,2azQ1b91cZZ,FAIL,REPAIR_1209,IDENT_91e9fe731b20c42b5b4e,research/continuation_memory_v1/evidence_state_policy_v1/event_action_preservation_v1/runs/preserve_001/evaluate/session_gpu4_001/rollouts/0557,True,True,557,False,1209,FAIL,True,terminal_present,task_A
REPAIR,True,0,93,0.09,45,control,False,IDENT_91e9fe731b20c42b5b4e,missing,2azQ1b91cZZ,PASS,REPAIR_1210,IDENT_91e9fe731b20c42b5b4e,research/continuation_memory_v1/evidence_state_policy_v1/event_action_preservation_v1/runs/preserve_001/evaluate/session_gpu5_001/rollouts/0558,True,False,558,True,1210,PASS,True,terminal_present,task_T
ORIGINAL,True,0,93,0.09,45,control,False,IDENT_91e9fe731b20c42b5b4e,missing,2azQ1b91cZZ,PASS,ORIGINAL_1211,IDENT_91e9fe731b20c42b5b4e,research/continuation_memory_v1/evidence_state_policy_v1/event_action_preservation_v1/runs/preserve_001/evaluate/session_gpu5_001/rollouts/0559,True,False,559,True,1211,PASS,True,terminal_present,task_T
REPAIR,True,0,93,0.09,45,control,False,IDENT_91e9fe731b20c42b5b4e,missing,2azQ1b91cZZ,PASS,REPAIR_1211,IDENT_91e9fe731b20c42b5b4e,research/continuation_memory_v1/evidence_state_policy_v1/event_action_preservation_v1/runs/preserve_001/evaluate/session_gpu5_001/rollouts/0560,True,False,560,True,1211,PASS,True,terminal_present,task_T
ORIGINAL,True,0,93,0.09,45,control,False,IDENT_91e9fe731b20c42b5b4e,missing,2azQ1b91cZZ,PASS,ORIGINAL_1209,IDENT_91e9fe731b20c42b5b4e,research/continuation_memory_v1/evidence_state_policy_v1/event_action_preservation_v1/runs/preserve_001/evaluate/session_gpu5_001/rollouts/0561,True,False,561,True,1209,PASS,True,terminal_present,task_T
REPAIR,True,0,93,0.09,45,control,False,IDENT_91e9fe731b20c42b5b4e,missing,2azQ1b91cZZ,PASS,REPAIR_1209,IDENT_91e9fe731b20c42b5b4e,research/continuation_memory_v1/evidence_state_policy_v1/event_action_preservation_v1/runs/preserve_001/evaluate/session_gpu5_001/rollouts/0562,True,False,562,True,1209,PASS,True,terminal_present,task_T
ORIGINAL,True,0,93,0.09,45,control,False,IDENT_91e9fe731b20c42b5b4e,missing,2azQ1b91cZZ,PASS,ORIGINAL_1210,IDENT_91e9fe731b20c42b5b4e,research/continuation_memory_v1/evidence_state_policy_v1/event_action_preservation_v1/runs/preserve_001/evaluate/session_gpu5_001/rollouts/0563,True,False,563,True,1210,PASS,True,terminal_present,task_T
ORIGINAL,True,0,94,1.0,115,main,False,IDENT_91e9fe731b20c42b5b4e,missing_sham,2azQ1b91cZZ,FAIL,ORIGINAL_1211,IDENT_91e9fe731b20c42b5b4e,research/continuation_memory_v1/evidence_state_policy_v1/event_action_preservation_v1/runs/preserve_001/evaluate/session_gpu6_001/rollouts/0564,True,True,564,False,1211,FAIL,True,terminal_present,task_A
REPAIR,True,0,94,1.0,45,main,False,IDENT_91e9fe731b20c42b5b4e,missing_sham,2azQ1b91cZZ,FAIL,REPAIR_1211,IDENT_91e9fe731b20c42b5b4e,research/continuation_memory_v1/evidence_state_policy_v1/event_action_preservation_v1/runs/preserve_001/evaluate/session_gpu6_001/rollouts/0565,True,True,565,False,1211,FAIL,True,terminal_present,task_A
ORIGINAL,True,0,94,1.0,189,main,False,IDENT_91e9fe731b20c42b5b4e,missing_sham,2azQ1b91cZZ,FAIL,ORIGINAL_1209,IDENT_91e9fe731b20c42b5b4e,research/continuation_memory_v1/evidence_state_policy_v1/event_action_preservation_v1/runs/preserve_001/evaluate/session_gpu6_001/rollouts/0566,True,True,566,False,1209,FAIL,True,terminal_present,task_A
REPAIR,True,0,94,1.0,189,main,False,IDENT_91e9fe731b20c42b5b4e,missing_sham,2azQ1b91cZZ,FAIL,REPAIR_1209,IDENT_91e9fe731b20c42b5b4e,research/continuation_memory_v1/evidence_state_policy_v1/event_action_preservation_v1/runs/preserve_001/evaluate/session_gpu6_001/rollouts/0567,True,True,567,False,1209,FAIL,True,terminal_present,task_A
ORIGINAL,True,0,94,1.0,127,main,False,IDENT_91e9fe731b20c42b5b4e,missing_sham,2azQ1b91cZZ,FAIL,ORIGINAL_1210,IDENT_91e9fe731b20c42b5b4e,research/continuation_memory_v1/evidence_state_policy_v1/event_action_preservation_v1/runs/preserve_001/evaluate/session_gpu6_001/rollouts/0568,True,True,568,False,1210,FAIL,True,terminal_present,task_A
REPAIR,True,0,94,1.0,45,main,False,IDENT_91e9fe731b20c42b5b4e,missing_sham,2azQ1b91cZZ,FAIL,REPAIR_1210,IDENT_91e9fe731b20c42b5b4e,research/continuation_memory_v1/evidence_state_policy_v1/event_action_preservation_v1/runs/preserve_001/evaluate/session_gpu6_001/rollouts/0569,True,True,569,False,1210,FAIL,True,terminal_present,task_A
REPAIR,True,0,95,0.09,45,control,False,IDENT_91e9fe731b20c42b5b4e,missing_sham,2azQ1b91cZZ,PASS,REPAIR_1211,IDENT_91e9fe731b20c42b5b4e,research/continuation_memory_v1/evidence_state_policy_v1/event_action_preservation_v1/runs/preserve_001/evaluate/session_gpu7_001/rollouts/0570,True,False,570,True,1211,PASS,True,terminal_present,task_T
ORIGINAL,True,0,95,0.09,45,control,False,IDENT_91e9fe731b20c42b5b4e,missing_sham,2azQ1b91cZZ,PASS,ORIGINAL_1209,IDENT_91e9fe731b20c42b5b4e,research/continuation_memory_v1/evidence_state_policy_v1/event_action_preservation_v1/runs/preserve_001/evaluate/session_gpu7_001/rollouts/0571,True,False,571,True,1209,PASS,True,terminal_present,task_T
REPAIR,True,0,95,0.09,45,control,False,IDENT_91e9fe731b20c42b5b4e,missing_sham,2azQ1b91cZZ,PASS,REPAIR_1209,IDENT_91e9fe731b20c42b5b4e,research/continuation_memory_v1/evidence_state_policy_v1/event_action_preservation_v1/runs/preserve_001/evaluate/session_gpu7_001/rollouts/0572,True,False,572,True,1209,PASS,True,terminal_present,task_T
ORIGINAL,True,0,95,0.09,45,control,False,IDENT_91e9fe731b20c42b5b4e,missing_sham,2azQ1b91cZZ,PASS,ORIGINAL_1210,IDENT_91e9fe731b20c42b5b4e,research/continuation_memory_v1/evidence_state_policy_v1/event_action_preservation_v1/runs/preserve_001/evaluate/session_gpu7_001/rollouts/0573,True,False,573,True,1210,PASS,True,terminal_present,task_T
REPAIR,True,0,95,0.09,45,control,False,IDENT_91e9fe731b20c42b5b4e,missing_sham,2azQ1b91cZZ,PASS,REPAIR_1210,IDENT_91e9fe731b20c42b5b4e,research/continuation_memory_v1/evidence_state_policy_v1/event_action_preservation_v1/runs/preserve_001/evaluate/session_gpu7_001/rollouts/0574,True,False,574,True,1210,PASS,True,terminal_present,task_T
ORIGINAL,True,0,95,0.09,45,control,False,IDENT_91e9fe731b20c42b5b4e,missing_sham,2azQ1b91cZZ,PASS,ORIGINAL_1211,IDENT_91e9fe731b20c42b5b4e,research/continuation_memory_v1/evidence_state_policy_v1/event_action_preservation_v1/runs/preserve_001/evaluate/session_gpu7_001/rollouts/0575,True,False,575,True,1211,PASS,True,terminal_present,task_T
ORIGINAL,True,0,96,0.058,29,main,False,IDENT_964dd69c3808373dfa09,seen,2azQ1b91cZZ,PASS,ORIGINAL_1209,IDENT_964dd69c3808373dfa09,research/continuation_memory_v1/evidence_state_policy_v1/event_action_preservation_v1/runs/preserve_001/evaluate/session_gpu0_001/rollouts/0576,True,False,576,True,1209,PASS,True,terminal_present,task_A
REPAIR,True,0,96,0.058,29,main,False,IDENT_964dd69c3808373dfa09,seen,2azQ1b91cZZ,PASS,REPAIR_1209,IDENT_964dd69c3808373dfa09,research/continuation_memory_v1/evidence_state_policy_v1/event_action_preservation_v1/runs/preserve_001/evaluate/session_gpu0_001/rollouts/0577,True,False,577,True,1209,PASS,True,terminal_present,task_A
ORIGINAL,True,0,96,0.058,29,main,False,IDENT_964dd69c3808373dfa09,seen,2azQ1b91cZZ,PASS,ORIGINAL_1210,IDENT_964dd69c3808373dfa09,research/continuation_memory_v1/evidence_state_policy_v1/event_action_preservation_v1/runs/preserve_001/evaluate/session_gpu0_001/rollouts/0578,True,False,578,True,1210,PASS,True,terminal_present,task_A
REPAIR,True,0,96,0.058,29,main,False,IDENT_964dd69c3808373dfa09,seen,2azQ1b91cZZ,PASS,REPAIR_1210,IDENT_964dd69c3808373dfa09,research/continuation_memory_v1/evidence_state_policy_v1/event_action_preservation_v1/runs/preserve_001/evaluate/session_gpu0_001/rollouts/0579,True,False,579,True,1210,PASS,True,terminal_present,task_A
ORIGINAL,True,0,96,0.058,29,main,False,IDENT_964dd69c3808373dfa09,seen,2azQ1b91cZZ,PASS,ORIGINAL_1211,IDENT_964dd69c3808373dfa09,research/continuation_memory_v1/evidence_state_policy_v1/event_action_preservation_v1/runs/preserve_001/evaluate/session_gpu0_001/rollouts/0580,True,False,580,True,1211,PASS,True,terminal_present,task_A
REPAIR,True,0,96,0.058,29,main,False,IDENT_964dd69c3808373dfa09,seen,2azQ1b91cZZ,PASS,REPAIR_1211,IDENT_964dd69c3808373dfa09,research/continuation_memory_v1/evidence_state_policy_v1/event_action_preservation_v1/runs/preserve_001/evaluate/session_gpu0_001/rollouts/0581,True,False,581,True,1211,PASS,True,terminal_present,task_A
REPAIR,True,0,97,0.058,29,control,False,IDENT_964dd69c3808373dfa09,seen,2azQ1b91cZZ,PASS,REPAIR_1209,IDENT_964dd69c3808373dfa09,research/continuation_memory_v1/evidence_state_policy_v1/event_action_preservation_v1/runs/preserve_001/evaluate/session_gpu1_001/rollouts/0582,True,False,582,True,1209,PASS,True,terminal_present,task_T
ORIGINAL,True,0,97,0.058,29,control,False,IDENT_964dd69c3808373dfa09,seen,2azQ1b91cZZ,PASS,ORIGINAL_1210,IDENT_964dd69c3808373dfa09,research/continuation_memory_v1/evidence_state_policy_v1/event_action_preservation_v1/runs/preserve_001/evaluate/session_gpu1_001/rollouts/0583,True,False,583,True,1210,PASS,True,terminal_present,task_T
REPAIR,True,0,97,0.058,29,control,False,IDENT_964dd69c3808373dfa09,seen,2azQ1b91cZZ,PASS,REPAIR_1210,IDENT_964dd69c3808373dfa09,research/continuation_memory_v1/evidence_state_policy_v1/event_action_preservation_v1/runs/preserve_001/evaluate/session_gpu1_001/rollouts/0584,True,False,584,True,1210,PASS,True,terminal_present,task_T
ORIGINAL,True,0,97,0.058,29,control,False,IDENT_964dd69c3808373dfa09,seen,2azQ1b91cZZ,PASS,ORIGINAL_1211,IDENT_964dd69c3808373dfa09,research/continuation_memory_v1/evidence_state_policy_v1/event_action_preservation_v1/runs/preserve_001/evaluate/session_gpu1_001/rollouts/0585,True,False,585,True,1211,PASS,True,terminal_present,task_T
REPAIR,True,0,97,0.058,29,control,False,IDENT_964dd69c3808373dfa09,seen,2azQ1b91cZZ,PASS,REPAIR_1211,IDENT_964dd69c3808373dfa09,research/continuation_memory_v1/evidence_state_policy_v1/event_action_preservation_v1/runs/preserve_001/evaluate/session_gpu1_001/rollouts/0586,True,False,586,True,1211,PASS,True,terminal_present,task_T
ORIGINAL,True,0,97,0.058,29,control,False,IDENT_964dd69c3808373dfa09,seen,2azQ1b91cZZ,PASS,ORIGINAL_1209,IDENT_964dd69c3808373dfa09,research/continuation_memory_v1/evidence_state_policy_v1/event_action_preservation_v1/runs/preserve_001/evaluate/session_gpu1_001/rollouts/0587,True,False,587,True,1209,PASS,True,terminal_present,task_T
ORIGINAL,True,0,98,0.058,29,main,False,IDENT_964dd69c3808373dfa09,seen_sham,2azQ1b91cZZ,PASS,ORIGINAL_1210,IDENT_964dd69c3808373dfa09,research/continuation_memory_v1/evidence_state_policy_v1/event_action_preservation_v1/runs/preserve_001/evaluate/session_gpu2_001/rollouts/0588,True,False,588,True,1210,PASS,True,terminal_present,task_A
REPAIR,True,0,98,0.058,29,main,False,IDENT_964dd69c3808373dfa09,seen_sham,2azQ1b91cZZ,PASS,REPAIR_1210,IDENT_964dd69c3808373dfa09,research/continuation_memory_v1/evidence_state_policy_v1/event_action_preservation_v1/runs/preserve_001/evaluate/session_gpu2_001/rollouts/0589,True,False,589,True,1210,PASS,True,terminal_present,task_A
ORIGINAL,True,0,98,0.058,29,main,False,IDENT_964dd69c3808373dfa09,seen_sham,2azQ1b91cZZ,PASS,ORIGINAL_1211,IDENT_964dd69c3808373dfa09,research/continuation_memory_v1/evidence_state_policy_v1/event_action_preservation_v1/runs/preserve_001/evaluate/session_gpu2_001/rollouts/0590,True,False,590,True,1211,PASS,True,terminal_present,task_A
REPAIR,True,0,98,0.058,29,main,False,IDENT_964dd69c3808373dfa09,seen_sham,2azQ1b91cZZ,PASS,REPAIR_1211,IDENT_964dd69c3808373dfa09,research/continuation_memory_v1/evidence_state_policy_v1/event_action_preservation_v1/runs/preserve_001/evaluate/session_gpu2_001/rollouts/0591,True,False,591,True,1211,PASS,True,terminal_present,task_A
ORIGINAL,True,0,98,0.058,29,main,False,IDENT_964dd69c3808373dfa09,seen_sham,2azQ1b91cZZ,PASS,ORIGINAL_1209,IDENT_964dd69c3808373dfa09,research/continuation_memory_v1/evidence_state_policy_v1/event_action_preservation_v1/runs/preserve_001/evaluate/session_gpu2_001/rollouts/0592,True,False,592,True,1209,PASS,True,terminal_present,task_A
REPAIR,True,0,98,0.058,29,main,False,IDENT_964dd69c3808373dfa09,seen_sham,2azQ1b91cZZ,PASS,REPAIR_1209,IDENT_964dd69c3808373dfa09,research/continuation_memory_v1/evidence_state_policy_v1/event_action_preservation_v1/runs/preserve_001/evaluate/session_gpu2_001/rollouts/0593,True,False,593,True,1209,PASS,True,terminal_present,task_A
REPAIR,True,0,99,0.058,29,control,False,IDENT_964dd69c3808373dfa09,seen_sham,2azQ1b91cZZ,PASS,REPAIR_1210,IDENT_964dd69c3808373dfa09,research/continuation_memory_v1/evidence_state_policy_v1/event_action_preservation_v1/runs/preserve_001/evaluate/session_gpu3_001/rollouts/0594,True,False,594,True,1210,PASS,True,terminal_present,task_T
ORIGINAL,True,0,99,0.058,29,control,False,IDENT_964dd69c3808373dfa09,seen_sham,2azQ1b91cZZ,PASS,ORIGINAL_1211,IDENT_964dd69c3808373dfa09,research/continuation_memory_v1/evidence_state_policy_v1/event_action_preservation_v1/runs/preserve_001/evaluate/session_gpu3_001/rollouts/0595,True,False,595,True,1211,PASS,True,terminal_present,task_T
REPAIR,True,0,99,0.058,29,control,False,IDENT_964dd69c3808373dfa09,seen_sham,2azQ1b91cZZ,PASS,REPAIR_1211,IDENT_964dd69c3808373dfa09,research/continuation_memory_v1/evidence_state_policy_v1/event_action_preservation_v1/runs/preserve_001/evaluate/session_gpu3_001/rollouts/0596,True,False,596,True,1211,PASS,True,terminal_present,task_T
ORIGINAL,True,0,99,0.058,29,control,False,IDENT_964dd69c3808373dfa09,seen_sham,2azQ1b91cZZ,PASS,ORIGINAL_1209,IDENT_964dd69c3808373dfa09,research/continuation_memory_v1/evidence_state_policy_v1/event_action_preservation_v1/runs/preserve_001/evaluate/session_gpu3_001/rollouts/0597,True,False,597,True,1209,PASS,True,terminal_present,task_T
REPAIR,True,0,99,0.058,29,control,False,IDENT_964dd69c3808373dfa09,seen_sham,2azQ1b91cZZ,PASS,REPAIR_1209,IDENT_964dd69c3808373dfa09,research/continuation_memory_v1/evidence_state_policy_v1/event_action_preservation_v1/runs/preserve_001/evaluate/session_gpu3_001/rollouts/0598,True,False,598,True,1209,PASS,True,terminal_present,task_T
ORIGINAL,True,0,99,0.058,29,control,False,IDENT_964dd69c3808373dfa09,seen_sham,2azQ1b91cZZ,PASS,ORIGINAL_1210,IDENT_964dd69c3808373dfa09,research/continuation_memory_v1/evidence_state_policy_v1/event_action_preservation_v1/runs/preserve_001/evaluate/session_gpu3_001/rollouts/0599,True,False,599,True,1210,PASS,True,terminal_present,task_T
ORIGINAL,True,0,100,1.0,29,main,False,IDENT_964dd69c3808373dfa09,missing,2azQ1b91cZZ,FAIL,ORIGINAL_1211,IDENT_964dd69c3808373dfa09,research/continuation_memory_v1/evidence_state_policy_v1/event_action_preservation_v1/runs/preserve_001/evaluate/session_gpu4_001/rollouts/0600,True,True,600,False,1211,FAIL,True,terminal_present,task_A
REPAIR,True,0,100,1.0,29,main,False,IDENT_964dd69c3808373dfa09,missing,2azQ1b91cZZ,FAIL,REPAIR_1211,IDENT_964dd69c3808373dfa09,research/continuation_memory_v1/evidence_state_policy_v1/event_action_preservation_v1/runs/preserve_001/evaluate/session_gpu4_001/rollouts/0601,True,True,601,False,1211,FAIL,True,terminal_present,task_A
ORIGINAL,True,0,100,1.0,29,main,False,IDENT_964dd69c3808373dfa09,missing,2azQ1b91cZZ,FAIL,ORIGINAL_1209,IDENT_964dd69c3808373dfa09,research/continuation_memory_v1/evidence_state_policy_v1/event_action_preservation_v1/runs/preserve_001/evaluate/session_gpu4_001/rollouts/0602,True,True,602,False,1209,FAIL,True,terminal_present,task_A
REPAIR,True,0,100,1.0,29,main,False,IDENT_964dd69c3808373dfa09,missing,2azQ1b91cZZ,FAIL,REPAIR_1209,IDENT_964dd69c3808373dfa09,research/continuation_memory_v1/evidence_state_policy_v1/event_action_preservation_v1/runs/preserve_001/evaluate/session_gpu4_001/rollouts/0603,True,True,603,False,1209,FAIL,True,terminal_present,task_A
ORIGINAL,True,0,100,1.0,29,main,False,IDENT_964dd69c3808373dfa09,missing,2azQ1b91cZZ,FAIL,ORIGINAL_1210,IDENT_964dd69c3808373dfa09,research/continuation_memory_v1/evidence_state_policy_v1/event_action_preservation_v1/runs/preserve_001/evaluate/session_gpu4_001/rollouts/0604,True,True,604,False,1210,FAIL,True,terminal_present,task_A
REPAIR,True,0,100,1.0,29,main,False,IDENT_964dd69c3808373dfa09,missing,2azQ1b91cZZ,FAIL,REPAIR_1210,IDENT_964dd69c3808373dfa09,research/continuation_memory_v1/evidence_state_policy_v1/event_action_preservation_v1/runs/preserve_001/evaluate/session_gpu4_001/rollouts/0605,True,True,605,False,1210,FAIL,True,terminal_present,task_A
REPAIR,True,0,101,0.058,29,control,False,IDENT_964dd69c3808373dfa09,missing,2azQ1b91cZZ,PASS,REPAIR_1211,IDENT_964dd69c3808373dfa09,research/continuation_memory_v1/evidence_state_policy_v1/event_action_preservation_v1/runs/preserve_001/evaluate/session_gpu5_001/rollouts/0606,True,False,606,True,1211,PASS,True,terminal_present,task_T
ORIGINAL,True,0,101,0.058,29,control,False,IDENT_964dd69c3808373dfa09,missing,2azQ1b91cZZ,PASS,ORIGINAL_1209,IDENT_964dd69c3808373dfa09,research/continuation_memory_v1/evidence_state_policy_v1/event_action_preservation_v1/runs/preserve_001/evaluate/session_gpu5_001/rollouts/0607,True,False,607,True,1209,PASS,True,terminal_present,task_T
REPAIR,True,0,101,0.058,29,control,False,IDENT_964dd69c3808373dfa09,missing,2azQ1b91cZZ,PASS,REPAIR_1209,IDENT_964dd69c3808373dfa09,research/continuation_memory_v1/evidence_state_policy_v1/event_action_preservation_v1/runs/preserve_001/evaluate/session_gpu5_001/rollouts/0608,True,False,608,True,1209,PASS,True,terminal_present,task_T
ORIGINAL,True,0,101,0.058,29,control,False,IDENT_964dd69c3808373dfa09,missing,2azQ1b91cZZ,PASS,ORIGINAL_1210,IDENT_964dd69c3808373dfa09,research/continuation_memory_v1/evidence_state_policy_v1/event_action_preservation_v1/runs/preserve_001/evaluate/session_gpu5_001/rollouts/0609,True,False,609,True,1210,PASS,True,terminal_present,task_T
REPAIR,True,0,101,0.058,29,control,False,IDENT_964dd69c3808373dfa09,missing,2azQ1b91cZZ,PASS,REPAIR_1210,IDENT_964dd69c3808373dfa09,research/continuation_memory_v1/evidence_state_policy_v1/event_action_preservation_v1/runs/preserve_001/evaluate/session_gpu5_001/rollouts/0610,True,False,610,True,1210,PASS,True,terminal_present,task_T
ORIGINAL,True,0,101,0.058,29,control,False,IDENT_964dd69c3808373dfa09,missing,2azQ1b91cZZ,PASS,ORIGINAL_1211,IDENT_964dd69c3808373dfa09,research/continuation_memory_v1/evidence_state_policy_v1/event_action_preservation_v1/runs/preserve_001/evaluate/session_gpu5_001/rollouts/0611,True,False,611,True,1211,PASS,True,terminal_present,task_T
ORIGINAL,True,0,102,1.0,29,main,False,IDENT_964dd69c3808373dfa09,missing_sham,2azQ1b91cZZ,FAIL,ORIGINAL_1209,IDENT_964dd69c3808373dfa09,research/continuation_memory_v1/evidence_state_policy_v1/event_action_preservation_v1/runs/preserve_001/evaluate/session_gpu6_001/rollouts/0612,True,True,612,False,1209,FAIL,True,terminal_present,task_A
REPAIR,True,0,102,1.0,29,main,False,IDENT_964dd69c3808373dfa09,missing_sham,2azQ1b91cZZ,FAIL,REPAIR_1209,IDENT_964dd69c3808373dfa09,research/continuation_memory_v1/evidence_state_policy_v1/event_action_preservation_v1/runs/preserve_001/evaluate/session_gpu6_001/rollouts/0613,True,True,613,False,1209,FAIL,True,terminal_present,task_A
ORIGINAL,True,0,102,1.0,29,main,False,IDENT_964dd69c3808373dfa09,missing_sham,2azQ1b91cZZ,FAIL,ORIGINAL_1210,IDENT_964dd69c3808373dfa09,research/continuation_memory_v1/evidence_state_policy_v1/event_action_preservation_v1/runs/preserve_001/evaluate/session_gpu6_001/rollouts/0614,True,True,614,False,1210,FAIL,True,terminal_present,task_A
REPAIR,True,0,102,1.0,29,main,False,IDENT_964dd69c3808373dfa09,missing_sham,2azQ1b91cZZ,FAIL,REPAIR_1210,IDENT_964dd69c3808373dfa09,research/continuation_memory_v1/evidence_state_policy_v1/event_action_preservation_v1/runs/preserve_001/evaluate/session_gpu6_001/rollouts/0615,True,True,615,False,1210,FAIL,True,terminal_present,task_A
ORIGINAL,True,0,102,1.0,29,main,False,IDENT_964dd69c3808373dfa09,missing_sham,2azQ1b91cZZ,FAIL,ORIGINAL_1211,IDENT_964dd69c3808373dfa09,research/continuation_memory_v1/evidence_state_policy_v1/event_action_preservation_v1/runs/preserve_001/evaluate/session_gpu6_001/rollouts/0616,True,True,616,False,1211,FAIL,True,terminal_present,task_A
REPAIR,True,0,102,1.0,29,main,False,IDENT_964dd69c3808373dfa09,missing_sham,2azQ1b91cZZ,FAIL,REPAIR_1211,IDENT_964dd69c3808373dfa09,research/continuation_memory_v1/evidence_state_policy_v1/event_action_preservation_v1/runs/preserve_001/evaluate/session_gpu6_001/rollouts/0617,True,True,617,False,1211,FAIL,True,terminal_present,task_A
REPAIR,True,0,103,0.058,29,control,False,IDENT_964dd69c3808373dfa09,missing_sham,2azQ1b91cZZ,PASS,REPAIR_1209,IDENT_964dd69c3808373dfa09,research/continuation_memory_v1/evidence_state_policy_v1/event_action_preservation_v1/runs/preserve_001/evaluate/session_gpu7_001/rollouts/0618,True,False,618,True,1209,PASS,True,terminal_present,task_T
ORIGINAL,True,0,103,0.058,29,control,False,IDENT_964dd69c3808373dfa09,missing_sham,2azQ1b91cZZ,PASS,ORIGINAL_1210,IDENT_964dd69c3808373dfa09,research/continuation_memory_v1/evidence_state_policy_v1/event_action_preservation_v1/runs/preserve_001/evaluate/session_gpu7_001/rollouts/0619,True,False,619,True,1210,PASS,True,terminal_present,task_T
REPAIR,True,0,103,0.058,29,control,False,IDENT_964dd69c3808373dfa09,missing_sham,2azQ1b91cZZ,PASS,REPAIR_1210,IDENT_964dd69c3808373dfa09,research/continuation_memory_v1/evidence_state_policy_v1/event_action_preservation_v1/runs/preserve_001/evaluate/session_gpu7_001/rollouts/0620,True,False,620,True,1210,PASS,True,terminal_present,task_T
ORIGINAL,True,0,103,0.058,29,control,False,IDENT_964dd69c3808373dfa09,missing_sham,2azQ1b91cZZ,PASS,ORIGINAL_1211,IDENT_964dd69c3808373dfa09,research/continuation_memory_v1/evidence_state_policy_v1/event_action_preservation_v1/runs/preserve_001/evaluate/session_gpu7_001/rollouts/0621,True,False,621,True,1211,PASS,True,terminal_present,task_T
REPAIR,True,0,103,0.058,29,control,False,IDENT_964dd69c3808373dfa09,missing_sham,2azQ1b91cZZ,PASS,REPAIR_1211,IDENT_964dd69c3808373dfa09,research/continuation_memory_v1/evidence_state_policy_v1/event_action_preservation_v1/runs/preserve_001/evaluate/session_gpu7_001/rollouts/0622,True,False,622,True,1211,PASS,True,terminal_present,task_T
ORIGINAL,True,0,103,0.058,29,control,False,IDENT_964dd69c3808373dfa09,missing_sham,2azQ1b91cZZ,PASS,ORIGINAL_1209,IDENT_964dd69c3808373dfa09,research/continuation_memory_v1/evidence_state_policy_v1/event_action_preservation_v1/runs/preserve_001/evaluate/session_gpu7_001/rollouts/0623,True,False,623,True,1209,PASS,True,terminal_present,task_T
ORIGINAL,True,2,104,1.0,31,main,False,IDENT_b5282c87ae6ba1f6f5a4,seen,2azQ1b91cZZ,UNKNOWN,ORIGINAL_1210,IDENT_b5282c87ae6ba1f6f5a4,research/continuation_memory_v1/evidence_state_policy_v1/event_action_preservation_v1/runs/preserve_001/evaluate/session_gpu0_001/rollouts/0624,True,True,624,False,1210,FAIL,True,terminal_present,task_A
REPAIR,True,2,104,1.0,31,main,False,IDENT_b5282c87ae6ba1f6f5a4,seen,2azQ1b91cZZ,UNKNOWN,REPAIR_1210,IDENT_b5282c87ae6ba1f6f5a4,research/continuation_memory_v1/evidence_state_policy_v1/event_action_preservation_v1/runs/preserve_001/evaluate/session_gpu0_001/rollouts/0625,True,True,625,False,1210,FAIL,True,terminal_present,task_A
ORIGINAL,True,0,104,0.042,21,main,False,IDENT_b5282c87ae6ba1f6f5a4,seen,2azQ1b91cZZ,PASS,ORIGINAL_1211,IDENT_b5282c87ae6ba1f6f5a4,research/continuation_memory_v1/evidence_state_policy_v1/event_action_preservation_v1/runs/preserve_001/evaluate/session_gpu0_001/rollouts/0626,True,False,626,True,1211,PASS,True,terminal_present,task_A
REPAIR,True,0,104,0.042,21,main,False,IDENT_b5282c87ae6ba1f6f5a4,seen,2azQ1b91cZZ,PASS,REPAIR_1211,IDENT_b5282c87ae6ba1f6f5a4,research/continuation_memory_v1/evidence_state_policy_v1/event_action_preservation_v1/runs/preserve_001/evaluate/session_gpu0_001/rollouts/0627,True,False,627,True,1211,PASS,True,terminal_present,task_A
ORIGINAL,True,0,104,0.042,21,main,False,IDENT_b5282c87ae6ba1f6f5a4,seen,2azQ1b91cZZ,PASS,ORIGINAL_1209,IDENT_b5282c87ae6ba1f6f5a4,research/continuation_memory_v1/evidence_state_policy_v1/event_action_preservation_v1/runs/preserve_001/evaluate/session_gpu0_001/rollouts/0628,True,False,628,True,1209,PASS,True,terminal_present,task_A
REPAIR,True,0,104,0.042,21,main,False,IDENT_b5282c87ae6ba1f6f5a4,seen,2azQ1b91cZZ,PASS,REPAIR_1209,IDENT_b5282c87ae6ba1f6f5a4,research/continuation_memory_v1/evidence_state_policy_v1/event_action_preservation_v1/runs/preserve_001/evaluate/session_gpu0_001/rollouts/0629,True,False,629,True,1209,PASS,True,terminal_present,task_A
REPAIR,True,2,105,1.0,33,control,False,IDENT_b5282c87ae6ba1f6f5a4,seen,2azQ1b91cZZ,UNKNOWN,REPAIR_1210,IDENT_b5282c87ae6ba1f6f5a4,research/continuation_memory_v1/evidence_state_policy_v1/event_action_preservation_v1/runs/preserve_001/evaluate/session_gpu1_001/rollouts/0630,True,True,630,False,1210,FAIL,True,terminal_present,task_T
ORIGINAL,True,0,105,0.042,21,control,False,IDENT_b5282c87ae6ba1f6f5a4,seen,2azQ1b91cZZ,PASS,ORIGINAL_1211,IDENT_b5282c87ae6ba1f6f5a4,research/continuation_memory_v1/evidence_state_policy_v1/event_action_preservation_v1/runs/preserve_001/evaluate/session_gpu1_001/rollouts/0631,True,False,631,True,1211,PASS,True,terminal_present,task_T
REPAIR,True,0,105,0.042,21,control,False,IDENT_b5282c87ae6ba1f6f5a4,seen,2azQ1b91cZZ,PASS,REPAIR_1211,IDENT_b5282c87ae6ba1f6f5a4,research/continuation_memory_v1/evidence_state_policy_v1/event_action_preservation_v1/runs/preserve_001/evaluate/session_gpu1_001/rollouts/0632,True,False,632,True,1211,PASS,True,terminal_present,task_T
ORIGINAL,True,0,105,0.042,21,control,False,IDENT_b5282c87ae6ba1f6f5a4,seen,2azQ1b91cZZ,PASS,ORIGINAL_1209,IDENT_b5282c87ae6ba1f6f5a4,research/continuation_memory_v1/evidence_state_policy_v1/event_action_preservation_v1/runs/preserve_001/evaluate/session_gpu1_001/rollouts/0633,True,False,633,True,1209,PASS,True,terminal_present,task_T
REPAIR,True,0,105,0.042,21,control,False,IDENT_b5282c87ae6ba1f6f5a4,seen,2azQ1b91cZZ,PASS,REPAIR_1209,IDENT_b5282c87ae6ba1f6f5a4,research/continuation_memory_v1/evidence_state_policy_v1/event_action_preservation_v1/runs/preserve_001/evaluate/session_gpu1_001/rollouts/0634,True,False,634,True,1209,PASS,True,terminal_present,task_T
ORIGINAL,True,2,105,1.0,33,control,False,IDENT_b5282c87ae6ba1f6f5a4,seen,2azQ1b91cZZ,UNKNOWN,ORIGINAL_1210,IDENT_b5282c87ae6ba1f6f5a4,research/continuation_memory_v1/evidence_state_policy_v1/event_action_preservation_v1/runs/preserve_001/evaluate/session_gpu1_001/rollouts/0635,True,True,635,False,1210,FAIL,True,terminal_present,task_T
ORIGINAL,True,0,106,0.042,21,main,False,IDENT_b5282c87ae6ba1f6f5a4,seen_sham,2azQ1b91cZZ,PASS,ORIGINAL_1211,IDENT_b5282c87ae6ba1f6f5a4,research/continuation_memory_v1/evidence_state_policy_v1/event_action_preservation_v1/runs/preserve_001/evaluate/session_gpu2_001/rollouts/0636,True,False,636,True,1211,PASS,True,terminal_present,task_A
REPAIR,True,0,106,0.042,21,main,False,IDENT_b5282c87ae6ba1f6f5a4,seen_sham,2azQ1b91cZZ,PASS,REPAIR_1211,IDENT_b5282c87ae6ba1f6f5a4,research/continuation_memory_v1/evidence_state_policy_v1/event_action_preservation_v1/runs/preserve_001/evaluate/session_gpu2_001/rollouts/0637,True,False,637,True,1211,PASS,True,terminal_present,task_A
ORIGINAL,True,0,106,0.042,21,main,False,IDENT_b5282c87ae6ba1f6f5a4,seen_sham,2azQ1b91cZZ,PASS,ORIGINAL_1209,IDENT_b5282c87ae6ba1f6f5a4,research/continuation_memory_v1/evidence_state_policy_v1/event_action_preservation_v1/runs/preserve_001/evaluate/session_gpu2_001/rollouts/0638,True,False,638,True,1209,PASS,True,terminal_present,task_A
REPAIR,True,0,106,0.042,21,main,False,IDENT_b5282c87ae6ba1f6f5a4,seen_sham,2azQ1b91cZZ,PASS,REPAIR_1209,IDENT_b5282c87ae6ba1f6f5a4,research/continuation_memory_v1/evidence_state_policy_v1/event_action_preservation_v1/runs/preserve_001/evaluate/session_gpu2_001/rollouts/0639,True,False,639,True,1209,PASS,True,terminal_present,task_A
ORIGINAL,True,2,106,1.0,31,main,False,IDENT_b5282c87ae6ba1f6f5a4,seen_sham,2azQ1b91cZZ,UNKNOWN,ORIGINAL_1210,IDENT_b5282c87ae6ba1f6f5a4,research/continuation_memory_v1/evidence_state_policy_v1/event_action_preservation_v1/runs/preserve_001/evaluate/session_gpu2_001/rollouts/0640,True,True,640,False,1210,FAIL,True,terminal_present,task_A
REPAIR,True,2,106,1.0,31,main,False,IDENT_b5282c87ae6ba1f6f5a4,seen_sham,2azQ1b91cZZ,UNKNOWN,REPAIR_1210,IDENT_b5282c87ae6ba1f6f5a4,research/continuation_memory_v1/evidence_state_policy_v1/event_action_preservation_v1/runs/preserve_001/evaluate/session_gpu2_001/rollouts/0641,True,True,641,False,1210,FAIL,True,terminal_present,task_A
REPAIR,True,0,107,0.042,21,control,False,IDENT_b5282c87ae6ba1f6f5a4,seen_sham,2azQ1b91cZZ,PASS,REPAIR_1211,IDENT_b5282c87ae6ba1f6f5a4,research/continuation_memory_v1/evidence_state_policy_v1/event_action_preservation_v1/runs/preserve_001/evaluate/session_gpu3_001/rollouts/0642,True,False,642,True,1211,PASS,True,terminal_present,task_T
ORIGINAL,True,0,107,0.042,21,control,False,IDENT_b5282c87ae6ba1f6f5a4,seen_sham,2azQ1b91cZZ,PASS,ORIGINAL_1209,IDENT_b5282c87ae6ba1f6f5a4,research/continuation_memory_v1/evidence_state_policy_v1/event_action_preservation_v1/runs/preserve_001/evaluate/session_gpu3_001/rollouts/0643,True,False,643,True,1209,PASS,True,terminal_present,task_T
REPAIR,True,0,107,0.042,21,control,False,IDENT_b5282c87ae6ba1f6f5a4,seen_sham,2azQ1b91cZZ,PASS,REPAIR_1209,IDENT_b5282c87ae6ba1f6f5a4,research/continuation_memory_v1/evidence_state_policy_v1/event_action_preservation_v1/runs/preserve_001/evaluate/session_gpu3_001/rollouts/0644,True,False,644,True,1209,PASS,True,terminal_present,task_T
ORIGINAL,True,2,107,1.0,33,control,False,IDENT_b5282c87ae6ba1f6f5a4,seen_sham,2azQ1b91cZZ,UNKNOWN,ORIGINAL_1210,IDENT_b5282c87ae6ba1f6f5a4,research/continuation_memory_v1/evidence_state_policy_v1/event_action_preservation_v1/runs/preserve_001/evaluate/session_gpu3_001/rollouts/0645,True,True,645,False,1210,FAIL,True,terminal_present,task_T
REPAIR,True,2,107,1.0,33,control,False,IDENT_b5282c87ae6ba1f6f5a4,seen_sham,2azQ1b91cZZ,UNKNOWN,REPAIR_1210,IDENT_b5282c87ae6ba1f6f5a4,research/continuation_memory_v1/evidence_state_policy_v1/event_action_preservation_v1/runs/preserve_001/evaluate/session_gpu3_001/rollouts/0646,True,True,646,False,1210,FAIL,True,terminal_present,task_T
ORIGINAL,True,0,107,0.042,21,control,False,IDENT_b5282c87ae6ba1f6f5a4,seen_sham,2azQ1b91cZZ,PASS,ORIGINAL_1211,IDENT_b5282c87ae6ba1f6f5a4,research/continuation_memory_v1/evidence_state_policy_v1/event_action_preservation_v1/runs/preserve_001/evaluate/session_gpu3_001/rollouts/0647,True,False,647,True,1211,PASS,True,terminal_present,task_T
ORIGINAL,True,0,108,1.0,21,main,False,IDENT_b5282c87ae6ba1f6f5a4,missing,2azQ1b91cZZ,FAIL,ORIGINAL_1209,IDENT_b5282c87ae6ba1f6f5a4,research/continuation_memory_v1/evidence_state_policy_v1/event_action_preservation_v1/runs/preserve_001/evaluate/session_gpu4_001/rollouts/0648,True,True,648,False,1209,FAIL,True,terminal_present,task_A
REPAIR,True,0,108,1.0,21,main,False,IDENT_b5282c87ae6ba1f6f5a4,missing,2azQ1b91cZZ,FAIL,REPAIR_1209,IDENT_b5282c87ae6ba1f6f5a4,research/continuation_memory_v1/evidence_state_policy_v1/event_action_preservation_v1/runs/preserve_001/evaluate/session_gpu4_001/rollouts/0649,True,True,649,False,1209,FAIL,True,terminal_present,task_A
ORIGINAL,True,472,108,1.0,500,main,True,IDENT_b5282c87ae6ba1f6f5a4,missing,2azQ1b91cZZ,UNKNOWN,ORIGINAL_1210,IDENT_b5282c87ae6ba1f6f5a4,research/continuation_memory_v1/evidence_state_policy_v1/event_action_preservation_v1/runs/preserve_001/evaluate/session_gpu4_001/rollouts/0650,True,False,650,False,1210,FAIL,False,terminal_present,task_A
REPAIR,True,472,108,1.0,500,main,True,IDENT_b5282c87ae6ba1f6f5a4,missing,2azQ1b91cZZ,UNKNOWN,REPAIR_1210,IDENT_b5282c87ae6ba1f6f5a4,research/continuation_memory_v1/evidence_state_policy_v1/event_action_preservation_v1/runs/preserve_001/evaluate/session_gpu4_001/rollouts/0651,True,False,651,False,1210,FAIL,False,terminal_present,task_A
ORIGINAL,True,0,108,1.0,21,main,False,IDENT_b5282c87ae6ba1f6f5a4,missing,2azQ1b91cZZ,FAIL,ORIGINAL_1211,IDENT_b5282c87ae6ba1f6f5a4,research/continuation_memory_v1/evidence_state_policy_v1/event_action_preservation_v1/runs/preserve_001/evaluate/session_gpu4_001/rollouts/0652,True,True,652,False,1211,FAIL,True,terminal_present,task_A
REPAIR,True,0,108,1.0,21,main,False,IDENT_b5282c87ae6ba1f6f5a4,missing,2azQ1b91cZZ,FAIL,REPAIR_1211,IDENT_b5282c87ae6ba1f6f5a4,research/continuation_memory_v1/evidence_state_policy_v1/event_action_preservation_v1/runs/preserve_001/evaluate/session_gpu4_001/rollouts/0653,True,True,653,False,1211,FAIL,True,terminal_present,task_A
REPAIR,True,0,109,0.042,21,control,False,IDENT_b5282c87ae6ba1f6f5a4,missing,2azQ1b91cZZ,PASS,REPAIR_1209,IDENT_b5282c87ae6ba1f6f5a4,research/continuation_memory_v1/evidence_state_policy_v1/event_action_preservation_v1/runs/preserve_001/evaluate/session_gpu5_001/rollouts/0654,True,False,654,True,1209,PASS,True,terminal_present,task_T
ORIGINAL,True,472,109,1.0,500,control,True,IDENT_b5282c87ae6ba1f6f5a4,missing,2azQ1b91cZZ,UNKNOWN,ORIGINAL_1210,IDENT_b5282c87ae6ba1f6f5a4,research/continuation_memory_v1/evidence_state_policy_v1/event_action_preservation_v1/runs/preserve_001/evaluate/session_gpu5_001/rollouts/0655,True,False,655,False,1210,FAIL,False,terminal_present,task_T
REPAIR,True,2,109,1.0,33,control,False,IDENT_b5282c87ae6ba1f6f5a4,missing,2azQ1b91cZZ,UNKNOWN,REPAIR_1210,IDENT_b5282c87ae6ba1f6f5a4,research/continuation_memory_v1/evidence_state_policy_v1/event_action_preservation_v1/runs/preserve_001/evaluate/session_gpu5_001/rollouts/0656,True,True,656,False,1210,FAIL,True,terminal_present,task_T
ORIGINAL,True,0,109,0.042,21,control,False,IDENT_b5282c87ae6ba1f6f5a4,missing,2azQ1b91cZZ,PASS,ORIGINAL_1211,IDENT_b5282c87ae6ba1f6f5a4,research/continuation_memory_v1/evidence_state_policy_v1/event_action_preservation_v1/runs/preserve_001/evaluate/session_gpu5_001/rollouts/0657,True,False,657,True,1211,PASS,True,terminal_present,task_T
REPAIR,True,0,109,0.042,21,control,False,IDENT_b5282c87ae6ba1f6f5a4,missing,2azQ1b91cZZ,PASS,REPAIR_1211,IDENT_b5282c87ae6ba1f6f5a4,research/continuation_memory_v1/evidence_state_policy_v1/event_action_preservation_v1/runs/preserve_001/evaluate/session_gpu5_001/rollouts/0658,True,False,658,True,1211,PASS,True,terminal_present,task_T
ORIGINAL,True,0,109,0.042,21,control,False,IDENT_b5282c87ae6ba1f6f5a4,missing,2azQ1b91cZZ,PASS,ORIGINAL_1209,IDENT_b5282c87ae6ba1f6f5a4,research/continuation_memory_v1/evidence_state_policy_v1/event_action_preservation_v1/runs/preserve_001/evaluate/session_gpu5_001/rollouts/0659,True,False,659,True,1209,PASS,True,terminal_present,task_T
ORIGINAL,True,2,110,1.0,31,main,False,IDENT_b5282c87ae6ba1f6f5a4,missing_sham,2azQ1b91cZZ,UNKNOWN,ORIGINAL_1210,IDENT_b5282c87ae6ba1f6f5a4,research/continuation_memory_v1/evidence_state_policy_v1/event_action_preservation_v1/runs/preserve_001/evaluate/session_gpu6_001/rollouts/0660,True,True,660,False,1210,FAIL,True,terminal_present,task_A
REPAIR,True,472,110,1.0,500,main,True,IDENT_b5282c87ae6ba1f6f5a4,missing_sham,2azQ1b91cZZ,UNKNOWN,REPAIR_1210,IDENT_b5282c87ae6ba1f6f5a4,research/continuation_memory_v1/evidence_state_policy_v1/event_action_preservation_v1/runs/preserve_001/evaluate/session_gpu6_001/rollouts/0661,True,False,661,False,1210,FAIL,False,terminal_present,task_A
ORIGINAL,True,0,110,1.0,21,main,False,IDENT_b5282c87ae6ba1f6f5a4,missing_sham,2azQ1b91cZZ,FAIL,ORIGINAL_1211,IDENT_b5282c87ae6ba1f6f5a4,research/continuation_memory_v1/evidence_state_policy_v1/event_action_preservation_v1/runs/preserve_001/evaluate/session_gpu6_001/rollouts/0662,True,True,662,False,1211,FAIL,True,terminal_present,task_A
REPAIR,True,0,110,1.0,21,main,False,IDENT_b5282c87ae6ba1f6f5a4,missing_sham,2azQ1b91cZZ,FAIL,REPAIR_1211,IDENT_b5282c87ae6ba1f6f5a4,research/continuation_memory_v1/evidence_state_policy_v1/event_action_preservation_v1/runs/preserve_001/evaluate/session_gpu6_001/rollouts/0663,True,True,663,False,1211,FAIL,True,terminal_present,task_A
ORIGINAL,True,0,110,1.0,21,main,False,IDENT_b5282c87ae6ba1f6f5a4,missing_sham,2azQ1b91cZZ,FAIL,ORIGINAL_1209,IDENT_b5282c87ae6ba1f6f5a4,research/continuation_memory_v1/evidence_state_policy_v1/event_action_preservation_v1/runs/preserve_001/evaluate/session_gpu6_001/rollouts/0664,True,True,664,False,1209,FAIL,True,terminal_present,task_A
REPAIR,True,0,110,1.0,21,main,False,IDENT_b5282c87ae6ba1f6f5a4,missing_sham,2azQ1b91cZZ,FAIL,REPAIR_1209,IDENT_b5282c87ae6ba1f6f5a4,research/continuation_memory_v1/evidence_state_policy_v1/event_action_preservation_v1/runs/preserve_001/evaluate/session_gpu6_001/rollouts/0665,True,True,665,False,1209,FAIL,True,terminal_present,task_A
REPAIR,True,2,111,1.0,33,control,False,IDENT_b5282c87ae6ba1f6f5a4,missing_sham,2azQ1b91cZZ,UNKNOWN,REPAIR_1210,IDENT_b5282c87ae6ba1f6f5a4,research/continuation_memory_v1/evidence_state_policy_v1/event_action_preservation_v1/runs/preserve_001/evaluate/session_gpu7_001/rollouts/0666,True,True,666,False,1210,FAIL,True,terminal_present,task_T
ORIGINAL,True,0,111,0.042,21,control,False,IDENT_b5282c87ae6ba1f6f5a4,missing_sham,2azQ1b91cZZ,PASS,ORIGINAL_1211,IDENT_b5282c87ae6ba1f6f5a4,research/continuation_memory_v1/evidence_state_policy_v1/event_action_preservation_v1/runs/preserve_001/evaluate/session_gpu7_001/rollouts/0667,True,False,667,True,1211,PASS,True,terminal_present,task_T
REPAIR,True,0,111,0.042,21,control,False,IDENT_b5282c87ae6ba1f6f5a4,missing_sham,2azQ1b91cZZ,PASS,REPAIR_1211,IDENT_b5282c87ae6ba1f6f5a4,research/continuation_memory_v1/evidence_state_policy_v1/event_action_preservation_v1/runs/preserve_001/evaluate/session_gpu7_001/rollouts/0668,True,False,668,True,1211,PASS,True,terminal_present,task_T
ORIGINAL,True,0,111,0.042,21,control,False,IDENT_b5282c87ae6ba1f6f5a4,missing_sham,2azQ1b91cZZ,PASS,ORIGINAL_1209,IDENT_b5282c87ae6ba1f6f5a4,research/continuation_memory_v1/evidence_state_policy_v1/event_action_preservation_v1/runs/preserve_001/evaluate/session_gpu7_001/rollouts/0669,True,False,669,True,1209,PASS,True,terminal_present,task_T
REPAIR,True,0,111,0.042,21,control,False,IDENT_b5282c87ae6ba1f6f5a4,missing_sham,2azQ1b91cZZ,PASS,REPAIR_1209,IDENT_b5282c87ae6ba1f6f5a4,research/continuation_memory_v1/evidence_state_policy_v1/event_action_preservation_v1/runs/preserve_001/evaluate/session_gpu7_001/rollouts/0670,True,False,670,True,1209,PASS,True,terminal_present,task_T
ORIGINAL,True,2,111,1.0,33,control,False,IDENT_b5282c87ae6ba1f6f5a4,missing_sham,2azQ1b91cZZ,UNKNOWN,ORIGINAL_1210,IDENT_b5282c87ae6ba1f6f5a4,research/continuation_memory_v1/evidence_state_policy_v1/event_action_preservation_v1/runs/preserve_001/evaluate/session_gpu7_001/rollouts/0671,True,True,671,False,1210,FAIL,True,terminal_present,task_T
ORIGINAL,True,0,112,0.058,29,main,False,IDENT_cf89bb44251a5e92b71b,seen,2azQ1b91cZZ,PASS,ORIGINAL_1211,IDENT_cf89bb44251a5e92b71b,research/continuation_memory_v1/evidence_state_policy_v1/event_action_preservation_v1/runs/preserve_001/evaluate/session_gpu0_001/rollouts/0672,True,False,672,True,1211,PASS,True,terminal_present,task_A
REPAIR,True,0,112,0.058,29,main,False,IDENT_cf89bb44251a5e92b71b,seen,2azQ1b91cZZ,PASS,REPAIR_1211,IDENT_cf89bb44251a5e92b71b,research/continuation_memory_v1/evidence_state_policy_v1/event_action_preservation_v1/runs/preserve_001/evaluate/session_gpu0_001/rollouts/0673,True,False,673,True,1211,PASS,True,terminal_present,task_A
ORIGINAL,True,0,112,0.058,29,main,False,IDENT_cf89bb44251a5e92b71b,seen,2azQ1b91cZZ,PASS,ORIGINAL_1209,IDENT_cf89bb44251a5e92b71b,research/continuation_memory_v1/evidence_state_policy_v1/event_action_preservation_v1/runs/preserve_001/evaluate/session_gpu0_001/rollouts/0674,True,False,674,True,1209,PASS,True,terminal_present,task_A
REPAIR,True,0,112,0.058,29,main,False,IDENT_cf89bb44251a5e92b71b,seen,2azQ1b91cZZ,PASS,REPAIR_1209,IDENT_cf89bb44251a5e92b71b,research/continuation_memory_v1/evidence_state_policy_v1/event_action_preservation_v1/runs/preserve_001/evaluate/session_gpu0_001/rollouts/0675,True,False,675,True,1209,PASS,True,terminal_present,task_A
ORIGINAL,True,0,112,0.058,29,main,False,IDENT_cf89bb44251a5e92b71b,seen,2azQ1b91cZZ,PASS,ORIGINAL_1210,IDENT_cf89bb44251a5e92b71b,research/continuation_memory_v1/evidence_state_policy_v1/event_action_preservation_v1/runs/preserve_001/evaluate/session_gpu0_001/rollouts/0676,True,False,676,True,1210,PASS,True,terminal_present,task_A
REPAIR,True,0,112,0.058,29,main,False,IDENT_cf89bb44251a5e92b71b,seen,2azQ1b91cZZ,PASS,REPAIR_1210,IDENT_cf89bb44251a5e92b71b,research/continuation_memory_v1/evidence_state_policy_v1/event_action_preservation_v1/runs/preserve_001/evaluate/session_gpu0_001/rollouts/0677,True,False,677,True,1210,PASS,True,terminal_present,task_A
REPAIR,True,0,113,0.058,29,control,False,IDENT_cf89bb44251a5e92b71b,seen,2azQ1b91cZZ,PASS,REPAIR_1211,IDENT_cf89bb44251a5e92b71b,research/continuation_memory_v1/evidence_state_policy_v1/event_action_preservation_v1/runs/preserve_001/evaluate/session_gpu1_001/rollouts/0678,True,False,678,True,1211,PASS,True,terminal_present,task_T
ORIGINAL,True,0,113,0.058,29,control,False,IDENT_cf89bb44251a5e92b71b,seen,2azQ1b91cZZ,PASS,ORIGINAL_1209,IDENT_cf89bb44251a5e92b71b,research/continuation_memory_v1/evidence_state_policy_v1/event_action_preservation_v1/runs/preserve_001/evaluate/session_gpu1_001/rollouts/0679,True,False,679,True,1209,PASS,True,terminal_present,task_T
REPAIR,True,0,113,0.058,29,control,False,IDENT_cf89bb44251a5e92b71b,seen,2azQ1b91cZZ,PASS,REPAIR_1209,IDENT_cf89bb44251a5e92b71b,research/continuation_memory_v1/evidence_state_policy_v1/event_action_preservation_v1/runs/preserve_001/evaluate/session_gpu1_001/rollouts/0680,True,False,680,True,1209,PASS,True,terminal_present,task_T
ORIGINAL,True,0,113,0.058,29,control,False,IDENT_cf89bb44251a5e92b71b,seen,2azQ1b91cZZ,PASS,ORIGINAL_1210,IDENT_cf89bb44251a5e92b71b,research/continuation_memory_v1/evidence_state_policy_v1/event_action_preservation_v1/runs/preserve_001/evaluate/session_gpu1_001/rollouts/0681,True,False,681,True,1210,PASS,True,terminal_present,task_T
REPAIR,True,0,113,0.058,29,control,False,IDENT_cf89bb44251a5e92b71b,seen,2azQ1b91cZZ,PASS,REPAIR_1210,IDENT_cf89bb44251a5e92b71b,research/continuation_memory_v1/evidence_state_policy_v1/event_action_preservation_v1/runs/preserve_001/evaluate/session_gpu1_001/rollouts/0682,True,False,682,True,1210,PASS,True,terminal_present,task_T
ORIGINAL,True,0,113,0.058,29,control,False,IDENT_cf89bb44251a5e92b71b,seen,2azQ1b91cZZ,PASS,ORIGINAL_1211,IDENT_cf89bb44251a5e92b71b,research/continuation_memory_v1/evidence_state_policy_v1/event_action_preservation_v1/runs/preserve_001/evaluate/session_gpu1_001/rollouts/0683,True,False,683,True,1211,PASS,True,terminal_present,task_T
ORIGINAL,True,0,114,0.058,29,main,False,IDENT_cf89bb44251a5e92b71b,seen_sham,2azQ1b91cZZ,PASS,ORIGINAL_1209,IDENT_cf89bb44251a5e92b71b,research/continuation_memory_v1/evidence_state_policy_v1/event_action_preservation_v1/runs/preserve_001/evaluate/session_gpu2_001/rollouts/0684,True,False,684,True,1209,PASS,True,terminal_present,task_A
REPAIR,True,0,114,0.058,29,main,False,IDENT_cf89bb44251a5e92b71b,seen_sham,2azQ1b91cZZ,PASS,REPAIR_1209,IDENT_cf89bb44251a5e92b71b,research/continuation_memory_v1/evidence_state_policy_v1/event_action_preservation_v1/runs/preserve_001/evaluate/session_gpu2_001/rollouts/0685,True,False,685,True,1209,PASS,True,terminal_present,task_A
ORIGINAL,True,0,114,0.058,29,main,False,IDENT_cf89bb44251a5e92b71b,seen_sham,2azQ1b91cZZ,PASS,ORIGINAL_1210,IDENT_cf89bb44251a5e92b71b,research/continuation_memory_v1/evidence_state_policy_v1/event_action_preservation_v1/runs/preserve_001/evaluate/session_gpu2_001/rollouts/0686,True,False,686,True,1210,PASS,True,terminal_present,task_A
REPAIR,True,0,114,0.058,29,main,False,IDENT_cf89bb44251a5e92b71b,seen_sham,2azQ1b91cZZ,PASS,REPAIR_1210,IDENT_cf89bb44251a5e92b71b,research/continuation_memory_v1/evidence_state_policy_v1/event_action_preservation_v1/runs/preserve_001/evaluate/session_gpu2_001/rollouts/0687,True,False,687,True,1210,PASS,True,terminal_present,task_A
ORIGINAL,True,0,114,0.058,29,main,False,IDENT_cf89bb44251a5e92b71b,seen_sham,2azQ1b91cZZ,PASS,ORIGINAL_1211,IDENT_cf89bb44251a5e92b71b,research/continuation_memory_v1/evidence_state_policy_v1/event_action_preservation_v1/runs/preserve_001/evaluate/session_gpu2_001/rollouts/0688,True,False,688,True,1211,PASS,True,terminal_present,task_A
REPAIR,True,0,114,0.058,29,main,False,IDENT_cf89bb44251a5e92b71b,seen_sham,2azQ1b91cZZ,PASS,REPAIR_1211,IDENT_cf89bb44251a5e92b71b,research/continuation_memory_v1/evidence_state_policy_v1/event_action_preservation_v1/runs/preserve_001/evaluate/session_gpu2_001/rollouts/0689,True,False,689,True,1211,PASS,True,terminal_present,task_A
REPAIR,True,0,115,0.058,29,control,False,IDENT_cf89bb44251a5e92b71b,seen_sham,2azQ1b91cZZ,PASS,REPAIR_1209,IDENT_cf89bb44251a5e92b71b,research/continuation_memory_v1/evidence_state_policy_v1/event_action_preservation_v1/runs/preserve_001/evaluate/session_gpu3_001/rollouts/0690,True,False,690,True,1209,PASS,True,terminal_present,task_T
ORIGINAL,True,0,115,0.058,29,control,False,IDENT_cf89bb44251a5e92b71b,seen_sham,2azQ1b91cZZ,PASS,ORIGINAL_1210,IDENT_cf89bb44251a5e92b71b,research/continuation_memory_v1/evidence_state_policy_v1/event_action_preservation_v1/runs/preserve_001/evaluate/session_gpu3_001/rollouts/0691,True,False,691,True,1210,PASS,True,terminal_present,task_T
REPAIR,True,0,115,0.058,29,control,False,IDENT_cf89bb44251a5e92b71b,seen_sham,2azQ1b91cZZ,PASS,REPAIR_1210,IDENT_cf89bb44251a5e92b71b,research/continuation_memory_v1/evidence_state_policy_v1/event_action_preservation_v1/runs/preserve_001/evaluate/session_gpu3_001/rollouts/0692,True,False,692,True,1210,PASS,True,terminal_present,task_T
ORIGINAL,True,0,115,0.058,29,control,False,IDENT_cf89bb44251a5e92b71b,seen_sham,2azQ1b91cZZ,PASS,ORIGINAL_1211,IDENT_cf89bb44251a5e92b71b,research/continuation_memory_v1/evidence_state_policy_v1/event_action_preservation_v1/runs/preserve_001/evaluate/session_gpu3_001/rollouts/0693,True,False,693,True,1211,PASS,True,terminal_present,task_T
REPAIR,True,0,115,0.058,29,control,False,IDENT_cf89bb44251a5e92b71b,seen_sham,2azQ1b91cZZ,PASS,REPAIR_1211,IDENT_cf89bb44251a5e92b71b,research/continuation_memory_v1/evidence_state_policy_v1/event_action_preservation_v1/runs/preserve_001/evaluate/session_gpu3_001/rollouts/0694,True,False,694,True,1211,PASS,True,terminal_present,task_T
ORIGINAL,True,0,115,0.058,29,control,False,IDENT_cf89bb44251a5e92b71b,seen_sham,2azQ1b91cZZ,PASS,ORIGINAL_1209,IDENT_cf89bb44251a5e92b71b,research/continuation_memory_v1/evidence_state_policy_v1/event_action_preservation_v1/runs/preserve_001/evaluate/session_gpu3_001/rollouts/0695,True,False,695,True,1209,PASS,True,terminal_present,task_T
ORIGINAL,True,0,116,1.0,29,main,False,IDENT_cf89bb44251a5e92b71b,missing,2azQ1b91cZZ,FAIL,ORIGINAL_1210,IDENT_cf89bb44251a5e92b71b,research/continuation_memory_v1/evidence_state_policy_v1/event_action_preservation_v1/runs/preserve_001/evaluate/session_gpu4_001/rollouts/0696,True,True,696,False,1210,FAIL,True,terminal_present,task_A
REPAIR,True,0,116,1.0,29,main,False,IDENT_cf89bb44251a5e92b71b,missing,2azQ1b91cZZ,FAIL,REPAIR_1210,IDENT_cf89bb44251a5e92b71b,research/continuation_memory_v1/evidence_state_policy_v1/event_action_preservation_v1/runs/preserve_001/evaluate/session_gpu4_001/rollouts/0697,True,True,697,False,1210,FAIL,True,terminal_present,task_A
ORIGINAL,True,0,116,1.0,29,main,False,IDENT_cf89bb44251a5e92b71b,missing,2azQ1b91cZZ,FAIL,ORIGINAL_1211,IDENT_cf89bb44251a5e92b71b,research/continuation_memory_v1/evidence_state_policy_v1/event_action_preservation_v1/runs/preserve_001/evaluate/session_gpu4_001/rollouts/0698,True,True,698,False,1211,FAIL,True,terminal_present,task_A
REPAIR,True,0,116,1.0,29,main,False,IDENT_cf89bb44251a5e92b71b,missing,2azQ1b91cZZ,FAIL,REPAIR_1211,IDENT_cf89bb44251a5e92b71b,research/continuation_memory_v1/evidence_state_policy_v1/event_action_preservation_v1/runs/preserve_001/evaluate/session_gpu4_001/rollouts/0699,True,True,699,False,1211,FAIL,True,terminal_present,task_A
ORIGINAL,True,0,116,1.0,29,main,False,IDENT_cf89bb44251a5e92b71b,missing,2azQ1b91cZZ,FAIL,ORIGINAL_1209,IDENT_cf89bb44251a5e92b71b,research/continuation_memory_v1/evidence_state_policy_v1/event_action_preservation_v1/runs/preserve_001/evaluate/session_gpu4_001/rollouts/0700,True,True,700,False,1209,FAIL,True,terminal_present,task_A
REPAIR,True,0,116,1.0,29,main,False,IDENT_cf89bb44251a5e92b71b,missing,2azQ1b91cZZ,FAIL,REPAIR_1209,IDENT_cf89bb44251a5e92b71b,research/continuation_memory_v1/evidence_state_policy_v1/event_action_preservation_v1/runs/preserve_001/evaluate/session_gpu4_001/rollouts/0701,True,True,701,False,1209,FAIL,True,terminal_present,task_A
REPAIR,True,0,117,0.058,29,control,False,IDENT_cf89bb44251a5e92b71b,missing,2azQ1b91cZZ,PASS,REPAIR_1210,IDENT_cf89bb44251a5e92b71b,research/continuation_memory_v1/evidence_state_policy_v1/event_action_preservation_v1/runs/preserve_001/evaluate/session_gpu5_001/rollouts/0702,True,False,702,True,1210,PASS,True,terminal_present,task_T
ORIGINAL,True,0,117,0.058,29,control,False,IDENT_cf89bb44251a5e92b71b,missing,2azQ1b91cZZ,PASS,ORIGINAL_1211,IDENT_cf89bb44251a5e92b71b,research/continuation_memory_v1/evidence_state_policy_v1/event_action_preservation_v1/runs/preserve_001/evaluate/session_gpu5_001/rollouts/0703,True,False,703,True,1211,PASS,True,terminal_present,task_T
REPAIR,True,0,117,0.058,29,control,False,IDENT_cf89bb44251a5e92b71b,missing,2azQ1b91cZZ,PASS,REPAIR_1211,IDENT_cf89bb44251a5e92b71b,research/continuation_memory_v1/evidence_state_policy_v1/event_action_preservation_v1/runs/preserve_001/evaluate/session_gpu5_001/rollouts/0704,True,False,704,True,1211,PASS,True,terminal_present,task_T
ORIGINAL,True,0,117,0.058,29,control,False,IDENT_cf89bb44251a5e92b71b,missing,2azQ1b91cZZ,PASS,ORIGINAL_1209,IDENT_cf89bb44251a5e92b71b,research/continuation_memory_v1/evidence_state_policy_v1/event_action_preservation_v1/runs/preserve_001/evaluate/session_gpu5_001/rollouts/0705,True,False,705,True,1209,PASS,True,terminal_present,task_T
REPAIR,True,0,117,0.058,29,control,False,IDENT_cf89bb44251a5e92b71b,missing,2azQ1b91cZZ,PASS,REPAIR_1209,IDENT_cf89bb44251a5e92b71b,research/continuation_memory_v1/evidence_state_policy_v1/event_action_preservation_v1/runs/preserve_001/evaluate/session_gpu5_001/rollouts/0706,True,False,706,True,1209,PASS,True,terminal_present,task_T
ORIGINAL,True,0,117,0.058,29,control,False,IDENT_cf89bb44251a5e92b71b,missing,2azQ1b91cZZ,PASS,ORIGINAL_1210,IDENT_cf89bb44251a5e92b71b,research/continuation_memory_v1/evidence_state_policy_v1/event_action_preservation_v1/runs/preserve_001/evaluate/session_gpu5_001/rollouts/0707,True,False,707,True,1210,PASS,True,terminal_present,task_T
ORIGINAL,True,0,118,1.0,29,main,False,IDENT_cf89bb44251a5e92b71b,missing_sham,2azQ1b91cZZ,FAIL,ORIGINAL_1211,IDENT_cf89bb44251a5e92b71b,research/continuation_memory_v1/evidence_state_policy_v1/event_action_preservation_v1/runs/preserve_001/evaluate/session_gpu6_001/rollouts/0708,True,True,708,False,1211,FAIL,True,terminal_present,task_A
REPAIR,True,0,118,1.0,29,main,False,IDENT_cf89bb44251a5e92b71b,missing_sham,2azQ1b91cZZ,FAIL,REPAIR_1211,IDENT_cf89bb44251a5e92b71b,research/continuation_memory_v1/evidence_state_policy_v1/event_action_preservation_v1/runs/preserve_001/evaluate/session_gpu6_001/rollouts/0709,True,True,709,False,1211,FAIL,True,terminal_present,task_A
ORIGINAL,True,0,118,1.0,29,main,False,IDENT_cf89bb44251a5e92b71b,missing_sham,2azQ1b91cZZ,FAIL,ORIGINAL_1209,IDENT_cf89bb44251a5e92b71b,research/continuation_memory_v1/evidence_state_policy_v1/event_action_preservation_v1/runs/preserve_001/evaluate/session_gpu6_001/rollouts/0710,True,True,710,False,1209,FAIL,True,terminal_present,task_A
REPAIR,True,0,118,1.0,29,main,False,IDENT_cf89bb44251a5e92b71b,missing_sham,2azQ1b91cZZ,FAIL,REPAIR_1209,IDENT_cf89bb44251a5e92b71b,research/continuation_memory_v1/evidence_state_policy_v1/event_action_preservation_v1/runs/preserve_001/evaluate/session_gpu6_001/rollouts/0711,True,True,711,False,1209,FAIL,True,terminal_present,task_A
ORIGINAL,True,0,118,1.0,29,main,False,IDENT_cf89bb44251a5e92b71b,missing_sham,2azQ1b91cZZ,FAIL,ORIGINAL_1210,IDENT_cf89bb44251a5e92b71b,research/continuation_memory_v1/evidence_state_policy_v1/event_action_preservation_v1/runs/preserve_001/evaluate/session_gpu6_001/rollouts/0712,True,True,712,False,1210,FAIL,True,terminal_present,task_A
REPAIR,True,0,118,1.0,29,main,False,IDENT_cf89bb44251a5e92b71b,missing_sham,2azQ1b91cZZ,FAIL,REPAIR_1210,IDENT_cf89bb44251a5e92b71b,research/continuation_memory_v1/evidence_state_policy_v1/event_action_preservation_v1/runs/preserve_001/evaluate/session_gpu6_001/rollouts/0713,True,True,713,False,1210,FAIL,True,terminal_present,task_A
REPAIR,True,0,119,0.058,29,control,False,IDENT_cf89bb44251a5e92b71b,missing_sham,2azQ1b91cZZ,PASS,REPAIR_1211,IDENT_cf89bb44251a5e92b71b,research/continuation_memory_v1/evidence_state_policy_v1/event_action_preservation_v1/runs/preserve_001/evaluate/session_gpu7_001/rollouts/0714,True,False,714,True,1211,PASS,True,terminal_present,task_T
ORIGINAL,True,0,119,0.058,29,control,False,IDENT_cf89bb44251a5e92b71b,missing_sham,2azQ1b91cZZ,PASS,ORIGINAL_1209,IDENT_cf89bb44251a5e92b71b,research/continuation_memory_v1/evidence_state_policy_v1/event_action_preservation_v1/runs/preserve_001/evaluate/session_gpu7_001/rollouts/0715,True,False,715,True,1209,PASS,True,terminal_present,task_T
REPAIR,True,0,119,0.058,29,control,False,IDENT_cf89bb44251a5e92b71b,missing_sham,2azQ1b91cZZ,PASS,REPAIR_1209,IDENT_cf89bb44251a5e92b71b,research/continuation_memory_v1/evidence_state_policy_v1/event_action_preservation_v1/runs/preserve_001/evaluate/session_gpu7_001/rollouts/0716,True,False,716,True,1209,PASS,True,terminal_present,task_T
ORIGINAL,True,0,119,0.058,29,control,False,IDENT_cf89bb44251a5e92b71b,missing_sham,2azQ1b91cZZ,PASS,ORIGINAL_1210,IDENT_cf89bb44251a5e92b71b,research/continuation_memory_v1/evidence_state_policy_v1/event_action_preservation_v1/runs/preserve_001/evaluate/session_gpu7_001/rollouts/0717,True,False,717,True,1210,PASS,True,terminal_present,task_T
REPAIR,True,0,119,0.058,29,control,False,IDENT_cf89bb44251a5e92b71b,missing_sham,2azQ1b91cZZ,PASS,REPAIR_1210,IDENT_cf89bb44251a5e92b71b,research/continuation_memory_v1/evidence_state_policy_v1/event_action_preservation_v1/runs/preserve_001/evaluate/session_gpu7_001/rollouts/0718,True,False,718,True,1210,PASS,True,terminal_present,task_T
ORIGINAL,True,0,119,0.058,29,control,False,IDENT_cf89bb44251a5e92b71b,missing_sham,2azQ1b91cZZ,PASS,ORIGINAL_1211,IDENT_cf89bb44251a5e92b71b,research/continuation_memory_v1/evidence_state_policy_v1/event_action_preservation_v1/runs/preserve_001/evaluate/session_gpu7_001/rollouts/0719,True,False,719,True,1211,PASS,True,terminal_present,task_T
ORIGINAL,True,468,120,1.0,500,main,True,IDENT_dc6aa1eb933efab9666c,seen,2azQ1b91cZZ,UNKNOWN,ORIGINAL_1209,IDENT_dc6aa1eb933efab9666c,research/continuation_memory_v1/evidence_state_policy_v1/event_action_preservation_v1/runs/preserve_001/evaluate/session_gpu0_001/rollouts/0720,True,False,720,False,1209,FAIL,False,terminal_present,task_A
REPAIR,True,468,120,1.0,500,main,True,IDENT_dc6aa1eb933efab9666c,seen,2azQ1b91cZZ,UNKNOWN,REPAIR_1209,IDENT_dc6aa1eb933efab9666c,research/continuation_memory_v1/evidence_state_policy_v1/event_action_preservation_v1/runs/preserve_001/evaluate/session_gpu0_001/rollouts/0721,True,False,721,False,1209,FAIL,False,terminal_present,task_A
ORIGINAL,True,460,120,1.0,500,main,True,IDENT_dc6aa1eb933efab9666c,seen,2azQ1b91cZZ,UNKNOWN,ORIGINAL_1210,IDENT_dc6aa1eb933efab9666c,research/continuation_memory_v1/evidence_state_policy_v1/event_action_preservation_v1/runs/preserve_001/evaluate/session_gpu0_001/rollouts/0722,True,False,722,False,1210,FAIL,False,terminal_present,task_A
REPAIR,True,460,120,1.0,500,main,True,IDENT_dc6aa1eb933efab9666c,seen,2azQ1b91cZZ,UNKNOWN,REPAIR_1210,IDENT_dc6aa1eb933efab9666c,research/continuation_memory_v1/evidence_state_policy_v1/event_action_preservation_v1/runs/preserve_001/evaluate/session_gpu0_001/rollouts/0723,True,False,723,False,1210,FAIL,False,terminal_present,task_A
ORIGINAL,True,2,120,1.0,38,main,False,IDENT_dc6aa1eb933efab9666c,seen,2azQ1b91cZZ,UNKNOWN,ORIGINAL_1211,IDENT_dc6aa1eb933efab9666c,research/continuation_memory_v1/evidence_state_policy_v1/event_action_preservation_v1/runs/preserve_001/evaluate/session_gpu0_001/rollouts/0724,True,False,724,True,1211,FAIL,True,terminal_present,task_A
REPAIR,True,2,120,1.0,38,main,False,IDENT_dc6aa1eb933efab9666c,seen,2azQ1b91cZZ,UNKNOWN,REPAIR_1211,IDENT_dc6aa1eb933efab9666c,research/continuation_memory_v1/evidence_state_policy_v1/event_action_preservation_v1/runs/preserve_001/evaluate/session_gpu0_001/rollouts/0725,True,False,725,True,1211,FAIL,True,terminal_present,task_A
REPAIR,True,468,121,1.0,500,control,True,IDENT_dc6aa1eb933efab9666c,seen,2azQ1b91cZZ,UNKNOWN,REPAIR_1209,IDENT_dc6aa1eb933efab9666c,research/continuation_memory_v1/evidence_state_policy_v1/event_action_preservation_v1/runs/preserve_001/evaluate/session_gpu1_001/rollouts/0726,True,False,726,False,1209,FAIL,False,terminal_present,task_T
ORIGINAL,True,452,121,1.0,500,control,True,IDENT_dc6aa1eb933efab9666c,seen,2azQ1b91cZZ,UNKNOWN,ORIGINAL_1210,IDENT_dc6aa1eb933efab9666c,research/continuation_memory_v1/evidence_state_policy_v1/event_action_preservation_v1/runs/preserve_001/evaluate/session_gpu1_001/rollouts/0727,True,False,727,False,1210,FAIL,False,terminal_present,task_T
REPAIR,True,451,121,1.0,500,control,True,IDENT_dc6aa1eb933efab9666c,seen,2azQ1b91cZZ,UNKNOWN,REPAIR_1210,IDENT_dc6aa1eb933efab9666c,research/continuation_memory_v1/evidence_state_policy_v1/event_action_preservation_v1/runs/preserve_001/evaluate/session_gpu1_001/rollouts/0728,True,False,728,False,1210,FAIL,False,terminal_present,task_T
ORIGINAL,True,2,121,1.0,38,control,False,IDENT_dc6aa1eb933efab9666c,seen,2azQ1b91cZZ,UNKNOWN,ORIGINAL_1211,IDENT_dc6aa1eb933efab9666c,research/continuation_memory_v1/evidence_state_policy_v1/event_action_preservation_v1/runs/preserve_001/evaluate/session_gpu1_001/rollouts/0729,True,False,729,True,1211,FAIL,True,terminal_present,task_T
REPAIR,True,2,121,1.0,38,control,False,IDENT_dc6aa1eb933efab9666c,seen,2azQ1b91cZZ,UNKNOWN,REPAIR_1211,IDENT_dc6aa1eb933efab9666c,research/continuation_memory_v1/evidence_state_policy_v1/event_action_preservation_v1/runs/preserve_001/evaluate/session_gpu1_001/rollouts/0730,True,False,730,True,1211,FAIL,True,terminal_present,task_T
ORIGINAL,True,467,121,1.0,500,control,True,IDENT_dc6aa1eb933efab9666c,seen,2azQ1b91cZZ,UNKNOWN,ORIGINAL_1209,IDENT_dc6aa1eb933efab9666c,research/continuation_memory_v1/evidence_state_policy_v1/event_action_preservation_v1/runs/preserve_001/evaluate/session_gpu1_001/rollouts/0731,True,False,731,False,1209,FAIL,False,terminal_present,task_T
ORIGINAL,True,460,122,1.0,500,main,True,IDENT_dc6aa1eb933efab9666c,seen_sham,2azQ1b91cZZ,UNKNOWN,ORIGINAL_1210,IDENT_dc6aa1eb933efab9666c,research/continuation_memory_v1/evidence_state_policy_v1/event_action_preservation_v1/runs/preserve_001/evaluate/session_gpu2_001/rollouts/0732,True,False,732,False,1210,FAIL,False,terminal_present,task_A
REPAIR,True,460,122,1.0,500,main,True,IDENT_dc6aa1eb933efab9666c,seen_sham,2azQ1b91cZZ,UNKNOWN,REPAIR_1210,IDENT_dc6aa1eb933efab9666c,research/continuation_memory_v1/evidence_state_policy_v1/event_action_preservation_v1/runs/preserve_001/evaluate/session_gpu2_001/rollouts/0733,True,False,733,False,1210,FAIL,False,terminal_present,task_A
ORIGINAL,True,2,122,1.0,38,main,False,IDENT_dc6aa1eb933efab9666c,seen_sham,2azQ1b91cZZ,UNKNOWN,ORIGINAL_1211,IDENT_dc6aa1eb933efab9666c,research/continuation_memory_v1/evidence_state_policy_v1/event_action_preservation_v1/runs/preserve_001/evaluate/session_gpu2_001/rollouts/0734,True,False,734,True,1211,FAIL,True,terminal_present,task_A
REPAIR,True,2,122,1.0,38,main,False,IDENT_dc6aa1eb933efab9666c,seen_sham,2azQ1b91cZZ,UNKNOWN,REPAIR_1211,IDENT_dc6aa1eb933efab9666c,research/continuation_memory_v1/evidence_state_policy_v1/event_action_preservation_v1/runs/preserve_001/evaluate/session_gpu2_001/rollouts/0735,True,False,735,True,1211,FAIL,True,terminal_present,task_A
ORIGINAL,True,468,122,1.0,500,main,True,IDENT_dc6aa1eb933efab9666c,seen_sham,2azQ1b91cZZ,UNKNOWN,ORIGINAL_1209,IDENT_dc6aa1eb933efab9666c,research/continuation_memory_v1/evidence_state_policy_v1/event_action_preservation_v1/runs/preserve_001/evaluate/session_gpu2_001/rollouts/0736,True,False,736,False,1209,FAIL,False,terminal_present,task_A
REPAIR,True,468,122,1.0,500,main,True,IDENT_dc6aa1eb933efab9666c,seen_sham,2azQ1b91cZZ,UNKNOWN,REPAIR_1209,IDENT_dc6aa1eb933efab9666c,research/continuation_memory_v1/evidence_state_policy_v1/event_action_preservation_v1/runs/preserve_001/evaluate/session_gpu2_001/rollouts/0737,True,False,737,False,1209,FAIL,False,terminal_present,task_A
REPAIR,True,451,123,1.0,500,control,True,IDENT_dc6aa1eb933efab9666c,seen_sham,2azQ1b91cZZ,UNKNOWN,REPAIR_1210,IDENT_dc6aa1eb933efab9666c,research/continuation_memory_v1/evidence_state_policy_v1/event_action_preservation_v1/runs/preserve_001/evaluate/session_gpu3_001/rollouts/0738,True,False,738,False,1210,FAIL,False,terminal_present,task_T
ORIGINAL,True,2,123,1.0,38,control,False,IDENT_dc6aa1eb933efab9666c,seen_sham,2azQ1b91cZZ,UNKNOWN,ORIGINAL_1211,IDENT_dc6aa1eb933efab9666c,research/continuation_memory_v1/evidence_state_policy_v1/event_action_preservation_v1/runs/preserve_001/evaluate/session_gpu3_001/rollouts/0739,True,False,739,True,1211,FAIL,True,terminal_present,task_T
REPAIR,True,2,123,1.0,38,control,False,IDENT_dc6aa1eb933efab9666c,seen_sham,2azQ1b91cZZ,UNKNOWN,REPAIR_1211,IDENT_dc6aa1eb933efab9666c,research/continuation_memory_v1/evidence_state_policy_v1/event_action_preservation_v1/runs/preserve_001/evaluate/session_gpu3_001/rollouts/0740,True,False,740,True,1211,FAIL,True,terminal_present,task_T
ORIGINAL,True,467,123,1.0,500,control,True,IDENT_dc6aa1eb933efab9666c,seen_sham,2azQ1b91cZZ,UNKNOWN,ORIGINAL_1209,IDENT_dc6aa1eb933efab9666c,research/continuation_memory_v1/evidence_state_policy_v1/event_action_preservation_v1/runs/preserve_001/evaluate/session_gpu3_001/rollouts/0741,True,False,741,False,1209,FAIL,False,terminal_present,task_T
REPAIR,True,468,123,1.0,500,control,True,IDENT_dc6aa1eb933efab9666c,seen_sham,2azQ1b91cZZ,UNKNOWN,REPAIR_1209,IDENT_dc6aa1eb933efab9666c,research/continuation_memory_v1/evidence_state_policy_v1/event_action_preservation_v1/runs/preserve_001/evaluate/session_gpu3_001/rollouts/0742,True,False,742,False,1209,FAIL,False,terminal_present,task_T
ORIGINAL,True,452,123,1.0,500,control,True,IDENT_dc6aa1eb933efab9666c,seen_sham,2azQ1b91cZZ,UNKNOWN,ORIGINAL_1210,IDENT_dc6aa1eb933efab9666c,research/continuation_memory_v1/evidence_state_policy_v1/event_action_preservation_v1/runs/preserve_001/evaluate/session_gpu3_001/rollouts/0743,True,False,743,False,1210,FAIL,False,terminal_present,task_T
ORIGINAL,True,2,124,1.0,38,main,False,IDENT_dc6aa1eb933efab9666c,missing,2azQ1b91cZZ,UNKNOWN,ORIGINAL_1211,IDENT_dc6aa1eb933efab9666c,research/continuation_memory_v1/evidence_state_policy_v1/event_action_preservation_v1/runs/preserve_001/evaluate/session_gpu4_001/rollouts/0744,True,False,744,True,1211,FAIL,True,terminal_present,task_A
REPAIR,True,2,124,1.0,38,main,False,IDENT_dc6aa1eb933efab9666c,missing,2azQ1b91cZZ,UNKNOWN,REPAIR_1211,IDENT_dc6aa1eb933efab9666c,research/continuation_memory_v1/evidence_state_policy_v1/event_action_preservation_v1/runs/preserve_001/evaluate/session_gpu4_001/rollouts/0745,True,False,745,True,1211,FAIL,True,terminal_present,task_A
ORIGINAL,True,468,124,1.0,500,main,True,IDENT_dc6aa1eb933efab9666c,missing,2azQ1b91cZZ,UNKNOWN,ORIGINAL_1209,IDENT_dc6aa1eb933efab9666c,research/continuation_memory_v1/evidence_state_policy_v1/event_action_preservation_v1/runs/preserve_001/evaluate/session_gpu4_001/rollouts/0746,True,False,746,False,1209,FAIL,False,terminal_present,task_A
REPAIR,True,468,124,1.0,500,main,True,IDENT_dc6aa1eb933efab9666c,missing,2azQ1b91cZZ,UNKNOWN,REPAIR_1209,IDENT_dc6aa1eb933efab9666c,research/continuation_memory_v1/evidence_state_policy_v1/event_action_preservation_v1/runs/preserve_001/evaluate/session_gpu4_001/rollouts/0747,True,False,747,False,1209,FAIL,False,terminal_present,task_A
ORIGINAL,True,460,124,1.0,500,main,True,IDENT_dc6aa1eb933efab9666c,missing,2azQ1b91cZZ,UNKNOWN,ORIGINAL_1210,IDENT_dc6aa1eb933efab9666c,research/continuation_memory_v1/evidence_state_policy_v1/event_action_preservation_v1/runs/preserve_001/evaluate/session_gpu4_001/rollouts/0748,True,False,748,False,1210,FAIL,False,terminal_present,task_A
REPAIR,True,460,124,1.0,500,main,True,IDENT_dc6aa1eb933efab9666c,missing,2azQ1b91cZZ,UNKNOWN,REPAIR_1210,IDENT_dc6aa1eb933efab9666c,research/continuation_memory_v1/evidence_state_policy_v1/event_action_preservation_v1/runs/preserve_001/evaluate/session_gpu4_001/rollouts/0749,True,False,749,False,1210,FAIL,False,terminal_present,task_A
REPAIR,True,2,125,1.0,38,control,False,IDENT_dc6aa1eb933efab9666c,missing,2azQ1b91cZZ,UNKNOWN,REPAIR_1211,IDENT_dc6aa1eb933efab9666c,research/continuation_memory_v1/evidence_state_policy_v1/event_action_preservation_v1/runs/preserve_001/evaluate/session_gpu5_001/rollouts/0750,True,False,750,True,1211,FAIL,True,terminal_present,task_T
ORIGINAL,True,468,125,1.0,500,control,True,IDENT_dc6aa1eb933efab9666c,missing,2azQ1b91cZZ,UNKNOWN,ORIGINAL_1209,IDENT_dc6aa1eb933efab9666c,research/continuation_memory_v1/evidence_state_policy_v1/event_action_preservation_v1/runs/preserve_001/evaluate/session_gpu5_001/rollouts/0751,True,False,751,False,1209,FAIL,False,terminal_present,task_T
REPAIR,True,468,125,1.0,500,control,True,IDENT_dc6aa1eb933efab9666c,missing,2azQ1b91cZZ,UNKNOWN,REPAIR_1209,IDENT_dc6aa1eb933efab9666c,research/continuation_memory_v1/evidence_state_policy_v1/event_action_preservation_v1/runs/preserve_001/evaluate/session_gpu5_001/rollouts/0752,True,False,752,False,1209,FAIL,False,terminal_present,task_T
ORIGINAL,True,1,125,1.0,57,control,False,IDENT_dc6aa1eb933efab9666c,missing,2azQ1b91cZZ,UNKNOWN,ORIGINAL_1210,IDENT_dc6aa1eb933efab9666c,research/continuation_memory_v1/evidence_state_policy_v1/event_action_preservation_v1/runs/preserve_001/evaluate/session_gpu5_001/rollouts/0753,True,False,753,True,1210,FAIL,True,terminal_present,task_T
REPAIR,True,1,125,1.0,57,control,False,IDENT_dc6aa1eb933efab9666c,missing,2azQ1b91cZZ,UNKNOWN,REPAIR_1210,IDENT_dc6aa1eb933efab9666c,research/continuation_memory_v1/evidence_state_policy_v1/event_action_preservation_v1/runs/preserve_001/evaluate/session_gpu5_001/rollouts/0754,True,False,754,True,1210,FAIL,True,terminal_present,task_T
ORIGINAL,True,2,125,1.0,38,control,False,IDENT_dc6aa1eb933efab9666c,missing,2azQ1b91cZZ,UNKNOWN,ORIGINAL_1211,IDENT_dc6aa1eb933efab9666c,research/continuation_memory_v1/evidence_state_policy_v1/event_action_preservation_v1/runs/preserve_001/evaluate/session_gpu5_001/rollouts/0755,True,False,755,True,1211,FAIL,True,terminal_present,task_T
ORIGINAL,True,468,126,1.0,500,main,True,IDENT_dc6aa1eb933efab9666c,missing_sham,2azQ1b91cZZ,UNKNOWN,ORIGINAL_1209,IDENT_dc6aa1eb933efab9666c,research/continuation_memory_v1/evidence_state_policy_v1/event_action_preservation_v1/runs/preserve_001/evaluate/session_gpu6_001/rollouts/0756,True,False,756,False,1209,FAIL,False,terminal_present,task_A
REPAIR,True,468,126,1.0,500,main,True,IDENT_dc6aa1eb933efab9666c,missing_sham,2azQ1b91cZZ,UNKNOWN,REPAIR_1209,IDENT_dc6aa1eb933efab9666c,research/continuation_memory_v1/evidence_state_policy_v1/event_action_preservation_v1/runs/preserve_001/evaluate/session_gpu6_001/rollouts/0757,True,False,757,False,1209,FAIL,False,terminal_present,task_A
ORIGINAL,True,460,126,1.0,500,main,True,IDENT_dc6aa1eb933efab9666c,missing_sham,2azQ1b91cZZ,UNKNOWN,ORIGINAL_1210,IDENT_dc6aa1eb933efab9666c,research/continuation_memory_v1/evidence_state_policy_v1/event_action_preservation_v1/runs/preserve_001/evaluate/session_gpu6_001/rollouts/0758,True,False,758,False,1210,FAIL,False,terminal_present,task_A
REPAIR,True,460,126,1.0,500,main,True,IDENT_dc6aa1eb933efab9666c,missing_sham,2azQ1b91cZZ,UNKNOWN,REPAIR_1210,IDENT_dc6aa1eb933efab9666c,research/continuation_memory_v1/evidence_state_policy_v1/event_action_preservation_v1/runs/preserve_001/evaluate/session_gpu6_001/rollouts/0759,True,False,759,False,1210,FAIL,False,terminal_present,task_A
ORIGINAL,True,2,126,1.0,38,main,False,IDENT_dc6aa1eb933efab9666c,missing_sham,2azQ1b91cZZ,UNKNOWN,ORIGINAL_1211,IDENT_dc6aa1eb933efab9666c,research/continuation_memory_v1/evidence_state_policy_v1/event_action_preservation_v1/runs/preserve_001/evaluate/session_gpu6_001/rollouts/0760,True,False,760,True,1211,FAIL,True,terminal_present,task_A
REPAIR,True,2,126,1.0,38,main,False,IDENT_dc6aa1eb933efab9666c,missing_sham,2azQ1b91cZZ,UNKNOWN,REPAIR_1211,IDENT_dc6aa1eb933efab9666c,research/continuation_memory_v1/evidence_state_policy_v1/event_action_preservation_v1/runs/preserve_001/evaluate/session_gpu6_001/rollouts/0761,True,False,761,True,1211,FAIL,True,terminal_present,task_A
REPAIR,True,468,127,1.0,500,control,True,IDENT_dc6aa1eb933efab9666c,missing_sham,2azQ1b91cZZ,UNKNOWN,REPAIR_1209,IDENT_dc6aa1eb933efab9666c,research/continuation_memory_v1/evidence_state_policy_v1/event_action_preservation_v1/runs/preserve_001/evaluate/session_gpu7_001/rollouts/0762,True,False,762,False,1209,FAIL,False,terminal_present,task_T
ORIGINAL,True,452,127,1.0,500,control,True,IDENT_dc6aa1eb933efab9666c,missing_sham,2azQ1b91cZZ,UNKNOWN,ORIGINAL_1210,IDENT_dc6aa1eb933efab9666c,research/continuation_memory_v1/evidence_state_policy_v1/event_action_preservation_v1/runs/preserve_001/evaluate/session_gpu7_001/rollouts/0763,True,False,763,False,1210,FAIL,False,terminal_present,task_T
REPAIR,True,451,127,1.0,500,control,True,IDENT_dc6aa1eb933efab9666c,missing_sham,2azQ1b91cZZ,UNKNOWN,REPAIR_1210,IDENT_dc6aa1eb933efab9666c,research/continuation_memory_v1/evidence_state_policy_v1/event_action_preservation_v1/runs/preserve_001/evaluate/session_gpu7_001/rollouts/0764,True,False,764,False,1210,FAIL,False,terminal_present,task_T
ORIGINAL,True,2,127,1.0,38,control,False,IDENT_dc6aa1eb933efab9666c,missing_sham,2azQ1b91cZZ,UNKNOWN,ORIGINAL_1211,IDENT_dc6aa1eb933efab9666c,research/continuation_memory_v1/evidence_state_policy_v1/event_action_preservation_v1/runs/preserve_001/evaluate/session_gpu7_001/rollouts/0765,True,False,765,True,1211,FAIL,True,terminal_present,task_T
REPAIR,True,2,127,1.0,38,control,False,IDENT_dc6aa1eb933efab9666c,missing_sham,2azQ1b91cZZ,UNKNOWN,REPAIR_1211,IDENT_dc6aa1eb933efab9666c,research/continuation_memory_v1/evidence_state_policy_v1/event_action_preservation_v1/runs/preserve_001/evaluate/session_gpu7_001/rollouts/0766,True,False,766,True,1211,FAIL,True,terminal_present,task_T
ORIGINAL,True,467,127,1.0,500,control,True,IDENT_dc6aa1eb933efab9666c,missing_sham,2azQ1b91cZZ,UNKNOWN,ORIGINAL_1209,IDENT_dc6aa1eb933efab9666c,research/continuation_memory_v1/evidence_state_policy_v1/event_action_preservation_v1/runs/preserve_001/evaluate/session_gpu7_001/rollouts/0767,True,False,767,False,1209,FAIL,False,terminal_present,task_T
